Time (hrs),Zone Temp (C),Outside Temp (C),HVAC Power (W),Fabric Loss (W),Air Exchange Loss (W),Solar Gains (W),Internal Gains (W),Window State (0-1)
0.0000,19.7560,0.0000,24403.1757,1775.8547,438.2328,0.0000,0.0000,0.0000
0.0167,19.7620,0.0000,23797.4687,1779.6222,438.3672,0.0000,0.0000,0.0000
0.0333,19.7663,0.0000,23365.2887,1782.6512,438.4630,0.0000,0.0000,0.0000
0.0500,19.7694,0.0000,23059.3471,1785.0736,438.5309,0.0000,0.0000,0.0000
0.0667,19.7716,0.0000,22841.6448,1787.0029,438.5792,0.0000,0.0000,0.0000
0.0833,19.7731,0.0000,22687.0869,1788.5060,438.6135,0.0000,0.0000,0.0000
0.1000,19.7742,0.0000,22577.5238,1789.6335,438.6378,0.0000,0.0000,0.0000
0.1167,19.7750,0.0000,22499.8403,1790.4261,438.6550,0.0000,0.0000,0.0000
0.1333,19.7755,0.0000,22445.5876,1790.9082,438.6671,0.0000,0.0000,0.0000
0.1500,19.7759,0.0000,22406.3707,1791.1278,438.6758,0.0000,0.0000,0.0000
0.1667,19.7762,0.0000,22377.5538,1791.1090,438.6821,0.0000,0.0000,0.0000
0.1833,19.7764,0.0000,22355.7915,1790.8732,438.6870,0.0000,0.0000,0.0000
0.2000,19.7766,0.0000,22338.6794,1790.4392,438.6908,0.0000,0.0000,0.0000
0.2167,19.7768,0.0000,22324.4985,1789.8243,438.6939,0.0000,0.0000,0.0000
0.2333,19.7769,0.0000,22312.0287,1789.0440,438.6967,0.0000,0.0000,0.0000
0.2500,19.7770,0.0000,22300.4120,1788.1123,438.6993,0.0000,0.0000,0.0000
0.2667,19.7771,0.0000,22289.0533,1787.0424,438.7018,0.0000,0.0000,0.0000
0.2833,19.7772,0.0000,22277.5475,1785.8460,438.7043,0.0000,0.0000,0.0000
0.3000,19.7773,0.0000,22265.6268,1784.5341,438.7070,0.0000,0.0000,0.0000
0.3167,19.7775,0.0000,22253.1216,1783.1171,438.7097,0.0000,0.0000,0.0000
0.3333,19.7776,0.0000,22239.9327,1781.6044,438.7127,0.0000,0.0000,0.0000
0.3500,19.7777,0.0000,22226.0111,1780.0048,438.7158,0.0000,0.0000,0.0000
0.3667,19.7779,0.0000,22211.3425,1778.3265,438.7190,0.0000,0.0000,0.0000
0.3833,19.7780,0.0000,22195.9369,1776.5774,438.7224,0.0000,0.0000,0.0000
0.4000,19.7782,0.0000,22179.8207,1774.7645,438.7260,0.0000,0.0000,0.0000
0.4167,19.7784,0.0000,22163.0312,1772.8945,438.7297,0.0000,0.0000,0.0000
0.4333,19.7785,0.0000,22145.6122,1770.9737,438.7336,0.0000,0.0000,0.0000
0.4500,19.7787,0.0000,22127.6115,1769.0079,438.7376,0.0000,0.0000,0.0000
0.4667,19.7789,0.0000,22109.0784,1767.0025,438.7417,0.0000,0.0000,0.0000
0.4833,19.7791,0.0000,22090.0627,1764.9626,438.7459,0.0000,0.0000,0.0000
0.5000,19.7793,0.0000,22070.6136,1762.8930,438.7502,0.0000,0.0000,0.0000
0.5167,19.7795,0.0000,22050.7787,1760.7979,438.7546,0.0000,0.0000,0.0000
0.5333,19.7797,0.0000,22030.6041,1758.6816,438.7591,0.0000,0.0000,0.0000
0.5500,19.7799,0.0000,22010.1337,1756.5479,438.7636,0.0000,0.0000,0.0000
0.5667,19.7801,0.0000,21989.4093,1754.4004,438.7682,0.0000,0.0000,0.0000
0.5833,19.7803,0.0000,21968.4704,1752.2423,438.7729,0.0000,0.0000,0.0000
0.6000,19.7805,0.0000,21947.3539,1750.0768,438.7776,0.0000,0.0000,0.0000
0.6167,19.7807,0.0000,21926.0947,1747.9066,438.7823,0.0000,0.0000,0.0000
0.6333,19.7810,0.0000,21904.7251,1745.7343,438.7870,0.0000,0.0000,0.0000
0.6500,19.7812,0.0000,21883.2754,1743.5624,438.7918,0.0000,0.0000,0.0000
0.6667,19.7814,0.0000,21861.7738,1741.3932,438.7966,0.0000,0.0000,0.0000
0.6833,19.7816,0.0000,21840.2468,1739.2288,438.8013,0.0000,0.0000,0.0000
0.7000,19.7818,0.0000,21818.7187,1737.0711,438.8061,0.0000,0.0000,0.0000
0.7167,19.7820,0.0000,21797.2127,1734.9220,438.8109,0.0000,0.0000,0.0000
0.7333,19.7822,0.0000,21775.7501,1732.7831,438.8156,0.0000,0.0000,0.0000
0.7500,19.7825,0.0000,21754.3508,1730.6562,438.8204,0.0000,0.0000,0.0000
0.7667,19.7827,0.0000,21733.0335,1728.5427,438.8251,0.0000,0.0000,0.0000
0.7833,19.7829,0.0000,21711.8155,1726.4439,438.8298,0.0000,0.0000,0.0000
0.8000,19.7831,0.0000,21692.4140,1724.4871,438.8341,0.0000,0.0000,0.0000
0.8167,19.7833,0.0000,21673.0248,1722.5480,438.8384,0.0000,0.0000,0.0000
0.8333,19.7835,0.0000,21653.6875,1720.6262,438.8427,0.0000,0.0000,0.0000
0.8500,19.7837,0.0000,21634.4326,1718.7218,438.8470,0.0000,0.0000,0.0000
0.8667,19.7838,0.0000,21615.2844,1716.8355,438.8512,0.0000,0.0000,0.0000
0.8833,19.7840,0.0000,21596.2623,1714.9677,438.8555,0.0000,0.0000,0.0000
0.9000,19.7842,0.0000,21577.3823,1713.1190,438.8596,0.0000,0.0000,0.0000
0.9167,19.7844,0.0000,21558.6579,1711.2899,438.8638,0.0000,0.0000,0.0000
0.9333,19.7846,0.0000,21540.1002,1709.4810,438.8679,0.0000,0.0000,0.0000
0.9500,19.7848,0.0000,21521.7189,1707.6927,438.8720,0.0000,0.0000,0.0000
0.9667,19.7850,0.0000,21503.5221,1705.9253,438.8760,0.0000,0.0000,0.0000
0.9833,19.7851,0.0000,21485.5168,1704.1793,438.8800,0.0000,0.0000,0.0000
1.0000,19.7853,0.0000,21467.7091,1702.4549,438.8840,0.0000,0.0000,0.0000
1.0167,19.7855,0.0000,21450.1042,1700.7524,438.8879,0.0000,0.0000,0.0000
1.0333,19.7857,0.0000,21432.7066,1699.0721,438.8917,0.0000,0.0000,0.0000
1.0500,19.7858,0.0000,21415.5204,1697.4142,438.8955,0.0000,0.0000,0.0000
1.0667,19.7860,0.0000,21398.5487,1695.7787,438.8993,0.0000,0.0000,0.0000
1.0833,19.7862,0.0000,21381.7945,1694.1660,438.9030,0.0000,0.0000,0.0000
1.1000,19.7863,0.0000,21365.2602,1692.5760,438.9067,0.0000,0.0000,0.0000
1.1167,19.7865,0.0000,21348.9477,1691.0088,438.9103,0.0000,0.0000,0.0000
1.1333,19.7867,0.0000,21332.8587,1689.4645,438.9139,0.0000,0.0000,0.0000
1.1500,19.7868,0.0000,21316.9944,1687.9432,438.9174,0.0000,0.0000,0.0000
1.1667,19.7870,0.0000,21301.3558,1686.4447,438.9209,0.0000,0.0000,0.0000
1.1833,19.7871,0.0000,21285.9436,1684.9691,438.9243,0.0000,0.0000,0.0000
1.2000,19.7873,0.0000,21270.7581,1683.5164,438.9277,0.0000,0.0000,0.0000
1.2167,19.7874,0.0000,21255.7994,1682.0864,438.9310,0.0000,0.0000,0.0000
1.2333,19.7876,0.0000,21241.0675,1680.6792,438.9342,0.0000,0.0000,0.0000
1.2500,19.7877,0.0000,21226.5621,1679.2945,438.9375,0.0000,0.0000,0.0000
1.2667,19.7879,0.0000,21212.2825,1677.9323,438.9406,0.0000,0.0000,0.0000
1.2833,19.7880,0.0000,21198.2282,1676.5924,438.9437,0.0000,0.0000,0.0000
1.3000,19.7882,0.0000,21184.3982,1675.2748,438.9468,0.0000,0.0000,0.0000
1.3167,19.7883,0.0000,21170.7914,1673.9792,438.9498,0.0000,0.0000,0.0000
1.3333,19.7884,0.0000,21157.4067,1672.7055,438.9528,0.0000,0.0000,0.0000
1.3500,19.7886,0.0000,21144.2427,1671.4535,438.9557,0.0000,0.0000,0.0000
1.3667,19.7887,0.0000,21131.2979,1670.2231,438.9586,0.0000,0.0000,0.0000
1.3833,19.7888,0.0000,21118.5708,1669.0139,438.9614,0.0000,0.0000,0.0000
1.4000,19.7889,0.0000,21106.0595,1667.8259,438.9642,0.0000,0.0000,0.0000
1.4167,19.7891,0.0000,21093.7625,1666.6588,438.9669,0.0000,0.0000,0.0000
1.4333,19.7892,0.0000,21081.6776,1665.5123,438.9696,0.0000,0.0000,0.0000
1.4500,19.7893,0.0000,21069.8030,1664.3864,438.9722,0.0000,0.0000,0.0000
1.4667,19.7894,0.0000,21058.1366,1663.2807,438.9748,0.0000,0.0000,0.0000
1.4833,19.7895,0.0000,21046.6762,1662.1949,438.9774,0.0000,0.0000,0.0000
1.5000,19.7896,0.0000,21035.4196,1661.1290,438.9799,0.0000,0.0000,0.0000
1.5167,19.7898,0.0000,21024.3647,1660.0825,438.9823,0.0000,0.0000,0.0000
1.5333,19.7899,0.0000,21013.5090,1659.0553,438.9847,0.0000,0.0000,0.0000
1.5500,19.7900,0.0000,21002.8502,1658.0471,438.9871,0.0000,0.0000,0.0000
1.5667,19.7901,0.0000,20992.3859,1657.0577,438.9894,0.0000,0.0000,0.0000
1.5833,19.7902,0.0000,20984.7488,1656.3045,438.9911,0.0000,0.0000,0.0000
1.6000,19.7902,0.0000,20977.1601,1655.5636,438.9928,0.0000,0.0000,0.0000
1.6167,19.7903,0.0000,20969.6326,1654.8343,438.9945,0.0000,0.0000,0.0000
1.6333,19.7904,0.0000,20962.1759,1654.1161,438.9961,0.0000,0.0000,0.0000
1.6500,19.7905,0.0000,20954.7971,1653.4088,438.9977,0.0000,0.0000,0.0000
1.6667,19.7905,0.0000,20947.5016,1652.7121,438.9994,0.0000,0.0000,0.0000
1.6833,19.7906,0.0000,20940.2935,1652.0259,439.0010,0.0000,0.0000,0.0000
1.7000,19.7907,0.0000,20933.1756,1651.3500,439.0025,0.0000,0.0000,0.0000
1.7167,19.7907,0.0000,20926.1500,1650.6843,439.0041,0.0000,0.0000,0.0000
1.7333,19.7908,0.0000,20919.2183,1650.0286,439.0056,0.0000,0.0000,0.0000
1.7500,19.7909,0.0000,20912.3812,1649.3827,439.0072,0.0000,0.0000,0.0000
1.7667,19.7909,0.0000,20905.6393,1648.7466,439.0086,0.0000,0.0000,0.0000
1.7833,19.7910,0.0000,20898.9928,1648.1202,439.0101,0.0000,0.0000,0.0000
1.8000,19.7911,0.0000,20892.4416,1647.5033,439.0116,0.0000,0.0000,0.0000
1.8167,19.7911,0.0000,20885.9853,1646.8957,439.0130,0.0000,0.0000,0.0000
1.8333,19.7912,0.0000,20879.6234,1646.2974,439.0144,0.0000,0.0000,0.0000
1.8500,19.7913,0.0000,20873.3554,1645.7083,439.0158,0.0000,0.0000,0.0000
1.8667,19.7913,0.0000,20867.1806,1645.1283,439.0172,0.0000,0.0000,0.0000
1.8833,19.7914,0.0000,20861.0980,1644.5571,439.0185,0.0000,0.0000,0.0000
1.9000,19.7914,0.0000,20855.1070,1643.9948,439.0199,0.0000,0.0000,0.0000
1.9167,19.7915,0.0000,20849.2064,1643.4411,439.0212,0.0000,0.0000,0.0000
1.9333,19.7916,0.0000,20843.3955,1642.8960,439.0225,0.0000,0.0000,0.0000
1.9500,19.7916,0.0000,20837.6731,1642.3594,439.0237,0.0000,0.0000,0.0000
1.9667,19.7917,0.0000,20832.0384,1641.8312,439.0250,0.0000,0.0000,0.0000
1.9833,19.7917,0.0000,20826.4902,1641.3112,439.0262,0.0000,0.0000,0.0000
2.0000,19.7918,0.0000,20818.5256,1640.6086,439.0280,0.0000,0.0000,0.0000
2.0167,19.7919,0.0000,20811.4605,1639.9623,439.0295,0.0000,0.0000,0.0000
2.0333,19.7920,0.0000,20804.5854,1639.3311,439.0311,0.0000,0.0000,0.0000
2.0500,19.7920,0.0000,20797.8930,1638.7161,439.0325,0.0000,0.0000,0.0000
2.0667,19.7921,0.0000,20791.3795,1638.1178,439.0340,0.0000,0.0000,0.0000
2.0833,19.7921,0.0000,20785.0432,1637.5369,439.0354,0.0000,0.0000,0.0000
2.1000,19.7922,0.0000,20778.8834,1636.9734,439.0368,0.0000,0.0000,0.0000
2.1167,19.7923,0.0000,20772.8995,1636.4273,439.0381,0.0000,0.0000,0.0000
2.1333,19.7923,0.0000,20767.0904,1635.8984,439.0394,0.0000,0.0000,0.0000
2.1500,19.7924,0.0000,20762.8951,1635.5015,439.0403,0.0000,0.0000,0.0000
2.1667,19.7924,0.0000,20758.7663,1635.1151,439.0412,0.0000,0.0000,0.0000
2.1833,19.7925,0.0000,20754.7101,1634.7386,439.0421,0.0000,0.0000,0.0000
2.2000,19.7925,0.0000,20750.7310,1634.3718,439.0430,0.0000,0.0000,0.0000
2.2167,19.7925,0.0000,20746.8318,1634.0142,439.0439,0.0000,0.0000,0.0000
2.2333,19.7926,0.0000,20743.0143,1633.6655,439.0447,0.0000,0.0000,0.0000
2.2500,19.7926,0.0000,20739.2793,1633.3255,439.0456,0.0000,0.0000,0.0000
2.2667,19.7926,0.0000,20735.6271,1632.9939,439.0464,0.0000,0.0000,0.0000
2.2833,19.7927,0.0000,20732.0574,1632.6705,439.0472,0.0000,0.0000,0.0000
2.3000,19.7927,0.0000,20728.5694,1632.3549,439.0479,0.0000,0.0000,0.0000
2.3167,19.7927,0.0000,20725.1621,1632.0471,439.0487,0.0000,0.0000,0.0000
2.3333,19.7928,0.0000,20721.8342,1631.7466,439.0494,0.0000,0.0000,0.0000
2.3500,19.7928,0.0000,20718.5843,1631.4534,439.0501,0.0000,0.0000,0.0000
2.3667,19.7928,0.0000,20715.4108,1631.1672,439.0508,0.0000,0.0000,0.0000
2.3833,19.7929,0.0000,20712.3119,1630.8877,439.0515,0.0000,0.0000,0.0000
2.4000,19.7929,0.0000,20709.2861,1630.6149,439.0522,0.0000,0.0000,0.0000
2.4167,19.7929,0.0000,20706.3314,1630.3485,439.0529,0.0000,0.0000,0.0000
2.4333,19.7930,0.0000,20703.4461,1630.0883,439.0535,0.0000,0.0000,0.0000
2.4500,19.7930,0.0000,20700.6285,1629.8341,439.0541,0.0000,0.0000,0.0000
2.4667,19.7930,0.0000,20697.8768,1629.5857,439.0547,0.0000,0.0000,0.0000
2.4833,19.7930,0.0000,20695.1892,1629.3431,439.0553,0.0000,0.0000,0.0000
2.5000,19.7931,0.0000,20692.5639,1629.1060,439.0559,0.0000,0.0000,0.0000
2.5167,19.7931,0.0000,20689.9994,1628.8743,439.0565,0.0000,0.0000,0.0000
2.5333,19.7931,0.0000,20687.4939,1628.6478,439.0570,0.0000,0.0000,0.0000
2.5500,19.7931,0.0000,20685.0458,1628.4265,439.0576,0.0000,0.0000,0.0000
2.5667,19.7932,0.0000,20682.6536,1628.2100,439.0581,0.0000,0.0000,0.0000
2.5833,19.7932,0.0000,20680.3158,1627.9983,439.0586,0.0000,0.0000,0.0000
2.6000,19.7932,0.0000,20678.0308,1627.7914,439.0591,0.0000,0.0000,0.0000
2.6167,19.7932,0.0000,20675.7972,1627.5890,439.0596,0.0000,0.0000,0.0000
2.6333,19.7933,0.0000,20673.6135,1627.3910,439.0601,0.0000,0.0000,0.0000
2.6500,19.7933,0.0000,20671.4786,1627.1973,439.0606,0.0000,0.0000,0.0000
2.6667,19.7933,0.0000,20669.3909,1627.0078,439.0611,0.0000,0.0000,0.0000
2.6833,19.7933,0.0000,20667.3493,1626.8224,439.0615,0.0000,0.0000,0.0000
2.7000,19.7933,0.0000,20665.3525,1626.6409,439.0619,0.0000,0.0000,0.0000
2.7167,19.7934,0.0000,20663.3993,1626.4634,439.0624,0.0000,0.0000,0.0000
2.7333,19.7934,0.0000,20661.4886,1626.2896,439.0628,0.0000,0.0000,0.0000
2.7500,19.7934,0.0000,20659.6192,1626.1195,439.0632,0.0000,0.0000,0.0000
2.7667,19.7934,0.0000,20657.7900,1625.9529,439.0636,0.0000,0.0000,0.0000
2.7833,19.7934,0.0000,20656.0001,1625.7899,439.0640,0.0000,0.0000,0.0000
2.8000,19.7935,0.0000,20654.2483,1625.6302,439.0644,0.0000,0.0000,0.0000
2.8167,19.7935,0.0000,20652.5337,1625.4739,439.0648,0.0000,0.0000,0.0000
2.8333,19.7935,0.0000,20650.8554,1625.3208,439.0652,0.0000,0.0000,0.0000
2.8500,19.7935,0.0000,20649.2123,1625.1708,439.0655,0.0000,0.0000,0.0000
2.8667,19.7935,0.0000,20647.6037,1625.0240,439.0659,0.0000,0.0000,0.0000
2.8833,19.7935,0.0000,20646.0286,1624.8801,439.0662,0.0000,0.0000,0.0000
2.9000,19.7936,0.0000,20644.4863,1624.7392,439.0666,0.0000,0.0000,0.0000
2.9167,19.7936,0.0000,20642.9758,1624.6011,439.0669,0.0000,0.0000,0.0000
2.9333,19.7936,0.0000,20641.4965,1624.4658,439.0672,0.0000,0.0000,0.0000
2.9500,19.7936,0.0000,20640.0475,1624.3332,439.0676,0.0000,0.0000,0.0000
2.9667,19.7936,0.0000,20638.6281,1624.2033,439.0679,0.0000,0.0000,0.0000
2.9833,19.7936,0.0000,20637.2376,1624.0760,439.0682,0.0000,0.0000,0.0000
3.0000,19.7936,0.0000,20635.8753,1623.9513,439.0685,0.0000,0.0000,0.0000
3.0167,19.7937,0.0000,20634.0828,1623.7929,439.0689,0.0000,0.0000,0.0000
3.0333,19.7937,0.0000,20632.3500,1623.6374,439.0693,0.0000,0.0000,0.0000
3.0500,19.7937,0.0000,20630.6671,1623.4839,439.0696,0.0000,0.0000,0.0000
3.0667,19.7937,0.0000,20629.0243,1623.3314,439.0700,0.0000,0.0000,0.0000
3.0833,19.7937,0.0000,20627.4120,1623.1791,439.0704,0.0000,0.0000,0.0000
3.1000,19.7937,0.0000,20625.8215,1623.0262,439.0707,0.0000,0.0000,0.0000
3.1167,19.7938,0.0000,20624.2450,1622.8724,439.0711,0.0000,0.0000,0.0000
3.1333,19.7938,0.0000,20622.6759,1622.7174,439.0714,0.0000,0.0000,0.0000
3.1500,19.7938,0.0000,20621.1088,1622.5609,439.0718,0.0000,0.0000,0.0000
3.1667,19.7938,0.0000,20619.5398,1622.4030,439.0721,0.0000,0.0000,0.0000
3.1833,19.7938,0.0000,20617.9659,1622.2438,439.0725,0.0000,0.0000,0.0000
3.2000,19.7938,0.0000,20616.7942,1622.1195,439.0727,0.0000,0.0000,0.0000
3.2167,19.7938,0.0000,20615.6086,1621.9948,439.0730,0.0000,0.0000,0.0000
3.2333,19.7939,0.0000,20614.4107,1621.8697,439.0732,0.0000,0.0000,0.0000
3.2500,19.7939,0.0000,20613.2024,1621.7441,439.0735,0.0000,0.0000,0.0000
3.2667,19.7939,0.0000,20611.9849,1621.6183,439.0738,0.0000,0.0000,0.0000
3.2833,19.7939,0.0000,20610.7596,1621.4922,439.0741,0.0000,0.0000,0.0000
3.3000,19.7939,0.0000,20609.5277,1621.3660,439.0743,0.0000,0.0000,0.0000
3.3167,19.7939,0.0000,20608.2904,1621.2397,439.0746,0.0000,0.0000,0.0000
3.3333,19.7939,0.0000,20607.0488,1621.1134,439.0749,0.0000,0.0000,0.0000
3.3500,19.7939,0.0000,20605.8039,1620.9872,439.0752,0.0000,0.0000,0.0000
3.3667,19.7940,0.0000,20604.5567,1620.8612,439.0754,0.0000,0.0000,0.0000
3.3833,19.7940,0.0000,20603.3081,1620.7355,439.0757,0.0000,0.0000,0.0000
3.4000,19.7940,0.0000,20602.0592,1620.6101,439.0760,0.0000,0.0000,0.0000
3.4167,19.7940,0.0000,20600.8106,1620.4852,439.0763,0.0000,0.0000,0.0000
3.4333,19.7940,0.0000,20599.5633,1620.3607,439.0765,0.0000,0.0000,0.0000
3.4500,19.7940,0.0000,20598.3182,1620.2367,439.0768,0.0000,0.0000,0.0000
3.4667,19.7940,0.0000,20597.0758,1620.1133,439.0771,0.0000,0.0000,0.0000
3.4833,19.7940,0.0000,20595.8370,1619.9907,439.0774,0.0000,0.0000,0.0000
3.5000,19.7941,0.0000,20594.6024,1619.8687,439.0776,0.0000,0.0000,0.0000
3.5167,19.7941,0.0000,20593.3728,1619.7475,439.0779,0.0000,0.0000,0.0000
3.5333,19.7941,0.0000,20592.1487,1619.6271,439.0782,0.0000,0.0000,0.0000
3.5500,19.7941,0.0000,20590.9308,1619.5075,439.0785,0.0000,0.0000,0.0000
3.5667,19.7941,0.0000,20589.7195,1619.3889,439.0787,0.0000,0.0000,0.0000
3.5833,19.7941,0.0000,20588.5154,1619.2712,439.0790,0.0000,0.0000,0.0000
3.6000,19.7941,0.0000,20587.3191,1619.1545,439.0793,0.0000,0.0000,0.0000
3.6167,19.7941,0.0000,20586.1310,1619.0389,439.0795,0.0000,0.0000,0.0000
3.6333,19.7942,0.0000,20584.9515,1618.9242,439.0798,0.0000,0.0000,0.0000
3.6500,19.7942,0.0000,20583.7811,1618.8107,439.0800,0.0000,0.0000,0.0000
3.6667,19.7942,0.0000,20582.6202,1618.6983,439.0803,0.0000,0.0000,0.0000
3.6833,19.7942,0.0000,20581.4690,1618.5870,439.0806,0.0000,0.0000,0.0000
3.7000,19.7942,0.0000,20580.3281,1618.4768,439.0808,0.0000,0.0000,0.0000
3.7167,19.7942,0.0000,20579.1976,1618.3679,439.0811,0.0000,0.0000,0.0000
3.7333,19.7942,0.0000,20578.0779,1618.2602,439.0813,0.0000,0.0000,0.0000
3.7500,19.7942,0.0000,20576.9693,1618.1537,439.0816,0.0000,0.0000,0.0000
3.7667,19.7942,0.0000,20575.8720,1618.0484,439.0818,0.0000,0.0000,0.0000
3.7833,19.7943,0.0000,20574.7863,1617.9444,439.0820,0.0000,0.0000,0.0000
3.8000,19.7943,0.0000,20573.7123,1617.8416,439.0823,0.0000,0.0000,0.0000
3.8167,19.7943,0.0000,20572.6504,1617.7402,439.0825,0.0000,0.0000,0.0000
3.8333,19.7943,0.0000,20571.6005,1617.6400,439.0827,0.0000,0.0000,0.0000
3.8500,19.7943,0.0000,20570.5631,1617.5412,439.0830,0.0000,0.0000,0.0000
3.8667,19.7943,0.0000,20569.5380,1617.4436,439.0832,0.0000,0.0000,0.0000
3.8833,19.7943,0.0000,20568.5256,1617.3474,439.0834,0.0000,0.0000,0.0000
3.9000,19.7943,0.0000,20567.5260,1617.2525,439.0836,0.0000,0.0000,0.0000
3.9167,19.7943,0.0000,20566.5392,1617.1590,439.0839,0.0000,0.0000,0.0000
3.9333,19.7943,0.0000,20565.5653,1617.0667,439.0841,0.0000,0.0000,0.0000
3.9500,19.7944,0.0000,20564.6044,1616.9759,439.0843,0.0000,0.0000,0.0000
3.9667,19.7944,0.0000,20563.6566,1616.8863,439.0845,0.0000,0.0000,0.0000
3.9833,19.7944,0.0000,20562.7220,1616.7981,439.0847,0.0000,0.0000,0.0000
4.0000,19.7944,0.0000,20561.8006,1616.7113,439.0849,0.0000,0.0000,0.0000
4.0167,19.7944,0.0000,20560.8924,1616.6257,439.0851,0.0000,0.0000,0.0000
4.0333,19.7944,0.0000,20559.9974,1616.5416,439.0853,0.0000,0.0000,0.0000
4.0500,19.7944,0.0000,20559.1158,1616.4587,439.0855,0.0000,0.0000,0.0000
4.0667,19.7944,0.0000,20558.2474,1616.3772,439.0857,0.0000,0.0000,0.0000
4.0833,19.7944,0.0000,20557.3923,1616.2970,439.0859,0.0000,0.0000,0.0000
4.1000,19.7944,0.0000,20556.5504,1616.2182,439.0861,0.0000,0.0000,0.0000
4.1167,19.7944,0.0000,20555.7218,1616.1406,439.0863,0.0000,0.0000,0.0000
4.1333,19.7945,0.0000,20554.9063,1616.0644,439.0864,0.0000,0.0000,0.0000
4.1500,19.7945,0.0000,20554.1040,1615.9895,439.0866,0.0000,0.0000,0.0000
4.1667,19.7945,0.0000,20553.3147,1615.9158,439.0868,0.0000,0.0000,0.0000
4.1833,19.7945,0.0000,20552.5384,1615.8434,439.0870,0.0000,0.0000,0.0000
4.2000,19.7945,0.0000,20551.7751,1615.7723,439.0871,0.0000,0.0000,0.0000
4.2167,19.7945,0.0000,20551.0247,1615.7025,439.0873,0.0000,0.0000,0.0000
4.2333,19.7945,0.0000,20550.2870,1615.6338,439.0875,0.0000,0.0000,0.0000
4.2500,19.7945,0.0000,20549.5621,1615.5665,439.0876,0.0000,0.0000,0.0000
4.2667,19.7945,0.0000,20548.8497,1615.5003,439.0878,0.0000,0.0000,0.0000
4.2833,19.7945,0.0000,20548.1498,1615.4354,439.0879,0.0000,0.0000,0.0000
4.3000,19.7945,0.0000,20547.4623,1615.3716,439.0881,0.0000,0.0000,0.0000
4.3167,19.7945,0.0000,20546.7871,1615.3091,439.0883,0.0000,0.0000,0.0000
4.3333,19.7945,0.0000,20546.1241,1615.2477,439.0884,0.0000,0.0000,0.0000
4.3500,19.7945,0.0000,20545.4732,1615.1875,439.0885,0.0000,0.0000,0.0000
4.3667,19.7946,0.0000,20544.8342,1615.1285,439.0887,0.0000,0.0000,0.0000
4.3833,19.7946,0.0000,20544.2071,1615.0705,439.0888,0.0000,0.0000,0.0000
4.4000,19.7946,0.0000,20543.5917,1615.0138,439.0890,0.0000,0.0000,0.0000
4.4167,19.7946,0.0000,20542.9880,1614.9581,439.0891,0.0000,0.0000,0.0000
4.4333,19.7946,0.0000,20542.3958,1614.9035,439.0892,0.0000,0.0000,0.0000
4.4500,19.7946,0.0000,20541.8149,1614.8501,439.0894,0.0000,0.0000,0.0000
4.4667,19.7946,0.0000,20541.2453,1614.7977,439.0895,0.0000,0.0000,0.0000
4.4833,19.7946,0.0000,20540.6869,1614.7464,439.0896,0.0000,0.0000,0.0000
4.5000,19.7946,0.0000,20540.1395,1614.6961,439.0897,0.0000,0.0000,0.0000
4.5167,19.7946,0.0000,20539.6031,1614.6469,439.0898,0.0000,0.0000,0.0000
4.5333,19.7946,0.0000,20539.0774,1614.5987,439.0900,0.0000,0.0000,0.0000
4.5500,19.7946,0.0000,20538.5624,1614.5515,439.0901,0.0000,0.0000,0.0000
4.5667,19.7946,0.0000,20538.0579,1614.5053,439.0902,0.0000,0.0000,0.0000
4.5833,19.7946,0.0000,20537.5639,1614.4602,439.0903,0.0000,0.0000,0.0000
4.6000,19.7946,0.0000,20537.0802,1614.4160,439.0904,0.0000,0.0000,0.0000
4.6167,19.7946,0.0000,20536.6067,1614.3728,439.0905,0.0000,0.0000,0.0000
4.6333,19.7946,0.0000,20536.1433,1614.3305,439.0906,0.0000,0.0000,0.0000
4.6500,19.7946,0.0000,20535.6898,1614.2892,439.0907,0.0000,0.0000,0.0000
4.6667,19.7946,0.0000,20535.2462,1614.2489,439.0908,0.0000,0.0000,0.0000
4.6833,19.7947,0.0000,20534.8123,1614.2094,439.0909,0.0000,0.0000,0.0000
4.7000,19.7947,0.0000,20534.3880,1614.1709,439.0910,0.0000,0.0000,0.0000
4.7167,19.7947,0.0000,20533.9732,1614.1333,439.0911,0.0000,0.0000,0.0000
4.7333,19.7947,0.0000,20533.5677,1614.0966,439.0912,0.0000,0.0000,0.0000
4.7500,19.7947,0.0000,20532.9916,1614.0476,439.0913,0.0000,0.0000,0.0000
4.7667,19.7947,0.0000,20532.4465,1614.0016,439.0914,0.0000,0.0000,0.0000
4.7833,19.7947,0.0000,20531.9755,1613.9625,439.0915,0.0000,0.0000,0.0000
4.8000,19.7947,0.0000,20531.5363,1613.9282,439.0916,0.0000,0.0000,0.0000
4.8167,19.7947,0.0000,20531.1354,1613.8998,439.0917,0.0000,0.0000,0.0000
4.8333,19.7947,0.0000,20530.7790,1613.8777,439.0918,0.0000,0.0000,0.0000
4.8500,19.7947,0.0000,20530.4724,1613.8622,439.0919,0.0000,0.0000,0.0000
4.8667,19.7947,0.0000,20530.2202,1613.8536,439.0919,0.0000,0.0000,0.0000
4.8833,19.7947,0.0000,20530.0254,1613.8516,439.0920,0.0000,0.0000,0.0000
4.9000,19.7947,0.0000,20529.8898,1613.8561,439.0920,0.0000,0.0000,0.0000
4.9167,19.7947,0.0000,20529.8140,1613.8667,439.0920,0.0000,0.0000,0.0000
4.9333,19.7947,0.0000,20529.7974,1613.8831,439.0920,0.0000,0.0000,0.0000
4.9500,19.7947,0.0000,20529.8388,1613.9049,439.0920,0.0000,0.0000,0.0000
4.9667,19.7947,0.0000,20529.9361,1613.9318,439.0920,0.0000,0.0000,0.0000
4.9833,19.7947,0.0000,20530.0869,1613.9631,439.0920,0.0000,0.0000,0.0000
5.0000,19.7947,0.0000,20530.2882,1613.9987,439.0919,0.0000,0.0000,0.0000
5.0167,19.7948,0.0550,20522.6537,1612.0843,437.8736,0.0000,0.0000,0.0000
5.0333,19.7949,0.1100,20508.2712,1610.1974,436.6567,0.0000,0.0000,0.0000
5.0500,19.7951,0.1650,20489.5070,1608.3262,435.4409,0.0000,0.0000,0.0000
5.0667,19.7953,0.2200,20467.5534,1606.4647,434.2257,0.0000,0.0000,0.0000
5.0833,19.7956,0.2750,20443.2718,1604.6079,433.0111,0.0000,0.0000,0.0000
5.1000,19.7958,0.3300,20417.2828,1602.7514,431.7968,0.0000,0.0000,0.0000
5.1167,19.7961,0.3850,20390.0310,1600.8911,430.5828,0.0000,0.0000,0.0000
5.1333,19.7964,0.4400,20361.8338,1599.0237,429.3691,0.0000,0.0000,0.0000
5.1500,19.7967,0.4950,20332.9154,1597.1460,428.1555,0.0000,0.0000,0.0000
5.1667,19.7970,0.5500,20303.4329,1595.2550,426.9420,0.0000,0.0000,0.0000
5.1833,19.7973,0.6050,20273.4949,1593.3484,425.7286,0.0000,0.0000,0.0000
5.2000,19.7976,0.6600,20243.1750,1591.4238,424.5153,0.0000,0.0000,0.0000
5.2167,19.7979,0.7150,20212.5218,1589.4791,423.3021,0.0000,0.0000,0.0000
5.2333,19.7982,0.7700,20181.5659,1587.5126,422.0889,0.0000,0.0000,0.0000
5.2500,19.7985,0.8250,20150.3257,1585.5226,420.8758,0.0000,0.0000,0.0000
5.2667,19.7988,0.8800,20118.8107,1583.5077,419.6628,0.0000,0.0000,0.0000
5.2833,19.7991,0.9350,20087.0244,1581.4665,418.4498,0.0000,0.0000,0.0000
5.3000,19.7995,0.9900,20054.9665,1579.3980,417.2369,0.0000,0.0000,0.0000
5.3167,19.7998,1.0450,20022.6340,1577.3011,416.0240,0.0000,0.0000,0.0000
5.3333,19.8001,1.1000,19990.0225,1575.1751,414.8112,0.0000,0.0000,0.0000
5.3500,19.8004,1.1550,19957.1267,1573.0190,413.5985,0.0000,0.0000,0.0000
5.3667,19.8008,1.2100,19923.9411,1570.8324,412.3858,0.0000,0.0000,0.0000
5.3833,19.8011,1.2650,19890.4603,1568.6146,411.1732,0.0000,0.0000,0.0000
5.4000,19.8014,1.3200,19856.6790,1566.3653,409.9607,0.0000,0.0000,0.0000
5.4167,19.8018,1.3750,19822.5925,1564.0841,408.7482,0.0000,0.0000,0.0000
5.4333,19.8021,1.4300,19788.1966,1561.7708,407.5358,0.0000,0.0000,0.0000
5.4500,19.8025,1.4850,19753.4878,1559.4251,406.3235,0.0000,0.0000,0.0000
5.4667,19.8028,1.5400,19718.4631,1557.0469,405.1112,0.0000,0.0000,0.0000
5.4833,19.8032,1.5950,19683.1202,1554.6362,403.8991,0.0000,0.0000,0.0000
5.5000,19.8035,1.6500,19647.4574,1552.1929,402.6869,0.0000,0.0000,0.0000
5.5167,19.8039,1.7050,19611.4736,1549.7171,401.4749,0.0000,0.0000,0.0000
5.5333,19.8042,1.7600,19575.1682,1547.2090,400.2629,0.0000,0.0000,0.0000
5.5500,19.8046,1.8150,19538.5412,1544.6687,399.0510,0.0000,0.0000,0.0000
5.5667,19.8050,1.8700,19501.5931,1542.0963,397.8392,0.0000,0.0000,0.0000
5.5833,19.8054,1.9250,19464.3249,1539.4921,396.6274,0.0000,0.0000,0.0000
5.6000,19.8057,1.9800,19426.7379,1536.8563,395.4157,0.0000,0.0000,0.0000
5.6167,19.8061,2.0350,19388.8338,1534.1892,394.2041,0.0000,0.0000,0.0000
5.6333,19.8065,2.0900,19350.6148,1531.4912,392.9926,0.0000,0.0000,0.0000
5.6500,19.8069,2.1450,19312.0834,1528.7625,391.7811,0.0000,0.0000,0.0000
5.6667,19.8073,2.2000,19273.2423,1526.0036,390.5697,0.0000,0.0000,0.0000
5.6833,19.8077,2.2550,19234.0945,1523.2148,389.3583,0.0000,0.0000,0.0000
5.7000,19.8081,2.3100,19194.6432,1520.3964,388.1471,0.0000,0.0000,0.0000
5.7167,19.8085,2.3650,19154.8919,1517.5490,386.9359,0.0000,0.0000,0.0000
5.7333,19.8089,2.4200,19114.8444,1514.6729,385.7247,0.0000,0.0000,0.0000
5.7500,19.8093,2.4750,19074.5043,1511.7685,384.5136,0.0000,0.0000,0.0000
5.7667,19.8097,2.5300,19033.8757,1508.8364,383.3026,0.0000,0.0000,0.0000
5.7833,19.8101,2.5850,18992.9627,1505.8768,382.0917,0.0000,0.0000,0.0000
5.8000,19.8105,2.6400,18951.7694,1502.8904,380.8808,0.0000,0.0000,0.0000
5.8167,19.8109,2.6950,18910.3003,1499.8775,379.6700,0.0000,0.0000,0.0000
5.8333,19.8113,2.7500,18868.5597,1496.8386,378.4592,0.0000,0.0000,0.0000
5.8500,19.8117,2.8050,18826.5519,1493.7742,377.2485,0.0000,0.0000,0.0000
5.8667,19.8122,2.8600,18784.2817,1490.6847,376.0378,0.0000,0.0000,0.0000
5.8833,19.8126,2.9150,18741.7534,1487.5707,374.8272,0.0000,0.0000,0.0000
5.9000,19.8130,2.9700,18698.9716,1484.4325,373.6167,0.0000,0.0000,0.0000
5.9167,19.8134,3.0250,18655.9411,1481.2707,372.4062,0.0000,0.0000,0.0000
5.9333,19.8139,3.0800,18612.6663,1478.0856,371.1958,0.0000,0.0000,0.0000
5.9500,19.8143,3.1350,18569.1519,1474.8779,369.9854,0.0000,0.0000,0.0000
5.9667,19.8147,3.1900,18525.4025,1471.6478,368.7751,0.0000,0.0000,0.0000
5.9833,19.8152,3.2450,18481.4227,1468.3960,367.5648,0.0000,0.0000,0.0000
6.0000,19.8156,3.3000,18437.2171,1465.1228,366.3546,0.0000,0.0000,0.0000
6.0167,19.8159,3.2817,18406.3642,1464.5021,366.7681,1.1046,0.0000,0.0000
6.0333,19.8162,3.2633,18382.5410,1463.8328,367.1801,2.2092,0.0000,0.0000
6.0500,19.8164,3.2450,18363.8973,1463.1232,367.5909,3.3138,0.0000,0.0000
6.0667,19.8165,3.2267,18349.0612,1462.3804,368.0009,4.4184,0.0000,0.0000
6.0833,19.8166,3.2083,18337.0166,1461.6102,368.4102,5.5230,0.0000,0.0000
6.1000,19.8167,3.1900,18327.0129,1460.8177,368.8191,6.6276,0.0000,0.0000
6.1167,19.8168,3.1717,18318.4972,1460.0071,369.2277,7.7322,0.0000,0.0000
6.1333,19.8169,3.1533,18311.0637,1459.1824,369.6360,8.8368,0.0000,0.0000
6.1500,19.8170,3.1350,18304.4162,1458.3469,370.0441,9.9414,0.0000,0.0000
6.1667,19.8170,3.1167,18298.3399,1457.5038,370.4522,11.0460,0.0000,0.0000
6.1833,19.8171,3.0983,18292.6803,1456.6559,370.8601,12.1506,0.0000,0.0000
6.2000,19.8171,3.0800,18287.3280,1455.8056,371.2680,13.2552,0.0000,0.0000
6.2167,19.8172,3.0617,18282.2065,1454.9555,371.6758,14.3598,0.0000,0.0000
6.2333,19.8172,3.0433,18277.2636,1454.1075,372.0835,15.4644,0.0000,0.0000
6.2500,19.8173,3.0250,18272.4657,1453.2639,372.4913,16.5690,0.0000,0.0000
6.2667,19.8173,3.0067,18267.7920,1452.4266,372.8990,17.6736,0.0000,0.0000
6.2833,19.8174,2.9883,18263.2312,1451.5971,373.3067,18.7782,0.0000,0.0000
6.3000,19.8174,2.9700,18258.7778,1450.7769,373.7144,19.8828,0.0000,0.0000
6.3167,19.8175,2.9517,18254.4310,1449.9671,374.1220,20.9874,0.0000,0.0000
6.3333,19.8175,2.9333,18250.1924,1449.1686,374.5296,22.0920,0.0000,0.0000
6.3500,19.8175,2.9150,18246.0657,1448.3825,374.9372,23.1966,0.0000,0.0000
6.3667,19.8176,2.8967,18242.0557,1447.6096,375.3448,24.3012,0.0000,0.0000
6.3833,19.8176,2.8783,18238.1684,1446.8508,375.7523,25.4058,0.0000,0.0000
6.4000,19.8177,2.8600,18234.4100,1446.1069,376.1598,26.5104,0.0000,0.0000
6.4167,19.8177,2.8417,18230.7874,1445.3786,376.5673,27.6150,0.0000,0.0000
6.4333,19.8177,2.8233,18227.3073,1444.6667,376.9747,28.7196,0.0000,0.0000
6.4500,19.8178,2.8050,18223.9768,1443.9719,377.3822,29.8242,0.0000,0.0000
6.4667,19.8178,2.7867,18220.8025,1443.2948,377.7895,30.9288,0.0000,0.0000
6.4833,19.8178,2.7683,18217.7910,1442.6361,378.1969,32.0334,0.0000,0.0000
6.5000,19.8179,2.7500,18214.9488,1441.9962,378.6042,33.1380,0.0000,0.0000
6.5167,19.8179,2.7317,18212.2818,1441.3758,379.0114,34.2426,0.0000,0.0000
6.5333,19.8179,2.7133,18209.7956,1440.7751,379.4187,35.3472,0.0000,0.0000
6.5500,19.8179,2.6950,18207.4956,1440.1948,379.8259,36.4518,0.0000,0.0000
6.5667,19.8179,2.6767,18205.3867,1439.6351,380.2330,37.5564,0.0000,0.0000
6.5833,19.8180,2.6583,18203.4732,1439.0963,380.6401,38.6610,0.0000,0.0000
6.6000,19.8180,2.6400,18201.7592,1438.5788,381.0472,39.7656,0.0000,0.0000
6.6167,19.8180,2.6217,18200.2486,1438.0828,381.4542,40.8702,0.0000,0.0000
6.6333,19.8180,2.6033,18198.9444,1437.6084,381.8611,41.9748,0.0000,0.0000
6.6500,19.8180,2.5850,18197.8497,1437.1559,382.2681,43.0794,0.0000,0.0000
6.6667,19.8180,2.5667,18196.9669,1436.7255,382.6749,44.1840,0.0000,0.0000
6.6833,19.8180,2.5483,18196.2983,1436.3172,383.0817,45.2886,0.0000,0.0000
6.7000,19.8180,2.5300,18195.8456,1435.9311,383.4885,46.3932,0.0000,0.0000
6.7167,19.8180,2.5117,18195.6106,1435.5672,383.8953,47.4978,0.0000,0.0000
6.7333,19.8180,2.4933,18195.5942,1435.2257,384.3019,48.6024,0.0000,0.0000
6.7500,19.8180,2.4750,18195.6308,1434.8425,384.7086,49.7070,0.0000,0.0000
6.7667,19.8180,2.4567,18195.9453,1434.5488,385.1152,50.8116,0.0000,0.0000
6.7833,19.8180,2.4383,18196.5195,1434.2789,385.5218,51.9162,0.0000,0.0000
6.8000,19.8180,2.4200,18197.3476,1434.0326,385.9282,53.0208,0.0000,0.0000
6.8167,19.8180,2.4017,18198.4251,1433.8100,386.3347,54.1254,0.0000,0.0000
6.8333,19.8180,2.3833,18199.7484,1433.6109,386.7411,55.2300,0.0000,0.0000
6.8500,19.8180,2.3650,18201.3140,1433.4350,387.1474,56.3346,0.0000,0.0000
6.8667,19.8180,2.3467,18203.1186,1433.2821,387.5537,57.4392,0.0000,0.0000
6.8833,19.8179,2.3283,18205.1588,1433.1518,387.9599,58.5438,0.0000,0.0000
6.9000,19.8179,2.3100,18207.4315,1433.0438,388.3661,59.6484,0.0000,0.0000
6.9167,19.8179,2.2917,18209.9335,1432.9578,388.7722,60.7530,0.0000,0.0000
6.9333,19.8179,2.2733,18212.6615,1432.8935,389.1783,61.8576,0.0000,0.0000
6.9500,19.8178,2.2550,18215.6123,1432.8505,389.5843,62.9622,0.0000,0.0000
6.9667,19.8178,2.2367,18218.7829,1432.8286,389.9902,64.0668,0.0000,0.0000
6.9833,19.8178,2.2183,18222.1701,1432.8275,390.3962,65.1714,0.0000,0.0000
7.0000,19.8177,2.2000,18225.7710,1432.8469,390.8020,66.2760,0.0000,0.0000
7.0167,19.8178,2.2183,18224.0279,1431.4601,390.3958,79.8468,0.0000,0.0000
7.0333,19.8178,2.2367,18218.1039,1430.0067,389.9904,93.4176,0.0000,0.0000
7.0500,19.8179,2.2550,18208.9046,1428.4993,389.5858,106.9884,0.0000,0.0000
7.0667,19.8180,2.2733,18197.1322,1426.9467,389.1817,120.5592,0.0000,0.0000
7.0833,19.8182,2.2917,18183.3296,1425.3549,388.7781,134.1300,0.0000,0.0000
7.1000,19.8183,2.3100,18167.9158,1423.7286,388.3748,147.7008,0.0000,0.0000
7.1167,19.8185,2.3283,18151.2142,1422.0711,387.9719,161.2716,0.0000,0.0000
7.1333,19.8187,2.3467,18133.4743,1420.3851,387.5691,174.8424,0.0000,0.0000
7.1500,19.8189,2.3650,18114.8894,1418.6729,387.1666,188.4132,0.0000,0.0000
7.1667,19.8190,2.3833,18095.6091,1416.9364,386.7642,201.9840,0.0000,0.0000
7.1833,19.8192,2.4017,18075.7501,1415.1772,386.3619,215.5548,0.0000,0.0000
7.2000,19.8194,2.4200,18055.4037,1413.3968,385.9597,229.1256,0.0000,0.0000
7.2167,19.8197,2.4383,18034.6423,1411.5968,385.5577,242.6964,0.0000,0.0000
7.2333,19.8199,2.4567,18013.5236,1409.7785,385.1557,256.2672,0.0000,0.0000
7.2500,19.8201,2.4750,17992.0946,1407.9433,384.7537,269.8380,0.0000,0.0000
7.2667,19.8203,2.4933,17970.3943,1406.0928,384.3519,283.4088,0.0000,0.0000
7.2833,19.8205,2.5117,17948.4557,1404.2285,383.9501,296.9796,0.0000,0.0000
7.3000,19.8207,2.5300,17926.3079,1402.3520,383.5483,310.5504,0.0000,0.0000
7.3167,19.8210,2.5483,17903.9772,1400.4653,383.1466,324.1212,0.0000,0.0000
7.3333,19.8212,2.5667,17881.4884,1398.5703,382.7449,337.6920,0.0000,0.0000
7.3500,19.8214,2.5850,17858.8657,1396.6692,382.3432,351.2628,0.0000,0.0000
7.3667,19.8216,2.6033,17836.1338,1394.7648,381.9416,364.8336,0.0000,0.0000
7.3833,19.8219,2.6217,17813.3181,1392.8599,381.5400,378.4044,0.0000,0.0000
7.4000,19.8221,2.6400,17790.4465,1390.9578,381.1384,391.9752,0.0000,0.0000
7.4167,19.8223,2.6583,17767.5497,1389.0628,380.7368,405.5460,0.0000,0.0000
7.4333,19.8226,2.6767,17744.6624,1387.1794,380.3352,419.1168,0.0000,0.0000
7.4500,19.8228,2.6950,17721.8254,1385.3137,379.9336,432.6876,0.0000,0.0000
7.4667,19.8230,2.7133,17699.0874,1383.4730,379.5320,446.2584,0.0000,0.0000
7.4833,19.8232,2.7317,17676.5083,1381.6669,379.1303,459.8292,0.0000,0.0000
7.5000,19.8235,2.7500,17654.1661,1379.9091,378.7286,473.4000,0.0000,0.0000
7.5167,19.8237,2.7683,17632.1680,1378.2197,378.3268,486.9708,0.0000,0.0000
7.5333,19.8239,2.7867,17610.6802,1376.6354,377.9249,500.5416,0.0000,0.0000
7.5500,19.8241,2.8050,17590.0552,1375.2693,377.5228,514.1124,0.0000,0.0000
7.5667,19.8243,2.8233,17569.4893,1373.4116,377.1207,527.6832,0.0000,0.0000
7.5833,19.8245,2.8417,17546.7992,1371.0093,376.7190,541.2540,0.0000,0.0000
7.6000,19.8248,2.8600,17521.9852,1368.2900,376.3178,554.8248,0.0000,0.0000
7.6167,19.8251,2.8783,17494.9644,1365.3199,375.9172,568.3956,0.0000,0.0000
7.6333,19.8253,2.8967,17465.7522,1362.1334,375.5170,581.9664,0.0000,0.0000
7.6500,19.8257,2.9150,17434.4117,1358.7523,375.1172,595.5372,0.0000,0.0000
7.6667,19.8260,2.9333,17401.0265,1355.1912,374.7180,609.1080,0.0000,0.0000
7.6833,19.8263,2.9517,17365.6862,1351.4614,374.3191,622.6788,0.0000,0.0000
7.7000,19.8267,2.9700,17325.2544,1347.3502,373.9214,636.2496,0.0000,0.0000
7.7167,19.8272,2.9883,17283.1687,1343.0787,373.5241,649.8204,0.0000,0.0000
7.7333,19.8276,3.0067,17239.4590,1338.6529,373.1271,663.3912,0.0000,0.0000
7.7500,19.8281,3.0250,17194.1610,1334.0778,372.7305,676.9620,0.0000,0.0000
7.7667,19.8285,3.0433,17147.3118,1329.3576,372.3342,690.5328,0.0000,0.0000
7.7833,19.8290,3.0617,17098.9483,1324.4958,371.9383,704.1036,0.0000,0.0000
7.8000,19.8295,3.0800,17049.1053,1319.4954,371.5426,717.6744,0.0000,0.0000
7.8167,19.8300,3.0983,16997.8150,1314.3589,371.1473,731.2452,0.0000,0.0000
7.8333,19.8305,3.1167,16945.1068,1309.0884,370.7524,744.8160,0.0000,0.0000
7.8500,19.8311,3.1350,16891.0073,1303.6859,370.3577,758.3868,0.0000,0.0000
7.8667,19.8316,3.1533,16835.5403,1298.1530,369.9633,771.9576,0.0000,0.0000
7.8833,19.8322,3.1717,16778.7274,1292.4911,369.5692,785.5284,0.0000,0.0000
7.9000,19.8328,3.1900,16720.5880,1286.7017,369.1755,799.0992,0.0000,0.0000
7.9167,19.8334,3.2083,16661.1397,1280.7860,368.7820,812.6700,0.0000,0.0000
7.9333,19.8340,3.2267,16600.3989,1274.7453,368.3888,826.2408,0.0000,0.0000
7.9500,19.8346,3.2450,16538.3805,1268.5807,367.9958,839.8116,0.0000,0.0000
7.9667,19.8352,3.2633,16475.0983,1262.2934,367.6032,853.3824,0.0000,0.0000
7.9833,19.8359,3.2817,16410.5657,1255.8843,367.2108,866.9532,0.0000,0.0000
8.0000,19.8366,3.3000,16344.7949,1249.3546,366.8188,880.5240,0.0000,0.0000
8.0167,19.8373,3.3650,16271.2761,1241.2904,365.3932,884.3112,0.0000,0.0000
8.0333,19.8381,3.4300,16192.3253,1233.3206,363.9689,888.0984,0.0000,0.0000
8.0500,19.8389,3.4950,16109.5526,1225.4121,362.5454,891.8856,0.0000,0.0000
8.0667,19.8398,3.5600,16024.0787,1217.5421,361.1225,895.6728,0.0000,0.0000
8.0833,19.8406,3.6250,15936.6820,1209.6940,359.7000,899.4600,0.0000,0.0000
8.1000,19.8415,3.6900,15847.9005,1201.8557,358.2779,903.2472,0.0000,0.0000
8.1167,19.8424,3.7550,15758.1036,1194.0174,356.8560,907.0344,0.0000,0.0000
8.1333,19.8433,3.8200,15667.5418,1186.1715,355.4342,910.8216,0.0000,0.0000
8.1500,19.8442,3.8850,15576.3824,1178.3118,354.0126,914.6088,0.0000,0.0000
8.1667,19.8452,3.9500,15484.7351,1170.4334,352.5910,918.3960,0.0000,0.0000
8.1833,19.8461,4.0150,15392.6694,1162.5323,351.1696,922.1832,0.0000,0.0000
8.2000,19.8470,4.0800,15300.2276,1154.6050,349.7483,925.9704,0.0000,0.0000
8.2167,19.8479,4.1450,15207.4338,1146.6491,348.3270,929.7576,0.0000,0.0000
8.2333,19.8489,4.2100,15114.2993,1138.6621,346.9058,933.5448,0.0000,0.0000
8.2500,19.8498,4.2750,15020.8281,1130.6424,345.4847,937.3320,0.0000,0.0000
8.2667,19.8507,4.3400,14927.0190,1122.5885,344.0637,941.1192,0.0000,0.0000
8.2833,19.8517,4.4050,14832.8680,1114.4991,342.6427,944.9064,0.0000,0.0000
8.3000,19.8526,4.4700,14738.3695,1106.3734,341.2218,948.6936,0.0000,0.0000
8.3167,19.8536,4.5350,14643.5175,1098.2106,339.8010,952.4808,0.0000,0.0000
8.3333,19.8545,4.6000,14548.3059,1090.0100,338.3803,956.2680,0.0000,0.0000
8.3500,19.8555,4.6650,14452.7292,1081.7713,336.9596,960.0552,0.0000,0.0000
8.3667,19.8564,4.7300,14356.7823,1073.4941,335.5391,963.8424,0.0000,0.0000
8.3833,19.8574,4.7950,14260.4610,1065.1783,334.1186,967.6296,0.0000,0.0000
8.4000,19.8584,4.8600,14163.7619,1056.8235,332.6982,971.4168,0.0000,0.0000
8.4167,19.8593,4.9250,14066.6826,1048.4301,331.2779,975.2040,0.0000,0.0000
8.4333,19.8603,4.9900,13969.2220,1039.9981,329.8576,978.9912,0.0000,0.0000
8.4500,19.8613,5.0550,13871.3800,1031.5279,328.4375,982.7784,0.0000,0.0000
8.4667,19.8623,5.1200,13773.1579,1023.0199,327.0174,986.5656,0.0000,0.0000
8.4833,19.8633,5.1850,13674.5573,1014.4745,325.5974,990.3528,0.0000,0.0000
8.5000,19.8642,5.2500,13575.5809,1005.8921,324.1775,994.1400,0.0000,0.0000
8.5167,19.8652,5.3150,13476.2313,997.2731,322.7577,997.9272,0.0000,0.0000
8.5333,19.8662,5.3800,13376.5114,988.6178,321.3380,1001.7144,0.0000,0.0000
8.5500,19.8672,5.4450,13276.4244,979.9265,319.9184,1005.5016,0.0000,0.0000
8.5667,19.8682,5.5100,13175.9732,971.1996,318.4988,1009.2888,0.0000,0.0000
8.5833,19.8692,5.5750,13075.1612,962.4374,317.0793,1013.0760,0.0000,0.0000
8.6000,19.8703,5.6400,12973.9916,953.6404,315.6599,1016.8632,0.0000,0.0000
8.6167,19.8713,5.7050,12872.4678,944.8087,314.2406,1020.6504,0.0000,0.0000
8.6333,19.8723,5.7700,12770.5933,935.9429,312.8213,1024.4376,0.0000,0.0000
8.6500,19.8733,5.8350,12668.3718,927.0434,311.4021,1028.2248,0.0000,0.0000
8.6667,19.8743,5.9000,12565.8071,918.1105,309.9830,1032.0120,0.0000,0.0000
8.6833,19.8754,5.9650,12462.9032,909.1447,308.5640,1035.7992,0.0000,0.0000
8.7000,19.8764,6.0300,12359.6641,900.1464,307.1451,1039.5864,0.0000,0.0000
8.7167,19.8774,6.0950,12256.0942,891.1162,305.7262,1043.3736,0.0000,0.0000
8.7333,19.8785,6.1600,12152.1979,882.0545,304.3074,1047.1608,0.0000,0.0000
8.7500,19.8795,6.2250,12047.9795,872.9618,302.8887,1050.9480,0.0000,0.0000
8.7667,19.8806,6.2900,11943.4436,863.8385,301.4700,1054.7352,0.0000,0.0000
8.7833,19.8816,6.3550,11838.5947,854.6851,300.0514,1058.5224,0.0000,0.0000
8.8000,19.8827,6.4200,11733.4374,845.5021,298.6329,1062.3096,0.0000,0.0000
8.8167,19.8837,6.4850,11627.9762,836.2898,297.2144,1066.0968,0.0000,0.0000
8.8333,19.8848,6.5500,11522.2156,827.0488,295.7960,1069.8840,0.0000,0.0000
8.8500,19.8858,6.6150,11416.1599,817.7795,294.3777,1073.6712,0.0000,0.0000
8.8667,19.8869,6.6800,11309.8136,808.4822,292.9595,1077.4584,0.0000,0.0000
8.8833,19.8880,6.7450,11203.1811,799.1575,291.5413,1081.2456,0.0000,0.0000
8.9000,19.8890,6.8100,11096.2666,789.8057,290.1231,1085.0328,0.0000,0.0000
8.9167,19.8901,6.8750,10989.0748,780.4274,288.7051,1088.8200,0.0000,0.0000
8.9333,19.8912,6.9400,10881.6099,771.0229,287.2870,1092.6072,0.0000,0.0000
8.9500,19.8923,7.0050,10773.8764,761.5928,285.8691,1096.3944,0.0000,0.0000
8.9667,19.8933,7.0700,10665.8789,752.1375,284.4512,1100.1816,0.0000,0.0000
8.9833,19.8944,7.1350,10557.6220,742.6574,283.0334,1103.9688,0.0000,0.0000
9.0000,19.8955,7.2000,10449.1103,733.1531,281.6156,1107.7560,0.0000,0.0000
9.0167,19.8965,7.2100,10345.7385,724.4091,281.4167,1145.6280,0.0000,0.0000
9.0333,19.8976,7.2200,10243.5855,714.7092,281.2175,1183.5000,0.0000,0.0000
9.0500,19.8986,7.2300,10140.2294,704.2231,281.0186,1221.3720,0.0000,0.0000
9.0667,19.8997,7.2400,10034.2012,693.0657,280.8203,1259.2440,0.0000,0.0000
9.0833,19.9008,7.2500,9924.6413,681.3185,280.6228,1297.1160,0.0000,0.0000
9.1000,19.9019,7.2600,9811.0803,669.0418,280.4262,1334.9880,0.0000,0.0000
9.1167,19.9031,7.2700,9693.2971,656.2819,280.2305,1372.8600,0.0000,0.0000
9.1333,19.9043,7.2800,9571.2266,643.0751,280.0357,1410.7320,0.0000,0.0000
9.1500,19.9056,7.2900,9444.8995,629.4509,279.8419,1448.6040,0.0000,0.0000
9.1667,19.9069,7.3000,9314.4024,615.4331,279.6491,1486.4760,0.0000,0.0000
9.1833,19.9082,7.3100,9179.8524,601.0420,279.4571,1524.3480,0.0000,0.0000
9.2000,19.9096,7.3200,9041.3805,586.2944,279.2660,1562.2200,0.0000,0.0000
9.2167,19.9110,7.3300,8899.1211,571.2047,279.0757,1600.0920,0.0000,0.0000
9.2333,19.9125,7.3400,8753.2058,555.7852,278.8863,1637.9640,0.0000,0.0000
9.2500,19.9140,7.3500,8603.7596,540.0466,278.6976,1675.8360,0.0000,0.0000
9.2667,19.9155,7.3600,8450.8986,523.9981,278.5097,1713.7080,0.0000,0.0000
9.2833,19.9171,7.3700,8294.7298,507.6478,278.3225,1751.5800,0.0000,0.0000
9.3000,19.9186,7.3800,8135.3506,491.0028,278.1360,1789.4520,0.0000,0.0000
9.3167,19.9203,7.3900,7972.8491,474.0694,277.9502,1827.3240,0.0000,0.0000
9.3333,19.9219,7.4000,7807.3047,456.8531,277.7651,1865.1960,0.0000,0.0000
9.3500,19.9236,7.4100,7638.7891,439.3590,277.5807,1903.0680,0.0000,0.0000
9.3667,19.9253,7.4200,7467.3666,421.5913,277.3969,1940.9400,0.0000,0.0000
9.3833,19.9271,7.4300,7293.0950,403.5543,277.2137,1978.8120,0.0000,0.0000
9.4000,19.9288,7.4400,7116.0265,385.2514,277.0312,2016.6840,0.0000,0.0000
9.4167,19.9306,7.4500,6936.2082,366.6860,276.8493,2054.5560,0.0000,0.0000
9.4333,19.9325,7.4600,6753.6826,347.8611,276.6679,2092.4280,0.0000,0.0000
9.4500,19.9343,7.4700,6568.4885,328.7795,276.4872,2130.3000,0.0000,0.0000
9.4667,19.9362,7.4800,6380.6611,309.4438,276.3070,2168.1720,0.0000,0.0000
9.4833,19.9381,7.4900,6190.2327,289.8564,276.1274,2206.0440,0.0000,0.0000
9.5000,19.9400,7.5000,5997.2331,270.0196,275.9484,2243.9160,0.0000,0.0000
9.5167,19.9420,7.5100,5801.6896,249.9355,275.7700,2281.7880,0.0000,0.0000
9.5333,19.9440,7.5200,5603.6279,229.6061,275.5921,2319.6600,0.0000,0.0000
9.5500,19.9460,7.5300,5403.0719,209.0334,275.4148,2357.5320,0.0000,0.0000
9.5667,19.9480,7.5400,5200.0440,188.2192,275.2380,2395.4040,0.0000,0.0000
9.5833,19.9501,7.5500,4994.5656,167.1653,275.0617,2433.2760,0.0000,0.0000
9.6000,19.9521,7.5600,4786.6567,145.8735,274.8860,2471.1480,0.0000,0.0000
9.6167,19.9542,7.5700,4576.3368,124.3454,274.7109,2509.0200,0.0000,0.0000
9.6333,19.9564,7.5800,4363.6245,102.5827,274.5362,2546.8920,0.0000,0.0000
9.6500,19.9585,7.5900,4148.5377,80.5870,274.3621,2584.7640,0.0000,0.0000
9.6667,19.9607,7.6000,3931.0939,58.3600,274.1885,2622.6360,0.0000,0.0000
9.6833,19.9629,7.6100,3711.3100,35.9032,274.0154,2660.5080,0.0000,0.0000
9.7000,19.9651,7.6200,3489.2027,13.2182,273.8429,2698.3800,0.0000,0.0000
9.7167,19.9674,7.6300,3264.7884,-9.6935,273.6708,2736.2520,0.0000,0.0000
9.7333,19.9696,7.6400,3038.0833,-32.8303,273.4993,2774.1240,0.0000,0.0000
9.7500,19.9719,7.6500,2809.1032,-56.1907,273.3283,2811.9960,0.0000,0.0000
9.7667,19.9742,7.6600,2577.8640,-79.7730,273.1578,2849.8680,0.0000,0.0000
9.7833,19.9766,7.6700,2344.3814,-103.5758,272.9877,2887.7400,0.0000,0.0000
9.8000,19.9789,7.6800,2108.6711,-127.5975,272.8182,2925.6120,0.0000,0.0000
9.8167,19.9813,7.6900,1870.7487,-151.8365,272.6491,2963.4840,0.0000,0.0000
9.8333,19.9837,7.7000,1630.6299,-176.2914,272.4806,3001.3560,0.0000,0.0000
9.8500,19.9861,7.7100,1388.3301,-200.9604,272.3125,3039.2280,0.0000,0.0000
9.8667,19.9886,7.7200,1143.8651,-225.8421,272.1449,3077.1000,0.0000,0.0000
9.8833,19.9910,7.7300,897.2506,-250.9349,271.9778,3114.9720,0.0000,0.0000
9.9000,19.9935,7.7400,648.5022,-276.2371,271.8111,3152.8440,0.0000,0.0000
9.9167,19.9960,7.7500,397.6357,-301.7473,271.6450,3190.7160,0.0000,0.0000
9.9333,19.9986,7.7600,144.6671,-327.4637,271.4793,3228.5880,0.0000,0.0000
9.9500,20.0015,7.7700,0.0000,-353.2006,271.3229,3266.4600,0.0000,0.0000
9.9667,20.0054,7.7800,0.0000,-378.7122,271.1878,3304.3320,0.0000,0.0000
9.9833,20.0103,7.7900,0.0000,-404.0218,271.0733,3342.2040,0.0000,0.0000
10.0000,20.0160,7.8000,0.0000,-429.1398,270.9793,3380.0760,0.0000,0.0000
10.0167,20.0227,7.8183,0.0000,-453.4200,270.7203,3397.2762,0.0000,0.0000
10.0333,20.0302,7.8367,0.0000,-476.7938,270.4806,3414.4764,0.0000,0.0000
10.0500,20.0386,7.8550,0.0000,-499.4144,270.2593,3431.6766,0.0000,0.0000
10.0667,20.0477,7.8733,0.0000,-521.3895,270.0560,3448.8768,0.0000,0.0000
10.0833,20.0577,7.8917,0.0000,-542.7983,269.8703,3466.0770,0.0000,0.0000
10.1000,20.0684,7.9100,0.0000,-563.7014,269.7016,3483.2772,0.0000,0.0000
10.1167,20.0799,7.9283,0.0000,-584.1471,269.5497,3500.4774,0.0000,0.0000
10.1333,20.0921,7.9467,0.0000,-604.1746,269.4141,3517.6776,0.0000,0.0000
10.1500,20.1051,7.9650,0.0000,-623.8166,269.2945,3534.8778,0.0000,0.0000
10.1667,20.1187,7.9833,0.0000,-643.1006,269.1907,3552.0780,0.0000,0.0000
10.1833,20.1331,8.0017,0.0000,-662.0505,269.1023,3569.2782,0.0000,0.0000
10.2000,20.1481,8.0200,0.0000,-680.6866,269.0290,3586.4784,0.0000,0.0000
10.2167,20.1638,8.0383,0.0000,-699.0269,268.9707,3603.6786,0.0000,0.0000
10.2333,20.1802,8.0567,0.0000,-717.0872,268.9271,3620.8788,0.0000,0.0000
10.2500,20.1972,8.0750,0.0000,-734.8816,268.8980,3638.0790,0.0000,0.0000
10.2667,20.2148,8.0933,0.0000,-752.4225,268.8830,3655.2792,0.0000,0.0000
10.2833,20.2331,8.1117,0.0000,-769.7212,268.8821,3672.4794,0.0000,0.0000
10.3000,20.2521,8.1300,0.0000,-786.7878,268.8951,3689.6796,0.0000,0.0000
10.3167,20.2716,8.1483,0.0000,-803.6315,268.9216,3706.8798,0.0000,0.0000
10.3333,20.2917,8.1667,0.0000,-820.2607,268.9617,3724.0800,0.0000,0.0000
10.3500,20.3125,8.1850,0.0000,-836.6830,269.0150,3741.2802,0.0000,0.0000
10.3667,20.3338,8.2033,0.0000,-852.9055,269.0814,3758.4804,0.0000,0.0000
10.3833,20.3557,8.2217,0.0000,-868.9348,269.1607,3775.6806,0.0000,0.0000
10.4000,20.3782,8.2400,0.0000,-884.7769,269.2528,3792.8808,0.0000,0.0000
10.4167,20.4012,8.2583,0.0000,-900.4375,269.3575,3810.0810,0.0000,0.0000
10.4333,20.4249,8.2767,0.0000,-915.9218,269.4747,3827.2812,0.0000,0.0000
10.4500,20.4490,8.2950,0.0000,-931.2348,269.6042,3844.4814,0.0000,0.0000
10.4667,20.4737,8.3133,0.0000,-946.3812,269.7459,3861.6816,0.0000,0.0000
10.4833,20.4990,8.3317,0.0000,-961.3654,269.8996,3878.8818,0.0000,0.0000
10.5000,20.5248,8.3500,0.0000,-976.1915,270.0652,3896.0820,0.0000,0.0000
10.5167,20.5511,8.3683,0.0000,-990.8637,270.2425,3913.2822,0.0000,0.0000
10.5333,20.5780,8.3867,0.0000,-1005.3857,270.4315,3930.4824,0.0000,0.0000
10.5500,20.6054,8.4050,0.0000,-1019.7610,270.6320,3947.6826,0.0000,0.0000
10.5667,20.6332,8.4233,0.0000,-1033.9932,270.8438,3964.8828,0.0000,0.0000
10.5833,20.6616,8.4417,0.0000,-1048.0857,271.0669,3982.0830,0.0000,0.0000
10.6000,20.6905,8.4600,0.0000,-1062.0415,271.3011,3999.2832,0.0000,0.0000
10.6167,20.7199,8.4783,0.0000,-1075.8638,271.5463,4016.4834,0.0000,0.0000
10.6333,20.7498,8.4967,0.0000,-1089.5556,271.8024,4033.6836,0.0000,0.0000
10.6500,20.7802,8.5150,0.0000,-1103.1198,272.0693,4050.8838,0.0000,0.0000
10.6667,20.8110,8.5333,0.0000,-1116.5590,272.3468,4068.0840,0.0000,0.0000
10.6833,20.8423,8.5517,0.0000,-1129.8760,272.6350,4085.2842,0.0000,0.0000
10.7000,20.8741,8.5700,0.0000,-1143.0734,272.9336,4102.4844,0.0000,0.0000
10.7167,20.9064,8.5883,0.0000,-1156.1537,273.2425,4119.6846,0.0000,0.0000
10.7333,20.9391,8.6067,0.0000,-1169.1193,273.5617,4136.8848,0.0000,0.0000
10.7500,20.9723,8.6250,0.0000,-1181.9727,273.8911,4154.0850,0.0000,0.0000
10.7667,21.0059,8.6433,0.0000,-1194.7160,274.2305,4171.2852,0.0000,0.0000
10.7833,21.0400,8.6617,0.0000,-1207.3516,274.5799,4188.4854,0.0000,0.0000
10.8000,21.0745,8.6800,0.0000,-1219.8816,274.9391,4205.6856,0.0000,0.0000
10.8167,21.1095,8.6983,0.0000,-1232.3081,275.3081,4222.8858,0.0000,0.0000
10.8333,21.1449,8.7167,0.0000,-1244.6332,275.6868,4240.0860,0.0000,0.0000
10.8500,21.1807,8.7350,0.0000,-1256.8590,276.0752,4257.2862,0.0000,0.0000
10.8667,21.2170,8.7533,0.0000,-1268.9873,276.4730,4274.4864,0.0000,0.0000
10.8833,21.2537,8.7717,0.0000,-1281.0200,276.8802,4291.6866,0.0000,0.0000
10.9000,21.2908,8.7900,0.0000,-1292.9591,277.2968,4308.8868,0.0000,0.0000
10.9167,21.3283,8.8083,0.0000,-1304.8064,277.7227,4326.0870,0.0000,0.0000
10.9333,21.3663,8.8267,0.0000,-1316.5635,278.1577,4343.2872,0.0000,0.0000
10.9500,21.4046,8.8450,0.0000,-1328.2323,278.6019,4360.4874,0.0000,0.0000
10.9667,21.4434,8.8633,0.0000,-1339.8144,279.0550,4377.6876,0.0000,0.0000
10.9833,21.4826,8.8817,0.0000,-1351.3114,279.5171,4394.8878,0.0000,0.0000
11.0000,21.5221,8.9000,0.0000,-1362.7251,279.9881,4412.0880,0.0000,0.0000
11.0167,21.5621,8.9083,0.0000,-1372.8355,280.6886,4412.5614,0.0000,0.0000
11.0333,21.6023,8.9167,0.0000,-1382.2202,281.3961,4413.0348,0.0000,0.0000
11.0500,21.6428,8.9250,0.0000,-1391.0214,282.1102,4413.5082,0.0000,0.0000
11.0667,21.6836,8.9333,0.0000,-1399.3367,282.8304,4413.9816,0.0000,0.0000
11.0833,21.7247,8.9417,0.0000,-1407.2364,283.5565,4414.4550,0.0000,0.0000
11.1000,21.7660,8.9500,0.0000,-1414.7734,284.2880,4414.9284,0.0000,0.0000
11.1167,21.8075,8.9583,0.0000,-1421.9885,285.0249,4415.4018,0.0000,0.0000
11.1333,21.8493,8.9667,0.0000,-1428.9142,285.7667,4415.8752,0.0000,0.0000
11.1500,21.8913,8.9750,0.0000,-1435.5768,286.5134,4416.3486,0.0000,0.0000
11.1667,21.9335,8.9833,0.0000,-1441.9982,287.2647,4416.8220,0.0000,0.0000
11.1833,21.9759,8.9917,0.0000,-1448.1967,288.0203,4417.2954,0.0000,0.0000
11.2000,22.0185,9.0000,0.0000,-1454.1876,288.7803,4417.7688,0.0000,0.0000
11.2167,22.0613,9.0083,0.0000,-1459.9844,289.5443,4418.2422,0.0000,0.0000
11.2333,22.1042,9.0167,0.0000,-1465.5983,290.3122,4418.7156,0.0000,0.0000
11.2500,22.1474,9.0250,0.0000,-1471.0395,291.0839,4419.1890,0.0000,0.0000
11.2667,22.1906,9.0333,0.0000,-1476.3166,291.8593,4419.6624,0.0000,0.0000
11.2833,22.2341,9.0417,0.0000,-1481.4373,292.6382,4420.1358,0.0000,0.0000
11.3000,22.2777,9.0500,0.0000,-1486.4085,293.4205,4420.6092,0.0000,0.0000
11.3167,22.3214,9.0583,0.0000,-1491.2363,294.2061,4421.0826,0.0000,0.0000
11.3333,22.3653,9.0667,0.0000,-1495.9263,294.9948,4421.5560,0.0000,0.0000
11.3500,22.4094,9.0750,0.0000,-1500.4834,295.7866,4422.0294,0.0000,0.0000
11.3667,22.4535,9.0833,0.0000,-1504.9122,296.5814,4422.5028,0.0000,0.0000
11.3833,22.4978,9.0917,0.0000,-1509.2170,297.3790,4422.9762,0.0000,0.0000
11.4000,22.5422,9.1000,0.0000,-1513.4014,298.1793,4423.4496,0.0000,0.0000
11.4167,22.5868,9.1083,0.0000,-1517.4693,298.9823,4423.9230,0.0000,0.0000
11.4333,22.6314,9.1167,0.0000,-1521.4238,299.7878,4424.3964,0.0000,0.0000
11.4500,22.6762,9.1250,0.0000,-1525.2682,300.5959,4424.8698,0.0000,0.0000
11.4667,22.7210,9.1333,0.0000,-1529.0054,301.4062,4425.3432,0.0000,0.0000
11.4833,22.7660,9.1417,0.0000,-1532.6382,302.2189,4425.8166,0.0000,0.0000
11.5000,22.8111,9.1500,0.0000,-1536.1692,303.0338,4426.2900,0.0000,0.0000
11.5167,22.8562,9.1583,0.0000,-1539.6011,303.8508,4426.7634,0.0000,0.0000
11.5333,22.9015,9.1667,0.0000,-1542.9363,304.6698,4427.2368,0.0000,0.0000
11.5500,22.9468,9.1750,0.0000,-1546.1771,305.4908,4427.7102,0.0000,0.0000
11.5667,22.9923,9.1833,0.0000,-1549.3257,306.3137,4428.1836,0.0000,0.0000
11.5833,23.0378,9.1917,0.0000,-1552.3843,307.1384,4428.6570,0.0000,0.0000
11.6000,23.0834,9.2000,0.0000,-1555.3551,307.9649,4429.1304,0.0000,0.0000
11.6167,23.1290,9.2083,0.0000,-1558.2400,308.7930,4429.6038,0.0000,0.0000
11.6333,23.1748,9.2167,0.0000,-1561.0410,309.6227,4430.0772,0.0000,0.0000
11.6500,23.2206,9.2250,0.0000,-1563.7601,310.4539,4430.5506,0.0000,0.0000
11.6667,23.2664,9.2333,0.0000,-1566.3992,311.2866,4431.0240,0.0000,0.0000
11.6833,23.3124,9.2417,0.0000,-1568.9600,312.1207,4431.4974,0.0000,0.0000
11.7000,23.3584,9.2500,0.0000,-1571.4443,312.9562,4431.9708,0.0000,0.0000
11.7167,23.4044,9.2583,0.0000,-1573.8538,313.7929,4432.4442,0.0000,0.0000
11.7333,23.4505,9.2667,0.0000,-1576.1903,314.6308,4432.9176,0.0000,0.0000
11.7500,23.4967,9.2750,0.0000,-1578.4553,315.4699,4433.3910,0.0000,0.0000
11.7667,23.5429,9.2833,0.0000,-1580.6505,316.3101,4433.8644,0.0000,0.0000
11.7833,23.5892,9.2917,0.0000,-1582.7775,317.1514,4434.3378,0.0000,0.0000
11.8000,23.6355,9.3000,0.0000,-1584.8378,317.9936,4434.8112,0.0000,0.0000
11.8167,23.6818,9.3083,0.0000,-1586.8328,318.8368,4435.2846,0.0000,0.0000
11.8333,23.7282,9.3167,0.0000,-1588.7642,319.6808,4435.7580,0.0000,0.0000
11.8500,23.7746,9.3250,0.0000,-1590.6332,320.5257,4436.2314,0.0000,0.0000
11.8667,23.8211,9.3333,0.0000,-1592.4413,321.3714,4436.7048,0.0000,0.0000
11.8833,23.8676,9.3417,0.0000,-1594.1899,322.2178,4437.1782,0.0000,0.0000
11.9000,23.9141,9.3500,0.0000,-1595.8802,323.0648,4437.6516,0.0000,0.0000
11.9167,23.9606,9.3583,0.0000,-1597.5138,323.9125,4438.1250,0.0000,0.0000
11.9333,24.0072,9.3667,0.0000,-1599.0917,324.7609,4438.5984,0.0000,0.0000
11.9500,24.0538,9.3750,0.0000,-1600.6153,325.6097,4439.0718,0.0000,0.0000
11.9667,24.1004,9.3833,0.0000,-1602.0858,326.4591,4439.5452,0.0000,0.0000
11.9833,24.1471,9.3917,0.0000,-1603.5044,327.3089,4440.0186,0.0000,0.0000
12.0000,24.1937,9.4000,0.0000,-1604.8723,328.1591,4440.4920,0.0000,0.0000
12.0167,24.2404,9.4200,0.0000,-1606.1859,328.7512,4433.3910,0.0000,0.0000
12.0333,24.2871,9.4400,0.0000,-1607.1315,329.3435,4426.2900,0.0000,0.0000
12.0500,24.3338,9.4600,0.0000,-1607.7793,329.9359,4419.1890,0.0000,0.0000
12.0667,24.3805,9.4800,0.0000,-1608.1776,330.5281,4412.0880,0.0000,0.0000
12.0833,24.4272,9.5000,0.0000,-1608.3618,331.1200,4404.9870,0.0000,0.0000
12.1000,24.4739,9.5200,0.0000,-1608.3587,331.7115,4397.8860,0.0000,0.0000
12.1167,24.5205,9.5400,0.0000,-1608.1892,332.3023,4390.7850,0.0000,0.0000
12.1333,24.5671,9.5600,0.0000,-1607.8704,332.8923,4383.6840,0.0000,0.0000
12.1500,24.6137,9.5800,0.0000,-1607.4162,333.4816,4376.5830,0.0000,0.0000
12.1667,24.6602,9.6000,0.0000,-1606.8382,334.0699,4369.4820,0.0000,0.0000
12.1833,24.7067,9.6200,0.0000,-1606.1464,334.6571,4362.3810,0.0000,0.0000
12.2000,24.7531,9.6400,0.0000,-1605.3493,335.2433,4355.2800,0.0000,0.0000
12.2167,24.7995,9.6600,0.0000,-1604.4543,335.8282,4348.1790,0.0000,0.0000
12.2333,24.8458,9.6800,0.0000,-1603.4677,336.4119,4341.0780,0.0000,0.0000
12.2500,24.8920,9.7000,0.0000,-1602.3953,336.9942,4333.9770,0.0000,0.0000
12.2667,24.9382,9.7200,0.0000,-1601.2419,337.5751,4326.8760,0.0000,0.0000
12.2833,24.9843,9.7400,0.0000,-1600.0120,338.1546,4319.7750,0.0000,0.0000
12.3000,25.0304,9.7600,0.0000,-1598.7096,338.7325,4312.6740,0.0000,0.0000
12.3167,25.0764,9.7800,0.0000,-1597.3382,339.3089,4305.5730,0.0000,0.0000
12.3333,25.1223,9.8000,0.0000,-1595.9011,339.8836,4298.4720,0.0000,0.0000
12.3500,25.1681,9.8200,0.0000,-1594.4011,340.4566,4291.3710,0.0000,0.0000
12.3667,25.2139,9.8400,0.0000,-1592.8409,341.0279,4284.2700,0.0000,0.0000
12.3833,25.2596,9.8600,0.0000,-1591.2230,341.5975,4277.1690,0.0000,0.0000
12.4000,25.3051,9.8800,0.0000,-1589.5495,342.1652,4270.0680,0.0000,0.0000
12.4167,25.3507,9.9000,0.0000,-1587.8226,342.7311,4262.9670,0.0000,0.0000
12.4333,25.3961,9.9200,0.0000,-1586.0442,343.2951,4255.8660,0.0000,0.0000
12.4500,25.4414,9.9400,0.0000,-1584.2161,343.8571,4248.7650,0.0000,0.0000
12.4667,25.4867,9.9600,0.0000,-1582.3399,344.4171,4241.6640,0.0000,0.0000
12.4833,25.5318,9.9800,0.0000,-1580.4172,344.9752,4234.5630,0.0000,0.0000
12.5000,25.5769,10.0000,0.0000,-1578.4495,345.5312,4227.4620,0.0000,0.0000
12.5167,25.6219,10.0200,0.0000,-1576.4383,346.0851,4220.3610,0.0000,0.0000
12.5333,25.6667,10.0400,0.0000,-1574.3847,346.6369,4213.2600,0.0000,0.0000
12.5500,25.7115,10.0600,0.0000,-1572.2902,347.1866,4206.1590,0.0000,0.0000
12.5667,25.7562,10.0800,0.0000,-1570.1558,347.7341,4199.0580,0.0000,0.0000
12.5833,25.8008,10.1000,0.0000,-1567.9828,348.2794,4191.9570,0.0000,0.0000
12.6000,25.8453,10.1200,0.0000,-1565.7722,348.8225,4184.8560,0.0000,0.0000
12.6167,25.8896,10.1400,0.0000,-1563.5250,349.3633,4177.7550,0.0000,0.0000
12.6333,25.9339,10.1600,0.0000,-1561.2423,349.9018,4170.6540,0.0000,0.0000
12.6500,25.9781,10.1800,0.0000,-1558.9251,350.4380,4163.5530,0.0000,0.0000
12.6667,26.0222,10.2000,0.0000,-1556.5743,350.9718,4156.4520,0.0000,0.0000
12.6833,26.0661,10.2200,0.0000,-1554.1907,351.5033,4149.3510,0.0000,0.0000
12.7000,26.1100,10.2400,0.0000,-1551.7753,352.0325,4142.2500,0.0000,0.0000
12.7167,26.1537,10.2600,0.0000,-1549.3289,352.5592,4135.1490,0.0000,0.0000
12.7333,26.1974,10.2800,0.0000,-1546.8523,353.0834,4128.0480,0.0000,0.0000
12.7500,26.2409,10.3000,0.0000,-1544.3462,353.6053,4120.9470,0.0000,0.0000
12.7667,26.2843,10.3200,0.0000,-1541.8115,354.1246,4113.8460,0.0000,0.0000
12.7833,26.3276,10.3400,0.0000,-1539.2489,354.6414,4106.7450,0.0000,0.0000
12.8000,26.3708,10.3600,0.0000,-1536.6590,355.1558,4099.6440,0.0000,0.0000
12.8167,26.4138,10.3800,0.0000,-1534.0427,355.6676,4092.5430,0.0000,0.0000
12.8333,26.4568,10.4000,0.0000,-1531.4005,356.1768,4085.4420,0.0000,0.0000
12.8500,26.4996,10.4200,0.0000,-1528.7332,356.6835,4078.3410,0.0000,0.0000
12.8667,26.5424,10.4400,0.0000,-1526.0413,357.1876,4071.2400,0.0000,0.0000
12.8833,26.5850,10.4600,0.0000,-1523.3255,357.6890,4064.1390,0.0000,0.0000
12.9000,26.6275,10.4800,0.0000,-1520.5864,358.1879,4057.0380,0.0000,0.0000
12.9167,26.6698,10.5000,0.0000,-1517.8246,358.6841,4049.9370,0.0000,0.0000
12.9333,26.7121,10.5200,0.0000,-1515.0407,359.1776,4042.8360,0.0000,0.0000
12.9500,26.7542,10.5400,0.0000,-1512.2352,359.6685,4035.7350,0.0000,0.0000
12.9667,26.7962,10.5600,0.0000,-1509.4087,360.1567,4028.6340,0.0000,0.0000
12.9833,26.8381,10.5800,0.0000,-1506.5617,360.6421,4021.5330,0.0000,0.0000
13.0000,26.8799,10.6000,0.0000,-1503.6948,361.1249,4014.4320,0.0000,0.0000
13.0167,26.9214,10.5900,0.0000,-1499.1322,362.2685,3995.8116,0.0000,0.0000
13.0333,26.9628,10.5800,0.0000,-1494.1133,363.4072,3977.1912,0.0000,0.0000
13.0500,27.0029,10.5700,-290.6233,-1489.2527,364.5197,3958.5708,0.0000,0.0000
13.0667,27.0320,10.5600,-3201.0833,-1489.8878,365.3871,3939.9504,0.0000,0.0000
13.0833,27.0535,10.5500,-5347.1855,-1494.0214,366.0850,3921.3300,0.0000,0.0000
13.1000,27.0694,10.5400,-6938.5031,-1500.4485,366.6598,3902.7096,0.0000,0.0000
13.1167,27.0813,10.5300,-8126.5700,-1508.3233,367.1451,3884.0892,0.0000,0.0000
13.1333,27.0902,10.5200,-9021.0032,-1517.0523,367.5654,3865.4688,0.0000,0.0000
13.1500,27.0970,10.5100,-9701.1357,-1526.2206,367.9381,3846.8484,0.0000,0.0000
13.1667,27.1022,10.5000,-10224.4136,-1535.5391,368.2760,3828.2280,0.0000,0.0000
13.1833,27.1063,10.4900,-10632.4605,-1544.8085,368.5883,3809.6076,0.0000,0.0000
13.2000,27.1096,10.4800,-10955.4575,-1553.8924,368.8818,3790.9872,0.0000,0.0000
13.2167,27.1122,10.4700,-11215.3078,-1562.6991,369.1612,3772.3668,0.0000,0.0000
13.2333,27.1143,10.4600,-11427.9242,-1571.1686,369.4302,3753.7464,0.0000,0.0000
13.2500,27.1160,10.4500,-11604.8819,-1579.2626,369.6913,3735.1260,0.0000,0.0000
13.2667,27.1175,10.4400,-11754.6147,-1586.9584,369.9463,3716.5056,0.0000,0.0000
13.2833,27.1188,10.4300,-11883.2793,-1594.2440,370.1967,3697.8852,0.0000,0.0000
13.3000,27.1200,10.4200,-11995.3809,-1601.1147,370.4434,3679.2648,0.0000,0.0000
13.3167,27.1209,10.4100,-12094.2264,-1607.5708,370.6871,3660.6444,0.0000,0.0000
13.3333,27.1218,10.4000,-12182.2520,-1613.6158,370.9285,3642.0240,0.0000,0.0000
13.3500,27.1226,10.3900,-12261.2608,-1619.2556,371.1678,3623.4036,0.0000,0.0000
13.3667,27.1233,10.3800,-12332.5949,-1624.4973,371.4055,3604.7832,0.0000,0.0000
13.3833,27.1240,10.3700,-12397.2603,-1629.3489,371.6416,3586.1628,0.0000,0.0000
13.4000,27.1246,10.3600,-12456.0177,-1633.8187,371.8765,3567.5424,0.0000,0.0000
13.4167,27.1251,10.3500,-12509.4476,-1637.9153,372.1102,3548.9220,0.0000,0.0000
13.4333,27.1256,10.3400,-12557.9992,-1641.6472,372.3428,3530.3016,0.0000,0.0000
13.4500,27.1260,10.3300,-12598.5657,-1644.7938,372.5736,3511.6812,0.0000,0.0000
13.4667,27.1264,10.3200,-12635.4011,-1647.5689,372.8036,3493.0608,0.0000,0.0000
13.4833,27.1267,10.3100,-12668.5675,-1649.9958,373.0328,3474.4404,0.0000,0.0000
13.5000,27.1270,10.3000,-12698.1539,-1652.0912,373.2612,3455.8200,0.0000,0.0000
13.5167,27.1272,10.2900,-12724.2601,-1653.8684,373.4888,3437.1996,0.0000,0.0000
13.5333,27.1275,10.2800,-12746.9880,-1655.3381,373.7156,3418.5792,0.0000,0.0000
13.5500,27.1277,10.2700,-12766.4379,-1656.5099,373.9418,3399.9588,0.0000,0.0000
13.5667,27.1278,10.2600,-12782.7057,-1657.3919,374.1672,3381.3384,0.0000,0.0000
13.5833,27.1280,10.2500,-12795.8822,-1657.9918,374.3919,3362.7180,0.0000,0.0000
13.6000,27.1281,10.2400,-12806.0530,-1658.3166,374.6160,3344.0976,0.0000,0.0000
13.6167,27.1281,10.2300,-12813.2982,-1658.3726,374.8395,3325.4772,0.0000,0.0000
13.6333,27.1282,10.2200,-12817.6935,-1658.1659,375.0623,3306.8568,0.0000,0.0000
13.6500,27.1282,10.2100,-12819.3097,-1657.7023,375.2844,3288.2364,0.0000,0.0000
13.6667,27.1282,10.2000,-12818.2136,-1656.9873,375.5060,3269.6160,0.0000,0.0000
13.6833,27.1281,10.1900,-12814.4684,-1656.0260,375.7270,3250.9956,0.0000,0.0000
13.7000,27.1281,10.1800,-12808.1339,-1654.8234,375.9474,3232.3752,0.0000,0.0000
13.7167,27.1280,10.1700,-12799.2670,-1653.3843,376.1673,3213.7548,0.0000,0.0000
13.7333,27.1279,10.1600,-12787.9216,-1651.7133,376.3866,3195.1344,0.0000,0.0000
13.7500,27.1277,10.1500,-12774.1497,-1649.8149,376.6054,3176.5140,0.0000,0.0000
13.7667,27.1276,10.1400,-12758.0007,-1647.6933,376.8236,3157.8936,0.0000,0.0000
13.7833,27.1274,10.1300,-12739.5222,-1645.3528,377.0413,3139.2732,0.0000,0.0000
13.8000,27.1272,10.1200,-12718.7599,-1642.7973,377.2585,3120.6528,0.0000,0.0000
13.8167,27.1270,10.1100,-12695.7580,-1640.0309,377.4753,3102.0324,0.0000,0.0000
13.8333,27.1267,10.1000,-12670.5591,-1637.0572,377.6915,3083.4120,0.0000,0.0000
13.8500,27.1264,10.0900,-12643.2043,-1633.8800,377.9072,3064.7916,0.0000,0.0000
13.8667,27.1261,10.0800,-12613.7336,-1630.5029,378.1225,3046.1712,0.0000,0.0000
13.8833,27.1258,10.0700,-12582.1858,-1626.9295,378.3374,3027.5508,0.0000,0.0000
13.9000,27.1255,10.0600,-12548.5984,-1623.1631,378.5517,3008.9304,0.0000,0.0000
13.9167,27.1251,10.0500,-12513.0080,-1619.2072,378.7657,2990.3100,0.0000,0.0000
13.9333,27.1248,10.0400,-12475.4504,-1615.0649,378.9791,2971.6896,0.0000,0.0000
13.9500,27.1244,10.0300,-12435.9601,-1610.7396,379.1922,2953.0692,0.0000,0.0000
13.9667,27.1239,10.0200,-12394.5710,-1606.2342,379.4049,2934.4488,0.0000,0.0000
13.9833,27.1235,10.0100,-12351.3161,-1601.5519,379.6171,2915.8284,0.0000,0.0000
14.0000,27.1231,10.0000,-12306.2277,-1596.6957,379.8289,2897.2080,0.0000,0.0000
14.0167,27.1226,9.9900,-12259.0053,-1591.5312,380.0403,2875.9050,0.0000,0.0000
14.0333,27.1221,9.9800,-12209.4985,-1586.0932,380.2511,2854.6020,0.0000,0.0000
14.0500,27.1216,9.9700,-12157.6539,-1580.4053,380.4614,2833.2990,0.0000,0.0000
14.0667,27.1210,9.9600,-12103.4741,-1574.4847,380.6712,2811.9960,0.0000,0.0000
14.0833,27.1205,9.9500,-12046.9929,-1568.3439,380.8805,2790.6930,0.0000,0.0000
14.1000,27.1199,9.9400,-11988.2607,-1561.9931,381.0893,2769.3900,0.0000,0.0000
14.1167,27.1193,9.9300,-11927.3353,-1555.4401,381.2976,2748.0870,0.0000,0.0000
14.1333,27.1186,9.9200,-11864.2770,-1548.6918,381.5055,2726.7840,0.0000,0.0000
14.1500,27.1180,9.9100,-11799.1454,-1541.7539,381.7128,2705.4810,0.0000,0.0000
14.1667,27.1173,9.9000,-11731.9976,-1534.6314,381.9198,2684.1780,0.0000,0.0000
14.1833,27.1166,9.8900,-11662.8879,-1527.3287,382.1262,2662.8750,0.0000,0.0000
14.2000,27.1159,9.8800,-11591.8670,-1519.8499,382.3323,2641.5720,0.0000,0.0000
14.2167,27.1152,9.8700,-11518.9823,-1512.1988,382.5380,2620.2690,0.0000,0.0000
14.2333,27.1144,9.8600,-11444.2779,-1504.3788,382.7432,2598.9660,0.0000,0.0000
14.2500,27.1137,9.8500,-11367.7951,-1496.3930,382.9481,2577.6630,0.0000,0.0000
14.2667,27.1129,9.8400,-11289.5723,-1488.2446,383.1526,2556.3600,0.0000,0.0000
14.2833,27.1121,9.8300,-11209.6456,-1479.9364,383.3566,2535.0570,0.0000,0.0000
14.3000,27.1113,9.8200,-11128.0488,-1471.4712,383.5604,2513.7540,0.0000,0.0000
14.3167,27.1104,9.8100,-11044.8140,-1462.8515,383.7637,2492.4510,0.0000,0.0000
14.3333,27.1096,9.8000,-10959.9715,-1454.0800,383.9667,2471.1480,0.0000,0.0000
14.3500,27.1087,9.7900,-10873.5501,-1445.1590,384.1694,2449.8450,0.0000,0.0000
14.3667,27.1079,9.7800,-10785.5773,-1436.0909,384.3717,2428.5420,0.0000,0.0000
14.3833,27.1070,9.7700,-10696.0797,-1426.8780,384.5737,2407.2390,0.0000,0.0000
14.4000,27.1061,9.7600,-10605.0826,-1417.5226,384.7753,2385.9360,0.0000,0.0000
14.4167,27.1051,9.7500,-10512.6105,-1408.0269,384.9766,2364.6330,0.0000,0.0000
14.4333,27.1042,9.7400,-10418.6871,-1398.3929,385.1776,2343.3300,0.0000,0.0000
14.4500,27.1032,9.7300,-10315.0208,-1388.0202,385.3764,2322.0270,0.0000,0.0000
14.4667,27.1021,9.7200,-10210.5842,-1377.5604,385.5751,2300.7240,0.0000,0.0000
14.4833,27.1011,9.7100,-10105.3182,-1367.0010,385.7736,2279.4210,0.0000,0.0000
14.5000,27.1000,9.7000,-9999.1595,-1356.3344,385.9718,2258.1180,0.0000,0.0000
14.5167,27.0989,9.6900,-9892.0503,-1345.5565,386.1699,2236.8150,0.0000,0.0000
14.5333,27.0978,9.6800,-9783.9414,-1334.6648,386.3677,2215.5120,0.0000,0.0000
14.5500,27.0967,9.6700,-9674.7936,-1323.6581,386.5654,2194.2090,0.0000,0.0000
14.5667,27.0956,9.6600,-9564.5768,-1312.5359,386.7627,2172.9060,0.0000,0.0000
14.5833,27.0945,9.6500,-9453.2690,-1301.2984,386.9599,2151.6030,0.0000,0.0000
14.6000,27.0934,9.6400,-9340.8554,-1289.9459,387.1567,2130.3000,0.0000,0.0000
14.6167,27.0923,9.6300,-9227.3272,-1278.4792,387.3534,2108.9970,0.0000,0.0000
14.6333,27.0911,9.6200,-9112.6800,-1266.8993,387.5498,2087.6940,0.0000,0.0000
14.6500,27.0900,9.6100,-8996.9139,-1255.2072,387.7459,2066.3910,0.0000,0.0000
14.6667,27.0888,9.6000,-8880.0319,-1243.4042,387.9418,2045.0880,0.0000,0.0000
14.6833,27.0876,9.5900,-8762.0398,-1231.4915,388.1375,2023.7850,0.0000,0.0000
14.7000,27.0864,9.5800,-8642.9454,-1219.4706,388.3329,2002.4820,0.0000,0.0000
14.7167,27.0852,9.5700,-8522.7582,-1207.3427,388.5280,1981.1790,0.0000,0.0000
14.7333,27.0840,9.5600,-8401.4891,-1195.1095,388.7230,1959.8760,0.0000,0.0000
14.7500,27.0828,9.5500,-8279.1499,-1182.7724,388.9176,1938.5730,0.0000,0.0000
14.7667,27.0816,9.5400,-8155.7534,-1170.3328,389.1121,1917.2700,0.0000,0.0000
14.7833,27.0803,9.5300,-8031.3131,-1157.7924,389.3063,1895.9670,0.0000,0.0000
14.8000,27.0791,9.5200,-7905.8428,-1145.1526,389.5003,1874.6640,0.0000,0.0000
14.8167,27.0778,9.5100,-7779.3568,-1132.4150,389.6941,1853.3610,0.0000,0.0000
14.8333,27.0765,9.5000,-7651.8696,-1119.5811,389.8876,1832.0580,0.0000,0.0000
14.8500,27.0752,9.4900,-7523.3960,-1106.6525,390.0809,1810.7550,0.0000,0.0000
14.8667,27.0739,9.4800,-7393.9508,-1093.6306,390.2740,1789.4520,0.0000,0.0000
14.8833,27.0726,9.4700,-7263.5490,-1080.5170,390.4669,1768.1490,0.0000,0.0000
14.9000,27.0713,9.4600,-7132.2054,-1067.3131,390.6596,1746.8460,0.0000,0.0000
14.9167,27.0700,9.4500,-6999.9350,-1054.0206,390.8521,1725.5430,0.0000,0.0000
14.9333,27.0687,9.4400,-6866.7528,-1040.6408,391.0444,1704.2400,0.0000,0.0000
14.9500,27.0673,9.4300,-6732.6734,-1027.1752,391.2365,1682.9370,0.0000,0.0000
14.9667,27.0660,9.4200,-6597.7116,-1013.6252,391.4284,1661.6340,0.0000,0.0000
14.9833,27.0646,9.4100,-6461.8821,-999.9924,391.6201,1640.3310,0.0000,0.0000
15.0000,27.0633,9.4000,-6325.1983,-986.2777,391.8116,1619.0280,0.0000,0.0000
15.0167,27.0618,9.3550,-6182.0188,-971.1273,392.7780,1595.3580,0.0000,0.0000
15.0333,27.0603,9.3100,-6033.6652,-955.8240,393.7433,1571.6880,0.0000,0.0000
15.0500,27.0588,9.2650,-5881.1468,-940.3826,394.7077,1548.0180,0.0000,0.0000
15.0667,27.0573,9.2200,-5725.2316,-924.8132,395.6713,1524.3480,0.0000,0.0000
15.0833,27.0557,9.1750,-5566.5029,-909.1233,396.6343,1500.6780,0.0000,0.0000
15.1000,27.0541,9.1300,-5405.4036,-893.3182,397.5967,1477.0080,0.0000,0.0000
15.1167,27.0524,9.0850,-5242.2705,-877.4025,398.5588,1453.3380,0.0000,0.0000
15.1333,27.0508,9.0400,-5077.3601,-861.3796,399.5204,1429.6680,0.0000,0.0000
15.1500,27.0491,8.9950,-4910.8679,-845.2523,400.4817,1405.9980,0.0000,0.0000
15.1667,27.0474,8.9500,-4742.9441,-829.0231,401.4426,1382.3280,0.0000,0.0000
15.1833,27.0457,8.9050,-4573.7041,-812.6939,402.4033,1358.6580,0.0000,0.0000
15.2000,27.0440,8.8600,-4403.2375,-796.2665,403.3637,1334.9880,0.0000,0.0000
15.2167,27.0423,8.8150,-4231.6141,-779.7426,404.3238,1311.3180,0.0000,0.0000
15.2333,27.0406,8.7700,-4058.8892,-763.1236,405.2837,1287.6480,0.0000,0.0000
15.2500,27.0389,8.7250,-3885.1069,-746.4108,406.2433,1263.9780,0.0000,0.0000
15.2667,27.0371,8.6800,-3710.3030,-729.6055,407.2028,1240.3080,0.0000,0.0000
15.2833,27.0353,8.6350,-3534.5071,-712.7090,408.1620,1216.6380,0.0000,0.0000
15.3000,27.0336,8.5900,-3357.7439,-695.7225,409.1210,1192.9680,0.0000,0.0000
15.3167,27.0318,8.5450,-3180.0348,-678.6471,410.0798,1169.2980,0.0000,0.0000
15.3333,27.0300,8.5000,-3001.3984,-661.4839,411.0383,1145.6280,0.0000,0.0000
15.3500,27.0282,8.4550,-2821.8514,-644.2341,411.9967,1121.9580,0.0000,0.0000
15.3667,27.0264,8.4100,-2641.4087,-626.8986,412.9549,1098.2880,0.0000,0.0000
15.3833,27.0246,8.3650,-2460.0826,-609.4780,413.9129,1074.6180,0.0000,0.0000
15.4000,27.0228,8.3200,-2277.8841,-591.9731,414.8707,1050.9480,0.0000,0.0000
15.4167,27.0209,8.2750,-2094.8225,-574.3842,415.8282,1027.2780,0.0000,0.0000
15.4333,27.0191,8.2300,-1910.9068,-556.7122,416.7857,1003.6080,0.0000,0.0000
15.4500,27.0173,8.1850,-1726.1460,-538.9580,417.7429,979.9380,0.0000,0.0000
15.4667,27.0154,8.1400,-1540.5496,-521.1228,418.6999,956.2680,0.0000,0.0000
15.4833,27.0135,8.0950,-1354.1280,-503.2077,419.6568,932.5980,0.0000,0.0000
15.5000,27.0117,8.0500,-1166.8924,-485.2142,420.6134,908.9280,0.0000,0.0000
15.5167,27.0098,8.0050,-978.8548,-467.1436,421.5699,885.2580,0.0000,0.0000
15.5333,27.0079,7.9600,-790.0279,-448.9975,422.5262,861.5880,0.0000,0.0000
15.5500,27.0060,7.9150,-600.4250,-430.7773,423.4824,837.9180,0.0000,0.0000
15.5667,27.0041,7.8700,-410.0596,-412.4845,424.4384,814.2480,0.0000,0.0000
15.5833,27.0022,7.8250,-218.9458,-394.1206,425.3942,790.5780,0.0000,0.0000
15.6000,27.0003,7.7800,-27.0976,-375.6870,426.3498,766.9080,0.0000,0.0000
15.6167,26.9978,7.7350,0.0000,-357.4674,427.2925,743.2380,0.0000,0.0000
15.6333,26.9945,7.6900,0.0000,-339.5216,428.2191,719.5680,0.0000,0.0000
15.6500,26.9906,7.6450,0.0000,-321.8180,429.1306,695.8980,0.0000,0.0000
15.6667,26.9860,7.6000,0.0000,-304.3448,430.0271,672.2280,0.0000,0.0000
15.6833,26.9808,7.5550,0.0000,-287.0916,430.9090,648.5580,0.0000,0.0000
15.7000,26.9749,7.5100,0.0000,-270.0488,431.7763,624.8880,0.0000,0.0000
15.7167,26.9684,7.4650,0.0000,-253.2076,432.6293,601.2180,0.0000,0.0000
15.7333,26.9612,7.4200,0.0000,-236.5592,433.4681,577.5480,0.0000,0.0000
15.7500,26.9534,7.3750,0.0000,-220.0946,434.2929,553.8780,0.0000,0.0000
15.7667,26.9449,7.3300,0.0000,-203.8049,435.1039,530.2080,0.0000,0.0000
15.7833,26.9359,7.2850,0.0000,-187.6817,435.9011,506.5380,0.0000,0.0000
15.8000,26.9262,7.2400,0.0000,-171.7173,436.6847,482.8680,0.0000,0.0000
15.8167,26.9159,7.1950,0.0000,-155.9048,437.4548,459.1980,0.0000,0.0000
15.8333,26.9050,7.1500,0.0000,-140.2382,438.2117,435.5280,0.0000,0.0000
15.8500,26.8935,7.1050,0.0000,-124.7123,438.9554,411.8580,0.0000,0.0000
15.8667,26.8815,7.0600,0.0000,-109.3222,439.6859,388.1880,0.0000,0.0000
15.8833,26.8688,7.0150,0.0000,-94.0638,440.4036,364.5180,0.0000,0.0000
15.9000,26.8556,6.9700,0.0000,-78.9332,441.1084,340.8480,0.0000,0.0000
15.9167,26.8418,6.9250,0.0000,-63.9267,441.8004,317.1780,0.0000,0.0000
15.9333,26.8274,6.8800,0.0000,-49.0411,442.4799,293.5080,0.0000,0.0000
15.9500,26.8125,6.8350,0.0000,-34.2732,443.1468,269.8380,0.0000,0.0000
15.9667,26.7970,6.7900,0.0000,-19.6199,443.8013,246.1680,0.0000,0.0000
15.9833,26.7810,6.7450,0.0000,-5.0783,444.4435,222.4980,0.0000,0.0000
16.0000,26.7644,6.7000,0.0000,9.3542,445.0735,198.8280,0.0000,0.0000
16.0167,26.7473,6.6817,0.0000,21.8200,445.1018,195.5142,0.0000,0.0000
16.0333,26.7298,6.6633,0.0000,33.5136,445.1206,192.2004,0.0000,0.0000
16.0500,26.7119,6.6450,0.0000,44.5881,445.1304,188.8866,0.0000,0.0000
16.0667,26.6936,6.6267,0.0000,55.1490,445.1317,185.5728,0.0000,0.0000
16.0833,26.6750,6.6083,0.0000,65.2720,445.1247,182.2590,0.0000,0.0000
16.1000,26.6560,6.5900,0.0000,75.0138,445.1098,178.9452,0.0000,0.0000
16.1167,26.6366,6.5717,0.0000,84.4182,445.0873,175.6314,0.0000,0.0000
16.1333,26.6170,6.5533,0.0000,93.5198,445.0575,172.3176,0.0000,0.0000
16.1500,26.5970,6.5350,0.0000,102.3467,445.0205,169.0038,0.0000,0.0000
16.1667,26.5767,6.5167,0.0000,110.9221,444.9766,165.6900,0.0000,0.0000
16.1833,26.5560,6.4983,0.0000,119.2652,444.9260,162.3762,0.0000,0.0000
16.2000,26.5351,6.4800,0.0000,127.3924,444.8688,159.0624,0.0000,0.0000
16.2167,26.5139,6.4617,0.0000,135.3177,444.8053,155.7486,0.0000,0.0000
16.2333,26.4925,6.4433,0.0000,143.0529,444.7355,152.4348,0.0000,0.0000
16.2500,26.4707,6.4250,0.0000,150.6086,444.6597,149.1210,0.0000,0.0000
16.2667,26.4487,6.4067,0.0000,157.9939,444.5780,145.8072,0.0000,0.0000
16.2833,26.4264,6.3883,0.0000,165.2169,444.4904,142.4934,0.0000,0.0000
16.3000,26.4039,6.3700,0.0000,172.2847,444.3972,139.1796,0.0000,0.0000
16.3167,26.3811,6.3517,0.0000,179.2038,444.2985,135.8658,0.0000,0.0000
16.3333,26.3581,6.3333,0.0000,185.9799,444.1943,132.5520,0.0000,0.0000
16.3500,26.3348,6.3150,0.0000,192.6183,444.0849,129.2382,0.0000,0.0000
16.3667,26.3113,6.2967,0.0000,199.1237,443.9703,125.9244,0.0000,0.0000
16.3833,26.2876,6.2783,0.0000,205.5006,443.8506,122.6106,0.0000,0.0000
16.4000,26.2636,6.2600,0.0000,211.7530,443.7259,119.2968,0.0000,0.0000
16.4167,26.2394,6.2417,0.0000,217.8847,443.5964,115.9830,0.0000,0.0000
16.4333,26.2150,6.2233,0.0000,223.8992,443.4621,112.6692,0.0000,0.0000
16.4500,26.1904,6.2050,0.0000,229.7999,443.3231,109.3554,0.0000,0.0000
16.4667,26.1656,6.1867,0.0000,235.5898,443.1795,106.0416,0.0000,0.0000
16.4833,26.1406,6.1683,0.0000,241.2719,443.0315,102.7278,0.0000,0.0000
16.5000,26.1154,6.1500,0.0000,246.8491,442.8790,99.4140,0.0000,0.0000
16.5167,26.0900,6.1317,0.0000,252.3240,442.7223,96.1002,0.0000,0.0000
16.5333,26.0644,6.1133,0.0000,257.6992,442.5613,92.7864,0.0000,0.0000
16.5500,26.0387,6.0950,0.0000,262.9772,442.3961,89.4726,0.0000,0.0000
16.5667,26.0127,6.0767,0.0000,268.1604,442.2269,86.1588,0.0000,0.0000
16.5833,25.9866,6.0583,0.0000,273.2510,442.0538,82.8450,0.0000,0.0000
16.6000,25.9602,6.0400,0.0000,278.2514,441.8766,79.5312,0.0000,0.0000
16.6167,25.9337,6.0217,0.0000,283.1636,441.6957,76.2174,0.0000,0.0000
16.6333,25.9071,6.0033,0.0000,287.9897,441.5110,72.9036,0.0000,0.0000
16.6500,25.8803,5.9850,0.0000,292.7317,441.3226,69.5898,0.0000,0.0000
16.6667,25.8533,5.9667,0.0000,297.3917,441.1306,66.2760,0.0000,0.0000
16.6833,25.8261,5.9483,0.0000,301.9714,440.9350,62.9622,0.0000,0.0000
16.7000,25.7988,5.9300,0.0000,306.4729,440.7359,59.6484,0.0000,0.0000
16.7167,25.7713,5.9117,0.0000,310.8978,440.5334,56.3346,0.0000,0.0000
16.7333,25.7437,5.8933,0.0000,315.2479,440.3276,53.0208,0.0000,0.0000
16.7500,25.7160,5.8750,0.0000,319.5250,440.1184,49.7070,0.0000,0.0000
16.7667,25.6881,5.8567,0.0000,323.7307,439.9060,46.3932,0.0000,0.0000
16.7833,25.6600,5.8383,0.0000,327.8667,439.6905,43.0794,0.0000,0.0000
16.8000,25.6318,5.8200,0.0000,331.9344,439.4718,39.7656,0.0000,0.0000
16.8167,25.6035,5.8017,0.0000,335.9355,439.2500,36.4518,0.0000,0.0000
16.8333,25.5750,5.7833,0.0000,339.8715,439.0252,33.1380,0.0000,0.0000
16.8500,25.5464,5.7650,0.0000,343.7439,438.7975,29.8242,0.0000,0.0000
16.8667,25.5177,5.7467,0.0000,347.5539,438.5669,26.5104,0.0000,0.0000
16.8833,25.4888,5.7283,0.0000,351.3032,438.3334,23.1966,0.0000,0.0000
16.9000,25.4599,5.7100,0.0000,354.9930,438.0971,19.8828,0.0000,0.0000
16.9167,25.4307,5.6917,0.0000,358.6246,437.8581,16.5690,0.0000,0.0000
16.9333,25.4015,5.6733,0.0000,362.1994,437.6164,13.2552,0.0000,0.0000
16.9500,25.3722,5.6550,0.0000,365.7186,437.3720,9.9414,0.0000,0.0000
16.9667,25.3427,5.6367,0.0000,369.1834,437.1250,6.6276,0.0000,0.0000
16.9833,25.3131,5.6183,0.0000,372.5951,436.8754,3.3138,0.0000,0.0000
17.0000,25.2834,5.6000,0.0000,375.9547,436.6233,0.0000,0.0000,0.0000
17.0167,25.2535,5.5533,0.0000,380.1199,436.9960,0.0000,0.0000,0.0000
17.0333,25.2235,5.5067,0.0000,384.1068,437.3652,0.0000,0.0000,0.0000
17.0500,25.1933,5.4600,0.0000,387.9400,437.7310,0.0000,0.0000,0.0000
17.0667,25.1630,5.4133,0.0000,391.6375,438.0935,0.0000,0.0000,0.0000
17.0833,25.1326,5.3667,0.0000,395.2127,438.4528,0.0000,0.0000,0.0000
17.1000,25.1019,5.3200,0.0000,398.6766,438.8090,0.0000,0.0000,0.0000
17.1167,25.0712,5.2733,0.0000,402.0381,439.1622,0.0000,0.0000,0.0000
17.1333,25.0403,5.2267,0.0000,405.3051,439.5125,0.0000,0.0000,0.0000
17.1500,25.0093,5.1800,0.0000,408.4841,439.8598,0.0000,0.0000,0.0000
17.1667,24.9782,5.1333,0.0000,411.5808,440.2044,0.0000,0.0000,0.0000
17.1833,24.9469,5.0867,0.0000,414.6005,440.5463,0.0000,0.0000,0.0000
17.2000,24.9156,5.0400,0.0000,417.5476,440.8855,0.0000,0.0000,0.0000
17.2167,24.8841,4.9933,0.0000,420.4262,441.2221,0.0000,0.0000,0.0000
17.2333,24.8525,4.9467,0.0000,423.2400,441.5562,0.0000,0.0000,0.0000
17.2500,24.8207,4.9000,0.0000,425.9924,441.8877,0.0000,0.0000,0.0000
17.2667,24.7889,4.8533,0.0000,428.6862,442.2168,0.0000,0.0000,0.0000
17.2833,24.7570,4.8067,0.0000,431.3243,442.5435,0.0000,0.0000,0.0000
17.3000,24.7249,4.7600,0.0000,433.9091,442.8678,0.0000,0.0000,0.0000
17.3167,24.6928,4.7133,0.0000,436.4429,443.1899,0.0000,0.0000,0.0000
17.3333,24.6605,4.6667,0.0000,438.9278,443.5096,0.0000,0.0000,0.0000
17.3500,24.6282,4.6200,0.0000,441.3656,443.8271,0.0000,0.0000,0.0000
17.3667,24.5957,4.5733,0.0000,443.7582,444.1424,0.0000,0.0000,0.0000
17.3833,24.5632,4.5267,0.0000,446.1071,444.4556,0.0000,0.0000,0.0000
17.4000,24.5305,4.4800,0.0000,448.4139,444.7666,0.0000,0.0000,0.0000
17.4167,24.4978,4.4333,0.0000,450.6798,445.0755,0.0000,0.0000,0.0000
17.4333,24.4649,4.3867,0.0000,452.9063,445.3824,0.0000,0.0000,0.0000
17.4500,24.4320,4.3400,0.0000,455.0945,445.6873,0.0000,0.0000,0.0000
17.4667,24.3990,4.2933,0.0000,457.2455,445.9901,0.0000,0.0000,0.0000
17.4833,24.3659,4.2467,0.0000,459.3603,446.2911,0.0000,0.0000,0.0000
17.5000,24.3327,4.2000,0.0000,461.4398,446.5900,0.0000,0.0000,0.0000
17.5167,24.2994,4.1533,0.0000,463.4844,446.8871,0.0000,0.0000,0.0000
17.5333,24.2661,4.1067,0.0000,465.4945,447.1823,0.0000,0.0000,0.0000
17.5500,24.2326,4.0600,0.0000,467.4702,447.4757,0.0000,0.0000,0.0000
17.5667,24.1991,4.0133,0.0000,469.4119,447.7673,0.0000,0.0000,0.0000
17.5833,24.1655,3.9667,0.0000,471.3198,448.0571,0.0000,0.0000,0.0000
17.6000,24.1318,3.9200,0.0000,473.1942,448.3451,0.0000,0.0000,0.0000
17.6167,24.0981,3.8733,0.0000,475.0356,448.6314,0.0000,0.0000,0.0000
17.6333,24.0642,3.8267,0.0000,476.8445,448.9160,0.0000,0.0000,0.0000
17.6500,24.0303,3.7800,0.0000,478.6213,449.1989,0.0000,0.0000,0.0000
17.6667,23.9963,3.7333,0.0000,480.3667,449.4802,0.0000,0.0000,0.0000
17.6833,23.9623,3.6867,0.0000,482.0813,449.7599,0.0000,0.0000,0.0000
17.7000,23.9282,3.6400,0.0000,483.7656,450.0380,0.0000,0.0000,0.0000
17.7167,23.8940,3.5933,0.0000,485.4202,450.3145,0.0000,0.0000,0.0000
17.7333,23.8597,3.5467,0.0000,487.0457,450.5895,0.0000,0.0000,0.0000
17.7500,23.8253,3.5000,0.0000,488.6426,450.8629,0.0000,0.0000,0.0000
17.7667,23.7909,3.4533,0.0000,490.2115,451.1349,0.0000,0.0000,0.0000
17.7833,23.7565,3.4067,0.0000,491.7528,451.4054,0.0000,0.0000,0.0000
17.8000,23.7219,3.3600,0.0000,493.2672,451.6744,0.0000,0.0000,0.0000
17.8167,23.6873,3.3133,0.0000,494.7550,451.9420,0.0000,0.0000,0.0000
17.8333,23.6527,3.2667,0.0000,496.2166,452.2083,0.0000,0.0000,0.0000
17.8500,23.6179,3.2200,0.0000,497.6527,452.4731,0.0000,0.0000,0.0000
17.8667,23.5831,3.1733,0.0000,499.0634,452.7366,0.0000,0.0000,0.0000
17.8833,23.5483,3.1267,0.0000,500.4493,452.9987,0.0000,0.0000,0.0000
17.9000,23.5134,3.0800,0.0000,501.8107,453.2596,0.0000,0.0000,0.0000
17.9167,23.4784,3.0333,0.0000,503.1479,453.5191,0.0000,0.0000,0.0000
17.9333,23.4434,2.9867,0.0000,504.4613,453.7774,0.0000,0.0000,0.0000
17.9500,23.4083,2.9400,0.0000,505.7512,454.0344,0.0000,0.0000,0.0000
17.9667,23.3732,2.8933,0.0000,507.0178,454.2902,0.0000,0.0000,0.0000
17.9833,23.3380,2.8467,0.0000,508.2615,454.5447,0.0000,0.0000,0.0000
18.0000,23.3027,2.8000,0.0000,509.4825,454.7981,0.0000,0.0000,0.0000
18.0167,23.2675,2.7900,0.0000,509.3939,454.2386,0.0000,0.0000,0.0000
18.0333,23.2323,2.7800,0.0000,509.3143,453.6797,0.0000,0.0000,0.0000
18.0500,23.1972,2.7700,0.0000,509.2427,453.1212,0.0000,0.0000,0.0000
18.0667,23.1620,2.7600,0.0000,509.1779,452.5633,0.0000,0.0000,0.0000
18.0833,23.1269,2.7500,0.0000,509.1193,452.0059,0.0000,0.0000,0.0000
18.1000,23.0918,2.7400,0.0000,509.0659,451.4489,0.0000,0.0000,0.0000
18.1167,23.0567,2.7300,0.0000,509.0170,450.8925,0.0000,0.0000,0.0000
18.1333,23.0216,2.7200,0.0000,508.9720,450.3365,0.0000,0.0000,0.0000
18.1500,22.9866,2.7100,0.0000,508.9302,449.7811,0.0000,0.0000,0.0000
18.1667,22.9516,2.7000,0.0000,508.8910,449.2261,0.0000,0.0000,0.0000
18.1833,22.9166,2.6900,0.0000,508.8539,448.6716,0.0000,0.0000,0.0000
18.2000,22.8816,2.6800,0.0000,508.8184,448.1175,0.0000,0.0000,0.0000
18.2167,22.8466,2.6700,0.0000,508.7839,447.5640,0.0000,0.0000,0.0000
18.2333,22.8117,2.6600,0.0000,508.7500,447.0109,0.0000,0.0000,0.0000
18.2500,22.7768,2.6500,0.0000,508.7163,446.4583,0.0000,0.0000,0.0000
18.2667,22.7419,2.6400,0.0000,508.6824,445.9062,0.0000,0.0000,0.0000
18.2833,22.7070,2.6300,0.0000,508.6479,445.3545,0.0000,0.0000,0.0000
18.3000,22.6722,2.6200,0.0000,508.6124,444.8033,0.0000,0.0000,0.0000
18.3167,22.6373,2.6100,0.0000,508.5756,444.2526,0.0000,0.0000,0.0000
18.3333,22.6025,2.6000,0.0000,508.5371,443.7024,0.0000,0.0000,0.0000
18.3500,22.5678,2.5900,0.0000,508.4968,443.1527,0.0000,0.0000,0.0000
18.3667,22.5330,2.5800,0.0000,508.4542,442.6034,0.0000,0.0000,0.0000
18.3833,22.4983,2.5700,0.0000,508.4092,442.0546,0.0000,0.0000,0.0000
18.4000,22.4635,2.5600,0.0000,508.3614,441.5063,0.0000,0.0000,0.0000
18.4167,22.4288,2.5500,0.0000,508.3108,440.9585,0.0000,0.0000,0.0000
18.4333,22.3942,2.5400,0.0000,508.2569,440.4112,0.0000,0.0000,0.0000
18.4500,22.3595,2.5300,0.0000,508.1998,439.8643,0.0000,0.0000,0.0000
18.4667,22.3249,2.5200,0.0000,508.1391,439.3180,0.0000,0.0000,0.0000
18.4833,22.2903,2.5100,0.0000,508.0747,438.7721,0.0000,0.0000,0.0000
18.5000,22.2557,2.5000,0.0000,508.0064,438.2268,0.0000,0.0000,0.0000
18.5167,22.2211,2.4900,0.0000,507.9341,437.6819,0.0000,0.0000,0.0000
18.5333,22.1866,2.4800,0.0000,507.8577,437.1376,0.0000,0.0000,0.0000
18.5500,22.1521,2.4700,0.0000,507.7770,436.5937,0.0000,0.0000,0.0000
18.5667,22.1176,2.4600,0.0000,507.6919,436.0504,0.0000,0.0000,0.0000
18.5833,22.0831,2.4500,0.0000,507.6024,435.5076,0.0000,0.0000,0.0000
18.6000,22.0487,2.4400,0.0000,507.5082,434.9653,0.0000,0.0000,0.0000
18.6167,22.0142,2.4300,0.0000,507.4094,434.4235,0.0000,0.0000,0.0000
18.6333,21.9798,2.4200,0.0000,507.3059,433.8822,0.0000,0.0000,0.0000
18.6500,21.9455,2.4100,0.0000,507.1976,433.3415,0.0000,0.0000,0.0000
18.6667,21.9111,2.4000,0.0000,507.0844,432.8013,0.0000,0.0000,0.0000
18.6833,21.8768,2.3900,0.0000,506.9662,432.2616,0.0000,0.0000,0.0000
18.7000,21.8447,2.3800,0.0000,506.8773,431.7717,0.0000,0.0000,0.0000
18.7167,21.8126,2.3700,0.0000,506.7830,431.2824,0.0000,0.0000,0.0000
18.7333,21.7806,2.3600,0.0000,506.6834,430.7934,0.0000,0.0000,0.0000
18.7500,21.7486,2.3500,0.0000,506.5786,430.3049,0.0000,0.0000,0.0000
18.7667,21.7166,2.3400,0.0000,506.4686,429.8169,0.0000,0.0000,0.0000
18.7833,21.6846,2.3300,0.0000,506.3536,429.3293,0.0000,0.0000,0.0000
18.8000,21.6526,2.3200,0.0000,506.2336,428.8422,0.0000,0.0000,0.0000
18.8167,21.6207,2.3100,0.0000,506.1087,428.3555,0.0000,0.0000,0.0000
18.8333,21.5888,2.3000,0.0000,505.9790,427.8693,0.0000,0.0000,0.0000
18.8500,21.5569,2.2900,0.0000,505.8444,427.3836,0.0000,0.0000,0.0000
18.8667,21.5250,2.2800,0.0000,505.7051,426.8984,0.0000,0.0000,0.0000
18.8833,21.4931,2.2700,0.0000,505.5611,426.4136,0.0000,0.0000,0.0000
18.9000,21.4613,2.2600,0.0000,505.4124,425.9293,0.0000,0.0000,0.0000
18.9167,21.4295,2.2500,0.0000,505.2592,425.4455,0.0000,0.0000,0.0000
18.9333,21.3977,2.2400,0.0000,505.1014,424.9622,0.0000,0.0000,0.0000
18.9500,21.3659,2.2300,0.0000,504.9391,424.4793,0.0000,0.0000,0.0000
18.9667,21.3342,2.2200,0.0000,504.7724,423.9970,0.0000,0.0000,0.0000
18.9833,21.3025,2.2100,0.0000,504.6013,423.5151,0.0000,0.0000,0.0000
19.0000,21.2708,2.2000,0.0000,504.4258,423.0338,0.0000,0.0000,0.0000
19.0167,21.2391,2.1917,0.0000,504.1873,422.5160,0.0000,0.0000,0.0000
19.0333,21.2075,2.1833,0.0000,503.9458,421.9989,0.0000,0.0000,0.0000
19.0500,21.1758,2.1750,0.0000,503.7012,421.4823,0.0000,0.0000,0.0000
19.0667,21.1442,2.1667,0.0000,503.4532,420.9662,0.0000,0.0000,0.0000
19.0833,21.1127,2.1583,0.0000,503.2018,420.4508,0.0000,0.0000,0.0000
19.1000,21.0811,2.1500,0.0000,502.9465,419.9360,0.0000,0.0000,0.0000
19.1167,21.0496,2.1417,0.0000,502.6873,419.4217,0.0000,0.0000,0.0000
19.1333,21.0181,2.1333,0.0000,502.4239,418.9080,0.0000,0.0000,0.0000
19.1500,20.9867,2.1250,0.0000,502.1560,418.3949,0.0000,0.0000,0.0000
19.1667,20.9552,2.1167,0.0000,501.8834,417.8825,0.0000,0.0000,0.0000
19.1833,20.9238,2.1083,0.0000,501.6058,417.3706,0.0000,0.0000,0.0000
19.2000,20.8924,2.1000,0.0000,501.3231,416.8593,0.0000,0.0000,0.0000
19.2167,20.8611,2.0917,0.0000,501.0350,416.3486,0.0000,0.0000,0.0000
19.2333,20.8297,2.0833,0.0000,500.7415,415.8385,0.0000,0.0000,0.0000
19.2500,20.7984,2.0750,0.0000,500.4423,415.3291,0.0000,0.0000,0.0000
19.2667,20.7672,2.0667,0.0000,500.1373,414.8202,0.0000,0.0000,0.0000
19.2833,20.7359,2.0583,0.0000,499.8264,414.3120,0.0000,0.0000,0.0000
19.3000,20.7047,2.0500,0.0000,499.5095,413.8044,0.0000,0.0000,0.0000
19.3167,20.6735,2.0417,0.0000,499.1866,413.2974,0.0000,0.0000,0.0000
19.3333,20.6424,2.0333,0.0000,498.8575,412.7911,0.0000,0.0000,0.0000
19.3500,20.6112,2.0250,0.0000,498.5223,412.2854,0.0000,0.0000,0.0000
19.3667,20.5801,2.0167,0.0000,498.1809,411.7803,0.0000,0.0000,0.0000
19.3833,20.5491,2.0083,0.0000,497.8333,411.2759,0.0000,0.0000,0.0000
19.4000,20.5180,2.0000,0.0000,497.4795,410.7722,0.0000,0.0000,0.0000
19.4167,20.4870,1.9917,0.0000,497.1195,410.2691,0.0000,0.0000,0.0000
19.4333,20.4560,1.9833,0.0000,496.7532,409.7666,0.0000,0.0000,0.0000
19.4500,20.4251,1.9750,0.0000,496.3809,409.2648,0.0000,0.0000,0.0000
19.4667,20.3941,1.9667,0.0000,496.0024,408.7637,0.0000,0.0000,0.0000
19.4833,20.3632,1.9583,0.0000,495.6179,408.2633,0.0000,0.0000,0.0000
19.5000,20.3324,1.9500,0.0000,495.2273,407.7635,0.0000,0.0000,0.0000
19.5167,20.2994,1.9417,0.0000,494.7813,407.2170,0.0000,0.0000,0.0000
19.5333,20.2665,1.9333,0.0000,494.3305,406.6714,0.0000,0.0000,0.0000
19.5500,20.2336,1.9250,0.0000,493.8761,406.1265,0.0000,0.0000,0.0000
19.5667,20.2029,1.9167,0.0000,493.4696,405.6297,0.0000,0.0000,0.0000
19.5833,20.1722,1.9083,0.0000,493.0613,405.1336,0.0000,0.0000,0.0000
19.6000,20.1415,1.9000,0.0000,492.6515,404.6381,0.0000,0.0000,0.0000
19.6167,20.1108,1.8917,0.0000,492.2406,404.1433,0.0000,0.0000,0.0000
19.6333,20.0802,1.8833,0.0000,491.8289,403.6493,0.0000,0.0000,0.0000
19.6500,20.0497,1.8750,0.0000,491.4162,403.1559,0.0000,0.0000,0.0000
19.6667,20.0191,1.8667,0.0000,491.0026,402.6632,0.0000,0.0000,0.0000
19.6833,19.9913,1.8583,866.3810,491.7111,402.2317,0.0000,0.0000,0.0000
19.7000,19.9712,1.8500,2880.7664,495.4938,401.9697,0.0000,0.0000,0.0000
19.7167,19.9559,1.8417,4408.1772,501.1432,401.8158,0.0000,0.0000,0.0000
19.7333,19.9443,1.8333,5573.1262,508.1130,401.7422,0.0000,0.0000,0.0000
19.7500,19.9353,1.8250,6468.1381,516.0045,401.7285,0.0000,0.0000,0.0000
19.7667,19.9284,1.8167,7161.9789,524.5262,401.7595,0.0000,0.0000,0.0000
19.7833,19.9229,1.8083,7705.7665,533.4652,401.8237,0.0000,0.0000,0.0000
19.8000,19.9186,1.8000,8137.5066,542.6660,401.9128,0.0000,0.0000,0.0000
19.8167,19.9151,1.7917,8485.4622,552.0155,402.0204,0.0000,0.0000,0.0000
19.8333,19.9123,1.7833,8770.6559,561.4314,402.1420,0.0000,0.0000,0.0000
19.8500,19.9099,1.7750,9008.7295,570.8545,402.2741,0.0000,0.0000,0.0000
19.8667,19.9079,1.7667,9211.3250,580.2421,402.4140,0.0000,0.0000,0.0000
19.8833,19.9061,1.7583,9387.1113,589.5640,402.5598,0.0000,0.0000,0.0000
19.9000,19.9046,1.7500,9542.5465,598.7992,402.7102,0.0000,0.0000,0.0000
19.9167,19.9032,1.7417,9682.4450,607.9331,402.8640,0.0000,0.0000,0.0000
19.9333,19.9019,1.7333,9810.3985,616.9560,403.0205,0.0000,0.0000,0.0000
19.9500,19.9007,1.7250,9929.0895,625.8618,403.1790,0.0000,0.0000,0.0000
19.9667,19.8996,1.7167,10040.5238,634.6469,403.3392,0.0000,0.0000,0.0000
19.9833,19.8985,1.7083,10146.2034,643.3095,403.5006,0.0000,0.0000,0.0000
20.0000,19.8975,1.7000,10247.2556,651.8493,403.6630,0.0000,0.0000,0.0000
20.0167,19.8965,1.6817,10345.9590,660.6210,404.0478,0.0000,0.0000,0.0000
20.0333,19.8956,1.6633,10442.5871,669.2675,404.4330,0.0000,0.0000,0.0000
20.0500,19.8946,1.6450,10537.3527,677.7918,404.8187,0.0000,0.0000,0.0000
20.0667,19.8937,1.6267,10630.4236,686.1970,405.2047,0.0000,0.0000,0.0000
20.0833,19.8928,1.6083,10721.9334,694.4863,405.5911,0.0000,0.0000,0.0000
20.1000,19.8919,1.5900,10811.9902,702.6628,405.9778,0.0000,0.0000,0.0000
20.1167,19.8910,1.5717,10900.6829,710.7295,406.3648,0.0000,0.0000,0.0000
20.1333,19.8901,1.5533,10988.0860,718.6896,406.7521,0.0000,0.0000,0.0000
20.1500,19.8893,1.5350,11074.2627,726.5459,407.1396,0.0000,0.0000,0.0000
20.1667,19.8884,1.5167,11159.2677,734.3015,407.5275,0.0000,0.0000,0.0000
20.1833,19.8876,1.4983,11243.1491,741.9591,407.9155,0.0000,0.0000,0.0000
20.2000,19.8867,1.4800,11325.9498,749.5214,408.3038,0.0000,0.0000,0.0000
20.2167,19.8859,1.4617,11407.7086,756.9911,408.6924,0.0000,0.0000,0.0000
20.2333,19.8851,1.4433,11488.4610,764.3708,409.0811,0.0000,0.0000,0.0000
20.2500,19.8843,1.4250,11568.2396,771.6628,409.4701,0.0000,0.0000,0.0000
20.2667,19.8835,1.4067,11647.0750,778.8695,409.8593,0.0000,0.0000,0.0000
20.2833,19.8828,1.3883,11724.9957,785.9933,410.2487,0.0000,0.0000,0.0000
20.3000,19.8820,1.3700,11802.0286,793.0363,410.6383,0.0000,0.0000,0.0000
20.3167,19.8812,1.3517,11878.1993,800.0007,411.0281,0.0000,0.0000,0.0000
20.3333,19.8805,1.3333,11953.5318,806.8884,411.4180,0.0000,0.0000,0.0000
20.3500,19.8797,1.3150,12028.0493,813.7015,411.8082,0.0000,0.0000,0.0000
20.3667,19.8790,1.2967,12101.7739,820.4418,412.1985,0.0000,0.0000,0.0000
20.3833,19.8783,1.2783,12174.7266,827.1113,412.5890,0.0000,0.0000,0.0000
20.4000,19.8775,1.2600,12246.9277,833.7115,412.9797,0.0000,0.0000,0.0000
20.4167,19.8768,1.2417,12318.3966,840.2443,413.3705,0.0000,0.0000,0.0000
20.4333,19.8761,1.2233,12389.1520,846.7113,413.7615,0.0000,0.0000,0.0000
20.4500,19.8754,1.2050,12459.2118,853.1140,414.1526,0.0000,0.0000,0.0000
20.4667,19.8747,1.1867,12528.5934,859.4541,414.5439,0.0000,0.0000,0.0000
20.4833,19.8740,1.1683,12597.3134,865.7329,414.9353,0.0000,0.0000,0.0000
20.5000,19.8733,1.1500,12665.3877,871.9518,415.3269,0.0000,0.0000,0.0000
20.5167,19.8727,1.1317,12732.8319,878.1124,415.7186,0.0000,0.0000,0.0000
20.5333,19.8720,1.1133,12799.6609,884.2158,416.1104,0.0000,0.0000,0.0000
20.5500,19.8713,1.0950,12865.8891,890.2634,416.5024,0.0000,0.0000,0.0000
20.5667,19.8707,1.0767,12931.5303,896.2564,416.8945,0.0000,0.0000,0.0000
20.5833,19.8700,1.0583,12996.5979,902.1960,417.2868,0.0000,0.0000,0.0000
20.6000,19.8694,1.0400,13061.1049,908.0834,417.6792,0.0000,0.0000,0.0000
20.6167,19.8687,1.0217,13125.0637,913.9196,418.0716,0.0000,0.0000,0.0000
20.6333,19.8681,1.0033,13188.4864,919.7058,418.4642,0.0000,0.0000,0.0000
20.6500,19.8675,0.9850,13251.3847,925.4429,418.8570,0.0000,0.0000,0.0000
20.6667,19.8669,0.9667,13313.7698,931.1321,419.2498,0.0000,0.0000,0.0000
20.6833,19.8662,0.9483,13375.6526,936.7742,419.6428,0.0000,0.0000,0.0000
20.7000,19.8656,0.9300,13437.0437,942.3703,420.0358,0.0000,0.0000,0.0000
20.7167,19.8650,0.9117,13497.9531,947.9212,420.4290,0.0000,0.0000,0.0000
20.7333,19.8644,0.8933,13558.3908,953.4278,420.8222,0.0000,0.0000,0.0000
20.7500,19.8638,0.8750,13618.3663,958.8910,421.2156,0.0000,0.0000,0.0000
20.7667,19.8632,0.8567,13677.8887,964.3116,421.6091,0.0000,0.0000,0.0000
20.7833,19.8626,0.8383,13736.9670,969.6904,422.0027,0.0000,0.0000,0.0000
20.8000,19.8620,0.8200,13795.6099,975.0282,422.3963,0.0000,0.0000,0.0000
20.8167,19.8615,0.8017,13853.8256,980.3258,422.7901,0.0000,0.0000,0.0000
20.8333,19.8609,0.7833,13911.6223,985.5838,423.1839,0.0000,0.0000,0.0000
20.8500,19.8603,0.7650,13969.0079,990.8030,423.5779,0.0000,0.0000,0.0000
20.8667,19.8597,0.7467,14025.9898,995.9840,423.9719,0.0000,0.0000,0.0000
20.8833,19.8592,0.7283,14082.5755,1001.1276,424.3661,0.0000,0.0000,0.0000
20.9000,19.8586,0.7100,14138.7722,1006.2344,424.7603,0.0000,0.0000,0.0000
20.9167,19.8581,0.6917,14194.5866,1011.3050,425.1546,0.0000,0.0000,0.0000
20.9333,19.8575,0.6733,14250.0256,1016.3400,425.5489,0.0000,0.0000,0.0000
20.9500,19.8569,0.6550,14305.0957,1021.3400,425.9434,0.0000,0.0000,0.0000
20.9667,19.8564,0.6367,14359.8032,1026.3056,426.3379,0.0000,0.0000,0.0000
20.9833,19.8559,0.6183,14414.1541,1031.2374,426.7326,0.0000,0.0000,0.0000
21.0000,19.8553,0.6000,14468.1546,1036.1358,427.1273,0.0000,0.0000,0.0000
21.0167,19.8548,0.5900,14520.6181,1040.7064,427.3374,0.0000,0.0000,0.0000
21.0333,19.8543,0.5800,14571.8563,1045.2483,427.5479,0.0000,0.0000,0.0000
21.0500,19.8538,0.5700,14622.1019,1049.7612,427.7586,0.0000,0.0000,0.0000
21.0667,19.8533,0.5600,14671.5303,1054.2452,427.9694,0.0000,0.0000,0.0000
21.0833,19.8528,0.5500,14720.2734,1058.7005,428.1804,0.0000,0.0000,0.0000
21.1000,19.8523,0.5400,14768.4316,1063.1275,428.3916,0.0000,0.0000,0.0000
21.1167,19.8518,0.5300,14816.0816,1067.5267,428.6028,0.0000,0.0000,0.0000
21.1333,19.8514,0.5200,14863.2825,1071.8989,428.8142,0.0000,0.0000,0.0000
21.1500,19.8509,0.5100,14910.0803,1076.2446,429.0256,0.0000,0.0000,0.0000
21.1667,19.8504,0.5000,14956.5113,1080.5646,429.2372,0.0000,0.0000,0.0000
21.1833,19.8500,0.4900,15002.6043,1084.8593,429.4488,0.0000,0.0000,0.0000
21.2000,19.8495,0.4800,15048.3824,1089.1296,429.6604,0.0000,0.0000,0.0000
21.2167,19.8491,0.4700,15093.8646,1093.3759,429.8722,0.0000,0.0000,0.0000
21.2333,19.8486,0.4600,15139.0664,1097.5988,430.0839,0.0000,0.0000,0.0000
21.2500,19.8482,0.4500,15184.0006,1101.7989,430.2958,0.0000,0.0000,0.0000
21.2667,19.8477,0.4400,15228.6783,1105.9765,430.5077,0.0000,0.0000,0.0000
21.2833,19.8473,0.4300,15273.1087,1110.1322,430.7197,0.0000,0.0000,0.0000
21.3000,19.8468,0.4200,15317.2997,1114.2663,430.9317,0.0000,0.0000,0.0000
21.3167,19.8464,0.4100,15361.2582,1118.3792,431.1438,0.0000,0.0000,0.0000
21.3333,19.8460,0.4000,15404.9900,1122.4711,431.3559,0.0000,0.0000,0.0000
21.3500,19.8455,0.3900,15448.5005,1126.5425,431.5681,0.0000,0.0000,0.0000
21.3667,19.8451,0.3800,15491.7940,1130.5935,431.7803,0.0000,0.0000,0.0000
21.3833,19.8447,0.3700,15534.8747,1134.6243,431.9926,0.0000,0.0000,0.0000
21.4000,19.8442,0.3600,15577.7459,1138.6353,432.2049,0.0000,0.0000,0.0000
21.4167,19.8438,0.3500,15620.4109,1142.6265,432.4172,0.0000,0.0000,0.0000
21.4333,19.8434,0.3400,15662.8722,1146.5981,432.6296,0.0000,0.0000,0.0000
21.4500,19.8429,0.3300,15705.1322,1150.5502,432.8421,0.0000,0.0000,0.0000
21.4667,19.8425,0.3200,15747.1930,1154.4830,433.0546,0.0000,0.0000,0.0000
21.4833,19.8421,0.3100,15789.0565,1158.3966,433.2671,0.0000,0.0000,0.0000
21.5000,19.8417,0.3000,15830.7242,1162.2911,433.4797,0.0000,0.0000,0.0000
21.5167,19.8413,0.2900,15872.1975,1166.1665,433.6923,0.0000,0.0000,0.0000
21.5333,19.8409,0.2800,15913.4775,1170.0229,433.9050,0.0000,0.0000,0.0000
21.5500,19.8405,0.2700,15954.5654,1173.8603,434.1177,0.0000,0.0000,0.0000
21.5667,19.8400,0.2600,15995.4619,1177.6788,434.3304,0.0000,0.0000,0.0000
21.5833,19.8396,0.2500,16036.1679,1181.4785,434.5432,0.0000,0.0000,0.0000
21.6000,19.8392,0.2400,16076.6839,1185.2593,434.7561,0.0000,0.0000,0.0000
21.6167,19.8388,0.2300,16117.0104,1189.0212,434.9689,0.0000,0.0000,0.0000
21.6333,19.8384,0.2200,16157.1480,1192.7644,435.1819,0.0000,0.0000,0.0000
21.6500,19.8380,0.2100,16197.0970,1196.4888,435.3948,0.0000,0.0000,0.0000
21.6667,19.8376,0.2000,16236.8576,1200.1944,435.6078,0.0000,0.0000,0.0000
21.6833,19.8372,0.1900,16276.4302,1203.8812,435.8209,0.0000,0.0000,0.0000
21.7000,19.8368,0.1800,16315.8148,1207.5492,436.0340,0.0000,0.0000,0.0000
21.7167,19.8364,0.1700,16355.0118,1211.1985,436.2471,0.0000,0.0000,0.0000
21.7333,19.8361,0.1600,16394.0211,1214.8290,436.4603,0.0000,0.0000,0.0000
21.7500,19.8357,0.1500,16432.8428,1218.4408,436.6735,0.0000,0.0000,0.0000
21.7667,19.8353,0.1400,16471.4772,1222.0337,436.8867,0.0000,0.0000,0.0000
21.7833,19.8349,0.1300,16509.9242,1225.6080,437.1000,0.0000,0.0000,0.0000
21.8000,19.8345,0.1200,16548.1839,1229.1635,437.3134,0.0000,0.0000,0.0000
21.8167,19.8341,0.1100,16586.2564,1232.7002,437.5267,0.0000,0.0000,0.0000
21.8333,19.8338,0.1000,16624.1418,1236.2182,437.7402,0.0000,0.0000,0.0000
21.8500,19.8334,0.0900,16661.8401,1239.7175,437.9536,0.0000,0.0000,0.0000
21.8667,19.8330,0.0800,16699.3514,1243.1981,438.1671,0.0000,0.0000,0.0000
21.8833,19.8326,0.0700,16736.6759,1246.6599,438.3807,0.0000,0.0000,0.0000
21.9000,19.8323,0.0600,16773.8135,1250.1031,438.5942,0.0000,0.0000,0.0000
21.9167,19.8319,0.0500,16810.7646,1253.5277,438.8079,0.0000,0.0000,0.0000
21.9333,19.8315,0.0400,16847.5293,1256.9336,439.0215,0.0000,0.0000,0.0000
21.9500,19.8312,0.0300,16884.1076,1260.3209,439.2352,0.0000,0.0000,0.0000
21.9667,19.8308,0.0200,16920.5000,1263.6896,439.4490,0.0000,0.0000,0.0000
21.9833,19.8304,0.0100,16956.7065,1267.0397,439.6628,0.0000,0.0000,0.0000
22.0000,19.8301,0.0000,16992.7275,1270.3714,439.8766,0.0000,0.0000,0.0000
22.0167,19.8296,-0.0733,17041.2805,1276.1203,441.4926,0.0000,0.0000,0.0000
22.0333,19.8290,-0.1467,17096.3817,1281.8248,443.1070,0.0000,0.0000,0.0000
22.0500,19.8284,-0.2200,17156.1915,1287.4929,444.7205,0.0000,0.0000,0.0000
22.0667,19.8278,-0.2933,17219.3779,1293.1314,446.3332,0.0000,0.0000,0.0000
22.0833,19.8272,-0.3667,17284.9789,1298.7462,447.9453,0.0000,0.0000,0.0000
22.1000,19.8265,-0.4400,17352.3017,1304.3422,449.5571,0.0000,0.0000,0.0000
22.1167,19.8258,-0.5133,17420.8495,1309.9237,451.1686,0.0000,0.0000,0.0000
22.1333,19.8251,-0.5867,17490.2678,1315.4946,452.7799,0.0000,0.0000,0.0000
22.1500,19.8244,-0.6600,17560.3056,1321.0582,454.3910,0.0000,0.0000,0.0000
22.1667,19.8237,-0.7333,17630.7865,1326.6176,456.0021,0.0000,0.0000,0.0000
22.1833,19.8230,-0.8067,17701.5886,1332.1755,457.6131,0.0000,0.0000,0.0000
22.2000,19.8223,-0.8800,17772.6285,1337.7343,459.2240,0.0000,0.0000,0.0000
22.2167,19.8216,-0.9533,17843.8509,1343.2962,460.8349,0.0000,0.0000,0.0000
22.2333,19.8208,-1.0267,17915.2204,1348.8630,462.4458,0.0000,0.0000,0.0000
22.2500,19.8201,-1.1000,17986.7156,1354.4365,464.0567,0.0000,0.0000,0.0000
22.2667,19.8194,-1.1733,18058.3248,1360.0184,465.6675,0.0000,0.0000,0.0000
22.2833,19.8187,-1.2467,18130.0434,1365.6098,467.2783,0.0000,0.0000,0.0000
22.3000,19.8180,-1.3200,18201.8709,1371.2121,468.8890,0.0000,0.0000,0.0000
22.3167,19.8173,-1.3933,18273.8101,1376.8264,470.4998,0.0000,0.0000,0.0000
22.3333,19.8165,-1.4667,18345.8656,1382.4537,472.1105,0.0000,0.0000,0.0000
22.3500,19.8158,-1.5400,18418.0430,1388.0947,473.7212,0.0000,0.0000,0.0000
22.3667,19.8151,-1.6133,18490.3483,1393.7502,475.3319,0.0000,0.0000,0.0000
22.3833,19.8144,-1.6867,18562.7877,1399.4209,476.9425,0.0000,0.0000,0.0000
22.4000,19.8136,-1.7600,18635.3673,1405.1073,478.5531,0.0000,0.0000,0.0000
22.4167,19.8129,-1.8333,18708.0925,1410.8098,480.1637,0.0000,0.0000,0.0000
22.4333,19.8122,-1.9067,18780.9686,1416.5289,481.7742,0.0000,0.0000,0.0000
22.4500,19.8115,-1.9800,18854.0002,1422.2649,483.3847,0.0000,0.0000,0.0000
22.4667,19.8107,-2.0533,18927.1912,1428.0180,484.9952,0.0000,0.0000,0.0000
22.4833,19.8100,-2.1267,19000.5451,1433.7883,486.6056,0.0000,0.0000,0.0000
22.5000,19.8093,-2.2000,19074.0648,1439.5761,488.2160,0.0000,0.0000,0.0000
22.5167,19.8085,-2.2733,19147.7526,1445.3813,489.8264,0.0000,0.0000,0.0000
22.5333,19.8078,-2.3467,19221.6102,1451.2040,491.4367,0.0000,0.0000,0.0000
22.5500,19.8070,-2.4200,19295.6389,1457.0443,493.0469,0.0000,0.0000,0.0000
22.5667,19.8063,-2.4933,19369.8394,1462.9019,494.6572,0.0000,0.0000,0.0000
22.5833,19.8056,-2.5667,19444.2120,1468.7769,496.2674,0.0000,0.0000,0.0000
22.6000,19.8048,-2.6400,19518.7568,1474.6691,497.8776,0.0000,0.0000,0.0000
22.6167,19.8041,-2.7133,19593.4731,1480.5784,499.4877,0.0000,0.0000,0.0000
22.6333,19.8033,-2.7867,19668.3601,1486.5046,501.0978,0.0000,0.0000,0.0000
22.6500,19.8026,-2.8600,19743.4168,1492.4474,502.7078,0.0000,0.0000,0.0000
22.6667,19.8018,-2.9333,19818.6417,1498.4067,504.3178,0.0000,0.0000,0.0000
22.6833,19.8011,-3.0067,19894.0330,1504.3822,505.9278,0.0000,0.0000,0.0000
22.7000,19.8003,-3.0800,19969.5888,1510.3736,507.5378,0.0000,0.0000,0.0000
22.7167,19.7995,-3.1533,20045.3070,1516.3808,509.1477,0.0000,0.0000,0.0000
22.7333,19.7988,-3.2267,20121.1853,1522.4033,510.7575,0.0000,0.0000,0.0000
22.7500,19.7980,-3.3000,20197.2211,1528.4408,512.3674,0.0000,0.0000,0.0000
22.7667,19.7973,-3.3733,20273.4117,1534.4932,513.9772,0.0000,0.0000,0.0000
22.7833,19.7965,-3.4467,20349.7544,1540.5600,515.5870,0.0000,0.0000,0.0000
22.8000,19.7957,-3.5200,20426.2463,1546.6410,517.1967,0.0000,0.0000,0.0000
22.8167,19.7950,-3.5933,20502.8844,1552.7358,518.8064,0.0000,0.0000,0.0000
22.8333,19.7942,-3.6667,20579.6655,1558.8441,520.4161,0.0000,0.0000,0.0000
22.8500,19.7934,-3.7400,20656.5866,1564.9655,522.0257,0.0000,0.0000,0.0000
22.8667,19.7927,-3.8133,20733.6444,1571.0997,523.6353,0.0000,0.0000,0.0000
22.8833,19.7919,-3.8867,20810.8357,1577.2464,525.2449,0.0000,0.0000,0.0000
22.9000,19.7911,-3.9600,20888.1571,1583.4052,526.8544,0.0000,0.0000,0.0000
22.9167,19.7903,-4.0333,20965.6055,1589.5759,528.4640,0.0000,0.0000,0.0000
22.9333,19.7896,-4.1067,21043.1774,1595.7579,530.0735,0.0000,0.0000,0.0000
22.9500,19.7888,-4.1800,21120.8695,1601.9511,531.6829,0.0000,0.0000,0.0000
22.9667,19.7880,-4.2533,21198.6786,1608.1551,533.2924,0.0000,0.0000,0.0000
22.9833,19.7872,-4.3267,21276.6012,1614.3696,534.9018,0.0000,0.0000,0.0000
23.0000,19.7865,-4.4000,21354.6341,1620.5942,536.5112,0.0000,0.0000,0.0000
23.0167,19.7858,-4.4200,21424.6183,1624.9409,536.9393,0.0000,0.0000,0.0000
23.0333,19.7851,-4.4400,21488.7800,1629.3192,537.3687,0.0000,0.0000,0.0000
23.0500,19.7845,-4.4600,21548.7313,1633.7208,537.7991,0.0000,0.0000,0.0000
23.0667,19.7839,-4.4800,21605.6375,1638.1391,538.2301,0.0000,0.0000,0.0000
23.0833,19.7834,-4.5000,21660.3389,1642.5686,538.6616,0.0000,0.0000,0.0000
23.1000,19.7829,-4.5200,21713.4394,1647.0045,539.0935,0.0000,0.0000,0.0000
23.1167,19.7823,-4.5400,21765.3710,1651.4426,539.5256,0.0000,0.0000,0.0000
23.1333,19.7818,-4.5600,21816.4408,1655.8790,539.9579,0.0000,0.0000,0.0000
23.1500,19.7813,-4.5800,21866.8651,1660.3105,540.3904,0.0000,0.0000,0.0000
23.1667,19.7808,-4.6000,21916.7949,1664.7340,540.8229,0.0000,0.0000,0.0000
23.1833,19.7803,-4.6200,21966.3337,1669.1470,541.2556,0.0000,0.0000,0.0000
23.2000,19.7799,-4.6400,22011.7640,1673.3212,541.6892,0.0000,0.0000,0.0000
23.2167,19.7794,-4.6600,22057.3129,1677.4780,542.1227,0.0000,0.0000,0.0000
23.2333,19.7790,-4.6800,22102.9079,1681.6174,542.5562,0.0000,0.0000,0.0000
23.2500,19.7785,-4.7000,22148.4932,1685.7390,542.9898,0.0000,0.0000,0.0000
23.2667,19.7781,-4.7200,22194.0250,1689.8419,543.4233,0.0000,0.0000,0.0000
23.2833,19.7776,-4.7400,22239.4682,1693.9254,543.8569,0.0000,0.0000,0.0000
23.3000,19.7772,-4.7600,22284.7946,1697.9885,544.2905,0.0000,0.0000,0.0000
23.3167,19.7767,-4.7800,22329.9807,1702.0305,544.7241,0.0000,0.0000,0.0000
23.3333,19.7762,-4.8000,22375.0073,1706.0507,545.1577,0.0000,0.0000,0.0000
23.3500,19.7758,-4.8200,22419.8584,1710.0484,545.5914,0.0000,0.0000,0.0000
23.3667,19.7754,-4.8400,22464.5205,1714.0231,546.0252,0.0000,0.0000,0.0000
23.3833,19.7749,-4.8600,22508.9822,1717.9743,546.4590,0.0000,0.0000,0.0000
23.4000,19.7745,-4.8800,22553.2339,1721.9014,546.8928,0.0000,0.0000,0.0000
23.4167,19.7740,-4.9000,22597.2673,1725.8042,547.3267,0.0000,0.0000,0.0000
23.4333,19.7736,-4.9200,22641.0756,1729.6824,547.7606,0.0000,0.0000,0.0000
23.4500,19.7732,-4.9400,22684.6529,1733.5356,548.1946,0.0000,0.0000,0.0000
23.4667,19.7727,-4.9600,22727.9941,1737.3636,548.6286,0.0000,0.0000,0.0000
23.4833,19.7723,-4.9800,22771.0953,1741.1664,549.0627,0.0000,0.0000,0.0000
23.5000,19.7719,-5.0000,22813.9530,1744.9437,549.4968,0.0000,0.0000,0.0000
23.5167,19.7714,-5.0200,22856.5646,1748.6955,549.9310,0.0000,0.0000,0.0000
23.5333,19.7710,-5.0400,22898.9277,1752.4217,550.3653,0.0000,0.0000,0.0000
23.5500,19.7706,-5.0600,22941.0409,1756.1225,550.7996,0.0000,0.0000,0.0000
23.5667,19.7702,-5.0800,22982.9030,1759.7977,551.2339,0.0000,0.0000,0.0000
23.5833,19.7698,-5.1000,23024.5133,1763.4475,551.6684,0.0000,0.0000,0.0000
23.6000,19.7693,-5.1200,23065.8715,1767.0719,552.1028,0.0000,0.0000,0.0000
23.6167,19.7689,-5.1400,23106.9777,1770.6711,552.5374,0.0000,0.0000,0.0000
23.6333,19.7685,-5.1600,23147.8323,1774.2452,552.9719,0.0000,0.0000,0.0000
23.6500,19.7681,-5.1800,23188.4359,1777.7943,553.4066,0.0000,0.0000,0.0000
23.6667,19.7677,-5.2000,23228.7897,1781.3187,553.8413,0.0000,0.0000,0.0000
23.6833,19.7673,-5.2200,23268.8947,1784.8186,554.2760,0.0000,0.0000,0.0000
23.7000,19.7669,-5.2400,23308.7524,1788.2942,554.7108,0.0000,0.0000,0.0000
23.7167,19.7665,-5.2600,23348.3646,1791.7456,555.1457,0.0000,0.0000,0.0000
23.7333,19.7661,-5.2800,23387.7331,1795.1732,555.5806,0.0000,0.0000,0.0000
23.7500,19.7657,-5.3000,23426.8600,1798.5772,556.0156,0.0000,0.0000,0.0000
23.7667,19.7653,-5.3200,23465.7473,1801.9578,556.4506,0.0000,0.0000,0.0000
23.7833,19.7650,-5.3400,23504.3975,1805.3154,556.8857,0.0000,0.0000,0.0000
23.8000,19.7646,-5.3600,23542.8129,1808.6502,557.3208,0.0000,0.0000,0.0000
23.8167,19.7642,-5.3800,23580.9962,1811.9625,557.7560,0.0000,0.0000,0.0000
23.8333,19.7638,-5.4000,23618.9499,1815.2527,558.1912,0.0000,0.0000,0.0000
23.8500,19.7634,-5.4200,23656.6769,1818.5209,558.6265,0.0000,0.0000,0.0000
23.8667,19.7631,-5.4400,23694.1798,1821.7676,559.0618,0.0000,0.0000,0.0000
23.8833,19.7627,-5.4600,23731.4617,1824.9929,559.4972,0.0000,0.0000,0.0000
23.9000,19.7623,-5.4800,23768.5254,1828.1973,559.9326,0.0000,0.0000,0.0000
23.9167,19.7619,-5.5000,23805.3739,1831.3810,560.3681,0.0000,0.0000,0.0000
23.9333,19.7616,-5.5200,23842.0101,1834.5444,560.8036,0.0000,0.0000,0.0000
23.9500,19.7612,-5.5400,23878.4372,1837.6877,561.2392,0.0000,0.0000,0.0000
23.9667,19.7609,-5.5600,23914.6582,1840.8114,561.6748,0.0000,0.0000,0.0000
23.9833,19.7605,-5.5800,23950.6761,1843.9156,562.1104,0.0000,0.0000,0.0000
24.0000,19.7601,-5.6000,23986.4940,1847.0007,562.5461,0.0000,0.0000,0.0000
24.0167,19.7598,-5.6267,24023.0692,1850.3032,563.1295,0.0000,0.0000,0.0000
24.0333,19.7594,-5.6533,24060.1607,1853.5846,563.7128,0.0000,0.0000,0.0000
24.0500,19.7590,-5.6800,24097.5904,1856.8462,564.2961,0.0000,0.0000,0.0000
24.0667,19.7586,-5.7067,24135.2273,1860.0888,564.8792,0.0000,0.0000,0.0000
24.0833,19.7583,-5.7333,24172.9752,1863.3136,565.4624,0.0000,0.0000,0.0000
24.1000,19.7579,-5.7600,24210.7641,1866.5213,566.0455,0.0000,0.0000,0.0000
24.1167,19.7575,-5.7867,24248.5434,1869.7127,566.6287,0.0000,0.0000,0.0000
24.1333,19.7571,-5.8133,24286.2767,1872.8885,567.2118,0.0000,0.0000,0.0000
24.1500,19.7568,-5.8400,24323.9386,1876.0496,567.7950,0.0000,0.0000,0.0000
24.1667,19.7564,-5.8667,24361.5116,1879.1964,568.3782,0.0000,0.0000,0.0000
24.1833,19.7560,-5.8933,24398.9840,1882.3296,568.9614,0.0000,0.0000,0.0000
24.2000,19.7556,-5.9200,24436.3486,1885.4499,569.5447,0.0000,0.0000,0.0000
24.2167,19.7553,-5.9467,24473.6011,1888.5576,570.1279,0.0000,0.0000,0.0000
24.2333,19.7549,-5.9733,24510.7397,1891.6534,570.7112,0.0000,0.0000,0.0000
24.2500,19.7545,-6.0000,24547.7642,1894.7378,571.2945,0.0000,0.0000,0.0000
24.2667,19.7542,-6.0267,24584.6757,1897.8111,571.8779,0.0000,0.0000,0.0000
24.2833,19.7538,-6.0533,24621.4759,1900.8738,572.4612,0.0000,0.0000,0.0000
24.3000,19.7534,-6.0800,24658.1673,1903.9263,573.0446,0.0000,0.0000,0.0000
24.3167,19.7531,-6.1067,24694.7525,1906.9691,573.6280,0.0000,0.0000,0.0000
24.3333,19.7527,-6.1333,24731.2345,1910.0024,574.2115,0.0000,0.0000,0.0000
24.3500,19.7523,-6.1600,24767.6164,1913.0266,574.7949,0.0000,0.0000,0.0000
24.3667,19.7520,-6.1867,24803.9013,1916.0420,575.3784,0.0000,0.0000,0.0000
24.3833,19.7516,-6.2133,24840.0924,1919.0490,575.9619,0.0000,0.0000,0.0000
24.4000,19.7512,-6.2400,24876.1926,1922.0478,576.5454,0.0000,0.0000,0.0000
24.4167,19.7509,-6.2667,24912.2051,1925.0388,577.1290,0.0000,0.0000,0.0000
24.4333,19.7505,-6.2933,24948.1326,1928.0221,577.7125,0.0000,0.0000,0.0000
24.4500,19.7502,-6.3200,24983.9780,1930.9980,578.2961,0.0000,0.0000,0.0000
24.4667,19.7498,-6.3467,25019.7440,1933.9668,578.8797,0.0000,0.0000,0.0000
24.4833,19.7494,-6.3733,25055.4330,1936.9286,579.4633,0.0000,0.0000,0.0000
24.5000,19.7491,-6.4000,25091.0476,1939.8837,580.0469,0.0000,0.0000,0.0000
24.5167,19.7487,-6.4267,25126.5901,1942.8324,580.6306,0.0000,0.0000,0.0000
24.5333,19.7484,-6.4533,25162.0626,1945.7746,581.2143,0.0000,0.0000,0.0000
24.5500,19.7480,-6.4800,25197.4674,1948.7108,581.7979,0.0000,0.0000,0.0000
24.5667,19.7477,-6.5067,25232.8063,1951.6409,582.3816,0.0000,0.0000,0.0000
24.5833,19.7473,-6.5333,25268.0813,1954.5652,582.9653,0.0000,0.0000,0.0000
24.6000,19.7470,-6.5600,25303.2942,1957.4838,583.5490,0.0000,0.0000,0.0000
24.6167,19.7466,-6.5867,25338.4467,1960.3969,584.1328,0.0000,0.0000,0.0000
24.6333,19.7463,-6.6133,25373.5404,1963.3046,584.7165,0.0000,0.0000,0.0000
24.6500,19.7459,-6.6400,25408.5769,1966.2071,585.3003,0.0000,0.0000,0.0000
24.6667,19.7456,-6.6667,25443.5576,1969.1043,585.8840,0.0000,0.0000,0.0000
24.6833,19.7452,-6.6933,25478.4838,1971.9966,586.4678,0.0000,0.0000,0.0000
24.7000,19.7449,-6.7200,25513.3569,1974.8839,587.0516,0.0000,0.0000,0.0000
24.7167,19.7445,-6.7467,25548.1782,1977.7664,587.6354,0.0000,0.0000,0.0000
24.7333,19.7442,-6.7733,25582.9487,1980.6442,588.2192,0.0000,0.0000,0.0000
24.7500,19.7438,-6.8000,25617.6697,1983.5173,588.8031,0.0000,0.0000,0.0000
24.7667,19.7435,-6.8267,25652.3421,1986.3859,589.3869,0.0000,0.0000,0.0000
24.7833,19.7431,-6.8533,25686.9670,1989.2501,589.9707,0.0000,0.0000,0.0000
24.8000,19.7428,-6.8800,25721.5453,1992.1098,590.5546,0.0000,0.0000,0.0000
24.8167,19.7424,-6.9067,25756.0780,1994.9653,591.1385,0.0000,0.0000,0.0000
24.8333,19.7421,-6.9333,25790.5658,1997.8165,591.7223,0.0000,0.0000,0.0000
24.8500,19.7417,-6.9600,25825.0097,2000.6636,592.3062,0.0000,0.0000,0.0000
24.8667,19.7414,-6.9867,25859.4103,2003.5066,592.8901,0.0000,0.0000,0.0000
24.8833,19.7411,-7.0133,25893.7684,2006.3455,593.4740,0.0000,0.0000,0.0000
24.9000,19.7407,-7.0400,25928.0848,2009.1805,594.0579,0.0000,0.0000,0.0000
24.9167,19.7404,-7.0667,25962.3600,2012.0116,594.6419,0.0000,0.0000,0.0000
24.9333,19.7400,-7.0933,25996.5948,2014.8388,595.2258,0.0000,0.0000,0.0000
24.9500,19.7397,-7.1200,26030.7898,2017.6622,595.8097,0.0000,0.0000,0.0000
24.9667,19.7394,-7.1467,26064.9454,2020.4818,596.3937,0.0000,0.0000,0.0000
24.9833,19.7390,-7.1733,26099.0623,2023.2977,596.9777,0.0000,0.0000,0.0000
25.0000,19.7387,-7.2000,26133.1411,2026.1100,597.5616,0.0000,0.0000,0.0000
25.0167,19.7383,-7.2283,26167.4206,2028.9777,598.1825,0.0000,0.0000,0.0000
25.0333,19.7380,-7.2567,26201.8404,2031.8411,598.8034,0.0000,0.0000,0.0000
25.0500,19.7376,-7.2850,26236.3554,2034.7004,599.4242,0.0000,0.0000,0.0000
25.0667,19.7373,-7.3133,26270.9321,2037.5558,600.0451,0.0000,0.0000,0.0000
25.0833,19.7369,-7.3417,26305.5455,2040.4073,600.6659,0.0000,0.0000,0.0000
25.1000,19.7366,-7.3700,26340.1768,2043.2550,601.2867,0.0000,0.0000,0.0000
25.1167,19.7363,-7.3983,26374.8121,2046.0988,601.9075,0.0000,0.0000,0.0000
25.1333,19.7359,-7.4267,26409.4408,2048.9387,602.5283,0.0000,0.0000,0.0000
25.1500,19.7356,-7.4550,26444.0549,2051.7748,603.1491,0.0000,0.0000,0.0000
25.1667,19.7352,-7.4833,26478.6482,2054.6069,603.7700,0.0000,0.0000,0.0000
25.1833,19.7349,-7.5117,26513.2161,2057.4351,604.3908,0.0000,0.0000,0.0000
25.2000,19.7345,-7.5400,26547.7549,2060.2592,605.0116,0.0000,0.0000,0.0000
25.2167,19.7342,-7.5683,26582.2618,2063.0793,605.6325,0.0000,0.0000,0.0000
25.2333,19.7338,-7.5967,26616.7346,2065.8953,606.2533,0.0000,0.0000,0.0000
25.2500,19.7335,-7.6250,26651.1715,2068.7072,606.8742,0.0000,0.0000,0.0000
25.2667,19.7331,-7.6533,26685.5712,2071.5149,607.4951,0.0000,0.0000,0.0000
25.2833,19.7328,-7.6817,26719.9325,2074.3184,608.1159,0.0000,0.0000,0.0000
25.3000,19.7325,-7.7100,26754.2545,2077.1177,608.7368,0.0000,0.0000,0.0000
25.3167,19.7321,-7.7383,26788.5365,2079.9128,609.3577,0.0000,0.0000,0.0000
25.3333,19.7318,-7.7667,26822.7778,2082.7036,609.9786,0.0000,0.0000,0.0000
25.3500,19.7314,-7.7950,26856.9781,2085.4902,610.5995,0.0000,0.0000,0.0000
25.3667,19.7311,-7.8233,26891.1369,2088.2725,611.2205,0.0000,0.0000,0.0000
25.3833,19.7307,-7.8517,26925.2538,2091.0505,611.8414,0.0000,0.0000,0.0000
25.4000,19.7304,-7.8800,26959.3287,2093.8242,612.4623,0.0000,0.0000,0.0000
25.4167,19.7301,-7.9083,26993.3613,2096.5936,613.0833,0.0000,0.0000,0.0000
25.4333,19.7297,-7.9367,27027.3516,2099.3587,613.7042,0.0000,0.0000,0.0000
25.4500,19.7294,-7.9650,27061.2993,2102.1196,614.3252,0.0000,0.0000,0.0000
25.4667,19.7290,-7.9933,27095.2044,2104.8761,614.9462,0.0000,0.0000,0.0000
25.4833,19.7287,-8.0217,27129.0669,2107.6284,615.5672,0.0000,0.0000,0.0000
25.5000,19.7284,-8.0500,27162.8867,2110.3763,616.1882,0.0000,0.0000,0.0000
25.5167,19.7280,-8.0783,27196.6639,2113.1200,616.8092,0.0000,0.0000,0.0000
25.5333,19.7277,-8.1067,27230.3986,2115.8595,617.4302,0.0000,0.0000,0.0000
25.5500,19.7274,-8.1350,27264.0907,2118.5947,618.0512,0.0000,0.0000,0.0000
25.5667,19.7270,-8.1633,27297.7404,2121.3257,618.6722,0.0000,0.0000,0.0000
25.5833,19.7267,-8.1917,27331.3477,2124.0525,619.2933,0.0000,0.0000,0.0000
25.6000,19.7264,-8.2200,27364.9128,2126.7750,619.9143,0.0000,0.0000,0.0000
25.6167,19.7260,-8.2483,27398.4357,2129.4934,620.5354,0.0000,0.0000,0.0000
25.6333,19.7257,-8.2767,27431.9167,2132.2076,621.1565,0.0000,0.0000,0.0000
25.6500,19.7253,-8.3050,27465.3558,2134.9177,621.7776,0.0000,0.0000,0.0000
25.6667,19.7250,-8.3333,27498.7533,2137.6236,622.3986,0.0000,0.0000,0.0000
25.6833,19.7247,-8.3617,27532.1092,2140.3254,623.0197,0.0000,0.0000,0.0000
25.7000,19.7243,-8.3900,27565.4238,2143.0232,623.6409,0.0000,0.0000,0.0000
25.7167,19.7240,-8.4183,27598.6973,2145.7169,624.2620,0.0000,0.0000,0.0000
25.7333,19.7237,-8.4467,27631.9298,2148.4065,624.8831,0.0000,0.0000,0.0000
25.7500,19.7233,-8.4750,27665.1215,2151.0921,625.5042,0.0000,0.0000,0.0000
25.7667,19.7230,-8.5033,27698.2726,2153.7736,626.1254,0.0000,0.0000,0.0000
25.7833,19.7227,-8.5317,27731.3834,2156.4512,626.7465,0.0000,0.0000,0.0000
25.8000,19.7224,-8.5600,27764.4539,2159.1249,627.3677,0.0000,0.0000,0.0000
25.8167,19.7220,-8.5883,27797.4845,2161.7946,627.9889,0.0000,0.0000,0.0000
25.8333,19.7217,-8.6167,27830.4754,2164.4603,628.6100,0.0000,0.0000,0.0000
25.8500,19.7214,-8.6450,27863.4267,2167.1222,629.2312,0.0000,0.0000,0.0000
25.8667,19.7210,-8.6733,27896.3386,2169.7802,629.8524,0.0000,0.0000,0.0000
25.8833,19.7207,-8.7017,27929.2114,2172.4344,630.4736,0.0000,0.0000,0.0000
25.9000,19.7204,-8.7300,27962.0454,2175.0847,631.0949,0.0000,0.0000,0.0000
25.9167,19.7201,-8.7583,27994.8406,2177.7311,631.7161,0.0000,0.0000,0.0000
25.9333,19.7197,-8.7867,28027.5973,2180.3738,632.3373,0.0000,0.0000,0.0000
25.9500,19.7194,-8.8150,28060.3157,2183.0128,632.9586,0.0000,0.0000,0.0000
25.9667,19.7191,-8.8433,28092.9961,2185.6479,633.5798,0.0000,0.0000,0.0000
25.9833,19.7187,-8.8717,28125.6386,2188.2794,634.2011,0.0000,0.0000,0.0000
26.0000,19.7184,-8.9000,28158.2435,2190.9071,634.8223,0.0000,0.0000,0.0000
26.0167,19.7181,-8.9083,28187.9478,2192.8221,635.0006,0.0000,0.0000,0.0000
26.0333,19.7178,-8.9167,28215.4837,2194.7412,635.1793,0.0000,0.0000,0.0000
26.0500,19.7176,-8.9250,28241.3949,2196.6618,635.3584,0.0000,0.0000,0.0000
26.0667,19.7173,-8.9333,28266.0847,2198.5820,635.5378,0.0000,0.0000,0.0000
26.0833,19.7171,-8.9417,28289.8521,2200.5001,635.7174,0.0000,0.0000,0.0000
26.1000,19.7169,-8.9500,28312.9181,2202.4147,635.8971,0.0000,0.0000,0.0000
26.1167,19.7166,-8.9583,28335.4457,2204.3246,636.0770,0.0000,0.0000,0.0000
26.1333,19.7164,-8.9667,28357.5549,2206.2289,636.2569,0.0000,0.0000,0.0000
26.1500,19.7162,-8.9750,28379.3335,2208.1266,636.4370,0.0000,0.0000,0.0000
26.1667,19.7160,-8.9833,28400.8455,2210.0168,636.6170,0.0000,0.0000,0.0000
26.1833,19.7158,-8.9917,28422.1371,2211.8990,636.7972,0.0000,0.0000,0.0000
26.2000,19.7156,-9.0000,28443.2417,2213.7725,636.9773,0.0000,0.0000,0.0000
26.2167,19.7154,-9.0083,28464.1827,2215.6367,637.1575,0.0000,0.0000,0.0000
26.2333,19.7152,-9.0167,28484.9767,2217.4911,637.3378,0.0000,0.0000,0.0000
26.2500,19.7149,-9.0250,28505.6350,2219.3353,637.5181,0.0000,0.0000,0.0000
26.2667,19.7147,-9.0333,28526.1651,2221.1690,637.6984,0.0000,0.0000,0.0000
26.2833,19.7145,-9.0417,28546.5718,2222.9917,637.8787,0.0000,0.0000,0.0000
26.3000,19.7143,-9.0500,28566.8581,2224.8033,638.0590,0.0000,0.0000,0.0000
26.3167,19.7141,-9.0583,28587.0254,2226.6034,638.2394,0.0000,0.0000,0.0000
26.3333,19.7139,-9.0667,28607.0745,2228.3917,638.4198,0.0000,0.0000,0.0000
26.3500,19.7137,-9.0750,28627.0052,2230.1683,638.6002,0.0000,0.0000,0.0000
26.3667,19.7135,-9.0833,28646.8171,2231.9328,638.7807,0.0000,0.0000,0.0000
26.3833,19.7133,-9.0917,28666.5096,2233.6851,638.9612,0.0000,0.0000,0.0000
26.4000,19.7131,-9.1000,28686.0820,2235.4252,639.1417,0.0000,0.0000,0.0000
26.4167,19.7129,-9.1083,28705.5334,2237.1529,639.3222,0.0000,0.0000,0.0000
26.4333,19.7128,-9.1167,28724.8633,2238.8682,639.5028,0.0000,0.0000,0.0000
26.4500,19.7126,-9.1250,28744.0708,2240.5710,639.6834,0.0000,0.0000,0.0000
26.4667,19.7124,-9.1333,28763.1556,2242.2614,639.8640,0.0000,0.0000,0.0000
26.4833,19.7122,-9.1417,28782.1171,2243.9393,640.0447,0.0000,0.0000,0.0000
26.5000,19.7120,-9.1500,28800.9550,2245.6047,640.2253,0.0000,0.0000,0.0000
26.5167,19.7118,-9.1583,28819.6693,2247.2577,640.4060,0.0000,0.0000,0.0000
26.5333,19.7116,-9.1667,28838.2598,2248.8982,640.5868,0.0000,0.0000,0.0000
26.5500,19.7114,-9.1750,28856.7267,2250.5265,640.7675,0.0000,0.0000,0.0000
26.5667,19.7112,-9.1833,28875.0703,2252.1424,640.9483,0.0000,0.0000,0.0000
26.5833,19.7111,-9.1917,28893.2909,2253.7461,641.1291,0.0000,0.0000,0.0000
26.6000,19.7109,-9.2000,28911.3890,2255.3377,641.3099,0.0000,0.0000,0.0000
26.6167,19.7107,-9.2083,28929.3651,2256.9172,641.4908,0.0000,0.0000,0.0000
26.6333,19.7105,-9.2167,28947.2199,2258.4848,641.6717,0.0000,0.0000,0.0000
26.6500,19.7104,-9.2250,28964.9543,2260.0406,641.8526,0.0000,0.0000,0.0000
26.6667,19.7102,-9.2333,28982.5690,2261.5846,642.0336,0.0000,0.0000,0.0000
26.6833,19.7100,-9.2417,29000.0651,2263.1170,642.2145,0.0000,0.0000,0.0000
26.7000,19.7098,-9.2500,29017.4435,2264.6380,642.3955,0.0000,0.0000,0.0000
26.7167,19.7097,-9.2583,29034.7052,2266.1476,642.5766,0.0000,0.0000,0.0000
26.7333,19.7095,-9.2667,29051.8515,2267.6459,642.7576,0.0000,0.0000,0.0000
26.7500,19.7093,-9.2750,29068.8834,2269.1332,642.9387,0.0000,0.0000,0.0000
26.7667,19.7091,-9.2833,29085.8023,2270.6095,643.1198,0.0000,0.0000,0.0000
26.7833,19.7090,-9.2917,29102.6094,2272.0749,643.3009,0.0000,0.0000,0.0000
26.8000,19.7088,-9.3000,29119.3060,2273.5297,643.4821,0.0000,0.0000,0.0000
26.8167,19.7086,-9.3083,29135.8934,2274.9740,643.6632,0.0000,0.0000,0.0000
26.8333,19.7085,-9.3167,29152.3729,2276.4079,643.8444,0.0000,0.0000,0.0000
26.8500,19.7083,-9.3250,29168.7461,2277.8315,644.0256,0.0000,0.0000,0.0000
26.8667,19.7081,-9.3333,29185.0142,2279.2450,644.2069,0.0000,0.0000,0.0000
26.8833,19.7080,-9.3417,29201.1787,2280.6486,644.3882,0.0000,0.0000,0.0000
26.9000,19.7078,-9.3500,29217.2410,2282.0424,644.5694,0.0000,0.0000,0.0000
26.9167,19.7077,-9.3583,29233.2025,2283.4265,644.7508,0.0000,0.0000,0.0000
26.9333,19.7075,-9.3667,29249.0647,2284.8011,644.9321,0.0000,0.0000,0.0000
26.9500,19.7074,-9.3750,29264.8291,2286.1663,645.1135,0.0000,0.0000,0.0000
26.9667,19.7072,-9.3833,29280.4970,2287.5223,645.2948,0.0000,0.0000,0.0000
26.9833,19.7070,-9.3917,29296.0699,2288.8692,645.4762,0.0000,0.0000,0.0000
27.0000,19.7069,-9.4000,29311.5492,2290.2072,645.6576,0.0000,0.0000,0.0000
27.0167,19.7067,-9.4200,29328.6070,2291.9501,646.0975,0.0000,0.0000,0.0000
27.0333,19.7065,-9.4400,29346.8178,2293.6800,646.5371,0.0000,0.0000,0.0000
27.0500,19.7063,-9.4600,29365.8663,2295.3985,646.9765,0.0000,0.0000,0.0000
27.0667,19.7061,-9.4800,29385.5187,2297.1069,647.4158,0.0000,0.0000,0.0000
27.0833,19.7059,-9.5000,29405.6026,2298.8063,647.8550,0.0000,0.0000,0.0000
27.1000,19.7057,-9.5200,29425.9906,2300.4978,648.2941,0.0000,0.0000,0.0000
27.1167,19.7055,-9.5400,29446.5894,2302.1821,648.7332,0.0000,0.0000,0.0000
27.1333,19.7053,-9.5600,29467.3309,2303.8603,649.1723,0.0000,0.0000,0.0000
27.1500,19.7051,-9.5800,29488.1659,2305.5328,649.6113,0.0000,0.0000,0.0000
27.1667,19.7049,-9.6000,29509.0587,2307.2005,650.0503,0.0000,0.0000,0.0000
27.1833,19.7047,-9.6200,29529.9844,2308.8638,650.4893,0.0000,0.0000,0.0000
27.2000,19.7045,-9.6400,29550.9253,2310.5235,650.9283,0.0000,0.0000,0.0000
27.2167,19.7043,-9.6600,29571.8698,2312.1799,651.3673,0.0000,0.0000,0.0000
27.2333,19.7041,-9.6800,29592.8099,2313.8335,651.8063,0.0000,0.0000,0.0000
27.2500,19.7039,-9.7000,29613.7409,2315.4848,652.2453,0.0000,0.0000,0.0000
27.2667,19.7037,-9.7200,29634.6601,2317.1341,652.6843,0.0000,0.0000,0.0000
27.2833,19.7034,-9.7400,29655.5666,2318.7818,653.1233,0.0000,0.0000,0.0000
27.3000,19.7032,-9.7600,29676.4603,2320.4283,653.5623,0.0000,0.0000,0.0000
27.3167,19.7030,-9.7800,29697.3420,2322.0737,654.0013,0.0000,0.0000,0.0000
27.3333,19.7028,-9.8000,29718.2128,2323.7185,654.4404,0.0000,0.0000,0.0000
27.3500,19.7026,-9.8200,29739.0744,2325.3629,654.8794,0.0000,0.0000,0.0000
27.3667,19.7024,-9.8400,29759.9286,2327.0070,655.3184,0.0000,0.0000,0.0000
27.3833,19.7022,-9.8600,29780.7771,2328.6511,655.7574,0.0000,0.0000,0.0000
27.4000,19.7020,-9.8800,29801.6218,2330.2954,656.1964,0.0000,0.0000,0.0000
27.4167,19.7018,-9.9000,29822.4644,2331.9401,656.6355,0.0000,0.0000,0.0000
27.4333,19.7016,-9.9200,29843.3069,2333.5852,657.0745,0.0000,0.0000,0.0000
27.4500,19.7014,-9.9400,29864.1507,2335.2310,657.5135,0.0000,0.0000,0.0000
27.4667,19.7012,-9.9600,29884.9974,2336.8776,657.9525,0.0000,0.0000,0.0000
27.4833,19.7009,-9.9800,29905.8485,2338.5250,658.3915,0.0000,0.0000,0.0000
27.5000,19.7007,-10.0000,29926.7054,2340.1734,658.8306,0.0000,0.0000,0.0000
27.5167,19.7005,-10.0200,29947.5691,2341.8229,659.2696,0.0000,0.0000,0.0000
27.5333,19.7003,-10.0400,29968.4408,2343.4735,659.7086,0.0000,0.0000,0.0000
27.5500,19.7001,-10.0600,29989.3215,2345.1253,660.1476,0.0000,0.0000,0.0000
27.5667,19.6999,-10.0800,30010.2120,2346.7783,660.5866,0.0000,0.0000,0.0000
27.5833,19.6997,-10.1000,30031.1131,2348.4326,661.0256,0.0000,0.0000,0.0000
27.6000,19.6995,-10.1200,30052.0254,2350.0883,661.4646,0.0000,0.0000,0.0000
27.6167,19.6993,-10.1400,30072.9496,2351.7453,661.9037,0.0000,0.0000,0.0000
27.6333,19.6991,-10.1600,30093.8860,2353.4037,662.3427,0.0000,0.0000,0.0000
27.6500,19.6989,-10.1800,30114.8352,2355.0635,662.7817,0.0000,0.0000,0.0000
27.6667,19.6986,-10.2000,30135.7974,2356.7247,663.2206,0.0000,0.0000,0.0000
27.6833,19.6984,-10.2200,30156.7728,2358.3873,663.6596,0.0000,0.0000,0.0000
27.7000,19.6982,-10.2400,30177.7617,2360.0513,664.0986,0.0000,0.0000,0.0000
27.7167,19.6980,-10.2600,30198.7642,2361.7167,664.5376,0.0000,0.0000,0.0000
27.7333,19.6978,-10.2800,30219.7803,2363.3835,664.9766,0.0000,0.0000,0.0000
27.7500,19.6976,-10.3000,30240.8100,2365.0516,665.4156,0.0000,0.0000,0.0000
27.7667,19.6974,-10.3200,30261.8533,2366.7211,665.8546,0.0000,0.0000,0.0000
27.7833,19.6972,-10.3400,30282.9101,2368.3920,666.2935,0.0000,0.0000,0.0000
27.8000,19.6970,-10.3600,30303.9803,2370.0641,666.7325,0.0000,0.0000,0.0000
27.8167,19.6967,-10.3800,30325.0637,2371.7375,667.1715,0.0000,0.0000,0.0000
27.8333,19.6965,-10.4000,30346.1601,2373.4121,667.6104,0.0000,0.0000,0.0000
27.8500,19.6963,-10.4200,30367.2693,2375.0880,668.0494,0.0000,0.0000,0.0000
27.8667,19.6961,-10.4400,30388.3909,2376.7650,668.4884,0.0000,0.0000,0.0000
27.8833,19.6959,-10.4600,30409.5248,2378.4431,668.9273,0.0000,0.0000,0.0000
27.9000,19.6957,-10.4800,30430.6705,2380.1224,669.3663,0.0000,0.0000,0.0000
27.9167,19.6955,-10.5000,30451.8278,2381.8026,669.8052,0.0000,0.0000,0.0000
27.9333,19.6953,-10.5200,30472.9962,2383.4839,670.2442,0.0000,0.0000,0.0000
27.9500,19.6951,-10.5400,30494.1755,2385.1662,670.6831,0.0000,0.0000,0.0000
27.9667,19.6948,-10.5600,30515.3651,2386.8494,671.1221,0.0000,0.0000,0.0000
27.9833,19.6946,-10.5800,30536.5648,2388.5335,671.5610,0.0000,0.0000,0.0000
28.0000,19.6944,-10.6000,30557.7739,2390.2183,672.0000,0.0000,0.0000,0.0000
28.0167,19.6942,-10.6183,30578.7535,2391.8449,672.4020,0.0000,0.0000,0.0000
28.0333,19.6940,-10.6367,30599.5639,2393.4727,672.8040,0.0000,0.0000,0.0000
28.0500,19.6938,-10.6550,30620.2500,2395.1016,673.2061,0.0000,0.0000,0.0000
28.0667,19.6936,-10.6733,30640.8447,2396.7314,673.6082,0.0000,0.0000,0.0000
28.0833,19.6934,-10.6917,30661.3724,2398.3618,674.0104,0.0000,0.0000,0.0000
28.1000,19.6932,-10.7100,30681.8510,2399.9927,674.4125,0.0000,0.0000,0.0000
28.1167,19.6930,-10.7283,30702.2934,2401.6238,674.8146,0.0000,0.0000,0.0000
28.1333,19.6928,-10.7467,30722.7089,2403.2551,675.2168,0.0000,0.0000,0.0000
28.1500,19.6926,-10.7650,30743.1042,2404.8864,675.6189,0.0000,0.0000,0.0000
28.1667,19.6924,-10.7833,30763.4839,2406.5175,676.0211,0.0000,0.0000,0.0000
28.1833,19.6922,-10.8017,30783.8512,2408.1482,676.4232,0.0000,0.0000,0.0000
28.2000,19.6920,-10.8200,30804.2080,2409.7786,676.8254,0.0000,0.0000,0.0000
28.2167,19.6918,-10.8383,30824.5557,2411.4084,677.2276,0.0000,0.0000,0.0000
28.2333,19.6916,-10.8567,30844.8949,2413.0376,677.6297,0.0000,0.0000,0.0000
28.2500,19.6913,-10.8750,30865.2257,2414.6659,678.0319,0.0000,0.0000,0.0000
28.2667,19.6911,-10.8933,30885.5481,2416.2934,678.4341,0.0000,0.0000,0.0000
28.2833,19.6909,-10.9117,30905.8617,2417.9200,678.8362,0.0000,0.0000,0.0000
28.3000,19.6907,-10.9300,30926.1661,2419.5454,679.2384,0.0000,0.0000,0.0000
28.3167,19.6905,-10.9483,30946.4607,2421.1697,679.6406,0.0000,0.0000,0.0000
28.3333,19.6903,-10.9667,30966.7447,2422.7927,680.0428,0.0000,0.0000,0.0000
28.3500,19.6901,-10.9850,30987.0175,2424.4143,680.4449,0.0000,0.0000,0.0000
28.3667,19.6899,-11.0033,31007.2783,2426.0346,680.8471,0.0000,0.0000,0.0000
28.3833,19.6897,-11.0217,31027.5263,2427.6533,681.2493,0.0000,0.0000,0.0000
28.4000,19.6895,-11.0400,31047.7608,2429.2704,681.6515,0.0000,0.0000,0.0000
28.4167,19.6893,-11.0583,31067.9809,2430.8858,682.0537,0.0000,0.0000,0.0000
28.4333,19.6891,-11.0767,31088.1858,2432.4995,682.4559,0.0000,0.0000,0.0000
28.4500,19.6889,-11.0950,31108.3748,2434.1113,682.8581,0.0000,0.0000,0.0000
28.4667,19.6887,-11.1133,31128.5470,2435.7212,683.2603,0.0000,0.0000,0.0000
28.4833,19.6885,-11.1317,31148.7016,2437.3290,683.6625,0.0000,0.0000,0.0000
28.5000,19.6883,-11.1500,31168.8378,2438.9348,684.0647,0.0000,0.0000,0.0000
28.5167,19.6881,-11.1683,31188.9548,2440.5384,684.4669,0.0000,0.0000,0.0000
28.5333,19.6879,-11.1867,31209.0516,2442.1397,684.8691,0.0000,0.0000,0.0000
28.5500,19.6877,-11.2050,31229.1273,2443.7386,685.2713,0.0000,0.0000,0.0000
28.5667,19.6875,-11.2233,31249.1811,2445.3350,685.6736,0.0000,0.0000,0.0000
28.5833,19.6873,-11.2417,31269.2119,2446.9289,686.0758,0.0000,0.0000,0.0000
28.6000,19.6871,-11.2600,31289.2187,2448.5199,686.4780,0.0000,0.0000,0.0000
28.6167,19.6869,-11.2783,31309.2003,2450.1082,686.8803,0.0000,0.0000,0.0000
28.6333,19.6867,-11.2967,31329.1554,2451.6933,687.2825,0.0000,0.0000,0.0000
28.6500,19.6865,-11.3150,31349.0827,2453.2753,687.6848,0.0000,0.0000,0.0000
28.6667,19.6863,-11.3333,31368.9807,2454.8538,688.0870,0.0000,0.0000,0.0000
28.6833,19.6861,-11.3517,31388.8473,2456.4286,688.4893,0.0000,0.0000,0.0000
28.7000,19.6859,-11.3700,31408.6807,2457.9994,688.8916,0.0000,0.0000,0.0000
28.7167,19.6857,-11.3883,31428.4781,2459.5658,689.2939,0.0000,0.0000,0.0000
28.7333,19.6855,-11.4067,31448.2363,2461.1273,689.6962,0.0000,0.0000,0.0000
28.7500,19.6853,-11.4250,31467.9511,2462.6831,690.0985,0.0000,0.0000,0.0000
28.7667,19.6851,-11.4433,31487.6164,2464.2320,690.5008,0.0000,0.0000,0.0000
28.7833,19.6849,-11.4617,31507.2228,2465.7719,690.9031,0.0000,0.0000,0.0000
28.8000,19.6847,-11.4800,31526.7485,2467.2952,691.3054,0.0000,0.0000,0.0000
28.8167,19.6845,-11.4983,31546.1594,2468.8041,691.7078,0.0000,0.0000,0.0000
28.8333,19.6843,-11.5167,31565.5180,2470.3205,692.1102,0.0000,0.0000,0.0000
28.8500,19.6842,-11.5350,31584.8444,2471.8409,692.5126,0.0000,0.0000,0.0000
28.8667,19.6840,-11.5533,31604.1537,2473.3643,692.9150,0.0000,0.0000,0.0000
28.8833,19.6838,-11.5717,31623.4557,2474.8899,693.3174,0.0000,0.0000,0.0000
28.9000,19.6836,-11.5900,31642.7568,2476.4174,693.7198,0.0000,0.0000,0.0000
28.9167,19.6834,-11.6083,31662.0612,2477.9464,694.1222,0.0000,0.0000,0.0000
28.9333,19.6832,-11.6267,31681.3714,2479.4768,694.5246,0.0000,0.0000,0.0000
28.9500,19.6830,-11.6450,31700.6890,2481.0084,694.9269,0.0000,0.0000,0.0000
28.9667,19.6828,-11.6633,31720.0146,2482.5411,695.3293,0.0000,0.0000,0.0000
28.9833,19.6826,-11.6817,31739.3486,2484.0746,695.7317,0.0000,0.0000,0.0000
29.0000,19.6824,-11.7000,31758.6910,2485.6090,696.1341,0.0000,0.0000,0.0000
29.0167,19.6822,-11.7083,31776.6083,2486.7890,696.3150,0.0000,0.0000,0.0000
29.0333,19.6821,-11.7167,31793.4652,2487.9729,696.4961,0.0000,0.0000,0.0000
29.0500,19.6819,-11.7250,31809.5329,2489.1598,696.6774,0.0000,0.0000,0.0000
29.0667,19.6817,-11.7333,31825.0132,2490.3487,696.8588,0.0000,0.0000,0.0000
29.0833,19.6816,-11.7417,31840.0554,2491.5390,697.0403,0.0000,0.0000,0.0000
29.1000,19.6815,-11.7500,31854.7705,2492.7300,697.2219,0.0000,0.0000,0.0000
29.1167,19.6813,-11.7583,31869.2406,2493.9212,697.4035,0.0000,0.0000,0.0000
29.1333,19.6812,-11.7667,31883.5260,2495.1122,697.5852,0.0000,0.0000,0.0000
29.1500,19.6810,-11.7750,31897.6714,2496.3027,697.7669,0.0000,0.0000,0.0000
29.1667,19.6809,-11.7833,31911.7093,2497.4922,697.9487,0.0000,0.0000,0.0000
29.1833,19.6807,-11.7917,31925.6636,2498.6805,698.1304,0.0000,0.0000,0.0000
29.2000,19.6806,-11.8000,31939.5514,2499.8674,698.3122,0.0000,0.0000,0.0000
29.2167,19.6805,-11.8083,31953.3850,2501.0525,698.4940,0.0000,0.0000,0.0000
29.2333,19.6803,-11.8167,31967.1733,2502.2358,698.6758,0.0000,0.0000,0.0000
29.2500,19.6802,-11.8250,31980.9224,2503.4170,698.8576,0.0000,0.0000,0.0000
29.2667,19.6801,-11.8333,31994.6364,2504.5959,699.0394,0.0000,0.0000,0.0000
29.2833,19.6799,-11.8417,32008.3181,2505.7724,699.2212,0.0000,0.0000,0.0000
29.3000,19.6798,-11.8500,32021.9693,2506.9464,699.4030,0.0000,0.0000,0.0000
29.3167,19.6797,-11.8583,32032.2086,2507.9220,699.5856,0.0000,0.0000,0.0000
29.3333,19.6795,-11.8667,32046.1527,2509.0888,699.7674,0.0000,0.0000,0.0000
29.3500,19.6794,-11.8750,32056.5507,2510.0595,699.9499,0.0000,0.0000,0.0000
29.3667,19.6793,-11.8833,32067.1587,2511.0269,700.1324,0.0000,0.0000,0.0000
29.3833,19.6792,-11.8917,32081.4685,2512.1840,700.3141,0.0000,0.0000,0.0000
29.4000,19.6791,-11.9000,32092.0633,2513.1478,700.4966,0.0000,0.0000,0.0000
29.4167,19.6790,-11.9083,32102.8177,2514.1086,700.6791,0.0000,0.0000,0.0000
29.4333,19.6789,-11.9167,32113.6964,2515.0668,700.8615,0.0000,0.0000,0.0000
29.4500,19.6787,-11.9250,32128.2654,2516.2128,701.0431,0.0000,0.0000,0.0000
29.4667,19.6786,-11.9333,32138.9925,2517.1683,701.2256,0.0000,0.0000,0.0000
29.4833,19.6785,-11.9417,32149.8388,2518.1212,701.4081,0.0000,0.0000,0.0000
29.5000,19.6784,-11.9500,32160.7769,2519.0716,701.5905,0.0000,0.0000,0.0000
29.5167,19.6783,-11.9583,32171.7855,2520.0200,701.7729,0.0000,0.0000,0.0000
29.5333,19.6781,-11.9667,32186.4633,2521.1538,701.9545,0.0000,0.0000,0.0000
29.5500,19.6780,-11.9750,32197.2342,2522.1003,702.1370,0.0000,0.0000,0.0000
29.5667,19.6779,-11.9833,32208.0991,2523.0444,702.3194,0.0000,0.0000,0.0000
29.5833,19.6778,-11.9917,32219.0362,2523.9864,702.5018,0.0000,0.0000,0.0000
29.6000,19.6777,-12.0000,32230.0281,2524.9265,702.6842,0.0000,0.0000,0.0000
29.6167,19.6776,-12.0083,32241.0611,2525.8649,702.8666,0.0000,0.0000,0.0000
29.6333,19.6774,-12.0167,32255.7364,2526.9863,703.0482,0.0000,0.0000,0.0000
29.6500,19.6773,-12.0250,32266.4861,2527.9235,703.2307,0.0000,0.0000,0.0000
29.6667,19.6772,-12.0333,32277.3169,2528.8586,703.4132,0.0000,0.0000,0.0000
29.6833,19.6771,-12.0417,32288.2097,2529.7918,703.5956,0.0000,0.0000,0.0000
29.7000,19.6770,-12.0500,32299.1496,2530.7234,703.7780,0.0000,0.0000,0.0000
29.7167,19.6769,-12.0583,32310.1247,2531.6535,703.9604,0.0000,0.0000,0.0000
29.7333,19.6768,-12.0667,32321.1258,2532.5823,704.1429,0.0000,0.0000,0.0000
29.7500,19.6767,-12.0750,32332.1454,2533.5098,704.3253,0.0000,0.0000,0.0000
29.7667,19.6765,-12.0833,32346.7756,2534.6176,704.5069,0.0000,0.0000,0.0000
29.7833,19.6764,-12.0917,32357.4778,2535.5446,704.6893,0.0000,0.0000,0.0000
29.8000,19.6763,-12.1000,32368.2514,2536.4698,704.8718,0.0000,0.0000,0.0000
29.8167,19.6762,-12.1083,32379.0798,2537.3935,705.0543,0.0000,0.0000,0.0000
29.8333,19.6761,-12.1167,32389.9499,2538.3159,705.2367,0.0000,0.0000,0.0000
29.8500,19.6760,-12.1250,32400.8514,2539.2370,705.4191,0.0000,0.0000,0.0000
29.8667,19.6759,-12.1333,32411.7763,2540.1570,705.6016,0.0000,0.0000,0.0000
29.8833,19.6758,-12.1417,32422.7180,2541.0759,705.7840,0.0000,0.0000,0.0000
29.9000,19.6757,-12.1500,32433.6714,2541.9939,705.9664,0.0000,0.0000,0.0000
29.9167,19.6756,-12.1583,32444.6324,2542.9109,706.1488,0.0000,0.0000,0.0000
29.9333,19.6754,-12.1667,32459.1712,2544.0055,706.3305,0.0000,0.0000,0.0000
29.9500,19.6753,-12.1750,32469.8000,2544.9228,706.5130,0.0000,0.0000,0.0000
29.9667,19.6752,-12.1833,32480.4960,2545.8385,706.6954,0.0000,0.0000,0.0000
29.9833,19.6751,-12.1917,32491.2440,2546.7529,706.8779,0.0000,0.0000,0.0000
30.0000,19.6750,-12.2000,32502.0320,2547.6663,707.0604,0.0000,0.0000,0.0000
30.0167,19.6749,-12.2000,32511.9264,2548.2796,707.0582,0.4734,0.0000,0.0000
30.0333,19.6748,-12.2000,32521.0975,2548.8925,707.0561,0.9468,0.0000,0.0000
30.0500,19.6747,-12.2000,32529.6821,2549.5047,707.0542,1.4202,0.0000,0.0000
30.0667,19.6746,-12.2000,32537.7905,2550.1158,707.0524,1.8936,0.0000,0.0000
30.0833,19.6745,-12.2000,32545.5111,2550.7255,707.0507,2.3670,0.0000,0.0000
30.1000,19.6745,-12.2000,32552.9148,2551.3335,707.0491,2.8404,0.0000,0.0000
30.1167,19.6744,-12.2000,32560.0585,2551.9395,707.0475,3.3138,0.0000,0.0000
30.1333,19.6743,-12.2000,32566.9875,2552.5432,707.0460,3.7872,0.0000,0.0000
30.1500,19.6743,-12.2000,32573.7381,2553.1444,707.0445,4.2606,0.0000,0.0000
30.1667,19.6742,-12.2000,32580.3390,2553.7428,707.0430,4.7340,0.0000,0.0000
30.1833,19.6741,-12.2000,32586.8131,2554.3381,707.0416,5.2074,0.0000,0.0000
30.2000,19.6741,-12.2000,32593.1784,2554.9303,707.0401,5.6808,0.0000,0.0000
30.2167,19.6740,-12.2000,32599.4491,2555.5189,707.0388,6.1542,0.0000,0.0000
30.2333,19.6739,-12.2000,32605.6363,2556.1039,707.0374,6.6276,0.0000,0.0000
30.2500,19.6739,-12.2000,32611.7487,2556.6851,707.0360,7.1010,0.0000,0.0000
30.2667,19.6738,-12.2000,32617.7927,2557.2622,707.0347,7.5744,0.0000,0.0000
30.2833,19.6738,-12.2000,32623.7735,2557.8351,707.0334,8.0478,0.0000,0.0000
30.3000,19.6737,-12.2000,32629.6949,2558.4037,707.0320,8.5212,0.0000,0.0000
30.3167,19.6736,-12.2000,32635.5598,2558.9679,707.0307,8.9946,0.0000,0.0000
30.3333,19.6736,-12.2000,32641.3701,2559.5275,707.0295,9.4680,0.0000,0.0000
30.3500,19.6735,-12.2000,32647.1274,2560.0823,707.0282,9.9414,0.0000,0.0000
30.3667,19.6735,-12.2000,32652.8324,2560.6324,707.0269,10.4148,0.0000,0.0000
30.3833,19.6734,-12.2000,32658.4859,2561.1775,707.0257,10.8882,0.0000,0.0000
30.4000,19.6734,-12.2000,32664.0882,2561.7176,707.0244,11.3616,0.0000,0.0000
30.4167,19.6733,-12.2000,32669.6393,2562.2527,707.0232,11.8350,0.0000,0.0000
30.4333,19.6732,-12.2000,32675.1393,2562.7826,707.0220,12.3084,0.0000,0.0000
30.4500,19.6732,-12.2000,32680.5879,2563.3073,707.0208,12.7818,0.0000,0.0000
30.4667,19.6731,-12.2000,32685.9848,2563.8267,707.0196,13.2552,0.0000,0.0000
30.4833,19.6731,-12.2000,32691.3300,2564.3408,707.0184,13.7286,0.0000,0.0000
30.5000,19.6730,-12.2000,32696.6229,2564.8496,707.0172,14.2020,0.0000,0.0000
30.5167,19.6730,-12.2000,32701.8634,2565.3529,707.0160,14.6754,0.0000,0.0000
30.5333,19.6729,-12.2000,32707.0510,2565.8509,707.0149,15.1488,0.0000,0.0000
30.5500,19.6729,-12.2000,32712.1856,2566.3434,707.0137,15.6222,0.0000,0.0000
30.5667,19.6728,-12.2000,32717.2668,2566.8304,707.0126,16.0956,0.0000,0.0000
30.5833,19.6728,-12.2000,32722.2943,2567.3120,707.0115,16.5690,0.0000,0.0000
30.6000,19.6727,-12.2000,32727.2681,2567.7881,707.0104,17.0424,0.0000,0.0000
30.6167,19.6727,-12.2000,32732.1878,2568.2587,707.0093,17.5158,0.0000,0.0000
30.6333,19.6726,-12.2000,32737.0533,2568.7237,707.0082,17.9892,0.0000,0.0000
30.6500,19.6726,-12.2000,32741.8646,2569.1834,707.0072,18.4626,0.0000,0.0000
30.6667,19.6725,-12.2000,32746.6215,2569.6375,707.0061,18.9360,0.0000,0.0000
30.6833,19.6725,-12.2000,32751.3240,2570.0861,707.0051,19.4094,0.0000,0.0000
30.7000,19.6724,-12.2000,32755.9722,2570.5294,707.0040,19.8828,0.0000,0.0000
30.7167,19.6724,-12.2000,32760.5660,2570.9671,707.0030,20.3562,0.0000,0.0000
30.7333,19.6723,-12.2000,32765.1054,2571.3995,707.0020,20.8296,0.0000,0.0000
30.7500,19.6723,-12.2000,32769.5907,2571.8264,707.0010,21.3030,0.0000,0.0000
30.7667,19.6723,-12.2000,32774.0219,2572.2480,707.0000,21.7764,0.0000,0.0000
30.7833,19.6722,-12.2000,32778.3993,2572.6643,706.9991,22.2498,0.0000,0.0000
30.8000,19.6722,-12.2000,32782.7228,2573.0752,706.9981,22.7232,0.0000,0.0000
30.8167,19.6721,-12.2000,32786.9929,2573.4809,706.9972,23.1966,0.0000,0.0000
30.8333,19.6721,-12.2000,32791.2097,2573.8813,706.9962,23.6700,0.0000,0.0000
30.8500,19.6720,-12.2000,32795.3734,2574.2766,706.9953,24.1434,0.0000,0.0000
30.8667,19.6720,-12.2000,32799.4845,2574.6666,706.9944,24.6168,0.0000,0.0000
30.8833,19.6720,-12.2000,32803.5431,2575.0516,706.9935,25.0902,0.0000,0.0000
30.9000,19.6719,-12.2000,32807.5496,2575.4314,706.9926,25.5636,0.0000,0.0000
30.9167,19.6719,-12.2000,32811.5043,2575.8062,706.9917,26.0370,0.0000,0.0000
30.9333,19.6718,-12.2000,32815.4076,2576.1760,706.9908,26.5104,0.0000,0.0000
30.9500,19.6718,-12.2000,32819.2599,2576.5408,706.9900,26.9838,0.0000,0.0000
30.9667,19.6718,-12.2000,32823.0615,2576.9007,706.9892,27.4572,0.0000,0.0000
30.9833,19.6717,-12.2000,32826.8129,2577.2558,706.9883,27.9306,0.0000,0.0000
31.0000,19.6717,-12.2000,32830.5144,2577.6060,706.9875,28.4040,0.0000,0.0000
31.0167,19.6716,-12.2100,32835.2363,2578.2911,707.2083,32.0334,0.0000,0.0000
31.0333,19.6716,-12.2200,32840.7420,2578.9545,707.4289,35.6628,0.0000,0.0000
31.0500,19.6715,-12.2300,32846.8454,2579.5988,707.6493,39.2922,0.0000,0.0000
31.0667,19.6715,-12.2400,32853.4000,2580.2261,707.8697,42.9216,0.0000,0.0000
31.0833,19.6714,-12.2500,32860.2905,2580.8382,708.0900,46.5510,0.0000,0.0000
31.1000,19.6713,-12.2600,32867.4262,2581.4363,708.3102,50.1804,0.0000,0.0000
31.1167,19.6713,-12.2700,32874.7363,2582.0219,708.5304,53.8098,0.0000,0.0000
31.1333,19.6712,-12.2800,32882.1655,2582.5959,708.7506,57.4392,0.0000,0.0000
31.1500,19.6711,-12.2900,32889.6708,2583.1593,708.9708,61.0686,0.0000,0.0000
31.1667,19.6710,-12.3000,32897.2191,2583.7129,709.1909,64.6980,0.0000,0.0000
31.1833,19.6710,-12.3100,32904.7850,2584.2575,709.4111,68.3274,0.0000,0.0000
31.2000,19.6709,-12.3200,32912.3493,2584.7937,709.6312,71.9568,0.0000,0.0000
31.2167,19.6708,-12.3300,32919.8976,2585.3222,709.8514,75.5862,0.0000,0.0000
31.2333,19.6707,-12.3400,32927.4194,2585.8436,710.0715,79.2156,0.0000,0.0000
31.2500,19.6707,-12.3500,32934.9073,2586.3584,710.2917,82.8450,0.0000,0.0000
31.2667,19.6706,-12.3600,32942.3563,2586.8671,710.5119,86.4744,0.0000,0.0000
31.2833,19.6705,-12.3700,32949.7630,2587.3702,710.7320,90.1038,0.0000,0.0000
31.3000,19.6704,-12.3800,32957.1259,2587.8681,710.9522,93.7332,0.0000,0.0000
31.3167,19.6704,-12.3900,32964.4442,2588.3613,711.1724,97.3626,0.0000,0.0000
31.3333,19.6703,-12.4000,32971.7184,2588.8501,711.3926,100.9920,0.0000,0.0000
31.3500,19.6702,-12.4100,32978.9494,2589.3351,711.6129,104.6214,0.0000,0.0000
31.3667,19.6701,-12.4200,32986.1387,2589.8165,711.8331,108.2508,0.0000,0.0000
31.3833,19.6701,-12.4300,32993.2883,2590.2946,712.0533,111.8802,0.0000,0.0000
31.4000,19.6700,-12.4400,33000.4004,2590.7700,712.2736,115.5096,0.0000,0.0000
31.4167,19.6699,-12.4500,33007.4775,2591.2429,712.4938,119.1390,0.0000,0.0000
31.4333,19.6699,-12.4600,33014.5223,2591.7136,712.7141,122.7684,0.0000,0.0000
31.4500,19.6698,-12.4700,33021.5375,2592.1826,712.9343,126.3978,0.0000,0.0000
31.4667,19.6697,-12.4800,33028.5262,2592.6501,713.1546,130.0272,0.0000,0.0000
31.4833,19.6696,-12.4900,33035.4913,2593.1166,713.3749,133.6566,0.0000,0.0000
31.5000,19.6696,-12.5000,33042.4359,2593.5823,713.5952,137.2860,0.0000,0.0000
31.5167,19.6695,-12.5100,33049.3633,2594.0476,713.8155,140.9154,0.0000,0.0000
31.5333,19.6694,-12.5200,33056.2769,2594.5128,714.0358,144.5448,0.0000,0.0000
31.5500,19.6694,-12.5300,33063.1798,2594.9785,714.2560,148.1742,0.0000,0.0000
31.5667,19.6693,-12.5400,33070.0759,2595.4449,714.4763,151.8036,0.0000,0.0000
31.5833,19.6692,-12.5500,33076.9686,2595.9126,714.6966,155.4330,0.0000,0.0000
31.6000,19.6692,-12.5600,33083.8618,2596.3819,714.9169,159.0624,0.0000,0.0000
31.6167,19.6691,-12.5700,33090.7597,2596.8534,715.1372,162.6918,0.0000,0.0000
31.6333,19.6690,-12.5800,33097.6665,2597.3277,715.3575,166.3212,0.0000,0.0000
31.6500,19.6690,-12.5900,33104.5870,2597.8052,715.5778,169.9506,0.0000,0.0000
31.6667,19.6689,-12.6000,33111.5262,2598.2869,715.7981,173.5800,0.0000,0.0000
31.6833,19.6688,-12.6100,33118.4900,2598.7734,716.0184,177.2094,0.0000,0.0000
31.7000,19.6687,-12.6200,33125.4848,2599.2658,716.2386,180.8388,0.0000,0.0000
31.7167,19.6687,-12.6300,33132.5180,2599.7653,716.4589,184.4682,0.0000,0.0000
31.7333,19.6686,-12.6400,33139.5987,2600.2734,716.6791,188.0976,0.0000,0.0000
31.7500,19.6685,-12.6500,33146.7380,2600.7923,716.8994,191.7270,0.0000,0.0000
31.7667,19.6685,-12.6600,33153.9506,2601.3253,717.1196,195.3564,0.0000,0.0000
31.7833,19.6684,-12.6700,33161.2581,2601.8784,717.3398,198.9858,0.0000,0.0000
31.8000,19.6683,-12.6800,33168.6983,2602.4696,717.5600,202.6152,0.0000,0.0000
31.8167,19.6682,-12.6900,33176.2963,2602.9725,717.7801,206.2446,0.0000,0.0000
31.8333,19.6682,-12.7000,33183.5730,2603.4028,718.0003,209.8740,0.0000,0.0000
31.8500,19.6681,-12.7100,33190.5946,2603.7886,718.2206,213.5034,0.0000,0.0000
31.8667,19.6680,-12.7200,33197.3532,2604.1393,718.4409,217.1328,0.0000,0.0000
31.8833,19.6679,-12.7300,33205.7356,2604.4412,718.6609,220.7622,0.0000,0.0000
31.9000,19.6679,-12.7400,33213.2519,2604.7106,718.8810,224.3916,0.0000,0.0000
31.9167,19.6678,-12.7500,33220.0450,2604.9506,719.1014,228.0210,0.0000,0.0000
31.9333,19.6677,-12.7600,33226.2274,2605.1632,719.3218,231.6504,0.0000,0.0000
31.9500,19.6677,-12.7700,33231.8866,2605.3499,719.5424,235.2798,0.0000,0.0000
31.9667,19.6676,-12.7800,33237.0909,2605.5116,719.7630,238.9092,0.0000,0.0000
31.9833,19.6676,-12.7900,33241.8934,2605.6491,719.9838,242.5386,0.0000,0.0000
32.0000,19.6675,-12.8000,33246.3351,2605.7628,720.2046,246.1680,0.0000,0.0000
32.0167,19.6675,-12.8000,33249.0201,2605.5002,720.2040,249.6396,0.0000,0.0000
32.0333,19.6675,-12.8000,33250.3420,2605.2200,720.2037,253.1112,0.0000,0.0000
32.0500,19.6675,-12.8000,33250.5930,2604.9208,720.2037,256.5828,0.0000,0.0000
32.0667,19.6675,-12.8000,33249.9905,2604.6018,720.2038,260.0544,0.0000,0.0000
32.0833,19.6675,-12.8000,33248.6955,2604.2621,720.2041,263.5260,0.0000,0.0000
32.1000,19.6675,-12.8000,33246.8269,2603.9008,720.2045,266.9976,0.0000,0.0000
32.1167,19.6676,-12.8000,33244.4723,2603.5172,720.2051,270.4692,0.0000,0.0000
32.1333,19.6676,-12.8000,33241.6957,2603.1108,720.2057,273.9408,0.0000,0.0000
32.1500,19.6676,-12.8000,33238.5440,2602.6808,720.2064,277.4124,0.0000,0.0000
32.1667,19.6676,-12.8000,33235.0506,2602.2267,720.2071,280.8840,0.0000,0.0000
32.1833,19.6677,-12.8000,33231.2397,2601.7481,720.2080,284.3556,0.0000,0.0000
32.2000,19.6677,-12.8000,33227.1281,2601.2445,720.2089,287.8272,0.0000,0.0000
32.2167,19.6678,-12.8000,33222.7276,2600.7154,720.2099,291.2988,0.0000,0.0000
32.2333,19.6678,-12.8000,33218.0461,2600.1605,720.2109,294.7704,0.0000,0.0000
32.2500,19.6679,-12.8000,33213.0886,2599.5795,720.2120,298.2420,0.0000,0.0000
32.2667,19.6679,-12.8000,33207.8582,2598.9721,720.2132,301.7136,0.0000,0.0000
32.2833,19.6680,-12.8000,33202.3568,2598.3380,720.2144,305.1852,0.0000,0.0000
32.3000,19.6680,-12.8000,33196.5850,2597.6771,720.2157,308.6568,0.0000,0.0000
32.3167,19.6681,-12.8000,33190.5431,2596.9891,720.2170,312.1284,0.0000,0.0000
32.3333,19.6682,-12.8000,33184.2306,2596.2740,720.2184,315.6000,0.0000,0.0000
32.3500,19.6682,-12.8000,33177.6471,2595.5314,720.2199,319.0716,0.0000,0.0000
32.3667,19.6683,-12.8000,33170.7919,2594.7615,720.2214,322.5432,0.0000,0.0000
32.3833,19.6684,-12.8000,33163.6644,2593.9641,720.2230,326.0148,0.0000,0.0000
32.4000,19.6684,-12.8000,33156.2638,2593.1391,720.2246,329.4864,0.0000,0.0000
32.4167,19.6685,-12.8000,33148.5897,2592.2865,720.2263,332.9580,0.0000,0.0000
32.4333,19.6686,-12.8000,33140.6416,2591.4063,720.2281,336.4296,0.0000,0.0000
32.4500,19.6687,-12.8000,33132.4191,2590.4985,720.2299,339.9012,0.0000,0.0000
32.4667,19.6688,-12.8000,33123.9221,2589.5631,720.2318,343.3728,0.0000,0.0000
32.4833,19.6688,-12.8000,33115.1505,2588.6002,720.2337,346.8444,0.0000,0.0000
32.5000,19.6689,-12.8000,33106.1044,2587.6099,720.2357,350.3160,0.0000,0.0000
32.5167,19.6690,-12.8000,33096.7840,2586.5921,720.2378,353.7876,0.0000,0.0000
32.5333,19.6691,-12.8000,33087.1898,2585.5470,720.2399,357.2592,0.0000,0.0000
32.5500,19.6692,-12.8000,33077.3221,2584.4746,720.2421,360.7308,0.0000,0.0000
32.5667,19.6693,-12.8000,33067.1817,2583.3751,720.2444,364.2024,0.0000,0.0000
32.5833,19.6694,-12.8000,33056.7692,2582.2485,720.2467,367.6740,0.0000,0.0000
32.6000,19.6695,-12.8000,33046.0855,2581.0950,720.2491,371.1456,0.0000,0.0000
32.6167,19.6696,-12.8000,33035.1315,2579.9147,720.2515,374.6172,0.0000,0.0000
32.6333,19.6698,-12.8000,33023.9083,2578.7078,720.2540,378.0888,0.0000,0.0000
32.6500,19.6699,-12.8000,33012.4171,2577.4743,720.2565,381.5604,0.0000,0.0000
32.6667,19.6700,-12.8000,33000.6590,2576.2145,720.2591,385.0320,0.0000,0.0000
32.6833,19.6701,-12.8000,32988.6352,2574.9284,720.2618,388.5036,0.0000,0.0000
32.7000,19.6702,-12.8000,32976.3473,2573.6163,720.2645,391.9752,0.0000,0.0000
32.7167,19.6704,-12.8000,32963.7965,2572.2782,720.2673,395.4468,0.0000,0.0000
32.7333,19.6705,-12.8000,32950.9843,2570.9144,720.2702,398.9184,0.0000,0.0000
32.7500,19.6706,-12.8000,32937.9123,2569.5250,720.2731,402.3900,0.0000,0.0000
32.7667,19.6708,-12.8000,32924.5820,2568.1103,720.2760,405.8616,0.0000,0.0000
32.7833,19.6709,-12.8000,32910.9951,2566.6702,720.2790,409.3332,0.0000,0.0000
32.8000,19.6710,-12.8000,32897.1531,2565.2052,720.2821,412.8048,0.0000,0.0000
32.8167,19.6712,-12.8000,32883.0578,2563.7152,720.2852,416.2764,0.0000,0.0000
32.8333,19.6713,-12.8000,32868.7109,2562.2006,720.2884,419.7480,0.0000,0.0000
32.8500,19.6715,-12.8000,32854.1140,2560.6614,720.2916,423.2196,0.0000,0.0000
32.8667,19.6716,-12.8000,32839.2690,2559.0979,720.2949,426.6912,0.0000,0.0000
32.8833,19.6718,-12.8000,32824.1776,2557.5102,720.2983,430.1628,0.0000,0.0000
32.9000,19.6719,-12.8000,32808.8415,2555.8986,720.3017,433.6344,0.0000,0.0000
32.9167,19.6721,-12.8000,32793.2627,2554.2632,720.3051,437.1060,0.0000,0.0000
32.9333,19.6722,-12.8000,32777.4429,2552.6042,720.3086,440.5776,0.0000,0.0000
32.9500,19.6724,-12.8000,32761.3839,2550.9218,720.3122,444.0492,0.0000,0.0000
32.9667,19.6725,-12.8000,32745.0875,2549.2161,720.3158,447.5208,0.0000,0.0000
32.9833,19.6727,-12.8000,32728.5556,2547.4874,720.3195,450.9924,0.0000,0.0000
33.0000,19.6729,-12.8000,32710.2963,2545.6191,720.3235,454.4640,0.0000,0.0000
33.0167,19.6731,-12.8000,32693.4328,2543.8664,720.3273,457.1466,0.0000,0.0000
33.0333,19.6732,-12.8000,32676.3952,2542.1060,720.3311,459.8292,0.0000,0.0000
33.0500,19.6734,-12.8000,32659.2033,2540.3361,720.3349,462.5118,0.0000,0.0000
33.0667,19.6736,-12.8000,32641.8690,2538.5555,720.3387,465.1944,0.0000,0.0000
33.0833,19.6738,-12.8000,32624.3983,2536.7630,720.3426,467.8770,0.0000,0.0000
33.1000,19.6739,-12.8000,32606.7937,2534.9578,720.3465,470.5596,0.0000,0.0000
33.1167,19.6741,-12.8000,32589.0556,2533.1393,720.3504,473.2422,0.0000,0.0000
33.1333,19.6743,-12.8000,32571.1831,2531.3071,720.3544,475.9248,0.0000,0.0000
33.1500,19.6745,-12.8000,32553.1749,2529.4609,720.3584,478.6074,0.0000,0.0000
33.1667,19.6746,-12.8000,32535.0294,2527.6005,720.3624,481.2900,0.0000,0.0000
33.1833,19.6748,-12.8000,32516.7457,2525.7258,720.3665,483.9726,0.0000,0.0000
33.2000,19.6750,-12.8000,32498.3226,2523.8369,720.3706,486.6552,0.0000,0.0000
33.2167,19.6752,-12.8000,32479.7598,2521.9339,720.3747,489.3378,0.0000,0.0000
33.2333,19.6754,-12.8000,32461.0571,2520.0168,720.3788,492.0204,0.0000,0.0000
33.2500,19.6756,-12.8000,32442.2146,2518.0857,720.3830,494.7030,0.0000,0.0000
33.2667,19.6758,-12.8000,32423.2331,2516.1409,720.3872,497.3856,0.0000,0.0000
33.2833,19.6760,-12.8000,32404.1132,2514.1825,720.3915,500.0682,0.0000,0.0000
33.3000,19.6762,-12.8000,32384.8561,2512.2106,720.3957,502.7508,0.0000,0.0000
33.3167,19.6763,-12.8000,32365.4628,2510.2255,720.4000,505.4334,0.0000,0.0000
33.3333,19.6765,-12.8000,32345.9349,2508.2273,720.4044,508.1160,0.0000,0.0000
33.3500,19.6767,-12.8000,32326.2738,2506.2162,720.4087,510.7986,0.0000,0.0000
33.3667,19.6769,-12.8000,32306.4810,2504.1923,720.4131,513.4812,0.0000,0.0000
33.3833,19.6771,-12.8000,32286.5581,2502.1560,720.4175,516.1638,0.0000,0.0000
33.4000,19.6773,-12.8000,32266.5067,2500.1072,720.4220,518.8464,0.0000,0.0000
33.4167,19.6775,-12.8000,32246.3287,2498.0463,720.4265,521.5290,0.0000,0.0000
33.4333,19.6777,-12.8000,32226.0256,2495.9733,720.4310,524.2116,0.0000,0.0000
33.4500,19.6779,-12.8000,32205.5990,2493.8885,720.4355,526.8942,0.0000,0.0000
33.4667,19.6781,-12.8000,32185.0508,2491.7920,720.4401,529.5768,0.0000,0.0000
33.4833,19.6784,-12.8000,32164.3826,2489.6840,720.4446,532.2594,0.0000,0.0000
33.5000,19.6786,-12.8000,32143.5960,2487.5646,720.4493,534.9420,0.0000,0.0000
33.5167,19.6788,-12.8000,32122.6926,2485.4340,720.4539,537.6246,0.0000,0.0000
33.5333,19.6790,-12.8000,32101.6740,2483.2924,720.4586,540.3072,0.0000,0.0000
33.5500,19.6792,-12.8000,32080.5418,2481.1398,720.4632,542.9898,0.0000,0.0000
33.5667,19.6794,-12.8000,32059.2976,2478.9765,720.4680,545.6724,0.0000,0.0000
33.5833,19.6796,-12.8000,32037.9429,2476.8026,720.4727,548.3550,0.0000,0.0000
33.6000,19.6798,-12.8000,32016.4790,2474.6182,720.4774,551.0376,0.0000,0.0000
33.6167,19.6801,-12.8000,31994.9076,2472.4234,720.4822,553.7202,0.0000,0.0000
33.6333,19.6803,-12.8000,31973.2300,2470.2185,720.4870,556.4028,0.0000,0.0000
33.6500,19.6805,-12.8000,31951.4476,2468.0035,720.4919,559.0854,0.0000,0.0000
33.6667,19.6807,-12.8000,31929.5617,2465.7785,720.4967,561.7680,0.0000,0.0000
33.6833,19.6809,-12.8000,31907.5738,2463.5437,720.5016,564.4506,0.0000,0.0000
33.7000,19.6811,-12.8000,31885.4851,2461.2992,720.5065,567.1332,0.0000,0.0000
33.7167,19.6814,-12.8000,31863.2968,2459.0451,720.5114,569.8158,0.0000,0.0000
33.7333,19.6816,-12.8000,31841.0103,2456.7815,720.5164,572.4984,0.0000,0.0000
33.7500,19.6818,-12.8000,31818.6268,2454.5086,720.5213,575.1810,0.0000,0.0000
33.7667,19.6820,-12.8000,31796.1474,2452.2264,720.5263,577.8636,0.0000,0.0000
33.7833,19.6823,-12.8000,31773.5733,2449.9351,720.5313,580.5462,0.0000,0.0000
33.8000,19.6825,-12.8000,31750.9057,2447.6348,720.5364,583.2288,0.0000,0.0000
33.8167,19.6827,-12.8000,31728.1458,2445.3256,720.5414,585.9114,0.0000,0.0000
33.8333,19.6829,-12.8000,31705.2945,2443.0076,720.5465,588.5940,0.0000,0.0000
33.8500,19.6832,-12.8000,31682.3531,2440.6808,720.5516,591.2766,0.0000,0.0000
33.8667,19.6834,-12.8000,31659.3225,2438.3455,720.5567,593.9592,0.0000,0.0000
33.8833,19.6836,-12.8000,31636.2038,2436.0016,720.5618,596.6418,0.0000,0.0000
33.9000,19.6839,-12.8000,31612.9980,2433.6493,720.5669,599.3244,0.0000,0.0000
33.9167,19.6841,-12.8000,31589.7062,2431.2887,720.5721,602.0070,0.0000,0.0000
33.9333,19.6843,-12.8000,31566.3294,2428.9199,720.5773,604.6896,0.0000,0.0000
33.9500,19.6846,-12.8000,31542.8684,2426.5430,720.5825,607.3722,0.0000,0.0000
33.9667,19.6848,-12.8000,31519.3242,2424.1580,720.5877,610.0548,0.0000,0.0000
33.9833,19.6850,-12.8000,31495.6979,2421.7650,720.5930,612.7374,0.0000,0.0000
34.0000,19.6853,-12.8000,31471.9903,2419.3642,720.5982,615.4200,0.0000,0.0000
34.0167,19.6855,-12.8183,31450.9058,2417.6383,721.0096,616.8402,0.0000,0.0000
34.0333,19.6857,-12.8367,31431.8207,2415.9239,721.4205,618.2604,0.0000,0.0000
34.0500,19.6859,-12.8550,31414.2621,2414.2195,721.8311,619.6806,0.0000,0.0000
34.0667,19.6860,-12.8733,31397.8733,2412.5244,722.2414,621.1008,0.0000,0.0000
34.0833,19.6862,-12.8917,31382.3859,2410.8385,722.6515,622.5210,0.0000,0.0000
34.1000,19.6863,-12.9100,31367.5993,2409.1621,723.0614,623.9412,0.0000,0.0000
34.1167,19.6865,-12.9283,31353.3640,2407.4958,723.4713,625.3614,0.0000,0.0000
34.1333,19.6866,-12.9467,31339.5693,2405.8402,723.8810,626.7816,0.0000,0.0000
34.1500,19.6867,-12.9650,31326.1340,2404.1960,724.2907,628.2018,0.0000,0.0000
34.1667,19.6869,-12.9833,31312.9991,2402.5641,724.7003,629.6220,0.0000,0.0000
34.1833,19.6870,-13.0017,31300.1221,2400.9452,725.1098,631.0422,0.0000,0.0000
34.2000,19.6871,-13.0200,31287.4729,2399.3401,725.5193,632.4624,0.0000,0.0000
34.2167,19.6872,-13.0383,31275.0308,2397.7495,725.9287,633.8826,0.0000,0.0000
34.2333,19.6874,-13.0567,31262.7818,2396.1741,726.3381,635.3028,0.0000,0.0000
34.2500,19.6875,-13.0750,31250.7172,2394.6144,726.7474,636.7230,0.0000,0.0000
34.2667,19.6876,-13.0933,31238.8315,2393.0711,727.1568,638.1432,0.0000,0.0000
34.2833,19.6877,-13.1117,31227.1224,2391.5448,727.5660,639.5634,0.0000,0.0000
34.3000,19.6878,-13.1300,31215.5889,2390.0358,727.9753,640.9836,0.0000,0.0000
34.3167,19.6880,-13.1483,31204.2317,2388.5447,728.3845,642.4038,0.0000,0.0000
34.3333,19.6881,-13.1667,31193.0522,2387.0718,728.7936,643.8240,0.0000,0.0000
34.3500,19.6882,-13.1850,31182.0522,2385.6175,729.2027,645.2442,0.0000,0.0000
34.3667,19.6883,-13.2033,31171.2339,2384.1821,729.6118,646.6644,0.0000,0.0000
34.3833,19.6884,-13.2217,31160.5996,2382.7658,730.0208,648.0846,0.0000,0.0000
34.4000,19.6885,-13.2400,31150.1515,2381.3688,730.4298,649.5048,0.0000,0.0000
34.4167,19.6886,-13.2583,31139.8918,2379.9914,730.8388,650.9250,0.0000,0.0000
34.4333,19.6887,-13.2767,31129.8224,2378.6337,731.2477,652.3452,0.0000,0.0000
34.4500,19.6888,-13.2950,31119.9451,2377.2957,731.6566,653.7654,0.0000,0.0000
34.4667,19.6889,-13.3133,31110.2613,2375.9775,732.0654,655.1856,0.0000,0.0000
34.4833,19.6890,-13.3317,31100.7722,2374.6793,732.4742,656.6058,0.0000,0.0000
34.5000,19.6891,-13.3500,31091.4788,2373.4009,732.8829,658.0260,0.0000,0.0000
34.5167,19.6892,-13.3683,31082.3818,2372.1425,733.2916,659.4462,0.0000,0.0000
34.5333,19.6893,-13.3867,31073.4815,2370.9038,733.7002,660.8664,0.0000,0.0000
34.5500,19.6894,-13.4050,31064.7780,2369.6850,734.1088,662.2866,0.0000,0.0000
34.5667,19.6894,-13.4233,31056.2714,2368.4858,734.5174,663.7068,0.0000,0.0000
34.5833,19.6895,-13.4417,31047.9611,2367.3062,734.9259,665.1270,0.0000,0.0000
34.6000,19.6896,-13.4600,31039.8467,2366.1460,735.3344,666.5472,0.0000,0.0000
34.6167,19.6897,-13.4783,31031.9272,2365.0051,735.7428,667.9674,0.0000,0.0000
34.6333,19.6898,-13.4967,31024.2017,2363.8833,736.1512,669.3876,0.0000,0.0000
34.6500,19.6898,-13.5150,31016.6689,2362.7805,736.5596,670.8078,0.0000,0.0000
34.6667,19.6899,-13.5333,31009.3276,2361.6965,736.9679,672.2280,0.0000,0.0000
34.6833,19.6900,-13.5517,31002.1761,2360.6310,737.3761,673.6482,0.0000,0.0000
34.7000,19.6900,-13.5700,30995.2127,2359.5839,737.7844,675.0684,0.0000,0.0000
34.7167,19.6901,-13.5883,30988.4357,2358.5548,738.1925,676.4886,0.0000,0.0000
34.7333,19.6902,-13.6067,30981.8431,2357.5437,738.6007,677.9088,0.0000,0.0000
34.7500,19.6902,-13.6250,30975.4328,2356.5502,739.0088,679.3290,0.0000,0.0000
34.7667,19.6903,-13.6433,30969.2026,2355.5740,739.4168,680.7492,0.0000,0.0000
34.7833,19.6904,-13.6617,30963.1502,2354.6150,739.8248,682.1694,0.0000,0.0000
34.8000,19.6904,-13.6800,30957.2735,2353.6729,740.2328,683.5896,0.0000,0.0000
34.8167,19.6905,-13.6983,30951.5698,2352.7474,740.6408,685.0098,0.0000,0.0000
34.8333,19.6905,-13.7167,30946.0368,2351.8383,741.0487,686.4300,0.0000,0.0000
34.8500,19.6906,-13.7350,30940.6719,2350.9452,741.4565,687.8502,0.0000,0.0000
34.8667,19.6906,-13.7533,30935.4726,2350.0680,741.8644,689.2704,0.0000,0.0000
34.8833,19.6907,-13.7717,30930.4362,2349.2062,742.2722,690.6906,0.0000,0.0000
34.9000,19.6907,-13.7900,30925.5601,2348.3598,742.6799,692.1108,0.0000,0.0000
34.9167,19.6908,-13.8083,30920.8417,2347.5283,743.0876,693.5310,0.0000,0.0000
34.9333,19.6908,-13.8267,30916.2782,2346.7115,743.4953,694.9512,0.0000,0.0000
34.9500,19.6909,-13.8450,30911.8670,2345.9092,743.9030,696.3714,0.0000,0.0000
34.9667,19.6909,-13.8633,30907.6053,2345.1210,744.3106,697.7916,0.0000,0.0000
34.9833,19.6910,-13.8817,30903.4905,2344.3467,744.7182,699.2118,0.0000,0.0000
35.0000,19.6910,-13.9000,30899.5198,2343.5861,745.1257,700.6320,0.0000,0.0000
35.0167,19.6910,-13.9183,30895.7949,2342.8820,745.5332,700.6320,0.0000,0.0000
35.0333,19.6911,-13.9367,30892.3725,2342.2251,745.9407,700.6320,0.0000,0.0000
35.0500,19.6911,-13.9550,30889.2789,2341.6089,746.3480,700.6320,0.0000,0.0000
35.0667,19.6911,-13.9733,30886.5220,2341.0288,746.7553,700.6320,0.0000,0.0000
35.0833,19.6912,-13.9917,30884.0990,2340.4811,747.1625,700.6320,0.0000,0.0000
35.1000,19.6912,-14.0100,30882.0004,2339.9631,747.5697,700.6320,0.0000,0.0000
35.1167,19.6912,-14.0283,30880.2133,2339.4723,747.9768,700.6320,0.0000,0.0000
35.1333,19.6912,-14.0467,30878.7230,2339.0066,748.3838,700.6320,0.0000,0.0000
35.1500,19.6912,-14.0650,30877.5139,2338.5645,748.7907,700.6320,0.0000,0.0000
35.1667,19.6912,-14.0833,30876.5708,2338.1444,749.1976,700.6320,0.0000,0.0000
35.1833,19.6912,-14.1017,30875.8786,2337.7448,749.6044,700.6320,0.0000,0.0000
35.2000,19.6912,-14.1200,30875.4232,2337.3646,750.0112,700.6320,0.0000,0.0000
35.2167,19.6912,-14.1383,30875.1912,2337.0028,750.4179,700.6320,0.0000,0.0000
35.2333,19.6912,-14.1567,30875.1701,2336.6583,750.8246,700.6320,0.0000,0.0000
35.2500,19.6912,-14.1750,30875.3485,2336.3302,751.2312,700.6320,0.0000,0.0000
35.2667,19.6912,-14.1933,30875.7157,2336.0179,751.6378,700.6320,0.0000,0.0000
35.2833,19.6912,-14.2117,30876.2620,2335.7206,752.0444,700.6320,0.0000,0.0000
35.3000,19.6912,-14.2300,30876.9785,2335.4375,752.4509,700.6320,0.0000,0.0000
35.3167,19.6912,-14.2483,30877.8569,2335.1683,752.8574,700.6320,0.0000,0.0000
35.3333,19.6912,-14.2667,30878.8899,2334.9123,753.2638,700.6320,0.0000,0.0000
35.3500,19.6912,-14.2850,30880.0707,2334.6690,753.6702,700.6320,0.0000,0.0000
35.3667,19.6912,-14.3033,30881.3930,2334.4380,754.0766,700.6320,0.0000,0.0000
35.3833,19.6912,-14.3217,30882.8513,2334.2189,754.4830,700.6320,0.0000,0.0000
35.4000,19.6912,-14.3400,30884.4404,2334.0114,754.8893,700.6320,0.0000,0.0000
35.4167,19.6911,-14.3583,30886.1555,2333.8150,755.2956,700.6320,0.0000,0.0000
35.4333,19.6911,-14.3767,30887.9925,2333.6296,755.7019,700.6320,0.0000,0.0000
35.4500,19.6911,-14.3950,30889.9474,2333.4548,756.1081,700.6320,0.0000,0.0000
35.4667,19.6911,-14.4133,30892.0167,2333.2904,756.5143,700.6320,0.0000,0.0000
35.4833,19.6911,-14.4317,30894.1971,2333.1362,756.9205,700.6320,0.0000,0.0000
35.5000,19.6910,-14.4500,30896.4857,2332.9918,757.3267,700.6320,0.0000,0.0000
35.5167,19.6910,-14.4683,30898.8798,2332.8573,757.7328,700.6320,0.0000,0.0000
35.5333,19.6910,-14.4867,30901.3770,2332.7323,758.1389,700.6320,0.0000,0.0000
35.5500,19.6910,-14.5050,30903.9749,2332.6167,758.5450,700.6320,0.0000,0.0000
35.5667,19.6909,-14.5233,30906.6715,2332.5104,758.9511,700.6320,0.0000,0.0000
35.5833,19.6909,-14.5417,30909.4650,2332.4133,759.3572,700.6320,0.0000,0.0000
35.6000,19.6909,-14.5600,30912.3536,2332.3251,759.7632,700.6320,0.0000,0.0000
35.6167,19.6908,-14.5783,30915.3358,2332.2459,760.1692,700.6320,0.0000,0.0000
35.6333,19.6908,-14.5967,30918.4101,2332.1754,760.5752,700.6320,0.0000,0.0000
35.6500,19.6908,-14.6150,30921.5752,2332.1137,760.9812,700.6320,0.0000,0.0000
35.6667,19.6908,-14.6333,30924.8299,2332.0605,761.3872,700.6320,0.0000,0.0000
35.6833,19.6907,-14.6517,30928.1732,2332.0159,761.7931,700.6320,0.0000,0.0000
35.7000,19.6907,-14.6700,30931.6039,2331.9798,762.1990,700.6320,0.0000,0.0000
35.7167,19.6906,-14.6883,30935.1212,2331.9520,762.6049,700.6320,0.0000,0.0000
35.7333,19.6906,-14.7067,30938.7241,2331.9326,763.0108,700.6320,0.0000,0.0000
35.7500,19.6906,-14.7250,30942.4120,2331.9214,763.4166,700.6320,0.0000,0.0000
35.7667,19.6905,-14.7433,30946.1841,2331.9185,763.8225,700.6320,0.0000,0.0000
35.7833,19.6905,-14.7617,30950.0397,2331.9237,764.2283,700.6320,0.0000,0.0000
35.8000,19.6905,-14.7800,30953.9782,2331.9371,764.6341,700.6320,0.0000,0.0000
35.8167,19.6904,-14.7983,30957.9991,2331.9585,765.0399,700.6320,0.0000,0.0000
35.8333,19.6904,-14.8167,30962.1017,2331.9880,765.4456,700.6320,0.0000,0.0000
35.8500,19.6903,-14.8350,30966.2856,2332.0254,765.8514,700.6320,0.0000,0.0000
35.8667,19.6903,-14.8533,30970.5504,2332.0708,766.2571,700.6320,0.0000,0.0000
35.8833,19.6903,-14.8717,30974.8956,2332.1242,766.6628,700.6320,0.0000,0.0000
35.9000,19.6902,-14.8900,30979.3208,2332.1854,767.0685,700.6320,0.0000,0.0000
35.9167,19.6902,-14.9083,30983.8256,2332.2545,767.4742,700.6320,0.0000,0.0000
35.9333,19.6901,-14.9267,30988.4096,2332.3315,767.8799,700.6320,0.0000,0.0000
35.9500,19.6901,-14.9450,30993.0726,2332.4162,768.2855,700.6320,0.0000,0.0000
35.9667,19.6900,-14.9633,30997.8142,2332.5087,768.6911,700.6320,0.0000,0.0000
35.9833,19.6900,-14.9817,31002.6340,2332.6090,769.0967,700.6320,0.0000,0.0000
36.0000,19.6899,-15.0000,31007.5319,2332.7170,769.5023,700.6320,0.0000,0.0000
36.0167,19.6899,-15.0000,31009.9992,2332.2309,769.5018,699.2118,0.0000,0.0000
36.0333,19.6899,-15.0000,31010.7720,2331.7972,769.5016,697.7916,0.0000,0.0000
36.0500,19.6899,-15.0000,31010.3795,2331.4066,769.5017,696.3714,0.0000,0.0000
36.0667,19.6899,-15.0000,31009.2022,2331.0522,769.5019,694.9512,0.0000,0.0000
36.0833,19.6899,-15.0000,31007.5130,2330.7289,769.5023,693.5310,0.0000,0.0000
36.1000,19.6899,-15.0000,31006.0547,2330.5015,769.5026,692.1108,0.0000,0.0000
36.1167,19.6900,-15.0000,31004.4864,2330.2962,769.5030,690.6906,0.0000,0.0000
36.1333,19.6900,-15.0000,31002.8667,2330.1107,769.5034,689.2704,0.0000,0.0000
36.1500,19.6900,-15.0000,31001.2392,2329.9431,769.5037,687.8502,0.0000,0.0000
36.1667,19.6900,-15.0000,30999.6361,2329.7916,769.5041,686.4300,0.0000,0.0000
36.1833,19.6900,-15.0000,30998.0806,2329.6548,769.5044,685.0098,0.0000,0.0000
36.2000,19.6900,-15.0000,30996.5891,2329.5315,769.5047,683.5896,0.0000,0.0000
36.2167,19.6900,-15.0000,30995.1731,2329.4206,769.5051,682.1694,0.0000,0.0000
36.2333,19.6901,-15.0000,30993.8399,2329.3212,769.5054,680.7492,0.0000,0.0000
36.2500,19.6901,-15.0000,30992.5940,2329.2325,769.5056,679.3290,0.0000,0.0000
36.2667,19.6901,-15.0000,30991.4376,2329.1539,769.5059,677.9088,0.0000,0.0000
36.2833,19.6901,-15.0000,30990.3714,2329.0845,769.5061,676.4886,0.0000,0.0000
36.3000,19.6901,-15.0000,30989.3948,2329.0239,769.5063,675.0684,0.0000,0.0000
36.3167,19.6901,-15.0000,30988.5063,2328.9716,769.5065,673.6482,0.0000,0.0000
36.3333,19.6901,-15.0000,30987.7040,2328.9271,769.5067,672.2280,0.0000,0.0000
36.3500,19.6901,-15.0000,30986.9855,2328.8901,769.5069,670.8078,0.0000,0.0000
36.3667,19.6901,-15.0000,30986.3480,2328.8600,769.5070,669.3876,0.0000,0.0000
36.3833,19.6901,-15.0000,30985.7889,2328.8366,769.5071,667.9674,0.0000,0.0000
36.4000,19.6901,-15.0000,30985.3052,2328.8197,769.5072,666.5472,0.0000,0.0000
36.4167,19.6902,-15.0000,30984.8942,2328.8088,769.5073,665.1270,0.0000,0.0000
36.4333,19.6902,-15.0000,30984.5532,2328.8038,769.5074,663.7068,0.0000,0.0000
36.4500,19.6902,-15.0000,30984.2794,2328.8045,769.5075,662.2866,0.0000,0.0000
36.4667,19.6902,-15.0000,30984.0704,2328.8106,769.5075,660.8664,0.0000,0.0000
36.4833,19.6902,-15.0000,30983.9238,2328.8219,769.5076,659.4462,0.0000,0.0000
36.5000,19.6902,-15.0000,30983.8372,2328.8383,769.5076,658.0260,0.0000,0.0000
36.5167,19.6902,-15.0000,30983.8087,2328.8596,769.5076,656.6058,0.0000,0.0000
36.5333,19.6902,-15.0000,30983.8362,2328.8858,769.5076,655.1856,0.0000,0.0000
36.5500,19.6902,-15.0000,30983.9179,2328.9166,769.5076,653.7654,0.0000,0.0000
36.5667,19.6902,-15.0000,30984.0522,2328.9520,769.5075,652.3452,0.0000,0.0000
36.5833,19.6902,-15.0000,30984.2374,2328.9918,769.5075,650.9250,0.0000,0.0000
36.6000,19.6902,-15.0000,30984.4722,2329.0360,769.5074,649.5048,0.0000,0.0000
36.6167,19.6902,-15.0000,30984.7553,2329.0845,769.5074,648.0846,0.0000,0.0000
36.6333,19.6901,-15.0000,30985.0855,2329.1372,769.5073,646.6644,0.0000,0.0000
36.6500,19.6901,-15.0000,30985.4617,2329.1941,769.5072,645.2442,0.0000,0.0000
36.6667,19.6901,-15.0000,30985.8829,2329.2551,769.5071,643.8240,0.0000,0.0000
36.6833,19.6901,-15.0000,30986.3483,2329.3202,769.5070,642.4038,0.0000,0.0000
36.7000,19.6901,-15.0000,30986.8571,2329.3893,769.5069,640.9836,0.0000,0.0000
36.7167,19.6901,-15.0000,30987.4086,2329.4623,769.5068,639.5634,0.0000,0.0000
36.7333,19.6901,-15.0000,30988.0022,2329.5393,769.5066,638.1432,0.0000,0.0000
36.7500,19.6901,-15.0000,30988.6373,2329.6203,769.5065,636.7230,0.0000,0.0000
36.7667,19.6901,-15.0000,30989.3134,2329.7051,769.5064,635.3028,0.0000,0.0000
36.7833,19.6901,-15.0000,30990.0301,2329.7939,769.5062,633.8826,0.0000,0.0000
36.8000,19.6901,-15.0000,30990.7870,2329.8865,769.5060,632.4624,0.0000,0.0000
36.8167,19.6901,-15.0000,30991.5839,2329.9830,769.5059,631.0422,0.0000,0.0000
36.8333,19.6901,-15.0000,30992.4204,2330.0833,769.5057,629.6220,0.0000,0.0000
36.8500,19.6901,-15.0000,30993.2963,2330.1875,769.5055,628.2018,0.0000,0.0000
36.8667,19.6901,-15.0000,30994.2115,2330.2956,769.5053,626.7816,0.0000,0.0000
36.8833,19.6900,-15.0000,30995.1659,2330.4075,769.5051,625.3614,0.0000,0.0000
36.9000,19.6900,-15.0000,30996.1592,2330.5233,769.5048,623.9412,0.0000,0.0000
36.9167,19.6900,-15.0000,30997.1915,2330.6430,769.5046,622.5210,0.0000,0.0000
36.9333,19.6900,-15.0000,30998.2626,2330.7665,769.5044,621.1008,0.0000,0.0000
36.9500,19.6900,-15.0000,30999.3726,2330.8939,769.5041,619.6806,0.0000,0.0000
36.9667,19.6900,-15.0000,31000.5214,2331.0253,769.5039,618.2604,0.0000,0.0000
36.9833,19.6900,-15.0000,31001.7092,2331.1605,769.5036,616.8402,0.0000,0.0000
37.0000,19.6900,-15.0000,31002.9358,2331.2996,769.5033,615.4200,0.0000,0.0000
37.0167,19.6900,-15.0000,31004.2671,2331.4748,769.5030,612.7374,0.0000,0.0000
37.0333,19.6899,-15.0000,31005.7409,2331.6806,769.5027,610.0548,0.0000,0.0000
37.0500,19.6899,-15.0000,31007.3805,2331.9132,769.5023,607.3722,0.0000,0.0000
37.0667,19.6899,-15.0000,31009.1993,2332.1697,769.5019,604.6896,0.0000,0.0000
37.0833,19.6899,-15.0000,31011.2038,2332.4476,769.5015,602.0070,0.0000,0.0000
37.1000,19.6899,-15.0000,31013.3959,2332.7454,769.5010,599.3244,0.0000,0.0000
37.1167,19.6898,-15.0000,31015.7748,2333.0615,769.5005,596.6418,0.0000,0.0000
37.1333,19.6898,-15.0000,31018.3373,2333.3949,769.4999,593.9592,0.0000,0.0000
37.1500,19.6898,-15.0000,31021.0795,2333.7446,769.4993,591.2766,0.0000,0.0000
37.1667,19.6898,-15.0000,31023.9966,2334.1099,769.4987,588.5940,0.0000,0.0000
37.1833,19.6897,-15.0000,31027.0837,2334.4901,769.4980,585.9114,0.0000,0.0000
37.2000,19.6897,-15.0000,31030.3355,2334.8848,769.4973,583.2288,0.0000,0.0000
37.2167,19.6897,-15.0000,31033.7473,2335.2934,769.4965,580.5462,0.0000,0.0000
37.2333,19.6896,-15.0000,31037.3143,2335.7156,769.4957,577.8636,0.0000,0.0000
37.2500,19.6896,-15.0000,31041.0320,2336.1511,769.4949,575.1810,0.0000,0.0000
37.2667,19.6896,-15.0000,31044.8963,2336.5995,769.4940,572.4984,0.0000,0.0000
37.2833,19.6895,-15.0000,31048.9033,2337.0606,769.4931,569.8158,0.0000,0.0000
37.3000,19.6895,-15.0000,31053.0495,2337.5342,769.4922,567.1332,0.0000,0.0000
37.3167,19.6894,-15.0000,31057.3317,2338.0200,769.4913,564.4506,0.0000,0.0000
37.3333,19.6894,-15.0000,31061.7469,2338.5180,769.4903,561.7680,0.0000,0.0000
37.3500,19.6893,-15.0000,31066.2924,2339.0278,769.4893,559.0854,0.0000,0.0000
37.3667,19.6893,-15.0000,31070.9657,2339.5495,769.4882,556.4028,0.0000,0.0000
37.3833,19.6892,-15.0000,31075.7646,2340.0828,769.4872,553.7202,0.0000,0.0000
37.4000,19.6892,-15.0000,31080.6871,2340.6276,769.4861,551.0376,0.0000,0.0000
37.4167,19.6891,-15.0000,31085.7313,2341.1839,769.4850,548.3550,0.0000,0.0000
37.4333,19.6891,-15.0000,31090.8956,2341.7514,769.4838,545.6724,0.0000,0.0000
37.4500,19.6890,-15.0000,31096.1784,2342.3303,769.4827,542.9898,0.0000,0.0000
37.4667,19.6890,-15.0000,31101.5783,2342.9202,769.4815,540.3072,0.0000,0.0000
37.4833,19.6889,-15.0000,31107.0939,2343.5212,769.4802,537.6246,0.0000,0.0000
37.5000,19.6889,-15.0000,31112.7242,2344.1332,769.4790,534.9420,0.0000,0.0000
37.5167,19.6888,-15.0000,31118.4680,2344.7562,769.4777,532.2594,0.0000,0.0000
37.5333,19.6888,-15.0000,31124.3242,2345.3899,769.4764,529.5768,0.0000,0.0000
37.5500,19.6887,-15.0000,31130.2920,2346.0345,769.4751,526.8942,0.0000,0.0000
37.5667,19.6886,-15.0000,31136.3704,2346.6897,769.4737,524.2116,0.0000,0.0000
37.5833,19.6886,-15.0000,31142.5586,2347.3556,769.4724,521.5290,0.0000,0.0000
37.6000,19.6885,-15.0000,31148.8558,2348.0321,769.4710,518.8464,0.0000,0.0000
37.6167,19.6884,-15.0000,31155.2613,2348.7192,769.4695,516.1638,0.0000,0.0000
37.6333,19.6884,-15.0000,31161.7744,2349.4167,769.4681,513.4812,0.0000,0.0000
37.6500,19.6883,-15.0000,31168.3943,2350.1247,769.4666,510.7986,0.0000,0.0000
37.6667,19.6882,-15.0000,31175.1204,2350.8430,769.4651,508.1160,0.0000,0.0000
37.6833,19.6882,-15.0000,31181.9522,2351.5717,769.4636,505.4334,0.0000,0.0000
37.7000,19.6881,-15.0000,31188.8889,2352.3106,769.4621,502.7508,0.0000,0.0000
37.7167,19.6880,-15.0000,31195.9300,2353.0597,769.4605,500.0682,0.0000,0.0000
37.7333,19.6880,-15.0000,31203.0750,2353.8190,769.4589,497.3856,0.0000,0.0000
37.7500,19.6879,-15.0000,31210.3231,2354.5884,769.4573,494.7030,0.0000,0.0000
37.7667,19.6878,-15.0000,31217.6740,2355.3679,769.4557,492.0204,0.0000,0.0000
37.7833,19.6877,-15.0000,31225.1269,2356.1573,769.4540,489.3378,0.0000,0.0000
37.8000,19.6877,-15.0000,31232.6815,2356.9568,769.4524,486.6552,0.0000,0.0000
37.8167,19.6876,-15.0000,31240.3371,2357.7661,769.4507,483.9726,0.0000,0.0000
37.8333,19.6875,-15.0000,31248.0932,2358.5852,769.4490,481.2900,0.0000,0.0000
37.8500,19.6874,-15.0000,31255.9492,2359.4142,769.4472,478.6074,0.0000,0.0000
37.8667,19.6874,-15.0000,31263.9048,2360.2529,769.4454,475.9248,0.0000,0.0000
37.8833,19.6873,-15.0000,31271.9592,2361.1013,769.4437,473.2422,0.0000,0.0000
37.9000,19.6872,-15.0000,31280.1120,2361.9594,769.4419,470.5596,0.0000,0.0000
37.9167,19.6871,-15.0000,31288.3627,2362.8270,769.4400,467.8770,0.0000,0.0000
37.9333,19.6870,-15.0000,31296.7107,2363.7042,769.4382,465.1944,0.0000,0.0000
37.9500,19.6869,-15.0000,31305.1556,2364.5909,769.4363,462.5118,0.0000,0.0000
37.9667,19.6869,-15.0000,31313.6967,2365.4870,769.4344,459.8292,0.0000,0.0000
37.9833,19.6868,-15.0000,31322.3336,2366.3924,769.4325,457.1466,0.0000,0.0000
38.0000,19.6867,-15.0000,31331.0657,2367.3072,769.4305,454.4640,0.0000,0.0000
38.0167,19.6866,-15.0183,31341.9506,2368.9015,769.8348,450.9924,0.0000,0.0000
38.0333,19.6864,-15.0367,31358.8491,2370.7915,770.2377,447.5208,0.0000,0.0000
38.0500,19.6862,-15.0550,31377.2491,2372.6832,770.6403,444.0492,0.0000,0.0000
38.0667,19.6860,-15.0733,31396.7922,2374.5810,771.0427,440.5776,0.0000,0.0000
38.0833,19.6858,-15.0917,31417.2174,2376.4884,771.4448,437.1060,0.0000,0.0000
38.1000,19.6856,-15.1100,31438.3343,2378.4077,771.8468,433.6344,0.0000,0.0000
38.1167,19.6854,-15.1283,31460.0048,2380.3407,772.2487,430.1628,0.0000,0.0000
38.1333,19.6852,-15.1467,31482.1284,2382.2887,772.6504,426.6912,0.0000,0.0000
38.1500,19.6850,-15.1650,31504.6325,2384.2530,773.0521,423.2196,0.0000,0.0000
38.1667,19.6847,-15.1833,31527.4650,2386.2344,773.4537,419.7480,0.0000,0.0000
38.1833,19.6845,-15.2017,31550.5886,2388.2338,773.8553,416.2764,0.0000,0.0000
38.2000,19.6843,-15.2200,31573.9768,2390.2516,774.2568,412.8048,0.0000,0.0000
38.2167,19.6840,-15.2383,31597.6111,2392.2886,774.6582,409.3332,0.0000,0.0000
38.2333,19.6838,-15.2567,31621.4787,2394.3450,775.0596,405.8616,0.0000,0.0000
38.2500,19.6835,-15.2750,31645.5708,2396.4214,775.4609,402.3900,0.0000,0.0000
38.2667,19.6833,-15.2933,31669.8818,2398.5179,775.8622,398.9184,0.0000,0.0000
38.2833,19.6831,-15.3117,31694.4079,2400.6349,776.2634,395.4468,0.0000,0.0000
38.3000,19.6828,-15.3300,31719.1468,2402.7725,776.6646,391.9752,0.0000,0.0000
38.3167,19.6826,-15.3483,31744.0973,2404.9310,777.0658,388.5036,0.0000,0.0000
38.3333,19.6823,-15.3667,31769.2586,2407.1103,777.4669,385.0320,0.0000,0.0000
38.3500,19.6821,-15.3850,31794.6304,2409.3107,777.8679,381.5604,0.0000,0.0000
38.3667,19.6818,-15.4033,31820.2127,2411.5321,778.2689,378.0888,0.0000,0.0000
38.3833,19.6815,-15.4217,31846.0054,2413.7747,778.6699,374.6172,0.0000,0.0000
38.4000,19.6813,-15.4400,31872.0085,2416.0383,779.0708,371.1456,0.0000,0.0000
38.4167,19.6810,-15.4583,31898.2219,2418.3229,779.4716,367.6740,0.0000,0.0000
38.4333,19.6808,-15.4767,31924.6454,2420.6286,779.8724,364.2024,0.0000,0.0000
38.4500,19.6805,-15.4950,31951.2788,2422.9552,780.2732,360.7308,0.0000,0.0000
38.4667,19.6802,-15.5133,31978.1216,2425.3026,780.6739,357.2592,0.0000,0.0000
38.4833,19.6799,-15.5317,32005.1732,2427.6708,781.0746,353.7876,0.0000,0.0000
38.5000,19.6797,-15.5500,32032.4328,2430.0596,781.4752,350.3160,0.0000,0.0000
38.5167,19.6794,-15.5683,32059.8995,2432.4689,781.8758,346.8444,0.0000,0.0000
38.5333,19.6791,-15.5867,32087.5724,2434.8986,782.2764,343.3728,0.0000,0.0000
38.5500,19.6788,-15.6050,32115.4501,2437.3484,782.6768,339.9012,0.0000,0.0000
38.5667,19.6786,-15.6233,32143.5316,2439.8182,783.0773,336.4296,0.0000,0.0000
38.5833,19.6783,-15.6417,32171.8152,2442.3078,783.4777,332.9580,0.0000,0.0000
38.6000,19.6780,-15.6600,32200.2995,2444.8171,783.8781,329.4864,0.0000,0.0000
38.6167,19.6777,-15.6783,32228.9829,2447.3459,784.2784,326.0148,0.0000,0.0000
38.6333,19.6774,-15.6967,32257.8636,2449.8939,784.6786,322.5432,0.0000,0.0000
38.6500,19.6771,-15.7150,32286.9399,2452.4610,785.0789,319.0716,0.0000,0.0000
38.6667,19.6768,-15.7333,32316.2099,2455.0469,785.4790,315.6000,0.0000,0.0000
38.6833,19.6765,-15.7517,32345.6715,2457.6514,785.8792,312.1284,0.0000,0.0000
38.7000,19.6762,-15.7700,32375.3229,2460.2743,786.2793,308.6568,0.0000,0.0000
38.7167,19.6759,-15.7883,32405.1618,2462.9153,786.6793,305.1852,0.0000,0.0000
38.7333,19.6756,-15.8067,32435.1863,2465.5744,787.0794,301.7136,0.0000,0.0000
38.7500,19.6753,-15.8250,32465.3942,2468.2511,787.4793,298.2420,0.0000,0.0000
38.7667,19.6750,-15.8433,32495.7832,2470.9453,787.8793,294.7704,0.0000,0.0000
38.7833,19.6747,-15.8617,32526.3512,2473.6568,788.2792,291.2988,0.0000,0.0000
38.8000,19.6744,-15.8800,32557.0958,2476.3853,788.6790,287.8272,0.0000,0.0000
38.8167,19.6741,-15.8983,32588.0149,2479.1306,789.0788,284.3556,0.0000,0.0000
38.8333,19.6738,-15.9167,32619.1060,2481.8925,789.4786,280.8840,0.0000,0.0000
38.8500,19.6735,-15.9350,32650.3670,2484.6706,789.8783,277.4124,0.0000,0.0000
38.8667,19.6732,-15.9533,32681.7955,2487.4649,790.2781,273.9408,0.0000,0.0000
38.8833,19.6729,-15.9717,32713.3892,2490.2749,790.6777,270.4692,0.0000,0.0000
38.9000,19.6725,-15.9900,32745.1457,2493.1006,791.0774,266.9976,0.0000,0.0000
38.9167,19.6722,-16.0083,32777.0627,2495.9417,791.4769,263.5260,0.0000,0.0000
38.9333,19.6719,-16.0267,32809.1380,2498.7979,791.8765,260.0544,0.0000,0.0000
38.9500,19.6716,-16.0450,32841.3690,2501.6690,792.2760,256.5828,0.0000,0.0000
38.9667,19.6713,-16.0633,32873.7537,2504.5548,792.6755,253.1112,0.0000,0.0000
38.9833,19.6709,-16.0817,32906.2895,2507.4551,793.0750,249.6396,0.0000,0.0000
39.0000,19.6706,-16.1000,32938.9743,2510.3696,793.4744,246.1680,0.0000,0.0000
39.0167,19.6703,-16.1183,32971.8174,2513.3029,793.8738,242.5386,0.0000,0.0000
39.0333,19.6700,-16.1367,33004.8235,2516.2539,794.2732,238.9092,0.0000,0.0000
39.0500,19.6696,-16.1550,33037.9938,2519.2218,794.6725,235.2798,0.0000,0.0000
39.0667,19.6693,-16.1733,33071.3281,2522.2059,795.0718,231.6504,0.0000,0.0000
39.0833,19.6690,-16.1917,33104.8254,2525.2061,795.4710,228.0210,0.0000,0.0000
39.1000,19.6686,-16.2100,33138.4842,2528.2221,795.8702,224.3916,0.0000,0.0000
39.1167,19.6683,-16.2283,33172.3034,2531.2538,796.2694,220.7622,0.0000,0.0000
39.1333,19.6679,-16.2467,33206.2818,2534.3010,796.6685,217.1328,0.0000,0.0000
39.1500,19.6676,-16.2650,33240.4183,2537.3638,797.0676,213.5034,0.0000,0.0000
39.1667,19.6673,-16.2833,33274.7124,2540.4422,797.4667,209.8740,0.0000,0.0000
39.1833,19.6669,-16.3017,33309.1633,2543.5362,797.8657,206.2446,0.0000,0.0000
39.2000,19.6666,-16.3200,33343.7708,2546.6457,798.2647,202.6152,0.0000,0.0000
39.2167,19.6662,-16.3383,33378.5343,2549.7707,798.6637,198.9858,0.0000,0.0000
39.2333,19.6659,-16.3567,33413.4537,2552.9112,799.0626,195.3564,0.0000,0.0000
39.2500,19.6655,-16.3750,33448.5287,2556.0673,799.4615,191.7270,0.0000,0.0000
39.2667,19.6652,-16.3933,33483.7589,2559.2388,799.8604,188.0976,0.0000,0.0000
39.2833,19.6648,-16.4117,33519.1439,2562.4258,800.2592,184.4682,0.0000,0.0000
39.3000,19.6645,-16.4300,33554.6835,2565.6281,800.6580,180.8388,0.0000,0.0000
39.3167,19.6641,-16.4483,33590.3770,2568.8456,801.0567,177.2094,0.0000,0.0000
39.3333,19.6637,-16.4667,33626.2240,2572.0784,801.4555,173.5800,0.0000,0.0000
39.3500,19.6634,-16.4850,33662.2238,2575.3264,801.8542,169.9506,0.0000,0.0000
39.3667,19.6630,-16.5033,33698.3757,2578.5893,802.2528,166.3212,0.0000,0.0000
39.3833,19.6627,-16.5217,33734.6788,2581.8671,802.6514,162.6918,0.0000,0.0000
39.4000,19.6623,-16.5400,33771.1323,2585.1597,803.0500,159.0624,0.0000,0.0000
39.4167,19.6619,-16.5583,33807.7351,2588.4670,803.4486,155.4330,0.0000,0.0000
39.4333,19.6616,-16.5767,33844.4862,2591.7888,803.8471,151.8036,0.0000,0.0000
39.4500,19.6612,-16.5950,33881.3843,2595.1250,804.2456,148.1742,0.0000,0.0000
39.4667,19.6608,-16.6133,33918.4282,2598.4754,804.6441,144.5448,0.0000,0.0000
39.4833,19.6604,-16.6317,33955.6167,2601.8399,805.0425,140.9154,0.0000,0.0000
39.5000,19.6601,-16.6500,33992.9483,2605.2184,805.4409,137.2860,0.0000,0.0000
39.5167,19.6597,-16.6683,34030.4214,2608.6105,805.8392,133.6566,0.0000,0.0000
39.5333,19.6593,-16.6867,34068.0348,2612.0163,806.2376,130.0272,0.0000,0.0000
39.5500,19.6589,-16.7050,34105.7866,2615.4354,806.6359,126.3978,0.0000,0.0000
39.5667,19.6586,-16.7233,34143.6754,2618.8678,807.0341,122.7684,0.0000,0.0000
39.5833,19.6582,-16.7417,34181.6994,2622.3132,807.4324,119.1390,0.0000,0.0000
39.6000,19.6578,-16.7600,34219.8569,2625.7715,807.8306,115.5096,0.0000,0.0000
39.6167,19.6574,-16.7783,34258.1462,2629.2424,808.2288,111.8802,0.0000,0.0000
39.6333,19.6570,-16.7967,34296.5654,2632.7258,808.6269,108.2508,0.0000,0.0000
39.6500,19.6566,-16.8150,34335.1128,2636.2215,809.0251,104.6214,0.0000,0.0000
39.6667,19.6563,-16.8333,34373.7864,2639.7293,809.4232,100.9920,0.0000,0.0000
39.6833,19.6559,-16.8517,34412.5844,2643.2489,809.8212,97.3626,0.0000,0.0000
39.7000,19.6555,-16.8700,34451.5048,2646.7803,810.2193,93.7332,0.0000,0.0000
39.7167,19.6551,-16.8883,34490.5458,2650.3231,810.6173,90.1038,0.0000,0.0000
39.7333,19.6547,-16.9067,34529.7055,2653.8773,811.0153,86.4744,0.0000,0.0000
39.7500,19.6543,-16.9250,34568.9817,2657.4425,811.4132,82.8450,0.0000,0.0000
39.7667,19.6539,-16.9433,34608.3727,2661.0187,811.8112,79.2156,0.0000,0.0000
39.7833,19.6535,-16.9617,34647.8764,2664.6055,812.2091,75.5862,0.0000,0.0000
39.8000,19.6531,-16.9800,34687.4908,2668.2028,812.6070,71.9568,0.0000,0.0000
39.8167,19.6527,-16.9983,34727.2140,2671.8104,813.0048,68.3274,0.0000,0.0000
39.8333,19.6523,-17.0167,34767.0439,2675.4281,813.4027,64.6980,0.0000,0.0000
39.8500,19.6519,-17.0350,34806.9785,2679.0557,813.8005,61.0686,0.0000,0.0000
39.8667,19.6515,-17.0533,34847.0159,2682.6930,814.1983,57.4392,0.0000,0.0000
39.8833,19.6511,-17.0717,34887.1541,2686.3398,814.5961,53.8098,0.0000,0.0000
39.9000,19.6507,-17.0900,34927.3910,2689.9959,814.9938,50.1804,0.0000,0.0000
39.9167,19.6503,-17.1083,34967.7248,2693.6610,815.3915,46.5510,0.0000,0.0000
39.9333,19.6499,-17.1267,35008.1533,2697.3351,815.7892,42.9216,0.0000,0.0000
39.9500,19.6495,-17.1450,35048.6747,2701.0178,816.1869,39.2922,0.0000,0.0000
39.9667,19.6491,-17.1633,35089.2869,2704.7091,816.5846,35.6628,0.0000,0.0000
39.9833,19.6487,-17.1817,35129.9879,2708.4086,816.9822,32.0334,0.0000,0.0000
40.0000,19.6483,-17.2000,35170.7759,2712.1163,817.3799,28.4040,0.0000,0.0000
40.0167,19.6479,-17.2100,35210.2465,2715.4499,817.5929,27.9306,0.0000,0.0000
40.0333,19.6475,-17.2200,35248.5848,2718.7263,817.8063,27.4572,0.0000,0.0000
40.0500,19.6471,-17.2300,35285.9578,2721.9570,818.0198,26.9838,0.0000,0.0000
40.0667,19.6468,-17.2400,35322.5102,2725.1492,818.2335,26.5104,0.0000,0.0000
40.0833,19.6464,-17.2500,35358.3636,2728.3084,818.4474,26.0370,0.0000,0.0000
40.1000,19.6461,-17.2600,35393.6192,2731.4384,818.6614,25.5636,0.0000,0.0000
40.1167,19.6457,-17.2700,35428.3599,2734.5418,818.8755,25.0902,0.0000,0.0000
40.1333,19.6454,-17.2800,35462.6531,2737.6210,819.0897,24.6168,0.0000,0.0000
40.1500,19.6450,-17.2900,35496.5537,2740.6774,819.3040,24.1434,0.0000,0.0000
40.1667,19.6447,-17.3000,35530.1061,2743.7123,819.5184,23.6700,0.0000,0.0000
40.1833,19.6444,-17.3100,35563.3461,2746.7268,819.7328,23.1966,0.0000,0.0000
40.2000,19.6440,-17.3200,35596.3026,2749.7217,819.9474,22.7232,0.0000,0.0000
40.2167,19.6437,-17.3300,35628.9991,2752.6976,820.1619,22.2498,0.0000,0.0000
40.2333,19.6434,-17.3400,35661.4543,2755.6551,820.3766,21.7764,0.0000,0.0000
40.2500,19.6431,-17.3500,35693.6837,2758.5946,820.5912,21.3030,0.0000,0.0000
40.2667,19.6427,-17.3600,35725.6997,2761.5164,820.8059,20.8296,0.0000,0.0000
40.2833,19.6424,-17.3700,35757.5123,2764.4209,821.0207,20.3562,0.0000,0.0000
40.3000,19.6421,-17.3800,35789.1299,2767.3085,821.2355,19.8828,0.0000,0.0000
40.3167,19.6418,-17.3900,35820.5593,2770.1791,821.4504,19.4094,0.0000,0.0000
40.3333,19.6415,-17.4000,35851.8060,2773.0332,821.6653,18.9360,0.0000,0.0000
40.3500,19.6412,-17.4100,35882.8747,2775.8709,821.8802,18.4626,0.0000,0.0000
40.3667,19.6409,-17.4200,35913.7693,2778.6923,822.0952,17.9892,0.0000,0.0000
40.3833,19.6406,-17.4300,35944.4932,2781.4976,822.3102,17.5158,0.0000,0.0000
40.4000,19.6402,-17.4400,35975.0490,2784.2869,822.5252,17.0424,0.0000,0.0000
40.4167,19.6399,-17.4500,36005.4393,2787.0604,822.7403,16.5690,0.0000,0.0000
40.4333,19.6396,-17.4600,36035.6662,2789.8181,822.9554,16.0956,0.0000,0.0000
40.4500,19.6393,-17.4700,36065.7316,2792.5602,823.1706,15.6222,0.0000,0.0000
40.4667,19.6390,-17.4800,36095.6373,2795.2869,823.3858,15.1488,0.0000,0.0000
40.4833,19.6387,-17.4900,36125.3849,2797.9982,823.6010,14.6754,0.0000,0.0000
40.5000,19.6385,-17.5000,36154.9757,2800.6942,823.8162,14.2020,0.0000,0.0000
40.5167,19.6382,-17.5100,36184.4114,2803.3751,824.0315,13.7286,0.0000,0.0000
40.5333,19.6379,-17.5200,36213.6931,2806.0410,824.2469,13.2552,0.0000,0.0000
40.5500,19.6376,-17.5300,36242.8224,2808.6920,824.4622,12.7818,0.0000,0.0000
40.5667,19.6373,-17.5400,36271.8003,2811.3283,824.6776,12.3084,0.0000,0.0000
40.5833,19.6370,-17.5500,36300.6284,2813.9499,824.8931,11.8350,0.0000,0.0000
40.6000,19.6367,-17.5600,36329.3077,2816.5571,825.1085,11.3616,0.0000,0.0000
40.6167,19.6364,-17.5700,36357.8397,2819.1498,825.3240,10.8882,0.0000,0.0000
40.6333,19.6361,-17.5800,36386.2256,2821.7283,825.5395,10.4148,0.0000,0.0000
40.6500,19.6359,-17.5900,36414.4667,2824.2927,825.7551,9.9414,0.0000,0.0000
40.6667,19.6356,-17.6000,36442.5644,2826.8431,825.9707,9.4680,0.0000,0.0000
40.6833,19.6353,-17.6100,36470.5198,2829.3796,826.1863,8.9946,0.0000,0.0000
40.7000,19.6350,-17.6200,36498.3345,2831.9025,826.4020,8.5212,0.0000,0.0000
40.7167,19.6347,-17.6300,36526.0098,2834.4118,826.6176,8.0478,0.0000,0.0000
40.7333,19.6345,-17.6400,36553.5469,2836.9077,826.8334,7.5744,0.0000,0.0000
40.7500,19.6342,-17.6500,36580.9473,2839.3903,827.0491,7.1010,0.0000,0.0000
40.7667,19.6339,-17.6600,36608.2124,2841.8597,827.2649,6.6276,0.0000,0.0000
40.7833,19.6336,-17.6700,36635.3436,2844.3162,827.4807,6.1542,0.0000,0.0000
40.8000,19.6334,-17.6800,36662.3422,2846.7598,827.6965,5.6808,0.0000,0.0000
40.8167,19.6331,-17.6900,36689.2097,2849.1907,827.9124,5.2074,0.0000,0.0000
40.8333,19.6328,-17.7000,36715.9475,2851.6090,828.1283,4.7340,0.0000,0.0000
40.8500,19.6326,-17.7100,36742.5570,2854.0149,828.3442,4.2606,0.0000,0.0000
40.8667,19.6323,-17.7200,36769.0396,2856.4085,828.5601,3.7872,0.0000,0.0000
40.8833,19.6320,-17.7300,36795.3968,2858.7900,828.7761,3.3138,0.0000,0.0000
40.9000,19.6318,-17.7400,36821.6299,2861.1594,828.9921,2.8404,0.0000,0.0000
40.9167,19.6315,-17.7500,36847.7405,2863.5171,829.2081,2.3670,0.0000,0.0000
40.9333,19.6313,-17.7600,36873.7298,2865.8630,829.4242,1.8936,0.0000,0.0000
40.9500,19.6310,-17.7700,36899.5994,2868.1973,829.6403,1.4202,0.0000,0.0000
40.9667,19.6307,-17.7800,36925.3506,2870.5202,829.8564,0.9468,0.0000,0.0000
40.9833,19.6305,-17.7900,36950.9848,2872.8318,830.0725,0.4734,0.0000,0.0000
41.0000,19.6303,-17.8000,36970.0820,2874.6946,830.2901,0.0000,0.0000,0.0000
41.0167,19.6301,-17.8000,36988.3699,2876.1857,830.2861,0.0000,0.0000,0.0000
41.0333,19.6299,-17.8000,37005.9831,2877.6660,830.2822,0.0000,0.0000,0.0000
41.0500,19.6298,-17.8000,37023.0313,2879.1362,830.2784,0.0000,0.0000,0.0000
41.0667,19.6296,-17.8000,37039.6039,2880.5965,830.2747,0.0000,0.0000,0.0000
41.0833,19.6294,-17.8000,37055.7737,2882.0472,830.2711,0.0000,0.0000,0.0000
41.1000,19.6293,-17.8000,37071.5995,2883.4884,830.2676,0.0000,0.0000,0.0000
41.1167,19.6291,-17.8000,37087.1292,2884.9201,830.2642,0.0000,0.0000,0.0000
41.1333,19.6290,-17.8000,37102.4014,2886.3424,830.2608,0.0000,0.0000,0.0000
41.1500,19.6288,-17.8000,37117.4473,2887.7552,830.2574,0.0000,0.0000,0.0000
41.1667,19.6287,-17.8000,37132.2922,2889.1585,830.2541,0.0000,0.0000,0.0000
41.1833,19.6285,-17.8000,37146.9563,2890.5524,830.2509,0.0000,0.0000,0.0000
41.2000,19.6284,-17.8000,37161.4559,2891.9366,830.2477,0.0000,0.0000,0.0000
41.2167,19.6282,-17.8000,37175.8043,2893.3113,830.2445,0.0000,0.0000,0.0000
41.2333,19.6281,-17.8000,37190.0120,2894.6763,830.2413,0.0000,0.0000,0.0000
41.2500,19.6280,-17.8000,37204.0873,2896.0317,830.2382,0.0000,0.0000,0.0000
41.2667,19.6278,-17.8000,37218.0372,2897.3773,830.2351,0.0000,0.0000,0.0000
41.2833,19.6277,-17.8000,37231.8670,2898.7132,830.2321,0.0000,0.0000,0.0000
41.3000,19.6275,-17.8000,37245.5810,2900.0394,830.2290,0.0000,0.0000,0.0000
41.3167,19.6274,-17.8000,37259.1827,2901.3557,830.2260,0.0000,0.0000,0.0000
41.3333,19.6273,-17.8000,37272.6749,2902.6623,830.2230,0.0000,0.0000,0.0000
41.3500,19.6271,-17.8000,37286.0597,2903.9590,830.2200,0.0000,0.0000,0.0000
41.3667,19.6270,-17.8000,37299.3391,2905.2459,830.2171,0.0000,0.0000,0.0000
41.3833,19.6269,-17.8000,37312.5143,2906.5230,830.2142,0.0000,0.0000,0.0000
41.4000,19.6267,-17.8000,37325.5865,2907.7902,830.2113,0.0000,0.0000,0.0000
41.4167,19.6266,-17.8000,37338.5568,2909.0477,830.2084,0.0000,0.0000,0.0000
41.4333,19.6265,-17.8000,37351.4259,2910.2953,830.2055,0.0000,0.0000,0.0000
41.4500,19.6264,-17.8000,37364.1945,2911.5331,830.2027,0.0000,0.0000,0.0000
41.4667,19.6262,-17.8000,37376.8632,2912.7612,830.1999,0.0000,0.0000,0.0000
41.4833,19.6261,-17.8000,37389.4324,2913.9796,830.1971,0.0000,0.0000,0.0000
41.5000,19.6260,-17.8000,37401.9028,2915.1882,830.1943,0.0000,0.0000,0.0000
41.5167,19.6259,-17.8000,37414.2747,2916.3871,830.1916,0.0000,0.0000,0.0000
41.5333,19.6257,-17.8000,37426.5486,2917.5764,830.1889,0.0000,0.0000,0.0000
41.5500,19.6256,-17.8000,37438.7248,2918.7561,830.1862,0.0000,0.0000,0.0000
41.5667,19.6255,-17.8000,37450.8039,2919.9263,830.1835,0.0000,0.0000,0.0000
41.5833,19.6254,-17.8000,37462.7863,2921.0869,830.1808,0.0000,0.0000,0.0000
41.6000,19.6253,-17.8000,37474.6723,2922.2380,830.1782,0.0000,0.0000,0.0000
41.6167,19.6251,-17.8000,37486.4625,2923.3798,830.1756,0.0000,0.0000,0.0000
41.6333,19.6250,-17.8000,37498.1573,2924.5121,830.1730,0.0000,0.0000,0.0000
41.6500,19.6249,-17.8000,37509.7572,2925.6352,830.1704,0.0000,0.0000,0.0000
41.6667,19.6248,-17.8000,37521.2628,2926.7490,830.1679,0.0000,0.0000,0.0000
41.6833,19.6247,-17.8000,37532.6745,2927.8536,830.1653,0.0000,0.0000,0.0000
41.7000,19.6246,-17.8000,37543.9929,2928.9491,830.1628,0.0000,0.0000,0.0000
41.7167,19.6244,-17.8000,37555.2185,2930.0356,830.1603,0.0000,0.0000,0.0000
41.7333,19.6243,-17.8000,37566.3519,2931.1130,830.1579,0.0000,0.0000,0.0000
41.7500,19.6242,-17.8000,37577.3938,2932.1815,830.1554,0.0000,0.0000,0.0000
41.7667,19.6241,-17.8000,37588.3447,2933.2412,830.1530,0.0000,0.0000,0.0000
41.7833,19.6240,-17.8000,37599.2053,2934.2920,830.1506,0.0000,0.0000,0.0000
41.8000,19.6239,-17.8000,37609.9762,2935.3342,830.1482,0.0000,0.0000,0.0000
41.8167,19.6238,-17.8000,37620.6581,2936.3676,830.1458,0.0000,0.0000,0.0000
41.8333,19.6237,-17.8000,37631.2516,2937.3926,830.1435,0.0000,0.0000,0.0000
41.8500,19.6236,-17.8000,37641.7574,2938.4090,830.1411,0.0000,0.0000,0.0000
41.8667,19.6235,-17.8000,37652.1763,2939.4169,830.1388,0.0000,0.0000,0.0000
41.8833,19.6234,-17.8000,37662.5089,2940.4166,830.1365,0.0000,0.0000,0.0000
41.9000,19.6233,-17.8000,37672.7559,2941.4079,830.1343,0.0000,0.0000,0.0000
41.9167,19.6232,-17.8000,37682.9181,2942.3910,830.1320,0.0000,0.0000,0.0000
41.9333,19.6231,-17.8000,37692.9961,2943.3661,830.1298,0.0000,0.0000,0.0000
41.9500,19.6230,-17.8000,37702.9908,2944.3330,830.1275,0.0000,0.0000,0.0000
41.9667,19.6229,-17.8000,37712.9028,2945.2920,830.1254,0.0000,0.0000,0.0000
41.9833,19.6228,-17.8000,37722.7329,2946.2431,830.1232,0.0000,0.0000,0.0000
42.0000,19.6227,-17.8000,37732.4819,2947.1864,830.1210,0.0000,0.0000,0.0000
42.0167,19.6226,-17.8083,37743.0683,2948.4179,830.3035,0.0000,0.0000,0.0000
42.0333,19.6225,-17.8167,37754.3116,2949.6387,830.4859,0.0000,0.0000,0.0000
42.0500,19.6223,-17.8250,37766.0672,2950.8496,830.6681,0.0000,0.0000,0.0000
42.0667,19.6222,-17.8333,37778.2196,2952.0513,830.8503,0.0000,0.0000,0.0000
42.0833,19.6221,-17.8417,37790.6762,2953.2443,831.0324,0.0000,0.0000,0.0000
42.1000,19.6220,-17.8500,37803.3635,2954.4292,831.2144,0.0000,0.0000,0.0000
42.1167,19.6218,-17.8583,37816.2225,2955.6064,831.3964,0.0000,0.0000,0.0000
42.1333,19.6217,-17.8667,37829.2065,2956.7763,831.5784,0.0000,0.0000,0.0000
42.1500,19.6216,-17.8750,37842.2783,2957.9392,831.7603,0.0000,0.0000,0.0000
42.1667,19.6214,-17.8833,37855.4085,2959.0954,831.9423,0.0000,0.0000,0.0000
42.1833,19.6213,-17.8917,37868.5736,2960.2453,832.1242,0.0000,0.0000,0.0000
42.2000,19.6212,-17.9000,37881.7553,2961.3890,832.3061,0.0000,0.0000,0.0000
42.2167,19.6211,-17.9083,37894.9393,2962.5268,832.4881,0.0000,0.0000,0.0000
42.2333,19.6209,-17.9167,37908.1143,2963.6590,832.6700,0.0000,0.0000,0.0000
42.2500,19.6208,-17.9250,37921.2716,2964.7857,832.8519,0.0000,0.0000,0.0000
42.2667,19.6207,-17.9333,37934.4045,2965.9071,833.0339,0.0000,0.0000,0.0000
42.2833,19.6205,-17.9417,37947.5080,2967.0234,833.2158,0.0000,0.0000,0.0000
42.3000,19.6204,-17.9500,37960.5783,2968.1348,833.3978,0.0000,0.0000,0.0000
42.3167,19.6203,-17.9583,37973.6125,2969.2413,833.5797,0.0000,0.0000,0.0000
42.3333,19.6201,-17.9667,37986.6087,2970.3432,833.7617,0.0000,0.0000,0.0000
42.3500,19.6200,-17.9750,37999.5656,2971.4406,833.9437,0.0000,0.0000,0.0000
42.3667,19.6199,-17.9833,38012.4823,2972.5336,834.1257,0.0000,0.0000,0.0000
42.3833,19.6197,-17.9917,38025.3584,2973.6223,834.3076,0.0000,0.0000,0.0000
42.4000,19.6196,-18.0000,38038.1936,2974.7069,834.4897,0.0000,0.0000,0.0000
42.4167,19.6195,-18.0083,38050.9881,2975.7873,834.6717,0.0000,0.0000,0.0000
42.4333,19.6194,-18.0167,38063.7420,2976.8638,834.8537,0.0000,0.0000,0.0000
42.4500,19.6192,-18.0250,38076.4558,2977.9364,835.0357,0.0000,0.0000,0.0000
42.4667,19.6191,-18.0333,38089.1299,2979.0053,835.2178,0.0000,0.0000,0.0000
42.4833,19.6190,-18.0417,38101.7648,2980.0704,835.3998,0.0000,0.0000,0.0000
42.5000,19.6189,-18.0500,38114.3611,2981.1319,835.5819,0.0000,0.0000,0.0000
42.5167,19.6187,-18.0583,38126.9195,2982.1899,835.7639,0.0000,0.0000,0.0000
42.5333,19.6186,-18.0667,38139.4405,2983.2443,835.9460,0.0000,0.0000,0.0000
42.5500,19.6185,-18.0750,38151.9248,2984.2954,836.1281,0.0000,0.0000,0.0000
42.5667,19.6184,-18.0833,38164.3729,2985.3430,836.3102,0.0000,0.0000,0.0000
42.5833,19.6182,-18.0917,38176.7855,2986.3874,836.4923,0.0000,0.0000,0.0000
42.6000,19.6181,-18.1000,38189.1632,2987.4285,836.6744,0.0000,0.0000,0.0000
42.6167,19.6180,-18.1083,38201.5066,2988.4664,836.8565,0.0000,0.0000,0.0000
42.6333,19.6179,-18.1167,38213.8162,2989.5012,837.0386,0.0000,0.0000,0.0000
42.6500,19.6177,-18.1250,38226.0925,2990.5328,837.2208,0.0000,0.0000,0.0000
42.6667,19.6176,-18.1333,38238.3361,2991.5614,837.4029,0.0000,0.0000,0.0000
42.6833,19.6175,-18.1417,38250.5474,2992.5870,837.5850,0.0000,0.0000,0.0000
42.7000,19.6174,-18.1500,38262.7269,2993.6095,837.7672,0.0000,0.0000,0.0000
42.7167,19.6173,-18.1583,38274.8751,2994.6291,837.9493,0.0000,0.0000,0.0000
42.7333,19.6171,-18.1667,38286.9923,2995.6458,838.1315,0.0000,0.0000,0.0000
42.7500,19.6170,-18.1750,38299.0790,2996.6596,838.3137,0.0000,0.0000,0.0000
42.7667,19.6169,-18.1833,38311.1355,2997.6705,838.4959,0.0000,0.0000,0.0000
42.7833,19.6168,-18.1917,38323.1622,2998.6785,838.6780,0.0000,0.0000,0.0000
42.8000,19.6166,-18.2000,38335.1593,2999.6837,838.8602,0.0000,0.0000,0.0000
42.8167,19.6165,-18.2083,38347.1272,3000.6862,839.0424,0.0000,0.0000,0.0000
42.8333,19.6164,-18.2167,38359.0663,3001.6858,839.2246,0.0000,0.0000,0.0000
42.8500,19.6163,-18.2250,38370.9766,3002.6827,839.4069,0.0000,0.0000,0.0000
42.8667,19.6162,-18.2333,38382.8586,3003.6769,839.5891,0.0000,0.0000,0.0000
42.8833,19.6161,-18.2417,38394.7123,3004.6683,839.7713,0.0000,0.0000,0.0000
42.9000,19.6159,-18.2500,38406.5381,3005.6570,839.9535,0.0000,0.0000,0.0000
42.9167,19.6158,-18.2583,38418.3361,3006.6430,840.1358,0.0000,0.0000,0.0000
42.9333,19.6157,-18.2667,38430.1066,3007.6263,840.3180,0.0000,0.0000,0.0000
42.9500,19.6156,-18.2750,38441.8496,3008.6070,840.5002,0.0000,0.0000,0.0000
42.9667,19.6155,-18.2833,38453.5654,3009.5849,840.6825,0.0000,0.0000,0.0000
42.9833,19.6153,-18.2917,38465.2540,3010.5602,840.8648,0.0000,0.0000,0.0000
43.0000,19.6152,-18.3000,38476.9156,3011.5329,841.0470,0.0000,0.0000,0.0000
43.0167,19.6151,-18.3000,38487.6323,3012.2068,841.0446,0.0000,0.0000,0.0000
43.0333,19.6150,-18.3000,38497.5855,3012.8811,841.0424,0.0000,0.0000,0.0000
43.0500,19.6149,-18.3000,38506.9206,3013.5550,841.0404,0.0000,0.0000,0.0000
43.0667,19.6148,-18.3000,38515.7543,3014.2281,841.0384,0.0000,0.0000,0.0000
43.0833,19.6148,-18.3000,38524.1799,3014.8999,841.0365,0.0000,0.0000,0.0000
43.1000,19.6147,-18.3000,38532.2724,3015.5701,841.0347,0.0000,0.0000,0.0000
43.1167,19.6146,-18.3000,38540.0918,3016.2383,841.0330,0.0000,0.0000,0.0000
43.1333,19.6145,-18.3000,38547.6862,3016.9043,841.0313,0.0000,0.0000,0.0000
43.1500,19.6144,-18.3000,38555.0942,3017.5679,841.0297,0.0000,0.0000,0.0000
43.1667,19.6144,-18.3000,38562.3465,3018.2291,841.0281,0.0000,0.0000,0.0000
43.1833,19.6143,-18.3000,38569.4679,3018.8876,841.0265,0.0000,0.0000,0.0000
43.2000,19.6142,-18.3000,38576.4782,3019.5433,841.0249,0.0000,0.0000,0.0000
43.2167,19.6142,-18.3000,38583.3933,3020.1963,841.0234,0.0000,0.0000,0.0000
43.2333,19.6141,-18.3000,38590.2258,3020.8463,841.0219,0.0000,0.0000,0.0000
43.2500,19.6140,-18.3000,38596.9858,3021.4933,841.0204,0.0000,0.0000,0.0000
43.2667,19.6140,-18.3000,38603.6815,3022.1373,841.0189,0.0000,0.0000,0.0000
43.2833,19.6139,-18.3000,38610.3192,3022.7783,841.0174,0.0000,0.0000,0.0000
43.3000,19.6138,-18.3000,38616.9043,3023.4162,841.0160,0.0000,0.0000,0.0000
43.3167,19.6138,-18.3000,38623.4407,3024.0509,841.0145,0.0000,0.0000,0.0000
43.3333,19.6137,-18.3000,38629.9318,3024.6825,841.0131,0.0000,0.0000,0.0000
43.3500,19.6136,-18.3000,38636.3802,3025.3109,841.0117,0.0000,0.0000,0.0000
43.3667,19.6136,-18.3000,38642.7879,3025.9361,841.0102,0.0000,0.0000,0.0000
43.3833,19.6135,-18.3000,38649.1567,3026.5581,841.0088,0.0000,0.0000,0.0000
43.4000,19.6134,-18.3000,38655.4878,3027.1769,841.0074,0.0000,0.0000,0.0000
43.4167,19.6134,-18.3000,38661.7823,3027.7925,841.0060,0.0000,0.0000,0.0000
43.4333,19.6133,-18.3000,38668.0410,3028.4048,841.0046,0.0000,0.0000,0.0000
43.4500,19.6133,-18.3000,38674.2645,3029.0139,841.0032,0.0000,0.0000,0.0000
43.4667,19.6132,-18.3000,38680.4535,3029.6198,841.0019,0.0000,0.0000,0.0000
43.4833,19.6131,-18.3000,38686.6082,3030.2224,841.0005,0.0000,0.0000,0.0000
43.5000,19.6131,-18.3000,38692.7292,3030.8217,840.9992,0.0000,0.0000,0.0000
43.5167,19.6130,-18.3000,38698.8165,3031.4179,840.9978,0.0000,0.0000,0.0000
43.5333,19.6130,-18.3000,38704.8706,3032.0107,840.9965,0.0000,0.0000,0.0000
43.5500,19.6129,-18.3000,38710.8914,3032.6003,840.9951,0.0000,0.0000,0.0000
43.5667,19.6128,-18.3000,38716.8793,3033.1867,840.9938,0.0000,0.0000,0.0000
43.5833,19.6128,-18.3000,38722.8343,3033.7698,840.9925,0.0000,0.0000,0.0000
43.6000,19.6127,-18.3000,38728.7565,3034.3498,840.9912,0.0000,0.0000,0.0000
43.6167,19.6127,-18.3000,38734.6461,3034.9264,840.9899,0.0000,0.0000,0.0000
43.6333,19.6126,-18.3000,38740.5032,3035.4999,840.9886,0.0000,0.0000,0.0000
43.6500,19.6125,-18.3000,38746.3279,3036.0702,840.9873,0.0000,0.0000,0.0000
43.6667,19.6125,-18.3000,38752.1202,3036.6372,840.9860,0.0000,0.0000,0.0000
43.6833,19.6124,-18.3000,38757.8802,3037.2011,840.9847,0.0000,0.0000,0.0000
43.7000,19.6124,-18.3000,38763.6081,3037.7617,840.9834,0.0000,0.0000,0.0000
43.7167,19.6123,-18.3000,38769.3039,3038.3192,840.9822,0.0000,0.0000,0.0000
43.7333,19.6123,-18.3000,38774.9678,3038.8736,840.9809,0.0000,0.0000,0.0000
43.7500,19.6122,-18.3000,38780.5998,3039.4248,840.9797,0.0000,0.0000,0.0000
43.7667,19.6121,-18.3000,38786.2000,3039.9728,840.9784,0.0000,0.0000,0.0000
43.7833,19.6121,-18.3000,38791.7686,3040.5177,840.9772,0.0000,0.0000,0.0000
43.8000,19.6120,-18.3000,38797.3057,3041.0595,840.9760,0.0000,0.0000,0.0000
43.8167,19.6120,-18.3000,38802.8113,3041.5982,840.9747,0.0000,0.0000,0.0000
43.8333,19.6119,-18.3000,38808.2856,3042.1338,840.9735,0.0000,0.0000,0.0000
43.8500,19.6119,-18.3000,38813.7287,3042.6664,840.9723,0.0000,0.0000,0.0000
43.8667,19.6118,-18.3000,38819.1407,3043.1958,840.9711,0.0000,0.0000,0.0000
43.8833,19.6118,-18.3000,38824.5219,3043.7223,840.9699,0.0000,0.0000,0.0000
43.9000,19.6117,-18.3000,38829.8722,3044.2457,840.9687,0.0000,0.0000,0.0000
43.9167,19.6116,-18.3000,38835.1918,3044.7660,840.9676,0.0000,0.0000,0.0000
43.9333,19.6116,-18.3000,38840.4809,3045.2834,840.9664,0.0000,0.0000,0.0000
43.9500,19.6115,-18.3000,38845.7396,3045.7978,840.9652,0.0000,0.0000,0.0000
43.9667,19.6115,-18.3000,38850.9681,3046.3092,840.9641,0.0000,0.0000,0.0000
43.9833,19.6114,-18.3000,38856.1664,3046.8177,840.9629,0.0000,0.0000,0.0000
44.0000,19.6114,-18.3000,38861.3348,3047.3232,840.9618,0.0000,0.0000,0.0000
44.0167,19.6113,-18.3100,38867.5754,3048.1812,841.1822,0.0000,0.0000,0.0000
44.0333,19.6113,-18.3200,38874.6708,3049.0329,841.4024,0.0000,0.0000,0.0000
44.0500,19.6112,-18.3300,38882.4471,3049.8791,841.6225,0.0000,0.0000,0.0000
44.0667,19.6111,-18.3400,38890.7651,3050.7205,841.8425,0.0000,0.0000,0.0000
44.0833,19.6110,-18.3500,38899.5131,3051.5578,842.0624,0.0000,0.0000,0.0000
44.1000,19.6109,-18.3600,38908.6023,3052.3916,842.2822,0.0000,0.0000,0.0000
44.1167,19.6108,-18.3700,38917.9616,3053.2223,842.5020,0.0000,0.0000,0.0000
44.1333,19.6107,-18.3800,38927.5342,3054.0504,842.7217,0.0000,0.0000,0.0000
44.1500,19.6106,-18.3900,38937.2753,3054.8763,842.9413,0.0000,0.0000,0.0000
44.1667,19.6105,-18.4000,38947.1489,3055.7003,843.1609,0.0000,0.0000,0.0000
44.1833,19.6104,-18.4100,38957.1269,3056.5228,843.3806,0.0000,0.0000,0.0000
44.2000,19.6103,-18.4200,38967.1870,3057.3441,843.6001,0.0000,0.0000,0.0000
44.2167,19.6102,-18.4300,38977.3116,3058.1643,843.8197,0.0000,0.0000,0.0000
44.2333,19.6101,-18.4400,38987.4871,3058.9839,844.0393,0.0000,0.0000,0.0000
44.2500,19.6100,-18.4500,38997.7028,3059.8030,844.2588,0.0000,0.0000,0.0000
44.2667,19.6099,-18.4600,39007.9507,3060.6218,844.4784,0.0000,0.0000,0.0000
44.2833,19.6098,-18.4700,39018.2244,3061.4406,844.6979,0.0000,0.0000,0.0000
44.3000,19.6097,-18.4800,39028.5192,3062.2595,844.9175,0.0000,0.0000,0.0000
44.3167,19.6096,-18.4900,39038.8317,3063.0787,845.1370,0.0000,0.0000,0.0000
44.3333,19.6095,-18.5000,39049.1594,3063.8983,845.3565,0.0000,0.0000,0.0000
44.3500,19.6094,-18.5100,39059.5005,3064.7185,845.5761,0.0000,0.0000,0.0000
44.3667,19.6093,-18.5200,39069.8538,3065.5394,845.7956,0.0000,0.0000,0.0000
44.3833,19.6092,-18.5300,39080.2186,3066.3612,846.0151,0.0000,0.0000,0.0000
44.4000,19.6091,-18.5400,39090.5945,3067.1839,846.2346,0.0000,0.0000,0.0000
44.4167,19.6090,-18.5500,39100.9815,3068.0077,846.4542,0.0000,0.0000,0.0000
44.4333,19.6089,-18.5600,39111.3796,3068.8326,846.6737,0.0000,0.0000,0.0000
44.4500,19.6088,-18.5700,39121.7891,3069.6588,846.8932,0.0000,0.0000,0.0000
44.4667,19.6087,-18.5800,39132.2102,3070.4863,847.1127,0.0000,0.0000,0.0000
44.4833,19.6086,-18.5900,39142.6436,3071.3151,847.3322,0.0000,0.0000,0.0000
44.5000,19.6085,-18.6000,39153.0894,3072.1454,847.5517,0.0000,0.0000,0.0000
44.5167,19.6084,-18.6100,39163.5484,3072.9772,847.7712,0.0000,0.0000,0.0000
44.5333,19.6083,-18.6200,39174.0209,3073.8106,847.9907,0.0000,0.0000,0.0000
44.5500,19.6082,-18.6300,39184.5074,3074.6456,848.2102,0.0000,0.0000,0.0000
44.5667,19.6080,-18.6400,39195.0084,3075.4822,848.4297,0.0000,0.0000,0.0000
44.5833,19.6079,-18.6500,39205.5243,3076.3205,848.6492,0.0000,0.0000,0.0000
44.6000,19.6078,-18.6600,39216.0556,3077.1605,848.8687,0.0000,0.0000,0.0000
44.6167,19.6077,-18.6700,39226.6026,3078.0023,849.0882,0.0000,0.0000,0.0000
44.6333,19.6076,-18.6800,39237.1657,3078.8458,849.3077,0.0000,0.0000,0.0000
44.6500,19.6075,-18.6900,39247.7452,3079.6911,849.5271,0.0000,0.0000,0.0000
44.6667,19.6074,-18.7000,39258.3413,3080.5382,849.7466,0.0000,0.0000,0.0000
44.6833,19.6073,-18.7100,39268.9545,3081.3870,849.9661,0.0000,0.0000,0.0000
44.7000,19.6072,-18.7200,39279.5847,3082.2377,850.1855,0.0000,0.0000,0.0000
44.7167,19.6071,-18.7300,39290.2324,3083.0903,850.4050,0.0000,0.0000,0.0000
44.7333,19.6070,-18.7400,39300.8975,3083.9446,850.6245,0.0000,0.0000,0.0000
44.7500,19.6069,-18.7500,39311.5802,3084.8007,850.8439,0.0000,0.0000,0.0000
44.7667,19.6068,-18.7600,39322.2806,3085.6587,851.0634,0.0000,0.0000,0.0000
44.7833,19.6067,-18.7700,39332.9987,3086.5184,851.2828,0.0000,0.0000,0.0000
44.8000,19.6066,-18.7800,39343.7346,3087.3800,851.5022,0.0000,0.0000,0.0000
44.8167,19.6065,-18.7900,39354.4883,3088.2433,851.7217,0.0000,0.0000,0.0000
44.8333,19.6063,-18.8000,39365.2597,3089.1084,851.9411,0.0000,0.0000,0.0000
44.8500,19.6062,-18.8100,39376.0488,3089.9752,852.1605,0.0000,0.0000,0.0000
44.8667,19.6061,-18.8200,39386.8556,3090.8438,852.3800,0.0000,0.0000,0.0000
44.8833,19.6060,-18.8300,39397.6799,3091.7141,852.5994,0.0000,0.0000,0.0000
44.9000,19.6059,-18.8400,39408.5216,3092.5861,852.8188,0.0000,0.0000,0.0000
44.9167,19.6058,-18.8500,39419.3806,3093.4598,853.0382,0.0000,0.0000,0.0000
44.9333,19.6057,-18.8600,39430.2567,3094.3352,853.2576,0.0000,0.0000,0.0000
44.9500,19.6056,-18.8700,39441.1498,3095.2121,853.4770,0.0000,0.0000,0.0000
44.9667,19.6055,-18.8800,39452.0597,3096.0907,853.6964,0.0000,0.0000,0.0000
44.9833,19.6054,-18.8900,39462.9862,3096.9709,853.9158,0.0000,0.0000,0.0000
45.0000,19.6053,-18.9000,39473.9290,3097.8526,854.1352,0.0000,0.0000,0.0000
45.0167,19.6052,-18.9083,39484.7043,3098.6765,854.3177,0.0000,0.0000,0.0000
45.0333,19.6050,-18.9167,39495.3481,3099.5026,854.5002,0.0000,0.0000,0.0000
45.0500,19.6049,-18.9250,39505.8890,3100.3305,854.6827,0.0000,0.0000,0.0000
45.0667,19.6048,-18.9333,39516.3500,3101.1601,854.8652,0.0000,0.0000,0.0000
45.0833,19.6047,-18.9417,39526.7495,3101.9914,855.0478,0.0000,0.0000,0.0000
45.1000,19.6046,-18.9500,39537.1021,3102.8241,855.2303,0.0000,0.0000,0.0000
45.1167,19.6045,-18.9583,39547.4193,3103.6582,855.4129,0.0000,0.0000,0.0000
45.1333,19.6044,-18.9667,39557.7103,3104.4935,855.5955,0.0000,0.0000,0.0000
45.1500,19.6043,-18.9750,39567.9823,3105.3300,855.7781,0.0000,0.0000,0.0000
45.1667,19.6042,-18.9833,39578.2408,3106.1675,855.9606,0.0000,0.0000,0.0000
45.1833,19.6041,-18.9917,39588.4905,3107.0061,856.1432,0.0000,0.0000,0.0000
45.2000,19.6040,-19.0000,39598.7345,3107.8455,856.3258,0.0000,0.0000,0.0000
45.2167,19.6039,-19.0083,39608.9756,3108.6857,856.5084,0.0000,0.0000,0.0000
45.2333,19.6038,-19.0167,39619.2157,3109.5266,856.6910,0.0000,0.0000,0.0000
45.2500,19.6037,-19.0250,39629.4562,3110.3682,856.8735,0.0000,0.0000,0.0000
45.2667,19.6036,-19.0333,39639.6981,3111.2104,857.0561,0.0000,0.0000,0.0000
45.2833,19.6035,-19.0417,39649.9422,3112.0531,857.2387,0.0000,0.0000,0.0000
45.3000,19.6034,-19.0500,39660.1888,3112.8962,857.4213,0.0000,0.0000,0.0000
45.3167,19.6033,-19.0583,39670.4383,3113.7398,857.6039,0.0000,0.0000,0.0000
45.3333,19.6032,-19.0667,39680.6907,3114.5836,857.7864,0.0000,0.0000,0.0000
45.3500,19.6031,-19.0750,39690.9459,3115.4278,857.9690,0.0000,0.0000,0.0000
45.3667,19.6030,-19.0833,39701.2039,3116.2721,858.1516,0.0000,0.0000,0.0000
45.3833,19.6029,-19.0917,39711.4644,3117.1166,858.3342,0.0000,0.0000,0.0000
45.4000,19.6028,-19.1000,39721.7271,3117.9613,858.5167,0.0000,0.0000,0.0000
45.4167,19.6027,-19.1083,39731.9918,3118.8060,858.6993,0.0000,0.0000,0.0000
45.4333,19.6026,-19.1167,39742.2580,3119.6507,858.8819,0.0000,0.0000,0.0000
45.4500,19.6025,-19.1250,39752.5254,3120.4954,859.0645,0.0000,0.0000,0.0000
45.4667,19.6024,-19.1333,39762.7937,3121.3400,859.2470,0.0000,0.0000,0.0000
45.4833,19.6023,-19.1417,39773.0624,3122.1845,859.4296,0.0000,0.0000,0.0000
45.5000,19.6022,-19.1500,39783.3312,3123.0288,859.6122,0.0000,0.0000,0.0000
45.5167,19.6021,-19.1583,39793.5997,3123.8729,859.7948,0.0000,0.0000,0.0000
45.5333,19.6020,-19.1667,39803.8674,3124.7169,859.9773,0.0000,0.0000,0.0000
45.5500,19.6019,-19.1750,39814.1340,3125.5605,860.1599,0.0000,0.0000,0.0000
45.5667,19.6018,-19.1833,39824.3991,3126.4038,860.3425,0.0000,0.0000,0.0000
45.5833,19.6017,-19.1917,39834.6624,3127.2468,860.5251,0.0000,0.0000,0.0000
45.6000,19.6016,-19.2000,39844.9234,3128.0894,860.7076,0.0000,0.0000,0.0000
45.6167,19.6014,-19.2083,39855.1818,3128.9316,860.8902,0.0000,0.0000,0.0000
45.6333,19.6013,-19.2167,39865.4373,3129.7733,861.0728,0.0000,0.0000,0.0000
45.6500,19.6012,-19.2250,39875.6894,3130.6146,861.2554,0.0000,0.0000,0.0000
45.6667,19.6011,-19.2333,39885.9380,3131.4554,861.4380,0.0000,0.0000,0.0000
45.6833,19.6010,-19.2417,39896.1826,3132.2956,861.6205,0.0000,0.0000,0.0000
45.7000,19.6009,-19.2500,39906.4230,3133.1353,861.8031,0.0000,0.0000,0.0000
45.7167,19.6008,-19.2583,39916.6587,3133.9744,861.9857,0.0000,0.0000,0.0000
45.7333,19.6007,-19.2667,39926.8896,3134.8129,862.1683,0.0000,0.0000,0.0000
45.7500,19.6006,-19.2750,39937.1154,3135.6507,862.3509,0.0000,0.0000,0.0000
45.7667,19.6005,-19.2833,39947.3356,3136.4879,862.5334,0.0000,0.0000,0.0000
45.7833,19.6004,-19.2917,39957.5502,3137.3244,862.7160,0.0000,0.0000,0.0000
45.8000,19.6003,-19.3000,39967.7587,3138.1601,862.8986,0.0000,0.0000,0.0000
45.8167,19.6002,-19.3083,39977.9609,3138.9952,863.0812,0.0000,0.0000,0.0000
45.8333,19.6001,-19.3167,39988.1566,3139.8294,863.2638,0.0000,0.0000,0.0000
45.8500,19.6000,-19.3250,39998.3455,3140.6629,863.4464,0.0000,0.0000,0.0000
45.8667,19.5999,-19.3333,40008.5273,3141.4955,863.6290,0.0000,0.0000,0.0000
45.8833,19.5998,-19.3417,40018.7018,3142.3274,863.8116,0.0000,0.0000,0.0000
45.9000,19.5997,-19.3500,40028.8688,3143.1583,863.9942,0.0000,0.0000,0.0000
45.9167,19.5996,-19.3583,40039.0280,3143.9884,864.1768,0.0000,0.0000,0.0000
45.9333,19.5995,-19.3667,40049.1791,3144.8176,864.3594,0.0000,0.0000,0.0000
45.9500,19.5994,-19.3750,40059.3220,3145.6458,864.5420,0.0000,0.0000,0.0000
45.9667,19.5993,-19.3833,40069.4564,3146.4731,864.7246,0.0000,0.0000,0.0000
45.9833,19.5992,-19.3917,40079.5820,3147.2994,864.9072,0.0000,0.0000,0.0000
46.0000,19.5991,-19.4000,40089.6987,3148.1248,865.0898,0.0000,0.0000,0.0000
46.0167,19.5990,-19.3917,40097.9684,3148.3561,864.9031,0.0000,0.0000,0.0000
46.0333,19.5990,-19.3833,40104.7527,3148.5917,864.7168,0.0000,0.0000,0.0000
46.0500,19.5989,-19.3750,40110.3413,3148.8302,864.5307,0.0000,0.0000,0.0000
46.0667,19.5989,-19.3667,40114.9659,3149.0703,864.3448,0.0000,0.0000,0.0000
46.0833,19.5988,-19.3583,40118.8123,3149.3111,864.1591,0.0000,0.0000,0.0000
46.1000,19.5988,-19.3500,40122.0286,3149.5516,863.9735,0.0000,0.0000,0.0000
46.1167,19.5988,-19.3417,40124.7331,3149.7909,863.7881,0.0000,0.0000,0.0000
46.1333,19.5987,-19.3333,40127.0202,3150.0283,863.6027,0.0000,0.0000,0.0000
46.1500,19.5987,-19.3250,40128.9645,3150.2631,863.4174,0.0000,0.0000,0.0000
46.1667,19.5987,-19.3167,40130.6254,3150.4947,863.2322,0.0000,0.0000,0.0000
46.1833,19.5987,-19.3083,40132.0497,3150.7224,863.0470,0.0000,0.0000,0.0000
46.2000,19.5987,-19.3000,40133.2743,3150.9457,862.8619,0.0000,0.0000,0.0000
46.2167,19.5987,-19.2917,40134.3279,3151.1641,862.6768,0.0000,0.0000,0.0000
46.2333,19.5986,-19.2833,40135.2329,3151.3771,862.4918,0.0000,0.0000,0.0000
46.2500,19.5986,-19.2750,40136.0065,3151.5843,862.3067,0.0000,0.0000,0.0000
46.2667,19.5986,-19.2667,40136.6620,3151.7852,862.1217,0.0000,0.0000,0.0000
46.2833,19.5986,-19.2583,40137.2091,3151.9795,861.9368,0.0000,0.0000,0.0000
46.3000,19.5986,-19.2500,40137.6553,3152.1668,861.7518,0.0000,0.0000,0.0000
46.3167,19.5986,-19.2417,40138.0059,3152.3468,861.5669,0.0000,0.0000,0.0000
46.3333,19.5986,-19.2333,40138.2644,3152.5191,861.3820,0.0000,0.0000,0.0000
46.3500,19.5986,-19.2250,40138.4334,3152.6835,861.1971,0.0000,0.0000,0.0000
46.3667,19.5986,-19.2167,40138.5141,3152.8397,861.0122,0.0000,0.0000,0.0000
46.3833,19.5986,-19.2083,40138.5073,3152.9873,860.8274,0.0000,0.0000,0.0000
46.4000,19.5986,-19.2000,40138.4129,3153.1263,860.6425,0.0000,0.0000,0.0000
46.4167,19.5986,-19.1917,40138.2305,3153.2562,860.4577,0.0000,0.0000,0.0000
46.4333,19.5986,-19.1833,40137.9594,3153.3769,860.2729,0.0000,0.0000,0.0000
46.4500,19.5986,-19.1750,40137.5983,3153.4881,860.0882,0.0000,0.0000,0.0000
46.4667,19.5986,-19.1667,40137.1462,3153.5897,859.9034,0.0000,0.0000,0.0000
46.4833,19.5986,-19.1583,40136.6014,3153.6814,859.7187,0.0000,0.0000,0.0000
46.5000,19.5986,-19.1500,40135.9623,3153.7629,859.5340,0.0000,0.0000,0.0000
46.5167,19.5986,-19.1417,40135.2273,3153.8341,859.3493,0.0000,0.0000,0.0000
46.5333,19.5987,-19.1333,40134.3944,3153.8947,859.1646,0.0000,0.0000,0.0000
46.5500,19.5987,-19.1250,40133.4616,3153.9445,858.9800,0.0000,0.0000,0.0000
46.5667,19.5987,-19.1167,40132.4267,3153.9830,858.7953,0.0000,0.0000,0.0000
46.5833,19.5987,-19.1083,40131.2874,3154.0101,858.6107,0.0000,0.0000,0.0000
46.6000,19.5987,-19.1000,40130.0408,3154.0253,858.4262,0.0000,0.0000,0.0000
46.6167,19.5987,-19.0917,40128.6840,3154.0280,858.2416,0.0000,0.0000,0.0000
46.6333,19.5987,-19.0833,40127.2130,3154.0177,858.0571,0.0000,0.0000,0.0000
46.6500,19.5987,-19.0750,40125.6230,3153.9932,857.8726,0.0000,0.0000,0.0000
46.6667,19.5988,-19.0667,40123.9075,3153.9531,857.6881,0.0000,0.0000,0.0000
46.6833,19.5988,-19.0583,40122.0561,3153.8938,857.5037,0.0000,0.0000,0.0000
46.7000,19.5988,-19.0500,40120.0476,3153.8027,857.3193,0.0000,0.0000,0.0000
46.7167,19.5988,-19.0417,40117.8346,3153.7030,857.1349,0.0000,0.0000,0.0000
46.7333,19.5988,-19.0333,40115.5051,3153.6024,856.9506,0.0000,0.0000,0.0000
46.7500,19.5989,-19.0250,40113.0716,3153.4988,856.7663,0.0000,0.0000,0.0000
46.7667,19.5989,-19.0167,40110.5454,3153.3911,856.5820,0.0000,0.0000,0.0000
46.7833,19.5989,-19.0083,40107.9351,3153.2789,856.3977,0.0000,0.0000,0.0000
46.8000,19.5989,-19.0000,40105.2472,3153.1616,856.2134,0.0000,0.0000,0.0000
46.8167,19.5990,-18.9917,40102.4863,3153.0391,856.0292,0.0000,0.0000,0.0000
46.8333,19.5990,-18.9833,40099.6562,3152.9113,855.8450,0.0000,0.0000,0.0000
46.8500,19.5990,-18.9750,40096.7595,3152.7779,855.6608,0.0000,0.0000,0.0000
46.8667,19.5991,-18.9667,40093.7981,3152.6390,855.4766,0.0000,0.0000,0.0000
46.8833,19.5991,-18.9583,40090.7736,3152.4943,855.2924,0.0000,0.0000,0.0000
46.9000,19.5991,-18.9500,40087.6872,3152.3440,855.1082,0.0000,0.0000,0.0000
46.9167,19.5992,-18.9417,40084.5398,3152.1879,854.9241,0.0000,0.0000,0.0000
46.9333,19.5992,-18.9333,40081.3320,3152.0261,854.7399,0.0000,0.0000,0.0000
46.9500,19.5992,-18.9250,40078.0645,3151.8586,854.5558,0.0000,0.0000,0.0000
46.9667,19.5993,-18.9167,40074.7378,3151.6853,854.3717,0.0000,0.0000,0.0000
46.9833,19.5993,-18.9083,40071.3523,3151.5064,854.1876,0.0000,0.0000,0.0000
47.0000,19.5993,-18.9000,40066.6550,3151.3671,854.0038,0.0000,0.0000,0.0000
47.0167,19.5994,-18.9083,40064.8702,3151.8079,854.1890,0.0000,0.0000,0.0000
47.0333,19.5993,-18.9167,40065.1785,3152.2321,854.3738,0.0000,0.0000,0.0000
47.0500,19.5993,-18.9250,40066.9838,3152.6416,854.5582,0.0000,0.0000,0.0000
47.0667,19.5993,-18.9333,40069.6481,3153.0309,854.7425,0.0000,0.0000,0.0000
47.0833,19.5993,-18.9417,40073.0463,3153.4082,854.9266,0.0000,0.0000,0.0000
47.1000,19.5992,-18.9500,40076.9668,3153.7740,855.1106,0.0000,0.0000,0.0000
47.1167,19.5992,-18.9583,40081.2523,3154.1287,855.2945,0.0000,0.0000,0.0000
47.1333,19.5991,-18.9667,40085.7856,3154.4729,855.4783,0.0000,0.0000,0.0000
47.1500,19.5991,-18.9750,40090.4806,3154.8072,855.6622,0.0000,0.0000,0.0000
47.1667,19.5990,-18.9833,40095.2745,3155.1325,855.8459,0.0000,0.0000,0.0000
47.1833,19.5990,-18.9917,40100.1220,3155.4495,856.0297,0.0000,0.0000,0.0000
47.2000,19.5990,-19.0000,40104.9913,3155.7590,856.2135,0.0000,0.0000,0.0000
47.2167,19.5989,-19.0083,40109.8605,3156.0620,856.3973,0.0000,0.0000,0.0000
47.2333,19.5989,-19.0167,40114.7156,3156.3592,856.5810,0.0000,0.0000,0.0000
47.2500,19.5988,-19.0250,40119.5476,3156.6516,856.7648,0.0000,0.0000,0.0000
47.2667,19.5988,-19.0333,40124.3522,3156.9398,856.9486,0.0000,0.0000,0.0000
47.2833,19.5987,-19.0417,40129.1278,3157.2247,857.1324,0.0000,0.0000,0.0000
47.3000,19.5987,-19.0500,40133.8750,3157.5070,857.3162,0.0000,0.0000,0.0000
47.3167,19.5986,-19.0583,40138.5962,3157.7874,857.5000,0.0000,0.0000,0.0000
47.3333,19.5986,-19.0667,40143.2944,3158.0664,857.6838,0.0000,0.0000,0.0000
47.3500,19.5985,-19.0750,40147.9738,3158.3448,857.8676,0.0000,0.0000,0.0000
47.3667,19.5985,-19.0833,40152.6387,3158.6231,858.0514,0.0000,0.0000,0.0000
47.3833,19.5984,-19.0917,40157.2938,3158.9018,858.2353,0.0000,0.0000,0.0000
47.4000,19.5984,-19.1000,40161.9437,3159.1815,858.4191,0.0000,0.0000,0.0000
47.4167,19.5983,-19.1083,40166.5933,3159.4626,858.6029,0.0000,0.0000,0.0000
47.4333,19.5983,-19.1167,40171.2472,3159.7455,858.7867,0.0000,0.0000,0.0000
47.4500,19.5982,-19.1250,40175.9097,3160.0306,858.9705,0.0000,0.0000,0.0000
47.4667,19.5982,-19.1333,40180.5853,3160.3183,859.1544,0.0000,0.0000,0.0000
47.4833,19.5981,-19.1417,40185.2780,3160.6091,859.3382,0.0000,0.0000,0.0000
47.5000,19.5981,-19.1500,40189.9917,3160.9031,859.5220,0.0000,0.0000,0.0000
47.5167,19.5981,-19.1583,40194.7300,3161.2006,859.7058,0.0000,0.0000,0.0000
47.5333,19.5980,-19.1667,40199.4964,3161.5020,859.8896,0.0000,0.0000,0.0000
47.5500,19.5980,-19.1750,40204.2939,3161.8075,860.0734,0.0000,0.0000,0.0000
47.5667,19.5979,-19.1833,40209.1255,3162.1174,860.2571,0.0000,0.0000,0.0000
47.5833,19.5979,-19.1917,40213.9940,3162.4317,860.4409,0.0000,0.0000,0.0000
47.6000,19.5978,-19.2000,40217.7618,3162.7456,860.6249,0.0000,0.0000,0.0000
47.6167,19.5978,-19.2083,40221.7656,3163.0618,860.8089,0.0000,0.0000,0.0000
47.6333,19.5977,-19.2167,40225.9651,3163.3805,860.9928,0.0000,0.0000,0.0000
47.6500,19.5977,-19.2250,40230.3279,3163.7018,861.1767,0.0000,0.0000,0.0000
47.6667,19.5977,-19.2333,40234.8282,3164.0259,861.3606,0.0000,0.0000,0.0000
47.6833,19.5976,-19.2417,40239.4451,3164.3530,861.5444,0.0000,0.0000,0.0000
47.7000,19.5976,-19.2500,40244.1624,3164.6832,861.7282,0.0000,0.0000,0.0000
47.7167,19.5975,-19.2583,40248.9670,3165.0165,861.9120,0.0000,0.0000,0.0000
47.7333,19.5975,-19.2667,40253.8484,3165.3532,862.0958,0.0000,0.0000,0.0000
47.7500,19.5974,-19.2750,40258.7985,3165.6933,862.2795,0.0000,0.0000,0.0000
47.7667,19.5974,-19.2833,40263.8108,3166.0369,862.4632,0.0000,0.0000,0.0000
47.7833,19.5973,-19.2917,40268.8803,3166.3841,862.6470,0.0000,0.0000,0.0000
47.8000,19.5973,-19.3000,40274.0029,3166.7348,862.8307,0.0000,0.0000,0.0000
47.8167,19.5972,-19.3083,40279.1757,3167.0894,863.0144,0.0000,0.0000,0.0000
47.8333,19.5972,-19.3167,40284.3961,3167.4476,863.1981,0.0000,0.0000,0.0000
47.8500,19.5971,-19.3250,40289.6623,3167.8097,863.3818,0.0000,0.0000,0.0000
47.8667,19.5971,-19.3333,40294.9729,3168.1756,863.5654,0.0000,0.0000,0.0000
47.8833,19.5970,-19.3417,40300.3269,3168.5454,863.7491,0.0000,0.0000,0.0000
47.9000,19.5969,-19.3500,40305.7234,3168.9191,863.9328,0.0000,0.0000,0.0000
47.9167,19.5969,-19.3583,40311.1617,3169.2967,864.1164,0.0000,0.0000,0.0000
47.9333,19.5968,-19.3667,40316.6415,3169.6783,864.3001,0.0000,0.0000,0.0000
47.9500,19.5968,-19.3750,40322.1624,3170.0639,864.4837,0.0000,0.0000,0.0000
47.9667,19.5967,-19.3833,40327.7241,3170.4535,864.6673,0.0000,0.0000,0.0000
47.9833,19.5967,-19.3917,40333.3265,3170.8470,864.8509,0.0000,0.0000,0.0000
48.0000,19.5966,-19.4000,40338.9694,3171.2446,865.0345,0.0000,0.0000,0.0000
48.0167,19.5966,-19.3917,40342.8144,3171.0528,864.8488,0.0000,0.0000,0.0000
48.0333,19.5965,-19.3833,40345.2227,3170.8702,864.6634,0.0000,0.0000,0.0000
48.0500,19.5965,-19.3750,40346.4842,3170.6954,864.4783,0.0000,0.0000,0.0000
48.0667,19.5965,-19.3667,40346.8312,3170.5274,864.2934,0.0000,0.0000,0.0000
48.0833,19.5965,-19.3583,40346.4495,3170.3651,864.1086,0.0000,0.0000,0.0000
48.1000,19.5965,-19.3500,40345.4879,3170.2078,863.9239,0.0000,0.0000,0.0000
48.1167,19.5966,-19.3417,40344.0654,3170.0546,863.7394,0.0000,0.0000,0.0000
48.1333,19.5966,-19.3333,40342.2768,3169.9049,863.5550,0.0000,0.0000,0.0000
48.1500,19.5966,-19.3250,40340.1975,3169.7582,863.3706,0.0000,0.0000,0.0000
48.1667,19.5966,-19.3167,40337.8876,3169.6137,863.1862,0.0000,0.0000,0.0000
48.1833,19.5966,-19.3083,40335.3946,3169.4711,863.0019,0.0000,0.0000,0.0000
48.2000,19.5967,-19.3000,40332.7560,3169.3297,862.8177,0.0000,0.0000,0.0000
48.2167,19.5967,-19.2917,40330.0012,3169.1893,862.6334,0.0000,0.0000,0.0000
48.2333,19.5967,-19.2833,40327.1534,3169.0492,862.4492,0.0000,0.0000,0.0000
48.2500,19.5968,-19.2750,40324.2304,3168.9093,862.2650,0.0000,0.0000,0.0000
48.2667,19.5968,-19.2667,40321.2460,3168.7691,862.0808,0.0000,0.0000,0.0000
48.2833,19.5968,-19.2583,40318.2108,3168.6283,861.8966,0.0000,0.0000,0.0000
48.3000,19.5968,-19.2500,40315.1327,3168.4866,861.7125,0.0000,0.0000,0.0000
48.3167,19.5969,-19.2417,40312.0177,3168.3436,861.5283,0.0000,0.0000,0.0000
48.3333,19.5969,-19.2333,40308.8698,3168.1993,861.3441,0.0000,0.0000,0.0000
48.3500,19.5969,-19.2250,40305.6922,3168.0531,861.1600,0.0000,0.0000,0.0000
48.3667,19.5970,-19.2167,40302.4867,3167.9051,860.9758,0.0000,0.0000,0.0000
48.3833,19.5970,-19.2083,40299.2546,3167.7549,860.7917,0.0000,0.0000,0.0000
48.4000,19.5970,-19.2000,40295.9964,3167.6023,860.6076,0.0000,0.0000,0.0000
48.4167,19.5971,-19.1917,40292.7122,3167.4472,860.4235,0.0000,0.0000,0.0000
48.4333,19.5971,-19.1833,40289.4018,3167.2894,860.2393,0.0000,0.0000,0.0000
48.4500,19.5971,-19.1750,40286.0648,3167.1287,860.0552,0.0000,0.0000,0.0000
48.4667,19.5972,-19.1667,40282.7004,3166.9650,859.8711,0.0000,0.0000,0.0000
48.4833,19.5972,-19.1583,40279.3080,3166.7982,859.6870,0.0000,0.0000,0.0000
48.5000,19.5972,-19.1500,40275.8865,3166.6281,859.5029,0.0000,0.0000,0.0000
48.5167,19.5973,-19.1417,40272.4351,3166.4546,859.3188,0.0000,0.0000,0.0000
48.5333,19.5973,-19.1333,40268.9529,3166.2777,859.1348,0.0000,0.0000,0.0000
48.5500,19.5973,-19.1250,40265.4388,3166.0971,858.9507,0.0000,0.0000,0.0000
48.5667,19.5974,-19.1167,40261.8921,3165.9130,858.7666,0.0000,0.0000,0.0000
48.5833,19.5974,-19.1083,40258.3118,3165.7250,858.5826,0.0000,0.0000,0.0000
48.6000,19.5975,-19.1000,40254.6971,3165.5333,858.3985,0.0000,0.0000,0.0000
48.6167,19.5975,-19.0917,40251.0471,3165.3377,858.2145,0.0000,0.0000,0.0000
48.6333,19.5975,-19.0833,40247.3612,3165.1382,858.0304,0.0000,0.0000,0.0000
48.6500,19.5976,-19.0750,40243.6385,3164.9347,857.8464,0.0000,0.0000,0.0000
48.6667,19.5976,-19.0667,40239.8786,3164.7272,857.6624,0.0000,0.0000,0.0000
48.6833,19.5976,-19.0583,40236.0807,3164.5157,857.4784,0.0000,0.0000,0.0000
48.7000,19.5977,-19.0500,40232.2444,3164.3001,857.2944,0.0000,0.0000,0.0000
48.7167,19.5977,-19.0417,40228.3691,3164.0803,857.1104,0.0000,0.0000,0.0000
48.7333,19.5978,-19.0333,40224.4545,3163.8565,856.9264,0.0000,0.0000,0.0000
48.7500,19.5978,-19.0250,40220.5002,3163.6285,856.7424,0.0000,0.0000,0.0000
48.7667,19.5978,-19.0167,40216.5058,3163.3964,856.5585,0.0000,0.0000,0.0000
48.7833,19.5979,-19.0083,40212.4712,3163.1601,856.3745,0.0000,0.0000,0.0000
48.8000,19.5979,-19.0000,40208.3959,3162.9197,856.1906,0.0000,0.0000,0.0000
48.8167,19.5980,-18.9917,40204.2800,3162.6751,856.0066,0.0000,0.0000,0.0000
48.8333,19.5980,-18.9833,40200.1232,3162.4263,855.8227,0.0000,0.0000,0.0000
48.8500,19.5980,-18.9750,40195.9254,3162.1734,855.6388,0.0000,0.0000,0.0000
48.8667,19.5981,-18.9667,40191.6866,3161.9164,855.4548,0.0000,0.0000,0.0000
48.8833,19.5981,-18.9583,40187.4068,3161.6552,855.2709,0.0000,0.0000,0.0000
48.9000,19.5982,-18.9500,40183.0859,3161.3899,855.0871,0.0000,0.0000,0.0000
48.9167,19.5982,-18.9417,40178.7240,3161.1206,854.9032,0.0000,0.0000,0.0000
48.9333,19.5983,-18.9333,40174.3212,3160.8471,854.7193,0.0000,0.0000,0.0000
48.9500,19.5983,-18.9250,40169.8775,3160.5696,854.5354,0.0000,0.0000,0.0000
48.9667,19.5983,-18.9167,40165.3932,3160.2881,854.3516,0.0000,0.0000,0.0000
48.9833,19.5984,-18.9083,40160.8682,3160.0026,854.1677,0.0000,0.0000,0.0000
49.0000,19.5984,-18.9000,40156.3030,3159.7131,853.9839,0.0000,0.0000,0.0000
49.0167,19.5985,-18.9000,40152.6165,3159.7162,853.9847,0.0000,0.0000,0.0000
49.0333,19.5985,-18.9000,40149.6284,3159.7128,853.9854,0.0000,0.0000,0.0000
49.0500,19.5985,-18.9000,40147.1938,3159.7036,853.9859,0.0000,0.0000,0.0000
49.0667,19.5985,-18.9000,40145.1967,3159.6890,853.9863,0.0000,0.0000,0.0000
49.0833,19.5986,-18.9000,40143.5441,3159.6696,853.9867,0.0000,0.0000,0.0000
49.1000,19.5986,-18.9000,40142.1618,3159.6458,853.9870,0.0000,0.0000,0.0000
49.1167,19.5986,-18.9000,40140.9904,3159.6179,853.9873,0.0000,0.0000,0.0000
49.1333,19.5986,-18.9000,40139.9823,3159.5863,853.9875,0.0000,0.0000,0.0000
49.1500,19.5986,-18.9000,40139.0998,3159.5513,853.9877,0.0000,0.0000,0.0000
49.1667,19.5986,-18.9000,40138.3129,3159.5131,853.9879,0.0000,0.0000,0.0000
49.1833,19.5986,-18.9000,40137.5976,3159.4720,853.9880,0.0000,0.0000,0.0000
49.2000,19.5986,-18.9000,40136.9351,3159.4281,853.9882,0.0000,0.0000,0.0000
49.2167,19.5986,-18.9000,40136.3105,3159.3817,853.9883,0.0000,0.0000,0.0000
49.2333,19.5986,-18.9000,40135.7121,3159.3330,853.9884,0.0000,0.0000,0.0000
49.2500,19.5986,-18.9000,40135.1308,3159.2821,853.9886,0.0000,0.0000,0.0000
49.2667,19.5987,-18.9000,40134.5594,3159.2292,853.9887,0.0000,0.0000,0.0000
49.2833,19.5987,-18.9000,40133.9926,3159.1745,853.9888,0.0000,0.0000,0.0000
49.3000,19.5987,-18.9000,40133.4262,3159.1180,853.9890,0.0000,0.0000,0.0000
49.3167,19.5987,-18.9000,40132.8571,3159.0599,853.9891,0.0000,0.0000,0.0000
49.3333,19.5987,-18.9000,40132.2830,3159.0004,853.9892,0.0000,0.0000,0.0000
49.3500,19.5987,-18.9000,40131.7024,3158.9395,853.9893,0.0000,0.0000,0.0000
49.3667,19.5987,-18.9000,40131.1140,3158.8774,853.9895,0.0000,0.0000,0.0000
49.3833,19.5987,-18.9000,40130.5172,3158.8141,853.9896,0.0000,0.0000,0.0000
49.4000,19.5987,-18.9000,40129.9115,3158.7497,853.9897,0.0000,0.0000,0.0000
49.4167,19.5987,-18.9000,40129.2968,3158.6844,853.9899,0.0000,0.0000,0.0000
49.4333,19.5987,-18.9000,40128.6732,3158.6181,853.9900,0.0000,0.0000,0.0000
49.4500,19.5987,-18.9000,40128.0408,3158.5511,853.9901,0.0000,0.0000,0.0000
49.4667,19.5987,-18.9000,40127.3999,3158.4833,853.9903,0.0000,0.0000,0.0000
49.4833,19.5987,-18.9000,40126.7508,3158.4148,853.9904,0.0000,0.0000,0.0000
49.5000,19.5987,-18.9000,40126.0939,3158.3457,853.9906,0.0000,0.0000,0.0000
49.5167,19.5987,-18.9000,40125.1271,3158.2530,853.9908,0.0000,0.0000,0.0000
49.5333,19.5988,-18.9000,40124.1733,3158.1610,853.9910,0.0000,0.0000,0.0000
49.5500,19.5988,-18.9000,40123.2392,3158.0729,853.9912,0.0000,0.0000,0.0000
49.5667,19.5988,-18.9000,40122.3374,3157.9916,853.9914,0.0000,0.0000,0.0000
49.5833,19.5988,-18.9000,40121.5486,3157.9231,853.9916,0.0000,0.0000,0.0000
49.6000,19.5988,-18.9000,40120.8088,3157.8640,853.9918,0.0000,0.0000,0.0000
49.6167,19.5988,-18.9000,40120.1306,3157.8149,853.9919,0.0000,0.0000,0.0000
49.6333,19.5988,-18.9000,40119.5238,3157.7760,853.9920,0.0000,0.0000,0.0000
49.6500,19.5988,-18.9000,40118.9956,3157.7471,853.9922,0.0000,0.0000,0.0000
49.6667,19.5988,-18.9000,40118.5504,3157.7278,853.9923,0.0000,0.0000,0.0000
49.6833,19.5988,-18.9000,40118.1902,3157.7176,853.9923,0.0000,0.0000,0.0000
49.7000,19.5988,-18.9000,40117.9149,3157.7160,853.9924,0.0000,0.0000,0.0000
49.7167,19.5988,-18.9000,40117.7230,3157.7222,853.9924,0.0000,0.0000,0.0000
49.7333,19.5988,-18.9000,40117.6114,3157.7354,853.9925,0.0000,0.0000,0.0000
49.7500,19.5988,-18.9000,40117.5762,3157.7552,853.9925,0.0000,0.0000,0.0000
49.7667,19.5988,-18.9000,40117.6127,3157.7807,853.9925,0.0000,0.0000,0.0000
49.7833,19.5988,-18.9000,40117.7159,3157.8113,853.9924,0.0000,0.0000,0.0000
49.8000,19.5988,-18.9000,40117.8805,3157.8465,853.9924,0.0000,0.0000,0.0000
49.8167,19.5988,-18.9000,40118.1011,3157.8857,853.9924,0.0000,0.0000,0.0000
49.8333,19.5988,-18.9000,40118.3723,3157.9283,853.9923,0.0000,0.0000,0.0000
49.8500,19.5988,-18.9000,40118.6889,3157.9738,853.9922,0.0000,0.0000,0.0000
49.8667,19.5988,-18.9000,40119.0458,3158.0218,853.9921,0.0000,0.0000,0.0000
49.8833,19.5988,-18.9000,40119.4381,3158.0719,853.9921,0.0000,0.0000,0.0000
49.9000,19.5988,-18.9000,40119.8613,3158.1237,853.9920,0.0000,0.0000,0.0000
49.9167,19.5988,-18.9000,40120.3109,3158.1768,853.9919,0.0000,0.0000,0.0000
49.9333,19.5988,-18.9000,40120.7829,3158.2309,853.9918,0.0000,0.0000,0.0000
49.9500,19.5988,-18.9000,40121.2733,3158.2856,853.9916,0.0000,0.0000,0.0000
49.9667,19.5988,-18.9000,40121.7787,3158.3408,853.9915,0.0000,0.0000,0.0000
49.9833,19.5988,-18.9000,40122.2956,3158.3961,853.9914,0.0000,0.0000,0.0000
50.0000,19.5988,-18.9000,40122.8211,3158.4513,853.9913,0.0000,0.0000,0.0000
50.0167,19.5988,-18.9083,40124.5455,3158.8018,854.1758,0.0000,0.0000,0.0000
50.0333,19.5987,-18.9167,40127.1615,3159.1488,854.3600,0.0000,0.0000,0.0000
50.0500,19.5987,-18.9250,40130.4405,3159.4930,854.5442,0.0000,0.0000,0.0000
50.0667,19.5987,-18.9333,40134.2127,3159.8353,854.7282,0.0000,0.0000,0.0000
50.0833,19.5986,-18.9417,40138.3520,3160.1763,854.9121,0.0000,0.0000,0.0000
50.1000,19.5986,-18.9500,40142.7652,3160.5166,855.0960,0.0000,0.0000,0.0000
50.1167,19.5985,-18.9583,40147.3834,3160.8566,855.2798,0.0000,0.0000,0.0000
50.1333,19.5985,-18.9667,40151.0422,3161.1872,855.4639,0.0000,0.0000,0.0000
50.1500,19.5985,-18.9750,40154.9844,3161.5174,855.6478,0.0000,0.0000,0.0000
50.1667,19.5984,-18.9833,40159.1557,3161.8476,855.8318,0.0000,0.0000,0.0000
50.1833,19.5984,-18.9917,40163.5128,3162.1781,856.0157,0.0000,0.0000,0.0000
50.2000,19.5983,-19.0000,40168.0213,3162.5091,856.1995,0.0000,0.0000,0.0000
50.2167,19.5983,-19.0083,40172.6535,3162.8409,856.3833,0.0000,0.0000,0.0000
50.2333,19.5982,-19.0167,40177.3878,3163.1736,856.5671,0.0000,0.0000,0.0000
50.2500,19.5982,-19.0250,40182.2070,3163.5076,856.7509,0.0000,0.0000,0.0000
50.2667,19.5981,-19.0333,40187.0973,3163.8429,856.9347,0.0000,0.0000,0.0000
50.2833,19.5981,-19.0417,40192.0482,3164.1798,857.1184,0.0000,0.0000,0.0000
50.3000,19.5980,-19.0500,40197.0513,3164.5183,857.3022,0.0000,0.0000,0.0000
50.3167,19.5980,-19.0583,40202.1002,3164.8587,857.4859,0.0000,0.0000,0.0000
50.3333,19.5979,-19.0667,40207.1898,3165.2011,857.6696,0.0000,0.0000,0.0000
50.3500,19.5979,-19.0750,40212.3164,3165.5455,857.8534,0.0000,0.0000,0.0000
50.3667,19.5978,-19.0833,40217.4771,3165.8921,858.0371,0.0000,0.0000,0.0000
50.3833,19.5978,-19.0917,40222.6697,3166.2411,858.2208,0.0000,0.0000,0.0000
50.4000,19.5977,-19.1000,40227.8927,3166.5924,858.4045,0.0000,0.0000,0.0000
50.4167,19.5977,-19.1083,40233.1450,3166.9461,858.5881,0.0000,0.0000,0.0000
50.4333,19.5976,-19.1167,40238.4259,3167.3024,858.7718,0.0000,0.0000,0.0000
50.4500,19.5976,-19.1250,40243.7348,3167.6614,858.9555,0.0000,0.0000,0.0000
50.4667,19.5975,-19.1333,40249.0716,3168.0230,859.1392,0.0000,0.0000,0.0000
50.4833,19.5975,-19.1417,40254.4361,3168.3873,859.3228,0.0000,0.0000,0.0000
50.5000,19.5974,-19.1500,40259.8284,3168.7544,859.5065,0.0000,0.0000,0.0000
50.5167,19.5973,-19.1583,40265.2485,3169.1244,859.6901,0.0000,0.0000,0.0000
50.5333,19.5973,-19.1667,40270.6966,3169.4972,859.8738,0.0000,0.0000,0.0000
50.5500,19.5972,-19.1750,40276.1728,3169.8729,860.0574,0.0000,0.0000,0.0000
50.5667,19.5972,-19.1833,40281.6775,3170.2515,860.2411,0.0000,0.0000,0.0000
50.5833,19.5971,-19.1917,40287.2108,3170.6331,860.4247,0.0000,0.0000,0.0000
50.6000,19.5971,-19.2000,40292.7729,3171.0177,860.6083,0.0000,0.0000,0.0000
50.6167,19.5970,-19.2083,40298.3641,3171.4053,860.7919,0.0000,0.0000,0.0000
50.6333,19.5970,-19.2167,40303.9845,3171.7959,860.9755,0.0000,0.0000,0.0000
50.6500,19.5969,-19.2250,40309.6344,3172.1896,861.1591,0.0000,0.0000,0.0000
50.6667,19.5968,-19.2333,40315.3139,3172.5862,861.3427,0.0000,0.0000,0.0000
50.6833,19.5968,-19.2417,40321.0232,3172.9860,861.5263,0.0000,0.0000,0.0000
50.7000,19.5967,-19.2500,40326.7623,3173.3887,861.7099,0.0000,0.0000,0.0000
50.7167,19.5967,-19.2583,40332.5314,3173.7945,861.8934,0.0000,0.0000,0.0000
50.7333,19.5966,-19.2667,40338.3305,3174.2034,862.0770,0.0000,0.0000,0.0000
50.7500,19.5966,-19.2750,40344.1598,3174.6153,862.2606,0.0000,0.0000,0.0000
50.7667,19.5965,-19.2833,40350.0192,3175.0302,862.4441,0.0000,0.0000,0.0000
50.7833,19.5964,-19.2917,40355.9086,3175.4481,862.6277,0.0000,0.0000,0.0000
50.8000,19.5964,-19.3000,40361.8282,3175.8691,862.8112,0.0000,0.0000,0.0000
50.8167,19.5963,-19.3083,40367.7779,3176.2930,862.9947,0.0000,0.0000,0.0000
50.8333,19.5963,-19.3167,40373.7575,3176.7199,863.1783,0.0000,0.0000,0.0000
50.8500,19.5962,-19.3250,40379.7670,3177.1498,863.3618,0.0000,0.0000,0.0000
50.8667,19.5961,-19.3333,40385.8064,3177.5826,863.5453,0.0000,0.0000,0.0000
50.8833,19.5961,-19.3417,40391.8754,3178.0184,863.7288,0.0000,0.0000,0.0000
50.9000,19.5960,-19.3500,40397.9740,3178.4571,863.9123,0.0000,0.0000,0.0000
50.9167,19.5960,-19.3583,40404.1019,3178.8986,864.0958,0.0000,0.0000,0.0000
50.9333,19.5959,-19.3667,40410.2591,3179.3430,864.2793,0.0000,0.0000,0.0000
50.9500,19.5958,-19.3750,40416.4453,3179.7902,864.4628,0.0000,0.0000,0.0000
50.9667,19.5958,-19.3833,40422.6604,3180.2403,864.6462,0.0000,0.0000,0.0000
50.9833,19.5957,-19.3917,40428.9040,3180.6931,864.8297,0.0000,0.0000,0.0000
51.0000,19.5956,-19.4000,40435.1761,3181.1486,865.0132,0.0000,0.0000,0.0000
51.0167,19.5956,-19.4100,40441.6602,3181.6663,865.2336,0.0000,0.0000,0.0000
51.0333,19.5955,-19.4200,40448.3199,3182.1861,865.4539,0.0000,0.0000,0.0000
51.0500,19.5954,-19.4300,40457.2440,3182.7556,865.6737,0.0000,0.0000,0.0000
51.0667,19.5954,-19.4400,40463.8634,3183.2827,865.8941,0.0000,0.0000,0.0000
51.0833,19.5953,-19.4500,40470.6509,3183.8121,866.1144,0.0000,0.0000,0.0000
51.1000,19.5952,-19.4600,40479.7384,3184.3943,866.3342,0.0000,0.0000,0.0000
51.1167,19.5951,-19.4700,40486.4739,3184.9317,866.5545,0.0000,0.0000,0.0000
51.1333,19.5951,-19.4800,40493.3758,3185.4718,866.7748,0.0000,0.0000,0.0000
51.1500,19.5950,-19.4900,40502.6162,3186.0683,866.9946,0.0000,0.0000,0.0000
51.1667,19.5949,-19.5000,40509.4648,3186.6175,867.2149,0.0000,0.0000,0.0000
51.1833,19.5948,-19.5100,40516.4815,3187.1698,867.4352,0.0000,0.0000,0.0000
51.2000,19.5947,-19.5200,40525.8795,3187.7825,867.6549,0.0000,0.0000,0.0000
51.2167,19.5947,-19.5300,40532.8470,3188.3448,867.8752,0.0000,0.0000,0.0000
51.2333,19.5946,-19.5400,40539.9857,3188.9106,868.0954,0.0000,0.0000,0.0000
51.2500,19.5945,-19.5500,40549.5530,3189.5413,868.3151,0.0000,0.0000,0.0000
51.2667,19.5944,-19.5600,40556.6487,3190.1180,868.5354,0.0000,0.0000,0.0000
51.2833,19.5944,-19.5700,40563.9193,3190.6986,868.7556,0.0000,0.0000,0.0000
51.3000,19.5943,-19.5800,40573.6693,3191.3485,868.9753,0.0000,0.0000,0.0000
51.3167,19.5942,-19.5900,40580.9031,3191.9407,869.1955,0.0000,0.0000,0.0000
51.3333,19.5941,-19.6000,40588.3151,3192.5369,869.4157,0.0000,0.0000,0.0000
51.3500,19.5940,-19.6100,40598.2603,3193.2072,869.6353,0.0000,0.0000,0.0000
51.3667,19.5939,-19.6200,40605.6408,3193.8155,869.8555,0.0000,0.0000,0.0000
51.3833,19.5939,-19.6300,40613.2026,3194.4279,870.0756,0.0000,0.0000,0.0000
51.4000,19.5938,-19.6400,40623.3531,3195.1192,870.2952,0.0000,0.0000,0.0000
51.4167,19.5937,-19.6500,40630.8871,3195.7440,870.5153,0.0000,0.0000,0.0000
51.4333,19.5936,-19.6600,40641.0441,3196.4510,870.7349,0.0000,0.0000,0.0000
51.4500,19.5935,-19.6700,40651.0037,3197.1679,870.9545,0.0000,0.0000,0.0000
51.4667,19.5934,-19.6800,40660.8385,3197.8943,871.1742,0.0000,0.0000,0.0000
51.4833,19.5933,-19.6900,40670.6022,3198.6297,871.3938,0.0000,0.0000,0.0000
51.5000,19.5932,-19.7000,40680.3344,3199.3740,871.6135,0.0000,0.0000,0.0000
51.5167,19.5931,-19.7100,40690.0643,3200.1268,871.8331,0.0000,0.0000,0.0000
51.5333,19.5930,-19.7200,40699.8134,3200.8881,872.0528,0.0000,0.0000,0.0000
51.5500,19.5929,-19.7300,40709.5971,3201.6575,872.2725,0.0000,0.0000,0.0000
51.5667,19.5928,-19.7400,40719.4267,3202.4349,872.4921,0.0000,0.0000,0.0000
51.5833,19.5927,-19.7500,40729.3102,3203.2201,872.7117,0.0000,0.0000,0.0000
51.6000,19.5926,-19.7600,40739.2531,3204.0130,872.9313,0.0000,0.0000,0.0000
51.6167,19.5925,-19.7700,40749.2591,3204.8132,873.1509,0.0000,0.0000,0.0000
51.6333,19.5924,-19.7800,40759.3305,3205.6208,873.3705,0.0000,0.0000,0.0000
51.6500,19.5923,-19.7900,40769.4686,3206.4354,873.5901,0.0000,0.0000,0.0000
51.6667,19.5922,-19.8000,40779.6739,3207.2569,873.8097,0.0000,0.0000,0.0000
51.6833,19.5921,-19.8100,40789.9465,3208.0851,874.0292,0.0000,0.0000,0.0000
51.7000,19.5920,-19.8200,40800.2860,3208.9199,874.2487,0.0000,0.0000,0.0000
51.7167,19.5919,-19.8300,40810.6915,3209.7611,874.4683,0.0000,0.0000,0.0000
51.7333,19.5918,-19.8400,40821.1622,3210.6085,874.6878,0.0000,0.0000,0.0000
51.7500,19.5917,-19.8500,40831.6969,3211.4621,874.9072,0.0000,0.0000,0.0000
51.7667,19.5916,-19.8600,40842.2945,3212.3215,875.1267,0.0000,0.0000,0.0000
51.7833,19.5915,-19.8700,40852.9537,3213.1867,875.3462,0.0000,0.0000,0.0000
51.8000,19.5914,-19.8800,40863.6730,3214.0576,875.5656,0.0000,0.0000,0.0000
51.8167,19.5913,-19.8900,40874.4512,3214.9339,875.7851,0.0000,0.0000,0.0000
51.8333,19.5911,-19.9000,40885.2869,3215.8156,876.0045,0.0000,0.0000,0.0000
51.8500,19.5910,-19.9100,40896.1786,3216.7025,876.2239,0.0000,0.0000,0.0000
51.8667,19.5909,-19.9200,40907.1250,3217.5944,876.4433,0.0000,0.0000,0.0000
51.8833,19.5908,-19.9300,40918.1247,3218.4912,876.6627,0.0000,0.0000,0.0000
51.9000,19.5907,-19.9400,40929.1763,3219.3928,876.8820,0.0000,0.0000,0.0000
51.9167,19.5906,-19.9500,40940.2785,3220.2991,877.1014,0.0000,0.0000,0.0000
51.9333,19.5905,-19.9600,40951.4300,3221.2099,877.3207,0.0000,0.0000,0.0000
51.9500,19.5904,-19.9700,40962.6294,3222.1252,877.5401,0.0000,0.0000,0.0000
51.9667,19.5903,-19.9800,40973.8755,3223.0447,877.7594,0.0000,0.0000,0.0000
51.9833,19.5901,-19.9900,40985.1670,3223.9684,877.9787,0.0000,0.0000,0.0000
52.0000,19.5900,-20.0000,40996.5027,3224.8961,878.1980,0.0000,0.0000,0.0000
52.0167,19.5899,-20.0100,41007.8814,3225.8277,878.4173,0.0000,0.0000,0.0000
52.0333,19.5898,-20.0200,41019.3018,3226.7632,878.6366,0.0000,0.0000,0.0000
52.0500,19.5897,-20.0300,41030.7629,3227.7025,878.8559,0.0000,0.0000,0.0000
52.0667,19.5896,-20.0400,41042.2635,3228.6453,879.0752,0.0000,0.0000,0.0000
52.0833,19.5895,-20.0500,41053.8024,3229.5916,879.2944,0.0000,0.0000,0.0000
52.1000,19.5893,-20.0600,41065.3787,3230.5414,879.5137,0.0000,0.0000,0.0000
52.1167,19.5892,-20.0700,41076.9912,3231.4944,879.7329,0.0000,0.0000,0.0000
52.1333,19.5891,-20.0800,41088.6389,3232.4507,879.9522,0.0000,0.0000,0.0000
52.1500,19.5890,-20.0900,41100.3208,3233.4101,880.1714,0.0000,0.0000,0.0000
52.1667,19.5889,-20.1000,41112.0360,3234.3725,880.3906,0.0000,0.0000,0.0000
52.1833,19.5888,-20.1100,41123.7834,3235.3379,880.6099,0.0000,0.0000,0.0000
52.2000,19.5886,-20.1200,41135.5621,3236.3061,880.8291,0.0000,0.0000,0.0000
52.2167,19.5885,-20.1300,41147.3712,3237.2770,881.0483,0.0000,0.0000,0.0000
52.2333,19.5884,-20.1400,41159.2098,3238.2507,881.2675,0.0000,0.0000,0.0000
52.2500,19.5883,-20.1500,41171.0771,3239.2270,881.4867,0.0000,0.0000,0.0000
52.2667,19.5882,-20.1600,41182.9721,3240.2057,881.7058,0.0000,0.0000,0.0000
52.2833,19.5881,-20.1700,41194.8941,3241.1870,881.9250,0.0000,0.0000,0.0000
52.3000,19.5879,-20.1800,41206.8422,3242.1706,882.1442,0.0000,0.0000,0.0000
52.3167,19.5878,-20.1900,41218.8156,3243.1565,882.3634,0.0000,0.0000,0.0000
52.3333,19.5877,-20.2000,41230.8136,3244.1446,882.5825,0.0000,0.0000,0.0000
52.3500,19.5876,-20.2100,41242.8355,3245.1349,882.8017,0.0000,0.0000,0.0000
52.3667,19.5875,-20.2200,41254.8804,3246.1273,883.0208,0.0000,0.0000,0.0000
52.3833,19.5873,-20.2300,41266.9477,3247.1217,883.2400,0.0000,0.0000,0.0000
52.4000,19.5872,-20.2400,41279.0367,3248.1181,883.4591,0.0000,0.0000,0.0000
52.4167,19.5871,-20.2500,41291.1467,3249.1163,883.6782,0.0000,0.0000,0.0000
52.4333,19.5870,-20.2600,41303.2770,3250.1164,883.8974,0.0000,0.0000,0.0000
52.4500,19.5868,-20.2700,41315.4270,3251.1183,884.1165,0.0000,0.0000,0.0000
52.4667,19.5867,-20.2800,41327.5961,3252.1219,884.3356,0.0000,0.0000,0.0000
52.4833,19.5866,-20.2900,41339.7837,3253.1272,884.5548,0.0000,0.0000,0.0000
52.5000,19.5865,-20.3000,41351.9891,3254.1340,884.7739,0.0000,0.0000,0.0000
52.5167,19.5864,-20.3100,41364.2118,3255.1425,884.9930,0.0000,0.0000,0.0000
52.5333,19.5862,-20.3200,41376.4512,3256.1524,885.2121,0.0000,0.0000,0.0000
52.5500,19.5861,-20.3300,41388.7068,3257.1638,885.4312,0.0000,0.0000,0.0000
52.5667,19.5860,-20.3400,41400.9780,3258.1766,885.6503,0.0000,0.0000,0.0000
52.5833,19.5859,-20.3500,41413.2643,3259.1907,885.8694,0.0000,0.0000,0.0000
52.6000,19.5857,-20.3600,41425.5652,3260.2062,886.0885,0.0000,0.0000,0.0000
52.6167,19.5857,-20.3700,41434.8590,3261.0758,886.3082,0.0000,0.0000,0.0000
52.6333,19.5855,-20.3800,41447.5676,3262.0909,886.5273,0.0000,0.0000,0.0000
52.6500,19.5854,-20.3900,41460.1903,3263.1083,886.7463,0.0000,0.0000,0.0000
52.6667,19.5853,-20.4000,41472.7529,3264.1273,886.9653,0.0000,0.0000,0.0000
52.6833,19.5851,-20.4100,41485.2740,3265.1479,887.1844,0.0000,0.0000,0.0000
52.7000,19.5850,-20.4200,41497.7674,3266.1698,887.4034,0.0000,0.0000,0.0000
52.7167,19.5849,-20.4300,41510.2430,3267.1930,887.6225,0.0000,0.0000,0.0000
52.7333,19.5848,-20.4400,41522.7084,3268.2174,887.8415,0.0000,0.0000,0.0000
52.7500,19.5847,-20.4500,41532.1118,3269.0939,888.0613,0.0000,0.0000,0.0000
52.7667,19.5846,-20.4600,41544.9553,3270.1178,888.2802,0.0000,0.0000,0.0000
52.7833,19.5844,-20.4700,41557.7007,3271.1437,888.4992,0.0000,0.0000,0.0000
52.8000,19.5843,-20.4800,41570.3763,3272.1712,888.7182,0.0000,0.0000,0.0000
52.8167,19.5842,-20.4900,41583.0030,3273.2000,888.9373,0.0000,0.0000,0.0000
52.8333,19.5840,-20.5000,41595.5958,3274.2301,889.1563,0.0000,0.0000,0.0000
52.8500,19.5839,-20.5100,41605.0819,3275.1109,889.3760,0.0000,0.0000,0.0000
52.8667,19.5838,-20.5200,41618.0251,3276.1403,889.5950,0.0000,0.0000,0.0000
52.8833,19.5837,-20.5300,41630.8591,3277.1718,889.8139,0.0000,0.0000,0.0000
52.9000,19.5836,-20.5400,41643.6149,3278.2047,890.0329,0.0000,0.0000,0.0000
52.9167,19.5834,-20.5500,41656.3149,3279.2389,890.2519,0.0000,0.0000,0.0000
52.9333,19.5833,-20.5600,41668.9761,3280.2743,890.4710,0.0000,0.0000,0.0000
52.9500,19.5832,-20.5700,41678.5102,3281.1592,890.6907,0.0000,0.0000,0.0000
52.9667,19.5831,-20.5800,41691.5155,3282.1937,890.9096,0.0000,0.0000,0.0000
52.9833,19.5830,-20.5900,41704.4086,3283.2301,891.1286,0.0000,0.0000,0.0000
53.0000,19.5828,-20.6000,41717.2210,3284.2680,891.3475,0.0000,0.0000,0.0000
53.0167,19.5827,-20.6000,41725.7443,3284.7992,891.3457,0.0000,0.0000,0.0000
53.0333,19.5827,-20.6000,41733.6543,3285.3322,891.3439,0.0000,0.0000,0.0000
53.0500,19.5826,-20.6000,41741.0715,3285.8668,891.3423,0.0000,0.0000,0.0000
53.0667,19.5825,-20.6000,41748.0925,3286.4026,891.3407,0.0000,0.0000,0.0000
53.0833,19.5825,-20.6000,41754.7947,3286.9393,891.3392,0.0000,0.0000,0.0000
53.1000,19.5824,-20.6000,41761.2400,3287.4765,891.3378,0.0000,0.0000,0.0000
53.1167,19.5823,-20.6000,41767.4779,3288.0138,891.3364,0.0000,0.0000,0.0000
53.1333,19.5823,-20.6000,41773.5476,3288.5510,891.3350,0.0000,0.0000,0.0000
53.1500,19.5822,-20.6000,41779.4802,3289.0876,891.3337,0.0000,0.0000,0.0000
53.1667,19.5821,-20.6000,41785.3005,3289.6234,891.3324,0.0000,0.0000,0.0000
53.1833,19.5821,-20.6000,41791.0277,3290.1581,891.3312,0.0000,0.0000,0.0000
53.2000,19.5820,-20.6000,41796.6771,3290.6914,891.3299,0.0000,0.0000,0.0000
53.2167,19.5820,-20.6000,41802.2605,3291.2231,891.3287,0.0000,0.0000,0.0000
53.2333,19.5819,-20.6000,41807.7869,3291.7530,891.3275,0.0000,0.0000,0.0000
53.2500,19.5819,-20.6000,41813.2634,3292.2809,891.3262,0.0000,0.0000,0.0000
53.2667,19.5818,-20.6000,41818.6952,3292.8065,891.3250,0.0000,0.0000,0.0000
53.2833,19.5818,-20.6000,41824.0863,3293.3298,891.3238,0.0000,0.0000,0.0000
53.3000,19.5817,-20.6000,41829.4395,3293.8504,891.3226,0.0000,0.0000,0.0000
53.3167,19.5817,-20.6000,41834.7568,3294.3683,891.3215,0.0000,0.0000,0.0000
53.3333,19.5816,-20.6000,41840.0395,3294.8833,891.3203,0.0000,0.0000,0.0000
53.3500,19.5815,-20.6000,41845.2886,3295.3954,891.3191,0.0000,0.0000,0.0000
53.3667,19.5815,-20.6000,41850.5044,3295.9043,891.3180,0.0000,0.0000,0.0000
53.3833,19.5814,-20.6000,41855.6872,3296.4099,891.3168,0.0000,0.0000,0.0000
53.4000,19.5814,-20.6000,41860.8368,3296.9122,891.3157,0.0000,0.0000,0.0000
53.4167,19.5813,-20.6000,41865.9531,3297.4111,891.3145,0.0000,0.0000,0.0000
53.4333,19.5813,-20.6000,41871.0357,3297.9065,891.3134,0.0000,0.0000,0.0000
53.4500,19.5812,-20.6000,41876.0842,3298.3983,891.3123,0.0000,0.0000,0.0000
53.4667,19.5812,-20.6000,41881.0981,3298.8864,891.3112,0.0000,0.0000,0.0000
53.4833,19.5811,-20.6000,41886.0769,3299.3708,891.3101,0.0000,0.0000,0.0000
53.5000,19.5811,-20.6000,41891.0202,3299.8515,891.3090,0.0000,0.0000,0.0000
53.5167,19.5810,-20.6000,41895.9275,3300.3283,891.3079,0.0000,0.0000,0.0000
53.5333,19.5810,-20.6000,41900.7982,3300.8013,891.3068,0.0000,0.0000,0.0000
53.5500,19.5809,-20.6000,41905.6320,3301.2703,891.3057,0.0000,0.0000,0.0000
53.5667,19.5809,-20.6000,41910.4284,3301.7355,891.3047,0.0000,0.0000,0.0000
53.5833,19.5808,-20.6000,41915.1870,3302.1967,891.3036,0.0000,0.0000,0.0000
53.6000,19.5808,-20.6000,41919.9075,3302.6540,891.3026,0.0000,0.0000,0.0000
53.6167,19.5808,-20.6000,41924.5896,3303.1072,891.3015,0.0000,0.0000,0.0000
53.6333,19.5807,-20.6000,41929.2330,3303.5565,891.3005,0.0000,0.0000,0.0000
53.6500,19.5807,-20.6000,41933.8375,3304.0018,891.2995,0.0000,0.0000,0.0000
53.6667,19.5806,-20.6000,41938.4029,3304.4431,891.2985,0.0000,0.0000,0.0000
53.6833,19.5806,-20.6000,41942.9290,3304.8804,891.2975,0.0000,0.0000,0.0000
53.7000,19.5805,-20.6000,41947.4158,3305.3136,891.2965,0.0000,0.0000,0.0000
53.7167,19.5805,-20.6000,41951.8631,3305.7429,891.2955,0.0000,0.0000,0.0000
53.7333,19.5804,-20.6000,41956.2709,3306.1682,891.2945,0.0000,0.0000,0.0000
53.7500,19.5804,-20.6000,41960.6391,3306.5896,891.2935,0.0000,0.0000,0.0000
53.7667,19.5804,-20.6000,41964.9679,3307.0070,891.2926,0.0000,0.0000,0.0000
53.7833,19.5803,-20.6000,41969.2572,3307.4205,891.2916,0.0000,0.0000,0.0000
53.8000,19.5803,-20.6000,41973.5072,3307.8300,891.2907,0.0000,0.0000,0.0000
53.8167,19.5802,-20.6000,41977.7179,3308.2357,891.2898,0.0000,0.0000,0.0000
53.8333,19.5802,-20.6000,41981.8895,3308.6375,891.2888,0.0000,0.0000,0.0000
53.8500,19.5801,-20.6000,41986.0222,3309.0354,891.2879,0.0000,0.0000,0.0000
53.8667,19.5801,-20.6000,41990.1160,3309.4296,891.2870,0.0000,0.0000,0.0000
53.8833,19.5801,-20.6000,41994.1713,3309.8200,891.2861,0.0000,0.0000,0.0000
53.9000,19.5800,-20.6000,41998.1882,3310.2066,891.2852,0.0000,0.0000,0.0000
53.9167,19.5800,-20.6000,42002.1669,3310.5894,891.2843,0.0000,0.0000,0.0000
53.9333,19.5799,-20.6000,42006.1078,3310.9686,891.2835,0.0000,0.0000,0.0000
53.9500,19.5799,-20.6000,42010.0111,3311.3442,891.2826,0.0000,0.0000,0.0000
53.9667,19.5799,-20.6000,42013.8771,3311.7161,891.2817,0.0000,0.0000,0.0000
53.9833,19.5798,-20.6000,42017.7060,3312.0844,891.2809,0.0000,0.0000,0.0000
54.0000,19.5798,-20.6000,42023.3912,3312.5952,891.2796,0.0000,0.0000,0.0000
54.0167,19.5797,-20.6000,42028.7321,3313.0811,891.2784,1.1046,0.0000,0.0000
54.0333,19.5797,-20.6000,42033.9035,3313.5522,891.2773,2.2092,0.0000,0.0000
54.0500,19.5796,-20.6000,42038.9122,3314.0089,891.2762,3.3138,0.0000,0.0000
54.0667,19.5796,-20.6000,42043.7615,3314.4505,891.2751,4.4184,0.0000,0.0000
54.0833,19.5795,-20.6000,42048.4508,3314.8759,891.2741,5.5230,0.0000,0.0000
54.1000,19.5795,-20.6000,42052.9763,3315.2839,891.2731,6.6276,0.0000,0.0000
54.1167,19.5794,-20.6000,42057.3327,3315.6734,891.2721,7.7322,0.0000,0.0000
54.1333,19.5794,-20.6000,42061.5140,3316.0436,891.2712,8.8368,0.0000,0.0000
54.1500,19.5793,-20.6000,42065.1984,3316.3727,891.2704,9.9414,0.0000,0.0000
54.1667,19.5793,-20.6000,42068.7379,3316.6831,891.2696,11.0460,0.0000,0.0000
54.1833,19.5793,-20.6000,42072.1225,3316.9750,891.2688,12.1506,0.0000,0.0000
54.2000,19.5792,-20.6000,42075.3453,3317.2486,891.2681,13.2552,0.0000,0.0000
54.2167,19.5792,-20.6000,42078.4018,3317.5041,891.2674,14.3598,0.0000,0.0000
54.2333,19.5792,-20.6000,42081.2888,3317.7417,891.2668,15.4644,0.0000,0.0000
54.2500,19.5792,-20.6000,42084.0049,3317.9617,891.2662,16.5690,0.0000,0.0000
54.2667,19.5791,-20.6000,42086.5493,3318.1644,891.2656,17.6736,0.0000,0.0000
54.2833,19.5791,-20.6000,42088.9224,3318.3499,891.2651,18.7782,0.0000,0.0000
54.3000,19.5791,-20.6000,42091.1250,3318.5186,891.2646,19.8828,0.0000,0.0000
54.3167,19.5791,-20.6000,42093.1584,3318.6708,891.2641,20.9874,0.0000,0.0000
54.3333,19.5790,-20.6000,42095.1818,3318.8168,891.2637,22.0920,0.0000,0.0000
54.3500,19.5790,-20.6000,42097.0171,3318.9484,891.2633,23.1966,0.0000,0.0000
54.3667,19.5790,-20.6000,42098.6807,3319.0675,891.2629,24.3012,0.0000,0.0000
54.3833,19.5790,-20.6000,42100.1878,3319.1750,891.2626,25.4058,0.0000,0.0000
54.4000,19.5790,-20.6000,42101.5508,3319.2715,891.2623,26.5104,0.0000,0.0000
54.4167,19.5790,-20.6000,42102.6856,3319.3519,891.2620,27.6150,0.0000,0.0000
54.4333,19.5790,-20.6000,42103.7121,3319.4218,891.2618,28.7196,0.0000,0.0000
54.4500,19.5790,-20.6000,42104.6307,3319.4809,891.2616,29.8242,0.0000,0.0000
54.4667,19.5789,-20.6000,42105.4414,3319.5292,891.2614,30.9288,0.0000,0.0000
54.4833,19.5789,-20.6000,42106.1435,3319.5665,891.2613,32.0334,0.0000,0.0000
54.5000,19.5789,-20.6000,42106.7360,3319.5924,891.2611,33.1380,0.0000,0.0000
54.5167,19.5789,-20.6000,42107.2176,3319.6068,891.2610,34.2426,0.0000,0.0000
54.5333,19.5789,-20.6000,42107.5871,3319.6096,891.2609,35.3472,0.0000,0.0000
54.5500,19.5789,-20.6000,42107.8432,3319.6007,891.2609,36.4518,0.0000,0.0000
54.5667,19.5789,-20.6000,42107.9847,3319.5799,891.2609,37.5564,0.0000,0.0000
54.5833,19.5789,-20.6000,42108.0106,3319.5472,891.2609,38.6610,0.0000,0.0000
54.6000,19.5789,-20.6000,42107.9201,3319.5026,891.2609,39.7656,0.0000,0.0000
54.6167,19.5789,-20.6000,42107.7125,3319.4461,891.2609,40.8702,0.0000,0.0000
54.6333,19.5789,-20.6000,42107.3874,3319.3776,891.2610,41.9748,0.0000,0.0000
54.6500,19.5789,-20.6000,42106.9447,3319.2974,891.2611,43.0794,0.0000,0.0000
54.6667,19.5789,-20.6000,42106.3320,3319.2006,891.2612,44.1840,0.0000,0.0000
54.6833,19.5789,-20.6000,42105.6020,3319.0949,891.2614,45.2886,0.0000,0.0000
54.7000,19.5790,-20.6000,42104.7688,3318.9827,891.2616,46.3932,0.0000,0.0000
54.7167,19.5790,-20.6000,42103.8486,3318.8663,891.2618,47.4978,0.0000,0.0000
54.7333,19.5790,-20.6000,42102.8577,3318.7474,891.2620,48.6024,0.0000,0.0000
54.7500,19.5790,-20.6000,42101.8977,3318.6342,891.2622,49.7070,0.0000,0.0000
54.7667,19.5790,-20.6000,42100.8911,3318.5192,891.2624,50.8116,0.0000,0.0000
54.7833,19.5790,-20.6000,42099.8453,3318.4024,891.2627,51.9162,0.0000,0.0000
54.8000,19.5790,-20.6000,42098.7649,3318.2836,891.2629,53.0208,0.0000,0.0000
54.8167,19.5790,-20.6000,42097.6526,3318.1625,891.2632,54.1254,0.0000,0.0000
54.8333,19.5790,-20.6000,42096.5092,3318.0384,891.2634,55.2300,0.0000,0.0000
54.8500,19.5790,-20.6000,42095.3340,3317.9108,891.2637,56.3346,0.0000,0.0000
54.8667,19.5791,-20.6000,42094.1249,3317.7793,891.2639,57.4392,0.0000,0.0000
54.8833,19.5791,-20.6000,42092.8791,3317.6432,891.2642,58.5438,0.0000,0.0000
54.9000,19.5791,-20.6000,42091.5932,3317.5021,891.2645,59.6484,0.0000,0.0000
54.9167,19.5791,-20.6000,42090.2633,3317.3554,891.2648,60.7530,0.0000,0.0000
54.9333,19.5791,-20.6000,42088.8855,3317.2026,891.2651,61.8576,0.0000,0.0000
54.9500,19.5791,-20.6000,42087.4557,3317.0434,891.2654,62.9622,0.0000,0.0000
54.9667,19.5791,-20.6000,42085.9697,3316.8773,891.2657,64.0668,0.0000,0.0000
54.9833,19.5792,-20.6000,42084.4237,3316.7040,891.2661,65.1714,0.0000,0.0000
55.0000,19.5792,-20.6000,42082.6712,3316.5122,891.2665,66.2760,0.0000,0.0000
55.0167,19.5792,-20.6000,42080.5536,3316.1964,891.2669,77.7954,0.0000,0.0000
55.0333,19.5792,-20.6000,42078.1499,3315.8100,891.2675,89.3148,0.0000,0.0000
55.0500,19.5792,-20.6000,42075.2039,3315.3487,891.2681,100.8342,0.0000,0.0000
55.0667,19.5793,-20.6000,42071.6963,3314.8257,891.2689,112.3536,0.0000,0.0000
55.0833,19.5793,-20.6000,42067.6379,3314.2509,891.2698,123.8730,0.0000,0.0000
55.1000,19.5794,-20.6000,42063.0562,3313.6323,891.2708,135.3924,0.0000,0.0000
55.1167,19.5794,-20.6000,42057.9873,3312.9759,891.2720,146.9118,0.0000,0.0000
55.1333,19.5795,-20.6000,42052.4709,3312.2868,891.2732,158.4312,0.0000,0.0000
55.1500,19.5795,-20.6000,42046.5468,3311.5690,891.2745,169.9506,0.0000,0.0000
55.1667,19.5796,-20.6000,42040.2532,3310.8259,891.2759,181.4700,0.0000,0.0000
55.1833,19.5797,-20.6000,42033.6260,3310.0602,891.2774,192.9894,0.0000,0.0000
55.2000,19.5797,-20.6000,42026.6982,3309.2744,891.2789,204.5088,0.0000,0.0000
55.2167,19.5798,-20.6000,42019.4998,3308.4707,891.2805,216.0282,0.0000,0.0000
55.2333,19.5799,-20.6000,42012.0584,3307.6510,891.2821,227.5476,0.0000,0.0000
55.2500,19.5800,-20.6000,42004.3984,3306.8169,891.2838,239.0670,0.0000,0.0000
55.2667,19.5800,-20.6000,41996.5426,3305.9700,891.2856,250.5864,0.0000,0.0000
55.2833,19.5801,-20.6000,41988.5112,3305.1117,891.2874,262.1058,0.0000,0.0000
55.3000,19.5802,-20.6000,41980.3232,3304.2435,891.2892,273.6252,0.0000,0.0000
55.3167,19.5803,-20.6000,41971.9957,3303.3666,891.2910,285.1446,0.0000,0.0000
55.3333,19.5804,-20.6000,41963.5451,3302.4822,891.2929,296.6640,0.0000,0.0000
55.3500,19.5805,-20.6000,41954.9863,3301.5917,891.2948,308.1834,0.0000,0.0000
55.3667,19.5805,-20.6000,41946.3340,3300.6961,891.2967,319.7028,0.0000,0.0000
55.3833,19.5806,-20.6000,41937.6019,3299.7969,891.2987,331.2222,0.0000,0.0000
55.4000,19.5807,-20.6000,41928.8037,3298.8951,891.3006,342.7416,0.0000,0.0000
55.4167,19.5808,-20.6000,41919.9528,3297.9922,891.3026,354.2610,0.0000,0.0000
55.4333,19.5809,-20.6000,41911.0626,3297.0895,891.3045,365.7804,0.0000,0.0000
55.4500,19.5810,-20.6000,41902.1468,3296.1883,891.3065,377.2998,0.0000,0.0000
55.4667,19.5811,-20.6000,41893.2194,3295.2903,891.3085,388.8192,0.0000,0.0000
55.4833,19.5812,-20.6000,41884.2949,3294.3971,891.3105,400.3386,0.0000,0.0000
55.5000,19.5812,-20.6000,41875.3888,3293.5104,891.3125,411.8580,0.0000,0.0000
55.5167,19.5813,-20.6000,41866.5175,3292.6322,891.3144,423.3774,0.0000,0.0000
55.5333,19.5814,-20.6000,41857.6986,3291.7648,891.3164,434.8968,0.0000,0.0000
55.5500,19.5815,-20.6000,41848.9517,3290.9105,891.3183,446.4162,0.0000,0.0000
55.5667,19.5816,-20.6000,41840.2980,3290.0722,891.3202,457.9356,0.0000,0.0000
55.5833,19.5817,-20.6000,41831.7615,3289.2529,891.3221,469.4550,0.0000,0.0000
55.6000,19.5818,-20.6000,41823.3695,3288.4566,891.3240,480.9744,0.0000,0.0000
55.6167,19.5818,-20.6000,41815.1534,3287.6876,891.3258,492.4938,0.0000,0.0000
55.6333,19.5819,-20.6000,41807.1501,3286.9514,891.3276,504.0132,0.0000,0.0000
55.6500,19.5820,-20.6000,41799.4038,3286.2547,891.3293,515.5326,0.0000,0.0000
55.6667,19.5821,-20.6000,41791.9695,3285.6063,891.3310,527.0520,0.0000,0.0000
55.6833,19.5822,-20.6000,41784.9179,3285.0186,891.3325,538.5714,0.0000,0.0000
55.7000,19.5822,-20.6000,41778.3460,3284.5096,891.3340,550.0908,0.0000,0.0000
55.7167,19.5823,-20.6000,41772.4018,3284.1114,891.3353,561.6102,0.0000,0.0000
55.7333,19.5823,-20.6000,41767.3776,3283.9084,891.3364,573.1296,0.0000,0.0000
55.7500,19.5824,-20.6000,41762.7435,3283.4242,891.3374,584.6490,0.0000,0.0000
55.7667,19.5824,-20.6000,41756.4750,3282.3400,891.3388,596.1684,0.0000,0.0000
55.7833,19.5825,-20.6000,41748.3047,3280.9513,891.3406,607.6878,0.0000,0.0000
55.8000,19.5826,-20.6000,41738.1453,3279.3311,891.3429,619.2072,0.0000,0.0000
55.8167,19.5827,-20.6000,41726.0124,3277.5163,891.3456,630.7266,0.0000,0.0000
55.8333,19.5829,-20.6000,41711.9720,3275.5298,891.3487,642.2460,0.0000,0.0000
55.8500,19.5830,-20.6000,41696.1110,3273.3869,891.3522,653.7654,0.0000,0.0000
55.8667,19.5832,-20.6000,41678.5221,3271.0988,891.3561,665.2848,0.0000,0.0000
55.8833,19.5834,-20.6000,41659.2959,3268.6740,891.3604,676.8042,0.0000,0.0000
55.9000,19.5836,-20.6000,41638.5166,3266.1190,891.3650,688.3236,0.0000,0.0000
55.9167,19.5838,-20.6000,41616.2609,3263.4391,891.3699,699.8430,0.0000,0.0000
55.9333,19.5841,-20.6000,41592.5970,3260.6389,891.3752,711.3624,0.0000,0.0000
55.9500,19.5843,-20.6000,41567.5854,3257.7219,891.3807,722.8818,0.0000,0.0000
55.9667,19.5846,-20.6000,41541.2795,3254.6913,891.3866,734.4012,0.0000,0.0000
55.9833,19.5849,-20.6000,41511.1937,3251.3349,891.3932,745.9206,0.0000,0.0000
56.0000,19.5852,-20.6000,41479.9181,3247.8694,891.4002,757.4400,0.0000,0.0000
56.0167,19.5855,-20.6083,41449.1491,3244.7420,891.5919,761.2272,0.0000,0.0000
56.0333,19.5858,-20.6167,41418.7914,3241.6290,891.7834,765.0144,0.0000,0.0000
56.0500,19.5861,-20.6250,41388.7315,3238.5139,891.9750,768.8016,0.0000,0.0000
56.0667,19.5864,-20.6333,41361.3766,3235.6033,892.1659,772.5888,0.0000,0.0000
56.0833,19.5867,-20.6417,41334.0029,3232.6691,892.3568,776.3760,0.0000,0.0000
56.1000,19.5869,-20.6500,41306.5471,3229.7073,892.5478,780.1632,0.0000,0.0000
56.1167,19.5872,-20.6583,41278.9540,3226.7150,892.7387,783.9504,0.0000,0.0000
56.1333,19.5875,-20.6667,41251.1770,3223.6900,892.9297,787.7376,0.0000,0.0000
56.1500,19.5878,-20.6750,41223.1779,3220.6312,893.1208,791.5248,0.0000,0.0000
56.1667,19.5881,-20.6833,41194.9263,3217.5378,893.3119,795.3120,0.0000,0.0000
56.1833,19.5883,-20.6917,41166.3983,3214.4095,893.5031,799.0992,0.0000,0.0000
56.2000,19.5886,-20.7000,41137.5762,3211.2463,893.6943,802.8864,0.0000,0.0000
56.2167,19.5889,-20.7083,41108.4472,3208.0485,893.8857,806.6736,0.0000,0.0000
56.2333,19.5892,-20.7167,41079.0028,3204.8166,894.0770,810.4608,0.0000,0.0000
56.2500,19.5895,-20.7250,41049.2380,3201.5509,894.2685,814.2480,0.0000,0.0000
56.2667,19.5898,-20.7333,41019.1504,3198.2522,894.4600,818.0352,0.0000,0.0000
56.2833,19.5901,-20.7417,40988.7399,3194.9212,894.6516,821.8224,0.0000,0.0000
56.3000,19.5904,-20.7500,40958.0084,3191.5585,894.8433,825.6096,0.0000,0.0000
56.3167,19.5907,-20.7583,40926.9591,3188.1650,895.0350,829.3968,0.0000,0.0000
56.3333,19.5910,-20.7667,40895.5962,3184.7414,895.2268,833.1840,0.0000,0.0000
56.3500,19.5914,-20.7750,40863.9249,3181.2884,895.4187,836.9712,0.0000,0.0000
56.3667,19.5917,-20.7833,40831.9510,3177.8069,895.6107,840.7584,0.0000,0.0000
56.3833,19.5920,-20.7917,40799.6809,3174.2976,895.8027,844.5456,0.0000,0.0000
56.4000,19.5923,-20.8000,40767.1211,3170.7613,895.9948,848.3328,0.0000,0.0000
56.4167,19.5927,-20.8083,40734.2787,3167.1988,896.1869,852.1200,0.0000,0.0000
56.4333,19.5930,-20.8167,40701.1607,3163.6108,896.3791,855.9072,0.0000,0.0000
56.4500,19.5933,-20.8250,40667.7742,3159.9981,896.5713,859.6944,0.0000,0.0000
56.4667,19.5937,-20.8333,40634.1265,3156.3614,896.7637,863.4816,0.0000,0.0000
56.4833,19.5940,-20.8417,40600.2247,3152.7015,896.9560,867.2688,0.0000,0.0000
56.5000,19.5943,-20.8500,40566.0760,3149.0190,897.1485,871.0560,0.0000,0.0000
56.5167,19.5947,-20.8583,40531.6875,3145.3146,897.3409,874.8432,0.0000,0.0000
56.5333,19.5950,-20.8667,40497.0660,3141.5889,897.5335,878.6304,0.0000,0.0000
56.5500,19.5954,-20.8750,40462.2185,3137.8427,897.7261,882.4176,0.0000,0.0000
56.5667,19.5957,-20.8833,40427.1517,3134.0766,897.9187,886.2048,0.0000,0.0000
56.5833,19.5961,-20.8917,40391.8721,3130.2911,898.1114,889.9920,0.0000,0.0000
56.6000,19.5964,-20.9000,40356.3861,3126.4870,898.3041,893.7792,0.0000,0.0000
56.6167,19.5968,-20.9083,40320.7000,3122.6646,898.4969,897.5664,0.0000,0.0000
56.6333,19.5972,-20.9167,40284.8200,3118.8247,898.6897,901.3536,0.0000,0.0000
56.6500,19.5975,-20.9250,40248.7519,3114.9678,898.8825,905.1408,0.0000,0.0000
56.6667,19.5979,-20.9333,40212.5016,3111.0943,899.0754,908.9280,0.0000,0.0000
56.6833,19.5982,-20.9417,40176.0746,3107.2049,899.2684,912.7152,0.0000,0.0000
56.7000,19.5986,-20.9500,40139.4765,3103.3000,899.4613,916.5024,0.0000,0.0000
56.7167,19.5990,-20.9583,40102.7124,3099.3800,899.6543,920.2896,0.0000,0.0000
56.7333,19.5993,-20.9667,40065.7876,3095.4455,899.8474,924.0768,0.0000,0.0000
56.7500,19.5997,-20.9750,40028.7071,3091.4970,900.0405,927.8640,0.0000,0.0000
56.7667,19.6001,-20.9833,39991.4756,3087.5347,900.2336,931.6512,0.0000,0.0000
56.7833,19.6005,-20.9917,39954.0980,3083.5593,900.4267,935.4384,0.0000,0.0000
56.8000,19.6008,-21.0000,39916.5786,3079.5710,900.6199,939.2256,0.0000,0.0000
56.8167,19.6012,-21.0083,39878.9219,3075.5703,900.8131,943.0128,0.0000,0.0000
56.8333,19.6016,-21.0167,39841.1323,3071.5576,901.0063,946.8000,0.0000,0.0000
56.8500,19.6020,-21.0250,39803.2138,3067.5333,901.1996,950.5872,0.0000,0.0000
56.8667,19.6023,-21.0333,39765.1704,3063.4976,901.3929,954.3744,0.0000,0.0000
56.8833,19.6027,-21.0417,39727.0061,3059.4510,901.5862,958.1616,0.0000,0.0000
56.9000,19.6031,-21.0500,39688.7245,3055.3938,901.7795,961.9488,0.0000,0.0000
56.9167,19.6035,-21.0583,39650.3294,3051.3264,901.9729,965.7360,0.0000,0.0000
56.9333,19.6039,-21.0667,39611.8244,3047.2490,902.1663,969.5232,0.0000,0.0000
56.9500,19.6043,-21.0750,39573.2127,3043.1619,902.3597,973.3104,0.0000,0.0000
56.9667,19.6047,-21.0833,39534.4978,3039.0655,902.5532,977.0976,0.0000,0.0000
56.9833,19.6050,-21.0917,39495.6829,3034.9601,902.7466,980.8848,0.0000,0.0000
57.0000,19.6054,-21.1000,39456.7711,3030.8460,902.9401,984.6720,0.0000,0.0000
57.0167,19.6058,-21.1183,39419.0718,3027.0259,903.3551,990.1950,0.0000,0.0000
57.0333,19.6062,-21.1367,39382.1499,3023.1526,903.7700,995.7180,0.0000,0.0000
57.0500,19.6065,-21.1550,39345.7004,3019.2346,904.1848,1001.2410,0.0000,0.0000
57.0667,19.6069,-21.1733,39309.5098,3015.2781,904.5995,1006.7640,0.0000,0.0000
57.0833,19.6073,-21.1917,39273.4300,3011.2881,905.0142,1012.2870,0.0000,0.0000
57.1000,19.6076,-21.2100,39237.3588,3007.2681,905.4288,1017.8100,0.0000,0.0000
57.1167,19.6080,-21.2283,39201.2273,3003.2213,905.8435,1023.3330,0.0000,0.0000
57.1333,19.6084,-21.2467,39164.9899,2999.1502,906.2582,1028.8560,0.0000,0.0000
57.1500,19.6087,-21.2650,39128.6180,2995.0570,906.6730,1034.3790,0.0000,0.0000
57.1667,19.6091,-21.2833,39092.0946,2990.9435,907.0878,1039.9020,0.0000,0.0000
57.1833,19.6094,-21.3017,39055.4111,2986.8114,907.5026,1045.4250,0.0000,0.0000
57.2000,19.6098,-21.3200,39018.5646,2982.6622,907.9174,1050.9480,0.0000,0.0000
57.2167,19.6102,-21.3383,38981.5563,2978.4971,908.3323,1056.4710,0.0000,0.0000
57.2333,19.6106,-21.3567,38944.3896,2974.3173,908.7472,1061.9940,0.0000,0.0000
57.2500,19.6109,-21.3750,38907.0700,2970.1237,909.1622,1067.5170,0.0000,0.0000
57.2667,19.6113,-21.3933,38869.6035,2965.9174,909.5772,1073.0400,0.0000,0.0000
57.2833,19.6117,-21.4117,38831.9971,2961.6991,909.9922,1078.5630,0.0000,0.0000
57.3000,19.6121,-21.4300,38794.2576,2957.4695,910.4072,1084.0860,0.0000,0.0000
57.3167,19.6124,-21.4483,38756.3920,2953.2295,910.8223,1089.6090,0.0000,0.0000
57.3333,19.6128,-21.4667,38718.4069,2948.9795,911.2374,1095.1320,0.0000,0.0000
57.3500,19.6132,-21.4850,38680.3088,2944.7202,911.6525,1100.6550,0.0000,0.0000
57.3667,19.6136,-21.5033,38642.1039,2940.4520,912.0677,1106.1780,0.0000,0.0000
57.3833,19.6140,-21.5217,38603.7978,2936.1754,912.4829,1111.7010,0.0000,0.0000
57.4000,19.6143,-21.5400,38565.3960,2931.8908,912.8981,1117.2240,0.0000,0.0000
57.4167,19.6147,-21.5583,38526.9033,2927.5987,913.3133,1122.7470,0.0000,0.0000
57.4333,19.6151,-21.5767,38488.3245,2923.2993,913.7285,1128.2700,0.0000,0.0000
57.4500,19.6155,-21.5950,38449.6637,2918.9931,914.1437,1133.7930,0.0000,0.0000
57.4667,19.6159,-21.6133,38410.9249,2914.6802,914.5590,1139.3160,0.0000,0.0000
57.4833,19.6163,-21.6317,38372.1118,2910.3609,914.9743,1144.8390,0.0000,0.0000
57.5000,19.6167,-21.6500,38333.2277,2906.0356,915.3896,1150.3620,0.0000,0.0000
57.5167,19.6171,-21.6683,38294.2755,2901.7044,915.8049,1155.8850,0.0000,0.0000
57.5333,19.6174,-21.6867,38255.2582,2897.3675,916.2202,1161.4080,0.0000,0.0000
57.5500,19.6178,-21.7050,38216.1783,2893.0251,916.6356,1166.9310,0.0000,0.0000
57.5667,19.6182,-21.7233,38177.0382,2888.6773,917.0510,1172.4540,0.0000,0.0000
57.5833,19.6186,-21.7417,38137.8400,2884.3245,917.4663,1177.9770,0.0000,0.0000
57.6000,19.6190,-21.7600,38098.5858,2879.9666,917.8817,1183.5000,0.0000,0.0000
57.6167,19.6194,-21.7783,38059.2773,2875.6038,918.2971,1189.0230,0.0000,0.0000
57.6333,19.6198,-21.7967,38019.9163,2871.2363,918.7125,1194.5460,0.0000,0.0000
57.6500,19.6202,-21.8150,37980.5043,2866.8642,919.1279,1200.0690,0.0000,0.0000
57.6667,19.6206,-21.8333,37941.0427,2862.4875,919.5434,1205.5920,0.0000,0.0000
57.6833,19.6210,-21.8517,37901.5328,2858.1064,919.9588,1211.1150,0.0000,0.0000
57.7000,19.6214,-21.8700,37861.9758,2853.7209,920.3742,1216.6380,0.0000,0.0000
57.7167,19.6218,-21.8883,37822.3729,2849.3311,920.7897,1222.1610,0.0000,0.0000
57.7333,19.6222,-21.9067,37782.7250,2844.9372,921.2052,1227.6840,0.0000,0.0000
57.7500,19.6226,-21.9250,37743.0331,2840.5391,921.6207,1233.2070,0.0000,0.0000
57.7667,19.6230,-21.9433,37703.2981,2836.1370,922.0361,1238.7300,0.0000,0.0000
57.7833,19.6234,-21.9617,37663.5207,2831.7308,922.4516,1244.2530,0.0000,0.0000
57.8000,19.6238,-21.9800,37623.7018,2827.3208,922.8672,1249.7760,0.0000,0.0000
57.8167,19.6242,-21.9983,37583.8420,2822.9068,923.2827,1255.2990,0.0000,0.0000
57.8333,19.6246,-22.0167,37543.9420,2818.4890,923.6982,1260.8220,0.0000,0.0000
57.8500,19.6250,-22.0350,37504.0024,2814.0675,924.1137,1266.3450,0.0000,0.0000
57.8667,19.6254,-22.0533,37464.0237,2809.6422,924.5293,1271.8680,0.0000,0.0000
57.8833,19.6258,-22.0717,37424.0065,2805.2132,924.9448,1277.3910,0.0000,0.0000
57.9000,19.6262,-22.0900,37383.9514,2800.7805,925.3604,1282.9140,0.0000,0.0000
57.9167,19.6266,-22.1083,37343.8587,2796.3443,925.7760,1288.4370,0.0000,0.0000
57.9333,19.6270,-22.1267,37303.7290,2791.9044,926.1915,1293.9600,0.0000,0.0000
57.9500,19.6274,-22.1450,37263.5626,2787.4611,926.6071,1299.4830,0.0000,0.0000
57.9667,19.6278,-22.1633,37223.3601,2783.0142,927.0227,1305.0060,0.0000,0.0000
57.9833,19.6282,-22.1817,37183.1217,2778.5638,927.4383,1310.5290,0.0000,0.0000
58.0000,19.6286,-22.2000,37142.8479,2774.1101,927.8539,1316.0520,0.0000,0.0000
58.0167,19.6291,-22.1633,37086.0466,2765.7019,927.0532,1366.7058,0.0000,0.0000
58.0333,19.6298,-22.1267,37016.5839,2756.0271,926.2552,1417.3596,0.0000,0.0000
58.0500,19.6306,-22.0900,36935.0530,2745.3117,925.4600,1468.0134,0.0000,0.0000
58.0667,19.6316,-22.0533,36842.2917,2733.7055,924.6672,1518.6672,0.0000,0.0000
58.0833,19.6326,-22.0167,36739.1934,2721.3124,923.8767,1569.3210,0.0000,0.0000
58.1000,19.6337,-21.9800,36626.6143,2708.2074,923.0883,1619.9748,0.0000,0.0000
58.1167,19.6349,-21.9433,36505.3322,2694.4464,922.3019,1670.6286,0.0000,0.0000
58.1333,19.6362,-21.9067,36376.0324,2680.0721,921.5172,1721.2824,0.0000,0.0000
58.1500,19.6376,-21.8700,36239.3077,2665.1183,920.7342,1771.9362,0.0000,0.0000
58.1667,19.6390,-21.8333,36095.6653,2649.6119,919.9527,1822.5900,0.0000,0.0000
58.1833,19.6405,-21.7967,35945.5357,2633.5748,919.1727,1873.2438,0.0000,0.0000
58.2000,19.6421,-21.7600,35789.2831,2617.0251,918.3940,1923.8976,0.0000,0.0000
58.2167,19.6437,-21.7233,35627.2151,2599.9779,917.6166,1974.5514,0.0000,0.0000
58.2333,19.6454,-21.6867,35459.5911,2582.4459,916.8404,2025.2052,0.0000,0.0000
58.2500,19.6471,-21.6500,35286.6302,2564.4398,916.0654,2075.8590,0.0000,0.0000
58.2667,19.6489,-21.6133,35108.5177,2545.9688,915.2916,2126.5128,0.0000,0.0000
58.2833,19.6507,-21.5767,34925.4108,2527.0409,914.5188,2177.1666,0.0000,0.0000
58.3000,19.6526,-21.5400,34737.4431,2507.6629,913.7472,2227.8204,0.0000,0.0000
58.3167,19.6546,-21.5033,34544.7289,2487.8409,912.9766,2278.4742,0.0000,0.0000
58.3333,19.6565,-21.4667,34347.3662,2467.5803,912.2070,2329.1280,0.0000,0.0000
58.3500,19.6585,-21.4300,34145.4397,2446.8858,911.4384,2379.7818,0.0000,0.0000
58.3667,19.6606,-21.3933,33939.0230,2425.7617,910.6709,2430.4356,0.0000,0.0000
58.3833,19.6627,-21.3567,33728.1806,2404.2119,909.9043,2481.0894,0.0000,0.0000
58.4000,19.6649,-21.3200,33512.9695,2382.2402,909.1387,2531.7432,0.0000,0.0000
58.4167,19.6671,-21.2833,33293.4404,2359.8498,908.3740,2582.3970,0.0000,0.0000
58.4333,19.6693,-21.2467,33069.6391,2337.0439,907.6103,2633.0508,0.0000,0.0000
58.4500,19.6716,-21.2100,32841.6071,2313.8256,906.8476,2683.7046,0.0000,0.0000
58.4667,19.6739,-21.1733,32609.3826,2290.1978,906.0857,2734.3584,0.0000,0.0000
58.4833,19.6763,-21.1367,32373.0012,2266.1632,905.3248,2785.0122,0.0000,0.0000
58.5000,19.6787,-21.1000,32132.4963,2241.7247,904.5648,2835.6660,0.0000,0.0000
58.5167,19.6811,-21.0633,31887.8996,2216.8849,903.8057,2886.3198,0.0000,0.0000
58.5333,19.6836,-21.0267,31639.2414,2191.6465,903.0475,2936.9736,0.0000,0.0000
58.5500,19.6861,-20.9900,31386.5512,2166.0121,902.2902,2987.6274,0.0000,0.0000
58.5667,19.6887,-20.9533,31129.8573,2139.9845,901.5338,3038.2812,0.0000,0.0000
58.5833,19.6913,-20.9167,30869.1880,2113.5663,900.7783,3088.9350,0.0000,0.0000
58.6000,19.6940,-20.8800,30604.5709,2086.7601,900.0236,3139.5888,0.0000,0.0000
58.6167,19.6966,-20.8433,30336.0334,2059.5686,899.2698,3190.2426,0.0000,0.0000
58.6333,19.6994,-20.8067,30063.6029,2031.9946,898.5169,3240.8964,0.0000,0.0000
58.6500,19.7021,-20.7700,29787.3066,2004.0408,897.7649,3291.5502,0.0000,0.0000
58.6667,19.7049,-20.7333,29507.1719,1975.7099,897.0137,3342.2040,0.0000,0.0000
58.6833,19.7078,-20.6967,29223.2263,1947.0047,896.2633,3392.8578,0.0000,0.0000
58.7000,19.7106,-20.6600,28935.4974,1917.9281,895.5138,3443.5116,0.0000,0.0000
58.7167,19.7136,-20.6233,28644.0130,1888.4828,894.7651,3494.1654,0.0000,0.0000
58.7333,19.7165,-20.5867,28348.8011,1858.6718,894.0172,3544.8192,0.0000,0.0000
58.7500,19.7195,-20.5500,28049.8901,1828.4978,893.2702,3595.4730,0.0000,0.0000
58.7667,19.7225,-20.5133,27747.3084,1797.9640,892.5239,3646.1268,0.0000,0.0000
58.7833,19.7256,-20.4767,27441.0847,1767.0732,891.7785,3696.7806,0.0000,0.0000
58.8000,19.7287,-20.4400,27131.2481,1735.8283,891.0339,3747.4344,0.0000,0.0000
58.8167,19.7318,-20.4033,26817.8278,1704.2324,890.2900,3798.0882,0.0000,0.0000
58.8333,19.7350,-20.3667,26500.8533,1672.2886,889.5470,3848.7420,0.0000,0.0000
58.8500,19.7382,-20.3300,26180.3544,1639.9998,888.8048,3899.3958,0.0000,0.0000
58.8667,19.7414,-20.2933,25856.3609,1607.3691,888.0633,3950.0496,0.0000,0.0000
58.8833,19.7447,-20.2567,25528.9030,1574.3996,887.3226,4000.7034,0.0000,0.0000
58.9000,19.7480,-20.2200,25198.0111,1541.0944,886.5826,4051.3572,0.0000,0.0000
58.9167,19.7514,-20.1833,24863.7157,1507.4566,885.8434,4102.0110,0.0000,0.0000
58.9333,19.7547,-20.1467,24526.0476,1473.4893,885.1050,4152.6648,0.0000,0.0000
58.9500,19.7581,-20.1100,24185.0375,1439.1957,884.3673,4203.3186,0.0000,0.0000
58.9667,19.7616,-20.0733,23840.7167,1404.5790,883.6303,4253.9724,0.0000,0.0000
58.9833,19.7651,-20.0367,23493.1161,1369.6422,882.8940,4304.6262,0.0000,0.0000
59.0000,19.7686,-20.0000,23142.2671,1334.3886,882.1585,4355.2800,0.0000,0.0000
59.0167,19.7720,-19.9817,22797.7466,1302.0641,881.8283,4353.2286,0.0000,0.0000
59.0333,19.7754,-19.9633,22462.3495,1271.4138,881.4960,4351.1772,0.0000,0.0000
59.0500,19.7786,-19.9450,22137.1092,1242.0589,881.1615,4349.1258,0.0000,0.0000
59.0667,19.7818,-19.9267,21822.1052,1213.7466,880.8247,4347.0744,0.0000,0.0000
59.0833,19.7848,-19.9083,21516.9228,1186.3002,880.4857,4345.0230,0.0000,0.0000
59.1000,19.7878,-19.8900,21220.9148,1159.5916,880.1447,4342.9716,0.0000,0.0000
59.1167,19.7907,-19.8717,20933.3489,1133.5247,879.8018,4340.9202,0.0000,0.0000
59.1333,19.7935,-19.8533,20653.4896,1108.0253,879.4572,4338.8688,0.0000,0.0000
59.1500,19.7962,-19.8350,20380.6402,1083.0348,879.1110,4336.8174,0.0000,0.0000
59.1667,19.7989,-19.8167,20114.1642,1058.5059,878.7635,4334.7660,0.0000,0.0000
59.1833,19.8015,-19.7983,19853.4914,1034.4004,878.4146,4332.7146,0.0000,0.0000
59.2000,19.8040,-19.7800,19598.1190,1010.6864,878.0646,4330.6632,0.0000,0.0000
59.2167,19.8065,-19.7617,19347.6075,987.3375,877.7135,4328.6118,0.0000,0.0000
59.2333,19.8090,-19.7433,19101.5751,964.3316,877.3614,4326.5604,0.0000,0.0000
59.2500,19.8114,-19.7250,18859.6917,941.6498,877.0084,4324.5090,0.0000,0.0000
59.2667,19.8138,-19.7067,18621.6726,919.2763,876.6545,4322.4576,0.0000,0.0000
59.2833,19.8161,-19.6883,18387.2727,897.1975,876.2998,4320.4062,0.0000,0.0000
59.3000,19.8184,-19.6700,18156.2811,875.4017,875.9444,4318.3548,0.0000,0.0000
59.3167,19.8207,-19.6517,17928.5161,853.8789,875.5882,4316.3034,0.0000,0.0000
59.3333,19.8230,-19.6333,17703.8213,832.6204,875.2314,4314.2520,0.0000,0.0000
59.3500,19.8252,-19.6150,17482.0617,811.6186,874.8739,4312.2006,0.0000,0.0000
59.3667,19.8274,-19.5967,17263.1205,790.8668,874.5158,4310.1492,0.0000,0.0000
59.3833,19.8295,-19.5783,17046.8965,770.3592,874.1571,4308.0978,0.0000,0.0000
59.4000,19.8317,-19.5600,16833.3016,750.0907,873.7978,4306.0464,0.0000,0.0000
59.4167,19.8338,-19.5417,16622.2589,730.0566,873.4379,4303.9950,0.0000,0.0000
59.4333,19.8359,-19.5233,16413.7009,710.2528,873.0775,4301.9436,0.0000,0.0000
59.4500,19.8379,-19.5050,16207.5680,690.6755,872.7166,4299.8922,0.0000,0.0000
59.4667,19.8400,-19.4867,16003.8076,671.3213,872.3551,4297.8408,0.0000,0.0000
59.4833,19.8420,-19.4683,15802.3725,652.1871,871.9931,4295.7894,0.0000,0.0000
59.5000,19.8440,-19.4500,15603.2203,633.2699,871.6306,4293.7380,0.0000,0.0000
59.5167,19.8459,-19.4317,15406.3128,614.5670,871.2676,4291.6866,0.0000,0.0000
59.5333,19.8479,-19.4133,15211.6151,596.0760,870.9041,4289.6352,0.0000,0.0000
59.5500,19.8498,-19.3950,15019.0953,577.7942,870.5401,4287.5838,0.0000,0.0000
59.5667,19.8517,-19.3767,14828.7236,559.7196,870.1757,4285.5324,0.0000,0.0000
59.5833,19.8536,-19.3583,14640.4724,541.8498,869.8108,4283.4810,0.0000,0.0000
59.6000,19.8555,-19.3400,14454.3160,524.1827,869.4454,4281.4296,0.0000,0.0000
59.6167,19.8573,-19.3217,14270.2298,506.7163,869.0795,4279.3782,0.0000,0.0000
59.6333,19.8591,-19.3033,14088.1905,489.4486,868.7132,4277.3268,0.0000,0.0000
59.6500,19.8609,-19.2850,13908.1758,472.3775,868.3465,4275.2754,0.0000,0.0000
59.6667,19.8627,-19.2667,13730.1644,455.5013,867.9793,4273.2240,0.0000,0.0000
59.6833,19.8645,-19.2483,13554.1354,438.8180,867.6117,4271.1726,0.0000,0.0000
59.7000,19.8662,-19.2300,13380.0689,422.3258,867.2436,4269.1212,0.0000,0.0000
59.7167,19.8679,-19.2117,13207.9451,406.0228,866.8751,4267.0698,0.0000,0.0000
59.7333,19.8696,-19.1933,13037.7448,389.9073,866.5062,4265.0184,0.0000,0.0000
59.7500,19.8713,-19.1750,12869.4492,373.9773,866.1369,4262.9670,0.0000,0.0000
59.7667,19.8730,-19.1567,12703.0398,358.2313,865.7671,4260.9156,0.0000,0.0000
59.7833,19.8746,-19.1383,12538.4982,342.6674,865.3969,4258.8642,0.0000,0.0000
59.8000,19.8762,-19.1200,12375.8065,327.2838,865.0263,4256.8128,0.0000,0.0000
59.8167,19.8779,-19.1017,12214.9467,312.0789,864.6553,4254.7614,0.0000,0.0000
59.8333,19.8794,-19.0833,12055.9012,297.0509,864.2839,4252.7100,0.0000,0.0000
59.8500,19.8810,-19.0650,11898.6525,282.1980,863.9122,4250.6586,0.0000,0.0000
59.8667,19.8826,-19.0467,11743.1830,267.5187,863.5400,4248.6072,0.0000,0.0000
59.8833,19.8841,-19.0283,11589.4756,253.0111,863.1674,4246.5558,0.0000,0.0000
59.9000,19.8856,-19.0100,11437.5130,238.6736,862.7944,4244.5044,0.0000,0.0000
59.9167,19.8871,-18.9917,11287.2783,224.5045,862.4211,4242.4530,0.0000,0.0000
59.9333,19.8886,-18.9733,11138.7544,210.5022,862.0473,4240.4016,0.0000,0.0000
59.9500,19.8901,-18.9550,10991.9244,196.6649,861.6732,4238.3502,0.0000,0.0000
59.9667,19.8915,-18.9367,10846.7716,182.9911,861.2988,4236.2988,0.0000,0.0000
59.9833,19.8930,-18.9183,10703.2794,169.4790,860.9239,4234.2474,0.0000,0.0000
60.0000,19.8944,-18.9000,10561.4311,156.1271,860.5487,4232.1960,0.0000,0.0000
60.0167,19.8957,-18.9000,10426.9950,144.7292,860.5785,4208.9994,0.0000,0.0000
60.0333,19.8970,-18.9000,10300.7114,134.3471,860.6065,4185.8028,0.0000,0.0000
60.0500,19.8982,-18.9000,10182.6468,124.8035,860.6327,4162.6062,0.0000,0.0000
60.0667,19.8993,-18.9000,10072.5309,115.9793,860.6572,4139.4096,0.0000,0.0000
60.0833,19.9003,-18.9000,9969.9416,107.7910,860.6799,4116.2130,0.0000,0.0000
60.1000,19.9013,-18.9000,9874.4050,100.1773,860.7011,4093.0164,0.0000,0.0000
60.1167,19.9021,-18.9000,9785.4493,93.0918,860.7208,4069.8198,0.0000,0.0000
60.1333,19.9030,-18.9000,9702.6306,86.4979,860.7392,4046.6232,0.0000,0.0000
60.1500,19.9037,-18.9000,9625.5448,80.3662,860.7563,4023.4266,0.0000,0.0000
60.1667,19.9045,-18.9000,9553.8306,74.6726,860.7722,4000.2300,0.0000,0.0000
60.1833,19.9051,-18.9000,9487.1676,69.3962,860.7870,3977.0334,0.0000,0.0000
60.2000,19.9057,-18.9000,9425.2728,64.5191,860.8007,3953.8368,0.0000,0.0000
60.2167,19.9063,-18.9000,9367.8972,60.0258,860.8135,3930.6402,0.0000,0.0000
60.2333,19.9069,-18.9000,9314.8218,55.9026,860.8252,3907.4436,0.0000,0.0000
60.2500,19.9073,-18.9000,9265.8540,52.1377,860.8361,3884.2470,0.0000,0.0000
60.2667,19.9078,-18.9000,9220.8247,48.7205,860.8461,3861.0504,0.0000,0.0000
60.2833,19.9082,-18.9000,9179.5849,45.6417,860.8552,3837.8538,0.0000,0.0000
60.3000,19.9086,-18.9000,9142.0037,42.8932,860.8636,3814.6572,0.0000,0.0000
60.3167,19.9089,-18.9000,9107.9651,40.4676,860.8711,3791.4606,0.0000,0.0000
60.3333,19.9092,-18.9000,9077.3661,38.3581,860.8779,3768.2640,0.0000,0.0000
60.3500,19.9095,-18.9000,9050.1149,36.5587,860.8839,3745.0674,0.0000,0.0000
60.3667,19.9097,-18.9000,9026.1292,35.0636,860.8893,3721.8708,0.0000,0.0000
60.3833,19.9099,-18.9000,9005.3347,33.8677,860.8939,3698.6742,0.0000,0.0000
60.4000,19.9101,-18.9000,8987.6637,32.9660,860.8978,3675.4776,0.0000,0.0000
60.4167,19.9103,-18.9000,8973.0542,32.3540,860.9010,3652.2810,0.0000,0.0000
60.4333,19.9104,-18.9000,8961.4493,32.0272,860.9036,3629.0844,0.0000,0.0000
60.4500,19.9105,-18.9000,8952.7959,31.9815,860.9055,3605.8878,0.0000,0.0000
60.4667,19.9105,-18.9000,8947.0451,32.2132,860.9068,3582.6912,0.0000,0.0000
60.4833,19.9106,-18.9000,8944.1524,32.7188,860.9075,3559.4946,0.0000,0.0000
60.5000,19.9106,-18.9000,8944.0773,33.4956,860.9075,3536.2980,0.0000,0.0000
60.5167,19.9105,-18.9000,8946.7822,34.5406,860.9069,3513.1014,0.0000,0.0000
60.5333,19.9105,-18.9000,8952.2318,35.8508,860.9057,3489.9048,0.0000,0.0000
60.5500,19.9104,-18.9000,8960.3916,37.4231,860.9038,3466.7082,0.0000,0.0000
60.5667,19.9103,-18.9000,8971.2277,39.2542,860.9014,3443.5116,0.0000,0.0000
60.5833,19.9102,-18.9000,8984.7061,41.3406,860.8985,3420.3150,0.0000,0.0000
60.6000,19.9100,-18.9000,9000.7926,43.6788,860.8949,3397.1184,0.0000,0.0000
60.6167,19.9098,-18.9000,9019.4529,46.2655,860.8907,3373.9218,0.0000,0.0000
60.6333,19.9096,-18.9000,9040.6522,49.0969,860.8860,3350.7252,0.0000,0.0000
60.6500,19.9094,-18.9000,9064.3559,52.1697,860.8808,3327.5286,0.0000,0.0000
60.6667,19.9091,-18.9000,9090.5295,55.4804,860.8750,3304.3320,0.0000,0.0000
60.6833,19.9088,-18.9000,9119.1387,59.0257,860.8686,3281.1354,0.0000,0.0000
60.7000,19.9085,-18.9000,9150.1495,62.8022,860.8618,3257.9388,0.0000,0.0000
60.7167,19.9082,-18.9000,9180.7259,66.5655,860.8550,3234.7422,0.0000,0.0000
60.7333,19.9079,-18.9000,9213.6912,70.5990,860.8477,3211.5456,0.0000,0.0000
60.7500,19.9075,-18.9000,9249.0747,74.8832,860.8398,3188.3490,0.0000,0.0000
60.7667,19.9071,-18.9000,9286.8639,79.4045,860.8314,3165.1524,0.0000,0.0000
60.7833,19.9067,-18.9000,9330.6713,84.4575,860.8217,3141.9558,0.0000,0.0000
60.8000,19.9062,-18.9000,9376.6807,89.6808,860.8115,3118.7592,0.0000,0.0000
60.8167,19.9058,-18.9000,9424.7955,95.0887,860.8008,3095.5626,0.0000,0.0000
60.8333,19.9053,-18.9000,9470.8216,100.3520,860.7906,3072.3660,0.0000,0.0000
60.8500,19.9048,-18.9000,9519.0534,105.8595,860.7799,3049.1694,0.0000,0.0000
60.8667,19.9043,-18.9000,9569.5130,111.5966,860.7687,3025.9728,0.0000,0.0000
60.8833,19.9038,-18.9000,9622.1913,117.5529,860.7570,3002.7762,0.0000,0.0000
60.9000,19.9032,-18.9000,9677.0615,123.7207,860.7449,2979.5796,0.0000,0.0000
60.9167,19.9027,-18.9000,9734.0875,130.0934,860.7322,2956.3830,0.0000,0.0000
60.9333,19.9021,-18.9000,9793.2283,136.6655,860.7191,2933.1864,0.0000,0.0000
60.9500,19.9015,-18.9000,9854.4408,143.4321,860.7055,2909.9898,0.0000,0.0000
60.9667,19.9008,-18.9000,9917.6813,150.3886,860.6915,2886.7932,0.0000,0.0000
60.9833,19.9002,-18.9000,9982.9068,157.5309,860.6770,2863.5966,0.0000,0.0000
61.0000,19.8995,-18.9000,10050.0751,164.8551,860.6621,2840.4000,0.0000,0.0000
61.0167,19.8988,-18.9083,10118.7616,172.0007,860.8317,2829.9852,0.0000,0.0000
61.0333,19.8981,-18.9167,10187.7639,178.8183,861.0013,2819.5704,0.0000,0.0000
61.0500,19.8974,-18.9250,10256.4259,185.4059,861.1709,2809.1556,0.0000,0.0000
61.0667,19.8968,-18.9333,10324.4225,191.8302,861.3407,2798.7408,0.0000,0.0000
61.0833,19.8961,-18.9417,10391.6274,198.1382,861.5106,2788.3260,0.0000,0.0000
61.1000,19.8954,-18.9500,10458.0308,204.3638,861.6808,2777.9112,0.0000,0.0000
61.1167,19.8948,-18.9583,10523.6890,210.5325,861.8510,2767.4964,0.0000,0.0000
61.1333,19.8941,-18.9667,10588.6928,216.6635,862.0215,2757.0816,0.0000,0.0000
61.1500,19.8935,-18.9750,10653.1484,222.7721,862.1920,2746.6668,0.0000,0.0000
61.1667,19.8928,-18.9833,10717.1651,228.8701,862.3627,2736.2520,0.0000,0.0000
61.1833,19.8922,-18.9917,10780.8491,234.9671,862.5334,2725.8372,0.0000,0.0000
61.2000,19.8916,-19.0000,10844.2994,241.0709,862.7042,2715.4224,0.0000,0.0000
61.2167,19.8909,-19.0083,10907.6062,247.1877,862.8750,2705.0076,0.0000,0.0000
61.2333,19.8902,-19.0167,10976.2914,253.6963,863.0446,2694.5928,0.0000,0.0000
61.2500,19.8896,-19.0250,11044.4548,260.1985,863.2143,2684.1780,0.0000,0.0000
61.2667,19.8889,-19.0333,11112.2438,266.7042,863.3842,2673.7632,0.0000,0.0000
61.2833,19.8883,-19.0417,11174.4144,272.8453,863.5552,2663.3484,0.0000,0.0000
61.3000,19.8876,-19.0500,11236.9162,279.0256,863.7262,2652.9336,0.0000,0.0000
61.3167,19.8870,-19.0583,11299.7576,285.2426,863.8971,2642.5188,0.0000,0.0000
61.3333,19.8864,-19.0667,11362.9413,291.4946,864.0680,2632.1040,0.0000,0.0000
61.3500,19.8857,-19.0750,11426.4676,297.7810,864.2387,2621.6892,0.0000,0.0000
61.3667,19.8851,-19.0833,11490.3361,304.1015,864.4094,2611.2744,0.0000,0.0000
61.3833,19.8845,-19.0917,11554.5463,310.4562,864.5800,2600.8596,0.0000,0.0000
61.4000,19.8838,-19.1000,11619.0983,316.8452,864.7505,2590.4448,0.0000,0.0000
61.4167,19.8832,-19.1083,11683.9924,323.2686,864.9210,2580.0300,0.0000,0.0000
61.4333,19.8825,-19.1167,11749.2297,329.7266,865.0914,2569.6152,0.0000,0.0000
61.4500,19.8819,-19.1250,11814.8109,336.2194,865.2617,2559.2004,0.0000,0.0000
61.4667,19.8812,-19.1333,11880.7375,342.7472,865.4319,2548.7856,0.0000,0.0000
61.4833,19.8805,-19.1417,11947.0105,349.3100,865.6021,2538.3708,0.0000,0.0000
61.5000,19.8799,-19.1500,12013.6310,355.9081,865.7721,2527.9560,0.0000,0.0000
61.5167,19.8792,-19.1583,12080.5999,362.5413,865.9421,2517.5412,0.0000,0.0000
61.5333,19.8785,-19.1667,12147.9180,369.2097,866.1121,2507.1264,0.0000,0.0000
61.5500,19.8778,-19.1750,12221.4397,376.3245,866.2806,2496.7116,0.0000,0.0000
61.5667,19.8771,-19.1833,12294.8079,383.4506,866.4492,2486.2968,0.0000,0.0000
61.5833,19.8763,-19.1917,12368.1118,390.5950,866.6178,2475.8820,0.0000,0.0000
61.6000,19.8756,-19.2000,12441.4295,397.7624,866.7864,2465.4672,0.0000,0.0000
61.6167,19.8749,-19.2083,12508.9685,404.5403,866.9562,2455.0524,0.0000,0.0000
61.6333,19.8742,-19.2167,12577.1111,411.3688,867.1260,2444.6376,0.0000,0.0000
61.6500,19.8735,-19.2250,12645.8226,418.2436,867.2956,2434.2228,0.0000,0.0000
61.6667,19.8728,-19.2333,12715.0700,425.1621,867.4651,2423.8080,0.0000,0.0000
61.6833,19.8722,-19.2417,12784.8232,432.1221,867.6345,2413.3932,0.0000,0.0000
61.7000,19.8714,-19.2500,12855.0558,439.1222,867.8037,2402.9784,0.0000,0.0000
61.7167,19.8707,-19.2583,12925.7448,446.1609,867.9729,2392.5636,0.0000,0.0000
61.7333,19.8700,-19.2667,12996.8699,453.2373,868.1420,2382.1488,0.0000,0.0000
61.7500,19.8693,-19.2750,13068.4140,460.3504,868.3110,2371.7340,0.0000,0.0000
61.7667,19.8686,-19.2833,13140.3616,467.4993,868.4799,2361.3192,0.0000,0.0000
61.7833,19.8679,-19.2917,13212.6995,474.6833,868.6487,2350.9044,0.0000,0.0000
61.8000,19.8671,-19.3000,13285.4159,481.9016,868.8174,2340.4896,0.0000,0.0000
61.8167,19.8664,-19.3083,13358.5001,489.1535,868.9860,2330.0748,0.0000,0.0000
61.8333,19.8657,-19.3167,13431.9428,496.4385,869.1546,2319.6600,0.0000,0.0000
61.8500,19.8649,-19.3250,13512.1275,504.2074,869.3216,2309.2452,0.0000,0.0000
61.8667,19.8641,-19.3333,13592.1202,511.9867,869.4888,2298.8304,0.0000,0.0000
61.8833,19.8633,-19.3417,13672.0193,519.7840,869.6559,2288.4156,0.0000,0.0000
61.9000,19.8625,-19.3500,13745.5320,527.1510,869.8244,2278.0008,0.0000,0.0000
61.9167,19.8618,-19.3583,13819.6204,534.5668,869.9928,2267.5860,0.0000,0.0000
61.9333,19.8611,-19.3667,13894.2557,542.0287,870.1611,2257.1712,0.0000,0.0000
61.9500,19.8603,-19.3750,13969.4111,549.5345,870.3293,2246.7564,0.0000,0.0000
61.9667,19.8595,-19.3833,14045.0626,557.0828,870.4974,2236.3416,0.0000,0.0000
61.9833,19.8588,-19.3917,14121.1883,564.6719,870.6654,2225.9268,0.0000,0.0000
62.0000,19.8580,-19.4000,14197.7684,572.3005,870.8332,2215.5120,0.0000,0.0000
62.0167,19.8572,-19.4200,14276.5415,580.4168,871.2594,2204.3082,0.0000,0.0000
62.0333,19.8564,-19.4400,14357.1119,588.5932,871.6852,2193.1044,0.0000,0.0000
62.0500,19.8556,-19.4600,14439.1697,596.8250,872.1106,2181.9006,0.0000,0.0000
62.0667,19.8548,-19.4800,14522.4736,605.1084,872.5358,2170.6968,0.0000,0.0000
62.0833,19.8539,-19.5000,14606.8354,613.4410,872.9607,2159.4930,0.0000,0.0000
62.1000,19.8531,-19.5200,14692.1092,621.8207,873.3854,2148.2892,0.0000,0.0000
62.1167,19.8522,-19.5400,14778.1810,630.2459,873.8100,2137.0854,0.0000,0.0000
62.1333,19.8514,-19.5600,14864.9623,638.7154,874.2344,2125.8816,0.0000,0.0000
62.1500,19.8505,-19.5800,14952.3836,647.2280,874.6587,2114.6778,0.0000,0.0000
62.1667,19.8495,-19.6000,15047.9139,656.2859,875.0811,2103.4740,0.0000,0.0000
62.1833,19.8486,-19.6200,15143.2941,665.3603,875.5036,2092.2702,0.0000,0.0000
62.2000,19.8476,-19.6400,15238.6177,674.4549,875.9261,2081.0664,0.0000,0.0000
62.2167,19.8467,-19.6600,15333.9576,683.5714,876.3486,2069.8626,0.0000,0.0000
62.2333,19.8458,-19.6800,15421.8392,692.2019,876.7727,2058.6588,0.0000,0.0000
62.2500,19.8449,-19.7000,15510.4919,700.8776,877.1967,2047.4550,0.0000,0.0000
62.2667,19.8440,-19.7200,15599.8247,709.5938,877.6206,2036.2512,0.0000,0.0000
62.2833,19.8431,-19.7400,15689.7612,718.3474,878.0443,2025.0474,0.0000,0.0000
62.3000,19.8422,-19.7600,15780.2388,727.1361,878.4678,2013.8436,0.0000,0.0000
62.3167,19.8413,-19.7800,15871.2067,735.9587,878.8913,2002.6398,0.0000,0.0000
62.3333,19.8404,-19.8000,15962.6243,744.8140,879.3147,1991.4360,0.0000,0.0000
62.3500,19.8395,-19.8200,16054.4593,753.7013,879.7379,1980.2322,0.0000,0.0000
62.3667,19.8385,-19.8400,16146.6862,762.6202,880.1611,1969.0284,0.0000,0.0000
62.3833,19.8376,-19.8600,16239.2848,771.5702,880.5842,1957.8246,0.0000,0.0000
62.4000,19.8367,-19.8800,16332.2391,780.5510,881.0073,1946.6208,0.0000,0.0000
62.4167,19.8357,-19.9000,16425.5366,789.5624,881.4302,1935.4170,0.0000,0.0000
62.4333,19.8348,-19.9200,16519.1675,798.6043,881.8531,1924.2132,0.0000,0.0000
62.4500,19.8339,-19.9400,16613.1237,807.6763,882.2759,1913.0094,0.0000,0.0000
62.4667,19.8328,-19.9600,16715.4594,817.3178,882.6968,1901.8056,0.0000,0.0000
62.4833,19.8318,-19.9800,16817.3587,826.9662,883.1179,1890.6018,0.0000,0.0000
62.5000,19.8308,-20.0000,16918.9717,836.6276,883.5390,1879.3980,0.0000,0.0000
62.5167,19.8298,-20.0200,17020.4198,846.3060,883.9601,1868.1942,0.0000,0.0000
62.5333,19.8288,-20.0400,17121.7996,856.0044,884.3813,1856.9904,0.0000,0.0000
62.5500,19.8278,-20.0600,17223.1871,865.7246,884.8024,1845.7866,0.0000,0.0000
62.5667,19.8268,-20.0800,17324.6414,875.4678,885.2236,1834.5828,0.0000,0.0000
62.5833,19.8257,-20.1000,17426.2080,885.2349,885.6447,1823.3790,0.0000,0.0000
62.6000,19.8247,-20.1200,17527.9218,895.0264,886.0658,1812.1752,0.0000,0.0000
62.6167,19.8237,-20.1400,17629.8088,904.8424,886.4868,1800.9714,0.0000,0.0000
62.6333,19.8228,-20.1600,17723.8126,914.1317,886.9096,1789.7676,0.0000,0.0000
62.6500,19.8218,-20.1800,17818.7007,923.4665,887.3322,1778.5638,0.0000,0.0000
62.6667,19.8209,-20.2000,17914.3552,932.8425,887.7546,1767.3600,0.0000,0.0000
62.6833,19.8199,-20.2200,18010.6794,942.2562,888.1769,1756.1562,0.0000,0.0000
62.7000,19.8189,-20.2400,18107.5947,951.7053,888.5991,1744.9524,0.0000,0.0000
62.7167,19.8179,-20.2600,18205.0378,961.1881,889.0211,1733.7486,0.0000,0.0000
62.7333,19.8170,-20.2800,18302.9573,970.7031,889.4430,1722.5448,0.0000,0.0000
62.7500,19.8160,-20.3000,18401.3117,980.2491,889.8649,1711.3410,0.0000,0.0000
62.7667,19.8150,-20.3200,18500.0674,989.8251,890.2866,1700.1372,0.0000,0.0000
62.7833,19.8139,-20.3400,18607.6883,1000.0031,890.7064,1688.9334,0.0000,0.0000
62.8000,19.8129,-20.3600,18714.8947,1010.1895,891.1262,1677.7296,0.0000,0.0000
62.8167,19.8118,-20.3800,18821.8365,1020.3910,891.5462,1666.5258,0.0000,0.0000
62.8333,19.8107,-20.4000,18928.6377,1030.6127,891.9661,1655.3220,0.0000,0.0000
62.8500,19.8096,-20.4200,19035.3991,1040.8584,892.3861,1644.1182,0.0000,0.0000
62.8667,19.8086,-20.4400,19142.2015,1051.1306,892.8060,1632.9144,0.0000,0.0000
62.8833,19.8075,-20.4600,19249.1079,1061.4306,893.2260,1621.7106,0.0000,0.0000
62.9000,19.8064,-20.4800,19356.1664,1071.7592,893.6459,1610.5068,0.0000,0.0000
62.9167,19.8054,-20.5000,19463.4126,1082.1164,894.0657,1599.3030,0.0000,0.0000
62.9333,19.8043,-20.5200,19570.8716,1092.5020,894.4855,1588.0992,0.0000,0.0000
62.9500,19.8032,-20.5400,19678.5604,1102.9152,894.9053,1576.8954,0.0000,0.0000
62.9667,19.8022,-20.5600,19777.9374,1112.7670,895.3269,1565.6916,0.0000,0.0000
62.9833,19.8012,-20.5800,19878.2585,1122.6645,895.7483,1554.4878,0.0000,0.0000
63.0000,19.8002,-20.6000,19979.3904,1132.6028,896.1695,1543.2840,0.0000,0.0000
63.0167,19.7992,-20.6000,20079.6352,1142.3964,896.1473,1520.8764,0.0000,0.0000
63.0333,19.7981,-20.6000,20189.1777,1153.2967,896.1230,1498.4688,0.0000,0.0000
63.0500,19.7970,-20.6000,20299.4150,1164.5442,896.0985,1476.0612,0.0000,0.0000
63.0667,19.7959,-20.6000,20410.9331,1176.0807,896.0738,1453.6536,0.0000,0.0000
63.0833,19.7948,-20.6000,20524.0504,1187.8647,896.0487,1431.2460,0.0000,0.0000
63.1000,19.7936,-20.6000,20638.9163,1199.8645,896.0232,1408.8384,0.0000,0.0000
63.1167,19.7924,-20.6000,20755.5759,1212.0561,895.9973,1386.4308,0.0000,0.0000
63.1333,19.7913,-20.6000,20874.0101,1224.4198,895.9710,1364.0232,0.0000,0.0000
63.1500,19.7901,-20.6000,20994.1627,1236.9399,895.9444,1341.6156,0.0000,0.0000
63.1667,19.7888,-20.6000,21115.9574,1249.6032,895.9174,1319.2080,0.0000,0.0000
63.1833,19.7876,-20.6000,21239.3084,1262.3986,895.8900,1296.8004,0.0000,0.0000
63.2000,19.7864,-20.6000,21364.1276,1275.3166,895.8623,1274.3928,0.0000,0.0000
63.2167,19.7851,-20.6000,21490.3287,1288.3489,895.8343,1251.9852,0.0000,0.0000
63.2333,19.7838,-20.6000,21617.8290,1301.4886,895.8060,1229.5776,0.0000,0.0000
63.2500,19.7825,-20.6000,21746.5516,1314.7293,895.7775,1207.1700,0.0000,0.0000
63.2667,19.7812,-20.6000,21876.4252,1328.0656,895.7487,1184.7624,0.0000,0.0000
63.2833,19.7799,-20.6000,22007.3844,1341.4925,895.7196,1162.3548,0.0000,0.0000
63.3000,19.7786,-20.6000,22139.3696,1355.0057,895.6904,1139.9472,0.0000,0.0000
63.3167,19.7773,-20.6000,22272.3267,1368.6013,895.6609,1117.5396,0.0000,0.0000
63.3333,19.7759,-20.6000,22406.2064,1382.2756,895.6312,1095.1320,0.0000,0.0000
63.3500,19.7746,-20.6000,22540.9639,1396.0254,895.6013,1072.7244,0.0000,0.0000
63.3667,19.7732,-20.6000,22676.5585,1409.8478,895.5712,1050.3168,0.0000,0.0000
63.3833,19.7719,-20.6000,22812.9532,1423.7402,895.5409,1027.9092,0.0000,0.0000
63.4000,19.7705,-20.6000,22950.1142,1437.6999,895.5105,1005.5016,0.0000,0.0000
63.4167,19.7691,-20.6000,23088.0103,1451.7246,895.4799,983.0940,0.0000,0.0000
63.4333,19.7677,-20.6000,23226.6132,1465.8123,895.4492,960.6864,0.0000,0.0000
63.4500,19.7663,-20.6000,23365.8965,1479.9609,895.4183,938.2788,0.0000,0.0000
63.4667,19.7649,-20.6000,23505.8361,1494.1685,895.3872,915.8712,0.0000,0.0000
63.4833,19.7635,-20.6000,23646.4093,1508.4334,895.3561,893.4636,0.0000,0.0000
63.5000,19.7621,-20.6000,23787.5952,1522.7538,895.3247,871.0560,0.0000,0.0000
63.5167,19.7607,-20.6000,23929.3740,1537.1281,895.2933,848.6484,0.0000,0.0000
63.5333,19.7593,-20.6000,24071.7273,1551.5549,895.2617,826.2408,0.0000,0.0000
63.5500,19.7579,-20.6000,24214.6376,1566.0327,895.2300,803.8332,0.0000,0.0000
63.5667,19.7564,-20.6000,24358.0885,1580.5600,895.1982,781.4256,0.0000,0.0000
63.5833,19.7550,-20.6000,24502.0642,1595.1356,895.1663,759.0180,0.0000,0.0000
63.6000,19.7535,-20.6000,24646.5499,1609.7582,895.1342,736.6104,0.0000,0.0000
63.6167,19.7521,-20.6000,24791.5313,1624.4265,895.1020,714.2028,0.0000,0.0000
63.6333,19.7506,-20.6000,24936.9947,1639.1392,895.0698,691.7952,0.0000,0.0000
63.6500,19.7492,-20.6000,25082.9269,1653.8953,895.0374,669.3876,0.0000,0.0000
63.6667,19.7477,-20.6000,25229.3153,1668.6936,895.0049,646.9800,0.0000,0.0000
63.6833,19.7462,-20.6000,25376.1474,1683.5329,894.9724,624.5724,0.0000,0.0000
63.7000,19.7448,-20.6000,25523.4114,1698.4122,894.9397,602.1648,0.0000,0.0000
63.7167,19.7433,-20.6000,25671.0957,1713.3304,894.9069,579.7572,0.0000,0.0000
63.7333,19.7418,-20.6000,25819.1891,1728.2864,894.8741,557.3496,0.0000,0.0000
63.7500,19.7403,-20.6000,25967.6804,1743.2793,894.8412,534.9420,0.0000,0.0000
63.7667,19.7388,-20.6000,26116.5589,1758.3079,894.8081,512.5344,0.0000,0.0000
63.7833,19.7373,-20.6000,26265.8140,1773.3714,894.7750,490.1268,0.0000,0.0000
63.8000,19.7358,-20.6000,26415.4354,1788.4687,894.7418,467.7192,0.0000,0.0000
63.8167,19.7343,-20.6000,26565.4127,1803.5988,894.7086,445.3116,0.0000,0.0000
63.8333,19.7328,-20.6000,26715.7360,1818.7607,894.6752,422.9040,0.0000,0.0000
63.8500,19.7313,-20.6000,26866.3953,1833.9536,894.6418,400.4964,0.0000,0.0000
63.8667,19.7298,-20.6000,27017.3809,1849.1765,894.6083,378.0888,0.0000,0.0000
63.8833,19.7283,-20.6000,27168.6829,1864.4283,894.5747,355.6812,0.0000,0.0000
63.9000,19.7268,-20.6000,27320.2917,1879.7083,894.5411,333.2736,0.0000,0.0000
63.9167,19.7253,-20.6000,27472.1979,1895.0154,894.5074,310.8660,0.0000,0.0000
63.9333,19.7238,-20.6000,27624.3920,1910.3486,894.4737,288.4584,0.0000,0.0000
63.9500,19.7222,-20.6000,27776.8645,1925.7072,894.4398,266.0508,0.0000,0.0000
63.9667,19.7207,-20.6000,27929.6060,1941.0901,894.4060,243.6432,0.0000,0.0000
63.9833,19.7192,-20.6000,28082.6073,1956.4965,894.3720,221.2356,0.0000,0.0000
64.0000,19.7176,-20.6000,28235.8589,1971.9254,894.3380,198.8280,0.0000,0.0000
64.0167,19.7161,-20.6083,28388.4339,1986.8276,894.4890,195.5142,0.0000,0.0000
64.0333,19.7146,-20.6167,28538.8573,2001.1110,894.6405,192.2004,0.0000,0.0000
64.0500,19.7131,-20.6250,28686.4038,2014.9083,894.7926,188.8866,0.0000,0.0000
64.0667,19.7117,-20.6333,28830.7815,2028.3092,894.9455,185.5728,0.0000,0.0000
64.0833,19.7103,-20.6417,28971.9452,2041.3768,895.0990,182.2590,0.0000,0.0000
64.1000,19.7089,-20.6500,29109.9854,2054.1574,895.2532,178.9452,0.0000,0.0000
64.1167,19.7075,-20.6583,29245.0630,2066.6863,895.4081,175.6314,0.0000,0.0000
64.1333,19.7062,-20.6667,29377.3694,2078.9909,895.5636,172.3176,0.0000,0.0000
64.1500,19.7049,-20.6750,29507.1037,2091.0932,895.7197,169.0038,0.0000,0.0000
64.1667,19.7037,-20.6833,29634.4600,2103.0111,895.8763,165.6900,0.0000,0.0000
64.1833,19.7024,-20.6917,29759.6203,2114.7596,896.0334,162.3762,0.0000,0.0000
64.2000,19.7012,-20.7000,29882.7513,2126.3511,896.1909,159.0624,0.0000,0.0000
64.2167,19.7000,-20.7083,30004.0034,2137.7960,896.3489,155.7486,0.0000,0.0000
64.2333,19.6988,-20.7167,30123.5110,2149.1035,896.5072,152.4348,0.0000,0.0000
64.2500,19.6976,-20.7250,30241.3933,2160.2811,896.6659,149.1210,0.0000,0.0000
64.2667,19.6964,-20.7333,30357.7556,2171.3356,896.8250,145.8072,0.0000,0.0000
64.2833,19.6953,-20.7417,30472.6908,2182.2730,896.9843,142.4934,0.0000,0.0000
64.3000,19.6941,-20.7500,30586.2807,2193.0981,897.1440,139.1796,0.0000,0.0000
64.3167,19.6930,-20.7583,30698.5973,2203.8157,897.3039,135.8658,0.0000,0.0000
64.3333,19.6919,-20.7667,30809.7041,2214.4297,897.4641,132.5520,0.0000,0.0000
64.3500,19.6908,-20.7750,30919.6573,2224.9437,897.6246,129.2382,0.0000,0.0000
64.3667,19.6897,-20.7833,31028.5066,2235.3608,897.7853,125.9244,0.0000,0.0000
64.3833,19.6886,-20.7917,31136.2962,2245.6840,897.9462,122.6106,0.0000,0.0000
64.4000,19.6876,-20.8000,31243.0654,2255.9158,898.1074,119.2968,0.0000,0.0000
64.4167,19.6865,-20.8083,31348.8495,2266.0587,898.2688,115.9830,0.0000,0.0000
64.4333,19.6855,-20.8167,31453.6801,2276.1149,898.4304,112.6692,0.0000,0.0000
64.4500,19.6844,-20.8250,31557.5858,2286.0862,898.5922,109.3554,0.0000,0.0000
64.4667,19.6834,-20.8333,31660.5924,2295.9747,898.7542,106.0416,0.0000,0.0000
64.4833,19.6824,-20.8417,31762.7237,2305.7820,898.9164,102.7278,0.0000,0.0000
64.5000,19.6814,-20.8500,31864.0011,2315.5098,899.0788,99.4140,0.0000,0.0000
64.5167,19.6804,-20.8583,31964.4446,2325.1595,899.2414,96.1002,0.0000,0.0000
64.5333,19.6794,-20.8667,32064.0727,2334.7325,899.4041,92.7864,0.0000,0.0000
64.5500,19.6784,-20.8750,32162.9022,2344.2303,899.5670,89.4726,0.0000,0.0000
64.5667,19.6774,-20.8833,32260.9493,2353.6541,899.7301,86.1588,0.0000,0.0000
64.5833,19.6764,-20.8917,32358.2287,2363.0051,899.8934,82.8450,0.0000,0.0000
64.6000,19.6755,-20.9000,32454.7546,2372.2845,900.0569,79.5312,0.0000,0.0000
64.6167,19.6745,-20.9083,32550.5402,2381.4934,900.2205,76.2174,0.0000,0.0000
64.6333,19.6735,-20.9167,32645.5982,2390.6329,900.3842,72.9036,0.0000,0.0000
64.6500,19.6726,-20.9250,32739.9405,2399.7040,900.5482,69.5898,0.0000,0.0000
64.6667,19.6717,-20.9333,32833.5785,2408.7077,900.7122,66.2760,0.0000,0.0000
64.6833,19.6707,-20.9417,32926.5231,2417.6449,900.8765,62.9622,0.0000,0.0000
64.7000,19.6698,-20.9500,33018.7850,2426.5166,901.0409,59.6484,0.0000,0.0000
64.7167,19.6689,-20.9583,33110.3742,2435.3238,901.2054,56.3346,0.0000,0.0000
64.7333,19.6680,-20.9667,33201.3005,2444.0672,901.3701,53.0208,0.0000,0.0000
64.7500,19.6671,-20.9750,33291.5733,2452.7477,901.5349,49.7070,0.0000,0.0000
64.7667,19.6662,-20.9833,33381.2017,2461.3662,901.6999,46.3932,0.0000,0.0000
64.7833,19.6653,-20.9917,33470.1946,2469.9235,901.8650,43.0794,0.0000,0.0000
64.8000,19.6644,-21.0000,33558.5606,2478.4203,902.0302,39.7656,0.0000,0.0000
64.8167,19.6635,-21.0083,33646.3081,2486.8575,902.1956,36.4518,0.0000,0.0000
64.8333,19.6627,-21.0167,33733.4452,2495.2357,902.3612,33.1380,0.0000,0.0000
64.8500,19.6618,-21.0250,33819.9798,2503.5558,902.5268,29.8242,0.0000,0.0000
64.8667,19.6609,-21.0333,33905.9196,2511.8185,902.6926,26.5104,0.0000,0.0000
64.8833,19.6601,-21.0417,33991.2723,2520.0243,902.8585,23.1966,0.0000,0.0000
64.9000,19.6592,-21.0500,34076.0452,2528.1742,903.0246,19.8828,0.0000,0.0000
64.9167,19.6584,-21.0583,34160.2456,2536.2687,903.1907,16.5690,0.0000,0.0000
64.9333,19.6576,-21.0667,34243.8805,2544.3084,903.3570,13.2552,0.0000,0.0000
64.9500,19.6567,-21.0750,34326.9568,2552.2941,903.5235,9.9414,0.0000,0.0000
64.9667,19.6559,-21.0833,34409.4813,2560.2264,903.6900,6.6276,0.0000,0.0000
64.9833,19.6551,-21.0917,34491.4607,2568.1059,903.8567,3.3138,0.0000,0.0000
65.0000,19.6543,-21.1000,34572.9014,2575.9333,904.0235,0.0000,0.0000,0.0000
65.0167,19.6535,-21.1100,34653.7353,2583.6413,904.2274,0.0000,0.0000,0.0000
65.0333,19.6527,-21.1200,34733.7291,2591.2013,904.4314,0.0000,0.0000,0.0000
65.0500,19.6519,-21.1300,34812.7667,2598.6339,904.6357,0.0000,0.0000,0.0000
65.0667,19.6511,-21.1400,34890.8008,2605.9530,904.8402,0.0000,0.0000,0.0000
65.0833,19.6503,-21.1500,34967.8241,2613.1691,905.0450,0.0000,0.0000,0.0000
65.1000,19.6496,-21.1600,35043.8526,2620.2901,905.2499,0.0000,0.0000,0.0000
65.1167,19.6488,-21.1700,35118.9144,2627.3220,905.4551,0.0000,0.0000,0.0000
65.1333,19.6481,-21.1800,35193.0438,2634.2702,905.6605,0.0000,0.0000,0.0000
65.1500,19.6473,-21.1900,35266.2775,2641.1387,905.8661,0.0000,0.0000,0.0000
65.1667,19.6466,-21.2000,35338.6520,2647.9314,906.0718,0.0000,0.0000,0.0000
65.1833,19.6459,-21.2100,35410.2023,2654.6512,906.2778,0.0000,0.0000,0.0000
65.2000,19.6452,-21.2200,35480.9618,2661.3009,906.4839,0.0000,0.0000,0.0000
65.2167,19.6445,-21.2300,35545.4157,2667.5010,906.6914,0.0000,0.0000,0.0000
65.2333,19.6439,-21.2400,35609.6240,2673.6383,906.8990,0.0000,0.0000,0.0000
65.2500,19.6433,-21.2500,35673.5001,2679.7162,907.1067,0.0000,0.0000,0.0000
65.2667,19.6426,-21.2600,35736.9854,2685.7373,907.3144,0.0000,0.0000,0.0000
65.2833,19.6420,-21.2700,35800.0415,2691.7038,907.5222,0.0000,0.0000,0.0000
65.3000,19.6414,-21.2800,35862.6437,2697.6174,907.7302,0.0000,0.0000,0.0000
65.3167,19.6408,-21.2900,35924.7772,2703.4796,907.9382,0.0000,0.0000,0.0000
65.3333,19.6401,-21.3000,35986.4345,2709.2918,908.1464,0.0000,0.0000,0.0000
65.3500,19.6395,-21.3100,36047.6127,2715.0552,908.3546,0.0000,0.0000,0.0000
65.3667,19.6389,-21.3200,36108.3126,2720.7709,908.5630,0.0000,0.0000,0.0000
65.3833,19.6383,-21.3300,36168.5371,2726.4398,908.7714,0.0000,0.0000,0.0000
65.4000,19.6377,-21.3400,36228.2908,2732.0630,908.9800,0.0000,0.0000,0.0000
65.4167,19.6371,-21.3500,36287.5793,2737.6413,909.1887,0.0000,0.0000,0.0000
65.4333,19.6365,-21.3600,36346.4087,2743.1755,909.3975,0.0000,0.0000,0.0000
65.4500,19.6360,-21.3700,36404.7857,2748.6663,909.6063,0.0000,0.0000,0.0000
65.4667,19.6354,-21.3800,36462.7170,2754.1145,909.8153,0.0000,0.0000,0.0000
65.4833,19.6348,-21.3900,36520.2092,2759.5207,910.0244,0.0000,0.0000,0.0000
65.5000,19.6342,-21.4000,36577.2691,2764.8857,910.2335,0.0000,0.0000,0.0000
65.5167,19.6337,-21.4100,36633.9033,2770.2100,910.4428,0.0000,0.0000,0.0000
65.5333,19.6331,-21.4200,36690.1180,2775.4942,910.6522,0.0000,0.0000,0.0000
65.5500,19.6325,-21.4300,36745.9197,2780.7389,910.8616,0.0000,0.0000,0.0000
65.5667,19.6320,-21.4400,36801.3142,2785.9447,911.0711,0.0000,0.0000,0.0000
65.5833,19.6314,-21.4500,36856.3075,2791.1120,911.2808,0.0000,0.0000,0.0000
65.6000,19.6309,-21.4600,36910.9052,2796.2414,911.4905,0.0000,0.0000,0.0000
65.6167,19.6303,-21.4700,36965.1127,2801.3333,911.7003,0.0000,0.0000,0.0000
65.6333,19.6298,-21.4800,37018.9353,2806.3883,911.9102,0.0000,0.0000,0.0000
65.6500,19.6293,-21.4900,37072.3782,2811.4068,912.1201,0.0000,0.0000,0.0000
65.6667,19.6287,-21.5000,37125.4463,2816.3892,912.3302,0.0000,0.0000,0.0000
65.6833,19.6282,-21.5100,37178.1443,2821.3360,912.5403,0.0000,0.0000,0.0000
65.7000,19.6277,-21.5200,37230.4770,2826.2477,912.7505,0.0000,0.0000,0.0000
65.7167,19.6272,-21.5300,37282.4488,2831.1245,912.9608,0.0000,0.0000,0.0000
65.7333,19.6267,-21.5400,37334.0641,2835.9669,913.1712,0.0000,0.0000,0.0000
65.7500,19.6261,-21.5500,37385.3273,2840.7753,913.3816,0.0000,0.0000,0.0000
65.7667,19.6256,-21.5600,37436.2423,2845.5501,913.5922,0.0000,0.0000,0.0000
65.7833,19.6251,-21.5700,37486.8133,2850.2917,913.8028,0.0000,0.0000,0.0000
65.8000,19.6246,-21.5800,37537.0442,2855.0003,914.0135,0.0000,0.0000,0.0000
65.8167,19.6241,-21.5900,37586.9389,2859.6765,914.2242,0.0000,0.0000,0.0000
65.8333,19.6236,-21.6000,37636.5010,2864.3204,914.4350,0.0000,0.0000,0.0000
65.8500,19.6231,-21.6100,37685.7343,2868.9326,914.6459,0.0000,0.0000,0.0000
65.8667,19.6227,-21.6200,37734.6424,2873.5132,914.8569,0.0000,0.0000,0.0000
65.8833,19.6222,-21.6300,37783.2287,2878.0626,915.0680,0.0000,0.0000,0.0000
65.9000,19.6217,-21.6400,37831.4966,2882.5812,915.2791,0.0000,0.0000,0.0000
65.9167,19.6212,-21.6500,37879.4496,2887.0692,915.4903,0.0000,0.0000,0.0000
65.9333,19.6207,-21.6600,37927.0909,2891.5270,915.7015,0.0000,0.0000,0.0000
65.9500,19.6203,-21.6700,37974.4238,2895.9549,915.9128,0.0000,0.0000,0.0000
65.9667,19.6198,-21.6800,38021.4515,2900.3532,916.1242,0.0000,0.0000,0.0000
65.9833,19.6193,-21.6900,38068.1769,2904.7221,916.3357,0.0000,0.0000,0.0000
66.0000,19.6189,-21.7000,38114.6033,2909.0620,916.5472,0.0000,0.0000,0.0000
66.0167,19.6184,-21.7000,38159.3053,2913.0199,916.5373,0.0000,0.0000,0.0000
66.0333,19.6180,-21.7000,38202.6531,2916.9541,916.5277,0.0000,0.0000,0.0000
66.0500,19.6176,-21.7000,38244.9216,2920.8632,916.5183,0.0000,0.0000,0.0000
66.0667,19.6171,-21.7000,38286.3145,2924.7461,916.5091,0.0000,0.0000,0.0000
66.0833,19.6167,-21.7000,38326.9827,2928.6020,916.5001,0.0000,0.0000,0.0000
66.1000,19.6163,-21.7000,38367.0380,2932.4303,916.4912,0.0000,0.0000,0.0000
66.1167,19.6159,-21.7000,38406.5629,2936.2304,916.4825,0.0000,0.0000,0.0000
66.1333,19.6155,-21.7000,38445.6180,2940.0017,916.4738,0.0000,0.0000,0.0000
66.1500,19.6152,-21.7000,38484.2479,2943.7439,916.4652,0.0000,0.0000,0.0000
66.1667,19.6148,-21.7000,38522.4854,2947.4566,916.4567,0.0000,0.0000,0.0000
66.1833,19.6144,-21.7000,38560.3542,2951.1396,916.4483,0.0000,0.0000,0.0000
66.2000,19.6140,-21.7000,38597.8716,2954.7926,916.4400,0.0000,0.0000,0.0000
66.2167,19.6136,-21.7000,38635.0500,2958.4154,916.4318,0.0000,0.0000,0.0000
66.2333,19.6133,-21.7000,38671.8986,2962.0078,916.4236,0.0000,0.0000,0.0000
66.2500,19.6129,-21.7000,38708.4237,2965.5698,916.4155,0.0000,0.0000,0.0000
66.2667,19.6126,-21.7000,38744.6301,2969.1012,916.4075,0.0000,0.0000,0.0000
66.2833,19.6122,-21.7000,38780.5210,2972.6021,916.3995,0.0000,0.0000,0.0000
66.3000,19.6118,-21.7000,38816.0991,2976.0723,916.3916,0.0000,0.0000,0.0000
66.3167,19.6115,-21.7000,38851.3660,2979.5119,916.3838,0.0000,0.0000,0.0000
66.3333,19.6111,-21.7000,38886.3233,2982.9209,916.3760,0.0000,0.0000,0.0000
66.3500,19.6108,-21.7000,38920.9722,2986.2994,916.3683,0.0000,0.0000,0.0000
66.3667,19.6104,-21.7000,38955.3136,2989.6474,916.3607,0.0000,0.0000,0.0000
66.3833,19.6101,-21.7000,38989.3488,2992.9650,916.3532,0.0000,0.0000,0.0000
66.4000,19.6098,-21.7000,39023.0786,2996.2523,916.3457,0.0000,0.0000,0.0000
66.4167,19.6094,-21.7000,39056.5041,2999.5094,916.3383,0.0000,0.0000,0.0000
66.4333,19.6091,-21.7000,39089.6263,3002.7365,916.3309,0.0000,0.0000,0.0000
66.4500,19.6088,-21.7000,39122.4466,3005.9336,916.3237,0.0000,0.0000,0.0000
66.4667,19.6085,-21.7000,39154.9662,3009.1011,916.3164,0.0000,0.0000,0.0000
66.4833,19.6081,-21.7000,39187.1864,3012.2389,916.3093,0.0000,0.0000,0.0000
66.5000,19.6078,-21.7000,39219.1088,3015.3474,916.3022,0.0000,0.0000,0.0000
66.5167,19.6075,-21.7000,39250.7350,3018.4266,916.2952,0.0000,0.0000,0.0000
66.5333,19.6072,-21.7000,39282.0665,3021.4768,916.2882,0.0000,0.0000,0.0000
66.5500,19.6069,-21.7000,39313.1052,3024.4983,916.2814,0.0000,0.0000,0.0000
66.5667,19.6066,-21.7000,39343.8530,3027.4911,916.2745,0.0000,0.0000,0.0000
66.5833,19.6063,-21.7000,39374.3117,3030.4555,916.2678,0.0000,0.0000,0.0000
66.6000,19.6059,-21.7000,39407.1187,3033.5846,916.2605,0.0000,0.0000,0.0000
66.6167,19.6056,-21.7000,39439.4257,3036.6837,916.2533,0.0000,0.0000,0.0000
66.6333,19.6053,-21.7000,39471.2819,3039.7511,916.2463,0.0000,0.0000,0.0000
66.6500,19.6050,-21.7000,39502.7200,3042.7857,916.2393,0.0000,0.0000,0.0000
66.6667,19.6047,-21.7000,39533.7619,3045.7865,916.2324,0.0000,0.0000,0.0000
66.6833,19.6044,-21.7000,39564.4217,3048.7530,916.2256,0.0000,0.0000,0.0000
66.7000,19.6041,-21.7000,39594.7089,3051.6848,916.2189,0.0000,0.0000,0.0000
66.7167,19.6038,-21.7000,39624.6304,3054.5817,916.2123,0.0000,0.0000,0.0000
66.7333,19.6035,-21.7000,39654.1911,3057.4439,916.2057,0.0000,0.0000,0.0000
66.7500,19.6032,-21.7000,39681.0416,3060.0969,916.1997,0.0000,0.0000,0.0000
66.7667,19.6029,-21.7000,39707.7201,3062.7178,916.1938,0.0000,0.0000,0.0000
66.7833,19.6027,-21.7000,39734.1926,3065.3078,916.1880,0.0000,0.0000,0.0000
66.8000,19.6024,-21.7000,39760.4352,3067.8676,916.1821,0.0000,0.0000,0.0000
66.8167,19.6021,-21.7000,39786.4318,3070.3978,916.1764,0.0000,0.0000,0.0000
66.8333,19.6019,-21.7000,39812.1718,3072.8991,916.1707,0.0000,0.0000,0.0000
66.8500,19.6016,-21.7000,39837.6485,3075.3721,916.1650,0.0000,0.0000,0.0000
66.8667,19.6014,-21.7000,39862.8583,3077.8172,916.1594,0.0000,0.0000,0.0000
66.8833,19.6011,-21.7000,39887.7997,3080.2349,916.1539,0.0000,0.0000,0.0000
66.9000,19.6009,-21.7000,39912.4728,3082.6258,916.1484,0.0000,0.0000,0.0000
66.9167,19.6006,-21.7000,39936.8787,3084.9903,916.1430,0.0000,0.0000,0.0000
66.9333,19.6004,-21.7000,39961.0196,3087.3289,916.1376,0.0000,0.0000,0.0000
66.9500,19.6002,-21.7000,39984.8983,3089.6421,916.1323,0.0000,0.0000,0.0000
66.9667,19.5999,-21.7000,40008.5177,3091.9302,916.1271,0.0000,0.0000,0.0000
66.9833,19.5997,-21.7000,40031.8814,3094.1938,916.1219,0.0000,0.0000,0.0000
67.0000,19.5995,-21.7000,40054.9930,3096.4331,916.1168,0.0000,0.0000,0.0000
67.0167,19.5992,-21.6817,40075.2367,3098.0009,915.7056,0.0000,0.0000,0.0000
67.0333,19.5991,-21.6633,40093.2896,3099.5538,915.2949,0.0000,0.0000,0.0000
67.0500,19.5989,-21.6450,40109.6548,3101.0897,914.8846,0.0000,0.0000,0.0000
67.0667,19.5988,-21.6267,40124.7059,3102.6069,914.4746,0.0000,0.0000,0.0000
67.0833,19.5986,-21.6083,40138.7205,3104.1041,914.0648,0.0000,0.0000,0.0000
67.1000,19.5985,-21.5900,40151.9052,3105.5806,913.6552,0.0000,0.0000,0.0000
67.1167,19.5984,-21.5717,40164.4133,3107.0356,913.2458,0.0000,0.0000,0.0000
67.1333,19.5982,-21.5533,40176.3589,3108.4688,912.8365,0.0000,0.0000,0.0000
67.1500,19.5981,-21.5350,40187.8269,3109.8797,912.4272,0.0000,0.0000,0.0000
67.1667,19.5980,-21.5167,40198.8804,3111.2683,912.0181,0.0000,0.0000,0.0000
67.1833,19.5979,-21.4983,40209.5664,3112.6341,911.6091,0.0000,0.0000,0.0000
67.2000,19.5978,-21.4800,40219.9200,3113.9773,911.2001,0.0000,0.0000,0.0000
67.2167,19.5977,-21.4617,40229.9672,3115.2977,910.7912,0.0000,0.0000,0.0000
67.2333,19.5976,-21.4433,40239.7277,3116.5952,910.3824,0.0000,0.0000,0.0000
67.2500,19.5975,-21.4250,40249.2161,3117.8700,909.9736,0.0000,0.0000,0.0000
67.2667,19.5974,-21.4067,40258.4436,3119.1219,909.5649,0.0000,0.0000,0.0000
67.2833,19.5973,-21.3883,40267.4187,3120.3511,909.1562,0.0000,0.0000,0.0000
67.3000,19.5972,-21.3700,40276.1477,3121.5576,908.7476,0.0000,0.0000,0.0000
67.3167,19.5972,-21.3517,40284.6358,3122.7415,908.3390,0.0000,0.0000,0.0000
67.3333,19.5971,-21.3333,40292.8870,3123.9029,907.9305,0.0000,0.0000,0.0000
67.3500,19.5970,-21.3150,40300.9045,3125.0418,907.5221,0.0000,0.0000,0.0000
67.3667,19.5969,-21.2967,40308.6910,3126.1584,907.1137,0.0000,0.0000,0.0000
67.3833,19.5968,-21.2783,40316.2488,3127.2527,906.7053,0.0000,0.0000,0.0000
67.4000,19.5968,-21.2600,40323.5799,3128.3250,906.2970,0.0000,0.0000,0.0000
67.4167,19.5967,-21.2417,40330.6862,3129.3753,905.8887,0.0000,0.0000,0.0000
67.4333,19.5966,-21.2233,40337.5693,3130.4037,905.4805,0.0000,0.0000,0.0000
67.4500,19.5966,-21.2050,40344.2308,3131.4104,905.0724,0.0000,0.0000,0.0000
67.4667,19.5965,-21.1867,40350.6724,3132.3956,904.6643,0.0000,0.0000,0.0000
67.4833,19.5964,-21.1683,40356.8954,3133.3593,904.2562,0.0000,0.0000,0.0000
67.5000,19.5964,-21.1500,40362.9015,3134.3017,903.8482,0.0000,0.0000,0.0000
67.5167,19.5963,-21.1317,40368.6921,3135.2230,903.4403,0.0000,0.0000,0.0000
67.5333,19.5963,-21.1133,40374.2688,3136.1233,903.0324,0.0000,0.0000,0.0000
67.5500,19.5962,-21.0950,40379.6330,3137.0028,902.6245,0.0000,0.0000,0.0000
67.5667,19.5962,-21.0767,40384.7864,3137.8616,902.2167,0.0000,0.0000,0.0000
67.5833,19.5961,-21.0583,40389.7304,3138.6999,901.8089,0.0000,0.0000,0.0000
67.6000,19.5961,-21.0400,40394.4667,3139.5179,901.4012,0.0000,0.0000,0.0000
67.6167,19.5960,-21.0217,40398.9968,3140.3157,900.9935,0.0000,0.0000,0.0000
67.6333,19.5960,-21.0033,40403.3223,3141.0935,900.5859,0.0000,0.0000,0.0000
67.6500,19.5959,-20.9850,40407.4450,3141.8514,900.1783,0.0000,0.0000,0.0000
67.6667,19.5959,-20.9667,40411.3664,3142.5897,899.7707,0.0000,0.0000,0.0000
67.6833,19.5958,-20.9483,40415.0881,3143.3085,899.3632,0.0000,0.0000,0.0000
67.7000,19.5958,-20.9300,40418.6119,3144.0079,898.9558,0.0000,0.0000,0.0000
67.7167,19.5958,-20.9117,40421.9394,3144.6882,898.5483,0.0000,0.0000,0.0000
67.7333,19.5957,-20.8933,40425.0722,3145.3495,898.1410,0.0000,0.0000,0.0000
67.7500,19.5957,-20.8750,40428.0122,3145.9919,897.7336,0.0000,0.0000,0.0000
67.7667,19.5957,-20.8567,40430.7609,3146.6158,897.3264,0.0000,0.0000,0.0000
67.7833,19.5957,-20.8383,40433.3200,3147.2211,896.9191,0.0000,0.0000,0.0000
67.8000,19.5956,-20.8200,40435.6914,3147.8081,896.5119,0.0000,0.0000,0.0000
67.8167,19.5956,-20.8017,40437.8765,3148.3770,896.1048,0.0000,0.0000,0.0000
67.8333,19.5956,-20.7833,40439.8772,3148.9279,895.6976,0.0000,0.0000,0.0000
67.8500,19.5956,-20.7650,40441.6952,3149.4610,895.2906,0.0000,0.0000,0.0000
67.8667,19.5956,-20.7467,40443.3321,3149.9765,894.8835,0.0000,0.0000,0.0000
67.8833,19.5956,-20.7283,40444.7896,3150.4746,894.4765,0.0000,0.0000,0.0000
67.9000,19.5955,-20.7100,40446.0693,3150.9553,894.0696,0.0000,0.0000,0.0000
67.9167,19.5955,-20.6917,40447.1731,3151.4189,893.6626,0.0000,0.0000,0.0000
67.9333,19.5955,-20.6733,40448.1024,3151.8655,893.2558,0.0000,0.0000,0.0000
67.9500,19.5955,-20.6550,40448.8591,3152.2953,892.8489,0.0000,0.0000,0.0000
67.9667,19.5955,-20.6367,40449.4447,3152.7085,892.4421,0.0000,0.0000,0.0000
67.9833,19.5955,-20.6183,40449.8609,3153.1052,892.0353,0.0000,0.0000,0.0000
68.0000,19.5955,-20.6000,40450.1092,3153.4856,891.6286,0.0000,0.0000,0.0000
68.0167,19.5955,-20.6000,40452.8120,3154.4981,891.6280,0.0000,0.0000,0.0000
68.0333,19.5954,-20.6000,40457.2979,3155.4864,891.6270,0.0000,0.0000,0.0000
68.0500,19.5954,-20.6000,40463.0698,3156.4533,891.6257,0.0000,0.0000,0.0000
68.0667,19.5953,-20.6000,40469.7597,3157.4009,891.6243,0.0000,0.0000,0.0000
68.0833,19.5952,-20.6000,40477.0956,3158.3310,891.6226,0.0000,0.0000,0.0000
68.1000,19.5952,-20.6000,40484.8768,3159.2451,891.6209,0.0000,0.0000,0.0000
68.1167,19.5951,-20.6000,40492.9555,3160.1444,891.6191,0.0000,0.0000,0.0000
68.1333,19.5950,-20.6000,40501.2235,3161.0299,891.6173,0.0000,0.0000,0.0000
68.1500,19.5949,-20.6000,40509.6018,3161.9026,891.6154,0.0000,0.0000,0.0000
68.1667,19.5948,-20.6000,40518.0329,3162.7632,891.6135,0.0000,0.0000,0.0000
68.1833,19.5947,-20.6000,40526.4755,3163.6126,891.6117,0.0000,0.0000,0.0000
68.2000,19.5947,-20.6000,40534.9003,3164.4512,891.6098,0.0000,0.0000,0.0000
68.2167,19.5946,-20.6000,40543.2865,3165.2798,891.6079,0.0000,0.0000,0.0000
68.2333,19.5945,-20.6000,40551.6201,3166.0988,891.6061,0.0000,0.0000,0.0000
68.2500,19.5944,-20.6000,40559.8914,3166.9087,891.6043,0.0000,0.0000,0.0000
68.2667,19.5943,-20.6000,40568.0947,3167.7100,891.6024,0.0000,0.0000,0.0000
68.2833,19.5942,-20.6000,40576.2263,3168.5031,891.6006,0.0000,0.0000,0.0000
68.3000,19.5942,-20.6000,40584.2847,3169.2883,891.5989,0.0000,0.0000,0.0000
68.3167,19.5941,-20.6000,40592.2694,3170.0661,891.5971,0.0000,0.0000,0.0000
68.3333,19.5940,-20.6000,40600.1810,3170.8367,891.5953,0.0000,0.0000,0.0000
68.3500,19.5939,-20.6000,40608.0206,3171.6005,891.5936,0.0000,0.0000,0.0000
68.3667,19.5938,-20.6000,40615.7899,3172.3576,891.5919,0.0000,0.0000,0.0000
68.3833,19.5938,-20.6000,40623.4905,3173.1085,891.5902,0.0000,0.0000,0.0000
68.4000,19.5937,-20.6000,40629.1558,3173.6832,891.5889,0.0000,0.0000,0.0000
68.4167,19.5937,-20.6000,40634.8267,3174.2542,891.5876,0.0000,0.0000,0.0000
68.4333,19.5936,-20.6000,40640.4954,3174.8217,891.5864,0.0000,0.0000,0.0000
68.4500,19.5935,-20.6000,40646.1555,3175.3856,891.5851,0.0000,0.0000,0.0000
68.4667,19.5935,-20.6000,40651.8023,3175.9461,891.5839,0.0000,0.0000,0.0000
68.4833,19.5934,-20.6000,40657.4319,3176.5033,891.5826,0.0000,0.0000,0.0000
68.5000,19.5933,-20.6000,40665.6449,3177.2702,891.5808,0.0000,0.0000,0.0000
68.5167,19.5933,-20.6000,40673.6967,3178.0325,891.5790,0.0000,0.0000,0.0000
68.5333,19.5932,-20.6000,40681.6212,3178.7914,891.5773,0.0000,0.0000,0.0000
68.5500,19.5931,-20.6000,40689.4459,3179.5480,891.5755,0.0000,0.0000,0.0000
68.5667,19.5930,-20.6000,40696.5645,3180.2549,891.5739,0.0000,0.0000,0.0000
68.5833,19.5930,-20.6000,40703.6636,3180.9604,891.5724,0.0000,0.0000,0.0000
68.6000,19.5929,-20.6000,40710.7447,3181.6646,891.5708,0.0000,0.0000,0.0000
68.6167,19.5928,-20.6000,40717.8089,3182.3674,891.5692,0.0000,0.0000,0.0000
68.6333,19.5928,-20.6000,40724.8571,3183.0689,891.5677,0.0000,0.0000,0.0000
68.6500,19.5927,-20.6000,40731.8893,3183.7688,891.5661,0.0000,0.0000,0.0000
68.6667,19.5926,-20.6000,40738.9051,3184.4670,891.5646,0.0000,0.0000,0.0000
68.6833,19.5925,-20.6000,40745.9037,3185.1631,891.5630,0.0000,0.0000,0.0000
68.7000,19.5925,-20.6000,40752.8836,3185.8569,891.5615,0.0000,0.0000,0.0000
68.7167,19.5924,-20.6000,40759.8434,3186.5483,891.5599,0.0000,0.0000,0.0000
68.7333,19.5923,-20.6000,40766.7812,3187.2369,891.5584,0.0000,0.0000,0.0000
68.7500,19.5923,-20.6000,40773.6951,3187.9225,891.5568,0.0000,0.0000,0.0000
68.7667,19.5922,-20.6000,40780.5832,3188.6049,891.5553,0.0000,0.0000,0.0000
68.7833,19.5921,-20.6000,40787.4435,3189.2840,891.5538,0.0000,0.0000,0.0000
68.8000,19.5921,-20.6000,40794.2742,3189.9595,891.5523,0.0000,0.0000,0.0000
68.8167,19.5920,-20.6000,40801.0734,3190.6313,891.5508,0.0000,0.0000,0.0000
68.8333,19.5919,-20.6000,40807.8395,3191.2993,891.5493,0.0000,0.0000,0.0000
68.8500,19.5919,-20.6000,40814.5708,3191.9633,891.5478,0.0000,0.0000,0.0000
68.8667,19.5918,-20.6000,40821.2659,3192.6232,891.5463,0.0000,0.0000,0.0000
68.8833,19.5917,-20.6000,40827.9234,3193.2790,891.5448,0.0000,0.0000,0.0000
68.9000,19.5917,-20.6000,40834.5421,3193.9305,891.5433,0.0000,0.0000,0.0000
68.9167,19.5916,-20.6000,40841.1208,3194.5776,891.5419,0.0000,0.0000,0.0000
68.9333,19.5915,-20.6000,40847.6587,3195.2204,891.5404,0.0000,0.0000,0.0000
68.9500,19.5915,-20.6000,40854.1548,3195.8587,891.5390,0.0000,0.0000,0.0000
68.9667,19.5914,-20.6000,40860.6084,3196.4925,891.5376,0.0000,0.0000,0.0000
68.9833,19.5913,-20.6000,40867.0187,3197.1217,891.5361,0.0000,0.0000,0.0000
69.0000,19.5913,-20.6000,40873.3853,3197.7464,891.5347,0.0000,0.0000,0.0000
69.0167,19.5912,-20.6000,40879.7076,3198.3665,891.5333,0.0000,0.0000,0.0000
69.0333,19.5911,-20.6000,40885.9853,3198.9821,891.5319,0.0000,0.0000,0.0000
69.0500,19.5911,-20.6000,40892.2184,3199.5932,891.5305,0.0000,0.0000,0.0000
69.0667,19.5910,-20.6000,40898.4069,3200.1998,891.5292,0.0000,0.0000,0.0000
69.0833,19.5910,-20.6000,40904.5512,3200.8021,891.5278,0.0000,0.0000,0.0000
69.1000,19.5909,-20.6000,40910.6519,3201.4002,891.5265,0.0000,0.0000,0.0000
69.1167,19.5908,-20.6000,40916.7099,3201.9943,891.5251,0.0000,0.0000,0.0000
69.1333,19.5908,-20.6000,40922.7261,3202.5845,891.5238,0.0000,0.0000,0.0000
69.1500,19.5907,-20.6000,40928.7016,3203.1710,891.5225,0.0000,0.0000,0.0000
69.1667,19.5907,-20.6000,40933.1062,3203.6210,891.5215,0.0000,0.0000,0.0000
69.1833,19.5906,-20.6000,40937.5226,3204.0688,891.5205,0.0000,0.0000,0.0000
69.2000,19.5906,-20.6000,40941.9444,3204.5145,891.5195,0.0000,0.0000,0.0000
69.2167,19.5905,-20.6000,40946.3668,3204.9581,891.5185,0.0000,0.0000,0.0000
69.2333,19.5905,-20.6000,40950.7859,3205.3997,891.5176,0.0000,0.0000,0.0000
69.2500,19.5904,-20.6000,40955.1988,3205.8395,891.5166,0.0000,0.0000,0.0000
69.2667,19.5904,-20.6000,40959.6033,3206.2775,891.5156,0.0000,0.0000,0.0000
69.2833,19.5904,-20.6000,40963.9978,3206.7138,891.5146,0.0000,0.0000,0.0000
69.3000,19.5903,-20.6000,40968.3813,3207.1485,891.5137,0.0000,0.0000,0.0000
69.3167,19.5903,-20.6000,40972.7528,3207.5817,891.5127,0.0000,0.0000,0.0000
69.3333,19.5902,-20.6000,40977.1120,3208.0135,891.5117,0.0000,0.0000,0.0000
69.3500,19.5902,-20.6000,40981.4584,3208.4438,891.5107,0.0000,0.0000,0.0000
69.3667,19.5901,-20.6000,40985.7920,3208.8728,891.5098,0.0000,0.0000,0.0000
69.3833,19.5901,-20.6000,40990.1129,3209.3005,891.5088,0.0000,0.0000,0.0000
69.4000,19.5901,-20.6000,40994.4210,3209.7270,891.5079,0.0000,0.0000,0.0000
69.4167,19.5900,-20.6000,40998.7166,3210.1523,891.5069,0.0000,0.0000,0.0000
69.4333,19.5900,-20.6000,41003.0000,3210.5765,891.5060,0.0000,0.0000,0.0000
69.4500,19.5899,-20.6000,41007.2713,3210.9995,891.5050,0.0000,0.0000,0.0000
69.4667,19.5899,-20.6000,41011.5308,3211.4215,891.5041,0.0000,0.0000,0.0000
69.4833,19.5898,-20.6000,41015.7789,3211.8425,891.5031,0.0000,0.0000,0.0000
69.5000,19.5898,-20.6000,41020.0159,3212.2625,891.5022,0.0000,0.0000,0.0000
69.5167,19.5898,-20.6000,41024.2421,3212.6816,891.5013,0.0000,0.0000,0.0000
69.5333,19.5897,-20.6000,41028.4577,3213.0997,891.5003,0.0000,0.0000,0.0000
69.5500,19.5897,-20.6000,41032.6631,3213.5169,891.4994,0.0000,0.0000,0.0000
69.5667,19.5896,-20.6000,41036.8586,3213.9332,891.4985,0.0000,0.0000,0.0000
69.5833,19.5896,-20.6000,41041.0444,3214.3487,891.4975,0.0000,0.0000,0.0000
69.6000,19.5895,-20.6000,41045.2208,3214.7633,891.4966,0.0000,0.0000,0.0000
69.6167,19.5895,-20.6000,41049.3880,3215.1772,891.4957,0.0000,0.0000,0.0000
69.6333,19.5895,-20.6000,41053.5462,3215.5902,891.4948,0.0000,0.0000,0.0000
69.6500,19.5894,-20.6000,41057.6958,3216.0024,891.4938,0.0000,0.0000,0.0000
69.6667,19.5894,-20.6000,41061.8368,3216.4139,891.4929,0.0000,0.0000,0.0000
69.6833,19.5893,-20.6000,41065.9694,3216.8246,891.4920,0.0000,0.0000,0.0000
69.7000,19.5893,-20.6000,41070.0939,3217.2345,891.4911,0.0000,0.0000,0.0000
69.7167,19.5893,-20.6000,41074.2103,3217.6438,891.4902,0.0000,0.0000,0.0000
69.7333,19.5892,-20.6000,41078.3189,3218.0522,891.4893,0.0000,0.0000,0.0000
69.7500,19.5892,-20.6000,41082.4197,3218.4600,891.4884,0.0000,0.0000,0.0000
69.7667,19.5891,-20.6000,41086.5129,3218.8670,891.4874,0.0000,0.0000,0.0000
69.7833,19.5891,-20.6000,41090.5985,3219.2734,891.4865,0.0000,0.0000,0.0000
69.8000,19.5891,-20.6000,41094.6767,3219.6790,891.4856,0.0000,0.0000,0.0000
69.8167,19.5890,-20.6000,41098.7475,3220.0839,891.4847,0.0000,0.0000,0.0000
69.8333,19.5890,-20.6000,41102.8110,3220.4881,891.4838,0.0000,0.0000,0.0000
69.8500,19.5889,-20.6000,41106.8672,3220.8916,891.4829,0.0000,0.0000,0.0000
69.8667,19.5889,-20.6000,41110.9163,3221.2944,891.4820,0.0000,0.0000,0.0000
69.8833,19.5889,-20.6000,41114.9581,3221.6965,891.4811,0.0000,0.0000,0.0000
69.9000,19.5888,-20.6000,41118.9928,3222.0979,891.4802,0.0000,0.0000,0.0000
69.9167,19.5888,-20.6000,41123.0204,3222.4986,891.4793,0.0000,0.0000,0.0000
69.9333,19.5887,-20.6000,41127.0409,3222.8986,891.4785,0.0000,0.0000,0.0000
69.9500,19.5887,-20.6000,41131.0543,3223.2979,891.4776,0.0000,0.0000,0.0000
69.9667,19.5886,-20.6000,41135.0606,3223.6964,891.4767,0.0000,0.0000,0.0000
69.9833,19.5886,-20.6000,41139.0598,3224.0943,891.4758,0.0000,0.0000,0.0000
70.0000,19.5886,-20.6000,41144.9065,3224.6438,891.4745,0.0000,0.0000,0.0000
70.0167,19.5885,-20.6267,41154.7375,3226.1384,892.0638,0.0000,0.0000,0.0000
70.0333,19.5883,-20.6533,41167.4699,3227.6247,892.6525,0.0000,0.0000,0.0000
70.0500,19.5882,-20.6800,41182.3214,3229.1071,893.2408,0.0000,0.0000,0.0000
70.0667,19.5880,-20.7067,41198.7261,3230.5890,893.8287,0.0000,0.0000,0.0000
70.0833,19.5878,-20.7333,41216.2743,3232.0722,894.4163,0.0000,0.0000,0.0000
70.1000,19.5877,-20.7600,41233.3902,3233.5253,895.0040,0.0000,0.0000,0.0000
70.1167,19.5875,-20.7867,41251.3286,3234.9805,895.5916,0.0000,0.0000,0.0000
70.1333,19.5873,-20.8133,41269.8923,3236.4386,896.1790,0.0000,0.0000,0.0000
70.1500,19.5871,-20.8400,41288.9349,3237.9005,896.7663,0.0000,0.0000,0.0000
70.1667,19.5869,-20.8667,41308.3480,3239.3668,897.3535,0.0000,0.0000,0.0000
70.1833,19.5867,-20.8933,41328.0513,3240.8379,897.9407,0.0000,0.0000,0.0000
70.2000,19.5865,-20.9200,41347.9856,3242.3142,898.5278,0.0000,0.0000,0.0000
70.2167,19.5863,-20.9467,41368.1074,3243.7962,899.1148,0.0000,0.0000,0.0000
70.2333,19.5861,-20.9733,41388.3846,3245.2840,899.7019,0.0000,0.0000,0.0000
70.2500,19.5859,-21.0000,41408.7939,3246.7781,900.2889,0.0000,0.0000,0.0000
70.2667,19.5857,-21.0267,41429.3186,3248.2786,900.8759,0.0000,0.0000,0.0000
70.2833,19.5855,-21.0533,41449.9462,3249.7858,901.4628,0.0000,0.0000,0.0000
70.3000,19.5853,-21.0800,41470.6683,3251.2998,902.0497,0.0000,0.0000,0.0000
70.3167,19.5851,-21.1067,41491.4786,3252.8208,902.6366,0.0000,0.0000,0.0000
70.3333,19.5849,-21.1333,41512.3728,3254.3489,903.2235,0.0000,0.0000,0.0000
70.3500,19.5847,-21.1600,41533.3481,3255.8842,903.8104,0.0000,0.0000,0.0000
70.3667,19.5845,-21.1867,41554.4024,3257.4269,904.3973,0.0000,0.0000,0.0000
70.3833,19.5842,-21.2133,41575.5344,3258.9770,904.9841,0.0000,0.0000,0.0000
70.4000,19.5840,-21.2400,41596.7434,3260.5345,905.5709,0.0000,0.0000,0.0000
70.4167,19.5838,-21.2667,41618.0287,3262.0995,906.1577,0.0000,0.0000,0.0000
70.4333,19.5836,-21.2933,41639.3901,3263.6721,906.7445,0.0000,0.0000,0.0000
70.4500,19.5834,-21.3200,41660.8274,3265.2522,907.3313,0.0000,0.0000,0.0000
70.4667,19.5832,-21.3467,41682.3403,3266.8398,907.9181,0.0000,0.0000,0.0000
70.4833,19.5830,-21.3733,41703.9287,3268.4349,908.5048,0.0000,0.0000,0.0000
70.5000,19.5827,-21.4000,41725.5924,3270.0375,909.0915,0.0000,0.0000,0.0000
70.5167,19.5825,-21.4267,41747.3312,3271.6476,909.6782,0.0000,0.0000,0.0000
70.5333,19.5823,-21.4533,41769.1448,3273.2651,910.2649,0.0000,0.0000,0.0000
70.5500,19.5821,-21.4800,41791.0328,3274.8899,910.8516,0.0000,0.0000,0.0000
70.5667,19.5819,-21.5067,41812.9949,3276.5220,911.4382,0.0000,0.0000,0.0000
70.5833,19.5816,-21.5333,41835.0303,3278.1614,912.0249,0.0000,0.0000,0.0000
70.6000,19.5814,-21.5600,41857.1387,3279.8078,912.6115,0.0000,0.0000,0.0000
70.6167,19.5812,-21.5867,41879.3193,3281.4613,913.1981,0.0000,0.0000,0.0000
70.6333,19.5810,-21.6133,41901.5715,3283.1217,913.7847,0.0000,0.0000,0.0000
70.6500,19.5808,-21.6400,41923.8943,3284.7890,914.3713,0.0000,0.0000,0.0000
70.6667,19.5805,-21.6667,41947.9747,3286.5113,914.9575,0.0000,0.0000,0.0000
70.6833,19.5803,-21.6933,41971.8262,3288.2472,915.5437,0.0000,0.0000,0.0000
70.7000,19.5800,-21.7200,41995.5518,3289.9990,916.1300,0.0000,0.0000,0.0000
70.7167,19.5798,-21.7467,42019.2328,3291.7689,916.7163,0.0000,0.0000,0.0000
70.7333,19.5796,-21.7733,42042.9326,3293.5582,917.3025,0.0000,0.0000,0.0000
70.7500,19.5793,-21.8000,42066.6997,3295.3677,917.8888,0.0000,0.0000,0.0000
70.7667,19.5791,-21.8267,42090.5695,3297.1972,918.4750,0.0000,0.0000,0.0000
70.7833,19.5789,-21.8533,42114.5669,3299.0464,919.0612,0.0000,0.0000,0.0000
70.8000,19.5786,-21.8800,42138.7074,3300.9142,919.6474,0.0000,0.0000,0.0000
70.8167,19.5784,-21.9067,42162.9997,3302.7996,920.2335,0.0000,0.0000,0.0000
70.8333,19.5781,-21.9333,42187.4467,3304.7013,920.8196,0.0000,0.0000,0.0000
70.8500,19.5779,-21.9600,42212.0474,3306.6181,921.4057,0.0000,0.0000,0.0000
70.8667,19.5776,-21.9867,42236.7974,3308.5486,921.9917,0.0000,0.0000,0.0000
70.8833,19.5774,-22.0133,42261.6904,3310.4917,922.5777,0.0000,0.0000,0.0000
70.9000,19.5771,-22.0400,42286.7185,3312.4461,923.1637,0.0000,0.0000,0.0000
70.9167,19.5769,-22.0667,42310.0808,3314.3495,923.7501,0.0000,0.0000,0.0000
70.9333,19.5767,-22.0933,42333.8387,3316.2589,924.3363,0.0000,0.0000,0.0000
70.9500,19.5764,-22.1200,42357.9089,3318.1743,924.9225,0.0000,0.0000,0.0000
70.9667,19.5762,-22.1467,42382.2278,3320.0954,925.5087,0.0000,0.0000,0.0000
70.9833,19.5759,-22.1733,42406.7467,3322.0218,926.0947,0.0000,0.0000,0.0000
71.0000,19.5757,-22.2000,42431.4277,3323.9531,926.6808,0.0000,0.0000,0.0000
71.0167,19.5754,-22.2183,42455.0490,3325.5934,927.0822,0.0000,0.0000,0.0000
71.0333,19.5752,-22.2367,42477.8925,3327.2412,927.4838,0.0000,0.0000,0.0000
71.0500,19.5750,-22.2550,42500.1669,3328.8948,927.8856,0.0000,0.0000,0.0000
71.0667,19.5748,-22.2733,42522.0260,3330.5534,928.2874,0.0000,0.0000,0.0000
71.0833,19.5746,-22.2917,42543.5834,3332.2162,928.6893,0.0000,0.0000,0.0000
71.1000,19.5744,-22.3100,42564.9231,3333.8824,929.0912,0.0000,0.0000,0.0000
71.1167,19.5741,-22.3283,42586.1070,3335.5518,929.4932,0.0000,0.0000,0.0000
71.1333,19.5739,-22.3467,42607.1806,3337.2239,929.8952,0.0000,0.0000,0.0000
71.1500,19.5737,-22.3650,42628.1776,3338.8984,930.2972,0.0000,0.0000,0.0000
71.1667,19.5735,-22.3833,42649.1228,3340.5753,930.6993,0.0000,0.0000,0.0000
71.1833,19.5733,-22.4017,42670.0342,3342.2543,931.1013,0.0000,0.0000,0.0000
71.2000,19.5731,-22.4200,42690.9254,3343.9353,931.5033,0.0000,0.0000,0.0000
71.2167,19.5729,-22.4383,42711.8059,3345.6181,931.9054,0.0000,0.0000,0.0000
71.2333,19.5727,-22.4567,42732.6830,3347.3028,932.3074,0.0000,0.0000,0.0000
71.2500,19.5725,-22.4750,42753.5618,3348.9891,932.7095,0.0000,0.0000,0.0000
71.2667,19.5723,-22.4933,42774.4459,3350.6772,933.1115,0.0000,0.0000,0.0000
71.2833,19.5720,-22.5117,42795.3380,3352.3668,933.5136,0.0000,0.0000,0.0000
71.3000,19.5718,-22.5300,42816.2398,3354.0579,933.9156,0.0000,0.0000,0.0000
71.3167,19.5716,-22.5483,42837.1527,3355.7506,934.3176,0.0000,0.0000,0.0000
71.3333,19.5714,-22.5667,42858.0774,3357.4446,934.7197,0.0000,0.0000,0.0000
71.3500,19.5712,-22.5850,42879.0144,3359.1400,935.1217,0.0000,0.0000,0.0000
71.3667,19.5710,-22.6033,42899.9639,3360.8368,935.5237,0.0000,0.0000,0.0000
71.3833,19.5708,-22.6217,42920.9259,3362.5348,935.9257,0.0000,0.0000,0.0000
71.4000,19.5706,-22.6400,42941.9005,3364.2340,936.3278,0.0000,0.0000,0.0000
71.4167,19.5704,-22.6583,42962.8873,3365.9344,936.7298,0.0000,0.0000,0.0000
71.4333,19.5702,-22.6767,42983.8862,3367.6360,937.1318,0.0000,0.0000,0.0000
71.4500,19.5700,-22.6950,43004.8967,3369.3386,937.5338,0.0000,0.0000,0.0000
71.4667,19.5697,-22.7133,43025.9187,3371.0422,937.9358,0.0000,0.0000,0.0000
71.4833,19.5695,-22.7317,43046.9517,3372.7469,938.3378,0.0000,0.0000,0.0000
71.5000,19.5693,-22.7500,43067.9952,3374.4524,938.7399,0.0000,0.0000,0.0000
71.5167,19.5691,-22.7683,43089.0489,3376.1589,939.1419,0.0000,0.0000,0.0000
71.5333,19.5689,-22.7867,43110.1123,3377.8662,939.5439,0.0000,0.0000,0.0000
71.5500,19.5687,-22.8050,43131.1850,3379.5743,939.9459,0.0000,0.0000,0.0000
71.5667,19.5685,-22.8233,43152.2665,3381.2831,940.3479,0.0000,0.0000,0.0000
71.5833,19.5683,-22.8417,43173.3562,3382.9926,940.7499,0.0000,0.0000,0.0000
71.6000,19.5681,-22.8600,43194.4538,3384.7027,941.1519,0.0000,0.0000,0.0000
71.6167,19.5678,-22.8783,43215.5588,3386.4135,941.5538,0.0000,0.0000,0.0000
71.6333,19.5676,-22.8967,43236.6706,3388.1248,941.9558,0.0000,0.0000,0.0000
71.6500,19.5674,-22.9150,43257.7888,3389.8365,942.3578,0.0000,0.0000,0.0000
71.6667,19.5672,-22.9333,43278.9128,3391.5487,942.7598,0.0000,0.0000,0.0000
71.6833,19.5670,-22.9517,43300.0421,3393.2612,943.1618,0.0000,0.0000,0.0000
71.7000,19.5668,-22.9700,43321.1762,3394.9741,943.5638,0.0000,0.0000,0.0000
71.7167,19.5666,-22.9883,43342.3145,3396.6873,943.9658,0.0000,0.0000,0.0000
71.7333,19.5664,-23.0067,43363.4566,3398.4006,944.3678,0.0000,0.0000,0.0000
71.7500,19.5662,-23.0250,43384.6018,3400.1141,944.7698,0.0000,0.0000,0.0000
71.7667,19.5659,-23.0433,43405.7496,3401.8277,945.1717,0.0000,0.0000,0.0000
71.7833,19.5657,-23.0617,43426.8994,3403.5413,945.5737,0.0000,0.0000,0.0000
71.8000,19.5655,-23.0800,43448.0506,3405.2548,945.9757,0.0000,0.0000,0.0000
71.8167,19.5653,-23.0983,43469.2027,3406.9683,946.3777,0.0000,0.0000,0.0000
71.8333,19.5651,-23.1167,43490.3550,3408.6816,946.7797,0.0000,0.0000,0.0000
71.8500,19.5649,-23.1350,43511.5068,3410.3947,947.1817,0.0000,0.0000,0.0000
71.8667,19.5647,-23.1533,43532.6576,3412.1074,947.5836,0.0000,0.0000,0.0000
71.8833,19.5645,-23.1717,43553.8067,3413.8198,947.9856,0.0000,0.0000,0.0000
71.9000,19.5643,-23.1900,43574.9533,3415.5317,948.3876,0.0000,0.0000,0.0000
71.9167,19.5640,-23.2083,43596.0968,3417.2431,948.7896,0.0000,0.0000,0.0000
71.9333,19.5638,-23.2267,43617.2365,3418.9539,949.1916,0.0000,0.0000,0.0000
71.9500,19.5636,-23.2450,43638.3715,3420.6640,949.5936,0.0000,0.0000,0.0000
71.9667,19.5634,-23.2633,43659.5011,3422.3733,949.9956,0.0000,0.0000,0.0000
71.9833,19.5632,-23.2817,43680.6244,3424.0817,950.3975,0.0000,0.0000,0.0000
72.0000,19.5630,-23.3000,43701.7406,3425.7891,950.7995,0.0000,0.0000,0.0000
72.0167,19.5628,-23.3183,43722.8487,3427.4955,951.2015,0.0000,0.0000,0.0000
72.0333,19.5626,-23.3367,43743.9476,3429.2005,951.6035,0.0000,0.0000,0.0000
72.0500,19.5623,-23.3550,43765.0360,3430.9041,952.0055,0.0000,0.0000,0.0000
72.0667,19.5621,-23.3733,43786.1121,3432.6060,952.4075,0.0000,0.0000,0.0000
72.0833,19.5619,-23.3917,43807.1740,3434.3058,952.8095,0.0000,0.0000,0.0000
72.1000,19.5617,-23.4100,43828.2192,3436.0032,953.2115,0.0000,0.0000,0.0000
72.1167,19.5615,-23.4283,43849.2452,3437.6978,953.6135,0.0000,0.0000,0.0000
72.1333,19.5613,-23.4467,43870.2487,3439.3893,954.0156,0.0000,0.0000,0.0000
72.1500,19.5611,-23.4650,43891.2264,3441.0771,954.4176,0.0000,0.0000,0.0000
72.1667,19.5609,-23.4833,43914.3336,3442.8457,954.8191,0.0000,0.0000,0.0000
72.1833,19.5606,-23.5017,43936.5368,3444.5917,955.2209,0.0000,0.0000,0.0000
72.2000,19.5604,-23.5200,43958.5284,3446.3304,955.6227,0.0000,0.0000,0.0000
72.2167,19.5602,-23.5383,43980.3396,3448.0596,956.0245,0.0000,0.0000,0.0000
72.2333,19.5600,-23.5567,44001.9879,3449.7773,956.4264,0.0000,0.0000,0.0000
72.2500,19.5598,-23.5750,44023.4810,3451.4815,956.8283,0.0000,0.0000,0.0000
72.2667,19.5596,-23.5933,44044.8196,3453.1703,957.2302,0.0000,0.0000,0.0000
72.2833,19.5593,-23.6117,44065.9986,3454.8417,957.6322,0.0000,0.0000,0.0000
72.3000,19.5591,-23.6300,44087.0077,3456.4931,958.0342,0.0000,0.0000,0.0000
72.3167,19.5589,-23.6483,44107.8276,3458.1201,958.4363,0.0000,0.0000,0.0000
72.3333,19.5587,-23.6667,44128.4037,3459.7060,958.8384,0.0000,0.0000,0.0000
72.3500,19.5585,-23.6850,44148.7185,3461.2653,959.2406,0.0000,0.0000,0.0000
72.3667,19.5583,-23.7033,44168.8612,3462.8295,959.6428,0.0000,0.0000,0.0000
72.3833,19.5581,-23.7217,44188.8762,3464.3933,960.0450,0.0000,0.0000,0.0000
72.4000,19.5579,-23.7400,44208.7916,3465.9550,960.4473,0.0000,0.0000,0.0000
72.4167,19.5577,-23.7583,44228.6261,3467.5137,960.8496,0.0000,0.0000,0.0000
72.4333,19.5575,-23.7767,44248.3919,3469.0689,961.2518,0.0000,0.0000,0.0000
72.4500,19.5573,-23.7950,44268.0972,3470.6204,961.6541,0.0000,0.0000,0.0000
72.4667,19.5571,-23.8133,44286.3307,3472.1139,962.0568,0.0000,0.0000,0.0000
72.4833,19.5570,-23.8317,44304.7326,3473.6023,962.4594,0.0000,0.0000,0.0000
72.5000,19.5568,-23.8500,44323.2502,3475.0863,962.8619,0.0000,0.0000,0.0000
72.5167,19.5566,-23.8683,44341.8446,3476.5663,963.2645,0.0000,0.0000,0.0000
72.5333,19.5564,-23.8867,44360.4874,3478.0426,963.6670,0.0000,0.0000,0.0000
72.5500,19.5562,-23.9050,44379.1579,3479.5154,964.0696,0.0000,0.0000,0.0000
72.5667,19.5560,-23.9233,44397.8410,3480.9849,964.4721,0.0000,0.0000,0.0000
72.5833,19.5558,-23.9417,44416.5259,3482.4513,964.8746,0.0000,0.0000,0.0000
72.6000,19.5556,-23.9600,44435.2048,3483.9148,965.2772,0.0000,0.0000,0.0000
72.6167,19.5555,-23.9783,44453.8724,3485.3755,965.6797,0.0000,0.0000,0.0000
72.6333,19.5553,-23.9967,44472.5253,3486.8337,966.0822,0.0000,0.0000,0.0000
72.6500,19.5551,-24.0150,44491.1611,3488.2895,966.4848,0.0000,0.0000,0.0000
72.6667,19.5549,-24.0333,44509.7786,3489.7431,966.8873,0.0000,0.0000,0.0000
72.6833,19.5547,-24.0517,44528.3772,3491.1947,967.2899,0.0000,0.0000,0.0000
72.7000,19.5545,-24.0700,44546.9569,3492.6443,967.6924,0.0000,0.0000,0.0000
72.7167,19.5543,-24.0883,44565.5180,3494.0922,968.0950,0.0000,0.0000,0.0000
72.7333,19.5542,-24.1067,44584.0612,3495.5385,968.4975,0.0000,0.0000,0.0000
72.7500,19.5540,-24.1250,44602.5873,3496.9833,968.9001,0.0000,0.0000,0.0000
72.7667,19.5538,-24.1433,44621.0972,3498.4268,969.3027,0.0000,0.0000,0.0000
72.7833,19.5536,-24.1617,44639.5921,3499.8691,969.7053,0.0000,0.0000,0.0000
72.8000,19.5534,-24.1800,44658.0729,3501.3104,970.1078,0.0000,0.0000,0.0000
72.8167,19.5532,-24.1983,44676.5409,3502.7507,970.5104,0.0000,0.0000,0.0000
72.8333,19.5530,-24.2167,44696.4205,3504.2411,970.9127,0.0000,0.0000,0.0000
72.8500,19.5528,-24.2350,44716.0520,3505.7333,971.3150,0.0000,0.0000,0.0000
72.8667,19.5526,-24.2533,44735.5068,3507.2277,971.7174,0.0000,0.0000,0.0000
72.8833,19.5525,-24.2717,44754.8388,3508.7246,972.1197,0.0000,0.0000,0.0000
72.9000,19.5523,-24.2900,44774.0890,3510.2247,972.5221,0.0000,0.0000,0.0000
72.9167,19.5521,-24.3083,44793.2882,3511.7282,972.9246,0.0000,0.0000,0.0000
72.9333,19.5519,-24.3267,44812.4593,3513.2352,973.3270,0.0000,0.0000,0.0000
72.9500,19.5517,-24.3450,44831.6189,3514.7456,973.7294,0.0000,0.0000,0.0000
72.9667,19.5515,-24.3633,44850.7787,3516.2592,974.1318,0.0000,0.0000,0.0000
72.9833,19.5513,-24.3817,44869.9462,3517.7758,974.5343,0.0000,0.0000,0.0000
73.0000,19.5511,-24.4000,44889.1263,3519.2949,974.9367,0.0000,0.0000,0.0000
73.0167,19.5510,-24.3817,44902.7098,3519.5167,974.5270,0.0000,0.0000,0.0000
73.0333,19.5509,-24.3633,44912.2279,3519.7541,974.1182,0.0000,0.0000,0.0000
73.0500,19.5508,-24.3450,44918.7904,3520.0018,973.7101,0.0000,0.0000,0.0000
73.0667,19.5508,-24.3267,44922.7661,3520.1997,973.3025,0.0000,0.0000,0.0000
73.0833,19.5507,-24.3083,44925.2380,3520.3992,972.8953,0.0000,0.0000,0.0000
73.1000,19.5507,-24.2900,44926.5788,3520.5982,972.4883,0.0000,0.0000,0.0000
73.1167,19.5507,-24.2717,44927.0632,3520.7942,972.0815,0.0000,0.0000,0.0000
73.1333,19.5507,-24.2533,44926.8921,3520.9854,971.6749,0.0000,0.0000,0.0000
73.1500,19.5507,-24.2350,44926.2119,3521.1697,971.2684,0.0000,0.0000,0.0000
73.1667,19.5507,-24.2167,44925.1284,3521.3456,970.8619,0.0000,0.0000,0.0000
73.1833,19.5508,-24.1983,44923.7173,3521.5115,970.4556,0.0000,0.0000,0.0000
73.2000,19.5508,-24.1800,44922.0317,3521.6660,970.0493,0.0000,0.0000,0.0000
73.2167,19.5508,-24.1617,44920.1089,3521.8078,969.6430,0.0000,0.0000,0.0000
73.2333,19.5508,-24.1433,44917.9738,3521.9359,969.2368,0.0000,0.0000,0.0000
73.2500,19.5508,-24.1250,44915.6427,3522.0493,968.8307,0.0000,0.0000,0.0000
73.2667,19.5509,-24.1067,44913.1257,3522.1471,968.4245,0.0000,0.0000,0.0000
73.2833,19.5509,-24.0883,44910.4284,3522.2285,968.0185,0.0000,0.0000,0.0000
73.3000,19.5509,-24.0700,44907.5532,3522.2927,967.6124,0.0000,0.0000,0.0000
73.3167,19.5510,-24.0517,44904.5003,3522.3392,967.2064,0.0000,0.0000,0.0000
73.3333,19.5510,-24.0333,44901.2687,3522.3675,966.8005,0.0000,0.0000,0.0000
73.3500,19.5510,-24.0150,44897.8563,3522.3770,966.3946,0.0000,0.0000,0.0000
73.3667,19.5511,-23.9967,44894.2605,3522.3673,965.9887,0.0000,0.0000,0.0000
73.3833,19.5511,-23.9783,44890.4785,3522.3381,965.5828,0.0000,0.0000,0.0000
73.4000,19.5511,-23.9600,44886.5074,3522.2891,965.1770,0.0000,0.0000,0.0000
73.4167,19.5512,-23.9417,44882.3445,3522.2200,964.7713,0.0000,0.0000,0.0000
73.4333,19.5512,-23.9233,44877.9873,3522.1307,964.3656,0.0000,0.0000,0.0000
73.4500,19.5513,-23.9050,44873.4335,3522.0209,963.9599,0.0000,0.0000,0.0000
73.4667,19.5513,-23.8867,44868.6809,3521.8906,963.5543,0.0000,0.0000,0.0000
73.4833,19.5514,-23.8683,44863.7280,3521.7398,963.1487,0.0000,0.0000,0.0000
73.5000,19.5514,-23.8500,44858.5734,3521.5683,962.7432,0.0000,0.0000,0.0000
73.5167,19.5515,-23.8317,44853.2159,3521.3761,962.3377,0.0000,0.0000,0.0000
73.5333,19.5515,-23.8133,44847.6549,3521.1634,961.9323,0.0000,0.0000,0.0000
73.5500,19.5516,-23.7950,44841.8899,3520.9300,961.5269,0.0000,0.0000,0.0000
73.5667,19.5516,-23.7767,44835.9207,3520.6762,961.1215,0.0000,0.0000,0.0000
73.5833,19.5517,-23.7583,44829.7475,3520.4019,960.7162,0.0000,0.0000,0.0000
73.6000,19.5518,-23.7400,44823.3707,3520.1073,960.3109,0.0000,0.0000,0.0000
73.6167,19.5518,-23.7217,44816.7908,3519.7926,959.9057,0.0000,0.0000,0.0000
73.6333,19.5519,-23.7033,44810.0087,3519.4579,959.5006,0.0000,0.0000,0.0000
73.6500,19.5520,-23.6850,44803.0254,3519.1033,959.0954,0.0000,0.0000,0.0000
73.6667,19.5520,-23.6667,44795.8423,3518.7291,958.6904,0.0000,0.0000,0.0000
73.6833,19.5521,-23.6483,44788.4606,3518.3354,958.2853,0.0000,0.0000,0.0000
73.7000,19.5522,-23.6300,44780.8819,3517.9224,957.8803,0.0000,0.0000,0.0000
73.7167,19.5523,-23.6117,44773.1081,3517.4904,957.4754,0.0000,0.0000,0.0000
73.7333,19.5523,-23.5933,44765.1408,3517.0396,957.0705,0.0000,0.0000,0.0000
73.7500,19.5524,-23.5750,44756.9820,3516.5702,956.6656,0.0000,0.0000,0.0000
73.7667,19.5525,-23.5567,44748.6339,3516.0825,956.2608,0.0000,0.0000,0.0000
73.7833,19.5526,-23.5383,44740.0985,3515.5766,955.8560,0.0000,0.0000,0.0000
73.8000,19.5527,-23.5200,44731.3781,3515.0529,955.4512,0.0000,0.0000,0.0000
73.8167,19.5528,-23.5017,44722.4750,3514.5115,955.0465,0.0000,0.0000,0.0000
73.8333,19.5529,-23.4833,44713.3916,3513.9528,954.6419,0.0000,0.0000,0.0000
73.8500,19.5530,-23.4650,44704.1302,3513.3770,954.2373,0.0000,0.0000,0.0000
73.8667,19.5531,-23.4467,44694.6934,3512.7844,953.8327,0.0000,0.0000,0.0000
73.8833,19.5531,-23.4283,44685.0836,3512.1752,953.4281,0.0000,0.0000,0.0000
73.9000,19.5532,-23.4100,44675.3034,3511.5498,953.0236,0.0000,0.0000,0.0000
73.9167,19.5533,-23.3917,44665.3554,3510.9082,952.6192,0.0000,0.0000,0.0000
73.9333,19.5534,-23.3733,44655.2421,3510.2509,952.2147,0.0000,0.0000,0.0000
73.9500,19.5536,-23.3550,44644.9661,3509.5781,951.8103,0.0000,0.0000,0.0000
73.9667,19.5537,-23.3367,44634.5300,3508.8900,951.4060,0.0000,0.0000,0.0000
73.9833,19.5538,-23.3183,44623.9364,3508.1870,951.0017,0.0000,0.0000,0.0000
74.0000,19.5539,-23.3000,44612.4377,3507.4674,950.5975,0.0000,0.0000,0.0000
74.0167,19.5540,-23.3000,44603.7751,3507.3825,950.5994,0.0000,0.0000,0.0000
74.0333,19.5540,-23.3000,44597.5888,3507.2846,950.6008,0.0000,0.0000,0.0000
74.0500,19.5541,-23.3000,44592.6740,3507.1764,950.6019,0.0000,0.0000,0.0000
74.0667,19.5541,-23.3000,44588.6984,3507.0618,950.6028,0.0000,0.0000,0.0000
74.0833,19.5541,-23.3000,44585.4207,3506.9444,950.6035,0.0000,0.0000,0.0000
74.1000,19.5542,-23.3000,44582.6669,3506.8268,950.6041,0.0000,0.0000,0.0000
74.1167,19.5542,-23.3000,44580.3119,3506.7115,950.6047,0.0000,0.0000,0.0000
74.1333,19.5542,-23.3000,44578.2660,3506.6000,950.6051,0.0000,0.0000,0.0000
74.1500,19.5542,-23.3000,44576.4655,3506.4940,950.6055,0.0000,0.0000,0.0000
74.1667,19.5543,-23.3000,44574.8654,3506.3944,950.6059,0.0000,0.0000,0.0000
74.1833,19.5543,-23.3000,44573.4338,3506.3021,950.6062,0.0000,0.0000,0.0000
74.2000,19.5543,-23.3000,44572.1488,3506.2178,950.6065,0.0000,0.0000,0.0000
74.2167,19.5543,-23.3000,44570.9950,3506.1421,950.6067,0.0000,0.0000,0.0000
74.2333,19.5543,-23.3000,44569.9623,3506.0754,950.6069,0.0000,0.0000,0.0000
74.2500,19.5543,-23.3000,44569.0437,3506.0181,950.6072,0.0000,0.0000,0.0000
74.2667,19.5543,-23.3000,44568.2349,3505.9705,950.6073,0.0000,0.0000,0.0000
74.2833,19.5543,-23.3000,44567.5333,3505.9329,950.6075,0.0000,0.0000,0.0000
74.3000,19.5543,-23.3000,44566.9372,3505.9054,950.6076,0.0000,0.0000,0.0000
74.3167,19.5543,-23.3000,44566.4461,3505.8881,950.6077,0.0000,0.0000,0.0000
74.3333,19.5543,-23.3000,44566.0595,3505.8813,950.6078,0.0000,0.0000,0.0000
74.3500,19.5543,-23.3000,44565.7775,3505.8849,950.6079,0.0000,0.0000,0.0000
74.3667,19.5543,-23.3000,44565.6003,3505.8991,950.6079,0.0000,0.0000,0.0000
74.3833,19.5543,-23.3000,44565.5282,3505.9240,950.6079,0.0000,0.0000,0.0000
74.4000,19.5543,-23.3000,44565.5612,3505.9594,950.6079,0.0000,0.0000,0.0000
74.4167,19.5543,-23.3000,44565.6995,3506.0053,950.6079,0.0000,0.0000,0.0000
74.4333,19.5543,-23.3000,44565.9431,3506.0619,950.6078,0.0000,0.0000,0.0000
74.4500,19.5543,-23.3000,44566.2919,3506.1289,950.6078,0.0000,0.0000,0.0000
74.4667,19.5543,-23.3000,44566.7457,3506.2064,950.6077,0.0000,0.0000,0.0000
74.4833,19.5543,-23.3000,44567.3039,3506.2943,950.6075,0.0000,0.0000,0.0000
74.5000,19.5543,-23.3000,44567.9662,3506.3924,950.6074,0.0000,0.0000,0.0000
74.5167,19.5543,-23.3000,44568.7318,3506.5006,950.6072,0.0000,0.0000,0.0000
74.5333,19.5543,-23.3000,44569.5998,3506.6189,950.6070,0.0000,0.0000,0.0000
74.5500,19.5543,-23.3000,44570.5695,3506.7470,950.6068,0.0000,0.0000,0.0000
74.5667,19.5543,-23.3000,44571.6396,3506.8849,950.6066,0.0000,0.0000,0.0000
74.5833,19.5543,-23.3000,44572.8090,3507.0324,950.6063,0.0000,0.0000,0.0000
74.6000,19.5543,-23.3000,44574.0765,3507.1893,950.6060,0.0000,0.0000,0.0000
74.6167,19.5542,-23.3000,44575.4407,3507.3555,950.6057,0.0000,0.0000,0.0000
74.6333,19.5542,-23.3000,44576.9000,3507.5308,950.6054,0.0000,0.0000,0.0000
74.6500,19.5542,-23.3000,44578.4530,3507.7150,950.6051,0.0000,0.0000,0.0000
74.6667,19.5542,-23.3000,44580.0981,3507.9080,950.6047,0.0000,0.0000,0.0000
74.6833,19.5542,-23.3000,44581.8335,3508.1095,950.6043,0.0000,0.0000,0.0000
74.7000,19.5542,-23.3000,44583.6576,3508.3193,950.6039,0.0000,0.0000,0.0000
74.7167,19.5541,-23.3000,44585.5686,3508.5373,950.6035,0.0000,0.0000,0.0000
74.7333,19.5541,-23.3000,44587.5645,3508.7633,950.6030,0.0000,0.0000,0.0000
74.7500,19.5541,-23.3000,44589.6437,3508.9970,950.6026,0.0000,0.0000,0.0000
74.7667,19.5541,-23.3000,44591.8041,3509.2383,950.6021,0.0000,0.0000,0.0000
74.7833,19.5541,-23.3000,44594.0440,3509.4870,950.6016,0.0000,0.0000,0.0000
74.8000,19.5540,-23.3000,44595.7559,3509.6851,950.6012,0.0000,0.0000,0.0000
74.8167,19.5540,-23.3000,44597.5264,3509.8870,950.6008,0.0000,0.0000,0.0000
74.8333,19.5540,-23.3000,44599.3517,3510.0929,950.6004,0.0000,0.0000,0.0000
74.8500,19.5540,-23.3000,44601.2288,3510.3026,950.6000,0.0000,0.0000,0.0000
74.8667,19.5540,-23.3000,44603.1551,3510.5162,950.5996,0.0000,0.0000,0.0000
74.8833,19.5539,-23.3000,44605.1284,3510.7337,950.5991,0.0000,0.0000,0.0000
74.9000,19.5539,-23.3000,44607.1471,3510.9549,950.5987,0.0000,0.0000,0.0000
74.9167,19.5539,-23.3000,44609.2095,3511.1799,950.5982,0.0000,0.0000,0.0000
74.9333,19.5539,-23.3000,44611.3144,3511.4085,950.5978,0.0000,0.0000,0.0000
74.9500,19.5539,-23.3000,44613.4605,3511.6408,950.5973,0.0000,0.0000,0.0000
74.9667,19.5538,-23.3000,44615.6469,3511.8767,950.5968,0.0000,0.0000,0.0000
74.9833,19.5538,-23.3000,44617.8727,3512.1162,950.5963,0.0000,0.0000,0.0000
75.0000,19.5538,-23.3000,44620.1371,3512.3592,950.5958,0.0000,0.0000,0.0000
75.0167,19.5538,-23.3000,44623.5153,3512.6973,950.5951,0.0000,0.0000,0.0000
75.0333,19.5537,-23.3000,44626.9043,3513.0400,950.5943,0.0000,0.0000,0.0000
75.0500,19.5537,-23.3000,44630.0277,3513.3626,950.5936,0.0000,0.0000,0.0000
75.0667,19.5537,-23.3000,44633.1692,3513.6828,950.5929,0.0000,0.0000,0.0000
75.0833,19.5536,-23.3000,44636.3131,3513.9985,950.5922,0.0000,0.0000,0.0000
75.1000,19.5536,-23.3000,44639.4433,3514.3079,950.5915,0.0000,0.0000,0.0000
75.1167,19.5536,-23.3000,44642.5444,3514.6097,950.5908,0.0000,0.0000,0.0000
75.1333,19.5535,-23.3000,44645.6030,3514.9032,950.5902,0.0000,0.0000,0.0000
75.1500,19.5535,-23.3000,44648.6080,3515.1879,950.5895,0.0000,0.0000,0.0000
75.1667,19.5535,-23.3000,44651.5506,3515.4637,950.5888,0.0000,0.0000,0.0000
75.1833,19.5535,-23.3000,44654.4246,3515.7308,950.5882,0.0000,0.0000,0.0000
75.2000,19.5534,-23.3000,44657.2260,3515.9893,950.5876,0.0000,0.0000,0.0000
75.2167,19.5534,-23.3000,44659.9525,3516.2398,950.5870,0.0000,0.0000,0.0000
75.2333,19.5534,-23.3000,44662.6036,3516.4824,950.5864,0.0000,0.0000,0.0000
75.2500,19.5533,-23.3000,44665.1799,3516.7178,950.5858,0.0000,0.0000,0.0000
75.2667,19.5533,-23.3000,44667.6829,3516.9463,950.5853,0.0000,0.0000,0.0000
75.2833,19.5533,-23.3000,44670.1150,3517.1685,950.5847,0.0000,0.0000,0.0000
75.3000,19.5533,-23.3000,44672.4791,3517.3846,950.5842,0.0000,0.0000,0.0000
75.3167,19.5533,-23.3000,44674.7782,3517.5953,950.5837,0.0000,0.0000,0.0000
75.3333,19.5532,-23.3000,44677.0158,3517.8008,950.5832,0.0000,0.0000,0.0000
75.3500,19.5532,-23.3000,44679.1955,3518.0016,950.5827,0.0000,0.0000,0.0000
75.3667,19.5532,-23.3000,44681.3206,3518.1980,950.5822,0.0000,0.0000,0.0000
75.3833,19.5532,-23.3000,44683.3949,3518.3904,950.5818,0.0000,0.0000,0.0000
75.4000,19.5531,-23.3000,44685.4216,3518.5790,950.5813,0.0000,0.0000,0.0000
75.4167,19.5531,-23.3000,44687.4042,3518.7643,950.5809,0.0000,0.0000,0.0000
75.4333,19.5531,-23.3000,44689.3460,3518.9465,950.5805,0.0000,0.0000,0.0000
75.4500,19.5531,-23.3000,44691.2500,3519.1258,950.5800,0.0000,0.0000,0.0000
75.4667,19.5531,-23.3000,44693.1193,3519.3025,950.5796,0.0000,0.0000,0.0000
75.4833,19.5531,-23.3000,44694.4839,3519.4372,950.5793,0.0000,0.0000,0.0000
75.5000,19.5530,-23.3000,44695.8416,3519.5705,950.5790,0.0000,0.0000,0.0000
75.5167,19.5530,-23.3000,44697.1916,3519.7026,950.5787,0.0000,0.0000,0.0000
75.5333,19.5530,-23.3000,44698.5330,3519.8335,950.5784,0.0000,0.0000,0.0000
75.5500,19.5530,-23.3000,44699.8658,3519.9634,950.5781,0.0000,0.0000,0.0000
75.5667,19.5530,-23.3000,44701.1897,3520.0924,950.5778,0.0000,0.0000,0.0000
75.5833,19.5530,-23.3000,44702.5049,3520.2206,950.5775,0.0000,0.0000,0.0000
75.6000,19.5530,-23.3000,44703.8117,3520.3481,950.5773,0.0000,0.0000,0.0000
75.6167,19.5529,-23.3000,44705.1105,3520.4749,950.5770,0.0000,0.0000,0.0000
75.6333,19.5529,-23.3000,44706.4017,3520.6012,950.5767,0.0000,0.0000,0.0000
75.6500,19.5529,-23.3000,44707.6858,3520.7269,950.5764,0.0000,0.0000,0.0000
75.6667,19.5529,-23.3000,44708.9635,3520.8523,950.5761,0.0000,0.0000,0.0000
75.6833,19.5529,-23.3000,44710.2353,3520.9772,950.5758,0.0000,0.0000,0.0000
75.7000,19.5529,-23.3000,44711.5017,3521.1019,950.5756,0.0000,0.0000,0.0000
75.7167,19.5529,-23.3000,44712.7634,3521.2264,950.5753,0.0000,0.0000,0.0000
75.7333,19.5529,-23.3000,44714.0210,3521.3507,950.5750,0.0000,0.0000,0.0000
75.7500,19.5528,-23.3000,44715.2749,3521.4748,950.5747,0.0000,0.0000,0.0000
75.7667,19.5528,-23.3000,44716.5259,3521.5989,950.5744,0.0000,0.0000,0.0000
75.7833,19.5528,-23.3000,44717.7744,3521.7230,950.5742,0.0000,0.0000,0.0000
75.8000,19.5528,-23.3000,44719.0210,3521.8471,950.5739,0.0000,0.0000,0.0000
75.8167,19.5528,-23.3000,44720.2661,3521.9713,950.5736,0.0000,0.0000,0.0000
75.8333,19.5528,-23.3000,44721.5103,3522.0956,950.5733,0.0000,0.0000,0.0000
75.8500,19.5528,-23.3000,44722.7541,3522.2201,950.5731,0.0000,0.0000,0.0000
75.8667,19.5528,-23.3000,44723.9978,3522.3447,950.5728,0.0000,0.0000,0.0000
75.8833,19.5527,-23.3000,44725.2419,3522.4695,950.5725,0.0000,0.0000,0.0000
75.9000,19.5527,-23.3000,44726.4867,3522.5946,950.5722,0.0000,0.0000,0.0000
75.9167,19.5527,-23.3000,44727.7327,3522.7199,950.5720,0.0000,0.0000,0.0000
75.9333,19.5527,-23.3000,44728.9802,3522.8456,950.5717,0.0000,0.0000,0.0000
75.9500,19.5527,-23.3000,44730.2295,3522.9715,950.5714,0.0000,0.0000,0.0000
75.9667,19.5527,-23.3000,44731.4810,3523.0978,950.5711,0.0000,0.0000,0.0000
75.9833,19.5527,-23.3000,44732.7348,3523.2245,950.5708,0.0000,0.0000,0.0000
76.0000,19.5527,-23.3000,44733.9913,3523.3515,950.5706,0.0000,0.0000,0.0000
76.0167,19.5526,-23.3000,44735.2508,3523.4789,950.5703,0.0000,0.0000,0.0000
76.0333,19.5526,-23.3000,44736.5133,3523.6067,950.5700,0.0000,0.0000,0.0000
76.0500,19.5526,-23.3000,44737.7789,3523.7349,950.5697,0.0000,0.0000,0.0000
76.0667,19.5526,-23.3000,44739.0476,3523.8633,950.5694,0.0000,0.0000,0.0000
76.0833,19.5526,-23.3000,44740.3193,3523.9920,950.5692,0.0000,0.0000,0.0000
76.1000,19.5526,-23.3000,44741.5936,3524.1208,950.5689,0.0000,0.0000,0.0000
76.1167,19.5526,-23.3000,44742.8701,3524.2497,950.5686,0.0000,0.0000,0.0000
76.1333,19.5526,-23.3000,44744.1483,3524.3785,950.5683,0.0000,0.0000,0.0000
76.1500,19.5525,-23.3000,44745.4276,3524.5072,950.5680,0.0000,0.0000,0.0000
76.1667,19.5525,-23.3000,44746.7073,3524.6356,950.5677,0.0000,0.0000,0.0000
76.1833,19.5525,-23.3000,44747.9865,3524.7637,950.5675,0.0000,0.0000,0.0000
76.2000,19.5525,-23.3000,44749.2644,3524.8912,950.5672,0.0000,0.0000,0.0000
76.2167,19.5525,-23.3000,44750.5401,3525.0182,950.5669,0.0000,0.0000,0.0000
76.2333,19.5525,-23.3000,44751.8127,3525.1444,950.5666,0.0000,0.0000,0.0000
76.2500,19.5525,-23.3000,44753.0812,3525.2699,950.5663,0.0000,0.0000,0.0000
76.2667,19.5525,-23.3000,44754.3446,3525.3945,950.5660,0.0000,0.0000,0.0000
76.2833,19.5524,-23.3000,44755.6021,3525.5180,950.5658,0.0000,0.0000,0.0000
76.3000,19.5524,-23.3000,44756.8527,3525.6405,950.5655,0.0000,0.0000,0.0000
76.3167,19.5524,-23.3000,44758.0954,3525.7618,950.5652,0.0000,0.0000,0.0000
76.3333,19.5524,-23.3000,44759.3295,3525.8819,950.5649,0.0000,0.0000,0.0000
76.3500,19.5524,-23.3000,44760.5539,3526.0007,950.5647,0.0000,0.0000,0.0000
76.3667,19.5524,-23.3000,44761.7679,3526.1180,950.5644,0.0000,0.0000,0.0000
76.3833,19.5524,-23.3000,44762.9708,3526.2339,950.5641,0.0000,0.0000,0.0000
76.4000,19.5524,-23.3000,44764.1617,3526.3483,950.5639,0.0000,0.0000,0.0000
76.4167,19.5523,-23.3000,44765.3399,3526.4612,950.5636,0.0000,0.0000,0.0000
76.4333,19.5523,-23.3000,44766.5048,3526.5724,950.5633,0.0000,0.0000,0.0000
76.4500,19.5523,-23.3000,44767.6558,3526.6820,950.5631,0.0000,0.0000,0.0000
76.4667,19.5523,-23.3000,44768.7922,3526.7898,950.5628,0.0000,0.0000,0.0000
76.4833,19.5523,-23.3000,44769.9134,3526.8959,950.5626,0.0000,0.0000,0.0000
76.5000,19.5523,-23.3000,44771.0190,3527.0002,950.5623,0.0000,0.0000,0.0000
76.5167,19.5523,-23.3000,44772.1085,3527.1027,950.5621,0.0000,0.0000,0.0000
76.5333,19.5523,-23.3000,44773.1814,3527.2034,950.5619,0.0000,0.0000,0.0000
76.5500,19.5523,-23.3000,44774.2374,3527.3021,950.5616,0.0000,0.0000,0.0000
76.5667,19.5522,-23.3000,44775.2759,3527.3990,950.5614,0.0000,0.0000,0.0000
76.5833,19.5522,-23.3000,44776.2968,3527.4939,950.5612,0.0000,0.0000,0.0000
76.6000,19.5522,-23.3000,44777.2996,3527.5870,950.5610,0.0000,0.0000,0.0000
76.6167,19.5522,-23.3000,44778.2841,3527.6780,950.5607,0.0000,0.0000,0.0000
76.6333,19.5522,-23.3000,44779.2501,3527.7671,950.5605,0.0000,0.0000,0.0000
76.6500,19.5522,-23.3000,44780.1972,3527.8542,950.5603,0.0000,0.0000,0.0000
76.6667,19.5522,-23.3000,44781.1252,3527.9393,950.5601,0.0000,0.0000,0.0000
76.6833,19.5522,-23.3000,44782.0341,3528.0224,950.5599,0.0000,0.0000,0.0000
76.7000,19.5522,-23.3000,44782.9235,3528.1035,950.5597,0.0000,0.0000,0.0000
76.7167,19.5522,-23.3000,44783.7935,3528.1825,950.5595,0.0000,0.0000,0.0000
76.7333,19.5522,-23.3000,44784.6438,3528.2596,950.5593,0.0000,0.0000,0.0000
76.7500,19.5521,-23.3000,44785.4743,3528.3346,950.5591,0.0000,0.0000,0.0000
76.7667,19.5521,-23.3000,44786.2850,3528.4076,950.5590,0.0000,0.0000,0.0000
76.7833,19.5521,-23.3000,44787.0758,3528.4785,950.5588,0.0000,0.0000,0.0000
76.8000,19.5521,-23.3000,44787.8466,3528.5475,950.5586,0.0000,0.0000,0.0000
76.8167,19.5521,-23.3000,44788.5974,3528.6144,950.5584,0.0000,0.0000,0.0000
76.8333,19.5521,-23.3000,44789.3281,3528.6793,950.5583,0.0000,0.0000,0.0000
76.8500,19.5521,-23.3000,44790.0388,3528.7422,950.5581,0.0000,0.0000,0.0000
76.8667,19.5521,-23.3000,44790.7294,3528.8030,950.5580,0.0000,0.0000,0.0000
76.8833,19.5521,-23.3000,44791.4000,3528.8619,950.5578,0.0000,0.0000,0.0000
76.9000,19.5521,-23.3000,44792.0506,3528.9188,950.5577,0.0000,0.0000,0.0000
76.9167,19.5521,-23.3000,44792.6811,3528.9736,950.5575,0.0000,0.0000,0.0000
76.9333,19.5521,-23.3000,44793.2917,3529.0265,950.5574,0.0000,0.0000,0.0000
76.9500,19.5521,-23.3000,44793.8824,3529.0774,950.5573,0.0000,0.0000,0.0000
76.9667,19.5521,-23.3000,44794.4532,3529.1264,950.5572,0.0000,0.0000,0.0000
76.9833,19.5520,-23.3000,44795.0041,3529.1733,950.5570,0.0000,0.0000,0.0000
77.0000,19.5520,-23.3000,44795.7818,3529.2378,950.5569,0.0000,0.0000,0.0000
77.0167,19.5520,-23.3000,44796.5227,3529.3018,950.5567,0.0000,0.0000,0.0000
77.0333,19.5520,-23.3000,44797.2449,3529.3691,950.5565,0.0000,0.0000,0.0000
77.0500,19.5520,-23.3000,44797.9709,3529.4431,950.5564,0.0000,0.0000,0.0000
77.0667,19.5520,-23.3000,44798.6618,3529.5212,950.5562,0.0000,0.0000,0.0000
77.0833,19.5520,-23.3000,44799.3999,3529.6097,950.5561,0.0000,0.0000,0.0000
77.1000,19.5520,-23.3000,44800.2018,3529.7096,950.5559,0.0000,0.0000,0.0000
77.1167,19.5520,-23.3000,44801.0812,3529.8215,950.5557,0.0000,0.0000,0.0000
77.1333,19.5520,-23.3000,44802.0487,3529.9455,950.5555,0.0000,0.0000,0.0000
77.1500,19.5520,-23.3000,44803.1119,3530.0813,950.5552,0.0000,0.0000,0.0000
77.1667,19.5520,-23.3000,44804.2750,3530.2284,950.5550,0.0000,0.0000,0.0000
77.1833,19.5519,-23.3000,44805.5400,3530.3862,950.5547,0.0000,0.0000,0.0000
77.2000,19.5519,-23.3000,44806.9066,3530.5542,950.5544,0.0000,0.0000,0.0000
77.2167,19.5519,-23.3000,44808.3730,3530.7316,950.5541,0.0000,0.0000,0.0000
77.2333,19.5519,-23.3000,44809.9358,3530.9176,950.5537,0.0000,0.0000,0.0000
77.2500,19.5519,-23.3000,44811.5908,3531.1116,950.5533,0.0000,0.0000,0.0000
77.2667,19.5519,-23.3000,44813.3333,3531.3129,950.5530,0.0000,0.0000,0.0000
77.2833,19.5518,-23.3000,44815.1581,3531.5208,950.5526,0.0000,0.0000,0.0000
77.3000,19.5518,-23.3000,44817.0595,3531.7347,950.5521,0.0000,0.0000,0.0000
77.3167,19.5518,-23.3000,44819.0320,3531.9541,950.5517,0.0000,0.0000,0.0000
77.3333,19.5518,-23.3000,44821.0703,3532.1783,950.5512,0.0000,0.0000,0.0000
77.3500,19.5518,-23.3000,44823.1687,3532.4070,950.5508,0.0000,0.0000,0.0000
77.3667,19.5517,-23.3000,44825.3222,3532.6395,950.5503,0.0000,0.0000,0.0000
77.3833,19.5517,-23.3000,44827.5256,3532.8756,950.5498,0.0000,0.0000,0.0000
77.4000,19.5517,-23.3000,44829.7742,3533.1147,950.5493,0.0000,0.0000,0.0000
77.4167,19.5517,-23.3000,44832.0634,3533.3565,950.5488,0.0000,0.0000,0.0000
77.4333,19.5517,-23.3000,44834.3890,3533.6006,950.5483,0.0000,0.0000,0.0000
77.4500,19.5516,-23.3000,44836.7469,3533.8467,950.5478,0.0000,0.0000,0.0000
77.4667,19.5516,-23.3000,44839.1334,3534.0946,950.5472,0.0000,0.0000,0.0000
77.4833,19.5516,-23.3000,44841.5449,3534.3439,950.5467,0.0000,0.0000,0.0000
77.5000,19.5516,-23.3000,44843.9781,3534.5944,950.5462,0.0000,0.0000,0.0000
77.5167,19.5515,-23.3000,44846.4301,3534.8458,950.5456,0.0000,0.0000,0.0000
77.5333,19.5515,-23.3000,44848.8979,3535.0979,950.5451,0.0000,0.0000,0.0000
77.5500,19.5515,-23.3000,44851.3789,3535.3506,950.5445,0.0000,0.0000,0.0000
77.5667,19.5515,-23.3000,44853.8707,3535.6036,950.5440,0.0000,0.0000,0.0000
77.5833,19.5514,-23.3000,44856.3710,3535.8568,950.5434,0.0000,0.0000,0.0000
77.6000,19.5514,-23.3000,44858.2298,3536.0530,950.5430,0.0000,0.0000,0.0000
77.6167,19.5514,-23.3000,44860.1068,3536.2488,950.5426,0.0000,0.0000,0.0000
77.6333,19.5514,-23.3000,44861.9978,3536.4442,950.5422,0.0000,0.0000,0.0000
77.6500,19.5514,-23.3000,44863.8995,3536.6394,950.5417,0.0000,0.0000,0.0000
77.6667,19.5513,-23.3000,44865.8094,3536.8342,950.5413,0.0000,0.0000,0.0000
77.6833,19.5513,-23.3000,44867.7251,3537.0288,950.5409,0.0000,0.0000,0.0000
77.7000,19.5513,-23.3000,44869.6449,3537.2229,950.5405,0.0000,0.0000,0.0000
77.7167,19.5513,-23.3000,44871.5673,3537.4167,950.5400,0.0000,0.0000,0.0000
77.7333,19.5513,-23.3000,44873.4910,3537.6101,950.5396,0.0000,0.0000,0.0000
77.7500,19.5512,-23.3000,44875.4150,3537.8031,950.5392,0.0000,0.0000,0.0000
77.7667,19.5512,-23.3000,44877.3384,3537.9956,950.5388,0.0000,0.0000,0.0000
77.7833,19.5512,-23.3000,44879.2605,3538.1877,950.5383,0.0000,0.0000,0.0000
77.8000,19.5512,-23.3000,44881.1807,3538.3794,950.5379,0.0000,0.0000,0.0000
77.8167,19.5512,-23.3000,44883.0983,3538.5705,950.5375,0.0000,0.0000,0.0000
77.8333,19.5511,-23.3000,44885.0130,3538.7612,950.5371,0.0000,0.0000,0.0000
77.8500,19.5511,-23.3000,44886.9243,3538.9514,950.5366,0.0000,0.0000,0.0000
77.8667,19.5511,-23.3000,44888.8320,3539.1411,950.5362,0.0000,0.0000,0.0000
77.8833,19.5511,-23.3000,44890.7358,3539.3303,950.5358,0.0000,0.0000,0.0000
77.9000,19.5511,-23.3000,44892.6354,3539.5189,950.5354,0.0000,0.0000,0.0000
77.9167,19.5511,-23.3000,44894.5306,3539.7070,950.5350,0.0000,0.0000,0.0000
77.9333,19.5510,-23.3000,44896.4212,3539.8946,950.5345,0.0000,0.0000,0.0000
77.9500,19.5510,-23.3000,44898.3072,3540.0817,950.5341,0.0000,0.0000,0.0000
77.9667,19.5510,-23.3000,44900.1883,3540.2682,950.5337,0.0000,0.0000,0.0000
77.9833,19.5510,-23.3000,44902.0645,3540.4542,950.5333,0.0000,0.0000,0.0000
78.0000,19.5510,-23.3000,44903.9356,3540.6396,950.5329,0.0000,0.0000,0.0000
78.0167,19.5509,-23.3100,44906.8451,3541.1514,950.7540,3.4716,0.0000,0.0000
78.0333,19.5509,-23.3200,44910.5405,3541.6346,950.9750,6.9432,0.0000,0.0000
78.0500,19.5509,-23.3300,44914.8250,3542.0934,951.1959,10.4148,0.0000,0.0000
78.0667,19.5508,-23.3400,44919.5455,3542.5307,951.4167,13.8864,0.0000,0.0000
78.0833,19.5508,-23.3500,44924.5822,3542.9490,951.6374,17.3580,0.0000,0.0000
78.1000,19.5507,-23.3600,44929.8419,3543.3499,951.8581,20.8296,0.0000,0.0000
78.1167,19.5506,-23.3700,44935.2520,3543.7351,952.0787,24.3012,0.0000,0.0000
78.1333,19.5506,-23.3800,44940.7560,3544.1057,952.2993,27.7728,0.0000,0.0000
78.1500,19.5505,-23.3900,44946.3099,3544.4626,952.5199,31.2444,0.0000,0.0000
78.1667,19.5505,-23.4000,44951.8798,3544.8067,952.7405,34.7160,0.0000,0.0000
78.1833,19.5504,-23.4100,44957.4395,3545.1386,952.9610,38.1876,0.0000,0.0000
78.2000,19.5504,-23.4200,44962.9687,3545.4589,953.1816,41.6592,0.0000,0.0000
78.2167,19.5503,-23.4300,44968.4520,3545.7680,953.4023,45.1308,0.0000,0.0000
78.2333,19.5503,-23.4400,44973.8776,3546.0663,953.6229,48.6024,0.0000,0.0000
78.2500,19.5502,-23.4500,44979.2367,3546.3542,953.8435,52.0740,0.0000,0.0000
78.2667,19.5502,-23.4600,44984.5226,3546.6319,954.0642,55.5456,0.0000,0.0000
78.2833,19.5501,-23.4700,44989.7305,3546.8996,954.2848,59.0172,0.0000,0.0000
78.3000,19.5501,-23.4800,44994.8567,3547.1577,954.5055,62.4888,0.0000,0.0000
78.3167,19.5500,-23.4900,44999.8987,3547.4063,954.7262,65.9604,0.0000,0.0000
78.3333,19.5500,-23.5000,45004.8547,3547.6454,954.9469,69.4320,0.0000,0.0000
78.3500,19.5499,-23.5100,45009.7237,3547.8754,955.1677,72.9036,0.0000,0.0000
78.3667,19.5499,-23.5200,45014.5049,3548.0963,955.3884,76.3752,0.0000,0.0000
78.3833,19.5498,-23.5300,45019.1980,3548.3081,955.6092,79.8468,0.0000,0.0000
78.4000,19.5498,-23.5400,45023.8028,3548.5111,955.8300,83.3184,0.0000,0.0000
78.4167,19.5497,-23.5500,45028.3193,3548.7052,956.0508,86.7900,0.0000,0.0000
78.4333,19.5497,-23.5600,45032.7478,3548.8906,956.2717,90.2616,0.0000,0.0000
78.4500,19.5496,-23.5700,45037.0885,3549.0672,956.4925,93.7332,0.0000,0.0000
78.4667,19.5496,-23.5800,45041.3417,3549.2353,956.7134,97.2048,0.0000,0.0000
78.4833,19.5495,-23.5900,45045.5078,3549.3947,956.9343,100.6764,0.0000,0.0000
78.5000,19.5495,-23.6000,45049.5871,3549.5456,957.1552,104.1480,0.0000,0.0000
78.5167,19.5495,-23.6100,45053.5800,3549.6880,957.3762,107.6196,0.0000,0.0000
78.5333,19.5494,-23.6200,45057.4867,3549.8219,957.5971,111.0912,0.0000,0.0000
78.5500,19.5494,-23.6300,45061.3077,3549.9473,957.8181,114.5628,0.0000,0.0000
78.5667,19.5493,-23.6400,45065.0432,3550.0643,958.0391,118.0344,0.0000,0.0000
78.5833,19.5493,-23.6500,45068.6934,3550.1729,958.2601,121.5060,0.0000,0.0000
78.6000,19.5493,-23.6600,45072.2587,3550.2730,958.4812,124.9776,0.0000,0.0000
78.6167,19.5492,-23.6700,45075.7393,3550.3648,958.7022,128.4492,0.0000,0.0000
78.6333,19.5492,-23.6800,45079.1353,3550.4481,958.9233,131.9208,0.0000,0.0000
78.6500,19.5492,-23.6900,45082.4470,3550.5231,959.1444,135.3924,0.0000,0.0000
78.6667,19.5491,-23.7000,45085.6744,3550.5897,959.3655,138.8640,0.0000,0.0000
78.6833,19.5491,-23.7100,45088.8177,3550.6479,959.5866,142.3356,0.0000,0.0000
78.7000,19.5491,-23.7200,45091.8770,3550.6977,959.8077,145.8072,0.0000,0.0000
78.7167,19.5491,-23.7300,45094.8523,3550.7392,960.0289,149.2788,0.0000,0.0000
78.7333,19.5490,-23.7400,45097.7437,3550.7722,960.2501,152.7504,0.0000,0.0000
78.7500,19.5490,-23.7500,45100.5512,3550.7969,960.4713,156.2220,0.0000,0.0000
78.7667,19.5490,-23.7600,45103.2748,3550.8131,960.6925,159.6936,0.0000,0.0000
78.7833,19.5489,-23.7700,45105.9144,3550.8209,960.9137,163.1652,0.0000,0.0000
78.8000,19.5489,-23.7800,45108.4702,3550.8203,961.1350,166.6368,0.0000,0.0000
78.8167,19.5489,-23.7900,45110.9419,3550.8113,961.3563,170.1084,0.0000,0.0000
78.8333,19.5489,-23.8000,45113.3295,3550.7938,961.5776,173.5800,0.0000,0.0000
78.8500,19.5488,-23.8100,45115.6329,3550.7678,961.7989,177.0516,0.0000,0.0000
78.8667,19.5488,-23.8200,45117.8519,3550.7333,962.0202,180.5232,0.0000,0.0000
78.8833,19.5488,-23.8300,45119.9865,3550.6903,962.2416,183.9948,0.0000,0.0000
78.9000,19.5488,-23.8400,45122.0365,3550.6387,962.4629,187.4664,0.0000,0.0000
78.9167,19.5488,-23.8500,45124.0016,3550.5786,962.6843,190.9380,0.0000,0.0000
78.9333,19.5487,-23.8600,45125.8818,3550.5098,962.9057,194.4096,0.0000,0.0000
78.9500,19.5487,-23.8700,45127.6767,3550.4325,963.1271,197.8812,0.0000,0.0000
78.9667,19.5487,-23.8800,45129.3861,3550.3464,963.3486,201.3528,0.0000,0.0000
78.9833,19.5487,-23.8900,45131.0098,3550.2517,963.5701,204.8244,0.0000,0.0000
79.0000,19.5487,-23.9000,45132.5474,3550.1482,963.7915,208.2960,0.0000,0.0000
79.0167,19.5487,-23.8817,45129.4909,3548.7020,963.3855,226.4430,0.0000,0.0000
79.0333,19.5488,-23.8633,45122.0464,3547.1475,962.9805,244.5900,0.0000,0.0000
79.0500,19.5489,-23.8450,45111.1302,3545.4987,962.5763,262.7370,0.0000,0.0000
79.0667,19.5490,-23.8267,45097.4405,3543.7651,962.1726,280.8840,0.0000,0.0000
79.0833,19.5492,-23.8083,45082.7306,3542.0263,961.7692,299.0310,0.0000,0.0000
79.1000,19.5493,-23.7900,45066.1798,3540.2157,961.3662,317.1780,0.0000,0.0000
79.1167,19.5495,-23.7717,45048.0850,3538.3403,960.9635,335.3250,0.0000,0.0000
79.1333,19.5497,-23.7533,45028.6854,3536.4067,960.5612,353.4720,0.0000,0.0000
79.1500,19.5499,-23.7350,45008.1761,3534.4212,960.1590,371.6190,0.0000,0.0000
79.1667,19.5501,-23.7167,44986.7186,3532.3896,959.7571,389.7660,0.0000,0.0000
79.1833,19.5504,-23.6983,44964.4495,3530.3182,959.3554,407.9130,0.0000,0.0000
79.2000,19.5506,-23.6800,44941.4864,3528.2130,958.9538,426.0600,0.0000,0.0000
79.2167,19.5508,-23.6617,44917.9341,3526.0807,958.5524,444.2070,0.0000,0.0000
79.2333,19.5511,-23.6433,44893.8876,3523.9279,958.1510,462.3540,0.0000,0.0000
79.2500,19.5513,-23.6250,44869.4368,3521.7620,957.7498,480.5010,0.0000,0.0000
79.2667,19.5516,-23.6067,44844.6691,3519.5911,957.3486,498.6480,0.0000,0.0000
79.2833,19.5518,-23.5883,44819.6730,3517.4245,956.9475,516.7950,0.0000,0.0000
79.3000,19.5521,-23.5700,44794.5417,3515.2730,956.5464,534.9420,0.0000,0.0000
79.3167,19.5523,-23.5517,44769.3780,3513.1502,956.1453,553.0890,0.0000,0.0000
79.3333,19.5526,-23.5333,44744.3023,3511.0735,955.7441,571.2360,0.0000,0.0000
79.3500,19.5528,-23.5150,44717.5251,3508.9829,955.3434,589.3830,0.0000,0.0000
79.3667,19.5531,-23.4967,44691.5955,3507.0305,954.9425,607.5300,0.0000,0.0000
79.3833,19.5533,-23.4783,44667.0190,3505.3678,954.5413,625.6770,0.0000,0.0000
79.4000,19.5536,-23.4600,44642.0064,3503.0505,954.1401,643.8240,0.0000,0.0000
79.4167,19.5539,-23.4417,44614.3511,3499.9831,953.7396,661.9710,0.0000,0.0000
79.4333,19.5542,-23.4233,44583.6941,3496.4834,953.3397,680.1180,0.0000,0.0000
79.4500,19.5545,-23.4050,44549.9277,3492.6416,952.9405,698.2650,0.0000,0.0000
79.4667,19.5549,-23.3867,44513.0963,3488.5049,952.5420,716.4120,0.0000,0.0000
79.4833,19.5553,-23.3683,44473.3098,3484.1026,952.1442,734.5590,0.0000,0.0000
79.5000,19.5557,-23.3500,44430.7019,3479.4547,951.7470,752.7060,0.0000,0.0000
79.5167,19.5561,-23.3317,44385.4097,3474.5759,951.3503,770.8530,0.0000,0.0000
79.5333,19.5566,-23.3133,44337.5633,3469.4771,950.9543,789.0000,0.0000,0.0000
79.5500,19.5571,-23.2950,44287.2816,3464.1672,950.5587,807.1470,0.0000,0.0000
79.5667,19.5577,-23.2767,44234.6708,3458.6534,950.1637,825.2940,0.0000,0.0000
79.5833,19.5582,-23.2583,44179.8245,3452.9414,949.7692,843.4410,0.0000,0.0000
79.6000,19.5588,-23.2400,44122.8249,3447.0365,949.3752,861.5880,0.0000,0.0000
79.6167,19.5594,-23.2217,44063.7437,3440.9428,948.9816,879.7350,0.0000,0.0000
79.6333,19.5600,-23.2033,44002.6437,3434.6642,948.5885,897.8820,0.0000,0.0000
79.6500,19.5606,-23.1850,43939.5798,3428.2040,948.1958,916.0290,0.0000,0.0000
79.6667,19.5613,-23.1667,43874.6035,3421.5665,947.8036,934.1760,0.0000,0.0000
79.6833,19.5619,-23.1483,43807.7654,3414.7564,947.4117,952.3230,0.0000,0.0000
79.7000,19.5626,-23.1300,43739.1159,3407.7788,947.0203,970.4700,0.0000,0.0000
79.7167,19.5633,-23.1117,43668.7035,3400.6380,946.6292,988.6170,0.0000,0.0000
79.7333,19.5640,-23.0933,43596.5738,3393.3378,946.2385,1006.7640,0.0000,0.0000
79.7500,19.5648,-23.0750,43522.7678,3385.8810,945.8482,1024.9110,0.0000,0.0000
79.7667,19.5655,-23.0567,43447.3215,3378.2698,945.4583,1043.0580,0.0000,0.0000
79.7833,19.5663,-23.0383,43370.2657,3370.5058,945.0687,1061.2050,0.0000,0.0000
79.8000,19.5671,-23.0200,43291.6265,3362.5903,944.6795,1079.3520,0.0000,0.0000
79.8167,19.5679,-23.0017,43211.4257,3354.5244,944.2906,1097.4990,0.0000,0.0000
79.8333,19.5687,-22.9833,43129.6817,3346.3090,943.9020,1115.6460,0.0000,0.0000
79.8500,19.5695,-22.9650,43046.4100,3337.9447,943.5138,1133.7930,0.0000,0.0000
79.8667,19.5704,-22.9467,42961.6239,3329.4324,943.1260,1151.9400,0.0000,0.0000
79.8833,19.5712,-22.9283,42875.3350,3320.7726,942.7384,1170.0870,0.0000,0.0000
79.9000,19.5721,-22.9100,42787.5538,3311.9662,942.3512,1188.2340,0.0000,0.0000
79.9167,19.5730,-22.8917,42698.2895,3303.0138,941.9644,1206.3810,0.0000,0.0000
79.9333,19.5739,-22.8733,42607.5512,3293.9161,941.5778,1224.5280,0.0000,0.0000
79.9500,19.5748,-22.8550,42515.3473,3284.6738,941.1916,1242.6750,0.0000,0.0000
79.9667,19.5758,-22.8367,42421.6860,3275.2878,940.8057,1260.8220,0.0000,0.0000
79.9833,19.5767,-22.8183,42326.5755,3265.7589,940.4201,1278.9690,0.0000,0.0000
80.0000,19.5777,-22.8000,42230.0239,3256.0877,940.0348,1297.1160,0.0000,0.0000
80.0167,19.5787,-22.7533,42127.7496,3245.2890,939.0224,1314.7896,0.0000,0.0000
80.0333,19.5798,-22.7067,42020.9687,3234.3745,938.0109,1332.4632,0.0000,0.0000
80.0500,19.5809,-22.6600,41910.5588,3223.3387,937.0002,1350.1368,0.0000,0.0000
80.0667,19.5820,-22.6133,41797.1531,3212.1776,935.9902,1367.8104,0.0000,0.0000
80.0833,19.5832,-22.5667,41681.2087,3200.8884,934.9807,1385.4840,0.0000,0.0000
80.1000,19.5844,-22.5200,41563.0552,3189.4687,933.9718,1403.1576,0.0000,0.0000
80.1167,19.5856,-22.4733,41442.9299,3177.9171,932.9632,1420.8312,0.0000,0.0000
80.1333,19.5868,-22.4267,41321.0039,3166.2322,931.9551,1438.5048,0.0000,0.0000
80.1500,19.5880,-22.3800,41197.4001,3154.4131,930.9473,1456.1784,0.0000,0.0000
80.1667,19.5893,-22.3333,41072.2068,3142.4591,929.9399,1473.8520,0.0000,0.0000
80.1833,19.5905,-22.2867,40945.4880,3130.3698,928.9329,1491.5256,0.0000,0.0000
80.2000,19.5918,-22.2400,40817.2897,3118.1451,927.9261,1509.1992,0.0000,0.0000
80.2167,19.5931,-22.1933,40687.6455,3105.7846,926.9197,1526.8728,0.0000,0.0000
80.2333,19.5944,-22.1467,40556.5801,3093.2886,925.9136,1544.5464,0.0000,0.0000
80.2500,19.5958,-22.1000,40424.1121,3080.6572,924.9078,1562.2200,0.0000,0.0000
80.2667,19.5971,-22.0533,40290.2561,3067.8906,923.9024,1579.8936,0.0000,0.0000
80.2833,19.5984,-22.0067,40155.0235,3054.9894,922.8972,1597.5672,0.0000,0.0000
80.3000,19.5998,-21.9600,40018.4242,3041.9538,921.8923,1615.2408,0.0000,0.0000
80.3167,19.6012,-21.9133,39880.4668,3028.7845,920.8877,1632.9144,0.0000,0.0000
80.3333,19.6026,-21.8667,39741.1592,3015.4822,919.8835,1650.5880,0.0000,0.0000
80.3500,19.6040,-21.8200,39600.5092,3002.0474,918.8795,1668.2616,0.0000,0.0000
80.3667,19.6054,-21.7733,39458.5245,2988.4810,917.8758,1685.9352,0.0000,0.0000
80.3833,19.6068,-21.7267,39315.2127,2974.7838,916.8724,1703.6088,0.0000,0.0000
80.4000,19.6083,-21.6800,39170.5819,2960.9565,915.8693,1721.2824,0.0000,0.0000
80.4167,19.6098,-21.6333,39024.6404,2947.0003,914.8665,1738.9560,0.0000,0.0000
80.4333,19.6112,-21.5867,38877.3966,2932.9159,913.8640,1756.6296,0.0000,0.0000
80.4500,19.6127,-21.5400,38728.8596,2918.7044,912.8618,1774.3032,0.0000,0.0000
80.4667,19.6142,-21.4933,38579.0385,2904.3667,911.8598,1791.9768,0.0000,0.0000
80.4833,19.6157,-21.4467,38427.9431,2889.9041,910.8582,1809.6504,0.0000,0.0000
80.5000,19.6172,-21.4000,38275.5831,2875.3174,909.8568,1827.3240,0.0000,0.0000
80.5167,19.6188,-21.3533,38121.9688,2860.6079,908.8557,1844.9976,0.0000,0.0000
80.5333,19.6203,-21.3067,37967.1107,2845.7767,907.8549,1862.6712,0.0000,0.0000
80.5500,19.6219,-21.2600,37811.0196,2830.8249,906.8543,1880.3448,0.0000,0.0000
80.5667,19.6235,-21.2133,37653.7065,2815.7536,905.8541,1898.0184,0.0000,0.0000
80.5833,19.6250,-21.1667,37495.1826,2800.5642,904.8541,1915.6920,0.0000,0.0000
80.6000,19.6266,-21.1200,37335.4595,2785.2578,903.8543,1933.3656,0.0000,0.0000
80.6167,19.6283,-21.0733,37174.5486,2769.8356,902.8548,1951.0392,0.0000,0.0000
80.6333,19.6299,-21.0267,37012.4619,2754.2988,901.8556,1968.7128,0.0000,0.0000
80.6500,19.6315,-20.9800,36849.2112,2738.6487,900.8567,1986.3864,0.0000,0.0000
80.6667,19.6332,-20.9333,36684.8080,2722.8862,899.8579,2004.0600,0.0000,0.0000
80.6833,19.6348,-20.8867,36519.2626,2707.0122,898.8595,2021.7336,0.0000,0.0000
80.7000,19.6365,-20.8400,36352.5837,2691.0270,897.8613,2039.4072,0.0000,0.0000
80.7167,19.6382,-20.7933,36184.7792,2674.9311,896.8633,2057.0808,0.0000,0.0000
80.7333,19.6398,-20.7467,36015.8560,2658.7251,895.8656,2074.7544,0.0000,0.0000
80.7500,19.6415,-20.7000,35845.8212,2642.4096,894.8682,2092.4280,0.0000,0.0000
80.7667,19.6433,-20.6533,35674.6822,2625.9855,893.8710,2110.1016,0.0000,0.0000
80.7833,19.6450,-20.6067,35502.4472,2609.4539,892.8740,2127.7752,0.0000,0.0000
80.8000,19.6467,-20.5600,35329.1256,2592.8160,891.8773,2145.4488,0.0000,0.0000
80.8167,19.6485,-20.5133,35154.7273,2576.0729,890.8808,2163.1224,0.0000,0.0000
80.8333,19.6502,-20.4667,34979.2635,2559.2262,889.8845,2180.7960,0.0000,0.0000
80.8500,19.6520,-20.4200,34802.7461,2542.2772,888.8885,2198.4696,0.0000,0.0000
80.8667,19.6537,-20.3733,34625.1874,2525.2273,887.8927,2216.1432,0.0000,0.0000
80.8833,19.6555,-20.3267,34446.6007,2508.0780,886.8972,2233.8168,0.0000,0.0000
80.9000,19.6573,-20.2800,34266.9993,2490.8308,885.9018,2251.4904,0.0000,0.0000
80.9167,19.6591,-20.2333,34086.3969,2473.4871,884.9067,2269.1640,0.0000,0.0000
80.9333,19.6610,-20.1867,33904.8075,2456.0483,883.9118,2286.8376,0.0000,0.0000
80.9500,19.6628,-20.1400,33722.2450,2438.5159,882.9172,2304.5112,0.0000,0.0000
80.9667,19.6646,-20.0933,33538.7237,2420.8913,881.9227,2322.1848,0.0000,0.0000
80.9833,19.6665,-20.0467,33354.2574,2403.1760,880.9284,2339.8584,0.0000,0.0000
81.0000,19.6683,-20.0000,33168.8603,2385.3712,879.9344,2357.5320,0.0000,0.0000
81.0167,19.6702,-19.9450,32980.1583,2366.7550,878.7562,2385.6204,0.0000,0.0000
81.0333,19.6721,-19.8900,32787.9216,2347.7230,877.5788,2413.7088,0.0000,0.0000
81.0500,19.6741,-19.8350,32592.1467,2328.3368,876.4022,2441.7972,0.0000,0.0000
81.0667,19.6761,-19.7800,32392.9424,2308.6378,875.2264,2469.8856,0.0000,0.0000
81.0833,19.6781,-19.7250,32190.4675,2288.6556,874.0513,2497.9740,0.0000,0.0000
81.1000,19.6802,-19.6700,31984.8964,2268.4117,872.8769,2526.0624,0.0000,0.0000
81.1167,19.6822,-19.6150,31776.4018,2247.9230,871.7031,2554.1508,0.0000,0.0000
81.1333,19.6843,-19.5600,31565.1458,2227.2025,870.5299,2582.2392,0.0000,0.0000
81.1500,19.6865,-19.5050,31351.2759,2206.2611,869.3573,2610.3276,0.0000,0.0000
81.1667,19.6887,-19.4500,31134.9242,2185.1076,868.1853,2638.4160,0.0000,0.0000
81.1833,19.6908,-19.3950,30916.2077,2163.7497,867.0138,2666.5044,0.0000,0.0000
81.2000,19.6930,-19.3400,30695.2295,2142.1937,865.8428,2694.5928,0.0000,0.0000
81.2167,19.6953,-19.2850,30472.0804,2120.4453,864.6722,2722.6812,0.0000,0.0000
81.2333,19.6975,-19.2300,30246.8402,2098.5096,863.5022,2750.7696,0.0000,0.0000
81.2500,19.6998,-19.1750,30019.5791,2076.3908,862.3326,2778.8580,0.0000,0.0000
81.2667,19.7021,-19.1200,29790.3593,2054.0929,861.1634,2806.9464,0.0000,0.0000
81.2833,19.7044,-19.0650,29559.2359,2031.6196,859.9946,2835.0348,0.0000,0.0000
81.3000,19.7067,-19.0100,29326.2579,2008.9741,858.8263,2863.1232,0.0000,0.0000
81.3167,19.7091,-18.9550,29091.4695,1986.1593,857.6583,2891.2116,0.0000,0.0000
81.3333,19.7115,-18.9000,28854.9104,1963.1782,856.4908,2919.3000,0.0000,0.0000
81.3500,19.7138,-18.8450,28616.6166,1940.0332,855.3236,2947.3884,0.0000,0.0000
81.3667,19.7162,-18.7900,28376.6210,1916.7268,854.1568,2975.4768,0.0000,0.0000
81.3833,19.7187,-18.7350,28134.9541,1893.2613,852.9904,3003.5652,0.0000,0.0000
81.4000,19.7211,-18.6800,27891.6437,1869.6389,851.8244,3031.6536,0.0000,0.0000
81.4167,19.7235,-18.6250,27646.7161,1845.8617,850.6587,3059.7420,0.0000,0.0000
81.4333,19.7260,-18.5700,27400.1958,1821.9317,849.4933,3087.8304,0.0000,0.0000
81.4500,19.7285,-18.5150,27152.1060,1797.8508,848.3283,3115.9188,0.0000,0.0000
81.4667,19.7310,-18.4600,26902.4687,1773.6210,847.1637,3144.0072,0.0000,0.0000
81.4833,19.7335,-18.4050,26651.3048,1749.2440,845.9994,3172.0956,0.0000,0.0000
81.5000,19.7360,-18.3500,26398.6345,1724.7217,844.8354,3200.1840,0.0000,0.0000
81.5167,19.7386,-18.2950,26144.4774,1700.0557,843.6717,3228.2724,0.0000,0.0000
81.5333,19.7411,-18.2400,25888.8520,1675.2479,842.5084,3256.3608,0.0000,0.0000
81.5500,19.7437,-18.1850,25631.7768,1650.2998,841.3454,3284.4492,0.0000,0.0000
81.5667,19.7463,-18.1300,25373.2695,1625.2131,840.1827,3312.5376,0.0000,0.0000
81.5833,19.7489,-18.0750,25113.3475,1599.9895,839.0204,3340.6260,0.0000,0.0000
81.6000,19.7515,-18.0200,24852.0280,1574.6306,837.8583,3368.7144,0.0000,0.0000
81.6167,19.7541,-17.9650,24589.3275,1549.1380,836.6965,3396.8028,0.0000,0.0000
81.6333,19.7567,-17.9100,24325.2628,1523.5132,835.5351,3424.8912,0.0000,0.0000
81.6500,19.7594,-17.8550,24059.8498,1497.7578,834.3739,3452.9796,0.0000,0.0000
81.6667,19.7621,-17.8000,23793.1048,1471.8733,833.2131,3481.0680,0.0000,0.0000
81.6833,19.7647,-17.7450,23525.0436,1445.8614,832.0525,3509.1564,0.0000,0.0000
81.7000,19.7674,-17.6900,23255.6817,1419.7235,830.8922,3537.2448,0.0000,0.0000
81.7167,19.7701,-17.6350,22985.0348,1393.4611,829.7323,3565.3332,0.0000,0.0000
81.7333,19.7729,-17.5800,22713.1182,1367.0757,828.5725,3593.4216,0.0000,0.0000
81.7500,19.7756,-17.5250,22439.9475,1340.5691,827.4131,3621.5100,0.0000,0.0000
81.7667,19.7783,-17.4700,22165.5393,1313.9430,826.2540,3649.5984,0.0000,0.0000
81.7833,19.7811,-17.4150,21889.9110,1287.1994,825.0951,3677.6868,0.0000,0.0000
81.8000,19.7839,-17.3600,21613.0804,1260.3404,823.9364,3705.7752,0.0000,0.0000
81.8167,19.7866,-17.3050,21335.0656,1233.3677,822.7781,3733.8636,0.0000,0.0000
81.8333,19.7894,-17.2500,21055.8842,1206.2830,821.6200,3761.9520,0.0000,0.0000
81.8500,19.7922,-17.1950,20775.5532,1179.0878,820.4622,3790.0404,0.0000,0.0000
81.8667,19.7951,-17.1400,20494.0888,1151.7834,819.3046,3818.1288,0.0000,0.0000
81.8833,19.7979,-17.0850,20211.5061,1124.3713,818.1472,3846.2172,0.0000,0.0000
81.9000,19.8007,-17.0300,19927.8196,1096.8525,816.9901,3874.3056,0.0000,0.0000
81.9167,19.8036,-16.9750,19643.0429,1069.2283,815.8333,3902.3940,0.0000,0.0000
81.9333,19.8064,-16.9200,19357.1890,1041.4997,814.6766,3930.4824,0.0000,0.0000
81.9500,19.8093,-16.8650,19070.2706,1013.6679,813.5203,3958.5708,0.0000,0.0000
81.9667,19.8122,-16.8100,18782.2999,985.7341,812.3641,3986.6592,0.0000,0.0000
81.9833,19.8151,-16.7550,18493.2888,957.6994,811.2082,4014.7476,0.0000,0.0000
82.0000,19.8180,-16.7000,18203.2492,929.5648,810.0525,4042.8360,0.0000,0.0000
82.0167,19.8208,-16.6900,17921.5461,903.8754,809.8932,4051.8306,0.0000,0.0000
82.0333,19.8235,-16.6800,17647.5962,878.7971,809.7321,4060.8252,0.0000,0.0000
82.0500,19.8262,-16.6700,17380.6086,854.1953,809.5695,4069.8198,0.0000,0.0000
82.0667,19.8288,-16.6600,17119.7641,829.9808,809.4056,4078.8144,0.0000,0.0000
82.0833,19.8314,-16.6500,16864.2963,806.0921,809.2404,4087.8090,0.0000,0.0000
82.1000,19.8339,-16.6400,16613.5249,782.4851,809.0742,4096.8036,0.0000,0.0000
82.1167,19.8363,-16.6300,16366.8626,759.1270,808.9071,4105.7982,0.0000,0.0000
82.1333,19.8388,-16.6200,16123.8121,735.9928,808.7392,4114.7928,0.0000,0.0000
82.1500,19.8412,-16.6100,15883.9561,713.0630,808.5706,4123.7874,0.0000,0.0000
82.1667,19.8435,-16.6000,15646.9471,690.3223,808.4013,4132.7820,0.0000,0.0000
82.1833,19.8459,-16.5900,15412.4971,667.7580,808.2315,4141.7766,0.0000,0.0000
82.2000,19.8482,-16.5800,15180.3672,645.3602,808.0612,4150.7712,0.0000,0.0000
82.2167,19.8505,-16.5700,14950.3601,623.1203,807.8904,4159.7658,0.0000,0.0000
82.2333,19.8528,-16.5600,14722.3124,601.0315,807.7191,4168.7604,0.0000,0.0000
82.2500,19.8550,-16.5500,14496.0889,579.0880,807.5475,4177.7550,0.0000,0.0000
82.2667,19.8573,-16.5400,14271.5773,557.2850,807.3755,4186.7496,0.0000,0.0000
82.2833,19.8595,-16.5300,14048.6845,535.6184,807.2031,4195.7442,0.0000,0.0000
82.3000,19.8617,-16.5200,13827.3326,514.0847,807.0304,4204.7388,0.0000,0.0000
82.3167,19.8639,-16.5100,13607.4570,492.6809,806.8573,4213.7334,0.0000,0.0000
82.3333,19.8661,-16.5000,13389.0031,471.4045,806.6840,4222.7280,0.0000,0.0000
82.3500,19.8683,-16.4900,13171.9251,450.2533,806.5103,4231.7226,0.0000,0.0000
82.3667,19.8704,-16.4800,12956.1844,429.2254,806.3363,4240.7172,0.0000,0.0000
82.3833,19.8726,-16.4700,12741.7480,408.3191,806.1621,4249.7118,0.0000,0.0000
82.4000,19.8747,-16.4600,12528.5877,387.5328,805.9875,4258.7064,0.0000,0.0000
82.4167,19.8768,-16.4500,12316.6792,366.8653,805.8127,4267.7010,0.0000,0.0000
82.4333,19.8789,-16.4400,12106.0029,346.3158,805.6376,4276.6956,0.0000,0.0000
82.4500,19.8810,-16.4300,11896.5451,325.8846,805.4623,4285.6902,0.0000,0.0000
82.4667,19.8831,-16.4200,11688.2977,305.5726,805.2866,4294.6848,0.0000,0.0000
82.4833,19.8852,-16.4100,11481.2569,285.3804,805.1107,4303.6794,0.0000,0.0000
82.5000,19.8872,-16.4000,11275.4214,265.3087,804.9346,4312.6740,0.0000,0.0000
82.5167,19.8893,-16.3900,11070.7907,245.3576,804.7581,4321.6686,0.0000,0.0000
82.5333,19.8913,-16.3800,10867.3633,225.5266,804.5814,4330.6632,0.0000,0.0000
82.5500,19.8933,-16.3700,10665.1364,205.8152,804.4045,4339.6578,0.0000,0.0000
82.5667,19.8954,-16.3600,10464.1051,186.2222,804.2272,4348.6524,0.0000,0.0000
82.5833,19.8974,-16.3500,10264.2625,166.7465,804.0498,4357.6470,0.0000,0.0000
82.6000,19.8993,-16.3400,10065.5997,147.3865,803.8720,4366.6416,0.0000,0.0000
82.6167,19.9013,-16.3300,9868.1066,128.1408,803.6940,4375.6362,0.0000,0.0000
82.6333,19.9033,-16.3200,9671.7715,109.0080,803.5157,4384.6308,0.0000,0.0000
82.6500,19.9052,-16.3100,9476.5820,89.9866,803.3372,4393.6254,0.0000,0.0000
82.6667,19.9072,-16.3000,9282.5248,71.0749,803.1584,4402.6200,0.0000,0.0000
82.6833,19.9091,-16.2900,9089.5864,52.2716,802.9794,4411.6146,0.0000,0.0000
82.7000,19.9110,-16.2800,8897.7528,33.5751,802.8001,4420.6092,0.0000,0.0000
82.7167,19.9129,-16.2700,8707.0101,14.9841,802.6206,4429.6038,0.0000,0.0000
82.7333,19.9148,-16.2600,8517.3443,-3.5030,802.4409,4438.5984,0.0000,0.0000
82.7500,19.9167,-16.2500,8328.7415,-21.8873,802.2609,4447.5930,0.0000,0.0000
82.7667,19.9186,-16.2400,8141.1878,-40.1704,802.0806,4456.5876,0.0000,0.0000
82.7833,19.9205,-16.2300,7954.6695,-58.3535,801.9002,4465.5822,0.0000,0.0000
82.8000,19.9223,-16.2200,7769.1733,-76.4379,801.7195,4474.5768,0.0000,0.0000
82.8167,19.9242,-16.2100,7584.6859,-94.4248,801.5386,4483.5714,0.0000,0.0000
82.8333,19.9260,-16.2000,7401.1943,-112.3156,801.3575,4492.5660,0.0000,0.0000
82.8500,19.9278,-16.1900,7218.6855,-130.1115,801.1762,4501.5606,0.0000,0.0000
82.8667,19.9296,-16.1800,7037.1472,-147.8136,800.9946,4510.5552,0.0000,0.0000
82.8833,19.9314,-16.1700,6856.5668,-165.4232,800.8128,4519.5498,0.0000,0.0000
82.9000,19.9332,-16.1600,6676.9321,-182.9414,800.6309,4528.5444,0.0000,0.0000
82.9167,19.9350,-16.1500,6498.2313,-200.3693,800.4487,4537.5390,0.0000,0.0000
82.9333,19.9368,-16.1400,6320.4525,-217.7081,800.2663,4546.5336,0.0000,0.0000
82.9500,19.9386,-16.1300,6143.5841,-234.9588,800.0837,4555.5282,0.0000,0.0000
82.9667,19.9403,-16.1200,5967.6148,-252.1227,799.9009,4564.5228,0.0000,0.0000
82.9833,19.9421,-16.1100,5792.5333,-269.2006,799.7179,4573.5174,0.0000,0.0000
83.0000,19.9438,-16.1000,5618.3310,-286.1929,799.5348,4582.5120,0.0000,0.0000
83.0167,19.9456,-16.0817,5444.9361,-302.9294,799.1665,4583.1432,0.0000,0.0000
83.0333,19.9473,-16.0633,5273.3077,-319.2263,798.7979,4583.7744,0.0000,0.0000
83.0500,19.9490,-16.0450,5103.9484,-335.1584,798.4288,4584.4056,0.0000,0.0000
83.0667,19.9506,-16.0267,4937.0895,-350.7770,798.0592,4585.0368,0.0000,0.0000
83.0833,19.9523,-16.0083,4772.8022,-366.1189,797.6889,4585.6680,0.0000,0.0000
83.1000,19.9539,-15.9900,4611.0655,-381.2117,797.3181,4586.2992,0.0000,0.0000
83.1167,19.9555,-15.9717,4451.8068,-396.0766,796.9468,4586.9304,0.0000,0.0000
83.1333,19.9571,-15.9533,4294.9279,-410.7305,796.5749,4587.5616,0.0000,0.0000
83.1500,19.9586,-15.9350,4140.3202,-425.1871,796.2025,4588.1928,0.0000,0.0000
83.1667,19.9601,-15.9167,3987.8737,-439.4577,795.8297,4588.8240,0.0000,0.0000
83.1833,19.9616,-15.8983,3837.4822,-453.5519,795.4564,4589.4552,0.0000,0.0000
83.2000,19.9631,-15.8800,3689.0464,-467.4777,795.0826,4590.0864,0.0000,0.0000
83.2167,19.9646,-15.8617,3542.4746,-481.2421,794.7084,4590.7176,0.0000,0.0000
83.2333,19.9660,-15.8433,3397.6835,-494.8513,794.3339,4591.3488,0.0000,0.0000
83.2500,19.9675,-15.8250,3254.5975,-508.3106,793.9590,4591.9800,0.0000,0.0000
83.2667,19.9689,-15.8067,3113.1488,-521.6246,793.5837,4592.6112,0.0000,0.0000
83.2833,19.9703,-15.7883,2973.2762,-534.7977,793.2080,4593.2424,0.0000,0.0000
83.3000,19.9717,-15.7700,2834.9240,-547.8339,792.8320,4593.8736,0.0000,0.0000
83.3167,19.9730,-15.7517,2698.0409,-560.7371,792.4557,4594.5048,0.0000,0.0000
83.3333,19.9744,-15.7333,2562.5786,-573.5113,792.0791,4595.1360,0.0000,0.0000
83.3500,19.9757,-15.7150,2428.4917,-586.1603,791.7021,4595.7672,0.0000,0.0000
83.3667,19.9770,-15.6967,2295.7380,-598.6875,791.3249,4596.3984,0.0000,0.0000
83.3833,19.9784,-15.6783,2164.2781,-611.0959,790.9474,4597.0296,0.0000,0.0000
83.4000,19.9797,-15.6600,2034.0761,-623.3882,790.5696,4597.6608,0.0000,0.0000
83.4167,19.9809,-15.6417,1905.0991,-635.5669,790.1915,4598.2920,0.0000,0.0000
83.4333,19.9822,-15.6233,1777.3176,-647.6340,789.8132,4598.9232,0.0000,0.0000
83.4500,19.9835,-15.6050,1650.7046,-659.5914,789.4346,4599.5544,0.0000,0.0000
83.4667,19.9847,-15.5867,1525.2362,-671.4409,789.0558,4600.1856,0.0000,0.0000
83.4833,19.9860,-15.5683,1400.8903,-683.1839,788.6767,4600.8168,0.0000,0.0000
83.5000,19.9872,-15.5500,1277.6472,-694.8219,788.2974,4601.4480,0.0000,0.0000
83.5167,19.9884,-15.5317,1155.4888,-706.3562,787.9178,4602.0792,0.0000,0.0000
83.5333,19.9897,-15.5133,1034.3984,-717.7881,787.5380,4602.7104,0.0000,0.0000
83.5500,19.9909,-15.4950,914.3606,-729.1188,787.1579,4603.3416,0.0000,0.0000
83.5667,19.9920,-15.4767,795.3610,-740.3495,786.7776,4603.9728,0.0000,0.0000
83.5833,19.9932,-15.4583,677.3868,-751.4809,786.3971,4604.6040,0.0000,0.0000
83.6000,19.9944,-15.4400,560.4268,-762.5138,786.0164,4605.2352,0.0000,0.0000
83.6167,19.9956,-15.4217,444.4721,-773.4485,785.6354,4605.8664,0.0000,0.0000
83.6333,19.9967,-15.4033,329.5146,-784.2854,785.2543,4606.4976,0.0000,0.0000
83.6500,19.9978,-15.3850,215.5473,-795.0250,784.8729,4607.1288,0.0000,0.0000
83.6667,19.9990,-15.3667,102.5630,-805.6682,784.4913,4607.7600,0.0000,0.0000
83.6833,20.0001,-15.3483,0.0000,-816.1958,784.1102,4608.3912,0.0000,0.0000
83.7000,20.0017,-15.3300,0.0000,-826.3959,783.7379,4609.0224,0.0000,0.0000
83.7167,20.0036,-15.3117,0.0000,-836.2917,783.3740,4609.6536,0.0000,0.0000
83.7333,20.0059,-15.2933,0.0000,-845.8977,783.0182,4610.2848,0.0000,0.0000
83.7500,20.0085,-15.2750,0.0000,-855.2271,782.6702,4610.9160,0.0000,0.0000
83.7667,20.0115,-15.2567,0.0000,-864.2918,782.3298,4611.5472,0.0000,0.0000
83.7833,20.0149,-15.2383,0.0000,-873.1029,781.9969,4612.1784,0.0000,0.0000
83.8000,20.0185,-15.2200,0.0000,-881.6708,781.6711,4612.8096,0.0000,0.0000
83.8167,20.0225,-15.2017,0.0000,-890.0051,781.3524,4613.4408,0.0000,0.0000
83.8333,20.0267,-15.1833,0.0000,-898.1148,781.0405,4614.0720,0.0000,0.0000
83.8500,20.0313,-15.1650,0.0000,-906.0084,780.7353,4614.7032,0.0000,0.0000
83.8667,20.0362,-15.1467,0.0000,-913.6936,780.4366,4615.3344,0.0000,0.0000
83.8833,20.0413,-15.1283,0.0000,-921.1767,780.1441,4615.9656,0.0000,0.0000
83.9000,20.0468,-15.1100,0.0000,-928.4634,779.8578,4616.5968,0.0000,0.0000
83.9167,20.0525,-15.0917,0.0000,-935.5589,779.5775,4617.2280,0.0000,0.0000
83.9333,20.0584,-15.0733,0.0000,-942.4687,779.3030,4617.8592,0.0000,0.0000
83.9500,20.0646,-15.0550,0.0000,-949.1980,779.0342,4618.4904,0.0000,0.0000
83.9667,20.0711,-15.0367,0.0000,-955.7524,778.7709,4619.1216,0.0000,0.0000
83.9833,20.0778,-15.0183,0.0000,-962.1375,778.5130,4619.7528,0.0000,0.0000
84.0000,20.0847,-15.0000,0.0000,-968.3588,778.2604,4620.3840,0.0000,0.0000
84.0167,20.0920,-14.9450,0.0000,-975.1383,777.2007,4611.2316,0.0000,0.0000
84.0333,20.0995,-14.8900,0.0000,-981.3087,776.1470,4602.0792,0.0000,0.0000
84.0500,20.1072,-14.8350,0.0000,-986.9717,775.0987,4592.9268,0.0000,0.0000
84.0667,20.1152,-14.7800,0.0000,-992.1991,774.0554,4583.7744,0.0000,0.0000
84.0833,20.1234,-14.7250,0.0000,-997.0441,773.0170,4574.6220,0.0000,0.0000
84.1000,20.1318,-14.6700,0.0000,-1001.5479,771.9831,4565.4696,0.0000,0.0000
84.1167,20.1403,-14.6150,0.0000,-1005.7438,770.9534,4556.3172,0.0000,0.0000
84.1333,20.1491,-14.5600,0.0000,-1009.6587,769.9277,4547.1648,0.0000,0.0000
84.1500,20.1580,-14.5050,0.0000,-1013.3156,768.9058,4538.0124,0.0000,0.0000
84.1667,20.1671,-14.4500,0.0000,-1016.7339,767.8875,4528.8600,0.0000,0.0000
84.1833,20.1764,-14.3950,0.0000,-1019.9305,766.8726,4519.7076,0.0000,0.0000
84.2000,20.1858,-14.3400,0.0000,-1022.9203,765.8610,4510.5552,0.0000,0.0000
84.2167,20.1953,-14.2850,0.0000,-1025.7160,764.8524,4501.4028,0.0000,0.0000
84.2333,20.2050,-14.2300,0.0000,-1028.3294,763.8468,4492.2504,0.0000,0.0000
84.2500,20.2148,-14.1750,0.0000,-1030.7706,762.8440,4483.0980,0.0000,0.0000
84.2667,20.2247,-14.1200,0.0000,-1033.0490,761.8439,4473.9456,0.0000,0.0000
84.2833,20.2347,-14.0650,0.0000,-1035.1729,760.8462,4464.7932,0.0000,0.0000
84.3000,20.2448,-14.0100,0.0000,-1037.1499,759.8510,4455.6408,0.0000,0.0000
84.3167,20.2551,-13.9550,0.0000,-1038.9869,758.8581,4446.4884,0.0000,0.0000
84.3333,20.2654,-13.9000,0.0000,-1040.6902,757.8674,4437.3360,0.0000,0.0000
84.3500,20.2758,-13.8450,0.0000,-1042.2657,756.8788,4428.1836,0.0000,0.0000
84.3667,20.2864,-13.7900,0.0000,-1043.7187,755.8921,4419.0312,0.0000,0.0000
84.3833,20.2970,-13.7350,0.0000,-1045.0542,754.9073,4409.8788,0.0000,0.0000
84.4000,20.3077,-13.6800,0.0000,-1046.2769,753.9244,4400.7264,0.0000,0.0000
84.4167,20.3184,-13.6250,0.0000,-1047.3910,752.9431,4391.5740,0.0000,0.0000
84.4333,20.3293,-13.5700,0.0000,-1048.4006,751.9634,4382.4216,0.0000,0.0000
84.4500,20.3402,-13.5150,0.0000,-1049.3093,750.9853,4373.2692,0.0000,0.0000
84.4667,20.3511,-13.4600,0.0000,-1050.1209,750.0086,4364.1168,0.0000,0.0000
84.4833,20.3622,-13.4050,0.0000,-1050.8385,749.0333,4354.9644,0.0000,0.0000
84.5000,20.3733,-13.3500,0.0000,-1051.4654,748.0593,4345.8120,0.0000,0.0000
84.5167,20.3844,-13.2950,0.0000,-1052.0045,747.0865,4336.6596,0.0000,0.0000
84.5333,20.3956,-13.2400,0.0000,-1052.4586,746.1148,4327.5072,0.0000,0.0000
84.5500,20.4068,-13.1850,0.0000,-1052.8304,745.1443,4318.3548,0.0000,0.0000
84.5667,20.4181,-13.1300,0.0000,-1053.1225,744.1748,4309.2024,0.0000,0.0000
84.5833,20.4295,-13.0750,0.0000,-1053.3373,743.2062,4300.0500,0.0000,0.0000
84.6000,20.4408,-13.0200,0.0000,-1053.4771,742.2386,4290.8976,0.0000,0.0000
84.6167,20.4523,-12.9650,0.0000,-1053.5442,741.2718,4281.7452,0.0000,0.0000
84.6333,20.4637,-12.9100,0.0000,-1053.5405,740.3057,4272.5928,0.0000,0.0000
84.6500,20.4752,-12.8550,0.0000,-1053.4682,739.3404,4263.4404,0.0000,0.0000
84.6667,20.4867,-12.8000,0.0000,-1053.3292,738.3758,4254.2880,0.0000,0.0000
84.6833,20.4983,-12.7450,0.0000,-1053.1254,737.4118,4245.1356,0.0000,0.0000
84.7000,20.5098,-12.6900,0.0000,-1052.8585,736.4483,4235.9832,0.0000,0.0000
84.7167,20.5214,-12.6350,0.0000,-1052.5303,735.4854,4226.8308,0.0000,0.0000
84.7333,20.5330,-12.5800,0.0000,-1052.1424,734.5229,4217.6784,0.0000,0.0000
84.7500,20.5446,-12.5250,0.0000,-1051.6965,733.5608,4208.5260,0.0000,0.0000
84.7667,20.5563,-12.4700,0.0000,-1051.1940,732.5992,4199.3736,0.0000,0.0000
84.7833,20.5680,-12.4150,0.0000,-1050.6365,731.6378,4190.2212,0.0000,0.0000
84.8000,20.5796,-12.3600,0.0000,-1050.0253,730.6767,4181.0688,0.0000,0.0000
84.8167,20.5913,-12.3050,0.0000,-1049.3619,729.7159,4171.9164,0.0000,0.0000
84.8333,20.6030,-12.2500,0.0000,-1048.6477,728.7553,4162.7640,0.0000,0.0000
84.8500,20.6147,-12.1950,0.0000,-1047.8838,727.7948,4153.6116,0.0000,0.0000
84.8667,20.6264,-12.1400,0.0000,-1047.0715,726.8345,4144.4592,0.0000,0.0000
84.8833,20.6381,-12.0850,0.0000,-1046.2122,725.8742,4135.3068,0.0000,0.0000
84.9000,20.6498,-12.0300,0.0000,-1045.3068,724.9140,4126.1544,0.0000,0.0000
84.9167,20.6616,-11.9750,0.0000,-1044.3566,723.9538,4117.0020,0.0000,0.0000
84.9333,20.6733,-11.9200,0.0000,-1043.3627,722.9936,4107.8496,0.0000,0.0000
84.9500,20.6850,-11.8650,0.0000,-1042.3262,722.0333,4098.6972,0.0000,0.0000
84.9667,20.6967,-11.8100,0.0000,-1041.2481,721.0729,4089.5448,0.0000,0.0000
84.9833,20.7084,-11.7550,0.0000,-1040.1293,720.1124,4080.3924,0.0000,0.0000
85.0000,20.7201,-11.7000,0.0000,-1038.9709,719.1517,4071.2400,0.0000,0.0000
85.0167,20.7316,-11.7183,0.0000,-1034.7530,719.8138,4053.8820,0.0000,0.0000
85.0333,20.7429,-11.7367,0.0000,-1030.2321,720.4717,4036.5240,0.0000,0.0000
85.0500,20.7540,-11.7550,0.0000,-1025.4823,721.1252,4019.1660,0.0000,0.0000
85.0667,20.7650,-11.7733,0.0000,-1020.5526,721.7741,4001.8080,0.0000,0.0000
85.0833,20.7750,-11.7917,0.0000,-1015.7432,722.4033,3984.4500,0.0000,0.0000
85.1000,20.7848,-11.8100,0.0000,-1010.7708,723.0282,3967.0920,0.0000,0.0000
85.1167,20.7945,-11.8283,0.0000,-1005.6637,723.6488,3949.7340,0.0000,0.0000
85.1333,20.8039,-11.8467,0.0000,-1000.4419,724.2650,3932.3760,0.0000,0.0000
85.1500,20.8132,-11.8650,0.0000,-995.1198,724.8766,3915.0180,0.0000,0.0000
85.1667,20.8222,-11.8833,0.0000,-989.7084,725.4837,3897.6600,0.0000,0.0000
85.1833,20.8310,-11.9017,0.0000,-984.2162,726.0862,3880.3020,0.0000,0.0000
85.2000,20.8396,-11.9200,0.0000,-978.6499,726.6840,3862.9440,0.0000,0.0000
85.2167,20.8480,-11.9383,0.0000,-973.0145,727.2771,3845.5860,0.0000,0.0000
85.2333,20.8562,-11.9567,0.0000,-967.3143,727.8654,3828.2280,0.0000,0.0000
85.2500,20.8642,-11.9750,0.0000,-961.5529,728.4489,3810.8700,0.0000,0.0000
85.2667,20.8719,-11.9933,0.0000,-955.7328,729.0275,3793.5120,0.0000,0.0000
85.2833,20.8795,-12.0117,0.0000,-949.8567,729.6013,3776.1540,0.0000,0.0000
85.3000,20.8868,-12.0300,0.0000,-943.9263,730.1702,3758.7960,0.0000,0.0000
85.3167,20.8939,-12.0483,0.0000,-937.9435,730.7340,3741.4380,0.0000,0.0000
85.3333,20.9007,-12.0667,0.0000,-931.9097,731.2929,3724.0800,0.0000,0.0000
85.3500,20.9074,-12.0850,0.0000,-925.8262,731.8468,3706.7220,0.0000,0.0000
85.3667,20.9138,-12.1033,0.0000,-919.6941,732.3956,3689.3640,0.0000,0.0000
85.3833,20.9200,-12.1217,0.0000,-913.5146,732.9392,3672.0060,0.0000,0.0000
85.4000,20.9259,-12.1400,0.0000,-907.2887,733.4778,3654.6480,0.0000,0.0000
85.4167,20.9316,-12.1583,0.0000,-901.0172,734.0112,3637.2900,0.0000,0.0000
85.4333,20.9371,-12.1767,0.0000,-894.7011,734.5394,3619.9320,0.0000,0.0000
85.4500,20.9423,-12.1950,0.0000,-888.3412,735.0624,3602.5740,0.0000,0.0000
85.4667,20.9473,-12.2133,0.0000,-881.9383,735.5802,3585.2160,0.0000,0.0000
85.4833,20.9521,-12.2317,0.0000,-875.4934,736.0927,3567.8580,0.0000,0.0000
85.5000,20.9566,-12.2500,0.0000,-869.0073,736.5998,3550.5000,0.0000,0.0000
85.5167,20.9609,-12.2683,0.0000,-862.4807,737.1017,3533.1420,0.0000,0.0000
85.5333,20.9650,-12.2867,0.0000,-855.9145,737.5982,3515.7840,0.0000,0.0000
85.5500,20.9688,-12.3050,0.0000,-849.3095,738.0893,3498.4260,0.0000,0.0000
85.5667,20.9724,-12.3233,0.0000,-842.6666,738.5750,3481.0680,0.0000,0.0000
85.5833,20.9757,-12.3417,0.0000,-835.9867,739.0553,3463.7100,0.0000,0.0000
85.6000,20.9787,-12.3600,0.0000,-829.2705,739.5301,3446.3520,0.0000,0.0000
85.6167,20.9816,-12.3783,0.0000,-822.5189,739.9995,3428.9940,0.0000,0.0000
85.6333,20.9842,-12.3967,0.0000,-815.7328,740.4633,3411.6360,0.0000,0.0000
85.6500,20.9865,-12.4150,0.0000,-808.9131,740.9217,3394.2780,0.0000,0.0000
85.6667,20.9886,-12.4333,0.0000,-802.0606,741.3745,3376.9200,0.0000,0.0000
85.6833,20.9904,-12.4517,0.0000,-795.1762,741.8218,3359.5620,0.0000,0.0000
85.7000,20.9920,-12.4700,0.0000,-788.2608,742.2634,3342.2040,0.0000,0.0000
85.7167,20.9933,-12.4883,0.0000,-781.3153,742.6995,3324.8460,0.0000,0.0000
85.7333,20.9944,-12.5067,0.0000,-774.3405,743.1300,3307.4880,0.0000,0.0000
85.7500,20.9952,-12.5250,0.0000,-767.3373,743.5548,3290.1300,0.0000,0.0000
85.7667,20.9957,-12.5433,0.0000,-760.3066,743.9740,3272.7720,0.0000,0.0000
85.7833,20.9961,-12.5617,0.0000,-753.2493,744.3875,3255.4140,0.0000,0.0000
85.8000,20.9961,-12.5800,0.0000,-746.1661,744.7953,3238.0560,0.0000,0.0000
85.8167,20.9959,-12.5983,0.0000,-739.0581,745.1975,3220.6980,0.0000,0.0000
85.8333,20.9954,-12.6167,0.0000,-731.9260,745.5939,3203.3400,0.0000,0.0000
85.8500,20.9947,-12.6350,0.0000,-724.7708,745.9847,3185.9820,0.0000,0.0000
85.8667,20.9937,-12.6533,0.0000,-717.5931,746.3696,3168.6240,0.0000,0.0000
85.8833,20.9925,-12.6717,0.0000,-710.3940,746.7489,3151.2660,0.0000,0.0000
85.9000,20.9910,-12.6900,0.0000,-703.1741,747.1224,3133.9080,0.0000,0.0000
85.9167,20.9893,-12.7083,0.0000,-695.9344,747.4901,3116.5500,0.0000,0.0000
85.9333,20.9872,-12.7267,0.0000,-688.6756,747.8520,3099.1920,0.0000,0.0000
85.9500,20.9850,-12.7450,0.0000,-681.3985,748.2082,3081.8340,0.0000,0.0000
85.9667,20.9824,-12.7633,0.0000,-674.1040,748.5585,3064.4760,0.0000,0.0000
85.9833,20.9796,-12.7817,0.0000,-666.7928,748.9031,3047.1180,0.0000,0.0000
86.0000,20.9766,-12.8000,0.0000,-659.4656,749.2418,3029.7600,0.0000,0.0000
86.0167,20.9732,-12.8267,0.0000,-651.5441,749.7591,3006.8790,0.0000,0.0000
86.0333,20.9696,-12.8533,0.0000,-643.3983,750.2697,2983.9980,0.0000,0.0000
86.0500,20.9656,-12.8800,0.0000,-635.0749,750.7737,2961.1170,0.0000,0.0000
86.0667,20.9614,-12.9067,0.0000,-626.6065,751.2708,2938.2360,0.0000,0.0000
86.0833,20.9568,-12.9333,0.0000,-618.0164,751.7611,2915.3550,0.0000,0.0000
86.1000,20.9516,-12.9600,0.0000,-608.8316,752.2365,2892.4740,0.0000,0.0000
86.1167,20.9460,-12.9867,0.0000,-599.6194,752.7040,2869.5930,0.0000,0.0000
86.1333,20.9400,-13.0133,0.0000,-590.3718,753.1637,2846.7120,0.0000,0.0000
86.1500,20.9337,-13.0400,0.0000,-581.0859,753.6155,2823.8310,0.0000,0.0000
86.1667,20.9271,-13.0667,0.0000,-571.7609,754.0594,2800.9500,0.0000,0.0000
86.1833,20.9201,-13.0933,0.0000,-562.3974,754.4953,2778.0690,0.0000,0.0000
86.2000,20.9127,-13.1200,0.0000,-552.9967,754.9233,2755.1880,0.0000,0.0000
86.2167,20.9050,-13.1467,0.0000,-543.5601,755.3432,2732.3070,0.0000,0.0000
86.2333,20.8969,-13.1733,0.0000,-534.0890,755.7552,2709.4260,0.0000,0.0000
86.2500,20.8884,-13.2000,0.0000,-524.5844,756.1591,2686.5450,0.0000,0.0000
86.2667,20.8796,-13.2267,0.0000,-515.0475,756.5550,2663.6640,0.0000,0.0000
86.2833,20.8704,-13.2533,0.0000,-505.4793,756.9427,2640.7830,0.0000,0.0000
86.3000,20.8608,-13.2800,0.0000,-495.8804,757.3225,2617.9020,0.0000,0.0000
86.3167,20.8509,-13.3067,0.0000,-486.2517,757.6940,2595.0210,0.0000,0.0000
86.3333,20.8406,-13.3333,0.0000,-476.5938,758.0575,2572.1400,0.0000,0.0000
86.3500,20.8300,-13.3600,0.0000,-466.9074,758.4129,2549.2590,0.0000,0.0000
86.3667,20.8190,-13.3867,0.0000,-457.1931,758.7600,2526.3780,0.0000,0.0000
86.3833,20.8076,-13.4133,0.0000,-447.4514,759.0990,2503.4970,0.0000,0.0000
86.4000,20.7958,-13.4400,0.0000,-437.6829,759.4298,2480.6160,0.0000,0.0000
86.4167,20.7837,-13.4667,0.0000,-427.8883,759.7525,2457.7350,0.0000,0.0000
86.4333,20.7712,-13.4933,0.0000,-418.0680,760.0669,2434.8540,0.0000,0.0000
86.4500,20.7584,-13.5200,0.0000,-408.2220,760.3730,2411.9730,0.0000,0.0000
86.4667,20.7451,-13.5467,0.0000,-398.3502,760.6709,2389.0920,0.0000,0.0000
86.4833,20.7315,-13.5733,0.0000,-388.4528,760.9606,2366.2110,0.0000,0.0000
86.5000,20.7175,-13.6000,0.0000,-378.5298,761.2420,2343.3300,0.0000,0.0000
86.5167,20.7032,-13.6267,0.0000,-368.5817,761.5151,2320.4490,0.0000,0.0000
86.5333,20.6885,-13.6533,0.0000,-358.6092,761.7799,2297.5680,0.0000,0.0000
86.5500,20.6734,-13.6800,0.0000,-348.6129,762.0364,2274.6870,0.0000,0.0000
86.5667,20.6579,-13.7067,0.0000,-338.5938,762.2846,2251.8060,0.0000,0.0000
86.5833,20.6420,-13.7333,0.0000,-328.5530,762.5244,2228.9250,0.0000,0.0000
86.6000,20.6258,-13.7600,0.0000,-318.4913,762.7559,2206.0440,0.0000,0.0000
86.6167,20.6092,-13.7867,0.0000,-308.4099,762.9790,2183.1630,0.0000,0.0000
86.6333,20.5922,-13.8133,0.0000,-298.3098,763.1938,2160.2820,0.0000,0.0000
86.6500,20.5748,-13.8400,0.0000,-288.1921,763.4002,2137.4010,0.0000,0.0000
86.6667,20.5571,-13.8667,0.0000,-278.0577,763.5982,2114.5200,0.0000,0.0000
86.6833,20.5390,-13.8933,0.0000,-267.9076,763.7878,2091.6390,0.0000,0.0000
86.7000,20.5205,-13.9200,0.0000,-257.7427,763.9691,2068.7580,0.0000,0.0000
86.7167,20.5016,-13.9467,0.0000,-247.5633,764.1419,2045.8770,0.0000,0.0000
86.7333,20.4824,-13.9733,0.0000,-237.3685,764.3064,2022.9960,0.0000,0.0000
86.7500,20.4627,-14.0000,0.0000,-227.1568,764.4625,2000.1150,0.0000,0.0000
86.7667,20.4427,-14.0267,0.0000,-216.9270,764.6101,1977.2340,0.0000,0.0000
86.7833,20.4223,-14.0533,0.0000,-206.6780,764.7493,1954.3530,0.0000,0.0000
86.8000,20.4016,-14.0800,0.0000,-196.4093,764.8801,1931.4720,0.0000,0.0000
86.8167,20.3804,-14.1067,0.0000,-186.1213,765.0025,1908.5910,0.0000,0.0000
86.8333,20.3589,-14.1333,0.0000,-175.8144,765.1164,1885.7100,0.0000,0.0000
86.8500,20.3370,-14.1600,0.0000,-165.4900,765.2218,1862.8290,0.0000,0.0000
86.8667,20.3147,-14.1867,0.0000,-155.1491,765.3188,1839.9480,0.0000,0.0000
86.8833,20.2920,-14.2133,0.0000,-144.7934,765.4073,1817.0670,0.0000,0.0000
86.9000,20.2689,-14.2400,0.0000,-134.4242,765.4873,1794.1860,0.0000,0.0000
86.9167,20.2455,-14.2667,0.0000,-124.0433,765.5589,1771.3050,0.0000,0.0000
86.9333,20.2217,-14.2933,0.0000,-113.6520,765.6220,1748.4240,0.0000,0.0000
86.9500,20.1975,-14.3200,0.0000,-103.2518,765.6766,1725.5430,0.0000,0.0000
86.9667,20.1729,-14.3467,0.0000,-92.8442,765.7228,1702.6620,0.0000,0.0000
86.9833,20.1479,-14.3733,0.0000,-82.4305,765.7604,1679.7810,0.0000,0.0000
87.0000,20.1226,-14.4000,0.0000,-72.0109,765.7896,1656.9000,0.0000,0.0000
87.0167,20.0968,-14.4383,0.0000,-61.1286,766.0686,1633.0722,0.0000,0.0000
87.0333,20.0706,-14.4767,0.0000,-50.2160,766.3384,1609.2444,0.0000,0.0000
87.0500,20.0441,-14.5150,0.0000,-39.2819,766.5992,1585.4166,0.0000,0.0000
87.0667,20.0171,-14.5533,0.0000,-28.3328,766.8510,1561.5888,0.0000,0.0000
87.0833,19.9924,-14.5917,761.0091,-15.8955,767.1539,1537.7610,0.0000,0.0000
87.1000,19.9740,-14.6300,2597.7817,0.1190,767.5968,1513.9332,0.0000,0.0000
87.1167,19.9600,-14.6683,3996.7619,18.5331,768.1368,1490.1054,0.0000,0.0000
87.1333,19.9492,-14.7067,5078.9341,38.6178,768.7471,1466.2776,0.0000,0.0000
87.1500,19.9407,-14.7450,5931.7097,59.8594,769.4082,1442.4498,0.0000,0.0000
87.1667,19.9338,-14.7833,6618.2661,81.8951,770.1063,1418.6220,0.0000,0.0000
87.1833,19.9282,-14.8217,7184.2816,104.4690,770.8310,1394.7942,0.0000,0.0000
87.2000,19.9234,-14.8600,7662.7951,127.4005,771.5752,1370.9664,0.0000,0.0000
87.2167,19.9192,-14.8983,8077.7130,150.5628,772.3335,1347.1386,0.0000,0.0000
87.2333,19.9155,-14.9367,8446.3418,173.8670,773.1020,1323.3108,0.0000,0.0000
87.2500,19.9122,-14.9750,8781.2167,197.2515,773.8781,1299.4830,0.0000,0.0000
87.2667,19.9091,-15.0133,9091.4227,220.6737,774.6596,1275.6552,0.0000,0.0000
87.2833,19.9061,-15.0517,9390.8913,244.4871,775.4435,1251.8274,0.0000,0.0000
87.3000,19.9033,-15.0900,9668.7507,267.8939,776.2322,1227.9996,0.0000,0.0000
87.3167,19.9006,-15.1283,9937.0101,291.2753,777.0230,1204.1718,0.0000,0.0000
87.3333,19.8980,-15.1667,10198.1325,314.6221,777.8154,1180.3440,0.0000,0.0000
87.3500,19.8955,-15.2050,10453.9096,337.9280,778.6090,1156.5162,0.0000,0.0000
87.3667,19.8929,-15.2433,10705.6462,361.1897,779.4034,1132.6884,0.0000,0.0000
87.3833,19.8905,-15.2817,10954.2956,384.4053,780.1986,1108.8606,0.0000,0.0000
87.4000,19.8880,-15.3200,11200.5560,407.5745,780.9943,1085.0328,0.0000,0.0000
87.4167,19.8856,-15.3583,11444.9415,430.6978,781.7904,1061.2050,0.0000,0.0000
87.4333,19.8831,-15.3967,11687.8323,453.7765,782.5868,1037.3772,0.0000,0.0000
87.4500,19.8807,-15.4350,11929.5118,476.8121,783.3836,1013.5494,0.0000,0.0000
87.4667,19.8783,-15.4733,12170.1925,499.8064,784.1805,989.7216,0.0000,0.0000
87.4833,19.8759,-15.5117,12410.0356,522.7613,784.9776,965.8938,0.0000,0.0000
87.5000,19.8735,-15.5500,12649.1645,545.6788,785.7749,942.0660,0.0000,0.0000
87.5167,19.8711,-15.5883,12887.6749,568.5608,786.5723,918.2382,0.0000,0.0000
87.5333,19.8687,-15.6267,13125.6422,591.4092,787.3698,894.4104,0.0000,0.0000
87.5500,19.8663,-15.6650,13369.3647,614.5999,788.1661,870.5826,0.0000,0.0000
87.5667,19.8639,-15.7033,13605.7202,637.3760,788.9640,846.7548,0.0000,0.0000
87.5833,19.8616,-15.7417,13841.8464,660.1268,789.7619,822.9270,0.0000,0.0000
87.6000,19.8592,-15.7800,14077.7427,682.8544,790.5599,799.0992,0.0000,0.0000
87.6167,19.8569,-15.8183,14313.4137,705.5608,791.3580,775.2714,0.0000,0.0000
87.6333,19.8545,-15.8567,14548.8664,728.2473,792.1561,751.4436,0.0000,0.0000
87.6500,19.8522,-15.8950,14784.1092,750.9151,792.9542,727.6158,0.0000,0.0000
87.6667,19.8498,-15.9333,15019.1509,773.5651,793.7524,703.7880,0.0000,0.0000
87.6833,19.8475,-15.9717,15253.9998,796.1982,794.5506,679.9602,0.0000,0.0000
87.7000,19.8451,-16.0100,15488.6635,818.8148,795.3489,656.1324,0.0000,0.0000
87.7167,19.8428,-16.0483,15723.1490,841.4155,796.1472,632.3046,0.0000,0.0000
87.7333,19.8404,-16.0867,15957.4625,864.0007,796.9455,608.4768,0.0000,0.0000
87.7500,19.8381,-16.1250,16191.6093,886.5706,797.7439,584.6490,0.0000,0.0000
87.7667,19.8357,-16.1633,16425.5943,909.1257,798.5423,560.8212,0.0000,0.0000
87.7833,19.8334,-16.2017,16659.4217,931.6662,799.3408,536.9934,0.0000,0.0000
87.8000,19.8311,-16.2400,16893.0952,954.1922,800.1393,513.1656,0.0000,0.0000
87.8167,19.8287,-16.2783,17126.6204,976.7050,800.9378,489.3378,0.0000,0.0000
87.8333,19.8264,-16.3167,17360.0071,999.2067,801.7363,465.5100,0.0000,0.0000
87.8500,19.8241,-16.3550,17593.2698,1021.6999,802.5349,441.6822,0.0000,0.0000
87.8667,19.8217,-16.3933,17826.4263,1044.1875,803.3335,417.8544,0.0000,0.0000
87.8833,19.8194,-16.4317,18059.4957,1066.6718,804.1321,394.0266,0.0000,0.0000
87.9000,19.8171,-16.4700,18292.4961,1089.1541,804.9308,370.1988,0.0000,0.0000
87.9167,19.8147,-16.5083,18525.4429,1111.6353,805.7294,346.3710,0.0000,0.0000
87.9333,19.8124,-16.5467,18758.3481,1134.1157,806.5281,322.5432,0.0000,0.0000
87.9500,19.8101,-16.5850,18991.2196,1156.5949,807.3268,298.7154,0.0000,0.0000
87.9667,19.8078,-16.6233,19224.0617,1179.0723,808.1254,274.8876,0.0000,0.0000
87.9833,19.8054,-16.6617,19456.8755,1201.5471,808.9241,251.0598,0.0000,0.0000
88.0000,19.8031,-16.7000,19689.6591,1224.0184,809.7228,227.2320,0.0000,0.0000
88.0167,19.8008,-16.7550,19922.5238,1246.1392,810.8912,223.4448,0.0000,0.0000
88.0333,19.7985,-16.8100,20153.5322,1267.5434,812.0599,219.6576,0.0000,0.0000
88.0500,19.7962,-16.8650,20381.6648,1288.3807,813.2294,215.8704,0.0000,0.0000
88.0667,19.7939,-16.9200,20606.4440,1308.7520,814.3995,212.0832,0.0000,0.0000
88.0833,19.7917,-16.9750,20827.7096,1328.7283,815.5705,208.2960,0.0000,0.0000
88.1000,19.7895,-17.0300,21045.4837,1348.3619,816.7422,204.5088,0.0000,0.0000
88.1167,19.7874,-17.0850,21259.8884,1367.6925,817.9147,200.7216,0.0000,0.0000
88.1333,19.7853,-17.1400,21471.0962,1386.7509,819.0878,196.9344,0.0000,0.0000
88.1500,19.7832,-17.1950,21679.3001,1405.5621,820.2617,193.1472,0.0000,0.0000
88.1667,19.7812,-17.2500,21884.6955,1424.1463,821.4361,189.3600,0.0000,0.0000
88.1833,19.7791,-17.3050,22087.4707,1442.5203,822.6112,185.5728,0.0000,0.0000
88.2000,19.7771,-17.3600,22292.9270,1460.9823,823.7856,181.7856,0.0000,0.0000
88.2167,19.7751,-17.4150,22490.3641,1478.9757,824.9619,177.9984,0.0000,0.0000
88.2333,19.7731,-17.4700,22685.8106,1496.7898,826.1385,174.2112,0.0000,0.0000
88.2500,19.7712,-17.5250,22879.3416,1514.4329,827.3156,170.4240,0.0000,0.0000
88.2667,19.7693,-17.5800,23071.0301,1531.9116,828.4931,166.6368,0.0000,0.0000
88.2833,19.7674,-17.6350,23260.9456,1549.2320,829.6710,162.8496,0.0000,0.0000
88.3000,19.7655,-17.6900,23449.1533,1566.3993,830.8493,159.0624,0.0000,0.0000
88.3167,19.7636,-17.7450,23635.7145,1583.4187,832.0280,155.2752,0.0000,0.0000
88.3333,19.7618,-17.8000,23820.6865,1600.2947,833.2070,151.4880,0.0000,0.0000
88.3500,19.7600,-17.8550,24004.1231,1617.0318,834.3863,147.7008,0.0000,0.0000
88.3667,19.7581,-17.9100,24186.0750,1633.6342,835.5660,143.9136,0.0000,0.0000
88.3833,19.7563,-17.9650,24366.5894,1650.1057,836.7459,140.1264,0.0000,0.0000
88.4000,19.7545,-18.0200,24545.7107,1666.4499,837.9262,136.3392,0.0000,0.0000
88.4167,19.7528,-18.0750,24723.4806,1682.6702,839.1068,132.5520,0.0000,0.0000
88.4333,19.7510,-18.1300,24899.9381,1698.7698,840.2877,128.7648,0.0000,0.0000
88.4500,19.7492,-18.1850,25075.1198,1714.7518,841.4689,124.9776,0.0000,0.0000
88.4667,19.7475,-18.2400,25253.5007,1730.8638,842.6493,121.1904,0.0000,0.0000
88.4833,19.7457,-18.2950,25425.7086,1746.6219,843.8312,117.4032,0.0000,0.0000
88.5000,19.7440,-18.3500,25596.8846,1762.2700,845.0132,113.6160,0.0000,0.0000
88.5167,19.7423,-18.4050,25767.0216,1777.8121,846.1955,109.8288,0.0000,0.0000
88.5333,19.7406,-18.4600,25936.1231,1793.2514,847.3780,106.0416,0.0000,0.0000
88.5500,19.7390,-18.5150,26104.1987,1808.5906,848.5608,102.2544,0.0000,0.0000
88.5667,19.7373,-18.5700,26271.2612,1823.8318,849.7437,98.4672,0.0000,0.0000
88.5833,19.7356,-18.6250,26437.3254,1838.9772,850.9269,94.6800,0.0000,0.0000
88.6000,19.7340,-18.6800,26602.4064,1854.0282,852.1103,90.8928,0.0000,0.0000
88.6167,19.7323,-18.7350,26766.5194,1868.9864,853.2940,87.1056,0.0000,0.0000
88.6333,19.7307,-18.7900,26929.6792,1883.8532,854.4778,83.3184,0.0000,0.0000
88.6500,19.7291,-18.8450,27091.9001,1898.6299,855.6618,79.5312,0.0000,0.0000
88.6667,19.7275,-18.9000,27253.1960,1913.3177,856.8461,75.7440,0.0000,0.0000
88.6833,19.7259,-18.9550,27413.5801,1927.9179,858.0305,71.9568,0.0000,0.0000
88.7000,19.7243,-19.0100,27573.0653,1942.4316,859.2152,68.1696,0.0000,0.0000
88.7167,19.7227,-19.0650,27731.6642,1956.8599,860.4000,64.3824,0.0000,0.0000
88.7333,19.7211,-19.1200,27893.4017,1971.4232,861.5842,60.5952,0.0000,0.0000
88.7500,19.7195,-19.1750,28049.7932,1985.6899,862.7695,56.8080,0.0000,0.0000
88.7667,19.7179,-19.2300,28205.4847,1999.8785,863.9550,53.0208,0.0000,0.0000
88.7833,19.7164,-19.2850,28360.4671,2013.9935,865.1407,49.2336,0.0000,0.0000
88.8000,19.7149,-19.3400,28514.7432,2028.0387,866.3265,45.4464,0.0000,0.0000
88.8167,19.7133,-19.3950,28668.3222,2042.0166,867.5124,41.6592,0.0000,0.0000
88.8333,19.7118,-19.4500,28821.2161,2055.9292,868.6985,37.8720,0.0000,0.0000
88.8500,19.7103,-19.5050,28973.4370,2069.7776,869.8848,34.0848,0.0000,0.0000
88.8667,19.7088,-19.5600,29124.9957,2083.5628,871.0712,30.2976,0.0000,0.0000
88.8833,19.7072,-19.6150,29275.9012,2097.2850,872.2577,26.5104,0.0000,0.0000
88.9000,19.7057,-19.6700,29426.1607,2110.9444,873.4444,22.7232,0.0000,0.0000
88.9167,19.7042,-19.7250,29575.7795,2124.5410,874.6313,18.9360,0.0000,0.0000
88.9333,19.7028,-19.7800,29724.7616,2138.0750,875.8183,15.1488,0.0000,0.0000
88.9500,19.7013,-19.8350,29873.1097,2151.5461,877.0054,11.3616,0.0000,0.0000
88.9667,19.6998,-19.8900,30020.8257,2164.9545,878.1926,7.5744,0.0000,0.0000
88.9833,19.6983,-19.9450,30167.9111,2178.3000,879.3800,3.7872,0.0000,0.0000
89.0000,19.6968,-20.0000,30318.0813,2191.7838,880.5668,0.0000,0.0000,0.0000
89.0167,19.6955,-20.0000,30454.6838,2202.9189,880.5365,0.0000,0.0000,0.0000
89.0333,19.6942,-20.0000,30584.1156,2213.9059,880.5077,0.0000,0.0000,0.0000
89.0500,19.6929,-20.0000,30707.9295,2224.7593,880.4803,0.0000,0.0000,0.0000
89.0667,19.6917,-20.0000,30827.2870,2235.4873,880.4538,0.0000,0.0000,0.0000
89.0833,19.6906,-20.0000,30943.0529,2246.0945,880.4281,0.0000,0.0000,0.0000
89.1000,19.6894,-20.0000,31055.8692,2256.5835,880.4031,0.0000,0.0000,0.0000
89.1167,19.6883,-20.0000,31166.2112,2266.9559,880.3786,0.0000,0.0000,0.0000
89.1333,19.6873,-20.0000,31274.4306,2277.2128,880.3546,0.0000,0.0000,0.0000
89.1500,19.6862,-20.0000,31380.7878,2287.3550,880.3310,0.0000,0.0000,0.0000
89.1667,19.6851,-20.0000,31485.4753,2297.3832,880.3078,0.0000,0.0000,0.0000
89.1833,19.6841,-20.0000,31588.6361,2307.2978,880.2849,0.0000,0.0000,0.0000
89.2000,19.6831,-20.0000,31690.3766,2317.0996,880.2623,0.0000,0.0000,0.0000
89.2167,19.6821,-20.0000,31790.7761,2326.7888,880.2401,0.0000,0.0000,0.0000
89.2333,19.6811,-20.0000,31889.8943,2336.3662,880.2181,0.0000,0.0000,0.0000
89.2500,19.6801,-20.0000,31987.7765,2345.8322,880.1964,0.0000,0.0000,0.0000
89.2667,19.6792,-20.0000,32084.4571,2355.1873,880.1749,0.0000,0.0000,0.0000
89.2833,19.6782,-20.0000,32179.9632,2364.4322,880.1537,0.0000,0.0000,0.0000
89.3000,19.6773,-20.0000,32274.3159,2373.5674,880.1328,0.0000,0.0000,0.0000
89.3167,19.6763,-20.0000,32367.5325,2382.5934,880.1121,0.0000,0.0000,0.0000
89.3333,19.6754,-20.0000,32459.6274,2391.5111,880.0917,0.0000,0.0000,0.0000
89.3500,19.6745,-20.0000,32550.6128,2400.3209,880.0715,0.0000,0.0000,0.0000
89.3667,19.6736,-20.0000,32640.4997,2409.0237,880.0516,0.0000,0.0000,0.0000
89.3833,19.6727,-20.0000,32729.2981,2417.6202,880.0319,0.0000,0.0000,0.0000
89.4000,19.6718,-20.0000,32817.0191,2426.1118,880.0124,0.0000,0.0000,0.0000
89.4167,19.6710,-20.0000,32903.6746,2434.5000,879.9932,0.0000,0.0000,0.0000
89.4333,19.6701,-20.0000,32989.2745,2442.7851,879.9742,0.0000,0.0000,0.0000
89.4500,19.6693,-20.0000,33073.8258,2450.9670,879.9555,0.0000,0.0000,0.0000
89.4667,19.6684,-20.0000,33157.3316,2459.0450,879.9369,0.0000,0.0000,0.0000
89.4833,19.6676,-20.0000,33239.7926,2467.0185,879.9186,0.0000,0.0000,0.0000
89.5000,19.6668,-20.0000,33321.2084,2474.8870,879.9006,0.0000,0.0000,0.0000
89.5167,19.6660,-20.0000,33401.5785,2482.6507,879.8828,0.0000,0.0000,0.0000
89.5333,19.6652,-20.0000,33480.9035,2490.3098,879.8652,0.0000,0.0000,0.0000
89.5500,19.6644,-20.0000,33559.1857,2497.8650,879.8478,0.0000,0.0000,0.0000
89.5667,19.6636,-20.0000,33636.4294,2505.3173,879.8307,0.0000,0.0000,0.0000
89.5833,19.6629,-20.0000,33712.6408,2512.6680,879.8138,0.0000,0.0000,0.0000
89.6000,19.6621,-20.0000,33787.8278,2519.9181,879.7971,0.0000,0.0000,0.0000
89.6167,19.6614,-20.0000,33862.0001,2527.0693,879.7806,0.0000,0.0000,0.0000
89.6333,19.6606,-20.0000,33935.1684,2534.1229,879.7644,0.0000,0.0000,0.0000
89.6500,19.6599,-20.0000,34007.3446,2541.0803,879.7484,0.0000,0.0000,0.0000
89.6667,19.6592,-20.0000,34078.5414,2547.9431,879.7326,0.0000,0.0000,0.0000
89.6833,19.6585,-20.0000,34148.7721,2554.7128,879.7170,0.0000,0.0000,0.0000
89.7000,19.6578,-20.0000,34218.0504,2561.3909,879.7016,0.0000,0.0000,0.0000
89.7167,19.6571,-20.0000,34286.3902,2567.9788,879.6865,0.0000,0.0000,0.0000
89.7333,19.6565,-20.0000,34353.8058,2574.4780,879.6715,0.0000,0.0000,0.0000
89.7500,19.6558,-20.0000,34420.3113,2580.8900,879.6568,0.0000,0.0000,0.0000
89.7667,19.6551,-20.0000,34485.9210,2587.2161,879.6422,0.0000,0.0000,0.0000
89.7833,19.6545,-20.0000,34550.6491,2593.4579,879.6279,0.0000,0.0000,0.0000
89.8000,19.6539,-20.0000,34614.5121,2599.6175,879.6137,0.0000,0.0000,0.0000
89.8167,19.6532,-20.0000,34677.5294,2605.6979,879.5997,0.0000,0.0000,0.0000
89.8333,19.6526,-20.0000,34739.7219,2611.7014,879.5859,0.0000,0.0000,0.0000
89.8500,19.6520,-20.0000,34801.1102,2617.6300,879.5723,0.0000,0.0000,0.0000
89.8667,19.6514,-20.0000,34861.7135,2623.4853,879.5589,0.0000,0.0000,0.0000
89.8833,19.6508,-20.0000,34921.5483,2629.2681,879.5456,0.0000,0.0000,0.0000
89.9000,19.6502,-20.0000,34980.6292,2634.9794,879.5325,0.0000,0.0000,0.0000
89.9167,19.6496,-20.0000,35038.9685,2640.6199,879.5196,0.0000,0.0000,0.0000
89.9333,19.6490,-20.0000,35096.5771,2646.1901,879.5068,0.0000,0.0000,0.0000
89.9500,19.6485,-20.0000,35153.4648,2651.6908,879.4942,0.0000,0.0000,0.0000
89.9667,19.6479,-20.0000,35205.1174,2656.7885,879.4827,0.0000,0.0000,0.0000
89.9833,19.6474,-20.0000,35256.4191,2661.8222,879.4713,0.0000,0.0000,0.0000
90.0000,19.6469,-20.0000,35307.3035,2666.7941,879.4600,0.0000,0.0000,0.0000
90.0167,19.6464,-19.9900,35356.2962,2671.3525,879.2273,0.0000,0.0000,0.0000
90.0333,19.6460,-19.9800,35403.7337,2675.8567,878.9950,0.0000,0.0000,0.0000
90.0500,19.6455,-19.9700,35449.8671,2680.3063,878.7629,0.0000,0.0000,0.0000
90.0667,19.6451,-19.9600,35494.8854,2684.7011,878.5311,0.0000,0.0000,0.0000
90.0833,19.6446,-19.9500,35538.9303,2689.0413,878.2995,0.0000,0.0000,0.0000
90.1000,19.6442,-19.9400,35582.1092,2693.3273,878.0681,0.0000,0.0000,0.0000
90.1167,19.6438,-19.9300,35624.5037,2697.5592,877.8369,0.0000,0.0000,0.0000
90.1333,19.6433,-19.9200,35666.1763,2701.7378,877.6058,0.0000,0.0000,0.0000
90.1500,19.6429,-19.9100,35707.1753,2705.8635,877.3749,0.0000,0.0000,0.0000
90.1667,19.6425,-19.9000,35747.5385,2709.9369,877.1441,0.0000,0.0000,0.0000
90.1833,19.6421,-19.8900,35787.2958,2713.9586,876.9135,0.0000,0.0000,0.0000
90.2000,19.6417,-19.8800,35826.4712,2717.9293,876.6830,0.0000,0.0000,0.0000
90.2167,19.6413,-19.8700,35865.0844,2721.8496,876.4526,0.0000,0.0000,0.0000
90.2333,19.6410,-19.8600,35903.1518,2725.7202,876.2223,0.0000,0.0000,0.0000
90.2500,19.6406,-19.8500,35940.6873,2729.5418,875.9922,0.0000,0.0000,0.0000
90.2667,19.6402,-19.8400,35977.7030,2733.3149,875.7621,0.0000,0.0000,0.0000
90.2833,19.6399,-19.8300,36014.2097,2737.0402,875.5322,0.0000,0.0000,0.0000
90.3000,19.6395,-19.8200,36050.2168,2740.7184,875.3024,0.0000,0.0000,0.0000
90.3167,19.6391,-19.8100,36085.7333,2744.3501,875.0727,0.0000,0.0000,0.0000
90.3333,19.6388,-19.8000,36120.7672,2747.9359,874.8431,0.0000,0.0000,0.0000
90.3500,19.6384,-19.7900,36155.3263,2751.4765,874.6136,0.0000,0.0000,0.0000
90.3667,19.6381,-19.7800,36189.4178,2754.9724,874.3842,0.0000,0.0000,0.0000
90.3833,19.6378,-19.7700,36223.0487,2758.4243,874.1550,0.0000,0.0000,0.0000
90.4000,19.6374,-19.7600,36256.2257,2761.8327,873.9258,0.0000,0.0000,0.0000
90.4167,19.6371,-19.7500,36288.9553,2765.1983,873.6967,0.0000,0.0000,0.0000
90.4333,19.6368,-19.7400,36321.2437,2768.5215,873.4677,0.0000,0.0000,0.0000
90.4500,19.6365,-19.7300,36353.0971,2771.8031,873.2388,0.0000,0.0000,0.0000
90.4667,19.6362,-19.7200,36384.5215,2775.0435,873.0100,0.0000,0.0000,0.0000
90.4833,19.6358,-19.7100,36415.5227,2778.2432,872.7813,0.0000,0.0000,0.0000
90.5000,19.6355,-19.7000,36446.1066,2781.4029,872.5527,0.0000,0.0000,0.0000
90.5167,19.6352,-19.6900,36476.2786,2784.5230,872.3242,0.0000,0.0000,0.0000
90.5333,19.6349,-19.6800,36506.0444,2787.6041,872.0958,0.0000,0.0000,0.0000
90.5500,19.6346,-19.6700,36535.4094,2790.6467,871.8674,0.0000,0.0000,0.0000
90.5667,19.6344,-19.6600,36564.3788,2793.6512,871.6392,0.0000,0.0000,0.0000
90.5833,19.6341,-19.6500,36592.9580,2796.6183,871.4110,0.0000,0.0000,0.0000
90.6000,19.6338,-19.6400,36621.1522,2799.5483,871.1830,0.0000,0.0000,0.0000
90.6167,19.6335,-19.6300,36648.9663,2802.4418,870.9550,0.0000,0.0000,0.0000
90.6333,19.6332,-19.6200,36676.4053,2805.2992,870.7271,0.0000,0.0000,0.0000
90.6500,19.6330,-19.6100,36703.4742,2808.1210,870.4992,0.0000,0.0000,0.0000
90.6667,19.6327,-19.6000,36730.1778,2810.9077,870.2715,0.0000,0.0000,0.0000
90.6833,19.6324,-19.5900,36756.5207,2813.6596,870.0438,0.0000,0.0000,0.0000
90.7000,19.6322,-19.5800,36782.5078,2816.3774,869.8162,0.0000,0.0000,0.0000
90.7167,19.6319,-19.5700,36808.1434,2819.0613,869.5887,0.0000,0.0000,0.0000
90.7333,19.6317,-19.5600,36833.4323,2821.7118,869.3613,0.0000,0.0000,0.0000
90.7500,19.6314,-19.5500,36858.3787,2824.3293,869.1339,0.0000,0.0000,0.0000
90.7667,19.6312,-19.5400,36882.9871,2826.9143,868.9066,0.0000,0.0000,0.0000
90.7833,19.6309,-19.5300,36907.2617,2829.4672,868.6794,0.0000,0.0000,0.0000
90.8000,19.6307,-19.5200,36931.2068,2831.9883,868.4523,0.0000,0.0000,0.0000
90.8167,19.6305,-19.5100,36954.8265,2834.4781,868.2252,0.0000,0.0000,0.0000
90.8333,19.6302,-19.5000,36978.1249,2836.9369,867.9983,0.0000,0.0000,0.0000
90.8500,19.6300,-19.4900,37001.1060,2839.3652,867.7713,0.0000,0.0000,0.0000
90.8667,19.6298,-19.4800,37023.7738,2841.7632,867.5445,0.0000,0.0000,0.0000
90.8833,19.6295,-19.4700,37046.1321,2844.1314,867.3177,0.0000,0.0000,0.0000
90.9000,19.6293,-19.4600,37068.1848,2846.4702,867.0910,0.0000,0.0000,0.0000
90.9167,19.6291,-19.4500,37089.9356,2848.7798,866.8643,0.0000,0.0000,0.0000
90.9333,19.6289,-19.4400,37111.3882,2851.0607,866.6378,0.0000,0.0000,0.0000
90.9500,19.6287,-19.4300,37132.5462,2853.3132,866.4112,0.0000,0.0000,0.0000
90.9667,19.6285,-19.4200,37153.4133,2855.5376,866.1848,0.0000,0.0000,0.0000
90.9833,19.6283,-19.4100,37173.9930,2857.7343,865.9584,0.0000,0.0000,0.0000
91.0000,19.6280,-19.4000,37196.1697,2860.0718,865.7317,0.0000,0.0000,0.0000
91.0167,19.6278,-19.4100,37221.0446,2863.0879,865.9480,0.0000,0.0000,0.0000
91.0333,19.6275,-19.4200,37247.8044,2866.0681,866.1638,0.0000,0.0000,0.0000
91.0500,19.6273,-19.4300,37273.6206,2868.8560,866.3799,0.0000,0.0000,0.0000
91.0667,19.6270,-19.4400,37300.4201,2871.6167,866.5958,0.0000,0.0000,0.0000
91.0833,19.6267,-19.4500,37327.8969,2874.3529,866.8115,0.0000,0.0000,0.0000
91.1000,19.6264,-19.4600,37355.8260,2877.0663,867.0272,0.0000,0.0000,0.0000
91.1167,19.6262,-19.4700,37384.0421,2879.7587,867.2427,0.0000,0.0000,0.0000
91.1333,19.6259,-19.4800,37412.4247,2882.4312,867.4583,0.0000,0.0000,0.0000
91.1500,19.6256,-19.4900,37440.8861,2885.0852,867.6738,0.0000,0.0000,0.0000
91.1667,19.6253,-19.5000,37469.3631,2887.7216,867.8893,0.0000,0.0000,0.0000
91.1833,19.6250,-19.5100,37497.8108,2890.3416,868.1048,0.0000,0.0000,0.0000
91.2000,19.6247,-19.5200,37526.1978,2892.9459,868.3203,0.0000,0.0000,0.0000
91.2167,19.6245,-19.5300,37554.5024,2895.5356,868.5359,0.0000,0.0000,0.0000
91.2333,19.6242,-19.5400,37582.7105,2898.1112,868.7514,0.0000,0.0000,0.0000
91.2500,19.6239,-19.5500,37610.8133,2900.6737,868.9670,0.0000,0.0000,0.0000
91.2667,19.6236,-19.5600,37638.8059,2903.2237,869.1826,0.0000,0.0000,0.0000
91.2833,19.6233,-19.5700,37666.6864,2905.7619,869.3983,0.0000,0.0000,0.0000
91.3000,19.6231,-19.5800,37694.4547,2908.2888,869.6139,0.0000,0.0000,0.0000
91.3167,19.6228,-19.5900,37722.1122,2910.8051,869.8296,0.0000,0.0000,0.0000
91.3333,19.6225,-19.6000,37749.6613,2913.3112,870.0453,0.0000,0.0000,0.0000
91.3500,19.6222,-19.6100,37777.1049,2915.8077,870.2611,0.0000,0.0000,0.0000
91.3667,19.6220,-19.6200,37804.4464,2918.2949,870.4768,0.0000,0.0000,0.0000
91.3833,19.6217,-19.6300,37831.6894,2920.7734,870.6926,0.0000,0.0000,0.0000
91.4000,19.6214,-19.6400,37858.8376,2923.2435,870.9084,0.0000,0.0000,0.0000
91.4167,19.6211,-19.6500,37885.8947,2925.7056,871.1242,0.0000,0.0000,0.0000
91.4333,19.6209,-19.6600,37912.8642,2928.1601,871.3401,0.0000,0.0000,0.0000
91.4500,19.6206,-19.6700,37939.7496,2930.6071,871.5559,0.0000,0.0000,0.0000
91.4667,19.6203,-19.6800,37966.5543,2933.0471,871.7718,0.0000,0.0000,0.0000
91.4833,19.6201,-19.6900,37993.2813,2935.4802,871.9877,0.0000,0.0000,0.0000
91.5000,19.6198,-19.7000,38019.9336,2937.9068,872.2036,0.0000,0.0000,0.0000
91.5167,19.6195,-19.7100,38046.5141,2940.3270,872.4195,0.0000,0.0000,0.0000
91.5333,19.6193,-19.7200,38073.0252,2942.7410,872.6355,0.0000,0.0000,0.0000
91.5500,19.6190,-19.7300,38099.4693,2945.1490,872.8514,0.0000,0.0000,0.0000
91.5667,19.6187,-19.7400,38125.8488,2947.5513,873.0674,0.0000,0.0000,0.0000
91.5833,19.6185,-19.7500,38152.1656,2949.9479,873.2834,0.0000,0.0000,0.0000
91.6000,19.6182,-19.7600,38178.4215,2952.3389,873.4994,0.0000,0.0000,0.0000
91.6167,19.6180,-19.7700,38204.6184,2954.7246,873.7154,0.0000,0.0000,0.0000
91.6333,19.6177,-19.7800,38230.7577,2957.1049,873.9314,0.0000,0.0000,0.0000
91.6500,19.6174,-19.7900,38256.8408,2959.4801,874.1475,0.0000,0.0000,0.0000
91.6667,19.6172,-19.8000,38282.8691,2961.8501,874.3635,0.0000,0.0000,0.0000
91.6833,19.6169,-19.8100,38308.8435,2964.2151,874.5796,0.0000,0.0000,0.0000
91.7000,19.6167,-19.8200,38334.7653,2966.5751,874.7957,0.0000,0.0000,0.0000
91.7167,19.6164,-19.8300,38360.6352,2968.9302,875.0117,0.0000,0.0000,0.0000
91.7333,19.6161,-19.8400,38386.4541,2971.2804,875.2278,0.0000,0.0000,0.0000
91.7500,19.6159,-19.8500,38412.2226,2973.6258,875.4439,0.0000,0.0000,0.0000
91.7667,19.6156,-19.8600,38437.9414,2975.9664,875.6601,0.0000,0.0000,0.0000
91.7833,19.6154,-19.8700,38463.6109,2978.3022,875.8762,0.0000,0.0000,0.0000
91.8000,19.6151,-19.8800,38489.2316,2980.6332,876.0923,0.0000,0.0000,0.0000
91.8167,19.6149,-19.8900,38514.8038,2982.9595,876.3085,0.0000,0.0000,0.0000
91.8333,19.6146,-19.9000,38540.3279,2985.2810,876.5246,0.0000,0.0000,0.0000
91.8500,19.6143,-19.9100,38565.8041,2987.5978,876.7408,0.0000,0.0000,0.0000
91.8667,19.6141,-19.9200,38591.2325,2989.9099,876.9570,0.0000,0.0000,0.0000
91.8833,19.6138,-19.9300,38616.6132,2992.2173,877.1732,0.0000,0.0000,0.0000
91.9000,19.6136,-19.9400,38641.9463,2994.5198,877.3894,0.0000,0.0000,0.0000
91.9167,19.6133,-19.9500,38667.2319,2996.8177,877.6056,0.0000,0.0000,0.0000
91.9333,19.6131,-19.9600,38692.4699,2999.1107,877.8218,0.0000,0.0000,0.0000
91.9500,19.6128,-19.9700,38717.6601,3001.3989,878.0381,0.0000,0.0000,0.0000
91.9667,19.6126,-19.9800,38742.8027,3003.6824,878.2543,0.0000,0.0000,0.0000
91.9833,19.6123,-19.9900,38767.8973,3005.9610,878.4706,0.0000,0.0000,0.0000
92.0000,19.6121,-20.0000,38792.9439,3008.2347,878.6868,0.0000,0.0000,0.0000
92.0167,19.6118,-19.9900,38815.0837,3009.7964,878.4601,0.0000,0.0000,0.0000
92.0333,19.6116,-19.9800,38835.0501,3011.3620,878.2338,0.0000,0.0000,0.0000
92.0500,19.6115,-19.9700,38853.3868,3012.9286,878.0080,0.0000,0.0000,0.0000
92.0667,19.6113,-19.9600,38870.4958,3014.4937,877.7823,0.0000,0.0000,0.0000
92.0833,19.6111,-19.9500,38886.6738,3016.0553,877.5569,0.0000,0.0000,0.0000
92.1000,19.6110,-19.9400,38902.1395,3017.6115,877.3317,0.0000,0.0000,0.0000
92.1167,19.6108,-19.9300,38917.0532,3019.1609,877.1065,0.0000,0.0000,0.0000
92.1333,19.6107,-19.9200,38931.5320,3020.7020,876.8815,0.0000,0.0000,0.0000
92.1500,19.6105,-19.9100,38945.6607,3022.2337,876.6565,0.0000,0.0000,0.0000
92.1667,19.6104,-19.9000,38959.5005,3023.7549,876.4317,0.0000,0.0000,0.0000
92.1833,19.6103,-19.8900,38973.0946,3025.2645,876.2068,0.0000,0.0000,0.0000
92.2000,19.6101,-19.8800,38986.4736,3026.7618,875.9820,0.0000,0.0000,0.0000
92.2167,19.6100,-19.8700,38999.6583,3028.2459,875.7573,0.0000,0.0000,0.0000
92.2333,19.6099,-19.8600,39012.6626,3029.7161,875.5326,0.0000,0.0000,0.0000
92.2500,19.6097,-19.8500,39025.4954,3031.1718,875.3079,0.0000,0.0000,0.0000
92.2667,19.6096,-19.8400,39038.1617,3032.6123,875.0833,0.0000,0.0000,0.0000
92.2833,19.6095,-19.8300,39050.6644,3034.0373,874.8587,0.0000,0.0000,0.0000
92.3000,19.6094,-19.8200,39063.0041,3035.4461,874.6341,0.0000,0.0000,0.0000
92.3167,19.6092,-19.8100,39075.1804,3036.8384,874.4096,0.0000,0.0000,0.0000
92.3333,19.6091,-19.8000,39087.1922,3038.2138,874.1851,0.0000,0.0000,0.0000
92.3500,19.6090,-19.7900,39099.0376,3039.5720,873.9607,0.0000,0.0000,0.0000
92.3667,19.6089,-19.7800,39110.7146,3040.9128,873.7362,0.0000,0.0000,0.0000
92.3833,19.6088,-19.7700,39122.2212,3042.2358,873.5119,0.0000,0.0000,0.0000
92.4000,19.6087,-19.7600,39133.5552,3043.5408,873.2875,0.0000,0.0000,0.0000
92.4167,19.6086,-19.7500,39144.7145,3044.8277,873.0632,0.0000,0.0000,0.0000
92.4333,19.6084,-19.7400,39155.6972,3046.0964,872.8390,0.0000,0.0000,0.0000
92.4500,19.6083,-19.7300,39166.5017,3047.3466,872.6147,0.0000,0.0000,0.0000
92.4667,19.6082,-19.7200,39177.1263,3048.5784,872.3906,0.0000,0.0000,0.0000
92.4833,19.6081,-19.7100,39187.5697,3049.7915,872.1664,0.0000,0.0000,0.0000
92.5000,19.6080,-19.7000,39197.8307,3050.9861,871.9423,0.0000,0.0000,0.0000
92.5167,19.6079,-19.6900,39207.9085,3052.1620,871.7183,0.0000,0.0000,0.0000
92.5333,19.6078,-19.6800,39217.8024,3053.3193,871.4943,0.0000,0.0000,0.0000
92.5500,19.6077,-19.6700,39227.5118,3054.4579,871.2703,0.0000,0.0000,0.0000
92.5667,19.6076,-19.6600,39237.0364,3055.5779,871.0463,0.0000,0.0000,0.0000
92.5833,19.6075,-19.6500,39246.3760,3056.6794,870.8224,0.0000,0.0000,0.0000
92.6000,19.6074,-19.6400,39255.5308,3057.7623,870.5986,0.0000,0.0000,0.0000
92.6167,19.6074,-19.6300,39264.5009,3058.8267,870.3748,0.0000,0.0000,0.0000
92.6333,19.6073,-19.6200,39273.2867,3059.8728,870.1510,0.0000,0.0000,0.0000
92.6500,19.6072,-19.6100,39281.8886,3060.9007,869.9273,0.0000,0.0000,0.0000
92.6667,19.6071,-19.6000,39290.3072,3061.9103,869.7036,0.0000,0.0000,0.0000
92.6833,19.6070,-19.5900,39298.5435,3062.9019,869.4799,0.0000,0.0000,0.0000
92.7000,19.6069,-19.5800,39306.5980,3063.8756,869.2563,0.0000,0.0000,0.0000
92.7167,19.6069,-19.5700,39314.4720,3064.8314,869.0328,0.0000,0.0000,0.0000
92.7333,19.6068,-19.5600,39322.1663,3065.7696,868.8092,0.0000,0.0000,0.0000
92.7500,19.6067,-19.5500,39329.6822,3066.6902,868.5857,0.0000,0.0000,0.0000
92.7667,19.6066,-19.5400,39337.0209,3067.5935,868.3623,0.0000,0.0000,0.0000
92.7833,19.6066,-19.5300,39344.1836,3068.4795,868.1389,0.0000,0.0000,0.0000
92.8000,19.6065,-19.5200,39351.1717,3069.3484,867.9155,0.0000,0.0000,0.0000
92.8167,19.6064,-19.5100,39357.9868,3070.2004,867.6922,0.0000,0.0000,0.0000
92.8333,19.6064,-19.5000,39364.6301,3071.0357,867.4689,0.0000,0.0000,0.0000
92.8500,19.6063,-19.4900,39371.1033,3071.8544,867.2456,0.0000,0.0000,0.0000
92.8667,19.6062,-19.4800,39377.4078,3072.6566,867.0224,0.0000,0.0000,0.0000
92.8833,19.6062,-19.4700,39383.5454,3073.4426,866.7992,0.0000,0.0000,0.0000
92.9000,19.6061,-19.4600,39389.5176,3074.2125,866.5761,0.0000,0.0000,0.0000
92.9167,19.6060,-19.4500,39395.3261,3074.9665,866.3529,0.0000,0.0000,0.0000
92.9333,19.6060,-19.4400,39400.9725,3075.7048,866.1299,0.0000,0.0000,0.0000
92.9500,19.6059,-19.4300,39406.4586,3076.4276,865.9068,0.0000,0.0000,0.0000
92.9667,19.6059,-19.4200,39411.7861,3077.1349,865.6838,0.0000,0.0000,0.0000
92.9833,19.6058,-19.4100,39416.9567,3077.8271,865.4609,0.0000,0.0000,0.0000
93.0000,19.6058,-19.4000,39421.9721,3078.5042,865.2379,0.0000,0.0000,0.0000
93.0167,19.6057,-19.3917,39427.0724,3079.2255,865.0519,0.0000,0.0000,0.0000
93.0333,19.6057,-19.3833,39432.1978,3079.9312,864.8659,0.0000,0.0000,0.0000
93.0500,19.6056,-19.3750,39437.3044,3080.6218,864.6800,0.0000,0.0000,0.0000
93.0667,19.6056,-19.3667,39442.3593,3081.2972,864.4940,0.0000,0.0000,0.0000
93.0833,19.6055,-19.3583,39447.3381,3081.9576,864.3080,0.0000,0.0000,0.0000
93.1000,19.6055,-19.3500,39452.2225,3082.6030,864.1221,0.0000,0.0000,0.0000
93.1167,19.6054,-19.3417,39456.9984,3083.2333,863.9362,0.0000,0.0000,0.0000
93.1333,19.6054,-19.3333,39461.6551,3083.8484,863.7503,0.0000,0.0000,0.0000
93.1500,19.6053,-19.3250,39466.1844,3084.4483,863.5644,0.0000,0.0000,0.0000
93.1667,19.6053,-19.3167,39469.3215,3084.8318,863.3789,0.0000,0.0000,0.0000
93.1833,19.6053,-19.3083,39472.2194,3085.2065,863.1934,0.0000,0.0000,0.0000
93.2000,19.6053,-19.3000,39474.9067,3085.5722,863.0079,0.0000,0.0000,0.0000
93.2167,19.6052,-19.2917,39477.4064,3085.9287,862.8225,0.0000,0.0000,0.0000
93.2333,19.6052,-19.2833,39479.7365,3086.2760,862.6372,0.0000,0.0000,0.0000
93.2500,19.6052,-19.2750,39481.9116,3086.6139,862.4518,0.0000,0.0000,0.0000
93.2667,19.6052,-19.2667,39483.9432,3086.9423,862.2665,0.0000,0.0000,0.0000
93.2833,19.6051,-19.2583,39485.8404,3087.2611,862.0813,0.0000,0.0000,0.0000
93.3000,19.6051,-19.2500,39487.6104,3087.5702,861.8960,0.0000,0.0000,0.0000
93.3167,19.6051,-19.2417,39490.0318,3088.0459,861.7106,0.0000,0.0000,0.0000
93.3333,19.6051,-19.2333,39491.7444,3088.3316,861.5254,0.0000,0.0000,0.0000
93.3500,19.6051,-19.2250,39494.0367,3088.7772,861.3400,0.0000,0.0000,0.0000
93.3667,19.6050,-19.2167,39496.3636,3089.2052,861.1547,0.0000,0.0000,0.0000
93.3833,19.6050,-19.2083,39498.6731,3089.6158,860.9693,0.0000,0.0000,0.0000
93.4000,19.6050,-19.2000,39500.9267,3090.0091,860.7839,0.0000,0.0000,0.0000
93.4167,19.6050,-19.1917,39503.0955,3090.3853,860.5986,0.0000,0.0000,0.0000
93.4333,19.6049,-19.1833,39505.1584,3090.7444,860.4133,0.0000,0.0000,0.0000
93.4500,19.6049,-19.1750,39507.0998,3091.0866,860.2280,0.0000,0.0000,0.0000
93.4667,19.6049,-19.1667,39508.9084,3091.4121,860.0428,0.0000,0.0000,0.0000
93.4833,19.6049,-19.1583,39510.5762,3091.7211,859.8575,0.0000,0.0000,0.0000
93.5000,19.6049,-19.1500,39512.0976,3092.0137,859.6724,0.0000,0.0000,0.0000
93.5167,19.6049,-19.1417,39513.4687,3092.2901,859.4872,0.0000,0.0000,0.0000
93.5333,19.6049,-19.1333,39514.6873,3092.5505,859.3021,0.0000,0.0000,0.0000
93.5500,19.6048,-19.1250,39515.7519,3092.7951,859.1170,0.0000,0.0000,0.0000
93.5667,19.6048,-19.1167,39516.6621,3093.0240,858.9319,0.0000,0.0000,0.0000
93.5833,19.6048,-19.1083,39517.4178,3093.2375,858.7469,0.0000,0.0000,0.0000
93.6000,19.6048,-19.1000,39518.0196,3093.4357,858.5619,0.0000,0.0000,0.0000
93.6167,19.6048,-19.0917,39518.4682,3093.6187,858.3770,0.0000,0.0000,0.0000
93.6333,19.6048,-19.0833,39518.7646,3093.7869,858.1921,0.0000,0.0000,0.0000
93.6500,19.6048,-19.0750,39518.9101,3093.9403,858.0072,0.0000,0.0000,0.0000
93.6667,19.6048,-19.0667,39518.9060,3094.0791,857.8223,0.0000,0.0000,0.0000
93.6833,19.6048,-19.0583,39518.7538,3094.2035,857.6375,0.0000,0.0000,0.0000
93.7000,19.6048,-19.0500,39518.4547,3094.3136,857.4527,0.0000,0.0000,0.0000
93.7167,19.6048,-19.0417,39518.0105,3094.4096,857.2680,0.0000,0.0000,0.0000
93.7333,19.6048,-19.0333,39517.4225,3094.4917,857.0832,0.0000,0.0000,0.0000
93.7500,19.6048,-19.0250,39516.6924,3094.5600,856.8985,0.0000,0.0000,0.0000
93.7667,19.6048,-19.0167,39515.8216,3094.6147,856.7139,0.0000,0.0000,0.0000
93.7833,19.6049,-19.0083,39514.8116,3094.6558,856.5293,0.0000,0.0000,0.0000
93.8000,19.6049,-19.0000,39513.6639,3094.6837,856.3447,0.0000,0.0000,0.0000
93.8167,19.6049,-18.9917,39512.3800,3094.6983,856.1601,0.0000,0.0000,0.0000
93.8333,19.6049,-18.9833,39510.9613,3094.6998,855.9756,0.0000,0.0000,0.0000
93.8500,19.6049,-18.9750,39509.4093,3094.6885,855.7910,0.0000,0.0000,0.0000
93.8667,19.6049,-18.9667,39507.7252,3094.6643,855.6066,0.0000,0.0000,0.0000
93.8833,19.6049,-18.9583,39505.9105,3094.6274,855.4221,0.0000,0.0000,0.0000
93.9000,19.6050,-18.9500,39503.9664,3094.5779,855.2377,0.0000,0.0000,0.0000
93.9167,19.6050,-18.9417,39501.8943,3094.5161,855.0533,0.0000,0.0000,0.0000
93.9333,19.6050,-18.9333,39499.6953,3094.4418,854.8689,0.0000,0.0000,0.0000
93.9500,19.6050,-18.9250,39497.3707,3094.3554,854.6846,0.0000,0.0000,0.0000
93.9667,19.6051,-18.9167,39494.9216,3094.2568,854.5003,0.0000,0.0000,0.0000
93.9833,19.6051,-18.9083,39492.3491,3094.1462,854.3160,0.0000,0.0000,0.0000
94.0000,19.6051,-18.9000,39489.6544,3094.0237,854.1318,0.0000,0.0000,0.0000
94.0167,19.6051,-18.9000,39488.0304,3094.1843,854.1321,0.0000,0.0000,0.0000
94.0333,19.6051,-18.9000,39487.1730,3094.3299,854.1323,0.0000,0.0000,0.0000
94.0500,19.6051,-18.9000,39486.8573,3094.4617,854.1324,0.0000,0.0000,0.0000
94.0667,19.6051,-18.9000,39486.9174,3094.5811,854.1324,0.0000,0.0000,0.0000
94.0833,19.6051,-18.9000,39487.2316,3094.6891,854.1323,0.0000,0.0000,0.0000
94.1000,19.6051,-18.9000,39487.7113,3094.7870,854.1322,0.0000,0.0000,0.0000
94.1167,19.6051,-18.9000,39488.2925,3094.8757,854.1321,0.0000,0.0000,0.0000
94.1333,19.6051,-18.9000,39488.7569,3094.9355,854.1320,0.0000,0.0000,0.0000
94.1500,19.6051,-18.9000,39489.2391,3094.9916,854.1318,0.0000,0.0000,0.0000
94.1667,19.6051,-18.9000,39489.7287,3095.0441,854.1317,0.0000,0.0000,0.0000
94.1833,19.6051,-18.9000,39490.2178,3095.0932,854.1316,0.0000,0.0000,0.0000
94.2000,19.6051,-18.9000,39490.7007,3095.1392,854.1315,0.0000,0.0000,0.0000
94.2167,19.6051,-18.9000,39491.1732,3095.1823,854.1314,0.0000,0.0000,0.0000
94.2333,19.6051,-18.9000,39491.6327,3095.2230,854.1313,0.0000,0.0000,0.0000
94.2500,19.6051,-18.9000,39492.0775,3095.2616,854.1312,0.0000,0.0000,0.0000
94.2667,19.6051,-18.9000,39492.5069,3095.2982,854.1311,0.0000,0.0000,0.0000
94.2833,19.6051,-18.9000,39492.9208,3095.3332,854.1310,0.0000,0.0000,0.0000
94.3000,19.6051,-18.9000,39493.3197,3095.3669,854.1309,0.0000,0.0000,0.0000
94.3167,19.6051,-18.9000,39493.7042,3095.3995,854.1309,0.0000,0.0000,0.0000
94.3333,19.6051,-18.9000,39494.0756,3095.4312,854.1308,0.0000,0.0000,0.0000
94.3500,19.6051,-18.9000,39494.4352,3095.4623,854.1307,0.0000,0.0000,0.0000
94.3667,19.6051,-18.9000,39494.7843,3095.4929,854.1306,0.0000,0.0000,0.0000
94.3833,19.6050,-18.9000,39495.1246,3095.5233,854.1305,0.0000,0.0000,0.0000
94.4000,19.6050,-18.9000,39495.4575,3095.5536,854.1305,0.0000,0.0000,0.0000
94.4167,19.6050,-18.9000,39495.7847,3095.5839,854.1304,0.0000,0.0000,0.0000
94.4333,19.6050,-18.9000,39496.1079,3095.6146,854.1303,0.0000,0.0000,0.0000
94.4500,19.6050,-18.9000,39496.4284,3095.6456,854.1303,0.0000,0.0000,0.0000
94.4667,19.6050,-18.9000,39496.7480,3095.6771,854.1302,0.0000,0.0000,0.0000
94.4833,19.6050,-18.9000,39497.0680,3095.7093,854.1301,0.0000,0.0000,0.0000
94.5000,19.6050,-18.9000,39497.3898,3095.7423,854.1300,0.0000,0.0000,0.0000
94.5167,19.6050,-18.9000,39497.7149,3095.7762,854.1300,0.0000,0.0000,0.0000
94.5333,19.6050,-18.9000,39498.0444,3095.8111,854.1299,0.0000,0.0000,0.0000
94.5500,19.6050,-18.9000,39498.3796,3095.8470,854.1298,0.0000,0.0000,0.0000
94.5667,19.6050,-18.9000,39498.7217,3095.8841,854.1297,0.0000,0.0000,0.0000
94.5833,19.6050,-18.9000,39499.0718,3095.9224,854.1297,0.0000,0.0000,0.0000
94.6000,19.6050,-18.9000,39499.4307,3095.9621,854.1296,0.0000,0.0000,0.0000
94.6167,19.6050,-18.9000,39499.7995,3096.0031,854.1295,0.0000,0.0000,0.0000
94.6333,19.6050,-18.9000,39500.1791,3096.0456,854.1294,0.0000,0.0000,0.0000
94.6500,19.6050,-18.9000,39500.5702,3096.0896,854.1293,0.0000,0.0000,0.0000
94.6667,19.6050,-18.9000,39500.9736,3096.1351,854.1292,0.0000,0.0000,0.0000
94.6833,19.6050,-18.9000,39501.3900,3096.1822,854.1292,0.0000,0.0000,0.0000
94.7000,19.6050,-18.9000,39501.8199,3096.2310,854.1291,0.0000,0.0000,0.0000
94.7167,19.6050,-18.9000,39502.2640,3096.2814,854.1290,0.0000,0.0000,0.0000
94.7333,19.6050,-18.9000,39502.7228,3096.3334,854.1289,0.0000,0.0000,0.0000
94.7500,19.6050,-18.9000,39503.1968,3096.3872,854.1288,0.0000,0.0000,0.0000
94.7667,19.6050,-18.9000,39503.6862,3096.4427,854.1286,0.0000,0.0000,0.0000
94.7833,19.6050,-18.9000,39504.1916,3096.5000,854.1285,0.0000,0.0000,0.0000
94.8000,19.6050,-18.9000,39504.7132,3096.5590,854.1284,0.0000,0.0000,0.0000
94.8167,19.6049,-18.9000,39505.2513,3096.6198,854.1283,0.0000,0.0000,0.0000
94.8333,19.6049,-18.9000,39505.8062,3096.6824,854.1282,0.0000,0.0000,0.0000
94.8500,19.6049,-18.9000,39506.3781,3096.7467,854.1280,0.0000,0.0000,0.0000
94.8667,19.6049,-18.9000,39506.9670,3096.8129,854.1279,0.0000,0.0000,0.0000
94.8833,19.6049,-18.9000,39507.5733,3096.8808,854.1278,0.0000,0.0000,0.0000
94.9000,19.6049,-18.9000,39508.1968,3096.9505,854.1276,0.0000,0.0000,0.0000
94.9167,19.6049,-18.9000,39508.8378,3097.0220,854.1275,0.0000,0.0000,0.0000
94.9333,19.6049,-18.9000,39509.4963,3097.0953,854.1274,0.0000,0.0000,0.0000
94.9500,19.6049,-18.9000,39510.1722,3097.1703,854.1272,0.0000,0.0000,0.0000
94.9667,19.6049,-18.9000,39510.8656,3097.2471,854.1271,0.0000,0.0000,0.0000
94.9833,19.6049,-18.9000,39511.5764,3097.3256,854.1269,0.0000,0.0000,0.0000
95.0000,19.6049,-18.9000,39512.6564,3097.4402,854.1267,0.0000,0.0000,0.0000
95.0167,19.6049,-18.8817,39511.0481,3096.9014,853.7203,0.0000,0.0000,0.0000
95.0333,19.6049,-18.8633,39507.5234,3096.3755,853.3144,0.0000,0.0000,0.0000
95.0500,19.6050,-18.8450,39502.5852,3095.8600,852.9089,0.0000,0.0000,0.0000
95.0667,19.6050,-18.8267,39496.6060,3095.3528,852.5035,0.0000,0.0000,0.0000
95.0833,19.6051,-18.8083,39489.8608,3094.8519,852.0983,0.0000,0.0000,0.0000
95.1000,19.6052,-18.7900,39482.5517,3094.3556,851.6933,0.0000,0.0000,0.0000
95.1167,19.6053,-18.7717,39474.8272,3093.8626,851.2883,0.0000,0.0000,0.0000
95.1333,19.6053,-18.7533,39466.7957,3093.3715,850.8834,0.0000,0.0000,0.0000
95.1500,19.6054,-18.7350,39458.5363,3092.8815,850.4786,0.0000,0.0000,0.0000
95.1667,19.6055,-18.7167,39450.1063,3092.3917,850.0738,0.0000,0.0000,0.0000
95.1833,19.6056,-18.6983,39441.5474,3091.9016,849.6690,0.0000,0.0000,0.0000
95.2000,19.6057,-18.6800,39432.8893,3091.4105,849.2642,0.0000,0.0000,0.0000
95.2167,19.6058,-18.6617,39424.1535,3090.9181,848.8595,0.0000,0.0000,0.0000
95.2333,19.6058,-18.6433,39415.3551,3090.4240,848.4548,0.0000,0.0000,0.0000
95.2500,19.6059,-18.6250,39406.5045,3089.9279,848.0501,0.0000,0.0000,0.0000
95.2667,19.6060,-18.6067,39397.6091,3089.4294,847.6454,0.0000,0.0000,0.0000
95.2833,19.6061,-18.5883,39388.6735,3088.9283,847.2407,0.0000,0.0000,0.0000
95.3000,19.6062,-18.5700,39379.7008,3088.4244,846.8360,0.0000,0.0000,0.0000
95.3167,19.6063,-18.5517,39370.6927,3087.9175,846.4313,0.0000,0.0000,0.0000
95.3333,19.6064,-18.5333,39361.6499,3087.4073,846.0266,0.0000,0.0000,0.0000
95.3500,19.6065,-18.5150,39352.5725,3086.8937,845.6220,0.0000,0.0000,0.0000
95.3667,19.6066,-18.4967,39343.4602,3086.3764,845.2173,0.0000,0.0000,0.0000
95.3833,19.6067,-18.4783,39334.3121,3085.8553,844.8127,0.0000,0.0000,0.0000
95.4000,19.6067,-18.4600,39325.1275,3085.3303,844.4080,0.0000,0.0000,0.0000
95.4167,19.6068,-18.4417,39315.9051,3084.8012,844.0034,0.0000,0.0000,0.0000
95.4333,19.6069,-18.4233,39306.6438,3084.2678,843.5988,0.0000,0.0000,0.0000
95.4500,19.6070,-18.4050,39297.3423,3083.7300,843.1942,0.0000,0.0000,0.0000
95.4667,19.6071,-18.3867,39287.9994,3083.1876,842.7896,0.0000,0.0000,0.0000
95.4833,19.6072,-18.3683,39278.6136,3082.6406,842.3850,0.0000,0.0000,0.0000
95.5000,19.6073,-18.3500,39269.1839,3082.0888,841.9804,0.0000,0.0000,0.0000
95.5167,19.6074,-18.3317,39259.7089,3081.5320,841.5758,0.0000,0.0000,0.0000
95.5333,19.6075,-18.3133,39250.1875,3080.9702,841.1713,0.0000,0.0000,0.0000
95.5500,19.6076,-18.2950,39240.6184,3080.4033,840.7667,0.0000,0.0000,0.0000
95.5667,19.6077,-18.2767,39231.0005,3079.8312,840.3622,0.0000,0.0000,0.0000
95.5833,19.6078,-18.2583,39221.3328,3079.2537,839.9576,0.0000,0.0000,0.0000
95.6000,19.6079,-18.2400,39211.6142,3078.6709,839.5531,0.0000,0.0000,0.0000
95.6167,19.6080,-18.2217,39201.8437,3078.0825,839.1486,0.0000,0.0000,0.0000
95.6333,19.6081,-18.2033,39192.0205,3077.4885,838.7441,0.0000,0.0000,0.0000
95.6500,19.6082,-18.1850,39182.1435,3076.8889,838.3396,0.0000,0.0000,0.0000
95.6667,19.6083,-18.1667,39172.2120,3076.2836,837.9352,0.0000,0.0000,0.0000
95.6833,19.6084,-18.1483,39162.2252,3075.6725,837.5307,0.0000,0.0000,0.0000
95.7000,19.6085,-18.1300,39152.1823,3075.0555,837.1262,0.0000,0.0000,0.0000
95.7167,19.6086,-18.1117,39142.0825,3074.4326,836.7218,0.0000,0.0000,0.0000
95.7333,19.6087,-18.0933,39131.9253,3073.8038,836.3174,0.0000,0.0000,0.0000
95.7500,19.6088,-18.0750,39121.7100,3073.1689,835.9130,0.0000,0.0000,0.0000
95.7667,19.6089,-18.0567,39111.4359,3072.5280,835.5086,0.0000,0.0000,0.0000
95.7833,19.6090,-18.0383,39101.1026,3071.8810,835.1042,0.0000,0.0000,0.0000
95.8000,19.6091,-18.0200,39090.7095,3071.2278,834.6998,0.0000,0.0000,0.0000
95.8167,19.6092,-18.0017,39080.2562,3070.5684,834.2955,0.0000,0.0000,0.0000
95.8333,19.6093,-17.9833,39069.7421,3069.9028,833.8911,0.0000,0.0000,0.0000
95.8500,19.6094,-17.9650,39059.1669,3069.2310,833.4868,0.0000,0.0000,0.0000
95.8667,19.6095,-17.9467,39048.5302,3068.5528,833.0825,0.0000,0.0000,0.0000
95.8833,19.6096,-17.9283,39037.8315,3067.8684,832.6782,0.0000,0.0000,0.0000
95.9000,19.6097,-17.9100,39027.0707,3067.1776,832.2739,0.0000,0.0000,0.0000
95.9167,19.6098,-17.8917,39016.2473,3066.4804,831.8696,0.0000,0.0000,0.0000
95.9333,19.6099,-17.8733,39005.3610,3065.7769,831.4654,0.0000,0.0000,0.0000
95.9500,19.6101,-17.8550,38994.4117,3065.0669,831.0611,0.0000,0.0000,0.0000
95.9667,19.6102,-17.8367,38983.3990,3064.3506,830.6569,0.0000,0.0000,0.0000
95.9833,19.6103,-17.8183,38972.3228,3063.6278,830.2527,0.0000,0.0000,0.0000
96.0000,19.6104,-17.8000,38961.1828,3062.8985,829.8485,0.0000,0.0000,0.0000
96.0167,19.6104,-17.8083,38955.5247,3063.1271,830.0346,0.0000,0.0000,0.0000
96.0333,19.6105,-17.8167,38951.7180,3063.3452,830.2203,0.0000,0.0000,0.0000
96.0500,19.6105,-17.8250,38949.3916,3063.5545,830.4056,0.0000,0.0000,0.0000
96.0667,19.6105,-17.8333,38948.2477,3063.7562,830.5907,0.0000,0.0000,0.0000
96.0833,19.6105,-17.8417,38948.0479,3063.9514,830.7756,0.0000,0.0000,0.0000
96.1000,19.6105,-17.8500,38948.6011,3064.1412,830.9604,0.0000,0.0000,0.0000
96.1167,19.6105,-17.8583,38949.7544,3064.3263,831.1450,0.0000,0.0000,0.0000
96.1333,19.6105,-17.8667,38951.3855,3064.5075,831.3294,0.0000,0.0000,0.0000
96.1500,19.6105,-17.8750,38953.3968,3064.6854,831.5139,0.0000,0.0000,0.0000
96.1667,19.6104,-17.8833,38955.7102,3064.8605,831.6982,0.0000,0.0000,0.0000
96.1833,19.6104,-17.8917,38958.2637,3065.0334,831.8825,0.0000,0.0000,0.0000
96.2000,19.6104,-17.9000,38961.0079,3065.2044,832.0667,0.0000,0.0000,0.0000
96.2167,19.6104,-17.9083,38963.9036,3065.3740,832.2509,0.0000,0.0000,0.0000
96.2333,19.6103,-17.9167,38966.9196,3065.5424,832.4351,0.0000,0.0000,0.0000
96.2500,19.6103,-17.9250,38970.0316,3065.7101,832.6193,0.0000,0.0000,0.0000
96.2667,19.6103,-17.9333,38973.2200,3065.8772,832.8034,0.0000,0.0000,0.0000
96.2833,19.6102,-17.9417,38976.4699,3066.0441,832.9876,0.0000,0.0000,0.0000
96.3000,19.6102,-17.9500,38979.7693,3066.2109,833.1717,0.0000,0.0000,0.0000
96.3167,19.6102,-17.9583,38983.1091,3066.3778,833.3558,0.0000,0.0000,0.0000
96.3333,19.6101,-17.9667,38986.4822,3066.5451,833.5399,0.0000,0.0000,0.0000
96.3500,19.6101,-17.9750,38989.8832,3066.7129,833.7240,0.0000,0.0000,0.0000
96.3667,19.6101,-17.9833,38993.3079,3066.8812,833.9081,0.0000,0.0000,0.0000
96.3833,19.6100,-17.9917,38996.7533,3067.0504,834.0922,0.0000,0.0000,0.0000
96.4000,19.6100,-18.0000,39000.2170,3067.2204,834.2763,0.0000,0.0000,0.0000
96.4167,19.6100,-18.0083,39003.6975,3067.3914,834.4603,0.0000,0.0000,0.0000
96.4333,19.6099,-18.0167,39007.1936,3067.5634,834.6444,0.0000,0.0000,0.0000
96.4500,19.6099,-18.0250,39010.7044,3067.7366,834.8285,0.0000,0.0000,0.0000
96.4667,19.6099,-18.0333,39014.2294,3067.9109,835.0126,0.0000,0.0000,0.0000
96.4833,19.6098,-18.0417,39017.7684,3068.0865,835.1966,0.0000,0.0000,0.0000
96.5000,19.6098,-18.0500,39021.3211,3068.2634,835.3807,0.0000,0.0000,0.0000
96.5167,19.6098,-18.0583,39024.8874,3068.4417,835.5647,0.0000,0.0000,0.0000
96.5333,19.6097,-18.0667,39028.4674,3068.6213,835.7488,0.0000,0.0000,0.0000
96.5500,19.6097,-18.0750,39032.0610,3068.8023,835.9329,0.0000,0.0000,0.0000
96.5667,19.6096,-18.0833,39035.6683,3068.9846,836.1169,0.0000,0.0000,0.0000
96.5833,19.6096,-18.0917,39039.2892,3069.1683,836.3010,0.0000,0.0000,0.0000
96.6000,19.6096,-18.1000,39042.9238,3069.3534,836.4850,0.0000,0.0000,0.0000
96.6167,19.6095,-18.1083,39046.5721,3069.5398,836.6691,0.0000,0.0000,0.0000
96.6333,19.6095,-18.1167,39050.2338,3069.7276,836.8531,0.0000,0.0000,0.0000
96.6500,19.6095,-18.1250,39053.9090,3069.9166,837.0371,0.0000,0.0000,0.0000
96.6667,19.6094,-18.1333,39057.5975,3070.1069,837.2212,0.0000,0.0000,0.0000
96.6833,19.6094,-18.1417,39061.2989,3070.2985,837.4052,0.0000,0.0000,0.0000
96.7000,19.6093,-18.1500,39065.0130,3070.4911,837.5892,0.0000,0.0000,0.0000
96.7167,19.6093,-18.1583,39068.7395,3070.6849,837.7733,0.0000,0.0000,0.0000
96.7333,19.6093,-18.1667,39072.4779,3070.8796,837.9573,0.0000,0.0000,0.0000
96.7500,19.6092,-18.1750,39076.2277,3071.0753,838.1413,0.0000,0.0000,0.0000
96.7667,19.6092,-18.1833,39079.9884,3071.2719,838.3253,0.0000,0.0000,0.0000
96.7833,19.6092,-18.1917,39083.7593,3071.4692,838.5093,0.0000,0.0000,0.0000
96.8000,19.6091,-18.2000,39087.5397,3071.6671,838.6933,0.0000,0.0000,0.0000
96.8167,19.6091,-18.2083,39091.3288,3071.8656,838.8774,0.0000,0.0000,0.0000
96.8333,19.6090,-18.2167,39095.1257,3072.0645,839.0614,0.0000,0.0000,0.0000
96.8500,19.6090,-18.2250,39098.9294,3072.2637,839.2454,0.0000,0.0000,0.0000
96.8667,19.6090,-18.2333,39102.7388,3072.4630,839.4294,0.0000,0.0000,0.0000
96.8833,19.6089,-18.2417,39106.5528,3072.6622,839.6134,0.0000,0.0000,0.0000
96.9000,19.6089,-18.2500,39110.3700,3072.8612,839.7974,0.0000,0.0000,0.0000
96.9167,19.6089,-18.2583,39114.1889,3073.0598,839.9814,0.0000,0.0000,0.0000
96.9333,19.6088,-18.2667,39118.0079,3073.2577,840.1654,0.0000,0.0000,0.0000
96.9500,19.6088,-18.2750,39121.8252,3073.4546,840.3494,0.0000,0.0000,0.0000
96.9667,19.6087,-18.2833,39125.6385,3073.6502,840.5334,0.0000,0.0000,0.0000
96.9833,19.6087,-18.2917,39129.4455,3073.8441,840.7174,0.0000,0.0000,0.0000
97.0000,19.6087,-18.3000,39134.6430,3073.9963,840.9011,0.0000,0.0000,0.0000
97.0167,19.6087,-18.2633,39132.4573,3072.5504,840.0883,0.0000,0.0000,0.0000
97.0333,19.6088,-18.2267,39124.8900,3071.1182,839.2766,0.0000,0.0000,0.0000
97.0500,19.6089,-18.1900,39114.1519,3069.6964,838.4656,0.0000,0.0000,0.0000
97.0667,19.6090,-18.1533,39100.4996,3068.2582,837.6553,0.0000,0.0000,0.0000
97.0833,19.6092,-18.1167,39084.6985,3066.8439,836.8454,0.0000,0.0000,0.0000
97.1000,19.6093,-18.0800,39067.3626,3065.4558,836.0359,0.0000,0.0000,0.0000
97.1167,19.6095,-18.0433,39048.9271,3064.0892,835.2267,0.0000,0.0000,0.0000
97.1333,19.6097,-18.0067,39029.7117,3062.7413,834.4176,0.0000,0.0000,0.0000
97.1500,19.6099,-17.9700,39009.9507,3061.4095,833.6086,0.0000,0.0000,0.0000
97.1667,19.6101,-17.9333,38989.8142,3060.0915,832.7997,0.0000,0.0000,0.0000
97.1833,19.6103,-17.8967,38969.4252,3058.7853,831.9909,0.0000,0.0000,0.0000
97.2000,19.6105,-17.8600,38948.8710,3057.4889,831.1821,0.0000,0.0000,0.0000
97.2167,19.6107,-17.8233,38928.2128,3056.2006,830.3734,0.0000,0.0000,0.0000
97.2333,19.6109,-17.7867,38907.4921,3054.9186,829.5646,0.0000,0.0000,0.0000
97.2500,19.6111,-17.7500,38886.7365,3053.6413,828.7559,0.0000,0.0000,0.0000
97.2667,19.6113,-17.7133,38865.9626,3052.3672,827.9471,0.0000,0.0000,0.0000
97.2833,19.6115,-17.6767,38845.1795,3051.0949,827.1384,0.0000,0.0000,0.0000
97.3000,19.6118,-17.6400,38824.3908,3049.8230,826.3296,0.0000,0.0000,0.0000
97.3167,19.6120,-17.6033,38803.5960,3048.5504,825.5209,0.0000,0.0000,0.0000
97.3333,19.6122,-17.5667,38782.7917,3047.2758,824.7122,0.0000,0.0000,0.0000
97.3500,19.6124,-17.5300,38761.9727,3045.9981,823.9034,0.0000,0.0000,0.0000
97.3667,19.6126,-17.4933,38741.1325,3044.7163,823.0947,0.0000,0.0000,0.0000
97.3833,19.6128,-17.4567,38720.2638,3043.4294,822.2860,0.0000,0.0000,0.0000
97.4000,19.6130,-17.4200,38699.3588,3042.1364,821.4773,0.0000,0.0000,0.0000
97.4167,19.6132,-17.3833,38678.4095,3040.8366,820.6686,0.0000,0.0000,0.0000
97.4333,19.6134,-17.3467,38657.4079,3039.5291,819.8599,0.0000,0.0000,0.0000
97.4500,19.6136,-17.3100,38636.3461,3038.2132,819.0512,0.0000,0.0000,0.0000
97.4667,19.6138,-17.2733,38615.2164,3036.8881,818.2425,0.0000,0.0000,0.0000
97.4833,19.6141,-17.2367,38594.0114,3035.5532,817.4339,0.0000,0.0000,0.0000
97.5000,19.6143,-17.2000,38572.7241,3034.2079,816.6252,0.0000,0.0000,0.0000
97.5167,19.6145,-17.1633,38551.3477,3032.8517,815.8166,0.0000,0.0000,0.0000
97.5333,19.6147,-17.1267,38529.8759,3031.4839,815.0080,0.0000,0.0000,0.0000
97.5500,19.6149,-17.0900,38508.3026,3030.1041,814.1995,0.0000,0.0000,0.0000
97.5667,19.6151,-17.0533,38486.6223,3028.7119,813.3909,0.0000,0.0000,0.0000
97.5833,19.6154,-17.0167,38464.8297,3027.3069,812.5824,0.0000,0.0000,0.0000
97.6000,19.6156,-16.9800,38442.9199,3025.8886,811.7739,0.0000,0.0000,0.0000
97.6167,19.6158,-16.9433,38420.8884,3024.4567,810.9655,0.0000,0.0000,0.0000
97.6333,19.6160,-16.9067,38398.7310,3023.0110,810.1570,0.0000,0.0000,0.0000
97.6500,19.6162,-16.8700,38376.4439,3021.5511,809.3486,0.0000,0.0000,0.0000
97.6667,19.6165,-16.8333,38354.0236,3020.0767,808.5402,0.0000,0.0000,0.0000
97.6833,19.6167,-16.7967,38331.4668,3018.5878,807.7319,0.0000,0.0000,0.0000
97.7000,19.6169,-16.7600,38308.7707,3017.0839,806.9236,0.0000,0.0000,0.0000
97.7167,19.6171,-16.7233,38285.9326,3015.5650,806.1153,0.0000,0.0000,0.0000
97.7333,19.6174,-16.6867,38262.9502,3014.0310,805.3070,0.0000,0.0000,0.0000
97.7500,19.6176,-16.6500,38239.8212,3012.4816,804.4988,0.0000,0.0000,0.0000
97.7667,19.6178,-16.6133,38216.5440,3010.9168,803.6906,0.0000,0.0000,0.0000
97.7833,19.6181,-16.5767,38193.1169,3009.3365,802.8825,0.0000,0.0000,0.0000
97.8000,19.6183,-16.5400,38169.5384,3007.7406,802.0744,0.0000,0.0000,0.0000
97.8167,19.6185,-16.5033,38145.8075,3006.1290,801.2663,0.0000,0.0000,0.0000
97.8333,19.6188,-16.4667,38121.9230,3004.5018,800.4582,0.0000,0.0000,0.0000
97.8500,19.6190,-16.4300,38097.8842,3002.8588,799.6502,0.0000,0.0000,0.0000
97.8667,19.6193,-16.3933,38073.6906,3001.2002,798.8422,0.0000,0.0000,0.0000
97.8833,19.6195,-16.3567,38049.3416,2999.5258,798.0343,0.0000,0.0000,0.0000
97.9000,19.6198,-16.3200,38024.8369,2997.8358,797.2264,0.0000,0.0000,0.0000
97.9167,19.6200,-16.2833,38000.1765,2996.1301,796.4185,0.0000,0.0000,0.0000
97.9333,19.6202,-16.2467,37975.3603,2994.4088,795.6106,0.0000,0.0000,0.0000
97.9500,19.6205,-16.2100,37950.3884,2992.6719,794.8028,0.0000,0.0000,0.0000
97.9667,19.6207,-16.1733,37925.2613,2990.9196,793.9950,0.0000,0.0000,0.0000
97.9833,19.6210,-16.1367,37899.9791,2989.1518,793.1873,0.0000,0.0000,0.0000
98.0000,19.6213,-16.1000,37874.5425,2987.3688,792.3796,0.0000,0.0000,0.0000
98.0167,19.6219,-15.8500,37813.2390,2977.9703,786.8476,0.0000,0.0000,0.0000
98.0333,19.6227,-15.6000,37728.2690,2968.6299,781.3209,0.0000,0.0000,0.0000
98.0500,19.6237,-15.3500,37626.1322,2959.3184,775.7980,0.0000,0.0000,0.0000
98.0667,19.6249,-15.1000,37511.4986,2950.0113,770.2778,0.0000,0.0000,0.0000
98.0833,19.6261,-14.8500,37387.7144,2940.6876,764.7597,0.0000,0.0000,0.0000
98.1000,19.6274,-14.6000,37257.1677,2931.3288,759.2431,0.0000,0.0000,0.0000
98.1167,19.6288,-14.3500,37121.5540,2921.9184,753.7276,0.0000,0.0000,0.0000
98.1333,19.6302,-14.1000,36982.0697,2912.4420,748.2130,0.0000,0.0000,0.0000
98.1500,19.6316,-13.8500,36839.5515,2902.8867,742.6990,0.0000,0.0000,0.0000
98.1667,19.6331,-13.6000,36694.5782,2893.2410,737.1856,0.0000,0.0000,0.0000
98.1833,19.6345,-13.3500,36547.5448,2883.4951,731.6726,0.0000,0.0000,0.0000
98.2000,19.6360,-13.1000,36398.7158,2873.6403,726.1601,0.0000,0.0000,0.0000
98.2167,19.6375,-12.8500,36248.2637,2863.6691,720.6479,0.0000,0.0000,0.0000
98.2333,19.6390,-12.6000,36096.2966,2853.5753,715.1360,0.0000,0.0000,0.0000
98.2500,19.6406,-12.3500,35942.8784,2843.3531,709.6244,0.0000,0.0000,0.0000
98.2667,19.6421,-12.1000,35788.0429,2832.9979,704.1132,0.0000,0.0000,0.0000
98.2833,19.6437,-11.8500,35631.8038,2822.5057,698.6023,0.0000,0.0000,0.0000
98.3000,19.6453,-11.6000,35474.1621,2811.8731,693.0917,0.0000,0.0000,0.0000
98.3167,19.6468,-11.3500,35315.1110,2801.0975,687.5814,0.0000,0.0000,0.0000
98.3333,19.6485,-11.1000,35154.6395,2790.1765,682.0714,0.0000,0.0000,0.0000
98.3500,19.6501,-10.8500,34992.7347,2779.1083,676.5618,0.0000,0.0000,0.0000
98.3667,19.6517,-10.6000,34829.3835,2767.8917,671.0524,0.0000,0.0000,0.0000
98.3833,19.6534,-10.3500,34664.5734,2756.5255,665.5434,0.0000,0.0000,0.0000
98.4000,19.6550,-10.1000,34498.2936,2745.0090,660.0347,0.0000,0.0000,0.0000
98.4167,19.6567,-9.8500,34330.5349,2733.3419,654.5264,0.0000,0.0000,0.0000
98.4333,19.6584,-9.6000,34161.2904,2721.5240,649.0183,0.0000,0.0000,0.0000
98.4500,19.6601,-9.3500,33990.5555,2709.5555,643.5106,0.0000,0.0000,0.0000
98.4667,19.6618,-9.1000,33818.3278,2697.4367,638.0032,0.0000,0.0000,0.0000
98.4833,19.6636,-8.8500,33644.6073,2685.1683,632.4962,0.0000,0.0000,0.0000
98.5000,19.6653,-8.6000,33469.3962,2672.7512,626.9895,0.0000,0.0000,0.0000
98.5167,19.6671,-8.3500,33292.6989,2660.1863,621.4831,0.0000,0.0000,0.0000
98.5333,19.6689,-8.1000,33114.5219,2647.4748,615.9771,0.0000,0.0000,0.0000
98.5500,19.6707,-7.8500,32934.8735,2634.6181,610.4713,0.0000,0.0000,0.0000
98.5667,19.6725,-7.6000,32753.7639,2621.6178,604.9659,0.0000,0.0000,0.0000
98.5833,19.6743,-7.3500,32571.2051,2608.4754,599.4609,0.0000,0.0000,0.0000
98.6000,19.6761,-7.1000,32387.2104,2595.1928,593.9561,0.0000,0.0000,0.0000
98.6167,19.6780,-6.8500,32201.7947,2581.7717,588.4517,0.0000,0.0000,0.0000
98.6333,19.6799,-6.6000,32014.9743,2568.2143,582.9475,0.0000,0.0000,0.0000
98.6500,19.6817,-6.3500,31826.7663,2554.5224,577.4437,0.0000,0.0000,0.0000
98.6667,19.6836,-6.1000,31637.1893,2540.6984,571.9402,0.0000,0.0000,0.0000
98.6833,19.6855,-5.8500,31446.2624,2526.7442,566.4370,0.0000,0.0000,0.0000
98.7000,19.6875,-5.6000,31254.0058,2512.6622,560.9340,0.0000,0.0000,0.0000
98.7167,19.6894,-5.3500,31060.4404,2498.4547,555.4314,0.0000,0.0000,0.0000
98.7333,19.6913,-5.1000,30865.5877,2484.1240,549.9290,0.0000,0.0000,0.0000
98.7500,19.6933,-4.8500,30669.4697,2469.6725,544.4270,0.0000,0.0000,0.0000
98.7667,19.6953,-4.6000,30472.1088,2455.1024,538.9252,0.0000,0.0000,0.0000
98.7833,19.6973,-4.3500,30273.5278,2440.4162,533.4236,0.0000,0.0000,0.0000
98.8000,19.6993,-4.1000,30073.7499,2425.6163,527.9224,0.0000,0.0000,0.0000
98.8167,19.7013,-3.8500,29872.7985,2410.7051,522.4214,0.0000,0.0000,0.0000
98.8333,19.7033,-3.6000,29670.6970,2395.6850,516.9206,0.0000,0.0000,0.0000
98.8500,19.7053,-3.3500,29467.4691,2380.5584,511.4201,0.0000,0.0000,0.0000
98.8667,19.7074,-3.1000,29263.1384,2365.3277,505.9199,0.0000,0.0000,0.0000
98.8833,19.7094,-2.8500,29057.7286,2349.9952,500.4199,0.0000,0.0000,0.0000
98.9000,19.7115,-2.6000,28851.2633,2334.5633,494.9201,0.0000,0.0000,0.0000
98.9167,19.7136,-2.3500,28643.7661,2319.0343,489.4206,0.0000,0.0000,0.0000
98.9333,19.7156,-2.1000,28435.2603,2303.4106,483.9212,0.0000,0.0000,0.0000
98.9500,19.7177,-1.8500,28225.7694,2287.6945,478.4221,0.0000,0.0000,0.0000
98.9667,19.7198,-1.6000,28015.3162,2271.8881,472.9232,0.0000,0.0000,0.0000
98.9833,19.7220,-1.3500,27803.9238,2255.9938,467.4246,0.0000,0.0000,0.0000
99.0000,19.7241,-1.1000,27591.6148,2240.0138,461.9261,0.0000,0.0000,0.0000
99.0167,19.7256,-1.2767,27444.9779,2239.0734,465.8775,0.0000,0.0000,0.0000
99.0333,19.7265,-1.4533,27345.5498,2237.8952,469.8184,0.0000,0.0000,0.0000
99.0500,19.7272,-1.6300,27280.0515,2236.5436,473.7518,0.0000,0.0000,0.0000
99.0667,19.7276,-1.8067,27238.9492,2235.0712,477.6798,0.0000,0.0000,0.0000
99.0833,19.7278,-1.9833,27215.4154,2233.5221,481.6039,0.0000,0.0000,0.0000
99.1000,19.7280,-2.1600,27204.5768,2231.9339,485.5252,0.0000,0.0000,0.0000
99.1167,19.7280,-2.3367,27202.9702,2230.3391,489.4444,0.0000,0.0000,0.0000
99.1333,19.7279,-2.5133,27208.1478,2228.7655,493.3621,0.0000,0.0000,0.0000
99.1500,19.7278,-2.6900,27218.3920,2227.2376,497.2787,0.0000,0.0000,0.0000
99.1667,19.7277,-2.8667,27232.5081,2225.7764,501.1945,0.0000,0.0000,0.0000
99.1833,19.7275,-3.0433,27249.6753,2224.4002,505.1095,0.0000,0.0000,0.0000
99.2000,19.7273,-3.2200,27269.3389,2223.1251,509.0240,0.0000,0.0000,0.0000
99.2167,19.7271,-3.3967,27291.1322,2221.9648,512.9381,0.0000,0.0000,0.0000
99.2333,19.7269,-3.5733,27314.8206,2220.9314,516.8517,0.0000,0.0000,0.0000
99.2500,19.7266,-3.7500,27340.2623,2220.0357,520.7649,0.0000,0.0000,0.0000
99.2667,19.7263,-3.9267,27367.3791,2219.2869,524.6778,0.0000,0.0000,0.0000
99.2833,19.7260,-4.1033,27396.1369,2218.6935,528.5903,0.0000,0.0000,0.0000
99.3000,19.7257,-4.2800,27426.5307,2218.2628,532.5024,0.0000,0.0000,0.0000
99.3167,19.7254,-4.4567,27458.5755,2218.0016,536.4142,0.0000,0.0000,0.0000
99.3333,19.7251,-4.6333,27492.2982,2217.9159,540.3256,0.0000,0.0000,0.0000
99.3500,19.7247,-4.8100,27527.7334,2218.0113,544.2366,0.0000,0.0000,0.0000
99.3667,19.7244,-4.9867,27564.9195,2218.2924,548.1472,0.0000,0.0000,0.0000
99.3833,19.7240,-5.1633,27603.8960,2218.7637,552.0574,0.0000,0.0000,0.0000
99.4000,19.7236,-5.3400,27644.7023,2219.4291,555.9673,0.0000,0.0000,0.0000
99.4167,19.7231,-5.5167,27687.3762,2220.2917,559.8767,0.0000,0.0000,0.0000
99.4333,19.7227,-5.6933,27731.9527,2221.3546,563.7856,0.0000,0.0000,0.0000
99.4500,19.7222,-5.8700,27778.4644,2222.6202,567.6942,0.0000,0.0000,0.0000
99.4667,19.7217,-6.0467,27826.9402,2224.0905,571.6023,0.0000,0.0000,0.0000
99.4833,19.7212,-6.2233,27877.4058,2225.7671,575.5100,0.0000,0.0000,0.0000
99.5000,19.7207,-6.4000,27929.8832,2227.6512,579.4172,0.0000,0.0000,0.0000
99.5167,19.7202,-6.5767,27984.3909,2229.7439,583.3240,0.0000,0.0000,0.0000
99.5333,19.7196,-6.7533,28040.9441,2232.0456,587.2303,0.0000,0.0000,0.0000
99.5500,19.7190,-6.9300,28099.5543,2234.5566,591.1362,0.0000,0.0000,0.0000
99.5667,19.7184,-7.1067,28160.2302,2237.2770,595.0416,0.0000,0.0000,0.0000
99.5833,19.7178,-7.2833,28222.9771,2240.2063,598.9466,0.0000,0.0000,0.0000
99.6000,19.7171,-7.4600,28287.7974,2243.3441,602.8511,0.0000,0.0000,0.0000
99.6167,19.7165,-7.6367,28354.6907,2246.6896,606.7551,0.0000,0.0000,0.0000
99.6333,19.7158,-7.8133,28423.6543,2250.2417,610.6587,0.0000,0.0000,0.0000
99.6500,19.7151,-7.9900,28494.6827,2253.9994,614.5618,0.0000,0.0000,0.0000
99.6667,19.7143,-8.1667,28567.7683,2257.9611,618.4645,0.0000,0.0000,0.0000
99.6833,19.7136,-8.3433,28642.9014,2262.1255,622.3667,0.0000,0.0000,0.0000
99.7000,19.7128,-8.5200,28720.0704,2266.4907,626.2684,0.0000,0.0000,0.0000
99.7167,19.7120,-8.6967,28799.2616,2271.0549,630.1697,0.0000,0.0000,0.0000
99.7333,19.7112,-8.8733,28880.4601,2275.8162,634.0706,0.0000,0.0000,0.0000
99.7500,19.7104,-9.0500,28963.6492,2280.7725,637.9710,0.0000,0.0000,0.0000
99.7667,19.7095,-9.2267,29048.8109,2285.9217,641.8710,0.0000,0.0000,0.0000
99.7833,19.7086,-9.4033,29135.9258,2291.2614,645.7705,0.0000,0.0000,0.0000
99.8000,19.7078,-9.5800,29224.9737,2296.7893,649.6697,0.0000,0.0000,0.0000
99.8167,19.7068,-9.7567,29315.9330,2302.5030,653.5684,0.0000,0.0000,0.0000
99.8333,19.7059,-9.9333,29408.7814,2308.3999,657.4666,0.0000,0.0000,0.0000
99.8500,19.7050,-10.1100,29503.4958,2314.4776,661.3645,0.0000,0.0000,0.0000
99.8667,19.7040,-10.2867,29600.0521,2320.7335,665.2620,0.0000,0.0000,0.0000
99.8833,19.7030,-10.4633,29698.4260,2327.1649,669.1590,0.0000,0.0000,0.0000
99.9000,19.7020,-10.6400,29798.5923,2333.7691,673.0557,0.0000,0.0000,0.0000
99.9167,19.7010,-10.8167,29900.5254,2340.5435,676.9519,0.0000,0.0000,0.0000
99.9333,19.7000,-10.9933,30004.1993,2347.4854,680.8478,0.0000,0.0000,0.0000
99.9500,19.6989,-11.1700,30109.5879,2354.5919,684.7433,0.0000,0.0000,0.0000
99.9667,19.6978,-11.3467,30216.6643,2361.8605,688.6384,0.0000,0.0000,0.0000
99.9833,19.6967,-11.5233,30325.4020,2369.2883,692.5332,0.0000,0.0000,0.0000
100.0000,19.6956,-11.7000,30435.7738,2376.8726,696.4276,0.0000,0.0000,0.0000
100.0167,19.6949,-11.6617,30512.5997,2376.9626,695.5602,0.0000,0.0000,0.0000
100.0333,19.6943,-11.6233,30567.5339,2377.2729,694.6977,0.0000,0.0000,0.0000
100.0500,19.6939,-11.5850,30606.9094,2377.7735,693.8386,0.0000,0.0000,0.0000
100.0667,19.6936,-11.5467,30635.3056,2378.4388,692.9820,0.0000,0.0000,0.0000
100.0833,19.6934,-11.5083,30656.0238,2379.2465,692.1271,0.0000,0.0000,0.0000
100.1000,19.6933,-11.4700,30671.4336,2380.1767,691.2734,0.0000,0.0000,0.0000
100.1167,19.6932,-11.4317,30683.2259,2381.2113,690.4204,0.0000,0.0000,0.0000
100.1333,19.6931,-11.3933,30692.5977,2382.3338,689.5680,0.0000,0.0000,0.0000
100.1500,19.6930,-11.3550,30700.3874,2383.5291,688.7160,0.0000,0.0000,0.0000
100.1667,19.6929,-11.3167,30707.1733,2384.7834,687.8641,0.0000,0.0000,0.0000
100.1833,19.6929,-11.2783,30713.3466,2386.0840,687.0124,0.0000,0.0000,0.0000
100.2000,19.6928,-11.2400,30719.1631,2387.4194,686.1608,0.0000,0.0000,0.0000
100.2167,19.6928,-11.2017,30724.7828,2388.7791,685.3093,0.0000,0.0000,0.0000
100.2333,19.6927,-11.1633,30730.2972,2390.1533,684.4577,0.0000,0.0000,0.0000
100.2500,19.6926,-11.1250,30735.7499,2391.5332,683.6062,0.0000,0.0000,0.0000
100.2667,19.6926,-11.0867,30741.1515,2392.9107,682.7547,0.0000,0.0000,0.0000
100.2833,19.6925,-11.0483,30746.4900,2394.2784,681.9032,0.0000,0.0000,0.0000
100.3000,19.6925,-11.0100,30750.9626,2395.4653,681.0519,0.0000,0.0000,0.0000
100.3167,19.6924,-10.9717,30755.1040,2396.6299,680.2006,0.0000,0.0000,0.0000
100.3333,19.6924,-10.9333,30758.9344,2397.7694,679.3494,0.0000,0.0000,0.0000
100.3500,19.6924,-10.8950,30762.4601,2398.8801,678.4983,0.0000,0.0000,0.0000
100.3667,19.6923,-10.8567,30765.6764,2399.9584,677.6473,0.0000,0.0000,0.0000
100.3833,19.6923,-10.8183,30768.5716,2401.0008,676.7963,0.0000,0.0000,0.0000
100.4000,19.6923,-10.7800,30771.1289,2402.0042,675.9454,0.0000,0.0000,0.0000
100.4167,19.6923,-10.7417,30773.3285,2402.9657,675.0946,0.0000,0.0000,0.0000
100.4333,19.6922,-10.7033,30775.1494,2403.8827,674.2439,0.0000,0.0000,0.0000
100.4500,19.6922,-10.6650,30776.5698,2404.7530,673.3933,0.0000,0.0000,0.0000
100.4667,19.6922,-10.6267,30777.5685,2405.5746,672.5427,0.0000,0.0000,0.0000
100.4833,19.6922,-10.5883,30778.1249,2406.3456,671.6923,0.0000,0.0000,0.0000
100.5000,19.6922,-10.5500,30778.2198,2407.0644,670.8419,0.0000,0.0000,0.0000
100.5167,19.6922,-10.5117,30777.8353,2407.7298,669.9917,0.0000,0.0000,0.0000
100.5333,19.6922,-10.4733,30776.9551,2408.3405,669.1416,0.0000,0.0000,0.0000
100.5500,19.6922,-10.4350,30775.5645,2408.8956,668.2916,0.0000,0.0000,0.0000
100.5667,19.6923,-10.3967,30773.6505,2409.3943,667.4417,0.0000,0.0000,0.0000
100.5833,19.6923,-10.3583,30771.2016,2409.8359,666.5919,0.0000,0.0000,0.0000
100.6000,19.6923,-10.3200,30768.2081,2410.2199,665.7422,0.0000,0.0000,0.0000
100.6167,19.6924,-10.2817,30764.6615,2410.5460,664.8927,0.0000,0.0000,0.0000
100.6333,19.6924,-10.2433,30760.5551,2410.8139,664.0433,0.0000,0.0000,0.0000
100.6500,19.6924,-10.2050,30755.8833,2411.0234,663.1940,0.0000,0.0000,0.0000
100.6667,19.6925,-10.1667,30750.6420,2411.1746,662.3449,0.0000,0.0000,0.0000
100.6833,19.6926,-10.1283,30744.8280,2411.2676,661.4958,0.0000,0.0000,0.0000
100.7000,19.6926,-10.0900,30738.4397,2411.3023,660.6469,0.0000,0.0000,0.0000
100.7167,19.6927,-10.0517,30731.4761,2411.2792,659.7981,0.0000,0.0000,0.0000
100.7333,19.6928,-10.0133,30723.9373,2411.1985,658.9495,0.0000,0.0000,0.0000
100.7500,19.6928,-9.9750,30715.8245,2411.0606,658.1010,0.0000,0.0000,0.0000
100.7667,19.6929,-9.9367,30707.1395,2410.8659,657.2526,0.0000,0.0000,0.0000
100.7833,19.6930,-9.8983,30697.8848,2410.6149,656.4043,0.0000,0.0000,0.0000
100.8000,19.6931,-9.8600,30688.0638,2410.3082,655.5562,0.0000,0.0000,0.0000
100.8167,19.6932,-9.8217,30677.6803,2409.9463,654.7081,0.0000,0.0000,0.0000
100.8333,19.6933,-9.7833,30666.7389,2409.5298,653.8602,0.0000,0.0000,0.0000
100.8500,19.6934,-9.7450,30655.2446,2409.0595,653.0125,0.0000,0.0000,0.0000
100.8667,19.6936,-9.7067,30643.2028,2408.5359,652.1648,0.0000,0.0000,0.0000
100.8833,19.6937,-9.6683,30630.6193,2407.9599,651.3173,0.0000,0.0000,0.0000
100.9000,19.6938,-9.6300,30617.5005,2407.3321,650.4699,0.0000,0.0000,0.0000
100.9167,19.6940,-9.5917,30603.8528,2406.6534,649.6226,0.0000,0.0000,0.0000
100.9333,19.6941,-9.5533,30589.6832,2405.9244,648.7754,0.0000,0.0000,0.0000
100.9500,19.6943,-9.5150,30574.9987,2405.1459,647.9283,0.0000,0.0000,0.0000
100.9667,19.6944,-9.4767,30559.8067,2404.3189,647.0814,0.0000,0.0000,0.0000
100.9833,19.6946,-9.4383,30544.1147,2403.4440,646.2346,0.0000,0.0000,0.0000
101.0000,19.6947,-9.4000,30527.9303,2402.5222,645.3878,0.0000,0.0000,0.0000
101.0167,19.6948,-9.4283,30520.8113,2403.9200,646.0179,0.0000,0.0000,0.0000
101.0333,19.6948,-9.4567,30520.3290,2405.2488,646.6465,0.0000,0.0000,0.0000
101.0500,19.6948,-9.4850,30524.6814,2406.5172,647.2740,0.0000,0.0000,0.0000
101.0667,19.6947,-9.5133,30532.5334,2407.7328,647.9008,0.0000,0.0000,0.0000
101.0833,19.6946,-9.5417,30542.8983,2408.9020,648.5270,0.0000,0.0000,0.0000
101.1000,19.6944,-9.5700,30555.0490,2410.0303,649.1528,0.0000,0.0000,0.0000
101.1167,19.6943,-9.5983,30568.4522,2411.1230,649.7783,0.0000,0.0000,0.0000
101.1333,19.6942,-9.6267,30582.7190,2412.1847,650.4037,0.0000,0.0000,0.0000
101.1500,19.6940,-9.6550,30597.5679,2413.2198,651.0289,0.0000,0.0000,0.0000
101.1667,19.6939,-9.6833,30612.7972,2414.2321,651.6540,0.0000,0.0000,0.0000
101.1833,19.6937,-9.7117,30628.2647,2415.2252,652.2790,0.0000,0.0000,0.0000
101.2000,19.6936,-9.7400,30643.8716,2416.2027,652.9041,0.0000,0.0000,0.0000
101.2167,19.6934,-9.7683,30659.5518,2417.1675,653.5291,0.0000,0.0000,0.0000
101.2333,19.6932,-9.7967,30675.2624,2418.1225,654.1541,0.0000,0.0000,0.0000
101.2500,19.6931,-9.8250,30690.9781,2419.0704,654.7791,0.0000,0.0000,0.0000
101.2667,19.6929,-9.8533,30706.6859,2420.0136,655.4041,0.0000,0.0000,0.0000
101.2833,19.6928,-9.8817,30722.3816,2420.9545,656.0292,0.0000,0.0000,0.0000
101.3000,19.6926,-9.9100,30738.0674,2421.8950,656.6542,0.0000,0.0000,0.0000
101.3167,19.6925,-9.9383,30753.7497,2422.8372,657.2792,0.0000,0.0000,0.0000
101.3333,19.6923,-9.9667,30769.4379,2423.7829,657.9042,0.0000,0.0000,0.0000
101.3500,19.6921,-9.9950,30785.1431,2424.7337,658.5292,0.0000,0.0000,0.0000
101.3667,19.6920,-10.0233,30800.8774,2425.6911,659.1542,0.0000,0.0000,0.0000
101.3833,19.6918,-10.0517,30816.6534,2426.6565,659.7792,0.0000,0.0000,0.0000
101.4000,19.6917,-10.0800,30832.4837,2427.6312,660.4042,0.0000,0.0000,0.0000
101.4167,19.6915,-10.1083,30848.3810,2428.6165,661.0292,0.0000,0.0000,0.0000
101.4333,19.6914,-10.1367,30864.3571,2429.6133,661.6542,0.0000,0.0000,0.0000
101.4500,19.6912,-10.1650,30880.4235,2430.6227,662.2791,0.0000,0.0000,0.0000
101.4667,19.6910,-10.1933,30896.5911,2431.6455,662.9040,0.0000,0.0000,0.0000
101.4833,19.6909,-10.2217,30912.8700,2432.6825,663.5289,0.0000,0.0000,0.0000
101.5000,19.6907,-10.2500,30929.2697,2433.7345,664.1538,0.0000,0.0000,0.0000
101.5167,19.6905,-10.2783,30945.7988,2434.8022,664.7786,0.0000,0.0000,0.0000
101.5333,19.6904,-10.3067,30962.4654,2435.8860,665.4034,0.0000,0.0000,0.0000
101.5500,19.6902,-10.3350,30979.2766,2436.9866,666.0282,0.0000,0.0000,0.0000
101.5667,19.6900,-10.3633,30996.2392,2438.1043,666.6529,0.0000,0.0000,0.0000
101.5833,19.6899,-10.3917,31013.3590,2439.2397,667.2776,0.0000,0.0000,0.0000
101.6000,19.6897,-10.4200,31030.6414,2440.3929,667.9023,0.0000,0.0000,0.0000
101.6167,19.6895,-10.4483,31048.0912,2441.5643,668.5269,0.0000,0.0000,0.0000
101.6333,19.6893,-10.4767,31065.7124,2442.7542,669.1515,0.0000,0.0000,0.0000
101.6500,19.6892,-10.5050,31083.5088,2443.9628,669.7760,0.0000,0.0000,0.0000
101.6667,19.6890,-10.5333,31101.4835,2445.1902,670.4005,0.0000,0.0000,0.0000
101.6833,19.6888,-10.5617,31119.6392,2446.4365,671.0250,0.0000,0.0000,0.0000
101.7000,19.6886,-10.5900,31137.9780,2447.7019,671.6494,0.0000,0.0000,0.0000
101.7167,19.6884,-10.6183,31156.5019,2448.9863,672.2738,0.0000,0.0000,0.0000
101.7333,19.6882,-10.6467,31175.2122,2450.2899,672.8982,0.0000,0.0000,0.0000
101.7500,19.6881,-10.6750,31194.1101,2451.6127,673.5225,0.0000,0.0000,0.0000
101.7667,19.6879,-10.7033,31213.1964,2452.9545,674.1467,0.0000,0.0000,0.0000
101.7833,19.6877,-10.7317,31232.4713,2454.3154,674.7710,0.0000,0.0000,0.0000
101.8000,19.6875,-10.7600,31251.9353,2455.6952,675.3951,0.0000,0.0000,0.0000
101.8167,19.6873,-10.7883,31271.5881,2457.0940,676.0193,0.0000,0.0000,0.0000
101.8333,19.6871,-10.8167,31291.4293,2458.5115,676.6434,0.0000,0.0000,0.0000
101.8500,19.6869,-10.8450,31311.4585,2459.9477,677.2674,0.0000,0.0000,0.0000
101.8667,19.6867,-10.8733,31331.6749,2461.4025,677.8915,0.0000,0.0000,0.0000
101.8833,19.6865,-10.9017,31352.0775,2462.8755,678.5154,0.0000,0.0000,0.0000
101.9000,19.6863,-10.9300,31372.6651,2464.3668,679.1394,0.0000,0.0000,0.0000
101.9167,19.6861,-10.9583,31393.4365,2465.8761,679.7633,0.0000,0.0000,0.0000
101.9333,19.6859,-10.9867,31414.3902,2467.4033,680.3871,0.0000,0.0000,0.0000
101.9500,19.6856,-11.0150,31435.5246,2468.9481,681.0109,0.0000,0.0000,0.0000
101.9667,19.6854,-11.0433,31456.8381,2470.5103,681.6347,0.0000,0.0000,0.0000
101.9833,19.6852,-11.0717,31478.3289,2472.0897,682.2584,0.0000,0.0000,0.0000
102.0000,19.6850,-11.1000,31499.9951,2473.6861,682.8821,0.0000,0.0000,0.0000
102.0167,19.6850,-11.0083,31504.9899,2471.0456,680.8476,3.4716,0.0000,0.0000
102.0333,19.6850,-10.9167,31496.3367,2468.4405,678.8162,6.9432,0.0000,0.0000
102.0500,19.6852,-10.8250,31477.7296,2465.8585,676.7869,10.4148,0.0000,0.0000
102.0667,19.6855,-10.7333,31451.8517,2463.2892,674.7593,13.8864,0.0000,0.0000
102.0833,19.6858,-10.6417,31420.6474,2460.7232,672.7328,17.3580,0.0000,0.0000
102.1000,19.6861,-10.5500,31385.5213,2458.1521,670.7072,20.8296,0.0000,0.0000
102.1167,19.6865,-10.4583,31347.4839,2455.5685,668.6823,24.3012,0.0000,0.0000
102.1333,19.6869,-10.3667,31307.2583,2452.9652,666.6578,27.7728,0.0000,0.0000
102.1500,19.6873,-10.2750,31265.3584,2450.3360,664.6338,31.2444,0.0000,0.0000
102.1667,19.6878,-10.1833,31222.1459,2447.6751,662.6100,34.7160,0.0000,0.0000
102.1833,19.6882,-10.0917,31177.8725,2444.9773,660.5864,38.1876,0.0000,0.0000
102.2000,19.6887,-10.0000,31132.7101,2442.2379,658.5630,41.6592,0.0000,0.0000
102.2167,19.6891,-9.9083,31086.7738,2439.4526,656.5399,45.1308,0.0000,0.0000
102.2333,19.6896,-9.8167,31040.1376,2436.6175,654.5168,48.6024,0.0000,0.0000
102.2500,19.6901,-9.7250,30992.8467,2433.7293,652.4939,52.0740,0.0000,0.0000
102.2667,19.6906,-9.6333,30944.9261,2430.7848,650.4712,55.5456,0.0000,0.0000
102.2833,19.6910,-9.5417,30896.3868,2427.7812,648.4486,59.0172,0.0000,0.0000
102.3000,19.6915,-9.4500,30847.2302,2424.7162,646.4261,62.4888,0.0000,0.0000
102.3167,19.6920,-9.3583,30797.4520,2421.5875,644.4038,65.9604,0.0000,0.0000
102.3333,19.6925,-9.2667,30747.0436,2418.3934,642.3816,69.4320,0.0000,0.0000
102.3500,19.6930,-9.1750,30695.9947,2415.1321,640.3595,72.9036,0.0000,0.0000
102.3667,19.6936,-9.0833,30644.2937,2411.8023,638.3376,76.3752,0.0000,0.0000
102.3833,19.6941,-8.9917,30591.9294,2408.4028,636.3159,79.8468,0.0000,0.0000
102.4000,19.6946,-8.9000,30538.8905,2404.9326,634.2942,83.3184,0.0000,0.0000
102.4167,19.6951,-8.8083,30485.1670,2401.3910,632.2728,86.7900,0.0000,0.0000
102.4333,19.6957,-8.7167,30430.7497,2397.7773,630.2515,90.2616,0.0000,0.0000
102.4500,19.6962,-8.6250,30375.6307,2394.0912,628.2303,93.7332,0.0000,0.0000
102.4667,19.6968,-8.5333,30319.8036,2390.3322,626.2093,97.2048,0.0000,0.0000
102.4833,19.6974,-8.4417,30263.2630,2386.5003,624.1885,100.6764,0.0000,0.0000
102.5000,19.6979,-8.3500,30206.0050,2382.5954,622.1678,104.1480,0.0000,0.0000
102.5167,19.6985,-8.2583,30148.0270,2378.6176,620.1473,107.6196,0.0000,0.0000
102.5333,19.6991,-8.1667,30089.3277,2374.5671,618.1269,111.0912,0.0000,0.0000
102.5500,19.6997,-8.0750,30029.9067,2370.4442,616.1067,114.5628,0.0000,0.0000
102.5667,19.7003,-7.9833,29969.7649,2366.2494,614.0867,118.0344,0.0000,0.0000
102.5833,19.7009,-7.8917,29908.9042,2361.9830,612.0668,121.5060,0.0000,0.0000
102.6000,19.7015,-7.8000,29847.3274,2357.6457,610.0471,124.9776,0.0000,0.0000
102.6167,19.7021,-7.7083,29785.0383,2353.2380,608.0276,128.4492,0.0000,0.0000
102.6333,19.7028,-7.6167,29722.0413,2348.7606,606.0082,131.9208,0.0000,0.0000
102.6500,19.7034,-7.5250,29658.3417,2344.2143,603.9889,135.3924,0.0000,0.0000
102.6667,19.7041,-7.4333,29593.9455,2339.5998,601.9698,138.8640,0.0000,0.0000
102.6833,19.7047,-7.3417,29528.8593,2334.9180,599.9509,142.3356,0.0000,0.0000
102.7000,19.7054,-7.2500,29463.0900,2330.1697,597.9321,145.8072,0.0000,0.0000
102.7167,19.7060,-7.1583,29396.6454,2325.3558,595.9134,149.2788,0.0000,0.0000
102.7333,19.7067,-7.0667,29329.5335,2320.4774,593.8950,152.7504,0.0000,0.0000
102.7500,19.7074,-6.9750,29261.7627,2315.5352,591.8766,156.2220,0.0000,0.0000
102.7667,19.7081,-6.8833,29193.3420,2310.5304,589.8584,159.6936,0.0000,0.0000
102.7833,19.7088,-6.7917,29124.2804,2305.4639,587.8404,163.1652,0.0000,0.0000
102.8000,19.7095,-6.7000,29054.5874,2300.3368,585.8224,166.6368,0.0000,0.0000
102.8167,19.7102,-6.6083,28984.2728,2295.1500,583.8047,170.1084,0.0000,0.0000
102.8333,19.7109,-6.5167,28913.3463,2289.9047,581.7870,173.5800,0.0000,0.0000
102.8500,19.7116,-6.4250,28841.8182,2284.6019,579.7695,177.0516,0.0000,0.0000
102.8667,19.7123,-6.3333,28769.6986,2279.2427,577.7521,180.5232,0.0000,0.0000
102.8833,19.7130,-6.2417,28696.9981,2273.8282,575.7349,183.9948,0.0000,0.0000
102.9000,19.7138,-6.1500,28623.7271,2268.3594,573.7177,187.4664,0.0000,0.0000
102.9167,19.7145,-6.0583,28549.8963,2262.8375,571.7007,190.9380,0.0000,0.0000
102.9333,19.7152,-5.9667,28475.5165,2257.2636,569.6839,194.4096,0.0000,0.0000
102.9500,19.7160,-5.8750,28400.5984,2251.6387,567.6671,197.8812,0.0000,0.0000
102.9667,19.7167,-5.7833,28325.1530,2245.9640,565.6505,201.3528,0.0000,0.0000
102.9833,19.7175,-5.6917,28249.1910,2240.2406,563.6339,204.8244,0.0000,0.0000
103.0000,19.7183,-5.6000,28172.7239,2234.4697,561.6175,208.2960,0.0000,0.0000
103.0167,19.7190,-5.5350,28099.4042,2229.4283,560.1919,231.0192,0.0000,0.0000
103.0333,19.7197,-5.4700,28027.9022,2224.2026,558.7659,253.7424,0.0000,0.0000
103.0500,19.7204,-5.4050,27957.3298,2218.8253,557.3398,276.4656,0.0000,0.0000
103.0667,19.7211,-5.3400,27887.1017,2213.3214,555.9135,299.1888,0.0000,0.0000
103.0833,19.7218,-5.2750,27816.8428,2207.7111,554.4872,321.9120,0.0000,0.0000
103.1000,19.7225,-5.2100,27746.3246,2202.0122,553.0610,344.6352,0.0000,0.0000
103.1167,19.7232,-5.1450,27675.4228,2196.2408,551.6349,367.3584,0.0000,0.0000
103.1333,19.7240,-5.0800,27604.0882,2190.4128,550.2089,390.0816,0.0000,0.0000
103.1500,19.7247,-5.0150,27532.3278,2184.5444,548.7829,412.8048,0.0000,0.0000
103.1667,19.7254,-4.9500,27460.1935,2178.6535,547.3571,435.5280,0.0000,0.0000
103.1833,19.7261,-4.8850,27387.7778,2172.7605,545.9313,458.2512,0.0000,0.0000
103.2000,19.7268,-4.8200,27315.2174,2166.8916,544.5055,480.9744,0.0000,0.0000
103.2167,19.7276,-4.7550,27242.7114,2161.0846,543.0798,503.6976,0.0000,0.0000
103.2333,19.7283,-4.6900,27170.5855,2155.4091,541.6539,526.4208,0.0000,0.0000
103.2500,19.7290,-4.6250,27099.2243,2149.8899,540.2279,549.1440,0.0000,0.0000
103.2667,19.7297,-4.5600,27025.8757,2143.3994,538.8023,571.8672,0.0000,0.0000
103.2833,19.7305,-4.4950,26949.4445,2136.3280,537.3774,594.5904,0.0000,0.0000
103.3000,19.7313,-4.4300,26869.6439,2128.8353,535.9533,617.3136,0.0000,0.0000
103.3167,19.7321,-4.3650,26786.4247,2120.9861,534.5299,640.0368,0.0000,0.0000
103.3333,19.7330,-4.3000,26699.8473,2112.8171,533.1072,662.7600,0.0000,0.0000
103.3500,19.7339,-4.2350,26610.0191,2104.3522,531.6853,685.4832,0.0000,0.0000
103.3667,19.7348,-4.1700,26517.0638,2095.6083,530.2641,708.2064,0.0000,0.0000
103.3833,19.7358,-4.1050,26421.1055,2086.5978,528.8435,730.9296,0.0000,0.0000
103.4000,19.7368,-4.0400,26322.2614,2077.3306,527.4236,753.6528,0.0000,0.0000
103.4167,19.7378,-3.9750,26220.6387,2067.8147,526.0043,776.3760,0.0000,0.0000
103.4333,19.7388,-3.9100,26116.3330,2058.0564,524.5856,799.0992,0.0000,0.0000
103.4500,19.7399,-3.8450,26009.4294,2048.0613,523.1675,821.8224,0.0000,0.0000
103.4667,19.7410,-3.7800,25900.0026,2037.8341,521.7499,844.5456,0.0000,0.0000
103.4833,19.7421,-3.7150,25788.1185,2027.3789,520.3328,867.2688,0.0000,0.0000
103.5000,19.7433,-3.6500,25673.8348,2016.6992,518.9163,889.9920,0.0000,0.0000
103.5167,19.7444,-3.5850,25557.2027,2005.7983,517.5004,912.7152,0.0000,0.0000
103.5333,19.7456,-3.5200,25438.2672,1994.6792,516.0849,935.4384,0.0000,0.0000
103.5500,19.7468,-3.4550,25317.0686,1983.3443,514.6699,958.1616,0.0000,0.0000
103.5667,19.7481,-3.3900,25193.6427,1971.7962,513.2555,980.8848,0.0000,0.0000
103.5833,19.7493,-3.3250,25068.0221,1960.0371,511.8415,1003.6080,0.0000,0.0000
103.6000,19.7506,-3.2600,24940.2360,1948.0692,510.4280,1026.3312,0.0000,0.0000
103.6167,19.7519,-3.1950,24810.3112,1935.8944,509.0150,1049.0544,0.0000,0.0000
103.6333,19.7532,-3.1300,24678.2725,1923.5145,507.6024,1071.7776,0.0000,0.0000
103.6500,19.7546,-3.0650,24544.1426,1910.9315,506.1903,1094.5008,0.0000,0.0000
103.6667,19.7559,-3.0000,24407.9430,1898.1469,504.7787,1117.2240,0.0000,0.0000
103.6833,19.7573,-2.9350,24269.6936,1885.1625,503.3675,1139.9472,0.0000,0.0000
103.7000,19.7587,-2.8700,24129.4134,1871.9798,501.9567,1162.6704,0.0000,0.0000
103.7167,19.7601,-2.8050,23987.1205,1858.6004,500.5465,1185.3936,0.0000,0.0000
103.7333,19.7616,-2.7400,23842.8322,1845.0259,499.1366,1208.1168,0.0000,0.0000
103.7500,19.7630,-2.6750,23696.5650,1831.2576,497.7272,1230.8400,0.0000,0.0000
103.7667,19.7645,-2.6100,23548.3351,1817.2971,496.3182,1253.5632,0.0000,0.0000
103.7833,19.7660,-2.5450,23398.1580,1803.1458,494.9097,1276.2864,0.0000,0.0000
103.8000,19.7675,-2.4800,23246.0491,1788.8052,493.5016,1299.0096,0.0000,0.0000
103.8167,19.7691,-2.4150,23092.0233,1774.2766,492.0939,1321.7328,0.0000,0.0000
103.8333,19.7706,-2.3500,22936.0951,1759.5614,490.6867,1344.4560,0.0000,0.0000
103.8500,19.7722,-2.2850,22778.2792,1744.6610,489.2798,1367.1792,0.0000,0.0000
103.8667,19.7738,-2.2200,22618.5897,1729.5769,487.8734,1389.9024,0.0000,0.0000
103.8833,19.7754,-2.1550,22457.0407,1714.3103,486.4674,1412.6256,0.0000,0.0000
103.9000,19.7771,-2.0900,22293.6463,1698.8626,485.0618,1435.3488,0.0000,0.0000
103.9167,19.7787,-2.0250,22128.4203,1683.2353,483.6566,1458.0720,0.0000,0.0000
103.9333,19.7804,-1.9600,21961.3766,1667.4296,482.2518,1480.7952,0.0000,0.0000
103.9500,19.7821,-1.8950,21792.5290,1651.4470,480.8474,1503.5184,0.0000,0.0000
103.9667,19.7838,-1.8300,21621.8913,1635.2888,479.4434,1526.2416,0.0000,0.0000
103.9833,19.7855,-1.7650,21449.4770,1618.9564,478.0398,1548.9648,0.0000,0.0000
104.0000,19.7872,-1.7000,21275.3000,1602.4512,476.6366,1571.6880,0.0000,0.0000
104.0167,19.7890,-1.6350,21099.4924,1585.8201,475.2337,1592.9910,0.0000,0.0000
104.0333,19.7908,-1.5700,20922.1335,1569.0552,473.8312,1614.2940,0.0000,0.0000
104.0500,19.7926,-1.5050,20743.2692,1552.1520,472.4290,1635.5970,0.0000,0.0000
104.0667,19.7944,-1.4400,20562.9260,1535.1079,471.0272,1656.9000,0.0000,0.0000
104.0833,19.7962,-1.3750,20381.1197,1517.9215,469.6257,1678.2030,0.0000,0.0000
104.1000,19.7980,-1.3100,20197.8599,1500.5921,468.2245,1699.5060,0.0000,0.0000
104.1167,19.7999,-1.2450,20013.1531,1483.1194,466.8236,1720.8090,0.0000,0.0000
104.1333,19.8017,-1.1800,19827.0046,1465.5037,465.4230,1742.1120,0.0000,0.0000
104.1500,19.8036,-1.1150,19639.4192,1447.7454,464.0228,1763.4150,0.0000,0.0000
104.1667,19.8055,-1.0500,19450.4022,1429.8450,462.6229,1784.7180,0.0000,0.0000
104.1833,19.8074,-0.9850,19259.9591,1411.8033,461.2233,1806.0210,0.0000,0.0000
104.2000,19.8093,-0.9200,19068.0965,1393.6211,459.8240,1827.3240,0.0000,0.0000
104.2167,19.8113,-0.8550,18874.8214,1375.2993,458.4250,1848.6270,0.0000,0.0000
104.2333,19.8132,-0.7900,18680.1417,1356.8389,457.0263,1869.9300,0.0000,0.0000
104.2500,19.8152,-0.7250,18484.0660,1338.2410,455.6280,1891.2330,0.0000,0.0000
104.2667,19.8171,-0.6600,18286.6033,1319.5067,454.2299,1912.5360,0.0000,0.0000
104.2833,19.8191,-0.5950,18087.7635,1300.6371,452.8322,1933.8390,0.0000,0.0000
104.3000,19.8211,-0.5300,17887.5568,1281.6333,451.4347,1955.1420,0.0000,0.0000
104.3167,19.8231,-0.4650,17685.9939,1262.4966,450.0376,1976.4450,0.0000,0.0000
104.3333,19.8252,-0.4000,17483.0858,1243.2282,448.6408,1997.7480,0.0000,0.0000
104.3500,19.8272,-0.3350,17278.8439,1223.8292,447.2442,2019.0510,0.0000,0.0000
104.3667,19.8293,-0.2700,17073.2800,1204.3010,445.8480,2040.3540,0.0000,0.0000
104.3833,19.8313,-0.2050,16866.4059,1184.6449,444.4520,2061.6570,0.0000,0.0000
104.4000,19.8334,-0.1400,16658.2337,1164.8620,443.0563,2082.9600,0.0000,0.0000
104.4167,19.8355,-0.0750,16448.7758,1144.9536,441.6610,2104.2630,0.0000,0.0000
104.4333,19.8376,-0.0100,16238.0446,1124.9212,440.2659,2125.5660,0.0000,0.0000
104.4500,19.8397,0.0550,16026.0526,1104.7658,438.8710,2146.8690,0.0000,0.0000
104.4667,19.8419,0.1200,15812.8125,1084.4890,437.4765,2168.1720,0.0000,0.0000
104.4833,19.8440,0.1850,15598.3371,1064.0918,436.0822,2189.4750,0.0000,0.0000
104.5000,19.8462,0.2500,15382.6390,1043.5757,434.6882,2210.7780,0.0000,0.0000
104.5167,19.8483,0.3150,15165.7312,1022.9419,433.2945,2232.0810,0.0000,0.0000
104.5333,19.8505,0.3800,14947.6265,1002.1917,431.9010,2253.3840,0.0000,0.0000
104.5500,19.8527,0.4450,14728.3377,981.3264,430.5078,2274.6870,0.0000,0.0000
104.5667,19.8549,0.5100,14507.8777,960.3474,429.1148,2295.9900,0.0000,0.0000
104.5833,19.8571,0.5750,14286.2594,939.2558,427.7222,2317.2930,0.0000,0.0000
104.6000,19.8594,0.6400,14063.4957,918.0530,426.3297,2338.5960,0.0000,0.0000
104.6167,19.8616,0.7050,13839.5994,896.7403,424.9375,2359.8990,0.0000,0.0000
104.6333,19.8639,0.7700,13614.5832,875.3189,423.5456,2381.2020,0.0000,0.0000
104.6500,19.8661,0.8350,13388.4601,853.7902,422.1539,2402.5050,0.0000,0.0000
104.6667,19.8684,0.9000,13161.2427,832.1553,420.7625,2423.8080,0.0000,0.0000
104.6833,19.8707,0.9650,12932.9438,810.4156,419.3713,2445.1110,0.0000,0.0000
104.7000,19.8730,1.0300,12703.5760,788.5722,417.9803,2466.4140,0.0000,0.0000
104.7167,19.8753,1.0950,12473.1520,766.6266,416.5895,2487.7170,0.0000,0.0000
104.7333,19.8776,1.1600,12241.6843,744.5798,415.1990,2509.0200,0.0000,0.0000
104.7500,19.8799,1.2250,12009.1855,722.4332,413.8088,2530.3230,0.0000,0.0000
104.7667,19.8822,1.2900,11775.6681,700.1880,412.4187,2551.6260,0.0000,0.0000
104.7833,19.8846,1.3550,11541.1443,677.8454,411.0289,2572.9290,0.0000,0.0000
104.8000,19.8869,1.4200,11305.6267,655.4066,409.6393,2594.2320,0.0000,0.0000
104.8167,19.8893,1.4850,11069.1273,632.8728,408.2499,2615.5350,0.0000,0.0000
104.8333,19.8917,1.5500,10831.6584,610.2452,406.8607,2636.8380,0.0000,0.0000
104.8500,19.8941,1.6150,10593.2320,587.5250,405.4718,2658.1410,0.0000,0.0000
104.8667,19.8965,1.6800,10353.8603,564.7135,404.0830,2679.4440,0.0000,0.0000
104.8833,19.8989,1.7450,10113.5550,541.8117,402.6945,2700.7470,0.0000,0.0000
104.9000,19.9013,1.8100,9872.3281,518.8208,401.3061,2722.0500,0.0000,0.0000
104.9167,19.9037,1.8750,9630.1912,495.7420,399.9180,2743.3530,0.0000,0.0000
104.9333,19.9061,1.9400,9387.1562,472.5764,398.5301,2764.6560,0.0000,0.0000
104.9500,19.9086,2.0050,9143.2345,449.3252,397.1423,2785.9590,0.0000,0.0000
104.9667,19.9110,2.0700,8898.4376,425.9895,395.7548,2807.2620,0.0000,0.0000
104.9833,19.9135,2.1350,8652.7771,402.5705,394.3674,2828.5650,0.0000,0.0000
105.0000,19.9159,2.2000,8406.2642,379.0691,392.9802,2849.8680,0.0000,0.0000
105.0167,19.9184,2.2367,8164.2114,356.8621,392.2206,2862.6498,0.0000,0.0000
105.0333,19.9207,2.2733,7925.9577,334.8515,391.4601,2875.4316,0.0000,0.0000
105.0500,19.9231,2.3100,7690.8868,312.9885,390.6989,2888.2134,0.0000,0.0000
105.0667,19.9254,2.3467,7458.4606,291.2411,389.9371,2900.9952,0.0000,0.0000
105.0833,19.9277,2.3833,7228.2253,269.5874,389.1748,2913.7770,0.0000,0.0000
105.1000,19.9300,2.4200,6999.8064,248.0119,388.4121,2926.5588,0.0000,0.0000
105.1167,19.9323,2.4567,6772.8986,226.5033,387.6491,2939.3406,0.0000,0.0000
105.1333,19.9345,2.4933,6547.2554,205.0531,386.8858,2952.1224,0.0000,0.0000
105.1500,19.9368,2.5300,6322.6782,183.6547,386.1223,2964.9042,0.0000,0.0000
105.1667,19.9390,2.5667,6099.0079,162.3031,385.3585,2977.6860,0.0000,0.0000
105.1833,19.9412,2.6033,5876.1171,140.9944,384.5946,2990.4678,0.0000,0.0000
105.2000,19.9435,2.6400,5653.9041,119.7253,383.8306,3003.2496,0.0000,0.0000
105.2167,19.9457,2.6767,5432.2876,98.4936,383.0664,3016.0314,0.0000,0.0000
105.2333,19.9479,2.7133,5211.2028,77.2972,382.3021,3028.8132,0.0000,0.0000
105.2500,19.9501,2.7500,4990.5980,56.1346,381.5376,3041.5950,0.0000,0.0000
105.2667,19.9523,2.7867,4770.4323,35.0046,380.7731,3054.3768,0.0000,0.0000
105.2833,19.9545,2.8233,4550.6730,13.9063,380.0085,3067.1586,0.0000,0.0000
105.3000,19.9567,2.8600,4331.2945,-7.1609,379.2438,3079.9404,0.0000,0.0000
105.3167,19.9589,2.8967,4112.2764,-28.1976,378.4791,3092.7222,0.0000,0.0000
105.3333,19.9611,2.9333,3893.6030,-49.2042,377.7142,3105.5040,0.0000,0.0000
105.3500,19.9632,2.9700,3675.2618,-70.1808,376.9493,3118.2858,0.0000,0.0000
105.3667,19.9654,3.0067,3457.2436,-91.1277,376.1843,3131.0676,0.0000,0.0000
105.3833,19.9676,3.0433,3239.5410,-112.0450,375.4193,3143.8494,0.0000,0.0000
105.4000,19.9698,3.0800,3022.1487,-132.9327,374.6541,3156.6312,0.0000,0.0000
105.4167,19.9719,3.1167,2805.0629,-153.7907,373.8889,3169.4130,0.0000,0.0000
105.4333,19.9741,3.1533,2588.2807,-174.6191,373.1237,3182.1948,0.0000,0.0000
105.4500,19.9763,3.1900,2371.8003,-195.4177,372.3583,3194.9766,0.0000,0.0000
105.4667,19.9784,3.2267,2155.6206,-216.1865,371.5929,3207.7584,0.0000,0.0000
105.4833,19.9806,3.2633,1939.7409,-236.9254,370.8275,3220.5402,0.0000,0.0000
105.5000,19.9828,3.3000,1724.1611,-257.6343,370.0620,3233.3220,0.0000,0.0000
105.5167,19.9849,3.3367,1508.8813,-278.3131,369.2964,3246.1038,0.0000,0.0000
105.5333,19.9871,3.3733,1293.9017,-298.9617,368.5307,3258.8856,0.0000,0.0000
105.5500,19.9892,3.4100,1079.2229,-319.5800,367.7650,3271.6674,0.0000,0.0000
105.5667,19.9914,3.4467,864.8454,-340.1680,366.9992,3284.4492,0.0000,0.0000
105.5833,19.9935,3.4833,650.7698,-360.7256,366.2333,3297.2310,0.0000,0.0000
105.6000,19.9956,3.5200,436.9966,-381.2527,365.4674,3310.0128,0.0000,0.0000
105.6167,19.9978,3.5567,223.5266,-401.7493,364.7014,3322.7946,0.0000,0.0000
105.6333,19.9999,3.5933,10.3601,-422.2152,363.9353,3335.5764,0.0000,0.0000
105.6500,20.0027,3.6300,0.0000,-442.3001,363.1848,3348.3582,0.0000,0.0000
105.6667,20.0064,3.6667,0.0000,-461.9718,362.4518,3361.1400,0.0000,0.0000
105.6833,20.0107,3.7033,0.0000,-481.2698,361.7350,3373.9218,0.0000,0.0000
105.7000,20.0158,3.7400,0.0000,-500.2093,361.0342,3386.7036,0.0000,0.0000
105.7167,20.0216,3.7767,0.0000,-518.8043,360.3491,3399.4854,0.0000,0.0000
105.7333,20.0280,3.8133,0.0000,-537.0675,359.6792,3412.2672,0.0000,0.0000
105.7500,20.0352,3.8500,0.0000,-555.0108,359.0245,3425.0490,0.0000,0.0000
105.7667,20.0430,3.8867,0.0000,-572.6455,358.3846,3437.8308,0.0000,0.0000
105.7833,20.0515,3.9233,0.0000,-589.9819,357.7592,3450.6126,0.0000,0.0000
105.8000,20.0606,3.9600,0.0000,-607.0302,357.1482,3463.3944,0.0000,0.0000
105.8167,20.0704,3.9967,0.0000,-623.7997,356.5513,3476.1762,0.0000,0.0000
105.8333,20.0807,4.0333,0.0000,-640.2994,355.9682,3488.9580,0.0000,0.0000
105.8500,20.0917,4.0700,0.0000,-656.5378,355.3987,3501.7398,0.0000,0.0000
105.8667,20.1033,4.1067,0.0000,-672.5230,354.8427,3514.5216,0.0000,0.0000
105.8833,20.1155,4.1433,0.0000,-688.2629,354.2999,3527.3034,0.0000,0.0000
105.9000,20.1283,4.1800,0.0000,-703.7647,353.7701,3540.0852,0.0000,0.0000
105.9167,20.1417,4.2167,0.0000,-719.0356,353.2530,3552.8670,0.0000,0.0000
105.9333,20.1556,4.2533,0.0000,-734.0825,352.7486,3565.6488,0.0000,0.0000
105.9500,20.1701,4.2900,0.0000,-748.9119,352.2566,3578.4306,0.0000,0.0000
105.9667,20.1851,4.3267,0.0000,-763.5300,351.7769,3591.2124,0.0000,0.0000
105.9833,20.2007,4.3633,0.0000,-777.9428,351.3092,3603.9942,0.0000,0.0000
106.0000,20.2168,4.4000,0.0000,-792.1562,350.8534,3616.7760,0.0000,0.0000
106.0167,20.2335,4.4467,0.0000,-806.1120,350.1877,3621.3522,0.0000,0.0000
106.0333,20.2506,4.4933,0.0000,-819.5581,349.5334,3625.9284,0.0000,0.0000
106.0500,20.2683,4.5400,0.0000,-832.5670,348.8902,3630.5046,0.0000,0.0000
106.0667,20.2865,4.5867,0.0000,-845.1899,348.2577,3635.0808,0.0000,0.0000
106.0833,20.3051,4.6333,0.0000,-857.4653,347.6357,3639.6570,0.0000,0.0000
106.1000,20.3242,4.6800,0.0000,-869.4229,347.0239,3644.2332,0.0000,0.0000
106.1167,20.3437,4.7267,0.0000,-881.0869,346.4221,3648.8094,0.0000,0.0000
106.1333,20.3637,4.7733,0.0000,-892.4775,345.8299,3653.3856,0.0000,0.0000
106.1500,20.3841,4.8200,0.0000,-903.6115,345.2473,3657.9618,0.0000,0.0000
106.1667,20.4049,4.8667,0.0000,-914.5037,344.6740,3662.5380,0.0000,0.0000
106.1833,20.4261,4.9133,0.0000,-925.1668,344.1097,3667.1142,0.0000,0.0000
106.2000,20.4478,4.9600,0.0000,-935.6122,343.5544,3671.6904,0.0000,0.0000
106.2167,20.4698,5.0067,0.0000,-945.8500,343.0079,3676.2666,0.0000,0.0000
106.2333,20.4922,5.0533,0.0000,-955.8893,342.4699,3680.8428,0.0000,0.0000
106.2500,20.5150,5.1000,0.0000,-965.7383,341.9403,3685.4190,0.0000,0.0000
106.2667,20.5382,5.1467,0.0000,-975.4046,341.4190,3689.9952,0.0000,0.0000
106.2833,20.5617,5.1933,0.0000,-984.8949,340.9059,3694.5714,0.0000,0.0000
106.3000,20.5856,5.2400,0.0000,-994.2156,340.4006,3699.1476,0.0000,0.0000
106.3167,20.6098,5.2867,0.0000,-1003.3726,339.9033,3703.7238,0.0000,0.0000
106.3333,20.6344,5.3333,0.0000,-1012.3712,339.4136,3708.3000,0.0000,0.0000
106.3500,20.6594,5.3800,0.0000,-1021.2166,338.9314,3712.8762,0.0000,0.0000
106.3667,20.6846,5.4267,0.0000,-1029.9136,338.4568,3717.4524,0.0000,0.0000
106.3833,20.7102,5.4733,0.0000,-1038.4665,337.9894,3722.0286,0.0000,0.0000
106.4000,20.7362,5.5200,0.0000,-1046.8795,337.5292,3726.6048,0.0000,0.0000
106.4167,20.7624,5.5667,0.0000,-1055.1568,337.0761,3731.1810,0.0000,0.0000
106.4333,20.7889,5.6133,0.0000,-1063.3020,336.6300,3735.7572,0.0000,0.0000
106.4500,20.8158,5.6600,0.0000,-1071.3188,336.1907,3740.3334,0.0000,0.0000
106.4667,20.8430,5.7067,0.0000,-1079.2105,335.7582,3744.9096,0.0000,0.0000
106.4833,20.8704,5.7533,0.0000,-1086.9805,335.3324,3749.4858,0.0000,0.0000
106.5000,20.8982,5.8000,0.0000,-1094.6319,334.9130,3754.0620,0.0000,0.0000
106.5167,20.9263,5.8467,0.0000,-1102.1676,334.5002,3758.6382,0.0000,0.0000
106.5333,20.9546,5.8933,0.0000,-1109.5906,334.0936,3763.2144,0.0000,0.0000
106.5500,20.9832,5.9400,0.0000,-1116.9037,333.6934,3767.7906,0.0000,0.0000
106.5667,21.0121,5.9867,0.0000,-1124.1095,333.2993,3772.3668,0.0000,0.0000
106.5833,21.0413,6.0333,0.0000,-1131.2105,332.9112,3776.9430,0.0000,0.0000
106.6000,21.0707,6.0800,0.0000,-1138.2094,332.5292,3781.5192,0.0000,0.0000
106.6167,21.1005,6.1267,0.0000,-1145.1084,332.1530,3786.0954,0.0000,0.0000
106.6333,21.1304,6.1733,0.0000,-1151.9099,331.7827,3790.6716,0.0000,0.0000
106.6500,21.1607,6.2200,0.0000,-1158.6162,331.4181,3795.2478,0.0000,0.0000
106.6667,21.1911,6.2667,0.0000,-1165.2295,331.0592,3799.8240,0.0000,0.0000
106.6833,21.2219,6.3133,0.0000,-1171.7518,330.7058,3804.4002,0.0000,0.0000
106.7000,21.2529,6.3600,0.0000,-1178.1852,330.3579,3808.9764,0.0000,0.0000
106.7167,21.2841,6.4067,0.0000,-1184.5317,330.0155,3813.5526,0.0000,0.0000
106.7333,21.3156,6.4533,0.0000,-1190.7933,329.6784,3818.1288,0.0000,0.0000
106.7500,21.3473,6.5000,0.0000,-1196.9717,329.3466,3822.7050,0.0000,0.0000
106.7667,21.3792,6.5467,0.0000,-1203.0690,329.0200,3827.2812,0.0000,0.0000
106.7833,21.4114,6.5933,0.0000,-1209.0867,328.6985,3831.8574,0.0000,0.0000
106.8000,21.4438,6.6400,0.0000,-1215.0267,328.3821,3836.4336,0.0000,0.0000
106.8167,21.4764,6.6867,0.0000,-1220.8906,328.0708,3841.0098,0.0000,0.0000
106.8333,21.5093,6.7333,0.0000,-1226.6801,327.7643,3845.5860,0.0000,0.0000
106.8500,21.5423,6.7800,0.0000,-1232.3967,327.4628,3850.1622,0.0000,0.0000
106.8667,21.5756,6.8267,0.0000,-1238.0421,327.1660,3854.7384,0.0000,0.0000
106.8833,21.6091,6.8733,0.0000,-1243.6177,326.8741,3859.3146,0.0000,0.0000
106.9000,21.6429,6.9200,0.0000,-1249.1250,326.5868,3863.8908,0.0000,0.0000
106.9167,21.6768,6.9667,0.0000,-1254.5655,326.3041,3868.4670,0.0000,0.0000
106.9333,21.7109,7.0133,0.0000,-1259.9405,326.0261,3873.0432,0.0000,0.0000
106.9500,21.7452,7.0600,0.0000,-1265.2514,325.7526,3877.6194,0.0000,0.0000
106.9667,21.7798,7.1067,0.0000,-1270.4995,325.4835,3882.1956,0.0000,0.0000
106.9833,21.8145,7.1533,0.0000,-1275.6862,325.2189,3886.7718,0.0000,0.0000
107.0000,21.8495,7.2000,0.0000,-1280.8127,324.9586,3891.3480,0.0000,0.0000
107.0167,21.8845,7.2283,0.0000,-1285.2152,325.1085,3895.4508,0.0000,0.0000
107.0333,21.9198,7.2567,0.0000,-1289.5598,325.2618,3899.5536,0.0000,0.0000
107.0500,21.9552,7.2850,0.0000,-1293.8509,325.4184,3903.6564,0.0000,0.0000
107.0667,21.9907,7.3133,0.0000,-1298.0912,325.5783,3907.7592,0.0000,0.0000
107.0833,22.0264,7.3417,0.0000,-1302.2826,325.7415,3911.8620,0.0000,0.0000
107.1000,22.0623,7.3700,0.0000,-1306.4267,325.9079,3915.9648,0.0000,0.0000
107.1167,22.0982,7.3983,0.0000,-1310.5246,326.0775,3920.0676,0.0000,0.0000
107.1333,22.1344,7.4267,0.0000,-1314.5770,326.2503,3924.1704,0.0000,0.0000
107.1500,22.1706,7.4550,0.0000,-1318.5847,326.4261,3928.2732,0.0000,0.0000
107.1667,22.2070,7.4833,0.0000,-1322.5482,326.6050,3932.3760,0.0000,0.0000
107.1833,22.2435,7.5117,0.0000,-1326.4681,326.7870,3936.4788,0.0000,0.0000
107.2000,22.2802,7.5400,0.0000,-1330.3447,326.9720,3940.5816,0.0000,0.0000
107.2167,22.3170,7.5683,0.0000,-1334.1787,327.1599,3944.6844,0.0000,0.0000
107.2333,22.3540,7.5967,0.0000,-1337.9702,327.3507,3948.7872,0.0000,0.0000
107.2500,22.3910,7.6250,0.0000,-1341.7198,327.5444,3952.8900,0.0000,0.0000
107.2667,22.4282,7.6533,0.0000,-1345.4280,327.7410,3956.9928,0.0000,0.0000
107.2833,22.4655,7.6817,0.0000,-1349.0950,327.9403,3961.0956,0.0000,0.0000
107.3000,22.5030,7.7100,0.0000,-1352.7213,328.1425,3965.1984,0.0000,0.0000
107.3167,22.5406,7.7383,0.0000,-1356.3074,328.3474,3969.3012,0.0000,0.0000
107.3333,22.5782,7.7667,0.0000,-1359.8537,328.5550,3973.4040,0.0000,0.0000
107.3500,22.6161,7.7950,0.0000,-1363.3607,328.7652,3977.5068,0.0000,0.0000
107.3667,22.6540,7.8233,0.0000,-1366.8288,328.9782,3981.6096,0.0000,0.0000
107.3833,22.6920,7.8517,0.0000,-1370.2586,329.1937,3985.7124,0.0000,0.0000
107.4000,22.7302,7.8800,0.0000,-1373.6504,329.4118,3989.8152,0.0000,0.0000
107.4167,22.7685,7.9083,0.0000,-1377.0049,329.6324,3993.9180,0.0000,0.0000
107.4333,22.8069,7.9367,0.0000,-1380.3224,329.8555,3998.0208,0.0000,0.0000
107.4500,22.8454,7.9650,0.0000,-1383.6036,330.0812,4002.1236,0.0000,0.0000
107.4667,22.8840,7.9933,0.0000,-1386.8489,330.3092,4006.2264,0.0000,0.0000
107.4833,22.9227,8.0217,0.0000,-1390.0589,330.5397,4010.3292,0.0000,0.0000
107.5000,22.9616,8.0500,0.0000,-1393.2341,330.7726,4014.4320,0.0000,0.0000
107.5167,23.0005,8.0783,0.0000,-1396.3750,331.0078,4018.5348,0.0000,0.0000
107.5333,23.0395,8.1067,0.0000,-1399.4823,331.2454,4022.6376,0.0000,0.0000
107.5500,23.0787,8.1350,0.0000,-1402.5563,331.4852,4026.7404,0.0000,0.0000
107.5667,23.1179,8.1633,0.0000,-1405.5978,331.7273,4030.8432,0.0000,0.0000
107.5833,23.1573,8.1917,0.0000,-1408.6071,331.9717,4034.9460,0.0000,0.0000
107.6000,23.1967,8.2200,0.0000,-1411.5850,332.2183,4039.0488,0.0000,0.0000
107.6167,23.2363,8.2483,0.0000,-1414.5318,332.4671,4043.1516,0.0000,0.0000
107.6333,23.2759,8.2767,0.0000,-1417.4482,332.7180,4047.2544,0.0000,0.0000
107.6500,23.3157,8.3050,0.0000,-1420.3347,332.9711,4051.3572,0.0000,0.0000
107.6667,23.3555,8.3333,0.0000,-1423.1919,333.2262,4055.4600,0.0000,0.0000
107.6833,23.3954,8.3617,0.0000,-1426.0202,333.4835,4059.5628,0.0000,0.0000
107.7000,23.4355,8.3900,0.0000,-1428.8202,333.7428,4063.6656,0.0000,0.0000
107.7167,23.4756,8.4183,0.0000,-1431.5925,334.0042,4067.7684,0.0000,0.0000
107.7333,23.5158,8.4467,0.0000,-1434.3375,334.2675,4071.8712,0.0000,0.0000
107.7500,23.5561,8.4750,0.0000,-1437.0558,334.5329,4075.9740,0.0000,0.0000
107.7667,23.5965,8.5033,0.0000,-1439.7479,334.8002,4080.0768,0.0000,0.0000
107.7833,23.6369,8.5317,0.0000,-1442.4143,335.0695,4084.1796,0.0000,0.0000
107.8000,23.6775,8.5600,0.0000,-1445.0555,335.3407,4088.2824,0.0000,0.0000
107.8167,23.7181,8.5883,0.0000,-1447.6720,335.6138,4092.3852,0.0000,0.0000
107.8333,23.7589,8.6167,0.0000,-1450.2642,335.8887,4096.4880,0.0000,0.0000
107.8500,23.7997,8.6450,0.0000,-1452.8327,336.1656,4100.5908,0.0000,0.0000
107.8667,23.8406,8.6733,0.0000,-1455.3780,336.4442,4104.6936,0.0000,0.0000
107.8833,23.8815,8.7017,0.0000,-1457.9004,336.7247,4108.7964,0.0000,0.0000
107.9000,23.9226,8.7300,0.0000,-1460.4005,337.0070,4112.8992,0.0000,0.0000
107.9167,23.9637,8.7583,0.0000,-1462.8788,337.2911,4117.0020,0.0000,0.0000
107.9333,24.0050,8.7867,0.0000,-1465.3356,337.5769,4121.1048,0.0000,0.0000
107.9500,24.0463,8.8150,0.0000,-1467.7713,337.8645,4125.2076,0.0000,0.0000
107.9667,24.0876,8.8433,0.0000,-1470.1866,338.1537,4129.3104,0.0000,0.0000
107.9833,24.1291,8.8717,0.0000,-1472.5817,338.4447,4133.4132,0.0000,0.0000
108.0000,24.1706,8.9000,0.0000,-1474.9570,338.7374,4137.5160,0.0000,0.0000
108.0167,24.2122,8.9283,0.0000,-1476.7487,339.0313,4131.2040,0.0000,0.0000
108.0333,24.2538,8.9567,0.0000,-1478.1004,339.3261,4124.8920,0.0000,0.0000
108.0500,24.2955,8.9850,0.0000,-1479.1059,339.6215,4118.5800,0.0000,0.0000
108.0667,24.3371,9.0133,0.0000,-1479.8295,339.9172,4112.2680,0.0000,0.0000
108.0833,24.3788,9.0417,0.0000,-1480.3174,340.2130,4105.9560,0.0000,0.0000
108.1000,24.4205,9.0700,0.0000,-1480.6039,340.5089,4099.6440,0.0000,0.0000
108.1167,24.4621,9.0983,0.0000,-1480.7158,340.8046,4093.3320,0.0000,0.0000
108.1333,24.5038,9.1267,0.0000,-1480.6740,341.1000,4087.0200,0.0000,0.0000
108.1500,24.5454,9.1550,0.0000,-1480.4958,341.3951,4080.7080,0.0000,0.0000
108.1667,24.5870,9.1833,0.0000,-1480.1950,341.6897,4074.3960,0.0000,0.0000
108.1833,24.6286,9.2117,0.0000,-1479.7833,341.9837,4068.0840,0.0000,0.0000
108.2000,24.6702,9.2400,0.0000,-1479.2705,342.2771,4061.7720,0.0000,0.0000
108.2167,24.7117,9.2683,0.0000,-1478.6649,342.5697,4055.4600,0.0000,0.0000
108.2333,24.7532,9.2967,0.0000,-1477.9738,342.8615,4049.1480,0.0000,0.0000
108.2500,24.7947,9.3250,0.0000,-1477.2031,343.1525,4042.8360,0.0000,0.0000
108.2667,24.8361,9.3533,0.0000,-1476.3582,343.4426,4036.5240,0.0000,0.0000
108.2833,24.8774,9.3817,0.0000,-1475.4438,343.7317,4030.2120,0.0000,0.0000
108.3000,24.9187,9.4100,0.0000,-1474.4639,344.0197,4023.9000,0.0000,0.0000
108.3167,24.9600,9.4383,0.0000,-1473.4222,344.3067,4017.5880,0.0000,0.0000
108.3333,25.0012,9.4667,0.0000,-1472.3218,344.5926,4011.2760,0.0000,0.0000
108.3500,25.0424,9.4950,0.0000,-1471.1655,344.8773,4004.9640,0.0000,0.0000
108.3667,25.0835,9.5233,0.0000,-1469.9560,345.1607,3998.6520,0.0000,0.0000
108.3833,25.1246,9.5517,0.0000,-1468.6955,345.4430,3992.3400,0.0000,0.0000
108.4000,25.1656,9.5800,0.0000,-1467.3861,345.7239,3986.0280,0.0000,0.0000
108.4167,25.2065,9.6083,0.0000,-1466.0297,346.0035,3979.7160,0.0000,0.0000
108.4333,25.2474,9.6367,0.0000,-1464.6281,346.2818,3973.4040,0.0000,0.0000
108.4500,25.2882,9.6650,0.0000,-1463.1829,346.5586,3967.0920,0.0000,0.0000
108.4667,25.3290,9.6933,0.0000,-1461.6956,346.8341,3960.7800,0.0000,0.0000
108.4833,25.3696,9.7217,0.0000,-1460.1676,347.1081,3954.4680,0.0000,0.0000
108.5000,25.4103,9.7500,0.0000,-1458.6002,347.3805,3948.1560,0.0000,0.0000
108.5167,25.4508,9.7783,0.0000,-1456.9947,347.6515,3941.8440,0.0000,0.0000
108.5333,25.4913,9.8067,0.0000,-1455.3521,347.9209,3935.5320,0.0000,0.0000
108.5500,25.5317,9.8350,0.0000,-1453.6737,348.1887,3929.2200,0.0000,0.0000
108.5667,25.5720,9.8633,0.0000,-1451.9604,348.4550,3922.9080,0.0000,0.0000
108.5833,25.6123,9.8917,0.0000,-1450.2133,348.7196,3916.5960,0.0000,0.0000
108.6000,25.6525,9.9200,0.0000,-1448.4333,348.9825,3910.2840,0.0000,0.0000
108.6167,25.6926,9.9483,0.0000,-1446.6213,349.2438,3903.9720,0.0000,0.0000
108.6333,25.7326,9.9767,0.0000,-1444.7783,349.5033,3897.6600,0.0000,0.0000
108.6500,25.7726,10.0050,0.0000,-1442.9050,349.7612,3891.3480,0.0000,0.0000
108.6667,25.8125,10.0333,0.0000,-1441.0023,350.0172,3885.0360,0.0000,0.0000
108.6833,25.8523,10.0617,0.0000,-1439.0710,350.2716,3878.7240,0.0000,0.0000
108.7000,25.8920,10.0900,0.0000,-1437.1118,350.5241,3872.4120,0.0000,0.0000
108.7167,25.9316,10.1183,0.0000,-1435.1255,350.7748,3866.1000,0.0000,0.0000
108.7333,25.9712,10.1467,0.0000,-1433.1128,351.0236,3859.7880,0.0000,0.0000
108.7500,26.0106,10.1750,0.0000,-1431.0744,351.2707,3853.4760,0.0000,0.0000
108.7667,26.0500,10.2033,0.0000,-1429.0110,351.5158,3847.1640,0.0000,0.0000
108.7833,26.0893,10.2317,0.0000,-1426.9232,351.7591,3840.8520,0.0000,0.0000
108.8000,26.1285,10.2600,0.0000,-1424.8117,352.0004,3834.5400,0.0000,0.0000
108.8167,26.1677,10.2883,0.0000,-1422.6771,352.2398,3828.2280,0.0000,0.0000
108.8333,26.2067,10.3167,0.0000,-1420.5200,352.4773,3821.9160,0.0000,0.0000
108.8500,26.2456,10.3450,0.0000,-1418.3410,352.7129,3815.6040,0.0000,0.0000
108.8667,26.2845,10.3733,0.0000,-1416.1407,352.9464,3809.2920,0.0000,0.0000
108.8833,26.3233,10.4017,0.0000,-1413.9196,353.1780,3802.9800,0.0000,0.0000
108.9000,26.3620,10.4300,0.0000,-1411.6783,353.4075,3796.6680,0.0000,0.0000
108.9167,26.4006,10.4583,0.0000,-1409.4174,353.6351,3790.3560,0.0000,0.0000
108.9333,26.4391,10.4867,0.0000,-1407.1373,353.8606,3784.0440,0.0000,0.0000
108.9500,26.4775,10.5150,0.0000,-1404.8386,354.0841,3777.7320,0.0000,0.0000
108.9667,26.5158,10.5433,0.0000,-1402.5217,354.3055,3771.4200,0.0000,0.0000
108.9833,26.5540,10.5717,0.0000,-1400.1872,354.5248,3765.1080,0.0000,0.0000
109.0000,26.5921,10.6000,0.0000,-1397.8353,354.7421,3758.7960,0.0000,0.0000
109.0167,26.6299,10.5250,0.0000,-1391.4340,357.2443,3744.5940,0.0000,0.0000
109.0333,26.6674,10.4500,0.0000,-1384.8055,359.7391,3730.3920,0.0000,0.0000
109.0500,26.7045,10.3750,0.0000,-1378.0142,362.2264,3716.1900,0.0000,0.0000
109.0667,26.7413,10.3000,0.0000,-1371.1023,364.7061,3701.9880,0.0000,0.0000
109.0833,26.7778,10.2250,0.0000,-1364.0979,367.1781,3687.7860,0.0000,0.0000
109.1000,26.8138,10.1500,0.0000,-1357.0204,369.6424,3673.5840,0.0000,0.0000
109.1167,26.8496,10.0750,0.0000,-1349.8833,372.0989,3659.3820,0.0000,0.0000
109.1333,26.8850,10.0000,0.0000,-1342.6957,374.5476,3645.1800,0.0000,0.0000
109.1500,26.9200,9.9250,0.0000,-1335.4642,376.9885,3630.9780,0.0000,0.0000
109.1667,26.9547,9.8500,0.0000,-1328.1932,379.4214,3616.7760,0.0000,0.0000
109.1833,26.9890,9.7750,0.0000,-1320.8857,381.8465,3602.5740,0.0000,0.0000
109.2000,27.0171,9.7000,-1712.1046,-1316.6877,384.1336,3588.3720,0.0000,0.0000
109.2167,27.0373,9.6250,-3728.3718,-1316.3729,386.2445,3574.1700,0.0000,0.0000
109.2333,27.0521,9.5500,-5208.9993,-1318.4413,388.2366,3559.9680,0.0000,0.0000
109.2500,27.0630,9.4750,-6300.6647,-1322.0473,390.1424,3545.7660,0.0000,0.0000
109.2667,27.0711,9.4000,-7109.4186,-1326.5965,391.9855,3531.5640,0.0000,0.0000
109.2833,27.0771,9.3250,-7711.9702,-1331.6712,393.7828,3517.3620,0.0000,0.0000
109.3000,27.0816,9.2500,-8163.8309,-1336.9793,395.5468,3503.1600,0.0000,0.0000
109.3167,27.0851,9.1750,-8505.1937,-1342.3170,397.2861,3488.9580,0.0000,0.0000
109.3333,27.0877,9.1000,-8765.1774,-1347.5435,399.0075,3474.7560,0.0000,0.0000
109.3500,27.0896,9.0250,-8964.8936,-1352.5625,400.7155,3460.5540,0.0000,0.0000
109.3667,27.0912,8.9500,-9119.6619,-1357.3093,402.4135,3446.3520,0.0000,0.0000
109.3833,27.0924,8.8750,-9240.6106,-1361.7414,404.1040,3432.1500,0.0000,0.0000
109.4000,27.0934,8.8000,-9335.8344,-1365.8318,405.7888,3417.9480,0.0000,0.0000
109.4167,27.0941,8.7250,-9411.2307,-1369.5646,407.4692,3403.7460,0.0000,0.0000
109.4333,27.0947,8.6500,-9471.1052,-1372.9316,409.1461,3389.5440,0.0000,0.0000
109.4500,27.0952,8.5750,-9518.6096,-1375.9298,410.8203,3375.3420,0.0000,0.0000
109.4667,27.0956,8.5000,-9556.0581,-1378.5598,412.4923,3361.1400,0.0000,0.0000
109.4833,27.0959,8.4250,-9585.1572,-1380.8247,414.1624,3346.9380,0.0000,0.0000
109.5000,27.0961,8.3500,-9607.1716,-1382.7292,415.8310,3332.7360,0.0000,0.0000
109.5167,27.0962,8.2750,-9623.0445,-1384.2789,417.4982,3318.5340,0.0000,0.0000
109.5333,27.0963,8.2000,-9633.4848,-1385.4803,419.1642,3304.3320,0.0000,0.0000
109.5500,27.0964,8.1250,-9639.0307,-1386.3400,420.8291,3290.1300,0.0000,0.0000
109.5667,27.0964,8.0500,-9640.0952,-1386.8649,422.4930,3275.9280,0.0000,0.0000
109.5833,27.0964,7.9750,-9636.9984,-1387.0613,424.1560,3261.7260,0.0000,0.0000
109.6000,27.0963,7.9000,-9629.9902,-1386.9348,425.8181,3247.5240,0.0000,0.0000
109.6167,27.0962,7.8250,-9619.2679,-1386.4908,427.4794,3233.3220,0.0000,0.0000
109.6333,27.0960,7.7500,-9604.9893,-1385.7341,429.1399,3219.1200,0.0000,0.0000
109.6500,27.0959,7.6750,-9587.2842,-1384.6699,430.7996,3204.9180,0.0000,0.0000
109.6667,27.0957,7.6000,-9566.2618,-1383.3036,432.4586,3190.7160,0.0000,0.0000
109.6833,27.0954,7.5250,-9542.0170,-1381.6406,434.1169,3176.5140,0.0000,0.0000
109.7000,27.0951,7.4500,-9514.6347,-1379.6868,435.7745,3162.3120,0.0000,0.0000
109.7167,27.0948,7.3750,-9484.1927,-1377.4479,437.4314,3148.1100,0.0000,0.0000
109.7333,27.0945,7.3000,-9450.7634,-1374.9299,439.0877,3133.9080,0.0000,0.0000
109.7500,27.0941,7.2250,-9414.4156,-1372.1384,440.7433,3119.7060,0.0000,0.0000
109.7667,27.0938,7.1500,-9375.2149,-1369.0792,442.3983,3105.5040,0.0000,0.0000
109.7833,27.0933,7.0750,-9333.2242,-1365.7580,444.0527,3091.3020,0.0000,0.0000
109.8000,27.0929,7.0000,-9288.5043,-1362.1801,445.7064,3077.1000,0.0000,0.0000
109.8167,27.0924,6.9250,-9241.1140,-1358.3510,447.3596,3062.8980,0.0000,0.0000
109.8333,27.0919,6.8500,-9191.1103,-1354.2758,449.0121,3048.6960,0.0000,0.0000
109.8500,27.0914,6.7750,-9138.5484,-1349.9595,450.6642,3034.4940,0.0000,0.0000
109.8667,27.0908,6.7000,-9083.4817,-1345.4072,452.3156,3020.2920,0.0000,0.0000
109.8833,27.0903,6.6250,-9025.9624,-1340.6235,453.9665,3006.0900,0.0000,0.0000
109.9000,27.0897,6.5500,-8966.0409,-1335.6131,455.6169,2991.8880,0.0000,0.0000
109.9167,27.0890,6.4750,-8903.7663,-1330.3805,457.2668,2977.6860,0.0000,0.0000
109.9333,27.0884,6.4000,-8839.1862,-1324.9301,458.9161,2963.4840,0.0000,0.0000
109.9500,27.0877,6.3250,-8772.3470,-1319.2662,460.5650,2949.2820,0.0000,0.0000
109.9667,27.0870,6.2500,-8703.2937,-1313.3930,462.2133,2935.0800,0.0000,0.0000
109.9833,27.0863,6.1750,-8632.0704,-1307.3145,463.8612,2920.8780,0.0000,0.0000
110.0000,27.0856,6.1000,-8558.7196,-1301.0346,465.5086,2906.6760,0.0000,0.0000
110.0167,27.0849,6.0917,-8492.3815,-1296.4953,465.6787,2884.8996,0.0000,0.0000
110.0333,27.0843,6.0833,-8429.7558,-1291.4185,465.8497,2863.1232,0.0000,0.0000
110.0500,27.0837,6.0750,-8368.6370,-1285.8849,466.0210,2841.3468,0.0000,0.0000
110.0667,27.0831,6.0667,-8307.5581,-1279.9510,466.1923,2819.5704,0.0000,0.0000
110.0833,27.0825,6.0583,-8245.5535,-1273.6583,466.3634,2797.7940,0.0000,0.0000
110.1000,27.0818,6.0500,-8181.9998,-1267.0387,466.5341,2776.0176,0.0000,0.0000
110.1167,27.0812,6.0417,-8116.5075,-1260.1178,466.7045,2754.2412,0.0000,0.0000
110.1333,27.0805,6.0333,-8048.8462,-1252.9162,466.8743,2732.4648,0.0000,0.0000
110.1500,27.0798,6.0250,-7978.8936,-1245.4515,467.0436,2710.6884,0.0000,0.0000
110.1667,27.0791,6.0167,-7912.4654,-1238.1841,467.2138,2688.9120,0.0000,0.0000
110.1833,27.0784,6.0083,-7843.4143,-1230.6480,467.3833,2667.1356,0.0000,0.0000
110.2000,27.0777,6.0000,-7771.7817,-1222.8664,467.5523,2645.3592,0.0000,0.0000
110.2167,27.0770,5.9917,-7697.6430,-1214.8569,467.7207,2623.5828,0.0000,0.0000
110.2333,27.0762,5.9833,-7621.0899,-1206.6335,467.8885,2601.8064,0.0000,0.0000
110.2500,27.0754,5.9750,-7542.2206,-1198.2080,468.0559,2580.0300,0.0000,0.0000
110.2667,27.0746,5.9667,-7461.1334,-1189.5902,468.2228,2558.2536,0.0000,0.0000
110.2833,27.0738,5.9583,-7377.9235,-1180.7887,468.3892,2536.4772,0.0000,0.0000
110.3000,27.0729,5.9500,-7292.6811,-1171.8110,468.5551,2514.7008,0.0000,0.0000
110.3167,27.0721,5.9417,-7205.4909,-1162.6639,468.7206,2492.9244,0.0000,0.0000
110.3333,27.0712,5.9333,-7116.4318,-1153.3534,468.8857,2471.1480,0.0000,0.0000
110.3500,27.0703,5.9250,-7025.5767,-1143.8852,469.0504,2449.3716,0.0000,0.0000
110.3667,27.0693,5.9167,-6932.9932,-1134.2644,469.2147,2427.5952,0.0000,0.0000
110.3833,27.0684,5.9083,-6838.7438,-1124.4956,469.3787,2405.8188,0.0000,0.0000
110.4000,27.0674,5.9000,-6742.8861,-1114.5831,469.5423,2384.0424,0.0000,0.0000
110.4167,27.0665,5.8917,-6645.4737,-1104.5312,469.7055,2362.2660,0.0000,0.0000
110.4333,27.0655,5.8833,-6546.5562,-1094.3435,469.8684,2340.4896,0.0000,0.0000
110.4500,27.0645,5.8750,-6446.1797,-1084.0237,470.0310,2318.7132,0.0000,0.0000
110.4667,27.0634,5.8667,-6344.3871,-1073.5750,470.1933,2296.9368,0.0000,0.0000
110.4833,27.0624,5.8583,-6241.2187,-1063.0006,470.3552,2275.1604,0.0000,0.0000
110.5000,27.0614,5.8500,-6136.7120,-1052.3036,470.5169,2253.3840,0.0000,0.0000
110.5167,27.0603,5.8417,-6030.9023,-1041.4867,470.6783,2231.6076,0.0000,0.0000
110.5333,27.0591,5.8333,-5914.4702,-1029.8705,470.8373,2209.8312,0.0000,0.0000
110.5500,27.0580,5.8250,-5797.5173,-1018.1888,470.9962,2188.0548,0.0000,0.0000
110.5667,27.0568,5.8167,-5679.9786,-1006.4301,471.1550,2166.2784,0.0000,0.0000
110.5833,27.0556,5.8083,-5561.7879,-994.5878,471.3136,2144.5020,0.0000,0.0000
110.6000,27.0544,5.8000,-5442.8865,-982.6578,471.4721,2122.7256,0.0000,0.0000
110.6167,27.0532,5.7917,-5323.2251,-970.6381,471.6304,2100.9492,0.0000,0.0000
110.6333,27.0520,5.7833,-5202.7649,-958.5275,471.7886,2079.1728,0.0000,0.0000
110.6500,27.0508,5.7750,-5081.4763,-946.3257,471.9465,2057.3964,0.0000,0.0000
110.6667,27.0496,5.7667,-4959.3379,-934.0329,472.1043,2035.6200,0.0000,0.0000
110.6833,27.0484,5.7583,-4836.3351,-921.6494,472.2618,2013.8436,0.0000,0.0000
110.7000,27.0471,5.7500,-4712.4592,-909.1759,472.4192,1992.0672,0.0000,0.0000
110.7167,27.0459,5.7417,-4587.7057,-896.6134,472.5764,1970.2908,0.0000,0.0000
110.7333,27.0446,5.7333,-4462.0741,-883.9627,472.7334,1948.5144,0.0000,0.0000
110.7500,27.0434,5.7250,-4335.5667,-871.2248,472.8902,1926.7380,0.0000,0.0000
110.7667,27.0421,5.7167,-4208.1880,-858.4010,473.0468,1904.9616,0.0000,0.0000
110.7833,27.0408,5.7083,-4079.9446,-845.4922,473.2032,1883.1852,0.0000,0.0000
110.8000,27.0395,5.7000,-3950.8443,-832.4998,473.3594,1861.4088,0.0000,0.0000
110.8167,27.0382,5.6917,-3820.8960,-819.4249,473.5154,1839.6324,0.0000,0.0000
110.8333,27.0369,5.6833,-3690.1095,-806.2688,473.6712,1817.8560,0.0000,0.0000
110.8500,27.0356,5.6750,-3558.4952,-793.0325,473.8269,1796.0796,0.0000,0.0000
110.8667,27.0343,5.6667,-3426.0641,-779.7175,473.9824,1774.3032,0.0000,0.0000
110.8833,27.0329,5.6583,-3292.8272,-766.3248,474.1377,1752.5268,0.0000,0.0000
110.9000,27.0316,5.6500,-3158.7961,-752.8557,474.2928,1730.7504,0.0000,0.0000
110.9167,27.0302,5.6417,-3023.9824,-739.3114,474.4477,1708.9740,0.0000,0.0000
110.9333,27.0289,5.6333,-2888.3976,-725.6930,474.6025,1687.1976,0.0000,0.0000
110.9500,27.0275,5.6250,-2752.0535,-712.0018,474.7571,1665.4212,0.0000,0.0000
110.9667,27.0261,5.6167,-2614.9617,-698.2389,474.9116,1643.6448,0.0000,0.0000
110.9833,27.0248,5.6083,-2477.1339,-684.4055,475.0659,1621.8684,0.0000,0.0000
111.0000,27.0234,5.6000,-2338.5817,-670.5027,475.2200,1600.0920,0.0000,0.0000
111.0167,27.0219,5.5617,-2194.5951,-655.4185,476.0384,1577.2110,0.0000,0.0000
111.0333,27.0205,5.5233,-2046.3707,-640.2402,476.8558,1554.3300,0.0000,0.0000
111.0500,27.0189,5.4850,-1894.7981,-624.9725,477.6725,1531.4490,0.0000,0.0000
111.0667,27.0174,5.4467,-1740.5382,-609.6180,478.4886,1508.5680,0.0000,0.0000
111.0833,27.0158,5.4083,-1584.0809,-594.1788,479.3042,1485.6870,0.0000,0.0000
111.1000,27.0143,5.3700,-1425.7892,-578.6562,480.1194,1462.8060,0.0000,0.0000
111.1167,27.0127,5.3317,-1265.9328,-563.0512,480.9343,1439.9250,0.0000,0.0000
111.1333,27.0110,5.2933,-1104.7116,-547.3647,481.7488,1417.0440,0.0000,0.0000
111.1500,27.0094,5.2550,-942.2745,-531.5976,482.5631,1394.1630,0.0000,0.0000
111.1667,27.0078,5.2167,-778.7331,-515.7506,483.3772,1371.2820,0.0000,0.0000
111.1833,27.0061,5.1783,-614.1718,-499.8247,484.1910,1348.4010,0.0000,0.0000
111.2000,27.0045,5.1400,-448.6559,-483.8213,485.0046,1325.5200,0.0000,0.0000
111.2167,27.0028,5.1017,-282.2361,-467.7413,485.8180,1302.6390,0.0000,0.0000
111.2333,27.0011,5.0633,-114.9530,-451.5860,486.6312,1279.7580,0.0000,0.0000
111.2500,26.9993,5.0250,0.0000,-435.4559,487.4399,1256.8770,0.0000,0.0000
111.2667,26.9968,4.9867,0.0000,-419.5586,488.2348,1233.9960,0.0000,0.0000
111.2833,26.9937,4.9483,0.0000,-403.8743,489.0163,1211.1150,0.0000,0.0000
111.3000,26.9900,4.9100,0.0000,-388.3911,489.7847,1188.2340,0.0000,0.0000
111.3167,26.9857,4.8717,0.0000,-373.0985,490.5400,1165.3530,0.0000,0.0000
111.3333,26.9808,4.8333,0.0000,-357.9869,491.2825,1142.4720,0.0000,0.0000
111.3500,26.9754,4.7950,0.0000,-343.0474,492.0123,1119.5910,0.0000,0.0000
111.3667,26.9694,4.7567,0.0000,-328.2720,492.7295,1096.7100,0.0000,0.0000
111.3833,26.9628,4.7183,0.0000,-313.6531,493.4343,1073.8290,0.0000,0.0000
111.4000,26.9557,4.6800,0.0000,-299.1836,494.1268,1050.9480,0.0000,0.0000
111.4167,26.9481,4.6417,0.0000,-284.8569,494.8071,1028.0670,0.0000,0.0000
111.4333,26.9399,4.6033,0.0000,-270.6668,495.4753,1005.1860,0.0000,0.0000
111.4500,26.9311,4.5650,0.0000,-256.6075,496.1317,982.3050,0.0000,0.0000
111.4667,26.9218,4.5267,0.0000,-242.6734,496.7762,959.4240,0.0000,0.0000
111.4833,26.9120,4.4883,0.0000,-228.8590,497.4090,936.5430,0.0000,0.0000
111.5000,26.9017,4.4500,0.0000,-215.1590,498.0302,913.6620,0.0000,0.0000
111.5167,26.8908,4.4117,0.0000,-201.5684,498.6399,890.7810,0.0000,0.0000
111.5333,26.8795,4.3733,0.0000,-188.0825,499.2381,867.9000,0.0000,0.0000
111.5500,26.8676,4.3350,0.0000,-174.6971,499.8250,845.0190,0.0000,0.0000
111.5667,26.8552,4.2967,0.0000,-161.4082,500.4007,822.1380,0.0000,0.0000
111.5833,26.8423,4.2583,0.0000,-148.2124,500.9652,799.2570,0.0000,0.0000
111.6000,26.8290,4.2200,0.0000,-135.1062,501.5187,776.3760,0.0000,0.0000
111.6167,26.8151,4.1817,0.0000,-122.0867,502.0611,753.4950,0.0000,0.0000
111.6333,26.8007,4.1433,0.0000,-109.1508,502.5927,730.6140,0.0000,0.0000
111.6500,26.7858,4.1050,0.0000,-96.2960,503.1133,707.7330,0.0000,0.0000
111.6667,26.7705,4.0667,0.0000,-83.5197,503.6232,684.8520,0.0000,0.0000
111.6833,26.7547,4.0283,0.0000,-70.8194,504.1224,661.9710,0.0000,0.0000
111.7000,26.7384,3.9900,0.0000,-58.1929,504.6110,639.0900,0.0000,0.0000
111.7167,26.7216,3.9517,0.0000,-45.6380,505.0890,616.2090,0.0000,0.0000
111.7333,26.7043,3.9133,0.0000,-33.1526,505.5565,593.3280,0.0000,0.0000
111.7500,26.6866,3.8750,0.0000,-20.7348,506.0136,570.4470,0.0000,0.0000
111.7667,26.6684,3.8367,0.0000,-8.3826,506.4603,547.5660,0.0000,0.0000
111.7833,26.6497,3.7983,0.0000,3.9062,506.8966,524.6850,0.0000,0.0000
111.8000,26.6306,3.7600,0.0000,16.1342,507.3227,501.8040,0.0000,0.0000
111.8167,26.6110,3.7217,0.0000,28.3046,507.7386,478.9230,0.0000,0.0000
111.8333,26.5910,3.6833,0.0000,40.4200,508.1444,456.0420,0.0000,0.0000
111.8500,26.5705,3.6450,0.0000,52.4832,508.5400,433.1610,0.0000,0.0000
111.8667,26.5495,3.6067,0.0000,64.4962,508.9256,410.2800,0.0000,0.0000
111.8833,26.5281,3.5683,0.0000,76.4608,509.3012,387.3990,0.0000,0.0000
111.9000,26.5063,3.5300,0.0000,88.3784,509.6668,364.5180,0.0000,0.0000
111.9167,26.4840,3.4917,0.0000,100.2499,510.0225,341.6370,0.0000,0.0000
111.9333,26.4612,3.4533,0.0000,112.0764,510.3684,318.7560,0.0000,0.0000
111.9500,26.4381,3.4150,0.0000,123.8584,510.7044,295.8750,0.0000,0.0000
111.9667,26.4144,3.3767,0.0000,135.5966,511.0306,272.9940,0.0000,0.0000
111.9833,26.3904,3.3383,0.0000,147.2915,511.3471,250.1130,0.0000,0.0000
112.0000,26.3659,3.3000,0.0000,158.9435,511.6539,227.2320,0.0000,0.0000
112.0167,26.3409,3.2267,0.0000,170.9040,512.7265,223.4448,0.0000,0.0000
112.0333,26.3155,3.1533,0.0000,182.1355,513.7891,219.6576,0.0000,0.0000
112.0500,26.2896,3.0800,0.0000,192.7843,514.8423,215.8704,0.0000,0.0000
112.0667,26.2633,3.0067,0.0000,202.9515,515.8863,212.0832,0.0000,0.0000
112.0833,26.2367,2.9333,0.0000,212.7107,516.9216,208.2960,0.0000,0.0000
112.1000,26.2096,2.8600,0.0000,222.1176,517.9483,204.5088,0.0000,0.0000
112.1167,26.1822,2.7867,0.0000,231.2157,518.9669,200.7216,0.0000,0.0000
112.1333,26.1544,2.7133,0.0000,240.0402,519.9776,196.9344,0.0000,0.0000
112.1500,26.1263,2.6400,0.0000,248.6196,520.9804,193.1472,0.0000,0.0000
112.1667,26.0978,2.5667,0.0000,256.9779,521.9756,189.3600,0.0000,0.0000
112.1833,26.0690,2.4933,0.0000,265.1352,522.9635,185.5728,0.0000,0.0000
112.2000,26.0399,2.4200,0.0000,273.1087,523.9440,181.7856,0.0000,0.0000
112.2167,26.0105,2.3467,0.0000,280.9132,524.9175,177.9984,0.0000,0.0000
112.2333,25.9807,2.2733,0.0000,288.5613,525.8840,174.2112,0.0000,0.0000
112.2500,25.9506,2.2000,0.0000,296.0642,526.8436,170.4240,0.0000,0.0000
112.2667,25.9203,2.1267,0.0000,303.4316,527.7964,166.6368,0.0000,0.0000
112.2833,25.8896,2.0533,0.0000,310.6717,528.7426,162.8496,0.0000,0.0000
112.3000,25.8586,1.9800,0.0000,317.7914,529.6823,159.0624,0.0000,0.0000
112.3167,25.8273,1.9067,0.0000,324.7965,530.6155,155.2752,0.0000,0.0000
112.3333,25.7958,1.8333,0.0000,331.6921,531.5424,151.4880,0.0000,0.0000
112.3500,25.7640,1.7600,0.0000,338.4826,532.4631,147.7008,0.0000,0.0000
112.3667,25.7319,1.6867,0.0000,345.1722,533.3776,143.9136,0.0000,0.0000
112.3833,25.6995,1.6133,0.0000,351.7649,534.2859,140.1264,0.0000,0.0000
112.4000,25.6668,1.5400,0.0000,358.2643,535.1883,136.3392,0.0000,0.0000
112.4167,25.6339,1.4667,0.0000,364.6739,536.0848,132.5520,0.0000,0.0000
112.4333,25.6007,1.3933,0.0000,370.9971,536.9754,128.7648,0.0000,0.0000
112.4500,25.5673,1.3200,0.0000,377.2370,537.8602,124.9776,0.0000,0.0000
112.4667,25.5336,1.2467,0.0000,383.3967,538.7394,121.1904,0.0000,0.0000
112.4833,25.4996,1.1733,0.0000,389.4788,539.6129,117.4032,0.0000,0.0000
112.5000,25.4654,1.1000,0.0000,395.4860,540.4808,113.6160,0.0000,0.0000
112.5167,25.4310,1.0267,0.0000,401.4209,541.3432,109.8288,0.0000,0.0000
112.5333,25.3963,0.9533,0.0000,407.2857,542.2001,106.0416,0.0000,0.0000
112.5500,25.3613,0.8800,0.0000,413.0826,543.0517,102.2544,0.0000,0.0000
112.5667,25.3261,0.8067,0.0000,418.8138,543.8979,98.4672,0.0000,0.0000
112.5833,25.2907,0.7333,0.0000,424.4811,544.7388,94.6800,0.0000,0.0000
112.6000,25.2550,0.6600,0.0000,430.0864,545.5746,90.8928,0.0000,0.0000
112.6167,25.2191,0.5867,0.0000,435.6314,546.4051,87.1056,0.0000,0.0000
112.6333,25.1830,0.5133,0.0000,441.1179,547.2306,83.3184,0.0000,0.0000
112.6500,25.1460,0.4400,0.0000,446.5934,548.0352,79.5312,0.0000,0.0000
112.6667,25.1094,0.3667,0.0000,451.9666,548.8505,75.7440,0.0000,0.0000
112.6833,25.0726,0.2933,0.0000,457.2870,549.6608,71.9568,0.0000,0.0000
112.7000,25.0356,0.2200,0.0000,462.5561,550.4663,68.1696,0.0000,0.0000
112.7167,24.9983,0.1467,0.0000,467.7756,551.2668,64.3824,0.0000,0.0000
112.7333,24.9609,0.0733,0.0000,472.9467,552.0625,60.5952,0.0000,0.0000
112.7500,24.9232,-0.0000,0.0000,478.0706,552.8534,56.8080,0.0000,0.0000
112.7667,24.8853,-0.0733,0.0000,483.1486,553.6396,53.0208,0.0000,0.0000
112.7833,24.8472,-0.1467,0.0000,488.1813,554.4210,49.2336,0.0000,0.0000
112.8000,24.8089,-0.2200,0.0000,493.1699,555.1978,45.4464,0.0000,0.0000
112.8167,24.7703,-0.2933,0.0000,498.1149,555.9699,41.6592,0.0000,0.0000
112.8333,24.7316,-0.3667,0.0000,503.0172,556.7374,37.8720,0.0000,0.0000
112.8500,24.6927,-0.4400,0.0000,507.8776,557.5004,34.0848,0.0000,0.0000
112.8667,24.6535,-0.5133,0.0000,512.6966,558.2589,30.2976,0.0000,0.0000
112.8833,24.6142,-0.5867,0.0000,517.4749,559.0128,26.5104,0.0000,0.0000
112.9000,24.5746,-0.6600,0.0000,522.2133,559.7623,22.7232,0.0000,0.0000
112.9167,24.5349,-0.7333,0.0000,526.9123,560.5074,18.9360,0.0000,0.0000
112.9333,24.4950,-0.8067,0.0000,531.5726,561.2481,15.1488,0.0000,0.0000
112.9500,24.4548,-0.8800,0.0000,536.1948,561.9845,11.3616,0.0000,0.0000
112.9667,24.4145,-0.9533,0.0000,540.7795,562.7166,7.5744,0.0000,0.0000
112.9833,24.3740,-1.0267,0.0000,545.3274,563.4444,3.7872,0.0000,0.0000
113.0000,24.3325,-1.1000,0.0000,549.8696,564.1503,0.0000,0.0000,0.0000
113.0167,24.2917,-1.1000,0.0000,551.6175,563.2464,0.0000,0.0000,0.0000
113.0333,24.2509,-1.1000,0.0000,553.2789,562.3419,0.0000,0.0000,0.0000
113.0500,24.2101,-1.1000,0.0000,554.8765,561.4369,0.0000,0.0000,0.0000
113.0667,24.1693,-1.1000,0.0000,556.4243,560.5313,0.0000,0.0000,0.0000
113.0833,24.1285,-1.1000,0.0000,557.9314,559.6253,0.0000,0.0000,0.0000
113.1000,24.0876,-1.1000,0.0000,559.4037,558.7188,0.0000,0.0000,0.0000
113.1167,24.0467,-1.1000,0.0000,560.8449,557.8118,0.0000,0.0000,0.0000
113.1333,24.0058,-1.1000,0.0000,562.2575,556.9045,0.0000,0.0000,0.0000
113.1500,23.9649,-1.1000,0.0000,563.6431,555.9967,0.0000,0.0000,0.0000
113.1667,23.9239,-1.1000,0.0000,565.0029,555.0886,0.0000,0.0000,0.0000
113.1833,23.8830,-1.1000,0.0000,566.3374,554.1802,0.0000,0.0000,0.0000
113.2000,23.8420,-1.1000,0.0000,567.6469,553.2714,0.0000,0.0000,0.0000
113.2167,23.8010,-1.1000,0.0000,568.9316,552.3623,0.0000,0.0000,0.0000
113.2333,23.7600,-1.1000,0.0000,570.1914,551.4530,0.0000,0.0000,0.0000
113.2500,23.7190,-1.1000,0.0000,571.4260,550.5433,0.0000,0.0000,0.0000
113.2667,23.6780,-1.1000,0.0000,572.6352,549.6335,0.0000,0.0000,0.0000
113.2833,23.6370,-1.1000,0.0000,573.8186,548.7234,0.0000,0.0000,0.0000
113.3000,23.5960,-1.1000,0.0000,574.9758,547.8131,0.0000,0.0000,0.0000
113.3167,23.5549,-1.1000,0.0000,576.1063,546.9026,0.0000,0.0000,0.0000
113.3333,23.5139,-1.1000,0.0000,577.2099,545.9920,0.0000,0.0000,0.0000
113.3500,23.4728,-1.1000,0.0000,578.2860,545.0812,0.0000,0.0000,0.0000
113.3667,23.4317,-1.1000,0.0000,579.3342,544.1703,0.0000,0.0000,0.0000
113.3833,23.3907,-1.1000,0.0000,580.3542,543.2593,0.0000,0.0000,0.0000
113.4000,23.3496,-1.1000,0.0000,581.3455,542.3483,0.0000,0.0000,0.0000
113.4167,23.3085,-1.1000,0.0000,582.3079,541.4372,0.0000,0.0000,0.0000
113.4333,23.2675,-1.1000,0.0000,583.2410,540.5261,0.0000,0.0000,0.0000
113.4500,23.2264,-1.1000,0.0000,584.1446,539.6151,0.0000,0.0000,0.0000
113.4667,23.1853,-1.1000,0.0000,585.0184,538.7040,0.0000,0.0000,0.0000
113.4833,23.1442,-1.1000,0.0000,585.8624,537.7930,0.0000,0.0000,0.0000
113.5000,23.1032,-1.1000,0.0000,586.6762,536.8821,0.0000,0.0000,0.0000
113.5167,23.0621,-1.1000,0.0000,587.4598,535.9712,0.0000,0.0000,0.0000
113.5333,23.0211,-1.1000,0.0000,588.2132,535.0605,0.0000,0.0000,0.0000
113.5500,22.9800,-1.1000,0.0000,588.9362,534.1500,0.0000,0.0000,0.0000
113.5667,22.9390,-1.1000,0.0000,589.6289,533.2396,0.0000,0.0000,0.0000
113.5833,22.8979,-1.1000,0.0000,590.2913,532.3295,0.0000,0.0000,0.0000
113.6000,22.8569,-1.1000,0.0000,590.9235,531.4195,0.0000,0.0000,0.0000
113.6167,22.8159,-1.1000,0.0000,591.5255,530.5098,0.0000,0.0000,0.0000
113.6333,22.7749,-1.1000,0.0000,592.0974,529.6004,0.0000,0.0000,0.0000
113.6500,22.7339,-1.1000,0.0000,592.6395,528.6913,0.0000,0.0000,0.0000
113.6667,22.6930,-1.1000,0.0000,593.1518,527.7825,0.0000,0.0000,0.0000
113.6833,22.6520,-1.1000,0.0000,593.6347,526.8740,0.0000,0.0000,0.0000
113.7000,22.6111,-1.1000,0.0000,594.0882,525.9659,0.0000,0.0000,0.0000
113.7167,22.5701,-1.1000,0.0000,594.5127,525.0582,0.0000,0.0000,0.0000
113.7333,22.5292,-1.1000,0.0000,594.9083,524.1509,0.0000,0.0000,0.0000
113.7500,22.4884,-1.1000,0.0000,595.2755,523.2441,0.0000,0.0000,0.0000
113.7667,22.4475,-1.1000,0.0000,595.6143,522.3377,0.0000,0.0000,0.0000
113.7833,22.4067,-1.1000,0.0000,595.9253,521.4318,0.0000,0.0000,0.0000
113.8000,22.3658,-1.1000,0.0000,596.2087,520.5264,0.0000,0.0000,0.0000
113.8167,22.3251,-1.1000,0.0000,596.4648,519.6215,0.0000,0.0000,0.0000
113.8333,22.2843,-1.1000,0.0000,596.6940,518.7172,0.0000,0.0000,0.0000
113.8500,22.2435,-1.1000,0.0000,596.8966,517.8134,0.0000,0.0000,0.0000
113.8667,22.2028,-1.1000,0.0000,597.0730,516.9103,0.0000,0.0000,0.0000
113.8833,22.1621,-1.1000,0.0000,597.2236,516.0077,0.0000,0.0000,0.0000
113.9000,22.1215,-1.1000,0.0000,597.3488,515.1058,0.0000,0.0000,0.0000
113.9167,22.0808,-1.1000,0.0000,597.4489,514.2045,0.0000,0.0000,0.0000
113.9333,22.0402,-1.1000,0.0000,597.5244,513.3039,0.0000,0.0000,0.0000
113.9500,21.9997,-1.1000,0.0000,597.5757,512.4039,0.0000,0.0000,0.0000
113.9667,21.9591,-1.1000,0.0000,597.6031,511.5047,0.0000,0.0000,0.0000
113.9833,21.9186,-1.1000,0.0000,597.6070,510.6062,0.0000,0.0000,0.0000
114.0000,21.8782,-1.1000,0.0000,597.5886,509.7084,0.0000,0.0000,0.0000
114.0167,21.8377,-1.1000,0.0000,597.5493,508.8114,0.0000,0.0000,0.0000
114.0333,21.7973,-1.1000,0.0000,597.4898,507.9152,0.0000,0.0000,0.0000
114.0500,21.7570,-1.1000,0.0000,597.4106,507.0198,0.0000,0.0000,0.0000
114.0667,21.7166,-1.1000,0.0000,597.3115,506.1252,0.0000,0.0000,0.0000
114.0833,21.6763,-1.1000,0.0000,597.1924,505.2314,0.0000,0.0000,0.0000
114.1000,21.6361,-1.1000,0.0000,597.0529,504.3384,0.0000,0.0000,0.0000
114.1167,21.5959,-1.1000,0.0000,596.8927,503.4463,0.0000,0.0000,0.0000
114.1333,21.5557,-1.1000,0.0000,596.7117,502.5550,0.0000,0.0000,0.0000
114.1500,21.5155,-1.1000,0.0000,596.5099,501.6647,0.0000,0.0000,0.0000
114.1667,21.4754,-1.1000,0.0000,596.2873,500.7752,0.0000,0.0000,0.0000
114.1833,21.4354,-1.1000,0.0000,596.0441,499.8867,0.0000,0.0000,0.0000
114.2000,21.3954,-1.1000,0.0000,595.7805,498.9990,0.0000,0.0000,0.0000
114.2167,21.3554,-1.1000,0.0000,595.4968,498.1124,0.0000,0.0000,0.0000
114.2333,21.3155,-1.1000,0.0000,595.1933,497.2267,0.0000,0.0000,0.0000
114.2500,21.2756,-1.1000,0.0000,594.8704,496.3420,0.0000,0.0000,0.0000
114.2667,21.2357,-1.1000,0.0000,594.5284,495.4582,0.0000,0.0000,0.0000
114.2833,21.1960,-1.1000,0.0000,594.1677,494.5755,0.0000,0.0000,0.0000
114.3000,21.1562,-1.1000,0.0000,593.7886,493.6938,0.0000,0.0000,0.0000
114.3167,21.1165,-1.1000,0.0000,593.3917,492.8132,0.0000,0.0000,0.0000
114.3333,21.0769,-1.1000,0.0000,592.9772,491.9335,0.0000,0.0000,0.0000
114.3500,21.0372,-1.1000,0.0000,592.5455,491.0550,0.0000,0.0000,0.0000
114.3667,20.9977,-1.1000,0.0000,592.0972,490.1775,0.0000,0.0000,0.0000
114.3833,20.9582,-1.1000,0.0000,591.6325,489.3011,0.0000,0.0000,0.0000
114.4000,20.9187,-1.1000,0.0000,591.1519,488.4258,0.0000,0.0000,0.0000
114.4167,20.8793,-1.1000,0.0000,590.6557,487.5517,0.0000,0.0000,0.0000
114.4333,20.8400,-1.1000,0.0000,590.1445,486.6786,0.0000,0.0000,0.0000
114.4500,20.8006,-1.1000,0.0000,589.6185,485.8067,0.0000,0.0000,0.0000
114.4667,20.7614,-1.1000,0.0000,589.0781,484.9359,0.0000,0.0000,0.0000
114.4833,20.7222,-1.1000,0.0000,588.5238,484.0663,0.0000,0.0000,0.0000
114.5000,20.6830,-1.1000,0.0000,587.9559,483.1978,0.0000,0.0000,0.0000
114.5167,20.6439,-1.1000,0.0000,587.3749,482.3305,0.0000,0.0000,0.0000
114.5333,20.6049,-1.1000,0.0000,586.7810,481.4644,0.0000,0.0000,0.0000
114.5500,20.5659,-1.1000,0.0000,586.1746,480.5995,0.0000,0.0000,0.0000
114.5667,20.5270,-1.1000,0.0000,585.5562,479.7358,0.0000,0.0000,0.0000
114.5833,20.4881,-1.1000,0.0000,584.9260,478.8733,0.0000,0.0000,0.0000
114.6000,20.4493,-1.1000,0.0000,584.2845,478.0120,0.0000,0.0000,0.0000
114.6167,20.4105,-1.1000,0.0000,583.6319,477.1520,0.0000,0.0000,0.0000
114.6333,20.3718,-1.1000,0.0000,582.9686,476.2931,0.0000,0.0000,0.0000
114.6500,20.3331,-1.1000,0.0000,582.2949,475.4356,0.0000,0.0000,0.0000
114.6667,20.2945,-1.1000,0.0000,581.6112,474.5792,0.0000,0.0000,0.0000
114.6833,20.2560,-1.1000,0.0000,580.9178,473.7242,0.0000,0.0000,0.0000
114.7000,20.2175,-1.1000,0.0000,580.2149,472.8703,0.0000,0.0000,0.0000
114.7167,20.1790,-1.1000,0.0000,579.5030,472.0178,0.0000,0.0000,0.0000
114.7333,20.1407,-1.1000,0.0000,578.7822,471.1665,0.0000,0.0000,0.0000
114.7500,20.1023,-1.1000,0.0000,578.0529,470.3165,0.0000,0.0000,0.0000
114.7667,20.0641,-1.1000,0.0000,577.3154,469.4678,0.0000,0.0000,0.0000
114.7833,20.0259,-1.1000,0.0000,576.5699,468.6204,0.0000,0.0000,0.0000
114.8000,19.9910,-1.1000,899.6407,577.2288,467.8470,0.0000,0.0000,0.0000
114.8167,19.9655,-1.1000,3447.8045,581.8391,467.2817,0.0000,0.0000,0.0000
114.8333,19.9466,-1.1000,5336.9361,589.0885,466.8627,0.0000,0.0000,0.0000
114.8500,19.9325,-1.1000,6747.2614,598.1430,466.5498,0.0000,0.0000,0.0000
114.8667,19.9219,-1.1000,7809.4575,608.4104,466.3142,0.0000,0.0000,0.0000
114.8833,19.9138,-1.1000,8618.2967,619.4696,466.1348,0.0000,0.0000,0.0000
114.9000,19.9076,-1.1000,9242.5285,631.0212,465.9963,0.0000,0.0000,0.0000
114.9167,19.9027,-1.1000,9732.0375,642.8529,465.8877,0.0000,0.0000,0.0000
114.9333,19.8988,-1.1000,10123.0308,654.8147,465.8010,0.0000,0.0000,0.0000
114.9500,19.8956,-1.1000,10441.7977,666.8012,465.7303,0.0000,0.0000,0.0000
114.9667,19.8929,-1.1000,10707.4342,678.7390,465.6714,0.0000,0.0000,0.0000
114.9833,19.8907,-1.1000,10933.8188,690.5775,465.6212,0.0000,0.0000,0.0000
115.0000,19.8887,-1.1000,11131.0449,702.2824,465.5774,0.0000,0.0000,0.0000
115.0167,19.8869,-1.1367,11312.0614,715.1272,466.3506,0.0000,0.0000,0.0000
115.0333,19.8852,-1.1733,11480.6862,727.7850,467.1266,0.0000,0.0000,0.0000
115.0500,19.8836,-1.2100,11639.7137,740.2533,467.9046,0.0000,0.0000,0.0000
115.0667,19.8821,-1.2467,11791.1949,752.5321,468.6844,0.0000,0.0000,0.0000
115.0833,19.8806,-1.2833,11936.6407,764.6236,469.4655,0.0000,0.0000,0.0000
115.1000,19.8792,-1.3200,12077.1691,776.5314,470.2476,0.0000,0.0000,0.0000
115.1167,19.8779,-1.3567,12213.6124,788.2598,471.0307,0.0000,0.0000,0.0000
115.1333,19.8765,-1.3933,12346.5948,799.8141,471.8146,0.0000,0.0000,0.0000
115.1500,19.8752,-1.4300,12476.5884,811.1993,472.5991,0.0000,0.0000,0.0000
115.1667,19.8741,-1.4667,12594.0906,821.8127,473.3864,0.0000,0.0000,0.0000
115.1833,19.8729,-1.5033,12710.3660,832.2777,474.1739,0.0000,0.0000,0.0000
115.2000,19.8717,-1.5400,12825.3711,842.6024,474.9618,0.0000,0.0000,0.0000
115.2167,19.8706,-1.5767,12939.0894,852.7933,475.7499,0.0000,0.0000,0.0000
115.2333,19.8695,-1.6133,13051.5222,862.8559,476.5383,0.0000,0.0000,0.0000
115.2500,19.8684,-1.6500,13162.6826,872.7950,477.3270,0.0000,0.0000,0.0000
115.2667,19.8673,-1.6867,13272.5916,882.6153,478.1160,0.0000,0.0000,0.0000
115.2833,19.8662,-1.7233,13381.2756,892.3209,478.9052,0.0000,0.0000,0.0000
115.3000,19.8651,-1.7600,13488.7641,901.9156,479.6947,0.0000,0.0000,0.0000
115.3167,19.8640,-1.7967,13595.0886,911.4033,480.4845,0.0000,0.0000,0.0000
115.3333,19.8630,-1.8333,13700.2813,920.7875,481.2745,0.0000,0.0000,0.0000
115.3500,19.8620,-1.8700,13804.3749,930.0715,482.0648,0.0000,0.0000,0.0000
115.3667,19.8609,-1.9067,13907.4018,939.2584,482.8553,0.0000,0.0000,0.0000
115.3833,19.8599,-1.9433,14009.3937,948.3514,483.6460,0.0000,0.0000,0.0000
115.4000,19.8589,-1.9800,14110.3818,957.3531,484.4369,0.0000,0.0000,0.0000
115.4167,19.8579,-2.0167,14210.3962,966.2665,485.2281,0.0000,0.0000,0.0000
115.4333,19.8569,-2.0533,14309.4659,975.0941,486.0195,0.0000,0.0000,0.0000
115.4500,19.8559,-2.0900,14407.6190,983.8384,486.8111,0.0000,0.0000,0.0000
115.4667,19.8550,-2.1267,14504.8826,992.5017,487.6028,0.0000,0.0000,0.0000
115.4833,19.8540,-2.1633,14601.2825,1001.0864,488.3948,0.0000,0.0000,0.0000
115.5000,19.8530,-2.2000,14696.8436,1009.5946,489.1870,0.0000,0.0000,0.0000
115.5167,19.8521,-2.2367,14791.5897,1018.0284,489.9793,0.0000,0.0000,0.0000
115.5333,19.8511,-2.2733,14885.5437,1026.3897,490.7718,0.0000,0.0000,0.0000
115.5500,19.8502,-2.3100,14978.7274,1034.6806,491.5645,0.0000,0.0000,0.0000
115.5667,19.8493,-2.3467,15071.1618,1042.9027,492.3573,0.0000,0.0000,0.0000
115.5833,19.8484,-2.3833,15162.8669,1051.0578,493.1503,0.0000,0.0000,0.0000
115.6000,19.8475,-2.4200,15253.8619,1059.1476,493.9435,0.0000,0.0000,0.0000
115.6167,19.8466,-2.4567,15344.1653,1067.1737,494.7368,0.0000,0.0000,0.0000
115.6333,19.8457,-2.4933,15433.7946,1075.1376,495.5303,0.0000,0.0000,0.0000
115.6500,19.8448,-2.5300,15522.7667,1083.0408,496.3239,0.0000,0.0000,0.0000
115.6667,19.8439,-2.5667,15611.0978,1090.8847,497.1177,0.0000,0.0000,0.0000
115.6833,19.8430,-2.6033,15698.8034,1098.6706,497.9116,0.0000,0.0000,0.0000
115.7000,19.8421,-2.6400,15785.8984,1106.3999,498.7056,0.0000,0.0000,0.0000
115.7167,19.8413,-2.6767,15872.3970,1114.0737,499.4998,0.0000,0.0000,0.0000
115.7333,19.8404,-2.7133,15958.3129,1121.6933,500.2941,0.0000,0.0000,0.0000
115.7500,19.8396,-2.7500,16043.6592,1129.2598,501.0885,0.0000,0.0000,0.0000
115.7667,19.8387,-2.7867,16128.4485,1136.7743,501.8830,0.0000,0.0000,0.0000
115.7833,19.8379,-2.8233,16212.6929,1144.2379,502.6777,0.0000,0.0000,0.0000
115.8000,19.8370,-2.8600,16296.4041,1151.6516,503.4725,0.0000,0.0000,0.0000
115.8167,19.8362,-2.8967,16379.5932,1159.0164,504.2674,0.0000,0.0000,0.0000
115.8333,19.8354,-2.9333,16462.2710,1166.3332,505.0624,0.0000,0.0000,0.0000
115.8500,19.8346,-2.9700,16544.4477,1173.6030,505.8575,0.0000,0.0000,0.0000
115.8667,19.8337,-3.0067,16626.1334,1180.8266,506.6527,0.0000,0.0000,0.0000
115.8833,19.8329,-3.0433,16707.3376,1188.0048,507.4481,0.0000,0.0000,0.0000
115.9000,19.8321,-3.0800,16788.0695,1195.1385,508.2435,0.0000,0.0000,0.0000
115.9167,19.8313,-3.1167,16868.3380,1202.2285,509.0390,0.0000,0.0000,0.0000
115.9333,19.8305,-3.1533,16948.1517,1209.2755,509.8347,0.0000,0.0000,0.0000
115.9500,19.8297,-3.1900,17027.5187,1216.2802,510.6304,0.0000,0.0000,0.0000
115.9667,19.8289,-3.2267,17106.4470,1223.2434,511.4263,0.0000,0.0000,0.0000
115.9833,19.8282,-3.2633,17184.9444,1230.1657,512.2222,0.0000,0.0000,0.0000
116.0000,19.8273,-3.3000,17269.4643,1237.4144,513.0168,0.0000,0.0000,0.0000
116.0167,19.8266,-3.2817,17344.4031,1242.6836,512.5935,0.0000,0.0000,0.0000
116.0333,19.8259,-3.2633,17412.2834,1247.9423,512.1718,0.0000,0.0000,0.0000
116.0500,19.8253,-3.2450,17474.9367,1253.1833,511.7512,0.0000,0.0000,0.0000
116.0667,19.8247,-3.2267,17533.6925,1258.4009,511.3315,0.0000,0.0000,0.0000
116.0833,19.8241,-3.2083,17589.5142,1263.5906,510.9125,0.0000,0.0000,0.0000
116.1000,19.8236,-3.1900,17643.0979,1268.7484,510.4939,0.0000,0.0000,0.0000
116.1167,19.8231,-3.1717,17694.9448,1273.8705,510.0757,0.0000,0.0000,0.0000
116.1333,19.8225,-3.1533,17745.4136,1278.9535,509.6578,0.0000,0.0000,0.0000
116.1500,19.8221,-3.1350,17794.7592,1283.9944,509.2402,0.0000,0.0000,0.0000
116.1667,19.8216,-3.1167,17839.1024,1288.6415,508.8237,0.0000,0.0000,0.0000
116.1833,19.8212,-3.0983,17882.8300,1293.2432,508.4073,0.0000,0.0000,0.0000
116.2000,19.8207,-3.0800,17925.9814,1297.7991,507.9911,0.0000,0.0000,0.0000
116.2167,19.8203,-3.0617,17968.5841,1302.3083,507.5750,0.0000,0.0000,0.0000
116.2333,19.8199,-3.0433,18010.6558,1306.7695,507.1590,0.0000,0.0000,0.0000
116.2500,19.8195,-3.0250,18052.2068,1311.1818,506.7431,0.0000,0.0000,0.0000
116.2667,19.8191,-3.0067,18093.2425,1315.5439,506.3273,0.0000,0.0000,0.0000
116.2833,19.8187,-2.9883,18133.7642,1319.8549,505.9116,0.0000,0.0000,0.0000
116.3000,19.8183,-2.9700,18173.7708,1324.1139,505.4961,0.0000,0.0000,0.0000
116.3167,19.8179,-2.9517,18213.2593,1328.3201,505.0806,0.0000,0.0000,0.0000
116.3333,19.8175,-2.9333,18252.2260,1332.4728,504.6653,0.0000,0.0000,0.0000
116.3500,19.8171,-2.9150,18290.6663,1336.5714,504.2501,0.0000,0.0000,0.0000
116.3667,19.8167,-2.8967,18328.5758,1340.6154,503.8350,0.0000,0.0000,0.0000
116.3833,19.8163,-2.8783,18365.9499,1344.6043,503.4201,0.0000,0.0000,0.0000
116.4000,19.8160,-2.8600,18402.7843,1348.5379,503.0052,0.0000,0.0000,0.0000
116.4167,19.8156,-2.8417,18439.0754,1352.4159,502.5905,0.0000,0.0000,0.0000
116.4333,19.8153,-2.8233,18474.8196,1356.2381,502.1759,0.0000,0.0000,0.0000
116.4500,19.8149,-2.8050,18510.0143,1360.0043,501.7614,0.0000,0.0000,0.0000
116.4667,19.8146,-2.7867,18544.6571,1363.7145,501.3470,0.0000,0.0000,0.0000
116.4833,19.8142,-2.7683,18578.7464,1367.3688,500.9328,0.0000,0.0000,0.0000
116.5000,19.8139,-2.7500,18612.2810,1370.9671,500.5187,0.0000,0.0000,0.0000
116.5167,19.8135,-2.7317,18645.2604,1374.5096,500.1047,0.0000,0.0000,0.0000
116.5333,19.8132,-2.7133,18677.6845,1377.9964,499.6908,0.0000,0.0000,0.0000
116.5500,19.8129,-2.6950,18709.5537,1381.4278,499.2771,0.0000,0.0000,0.0000
116.5667,19.8126,-2.6767,18740.8691,1384.8039,498.8635,0.0000,0.0000,0.0000
116.5833,19.8123,-2.6583,18771.6320,1388.1251,498.4500,0.0000,0.0000,0.0000
116.6000,19.8120,-2.6400,18801.8442,1391.3917,498.0366,0.0000,0.0000,0.0000
116.6167,19.8117,-2.6217,18831.5080,1394.6040,497.6233,0.0000,0.0000,0.0000
116.6333,19.8114,-2.6033,18860.6259,1397.7624,497.2102,0.0000,0.0000,0.0000
116.6500,19.8111,-2.5850,18889.2008,1400.8672,496.7972,0.0000,0.0000,0.0000
116.6667,19.8108,-2.5667,18917.2360,1403.9190,496.3843,0.0000,0.0000,0.0000
116.6833,19.8106,-2.5483,18944.7350,1406.9181,495.9715,0.0000,0.0000,0.0000
116.7000,19.8103,-2.5300,18971.7017,1409.8650,495.5589,0.0000,0.0000,0.0000
116.7167,19.8100,-2.5117,18998.1400,1412.7601,495.1463,0.0000,0.0000,0.0000
116.7333,19.8098,-2.4933,19024.0543,1415.6041,494.7339,0.0000,0.0000,0.0000
116.7500,19.8095,-2.4750,19049.4489,1418.3973,494.3216,0.0000,0.0000,0.0000
116.7667,19.8093,-2.4567,19074.3286,1421.1404,493.9094,0.0000,0.0000,0.0000
116.7833,19.8090,-2.4383,19098.6981,1423.8338,493.4973,0.0000,0.0000,0.0000
116.8000,19.8088,-2.4200,19122.5623,1426.4781,493.0853,0.0000,0.0000,0.0000
116.8167,19.8085,-2.4017,19145.9264,1429.0737,492.6735,0.0000,0.0000,0.0000
116.8333,19.8083,-2.3833,19168.7955,1431.6214,492.2617,0.0000,0.0000,0.0000
116.8500,19.8081,-2.3650,19191.1749,1434.1216,491.8501,0.0000,0.0000,0.0000
116.8667,19.8079,-2.3467,19213.0700,1436.5749,491.4386,0.0000,0.0000,0.0000
116.8833,19.8077,-2.3283,19234.4862,1438.9818,491.0271,0.0000,0.0000,0.0000
116.9000,19.8074,-2.3100,19255.4290,1441.3430,490.6158,0.0000,0.0000,0.0000
116.9167,19.8072,-2.2917,19275.9039,1443.6590,490.2046,0.0000,0.0000,0.0000
116.9333,19.8070,-2.2733,19295.9165,1445.9303,489.7935,0.0000,0.0000,0.0000
116.9500,19.8068,-2.2550,19315.4724,1448.1576,489.3825,0.0000,0.0000,0.0000
116.9667,19.8067,-2.2367,19334.5772,1450.3414,488.9716,0.0000,0.0000,0.0000
116.9833,19.8065,-2.2183,19353.2366,1452.4823,488.5607,0.0000,0.0000,0.0000
117.0000,19.8063,-2.2000,19371.4562,1454.5808,488.1500,0.0000,0.0000,0.0000
117.0167,19.8061,-2.2100,19393.2943,1457.6406,488.3670,0.0000,0.0000,0.0000
117.0333,19.8058,-2.2200,19417.7180,1460.6472,488.5834,0.0000,0.0000,0.0000
117.0500,19.8056,-2.2300,19443.9629,1463.6052,488.7994,0.0000,0.0000,0.0000
117.0667,19.8053,-2.2400,19471.4639,1466.5184,489.0151,0.0000,0.0000,0.0000
117.0833,19.8050,-2.2500,19499.8047,1469.3898,489.2307,0.0000,0.0000,0.0000
117.1000,19.8047,-2.2600,19528.6797,1472.2224,489.4461,0.0000,0.0000,0.0000
117.1167,19.8044,-2.2700,19557.8653,1475.0186,489.6614,0.0000,0.0000,0.0000
117.1333,19.8041,-2.2800,19587.1997,1477.7808,489.8768,0.0000,0.0000,0.0000
117.1500,19.8038,-2.2900,19616.5662,1480.5110,490.0921,0.0000,0.0000,0.0000
117.1667,19.8035,-2.3000,19645.8821,1483.2112,490.3074,0.0000,0.0000,0.0000
117.1833,19.8032,-2.3100,19675.0896,1485.8831,490.5227,0.0000,0.0000,0.0000
117.2000,19.8030,-2.3200,19704.1496,1488.5283,490.7381,0.0000,0.0000,0.0000
117.2167,19.8027,-2.3300,19733.0363,1491.1485,490.9535,0.0000,0.0000,0.0000
117.2333,19.8024,-2.3400,19761.7340,1493.7450,491.1690,0.0000,0.0000,0.0000
117.2500,19.8021,-2.3500,19790.2341,1496.3192,491.3845,0.0000,0.0000,0.0000
117.2667,19.8018,-2.3600,19818.5334,1498.8722,491.6000,0.0000,0.0000,0.0000
117.2833,19.8015,-2.3700,19846.6322,1501.4053,491.8156,0.0000,0.0000,0.0000
117.3000,19.8013,-2.3800,19874.5336,1503.9196,492.0312,0.0000,0.0000,0.0000
117.3167,19.8010,-2.3900,19902.2422,1506.4160,492.2469,0.0000,0.0000,0.0000
117.3333,19.8007,-2.4000,19929.7641,1508.8955,492.4626,0.0000,0.0000,0.0000
117.3500,19.8004,-2.4100,19959.3947,1511.4987,492.6779,0.0000,0.0000,0.0000
117.3667,19.8001,-2.4200,19988.5994,1514.0857,492.8932,0.0000,0.0000,0.0000
117.3833,19.7998,-2.4300,20015.2154,1516.5189,493.1092,0.0000,0.0000,0.0000
117.4000,19.7996,-2.4400,20041.7619,1518.9362,493.3251,0.0000,0.0000,0.0000
117.4167,19.7993,-2.4500,20068.2177,1521.3380,493.5410,0.0000,0.0000,0.0000
117.4333,19.7991,-2.4600,20094.5681,1523.7247,493.7570,0.0000,0.0000,0.0000
117.4500,19.7988,-2.4700,20120.8029,1526.0968,493.9730,0.0000,0.0000,0.0000
117.4667,19.7985,-2.4800,20146.9152,1528.4546,494.1891,0.0000,0.0000,0.0000
117.4833,19.7983,-2.4900,20172.9013,1530.7986,494.4051,0.0000,0.0000,0.0000
117.5000,19.7980,-2.5000,20198.7590,1533.1291,494.6212,0.0000,0.0000,0.0000
117.5167,19.7978,-2.5100,20224.4881,1535.4466,494.8373,0.0000,0.0000,0.0000
117.5333,19.7975,-2.5200,20250.0894,1537.7516,495.0535,0.0000,0.0000,0.0000
117.5500,19.7972,-2.5300,20275.5645,1540.0445,495.2696,0.0000,0.0000,0.0000
117.5667,19.7970,-2.5400,20300.9158,1542.3256,495.4858,0.0000,0.0000,0.0000
117.5833,19.7967,-2.5500,20326.1460,1544.5955,495.7021,0.0000,0.0000,0.0000
117.6000,19.7965,-2.5600,20351.2583,1546.8545,495.9183,0.0000,0.0000,0.0000
117.6167,19.7962,-2.5700,20376.2558,1549.1030,496.1346,0.0000,0.0000,0.0000
117.6333,19.7960,-2.5800,20401.1418,1551.3413,496.3509,0.0000,0.0000,0.0000
117.6500,19.7957,-2.5900,20425.9199,1553.5698,496.5672,0.0000,0.0000,0.0000
117.6667,19.7955,-2.6000,20450.5932,1555.7889,496.7836,0.0000,0.0000,0.0000
117.6833,19.7952,-2.6100,20475.1652,1557.9988,496.9999,0.0000,0.0000,0.0000
117.7000,19.7950,-2.6200,20499.6389,1560.1998,497.2163,0.0000,0.0000,0.0000
117.7167,19.7948,-2.6300,20524.0175,1562.3923,497.4327,0.0000,0.0000,0.0000
117.7333,19.7945,-2.6400,20548.3040,1564.5764,497.6492,0.0000,0.0000,0.0000
117.7500,19.7943,-2.6500,20572.5011,1566.7524,497.8656,0.0000,0.0000,0.0000
117.7667,19.7940,-2.6600,20596.6116,1568.9205,498.0821,0.0000,0.0000,0.0000
117.7833,19.7938,-2.6700,20620.6380,1571.0811,498.2986,0.0000,0.0000,0.0000
117.8000,19.7936,-2.6800,20644.5829,1573.2341,498.5151,0.0000,0.0000,0.0000
117.8167,19.7933,-2.6900,20668.4484,1575.3800,498.7316,0.0000,0.0000,0.0000
117.8333,19.7931,-2.7000,20692.2368,1577.5188,498.9482,0.0000,0.0000,0.0000
117.8500,19.7928,-2.7100,20715.9501,1579.6506,499.1648,0.0000,0.0000,0.0000
117.8667,19.7926,-2.7200,20739.5903,1581.7758,499.3813,0.0000,0.0000,0.0000
117.8833,19.7924,-2.7300,20763.1592,1583.8943,499.5979,0.0000,0.0000,0.0000
117.9000,19.7921,-2.7400,20786.6584,1586.0064,499.8145,0.0000,0.0000,0.0000
117.9167,19.7919,-2.7500,20810.0896,1588.1121,500.0312,0.0000,0.0000,0.0000
117.9333,19.7917,-2.7600,20833.4543,1590.2117,500.2478,0.0000,0.0000,0.0000
117.9500,19.7914,-2.7700,20856.7538,1592.3051,500.4645,0.0000,0.0000,0.0000
117.9667,19.7912,-2.7800,20879.9895,1594.3925,500.6811,0.0000,0.0000,0.0000
117.9833,19.7910,-2.7900,20903.1625,1596.4740,500.8978,0.0000,0.0000,0.0000
118.0000,19.7907,-2.8000,20926.2740,1598.5497,501.1145,0.0000,0.0000,0.0000
118.0167,19.7905,-2.7900,20946.4636,1599.9113,500.8882,0.0000,0.0000,0.0000
118.0333,19.7904,-2.7800,20964.4646,1601.2753,500.6624,0.0000,0.0000,0.0000
118.0500,19.7902,-2.7700,20980.8212,1602.6390,500.4369,0.0000,0.0000,0.0000
118.0667,19.7900,-2.7600,20995.9363,1604.0001,500.2118,0.0000,0.0000,0.0000
118.0833,19.7899,-2.7500,21010.1078,1605.3567,499.9868,0.0000,0.0000,0.0000
118.1000,19.7898,-2.7400,21023.5551,1606.7070,499.7620,0.0000,0.0000,0.0000
118.1167,19.7896,-2.7300,21036.4391,1608.0495,499.5373,0.0000,0.0000,0.0000
118.1333,19.7895,-2.7200,21048.8773,1609.3828,499.3127,0.0000,0.0000,0.0000
118.1500,19.7894,-2.7100,21060.9546,1610.7056,499.0882,0.0000,0.0000,0.0000
118.1667,19.7893,-2.7000,21072.7320,1612.0168,498.8638,0.0000,0.0000,0.0000
118.1833,19.7892,-2.6900,21084.2529,1613.3153,498.6394,0.0000,0.0000,0.0000
118.2000,19.7890,-2.6800,21095.5472,1614.6002,498.4151,0.0000,0.0000,0.0000
118.2167,19.7889,-2.6700,21106.6356,1615.8706,498.1908,0.0000,0.0000,0.0000
118.2333,19.7888,-2.6600,21117.5314,1617.1258,497.9666,0.0000,0.0000,0.0000
118.2500,19.7887,-2.6500,21128.2432,1618.3650,497.7424,0.0000,0.0000,0.0000
118.2667,19.7886,-2.6400,21138.7755,1619.5878,497.5182,0.0000,0.0000,0.0000
118.2833,19.7885,-2.6300,21149.1307,1620.7933,497.2941,0.0000,0.0000,0.0000
118.3000,19.7884,-2.6200,21159.3092,1621.9813,497.0700,0.0000,0.0000,0.0000
118.3167,19.7883,-2.6100,21169.3101,1623.1513,496.8460,0.0000,0.0000,0.0000
118.3333,19.7882,-2.6000,21179.1320,1624.3028,496.6220,0.0000,0.0000,0.0000
118.3500,19.7881,-2.5900,21188.7727,1625.4356,496.3980,0.0000,0.0000,0.0000
118.3667,19.7880,-2.5800,21198.2300,1626.5492,496.1741,0.0000,0.0000,0.0000
118.3833,19.7879,-2.5700,21207.5017,1627.6436,495.9502,0.0000,0.0000,0.0000
118.4000,19.7878,-2.5600,21216.5854,1628.7184,495.7264,0.0000,0.0000,0.0000
118.4167,19.7877,-2.5500,21225.4789,1629.7735,495.5026,0.0000,0.0000,0.0000
118.4333,19.7877,-2.5400,21234.1803,1630.8088,495.2788,0.0000,0.0000,0.0000
118.4500,19.7876,-2.5300,21242.6877,1631.8240,495.0551,0.0000,0.0000,0.0000
118.4667,19.7875,-2.5200,21250.9996,1632.8192,494.8314,0.0000,0.0000,0.0000
118.4833,19.7874,-2.5100,21259.1146,1633.7943,494.6078,0.0000,0.0000,0.0000
118.5000,19.7873,-2.5000,21267.0317,1634.7491,494.3842,0.0000,0.0000,0.0000
118.5167,19.7873,-2.4900,21274.7500,1635.6838,494.1607,0.0000,0.0000,0.0000
118.5333,19.7872,-2.4800,21282.2688,1636.5983,493.9372,0.0000,0.0000,0.0000
118.5500,19.7871,-2.4700,21289.5876,1637.4926,493.7138,0.0000,0.0000,0.0000
118.5667,19.7870,-2.4600,21296.7063,1638.3668,493.4904,0.0000,0.0000,0.0000
118.5833,19.7870,-2.4500,21303.6248,1639.2209,493.2670,0.0000,0.0000,0.0000
118.6000,19.7869,-2.4400,21310.3432,1640.0550,493.0437,0.0000,0.0000,0.0000
118.6167,19.7868,-2.4300,21316.8619,1640.8692,492.8204,0.0000,0.0000,0.0000
118.6333,19.7868,-2.4200,21323.1813,1641.6636,492.5972,0.0000,0.0000,0.0000
118.6500,19.7867,-2.4100,21329.3020,1642.4382,492.3740,0.0000,0.0000,0.0000
118.6667,19.7866,-2.4000,21335.2248,1643.1932,492.1509,0.0000,0.0000,0.0000
118.6833,19.7866,-2.3900,21340.9505,1643.9288,491.9278,0.0000,0.0000,0.0000
118.7000,19.7865,-2.3800,21346.4801,1644.6450,491.7047,0.0000,0.0000,0.0000
118.7167,19.7865,-2.3700,21351.8147,1645.3419,491.4817,0.0000,0.0000,0.0000
118.7333,19.7864,-2.3600,21356.9554,1646.0198,491.2588,0.0000,0.0000,0.0000
118.7500,19.7864,-2.3500,21361.9035,1646.6788,491.0358,0.0000,0.0000,0.0000
118.7667,19.7863,-2.3400,21366.6603,1647.3189,490.8130,0.0000,0.0000,0.0000
118.7833,19.7863,-2.3300,21369.9018,1647.7174,490.5904,0.0000,0.0000,0.0000
118.8000,19.7863,-2.3200,21372.8386,1648.1052,490.3679,0.0000,0.0000,0.0000
118.8167,19.7862,-2.3100,21376.6530,1648.6996,490.1453,0.0000,0.0000,0.0000
118.8333,19.7862,-2.3000,21379.2750,1649.0625,489.9229,0.0000,0.0000,0.0000
118.8500,19.7862,-2.2900,21382.6852,1649.6247,489.7003,0.0000,0.0000,0.0000
118.8667,19.7861,-2.2800,21386.0473,1650.1685,489.4777,0.0000,0.0000,0.0000
118.8833,19.7861,-2.2700,21389.3279,1650.6939,489.2552,0.0000,0.0000,0.0000
118.9000,19.7861,-2.2600,21392.5026,1651.2014,489.0326,0.0000,0.0000,0.0000
118.9167,19.7860,-2.2500,21395.5533,1651.6910,488.8101,0.0000,0.0000,0.0000
118.9333,19.7860,-2.2400,21398.4670,1652.1629,488.5877,0.0000,0.0000,0.0000
118.9500,19.7860,-2.2300,21401.2345,1652.6174,488.3652,0.0000,0.0000,0.0000
118.9667,19.7860,-2.2200,21403.8492,1653.0546,488.1428,0.0000,0.0000,0.0000
118.9833,19.7859,-2.2100,21406.3067,1653.4747,487.9205,0.0000,0.0000,0.0000
119.0000,19.7859,-2.2000,21408.6043,1653.8780,487.6981,0.0000,0.0000,0.0000
119.0167,19.7859,-2.2183,21413.1631,1655.1018,488.1038,0.0000,0.0000,0.0000
119.0333,19.7858,-2.2367,21422.2099,1656.4681,488.5085,0.0000,0.0000,0.0000
119.0500,19.7857,-2.2550,21433.3498,1657.8104,488.9127,0.0000,0.0000,0.0000
119.0667,19.7855,-2.2733,21446.0101,1659.1319,489.3165,0.0000,0.0000,0.0000
119.0833,19.7854,-2.2917,21459.7671,1660.4352,489.7202,0.0000,0.0000,0.0000
119.1000,19.7853,-2.3100,21474.3083,1661.7227,490.1236,0.0000,0.0000,0.0000
119.1167,19.7851,-2.3283,21489.4044,1662.9964,490.5269,0.0000,0.0000,0.0000
119.1333,19.7850,-2.3467,21504.8873,1664.2581,490.9302,0.0000,0.0000,0.0000
119.1500,19.7848,-2.3650,21520.6351,1665.5096,491.3334,0.0000,0.0000,0.0000
119.1667,19.7846,-2.3833,21536.5601,1666.7522,491.7365,0.0000,0.0000,0.0000
119.1833,19.7845,-2.4017,21552.5995,1667.9875,492.1396,0.0000,0.0000,0.0000
119.2000,19.7843,-2.4200,21568.7094,1669.2166,492.5427,0.0000,0.0000,0.0000
119.2167,19.7842,-2.4383,21584.8599,1670.4406,492.9458,0.0000,0.0000,0.0000
119.2333,19.7840,-2.4567,21601.0310,1671.6608,493.3489,0.0000,0.0000,0.0000
119.2500,19.7838,-2.4750,21617.2099,1672.8779,493.7520,0.0000,0.0000,0.0000
119.2667,19.7837,-2.4933,21633.3896,1674.0929,494.1551,0.0000,0.0000,0.0000
119.2833,19.7835,-2.5117,21649.5667,1675.3067,494.5582,0.0000,0.0000,0.0000
119.3000,19.7833,-2.5300,21665.7404,1676.5200,494.9613,0.0000,0.0000,0.0000
119.3167,19.7832,-2.5483,21681.9121,1677.7334,495.3643,0.0000,0.0000,0.0000
119.3333,19.7830,-2.5667,21698.0843,1678.9477,495.7674,0.0000,0.0000,0.0000
119.3500,19.7829,-2.5850,21714.2603,1680.1635,496.1705,0.0000,0.0000,0.0000
119.3667,19.7827,-2.6033,21730.4440,1681.3811,496.5736,0.0000,0.0000,0.0000
119.3833,19.7825,-2.6217,21746.6396,1682.6012,496.9767,0.0000,0.0000,0.0000
119.4000,19.7824,-2.6400,21762.8512,1683.8242,497.3798,0.0000,0.0000,0.0000
119.4167,19.7822,-2.6583,21779.0831,1685.0506,497.7828,0.0000,0.0000,0.0000
119.4333,19.7820,-2.6767,21795.3393,1686.2806,498.1859,0.0000,0.0000,0.0000
119.4500,19.7819,-2.6950,21811.6236,1687.5146,498.5890,0.0000,0.0000,0.0000
119.4667,19.7817,-2.7133,21827.9399,1688.7529,498.9920,0.0000,0.0000,0.0000
119.4833,19.7816,-2.7317,21844.2914,1689.9958,499.3951,0.0000,0.0000,0.0000
119.5000,19.7814,-2.7500,21860.6814,1691.2435,499.7981,0.0000,0.0000,0.0000
119.5167,19.7812,-2.7683,21877.1128,1692.4963,500.2012,0.0000,0.0000,0.0000
119.5333,19.7811,-2.7867,21893.5882,1693.7542,500.6042,0.0000,0.0000,0.0000
119.5500,19.7809,-2.8050,21910.1101,1695.0176,501.0072,0.0000,0.0000,0.0000
119.5667,19.7807,-2.8233,21926.6806,1696.2865,501.4102,0.0000,0.0000,0.0000
119.5833,19.7806,-2.8417,21943.3015,1697.5610,501.8132,0.0000,0.0000,0.0000
119.6000,19.7804,-2.8600,21959.9747,1698.8413,502.2162,0.0000,0.0000,0.0000
119.6167,19.7802,-2.8783,21976.7015,1700.1274,502.6191,0.0000,0.0000,0.0000
119.6333,19.7801,-2.8967,21993.4833,1701.4194,503.0221,0.0000,0.0000,0.0000
119.6500,19.7799,-2.9150,22010.3210,1702.7173,503.4250,0.0000,0.0000,0.0000
119.6667,19.7797,-2.9333,22027.2156,1704.0212,503.8279,0.0000,0.0000,0.0000
119.6833,19.7796,-2.9517,22044.1678,1705.3311,504.2309,0.0000,0.0000,0.0000
119.7000,19.7794,-2.9700,22061.1781,1706.6469,504.6338,0.0000,0.0000,0.0000
119.7167,19.7792,-2.9883,22078.2469,1707.9688,505.0366,0.0000,0.0000,0.0000
119.7333,19.7790,-3.0067,22095.3746,1709.2966,505.4395,0.0000,0.0000,0.0000
119.7500,19.7789,-3.0250,22112.5611,1710.6304,505.8424,0.0000,0.0000,0.0000
119.7667,19.7787,-3.0433,22129.8066,1711.9701,506.2452,0.0000,0.0000,0.0000
119.7833,19.7785,-3.0617,22147.1109,1713.3156,506.6481,0.0000,0.0000,0.0000
119.8000,19.7784,-3.0800,22164.4738,1714.6670,507.0509,0.0000,0.0000,0.0000
119.8167,19.7782,-3.0983,22181.8950,1716.0241,507.4537,0.0000,0.0000,0.0000
119.8333,19.7780,-3.1167,22199.3742,1717.3868,507.8565,0.0000,0.0000,0.0000
119.8500,19.7778,-3.1350,22216.9108,1718.7552,508.2593,0.0000,0.0000,0.0000
119.8667,19.7777,-3.1533,22234.5043,1720.1292,508.6621,0.0000,0.0000,0.0000
119.8833,19.7775,-3.1717,22252.1541,1721.5086,509.0648,0.0000,0.0000,0.0000
119.9000,19.7773,-3.1900,22269.8595,1722.8933,509.4676,0.0000,0.0000,0.0000
119.9167,19.7771,-3.2083,22287.6198,1724.2833,509.8703,0.0000,0.0000,0.0000
119.9333,19.7769,-3.2267,22305.4341,1725.6786,510.2730,0.0000,0.0000,0.0000
119.9500,19.7768,-3.2450,22323.3018,1727.0788,510.6757,0.0000,0.0000,0.0000
119.9667,19.7766,-3.2633,22341.2218,1728.4841,511.0784,0.0000,0.0000,0.0000
119.9833,19.7764,-3.2817,22359.1932,1729.8943,511.4811,0.0000,0.0000,0.0000
120.0000,19.7762,-3.3000,22377.2152,1731.3092,511.8838,0.0000,0.0000,0.0000
120.0167,19.7761,-3.3000,22392.6624,1732.0789,511.8804,0.0000,0.0000,0.0000
120.0333,19.7759,-3.3000,22406.2049,1732.8604,511.8774,0.0000,0.0000,0.0000
120.0500,19.7758,-3.3000,22415.3214,1733.4722,511.8754,0.0000,0.0000,0.0000
120.0667,19.7758,-3.3000,22423.8694,1734.0879,511.8735,0.0000,0.0000,0.0000
120.0833,19.7757,-3.3000,22431.9640,1734.7070,511.8717,0.0000,0.0000,0.0000
120.1000,19.7756,-3.3000,22439.6975,1735.3290,511.8699,0.0000,0.0000,0.0000
120.1167,19.7755,-3.3000,22447.1439,1735.9535,511.8683,0.0000,0.0000,0.0000
120.1333,19.7755,-3.3000,22454.3619,1736.5802,511.8667,0.0000,0.0000,0.0000
120.1500,19.7754,-3.3000,22461.3988,1737.2086,511.8651,0.0000,0.0000,0.0000
120.1667,19.7753,-3.3000,22468.2917,1737.8384,511.8636,0.0000,0.0000,0.0000
120.1833,19.7752,-3.3000,22475.0705,1738.4693,511.8621,0.0000,0.0000,0.0000
120.2000,19.7752,-3.3000,22481.7586,1739.1012,511.8606,0.0000,0.0000,0.0000
120.2167,19.7751,-3.3000,22488.3744,1739.7336,511.8592,0.0000,0.0000,0.0000
120.2333,19.7751,-3.3000,22494.9325,1740.3664,511.8577,0.0000,0.0000,0.0000
120.2500,19.7750,-3.3000,22501.4443,1740.9994,511.8563,0.0000,0.0000,0.0000
120.2667,19.7749,-3.3000,22507.9184,1741.6323,511.8548,0.0000,0.0000,0.0000
120.2833,19.7749,-3.3000,22514.3618,1742.2650,511.8534,0.0000,0.0000,0.0000
120.3000,19.7748,-3.3000,22520.7793,1742.8974,511.8520,0.0000,0.0000,0.0000
120.3167,19.7747,-3.3000,22527.1750,1743.5291,511.8505,0.0000,0.0000,0.0000
120.3333,19.7747,-3.3000,22533.5516,1744.1602,511.8491,0.0000,0.0000,0.0000
120.3500,19.7746,-3.3000,22539.9110,1744.7903,511.8477,0.0000,0.0000,0.0000
120.3667,19.7745,-3.3000,22546.2547,1745.4195,511.8463,0.0000,0.0000,0.0000
120.3833,19.7745,-3.3000,22552.5834,1746.0475,511.8449,0.0000,0.0000,0.0000
120.4000,19.7744,-3.3000,22558.8976,1746.6743,511.8435,0.0000,0.0000,0.0000
120.4167,19.7743,-3.3000,22565.1974,1747.2997,511.8421,0.0000,0.0000,0.0000
120.4333,19.7743,-3.3000,22571.4828,1747.9236,511.8407,0.0000,0.0000,0.0000
120.4500,19.7742,-3.3000,22577.7535,1748.5459,511.8393,0.0000,0.0000,0.0000
120.4667,19.7742,-3.3000,22584.0090,1749.1666,511.8379,0.0000,0.0000,0.0000
120.4833,19.7741,-3.3000,22590.2489,1749.7855,511.8366,0.0000,0.0000,0.0000
120.5000,19.7740,-3.3000,22596.4725,1750.4025,511.8352,0.0000,0.0000,0.0000
120.5167,19.7740,-3.3000,22602.6793,1751.0175,511.8338,0.0000,0.0000,0.0000
120.5333,19.7739,-3.3000,22608.8685,1751.6306,511.8324,0.0000,0.0000,0.0000
120.5500,19.7738,-3.3000,22615.0396,1752.2415,511.8311,0.0000,0.0000,0.0000
120.5667,19.7738,-3.3000,22621.1919,1752.8503,511.8297,0.0000,0.0000,0.0000
120.5833,19.7737,-3.3000,22627.3246,1753.4568,511.8283,0.0000,0.0000,0.0000
120.6000,19.7737,-3.3000,22633.4372,1754.0611,511.8270,0.0000,0.0000,0.0000
120.6167,19.7736,-3.3000,22639.5290,1754.6629,511.8256,0.0000,0.0000,0.0000
120.6333,19.7735,-3.3000,22645.5994,1755.2624,511.8243,0.0000,0.0000,0.0000
120.6500,19.7735,-3.3000,22651.6478,1755.8595,511.8229,0.0000,0.0000,0.0000
120.6667,19.7734,-3.3000,22657.6736,1756.4540,511.8216,0.0000,0.0000,0.0000
120.6833,19.7734,-3.3000,22663.6762,1757.0460,511.8203,0.0000,0.0000,0.0000
120.7000,19.7733,-3.3000,22669.6553,1757.6354,511.8189,0.0000,0.0000,0.0000
120.7167,19.7732,-3.3000,22675.6102,1758.2222,511.8176,0.0000,0.0000,0.0000
120.7333,19.7732,-3.3000,22681.5405,1758.8063,511.8163,0.0000,0.0000,0.0000
120.7500,19.7731,-3.3000,22687.4457,1759.3878,511.8150,0.0000,0.0000,0.0000
120.7667,19.7731,-3.3000,22693.3256,1759.9665,511.8137,0.0000,0.0000,0.0000
120.7833,19.7730,-3.3000,22699.1796,1760.5424,511.8124,0.0000,0.0000,0.0000
120.8000,19.7729,-3.3000,22705.0075,1761.1156,511.8111,0.0000,0.0000,0.0000
120.8167,19.7729,-3.3000,22710.8089,1761.6861,511.8098,0.0000,0.0000,0.0000
120.8333,19.7728,-3.3000,22716.5834,1762.2536,511.8085,0.0000,0.0000,0.0000
120.8500,19.7728,-3.3000,22722.3309,1762.8184,511.8073,0.0000,0.0000,0.0000
120.8667,19.7727,-3.3000,22728.0511,1763.3803,511.8060,0.0000,0.0000,0.0000
120.8833,19.7727,-3.3000,22733.7436,1763.9394,511.8047,0.0000,0.0000,0.0000
120.9000,19.7726,-3.3000,22739.4084,1764.4955,511.8035,0.0000,0.0000,0.0000
120.9167,19.7725,-3.3000,22745.0451,1765.0488,511.8022,0.0000,0.0000,0.0000
120.9333,19.7725,-3.3000,22750.6537,1765.5992,511.8010,0.0000,0.0000,0.0000
120.9500,19.7724,-3.3000,22756.2340,1766.1467,511.7997,0.0000,0.0000,0.0000
120.9667,19.7724,-3.3000,22761.7858,1766.6913,511.7985,0.0000,0.0000,0.0000
120.9833,19.7723,-3.3000,22767.3090,1767.2329,511.7973,0.0000,0.0000,0.0000
121.0000,19.7723,-3.3000,22772.8035,1767.7716,511.7961,0.0000,0.0000,0.0000
121.0167,19.7723,-3.2450,22772.2823,1766.5139,510.5761,0.0000,0.0000,0.0000
121.0333,19.7723,-3.1900,22765.4666,1765.3221,509.3576,0.0000,0.0000,0.0000
121.0500,19.7725,-3.1350,22754.0857,1764.1401,508.1401,0.0000,0.0000,0.0000
121.0667,19.7726,-3.0800,22739.3638,1762.9614,506.9234,0.0000,0.0000,0.0000
121.0833,19.7728,-3.0250,22722.1858,1761.7809,505.7072,0.0000,0.0000,0.0000
121.1000,19.7730,-2.9700,22703.1901,1760.5947,504.4913,0.0000,0.0000,0.0000
121.1167,19.7732,-2.9150,22682.8358,1759.3991,503.2758,0.0000,0.0000,0.0000
121.1333,19.7734,-2.8600,22661.4519,1758.1912,502.0605,0.0000,0.0000,0.0000
121.1500,19.7736,-2.8050,22639.2726,1756.9682,500.8454,0.0000,0.0000,0.0000
121.1667,19.7738,-2.7500,22616.4638,1755.7280,499.6305,0.0000,0.0000,0.0000
121.1833,19.7741,-2.6950,22593.1415,1754.4683,498.4156,0.0000,0.0000,0.0000
121.2000,19.7743,-2.6400,22569.3862,1753.1874,497.2009,0.0000,0.0000,0.0000
121.2167,19.7745,-2.5850,22545.2522,1751.8835,495.9862,0.0000,0.0000,0.0000
121.2333,19.7748,-2.5300,22520.7758,1750.5553,494.7716,0.0000,0.0000,0.0000
121.2500,19.7750,-2.4750,22495.9800,1749.2014,493.5571,0.0000,0.0000,0.0000
121.2667,19.7753,-2.4200,22470.8783,1747.8207,492.3426,0.0000,0.0000,0.0000
121.2833,19.7755,-2.3650,22445.4781,1746.4119,491.1282,0.0000,0.0000,0.0000
121.3000,19.7758,-2.3100,22419.7821,1744.9743,489.9139,0.0000,0.0000,0.0000
121.3167,19.7761,-2.2550,22393.7900,1743.5069,488.6996,0.0000,0.0000,0.0000
121.3333,19.7763,-2.2000,22367.4999,1742.0091,487.4854,0.0000,0.0000,0.0000
121.3500,19.7766,-2.1450,22340.9082,1740.4801,486.2713,0.0000,0.0000,0.0000
121.3667,19.7769,-2.0900,22314.0111,1738.9193,485.0572,0.0000,0.0000,0.0000
121.3833,19.7771,-2.0350,22286.8042,1737.3263,483.8433,0.0000,0.0000,0.0000
121.4000,19.7774,-1.9800,22259.2834,1735.7007,482.6293,0.0000,0.0000,0.0000
121.4167,19.7777,-1.9250,22231.4445,1734.0421,481.4155,0.0000,0.0000,0.0000
121.4333,19.7780,-1.8700,22203.2837,1732.3501,480.2017,0.0000,0.0000,0.0000
121.4500,19.7783,-1.8150,22174.7976,1730.6246,478.9880,0.0000,0.0000,0.0000
121.4667,19.7785,-1.7600,22145.9832,1728.8654,477.7744,0.0000,0.0000,0.0000
121.4833,19.7788,-1.7050,22116.8380,1727.0723,476.5608,0.0000,0.0000,0.0000
121.5000,19.7791,-1.6500,22087.3598,1725.2452,475.3473,0.0000,0.0000,0.0000
121.5167,19.7794,-1.5950,22057.5469,1723.3841,474.1339,0.0000,0.0000,0.0000
121.5333,19.7797,-1.5400,22027.3982,1721.4891,472.9206,0.0000,0.0000,0.0000
121.5500,19.7800,-1.4850,21996.9128,1719.5600,471.7073,0.0000,0.0000,0.0000
121.5667,19.7803,-1.4300,21966.0903,1717.5971,470.4941,0.0000,0.0000,0.0000
121.5833,19.7807,-1.3750,21934.9306,1715.6004,469.2810,0.0000,0.0000,0.0000
121.6000,19.7810,-1.3200,21903.4343,1713.5700,468.0680,0.0000,0.0000,0.0000
121.6167,19.7813,-1.2650,21871.6018,1711.5061,466.8550,0.0000,0.0000,0.0000
121.6333,19.7816,-1.2100,21839.4342,1709.4089,465.6421,0.0000,0.0000,0.0000
121.6500,19.7819,-1.1550,21806.9328,1707.2787,464.4293,0.0000,0.0000,0.0000
121.6667,19.7823,-1.1000,21774.0992,1705.1155,463.2165,0.0000,0.0000,0.0000
121.6833,19.7826,-1.0450,21740.9351,1702.9198,462.0039,0.0000,0.0000,0.0000
121.7000,19.7829,-0.9900,21707.4427,1700.6917,460.7913,0.0000,0.0000,0.0000
121.7167,19.7833,-0.9350,21673.6242,1698.4316,459.5787,0.0000,0.0000,0.0000
121.7333,19.7836,-0.8800,21639.4820,1696.1397,458.3663,0.0000,0.0000,0.0000
121.7500,19.7839,-0.8250,21605.0188,1693.8164,457.1539,0.0000,0.0000,0.0000
121.7667,19.7843,-0.7700,21570.2374,1691.4620,455.9416,0.0000,0.0000,0.0000
121.7833,19.7846,-0.7150,21535.1407,1689.0767,454.7294,0.0000,0.0000,0.0000
121.8000,19.7850,-0.6600,21499.7318,1686.6611,453.5172,0.0000,0.0000,0.0000
121.8167,19.7854,-0.6050,21464.0140,1684.2154,452.3051,0.0000,0.0000,0.0000
121.8333,19.7857,-0.5500,21427.9904,1681.7400,451.0930,0.0000,0.0000,0.0000
121.8500,19.7861,-0.4950,21391.6645,1679.2352,449.8811,0.0000,0.0000,0.0000
121.8667,19.7864,-0.4400,21355.0397,1676.7014,448.6692,0.0000,0.0000,0.0000
121.8833,19.7868,-0.3850,21318.1196,1674.1390,447.4573,0.0000,0.0000,0.0000
121.9000,19.7872,-0.3300,21280.9078,1671.5483,446.2456,0.0000,0.0000,0.0000
121.9167,19.7876,-0.2750,21243.4078,1668.9298,445.0339,0.0000,0.0000,0.0000
121.9333,19.7879,-0.2200,21205.6234,1666.2839,443.8222,0.0000,0.0000,0.0000
121.9500,19.7883,-0.1650,21167.5582,1663.6108,442.6106,0.0000,0.0000,0.0000
121.9667,19.7887,-0.1100,21129.2160,1660.9109,441.3991,0.0000,0.0000,0.0000
121.9833,19.7891,-0.0550,21090.6005,1658.1848,440.1876,0.0000,0.0000,0.0000
122.0000,19.7895,0.0000,21051.7156,1655.4326,438.9762,0.0000,0.0000,0.0000
122.0167,19.7898,0.0183,21020.4799,1654.0033,438.5765,0.0000,0.0000,0.0000
122.0333,19.7901,0.0367,20992.3803,1652.5415,438.1761,0.0000,0.0000,0.0000
122.0500,19.7903,0.0550,20966.5639,1651.0507,437.7751,0.0000,0.0000,0.0000
122.0667,19.7906,0.0733,20942.3978,1649.5338,437.3738,0.0000,0.0000,0.0000
122.0833,19.7908,0.0917,20919.4134,1647.9938,436.9722,0.0000,0.0000,0.0000
122.1000,19.7910,0.1100,20897.2645,1646.4328,436.5705,0.0000,0.0000,0.0000
122.1167,19.7912,0.1283,20875.6964,1644.8531,436.1686,0.0000,0.0000,0.0000
122.1333,19.7915,0.1467,20854.5225,1643.2564,435.7666,0.0000,0.0000,0.0000
122.1500,19.7917,0.1650,20833.6067,1641.6446,435.3645,0.0000,0.0000,0.0000
122.1667,19.7919,0.1833,20812.8507,1640.0190,434.9625,0.0000,0.0000,0.0000
122.1833,19.7921,0.2017,20792.1841,1638.3811,434.5604,0.0000,0.0000,0.0000
122.2000,19.7923,0.2200,20771.5571,1636.7322,434.1583,0.0000,0.0000,0.0000
122.2167,19.7925,0.2383,20750.9354,1635.0735,433.7562,0.0000,0.0000,0.0000
122.2333,19.7927,0.2567,20730.2959,1633.4060,433.3541,0.0000,0.0000,0.0000
122.2500,19.7929,0.2750,20709.6235,1631.7307,432.9520,0.0000,0.0000,0.0000
122.2667,19.7931,0.2933,20688.9096,1630.0486,432.5499,0.0000,0.0000,0.0000
122.2833,19.7933,0.3117,20668.1494,1628.3605,432.1478,0.0000,0.0000,0.0000
122.3000,19.7935,0.3300,20647.3415,1626.6673,431.7458,0.0000,0.0000,0.0000
122.3167,19.7937,0.3483,20626.4868,1624.9695,431.3437,0.0000,0.0000,0.0000
122.3333,19.7939,0.3667,20605.5875,1623.2681,430.9417,0.0000,0.0000,0.0000
122.3500,19.7942,0.3850,20584.6469,1621.5634,430.5397,0.0000,0.0000,0.0000
122.3667,19.7944,0.4033,20563.6689,1619.8563,430.1376,0.0000,0.0000,0.0000
122.3833,19.7946,0.4217,20542.6578,1618.1471,429.7356,0.0000,0.0000,0.0000
122.4000,19.7948,0.4400,20521.6180,1616.4364,429.3336,0.0000,0.0000,0.0000
122.4167,19.7950,0.4583,20500.5542,1614.7247,428.9316,0.0000,0.0000,0.0000
122.4333,19.7952,0.4767,20479.4708,1613.0124,428.5296,0.0000,0.0000,0.0000
122.4500,19.7954,0.4950,20458.3721,1611.2999,428.1276,0.0000,0.0000,0.0000
122.4667,19.7956,0.5133,20437.2622,1609.5876,427.7256,0.0000,0.0000,0.0000
122.4833,19.7958,0.5317,20416.1453,1607.8757,427.3236,0.0000,0.0000,0.0000
122.5000,19.7960,0.5500,20395.0249,1606.1647,426.9216,0.0000,0.0000,0.0000
122.5167,19.7963,0.5683,20373.9045,1604.4547,426.5197,0.0000,0.0000,0.0000
122.5333,19.7965,0.5867,20352.7876,1602.7460,426.1177,0.0000,0.0000,0.0000
122.5500,19.7967,0.6050,20331.6770,1601.0389,425.7157,0.0000,0.0000,0.0000
122.5667,19.7969,0.6233,20310.5756,1599.3336,425.3137,0.0000,0.0000,0.0000
122.5833,19.7971,0.6417,20289.4860,1597.6302,424.9117,0.0000,0.0000,0.0000
122.6000,19.7973,0.6600,20268.4106,1595.9290,424.5097,0.0000,0.0000,0.0000
122.6167,19.7975,0.6783,20247.3515,1594.2301,424.1077,0.0000,0.0000,0.0000
122.6333,19.7977,0.6967,20226.3106,1592.5336,423.7057,0.0000,0.0000,0.0000
122.6500,19.7979,0.7150,20205.2898,1590.8397,423.3037,0.0000,0.0000,0.0000
122.6667,19.7982,0.7333,20184.2907,1589.1484,422.9016,0.0000,0.0000,0.0000
122.6833,19.7984,0.7517,20163.3147,1587.4599,422.4996,0.0000,0.0000,0.0000
122.7000,19.7986,0.7700,20142.3631,1585.7742,422.0976,0.0000,0.0000,0.0000
122.7167,19.7988,0.7883,20121.4370,1584.0914,421.6956,0.0000,0.0000,0.0000
122.7333,19.7990,0.8067,20100.5375,1582.4116,421.2935,0.0000,0.0000,0.0000
122.7500,19.7992,0.8250,20079.6653,1580.7348,420.8915,0.0000,0.0000,0.0000
122.7667,19.7994,0.8433,20058.8214,1579.0611,420.4894,0.0000,0.0000,0.0000
122.7833,19.7996,0.8617,20038.0062,1577.3904,420.0874,0.0000,0.0000,0.0000
122.8000,19.7998,0.8800,20017.2204,1575.7229,419.6853,0.0000,0.0000,0.0000
122.8167,19.8000,0.8983,19996.4643,1574.0584,419.2832,0.0000,0.0000,0.0000
122.8333,19.8002,0.9167,19975.7383,1572.3971,418.8811,0.0000,0.0000,0.0000
122.8500,19.8004,0.9350,19955.0428,1570.7389,418.4791,0.0000,0.0000,0.0000
122.8667,19.8007,0.9533,19934.3777,1569.0838,418.0770,0.0000,0.0000,0.0000
122.8833,19.8009,0.9717,19913.7433,1567.4318,417.6749,0.0000,0.0000,0.0000
122.9000,19.8011,0.9900,19893.1397,1565.7829,417.2728,0.0000,0.0000,0.0000
122.9167,19.8013,1.0083,19872.5667,1564.1371,416.8707,0.0000,0.0000,0.0000
122.9333,19.8015,1.0267,19852.0242,1562.4943,416.4685,0.0000,0.0000,0.0000
122.9500,19.8017,1.0450,19831.5123,1560.8545,416.0664,0.0000,0.0000,0.0000
122.9667,19.8019,1.0633,19811.0305,1559.2177,415.6643,0.0000,0.0000,0.0000
122.9833,19.8021,1.0817,19790.5788,1557.5838,415.2621,0.0000,0.0000,0.0000
123.0000,19.8023,1.1000,19770.1569,1555.9528,414.8600,0.0000,0.0000,0.0000
123.0167,19.8024,1.0350,19761.7051,1557.2835,416.3037,0.0000,0.0000,0.0000
123.0333,19.8024,0.9700,19762.0217,1558.5211,417.7455,0.0000,0.0000,0.0000
123.0500,19.8023,0.9050,19769.3218,1559.7405,419.1857,0.0000,0.0000,0.0000
123.0667,19.8022,0.8400,19781.7223,1560.9509,420.6248,0.0000,0.0000,0.0000
123.0833,19.8020,0.7750,19797.8605,1562.1594,422.0631,0.0000,0.0000,0.0000
123.1000,19.8018,0.7100,19816.7522,1563.3720,423.5008,0.0000,0.0000,0.0000
123.1167,19.8016,0.6450,19837.6889,1564.5938,424.9380,0.0000,0.0000,0.0000
123.1333,19.8014,0.5800,19860.1623,1565.8293,426.3748,0.0000,0.0000,0.0000
123.1500,19.8012,0.5150,19883.8101,1567.0824,427.8114,0.0000,0.0000,0.0000
123.1667,19.8009,0.4500,19908.3756,1568.3566,429.2478,0.0000,0.0000,0.0000
123.1833,19.8007,0.3850,19933.6790,1569.6552,430.6841,0.0000,0.0000,0.0000
123.2000,19.8004,0.3200,19959.5959,1570.9809,432.1202,0.0000,0.0000,0.0000
123.2167,19.8001,0.2550,19986.0417,1572.3363,433.5561,0.0000,0.0000,0.0000
123.2333,19.7999,0.1900,20012.9607,1573.7237,434.9920,0.0000,0.0000,0.0000
123.2500,19.7996,0.1250,20040.3175,1575.1453,436.4278,0.0000,0.0000,0.0000
123.2667,19.7993,0.0600,20068.0913,1576.6030,437.8635,0.0000,0.0000,0.0000
123.2833,19.7990,-0.0050,20096.2714,1578.0985,439.2991,0.0000,0.0000,0.0000
123.3000,19.7988,-0.0700,20124.8541,1579.6334,440.7346,0.0000,0.0000,0.0000
123.3167,19.7985,-0.1350,20153.8403,1581.2089,442.1700,0.0000,0.0000,0.0000
123.3333,19.7982,-0.2000,20183.2342,1582.8265,443.6054,0.0000,0.0000,0.0000
123.3500,19.7979,-0.2650,20213.0417,1584.4873,445.0406,0.0000,0.0000,0.0000
123.3667,19.7976,-0.3300,20243.2699,1586.1921,446.4757,0.0000,0.0000,0.0000
123.3833,19.7973,-0.3950,20273.9264,1587.9420,447.9108,0.0000,0.0000,0.0000
123.4000,19.7969,-0.4600,20305.0186,1589.7377,449.3457,0.0000,0.0000,0.0000
123.4167,19.7966,-0.5250,20336.5539,1591.5798,450.7806,0.0000,0.0000,0.0000
123.4333,19.7963,-0.5900,20368.5392,1593.4689,452.2153,0.0000,0.0000,0.0000
123.4500,19.7960,-0.6550,20400.9807,1595.4055,453.6500,0.0000,0.0000,0.0000
123.4667,19.7957,-0.7200,20433.8842,1597.3900,455.0846,0.0000,0.0000,0.0000
123.4833,19.7953,-0.7850,20467.2546,1599.4226,456.5190,0.0000,0.0000,0.0000
123.5000,19.7950,-0.8500,20501.0962,1601.5037,457.9533,0.0000,0.0000,0.0000
123.5167,19.7946,-0.9150,20535.4126,1603.6333,459.3876,0.0000,0.0000,0.0000
123.5333,19.7943,-0.9800,20570.2066,1605.8116,460.8217,0.0000,0.0000,0.0000
123.5500,19.7939,-1.0450,20605.4804,1608.0386,462.2557,0.0000,0.0000,0.0000
123.5667,19.7936,-1.1100,20641.2357,1610.3143,463.6897,0.0000,0.0000,0.0000
123.5833,19.7932,-1.1750,20677.4733,1612.6385,465.1235,0.0000,0.0000,0.0000
123.6000,19.7929,-1.2400,20714.1935,1615.0113,466.5572,0.0000,0.0000,0.0000
123.6167,19.7925,-1.3050,20751.3963,1617.4323,467.9908,0.0000,0.0000,0.0000
123.6333,19.7921,-1.3700,20789.0808,1619.9014,469.4243,0.0000,0.0000,0.0000
123.6500,19.7917,-1.4350,20827.2460,1622.4184,470.8576,0.0000,0.0000,0.0000
123.6667,19.7913,-1.5000,20865.8900,1624.9829,472.2909,0.0000,0.0000,0.0000
123.6833,19.7909,-1.5650,20905.0110,1627.5946,473.7241,0.0000,0.0000,0.0000
123.7000,19.7906,-1.6300,20944.6063,1630.2532,475.1572,0.0000,0.0000,0.0000
123.7167,19.7902,-1.6950,20984.6733,1632.9582,476.5901,0.0000,0.0000,0.0000
123.7333,19.7897,-1.7600,21025.2086,1635.7093,478.0230,0.0000,0.0000,0.0000
123.7500,19.7893,-1.8250,21066.2090,1638.5061,479.4557,0.0000,0.0000,0.0000
123.7667,19.7889,-1.8900,21107.6706,1641.3480,480.8884,0.0000,0.0000,0.0000
123.7833,19.7885,-1.9550,21149.5894,1644.2346,482.3209,0.0000,0.0000,0.0000
123.8000,19.7881,-2.0200,21191.9612,1647.1655,483.7534,0.0000,0.0000,0.0000
123.8167,19.7877,-2.0850,21234.7816,1650.1401,485.1857,0.0000,0.0000,0.0000
123.8333,19.7872,-2.1500,21278.0459,1653.1578,486.6180,0.0000,0.0000,0.0000
123.8500,19.7868,-2.2150,21321.7493,1656.2183,488.0501,0.0000,0.0000,0.0000
123.8667,19.7863,-2.2800,21365.8867,1659.3208,489.4822,0.0000,0.0000,0.0000
123.8833,19.7859,-2.3450,21410.4532,1662.4649,490.9142,0.0000,0.0000,0.0000
123.9000,19.7854,-2.4100,21455.4435,1665.6501,492.3460,0.0000,0.0000,0.0000
123.9167,19.7850,-2.4750,21500.8521,1668.8756,493.7778,0.0000,0.0000,0.0000
123.9333,19.7845,-2.5400,21546.6737,1672.1411,495.2095,0.0000,0.0000,0.0000
123.9500,19.7841,-2.6050,21592.9028,1675.4458,496.6411,0.0000,0.0000,0.0000
123.9667,19.7836,-2.6700,21639.5337,1678.7893,498.0726,0.0000,0.0000,0.0000
123.9833,19.7831,-2.7350,21686.5607,1682.1708,499.5040,0.0000,0.0000,0.0000
124.0000,19.7827,-2.8000,21733.9782,1685.5900,500.9353,0.0000,0.0000,0.0000
124.0167,19.7823,-2.7900,21770.2906,1686.3835,500.7055,0.0000,0.0000,0.0000
124.0333,19.7820,-2.7800,21798.6186,1687.2390,500.4774,0.0000,0.0000,0.0000
124.0500,19.7818,-2.7700,21821.2267,1688.1470,500.2505,0.0000,0.0000,0.0000
124.0667,19.7816,-2.7600,21839.7564,1689.0997,500.0246,0.0000,0.0000,0.0000
124.0833,19.7814,-2.7500,21855.3953,1690.0907,499.7993,0.0000,0.0000,0.0000
124.1000,19.7813,-2.7400,21867.8956,1691.0304,499.5747,0.0000,0.0000,0.0000
124.1167,19.7812,-2.7300,21879.1241,1691.9935,499.3504,0.0000,0.0000,0.0000
124.1333,19.7811,-2.7200,21889.4480,1692.9770,499.1263,0.0000,0.0000,0.0000
124.1500,19.7810,-2.7100,21899.1363,1693.9780,498.9023,0.0000,0.0000,0.0000
124.1667,19.7809,-2.7000,21908.3835,1694.9935,498.6784,0.0000,0.0000,0.0000
124.1833,19.7808,-2.6900,21917.3293,1696.0211,498.4546,0.0000,0.0000,0.0000
124.2000,19.7807,-2.6800,21926.0722,1697.0580,498.2309,0.0000,0.0000,0.0000
124.2167,19.7807,-2.6700,21934.6805,1698.1020,498.0071,0.0000,0.0000,0.0000
124.2333,19.7806,-2.6600,21943.2000,1699.1510,497.7834,0.0000,0.0000,0.0000
124.2500,19.7805,-2.6500,21951.6600,1700.2028,497.5597,0.0000,0.0000,0.0000
124.2667,19.7804,-2.6400,21960.0780,1701.2555,497.3360,0.0000,0.0000,0.0000
124.2833,19.7803,-2.6300,21968.4624,1702.3075,497.1123,0.0000,0.0000,0.0000
124.3000,19.7802,-2.6200,21976.8156,1703.3570,496.8887,0.0000,0.0000,0.0000
124.3167,19.7801,-2.6100,21985.1354,1704.4024,496.6650,0.0000,0.0000,0.0000
124.3333,19.7801,-2.6000,21993.4164,1705.4423,496.4413,0.0000,0.0000,0.0000
124.3500,19.7800,-2.5900,22001.6513,1706.4753,496.2177,0.0000,0.0000,0.0000
124.3667,19.7799,-2.5800,22009.8312,1707.5000,495.9940,0.0000,0.0000,0.0000
124.3833,19.7798,-2.5700,22017.9464,1708.5154,495.7704,0.0000,0.0000,0.0000
124.4000,19.7797,-2.5600,22025.9868,1709.5201,495.5468,0.0000,0.0000,0.0000
124.4167,19.7797,-2.5500,22033.9420,1710.5131,495.3232,0.0000,0.0000,0.0000
124.4333,19.7796,-2.5400,22041.8017,1711.4934,495.0997,0.0000,0.0000,0.0000
124.4500,19.7795,-2.5300,22049.5556,1712.4600,494.8761,0.0000,0.0000,0.0000
124.4667,19.7794,-2.5200,22057.1936,1713.4118,494.6526,0.0000,0.0000,0.0000
124.4833,19.7794,-2.5100,22064.7060,1714.3481,494.4291,0.0000,0.0000,0.0000
124.5000,19.7793,-2.5000,22072.0828,1715.2678,494.2057,0.0000,0.0000,0.0000
124.5167,19.7792,-2.4900,22079.3144,1716.1699,493.9822,0.0000,0.0000,0.0000
124.5333,19.7791,-2.4800,22086.3907,1717.0534,493.7588,0.0000,0.0000,0.0000
124.5500,19.7791,-2.4700,22093.3012,1717.9170,493.5355,0.0000,0.0000,0.0000
124.5667,19.7790,-2.4600,22100.0331,1718.7586,493.3122,0.0000,0.0000,0.0000
124.5833,19.7789,-2.4500,22106.5647,1719.5720,493.0889,0.0000,0.0000,0.0000
124.6000,19.7789,-2.4400,22112.8720,1720.3611,492.8657,0.0000,0.0000,0.0000
124.6167,19.7788,-2.4300,22118.9906,1721.1381,492.6425,0.0000,0.0000,0.0000
124.6333,19.7788,-2.4200,22124.9306,1721.9006,492.4193,0.0000,0.0000,0.0000
124.6500,19.7787,-2.4100,22130.6979,1722.6478,492.1962,0.0000,0.0000,0.0000
124.6667,19.7787,-2.4000,22134.7057,1723.1340,491.9735,0.0000,0.0000,0.0000
124.6833,19.7786,-2.3900,22138.4297,1723.6095,491.7509,0.0000,0.0000,0.0000
124.7000,19.7786,-2.3800,22141.9045,1724.0748,491.5283,0.0000,0.0000,0.0000
124.7167,19.7785,-2.3700,22145.1584,1724.5299,491.3057,0.0000,0.0000,0.0000
124.7333,19.7785,-2.3600,22148.2140,1724.9748,491.0832,0.0000,0.0000,0.0000
124.7500,19.7785,-2.3500,22151.0897,1725.4093,490.8608,0.0000,0.0000,0.0000
124.7667,19.7785,-2.3400,22153.7999,1725.8334,490.6384,0.0000,0.0000,0.0000
124.7833,19.7784,-2.3300,22156.3563,1726.2471,490.4160,0.0000,0.0000,0.0000
124.8000,19.7784,-2.3200,22158.7682,1726.6501,490.1936,0.0000,0.0000,0.0000
124.8167,19.7784,-2.3100,22161.0427,1727.0426,489.9713,0.0000,0.0000,0.0000
124.8333,19.7784,-2.3000,22163.1859,1727.4243,489.7490,0.0000,0.0000,0.0000
124.8500,19.7783,-2.2900,22165.2022,1727.7952,489.5267,0.0000,0.0000,0.0000
124.8667,19.7783,-2.2800,22167.0953,1728.1554,489.3045,0.0000,0.0000,0.0000
124.8833,19.7783,-2.2700,22168.8682,1728.5048,489.0823,0.0000,0.0000,0.0000
124.9000,19.7783,-2.2600,22170.5231,1728.8433,488.8601,0.0000,0.0000,0.0000
124.9167,19.7783,-2.2500,22172.0618,1729.1709,488.6379,0.0000,0.0000,0.0000
124.9333,19.7783,-2.2400,22173.4859,1729.4877,488.4158,0.0000,0.0000,0.0000
124.9500,19.7783,-2.2300,22174.7966,1729.7936,488.1936,0.0000,0.0000,0.0000
124.9667,19.7782,-2.2200,22175.9947,1730.0886,487.9716,0.0000,0.0000,0.0000
124.9833,19.7782,-2.2100,22177.0811,1730.3728,487.7495,0.0000,0.0000,0.0000
125.0000,19.7782,-2.2000,22178.0566,1730.6462,487.5275,0.0000,0.0000,0.0000
125.0167,19.7782,-2.2100,22181.1303,1731.6219,487.7486,0.0000,0.0000,0.0000
125.0333,19.7781,-2.2200,22185.8700,1732.5816,487.9694,0.0000,0.0000,0.0000
125.0500,19.7781,-2.2300,22191.9290,1733.5266,488.1898,0.0000,0.0000,0.0000
125.0667,19.7780,-2.2400,22199.0289,1734.4579,488.4101,0.0000,0.0000,0.0000
125.0833,19.7779,-2.2500,22206.9464,1735.3767,488.6302,0.0000,0.0000,0.0000
125.1000,19.7778,-2.2600,22215.5029,1736.2837,488.8501,0.0000,0.0000,0.0000
125.1167,19.7778,-2.2700,22224.5551,1737.1798,489.0699,0.0000,0.0000,0.0000
125.1333,19.7777,-2.2800,22233.9889,1738.0656,489.2896,0.0000,0.0000,0.0000
125.1500,19.7776,-2.2900,22243.7128,1738.9419,489.5093,0.0000,0.0000,0.0000
125.1667,19.7775,-2.3000,22253.6545,1739.8093,489.7289,0.0000,0.0000,0.0000
125.1833,19.7774,-2.3100,22263.7563,1740.6683,489.9485,0.0000,0.0000,0.0000
125.2000,19.7773,-2.3200,22273.9727,1741.5194,490.1681,0.0000,0.0000,0.0000
125.2167,19.7772,-2.3300,22284.2676,1742.3631,490.3876,0.0000,0.0000,0.0000
125.2333,19.7771,-2.3400,22294.6131,1743.2000,490.6071,0.0000,0.0000,0.0000
125.2500,19.7770,-2.3500,22304.9872,1744.0305,490.8266,0.0000,0.0000,0.0000
125.2667,19.7768,-2.3600,22315.3730,1744.8549,491.0462,0.0000,0.0000,0.0000
125.2833,19.7767,-2.3700,22325.7575,1745.6737,491.2657,0.0000,0.0000,0.0000
125.3000,19.7766,-2.3800,22336.1311,1746.4873,491.4852,0.0000,0.0000,0.0000
125.3167,19.7765,-2.3900,22346.4864,1747.2959,491.7047,0.0000,0.0000,0.0000
125.3333,19.7764,-2.4000,22356.8183,1748.1000,491.9243,0.0000,0.0000,0.0000
125.3500,19.7763,-2.4100,22367.1232,1748.8998,492.1438,0.0000,0.0000,0.0000
125.3667,19.7762,-2.4200,22377.3988,1749.6957,492.3633,0.0000,0.0000,0.0000
125.3833,19.7761,-2.4300,22387.6437,1750.4879,492.5829,0.0000,0.0000,0.0000
125.4000,19.7760,-2.4400,22397.8573,1751.2767,492.8025,0.0000,0.0000,0.0000
125.4167,19.7759,-2.4500,22408.0397,1752.0624,493.0220,0.0000,0.0000,0.0000
125.4333,19.7758,-2.4600,22418.1913,1752.8451,493.2416,0.0000,0.0000,0.0000
125.4500,19.7757,-2.4700,22428.3129,1753.6253,493.4612,0.0000,0.0000,0.0000
125.4667,19.7756,-2.4800,22438.4058,1754.4029,493.6807,0.0000,0.0000,0.0000
125.4833,19.7755,-2.4900,22448.4710,1755.1784,493.9003,0.0000,0.0000,0.0000
125.5000,19.7754,-2.5000,22458.5102,1755.9517,494.1199,0.0000,0.0000,0.0000
125.5167,19.7753,-2.5100,22468.5247,1756.7233,494.3395,0.0000,0.0000,0.0000
125.5333,19.7752,-2.5200,22478.5162,1757.4932,494.5591,0.0000,0.0000,0.0000
125.5500,19.7751,-2.5300,22488.4861,1758.2616,494.7788,0.0000,0.0000,0.0000
125.5667,19.7750,-2.5400,22498.4361,1759.0286,494.9984,0.0000,0.0000,0.0000
125.5833,19.7749,-2.5500,22508.3678,1759.7945,495.2180,0.0000,0.0000,0.0000
125.6000,19.7748,-2.5600,22518.2827,1760.5593,495.4376,0.0000,0.0000,0.0000
125.6167,19.7747,-2.5700,22528.1823,1761.3232,495.6572,0.0000,0.0000,0.0000
125.6333,19.7746,-2.5800,22538.0680,1762.0864,495.8769,0.0000,0.0000,0.0000
125.6500,19.7745,-2.5900,22547.9414,1762.8489,496.0965,0.0000,0.0000,0.0000
125.6667,19.7744,-2.6000,22557.8037,1763.6108,496.3161,0.0000,0.0000,0.0000
125.6833,19.7743,-2.6100,22567.6563,1764.3724,496.5358,0.0000,0.0000,0.0000
125.7000,19.7742,-2.6200,22577.5005,1765.1336,496.7554,0.0000,0.0000,0.0000
125.7167,19.7741,-2.6300,22587.3373,1765.8946,496.9751,0.0000,0.0000,0.0000
125.7333,19.7740,-2.6400,22597.1681,1766.6554,497.1947,0.0000,0.0000,0.0000
125.7500,19.7739,-2.6500,22606.9938,1767.4162,497.4143,0.0000,0.0000,0.0000
125.7667,19.7738,-2.6600,22616.8155,1768.1771,497.6340,0.0000,0.0000,0.0000
125.7833,19.7737,-2.6700,22626.6342,1768.9380,497.8536,0.0000,0.0000,0.0000
125.8000,19.7736,-2.6800,22636.4508,1769.6991,498.0733,0.0000,0.0000,0.0000
125.8167,19.7735,-2.6900,22646.2662,1770.4605,498.2929,0.0000,0.0000,0.0000
125.8333,19.7734,-2.7000,22656.0813,1771.2222,498.5126,0.0000,0.0000,0.0000
125.8500,19.7733,-2.7100,22665.8968,1771.9842,498.7322,0.0000,0.0000,0.0000
125.8667,19.7732,-2.7200,22675.7134,1772.7467,498.9519,0.0000,0.0000,0.0000
125.8833,19.7731,-2.7300,22685.5319,1773.5096,499.1715,0.0000,0.0000,0.0000
125.9000,19.7730,-2.7400,22695.3529,1774.2731,499.3912,0.0000,0.0000,0.0000
125.9167,19.7729,-2.7500,22705.1770,1775.0372,499.6108,0.0000,0.0000,0.0000
125.9333,19.7728,-2.7600,22715.0048,1775.8018,499.8304,0.0000,0.0000,0.0000
125.9500,19.7728,-2.7700,22724.8368,1776.5671,500.0501,0.0000,0.0000,0.0000
125.9667,19.7727,-2.7800,22734.6736,1777.3331,500.2697,0.0000,0.0000,0.0000
125.9833,19.7726,-2.7900,22744.5156,1778.0998,500.4894,0.0000,0.0000,0.0000
126.0000,19.7725,-2.8000,22754.3632,1778.8673,500.7090,0.0000,0.0000,0.0000
126.0167,19.7724,-2.8000,22763.0799,1779.2629,500.7071,3.7872,0.0000,0.0000
126.0333,19.7723,-2.8000,22770.8625,1779.6481,500.7053,7.5744,0.0000,0.0000
126.0500,19.7722,-2.8000,22777.8719,1780.0240,500.7038,11.3616,0.0000,0.0000
126.0667,19.7722,-2.8000,22784.2400,1780.3913,500.7024,15.1488,0.0000,0.0000
126.0833,19.7721,-2.8000,22790.0742,1780.7506,500.7011,18.9360,0.0000,0.0000
126.1000,19.7720,-2.8000,22795.4622,1781.1023,500.6999,22.7232,0.0000,0.0000
126.1167,19.7720,-2.8000,22800.4755,1781.4467,500.6988,26.5104,0.0000,0.0000
126.1333,19.7719,-2.8000,22805.1723,1781.7839,500.6977,30.2976,0.0000,0.0000
126.1500,19.7719,-2.8000,22809.6001,1782.1143,500.6967,34.0848,0.0000,0.0000
126.1667,19.7719,-2.8000,22813.7974,1782.4380,500.6958,37.8720,0.0000,0.0000
126.1833,19.7718,-2.8000,22817.7957,1782.7549,500.6949,41.6592,0.0000,0.0000
126.2000,19.7718,-2.8000,22821.6205,1783.0653,500.6941,45.4464,0.0000,0.0000
126.2167,19.7717,-2.8000,22825.2927,1783.3693,500.6933,49.2336,0.0000,0.0000
126.2333,19.7717,-2.8000,22828.8294,1783.6669,500.6925,53.0208,0.0000,0.0000
126.2500,19.7717,-2.8000,22832.2444,1783.9581,500.6917,56.8080,0.0000,0.0000
126.2667,19.7716,-2.8000,22835.5491,1784.2432,500.6910,60.5952,0.0000,0.0000
126.2833,19.7716,-2.8000,22838.7531,1784.5221,500.6903,64.3824,0.0000,0.0000
126.3000,19.7716,-2.8000,22841.8642,1784.7951,500.6896,68.1696,0.0000,0.0000
126.3167,19.7716,-2.8000,22844.8890,1785.0622,500.6889,71.9568,0.0000,0.0000
126.3333,19.7715,-2.8000,22847.8330,1785.3236,500.6883,75.7440,0.0000,0.0000
126.3500,19.7715,-2.8000,22850.7012,1785.5795,500.6876,79.5312,0.0000,0.0000
126.3667,19.7715,-2.8000,22853.4979,1785.8300,500.6870,83.3184,0.0000,0.0000
126.3833,19.7714,-2.8000,22856.2270,1786.0754,500.6864,87.1056,0.0000,0.0000
126.4000,19.7714,-2.8000,22858.8922,1786.3159,500.6858,90.8928,0.0000,0.0000
126.4167,19.7714,-2.8000,22861.4969,1786.5519,500.6852,94.6800,0.0000,0.0000
126.4333,19.7714,-2.8000,22864.0447,1786.7836,500.6847,98.4672,0.0000,0.0000
126.4500,19.7713,-2.8000,22866.5393,1787.0116,500.6841,102.2544,0.0000,0.0000
126.4667,19.7713,-2.8000,22868.9845,1787.2362,500.6836,106.0416,0.0000,0.0000
126.4833,19.7713,-2.8000,22871.3847,1787.4582,500.6830,109.8288,0.0000,0.0000
126.5000,19.7713,-2.8000,22873.7446,1787.6783,500.6825,113.6160,0.0000,0.0000
126.5167,19.7712,-2.8000,22876.0701,1787.8973,500.6820,117.4032,0.0000,0.0000
126.5333,19.7712,-2.8000,22878.3681,1788.1166,500.6815,121.1904,0.0000,0.0000
126.5500,19.7712,-2.8000,22880.6473,1788.3380,500.6810,124.9776,0.0000,0.0000
126.5667,19.7712,-2.8000,22882.9200,1788.5644,500.6805,128.7648,0.0000,0.0000
126.5833,19.7711,-2.8000,22885.2047,1788.8016,500.6800,132.5520,0.0000,0.0000
126.6000,19.7711,-2.8000,22887.5388,1789.0457,500.6795,136.3392,0.0000,0.0000
126.6167,19.7711,-2.8000,22889.7839,1789.2046,500.6790,140.1264,0.0000,0.0000
126.6333,19.7711,-2.8000,22891.7740,1789.3145,500.6785,143.9136,0.0000,0.0000
126.6500,19.7711,-2.8000,22893.5091,1789.3877,500.6781,147.7008,0.0000,0.0000
126.6667,19.7711,-2.8000,22894.9827,1789.4293,500.6778,151.4880,0.0000,0.0000
126.6833,19.7710,-2.8000,22896.1921,1789.4422,500.6775,155.2752,0.0000,0.0000
126.7000,19.7710,-2.8000,22897.1375,1789.4281,500.6773,159.0624,0.0000,0.0000
126.7167,19.7710,-2.8000,22897.8213,1789.3884,500.6772,162.8496,0.0000,0.0000
126.7333,19.7710,-2.8000,22898.2467,1789.3241,500.6771,166.6368,0.0000,0.0000
126.7500,19.7710,-2.8000,22898.4178,1789.2357,500.6770,170.4240,0.0000,0.0000
126.7667,19.7710,-2.8000,22898.3386,1789.1238,500.6771,174.2112,0.0000,0.0000
126.7833,19.7710,-2.8000,22898.0132,1788.9889,500.6771,177.9984,0.0000,0.0000
126.8000,19.7710,-2.8000,22897.4455,1788.8313,500.6773,181.7856,0.0000,0.0000
126.8167,19.7710,-2.8000,22896.6392,1788.6513,500.6774,185.5728,0.0000,0.0000
126.8333,19.7710,-2.8000,22895.5977,1788.4492,500.6777,189.3600,0.0000,0.0000
126.8500,19.7711,-2.8000,22894.3242,1788.2250,500.6780,193.1472,0.0000,0.0000
126.8667,19.7711,-2.8000,22892.8214,1787.9790,500.6783,196.9344,0.0000,0.0000
126.8833,19.7711,-2.8000,22891.0920,1787.7114,500.6787,200.7216,0.0000,0.0000
126.9000,19.7711,-2.8000,22889.1382,1787.4223,500.6791,204.5088,0.0000,0.0000
126.9167,19.7711,-2.8000,22886.1463,1787.0165,500.6798,208.2960,0.0000,0.0000
126.9333,19.7712,-2.8000,22882.8380,1786.5888,500.6805,212.0832,0.0000,0.0000
126.9500,19.7712,-2.8000,22879.2334,1786.1373,500.6813,215.8704,0.0000,0.0000
126.9667,19.7712,-2.8000,22875.3446,1785.6610,500.6822,219.6576,0.0000,0.0000
126.9833,19.7713,-2.8000,22871.1790,1785.1592,500.6831,223.4448,0.0000,0.0000
127.0000,19.7713,-2.8000,22866.7413,1784.6315,500.6841,227.2320,0.0000,0.0000
127.0167,19.7715,-2.7167,22848.1113,1780.8035,498.8397,250.7442,0.0000,0.0000
127.0333,19.7718,-2.6333,22818.7574,1776.7408,496.9977,274.2564,0.0000,0.0000
127.0500,19.7722,-2.5500,22780.9427,1772.4561,495.1575,297.7686,0.0000,0.0000
127.0667,19.7726,-2.4667,22736.3433,1767.9547,493.3189,321.2808,0.0000,0.0000
127.0833,19.7731,-2.3833,22686.1946,1763.2387,491.4815,344.7930,0.0000,0.0000
127.1000,19.7737,-2.3000,22631.4031,1758.3080,489.6451,368.3052,0.0000,0.0000
127.1167,19.7743,-2.2167,22572.6314,1753.1616,487.8096,391.8174,0.0000,0.0000
127.1333,19.7749,-2.1333,22510.3619,1747.7978,485.9749,415.3296,0.0000,0.0000
127.1500,19.7756,-2.0500,22444.9440,1742.2151,484.1409,438.8418,0.0000,0.0000
127.1667,19.7762,-1.9667,22376.6295,1736.4117,482.3075,462.3540,0.0000,0.0000
127.1833,19.7769,-1.8833,22305.5990,1730.3859,480.4748,485.8662,0.0000,0.0000
127.2000,19.7777,-1.8000,22231.9806,1724.1362,478.6426,509.3784,0.0000,0.0000
127.2167,19.7784,-1.7167,22155.8646,1717.6612,476.8109,532.8906,0.0000,0.0000
127.2333,19.7792,-1.6333,22077.3139,1710.9594,474.9798,556.4028,0.0000,0.0000
127.2500,19.7800,-1.5500,21996.3715,1704.0298,473.1493,579.9150,0.0000,0.0000
127.2667,19.7809,-1.4667,21913.0660,1696.8714,471.3192,603.4272,0.0000,0.0000
127.2833,19.7817,-1.3833,21827.4162,1689.4831,469.4897,626.9394,0.0000,0.0000
127.3000,19.7826,-1.3000,21739.4335,1681.8642,467.6607,650.4516,0.0000,0.0000
127.3167,19.7835,-1.2167,21649.1247,1674.0140,465.8322,673.9638,0.0000,0.0000
127.3333,19.7844,-1.1333,21556.4932,1665.9319,464.0042,697.4760,0.0000,0.0000
127.3500,19.7854,-1.0500,21461.5400,1657.6175,462.1768,720.9882,0.0000,0.0000
127.3667,19.7864,-0.9667,21364.2653,1649.0704,460.3498,744.5004,0.0000,0.0000
127.3833,19.7874,-0.8833,21264.6684,1640.2904,458.5234,768.0126,0.0000,0.0000
127.4000,19.7884,-0.8000,21162.7482,1631.2773,456.6975,791.5248,0.0000,0.0000
127.4167,19.7894,-0.7167,21058.5041,1622.0310,454.8721,815.0370,0.0000,0.0000
127.4333,19.7905,-0.6333,20951.9355,1612.5517,453.0472,838.5492,0.0000,0.0000
127.4500,19.7916,-0.5500,20843.0424,1602.8394,451.2228,862.0614,0.0000,0.0000
127.4667,19.7927,-0.4667,20731.8255,1592.8944,449.3989,885.5736,0.0000,0.0000
127.4833,19.7938,-0.3833,20618.2859,1582.7169,447.5756,909.0858,0.0000,0.0000
127.5000,19.7950,-0.3000,20502.4258,1572.3075,445.7528,932.5980,0.0000,0.0000
127.5167,19.7962,-0.2167,20384.2477,1561.6665,443.9305,956.1102,0.0000,0.0000
127.5333,19.7974,-0.1333,20263.7553,1550.7945,442.1087,979.6224,0.0000,0.0000
127.5500,19.7986,-0.0500,20140.9526,1539.6922,440.2874,1003.1346,0.0000,0.0000
127.5667,19.7998,0.0333,20015.8446,1528.3602,438.4666,1026.6468,0.0000,0.0000
127.5833,19.8011,0.1167,19888.4370,1516.7993,436.6464,1050.1590,0.0000,0.0000
127.6000,19.8024,0.2000,19758.7362,1505.0104,434.8266,1073.6712,0.0000,0.0000
127.6167,19.8037,0.2833,19626.7491,1492.9943,433.0074,1097.1834,0.0000,0.0000
127.6333,19.8051,0.3667,19492.4836,1480.7520,431.1886,1120.6956,0.0000,0.0000
127.6500,19.8064,0.4500,19355.9478,1468.2845,429.3704,1144.2078,0.0000,0.0000
127.6667,19.8078,0.5333,19217.1508,1455.5928,427.5526,1167.7200,0.0000,0.0000
127.6833,19.8092,0.6167,19076.1020,1442.6782,425.7354,1191.2322,0.0000,0.0000
127.7000,19.8107,0.7000,18932.8114,1429.5416,423.9187,1214.7444,0.0000,0.0000
127.7167,19.8121,0.7833,18787.2894,1416.1844,422.1024,1238.2566,0.0000,0.0000
127.7333,19.8136,0.8667,18639.5472,1402.6076,420.2867,1261.7688,0.0000,0.0000
127.7500,19.8151,0.9500,18489.5962,1388.8127,418.4714,1285.2810,0.0000,0.0000
127.7667,19.8166,1.0333,18337.4481,1374.8010,416.6566,1308.7932,0.0000,0.0000
127.7833,19.8182,1.1167,18183.1154,1360.5737,414.8423,1332.3054,0.0000,0.0000
127.8000,19.8197,1.2000,18026.6107,1346.1323,413.0285,1355.8176,0.0000,0.0000
127.8167,19.8213,1.2833,17867.9471,1331.4781,411.2152,1379.3298,0.0000,0.0000
127.8333,19.8229,1.3667,17707.1379,1316.6126,409.4023,1402.8420,0.0000,0.0000
127.8500,19.8246,1.4500,17544.1971,1301.5374,407.5900,1426.3542,0.0000,0.0000
127.8667,19.8262,1.5333,17379.1386,1286.2538,405.7780,1449.8664,0.0000,0.0000
127.8833,19.8279,1.6167,17211.9769,1270.7635,403.9666,1473.3786,0.0000,0.0000
127.9000,19.8296,1.7000,17042.7267,1255.0680,402.1556,1496.8908,0.0000,0.0000
127.9167,19.8313,1.7833,16871.4028,1239.1688,400.3451,1520.4030,0.0000,0.0000
127.9333,19.8330,1.8667,16698.0206,1223.0675,398.5350,1543.9152,0.0000,0.0000
127.9500,19.8348,1.9500,16522.5951,1206.7657,396.7254,1567.4274,0.0000,0.0000
127.9667,19.8365,2.0333,16345.1420,1190.2650,394.9163,1590.9396,0.0000,0.0000
127.9833,19.8383,2.1167,16165.6766,1173.5669,393.1075,1614.4518,0.0000,0.0000
128.0000,19.8402,2.2000,15984.2148,1156.6731,391.2993,1637.9640,0.0000,0.0000
128.0167,19.8420,2.2833,15801.1228,1139.7202,389.4914,1657.5312,0.0000,0.0000
128.0333,19.8438,2.3667,15616.6082,1122.6815,387.6838,1677.0984,0.0000,0.0000
128.0500,19.8457,2.4500,15430.7789,1105.5404,385.8765,1696.6656,0.0000,0.0000
128.0667,19.8476,2.5333,15243.6859,1088.2866,384.0694,1716.2328,0.0000,0.0000
128.0833,19.8494,2.6167,15055.3478,1070.9130,382.2627,1735.8000,0.0000,0.0000
128.1000,19.8513,2.7000,14865.7658,1053.4150,380.4562,1755.3672,0.0000,0.0000
128.1167,19.8533,2.7833,14674.9325,1035.7894,378.6500,1774.9344,0.0000,0.0000
128.1333,19.8552,2.8667,14482.8366,1018.0341,376.8441,1794.5016,0.0000,0.0000
128.1500,19.8571,2.9500,14289.4663,1000.1478,375.0385,1814.0688,0.0000,0.0000
128.1667,19.8591,3.0333,14094.8109,982.1297,373.2331,1833.6360,0.0000,0.0000
128.1833,19.8610,3.1167,13898.8614,963.9795,371.4281,1853.2032,0.0000,0.0000
128.2000,19.8630,3.2000,13701.6113,945.6970,369.6233,1872.7704,0.0000,0.0000
128.2167,19.8650,3.2833,13503.0562,927.2826,367.8188,1892.3376,0.0000,0.0000
128.2333,19.8670,3.3667,13303.1940,908.7366,366.0146,1911.9048,0.0000,0.0000
128.2500,19.8690,3.4500,13102.0250,890.0598,364.2107,1931.4720,0.0000,0.0000
128.2667,19.8710,3.5333,12899.5512,871.2527,362.4071,1951.0392,0.0000,0.0000
128.2833,19.8730,3.6167,12695.7763,852.3163,360.6038,1970.6064,0.0000,0.0000
128.3000,19.8751,3.7000,12490.7058,833.2516,358.8008,1990.1736,0.0000,0.0000
128.3167,19.8772,3.7833,12284.3463,814.0595,356.9980,2009.7408,0.0000,0.0000
128.3333,19.8792,3.8667,12076.7055,794.7412,355.1955,2029.3080,0.0000,0.0000
128.3500,19.8813,3.9500,11867.7924,775.2978,353.3934,2048.8752,0.0000,0.0000
128.3667,19.8834,4.0333,11657.6165,755.7306,351.5915,2068.4424,0.0000,0.0000
128.3833,19.8855,4.1167,11446.1883,736.0408,349.7898,2088.0096,0.0000,0.0000
128.4000,19.8877,4.2000,11233.5188,716.2296,347.9885,2107.5768,0.0000,0.0000
128.4167,19.8898,4.2833,11019.6194,696.2984,346.1874,2127.1440,0.0000,0.0000
128.4333,19.8920,4.3667,10804.5020,676.2484,344.3866,2146.7112,0.0000,0.0000
128.4500,19.8941,4.4500,10588.1791,656.0810,342.5861,2166.2784,0.0000,0.0000
128.4667,19.8963,4.5333,10370.6631,635.7976,340.7858,2185.8456,0.0000,0.0000
128.4833,19.8985,4.6167,10151.9668,615.3994,338.9858,2205.4128,0.0000,0.0000
128.5000,19.9007,4.7000,9932.1033,594.8879,337.1860,2224.9800,0.0000,0.0000
128.5167,19.9029,4.7833,9711.0857,574.2644,335.3865,2244.5472,0.0000,0.0000
128.5333,19.9051,4.8667,9488.9271,553.5302,333.5873,2264.1144,0.0000,0.0000
128.5500,19.9073,4.9500,9265.6409,532.6867,331.7883,2283.6816,0.0000,0.0000
128.5667,19.9096,5.0333,9041.2405,511.7352,329.9895,2303.2488,0.0000,0.0000
128.5833,19.9118,5.1167,8815.7392,490.6772,328.1910,2322.8160,0.0000,0.0000
128.6000,19.9141,5.2000,8589.1504,469.5138,326.3928,2342.3832,0.0000,0.0000
128.6167,19.9164,5.2833,8361.4876,448.2466,324.5947,2361.9504,0.0000,0.0000
128.6333,19.9187,5.3667,8132.7639,426.8768,322.7970,2381.5176,0.0000,0.0000
128.6500,19.9210,5.4500,7902.9928,405.4057,320.9994,2401.0848,0.0000,0.0000
128.6667,19.9233,5.5333,7672.1876,383.8346,319.2021,2420.6520,0.0000,0.0000
128.6833,19.9256,5.6167,7440.3613,362.1649,317.4050,2440.2192,0.0000,0.0000
128.7000,19.9279,5.7000,7207.5272,340.3978,315.6081,2459.7864,0.0000,0.0000
128.7167,19.9303,5.7833,6973.6983,318.5347,313.8114,2479.3536,0.0000,0.0000
128.7333,19.9326,5.8667,6738.8876,296.5768,312.0150,2498.9208,0.0000,0.0000
128.7500,19.9350,5.9500,6503.1079,274.5253,310.2188,2518.4880,0.0000,0.0000
128.7667,19.9373,6.0333,6266.3722,252.3816,308.4228,2538.0552,0.0000,0.0000
128.7833,19.9397,6.1167,6028.6930,230.1469,306.6270,2557.6224,0.0000,0.0000
128.8000,19.9421,6.2000,5790.0831,207.8225,304.8314,2577.1896,0.0000,0.0000
128.8167,19.9445,6.2833,5550.5548,185.4095,303.0360,2596.7568,0.0000,0.0000
128.8333,19.9469,6.3667,5310.1208,162.9091,301.2408,2616.3240,0.0000,0.0000
128.8500,19.9493,6.4500,5068.7932,140.3226,299.4458,2635.8912,0.0000,0.0000
128.8667,19.9517,6.5333,4826.5843,117.6512,297.6510,2655.4584,0.0000,0.0000
128.8833,19.9542,6.6167,4583.5061,94.8961,295.8564,2675.0256,0.0000,0.0000
128.9000,19.9566,6.7000,4339.5708,72.0584,294.0620,2694.5928,0.0000,0.0000
128.9167,19.9591,6.7833,4094.7901,49.1393,292.2677,2714.1600,0.0000,0.0000
128.9333,19.9615,6.8667,3849.1759,26.1399,290.4737,2733.7272,0.0000,0.0000
128.9500,19.9640,6.9500,3602.7398,3.0614,288.6798,2753.2944,0.0000,0.0000
128.9667,19.9664,7.0333,3355.4934,-20.0951,286.8862,2772.8616,0.0000,0.0000
128.9833,19.9689,7.1167,3107.4483,-43.3284,285.0927,2792.4288,0.0000,0.0000
129.0000,19.9714,7.2000,2858.6156,-66.6375,283.2993,2811.9960,0.0000,0.0000
129.0167,19.9738,7.2367,2616.3127,-88.3043,282.5397,2829.9852,0.0000,0.0000
129.0333,19.9762,7.2733,2378.6903,-110.0131,281.7791,2847.9744,0.0000,0.0000
129.0500,19.9786,7.3100,2144.3874,-131.7654,281.0177,2865.9636,0.0000,0.0000
129.0667,19.9809,7.3467,1912.4058,-153.5610,280.2558,2883.9528,0.0000,0.0000
129.0833,19.9832,7.3833,1682.0153,-175.3989,279.4936,2901.9420,0.0000,0.0000
129.1000,19.9855,7.4200,1452.6839,-197.2777,278.7311,2919.9312,0.0000,0.0000
129.1167,19.9878,7.4567,1224.0254,-219.1957,277.9685,2937.9204,0.0000,0.0000
129.1333,19.9900,7.4933,995.7608,-241.1513,277.2057,2955.9096,0.0000,0.0000
129.1500,19.9923,7.5300,767.6901,-263.1427,276.4430,2973.8988,0.0000,0.0000
129.1667,19.9946,7.5667,539.6709,-285.1683,275.6802,2991.8880,0.0000,0.0000
129.1833,19.9969,7.6033,311.6030,-307.2264,274.9175,3009.8772,0.0000,0.0000
129.2000,19.9992,7.6400,83.4174,-329.3154,274.1547,3027.8664,0.0000,0.0000
129.2167,20.0020,7.6767,0.0000,-351.1890,273.4034,3045.8556,0.0000,0.0000
129.2333,20.0056,7.7133,0.0000,-372.6961,272.6708,3063.8448,0.0000,0.0000
129.2500,20.0100,7.7500,0.0000,-393.8673,271.9559,3081.8340,0.0000,0.0000
129.2667,20.0153,7.7867,0.0000,-414.7160,271.2585,3099.8232,0.0000,0.0000
129.2833,20.0213,7.8233,0.0000,-435.2541,270.5784,3117.8124,0.0000,0.0000
129.3000,20.0280,7.8600,0.0000,-455.4924,269.9152,3135.8016,0.0000,0.0000
129.3167,20.0356,7.8967,0.0000,-475.4412,269.2687,3153.7908,0.0000,0.0000
129.3333,20.0438,7.9333,0.0000,-495.1097,268.6386,3171.7800,0.0000,0.0000
129.3500,20.0528,7.9700,0.0000,-514.5068,268.0248,3189.7692,0.0000,0.0000
129.3667,20.0625,8.0067,0.0000,-533.6410,267.4270,3207.7584,0.0000,0.0000
129.3833,20.0730,8.0433,0.0000,-552.5200,266.8449,3225.7476,0.0000,0.0000
129.4000,20.0841,8.0800,0.0000,-571.1514,266.2785,3243.7368,0.0000,0.0000
129.4167,20.0959,8.1167,0.0000,-589.5423,265.7274,3261.7260,0.0000,0.0000
129.4333,20.1084,8.1533,0.0000,-607.6997,265.1914,3279.7152,0.0000,0.0000
129.4500,20.1216,8.1900,0.0000,-625.6299,264.6704,3297.7044,0.0000,0.0000
129.4667,20.1355,8.2267,0.0000,-643.3393,264.1642,3315.6936,0.0000,0.0000
129.4833,20.1500,8.2633,0.0000,-660.8339,263.6726,3333.6828,0.0000,0.0000
129.5000,20.1651,8.3000,0.0000,-678.1195,263.1954,3351.6720,0.0000,0.0000
129.5167,20.1809,8.3367,0.0000,-695.2015,262.7324,3369.6612,0.0000,0.0000
129.5333,20.1973,8.3733,0.0000,-712.0854,262.2835,3387.6504,0.0000,0.0000
129.5500,20.2144,8.4100,0.0000,-728.7764,261.8484,3405.6396,0.0000,0.0000
129.5667,20.2321,8.4467,0.0000,-745.2793,261.4271,3423.6288,0.0000,0.0000
129.5833,20.2503,8.4833,0.0000,-761.5990,261.0194,3441.6180,0.0000,0.0000
129.6000,20.2692,8.5200,0.0000,-777.7402,260.6250,3459.6072,0.0000,0.0000
129.6167,20.2887,8.5567,0.0000,-793.7073,260.2439,3477.5964,0.0000,0.0000
129.6333,20.3088,8.5933,0.0000,-809.5047,259.8759,3495.5856,0.0000,0.0000
129.6500,20.3295,8.6300,0.0000,-825.1366,259.5209,3513.5748,0.0000,0.0000
129.6667,20.3507,8.6667,0.0000,-840.6071,259.1787,3531.5640,0.0000,0.0000
129.6833,20.3725,8.7033,0.0000,-855.9200,258.8492,3549.5532,0.0000,0.0000
129.7000,20.3949,8.7400,0.0000,-871.0793,258.5323,3567.5424,0.0000,0.0000
129.7167,20.4178,8.7767,0.0000,-886.0886,258.2277,3585.5316,0.0000,0.0000
129.7333,20.4413,8.8133,0.0000,-900.9515,257.9355,3603.5208,0.0000,0.0000
129.7500,20.4654,8.8500,0.0000,-915.6715,257.6554,3621.5100,0.0000,0.0000
129.7667,20.4899,8.8867,0.0000,-930.2520,257.3874,3639.4992,0.0000,0.0000
129.7833,20.5151,8.9233,0.0000,-944.6963,257.1313,3657.4884,0.0000,0.0000
129.8000,20.5407,8.9600,0.0000,-959.0075,256.8869,3675.4776,0.0000,0.0000
129.8167,20.5669,8.9967,0.0000,-973.1888,256.6543,3693.4668,0.0000,0.0000
129.8333,20.5936,9.0333,0.0000,-987.2431,256.4333,3711.4560,0.0000,0.0000
129.8500,20.6208,9.0700,0.0000,-1001.1734,256.2237,3729.4452,0.0000,0.0000
129.8667,20.6485,9.1067,0.0000,-1014.9826,256.0254,3747.4344,0.0000,0.0000
129.8833,20.6768,9.1433,0.0000,-1028.6733,255.8385,3765.4236,0.0000,0.0000
129.9000,20.7055,9.1800,0.0000,-1042.2483,255.6626,3783.4128,0.0000,0.0000
129.9167,20.7348,9.2167,0.0000,-1055.7101,255.4979,3801.4020,0.0000,0.0000
129.9333,20.7645,9.2533,0.0000,-1069.0613,255.3440,3819.3912,0.0000,0.0000
129.9500,20.7947,9.2900,0.0000,-1082.3044,255.2011,3837.3804,0.0000,0.0000
129.9667,20.8254,9.3267,0.0000,-1095.4418,255.0689,3855.3696,0.0000,0.0000
129.9833,20.8566,9.3633,0.0000,-1108.4757,254.9473,3873.3588,0.0000,0.0000
130.0000,20.8883,9.4000,0.0000,-1121.4085,254.8364,3891.3480,0.0000,0.0000
130.0167,20.9204,9.4200,0.0000,-1133.1877,255.1045,3900.0270,0.0000,0.0000
130.0333,20.9529,9.4400,0.0000,-1144.5310,255.3815,3908.7060,0.0000,0.0000
130.0500,20.9857,9.4600,0.0000,-1155.5155,255.6673,3917.3850,0.0000,0.0000
130.0667,21.0190,9.4800,0.0000,-1166.1944,255.9614,3926.0640,0.0000,0.0000
130.0833,21.0526,9.5000,0.0000,-1176.6061,256.2638,3934.7430,0.0000,0.0000
130.1000,21.0866,9.5200,0.0000,-1186.7796,256.5742,3943.4220,0.0000,0.0000
130.1167,21.1210,9.5400,0.0000,-1196.7375,256.8924,3952.1010,0.0000,0.0000
130.1333,21.1557,9.5600,0.0000,-1206.4978,257.2182,3960.7800,0.0000,0.0000
130.1500,21.1907,9.5800,0.0000,-1216.0752,257.5515,3969.4590,0.0000,0.0000
130.1667,21.2260,9.6000,0.0000,-1225.4820,257.8922,3978.1380,0.0000,0.0000
130.1833,21.2617,9.6200,0.0000,-1234.7285,258.2401,3986.8170,0.0000,0.0000
130.2000,21.2977,9.6400,0.0000,-1243.8237,258.5951,3995.4960,0.0000,0.0000
130.2167,21.3340,9.6600,0.0000,-1252.7751,258.9571,4004.1750,0.0000,0.0000
130.2333,21.3707,9.6800,0.0000,-1261.5896,259.3259,4012.8540,0.0000,0.0000
130.2500,21.4076,9.7000,0.0000,-1270.2730,259.7015,4021.5330,0.0000,0.0000
130.2667,21.4448,9.7200,0.0000,-1278.8305,260.0837,4030.2120,0.0000,0.0000
130.2833,21.4824,9.7400,0.0000,-1287.2668,260.4724,4038.8910,0.0000,0.0000
130.3000,21.5202,9.7600,0.0000,-1295.5863,260.8675,4047.5700,0.0000,0.0000
130.3167,21.5583,9.7800,0.0000,-1303.7927,261.2690,4056.2490,0.0000,0.0000
130.3333,21.5966,9.8000,0.0000,-1311.8895,261.6767,4064.9280,0.0000,0.0000
130.3500,21.6353,9.8200,0.0000,-1319.8800,262.0905,4073.6070,0.0000,0.0000
130.3667,21.6742,9.8400,0.0000,-1327.7672,262.5104,4082.2860,0.0000,0.0000
130.3833,21.7134,9.8600,0.0000,-1335.5539,262.9363,4090.9650,0.0000,0.0000
130.4000,21.7529,9.8800,0.0000,-1343.2428,263.3681,4099.6440,0.0000,0.0000
130.4167,21.7926,9.9000,0.0000,-1350.8362,263.8056,4108.3230,0.0000,0.0000
130.4333,21.8326,9.9200,0.0000,-1358.3365,264.2489,4117.0020,0.0000,0.0000
130.4500,21.8728,9.9400,0.0000,-1365.7460,264.6979,4125.6810,0.0000,0.0000
130.4667,21.9133,9.9600,0.0000,-1373.0668,265.1524,4134.3600,0.0000,0.0000
130.4833,21.9541,9.9800,0.0000,-1380.3008,265.6124,4143.0390,0.0000,0.0000
130.5000,21.9950,10.0000,0.0000,-1387.4501,266.0778,4151.7180,0.0000,0.0000
130.5167,22.0363,10.0200,0.0000,-1394.5165,266.5485,4160.3970,0.0000,0.0000
130.5333,22.0777,10.0400,0.0000,-1401.5017,267.0246,4169.0760,0.0000,0.0000
130.5500,22.1194,10.0600,0.0000,-1408.4076,267.5058,4177.7550,0.0000,0.0000
130.5667,22.1614,10.0800,0.0000,-1415.2358,267.9922,4186.4340,0.0000,0.0000
130.5833,22.2035,10.1000,0.0000,-1421.9880,268.4837,4195.1130,0.0000,0.0000
130.6000,22.2459,10.1200,0.0000,-1428.6658,268.9802,4203.7920,0.0000,0.0000
130.6167,22.2885,10.1400,0.0000,-1435.2707,269.4816,4212.4710,0.0000,0.0000
130.6333,22.3313,10.1600,0.0000,-1441.8042,269.9879,4221.1500,0.0000,0.0000
130.6500,22.3744,10.1800,0.0000,-1448.2678,270.4991,4229.8290,0.0000,0.0000
130.6667,22.4176,10.2000,0.0000,-1454.6630,271.0150,4238.5080,0.0000,0.0000
130.6833,22.4611,10.2200,0.0000,-1460.9911,271.5356,4247.1870,0.0000,0.0000
130.7000,22.5048,10.2400,0.0000,-1467.2536,272.0609,4255.8660,0.0000,0.0000
130.7167,22.5487,10.2600,0.0000,-1473.4518,272.5908,4264.5450,0.0000,0.0000
130.7333,22.5928,10.2800,0.0000,-1479.5870,273.1252,4273.2240,0.0000,0.0000
130.7500,22.6370,10.3000,0.0000,-1485.6605,273.6641,4281.9030,0.0000,0.0000
130.7667,22.6815,10.3200,0.0000,-1491.6735,274.2074,4290.5820,0.0000,0.0000
130.7833,22.7262,10.3400,0.0000,-1497.6274,274.7552,4299.2610,0.0000,0.0000
130.8000,22.7711,10.3600,0.0000,-1503.5233,275.3072,4307.9400,0.0000,0.0000
130.8167,22.8162,10.3800,0.0000,-1509.3624,275.8636,4316.6190,0.0000,0.0000
130.8333,22.8615,10.4000,0.0000,-1515.1459,276.4242,4325.2980,0.0000,0.0000
130.8500,22.9069,10.4200,0.0000,-1520.8749,276.9889,4333.9770,0.0000,0.0000
130.8667,22.9526,10.4400,0.0000,-1526.5506,277.5578,4342.6560,0.0000,0.0000
130.8833,22.9984,10.4600,0.0000,-1532.1740,278.1308,4351.3350,0.0000,0.0000
130.9000,23.0444,10.4800,0.0000,-1537.7462,278.7079,4360.0140,0.0000,0.0000
130.9167,23.0906,10.5000,0.0000,-1543.2682,279.2889,4368.6930,0.0000,0.0000
130.9333,23.1370,10.5200,0.0000,-1548.7411,279.8740,4377.3720,0.0000,0.0000
130.9500,23.1835,10.5400,0.0000,-1554.1660,280.4629,4386.0510,0.0000,0.0000
130.9667,23.2303,10.5600,0.0000,-1559.5437,281.0557,4394.7300,0.0000,0.0000
130.9833,23.2772,10.5800,0.0000,-1564.8752,281.6524,4403.4090,0.0000,0.0000
131.0000,23.3242,10.6000,0.0000,-1570.1616,282.2529,4412.0880,0.0000,0.0000
131.0167,23.3715,10.6367,0.0000,-1575.7401,282.4880,4416.1908,0.0000,0.0000
131.0333,23.4190,10.6733,0.0000,-1581.0745,282.7272,4420.2936,0.0000,0.0000
131.0500,23.4666,10.7100,0.0000,-1586.2070,282.9704,4424.3964,0.0000,0.0000
131.0667,23.5144,10.7467,0.0000,-1591.1672,283.2174,4428.4992,0.0000,0.0000
131.0833,23.5624,10.7833,0.0000,-1595.9767,283.4682,4432.6020,0.0000,0.0000
131.1000,23.6105,10.8200,0.0000,-1600.6521,283.7225,4436.7048,0.0000,0.0000
131.1167,23.6588,10.8567,0.0000,-1605.2066,283.9803,4440.8076,0.0000,0.0000
131.1333,23.7072,10.8933,0.0000,-1609.6508,284.2415,4444.9104,0.0000,0.0000
131.1500,23.7558,10.9300,0.0000,-1613.9939,284.5060,4449.0132,0.0000,0.0000
131.1667,23.8045,10.9667,0.0000,-1618.2433,284.7737,4453.1160,0.0000,0.0000
131.1833,23.8534,11.0033,0.0000,-1622.4057,285.0446,4457.2188,0.0000,0.0000
131.2000,23.9024,11.0400,0.0000,-1626.4865,285.3186,4461.3216,0.0000,0.0000
131.2167,23.9516,11.0767,0.0000,-1630.4909,285.5955,4465.4244,0.0000,0.0000
131.2333,24.0009,11.1133,0.0000,-1634.4231,285.8755,4469.5272,0.0000,0.0000
131.2500,24.0503,11.1500,0.0000,-1638.2871,286.1584,4473.6300,0.0000,0.0000
131.2667,24.0998,11.1867,0.0000,-1642.0862,286.4441,4477.7328,0.0000,0.0000
131.2833,24.1495,11.2233,0.0000,-1645.8238,286.7326,4481.8356,0.0000,0.0000
131.3000,24.1993,11.2600,0.0000,-1649.5024,287.0239,4485.9384,0.0000,0.0000
131.3167,24.2492,11.2967,0.0000,-1653.1248,287.3178,4490.0412,0.0000,0.0000
131.3333,24.2993,11.3333,0.0000,-1656.6933,287.6144,4494.1440,0.0000,0.0000
131.3500,24.3494,11.3700,0.0000,-1660.2099,287.9136,4498.2468,0.0000,0.0000
131.3667,24.3997,11.4067,0.0000,-1663.6767,288.2154,4502.3496,0.0000,0.0000
131.3833,24.4501,11.4433,0.0000,-1667.0954,288.5197,4506.4524,0.0000,0.0000
131.4000,24.5006,11.4800,0.0000,-1670.4678,288.8265,4510.5552,0.0000,0.0000
131.4167,24.5512,11.5167,0.0000,-1673.7955,289.1358,4514.6580,0.0000,0.0000
131.4333,24.6019,11.5533,0.0000,-1677.0798,289.4474,4518.7608,0.0000,0.0000
131.4500,24.6527,11.5900,0.0000,-1680.3222,289.7615,4522.8636,0.0000,0.0000
131.4667,24.7037,11.6267,0.0000,-1683.5240,290.0779,4526.9664,0.0000,0.0000
131.4833,24.7547,11.6633,0.0000,-1686.6863,290.3965,4531.0692,0.0000,0.0000
131.5000,24.8058,11.7000,0.0000,-1689.8104,290.7175,4535.1720,0.0000,0.0000
131.5167,24.8571,11.7367,0.0000,-1692.8973,291.0407,4539.2748,0.0000,0.0000
131.5333,24.9084,11.7733,0.0000,-1695.9480,291.3661,4543.3776,0.0000,0.0000
131.5500,24.9598,11.8100,0.0000,-1698.9636,291.6937,4547.4804,0.0000,0.0000
131.5667,25.0114,11.8467,0.0000,-1701.9449,292.0234,4551.5832,0.0000,0.0000
131.5833,25.0630,11.8833,0.0000,-1704.8929,292.3553,4555.6860,0.0000,0.0000
131.6000,25.1147,11.9200,0.0000,-1707.8085,292.6892,4559.7888,0.0000,0.0000
131.6167,25.1665,11.9567,0.0000,-1710.6924,293.0252,4563.8916,0.0000,0.0000
131.6333,25.2184,11.9933,0.0000,-1713.5454,293.3633,4567.9944,0.0000,0.0000
131.6500,25.2704,12.0300,0.0000,-1716.3683,293.7033,4572.0972,0.0000,0.0000
131.6667,25.3225,12.0667,0.0000,-1719.1618,294.0454,4576.2000,0.0000,0.0000
131.6833,25.3747,12.1033,0.0000,-1721.9266,294.3894,4580.3028,0.0000,0.0000
131.7000,25.4270,12.1400,0.0000,-1724.6635,294.7354,4584.4056,0.0000,0.0000
131.7167,25.4793,12.1767,0.0000,-1727.3729,295.0833,4588.5084,0.0000,0.0000
131.7333,25.5317,12.2133,0.0000,-1730.0557,295.4330,4592.6112,0.0000,0.0000
131.7500,25.5843,12.2500,0.0000,-1732.7123,295.7847,4596.7140,0.0000,0.0000
131.7667,25.6369,12.2867,0.0000,-1735.3434,296.1381,4600.8168,0.0000,0.0000
131.7833,25.6896,12.3233,0.0000,-1737.9495,296.4934,4604.9196,0.0000,0.0000
131.8000,25.7423,12.3600,0.0000,-1740.5313,296.8506,4609.0224,0.0000,0.0000
131.8167,25.7952,12.3967,0.0000,-1743.0891,297.2095,4613.1252,0.0000,0.0000
131.8333,25.8481,12.4333,0.0000,-1745.6236,297.5701,4617.2280,0.0000,0.0000
131.8500,25.9011,12.4700,0.0000,-1748.1352,297.9325,4621.3308,0.0000,0.0000
131.8667,25.9542,12.5067,0.0000,-1750.6245,298.2966,4625.4336,0.0000,0.0000
131.8833,26.0073,12.5433,0.0000,-1753.0918,298.6625,4629.5364,0.0000,0.0000
131.9000,26.0606,12.5800,0.0000,-1755.5378,299.0300,4633.6392,0.0000,0.0000
131.9167,26.1139,12.6167,0.0000,-1757.9627,299.3992,4637.7420,0.0000,0.0000
131.9333,26.1673,12.6533,0.0000,-1760.3671,299.7700,4641.8448,0.0000,0.0000
131.9500,26.2207,12.6900,0.0000,-1762.7514,300.1425,4645.9476,0.0000,0.0000
131.9667,26.2742,12.7267,0.0000,-1765.1160,300.5165,4650.0504,0.0000,0.0000
131.9833,26.3279,12.7633,0.0000,-1767.4612,300.8922,4654.1532,0.0000,0.0000
132.0000,26.3815,12.8000,0.0000,-1769.7875,301.2695,4658.2560,0.0000,0.0000
132.0167,26.4351,12.7817,0.0000,-1769.4451,302.8652,4649.1036,0.0000,0.0000
132.0333,26.4886,12.7633,0.0000,-1768.5971,304.4589,4639.9512,0.0000,0.0000
132.0500,26.5421,12.7450,0.0000,-1767.3619,306.0504,4630.7988,0.0000,0.0000
132.0667,26.5954,12.7267,0.0000,-1765.8194,307.6393,4621.6464,0.0000,0.0000
132.0833,26.6485,12.7083,0.0000,-1764.0261,309.2255,4612.4940,0.0000,0.0000
132.1000,26.7016,12.6900,0.0000,-1762.0233,310.8088,4603.3416,0.0000,0.0000
132.1167,26.7545,12.6717,0.0000,-1759.8420,312.3890,4594.1892,0.0000,0.0000
132.1333,26.8072,12.6533,0.0000,-1757.5063,313.9661,4585.0368,0.0000,0.0000
132.1500,26.8599,12.6350,0.0000,-1755.0348,315.5399,4575.8844,0.0000,0.0000
132.1667,26.9123,12.6167,0.0000,-1752.4426,317.1103,4566.7320,0.0000,0.0000
132.1833,26.9646,12.5983,0.0000,-1749.7417,318.6773,4557.5796,0.0000,0.0000
132.2000,27.0123,12.5800,-1230.3504,-1749.3571,320.1417,4548.4272,0.0000,0.0000
132.2167,27.0471,12.5617,-4713.9145,-1755.6186,321.3211,4539.2748,0.0000,0.0000
132.2333,27.0730,12.5433,-7297.2504,-1766.2241,322.3008,4530.1224,0.0000,0.0000
132.2500,27.0923,12.5250,-9227.6846,-1779.7185,323.1357,4520.9700,0.0000,0.0000
132.2667,27.1068,12.5067,-10683.9826,-1795.0786,323.8654,4511.8176,0.0000,0.0000
132.2833,27.1180,12.4883,-11795.4089,-1811.5853,324.5186,4502.6652,0.0000,0.0000
132.3000,27.1266,12.4700,-12655.4766,-1828.7343,325.1161,4493.5128,0.0000,0.0000
132.3167,27.1333,12.4517,-13331.8681,-1846.1732,325.6728,4484.3604,0.0000,0.0000
132.3333,27.1387,12.4333,-13873.5987,-1863.6575,326.1997,4475.2080,0.0000,0.0000
132.3500,27.1432,12.4150,-14316.1885,-1881.0190,326.7045,4466.0556,0.0000,0.0000
132.3667,27.1469,12.3967,-14685.3984,-1898.1434,327.1931,4456.9032,0.0000,0.0000
132.3833,27.1500,12.3783,-14999.9292,-1914.9547,327.6695,4447.7508,0.0000,0.0000
132.4000,27.1527,12.3600,-15273.3726,-1931.4034,328.1369,4438.5984,0.0000,0.0000
132.4167,27.1552,12.3417,-15515.6210,-1947.4590,328.5973,4429.4460,0.0000,0.0000
132.4333,27.1573,12.3233,-15733.8870,-1963.1041,329.0524,4420.2936,0.0000,0.0000
132.4500,27.1593,12.3050,-15933.4410,-1978.3303,329.5033,4411.1412,0.0000,0.0000
132.4667,27.1612,12.2867,-16118.1445,-1993.1353,329.9509,4401.9888,0.0000,0.0000
132.4833,27.1629,12.2683,-16290.8365,-2007.5211,330.3959,4392.8364,0.0000,0.0000
132.5000,27.1645,12.2500,-16453.6125,-2021.4923,330.8387,4383.6840,0.0000,0.0000
132.5167,27.1661,12.2317,-16608.0265,-2035.0551,331.2796,4374.5316,0.0000,0.0000
132.5333,27.1676,12.2133,-16755.2378,-2048.2167,331.7190,4365.3792,0.0000,0.0000
132.5500,27.1690,12.1950,-16896.1178,-2060.9846,332.1569,4356.2268,0.0000,0.0000
132.5667,27.1703,12.1767,-17031.3272,-2073.3670,332.5936,4347.0744,0.0000,0.0000
132.5833,27.1716,12.1583,-17161.3730,-2085.3722,333.0291,4337.9220,0.0000,0.0000
132.6000,27.1729,12.1400,-17286.6496,-2097.0085,333.4636,4328.7696,0.0000,0.0000
132.6167,27.1741,12.1217,-17407.4682,-2108.2843,333.8970,4319.6172,0.0000,0.0000
132.6333,27.1752,12.1033,-17524.0790,-2119.2077,334.3296,4310.4648,0.0000,0.0000
132.6500,27.1764,12.0850,-17636.6869,-2129.7866,334.7612,4301.3124,0.0000,0.0000
132.6667,27.1775,12.0667,-17745.4629,-2140.0290,335.1920,4292.1600,0.0000,0.0000
132.6833,27.1785,12.0483,-17850.5524,-2149.9422,335.6220,4283.0076,0.0000,0.0000
132.7000,27.1795,12.0300,-17952.0815,-2159.5337,336.0512,4273.8552,0.0000,0.0000
132.7167,27.1805,12.0117,-18050.1615,-2168.8103,336.4796,4264.7028,0.0000,0.0000
132.7333,27.1814,11.9933,-18144.8921,-2177.7789,336.9073,4255.5504,0.0000,0.0000
132.7500,27.1824,11.9750,-18236.3637,-2186.4461,337.3343,4246.3980,0.0000,0.0000
132.7667,27.1832,11.9567,-18324.6596,-2194.8181,337.7606,4237.2456,0.0000,0.0000
132.7833,27.1841,11.9383,-18409.8572,-2202.9012,338.1861,4228.0932,0.0000,0.0000
132.8000,27.1849,11.9200,-18492.0289,-2210.7011,338.6110,4218.9408,0.0000,0.0000
132.8167,27.1857,11.9017,-18571.2430,-2218.2235,339.0353,4209.7884,0.0000,0.0000
132.8333,27.1865,11.8833,-18647.5644,-2225.4741,339.4589,4200.6360,0.0000,0.0000
132.8500,27.1872,11.8650,-18721.0547,-2232.4582,339.8819,4191.4836,0.0000,0.0000
132.8667,27.1879,11.8467,-18791.7733,-2239.1809,340.3042,4182.3312,0.0000,0.0000
132.8833,27.1886,11.8283,-18859.7768,-2245.6473,340.7260,4173.1788,0.0000,0.0000
132.9000,27.1893,11.8100,-18925.1199,-2251.8623,341.1472,4164.0264,0.0000,0.0000
132.9167,27.1899,11.7917,-18987.8553,-2257.8306,341.5678,4154.8740,0.0000,0.0000
132.9333,27.1905,11.7733,-19048.0339,-2263.5568,341.9878,4145.7216,0.0000,0.0000
132.9500,27.1911,11.7550,-19105.7050,-2269.0454,342.4072,4136.5692,0.0000,0.0000
132.9667,27.1916,11.7367,-19160.9164,-2274.3008,342.8262,4127.4168,0.0000,0.0000
132.9833,27.1921,11.7183,-19213.7145,-2279.3273,343.2446,4118.2644,0.0000,0.0000
133.0000,27.1926,11.7000,-19264.1442,-2284.1289,343.6624,4109.1120,0.0000,0.0000
133.0167,27.1931,11.7000,-19313.6230,-2288.8087,343.6734,4090.3338,0.0000,0.0000
133.0333,27.1936,11.7000,-19360.7027,-2292.8507,343.6838,4071.5556,0.0000,0.0000
133.0500,27.1940,11.7000,-19404.5714,-2296.3486,343.6936,4052.7774,0.0000,0.0000
133.0667,27.1944,11.7000,-19444.8054,-2299.3664,343.7025,4033.9992,0.0000,0.0000
133.0833,27.1948,11.7000,-19481.2174,-2301.9504,343.7106,4015.2210,0.0000,0.0000
133.1000,27.1951,11.7000,-19513.7631,-2304.1353,343.7178,3996.4428,0.0000,0.0000
133.1167,27.1954,11.7000,-19542.4825,-2305.9484,343.7242,3977.6646,0.0000,0.0000
133.1333,27.1957,11.7000,-19567.4638,-2307.4117,343.7297,3958.8864,0.0000,0.0000
133.1500,27.1959,11.7000,-19587.2476,-2308.4718,343.7341,3940.1082,0.0000,0.0000
133.1667,27.1960,11.7000,-19603.9103,-2309.1886,343.7378,3921.3300,0.0000,0.0000
133.1833,27.1962,11.7000,-19617.4409,-2309.5890,343.7408,3902.5518,0.0000,0.0000
133.2000,27.1963,11.7000,-19627.8812,-2309.6927,343.7431,3883.7736,0.0000,0.0000
133.2167,27.1964,11.7000,-19635.3016,-2309.5155,343.7448,3864.9954,0.0000,0.0000
133.2333,27.1964,11.7000,-19639.7867,-2309.0701,343.7457,3846.2172,0.0000,0.0000
133.2500,27.1964,11.7000,-19641.4268,-2308.3672,343.7461,3827.4390,0.0000,0.0000
133.2667,27.1964,11.7000,-19640.3127,-2307.4159,343.7459,3808.6608,0.0000,0.0000
133.2833,27.1964,11.7000,-19636.5327,-2306.2243,343.7450,3789.8826,0.0000,0.0000
133.3000,27.1963,11.7000,-19630.1709,-2304.7997,343.7436,3771.1044,0.0000,0.0000
133.3167,27.1962,11.7000,-19621.3069,-2303.1485,343.7416,3752.3262,0.0000,0.0000
133.3333,27.1961,11.7000,-19610.0150,-2301.2766,343.7391,3733.5480,0.0000,0.0000
133.3500,27.1960,11.7000,-19596.3646,-2299.1894,343.7361,3714.7698,0.0000,0.0000
133.3667,27.1958,11.7000,-19580.4202,-2296.8920,343.7326,3695.9916,0.0000,0.0000
133.3833,27.1956,11.7000,-19562.2421,-2294.3891,343.7285,3677.2134,0.0000,0.0000
133.4000,27.1954,11.7000,-19541.8862,-2291.6850,343.7240,3658.4352,0.0000,0.0000
133.4167,27.1952,11.7000,-19519.4051,-2288.7838,343.7190,3639.6570,0.0000,0.0000
133.4333,27.1949,11.7000,-19494.8478,-2285.6896,343.7136,3620.8788,0.0000,0.0000
133.4500,27.1947,11.7000,-19468.2602,-2282.4058,343.7077,3602.1006,0.0000,0.0000
133.4667,27.1944,11.7000,-19439.6858,-2278.9362,343.7014,3583.3224,0.0000,0.0000
133.4833,27.1941,11.7000,-19409.1655,-2275.2840,343.6946,3564.5442,0.0000,0.0000
133.5000,27.1938,11.7000,-19376.7380,-2271.4524,343.6874,3545.7660,0.0000,0.0000
133.5167,27.1934,11.7000,-19342.4403,-2267.4447,343.6798,3526.9878,0.0000,0.0000
133.5333,27.1931,11.7000,-19306.3074,-2263.2637,343.6718,3508.2096,0.0000,0.0000
133.5500,27.1927,11.7000,-19268.3728,-2258.9124,343.6634,3489.4314,0.0000,0.0000
133.5667,27.1923,11.7000,-19228.6688,-2254.3936,343.6546,3470.6532,0.0000,0.0000
133.5833,27.1919,11.7000,-19187.2262,-2249.7099,343.6454,3451.8750,0.0000,0.0000
133.6000,27.1914,11.7000,-19144.0747,-2244.8640,343.6358,3433.0968,0.0000,0.0000
133.6167,27.1910,11.7000,-19099.2429,-2239.8584,343.6258,3414.3186,0.0000,0.0000
133.6333,27.1905,11.7000,-19052.7587,-2234.6957,343.6155,3395.5404,0.0000,0.0000
133.6500,27.1900,11.7000,-19004.6488,-2229.3782,343.6049,3376.7622,0.0000,0.0000
133.6667,27.1895,11.7000,-18954.9393,-2223.9084,343.5938,3357.9840,0.0000,0.0000
133.6833,27.1890,11.7000,-18903.6554,-2218.2884,343.5825,3339.2058,0.0000,0.0000
133.7000,27.1885,11.7000,-18850.8218,-2212.5207,343.5707,3320.4276,0.0000,0.0000
133.7167,27.1880,11.7000,-18796.4624,-2206.6074,343.5587,3301.6494,0.0000,0.0000
133.7333,27.1874,11.7000,-18740.6006,-2200.5506,343.5463,3282.8712,0.0000,0.0000
133.7500,27.1868,11.7000,-18683.2592,-2194.3524,343.5336,3264.0930,0.0000,0.0000
133.7667,27.1862,11.7000,-18624.4605,-2188.0150,343.5205,3245.3148,0.0000,0.0000
133.7833,27.1856,11.7000,-18564.2262,-2181.5404,343.5072,3226.5366,0.0000,0.0000
133.8000,27.1850,11.7000,-18502.5777,-2174.9306,343.4935,3207.7584,0.0000,0.0000
133.8167,27.1844,11.7000,-18439.5358,-2168.1874,343.4795,3188.9802,0.0000,0.0000
133.8333,27.1838,11.7000,-18375.1210,-2161.3129,343.4652,3170.2020,0.0000,0.0000
133.8500,27.1831,11.7000,-18309.3533,-2154.3089,343.4506,3151.4238,0.0000,0.0000
133.8667,27.1824,11.7000,-18242.2524,-2147.1773,343.4357,3132.6456,0.0000,0.0000
133.8833,27.1817,11.7000,-18173.8375,-2139.9199,343.4206,3113.8674,0.0000,0.0000
133.9000,27.1810,11.7000,-18104.1277,-2132.5384,343.4051,3095.0892,0.0000,0.0000
133.9167,27.1803,11.7000,-18033.1413,-2125.0347,343.3894,3076.3110,0.0000,0.0000
133.9333,27.1796,11.7000,-17960.8968,-2117.4105,343.3733,3057.5328,0.0000,0.0000
133.9500,27.1789,11.7000,-17887.4121,-2109.6675,343.3570,3038.7546,0.0000,0.0000
133.9667,27.1781,11.7000,-17812.7047,-2101.8073,343.3405,3019.9764,0.0000,0.0000
133.9833,27.1774,11.7000,-17736.7921,-2093.8316,343.3236,3001.1982,0.0000,0.0000
134.0000,27.1766,11.7000,-17659.6913,-2085.7420,343.3065,2982.4200,0.0000,0.0000
134.0167,27.1758,11.6717,-17576.7375,-2076.2770,343.9166,2958.5922,0.0000,0.0000
134.0333,27.1749,11.6433,-17488.6430,-2066.5137,344.5256,2934.7644,0.0000,0.0000
134.0500,27.1740,11.6150,-17396.0369,-2056.4896,345.1335,2910.9366,0.0000,0.0000
134.0667,27.1730,11.5867,-17299.4572,-2046.2306,345.7406,2887.1088,0.0000,0.0000
134.0833,27.1720,11.5583,-17199.3546,-2035.7553,346.3469,2863.2810,0.0000,0.0000
134.1000,27.1710,11.5300,-17096.1026,-2025.0778,346.9525,2839.4532,0.0000,0.0000
134.1167,27.1699,11.5017,-16990.0089,-2014.2088,347.5575,2815.6254,0.0000,0.0000
134.1333,27.1687,11.4733,-16871.9771,-2002.5154,348.1598,2791.7976,0.0000,0.0000
134.1500,27.1675,11.4450,-16752.3153,-1990.6981,348.7617,2767.9698,0.0000,0.0000
134.1667,27.1663,11.4167,-16631.1006,-1978.7463,349.3633,2744.1420,0.0000,0.0000
134.1833,27.1651,11.3883,-16508.3757,-1966.6548,349.9646,2720.3142,0.0000,0.0000
134.2000,27.1638,11.3600,-16384.1651,-1954.4211,350.5656,2696.4864,0.0000,0.0000
134.2167,27.1626,11.3317,-16258.4851,-1942.0446,351.1662,2672.6586,0.0000,0.0000
134.2333,27.1613,11.3033,-16131.3480,-1929.5255,351.7665,2648.8308,0.0000,0.0000
134.2500,27.1600,11.2750,-16002.7656,-1916.8649,352.3664,2625.0030,0.0000,0.0000
134.2667,27.1587,11.2467,-15872.7501,-1904.0639,352.9661,2601.1752,0.0000,0.0000
134.2833,27.1574,11.2183,-15741.3142,-1891.1242,353.5655,2577.3474,0.0000,0.0000
134.3000,27.1561,11.1900,-15608.4715,-1878.0473,354.1645,2553.5196,0.0000,0.0000
134.3167,27.1547,11.1617,-15474.2362,-1864.8348,354.7632,2529.6918,0.0000,0.0000
134.3333,27.1534,11.1333,-15338.6228,-1851.4882,355.3616,2505.8640,0.0000,0.0000
134.3500,27.1520,11.1050,-15201.6463,-1838.0092,355.9597,2482.0362,0.0000,0.0000
134.3667,27.1506,11.0767,-15063.3216,-1824.3992,356.5575,2458.2084,0.0000,0.0000
134.3833,27.1492,11.0483,-14923.6636,-1810.6597,357.1551,2434.3806,0.0000,0.0000
134.4000,27.1478,11.0200,-14782.6874,-1796.7923,357.7523,2410.5528,0.0000,0.0000
134.4167,27.1464,10.9917,-14640.4079,-1782.7985,358.3492,2386.7250,0.0000,0.0000
134.4333,27.1450,10.9633,-14496.8402,-1768.6797,358.9459,2362.8972,0.0000,0.0000
134.4500,27.1435,10.9350,-14351.9992,-1754.4375,359.5423,2339.0694,0.0000,0.0000
134.4667,27.1421,10.9067,-14205.8997,-1740.0733,360.1383,2315.2416,0.0000,0.0000
134.4833,27.1406,10.8783,-14058.5567,-1725.5886,360.7342,2291.4138,0.0000,0.0000
134.5000,27.1391,10.8500,-13909.9851,-1710.9849,361.3297,2267.5860,0.0000,0.0000
134.5167,27.1376,10.8217,-13760.1994,-1696.2636,361.9250,2243.7582,0.0000,0.0000
134.5333,27.1361,10.7933,-13609.2136,-1681.4259,362.5200,2219.9304,0.0000,0.0000
134.5500,27.1346,10.7650,-13457.0410,-1666.4730,363.1147,2196.1026,0.0000,0.0000
134.5667,27.1330,10.7367,-13303.6944,-1651.4060,363.7092,2172.2748,0.0000,0.0000
134.5833,27.1315,10.7083,-13149.1867,-1636.2261,364.3034,2148.4470,0.0000,0.0000
134.6000,27.1299,10.6800,-12993.5305,-1620.9348,364.8974,2124.6192,0.0000,0.0000
134.6167,27.1284,10.6517,-12836.7392,-1605.5333,365.4911,2100.7914,0.0000,0.0000
134.6333,27.1268,10.6233,-12678.8262,-1590.0232,366.0846,2076.9636,0.0000,0.0000
134.6500,27.1252,10.5950,-12519.8058,-1574.4061,366.6778,2053.1358,0.0000,0.0000
134.6667,27.1236,10.5667,-12359.6923,-1558.6834,367.2708,2029.3080,0.0000,0.0000
134.6833,27.1220,10.5383,-12198.5006,-1542.8568,367.8635,2005.4802,0.0000,0.0000
134.7000,27.1204,10.5100,-12036.2458,-1526.9279,368.4560,1981.6524,0.0000,0.0000
134.7167,27.1187,10.4817,-11872.9433,-1510.8982,369.0483,1957.8246,0.0000,0.0000
134.7333,27.1171,10.4533,-11708.6083,-1494.7693,369.6404,1933.9968,0.0000,0.0000
134.7500,27.1154,10.4250,-11543.2565,-1478.5429,370.2322,1910.1690,0.0000,0.0000
134.7667,27.1138,10.3967,-11376.9032,-1462.2203,370.8238,1886.3412,0.0000,0.0000
134.7833,27.1121,10.3683,-11209.5637,-1445.8032,371.4152,1862.5134,0.0000,0.0000
134.8000,27.1104,10.3400,-11041.2526,-1429.2928,372.0063,1838.6856,0.0000,0.0000
134.8167,27.1087,10.3117,-10871.9823,-1412.6896,372.5973,1814.8578,0.0000,0.0000
134.8333,27.1070,10.2833,-10701.7631,-1395.9943,373.1880,1791.0300,0.0000,0.0000
134.8500,27.1053,10.2550,-10530.6038,-1379.2071,373.7785,1767.2022,0.0000,0.0000
134.8667,27.1036,10.2267,-10358.5123,-1362.3287,374.3689,1743.3744,0.0000,0.0000
134.8833,27.1019,10.1983,-10185.4963,-1345.3598,374.9590,1719.5466,0.0000,0.0000
134.9000,27.1001,10.1700,-10011.5643,-1328.3015,375.5489,1695.7188,0.0000,0.0000
134.9167,27.0984,10.1417,-9836.7260,-1311.1551,376.1386,1671.8910,0.0000,0.0000
134.9333,27.0966,10.1133,-9660.9921,-1293.9218,376.7281,1648.0632,0.0000,0.0000
134.9500,27.0948,10.0850,-9484.3745,-1276.6034,377.3175,1624.2354,0.0000,0.0000
134.9667,27.0931,10.0567,-9306.8861,-1259.2012,377.9066,1600.4076,0.0000,0.0000
134.9833,27.0913,10.0283,-9128.5407,-1241.7170,378.4955,1576.5798,0.0000,0.0000
135.0000,27.0895,10.0000,-8949.3528,-1224.1525,379.0843,1552.7520,0.0000,0.0000
135.0167,27.0876,9.9167,-8761.2041,-1204.6691,380.8911,1530.8178,0.0000,0.0000
135.0333,27.0857,9.8333,-8566.5478,-1185.2108,382.6964,1508.8836,0.0000,0.0000
135.0500,27.0837,9.7500,-8367.1205,-1165.7538,384.5007,1486.9494,0.0000,0.0000
135.0667,27.0816,9.6667,-8164.1527,-1146.2817,386.3042,1465.0152,0.0000,0.0000
135.0833,27.0796,9.5833,-7958.5162,-1126.7828,388.1071,1443.0810,0.0000,0.0000
135.1000,27.0775,9.5000,-7750.8277,-1107.2485,389.9096,1421.1468,0.0000,0.0000
135.1167,27.0754,9.4167,-7541.5224,-1087.6723,391.7117,1399.2126,0.0000,0.0000
135.1333,27.0733,9.3333,-7330.9064,-1068.0493,393.5135,1377.2784,0.0000,0.0000
135.1500,27.0712,9.2500,-7119.1936,-1048.3753,395.3150,1355.3442,0.0000,0.0000
135.1667,27.0691,9.1667,-6906.5326,-1028.6474,397.1164,1333.4100,0.0000,0.0000
135.1833,27.0669,9.0833,-6693.0259,-1008.8630,398.9175,1311.4758,0.0000,0.0000
135.2000,27.0648,9.0000,-6478.7434,-989.0200,400.7185,1289.5416,0.0000,0.0000
135.2167,27.0626,8.9167,-6263.7321,-969.1170,402.5194,1267.6074,0.0000,0.0000
135.2333,27.0605,8.8333,-6048.0231,-949.1527,404.3200,1245.6732,0.0000,0.0000
135.2500,27.0583,8.7500,-5831.6367,-929.1260,406.1206,1223.7390,0.0000,0.0000
135.2667,27.0561,8.6667,-5614.5856,-909.0362,407.9209,1201.8048,0.0000,0.0000
135.2833,27.0540,8.5833,-5396.8778,-888.8829,409.7212,1179.8706,0.0000,0.0000
135.3000,27.0518,8.5000,-5178.5182,-868.6655,411.5213,1157.9364,0.0000,0.0000
135.3167,27.0496,8.4167,-4959.5096,-848.3838,413.3212,1136.0022,0.0000,0.0000
135.3333,27.0474,8.3333,-4739.8540,-828.0379,415.1210,1114.0680,0.0000,0.0000
135.3500,27.0452,8.2500,-4519.5528,-807.6276,416.9207,1092.1338,0.0000,0.0000
135.3667,27.0430,8.1667,-4298.6073,-787.1532,418.7202,1070.1996,0.0000,0.0000
135.3833,27.0408,8.0833,-4077.0192,-766.6147,420.5196,1048.2654,0.0000,0.0000
135.4000,27.0385,8.0000,-3854.7904,-746.0127,422.3188,1026.3312,0.0000,0.0000
135.4167,27.0363,7.9167,-3631.9233,-725.3473,424.1179,1004.3970,0.0000,0.0000
135.4333,27.0341,7.8333,-3408.4208,-704.6191,425.9168,982.4628,0.0000,0.0000
135.4500,27.0318,7.7500,-3184.2866,-683.8285,427.7156,960.5286,0.0000,0.0000
135.4667,27.0296,7.6667,-2959.5246,-662.9762,429.5143,938.5944,0.0000,0.0000
135.4833,27.0273,7.5833,-2734.1395,-642.0626,431.3128,916.6602,0.0000,0.0000
135.5000,27.0251,7.5000,-2508.1364,-621.0886,433.1112,894.7260,0.0000,0.0000
135.5167,27.0228,7.4167,-2281.5208,-600.0548,434.9095,872.7918,0.0000,0.0000
135.5333,27.0205,7.3333,-2054.2989,-578.9619,436.7076,850.8576,0.0000,0.0000
135.5500,27.0183,7.2500,-1826.4772,-557.8107,438.5056,828.9234,0.0000,0.0000
135.5667,27.0160,7.1667,-1598.0626,-536.6020,440.3034,806.9892,0.0000,0.0000
135.5833,27.0137,7.0833,-1369.0623,-515.3366,442.1012,785.0550,0.0000,0.0000
135.6000,27.0114,7.0000,-1139.4840,-494.0154,443.8988,763.1208,0.0000,0.0000
135.6167,27.0091,6.9167,-909.3356,-472.6393,445.6962,741.1866,0.0000,0.0000
135.6333,27.0068,6.8333,-678.6253,-451.2092,447.4936,719.2524,0.0000,0.0000
135.6500,27.0045,6.7500,-447.3616,-429.7260,449.2908,697.3182,0.0000,0.0000
135.6667,27.0022,6.6667,-215.5531,-408.1906,451.0879,675.3840,0.0000,0.0000
135.6833,26.9998,6.5833,0.0000,-386.6039,452.8849,653.4498,0.0000,0.0000
135.7000,26.9966,6.5000,0.0000,-365.4114,454.6614,631.5156,0.0000,0.0000
135.7167,26.9925,6.4167,0.0000,-344.5505,456.4195,609.5814,0.0000,0.0000
135.7333,26.9876,6.3333,0.0000,-324.0049,458.1596,587.6472,0.0000,0.0000
135.7500,26.9819,6.2500,0.0000,-303.7601,459.8818,565.7130,0.0000,0.0000
135.7667,26.9754,6.1667,0.0000,-283.8030,461.5865,543.7788,0.0000,0.0000
135.7833,26.9682,6.0833,0.0000,-264.1214,463.2738,521.8446,0.0000,0.0000
135.8000,26.9601,6.0000,0.0000,-244.7042,464.9440,499.9104,0.0000,0.0000
135.8167,26.9513,5.9167,0.0000,-225.5410,466.5974,477.9762,0.0000,0.0000
135.8333,26.9418,5.8333,0.0000,-206.6222,468.2341,456.0420,0.0000,0.0000
135.8500,26.9315,5.7500,0.0000,-187.9385,469.8543,434.1078,0.0000,0.0000
135.8667,26.9205,5.6667,0.0000,-169.4814,471.4583,412.1736,0.0000,0.0000
135.8833,26.9087,5.5833,0.0000,-151.2427,473.0461,390.2394,0.0000,0.0000
135.9000,26.8963,5.5000,0.0000,-133.2149,474.6181,368.3052,0.0000,0.0000
135.9167,26.8831,5.4167,0.0000,-115.3906,476.1744,346.3710,0.0000,0.0000
135.9333,26.8692,5.3333,0.0000,-97.7629,477.7151,324.4368,0.0000,0.0000
135.9500,26.8546,5.2500,0.0000,-80.3254,479.2405,302.5026,0.0000,0.0000
135.9667,26.8394,5.1667,0.0000,-63.0717,480.7506,280.5684,0.0000,0.0000
135.9833,26.8234,5.0833,0.0000,-45.9960,482.2456,258.6342,0.0000,0.0000
136.0000,26.8068,5.0000,0.0000,-29.0926,483.7258,236.7000,0.0000,0.0000
136.0167,26.7897,4.9900,0.0000,-15.7506,483.5686,232.7550,0.0000,0.0000
136.0333,26.7722,4.9800,0.0000,-3.1208,483.4012,228.8100,0.0000,0.0000
136.0500,26.7542,4.9700,0.0000,8.9336,483.2242,224.8650,0.0000,0.0000
136.0667,26.7358,4.9600,0.0000,20.5065,483.0379,220.9200,0.0000,0.0000
136.0833,26.7170,4.9500,0.0000,31.6652,482.8428,216.9750,0.0000,0.0000
136.1000,26.6978,4.9400,0.0000,42.4597,482.6391,213.0300,0.0000,0.0000
136.1167,26.6783,4.9300,0.0000,52.9286,482.4270,209.0850,0.0000,0.0000
136.1333,26.6584,4.9200,0.0000,63.1021,482.2069,205.1400,0.0000,0.0000
136.1500,26.6381,4.9100,0.0000,73.0046,481.9789,201.1950,0.0000,0.0000
136.1667,26.6175,4.9000,0.0000,82.6561,481.7433,197.2500,0.0000,0.0000
136.1833,26.5965,4.8900,0.0000,92.0733,481.5003,193.3050,0.0000,0.0000
136.2000,26.5752,4.8800,0.0000,101.2702,481.2499,189.3600,0.0000,0.0000
136.2167,26.5536,4.8700,0.0000,110.2587,480.9925,185.4150,0.0000,0.0000
136.2333,26.5317,4.8600,0.0000,119.0491,480.7282,181.4700,0.0000,0.0000
136.2500,26.5090,4.8500,0.0000,127.7924,480.4474,177.5250,0.0000,0.0000
136.2667,26.4865,4.8400,0.0000,136.2082,480.1696,173.5800,0.0000,0.0000
136.2833,26.4637,4.8300,0.0000,144.4483,479.8854,169.6350,0.0000,0.0000
136.3000,26.4406,4.8200,0.0000,152.5182,479.5948,165.6900,0.0000,0.0000
136.3167,26.4172,4.8100,0.0000,160.4233,479.2981,161.7450,0.0000,0.0000
136.3333,26.3936,4.8000,0.0000,168.1680,478.9954,157.8000,0.0000,0.0000
136.3500,26.3697,4.7900,0.0000,175.7568,478.6867,153.8550,0.0000,0.0000
136.3667,26.3455,4.7800,0.0000,183.1937,478.3723,149.9100,0.0000,0.0000
136.3833,26.3211,4.7700,0.0000,190.4827,478.0522,145.9650,0.0000,0.0000
136.4000,26.2964,4.7600,0.0000,197.6274,477.7266,142.0200,0.0000,0.0000
136.4167,26.2715,4.7500,0.0000,204.6316,477.3956,138.0750,0.0000,0.0000
136.4333,26.2463,4.7400,0.0000,211.4985,477.0592,134.1300,0.0000,0.0000
136.4500,26.2209,4.7300,0.0000,218.2317,476.7177,130.1850,0.0000,0.0000
136.4667,26.1953,4.7200,0.0000,224.8343,476.3711,126.2400,0.0000,0.0000
136.4833,26.1694,4.7100,0.0000,231.3093,476.0196,122.2950,0.0000,0.0000
136.5000,26.1434,4.7000,0.0000,237.6599,475.6632,118.3500,0.0000,0.0000
136.5167,26.1171,4.6900,0.0000,243.8889,475.3020,114.4050,0.0000,0.0000
136.5333,26.0906,4.6800,0.0000,249.9991,474.9362,110.4600,0.0000,0.0000
136.5500,26.0639,4.6700,0.0000,255.9934,474.5658,106.5150,0.0000,0.0000
136.5667,26.0370,4.6600,0.0000,261.8744,474.1909,102.5700,0.0000,0.0000
136.5833,26.0099,4.6500,0.0000,267.6447,473.8117,98.6250,0.0000,0.0000
136.6000,25.9826,4.6400,0.0000,273.3069,473.4282,94.6800,0.0000,0.0000
136.6167,25.9551,4.6300,0.0000,278.8634,473.0405,90.7350,0.0000,0.0000
136.6333,25.9275,4.6200,0.0000,284.3169,472.6487,86.7900,0.0000,0.0000
136.6500,25.8996,4.6100,0.0000,289.6695,472.2528,82.8450,0.0000,0.0000
136.6667,25.8716,4.6000,0.0000,294.9237,471.8531,78.9000,0.0000,0.0000
136.6833,25.8434,4.5900,0.0000,300.0817,471.4494,74.9550,0.0000,0.0000
136.7000,25.8150,4.5800,0.0000,305.1458,471.0420,71.0100,0.0000,0.0000
136.7167,25.7865,4.5700,0.0000,310.1181,470.6309,67.0650,0.0000,0.0000
136.7333,25.7578,4.5600,0.0000,315.0009,470.2162,63.1200,0.0000,0.0000
136.7500,25.7290,4.5500,0.0000,319.7962,469.7979,59.1750,0.0000,0.0000
136.7667,25.6999,4.5400,0.0000,324.5060,469.3762,55.2300,0.0000,0.0000
136.7833,25.6708,4.5300,0.0000,329.1324,468.9510,51.2850,0.0000,0.0000
136.8000,25.6415,4.5200,0.0000,333.6773,468.5225,47.3400,0.0000,0.0000
136.8167,25.6120,4.5100,0.0000,338.1426,468.0908,43.3950,0.0000,0.0000
136.8333,25.5824,4.5000,0.0000,342.5303,467.6558,39.4500,0.0000,0.0000
136.8500,25.5526,4.4900,0.0000,346.8421,467.2177,35.5050,0.0000,0.0000
136.8667,25.5227,4.4800,0.0000,351.0799,466.7765,31.5600,0.0000,0.0000
136.8833,25.4927,4.4700,0.0000,355.2455,466.3322,27.6150,0.0000,0.0000
136.9000,25.4626,4.4600,0.0000,359.3404,465.8851,23.6700,0.0000,0.0000
136.9167,25.4323,4.4500,0.0000,363.3665,465.4350,19.7250,0.0000,0.0000
136.9333,25.4019,4.4400,0.0000,367.3253,464.9821,15.7800,0.0000,0.0000
136.9500,25.3713,4.4300,0.0000,371.2185,464.5264,11.8350,0.0000,0.0000
136.9667,25.3406,4.4200,0.0000,375.0476,464.0679,7.8900,0.0000,0.0000
136.9833,25.3099,4.4100,0.0000,378.8142,463.6068,3.9450,0.0000,0.0000
137.0000,25.2789,4.4000,0.0000,382.5197,463.1430,0.0000,0.0000,0.0000
137.0167,25.2479,4.3550,0.0000,387.2278,463.4516,0.0000,0.0000,0.0000
137.0333,25.2166,4.3100,0.0000,391.7223,463.7563,0.0000,0.0000,0.0000
137.0500,25.1852,4.2650,0.0000,396.0331,464.0572,0.0000,0.0000,0.0000
137.0667,25.1536,4.2200,0.0000,400.1817,464.3545,0.0000,0.0000,0.0000
137.0833,25.1218,4.1750,0.0000,404.1847,464.6483,0.0000,0.0000,0.0000
137.1000,25.0899,4.1300,0.0000,408.0554,464.9388,0.0000,0.0000,0.0000
137.1167,25.0578,4.0850,0.0000,411.8050,465.2259,0.0000,0.0000,0.0000
137.1333,25.0256,4.0400,0.0000,415.4428,465.5099,0.0000,0.0000,0.0000
137.1500,24.9933,3.9950,0.0000,418.9769,465.7908,0.0000,0.0000,0.0000
137.1667,24.9608,3.9500,0.0000,422.4149,466.0687,0.0000,0.0000,0.0000
137.1833,24.9282,3.9050,0.0000,425.7634,466.3437,0.0000,0.0000,0.0000
137.2000,24.8955,3.8600,0.0000,429.0287,466.6157,0.0000,0.0000,0.0000
137.2167,24.8626,3.8150,0.0000,432.2164,466.8850,0.0000,0.0000,0.0000
137.2333,24.8297,3.7700,0.0000,435.3315,467.1515,0.0000,0.0000,0.0000
137.2500,24.7965,3.7250,0.0000,438.3783,467.4154,0.0000,0.0000,0.0000
137.2667,24.7633,3.6800,0.0000,441.3609,467.6766,0.0000,0.0000,0.0000
137.2833,24.7300,3.6350,0.0000,444.2826,467.9352,0.0000,0.0000,0.0000
137.3000,24.6965,3.5900,0.0000,447.1466,468.1913,0.0000,0.0000,0.0000
137.3167,24.6630,3.5450,0.0000,449.9555,468.4450,0.0000,0.0000,0.0000
137.3333,24.6293,3.5000,0.0000,452.7118,468.6961,0.0000,0.0000,0.0000
137.3500,24.5955,3.4550,0.0000,455.4179,468.9449,0.0000,0.0000,0.0000
137.3667,24.5616,3.4100,0.0000,458.0757,469.1913,0.0000,0.0000,0.0000
137.3833,24.5276,3.3650,0.0000,460.6871,469.4355,0.0000,0.0000,0.0000
137.4000,24.4935,3.3200,0.0000,463.2540,469.6773,0.0000,0.0000,0.0000
137.4167,24.4593,3.2750,0.0000,465.7780,469.9169,0.0000,0.0000,0.0000
137.4333,24.4250,3.2300,0.0000,468.2606,470.1543,0.0000,0.0000,0.0000
137.4500,24.3906,3.1850,0.0000,470.7032,470.3895,0.0000,0.0000,0.0000
137.4667,24.3561,3.1400,0.0000,473.1071,470.6226,0.0000,0.0000,0.0000
137.4833,24.3215,3.0950,0.0000,475.4737,470.8535,0.0000,0.0000,0.0000
137.5000,24.2869,3.0500,0.0000,477.8041,471.0824,0.0000,0.0000,0.0000
137.5167,24.2521,3.0050,0.0000,480.0993,471.3093,0.0000,0.0000,0.0000
137.5333,24.2172,2.9600,0.0000,482.3605,471.5341,0.0000,0.0000,0.0000
137.5500,24.1823,2.9150,0.0000,484.5886,471.7569,0.0000,0.0000,0.0000
137.5667,24.1472,2.8700,0.0000,486.7846,471.9778,0.0000,0.0000,0.0000
137.5833,24.1121,2.8250,0.0000,488.9494,472.1968,0.0000,0.0000,0.0000
137.6000,24.0769,2.7800,0.0000,491.0837,472.4138,0.0000,0.0000,0.0000
137.6167,24.0416,2.7350,0.0000,493.1884,472.6290,0.0000,0.0000,0.0000
137.6333,24.0062,2.6900,0.0000,495.2642,472.8423,0.0000,0.0000,0.0000
137.6500,23.9707,2.6450,0.0000,497.3119,473.0538,0.0000,0.0000,0.0000
137.6667,23.9352,2.6000,0.0000,499.3321,473.2634,0.0000,0.0000,0.0000
137.6833,23.8996,2.5550,0.0000,501.3255,473.4713,0.0000,0.0000,0.0000
137.7000,23.8638,2.5100,0.0000,503.2927,473.6774,0.0000,0.0000,0.0000
137.7167,23.8281,2.4650,0.0000,505.2342,473.8818,0.0000,0.0000,0.0000
137.7333,23.7922,2.4200,0.0000,507.1507,474.0845,0.0000,0.0000,0.0000
137.7500,23.7563,2.3750,0.0000,509.0427,474.2854,0.0000,0.0000,0.0000
137.7667,23.7202,2.3300,0.0000,510.9107,474.4847,0.0000,0.0000,0.0000
137.7833,23.6841,2.2850,0.0000,512.7552,474.6823,0.0000,0.0000,0.0000
137.8000,23.6480,2.2400,0.0000,514.5766,474.8783,0.0000,0.0000,0.0000
137.8167,23.6117,2.1950,0.0000,516.3754,475.0727,0.0000,0.0000,0.0000
137.8333,23.5754,2.1500,0.0000,518.1527,475.2655,0.0000,0.0000,0.0000
137.8500,23.5391,2.1050,0.0000,519.9102,475.4567,0.0000,0.0000,0.0000
137.8667,23.5026,2.0600,0.0000,521.6502,475.6463,0.0000,0.0000,0.0000
137.8833,23.4661,2.0150,0.0000,523.3750,475.8344,0.0000,0.0000,0.0000
137.9000,23.4295,1.9700,0.0000,525.0863,476.0210,0.0000,0.0000,0.0000
137.9167,23.3928,1.9250,0.0000,526.7855,476.2060,0.0000,0.0000,0.0000
137.9333,23.3561,1.8800,0.0000,528.4735,476.3895,0.0000,0.0000,0.0000
137.9500,23.3193,1.8350,0.0000,530.1506,476.5715,0.0000,0.0000,0.0000
137.9667,23.2824,1.7900,0.0000,531.8170,476.7520,0.0000,0.0000,0.0000
137.9833,23.2455,1.7450,0.0000,533.4724,476.9310,0.0000,0.0000,0.0000
138.0000,23.2085,1.7000,0.0000,535.1166,477.1085,0.0000,0.0000,0.0000
138.0167,23.1716,1.7083,0.0000,534.8771,476.1040,0.0000,0.0000,0.0000
138.0333,23.1347,1.7167,0.0000,534.6708,475.1004,0.0000,0.0000,0.0000
138.0500,23.0978,1.7250,0.0000,534.4941,474.0979,0.0000,0.0000,0.0000
138.0667,23.0610,1.7333,0.0000,534.3436,473.0962,0.0000,0.0000,0.0000
138.0833,23.0242,1.7417,0.0000,534.2155,472.0955,0.0000,0.0000,0.0000
138.1000,22.9875,1.7500,0.0000,534.1060,471.0957,0.0000,0.0000,0.0000
138.1167,22.9508,1.7583,0.0000,534.0110,470.0967,0.0000,0.0000,0.0000
138.1333,22.9141,1.7667,0.0000,533.9268,469.0986,0.0000,0.0000,0.0000
138.1500,22.8775,1.7750,0.0000,533.8498,468.1014,0.0000,0.0000,0.0000
138.1667,22.8409,1.7833,0.0000,533.7764,467.1051,0.0000,0.0000,0.0000
138.1833,22.8044,1.7917,0.0000,533.7036,466.1097,0.0000,0.0000,0.0000
138.2000,22.7678,1.8000,0.0000,533.6282,465.1151,0.0000,0.0000,0.0000
138.2167,22.7314,1.8083,0.0000,533.5475,464.1213,0.0000,0.0000,0.0000
138.2333,22.6950,1.8167,0.0000,533.4591,463.1285,0.0000,0.0000,0.0000
138.2500,22.6586,1.8250,0.0000,533.3607,462.1365,0.0000,0.0000,0.0000
138.2667,22.6222,1.8333,0.0000,533.2502,461.1455,0.0000,0.0000,0.0000
138.2833,22.5859,1.8417,0.0000,533.1258,460.1553,0.0000,0.0000,0.0000
138.3000,22.5497,1.8500,0.0000,532.9859,459.1661,0.0000,0.0000,0.0000
138.3167,22.5134,1.8583,0.0000,532.8291,458.1777,0.0000,0.0000,0.0000
138.3333,22.4773,1.8667,0.0000,532.6540,457.1904,0.0000,0.0000,0.0000
138.3500,22.4411,1.8750,0.0000,532.4597,456.2039,0.0000,0.0000,0.0000
138.3667,22.4050,1.8833,0.0000,532.2450,455.2185,0.0000,0.0000,0.0000
138.3833,22.3690,1.8917,0.0000,532.0093,454.2340,0.0000,0.0000,0.0000
138.4000,22.3330,1.9000,0.0000,531.7519,453.2506,0.0000,0.0000,0.0000
138.4167,22.2970,1.9083,0.0000,531.4721,452.2681,0.0000,0.0000,0.0000
138.4333,22.2611,1.9167,0.0000,531.1695,451.2867,0.0000,0.0000,0.0000
138.4500,22.2253,1.9250,0.0000,530.8438,450.3064,0.0000,0.0000,0.0000
138.4667,22.1894,1.9333,0.0000,530.4947,449.3272,0.0000,0.0000,0.0000
138.4833,22.1537,1.9417,0.0000,530.1220,448.3490,0.0000,0.0000,0.0000
138.5000,22.1180,1.9500,0.0000,529.7257,447.3719,0.0000,0.0000,0.0000
138.5167,22.0823,1.9583,0.0000,529.3056,446.3960,0.0000,0.0000,0.0000
138.5333,22.0467,1.9667,0.0000,528.8618,445.4213,0.0000,0.0000,0.0000
138.5500,22.0111,1.9750,0.0000,528.3945,444.4477,0.0000,0.0000,0.0000
138.5667,21.9756,1.9833,0.0000,527.9036,443.4752,0.0000,0.0000,0.0000
138.5833,21.9402,1.9917,0.0000,527.3895,442.5040,0.0000,0.0000,0.0000
138.6000,21.9048,2.0000,0.0000,526.8523,441.5340,0.0000,0.0000,0.0000
138.6167,21.8695,2.0083,0.0000,526.2923,440.5653,0.0000,0.0000,0.0000
138.6333,21.8342,2.0167,0.0000,525.7098,439.5978,0.0000,0.0000,0.0000
138.6500,21.7989,2.0250,0.0000,525.1051,438.6316,0.0000,0.0000,0.0000
138.6667,21.7638,2.0333,0.0000,524.4786,437.6667,0.0000,0.0000,0.0000
138.6833,21.7287,2.0417,0.0000,523.8306,436.7030,0.0000,0.0000,0.0000
138.7000,21.6936,2.0500,0.0000,523.1615,435.7407,0.0000,0.0000,0.0000
138.7167,21.6586,2.0583,0.0000,522.4717,434.7798,0.0000,0.0000,0.0000
138.7333,21.6237,2.0667,0.0000,521.7617,433.8202,0.0000,0.0000,0.0000
138.7500,21.5888,2.0750,0.0000,521.0318,432.8619,0.0000,0.0000,0.0000
138.7667,21.5540,2.0833,0.0000,520.2825,431.9051,0.0000,0.0000,0.0000
138.7833,21.5193,2.0917,0.0000,519.5143,430.9496,0.0000,0.0000,0.0000
138.8000,21.4846,2.1000,0.0000,518.7275,429.9955,0.0000,0.0000,0.0000
138.8167,21.4500,2.1083,0.0000,517.9227,429.0429,0.0000,0.0000,0.0000
138.8333,21.4155,2.1167,0.0000,517.1003,428.0917,0.0000,0.0000,0.0000
138.8500,21.3810,2.1250,0.0000,516.2607,427.1420,0.0000,0.0000,0.0000
138.8667,21.3466,2.1333,0.0000,515.4045,426.1937,0.0000,0.0000,0.0000
138.8833,21.3122,2.1417,0.0000,514.5320,425.2469,0.0000,0.0000,0.0000
138.9000,21.2779,2.1500,0.0000,513.6437,424.3016,0.0000,0.0000,0.0000
138.9167,21.2437,2.1583,0.0000,512.7401,423.3578,0.0000,0.0000,0.0000
138.9333,21.2096,2.1667,0.0000,511.8216,422.4155,0.0000,0.0000,0.0000
138.9500,21.1755,2.1750,0.0000,510.8886,421.4747,0.0000,0.0000,0.0000
138.9667,21.1415,2.1833,0.0000,509.9416,420.5354,0.0000,0.0000,0.0000
138.9833,21.1075,2.1917,0.0000,508.9810,419.5977,0.0000,0.0000,0.0000
139.0000,21.0737,2.2000,0.0000,508.0071,418.6615,0.0000,0.0000,0.0000
139.0167,21.0421,2.2100,0.0000,507.0080,417.7386,0.0000,0.0000,0.0000
139.0333,21.0105,2.2200,0.0000,505.9997,416.8171,0.0000,0.0000,0.0000
139.0500,20.9791,2.2300,0.0000,504.9824,415.8971,0.0000,0.0000,0.0000
139.0667,20.9476,2.2400,0.0000,503.9567,414.9786,0.0000,0.0000,0.0000
139.0833,20.9163,2.2500,0.0000,502.9230,414.0615,0.0000,0.0000,0.0000
139.1000,20.8850,2.2600,0.0000,501.8818,413.1459,0.0000,0.0000,0.0000
139.1167,20.8538,2.2700,0.0000,500.8336,412.2319,0.0000,0.0000,0.0000
139.1333,20.8227,2.2800,0.0000,499.7791,411.3193,0.0000,0.0000,0.0000
139.1500,20.7916,2.2900,0.0000,498.7186,410.4082,0.0000,0.0000,0.0000
139.1667,20.7606,2.3000,0.0000,497.6528,409.4986,0.0000,0.0000,0.0000
139.1833,20.7297,2.3100,0.0000,496.5821,408.5905,0.0000,0.0000,0.0000
139.2000,20.6988,2.3200,0.0000,495.5069,407.6839,0.0000,0.0000,0.0000
139.2167,20.6680,2.3300,0.0000,494.4277,406.7788,0.0000,0.0000,0.0000
139.2333,20.6373,2.3400,0.0000,493.3450,405.8752,0.0000,0.0000,0.0000
139.2500,20.6066,2.3500,0.0000,492.2591,404.9731,0.0000,0.0000,0.0000
139.2667,20.5760,2.3600,0.0000,491.1705,404.0725,0.0000,0.0000,0.0000
139.2833,20.5455,2.3700,0.0000,490.0794,403.1734,0.0000,0.0000,0.0000
139.3000,20.5150,2.3800,0.0000,488.9862,402.2759,0.0000,0.0000,0.0000
139.3167,20.4846,2.3900,0.0000,487.8912,401.3798,0.0000,0.0000,0.0000
139.3333,20.4543,2.4000,0.0000,486.7947,400.4853,0.0000,0.0000,0.0000
139.3500,20.4240,2.4100,0.0000,485.6969,399.5923,0.0000,0.0000,0.0000
139.3667,20.3938,2.4200,0.0000,484.5982,398.7008,0.0000,0.0000,0.0000
139.3833,20.3637,2.4300,0.0000,483.4988,397.8107,0.0000,0.0000,0.0000
139.4000,20.3336,2.4400,0.0000,482.3989,396.9222,0.0000,0.0000,0.0000
139.4167,20.3037,2.4500,0.0000,481.2987,396.0352,0.0000,0.0000,0.0000
139.4333,20.2737,2.4600,0.0000,480.1984,395.1498,0.0000,0.0000,0.0000
139.4500,20.2439,2.4700,0.0000,479.0982,394.2658,0.0000,0.0000,0.0000
139.4667,20.2141,2.4800,0.0000,477.9982,393.3833,0.0000,0.0000,0.0000
139.4833,20.1844,2.4900,0.0000,476.8987,392.5023,0.0000,0.0000,0.0000
139.5000,20.1547,2.5000,0.0000,475.7997,391.6228,0.0000,0.0000,0.0000
139.5167,20.1252,2.5100,0.0000,474.7014,390.7448,0.0000,0.0000,0.0000
139.5333,20.0957,2.5200,0.0000,473.6039,389.8684,0.0000,0.0000,0.0000
139.5500,20.0662,2.5300,0.0000,472.5074,388.9934,0.0000,0.0000,0.0000
139.5667,20.0368,2.5400,0.0000,471.4119,388.1199,0.0000,0.0000,0.0000
139.5833,20.0075,2.5500,0.0000,470.3176,387.2478,0.0000,0.0000,0.0000
139.6000,19.9829,2.5600,1706.5365,471.1612,386.4808,0.0000,0.0000,0.0000
139.6167,19.9658,2.5700,3421.1796,474.9815,385.8786,0.0000,0.0000,0.0000
139.6333,19.9528,2.5800,4721.7738,480.3551,385.3683,0.0000,0.0000,0.0000
139.6500,19.9429,2.5900,5714.1027,486.8179,384.9263,0.0000,0.0000,0.0000
139.6667,19.9352,2.6000,6476.7727,494.0308,384.5353,0.0000,0.0000,0.0000
139.6833,19.9293,2.6100,7068.2061,501.7466,384.1823,0.0000,0.0000,0.0000
139.7000,19.9247,2.6200,7531.8325,509.7846,383.8576,0.0000,0.0000,0.0000
139.7167,19.9210,2.6300,7899.9429,518.0135,383.5542,0.0000,0.0000,0.0000
139.7333,19.9180,2.6400,8196.5524,526.3377,383.2665,0.0000,0.0000,0.0000
139.7500,19.9156,2.6500,8439.5266,534.6884,382.9908,0.0000,0.0000,0.0000
139.7667,19.9136,2.6600,8642.1602,543.0161,382.7241,0.0000,0.0000,0.0000
139.7833,19.9119,2.6700,8814.3513,551.2856,382.4640,0.0000,0.0000,0.0000
139.8000,19.9104,2.6800,8963.4725,559.4724,382.2091,0.0000,0.0000,0.0000
139.8167,19.9090,2.6900,9095.0187,567.5595,381.9581,0.0000,0.0000,0.0000
139.8333,19.9079,2.7000,9213.0887,575.5353,381.7101,0.0000,0.0000,0.0000
139.8500,19.9068,2.7100,9320.7429,583.3928,381.4644,0.0000,0.0000,0.0000
139.8667,19.9058,2.7200,9420.2690,591.1275,381.2205,0.0000,0.0000,0.0000
139.8833,19.9049,2.7300,9513.3797,598.7372,380.9780,0.0000,0.0000,0.0000
139.9000,19.9040,2.7400,9601.3599,606.2213,380.7367,0.0000,0.0000,0.0000
139.9167,19.9031,2.7500,9685.1755,613.5803,380.4963,0.0000,0.0000,0.0000
139.9333,19.9023,2.7600,9765.5550,620.8153,380.2566,0.0000,0.0000,0.0000
139.9500,19.9016,2.7700,9843.0500,627.9280,380.0176,0.0000,0.0000,0.0000
139.9667,19.9008,2.7800,9918.0797,634.9205,379.7791,0.0000,0.0000,0.0000
139.9833,19.9001,2.7900,9990.9647,641.7952,379.5412,0.0000,0.0000,0.0000
140.0000,19.8993,2.8000,10068.1940,649.0222,379.3022,0.0000,0.0000,0.0000
140.0167,19.8985,2.7533,10145.1867,657.6736,380.3203,0.0000,0.0000,0.0000
140.0333,19.8977,2.7067,10226.7444,666.1895,381.3374,0.0000,0.0000,0.0000
140.0500,19.8969,2.6600,10311.4212,674.5809,382.3538,0.0000,0.0000,0.0000
140.0667,19.8960,2.6133,10398.1530,682.8566,383.3697,0.0000,0.0000,0.0000
140.0833,19.8951,2.5667,10486.1589,691.0240,384.3854,0.0000,0.0000,0.0000
140.1000,19.8943,2.5200,10574.8681,699.0894,385.4009,0.0000,0.0000,0.0000
140.1167,19.8934,2.4733,10663.8657,707.0584,386.4163,0.0000,0.0000,0.0000
140.1333,19.8925,2.4267,10752.8528,714.9361,387.4317,0.0000,0.0000,0.0000
140.1500,19.8915,2.3800,10848.9039,723.1290,388.4456,0.0000,0.0000,0.0000
140.1667,19.8906,2.3333,10936.4826,730.8389,389.4613,0.0000,0.0000,0.0000
140.1833,19.8898,2.2867,11023.7867,738.4683,390.4771,0.0000,0.0000,0.0000
140.2000,19.8888,2.2400,11117.8107,746.4082,391.4915,0.0000,0.0000,0.0000
140.2167,19.8880,2.1933,11203.4375,753.8916,392.5076,0.0000,0.0000,0.0000
140.2333,19.8871,2.1467,11288.7375,761.3046,393.5239,0.0000,0.0000,0.0000
140.2500,19.8862,2.1000,11380.5641,769.0244,394.5387,0.0000,0.0000,0.0000
140.2667,19.8854,2.0533,11464.1948,776.3107,395.5553,0.0000,0.0000,0.0000
140.2833,19.8845,2.0067,11554.3333,783.9002,396.5705,0.0000,0.0000,0.0000
140.3000,19.8836,1.9600,11636.5154,791.0693,397.5874,0.0000,0.0000,0.0000
140.3167,19.8827,1.9133,11725.1705,798.5390,398.6030,0.0000,0.0000,0.0000
140.3333,19.8819,1.8667,11806.0680,805.6003,399.6202,0.0000,0.0000,0.0000
140.3500,19.8811,1.8200,11893.3978,812.9601,400.6360,0.0000,0.0000,0.0000
140.3667,19.8803,1.7733,11973.1411,819.9226,401.6535,0.0000,0.0000,0.0000
140.3833,19.8794,1.7267,12059.2744,827.1813,402.6695,0.0000,0.0000,0.0000
140.4000,19.8786,1.6800,12137.9718,834.0531,403.6873,0.0000,0.0000,0.0000
140.4167,19.8778,1.6333,12223.0174,841.2191,404.7036,0.0000,0.0000,0.0000
140.4333,19.8770,1.5867,12300.7617,848.0074,405.7215,0.0000,0.0000,0.0000
140.4500,19.8762,1.5400,12384.8138,855.0878,406.7380,0.0000,0.0000,0.0000
140.4667,19.8754,1.4933,12461.6858,861.7992,407.7561,0.0000,0.0000,0.0000
140.4833,19.8746,1.4467,12544.8270,868.8009,408.7729,0.0000,0.0000,0.0000
140.5000,19.8738,1.4000,12620.8979,875.4412,409.7912,0.0000,0.0000,0.0000
140.5167,19.8730,1.3533,12703.2012,882.3699,410.8081,0.0000,0.0000,0.0000
140.5333,19.8722,1.3067,12778.5343,888.9445,411.8266,0.0000,0.0000,0.0000
140.5500,19.8714,1.2600,12860.0646,895.8057,412.8436,0.0000,0.0000,0.0000
140.5667,19.8707,1.2133,12934.7161,902.3192,413.8623,0.0000,0.0000,0.0000
140.5833,19.8698,1.1667,13015.5313,909.1175,414.8795,0.0000,0.0000,0.0000
140.6000,19.8691,1.1200,13089.5514,915.5742,415.8983,0.0000,0.0000,0.0000
140.6167,19.8683,1.0733,13169.7033,922.3140,416.9157,0.0000,0.0000,0.0000
140.6333,19.8676,1.0267,13243.1368,928.7176,417.9345,0.0000,0.0000,0.0000
140.6500,19.8668,0.9800,13322.6715,935.4026,418.9521,0.0000,0.0000,0.0000
140.6667,19.8660,0.9333,13395.5583,941.7565,419.9711,0.0000,0.0000,0.0000
140.6833,19.8653,0.8867,13474.5168,948.3902,420.9887,0.0000,0.0000,0.0000
140.7000,19.8645,0.8400,13546.8928,954.6974,422.0079,0.0000,0.0000,0.0000
140.7167,19.8637,0.7933,13625.3119,961.2827,423.0256,0.0000,0.0000,0.0000
140.7333,19.8630,0.7467,13697.2087,967.5459,424.0449,0.0000,0.0000,0.0000
140.7500,19.8622,0.7000,13775.1213,974.0856,425.0628,0.0000,0.0000,0.0000
140.7667,19.8615,0.6533,13846.5674,980.3071,426.0821,0.0000,0.0000,0.0000
140.7833,19.8608,0.6067,13924.0026,986.8035,427.1001,0.0000,0.0000,0.0000
140.8000,19.8600,0.5600,13995.0234,992.9856,428.1195,0.0000,0.0000,0.0000
140.8167,19.8593,0.5133,14072.0073,999.4409,429.1376,0.0000,0.0000,0.0000
140.8333,19.8586,0.4667,14142.6252,1005.5853,430.1571,0.0000,0.0000,0.0000
140.8500,19.8578,0.4200,14219.1810,1012.0014,431.1753,0.0000,0.0000,0.0000
140.8667,19.8571,0.3733,14289.4163,1018.1099,432.1949,0.0000,0.0000,0.0000
140.8833,19.8563,0.3267,14365.5647,1024.4885,433.2132,0.0000,0.0000,0.0000
140.9000,19.8556,0.2800,14435.4352,1030.5626,434.2328,0.0000,0.0000,0.0000
140.9167,19.8549,0.2333,14511.1947,1036.9052,435.2512,0.0000,0.0000,0.0000
140.9333,19.8542,0.1867,14580.7165,1042.9462,436.2710,0.0000,0.0000,0.0000
140.9500,19.8534,0.1400,14656.1035,1049.2542,437.2894,0.0000,0.0000,0.0000
140.9667,19.8527,0.0933,14725.2907,1055.2633,438.3092,0.0000,0.0000,0.0000
140.9833,19.8520,0.0467,14800.3199,1061.5379,439.3278,0.0000,0.0000,0.0000
141.0000,19.8513,0.0000,14869.1854,1067.5162,440.3477,0.0000,0.0000,0.0000
141.0167,19.8507,0.0183,14928.9854,1071.1747,439.9277,0.0000,0.0000,0.0000
141.0333,19.8502,0.0367,14982.0029,1074.8436,439.5093,0.0000,0.0000,0.0000
141.0500,19.8497,0.0550,15029.9334,1078.5154,439.0920,0.0000,0.0000,0.0000
141.0667,19.8493,0.0733,15074.0358,1082.1841,438.6755,0.0000,0.0000,0.0000
141.0833,19.8488,0.0917,15115.2433,1085.8448,438.2597,0.0000,0.0000,0.0000
141.1000,19.8485,0.1100,15154.2469,1089.4936,437.8444,0.0000,0.0000,0.0000
141.1167,19.8481,0.1283,15191.5572,1093.1270,437.4294,0.0000,0.0000,0.0000
141.1333,19.8477,0.1467,15227.5503,1096.7421,437.0148,0.0000,0.0000,0.0000
141.1500,19.8474,0.1650,15262.5027,1100.3363,436.6003,0.0000,0.0000,0.0000
141.1667,19.8470,0.1833,15296.6161,1103.9076,436.1861,0.0000,0.0000,0.0000
141.1833,19.8467,0.2017,15330.0375,1107.4538,435.7720,0.0000,0.0000,0.0000
141.2000,19.8464,0.2200,15362.8727,1110.9732,435.3581,0.0000,0.0000,0.0000
141.2167,19.8460,0.2383,15395.1972,1114.4643,434.9442,0.0000,0.0000,0.0000
141.2333,19.8457,0.2567,15427.0642,1117.9256,434.5305,0.0000,0.0000,0.0000
141.2500,19.8454,0.2750,15458.5105,1121.3558,434.1168,0.0000,0.0000,0.0000
141.2667,19.8451,0.2933,15489.5608,1124.7537,433.7033,0.0000,0.0000,0.0000
141.2833,19.8448,0.3117,15520.2308,1128.1183,433.2898,0.0000,0.0000,0.0000
141.3000,19.8445,0.3300,15550.5302,1131.4486,432.8764,0.0000,0.0000,0.0000
141.3167,19.8442,0.3483,15580.4638,1134.7437,432.4631,0.0000,0.0000,0.0000
141.3333,19.8439,0.3667,15610.0333,1138.0028,432.0498,0.0000,0.0000,0.0000
141.3500,19.8436,0.3850,15639.2382,1141.2252,431.6367,0.0000,0.0000,0.0000
141.3667,19.8433,0.4033,15668.0766,1144.4102,431.2236,0.0000,0.0000,0.0000
141.3833,19.8430,0.4217,15696.5453,1147.5573,430.8106,0.0000,0.0000,0.0000
141.4000,19.8428,0.4400,15724.6410,1150.6658,430.3977,0.0000,0.0000,0.0000
141.4167,19.8425,0.4583,15752.3596,1153.7355,429.9849,0.0000,0.0000,0.0000
141.4333,19.8422,0.4767,15779.6974,1156.7657,429.5721,0.0000,0.0000,0.0000
141.4500,19.8419,0.4950,15806.6505,1159.7563,429.1595,0.0000,0.0000,0.0000
141.4667,19.8417,0.5133,15833.2152,1162.7068,428.7469,0.0000,0.0000,0.0000
141.4833,19.8414,0.5317,15859.3882,1165.6170,428.3344,0.0000,0.0000,0.0000
141.5000,19.8411,0.5500,15885.1664,1168.4867,427.9220,0.0000,0.0000,0.0000
141.5167,19.8409,0.5683,15910.5471,1171.3157,427.5097,0.0000,0.0000,0.0000
141.5333,19.8406,0.5867,15935.5277,1174.1039,427.0975,0.0000,0.0000,0.0000
141.5500,19.8404,0.6050,15960.1063,1176.8512,426.6854,0.0000,0.0000,0.0000
141.5667,19.8402,0.6233,15984.2812,1179.5575,426.2734,0.0000,0.0000,0.0000
141.5833,19.8399,0.6417,16008.0510,1182.2228,425.8614,0.0000,0.0000,0.0000
141.6000,19.8397,0.6600,16031.4147,1184.8471,425.4495,0.0000,0.0000,0.0000
141.6167,19.8395,0.6783,16054.3716,1187.4305,425.0378,0.0000,0.0000,0.0000
141.6333,19.8392,0.6967,16076.9214,1189.9729,424.6261,0.0000,0.0000,0.0000
141.6500,19.8390,0.7150,16099.0640,1192.4745,424.2145,0.0000,0.0000,0.0000
141.6667,19.8388,0.7333,16120.7997,1194.9354,423.8030,0.0000,0.0000,0.0000
141.6833,19.8386,0.7517,16142.1289,1197.3557,423.3916,0.0000,0.0000,0.0000
141.7000,19.8384,0.7700,16163.0525,1199.7356,422.9803,0.0000,0.0000,0.0000
141.7167,19.8382,0.7883,16183.5715,1202.0752,422.5691,0.0000,0.0000,0.0000
141.7333,19.8380,0.8067,16203.6870,1204.3748,422.1579,0.0000,0.0000,0.0000
141.7500,19.8378,0.8250,16223.4006,1206.6346,421.7469,0.0000,0.0000,0.0000
141.7667,19.8376,0.8433,16242.7139,1208.8547,421.3359,0.0000,0.0000,0.0000
141.7833,19.8374,0.8617,16261.6288,1211.0355,420.9250,0.0000,0.0000,0.0000
141.8000,19.8372,0.8800,16280.1473,1213.1772,420.5143,0.0000,0.0000,0.0000
141.8167,19.8370,0.8983,16298.2716,1215.2801,420.1036,0.0000,0.0000,0.0000
141.8333,19.8368,0.9167,16316.0041,1217.3444,419.6930,0.0000,0.0000,0.0000
141.8500,19.8367,0.9350,16333.3472,1219.3704,419.2824,0.0000,0.0000,0.0000
141.8667,19.8365,0.9533,16350.3036,1221.3585,418.8720,0.0000,0.0000,0.0000
141.8833,19.8363,0.9717,16366.8761,1223.3090,418.4616,0.0000,0.0000,0.0000
141.9000,19.8362,0.9900,16383.0674,1225.2221,418.0514,0.0000,0.0000,0.0000
141.9167,19.8360,1.0083,16398.8805,1227.0982,417.6412,0.0000,0.0000,0.0000
141.9333,19.8359,1.0267,16414.3186,1228.9377,417.2311,0.0000,0.0000,0.0000
141.9500,19.8357,1.0450,16429.3847,1230.7408,416.8211,0.0000,0.0000,0.0000
141.9667,19.8356,1.0633,16444.0820,1232.5080,416.4111,0.0000,0.0000,0.0000
141.9833,19.8354,1.0817,16458.4138,1234.2395,416.0013,0.0000,0.0000,0.0000
142.0000,19.8353,1.1000,16473.7936,1236.0923,415.5912,0.0000,0.0000,0.0000
142.0167,19.8352,1.1550,16482.1952,1236.4546,414.3693,0.0000,0.0000,0.0000
142.0333,19.8351,1.2100,16487.0513,1236.9519,413.1482,0.0000,0.0000,0.0000
142.0500,19.8351,1.2650,16488.6255,1237.4221,411.9278,0.0000,0.0000,0.0000
142.0667,19.8351,1.3200,16487.7080,1237.8609,410.7080,0.0000,0.0000,0.0000
142.0833,19.8352,1.3750,16484.8690,1238.2646,409.4886,0.0000,0.0000,0.0000
142.1000,19.8352,1.4300,16480.5190,1238.6302,408.2696,0.0000,0.0000,0.0000
142.1167,19.8353,1.4850,16474.9525,1238.9553,407.0508,0.0000,0.0000,0.0000
142.1333,19.8353,1.5400,16468.3798,1239.2376,405.8322,0.0000,0.0000,0.0000
142.1500,19.8354,1.5950,16460.9507,1239.4755,404.6138,0.0000,0.0000,0.0000
142.1667,19.8355,1.6500,16452.7710,1239.6673,403.3956,0.0000,0.0000,0.0000
142.1833,19.8356,1.7050,16443.9151,1239.8119,402.1775,0.0000,0.0000,0.0000
142.2000,19.8357,1.7600,16434.4349,1239.9082,400.9596,0.0000,0.0000,0.0000
142.2167,19.8358,1.8150,16424.3662,1239.9555,399.7418,0.0000,0.0000,0.0000
142.2333,19.8359,1.8700,16413.7336,1239.9530,398.5242,0.0000,0.0000,0.0000
142.2500,19.8360,1.9250,16402.5536,1239.9002,397.3066,0.0000,0.0000,0.0000
142.2667,19.8361,1.9800,16390.8372,1239.7967,396.0892,0.0000,0.0000,0.0000
142.2833,19.8362,2.0350,16378.5918,1239.6422,394.8719,0.0000,0.0000,0.0000
142.3000,19.8363,2.0900,16365.8221,1239.4364,393.6547,0.0000,0.0000,0.0000
142.3167,19.8365,2.1450,16352.5311,1239.1792,392.4376,0.0000,0.0000,0.0000
142.3333,19.8366,2.2000,16338.7206,1238.8705,391.2206,0.0000,0.0000,0.0000
142.3500,19.8368,2.2550,16324.3920,1238.5102,390.0038,0.0000,0.0000,0.0000
142.3667,19.8369,2.3100,16309.5461,1238.0983,388.7871,0.0000,0.0000,0.0000
142.3833,19.8371,2.3650,16294.1838,1237.6349,387.5704,0.0000,0.0000,0.0000
142.4000,19.8372,2.4200,16278.3060,1237.1201,386.3539,0.0000,0.0000,0.0000
142.4167,19.8374,2.4750,16261.9142,1236.5541,385.1375,0.0000,0.0000,0.0000
142.4333,19.8375,2.5300,16245.0099,1235.9373,383.9213,0.0000,0.0000,0.0000
142.4500,19.8377,2.5850,16227.5952,1235.2699,382.7051,0.0000,0.0000,0.0000
142.4667,19.8379,2.6400,16209.6729,1234.5523,381.4890,0.0000,0.0000,0.0000
142.4833,19.8381,2.6950,16191.2457,1233.7850,380.2731,0.0000,0.0000,0.0000
142.5000,19.8383,2.7500,16172.3173,1232.9683,379.0573,0.0000,0.0000,0.0000
142.5167,19.8385,2.8050,16152.8913,1232.1029,377.8416,0.0000,0.0000,0.0000
142.5333,19.8387,2.8600,16132.9719,1231.1892,376.6260,0.0000,0.0000,0.0000
142.5500,19.8389,2.9150,16112.5637,1230.2278,375.4105,0.0000,0.0000,0.0000
142.5667,19.8391,2.9700,16091.6715,1229.2192,374.1951,0.0000,0.0000,0.0000
142.5833,19.8393,3.0250,16070.3006,1228.1641,372.9798,0.0000,0.0000,0.0000
142.6000,19.8395,3.0800,16048.4571,1227.0634,371.7646,0.0000,0.0000,0.0000
142.6167,19.8397,3.1350,16026.1478,1225.9178,370.5495,0.0000,0.0000,0.0000
142.6333,19.8400,3.1900,16003.3800,1224.7284,369.3345,0.0000,0.0000,0.0000
142.6500,19.8402,3.2450,15980.1614,1223.4959,368.1197,0.0000,0.0000,0.0000
142.6667,19.8404,3.3000,15956.4998,1222.2212,366.9049,0.0000,0.0000,0.0000
142.6833,19.8407,3.3550,15932.4024,1220.9049,365.6902,0.0000,0.0000,0.0000
142.7000,19.8409,3.4100,15907.8766,1219.5476,364.4756,0.0000,0.0000,0.0000
142.7167,19.8412,3.4650,15882.9290,1218.1499,363.2611,0.0000,0.0000,0.0000
142.7333,19.8414,3.5200,15857.5663,1216.7124,362.0467,0.0000,0.0000,0.0000
142.7500,19.8417,3.5750,15831.7944,1215.2357,360.8324,0.0000,0.0000,0.0000
142.7667,19.8419,3.6300,15805.6193,1213.7201,359.6182,0.0000,0.0000,0.0000
142.7833,19.8422,3.6850,15779.0467,1212.1663,358.4041,0.0000,0.0000,0.0000
142.8000,19.8425,3.7400,15752.0821,1210.5748,357.1900,0.0000,0.0000,0.0000
142.8167,19.8428,3.7950,15724.7310,1208.9460,355.9761,0.0000,0.0000,0.0000
142.8333,19.8430,3.8500,15696.9987,1207.2805,354.7622,0.0000,0.0000,0.0000
142.8500,19.8433,3.9050,15668.8905,1205.5789,353.5484,0.0000,0.0000,0.0000
142.8667,19.8436,3.9600,15640.4118,1203.8415,352.3347,0.0000,0.0000,0.0000
142.8833,19.8439,4.0150,15611.5681,1202.0692,351.1211,0.0000,0.0000,0.0000
142.9000,19.8442,4.0700,15582.3653,1200.2625,349.9075,0.0000,0.0000,0.0000
142.9167,19.8445,4.1250,15552.8091,1198.4220,348.6940,0.0000,0.0000,0.0000
142.9333,19.8448,4.1800,15522.9055,1196.5483,347.4806,0.0000,0.0000,0.0000
142.9500,19.8451,4.2350,15492.6603,1194.6420,346.2673,0.0000,0.0000,0.0000
142.9667,19.8454,4.2900,15462.0792,1192.7036,345.0541,0.0000,0.0000,0.0000
142.9833,19.8457,4.3450,15431.1679,1190.7337,343.8409,0.0000,0.0000,0.0000
143.0000,19.8460,4.4000,15399.9317,1188.7327,342.6278,0.0000,0.0000,0.0000
143.0167,19.8461,4.3367,15387.3626,1190.8964,344.0355,0.0000,0.0000,0.0000
143.0333,19.8461,4.2733,15386.5343,1192.9805,345.4406,0.0000,0.0000,0.0000
143.0500,19.8460,4.2100,15395.0291,1195.0023,346.8435,0.0000,0.0000,0.0000
143.0667,19.8459,4.1467,15410.2369,1196.9758,348.2451,0.0000,0.0000,0.0000
143.0833,19.8457,4.0833,15430.2715,1198.9121,349.6455,0.0000,0.0000,0.0000
143.1000,19.8455,4.0200,15453.7733,1200.8202,351.0452,0.0000,0.0000,0.0000
143.1167,19.8452,3.9567,15479.7653,1202.7081,352.4443,0.0000,0.0000,0.0000
143.1333,19.8449,3.8933,15507.5489,1204.5826,353.8430,0.0000,0.0000,0.0000
143.1500,19.8446,3.8300,15536.6276,1206.4498,355.2414,0.0000,0.0000,0.0000
143.1667,19.8443,3.7667,15566.6513,1208.3151,356.6396,0.0000,0.0000,0.0000
143.1833,19.8440,3.7033,15597.3762,1210.1833,358.0377,0.0000,0.0000,0.0000
143.2000,19.8437,3.6400,15628.6354,1212.0591,359.4356,0.0000,0.0000,0.0000
143.2167,19.8434,3.5767,15660.3172,1213.9465,360.8335,0.0000,0.0000,0.0000
143.2333,19.8431,3.5133,15692.3490,1215.8489,362.2313,0.0000,0.0000,0.0000
143.2500,19.8428,3.4500,15724.6851,1217.7693,363.6290,0.0000,0.0000,0.0000
143.2667,19.8424,3.3867,15757.2984,1219.7100,365.0266,0.0000,0.0000,0.0000
143.2833,19.8421,3.3233,15790.1747,1221.6732,366.4242,0.0000,0.0000,0.0000
143.3000,19.8418,3.2600,15823.3085,1223.6608,367.8217,0.0000,0.0000,0.0000
143.3167,19.8414,3.1967,15856.7009,1225.6745,369.2192,0.0000,0.0000,0.0000
143.3333,19.8411,3.1333,15890.3569,1227.7161,370.6166,0.0000,0.0000,0.0000
143.3500,19.8408,3.0700,15924.2845,1229.7872,372.0140,0.0000,0.0000,0.0000
143.3667,19.8404,3.0067,15958.4934,1231.8892,373.4113,0.0000,0.0000,0.0000
143.3833,19.8401,2.9433,15992.9944,1234.0235,374.8085,0.0000,0.0000,0.0000
143.4000,19.8397,2.8800,16027.7988,1236.1913,376.2056,0.0000,0.0000,0.0000
143.4167,19.8394,2.8167,16062.9178,1238.3938,377.6027,0.0000,0.0000,0.0000
143.4333,19.8390,2.7533,16098.3623,1240.6319,378.9997,0.0000,0.0000,0.0000
143.4500,19.8387,2.6900,16134.1427,1242.9066,380.3967,0.0000,0.0000,0.0000
143.4667,19.8383,2.6267,16170.2687,1245.2186,381.7936,0.0000,0.0000,0.0000
143.4833,19.8379,2.5633,16206.7493,1247.5687,383.1903,0.0000,0.0000,0.0000
143.5000,19.8376,2.5000,16243.5924,1249.9573,384.5870,0.0000,0.0000,0.0000
143.5167,19.8372,2.4367,16280.8054,1252.3850,385.9837,0.0000,0.0000,0.0000
143.5333,19.8368,2.3733,16318.3944,1254.8521,387.3802,0.0000,0.0000,0.0000
143.5500,19.8364,2.3100,16356.3649,1257.3590,388.7767,0.0000,0.0000,0.0000
143.5667,19.8361,2.2467,16394.7215,1259.9058,390.1730,0.0000,0.0000,0.0000
143.5833,19.8357,2.1833,16433.4679,1262.4927,391.5693,0.0000,0.0000,0.0000
143.6000,19.8353,2.1200,16472.6083,1265.1203,392.9655,0.0000,0.0000,0.0000
143.6167,19.8349,2.0567,16512.1478,1267.7893,394.3616,0.0000,0.0000,0.0000
143.6333,19.8345,1.9933,16552.0915,1270.5002,395.7576,0.0000,0.0000,0.0000
143.6500,19.8341,1.9300,16592.4435,1273.2532,397.1536,0.0000,0.0000,0.0000
143.6667,19.8337,1.8667,16633.2064,1276.0481,398.5494,0.0000,0.0000,0.0000
143.6833,19.8333,1.8033,16674.3810,1278.8845,399.9452,0.0000,0.0000,0.0000
143.7000,19.8328,1.7400,16715.9664,1281.7618,401.3408,0.0000,0.0000,0.0000
143.7167,19.8324,1.6767,16757.9606,1284.6794,402.7364,0.0000,0.0000,0.0000
143.7333,19.8320,1.6133,16800.3602,1287.6368,404.1318,0.0000,0.0000,0.0000
143.7500,19.8316,1.5500,16843.1614,1290.6333,405.5272,0.0000,0.0000,0.0000
143.7667,19.8311,1.4867,16886.3597,1293.6684,406.9225,0.0000,0.0000,0.0000
143.7833,19.8307,1.4233,16929.9502,1296.7415,408.3177,0.0000,0.0000,0.0000
143.8000,19.8303,1.3600,16973.9279,1299.8519,409.7129,0.0000,0.0000,0.0000
143.8167,19.8298,1.2967,17018.2876,1302.9992,411.1079,0.0000,0.0000,0.0000
143.8333,19.8294,1.2333,17063.0240,1306.1827,412.5029,0.0000,0.0000,0.0000
143.8500,19.8289,1.1700,17108.1316,1309.4020,413.8977,0.0000,0.0000,0.0000
143.8667,19.8285,1.1067,17153.6050,1312.6563,415.2925,0.0000,0.0000,0.0000
143.8833,19.8280,1.0433,17199.4385,1315.9452,416.6872,0.0000,0.0000,0.0000
143.9000,19.8275,0.9800,17245.6266,1319.2681,418.0819,0.0000,0.0000,0.0000
143.9167,19.8271,0.9167,17292.1634,1322.6243,419.4764,0.0000,0.0000,0.0000
143.9333,19.8266,0.8533,17339.0435,1326.0134,420.8709,0.0000,0.0000,0.0000
143.9500,19.8261,0.7900,17386.2608,1329.4346,422.2653,0.0000,0.0000,0.0000
143.9667,19.8257,0.7267,17433.8097,1332.8875,423.6596,0.0000,0.0000,0.0000
143.9833,19.8252,0.6633,17481.6844,1336.3713,425.0539,0.0000,0.0000,0.0000
144.0000,19.8247,0.6000,17529.8808,1339.8864,426.4481,0.0000,0.0000,0.0000
144.0167,19.8243,0.5800,17571.7667,1341.8978,426.8824,0.0000,0.0000,0.0000
144.0333,19.8239,0.5600,17609.1514,1343.9579,427.3178,0.0000,0.0000,0.0000
144.0500,19.8236,0.5400,17643.3465,1346.0607,427.7539,0.0000,0.0000,0.0000
144.0667,19.8232,0.5200,17675.3006,1348.2010,428.1904,0.0000,0.0000,0.0000
144.0833,19.8230,0.5000,17703.4922,1350.2851,428.6278,0.0000,0.0000,0.0000
144.1000,19.8227,0.4800,17731.0026,1352.3933,429.0654,0.0000,0.0000,0.0000
144.1167,19.8224,0.4600,17758.0568,1354.5236,429.5030,0.0000,0.0000,0.0000
144.1333,19.8222,0.4400,17784.8193,1356.6745,429.9407,0.0000,0.0000,0.0000
144.1500,19.8219,0.4200,17811.4095,1358.8442,430.3785,0.0000,0.0000,0.0000
144.1667,19.8216,0.4000,17837.9137,1361.0313,430.8162,0.0000,0.0000,0.0000
144.1833,19.8214,0.3800,17864.3936,1363.2345,431.2540,0.0000,0.0000,0.0000
144.2000,19.8211,0.3600,17890.8924,1365.4528,431.6918,0.0000,0.0000,0.0000
144.2167,19.8208,0.3400,17917.4402,1367.6850,432.1295,0.0000,0.0000,0.0000
144.2333,19.8206,0.3200,17944.0573,1369.9303,432.5673,0.0000,0.0000,0.0000
144.2500,19.8203,0.3000,17970.7567,1372.1877,433.0050,0.0000,0.0000,0.0000
144.2667,19.8200,0.2800,17997.5462,1374.4565,433.4427,0.0000,0.0000,0.0000
144.2833,19.8198,0.2600,18024.4296,1376.7359,433.8804,0.0000,0.0000,0.0000
144.3000,19.8195,0.2400,18051.4083,1379.0252,434.3180,0.0000,0.0000,0.0000
144.3167,19.8192,0.2200,18078.4813,1381.3236,434.7557,0.0000,0.0000,0.0000
144.3333,19.8189,0.2000,18105.6466,1383.6306,435.1933,0.0000,0.0000,0.0000
144.3500,19.8187,0.1800,18132.9008,1385.9456,435.6309,0.0000,0.0000,0.0000
144.3667,19.8184,0.1600,18160.2402,1388.2679,436.0685,0.0000,0.0000,0.0000
144.3833,19.8181,0.1400,18187.6605,1390.5970,436.5060,0.0000,0.0000,0.0000
144.4000,19.8178,0.1200,18215.1571,1392.9324,436.9436,0.0000,0.0000,0.0000
144.4167,19.8176,0.1000,18242.7253,1395.2735,437.3811,0.0000,0.0000,0.0000
144.4333,19.8173,0.0800,18270.3605,1397.6199,437.8186,0.0000,0.0000,0.0000
144.4500,19.8170,0.0600,18298.0578,1399.9711,438.2561,0.0000,0.0000,0.0000
144.4667,19.8167,0.0400,18325.8128,1402.3266,438.6936,0.0000,0.0000,0.0000
144.4833,19.8165,0.0200,18353.6207,1404.6860,439.1311,0.0000,0.0000,0.0000
144.5000,19.8162,-0.0000,18381.4772,1407.0490,439.5686,0.0000,0.0000,0.0000
144.5167,19.8159,-0.0200,18409.3780,1409.4151,440.0060,0.0000,0.0000,0.0000
144.5333,19.8156,-0.0400,18437.3190,1411.7840,440.4435,0.0000,0.0000,0.0000
144.5500,19.8153,-0.0600,18465.2961,1414.1553,440.8809,0.0000,0.0000,0.0000
144.5667,19.8151,-0.0800,18493.3056,1416.5286,441.3183,0.0000,0.0000,0.0000
144.5833,19.8148,-0.1000,18521.3437,1418.9037,441.7558,0.0000,0.0000,0.0000
144.6000,19.8145,-0.1200,18549.4069,1421.2802,442.1932,0.0000,0.0000,0.0000
144.6167,19.8142,-0.1400,18577.4919,1423.6579,442.6306,0.0000,0.0000,0.0000
144.6333,19.8139,-0.1600,18605.5955,1426.0365,443.0680,0.0000,0.0000,0.0000
144.6500,19.8137,-0.1800,18633.7145,1428.4157,443.5054,0.0000,0.0000,0.0000
144.6667,19.8134,-0.2000,18661.8460,1430.7952,443.9428,0.0000,0.0000,0.0000
144.6833,19.8131,-0.2200,18689.9872,1433.1749,444.3802,0.0000,0.0000,0.0000
144.7000,19.8128,-0.2400,18718.1356,1435.5545,444.8176,0.0000,0.0000,0.0000
144.7167,19.8125,-0.2600,18746.2884,1437.9337,445.2550,0.0000,0.0000,0.0000
144.7333,19.8123,-0.2800,18774.4434,1440.3125,445.6924,0.0000,0.0000,0.0000
144.7500,19.8120,-0.3000,18802.5983,1442.6905,446.1298,0.0000,0.0000,0.0000
144.7667,19.8117,-0.3200,18830.7508,1445.0676,446.5672,0.0000,0.0000,0.0000
144.7833,19.8114,-0.3400,18858.8988,1447.4436,447.0046,0.0000,0.0000,0.0000
144.8000,19.8111,-0.3600,18887.0406,1449.8185,447.4420,0.0000,0.0000,0.0000
144.8167,19.8108,-0.3800,18915.1741,1452.1919,447.8795,0.0000,0.0000,0.0000
144.8333,19.8106,-0.4000,18943.2976,1454.5638,448.3169,0.0000,0.0000,0.0000
144.8500,19.8103,-0.4200,18971.4095,1456.9340,448.7543,0.0000,0.0000,0.0000
144.8667,19.8100,-0.4400,18999.5081,1459.3024,449.1917,0.0000,0.0000,0.0000
144.8833,19.8097,-0.4600,19027.5920,1461.6688,449.6291,0.0000,0.0000,0.0000
144.9000,19.8094,-0.4800,19055.6598,1464.0333,450.0665,0.0000,0.0000,0.0000
144.9167,19.8092,-0.5000,19083.7101,1466.3955,450.5039,0.0000,0.0000,0.0000
144.9333,19.8089,-0.5200,19111.7418,1468.7555,450.9414,0.0000,0.0000,0.0000
144.9500,19.8086,-0.5400,19139.7535,1471.1132,451.3788,0.0000,0.0000,0.0000
144.9667,19.8083,-0.5600,19167.7442,1473.4684,451.8162,0.0000,0.0000,0.0000
144.9833,19.8080,-0.5800,19195.7129,1475.8211,452.2537,0.0000,0.0000,0.0000
145.0000,19.8078,-0.6000,19223.6586,1478.1712,452.6911,0.0000,0.0000,0.0000
145.0167,19.8075,-0.6083,19249.9095,1480.1047,452.8702,0.0000,0.0000,0.0000
145.0333,19.8073,-0.6167,19274.8914,1482.0398,453.0495,0.0000,0.0000,0.0000
145.0500,19.8070,-0.6250,19298.9203,1483.9749,453.2290,0.0000,0.0000,0.0000
145.0667,19.8068,-0.6333,19322.2300,1485.9087,453.4087,0.0000,0.0000,0.0000
145.0833,19.8066,-0.6417,19344.9937,1487.8400,453.5885,0.0000,0.0000,0.0000
145.1000,19.8063,-0.6500,19367.3387,1489.7679,453.7684,0.0000,0.0000,0.0000
145.1167,19.8061,-0.6583,19389.3583,1491.6913,453.9483,0.0000,0.0000,0.0000
145.1333,19.8059,-0.6667,19411.1207,1493.6096,454.1284,0.0000,0.0000,0.0000
145.1500,19.8057,-0.6750,19432.6750,1495.5219,454.3084,0.0000,0.0000,0.0000
145.1667,19.8055,-0.6833,19454.0564,1497.4274,454.4885,0.0000,0.0000,0.0000
145.1833,19.8052,-0.6917,19475.2898,1499.3257,454.6687,0.0000,0.0000,0.0000
145.2000,19.8050,-0.7000,19496.3924,1501.2160,454.8489,0.0000,0.0000,0.0000
145.2167,19.8048,-0.7083,19517.3759,1503.0978,455.0291,0.0000,0.0000,0.0000
145.2333,19.8046,-0.7167,19538.2476,1504.9708,455.2093,0.0000,0.0000,0.0000
145.2500,19.8044,-0.7250,19559.0123,1506.8344,455.3895,0.0000,0.0000,0.0000
145.2667,19.8042,-0.7333,19579.6723,1508.6882,455.5698,0.0000,0.0000,0.0000
145.2833,19.8040,-0.7417,19600.2287,1510.5319,455.7501,0.0000,0.0000,0.0000
145.3000,19.8038,-0.7500,19620.6812,1512.3652,455.9304,0.0000,0.0000,0.0000
145.3167,19.8036,-0.7583,19641.0293,1514.1877,456.1107,0.0000,0.0000,0.0000
145.3333,19.8034,-0.7667,19661.2717,1515.9994,456.2911,0.0000,0.0000,0.0000
145.3500,19.8032,-0.7750,19681.4069,1517.7998,456.4715,0.0000,0.0000,0.0000
145.3667,19.8030,-0.7833,19701.4335,1519.5889,456.6519,0.0000,0.0000,0.0000
145.3833,19.8028,-0.7917,19721.3499,1521.3664,456.8323,0.0000,0.0000,0.0000
145.4000,19.8026,-0.8000,19741.1545,1523.1323,457.0128,0.0000,0.0000,0.0000
145.4167,19.8024,-0.8083,19760.8460,1524.8864,457.1933,0.0000,0.0000,0.0000
145.4333,19.8022,-0.8167,19780.4229,1526.6287,457.3738,0.0000,0.0000,0.0000
145.4500,19.8020,-0.8250,19799.8842,1528.3589,457.5543,0.0000,0.0000,0.0000
145.4667,19.8018,-0.8333,19819.2288,1530.0772,457.7349,0.0000,0.0000,0.0000
145.4833,19.8016,-0.8417,19838.4558,1531.7835,457.9155,0.0000,0.0000,0.0000
145.5000,19.8014,-0.8500,19857.5646,1533.4777,458.0961,0.0000,0.0000,0.0000
145.5167,19.8012,-0.8583,19876.5547,1535.1598,458.2767,0.0000,0.0000,0.0000
145.5333,19.8010,-0.8667,19895.4255,1536.8298,458.4574,0.0000,0.0000,0.0000
145.5500,19.8009,-0.8750,19914.1770,1538.4878,458.6381,0.0000,0.0000,0.0000
145.5667,19.8007,-0.8833,19932.8090,1540.1339,458.8188,0.0000,0.0000,0.0000
145.5833,19.8005,-0.8917,19951.3215,1541.7679,458.9996,0.0000,0.0000,0.0000
145.6000,19.8003,-0.9000,19969.7147,1543.3901,459.1803,0.0000,0.0000,0.0000
145.6167,19.8001,-0.9083,19987.9889,1545.0004,459.3611,0.0000,0.0000,0.0000
145.6333,19.7999,-0.9167,20006.1444,1546.5989,459.5420,0.0000,0.0000,0.0000
145.6500,19.7998,-0.9250,20024.1818,1548.1857,459.7228,0.0000,0.0000,0.0000
145.6667,19.7996,-0.9333,20042.1017,1549.7610,459.9037,0.0000,0.0000,0.0000
145.6833,19.7994,-0.9417,20059.9046,1551.3247,460.0846,0.0000,0.0000,0.0000
145.7000,19.7992,-0.9500,20077.5914,1552.8770,460.2655,0.0000,0.0000,0.0000
145.7167,19.7990,-0.9583,20095.1629,1554.4180,460.4465,0.0000,0.0000,0.0000
145.7333,19.7989,-0.9667,20112.6200,1555.9478,460.6274,0.0000,0.0000,0.0000
145.7500,19.7987,-0.9750,20129.9637,1557.4666,460.8085,0.0000,0.0000,0.0000
145.7667,19.7986,-0.9833,20142.8865,1558.7021,460.9904,0.0000,0.0000,0.0000
145.7833,19.7984,-0.9917,20156.0309,1559.9291,461.1724,0.0000,0.0000,0.0000
145.8000,19.7983,-1.0000,20169.3397,1561.1482,461.3543,0.0000,0.0000,0.0000
145.8167,19.7982,-1.0083,20182.7674,1562.3599,461.5362,0.0000,0.0000,0.0000
145.8333,19.7980,-1.0167,20196.2779,1563.5647,461.7180,0.0000,0.0000,0.0000
145.8500,19.7979,-1.0250,20209.8425,1564.7627,461.8998,0.0000,0.0000,0.0000
145.8667,19.7978,-1.0333,20223.4386,1565.9542,462.0817,0.0000,0.0000,0.0000
145.8833,19.7976,-1.0417,20237.0480,1567.1395,462.2635,0.0000,0.0000,0.0000
145.9000,19.7975,-1.0500,20250.6566,1568.3186,462.4454,0.0000,0.0000,0.0000
145.9167,19.7974,-1.0583,20264.2531,1569.4917,462.6272,0.0000,0.0000,0.0000
145.9333,19.7972,-1.0667,20277.8287,1570.6590,462.8090,0.0000,0.0000,0.0000
145.9500,19.7971,-1.0750,20291.3765,1571.8205,462.9909,0.0000,0.0000,0.0000
145.9667,19.7970,-1.0833,20304.8911,1572.9765,463.1727,0.0000,0.0000,0.0000
145.9833,19.7968,-1.0917,20318.3686,1574.1271,463.3546,0.0000,0.0000,0.0000
146.0000,19.7967,-1.1000,20331.8059,1575.2723,463.5365,0.0000,0.0000,0.0000
146.0167,19.7965,-1.1283,20352.4714,1577.3663,464.1604,0.0000,0.0000,0.0000
146.0333,19.7963,-1.1567,20374.7241,1579.4478,464.7839,0.0000,0.0000,0.0000
146.0500,19.7960,-1.1850,20398.1406,1581.5178,465.4072,0.0000,0.0000,0.0000
146.0667,19.7958,-1.2133,20422.4064,1583.5780,466.0304,0.0000,0.0000,0.0000
146.0833,19.7955,-1.2417,20447.2889,1585.6295,466.6533,0.0000,0.0000,0.0000
146.1000,19.7953,-1.2700,20472.6162,1587.6737,467.2762,0.0000,0.0000,0.0000
146.1167,19.7950,-1.2983,20498.2622,1589.7117,467.8990,0.0000,0.0000,0.0000
146.1333,19.7948,-1.3267,20524.1348,1591.7446,468.5218,0.0000,0.0000,0.0000
146.1500,19.7945,-1.3550,20550.1673,1593.7734,469.1445,0.0000,0.0000,0.0000
146.1667,19.7942,-1.3833,20576.3117,1595.7989,469.7672,0.0000,0.0000,0.0000
146.1833,19.7940,-1.4117,20602.5340,1597.8219,470.3899,0.0000,0.0000,0.0000
146.2000,19.7937,-1.4400,20628.8106,1599.8433,471.0126,0.0000,0.0000,0.0000
146.2167,19.7934,-1.4683,20655.1252,1601.8636,471.6352,0.0000,0.0000,0.0000
146.2333,19.7932,-1.4967,20681.4675,1603.8835,472.2579,0.0000,0.0000,0.0000
146.2500,19.7929,-1.5250,20707.8311,1605.9036,472.8805,0.0000,0.0000,0.0000
146.2667,19.7927,-1.5533,20734.2123,1607.9245,473.5032,0.0000,0.0000,0.0000
146.2833,19.7924,-1.5817,20760.6098,1609.9466,474.1258,0.0000,0.0000,0.0000
146.3000,19.7921,-1.6100,20787.0237,1611.9703,474.7485,0.0000,0.0000,0.0000
146.3167,19.7919,-1.6383,20813.4551,1613.9962,475.3711,0.0000,0.0000,0.0000
146.3333,19.7916,-1.6667,20839.9057,1616.0245,475.9937,0.0000,0.0000,0.0000
146.3500,19.7913,-1.6950,20866.3777,1618.0556,476.6164,0.0000,0.0000,0.0000
146.3667,19.7911,-1.7233,20892.8737,1620.0899,477.2390,0.0000,0.0000,0.0000
146.3833,19.7908,-1.7517,20919.3961,1622.1276,477.8616,0.0000,0.0000,0.0000
146.4000,19.7905,-1.7800,20945.9476,1624.1690,478.4842,0.0000,0.0000,0.0000
146.4167,19.7903,-1.8083,20972.5307,1626.2144,479.1068,0.0000,0.0000,0.0000
146.4333,19.7900,-1.8367,20999.1479,1628.2640,479.7294,0.0000,0.0000,0.0000
146.4500,19.7897,-1.8650,21025.8014,1630.3178,480.3520,0.0000,0.0000,0.0000
146.4667,19.7895,-1.8933,21052.4935,1632.3763,480.9746,0.0000,0.0000,0.0000
146.4833,19.7892,-1.9217,21079.2263,1634.4394,481.5971,0.0000,0.0000,0.0000
146.5000,19.7889,-1.9500,21106.0015,1636.5073,482.2197,0.0000,0.0000,0.0000
146.5167,19.7887,-1.9783,21132.8208,1638.5802,482.8422,0.0000,0.0000,0.0000
146.5333,19.7884,-2.0067,21159.6859,1640.6581,483.4648,0.0000,0.0000,0.0000
146.5500,19.7881,-2.0350,21186.5981,1642.7412,484.0873,0.0000,0.0000,0.0000
146.5667,19.7879,-2.0633,21213.5586,1644.8295,484.7098,0.0000,0.0000,0.0000
146.5833,19.7876,-2.0917,21240.5685,1646.9230,485.3323,0.0000,0.0000,0.0000
146.6000,19.7873,-2.1200,21267.6287,1649.0219,485.9548,0.0000,0.0000,0.0000
146.6167,19.7871,-2.1483,21294.7401,1651.1262,486.5773,0.0000,0.0000,0.0000
146.6333,19.7868,-2.1767,21321.9033,1653.2359,487.1998,0.0000,0.0000,0.0000
146.6500,19.7865,-2.2050,21349.1188,1655.3509,487.8222,0.0000,0.0000,0.0000
146.6667,19.7862,-2.2333,21376.3872,1657.4714,488.4447,0.0000,0.0000,0.0000
146.6833,19.7860,-2.2617,21403.7088,1659.5974,489.0671,0.0000,0.0000,0.0000
146.7000,19.7857,-2.2900,21431.0837,1661.7287,489.6896,0.0000,0.0000,0.0000
146.7167,19.7854,-2.3183,21458.5122,1663.8655,490.3120,0.0000,0.0000,0.0000
146.7333,19.7851,-2.3467,21485.9944,1666.0077,490.9344,0.0000,0.0000,0.0000
146.7500,19.7849,-2.3750,21513.5301,1668.1552,491.5568,0.0000,0.0000,0.0000
146.7667,19.7846,-2.4033,21541.1194,1670.3081,492.1791,0.0000,0.0000,0.0000
146.7833,19.7843,-2.4317,21568.7620,1672.4663,492.8015,0.0000,0.0000,0.0000
146.8000,19.7840,-2.4600,21596.4578,1674.6298,493.4239,0.0000,0.0000,0.0000
146.8167,19.7838,-2.4883,21624.2065,1676.7984,494.0462,0.0000,0.0000,0.0000
146.8333,19.7835,-2.5167,21652.0078,1678.9722,494.6685,0.0000,0.0000,0.0000
146.8500,19.7832,-2.5450,21679.8612,1681.1512,495.2909,0.0000,0.0000,0.0000
146.8667,19.7829,-2.5733,21707.7664,1683.3352,495.9132,0.0000,0.0000,0.0000
146.8833,19.7826,-2.6017,21735.7229,1685.5242,496.5355,0.0000,0.0000,0.0000
146.9000,19.7824,-2.6300,21763.7302,1687.7181,497.1578,0.0000,0.0000,0.0000
146.9167,19.7821,-2.6583,21791.7877,1689.9169,497.7800,0.0000,0.0000,0.0000
146.9333,19.7818,-2.6867,21819.8950,1692.1206,498.4023,0.0000,0.0000,0.0000
146.9500,19.7815,-2.7150,21848.0514,1694.3290,499.0245,0.0000,0.0000,0.0000
146.9667,19.7812,-2.7433,21876.2564,1696.5420,499.6468,0.0000,0.0000,0.0000
146.9833,19.7810,-2.7717,21904.5092,1698.7597,500.2690,0.0000,0.0000,0.0000
147.0000,19.7807,-2.8000,21932.8093,1700.9819,500.8912,0.0000,0.0000,0.0000
147.0167,19.7804,-2.7900,21955.6648,1701.8481,500.6643,0.0000,0.0000,0.0000
147.0333,19.7803,-2.7800,21974.4762,1702.7325,500.4383,0.0000,0.0000,0.0000
147.0500,19.7801,-2.7700,21990.2838,1703.6304,500.2130,0.0000,0.0000,0.0000
147.0667,19.7800,-2.7600,22003.8593,1704.5379,499.9882,0.0000,0.0000,0.0000
147.0833,19.7798,-2.7500,22015.7744,1705.4518,499.7637,0.0000,0.0000,0.0000
147.1000,19.7797,-2.7400,22026.4514,1706.3693,499.5395,0.0000,0.0000,0.0000
147.1167,19.7796,-2.7300,22036.2012,1707.2878,499.3155,0.0000,0.0000,0.0000
147.1333,19.7795,-2.7200,22045.2516,1708.2052,499.0917,0.0000,0.0000,0.0000
147.1500,19.7795,-2.7100,22053.7689,1709.1193,498.8680,0.0000,0.0000,0.0000
147.1667,19.7794,-2.7000,22061.8732,1710.0283,498.6444,0.0000,0.0000,0.0000
147.1833,19.7793,-2.6900,22069.6507,1710.9305,498.4208,0.0000,0.0000,0.0000
147.2000,19.7792,-2.6800,22077.1622,1711.8245,498.1973,0.0000,0.0000,0.0000
147.2167,19.7792,-2.6700,22084.4502,1712.7089,497.9739,0.0000,0.0000,0.0000
147.2333,19.7791,-2.6600,22091.5433,1713.5823,497.7505,0.0000,0.0000,0.0000
147.2500,19.7790,-2.6500,22098.4602,1714.4438,497.5271,0.0000,0.0000,0.0000
147.2667,19.7789,-2.6400,22105.2125,1715.2922,497.3038,0.0000,0.0000,0.0000
147.2833,19.7789,-2.6300,22111.8065,1716.1266,497.0805,0.0000,0.0000,0.0000
147.3000,19.7788,-2.6200,22118.2449,1716.9462,496.8573,0.0000,0.0000,0.0000
147.3167,19.7788,-2.6100,22124.5278,1717.7503,496.6341,0.0000,0.0000,0.0000
147.3333,19.7787,-2.6000,22130.6535,1718.5381,496.4109,0.0000,0.0000,0.0000
147.3500,19.7786,-2.5900,22136.6194,1719.3090,496.1877,0.0000,0.0000,0.0000
147.3667,19.7786,-2.5800,22140.7785,1719.8118,495.9650,0.0000,0.0000,0.0000
147.3833,19.7786,-2.5700,22144.6553,1720.3035,495.7423,0.0000,0.0000,0.0000
147.4000,19.7785,-2.5600,22148.2831,1720.7843,495.5197,0.0000,0.0000,0.0000
147.4167,19.7785,-2.5500,22151.6884,1721.2540,495.2971,0.0000,0.0000,0.0000
147.4333,19.7785,-2.5400,22154.8925,1721.7125,495.0746,0.0000,0.0000,0.0000
147.4500,19.7784,-2.5300,22157.9122,1722.1597,494.8521,0.0000,0.0000,0.0000
147.4667,19.7784,-2.5200,22160.7608,1722.5954,494.6296,0.0000,0.0000,0.0000
147.4833,19.7784,-2.5100,22163.4488,1723.0195,494.4072,0.0000,0.0000,0.0000
147.5000,19.7783,-2.5000,22165.9842,1723.4317,494.1848,0.0000,0.0000,0.0000
147.5167,19.7783,-2.4900,22168.3734,1723.8319,493.9625,0.0000,0.0000,0.0000
147.5333,19.7783,-2.4800,22170.6212,1724.2200,493.7402,0.0000,0.0000,0.0000
147.5500,19.7783,-2.4700,22172.7313,1724.5959,493.5179,0.0000,0.0000,0.0000
147.5667,19.7783,-2.4600,22174.7064,1724.9594,493.2956,0.0000,0.0000,0.0000
147.5833,19.7782,-2.4500,22176.5487,1725.3105,493.0734,0.0000,0.0000,0.0000
147.6000,19.7782,-2.4400,22178.2598,1725.6491,492.8512,0.0000,0.0000,0.0000
147.6167,19.7782,-2.4300,22179.8406,1725.9752,492.6290,0.0000,0.0000,0.0000
147.6333,19.7782,-2.4200,22181.2922,1726.2886,492.4068,0.0000,0.0000,0.0000
147.6500,19.7782,-2.4100,22182.6149,1726.5894,492.1847,0.0000,0.0000,0.0000
147.6667,19.7782,-2.4000,22183.8093,1726.8775,491.9626,0.0000,0.0000,0.0000
147.6833,19.7782,-2.3900,22184.8758,1727.1529,491.7406,0.0000,0.0000,0.0000
147.7000,19.7781,-2.3800,22186.3823,1727.5971,491.5184,0.0000,0.0000,0.0000
147.7167,19.7781,-2.3700,22187.4234,1727.8432,491.2964,0.0000,0.0000,0.0000
147.7333,19.7781,-2.3600,22188.2853,1728.0765,491.0744,0.0000,0.0000,0.0000
147.7500,19.7781,-2.3500,22188.9783,1728.2972,490.8524,0.0000,0.0000,0.0000
147.7667,19.7781,-2.3400,22189.5107,1728.5052,490.6304,0.0000,0.0000,0.0000
147.7833,19.7781,-2.3300,22189.8892,1728.7008,490.4085,0.0000,0.0000,0.0000
147.8000,19.7781,-2.3200,22190.4388,1729.0424,490.1866,0.0000,0.0000,0.0000
147.8167,19.7781,-2.3100,22190.7592,1729.2091,489.9647,0.0000,0.0000,0.0000
147.8333,19.7781,-2.3000,22190.8877,1729.3634,489.7428,0.0000,0.0000,0.0000
147.8500,19.7781,-2.2900,22190.8376,1729.5055,489.5210,0.0000,0.0000,0.0000
147.8667,19.7781,-2.2800,22190.6200,1729.6354,489.2993,0.0000,0.0000,0.0000
147.8833,19.7781,-2.2700,22190.3513,1729.8930,489.0775,0.0000,0.0000,0.0000
147.9000,19.7781,-2.2600,22190.0622,1729.9949,488.8557,0.0000,0.0000,0.0000
147.9167,19.7781,-2.2500,22189.5751,1730.0850,488.6340,0.0000,0.0000,0.0000
147.9333,19.7781,-2.2400,22188.9056,1730.1633,488.4123,0.0000,0.0000,0.0000
147.9500,19.7781,-2.2300,22188.0665,1730.2300,488.1907,0.0000,0.0000,0.0000
147.9667,19.7781,-2.2200,22186.9602,1730.4068,487.9691,0.0000,0.0000,0.0000
147.9833,19.7781,-2.2100,22186.0559,1730.4465,487.7475,0.0000,0.0000,0.0000
148.0000,19.7782,-2.2000,22184.9539,1730.4750,487.5259,0.0000,0.0000,0.0000
148.0167,19.7782,-2.2000,22184.7741,1730.8485,487.5260,0.0000,0.0000,0.0000
148.0333,19.7781,-2.2000,22185.3135,1731.2080,487.5258,0.0000,0.0000,0.0000
148.0500,19.7781,-2.2000,22186.4095,1731.5544,487.5256,0.0000,0.0000,0.0000
148.0667,19.7781,-2.2000,22187.9321,1731.8885,487.5253,0.0000,0.0000,0.0000
148.0833,19.7781,-2.2000,22189.7778,1732.2110,487.5249,0.0000,0.0000,0.0000
148.1000,19.7781,-2.2000,22191.8637,1732.5226,487.5244,0.0000,0.0000,0.0000
148.1167,19.7781,-2.2000,22194.1246,1732.8240,487.5239,0.0000,0.0000,0.0000
148.1333,19.7780,-2.2000,22196.5083,1733.1156,487.5234,0.0000,0.0000,0.0000
148.1500,19.7780,-2.2000,22198.9742,1733.3982,487.5228,0.0000,0.0000,0.0000
148.1667,19.7780,-2.2000,22201.4903,1733.6722,487.5223,0.0000,0.0000,0.0000
148.1833,19.7780,-2.2000,22204.0316,1733.9382,487.5217,0.0000,0.0000,0.0000
148.2000,19.7779,-2.2000,22206.5792,1734.1966,487.5211,0.0000,0.0000,0.0000
148.2167,19.7779,-2.2000,22209.1183,1734.4481,487.5206,0.0000,0.0000,0.0000
148.2333,19.7779,-2.2000,22211.6382,1734.6929,487.5200,0.0000,0.0000,0.0000
148.2500,19.7779,-2.2000,22214.1309,1734.9317,487.5195,0.0000,0.0000,0.0000
148.2667,19.7778,-2.2000,22216.5907,1735.1647,487.5189,0.0000,0.0000,0.0000
148.2833,19.7778,-2.2000,22219.0138,1735.3924,487.5184,0.0000,0.0000,0.0000
148.3000,19.7778,-2.2000,22221.3979,1735.6151,487.5178,0.0000,0.0000,0.0000
148.3167,19.7778,-2.2000,22223.7418,1735.8333,487.5173,0.0000,0.0000,0.0000
148.3333,19.7777,-2.2000,22226.0450,1736.0473,487.5168,0.0000,0.0000,0.0000
148.3500,19.7777,-2.2000,22228.3080,1736.2573,487.5163,0.0000,0.0000,0.0000
148.3667,19.7777,-2.2000,22230.5316,1736.4638,487.5158,0.0000,0.0000,0.0000
148.3833,19.7777,-2.2000,22232.7172,1736.6669,487.5153,0.0000,0.0000,0.0000
148.4000,19.7777,-2.2000,22234.8661,1736.8670,487.5149,0.0000,0.0000,0.0000
148.4167,19.7776,-2.2000,22236.9803,1737.0644,487.5144,0.0000,0.0000,0.0000
148.4333,19.7776,-2.2000,22239.0615,1737.2592,487.5139,0.0000,0.0000,0.0000
148.4500,19.7776,-2.2000,22241.1117,1737.4517,487.5135,0.0000,0.0000,0.0000
148.4667,19.7776,-2.2000,22243.1330,1737.6422,487.5130,0.0000,0.0000,0.0000
148.4833,19.7775,-2.2000,22245.1274,1737.8308,487.5126,0.0000,0.0000,0.0000
148.5000,19.7775,-2.2000,22247.0969,1738.0178,487.5121,0.0000,0.0000,0.0000
148.5167,19.7775,-2.2000,22249.0435,1738.2032,487.5117,0.0000,0.0000,0.0000
148.5333,19.7775,-2.2000,22250.9690,1738.3874,487.5113,0.0000,0.0000,0.0000
148.5500,19.7775,-2.2000,22252.8755,1738.5705,487.5109,0.0000,0.0000,0.0000
148.5667,19.7775,-2.2000,22254.7646,1738.7526,487.5104,0.0000,0.0000,0.0000
148.5833,19.7774,-2.2000,22256.6382,1738.9338,487.5100,0.0000,0.0000,0.0000
148.6000,19.7774,-2.2000,22258.4979,1739.1144,487.5096,0.0000,0.0000,0.0000
148.6167,19.7774,-2.2000,22260.3453,1739.2943,487.5092,0.0000,0.0000,0.0000
148.6333,19.7774,-2.2000,22262.1819,1739.4739,487.5088,0.0000,0.0000,0.0000
148.6500,19.7774,-2.2000,22264.0091,1739.6530,487.5084,0.0000,0.0000,0.0000
148.6667,19.7773,-2.2000,22265.8282,1739.8320,487.5080,0.0000,0.0000,0.0000
148.6833,19.7773,-2.2000,22267.6406,1740.0107,487.5076,0.0000,0.0000,0.0000
148.7000,19.7773,-2.2000,22269.4474,1740.1895,487.5072,0.0000,0.0000,0.0000
148.7167,19.7773,-2.2000,22271.2498,1740.3682,487.5068,0.0000,0.0000,0.0000
148.7333,19.7773,-2.2000,22273.0488,1740.5471,487.5064,0.0000,0.0000,0.0000
148.7500,19.7773,-2.2000,22274.8453,1740.7261,487.5060,0.0000,0.0000,0.0000
148.7667,19.7772,-2.2000,22276.6403,1740.9053,487.5056,0.0000,0.0000,0.0000
148.7833,19.7772,-2.2000,22278.4346,1741.0848,487.5052,0.0000,0.0000,0.0000
148.8000,19.7772,-2.2000,22280.2290,1741.2647,487.5048,0.0000,0.0000,0.0000
148.8167,19.7772,-2.2000,22282.0243,1741.4449,487.5044,0.0000,0.0000,0.0000
148.8333,19.7772,-2.2000,22283.8210,1741.6256,487.5040,0.0000,0.0000,0.0000
148.8500,19.7771,-2.2000,22285.6198,1741.8067,487.5036,0.0000,0.0000,0.0000
148.8667,19.7771,-2.2000,22287.4212,1741.9883,487.5032,0.0000,0.0000,0.0000
148.8833,19.7771,-2.2000,22289.2257,1742.1705,487.5028,0.0000,0.0000,0.0000
148.9000,19.7771,-2.2000,22291.0339,1742.3532,487.5024,0.0000,0.0000,0.0000
148.9167,19.7771,-2.2000,22292.8460,1742.5364,487.5020,0.0000,0.0000,0.0000
148.9333,19.7771,-2.2000,22294.6625,1742.7203,487.5016,0.0000,0.0000,0.0000
148.9500,19.7770,-2.2000,22296.4836,1742.9047,487.5012,0.0000,0.0000,0.0000
148.9667,19.7770,-2.2000,22298.3097,1743.0898,487.5008,0.0000,0.0000,0.0000
148.9833,19.7770,-2.2000,22300.1410,1743.2755,487.5004,0.0000,0.0000,0.0000
149.0000,19.7770,-2.2000,22301.9776,1743.4618,487.5000,0.0000,0.0000,0.0000
149.0167,19.7770,-2.2000,22303.8199,1743.6487,487.4996,0.0000,0.0000,0.0000
149.0333,19.7769,-2.2000,22305.6678,1743.8363,487.4991,0.0000,0.0000,0.0000
149.0500,19.7769,-2.2000,22307.5214,1744.0244,487.4987,0.0000,0.0000,0.0000
149.0667,19.7769,-2.2000,22309.3807,1744.2131,487.4983,0.0000,0.0000,0.0000
149.0833,19.7769,-2.2000,22311.2457,1744.4024,487.4979,0.0000,0.0000,0.0000
149.1000,19.7769,-2.2000,22313.1161,1744.5921,487.4975,0.0000,0.0000,0.0000
149.1167,19.7769,-2.2000,22314.9918,1744.7823,487.4971,0.0000,0.0000,0.0000
149.1333,19.7768,-2.2000,22316.8725,1744.9729,487.4967,0.0000,0.0000,0.0000
149.1500,19.7768,-2.2000,22318.7578,1745.1638,487.4962,0.0000,0.0000,0.0000
149.1667,19.7768,-2.2000,22320.6474,1745.3549,487.4958,0.0000,0.0000,0.0000
149.1833,19.7768,-2.2000,22322.5409,1745.5463,487.4954,0.0000,0.0000,0.0000
149.2000,19.7768,-2.2000,22324.4378,1745.7379,487.4950,0.0000,0.0000,0.0000
149.2167,19.7767,-2.2000,22326.3376,1745.9295,487.4946,0.0000,0.0000,0.0000
149.2333,19.7767,-2.2000,22328.2399,1746.1212,487.4941,0.0000,0.0000,0.0000
149.2500,19.7767,-2.2000,22330.1440,1746.3128,487.4937,0.0000,0.0000,0.0000
149.2667,19.7767,-2.2000,22332.0494,1746.5043,487.4933,0.0000,0.0000,0.0000
149.2833,19.7767,-2.2000,22333.9557,1746.6957,487.4929,0.0000,0.0000,0.0000
149.3000,19.7766,-2.2000,22335.8623,1746.8869,487.4925,0.0000,0.0000,0.0000
149.3167,19.7766,-2.2000,22337.7685,1747.0779,487.4920,0.0000,0.0000,0.0000
149.3333,19.7766,-2.2000,22339.6740,1747.2685,487.4916,0.0000,0.0000,0.0000
149.3500,19.7766,-2.2000,22341.5781,1747.4588,487.4912,0.0000,0.0000,0.0000
149.3667,19.7766,-2.2000,22343.4803,1747.6487,487.4908,0.0000,0.0000,0.0000
149.3833,19.7765,-2.2000,22345.3801,1747.8381,487.4903,0.0000,0.0000,0.0000
149.4000,19.7765,-2.2000,22347.2770,1748.0270,487.4899,0.0000,0.0000,0.0000
149.4167,19.7765,-2.2000,22349.1705,1748.2153,487.4895,0.0000,0.0000,0.0000
149.4333,19.7765,-2.2000,22351.0601,1748.4031,487.4891,0.0000,0.0000,0.0000
149.4500,19.7765,-2.2000,22352.9453,1748.5902,487.4887,0.0000,0.0000,0.0000
149.4667,19.7765,-2.2000,22354.8256,1748.7767,487.4882,0.0000,0.0000,0.0000
149.4833,19.7764,-2.2000,22356.7007,1748.9624,487.4878,0.0000,0.0000,0.0000
149.5000,19.7764,-2.2000,22358.5699,1749.1473,487.4874,0.0000,0.0000,0.0000
149.5167,19.7764,-2.2000,22360.4330,1749.3315,487.4870,0.0000,0.0000,0.0000
149.5333,19.7764,-2.2000,22362.2894,1749.5148,487.4866,0.0000,0.0000,0.0000
149.5500,19.7764,-2.2000,22364.1388,1749.6972,487.4862,0.0000,0.0000,0.0000
149.5667,19.7763,-2.2000,22365.9806,1749.8787,487.4858,0.0000,0.0000,0.0000
149.5833,19.7763,-2.2000,22367.8146,1750.0592,487.4854,0.0000,0.0000,0.0000
149.6000,19.7763,-2.2000,22369.6403,1750.2387,487.4850,0.0000,0.0000,0.0000
149.6167,19.7763,-2.2000,22371.4572,1750.4172,487.4846,0.0000,0.0000,0.0000
149.6333,19.7763,-2.2000,22373.2650,1750.5945,487.4842,0.0000,0.0000,0.0000
149.6500,19.7762,-2.2000,22375.0633,1750.7708,487.4838,0.0000,0.0000,0.0000
149.6667,19.7762,-2.2000,22376.8517,1750.9459,487.4834,0.0000,0.0000,0.0000
149.6833,19.7762,-2.2000,22378.6297,1751.1198,487.4830,0.0000,0.0000,0.0000
149.7000,19.7762,-2.2000,22380.3971,1751.2925,487.4826,0.0000,0.0000,0.0000
149.7167,19.7762,-2.2000,22382.1532,1751.4638,487.4822,0.0000,0.0000,0.0000
149.7333,19.7762,-2.2000,22383.8978,1751.6338,487.4818,0.0000,0.0000,0.0000
149.7500,19.7761,-2.2000,22385.6303,1751.8025,487.4814,0.0000,0.0000,0.0000
149.7667,19.7761,-2.2000,22387.3503,1751.9696,487.4810,0.0000,0.0000,0.0000
149.7833,19.7761,-2.2000,22389.0574,1752.1353,487.4807,0.0000,0.0000,0.0000
149.8000,19.7761,-2.2000,22390.7510,1752.2994,487.4803,0.0000,0.0000,0.0000
149.8167,19.7761,-2.2000,22392.4306,1752.4619,487.4799,0.0000,0.0000,0.0000
149.8333,19.7761,-2.2000,22394.0957,1752.6227,487.4795,0.0000,0.0000,0.0000
149.8500,19.7760,-2.2000,22395.7455,1752.7817,487.4792,0.0000,0.0000,0.0000
149.8667,19.7760,-2.2000,22397.3794,1752.9388,487.4788,0.0000,0.0000,0.0000
149.8833,19.7760,-2.2000,22398.9966,1753.0939,487.4784,0.0000,0.0000,0.0000
149.9000,19.7760,-2.2000,22400.5962,1753.2468,487.4781,0.0000,0.0000,0.0000
149.9167,19.7760,-2.2000,22402.1773,1753.3975,487.4777,0.0000,0.0000,0.0000
149.9333,19.7760,-2.2000,22403.7385,1753.5456,487.4774,0.0000,0.0000,0.0000
149.9500,19.7759,-2.2000,22405.2785,1753.6910,487.4771,0.0000,0.0000,0.0000
149.9667,19.7759,-2.2000,22406.7953,1753.8332,487.4767,0.0000,0.0000,0.0000
149.9833,19.7759,-2.2000,22408.2862,1753.9716,487.4764,0.0000,0.0000,0.0000
150.0000,19.7759,-2.2000,22409.7476,1754.1052,487.4761,0.0000,0.0000,0.0000
150.0167,19.7759,-2.1817,22409.1322,1753.5722,487.0695,3.7872,0.0000,0.0000
150.0333,19.7759,-2.1633,22406.1931,1753.0704,486.6635,7.5744,0.0000,0.0000
150.0500,19.7760,-2.1450,22401.7247,1752.5673,486.2578,11.3616,0.0000,0.0000
150.0667,19.7760,-2.1267,22396.1090,1752.0641,485.8524,15.1488,0.0000,0.0000
150.0833,19.7761,-2.1083,22389.6270,1751.5589,485.4471,18.9360,0.0000,0.0000
150.1000,19.7762,-2.0900,22382.4748,1751.0456,485.0421,22.7232,0.0000,0.0000
150.1167,19.7763,-2.0717,22374.7930,1750.5219,484.6371,26.5104,0.0000,0.0000
150.1333,19.7763,-2.0533,22366.6833,1749.9860,484.2322,30.2976,0.0000,0.0000
150.1500,19.7764,-2.0350,22358.2175,1749.4361,483.8274,34.0848,0.0000,0.0000
150.1667,19.7765,-2.0167,22349.4461,1748.8708,483.4227,37.8720,0.0000,0.0000
150.1833,19.7766,-1.9983,22340.4037,1748.2888,483.0180,41.6592,0.0000,0.0000
150.2000,19.7767,-1.9800,22331.1133,1747.6888,482.6134,45.4464,0.0000,0.0000
150.2167,19.7768,-1.9617,22321.5896,1747.0700,482.2088,49.2336,0.0000,0.0000
150.2333,19.7769,-1.9433,22311.8415,1746.4312,481.8043,53.0208,0.0000,0.0000
150.2500,19.7770,-1.9250,22301.8733,1745.7717,481.3999,56.8080,0.0000,0.0000
150.2667,19.7771,-1.9067,22291.6867,1745.0908,480.9954,60.5952,0.0000,0.0000
150.2833,19.7772,-1.8883,22281.2808,1744.3876,480.5911,64.3824,0.0000,0.0000
150.3000,19.7773,-1.8700,22270.6537,1743.6617,480.1868,68.1696,0.0000,0.0000
150.3167,19.7774,-1.8517,22259.8025,1742.9124,479.7825,71.9568,0.0000,0.0000
150.3333,19.7775,-1.8333,22248.7237,1742.1392,479.3783,75.7440,0.0000,0.0000
150.3500,19.7776,-1.8150,22237.4133,1741.3417,478.9741,79.5312,0.0000,0.0000
150.3667,19.7777,-1.7967,22225.8675,1740.5193,478.5700,83.3184,0.0000,0.0000
150.3833,19.7779,-1.7783,22214.0822,1739.6717,478.1659,87.1056,0.0000,0.0000
150.4000,19.7780,-1.7600,22202.0536,1738.7986,477.7619,90.8928,0.0000,0.0000
150.4167,19.7781,-1.7417,22189.7779,1737.8995,477.3580,94.6800,0.0000,0.0000
150.4333,19.7782,-1.7233,22177.2517,1736.9743,476.9541,98.4672,0.0000,0.0000
150.4500,19.7784,-1.7050,22164.4714,1736.0225,476.5502,102.2544,0.0000,0.0000
150.4667,19.7785,-1.6867,22151.4342,1735.0441,476.1464,106.0416,0.0000,0.0000
150.4833,19.7786,-1.6683,22138.1369,1734.0387,475.7427,109.8288,0.0000,0.0000
150.5000,19.7788,-1.6500,22124.5770,1733.0062,475.3391,113.6160,0.0000,0.0000
150.5167,19.7789,-1.6317,22110.7521,1731.9464,474.9354,117.4032,0.0000,0.0000
150.5333,19.7790,-1.6133,22096.6599,1730.8592,474.5319,121.1904,0.0000,0.0000
150.5500,19.7792,-1.5950,22082.2984,1729.7443,474.1284,124.9776,0.0000,0.0000
150.5667,19.7793,-1.5767,22067.6657,1728.6017,473.7250,128.7648,0.0000,0.0000
150.5833,19.7795,-1.5583,22052.7604,1727.4313,473.3216,132.5520,0.0000,0.0000
150.6000,19.7796,-1.5400,22037.5809,1726.2330,472.9183,136.3392,0.0000,0.0000
150.6167,19.7798,-1.5217,22022.1260,1725.0067,472.5151,140.1264,0.0000,0.0000
150.6333,19.7799,-1.5033,22006.3946,1723.7523,472.1119,143.9136,0.0000,0.0000
150.6500,19.7801,-1.4850,21990.3858,1722.4699,471.7087,147.7008,0.0000,0.0000
150.6667,19.7803,-1.4667,21974.0988,1721.1593,471.3057,151.4880,0.0000,0.0000
150.6833,19.7804,-1.4483,21957.5328,1719.8206,470.9027,155.2752,0.0000,0.0000
150.7000,19.7806,-1.4300,21940.6875,1718.4537,470.4997,159.0624,0.0000,0.0000
150.7167,19.7808,-1.4117,21923.5623,1717.0587,470.0969,162.8496,0.0000,0.0000
150.7333,19.7809,-1.3933,21906.1570,1715.6354,469.6940,166.6368,0.0000,0.0000
150.7500,19.7811,-1.3750,21888.4714,1714.1841,469.2913,170.4240,0.0000,0.0000
150.7667,19.7813,-1.3567,21870.5054,1712.7046,468.8886,174.2112,0.0000,0.0000
150.7833,19.7815,-1.3383,21852.2590,1711.1970,468.4860,177.9984,0.0000,0.0000
150.8000,19.7817,-1.3200,21833.7323,1709.6613,468.0834,181.7856,0.0000,0.0000
150.8167,19.7819,-1.3017,21814.9254,1708.0977,467.6809,185.5728,0.0000,0.0000
150.8333,19.7820,-1.2833,21795.8387,1706.5060,467.2785,189.3600,0.0000,0.0000
150.8500,19.7822,-1.2650,21776.4724,1704.8864,466.8761,193.1472,0.0000,0.0000
150.8667,19.7824,-1.2467,21756.8269,1703.2390,466.4738,196.9344,0.0000,0.0000
150.8833,19.7826,-1.2283,21736.9026,1701.5638,466.0715,200.7216,0.0000,0.0000
150.9000,19.7828,-1.2100,21716.7001,1699.8608,465.6693,204.5088,0.0000,0.0000
150.9167,19.7830,-1.1917,21696.2199,1698.1302,465.2672,208.2960,0.0000,0.0000
150.9333,19.7832,-1.1733,21675.4627,1696.3719,464.8651,212.0832,0.0000,0.0000
150.9500,19.7835,-1.1550,21654.4289,1694.5862,464.4631,215.8704,0.0000,0.0000
150.9667,19.7837,-1.1367,21633.1195,1692.7731,464.0612,219.6576,0.0000,0.0000
150.9833,19.7839,-1.1183,21611.5350,1690.9326,463.6593,223.4448,0.0000,0.0000
151.0000,19.7841,-1.1000,21589.6763,1689.0648,463.2574,227.2320,0.0000,0.0000
151.0167,19.7843,-1.0717,21565.3324,1686.4915,462.6343,251.8488,0.0000,0.0000
151.0333,19.7846,-1.0433,21538.3874,1683.6239,462.0118,276.4656,0.0000,0.0000
151.0500,19.7849,-1.0150,21508.8343,1680.4937,461.3899,301.0824,0.0000,0.0000
151.0667,19.7852,-0.9867,21476.7190,1677.1213,460.7685,325.6992,0.0000,0.0000
151.0833,19.7856,-0.9583,21442.1098,1673.5200,460.1477,350.3160,0.0000,0.0000
151.1000,19.7859,-0.9300,21405.0810,1669.6990,459.5274,374.9328,0.0000,0.0000
151.1167,19.7863,-0.9017,21365.7046,1665.6647,458.9076,399.5496,0.0000,0.0000
151.1333,19.7868,-0.8733,21320.5363,1661.2049,458.2892,424.1664,0.0000,0.0000
151.1500,19.7872,-0.8450,21277.0229,1656.7710,457.6703,448.7832,0.0000,0.0000
151.1667,19.7877,-0.8167,21231.2716,1652.1314,457.0520,473.4000,0.0000,0.0000
151.1833,19.7882,-0.7883,21183.3375,1647.2898,456.4341,498.0168,0.0000,0.0000
151.2000,19.7887,-0.7600,21133.2687,1642.2490,455.8167,522.6336,0.0000,0.0000
151.2167,19.7892,-0.7317,21081.1066,1637.0110,455.1998,547.2504,0.0000,0.0000
151.2333,19.7898,-0.7033,21022.2771,1631.2804,454.5843,571.8672,0.0000,0.0000
151.2500,19.7904,-0.6750,20961.7259,1625.3605,453.9693,596.4840,0.0000,0.0000
151.2667,19.7910,-0.6467,20899.3984,1619.2473,453.3546,621.1008,0.0000,0.0000
151.2833,19.7916,-0.6183,20835.2478,1612.9385,452.7403,645.7176,0.0000,0.0000
151.3000,19.7923,-0.5900,20769.2359,1606.4325,452.1265,670.3344,0.0000,0.0000
151.3167,19.7930,-0.5617,20701.3317,1599.7283,451.5130,694.9512,0.0000,0.0000
151.3333,19.7937,-0.5333,20631.5110,1592.8253,450.9000,719.5680,0.0000,0.0000
151.3500,19.7944,-0.5050,20559.7543,1585.7229,450.2874,744.1848,0.0000,0.0000
151.3667,19.7951,-0.4767,20486.0466,1578.4208,449.6753,768.8016,0.0000,0.0000
151.3833,19.7959,-0.4483,20410.3762,1570.9188,449.0636,793.4184,0.0000,0.0000
151.4000,19.7967,-0.4200,20332.7341,1563.2166,448.4523,818.0352,0.0000,0.0000
151.4167,19.7975,-0.3917,20253.1133,1555.3143,447.8415,842.6520,0.0000,0.0000
151.4333,19.7983,-0.3633,20171.5087,1547.2117,447.2311,867.2688,0.0000,0.0000
151.4500,19.7991,-0.3350,20087.9165,1538.9088,446.6211,891.8856,0.0000,0.0000
151.4667,19.8000,-0.3067,20002.3341,1530.4058,446.0116,916.5024,0.0000,0.0000
151.4833,19.8009,-0.2783,19914.7599,1521.7028,445.4025,941.1192,0.0000,0.0000
151.5000,19.8017,-0.2500,19825.1932,1512.7998,444.7939,965.7360,0.0000,0.0000
151.5167,19.8027,-0.2217,19733.6341,1503.6972,444.1857,990.3528,0.0000,0.0000
151.5333,19.8036,-0.1933,19640.0832,1494.3952,443.5780,1014.9696,0.0000,0.0000
151.5500,19.8046,-0.1650,19544.5419,1484.8940,442.9707,1039.5864,0.0000,0.0000
151.5667,19.8055,-0.1367,19447.0122,1475.1942,442.3638,1064.2032,0.0000,0.0000
151.5833,19.8065,-0.1083,19347.4966,1465.2960,441.7574,1088.8200,0.0000,0.0000
151.6000,19.8075,-0.0800,19245.9981,1455.1999,441.1514,1113.4368,0.0000,0.0000
151.6167,19.8086,-0.0517,19142.5202,1444.9064,440.5458,1138.0536,0.0000,0.0000
151.6333,19.8096,-0.0233,19037.0677,1434.4164,439.9407,1162.6704,0.0000,0.0000
151.6500,19.8107,0.0050,18929.6477,1423.7312,439.3361,1187.2872,0.0000,0.0000
151.6667,19.8118,0.0333,18820.2694,1412.8523,438.7318,1211.9040,0.0000,0.0000
151.6833,19.8129,0.0617,18708.9438,1401.7813,438.1280,1236.5208,0.0000,0.0000
151.7000,19.8140,0.0900,18595.6829,1390.5197,437.5246,1261.1376,0.0000,0.0000
151.7167,19.8152,0.1183,18480.4987,1379.0687,436.9217,1285.7544,0.0000,0.0000
151.7333,19.8164,0.1467,18363.4029,1367.4294,436.3192,1310.3712,0.0000,0.0000
151.7500,19.8176,0.1750,18244.4060,1355.6025,435.7171,1334.9880,0.0000,0.0000
151.7667,19.8188,0.2033,18123.5178,1343.5887,435.1154,1359.6048,0.0000,0.0000
151.7833,19.8200,0.2317,18000.7471,1331.3887,434.5141,1384.2216,0.0000,0.0000
151.8000,19.8212,0.2600,17876.1018,1319.0030,433.9133,1408.8384,0.0000,0.0000
151.8167,19.8225,0.2883,17749.5893,1306.4323,433.3128,1433.4552,0.0000,0.0000
151.8333,19.8238,0.3167,17621.2166,1293.6770,432.7128,1458.0720,0.0000,0.0000
151.8500,19.8251,0.3450,17490.9903,1280.7379,432.1132,1482.6888,0.0000,0.0000
151.8667,19.8264,0.3733,17358.9173,1267.6156,431.5140,1507.3056,0.0000,0.0000
151.8833,19.8277,0.4017,17225.0041,1254.3107,430.9152,1531.9224,0.0000,0.0000
151.9000,19.8291,0.4300,17089.2579,1240.8240,430.3168,1556.5392,0.0000,0.0000
151.9167,19.8305,0.4583,16951.6857,1227.1563,429.7188,1581.1560,0.0000,0.0000
151.9333,19.8319,0.4867,16812.2950,1213.3085,429.1213,1605.7728,0.0000,0.0000
151.9500,19.8333,0.5150,16671.0936,1199.2814,428.5241,1630.3896,0.0000,0.0000
151.9667,19.8347,0.5433,16528.0897,1185.0759,427.9273,1655.0064,0.0000,0.0000
151.9833,19.8362,0.5717,16383.2918,1170.6929,427.3309,1679.6232,0.0000,0.0000
152.0000,19.8376,0.6000,16236.7087,1156.1336,426.7349,1704.2400,0.0000,0.0000
152.0167,19.8392,0.6633,16083.1604,1140.2227,425.3641,1727.1210,0.0000,0.0000
152.0333,19.8408,0.7267,15924.2085,1124.2014,423.9945,1750.0020,0.0000,0.0000
152.0500,19.8424,0.7900,15760.9649,1108.0571,422.6258,1772.8830,0.0000,0.0000
152.0667,19.8441,0.8533,15594.2224,1091.7811,421.2579,1795.7640,0.0000,0.0000
152.0833,19.8458,0.9167,15424.5461,1075.3670,419.8907,1818.6450,0.0000,0.0000
152.1000,19.8475,0.9800,15252.3382,1058.8103,418.5240,1841.5260,0.0000,0.0000
152.1167,19.8492,1.0433,15077.8842,1042.1073,417.1578,1864.4070,0.0000,0.0000
152.1333,19.8510,1.1067,14901.3870,1025.2555,415.7921,1887.2880,0.0000,0.0000
152.1500,19.8528,1.1700,14722.9895,1008.2528,414.4268,1910.1690,0.0000,0.0000
152.1667,19.8546,1.2333,14542.7929,991.0976,413.0619,1933.0500,0.0000,0.0000
152.1833,19.8564,1.2967,14360.8681,973.7889,411.6974,1955.9310,0.0000,0.0000
152.2000,19.8582,1.3600,14177.2652,956.3258,410.3332,1978.8120,0.0000,0.0000
152.2167,19.8601,1.4233,13992.0197,938.7079,408.9694,2001.6930,0.0000,0.0000
152.2333,19.8619,1.4867,13805.1567,920.9348,407.6060,2024.5740,0.0000,0.0000
152.2500,19.8638,1.5500,13616.6947,903.0065,406.2429,2047.4550,0.0000,0.0000
152.2667,19.8657,1.6133,13426.6474,884.9232,404.8802,2070.3360,0.0000,0.0000
152.2833,19.8676,1.6767,13235.0259,866.6851,403.5178,2093.2170,0.0000,0.0000
152.3000,19.8696,1.7400,13041.8392,848.2927,402.1558,2116.0980,0.0000,0.0000
152.3167,19.8715,1.8033,12847.0956,829.7466,400.7941,2138.9790,0.0000,0.0000
152.3333,19.8735,1.8667,12650.8029,811.0474,399.4328,2161.8600,0.0000,0.0000
152.3500,19.8755,1.9300,12452.9688,792.1958,398.0718,2184.7410,0.0000,0.0000
152.3667,19.8775,1.9933,12253.6013,773.1928,396.7112,2207.6220,0.0000,0.0000
152.3833,19.8795,2.0567,12052.7088,754.0393,395.3508,2230.5030,0.0000,0.0000
152.4000,19.8815,2.1200,11850.3000,734.7363,393.9909,2253.3840,0.0000,0.0000
152.4167,19.8835,2.1833,11646.3842,715.2848,392.6312,2276.2650,0.0000,0.0000
152.4333,19.8856,2.2467,11440.9714,695.6860,391.2719,2299.1460,0.0000,0.0000
152.4500,19.8877,2.3100,11234.0718,675.9412,389.9129,2322.0270,0.0000,0.0000
152.4667,19.8897,2.3733,11025.6964,656.0514,388.5543,2344.9080,0.0000,0.0000
152.4833,19.8918,2.4367,10815.8565,636.0181,387.1959,2367.7890,0.0000,0.0000
152.5000,19.8940,2.5000,10604.5639,615.8424,385.8379,2390.6700,0.0000,0.0000
152.5167,19.8961,2.5633,10391.8309,595.5258,384.4802,2413.5510,0.0000,0.0000
152.5333,19.8982,2.6267,10177.6701,575.0696,383.1229,2436.4320,0.0000,0.0000
152.5500,19.9004,2.6900,9962.0945,554.4753,381.7658,2459.3130,0.0000,0.0000
152.5667,19.9025,2.7533,9745.1173,533.7442,380.4090,2482.1940,0.0000,0.0000
152.5833,19.9047,2.8167,9526.7522,512.8777,379.0526,2505.0750,0.0000,0.0000
152.6000,19.9069,2.8800,9307.0129,491.8774,377.6965,2527.9560,0.0000,0.0000
152.6167,19.9091,2.9433,9085.9136,470.7447,376.3406,2550.8370,0.0000,0.0000
152.6333,19.9114,3.0067,8863.4684,449.4811,374.9851,2573.7180,0.0000,0.0000
152.6500,19.9136,3.0700,8639.6918,428.0880,373.6299,2596.5990,0.0000,0.0000
152.6667,19.9159,3.1333,8414.5981,406.5670,372.2749,2619.4800,0.0000,0.0000
152.6833,19.9181,3.1967,8188.2022,384.9196,370.9202,2642.3610,0.0000,0.0000
152.7000,19.9204,3.2600,7960.5188,363.1473,369.5659,2665.2420,0.0000,0.0000
152.7167,19.9227,3.3233,7731.5629,341.2516,368.2118,2688.1230,0.0000,0.0000
152.7333,19.9250,3.3867,7501.3497,319.2341,366.8580,2711.0040,0.0000,0.0000
152.7500,19.9273,3.4500,7269.8943,297.0963,365.5044,2733.8850,0.0000,0.0000
152.7667,19.9296,3.5133,7037.2118,274.8398,364.1512,2756.7660,0.0000,0.0000
152.7833,19.9320,3.5767,6803.3176,252.4660,362.7982,2779.6470,0.0000,0.0000
152.8000,19.9343,3.6400,6568.2268,229.9767,361.4454,2802.5280,0.0000,0.0000
152.8167,19.9367,3.7033,6331.9548,207.3731,360.0930,2825.4090,0.0000,0.0000
152.8333,19.9391,3.7667,6094.5165,184.6569,358.7408,2848.2900,0.0000,0.0000
152.8500,19.9414,3.8300,5855.9273,161.8296,357.3888,2871.1710,0.0000,0.0000
152.8667,19.9438,3.8933,5616.2022,138.8926,356.0371,2894.0520,0.0000,0.0000
152.8833,19.9462,3.9567,5375.3562,115.8475,354.6857,2916.9330,0.0000,0.0000
152.9000,19.9487,4.0200,5133.4042,92.6957,353.3344,2939.8140,0.0000,0.0000
152.9167,19.9511,4.0833,4890.3611,69.4386,351.9835,2962.6950,0.0000,0.0000
152.9333,19.9535,4.1467,4646.2416,46.0778,350.6328,2985.5760,0.0000,0.0000
152.9500,19.9560,4.2100,4401.0603,22.6146,349.2823,3008.4570,0.0000,0.0000
152.9667,19.9585,4.2733,4154.8317,-0.9494,347.9320,3031.3380,0.0000,0.0000
152.9833,19.9609,4.3367,3907.5702,-24.6130,346.5820,3054.2190,0.0000,0.0000
153.0000,19.9634,4.4000,3659.2902,-48.3747,345.2322,3077.1000,0.0000,0.0000
153.0167,19.9659,4.4383,3414.5151,-71.0842,344.4361,3094.1424,0.0000,0.0000
153.0333,19.9683,4.4767,3172.5758,-93.6956,343.6395,3111.1848,0.0000,0.0000
153.0500,19.9707,4.5150,2932.8902,-116.2426,342.8423,3128.2272,0.0000,0.0000
153.0667,19.9731,4.5533,2694.9730,-138.7471,342.0448,3145.2696,0.0000,0.0000
153.0833,19.9754,4.5917,2458.4282,-161.2238,341.2469,3162.3120,0.0000,0.0000
153.1000,19.9778,4.6300,2222.9378,-183.6828,340.4489,3179.3544,0.0000,0.0000
153.1167,19.9801,4.6683,1988.2489,-206.1317,339.6506,3196.3968,0.0000,0.0000
153.1333,19.9825,4.7067,1754.1612,-228.5757,338.8522,3213.4392,0.0000,0.0000
153.1500,19.9848,4.7450,1520.5172,-251.0189,338.0537,3230.4816,0.0000,0.0000
153.1667,19.9871,4.7833,1287.1934,-273.4642,337.2551,3247.5240,0.0000,0.0000
153.1833,19.9895,4.8217,1054.0932,-295.9138,336.4565,3264.5664,0.0000,0.0000
153.2000,19.9918,4.8600,821.1412,-318.3694,335.6579,3281.6088,0.0000,0.0000
153.2167,19.9941,4.8983,588.2792,-340.8322,334.8592,3298.6512,0.0000,0.0000
153.2333,19.9964,4.9367,355.4618,-363.3030,334.0605,3315.6936,0.0000,0.0000
153.2500,19.9988,4.9750,122.6547,-385.7823,333.2618,3332.7360,0.0000,0.0000
153.2667,20.0015,5.0133,0.0000,-408.0774,332.4719,3349.7784,0.0000,0.0000
153.2833,20.0051,5.0517,0.0000,-429.9721,331.7009,3366.8208,0.0000,0.0000
153.3000,20.0095,5.0900,0.0000,-451.4966,330.9480,3383.8632,0.0000,0.0000
153.3167,20.0147,5.1283,0.0000,-472.6670,330.2128,3400.9056,0.0000,0.0000
153.3333,20.0206,5.1667,0.0000,-493.4977,329.4952,3417.9480,0.0000,0.0000
153.3500,20.0274,5.2050,0.0000,-514.0016,328.7947,3434.9904,0.0000,0.0000
153.3667,20.0349,5.2433,0.0000,-534.1906,328.1111,3452.0328,0.0000,0.0000
153.3833,20.0432,5.2817,0.0000,-554.0759,327.4442,3469.0752,0.0000,0.0000
153.4000,20.0522,5.3200,0.0000,-573.6677,326.7937,3486.1176,0.0000,0.0000
153.4167,20.0619,5.3583,0.0000,-592.9759,326.1594,3503.1600,0.0000,0.0000
153.4333,20.0724,5.3967,0.0000,-612.0096,325.5411,3520.2024,0.0000,0.0000
153.4500,20.0835,5.4350,0.0000,-630.7774,324.9384,3537.2448,0.0000,0.0000
153.4667,20.0954,5.4733,0.0000,-649.2875,324.3513,3554.2872,0.0000,0.0000
153.4833,20.1080,5.5117,0.0000,-667.5477,323.7794,3571.3296,0.0000,0.0000
153.5000,20.1212,5.5500,0.0000,-685.5654,323.2225,3588.3720,0.0000,0.0000
153.5167,20.1351,5.5883,0.0000,-703.3476,322.6806,3605.4144,0.0000,0.0000
153.5333,20.1497,5.6267,0.0000,-720.9011,322.1533,3622.4568,0.0000,0.0000
153.5500,20.1649,5.6650,0.0000,-738.2323,321.6404,3639.4992,0.0000,0.0000
153.5667,20.1807,5.7033,0.0000,-755.3475,321.1419,3656.5416,0.0000,0.0000
153.5833,20.1972,5.7417,0.0000,-772.2525,320.6574,3673.5840,0.0000,0.0000
153.6000,20.2143,5.7800,0.0000,-788.9530,320.1869,3690.6264,0.0000,0.0000
153.6167,20.2321,5.8183,0.0000,-805.4546,319.7301,3707.6688,0.0000,0.0000
153.6333,20.2504,5.8567,0.0000,-821.7624,319.2870,3724.7112,0.0000,0.0000
153.6500,20.2694,5.8950,0.0000,-837.8815,318.8572,3741.7536,0.0000,0.0000
153.6667,20.2890,5.9333,0.0000,-853.8169,318.4407,3758.7960,0.0000,0.0000
153.6833,20.3091,5.9717,0.0000,-869.5732,318.0373,3775.8384,0.0000,0.0000
153.7000,20.3298,6.0100,0.0000,-885.1549,317.6468,3792.8808,0.0000,0.0000
153.7167,20.3511,6.0483,0.0000,-900.5665,317.2692,3809.9232,0.0000,0.0000
153.7333,20.3730,6.0867,0.0000,-915.8123,316.9042,3826.9656,0.0000,0.0000
153.7500,20.3955,6.1250,0.0000,-930.8962,316.5517,3844.0080,0.0000,0.0000
153.7667,20.4185,6.1633,0.0000,-945.8224,316.2117,3861.0504,0.0000,0.0000
153.7833,20.4420,6.2017,0.0000,-960.5945,315.8838,3878.0928,0.0000,0.0000
153.8000,20.4661,6.2400,0.0000,-975.2165,315.5681,3895.1352,0.0000,0.0000
153.8167,20.4908,6.2783,0.0000,-989.6917,315.2643,3912.1776,0.0000,0.0000
153.8333,20.5159,6.3167,0.0000,-1004.0238,314.9725,3929.2200,0.0000,0.0000
153.8500,20.5416,6.3550,0.0000,-1018.2161,314.6923,3946.2624,0.0000,0.0000
153.8667,20.5679,6.3933,0.0000,-1032.2720,314.4238,3963.3048,0.0000,0.0000
153.8833,20.5946,6.4317,0.0000,-1046.1945,314.1668,3980.3472,0.0000,0.0000
153.9000,20.6219,6.4700,0.0000,-1059.9868,313.9211,3997.3896,0.0000,0.0000
153.9167,20.6496,6.5083,0.0000,-1073.6518,313.6867,4014.4320,0.0000,0.0000
153.9333,20.6779,6.5467,0.0000,-1087.1926,313.4635,4031.4744,0.0000,0.0000
153.9500,20.7067,6.5850,0.0000,-1100.6118,313.2514,4048.5168,0.0000,0.0000
153.9667,20.7359,6.6233,0.0000,-1113.9123,313.0501,4065.5592,0.0000,0.0000
153.9833,20.7657,6.6617,0.0000,-1127.0967,312.8598,4082.6016,0.0000,0.0000
154.0000,20.7959,6.7000,0.0000,-1140.1676,312.6802,4099.6440,0.0000,0.0000
154.0167,20.8266,6.7000,0.0000,-1151.3803,313.3594,4108.7964,0.0000,0.0000
154.0333,20.8575,6.7000,0.0000,-1162.2162,314.0469,4117.9488,0.0000,0.0000
154.0500,20.8889,6.7000,0.0000,-1172.7414,314.7423,4127.1012,0.0000,0.0000
154.0667,20.9206,6.7000,0.0000,-1183.0012,315.4455,4136.2536,0.0000,0.0000
154.0833,20.9526,6.7000,0.0000,-1193.0281,316.1563,4145.4060,0.0000,0.0000
154.1000,20.9850,6.7000,0.0000,-1202.8465,316.8745,4154.5584,0.0000,0.0000
154.1167,21.0177,6.7000,0.0000,-1212.4750,317.5998,4163.7108,0.0000,0.0000
154.1333,21.0507,6.7000,0.0000,-1221.9282,318.3323,4172.8632,0.0000,0.0000
154.1500,21.0841,6.7000,0.0000,-1231.2181,319.0717,4182.0156,0.0000,0.0000
154.1667,21.1177,6.7000,0.0000,-1240.3545,319.8178,4191.1680,0.0000,0.0000
154.1833,21.1516,6.7000,0.0000,-1249.3455,320.5707,4200.3204,0.0000,0.0000
154.2000,21.1859,6.7000,0.0000,-1258.1982,321.3301,4209.4728,0.0000,0.0000
154.2167,21.2204,6.7000,0.0000,-1266.9184,322.0960,4218.6252,0.0000,0.0000
154.2333,21.2552,6.7000,0.0000,-1275.5112,322.8682,4227.7776,0.0000,0.0000
154.2500,21.2903,6.7000,0.0000,-1283.9814,323.6467,4236.9300,0.0000,0.0000
154.2667,21.3257,6.7000,0.0000,-1292.3328,324.4313,4246.0824,0.0000,0.0000
154.2833,21.3613,6.7000,0.0000,-1300.5691,325.2219,4255.2348,0.0000,0.0000
154.3000,21.3972,6.7000,0.0000,-1308.6935,326.0185,4264.3872,0.0000,0.0000
154.3167,21.4334,6.7000,0.0000,-1316.7091,326.8209,4273.5396,0.0000,0.0000
154.3333,21.4698,6.7000,0.0000,-1324.6182,327.6291,4282.6920,0.0000,0.0000
154.3500,21.5065,6.7000,0.0000,-1332.4234,328.4430,4291.8444,0.0000,0.0000
154.3667,21.5435,6.7000,0.0000,-1340.1267,329.2624,4300.9968,0.0000,0.0000
154.3833,21.5807,6.7000,0.0000,-1347.7303,330.0874,4310.1492,0.0000,0.0000
154.4000,21.6181,6.7000,0.0000,-1355.2364,330.9177,4319.3016,0.0000,0.0000
154.4167,21.6558,6.7000,0.0000,-1362.6470,331.7534,4328.4540,0.0000,0.0000
154.4333,21.6937,6.7000,0.0000,-1369.9642,332.5944,4337.6064,0.0000,0.0000
154.4500,21.7318,6.7000,0.0000,-1377.1899,333.4405,4346.7588,0.0000,0.0000
154.4667,21.7702,6.7000,0.0000,-1384.3260,334.2917,4355.9112,0.0000,0.0000
154.4833,21.8088,6.7000,0.0000,-1391.3743,335.1479,4365.0636,0.0000,0.0000
154.5000,21.8476,6.7000,0.0000,-1398.3367,336.0091,4374.2160,0.0000,0.0000
154.5167,21.8867,6.7000,0.0000,-1405.2149,336.8751,4383.3684,0.0000,0.0000
154.5333,21.9259,6.7000,0.0000,-1412.0104,337.7460,4392.5208,0.0000,0.0000
154.5500,21.9654,6.7000,0.0000,-1418.7250,338.6216,4401.6732,0.0000,0.0000
154.5667,22.0051,6.7000,0.0000,-1425.3603,339.5019,4410.8256,0.0000,0.0000
154.5833,22.0450,6.7000,0.0000,-1431.9177,340.3867,4419.9780,0.0000,0.0000
154.6000,22.0851,6.7000,0.0000,-1438.3989,341.2761,4429.1304,0.0000,0.0000
154.6167,22.1254,6.7000,0.0000,-1444.8052,342.1700,4438.2828,0.0000,0.0000
154.6333,22.1659,6.7000,0.0000,-1451.1383,343.0683,4447.4352,0.0000,0.0000
154.6500,22.2065,6.7000,0.0000,-1457.3996,343.9709,4456.5876,0.0000,0.0000
154.6667,22.2474,6.7000,0.0000,-1463.5902,344.8778,4465.7400,0.0000,0.0000
154.6833,22.2885,6.7000,0.0000,-1469.7109,345.7889,4474.8924,0.0000,0.0000
154.7000,22.3298,6.7000,0.0000,-1475.7626,346.7042,4484.0448,0.0000,0.0000
154.7167,22.3712,6.7000,0.0000,-1481.7461,347.6236,4493.1972,0.0000,0.0000
154.7333,22.4128,6.7000,0.0000,-1487.6624,348.5471,4502.3496,0.0000,0.0000
154.7500,22.4547,6.7000,0.0000,-1493.5126,349.4745,4511.5020,0.0000,0.0000
154.7667,22.4966,6.7000,0.0000,-1499.2979,350.4059,4520.6544,0.0000,0.0000
154.7833,22.5388,6.7000,0.0000,-1505.0196,351.3412,4529.8068,0.0000,0.0000
154.8000,22.5811,6.7000,0.0000,-1510.6792,352.2803,4538.9592,0.0000,0.0000
154.8167,22.6236,6.7000,0.0000,-1516.2780,353.2231,4548.1116,0.0000,0.0000
154.8333,22.6663,6.7000,0.0000,-1521.8174,354.1697,4557.2640,0.0000,0.0000
154.8500,22.7092,6.7000,0.0000,-1527.2987,355.1200,4566.4164,0.0000,0.0000
154.8667,22.7522,6.7000,0.0000,-1532.7235,356.0739,4575.5688,0.0000,0.0000
154.8833,22.7953,6.7000,0.0000,-1538.0929,357.0314,4584.7212,0.0000,0.0000
154.9000,22.8386,6.7000,0.0000,-1543.4083,357.9924,4593.8736,0.0000,0.0000
154.9167,22.8821,6.7000,0.0000,-1548.6710,358.9569,4603.0260,0.0000,0.0000
154.9333,22.9258,6.7000,0.0000,-1553.8823,359.9248,4612.1784,0.0000,0.0000
154.9500,22.9696,6.7000,0.0000,-1559.0434,360.8961,4621.3308,0.0000,0.0000
154.9667,23.0135,6.7000,0.0000,-1564.1554,361.8708,4630.4832,0.0000,0.0000
154.9833,23.0576,6.7000,0.0000,-1569.2196,362.8488,4639.6356,0.0000,0.0000
155.0000,23.1018,6.7000,0.0000,-1574.2368,363.8301,4648.7880,0.0000,0.0000
155.0167,23.1462,6.7000,0.0000,-1578.7421,364.8142,4649.4192,0.0000,0.0000
155.0333,23.1907,6.7000,0.0000,-1582.8545,365.8009,4650.0504,0.0000,0.0000
155.0500,23.2352,6.7000,0.0000,-1586.6514,366.7898,4650.6816,0.0000,0.0000
155.0667,23.2799,6.7000,0.0000,-1590.1866,367.7809,4651.3128,0.0000,0.0000
155.0833,23.3247,6.7000,0.0000,-1593.4987,368.7738,4651.9440,0.0000,0.0000
155.1000,23.3695,6.7000,0.0000,-1596.6167,369.7684,4652.5752,0.0000,0.0000
155.1167,23.4144,6.7000,0.0000,-1599.5630,370.7646,4653.2064,0.0000,0.0000
155.1333,23.4594,6.7000,0.0000,-1602.3556,371.7623,4653.8376,0.0000,0.0000
155.1500,23.5044,6.7000,0.0000,-1605.0090,372.7613,4654.4688,0.0000,0.0000
155.1667,23.5495,6.7000,0.0000,-1607.5351,373.7616,4655.1000,0.0000,0.0000
155.1833,23.5947,6.7000,0.0000,-1609.9439,374.7630,4655.7312,0.0000,0.0000
155.2000,23.6399,6.7000,0.0000,-1612.2439,375.7654,4656.3624,0.0000,0.0000
155.2167,23.6851,6.7000,0.0000,-1614.4424,376.7688,4656.9936,0.0000,0.0000
155.2333,23.7304,6.7000,0.0000,-1616.5454,377.7731,4657.6248,0.0000,0.0000
155.2500,23.7757,6.7000,0.0000,-1618.5586,378.7783,4658.2560,0.0000,0.0000
155.2667,23.8210,6.7000,0.0000,-1620.4866,379.7842,4658.8872,0.0000,0.0000
155.2833,23.8664,6.7000,0.0000,-1622.3337,380.7907,4659.5184,0.0000,0.0000
155.3000,23.9118,6.7000,0.0000,-1624.1040,381.7979,4660.1496,0.0000,0.0000
155.3167,23.9573,6.7000,0.0000,-1625.8011,382.8057,4660.7808,0.0000,0.0000
155.3333,24.0027,6.7000,0.0000,-1627.4284,383.8139,4661.4120,0.0000,0.0000
155.3500,24.0482,6.7000,0.0000,-1628.9891,384.8226,4662.0432,0.0000,0.0000
155.3667,24.0937,6.7000,0.0000,-1630.4858,385.8317,4662.6744,0.0000,0.0000
155.3833,24.1392,6.7000,0.0000,-1631.9211,386.8412,4663.3056,0.0000,0.0000
155.4000,24.1847,6.7000,0.0000,-1633.2972,387.8509,4663.9368,0.0000,0.0000
155.4167,24.2302,6.7000,0.0000,-1634.6162,388.8609,4664.5680,0.0000,0.0000
155.4333,24.2758,6.7000,0.0000,-1635.8797,389.8711,4665.1992,0.0000,0.0000
155.4500,24.3213,6.7000,0.0000,-1637.0896,390.8814,4665.8304,0.0000,0.0000
155.4667,24.3669,6.7000,0.0000,-1638.2473,391.8919,4666.4616,0.0000,0.0000
155.4833,24.4124,6.7000,0.0000,-1639.3542,392.9025,4667.0928,0.0000,0.0000
155.5000,24.4580,6.7000,0.0000,-1640.4119,393.9131,4667.7240,0.0000,0.0000
155.5167,24.5035,6.7000,0.0000,-1641.4214,394.9237,4668.3552,0.0000,0.0000
155.5333,24.5491,6.7000,0.0000,-1642.3841,395.9342,4668.9864,0.0000,0.0000
155.5500,24.5947,6.7000,0.0000,-1643.3010,396.9447,4669.6176,0.0000,0.0000
155.5667,24.6402,6.7000,0.0000,-1644.1730,397.9551,4670.2488,0.0000,0.0000
155.5833,24.6858,6.7000,0.0000,-1645.0008,398.9653,4670.8800,0.0000,0.0000
155.6000,24.7313,6.7000,0.0000,-1645.7854,399.9754,4671.5112,0.0000,0.0000
155.6167,24.7768,6.7000,0.0000,-1646.5273,400.9852,4672.1424,0.0000,0.0000
155.6333,24.8223,6.7000,0.0000,-1647.2276,401.9948,4672.7736,0.0000,0.0000
155.6500,24.8678,6.7000,0.0000,-1647.8871,403.0041,4673.4048,0.0000,0.0000
155.6667,24.9133,6.7000,0.0000,-1648.5068,404.0131,4674.0360,0.0000,0.0000
155.6833,24.9588,6.7000,0.0000,-1649.0876,405.0217,4674.6672,0.0000,0.0000
155.7000,25.0042,6.7000,0.0000,-1649.6306,406.0299,4675.2984,0.0000,0.0000
155.7167,25.0497,6.7000,0.0000,-1650.1368,407.0378,4675.9296,0.0000,0.0000
155.7333,25.0951,6.7000,0.0000,-1650.6070,408.0452,4676.5608,0.0000,0.0000
155.7500,25.1405,6.7000,0.0000,-1651.0423,409.0522,4677.1920,0.0000,0.0000
155.7667,25.1858,6.7000,0.0000,-1651.4436,410.0586,4677.8232,0.0000,0.0000
155.7833,25.2312,6.7000,0.0000,-1651.8118,411.0646,4678.4544,0.0000,0.0000
155.8000,25.2765,6.7000,0.0000,-1652.1477,412.0700,4679.0856,0.0000,0.0000
155.8167,25.3218,6.7000,0.0000,-1652.4519,413.0748,4679.7168,0.0000,0.0000
155.8333,25.3671,6.7000,0.0000,-1652.7246,414.0791,4680.3480,0.0000,0.0000
155.8500,25.4123,6.7000,0.0000,-1652.9655,415.0827,4680.9792,0.0000,0.0000
155.8667,25.4576,6.7000,0.0000,-1653.1745,416.0857,4681.6104,0.0000,0.0000
155.8833,25.5027,6.7000,0.0000,-1653.3516,417.0880,4682.2416,0.0000,0.0000
155.9000,25.5479,6.7000,0.0000,-1653.4970,418.0896,4682.8728,0.0000,0.0000
155.9167,25.5930,6.7000,0.0000,-1653.6111,419.0905,4683.5040,0.0000,0.0000
155.9333,25.6381,6.7000,0.0000,-1653.6946,420.0907,4684.1352,0.0000,0.0000
155.9500,25.6832,6.7000,0.0000,-1653.7483,421.0901,4684.7664,0.0000,0.0000
155.9667,25.7282,6.7000,0.0000,-1653.7730,422.0887,4685.3976,0.0000,0.0000
155.9833,25.7732,6.7000,0.0000,-1653.7697,423.0865,4686.0288,0.0000,0.0000
156.0000,25.8181,6.7000,0.0000,-1653.7393,424.0834,4686.6600,0.0000,0.0000
156.0167,25.8630,6.7183,0.0000,-1653.7658,424.6733,4677.3498,0.0000,0.0000
156.0333,25.9079,6.7367,0.0000,-1653.3338,425.2623,4668.0396,0.0000,0.0000
156.0500,25.9527,6.7550,0.0000,-1652.5383,425.8502,4658.7294,0.0000,0.0000
156.0667,25.9975,6.7733,0.0000,-1651.4450,426.4367,4649.4192,0.0000,0.0000
156.0833,26.0422,6.7917,0.0000,-1650.1014,427.0217,4640.1090,0.0000,0.0000
156.1000,26.0869,6.8100,0.0000,-1648.5435,427.6050,4630.7988,0.0000,0.0000
156.1167,26.1314,6.8283,0.0000,-1646.7995,428.1863,4621.4886,0.0000,0.0000
156.1333,26.1758,6.8467,0.0000,-1644.8919,428.7657,4612.1784,0.0000,0.0000
156.1500,26.2202,6.8650,0.0000,-1642.8393,429.3429,4602.8682,0.0000,0.0000
156.1667,26.2645,6.8833,0.0000,-1640.6570,429.9179,4593.5580,0.0000,0.0000
156.1833,26.3086,6.9017,0.0000,-1638.3580,430.4906,4584.2478,0.0000,0.0000
156.2000,26.3526,6.9200,0.0000,-1635.9533,431.0609,4574.9376,0.0000,0.0000
156.2167,26.3966,6.9383,0.0000,-1633.4524,431.6286,4565.6274,0.0000,0.0000
156.2333,26.4404,6.9567,0.0000,-1630.8634,432.1938,4556.3172,0.0000,0.0000
156.2500,26.4841,6.9750,0.0000,-1628.1934,432.7564,4547.0070,0.0000,0.0000
156.2667,26.5277,6.9933,0.0000,-1625.4488,433.3164,4537.6968,0.0000,0.0000
156.2833,26.5711,7.0117,0.0000,-1622.6348,433.8735,4528.3866,0.0000,0.0000
156.3000,26.6144,7.0300,0.0000,-1619.7563,434.4280,4519.0764,0.0000,0.0000
156.3167,26.6576,7.0483,0.0000,-1616.8176,434.9795,4509.7662,0.0000,0.0000
156.3333,26.7007,7.0667,0.0000,-1613.8224,435.5282,4500.4560,0.0000,0.0000
156.3500,26.7436,7.0850,0.0000,-1610.7742,436.0740,4491.1458,0.0000,0.0000
156.3667,26.7865,7.1033,0.0000,-1607.6759,436.6169,4481.8356,0.0000,0.0000
156.3833,26.8291,7.1217,0.0000,-1604.5303,437.1567,4472.5254,0.0000,0.0000
156.4000,26.8717,7.1400,0.0000,-1601.3400,437.6935,4463.2152,0.0000,0.0000
156.4167,26.9141,7.1583,0.0000,-1598.1070,438.2273,4453.9050,0.0000,0.0000
156.4333,26.9563,7.1767,0.0000,-1594.8335,438.7580,4444.5948,0.0000,0.0000
156.4500,26.9984,7.1950,0.0000,-1591.5214,439.2856,4435.2846,0.0000,0.0000
156.4667,27.0302,7.2133,-3021.8217,-1593.8056,439.5841,4425.9744,0.0000,0.0000
156.4833,27.0530,7.2317,-5303.2899,-1600.6773,439.6835,4416.6642,0.0000,0.0000
156.5000,27.0700,7.2500,-7003.9938,-1610.2675,439.6541,4407.3540,0.0000,0.0000
156.5167,27.0828,7.2683,-8283.2609,-1621.6348,439.5312,4398.0438,0.0000,0.0000
156.5333,27.0926,7.2867,-9256.2451,-1634.1174,439.3403,4388.7336,0.0000,0.0000
156.5500,27.1001,7.3050,-10006.2115,-1647.2513,439.1000,4379.4234,0.0000,0.0000
156.5667,27.1059,7.3233,-10593.3974,-1660.7122,438.8236,4370.1132,0.0000,0.0000
156.5833,27.1106,7.3417,-11061.4050,-1674.2746,438.5207,4360.8030,0.0000,0.0000
156.6000,27.1144,7.3600,-11441.8166,-1687.7833,438.1984,4351.4928,0.0000,0.0000
156.6167,27.1176,7.3783,-11757.5260,-1701.1323,437.8618,4342.1826,0.0000,0.0000
156.6333,27.1203,7.3967,-12025.1444,-1714.2511,437.5145,4332.8724,0.0000,0.0000
156.6500,27.1226,7.4150,-12256.7386,-1727.0934,437.1592,4323.5622,0.0000,0.0000
156.6667,27.1246,7.4333,-12461.0865,-1739.6303,436.7978,4314.2520,0.0000,0.0000
156.6833,27.1264,7.4517,-12644.5847,-1751.8452,436.4319,4304.9418,0.0000,0.0000
156.7000,27.1281,7.4700,-12811.9049,-1763.7297,436.0623,4295.6316,0.0000,0.0000
156.7167,27.1297,7.4883,-12966.4680,-1775.2810,435.6899,4286.3214,0.0000,0.0000
156.7333,27.1311,7.5067,-13110.7876,-1786.5004,435.3152,4277.0112,0.0000,0.0000
156.7500,27.1325,7.5250,-13246.7183,-1797.3916,434.9387,4267.7010,0.0000,0.0000
156.7667,27.1338,7.5433,-13375.6355,-1807.9602,434.5606,4258.3908,0.0000,0.0000
156.7833,27.1350,7.5617,-13498.5659,-1818.2127,434.1812,4249.0806,0.0000,0.0000
156.8000,27.1362,7.5800,-13616.2815,-1828.1561,433.8007,4239.7704,0.0000,0.0000
156.8167,27.1373,7.5983,-13729.3686,-1837.7977,433.4191,4230.4602,0.0000,0.0000
156.8333,27.1384,7.6167,-13838.2774,-1847.1452,433.0366,4221.1500,0.0000,0.0000
156.8500,27.1394,7.6350,-13943.3576,-1856.2058,432.6532,4211.8398,0.0000,0.0000
156.8667,27.1404,7.6533,-14044.8855,-1864.9868,432.2690,4202.5296,0.0000,0.0000
156.8833,27.1414,7.6717,-14143.0824,-1873.4954,431.8841,4193.2194,0.0000,0.0000
156.9000,27.1424,7.6900,-14238.1291,-1881.7383,431.4986,4183.9092,0.0000,0.0000
156.9167,27.1432,7.7083,-14323.0342,-1889.2780,431.1107,4174.5990,0.0000,0.0000
156.9333,27.1441,7.7267,-14405.9053,-1896.5547,430.7224,4165.2888,0.0000,0.0000
156.9500,27.1449,7.7450,-14486.6349,-1903.5846,430.3337,4155.9786,0.0000,0.0000
156.9667,27.1457,7.7633,-14565.1717,-1910.3796,429.9444,4146.6684,0.0000,0.0000
156.9833,27.1464,7.7817,-14641.5006,-1916.9489,429.5547,4137.3582,0.0000,0.0000
157.0000,27.1472,7.8000,-14715.6293,-1923.3003,429.1644,4128.0480,0.0000,0.0000
157.0167,27.1478,7.7900,-14782.5003,-1928.0124,429.4011,4110.6900,0.0000,0.0000
157.0333,27.1484,7.7800,-14842.6226,-1932.2048,429.6362,4093.3320,0.0000,0.0000
157.0500,27.1490,7.7700,-14896.5459,-1935.9439,429.8700,4075.9740,0.0000,0.0000
157.0667,27.1494,7.7600,-14944.7998,-1939.2763,430.1026,4058.6160,0.0000,0.0000
157.0833,27.1499,7.7500,-14987.8673,-1942.2358,430.3339,4041.2580,0.0000,0.0000
157.1000,27.1503,7.7400,-15026.1755,-1944.8482,430.5642,4023.9000,0.0000,0.0000
157.1167,27.1506,7.7300,-15060.0960,-1947.1338,430.7936,4006.5420,0.0000,0.0000
157.1333,27.1509,7.7200,-15089.9488,-1949.1090,431.0220,3989.1840,0.0000,0.0000
157.1500,27.1512,7.7100,-15116.0085,-1950.7875,431.2496,3971.8260,0.0000,0.0000
157.1667,27.1514,7.7000,-15138.5102,-1952.1807,431.4765,3954.4680,0.0000,0.0000
157.1833,27.1516,7.6900,-15157.6553,-1953.2987,431.7025,3937.1100,0.0000,0.0000
157.2000,27.1517,7.6800,-15173.6171,-1954.1504,431.9279,3919.7520,0.0000,0.0000
157.2167,27.1519,7.6700,-15186.5452,-1954.7435,432.1526,3902.3940,0.0000,0.0000
157.2333,27.1520,7.6600,-15196.5695,-1955.0850,432.3766,3885.0360,0.0000,0.0000
157.2500,27.1520,7.6500,-15203.8033,-1955.1813,432.6001,3867.6780,0.0000,0.0000
157.2667,27.1521,7.6400,-15208.3462,-1955.0382,432.8229,3850.3200,0.0000,0.0000
157.2833,27.1521,7.6300,-15210.2864,-1954.6610,433.0451,3832.9620,0.0000,0.0000
157.3000,27.1521,7.6200,-15209.7025,-1954.0548,433.2668,3815.6040,0.0000,0.0000
157.3167,27.1521,7.6100,-15206.6650,-1953.2241,433.4880,3798.2460,0.0000,0.0000
157.3333,27.1520,7.6000,-15201.2379,-1952.1734,433.7086,3780.8880,0.0000,0.0000
157.3500,27.1519,7.5900,-15193.4793,-1950.9068,433.9287,3763.5300,0.0000,0.0000
157.3667,27.1518,7.5800,-15183.4427,-1949.4281,434.1483,3746.1720,0.0000,0.0000
157.3833,27.1517,7.5700,-15171.1774,-1947.7410,434.3674,3728.8140,0.0000,0.0000
157.4000,27.1516,7.5600,-15156.7295,-1945.8493,434.5860,3711.4560,0.0000,0.0000
157.4167,27.1514,7.5500,-15140.1418,-1943.7561,434.8042,3694.0980,0.0000,0.0000
157.4333,27.1512,7.5400,-15121.4549,-1941.4649,435.0218,3676.7400,0.0000,0.0000
157.4500,27.1510,7.5300,-15100.7070,-1938.9788,435.2391,3659.3820,0.0000,0.0000
157.4667,27.1508,7.5200,-15077.9347,-1936.3010,435.4558,3642.0240,0.0000,0.0000
157.4833,27.1505,7.5100,-15053.1727,-1933.4343,435.6722,3624.6660,0.0000,0.0000
157.5000,27.1503,7.5000,-15026.4543,-1930.3817,435.8881,3607.3080,0.0000,0.0000
157.5167,27.1500,7.4900,-14997.8118,-1927.1461,436.1035,3589.9500,0.0000,0.0000
157.5333,27.1497,7.4800,-14967.2760,-1923.7301,436.3186,3572.5920,0.0000,0.0000
157.5500,27.1493,7.4700,-14934.8770,-1920.1366,436.5332,3555.2340,0.0000,0.0000
157.5667,27.1490,7.4600,-14900.6440,-1916.3682,436.7474,3537.8760,0.0000,0.0000
157.5833,27.1486,7.4500,-14864.6052,-1912.4274,436.9613,3520.5180,0.0000,0.0000
157.6000,27.1483,7.4400,-14826.7883,-1908.3168,437.1747,3503.1600,0.0000,0.0000
157.6167,27.1479,7.4300,-14787.2201,-1904.0389,437.3878,3485.8020,0.0000,0.0000
157.6333,27.1475,7.4200,-14745.9271,-1899.5962,437.6004,3468.4440,0.0000,0.0000
157.6500,27.1470,7.4100,-14702.9350,-1894.9910,437.8127,3451.0860,0.0000,0.0000
157.6667,27.1466,7.4000,-14658.2690,-1890.2259,438.0246,3433.7280,0.0000,0.0000
157.6833,27.1461,7.3900,-14611.9540,-1885.3029,438.2362,3416.3700,0.0000,0.0000
157.7000,27.1456,7.3800,-14564.0141,-1880.2246,438.4474,3399.0120,0.0000,0.0000
157.7167,27.1451,7.3700,-14514.4733,-1874.9930,438.6582,3381.6540,0.0000,0.0000
157.7333,27.1446,7.3600,-14463.3551,-1869.6106,438.8687,3364.2960,0.0000,0.0000
157.7500,27.1441,7.3500,-14410.6824,-1864.0793,439.0788,3346.9380,0.0000,0.0000
157.7667,27.1436,7.3400,-14356.4779,-1858.4015,439.2886,3329.5800,0.0000,0.0000
157.7833,27.1430,7.3300,-14300.7640,-1852.5792,439.4981,3312.2220,0.0000,0.0000
157.8000,27.1424,7.3200,-14243.5626,-1846.6145,439.7072,3294.8640,0.0000,0.0000
157.8167,27.1418,7.3100,-14184.8952,-1840.5095,439.9160,3277.5060,0.0000,0.0000
157.8333,27.1412,7.3000,-14124.7833,-1834.2661,440.1245,3260.1480,0.0000,0.0000
157.8500,27.1406,7.2900,-14063.2476,-1827.8865,440.3327,3242.7900,0.0000,0.0000
157.8667,27.1400,7.2800,-14000.3089,-1821.3726,440.5405,3225.4320,0.0000,0.0000
157.8833,27.1394,7.2700,-13935.9874,-1814.7263,440.7481,3208.0740,0.0000,0.0000
157.9000,27.1387,7.2600,-13870.3033,-1807.9495,440.9554,3190.7160,0.0000,0.0000
157.9167,27.1380,7.2500,-13803.2761,-1801.0441,441.1623,3173.3580,0.0000,0.0000
157.9333,27.1373,7.2400,-13734.9254,-1794.0120,441.3690,3156.0000,0.0000,0.0000
157.9500,27.1367,7.2300,-13665.2703,-1786.8550,441.5753,3138.6420,0.0000,0.0000
157.9667,27.1359,7.2200,-13594.3297,-1779.5750,441.7814,3121.2840,0.0000,0.0000
157.9833,27.1352,7.2100,-13522.1221,-1772.1736,441.9872,3103.9260,0.0000,0.0000
158.0000,27.1345,7.2000,-13448.6659,-1764.6527,442.1928,3086.5680,0.0000,0.0000
158.0167,27.1337,7.1817,-13372.0901,-1756.4306,442.5825,3063.6870,0.0000,0.0000
158.0333,27.1329,7.1633,-13292.3383,-1747.8750,442.9714,3040.8060,0.0000,0.0000
158.0500,27.1321,7.1450,-13209.4816,-1739.0308,443.3597,3017.9250,0.0000,0.0000
158.0667,27.1312,7.1267,-13123.6518,-1729.9295,443.7474,2995.0440,0.0000,0.0000
158.0833,27.1304,7.1083,-13035.0051,-1720.5936,444.1344,2972.1630,0.0000,0.0000
158.1000,27.1294,7.0900,-12943.7016,-1711.0403,444.5208,2949.2820,0.0000,0.0000
158.1167,27.1285,7.0717,-12849.8951,-1701.2831,444.9067,2926.4010,0.0000,0.0000
158.1333,27.1275,7.0533,-12753.7281,-1691.3327,445.2920,2903.5200,0.0000,0.0000
158.1500,27.1266,7.0350,-12655.3299,-1681.1979,445.6769,2880.6390,0.0000,0.0000
158.1667,27.1255,7.0167,-12554.8162,-1670.8864,446.0612,2857.7580,0.0000,0.0000
158.1833,27.1245,6.9983,-12452.2902,-1660.4046,446.4452,2834.8770,0.0000,0.0000
158.2000,27.1235,6.9800,-12347.8433,-1649.7580,446.8287,2811.9960,0.0000,0.0000
158.2167,27.1223,6.9617,-12232.3537,-1638.3032,447.2097,2789.1150,0.0000,0.0000
158.2333,27.1212,6.9433,-12115.8315,-1626.7443,447.5906,2766.2340,0.0000,0.0000
158.2500,27.1200,6.9250,-11998.2441,-1615.0693,447.9712,2743.3530,0.0000,0.0000
158.2667,27.1188,6.9067,-11879.5500,-1603.2718,448.3515,2720.4720,0.0000,0.0000
158.2833,27.1176,6.8883,-11759.7098,-1591.3485,448.7316,2697.5910,0.0000,0.0000
158.3000,27.1164,6.8700,-11638.6906,-1579.2979,449.1114,2674.7100,0.0000,0.0000
158.3167,27.1152,6.8517,-11516.4668,-1567.1195,449.4910,2651.8290,0.0000,0.0000
158.3333,27.1139,6.8333,-11393.0207,-1554.8137,449.8703,2628.9480,0.0000,0.0000
158.3500,27.1127,6.8150,-11268.3408,-1542.3811,450.2493,2606.0670,0.0000,0.0000
158.3667,27.1114,6.7967,-11142.4215,-1529.8227,450.6280,2583.1860,0.0000,0.0000
158.3833,27.1102,6.7783,-11015.2616,-1517.1398,451.0065,2560.3050,0.0000,0.0000
158.4000,27.1089,6.7600,-10886.8641,-1504.3335,451.3847,2537.4240,0.0000,0.0000
158.4167,27.1076,6.7417,-10757.2345,-1491.4055,451.7626,2514.5430,0.0000,0.0000
158.4333,27.1063,6.7233,-10626.3813,-1478.3571,452.1403,2491.6620,0.0000,0.0000
158.4500,27.1049,6.7050,-10494.3144,-1465.1899,452.5177,2468.7810,0.0000,0.0000
158.4667,27.1036,6.6867,-10361.0456,-1451.9055,452.8948,2445.9000,0.0000,0.0000
158.4833,27.1023,6.6683,-10226.5875,-1438.5054,453.2716,2423.0190,0.0000,0.0000
158.5000,27.1009,6.6500,-10090.9540,-1424.9914,453.6482,2400.1380,0.0000,0.0000
158.5167,27.0995,6.6317,-9954.1594,-1411.3650,454.0245,2377.2570,0.0000,0.0000
158.5333,27.0982,6.6133,-9816.2187,-1397.6279,454.4006,2354.3760,0.0000,0.0000
158.5500,27.0968,6.5950,-9677.1470,-1383.7818,454.7764,2331.4950,0.0000,0.0000
158.5667,27.0954,6.5767,-9536.9599,-1369.8281,455.1520,2308.6140,0.0000,0.0000
158.5833,27.0940,6.5583,-9395.6733,-1355.7687,455.5274,2285.7330,0.0000,0.0000
158.6000,27.0925,6.5400,-9253.3030,-1341.6051,455.9025,2262.8520,0.0000,0.0000
158.6167,27.0911,6.5217,-9109.8649,-1327.3389,456.2773,2239.9710,0.0000,0.0000
158.6333,27.0897,6.5033,-8965.3749,-1312.9717,456.6519,2217.0900,0.0000,0.0000
158.6500,27.0882,6.4850,-8819.8491,-1298.5051,457.0263,2194.2090,0.0000,0.0000
158.6667,27.0867,6.4667,-8673.3032,-1283.9407,457.4005,2171.3280,0.0000,0.0000
158.6833,27.0853,6.4483,-8525.7531,-1269.2801,457.7744,2148.4470,0.0000,0.0000
158.7000,27.0838,6.4300,-8377.2144,-1254.5248,458.1482,2125.5660,0.0000,0.0000
158.7167,27.0823,6.4117,-8227.7029,-1239.6763,458.5217,2102.6850,0.0000,0.0000
158.7333,27.0808,6.3933,-8077.2339,-1224.7361,458.8950,2079.8040,0.0000,0.0000
158.7500,27.0793,6.3750,-7925.8228,-1209.7059,459.2681,2056.9230,0.0000,0.0000
158.7667,27.0777,6.3567,-7773.4849,-1194.5869,459.6410,2034.0420,0.0000,0.0000
158.7833,27.0762,6.3383,-7620.2351,-1179.3808,460.0136,2011.1610,0.0000,0.0000
158.8000,27.0747,6.3200,-7466.0885,-1164.0889,460.3861,1988.2800,0.0000,0.0000
158.8167,27.0731,6.3017,-7311.0597,-1148.7128,460.7584,1965.3990,0.0000,0.0000
158.8333,27.0716,6.2833,-7155.1633,-1133.2537,461.1305,1942.5180,0.0000,0.0000
158.8500,27.0700,6.2650,-6998.4139,-1117.7132,461.5024,1919.6370,0.0000,0.0000
158.8667,27.0684,6.2467,-6840.8257,-1102.0926,461.8741,1896.7560,0.0000,0.0000
158.8833,27.0668,6.2283,-6682.4128,-1086.3932,462.2457,1873.8750,0.0000,0.0000
158.9000,27.0652,6.2100,-6523.1892,-1070.6166,462.6170,1850.9940,0.0000,0.0000
158.9167,27.0636,6.1917,-6363.1687,-1054.7638,462.9882,1828.1130,0.0000,0.0000
158.9333,27.0620,6.1733,-6202.3650,-1038.8364,463.3592,1805.2320,0.0000,0.0000
158.9500,27.0604,6.1550,-6040.7915,-1022.8356,463.7300,1782.3510,0.0000,0.0000
158.9667,27.0588,6.1367,-5878.4616,-1006.7627,464.1007,1759.4700,0.0000,0.0000
158.9833,27.0572,6.1183,-5715.3885,-990.6190,464.4712,1736.5890,0.0000,0.0000
159.0000,27.0555,6.1000,-5551.5851,-974.4057,464.8415,1713.7080,0.0000,0.0000
159.0167,27.0539,6.0717,-5385.3462,-957.6975,465.4332,1689.4068,0.0000,0.0000
159.0333,27.0522,6.0433,-5217.0063,-940.8715,466.0243,1665.1056,0.0000,0.0000
159.0500,27.0505,6.0150,-5046.8406,-923.9389,466.6151,1640.8044,0.0000,0.0000
159.0667,27.0488,5.9867,-4875.0719,-906.9073,467.2055,1616.5032,0.0000,0.0000
159.0833,27.0470,5.9583,-4701.8783,-889.7823,467.7955,1592.2020,0.0000,0.0000
159.1000,27.0453,5.9300,-4527.4022,-872.5681,468.3853,1567.9008,0.0000,0.0000
159.1167,27.0435,5.9017,-4351.7571,-855.2683,468.9749,1543.5996,0.0000,0.0000
159.1333,27.0418,5.8733,-4175.0339,-837.8855,469.5642,1519.2984,0.0000,0.0000
159.1500,27.0400,5.8450,-3997.3058,-820.4224,470.1533,1494.9972,0.0000,0.0000
159.1667,27.0382,5.8167,-3818.6322,-802.8809,470.7421,1470.6960,0.0000,0.0000
159.1833,27.0364,5.7883,-3639.0617,-785.2631,471.3308,1446.3948,0.0000,0.0000
159.2000,27.0346,5.7600,-3458.6349,-767.5706,471.9193,1422.0936,0.0000,0.0000
159.2167,27.0328,5.7317,-3277.3856,-749.8051,472.5076,1397.7924,0.0000,0.0000
159.2333,27.0310,5.7033,-3095.3427,-731.9681,473.0957,1373.4912,0.0000,0.0000
159.2500,27.0291,5.6750,-2912.5313,-714.0610,473.6836,1349.1900,0.0000,0.0000
159.2667,27.0273,5.6467,-2728.9734,-696.0852,474.2714,1324.8888,0.0000,0.0000
159.2833,27.0254,5.6183,-2544.6886,-678.0420,474.8590,1300.5876,0.0000,0.0000
159.3000,27.0236,5.5900,-2359.6946,-659.9327,475.4465,1276.2864,0.0000,0.0000
159.3167,27.0217,5.5617,-2174.0079,-641.7585,476.0338,1251.9852,0.0000,0.0000
159.3333,27.0199,5.5333,-1987.6434,-623.5206,476.6209,1227.6840,0.0000,0.0000
159.3500,27.0180,5.5050,-1800.6154,-605.2201,477.2080,1203.3828,0.0000,0.0000
159.3667,27.0161,5.4767,-1612.9375,-586.8582,477.7948,1179.0816,0.0000,0.0000
159.3833,27.0142,5.4483,-1424.6226,-568.4361,478.3815,1154.7804,0.0000,0.0000
159.4000,27.0124,5.4200,-1235.6831,-549.9549,478.9681,1130.4792,0.0000,0.0000
159.4167,27.0105,5.3917,-1046.1312,-531.4156,479.5546,1106.1780,0.0000,0.0000
159.4333,27.0086,5.3633,-855.9786,-512.8195,480.1409,1081.8768,0.0000,0.0000
159.4500,27.0067,5.3350,-665.2370,-494.1675,480.7271,1057.5756,0.0000,0.0000
159.4667,27.0047,5.3067,-473.9176,-475.4608,481.3132,1033.2744,0.0000,0.0000
159.4833,27.0028,5.2783,-282.0317,-456.7004,481.8991,1008.9732,0.0000,0.0000
159.5000,27.0009,5.2500,-89.5904,-437.8875,482.4849,984.6720,0.0000,0.0000
159.5167,26.9986,5.2217,0.0000,-419.2084,483.0624,960.3708,0.0000,0.0000
159.5333,26.9956,5.1933,0.0000,-400.8282,483.6241,936.0696,0.0000,0.0000
159.5500,26.9919,5.1650,0.0000,-382.7194,484.1706,911.7684,0.0000,0.0000
159.5667,26.9875,5.1367,0.0000,-364.8684,484.7023,887.4672,0.0000,0.0000
159.5833,26.9825,5.1083,0.0000,-347.2630,485.2192,863.1660,0.0000,0.0000
159.6000,26.9768,5.0800,0.0000,-329.8921,485.7216,838.8648,0.0000,0.0000
159.6167,26.9705,5.0517,0.0000,-312.7455,486.2097,814.5636,0.0000,0.0000
159.6333,26.9635,5.0233,0.0000,-295.8138,486.6838,790.2624,0.0000,0.0000
159.6500,26.9559,4.9950,0.0000,-279.0883,487.1438,765.9612,0.0000,0.0000
159.6667,26.9477,4.9667,0.0000,-262.5609,487.5902,741.6600,0.0000,0.0000
159.6833,26.9389,4.9383,0.0000,-246.2238,488.0229,717.3588,0.0000,0.0000
159.7000,26.9295,4.9100,0.0000,-230.0698,488.4421,693.0576,0.0000,0.0000
159.7167,26.9194,4.8817,0.0000,-214.0922,488.8481,668.7564,0.0000,0.0000
159.7333,26.9088,4.8533,0.0000,-198.2845,489.2410,644.4552,0.0000,0.0000
159.7500,26.8976,4.8250,0.0000,-182.6407,489.6208,620.1540,0.0000,0.0000
159.7667,26.8858,4.7967,0.0000,-167.1551,489.9878,595.8528,0.0000,0.0000
159.7833,26.8734,4.7683,0.0000,-151.8222,490.3421,571.5516,0.0000,0.0000
159.8000,26.8605,4.7400,0.0000,-136.6369,490.6838,547.2504,0.0000,0.0000
159.8167,26.8470,4.7117,0.0000,-121.5942,491.0130,522.9492,0.0000,0.0000
159.8333,26.8330,4.6833,0.0000,-106.6896,491.3299,498.6480,0.0000,0.0000
159.8500,26.8184,4.6550,0.0000,-91.9185,491.6346,474.3468,0.0000,0.0000
159.8667,26.8032,4.6267,0.0000,-77.2768,491.9271,450.0456,0.0000,0.0000
159.8833,26.7875,4.5983,0.0000,-62.7605,492.2077,425.7444,0.0000,0.0000
159.9000,26.7713,4.5700,0.0000,-48.3656,492.4763,401.4432,0.0000,0.0000
159.9167,26.7546,4.5417,0.0000,-34.0887,492.7332,377.1420,0.0000,0.0000
159.9333,26.7373,4.5133,0.0000,-19.9262,492.9784,352.8408,0.0000,0.0000
159.9500,26.7195,4.4850,0.0000,-5.8747,493.2120,328.5396,0.0000,0.0000
159.9667,26.7012,4.4567,0.0000,8.0688,493.4341,304.2384,0.0000,0.0000
159.9833,26.6823,4.4283,0.0000,21.9074,493.6448,279.9372,0.0000,0.0000
160.0000,26.6630,4.4000,0.0000,35.6441,493.8442,255.6360,0.0000,0.0000
160.0167,26.6431,4.3550,0.0000,48.9325,494.4021,251.3754,0.0000,0.0000
160.0333,26.6228,4.3100,0.0000,61.4124,494.9494,247.1148,0.0000,0.0000
160.0500,26.6020,4.2650,0.0000,73.2411,495.4867,242.8542,0.0000,0.0000
160.0667,26.5808,4.2200,0.0000,84.5278,496.0144,238.5936,0.0000,0.0000
160.0833,26.5592,4.1750,0.0000,95.3521,496.5329,234.3330,0.0000,0.0000
160.1000,26.5372,4.1300,0.0000,105.7740,497.0425,230.0724,0.0000,0.0000
160.1167,26.5148,4.0850,0.0000,115.8409,497.5435,225.8118,0.0000,0.0000
160.1333,26.4920,4.0400,0.0000,125.5905,498.0362,221.5512,0.0000,0.0000
160.1500,26.4688,3.9950,0.0000,135.0541,498.5209,217.2906,0.0000,0.0000
160.1667,26.4453,3.9500,0.0000,144.2577,498.9977,213.0300,0.0000,0.0000
160.1833,26.4215,3.9050,0.0000,153.2232,499.4669,208.7694,0.0000,0.0000
160.2000,26.3973,3.8600,0.0000,161.9693,499.9285,204.5088,0.0000,0.0000
160.2167,26.3728,3.8150,0.0000,170.5122,500.3829,200.2482,0.0000,0.0000
160.2333,26.3479,3.7700,0.0000,178.8659,500.8302,195.9876,0.0000,0.0000
160.2500,26.3228,3.7250,0.0000,187.0427,501.2704,191.7270,0.0000,0.0000
160.2667,26.2973,3.6800,0.0000,195.0534,501.7038,187.4664,0.0000,0.0000
160.2833,26.2715,3.6350,0.0000,202.9075,502.1305,183.2058,0.0000,0.0000
160.3000,26.2455,3.5900,0.0000,210.6135,502.5506,178.9452,0.0000,0.0000
160.3167,26.2191,3.5450,0.0000,218.1789,502.9642,174.6846,0.0000,0.0000
160.3333,26.1925,3.5000,0.0000,225.6106,503.3715,170.4240,0.0000,0.0000
160.3500,26.1656,3.4550,0.0000,232.9146,503.7725,166.1634,0.0000,0.0000
160.3667,26.1384,3.4100,0.0000,240.0965,504.1674,161.9028,0.0000,0.0000
160.3833,26.1109,3.3650,0.0000,247.1614,504.5562,157.6422,0.0000,0.0000
160.4000,26.0832,3.3200,0.0000,254.1138,504.9391,153.3816,0.0000,0.0000
160.4167,26.0552,3.2750,0.0000,260.9581,505.3161,149.1210,0.0000,0.0000
160.4333,26.0269,3.2300,0.0000,267.6981,505.6874,144.8604,0.0000,0.0000
160.4500,25.9984,3.1850,0.0000,274.3374,506.0530,140.5998,0.0000,0.0000
160.4667,25.9696,3.1400,0.0000,280.8795,506.4130,136.3392,0.0000,0.0000
160.4833,25.9406,3.0950,0.0000,287.3274,506.7674,132.0786,0.0000,0.0000
160.5000,25.9113,3.0500,0.0000,293.6841,507.1164,127.8180,0.0000,0.0000
160.5167,25.8818,3.0050,0.0000,299.9524,507.4601,123.5574,0.0000,0.0000
160.5333,25.8521,2.9600,0.0000,306.1347,507.7985,119.2968,0.0000,0.0000
160.5500,25.8221,2.9150,0.0000,312.2337,508.1316,115.0362,0.0000,0.0000
160.5667,25.7919,2.8700,0.0000,318.2516,508.4596,110.7756,0.0000,0.0000
160.5833,25.7614,2.8250,0.0000,324.1905,508.7826,106.5150,0.0000,0.0000
160.6000,25.7308,2.7800,0.0000,330.0526,509.1005,102.2544,0.0000,0.0000
160.6167,25.6999,2.7350,0.0000,335.8399,509.4135,97.9938,0.0000,0.0000
160.6333,25.6688,2.6900,0.0000,341.5543,509.7216,93.7332,0.0000,0.0000
160.6500,25.6374,2.6450,0.0000,347.1976,510.0248,89.4726,0.0000,0.0000
160.6667,25.6059,2.6000,0.0000,352.7714,510.3233,85.2120,0.0000,0.0000
160.6833,25.5741,2.5550,0.0000,358.2776,510.6171,80.9514,0.0000,0.0000
160.7000,25.5422,2.5100,0.0000,363.7177,510.9063,76.6908,0.0000,0.0000
160.7167,25.5100,2.4650,0.0000,369.0932,511.1909,72.4302,0.0000,0.0000
160.7333,25.4776,2.4200,0.0000,374.4057,511.4709,68.1696,0.0000,0.0000
160.7500,25.4450,2.3750,0.0000,379.6564,511.7464,63.9090,0.0000,0.0000
160.7667,25.4123,2.3300,0.0000,384.8470,512.0176,59.6484,0.0000,0.0000
160.7833,25.3793,2.2850,0.0000,389.9785,512.2843,55.3878,0.0000,0.0000
160.8000,25.3461,2.2400,0.0000,395.0524,512.5467,51.1272,0.0000,0.0000
160.8167,25.3127,2.1950,0.0000,400.0699,512.8048,46.8666,0.0000,0.0000
160.8333,25.2792,2.1500,0.0000,405.0322,513.0588,42.6060,0.0000,0.0000
160.8500,25.2455,2.1050,0.0000,409.9405,513.3085,38.3454,0.0000,0.0000
160.8667,25.2115,2.0600,0.0000,414.7958,513.5541,34.0848,0.0000,0.0000
160.8833,25.1774,2.0150,0.0000,419.5994,513.7956,29.8242,0.0000,0.0000
160.9000,25.1431,1.9700,0.0000,424.3521,514.0330,25.5636,0.0000,0.0000
160.9167,25.1086,1.9250,0.0000,429.0552,514.2665,21.3030,0.0000,0.0000
160.9333,25.0740,1.8800,0.0000,433.7095,514.4959,17.0424,0.0000,0.0000
160.9500,25.0392,1.8350,0.0000,438.3161,514.7215,12.7818,0.0000,0.0000
160.9667,25.0041,1.7900,0.0000,442.8758,514.9432,8.5212,0.0000,0.0000
160.9833,24.9690,1.7450,0.0000,447.3897,515.1610,4.2606,0.0000,0.0000
161.0000,24.9336,1.7000,0.0000,451.8591,515.3751,0.0000,0.0000,0.0000
161.0167,24.8981,1.6717,0.0000,455.5205,515.2166,0.0000,0.0000,0.0000
161.0333,24.8625,1.6433,0.0000,459.0183,515.0554,0.0000,0.0000,0.0000
161.0500,24.8268,1.6150,0.0000,462.3811,514.8916,0.0000,0.0000,0.0000
161.0667,24.7910,1.5867,0.0000,465.6279,514.7253,0.0000,0.0000,0.0000
161.0833,24.7551,1.5583,0.0000,468.7723,514.5566,0.0000,0.0000,0.0000
161.1000,24.7190,1.5300,0.0000,471.8244,514.3855,0.0000,0.0000,0.0000
161.1167,24.6829,1.5017,0.0000,474.7918,514.2122,0.0000,0.0000,0.0000
161.1333,24.6466,1.4733,0.0000,477.6810,514.0367,0.0000,0.0000,0.0000
161.1500,24.6103,1.4450,0.0000,480.4969,513.8590,0.0000,0.0000,0.0000
161.1667,24.5738,1.4167,0.0000,483.2442,513.6793,0.0000,0.0000,0.0000
161.1833,24.5373,1.3883,0.0000,485.9265,513.4975,0.0000,0.0000,0.0000
161.2000,24.5007,1.3600,0.0000,488.5472,513.3138,0.0000,0.0000,0.0000
161.2167,24.4640,1.3317,0.0000,491.1091,513.1281,0.0000,0.0000,0.0000
161.2333,24.4272,1.3033,0.0000,493.6147,512.9406,0.0000,0.0000,0.0000
161.2500,24.3903,1.2750,0.0000,496.0664,512.7512,0.0000,0.0000,0.0000
161.2667,24.3534,1.2467,0.0000,498.4662,512.5600,0.0000,0.0000,0.0000
161.2833,24.3163,1.2183,0.0000,500.8160,512.3671,0.0000,0.0000,0.0000
161.3000,24.2792,1.1900,0.0000,503.1172,512.1724,0.0000,0.0000,0.0000
161.3167,24.2421,1.1617,0.0000,505.3716,511.9761,0.0000,0.0000,0.0000
161.3333,24.2048,1.1333,0.0000,507.5804,511.7782,0.0000,0.0000,0.0000
161.3500,24.1675,1.1050,0.0000,509.7449,511.5786,0.0000,0.0000,0.0000
161.3667,24.1301,1.0767,0.0000,511.8662,511.3775,0.0000,0.0000,0.0000
161.3833,24.0926,1.0483,0.0000,513.9456,511.1749,0.0000,0.0000,0.0000
161.4000,24.0551,1.0200,0.0000,515.9839,510.9708,0.0000,0.0000,0.0000
161.4167,24.0175,0.9917,0.0000,517.9821,510.7653,0.0000,0.0000,0.0000
161.4333,23.9798,0.9633,0.0000,519.9413,510.5583,0.0000,0.0000,0.0000
161.4500,23.9421,0.9350,0.0000,521.8621,510.3499,0.0000,0.0000,0.0000
161.4667,23.9043,0.9067,0.0000,523.7454,510.1402,0.0000,0.0000,0.0000
161.4833,23.8664,0.8783,0.0000,525.5921,509.9292,0.0000,0.0000,0.0000
161.5000,23.8285,0.8500,0.0000,527.4028,509.7168,0.0000,0.0000,0.0000
161.5167,23.7906,0.8217,0.0000,529.1783,509.5032,0.0000,0.0000,0.0000
161.5333,23.7526,0.7933,0.0000,530.9192,509.2884,0.0000,0.0000,0.0000
161.5500,23.7145,0.7650,0.0000,532.6263,509.0723,0.0000,0.0000,0.0000
161.5667,23.6764,0.7367,0.0000,534.3002,508.8550,0.0000,0.0000,0.0000
161.5833,23.6382,0.7083,0.0000,535.9415,508.6367,0.0000,0.0000,0.0000
161.6000,23.5999,0.6800,0.0000,537.5508,508.4171,0.0000,0.0000,0.0000
161.6167,23.5617,0.6517,0.0000,539.1288,508.1965,0.0000,0.0000,0.0000
161.6333,23.5233,0.6233,0.0000,540.6760,507.9748,0.0000,0.0000,0.0000
161.6500,23.4850,0.5950,0.0000,542.1929,507.7521,0.0000,0.0000,0.0000
161.6667,23.4465,0.5667,0.0000,543.6802,507.5283,0.0000,0.0000,0.0000
161.6833,23.4081,0.5383,0.0000,545.1383,507.3035,0.0000,0.0000,0.0000
161.7000,23.3696,0.5100,0.0000,546.5679,507.0778,0.0000,0.0000,0.0000
161.7167,23.3310,0.4817,0.0000,547.9693,506.8510,0.0000,0.0000,0.0000
161.7333,23.2924,0.4533,0.0000,549.3432,506.6234,0.0000,0.0000,0.0000
161.7500,23.2538,0.4250,0.0000,550.6900,506.3949,0.0000,0.0000,0.0000
161.7667,23.2151,0.3967,0.0000,552.0102,506.1654,0.0000,0.0000,0.0000
161.7833,23.1764,0.3683,0.0000,553.3042,505.9352,0.0000,0.0000,0.0000
161.8000,23.1376,0.3400,0.0000,554.5726,505.7040,0.0000,0.0000,0.0000
161.8167,23.0988,0.3117,0.0000,555.8158,505.4721,0.0000,0.0000,0.0000
161.8333,23.0600,0.2833,0.0000,557.0342,505.2393,0.0000,0.0000,0.0000
161.8500,23.0212,0.2550,0.0000,558.2283,505.0058,0.0000,0.0000,0.0000
161.8667,22.9823,0.2267,0.0000,559.3985,504.7715,0.0000,0.0000,0.0000
161.8833,22.9433,0.1983,0.0000,560.5452,504.5365,0.0000,0.0000,0.0000
161.9000,22.9044,0.1700,0.0000,561.6689,504.3007,0.0000,0.0000,0.0000
161.9167,22.8654,0.1417,0.0000,562.7699,504.0643,0.0000,0.0000,0.0000
161.9333,22.8264,0.1133,0.0000,563.8486,503.8271,0.0000,0.0000,0.0000
161.9500,22.7873,0.0850,0.0000,564.9055,503.5893,0.0000,0.0000,0.0000
161.9667,22.7482,0.0567,0.0000,565.9408,503.3509,0.0000,0.0000,0.0000
161.9833,22.7091,0.0283,0.0000,566.9551,503.1118,0.0000,0.0000,0.0000
162.0000,22.6700,0.0000,0.0000,567.9493,502.8721,0.0000,0.0000,0.0000
162.0167,22.6308,-0.0183,0.0000,568.5742,502.4105,0.0000,0.0000,0.0000
162.0333,22.5917,-0.0367,0.0000,569.1904,501.9487,0.0000,0.0000,0.0000
162.0500,22.5525,-0.0550,0.0000,569.7986,501.4869,0.0000,0.0000,0.0000
162.0667,22.5134,-0.0733,0.0000,570.3987,501.0249,0.0000,0.0000,0.0000
162.0833,22.4742,-0.0917,0.0000,570.9903,500.5628,0.0000,0.0000,0.0000
162.1000,22.4350,-0.1100,0.0000,571.5730,500.1006,0.0000,0.0000,0.0000
162.1167,22.3959,-0.1283,0.0000,572.1461,499.6383,0.0000,0.0000,0.0000
162.1333,22.3567,-0.1467,0.0000,572.7090,499.1759,0.0000,0.0000,0.0000
162.1500,22.3175,-0.1650,0.0000,573.2610,498.7135,0.0000,0.0000,0.0000
162.1667,22.2783,-0.1833,0.0000,573.8016,498.2509,0.0000,0.0000,0.0000
162.1833,22.2391,-0.2017,0.0000,574.3304,497.7884,0.0000,0.0000,0.0000
162.2000,22.1999,-0.2200,0.0000,574.8468,497.3258,0.0000,0.0000,0.0000
162.2167,22.1607,-0.2383,0.0000,575.3504,496.8631,0.0000,0.0000,0.0000
162.2333,22.1216,-0.2567,0.0000,575.8410,496.4005,0.0000,0.0000,0.0000
162.2500,22.0824,-0.2750,0.0000,576.3182,495.9378,0.0000,0.0000,0.0000
162.2667,22.0432,-0.2933,0.0000,576.7818,495.4751,0.0000,0.0000,0.0000
162.2833,22.0040,-0.3117,0.0000,577.2316,495.0125,0.0000,0.0000,0.0000
162.3000,21.9648,-0.3300,0.0000,577.6675,494.5498,0.0000,0.0000,0.0000
162.3167,21.9256,-0.3483,0.0000,578.0893,494.0872,0.0000,0.0000,0.0000
162.3333,21.8864,-0.3667,0.0000,578.4970,493.6247,0.0000,0.0000,0.0000
162.3500,21.8472,-0.3850,0.0000,578.8904,493.1621,0.0000,0.0000,0.0000
162.3667,21.8081,-0.4033,0.0000,579.2696,492.6997,0.0000,0.0000,0.0000
162.3833,21.7689,-0.4217,0.0000,579.6345,492.2373,0.0000,0.0000,0.0000
162.4000,21.7297,-0.4400,0.0000,579.9851,491.7751,0.0000,0.0000,0.0000
162.4167,21.6905,-0.4583,0.0000,580.3216,491.3129,0.0000,0.0000,0.0000
162.4333,21.6514,-0.4767,0.0000,580.6438,490.8508,0.0000,0.0000,0.0000
162.4500,21.6122,-0.4950,0.0000,580.9520,490.3889,0.0000,0.0000,0.0000
162.4667,21.5731,-0.5133,0.0000,581.2462,489.9271,0.0000,0.0000,0.0000
162.4833,21.5339,-0.5317,0.0000,581.5265,489.4654,0.0000,0.0000,0.0000
162.5000,21.4948,-0.5500,0.0000,581.7930,489.0040,0.0000,0.0000,0.0000
162.5167,21.4557,-0.5683,0.0000,582.0458,488.5426,0.0000,0.0000,0.0000
162.5333,21.4165,-0.5867,0.0000,582.2851,488.0815,0.0000,0.0000,0.0000
162.5500,21.3774,-0.6050,0.0000,582.5111,487.6205,0.0000,0.0000,0.0000
162.5667,21.3383,-0.6233,0.0000,582.7238,487.1598,0.0000,0.0000,0.0000
162.5833,21.2992,-0.6417,0.0000,582.9234,486.6992,0.0000,0.0000,0.0000
162.6000,21.2601,-0.6600,0.0000,583.1101,486.2389,0.0000,0.0000,0.0000
162.6167,21.2211,-0.6783,0.0000,583.2842,485.7788,0.0000,0.0000,0.0000
162.6333,21.1820,-0.6967,0.0000,583.4456,485.3190,0.0000,0.0000,0.0000
162.6500,21.1429,-0.7150,0.0000,583.5947,484.8594,0.0000,0.0000,0.0000
162.6667,21.1039,-0.7333,0.0000,583.7317,484.4000,0.0000,0.0000,0.0000
162.6833,21.0649,-0.7517,0.0000,583.8567,483.9410,0.0000,0.0000,0.0000
162.7000,21.0259,-0.7700,0.0000,583.9698,483.4822,0.0000,0.0000,0.0000
162.7167,20.9869,-0.7883,0.0000,584.0714,483.0237,0.0000,0.0000,0.0000
162.7333,20.9479,-0.8067,0.0000,584.1616,482.5655,0.0000,0.0000,0.0000
162.7500,20.9089,-0.8250,0.0000,584.2405,482.1076,0.0000,0.0000,0.0000
162.7667,20.8699,-0.8433,0.0000,584.3085,481.6500,0.0000,0.0000,0.0000
162.7833,20.8310,-0.8617,0.0000,584.3657,481.1928,0.0000,0.0000,0.0000
162.8000,20.7920,-0.8800,0.0000,584.4122,480.7359,0.0000,0.0000,0.0000
162.8167,20.7531,-0.8983,0.0000,584.4483,480.2793,0.0000,0.0000,0.0000
162.8333,20.7142,-0.9167,0.0000,584.4742,479.8231,0.0000,0.0000,0.0000
162.8500,20.6753,-0.9350,0.0000,584.4901,479.3672,0.0000,0.0000,0.0000
162.8667,20.6365,-0.9533,0.0000,584.4962,478.9117,0.0000,0.0000,0.0000
162.8833,20.5976,-0.9717,0.0000,584.4926,478.4565,0.0000,0.0000,0.0000
162.9000,20.5588,-0.9900,0.0000,584.4796,478.0018,0.0000,0.0000,0.0000
162.9167,20.5200,-1.0083,0.0000,584.4573,477.5474,0.0000,0.0000,0.0000
162.9333,20.4812,-1.0267,0.0000,584.4259,477.0934,0.0000,0.0000,0.0000
162.9500,20.4424,-1.0450,0.0000,584.3857,476.6399,0.0000,0.0000,0.0000
162.9667,20.4036,-1.0633,0.0000,584.3368,476.1867,0.0000,0.0000,0.0000
162.9833,20.3649,-1.0817,0.0000,584.2793,475.7339,0.0000,0.0000,0.0000
163.0000,20.3262,-1.1000,0.0000,584.2135,475.2816,0.0000,0.0000,0.0000
163.0167,20.2875,-1.1183,0.0000,584.1395,474.8297,0.0000,0.0000,0.0000
163.0333,20.2488,-1.1367,0.0000,584.0575,474.3782,0.0000,0.0000,0.0000
163.0500,20.2101,-1.1550,0.0000,583.9675,473.9272,0.0000,0.0000,0.0000
163.0667,20.1715,-1.1733,0.0000,583.8695,473.4766,0.0000,0.0000,0.0000
163.0833,20.1328,-1.1917,0.0000,583.7636,473.0264,0.0000,0.0000,0.0000
163.1000,20.0942,-1.2100,0.0000,583.6497,472.5768,0.0000,0.0000,0.0000
163.1167,20.0556,-1.2283,0.0000,583.5278,472.1275,0.0000,0.0000,0.0000
163.1333,20.0171,-1.2467,0.0000,583.3977,471.6788,0.0000,0.0000,0.0000
163.1500,19.9841,-1.2650,1592.4995,585.6160,471.3534,0.0000,0.0000,0.0000
163.1667,19.9601,-1.2833,3992.8368,591.5554,471.2276,0.0000,0.0000,0.0000
163.1833,19.9422,-1.3017,5777.5248,599.9159,471.2384,0.0000,0.0000,0.0000
163.2000,19.9289,-1.3200,7114.8456,609.9329,471.3484,0.0000,0.0000,0.0000
163.2167,19.9187,-1.3383,8126.8414,621.0629,471.5306,0.0000,0.0000,0.0000
163.2333,19.9110,-1.3567,8902.0395,632.9189,471.7653,0.0000,0.0000,0.0000
163.2500,19.9050,-1.3750,9504.6705,645.2257,472.0383,0.0000,0.0000,0.0000
163.2667,19.9002,-1.3933,9981.3481,657.7879,472.3392,0.0000,0.0000,0.0000
163.2833,19.8963,-1.4117,10365.9108,670.4672,472.6606,0.0000,0.0000,0.0000
163.3000,19.8932,-1.4300,10682.9316,683.1666,472.9970,0.0000,0.0000,0.0000
163.3167,19.8905,-1.4483,10950.2623,695.8184,473.3443,0.0000,0.0000,0.0000
163.3333,19.8882,-1.4667,11180.8788,708.3757,473.6999,0.0000,0.0000,0.0000
163.3500,19.8862,-1.4850,11384.2187,720.8070,474.0614,0.0000,0.0000,0.0000
163.3667,19.8843,-1.5033,11567.1522,733.0913,474.4275,0.0000,0.0000,0.0000
163.3833,19.8827,-1.5217,11734.6853,745.2155,474.7970,0.0000,0.0000,0.0000
163.4000,19.8811,-1.5400,11890.4705,757.1716,475.1692,0.0000,0.0000,0.0000
163.4167,19.8796,-1.5583,12037.1777,768.9556,475.5433,0.0000,0.0000,0.0000
163.4333,19.8783,-1.5767,12165.9367,779.8939,475.9214,0.0000,0.0000,0.0000
163.4500,19.8771,-1.5950,12290.4315,790.6701,476.3005,0.0000,0.0000,0.0000
163.4667,19.8759,-1.6133,12411.3347,801.2900,476.6803,0.0000,0.0000,0.0000
163.4833,19.8747,-1.6317,12529.1624,811.7579,477.0609,0.0000,0.0000,0.0000
163.5000,19.8736,-1.6500,12644.3116,822.0775,477.4420,0.0000,0.0000,0.0000
163.5167,19.8724,-1.6683,12757.0894,832.2525,477.8237,0.0000,0.0000,0.0000
163.5333,19.8713,-1.6867,12867.7354,842.2864,478.2058,0.0000,0.0000,0.0000
163.5500,19.8702,-1.7050,12976.4379,852.1826,478.5883,0.0000,0.0000,0.0000
163.5667,19.8692,-1.7233,13083.3471,861.9444,478.9713,0.0000,0.0000,0.0000
163.5833,19.8681,-1.7417,13188.5837,871.5754,479.3546,0.0000,0.0000,0.0000
163.6000,19.8671,-1.7600,13292.2466,881.0786,479.7383,0.0000,0.0000,0.0000
163.6167,19.8661,-1.7783,13394.4179,890.4572,480.1223,0.0000,0.0000,0.0000
163.6333,19.8650,-1.7967,13495.1668,899.7142,480.5067,0.0000,0.0000,0.0000
163.6500,19.8641,-1.8150,13594.5526,908.8527,480.8913,0.0000,0.0000,0.0000
163.6667,19.8631,-1.8333,13692.6271,917.8755,481.2762,0.0000,0.0000,0.0000
163.6833,19.8621,-1.8517,13789.4360,926.7854,481.6614,0.0000,0.0000,0.0000
163.7000,19.8611,-1.8700,13885.0204,935.5850,482.0469,0.0000,0.0000,0.0000
163.7167,19.8602,-1.8883,13979.4176,944.2770,482.4326,0.0000,0.0000,0.0000
163.7333,19.8593,-1.9067,14072.6617,952.8639,482.8186,0.0000,0.0000,0.0000
163.7500,19.8584,-1.9250,14164.7847,961.3481,483.2049,0.0000,0.0000,0.0000
163.7667,19.8574,-1.9433,14255.8162,969.7319,483.5913,0.0000,0.0000,0.0000
163.7833,19.8565,-1.9617,14345.7843,978.0177,483.9781,0.0000,0.0000,0.0000
163.8000,19.8557,-1.9800,14434.7154,986.2077,484.3650,0.0000,0.0000,0.0000
163.8167,19.8548,-1.9983,14522.6348,994.3039,484.7522,0.0000,0.0000,0.0000
163.8333,19.8539,-2.0167,14609.5666,1002.3085,485.1396,0.0000,0.0000,0.0000
163.8500,19.8530,-2.0350,14695.5337,1010.2234,485.5272,0.0000,0.0000,0.0000
163.8667,19.8522,-2.0533,14780.5585,1018.0507,485.9150,0.0000,0.0000,0.0000
163.8833,19.8514,-2.0717,14864.6622,1025.7922,486.3030,0.0000,0.0000,0.0000
163.9000,19.8505,-2.0900,14947.8653,1033.4496,486.6912,0.0000,0.0000,0.0000
163.9167,19.8497,-2.1083,15030.1876,1041.0248,487.0796,0.0000,0.0000,0.0000
163.9333,19.8489,-2.1267,15111.6484,1048.5195,487.4682,0.0000,0.0000,0.0000
163.9500,19.8481,-2.1450,15192.2661,1055.9354,487.8570,0.0000,0.0000,0.0000
163.9667,19.8473,-2.1633,15272.0587,1063.2740,488.2460,0.0000,0.0000,0.0000
163.9833,19.8465,-2.1817,15351.0434,1070.5370,488.6352,0.0000,0.0000,0.0000
164.0000,19.8456,-2.2000,15435.8698,1078.1552,489.0230,0.0000,0.0000,0.0000
164.0167,19.8449,-2.2183,15512.7131,1085.2749,489.4127,0.0000,0.0000,0.0000
164.0333,19.8441,-2.2367,15588.9482,1092.3228,489.8024,0.0000,0.0000,0.0000
164.0500,19.8434,-2.2550,15664.5547,1099.3015,490.1923,0.0000,0.0000,0.0000
164.0667,19.8426,-2.2733,15739.5215,1106.2129,490.5824,0.0000,0.0000,0.0000
164.0833,19.8419,-2.2917,15813.8437,1113.0582,490.9726,0.0000,0.0000,0.0000
164.1000,19.8411,-2.3100,15887.5205,1119.8386,491.3629,0.0000,0.0000,0.0000
164.1167,19.8404,-2.3283,15960.5544,1126.5553,491.7534,0.0000,0.0000,0.0000
164.1333,19.8397,-2.3467,16032.9499,1133.2095,492.1440,0.0000,0.0000,0.0000
164.1500,19.8390,-2.3650,16104.7134,1139.8023,492.5347,0.0000,0.0000,0.0000
164.1667,19.8382,-2.3833,16175.8528,1146.3349,492.9256,0.0000,0.0000,0.0000
164.1833,19.8375,-2.4017,16246.3768,1152.8086,493.3167,0.0000,0.0000,0.0000
164.2000,19.8368,-2.4200,16316.2952,1159.2245,493.7078,0.0000,0.0000,0.0000
164.2167,19.8361,-2.4383,16385.6181,1165.5839,494.0991,0.0000,0.0000,0.0000
164.2333,19.8355,-2.4567,16454.3560,1171.8879,494.4906,0.0000,0.0000,0.0000
164.2500,19.8348,-2.4750,16522.5200,1178.1376,494.8821,0.0000,0.0000,0.0000
164.2667,19.8341,-2.4933,16590.1207,1184.3342,495.2738,0.0000,0.0000,0.0000
164.2833,19.8334,-2.5117,16657.1692,1190.4788,495.6656,0.0000,0.0000,0.0000
164.3000,19.8328,-2.5300,16723.6763,1196.5725,496.0575,0.0000,0.0000,0.0000
164.3167,19.8321,-2.5483,16789.6525,1202.6162,496.4496,0.0000,0.0000,0.0000
164.3333,19.8314,-2.5667,16855.1085,1208.6109,496.8417,0.0000,0.0000,0.0000
164.3500,19.8308,-2.5850,16920.0543,1214.5577,497.2340,0.0000,0.0000,0.0000
164.3667,19.8302,-2.6033,16984.5002,1220.4574,497.6264,0.0000,0.0000,0.0000
164.3833,19.8295,-2.6217,17048.4556,1226.3109,498.0189,0.0000,0.0000,0.0000
164.4000,19.8289,-2.6400,17111.9302,1232.1191,498.4115,0.0000,0.0000,0.0000
164.4167,19.8283,-2.6583,17174.9331,1237.8828,498.8042,0.0000,0.0000,0.0000
164.4333,19.8276,-2.6767,17237.4733,1243.6029,499.1970,0.0000,0.0000,0.0000
164.4500,19.8270,-2.6950,17299.5593,1249.2801,499.5899,0.0000,0.0000,0.0000
164.4667,19.8264,-2.7133,17361.1995,1254.9151,499.9829,0.0000,0.0000,0.0000
164.4833,19.8258,-2.7317,17422.4021,1260.5088,500.3760,0.0000,0.0000,0.0000
164.5000,19.8252,-2.7500,17483.1749,1266.0618,500.7692,0.0000,0.0000,0.0000
164.5167,19.8246,-2.7683,17543.5255,1271.5748,501.1624,0.0000,0.0000,0.0000
164.5333,19.8240,-2.7867,17603.4612,1277.0485,501.5558,0.0000,0.0000,0.0000
164.5500,19.8234,-2.8050,17662.9893,1282.4835,501.9493,0.0000,0.0000,0.0000
164.5667,19.8228,-2.8233,17722.1167,1287.8804,502.3429,0.0000,0.0000,0.0000
164.5833,19.8222,-2.8417,17780.8500,1293.2399,502.7365,0.0000,0.0000,0.0000
164.6000,19.8216,-2.8600,17839.1957,1298.5625,503.1302,0.0000,0.0000,0.0000
164.6167,19.8210,-2.8783,17897.1602,1303.8489,503.5241,0.0000,0.0000,0.0000
164.6333,19.8205,-2.8967,17954.7496,1309.0995,503.9180,0.0000,0.0000,0.0000
164.6500,19.8199,-2.9150,18011.9698,1314.3149,504.3119,0.0000,0.0000,0.0000
164.6667,19.8193,-2.9333,18068.8265,1319.4956,504.7060,0.0000,0.0000,0.0000
164.6833,19.8187,-2.9517,18125.3253,1324.6422,505.1001,0.0000,0.0000,0.0000
164.7000,19.8182,-2.9700,18181.4718,1329.7551,505.4944,0.0000,0.0000,0.0000
164.7167,19.8176,-2.9883,18237.2711,1334.8349,505.8887,0.0000,0.0000,0.0000
164.7333,19.8171,-3.0067,18292.7283,1339.8819,506.2830,0.0000,0.0000,0.0000
164.7500,19.8165,-3.0250,18347.8485,1344.8966,506.6775,0.0000,0.0000,0.0000
164.7667,19.8160,-3.0433,18402.6364,1349.8796,507.0720,0.0000,0.0000,0.0000
164.7833,19.8154,-3.0617,18457.0969,1354.8311,507.4666,0.0000,0.0000,0.0000
164.8000,19.8149,-3.0800,18511.2345,1359.7517,507.8613,0.0000,0.0000,0.0000
164.8167,19.8143,-3.0983,18565.0536,1364.6418,508.2560,0.0000,0.0000,0.0000
164.8333,19.8138,-3.1167,18618.5587,1369.5016,508.6508,0.0000,0.0000,0.0000
164.8500,19.8133,-3.1350,18671.7539,1374.3318,509.0457,0.0000,0.0000,0.0000
164.8667,19.8128,-3.1533,18724.6433,1379.1325,509.4406,0.0000,0.0000,0.0000
164.8833,19.8122,-3.1717,18777.2311,1383.9043,509.8356,0.0000,0.0000,0.0000
164.9000,19.8117,-3.1900,18829.5212,1388.6473,510.2307,0.0000,0.0000,0.0000
164.9167,19.8112,-3.2083,18881.5173,1393.3622,510.6259,0.0000,0.0000,0.0000
164.9333,19.8107,-3.2267,18933.2232,1398.0490,511.0211,0.0000,0.0000,0.0000
164.9500,19.8102,-3.2450,18984.6426,1402.7083,511.4163,0.0000,0.0000,0.0000
164.9667,19.8096,-3.2633,19035.7790,1407.3403,511.8117,0.0000,0.0000,0.0000
164.9833,19.8091,-3.2817,19086.6360,1411.9453,512.2071,0.0000,0.0000,0.0000
165.0000,19.8086,-3.3000,19137.2169,1416.5238,512.6025,0.0000,0.0000,0.0000
165.0167,19.8082,-3.3000,19184.9029,1420.4269,512.5919,0.0000,0.0000,0.0000
165.0333,19.8077,-3.3000,19230.3691,1424.3117,512.5819,0.0000,0.0000,0.0000
165.0500,19.8073,-3.3000,19274.1169,1428.1758,512.5721,0.0000,0.0000,0.0000
165.0667,19.8068,-3.3000,19316.5180,1432.0174,512.5627,0.0000,0.0000,0.0000
165.0833,19.8064,-3.3000,19357.8480,1435.8350,512.5536,0.0000,0.0000,0.0000
165.1000,19.8060,-3.3000,19398.3106,1439.6271,512.5446,0.0000,0.0000,0.0000
165.1167,19.8056,-3.3000,19438.0559,1443.3928,512.5358,0.0000,0.0000,0.0000
165.1333,19.8052,-3.3000,19477.1940,1447.1309,512.5271,0.0000,0.0000,0.0000
165.1500,19.8048,-3.3000,19515.8056,1450.8406,512.5185,0.0000,0.0000,0.0000
165.1667,19.8045,-3.3000,19553.9493,1454.5211,512.5101,0.0000,0.0000,0.0000
165.1833,19.8041,-3.3000,19591.6674,1458.1718,512.5017,0.0000,0.0000,0.0000
165.2000,19.8037,-3.3000,19628.9902,1461.7920,512.4934,0.0000,0.0000,0.0000
165.2167,19.8033,-3.3000,19665.9393,1465.3812,512.4852,0.0000,0.0000,0.0000
165.2333,19.8030,-3.3000,19702.5295,1468.9390,512.4771,0.0000,0.0000,0.0000
165.2500,19.8026,-3.3000,19738.7713,1472.4649,512.4691,0.0000,0.0000,0.0000
165.2667,19.8023,-3.3000,19774.6715,1475.9588,512.4611,0.0000,0.0000,0.0000
165.2833,19.8019,-3.3000,19810.2348,1479.4202,512.4532,0.0000,0.0000,0.0000
165.3000,19.8015,-3.3000,19845.4640,1482.8490,512.4454,0.0000,0.0000,0.0000
165.3167,19.8012,-3.3000,19880.3609,1486.2450,512.4377,0.0000,0.0000,0.0000
165.3333,19.8009,-3.3000,19914.9264,1489.6081,512.4300,0.0000,0.0000,0.0000
165.3500,19.8005,-3.3000,19949.1610,1492.9382,512.4224,0.0000,0.0000,0.0000
165.3667,19.8002,-3.3000,19983.0650,1496.2353,512.4149,0.0000,0.0000,0.0000
165.3833,19.7998,-3.3000,20016.6385,1499.4992,512.4074,0.0000,0.0000,0.0000
165.4000,19.7995,-3.3000,20049.8816,1502.7301,512.4001,0.0000,0.0000,0.0000
165.4167,19.7992,-3.3000,20082.7946,1505.9279,512.3928,0.0000,0.0000,0.0000
165.4333,19.7988,-3.3000,20115.3776,1509.0928,512.3855,0.0000,0.0000,0.0000
165.4500,19.7985,-3.3000,20147.6313,1512.2248,512.3784,0.0000,0.0000,0.0000
165.4667,19.7982,-3.3000,20179.5561,1515.3240,512.3713,0.0000,0.0000,0.0000
165.4833,19.7979,-3.3000,20211.1528,1518.3906,512.3643,0.0000,0.0000,0.0000
165.5000,19.7976,-3.3000,20242.4226,1521.4247,512.3574,0.0000,0.0000,0.0000
165.5167,19.7973,-3.3000,20273.3664,1524.4265,512.3505,0.0000,0.0000,0.0000
165.5333,19.7970,-3.3000,20303.9856,1527.3962,512.3437,0.0000,0.0000,0.0000
165.5500,19.7967,-3.3000,20334.2818,1530.3340,512.3370,0.0000,0.0000,0.0000
165.5667,19.7964,-3.3000,20364.2565,1533.2400,512.3303,0.0000,0.0000,0.0000
165.5833,19.7961,-3.3000,20393.9116,1536.1146,512.3238,0.0000,0.0000,0.0000
165.6000,19.7958,-3.3000,20423.2490,1538.9579,512.3172,0.0000,0.0000,0.0000
165.6167,19.7955,-3.3000,20452.2707,1541.7702,512.3108,0.0000,0.0000,0.0000
165.6333,19.7952,-3.3000,20480.9791,1544.5518,512.3044,0.0000,0.0000,0.0000
165.6500,19.7949,-3.3000,20509.3763,1547.3029,512.2981,0.0000,0.0000,0.0000
165.6667,19.7946,-3.3000,20537.4648,1550.0238,512.2919,0.0000,0.0000,0.0000
165.6833,19.7943,-3.3000,20565.2470,1552.7147,512.2857,0.0000,0.0000,0.0000
165.7000,19.7941,-3.3000,20592.7256,1555.3760,512.2796,0.0000,0.0000,0.0000
165.7167,19.7938,-3.3000,20619.9031,1558.0080,512.2736,0.0000,0.0000,0.0000
165.7333,19.7935,-3.3000,20646.7823,1560.6108,512.2677,0.0000,0.0000,0.0000
165.7500,19.7933,-3.3000,20673.3659,1563.1849,512.2618,0.0000,0.0000,0.0000
165.7667,19.7930,-3.3000,20699.6568,1565.7305,512.2559,0.0000,0.0000,0.0000
165.7833,19.7927,-3.3000,20725.6578,1568.2480,512.2502,0.0000,0.0000,0.0000
165.8000,19.7925,-3.3000,20751.3718,1570.7375,512.2445,0.0000,0.0000,0.0000
165.8167,19.7922,-3.3000,20776.8017,1573.1995,512.2388,0.0000,0.0000,0.0000
165.8333,19.7920,-3.3000,20801.9505,1575.6342,512.2332,0.0000,0.0000,0.0000
165.8500,19.7917,-3.3000,20826.8211,1578.0419,512.2277,0.0000,0.0000,0.0000
165.8667,19.7915,-3.3000,20851.4165,1580.4229,512.2223,0.0000,0.0000,0.0000
165.8833,19.7912,-3.3000,20875.7398,1582.7776,512.2169,0.0000,0.0000,0.0000
165.9000,19.7910,-3.3000,20899.7938,1585.1062,512.2115,0.0000,0.0000,0.0000
165.9167,19.7908,-3.3000,20923.5817,1587.4091,512.2063,0.0000,0.0000,0.0000
165.9333,19.7905,-3.3000,20947.1064,1589.6865,512.2010,0.0000,0.0000,0.0000
165.9500,19.7903,-3.3000,20970.3709,1591.9387,512.1959,0.0000,0.0000,0.0000
165.9667,19.7901,-3.3000,20993.3781,1594.1661,512.1908,0.0000,0.0000,0.0000
165.9833,19.7898,-3.3000,21016.1312,1596.3689,512.1857,0.0000,0.0000,0.0000
166.0000,19.7896,-3.3000,21038.6330,1598.5474,512.1807,0.0000,0.0000,0.0000
166.0167,19.7894,-3.3100,21062.3171,1601.0561,512.3973,0.0000,0.0000,0.0000
166.0333,19.7891,-3.3200,21086.8201,1603.5369,512.6137,0.0000,0.0000,0.0000
166.0500,19.7889,-3.3300,21111.8733,1605.9917,512.8300,0.0000,0.0000,0.0000
166.0667,19.7886,-3.3400,21137.2783,1608.4218,513.0461,0.0000,0.0000,0.0000
166.0833,19.7884,-3.3500,21162.8894,1610.8285,513.2623,0.0000,0.0000,0.0000
166.1000,19.7881,-3.3600,21188.6000,1613.2129,513.4784,0.0000,0.0000,0.0000
166.1167,19.7879,-3.3700,21214.3326,1615.5761,513.6945,0.0000,0.0000,0.0000
166.1333,19.7876,-3.3800,21240.0314,1617.9191,513.9106,0.0000,0.0000,0.0000
166.1500,19.7873,-3.3900,21265.6567,1620.2428,514.1268,0.0000,0.0000,0.0000
166.1667,19.7871,-3.4000,21291.1809,1622.5479,514.3429,0.0000,0.0000,0.0000
166.1833,19.7868,-3.4100,21316.5850,1624.8354,514.5591,0.0000,0.0000,0.0000
166.2000,19.7866,-3.4200,21341.8569,1627.1059,514.7754,0.0000,0.0000,0.0000
166.2167,19.7863,-3.4300,21366.9889,1629.3601,514.9916,0.0000,0.0000,0.0000
166.2333,19.7861,-3.4400,21391.9771,1631.5987,515.2079,0.0000,0.0000,0.0000
166.2500,19.7858,-3.4500,21416.8198,1633.8223,515.4242,0.0000,0.0000,0.0000
166.2667,19.7856,-3.4600,21441.5175,1636.0314,515.6405,0.0000,0.0000,0.0000
166.2833,19.7853,-3.4700,21466.0716,1638.2267,515.8569,0.0000,0.0000,0.0000
166.3000,19.7851,-3.4800,21490.4847,1640.4085,516.0733,0.0000,0.0000,0.0000
166.3167,19.7849,-3.4900,21514.7596,1642.5775,516.2898,0.0000,0.0000,0.0000
166.3333,19.7846,-3.5000,21538.8999,1644.7340,516.5062,0.0000,0.0000,0.0000
166.3500,19.7844,-3.5100,21562.9092,1646.8784,516.7227,0.0000,0.0000,0.0000
166.3667,19.7841,-3.5200,21586.7910,1649.0112,516.9392,0.0000,0.0000,0.0000
166.3833,19.7839,-3.5300,21610.5492,1651.1328,517.1558,0.0000,0.0000,0.0000
166.4000,19.7837,-3.5400,21634.1875,1653.2435,517.3724,0.0000,0.0000,0.0000
166.4167,19.7834,-3.5500,21657.7093,1655.3436,517.5890,0.0000,0.0000,0.0000
166.4333,19.7832,-3.5600,21681.1182,1657.4334,517.8056,0.0000,0.0000,0.0000
166.4500,19.7830,-3.5700,21704.4176,1659.5133,518.0223,0.0000,0.0000,0.0000
166.4667,19.7827,-3.5800,21727.6106,1661.5835,518.2390,0.0000,0.0000,0.0000
166.4833,19.7825,-3.5900,21750.7004,1663.6442,518.4557,0.0000,0.0000,0.0000
166.5000,19.7823,-3.6000,21773.6897,1665.6958,518.6724,0.0000,0.0000,0.0000
166.5167,19.7820,-3.6100,21796.5815,1667.7385,518.8891,0.0000,0.0000,0.0000
166.5333,19.7818,-3.6200,21819.3783,1669.7724,519.1059,0.0000,0.0000,0.0000
166.5500,19.7816,-3.6300,21842.0826,1671.7979,519.3227,0.0000,0.0000,0.0000
166.5667,19.7814,-3.6400,21864.6967,1673.8150,519.5395,0.0000,0.0000,0.0000
166.5833,19.7811,-3.6500,21887.2228,1675.8240,519.7563,0.0000,0.0000,0.0000
166.6000,19.7809,-3.6600,21909.6631,1677.8249,519.9732,0.0000,0.0000,0.0000
166.6167,19.7807,-3.6700,21932.0195,1679.8181,520.1900,0.0000,0.0000,0.0000
166.6333,19.7805,-3.6800,21954.2939,1681.8037,520.4069,0.0000,0.0000,0.0000
166.6500,19.7802,-3.6900,21976.4879,1683.7817,520.6238,0.0000,0.0000,0.0000
166.6667,19.7800,-3.7000,21998.6033,1685.7523,520.8407,0.0000,0.0000,0.0000
166.6833,19.7798,-3.7100,22020.6416,1687.7157,521.0576,0.0000,0.0000,0.0000
166.7000,19.7796,-3.7200,22042.6042,1689.6719,521.2746,0.0000,0.0000,0.0000
166.7167,19.7794,-3.7300,22064.4925,1691.6211,521.4916,0.0000,0.0000,0.0000
166.7333,19.7791,-3.7400,22086.3078,1693.5634,521.7086,0.0000,0.0000,0.0000
166.7500,19.7789,-3.7500,22108.0513,1695.4988,521.9256,0.0000,0.0000,0.0000
166.7667,19.7787,-3.7600,22129.7242,1697.4276,522.1426,0.0000,0.0000,0.0000
166.7833,19.7785,-3.7700,22151.3275,1699.3496,522.3596,0.0000,0.0000,0.0000
166.8000,19.7783,-3.7800,22172.8623,1701.2651,522.5766,0.0000,0.0000,0.0000
166.8167,19.7781,-3.7900,22194.3294,1703.1742,522.7937,0.0000,0.0000,0.0000
166.8333,19.7778,-3.8000,22215.7298,1705.0768,523.0108,0.0000,0.0000,0.0000
166.8500,19.7776,-3.8100,22237.0644,1706.9731,523.2279,0.0000,0.0000,0.0000
166.8667,19.7774,-3.8200,22258.3339,1708.8630,523.4450,0.0000,0.0000,0.0000
166.8833,19.7772,-3.8300,22279.5390,1710.7468,523.6621,0.0000,0.0000,0.0000
166.9000,19.7770,-3.8400,22300.6806,1712.6244,523.8792,0.0000,0.0000,0.0000
166.9167,19.7768,-3.8500,22321.7593,1714.4960,524.0964,0.0000,0.0000,0.0000
166.9333,19.7766,-3.8600,22342.7756,1716.3614,524.3135,0.0000,0.0000,0.0000
166.9500,19.7764,-3.8700,22363.7303,1718.2209,524.5307,0.0000,0.0000,0.0000
166.9667,19.7762,-3.8800,22384.6238,1720.0744,524.7479,0.0000,0.0000,0.0000
166.9833,19.7759,-3.8900,22405.4568,1721.9220,524.9651,0.0000,0.0000,0.0000
167.0000,19.7757,-3.9000,22426.2297,1723.7638,525.1823,0.0000,0.0000,0.0000
167.0167,19.7755,-3.9000,22445.5121,1725.2454,525.1780,0.0000,0.0000,0.0000
167.0333,19.7754,-3.9000,22463.6705,1726.7253,525.1740,0.0000,0.0000,0.0000
167.0500,19.7752,-3.9000,22480.9771,1728.2020,525.1702,0.0000,0.0000,0.0000
167.0667,19.7750,-3.9000,22497.6333,1729.6746,525.1665,0.0000,0.0000,0.0000
167.0833,19.7749,-3.9000,22513.7884,1731.1419,525.1629,0.0000,0.0000,0.0000
167.1000,19.7747,-3.9000,22529.5520,1732.6032,525.1594,0.0000,0.0000,0.0000
167.1167,19.7745,-3.9000,22545.0050,1734.0578,525.1560,0.0000,0.0000,0.0000
167.1333,19.7744,-3.9000,22560.2063,1735.5050,525.1526,0.0000,0.0000,0.0000
167.1500,19.7742,-3.9000,22575.1986,1736.9441,525.1493,0.0000,0.0000,0.0000
167.1667,19.7741,-3.9000,22590.0127,1738.3746,525.1460,0.0000,0.0000,0.0000
167.1833,19.7740,-3.9000,22604.6704,1739.7961,525.1427,0.0000,0.0000,0.0000
167.2000,19.7738,-3.9000,22619.1871,1741.2081,525.1395,0.0000,0.0000,0.0000
167.2167,19.7737,-3.9000,22633.5732,1742.6101,525.1363,0.0000,0.0000,0.0000
167.2333,19.7735,-3.9000,22647.8357,1744.0019,525.1332,0.0000,0.0000,0.0000
167.2500,19.7734,-3.9000,22661.9789,1745.3830,525.1300,0.0000,0.0000,0.0000
167.2667,19.7732,-3.9000,22676.0054,1746.7532,525.1269,0.0000,0.0000,0.0000
167.2833,19.7731,-3.9000,22689.9165,1748.1122,525.1238,0.0000,0.0000,0.0000
167.3000,19.7730,-3.9000,22703.7126,1749.4597,525.1208,0.0000,0.0000,0.0000
167.3167,19.7728,-3.9000,22717.3934,1750.7956,525.1177,0.0000,0.0000,0.0000
167.3333,19.7727,-3.9000,22730.9582,1752.1197,525.1147,0.0000,0.0000,0.0000
167.3500,19.7726,-3.9000,22744.4061,1753.4318,525.1117,0.0000,0.0000,0.0000
167.3667,19.7724,-3.9000,22757.7362,1754.7318,525.1088,0.0000,0.0000,0.0000
167.3833,19.7723,-3.9000,22770.9473,1756.0196,525.1059,0.0000,0.0000,0.0000
167.4000,19.7722,-3.9000,22784.0385,1757.2950,525.1029,0.0000,0.0000,0.0000
167.4167,19.7720,-3.9000,22797.0087,1758.5579,525.1001,0.0000,0.0000,0.0000
167.4333,19.7719,-3.9000,22809.8570,1759.8084,525.0972,0.0000,0.0000,0.0000
167.4500,19.7718,-3.9000,22822.5826,1761.0464,525.0944,0.0000,0.0000,0.0000
167.4667,19.7716,-3.9000,22835.1847,1762.2717,525.0916,0.0000,0.0000,0.0000
167.4833,19.7715,-3.9000,22847.6629,1763.4844,525.0888,0.0000,0.0000,0.0000
167.5000,19.7714,-3.9000,22860.0166,1764.6846,525.0861,0.0000,0.0000,0.0000
167.5167,19.7713,-3.9000,22872.2454,1765.8721,525.0834,0.0000,0.0000,0.0000
167.5333,19.7712,-3.9000,22884.3492,1767.0469,525.0807,0.0000,0.0000,0.0000
167.5500,19.7710,-3.9000,22896.3278,1768.2092,525.0780,0.0000,0.0000,0.0000
167.5667,19.7709,-3.9000,22908.1811,1769.3590,525.0754,0.0000,0.0000,0.0000
167.5833,19.7708,-3.9000,22919.9092,1770.4962,525.0728,0.0000,0.0000,0.0000
167.6000,19.7707,-3.9000,22928.5245,1771.3663,525.0709,0.0000,0.0000,0.0000
167.6167,19.7706,-3.9000,22937.1354,1772.2280,525.0690,0.0000,0.0000,0.0000
167.6333,19.7705,-3.9000,22945.7275,1773.0817,525.0671,0.0000,0.0000,0.0000
167.6500,19.7705,-3.9000,22954.2895,1773.9276,525.0652,0.0000,0.0000,0.0000
167.6667,19.7704,-3.9000,22962.8125,1774.7659,525.0633,0.0000,0.0000,0.0000
167.6833,19.7703,-3.9000,22971.2895,1775.5965,525.0614,0.0000,0.0000,0.0000
167.7000,19.7702,-3.9000,22979.7151,1776.4197,525.0595,0.0000,0.0000,0.0000
167.7167,19.7701,-3.9000,22988.0849,1777.2355,525.0577,0.0000,0.0000,0.0000
167.7333,19.7700,-3.9000,22996.3957,1778.0439,525.0558,0.0000,0.0000,0.0000
167.7500,19.7700,-3.9000,23004.6447,1778.8450,525.0540,0.0000,0.0000,0.0000
167.7667,19.7699,-3.9000,23012.8299,1779.6389,525.0522,0.0000,0.0000,0.0000
167.7833,19.7698,-3.9000,23020.9497,1780.4255,525.0504,0.0000,0.0000,0.0000
167.8000,19.7697,-3.9000,23029.0030,1781.2050,525.0486,0.0000,0.0000,0.0000
167.8167,19.7696,-3.9000,23036.9889,1781.9773,525.0468,0.0000,0.0000,0.0000
167.8333,19.7696,-3.9000,23044.9066,1782.7425,525.0451,0.0000,0.0000,0.0000
167.8500,19.7695,-3.9000,23052.7558,1783.5006,525.0433,0.0000,0.0000,0.0000
167.8667,19.7694,-3.9000,23060.5362,1784.2518,525.0416,0.0000,0.0000,0.0000
167.8833,19.7693,-3.9000,23068.2475,1784.9959,525.0399,0.0000,0.0000,0.0000
167.9000,19.7692,-3.9000,23075.8898,1785.7331,525.0382,0.0000,0.0000,0.0000
167.9167,19.7692,-3.9000,23083.4629,1786.4633,525.0365,0.0000,0.0000,0.0000
167.9333,19.7691,-3.9000,23090.9671,1787.1867,525.0349,0.0000,0.0000,0.0000
167.9500,19.7690,-3.9000,23098.4025,1787.9032,525.0332,0.0000,0.0000,0.0000
167.9667,19.7689,-3.9000,23105.7693,1788.6130,525.0316,0.0000,0.0000,0.0000
167.9833,19.7689,-3.9000,23113.0676,1789.3159,525.0300,0.0000,0.0000,0.0000
