Time (hrs),Zone Temp (C),Outside Temp (C),HVAC Power (W),Fabric Loss (W),Air Exchange Loss (W),Solar Gains (W),Internal Gains (W),Window State (0-1)
0.0000,19.7563,0.0000,24365.3683,1772.0735,438.2412,0.0000,0.0000,0.0000
0.0167,19.7624,0.0000,23759.6920,1775.8444,438.3756,0.0000,0.0000,0.0000
0.0333,19.7667,0.0000,23327.5468,1778.8780,438.4714,0.0000,0.0000,0.0000
0.0500,19.7698,0.0000,23021.6463,1781.3063,438.5393,0.0000,0.0000,0.0000
0.0667,19.7720,0.0000,22803.9941,1783.2430,438.5875,0.0000,0.0000,0.0000
0.0833,19.7735,0.0000,22649.4970,1784.7551,438.6218,0.0000,0.0000,0.0000
0.1000,19.7746,0.0000,22540.0073,1785.8934,438.6461,0.0000,0.0000,0.0000
0.1167,19.7754,0.0000,22462.4107,1786.6983,438.6633,0.0000,0.0000,0.0000
0.1333,19.7759,0.0000,22408.2564,1787.1943,438.6753,0.0000,0.0000,0.0000
0.1500,19.7763,0.0000,22369.1525,1787.4293,438.6840,0.0000,0.0000,0.0000
0.1667,19.7766,0.0000,22340.4632,1787.4274,438.6904,0.0000,0.0000,0.0000
0.1833,19.7768,0.0000,22318.8431,1787.2098,438.6952,0.0000,0.0000,0.0000
0.2000,19.7770,0.0000,22301.8875,1786.7955,438.6989,0.0000,0.0000,0.0000
0.2167,19.7771,0.0000,22287.8770,1786.2016,438.7020,0.0000,0.0000,0.0000
0.2333,19.7772,0.0000,22275.5910,1785.4434,438.7048,0.0000,0.0000,0.0000
0.2500,19.7774,0.0000,22264.1711,1784.5351,438.7073,0.0000,0.0000,0.0000
0.2667,19.7775,0.0000,22253.0215,1783.4895,438.7098,0.0000,0.0000,0.0000
0.2833,19.7776,0.0000,22241.7368,1782.3186,438.7123,0.0000,0.0000,0.0000
0.3000,19.7777,0.0000,22230.0484,1781.0332,438.7149,0.0000,0.0000,0.0000
0.3167,19.7778,0.0000,22217.7864,1779.6435,438.7176,0.0000,0.0000,0.0000
0.3333,19.7780,0.0000,22204.8510,1778.1590,438.7205,0.0000,0.0000,0.0000
0.3500,19.7781,0.0000,22191.1925,1776.5885,438.7235,0.0000,0.0000,0.0000
0.3667,19.7782,0.0000,22176.7964,1774.9402,438.7267,0.0000,0.0000,0.0000
0.3833,19.7784,0.0000,22161.6720,1773.2217,438.7300,0.0000,0.0000,0.0000
0.4000,19.7785,0.0000,22145.8455,1771.4401,438.7335,0.0000,0.0000,0.0000
0.4167,19.7787,0.0000,22129.3536,1769.6022,438.7372,0.0000,0.0000,0.0000
0.4333,19.7789,0.0000,22112.2398,1767.7141,438.7410,0.0000,0.0000,0.0000
0.4500,19.7791,0.0000,22094.5513,1765.7815,438.7449,0.0000,0.0000,0.0000
0.4667,19.7792,0.0000,22076.3372,1763.8100,438.7490,0.0000,0.0000,0.0000
0.4833,19.7794,0.0000,22057.6469,1761.8045,438.7531,0.0000,0.0000,0.0000
0.5000,19.7796,0.0000,22038.5293,1759.7698,438.7573,0.0000,0.0000,0.0000
0.5167,19.7798,0.0000,22019.0318,1757.7102,438.7617,0.0000,0.0000,0.0000
0.5333,19.7800,0.0000,21999.2002,1755.6298,438.7661,0.0000,0.0000,0.0000
0.5500,19.7802,0.0000,21979.0783,1753.5326,438.7705,0.0000,0.0000,0.0000
0.5667,19.7804,0.0000,21958.7079,1751.4221,438.7751,0.0000,0.0000,0.0000
0.5833,19.7806,0.0000,21938.1284,1749.3015,438.7796,0.0000,0.0000,0.0000
0.6000,19.7808,0.0000,21917.3767,1747.1740,438.7842,0.0000,0.0000,0.0000
0.6167,19.7810,0.0000,21896.4877,1745.0424,438.7889,0.0000,0.0000,0.0000
0.6333,19.7812,0.0000,21875.4939,1742.9094,438.7935,0.0000,0.0000,0.0000
0.6500,19.7815,0.0000,21854.4258,1740.7774,438.7982,0.0000,0.0000,0.0000
0.6667,19.7817,0.0000,21833.3118,1738.6486,438.8029,0.0000,0.0000,0.0000
0.6833,19.7819,0.0000,21812.1782,1736.5253,438.8076,0.0000,0.0000,0.0000
0.7000,19.7821,0.0000,21791.0498,1734.4094,438.8122,0.0000,0.0000,0.0000
0.7167,19.7823,0.0000,21769.9496,1732.3026,438.8169,0.0000,0.0000,0.0000
0.7333,19.7825,0.0000,21748.8991,1730.2069,438.8216,0.0000,0.0000,0.0000
0.7500,19.7827,0.0000,21727.9183,1728.1236,438.8262,0.0000,0.0000,0.0000
0.7667,19.7829,0.0000,21707.0258,1726.0545,438.8309,0.0000,0.0000,0.0000
0.7833,19.7831,0.0000,21686.2388,1724.0006,438.8355,0.0000,0.0000,0.0000
0.8000,19.7833,0.0000,21667.2391,1722.0867,438.8397,0.0000,0.0000,0.0000
0.8167,19.7835,0.0000,21648.2590,1720.1909,438.8439,0.0000,0.0000,0.0000
0.8333,19.7837,0.0000,21629.3376,1718.3128,438.8481,0.0000,0.0000,0.0000
0.8500,19.7839,0.0000,21610.5049,1716.4526,438.8523,0.0000,0.0000,0.0000
0.8667,19.7841,0.0000,21591.7846,1714.6109,438.8564,0.0000,0.0000,0.0000
0.8833,19.7843,0.0000,21573.1958,1712.7882,438.8606,0.0000,0.0000,0.0000
0.9000,19.7845,0.0000,21554.7543,1710.9850,438.8647,0.0000,0.0000,0.0000
0.9167,19.7846,0.0000,21536.4731,1709.2018,438.8687,0.0000,0.0000,0.0000
0.9333,19.7848,0.0000,21518.3632,1707.4392,438.8727,0.0000,0.0000,0.0000
0.9500,19.7850,0.0000,21500.4339,1705.6974,438.8767,0.0000,0.0000,0.0000
0.9667,19.7852,0.0000,21482.6930,1703.9770,438.8806,0.0000,0.0000,0.0000
0.9833,19.7853,0.0000,21465.1475,1702.2781,438.8845,0.0000,0.0000,0.0000
1.0000,19.7855,0.0000,21447.8029,1700.6012,438.8884,0.0000,0.0000,0.0000
1.0167,19.7857,0.0000,21430.6645,1698.9465,438.8922,0.0000,0.0000,0.0000
1.0333,19.7859,0.0000,21413.7364,1697.3142,438.8959,0.0000,0.0000,0.0000
1.0500,19.7860,0.0000,21397.0224,1695.7044,438.8996,0.0000,0.0000,0.0000
1.0667,19.7862,0.0000,21380.5254,1694.1173,438.9033,0.0000,0.0000,0.0000
1.0833,19.7864,0.0000,21364.2482,1692.5530,438.9069,0.0000,0.0000,0.0000
1.1000,19.7865,0.0000,21348.1929,1691.0116,438.9105,0.0000,0.0000,0.0000
1.1167,19.7867,0.0000,21332.3612,1689.4932,438.9140,0.0000,0.0000,0.0000
1.1333,19.7868,0.0000,21316.7546,1687.9978,438.9175,0.0000,0.0000,0.0000
1.1500,19.7870,0.0000,21301.3740,1686.5253,438.9209,0.0000,0.0000,0.0000
1.1667,19.7871,0.0000,21286.2203,1685.0757,438.9242,0.0000,0.0000,0.0000
1.1833,19.7873,0.0000,21271.2937,1683.6491,438.9275,0.0000,0.0000,0.0000
1.2000,19.7874,0.0000,21256.5945,1682.2453,438.9308,0.0000,0.0000,0.0000
1.2167,19.7876,0.0000,21242.1226,1680.8642,438.9340,0.0000,0.0000,0.0000
1.2333,19.7877,0.0000,21227.8777,1679.5058,438.9372,0.0000,0.0000,0.0000
1.2500,19.7879,0.0000,21213.8592,1678.1700,438.9403,0.0000,0.0000,0.0000
1.2667,19.7880,0.0000,21200.0665,1676.8565,438.9433,0.0000,0.0000,0.0000
1.2833,19.7881,0.0000,21186.4985,1675.5653,438.9463,0.0000,0.0000,0.0000
1.3000,19.7883,0.0000,21173.1542,1674.2961,438.9493,0.0000,0.0000,0.0000
1.3167,19.7884,0.0000,21160.0324,1673.0489,438.9522,0.0000,0.0000,0.0000
1.3333,19.7885,0.0000,21147.1317,1671.8234,438.9551,0.0000,0.0000,0.0000
1.3500,19.7887,0.0000,21134.4505,1670.6195,438.9579,0.0000,0.0000,0.0000
1.3667,19.7888,0.0000,21121.9872,1669.4368,438.9607,0.0000,0.0000,0.0000
1.3833,19.7889,0.0000,21109.7401,1668.2753,438.9634,0.0000,0.0000,0.0000
1.4000,19.7890,0.0000,21097.7072,1667.1347,438.9660,0.0000,0.0000,0.0000
1.4167,19.7891,0.0000,21085.8866,1666.0148,438.9687,0.0000,0.0000,0.0000
1.4333,19.7893,0.0000,21074.2762,1664.9153,438.9712,0.0000,0.0000,0.0000
1.4500,19.7894,0.0000,21062.8740,1663.8361,438.9738,0.0000,0.0000,0.0000
1.4667,19.7895,0.0000,21051.6776,1662.7767,438.9763,0.0000,0.0000,0.0000
1.4833,19.7896,0.0000,21040.6849,1661.7371,438.9787,0.0000,0.0000,0.0000
1.5000,19.7897,0.0000,21029.8935,1660.7170,438.9811,0.0000,0.0000,0.0000
1.5167,19.7898,0.0000,21019.3009,1659.7161,438.9834,0.0000,0.0000,0.0000
1.5333,19.7899,0.0000,21008.9049,1658.7341,438.9857,0.0000,0.0000,0.0000
1.5500,19.7900,0.0000,20998.7028,1657.7708,438.9880,0.0000,0.0000,0.0000
1.5667,19.7901,0.0000,20988.6923,1656.8259,438.9902,0.0000,0.0000,0.0000
1.5833,19.7902,0.0000,20981.3897,1656.1071,438.9918,0.0000,0.0000,0.0000
1.6000,19.7903,0.0000,20974.1366,1655.4002,438.9935,0.0000,0.0000,0.0000
1.6167,19.7903,0.0000,20966.9450,1654.7046,438.9950,0.0000,0.0000,0.0000
1.6333,19.7904,0.0000,20959.8238,1654.0200,438.9966,0.0000,0.0000,0.0000
1.6500,19.7905,0.0000,20952.7799,1653.3460,438.9982,0.0000,0.0000,0.0000
1.6667,19.7905,0.0000,20945.8184,1652.6824,438.9997,0.0000,0.0000,0.0000
1.6833,19.7906,0.0000,20938.9429,1652.0290,439.0013,0.0000,0.0000,0.0000
1.7000,19.7907,0.0000,20932.1562,1651.3857,439.0028,0.0000,0.0000,0.0000
1.7167,19.7907,0.0000,20925.4602,1650.7523,439.0043,0.0000,0.0000,0.0000
1.7333,19.7908,0.0000,20918.8562,1650.1287,439.0057,0.0000,0.0000,0.0000
1.7500,19.7909,0.0000,20912.3450,1649.5148,439.0072,0.0000,0.0000,0.0000
1.7667,19.7909,0.0000,20905.9270,1648.9103,439.0086,0.0000,0.0000,0.0000
1.7833,19.7910,0.0000,20899.6023,1648.3153,439.0100,0.0000,0.0000,0.0000
1.8000,19.7911,0.0000,20893.3707,1647.7295,439.0114,0.0000,0.0000,0.0000
1.8167,19.7911,0.0000,20887.2318,1647.1528,439.0127,0.0000,0.0000,0.0000
1.8333,19.7912,0.0000,20881.1851,1646.5852,439.0141,0.0000,0.0000,0.0000
1.8500,19.7912,0.0000,20875.2299,1646.0265,439.0154,0.0000,0.0000,0.0000
1.8667,19.7913,0.0000,20869.3655,1645.4765,439.0167,0.0000,0.0000,0.0000
1.8833,19.7914,0.0000,20863.5911,1644.9352,439.0180,0.0000,0.0000,0.0000
1.9000,19.7914,0.0000,20857.9057,1644.4025,439.0192,0.0000,0.0000,0.0000
1.9167,19.7915,0.0000,20852.3084,1643.8783,439.0205,0.0000,0.0000,0.0000
1.9333,19.7915,0.0000,20846.7982,1643.3623,439.0217,0.0000,0.0000,0.0000
1.9500,19.7916,0.0000,20841.3742,1642.8546,439.0229,0.0000,0.0000,0.0000
1.9667,19.7916,0.0000,20836.0352,1642.3549,439.0241,0.0000,0.0000,0.0000
1.9833,19.7917,0.0000,20830.7803,1641.8633,439.0253,0.0000,0.0000,0.0000
2.0000,19.7918,0.0000,20823.2398,1641.1991,439.0269,0.0000,0.0000,0.0000
2.0167,19.7918,0.0000,20816.5533,1640.5881,439.0284,0.0000,0.0000,0.0000
2.0333,19.7919,0.0000,20810.0478,1639.9912,439.0299,0.0000,0.0000,0.0000
2.0500,19.7920,0.0000,20803.7147,1639.4091,439.0313,0.0000,0.0000,0.0000
2.0667,19.7920,0.0000,20797.5486,1638.8420,439.0326,0.0000,0.0000,0.0000
2.0833,19.7921,0.0000,20791.5461,1638.2903,439.0340,0.0000,0.0000,0.0000
2.1000,19.7921,0.0000,20785.7048,1637.7541,439.0353,0.0000,0.0000,0.0000
2.1167,19.7922,0.0000,20780.0226,1637.2331,439.0365,0.0000,0.0000,0.0000
2.1333,19.7923,0.0000,20774.4973,1636.7272,439.0377,0.0000,0.0000,0.0000
2.1500,19.7923,0.0000,20769.1266,1636.2361,439.0389,0.0000,0.0000,0.0000
2.1667,19.7924,0.0000,20763.9077,1635.7594,439.0401,0.0000,0.0000,0.0000
2.1833,19.7924,0.0000,20758.8375,1635.2966,439.0412,0.0000,0.0000,0.0000
2.2000,19.7925,0.0000,20753.9125,1634.8472,439.0423,0.0000,0.0000,0.0000
2.2167,19.7925,0.0000,20750.3522,1634.5090,439.0431,0.0000,0.0000,0.0000
2.2333,19.7925,0.0000,20746.8439,1634.1789,439.0439,0.0000,0.0000,0.0000
2.2500,19.7926,0.0000,20743.3923,1633.8564,439.0446,0.0000,0.0000,0.0000
2.2667,19.7926,0.0000,20740.0003,1633.5412,439.0454,0.0000,0.0000,0.0000
2.2833,19.7926,0.0000,20736.6700,1633.2330,439.0461,0.0000,0.0000,0.0000
2.3000,19.7927,0.0000,20733.4025,1632.9316,439.0469,0.0000,0.0000,0.0000
2.3167,19.7927,0.0000,20730.1983,1632.6369,439.0476,0.0000,0.0000,0.0000
2.3333,19.7927,0.0000,20727.0575,1632.3485,439.0483,0.0000,0.0000,0.0000
2.3500,19.7928,0.0000,20723.9798,1632.0663,439.0489,0.0000,0.0000,0.0000
2.3667,19.7928,0.0000,20720.9647,1631.7901,439.0496,0.0000,0.0000,0.0000
2.3833,19.7928,0.0000,20718.0112,1631.5198,439.0503,0.0000,0.0000,0.0000
2.4000,19.7928,0.0000,20715.1186,1631.2553,439.0509,0.0000,0.0000,0.0000
2.4167,19.7929,0.0000,20712.2857,1630.9963,439.0515,0.0000,0.0000,0.0000
2.4333,19.7929,0.0000,20709.5115,1630.7426,439.0522,0.0000,0.0000,0.0000
2.4500,19.7929,0.0000,20706.7947,1630.4943,439.0528,0.0000,0.0000,0.0000
2.4667,19.7930,0.0000,20704.1341,1630.2511,439.0533,0.0000,0.0000,0.0000
2.4833,19.7930,0.0000,20701.5285,1630.0129,439.0539,0.0000,0.0000,0.0000
2.5000,19.7930,0.0000,20698.9766,1629.7795,439.0545,0.0000,0.0000,0.0000
2.5167,19.7930,0.0000,20696.4773,1629.5509,439.0550,0.0000,0.0000,0.0000
2.5333,19.7931,0.0000,20694.0292,1629.3270,439.0556,0.0000,0.0000,0.0000
2.5500,19.7931,0.0000,20691.6312,1629.1075,439.0561,0.0000,0.0000,0.0000
2.5667,19.7931,0.0000,20689.2821,1628.8924,439.0566,0.0000,0.0000,0.0000
2.5833,19.7931,0.0000,20686.9807,1628.6817,439.0572,0.0000,0.0000,0.0000
2.6000,19.7932,0.0000,20684.7259,1628.4751,439.0577,0.0000,0.0000,0.0000
2.6167,19.7932,0.0000,20682.5165,1628.2726,439.0581,0.0000,0.0000,0.0000
2.6333,19.7932,0.0000,20680.3515,1628.0742,439.0586,0.0000,0.0000,0.0000
2.6500,19.7932,0.0000,20678.2298,1627.8796,439.0591,0.0000,0.0000,0.0000
2.6667,19.7932,0.0000,20676.1503,1627.6888,439.0596,0.0000,0.0000,0.0000
2.6833,19.7933,0.0000,20674.1122,1627.5017,439.0600,0.0000,0.0000,0.0000
2.7000,19.7933,0.0000,20672.1143,1627.3183,439.0604,0.0000,0.0000,0.0000
2.7167,19.7933,0.0000,20670.1558,1627.1384,439.0609,0.0000,0.0000,0.0000
2.7333,19.7933,0.0000,20668.2357,1626.9620,439.0613,0.0000,0.0000,0.0000
2.7500,19.7933,0.0000,20666.3532,1626.7890,439.0617,0.0000,0.0000,0.0000
2.7667,19.7934,0.0000,20664.5073,1626.6193,439.0621,0.0000,0.0000,0.0000
2.7833,19.7934,0.0000,20662.6973,1626.4528,439.0625,0.0000,0.0000,0.0000
2.8000,19.7934,0.0000,20660.9223,1626.2895,439.0629,0.0000,0.0000,0.0000
2.8167,19.7934,0.0000,20659.1815,1626.1293,439.0633,0.0000,0.0000,0.0000
2.8333,19.7934,0.0000,20657.4742,1625.9722,439.0637,0.0000,0.0000,0.0000
2.8500,19.7934,0.0000,20655.7995,1625.8180,439.0641,0.0000,0.0000,0.0000
2.8667,19.7935,0.0000,20654.1569,1625.6667,439.0644,0.0000,0.0000,0.0000
2.8833,19.7935,0.0000,20652.5456,1625.5182,439.0648,0.0000,0.0000,0.0000
2.9000,19.7935,0.0000,20650.9648,1625.3725,439.0651,0.0000,0.0000,0.0000
2.9167,19.7935,0.0000,20649.4140,1625.2296,439.0655,0.0000,0.0000,0.0000
2.9333,19.7935,0.0000,20647.8925,1625.0893,439.0658,0.0000,0.0000,0.0000
2.9500,19.7935,0.0000,20646.3996,1624.9516,439.0662,0.0000,0.0000,0.0000
2.9667,19.7936,0.0000,20644.9348,1624.8165,439.0665,0.0000,0.0000,0.0000
2.9833,19.7936,0.0000,20643.4975,1624.6839,439.0668,0.0000,0.0000,0.0000
3.0000,19.7936,0.0000,20642.0870,1624.5538,439.0671,0.0000,0.0000,0.0000
3.0167,19.7936,0.0000,20640.2280,1624.3885,439.0675,0.0000,0.0000,0.0000
3.0333,19.7936,0.0000,20638.4287,1624.2263,439.0679,0.0000,0.0000,0.0000
3.0500,19.7936,0.0000,20636.6804,1624.0666,439.0683,0.0000,0.0000,0.0000
3.0667,19.7937,0.0000,20634.9751,1623.9088,439.0687,0.0000,0.0000,0.0000
3.0833,19.7937,0.0000,20633.3053,1623.7522,439.0691,0.0000,0.0000,0.0000
3.1000,19.7937,0.0000,20631.6645,1623.5965,439.0694,0.0000,0.0000,0.0000
3.1167,19.7937,0.0000,20630.0466,1623.4413,439.0698,0.0000,0.0000,0.0000
3.1333,19.7937,0.0000,20628.4468,1623.2865,439.0701,0.0000,0.0000,0.0000
3.1500,19.7937,0.0000,20626.8612,1623.1319,439.0705,0.0000,0.0000,0.0000
3.1667,19.7937,0.0000,20625.2867,1622.9774,439.0708,0.0000,0.0000,0.0000
3.1833,19.7938,0.0000,20623.7212,1622.8233,439.0712,0.0000,0.0000,0.0000
3.2000,19.7938,0.0000,20622.1632,1622.6694,439.0715,0.0000,0.0000,0.0000
3.2167,19.7938,0.0000,20621.0120,1622.5506,439.0718,0.0000,0.0000,0.0000
3.2333,19.7938,0.0000,20619.8553,1622.4322,439.0720,0.0000,0.0000,0.0000
3.2500,19.7938,0.0000,20618.6948,1622.3143,439.0723,0.0000,0.0000,0.0000
3.2667,19.7938,0.0000,20617.5324,1622.1969,439.0726,0.0000,0.0000,0.0000
3.2833,19.7938,0.0000,20616.3693,1622.0801,439.0728,0.0000,0.0000,0.0000
3.3000,19.7938,0.0000,20615.2068,1621.9638,439.0731,0.0000,0.0000,0.0000
3.3167,19.7939,0.0000,20614.0460,1621.8481,439.0733,0.0000,0.0000,0.0000
3.3333,19.7939,0.0000,20612.8878,1621.7331,439.0736,0.0000,0.0000,0.0000
3.3500,19.7939,0.0000,20611.7330,1621.6188,439.0738,0.0000,0.0000,0.0000
3.3667,19.7939,0.0000,20610.5825,1621.5052,439.0741,0.0000,0.0000,0.0000
3.3833,19.7939,0.0000,20609.4370,1621.3924,439.0744,0.0000,0.0000,0.0000
3.4000,19.7939,0.0000,20608.2971,1621.2805,439.0746,0.0000,0.0000,0.0000
3.4167,19.7939,0.0000,20607.1634,1621.1695,439.0749,0.0000,0.0000,0.0000
3.4333,19.7939,0.0000,20606.0366,1621.0594,439.0751,0.0000,0.0000,0.0000
3.4500,19.7940,0.0000,20604.9170,1620.9502,439.0754,0.0000,0.0000,0.0000
3.4667,19.7940,0.0000,20603.8053,1620.8420,439.0756,0.0000,0.0000,0.0000
3.4833,19.7940,0.0000,20602.7019,1620.7349,439.0758,0.0000,0.0000,0.0000
3.5000,19.7940,0.0000,20601.6071,1620.6287,439.0761,0.0000,0.0000,0.0000
3.5167,19.7940,0.0000,20600.5214,1620.5237,439.0763,0.0000,0.0000,0.0000
3.5333,19.7940,0.0000,20599.4452,1620.4198,439.0766,0.0000,0.0000,0.0000
3.5500,19.7940,0.0000,20598.3788,1620.3170,439.0768,0.0000,0.0000,0.0000
3.5667,19.7940,0.0000,20597.3226,1620.2153,439.0770,0.0000,0.0000,0.0000
3.5833,19.7940,0.0000,20596.2767,1620.1148,439.0773,0.0000,0.0000,0.0000
3.6000,19.7940,0.0000,20595.2415,1620.0155,439.0775,0.0000,0.0000,0.0000
3.6167,19.7941,0.0000,20594.2173,1619.9174,439.0777,0.0000,0.0000,0.0000
3.6333,19.7941,0.0000,20593.2042,1619.8205,439.0780,0.0000,0.0000,0.0000
3.6500,19.7941,0.0000,20592.2026,1619.7249,439.0782,0.0000,0.0000,0.0000
3.6667,19.7941,0.0000,20591.2125,1619.6304,439.0784,0.0000,0.0000,0.0000
3.6833,19.7941,0.0000,20590.2341,1619.5373,439.0786,0.0000,0.0000,0.0000
3.7000,19.7941,0.0000,20589.2677,1619.4454,439.0788,0.0000,0.0000,0.0000
3.7167,19.7941,0.0000,20588.3134,1619.3547,439.0790,0.0000,0.0000,0.0000
3.7333,19.7941,0.0000,20587.3712,1619.2654,439.0792,0.0000,0.0000,0.0000
3.7500,19.7941,0.0000,20586.4413,1619.1773,439.0795,0.0000,0.0000,0.0000
3.7667,19.7941,0.0000,20585.5239,1619.0905,439.0797,0.0000,0.0000,0.0000
3.7833,19.7942,0.0000,20584.6189,1619.0050,439.0799,0.0000,0.0000,0.0000
3.8000,19.7942,0.0000,20583.7266,1618.9208,439.0801,0.0000,0.0000,0.0000
3.8167,19.7942,0.0000,20582.8468,1618.8379,439.0803,0.0000,0.0000,0.0000
3.8333,19.7942,0.0000,20581.9798,1618.7563,439.0804,0.0000,0.0000,0.0000
3.8500,19.7942,0.0000,20581.1255,1618.6760,439.0806,0.0000,0.0000,0.0000
3.8667,19.7942,0.0000,20580.2839,1618.5970,439.0808,0.0000,0.0000,0.0000
3.8833,19.7942,0.0000,20579.4552,1618.5192,439.0810,0.0000,0.0000,0.0000
3.9000,19.7942,0.0000,20578.6392,1618.4428,439.0812,0.0000,0.0000,0.0000
3.9167,19.7942,0.0000,20577.8360,1618.3676,439.0814,0.0000,0.0000,0.0000
3.9333,19.7942,0.0000,20577.0457,1618.2937,439.0815,0.0000,0.0000,0.0000
3.9500,19.7942,0.0000,20576.2681,1618.2211,439.0817,0.0000,0.0000,0.0000
3.9667,19.7942,0.0000,20575.5033,1618.1498,439.0819,0.0000,0.0000,0.0000
3.9833,19.7943,0.0000,20574.7513,1618.0797,439.0820,0.0000,0.0000,0.0000
4.0000,19.7943,0.0000,20574.0119,1618.0109,439.0822,0.0000,0.0000,0.0000
4.0167,19.7943,0.0000,20573.2853,1617.9433,439.0824,0.0000,0.0000,0.0000
4.0333,19.7943,0.0000,20572.5712,1617.8770,439.0825,0.0000,0.0000,0.0000
4.0500,19.7943,0.0000,20571.8698,1617.8120,439.0827,0.0000,0.0000,0.0000
4.0667,19.7943,0.0000,20571.1808,1617.7481,439.0828,0.0000,0.0000,0.0000
4.0833,19.7943,0.0000,20570.5043,1617.6855,439.0830,0.0000,0.0000,0.0000
4.1000,19.7943,0.0000,20569.8401,1617.6241,439.0831,0.0000,0.0000,0.0000
4.1167,19.7943,0.0000,20569.1882,1617.5639,439.0833,0.0000,0.0000,0.0000
4.1333,19.7943,0.0000,20568.5485,1617.5048,439.0834,0.0000,0.0000,0.0000
4.1500,19.7943,0.0000,20567.9209,1617.4470,439.0836,0.0000,0.0000,0.0000
4.1667,19.7943,0.0000,20567.3052,1617.3902,439.0837,0.0000,0.0000,0.0000
4.1833,19.7943,0.0000,20566.7015,1617.3347,439.0838,0.0000,0.0000,0.0000
4.2000,19.7943,0.0000,20566.1095,1617.2802,439.0840,0.0000,0.0000,0.0000
4.2167,19.7943,0.0000,20565.5291,1617.2269,439.0841,0.0000,0.0000,0.0000
4.2333,19.7944,0.0000,20564.9602,1617.1747,439.0842,0.0000,0.0000,0.0000
4.2500,19.7944,0.0000,20564.4028,1617.1236,439.0843,0.0000,0.0000,0.0000
4.2667,19.7944,0.0000,20563.8566,1617.0736,439.0845,0.0000,0.0000,0.0000
4.2833,19.7944,0.0000,20563.3216,1617.0246,439.0846,0.0000,0.0000,0.0000
4.3000,19.7944,0.0000,20562.7976,1616.9766,439.0847,0.0000,0.0000,0.0000
4.3167,19.7944,0.0000,20562.2844,1616.9297,439.0848,0.0000,0.0000,0.0000
4.3333,19.7944,0.0000,20561.7821,1616.8839,439.0849,0.0000,0.0000,0.0000
4.3500,19.7944,0.0000,20561.2903,1616.8390,439.0850,0.0000,0.0000,0.0000
4.3667,19.7944,0.0000,20560.8090,1616.7952,439.0851,0.0000,0.0000,0.0000
4.3833,19.7944,0.0000,20560.3382,1616.7523,439.0852,0.0000,0.0000,0.0000
4.4000,19.7944,0.0000,20559.8775,1616.7104,439.0853,0.0000,0.0000,0.0000
4.4167,19.7944,0.0000,20559.4269,1616.6694,439.0854,0.0000,0.0000,0.0000
4.4333,19.7944,0.0000,20558.9864,1616.6294,439.0855,0.0000,0.0000,0.0000
4.4500,19.7944,0.0000,20558.5556,1616.5904,439.0856,0.0000,0.0000,0.0000
4.4667,19.7944,0.0000,20558.1346,1616.5522,439.0857,0.0000,0.0000,0.0000
4.4833,19.7944,0.0000,20557.7231,1616.5150,439.0858,0.0000,0.0000,0.0000
4.5000,19.7944,0.0000,20557.3212,1616.4786,439.0859,0.0000,0.0000,0.0000
4.5167,19.7944,0.0000,20556.9285,1616.4432,439.0860,0.0000,0.0000,0.0000
4.5333,19.7944,0.0000,20556.5451,1616.4086,439.0861,0.0000,0.0000,0.0000
4.5500,19.7944,0.0000,20556.1707,1616.3748,439.0862,0.0000,0.0000,0.0000
4.5667,19.7944,0.0000,20555.8053,1616.3419,439.0862,0.0000,0.0000,0.0000
4.5833,19.7944,0.0000,20555.4488,1616.3099,439.0863,0.0000,0.0000,0.0000
4.6000,19.7944,0.0000,20555.1009,1616.2787,439.0864,0.0000,0.0000,0.0000
4.6167,19.7945,0.0000,20554.7617,1616.2482,439.0865,0.0000,0.0000,0.0000
4.6333,19.7945,0.0000,20554.4309,1616.2186,439.0866,0.0000,0.0000,0.0000
4.6500,19.7945,0.0000,20554.1085,1616.1898,439.0866,0.0000,0.0000,0.0000
4.6667,19.7945,0.0000,20553.7944,1616.1617,439.0867,0.0000,0.0000,0.0000
4.6833,19.7945,0.0000,20553.4883,1616.1345,439.0868,0.0000,0.0000,0.0000
4.7000,19.7945,0.0000,20553.1903,1616.1079,439.0868,0.0000,0.0000,0.0000
4.7167,19.7945,0.0000,20552.9002,1616.0822,439.0869,0.0000,0.0000,0.0000
4.7333,19.7945,0.0000,20552.6179,1616.0571,439.0870,0.0000,0.0000,0.0000
4.7500,19.7945,0.0000,20552.2186,1616.0237,439.0870,0.0000,0.0000,0.0000
4.7667,19.7945,0.0000,20551.8420,1615.9923,439.0871,0.0000,0.0000,0.0000
4.7833,19.7945,0.0000,20551.5166,1615.9653,439.0872,0.0000,0.0000,0.0000
4.8000,19.7945,0.0000,20551.2115,1615.9409,439.0873,0.0000,0.0000,0.0000
4.8167,19.7945,0.0000,20550.9293,1615.9197,439.0873,0.0000,0.0000,0.0000
4.8333,19.7945,0.0000,20550.6724,1615.9016,439.0874,0.0000,0.0000,0.0000
4.8500,19.7945,0.0000,20550.4425,1615.8869,439.0874,0.0000,0.0000,0.0000
4.8667,19.7945,0.0000,20550.2413,1615.8754,439.0875,0.0000,0.0000,0.0000
4.8833,19.7945,0.0000,20550.0693,1615.8671,439.0875,0.0000,0.0000,0.0000
4.9000,19.7945,0.0000,20549.9267,1615.8618,439.0876,0.0000,0.0000,0.0000
4.9167,19.7945,0.0000,20549.8130,1615.8593,439.0876,0.0000,0.0000,0.0000
4.9333,19.7945,0.0000,20549.7274,1615.8592,439.0876,0.0000,0.0000,0.0000
4.9500,19.7945,0.0000,20549.6685,1615.8615,439.0876,0.0000,0.0000,0.0000
4.9667,19.7945,0.0000,20549.6348,1615.8658,439.0876,0.0000,0.0000,0.0000
4.9833,19.7945,0.0000,20549.6247,1615.8719,439.0876,0.0000,0.0000,0.0000
5.0000,19.7945,0.0000,20549.6363,1615.8797,439.0876,0.0000,0.0000,0.0000
5.0167,19.7946,0.0550,20541.7846,1613.9351,437.8693,0.0000,0.0000,0.0000
5.0333,19.7947,0.1100,20527.1358,1612.0137,436.6526,0.0000,0.0000,0.0000
5.0500,19.7949,0.1650,20508.0786,1610.1057,435.4368,0.0000,0.0000,0.0000
5.0667,19.7951,0.2200,20485.8067,1608.2053,434.2217,0.0000,0.0000,0.0000
5.0833,19.7954,0.2750,20461.1835,1606.3078,433.0071,0.0000,0.0000,0.0000
5.1000,19.7957,0.3300,20434.8310,1604.4088,431.7929,0.0000,0.0000,0.0000
5.1167,19.7959,0.3850,20407.1963,1602.5047,430.5790,0.0000,0.0000,0.0000
5.1333,19.7962,0.4400,20378.5984,1600.5922,429.3653,0.0000,0.0000,0.0000
5.1500,19.7965,0.4950,20349.2636,1598.6684,428.1518,0.0000,0.0000,0.0000
5.1667,19.7968,0.5500,20319.3510,1596.7305,426.9384,0.0000,0.0000,0.0000
5.1833,19.7971,0.6050,20288.9710,1594.7763,425.7251,0.0000,0.0000,0.0000
5.2000,19.7974,0.6600,20258.1990,1592.8036,424.5119,0.0000,0.0000,0.0000
5.2167,19.7977,0.7150,20227.0853,1590.8105,423.2988,0.0000,0.0000,0.0000
5.2333,19.7980,0.7700,20195.6622,1588.7953,422.0858,0.0000,0.0000,0.0000
5.2500,19.7984,0.8250,20163.9497,1586.7565,420.8728,0.0000,0.0000,0.0000
5.2667,19.7987,0.8800,20131.9586,1584.6928,419.6598,0.0000,0.0000,0.0000
5.2833,19.7990,0.9350,20099.6939,1582.6030,418.4470,0.0000,0.0000,0.0000
5.3000,19.7993,0.9900,20067.1564,1580.4861,417.2342,0.0000,0.0000,0.0000
5.3167,19.7997,1.0450,20034.3443,1578.3412,416.0214,0.0000,0.0000,0.0000
5.3333,19.8000,1.1000,20001.2544,1576.1675,414.8087,0.0000,0.0000,0.0000
5.3500,19.8003,1.1550,19967.8822,1573.9643,413.5961,0.0000,0.0000,0.0000
5.3667,19.8007,1.2100,19934.2232,1571.7311,412.3835,0.0000,0.0000,0.0000
5.3833,19.8010,1.2650,19900.2728,1569.4673,411.1711,0.0000,0.0000,0.0000
5.4000,19.8013,1.3200,19866.0264,1567.1727,409.9586,0.0000,0.0000,0.0000
5.4167,19.8017,1.3750,19831.4801,1564.8469,408.7463,0.0000,0.0000,0.0000
5.4333,19.8020,1.4300,19796.6304,1562.4897,407.5340,0.0000,0.0000,0.0000
5.4500,19.8024,1.4850,19761.4741,1560.1009,406.3217,0.0000,0.0000,0.0000
5.4667,19.8027,1.5400,19726.0088,1557.6805,405.1096,0.0000,0.0000,0.0000
5.4833,19.8031,1.5950,19690.2326,1555.2284,403.8975,0.0000,0.0000,0.0000
5.5000,19.8035,1.6500,19654.1443,1552.7446,402.6855,0.0000,0.0000,0.0000
5.5167,19.8038,1.7050,19617.7431,1550.2293,401.4735,0.0000,0.0000,0.0000
5.5333,19.8042,1.7600,19581.0286,1547.6825,400.2616,0.0000,0.0000,0.0000
5.5500,19.8046,1.8150,19544.0012,1545.1044,399.0498,0.0000,0.0000,0.0000
5.5667,19.8049,1.8700,19506.6615,1542.4953,397.8381,0.0000,0.0000,0.0000
5.5833,19.8053,1.9250,19469.0107,1539.8552,396.6264,0.0000,0.0000,0.0000
5.6000,19.8057,1.9800,19431.0503,1537.1846,395.4148,0.0000,0.0000,0.0000
5.6167,19.8061,2.0350,19392.7822,1534.4836,394.2033,0.0000,0.0000,0.0000
5.6333,19.8065,2.0900,19354.2086,1531.7527,392.9918,0.0000,0.0000,0.0000
5.6500,19.8068,2.1450,19315.3320,1528.9920,391.7804,0.0000,0.0000,0.0000
5.6667,19.8072,2.2000,19276.1551,1526.2021,390.5690,0.0000,0.0000,0.0000
5.6833,19.8076,2.2550,19236.6811,1523.3832,389.3578,0.0000,0.0000,0.0000
5.7000,19.8080,2.3100,19196.9132,1520.5358,388.1466,0.0000,0.0000,0.0000
5.7167,19.8084,2.3650,19156.8547,1517.6602,386.9354,0.0000,0.0000,0.0000
5.7333,19.8088,2.4200,19116.5094,1514.7569,385.7244,0.0000,0.0000,0.0000
5.7500,19.8092,2.4750,19075.8810,1511.8263,384.5133,0.0000,0.0000,0.0000
5.7667,19.8097,2.5300,19034.9734,1508.8688,383.3024,0.0000,0.0000,0.0000
5.7833,19.8101,2.5850,18993.7907,1505.8848,382.0915,0.0000,0.0000,0.0000
5.8000,19.8105,2.6400,18952.3368,1502.8748,380.8807,0.0000,0.0000,0.0000
5.8167,19.8109,2.6950,18910.6162,1499.8392,379.6699,0.0000,0.0000,0.0000
5.8333,19.8113,2.7500,18868.6329,1496.7785,378.4592,0.0000,0.0000,0.0000
5.8500,19.8117,2.8050,18826.3914,1493.6931,377.2485,0.0000,0.0000,0.0000
5.8667,19.8122,2.8600,18783.8961,1490.5835,376.0379,0.0000,0.0000,0.0000
5.8833,19.8126,2.9150,18741.1513,1487.4501,374.8274,0.0000,0.0000,0.0000
5.9000,19.8130,2.9700,18698.1614,1484.2934,373.6169,0.0000,0.0000,0.0000
5.9167,19.8135,3.0250,18654.9311,1481.1138,372.4064,0.0000,0.0000,0.0000
5.9333,19.8139,3.0800,18611.4646,1477.9118,371.1961,0.0000,0.0000,0.0000
5.9500,19.8143,3.1350,18567.7664,1474.6879,369.9857,0.0000,0.0000,0.0000
5.9667,19.8148,3.1900,18523.8411,1471.4424,368.7754,0.0000,0.0000,0.0000
5.9833,19.8152,3.2450,18479.6930,1468.1758,367.5652,0.0000,0.0000,0.0000
6.0000,19.8156,3.3000,18435.3266,1464.8886,366.3550,0.0000,0.0000,0.0000
6.0167,19.8160,3.2817,18404.3324,1464.2554,366.7686,1.1046,0.0000,0.0000
6.0333,19.8162,3.2633,18380.3733,1463.5741,367.1806,2.2092,0.0000,0.0000
6.0500,19.8164,3.2450,18361.5993,1462.8532,367.5914,3.3138,0.0000,0.0000
6.0667,19.8165,3.2267,18346.6382,1462.0995,368.0014,4.4184,0.0000,0.0000
6.0833,19.8167,3.2083,18334.4740,1461.3189,368.4108,5.5230,0.0000,0.0000
6.1000,19.8168,3.1900,18324.3558,1460.5165,368.8197,6.6276,0.0000,0.0000
6.1167,19.8168,3.1717,18315.7304,1459.6964,369.2283,7.7322,0.0000,0.0000
6.1333,19.8169,3.1533,18308.1916,1458.8624,369.6366,8.8368,0.0000,0.0000
6.1500,19.8170,3.1350,18301.4428,1458.0181,370.0448,9.9414,0.0000,0.0000
6.1667,19.8170,3.1167,18295.2688,1457.1663,370.4529,11.0460,0.0000,0.0000
6.1833,19.8171,3.0983,18289.5149,1456.3099,370.8608,12.1506,0.0000,0.0000
6.2000,19.8172,3.0800,18284.0710,1455.4513,371.2687,13.2552,0.0000,0.0000
6.2167,19.8172,3.0617,18278.8603,1454.5929,371.6765,14.3598,0.0000,0.0000
6.2333,19.8173,3.0433,18273.8303,1453.7368,372.0843,15.4644,0.0000,0.0000
6.2500,19.8173,3.0250,18268.9470,1452.8852,372.4921,16.5690,0.0000,0.0000
6.2667,19.8174,3.0067,18264.1902,1452.0403,372.8998,17.6736,0.0000,0.0000
6.2833,19.8174,2.9883,18259.5496,1451.2039,373.3075,18.7782,0.0000,0.0000
6.3000,19.8174,2.9700,18255.0216,1450.3777,373.7152,19.8828,0.0000,0.0000
6.3167,19.8175,2.9517,18250.6070,1449.5632,374.1228,20.9874,0.0000,0.0000
6.3333,19.8175,2.9333,18246.3098,1448.7617,374.5305,22.0920,0.0000,0.0000
6.3500,19.8176,2.9150,18242.1355,1447.9742,374.9381,23.1966,0.0000,0.0000
6.3667,19.8176,2.8967,18238.0908,1447.2018,375.3456,24.3012,0.0000,0.0000
6.3833,19.8177,2.8783,18234.1832,1446.4453,375.7532,25.4058,0.0000,0.0000
6.4000,19.8177,2.8600,18230.4200,1445.7056,376.1607,26.5104,0.0000,0.0000
6.4167,19.8177,2.8417,18226.8089,1444.9835,376.5682,27.6150,0.0000,0.0000
6.4333,19.8178,2.8233,18223.3573,1444.2796,376.9756,28.7196,0.0000,0.0000
6.4500,19.8178,2.8050,18220.0723,1443.5946,377.3830,29.8242,0.0000,0.0000
6.4667,19.8178,2.7867,18216.9607,1442.9291,377.7904,30.9288,0.0000,0.0000
6.4833,19.8179,2.7683,18214.0291,1442.2835,378.1977,32.0334,0.0000,0.0000
6.5000,19.8179,2.7500,18211.2833,1441.6584,378.6050,33.1380,0.0000,0.0000
6.5167,19.8179,2.7317,18208.7290,1441.0542,379.0122,34.2426,0.0000,0.0000
6.5333,19.8179,2.7133,18206.3714,1440.4713,379.4194,35.3472,0.0000,0.0000
6.5500,19.8180,2.6950,18204.2152,1439.9100,379.8266,36.4518,0.0000,0.0000
6.5667,19.8180,2.6767,18202.2646,1439.3706,380.2337,37.5564,0.0000,0.0000
6.5833,19.8180,2.6583,18200.5235,1438.8534,380.6408,38.6610,0.0000,0.0000
6.6000,19.8180,2.6400,18198.9953,1438.3586,381.0478,39.7656,0.0000,0.0000
6.6167,19.8180,2.6217,18197.6831,1437.8863,381.4547,40.8702,0.0000,0.0000
6.6333,19.8180,2.6033,18196.5894,1437.4367,381.8617,41.9748,0.0000,0.0000
6.6500,19.8180,2.5850,18195.7165,1437.0099,382.2685,43.0794,0.0000,0.0000
6.6667,19.8180,2.5667,18195.0664,1436.6061,382.6753,44.1840,0.0000,0.0000
6.6833,19.8181,2.5483,18194.6405,1436.2252,383.0821,45.2886,0.0000,0.0000
6.7000,19.8181,2.5300,18194.4402,1435.8673,383.4888,46.3932,0.0000,0.0000
6.7167,19.8181,2.5117,18194.4664,1435.5323,383.8955,47.4978,0.0000,0.0000
6.7333,19.8181,2.4933,18194.7198,1435.2204,384.3021,48.6024,0.0000,0.0000
6.7500,19.8180,2.4750,18195.0584,1434.8692,384.7087,49.7070,0.0000,0.0000
6.7667,19.8180,2.4567,18195.5251,1434.5453,385.1153,50.8116,0.0000,0.0000
6.7833,19.8180,2.4383,18196.2744,1434.3081,385.5218,51.9162,0.0000,0.0000
6.8000,19.8180,2.4200,18197.3156,1434.0948,385.9283,53.0208,0.0000,0.0000
6.8167,19.8180,2.4017,18198.6347,1433.9050,386.3346,54.1254,0.0000,0.0000
6.8333,19.8180,2.3833,18200.2205,1433.7385,386.7410,55.2300,0.0000,0.0000
6.8500,19.8180,2.3650,18202.0639,1433.5951,387.1472,56.3346,0.0000,0.0000
6.8667,19.8180,2.3467,18204.1575,1433.4745,387.5534,57.4392,0.0000,0.0000
6.8833,19.8179,2.3283,18206.4949,1433.3764,387.9596,58.5438,0.0000,0.0000
6.9000,19.8179,2.3100,18209.0706,1433.3006,388.3657,59.6484,0.0000,0.0000
6.9167,19.8179,2.2917,18211.8797,1433.2466,388.7717,60.7530,0.0000,0.0000
6.9333,19.8179,2.2733,18214.9177,1433.2142,389.1778,61.8576,0.0000,0.0000
6.9500,19.8178,2.2550,18218.1807,1433.2032,389.5837,62.9622,0.0000,0.0000
6.9667,19.8178,2.2367,18221.6647,1433.2131,389.9896,64.0668,0.0000,0.0000
6.9833,19.8177,2.2183,18225.3663,1433.2438,390.3955,65.1714,0.0000,0.0000
7.0000,19.8177,2.2000,18229.2821,1433.2949,390.8013,66.2760,0.0000,0.0000
7.0167,19.8177,2.2183,18227.8541,1431.9398,390.3949,79.8468,0.0000,0.0000
7.0333,19.8178,2.2367,18222.2452,1430.5179,389.9895,93.4176,0.0000,0.0000
7.0500,19.8179,2.2550,18213.3609,1429.0420,389.5848,106.9884,0.0000,0.0000
7.0667,19.8180,2.2733,18201.9031,1427.5208,389.1806,120.5592,0.0000,0.0000
7.0833,19.8181,2.2917,18188.4144,1425.9603,388.7770,134.1300,0.0000,0.0000
7.1000,19.8183,2.3100,18173.3137,1424.3651,388.3736,147.7008,0.0000,0.0000
7.1167,19.8184,2.3283,18156.9240,1422.7385,387.9706,161.2716,0.0000,0.0000
7.1333,19.8186,2.3467,18139.4947,1421.0832,387.5678,174.8424,0.0000,0.0000
7.1500,19.8188,2.3650,18121.2187,1419.4015,387.1652,188.4132,0.0000,0.0000
7.1667,19.8190,2.3833,18102.2453,1417.6951,386.7627,201.9840,0.0000,0.0000
7.1833,19.8192,2.4017,18082.6909,1415.9657,386.3604,215.5548,0.0000,0.0000
7.2000,19.8194,2.4200,18062.6466,1414.2149,385.9581,229.1256,0.0000,0.0000
7.2167,19.8196,2.4383,18042.1843,1412.4439,385.5560,242.6964,0.0000,0.0000
7.2333,19.8198,2.4567,18021.3616,1410.6543,385.1539,256.2672,0.0000,0.0000
7.2500,19.8200,2.4750,18000.2252,1408.8474,384.7519,269.8380,0.0000,0.0000
7.2667,19.8202,2.4933,17978.8138,1407.0247,384.3500,283.4088,0.0000,0.0000
7.2833,19.8204,2.5117,17957.1602,1405.1878,383.9481,296.9796,0.0000,0.0000
7.3000,19.8206,2.5300,17935.2934,1403.3382,383.5463,310.5504,0.0000,0.0000
7.3167,19.8209,2.5483,17913.2393,1401.4779,383.1445,324.1212,0.0000,0.0000
7.3333,19.8211,2.5667,17891.0226,1399.6088,382.7428,337.6920,0.0000,0.0000
7.3500,19.8213,2.5850,17868.6675,1397.7332,382.3411,351.2628,0.0000,0.0000
7.3667,19.8215,2.6033,17846.1982,1395.8536,381.9394,364.8336,0.0000,0.0000
7.3833,19.8218,2.6217,17823.6404,1393.9730,381.5377,378.4044,0.0000,0.0000
7.4000,19.8220,2.6400,17801.0217,1392.0948,381.1361,391.9752,0.0000,0.0000
7.4167,19.8222,2.6583,17778.3726,1390.2230,380.7344,405.5460,0.0000,0.0000
7.4333,19.8224,2.6767,17755.7280,1388.3624,380.3327,419.1168,0.0000,0.0000
7.4500,19.8227,2.6950,17733.1286,1386.5189,379.9311,432.6876,0.0000,0.0000
7.4667,19.8229,2.7133,17710.6228,1384.6999,379.5294,446.2584,0.0000,0.0000
7.4833,19.8231,2.7317,17688.2710,1382.9151,379.1277,459.8292,0.0000,0.0000
7.5000,19.8233,2.7500,17666.1510,1381.1780,378.7259,473.4000,0.0000,0.0000
7.5167,19.8236,2.7683,17644.3702,1379.5089,378.3241,486.9708,0.0000,0.0000
7.5333,19.8238,2.7867,17623.0953,1377.9447,377.9221,500.5416,0.0000,0.0000
7.5500,19.8240,2.8050,17602.6813,1376.6001,377.5200,514.1124,0.0000,0.0000
7.5667,19.8242,2.8233,17582.3225,1374.7537,377.1178,527.6832,0.0000,0.0000
7.5833,19.8244,2.8417,17559.8086,1372.3669,376.7161,541.2540,0.0000,0.0000
7.6000,19.8246,2.8600,17535.1659,1369.6633,376.3149,554.8248,0.0000,0.0000
7.6167,19.8249,2.8783,17508.3119,1366.7085,375.9142,568.3956,0.0000,0.0000
7.6333,19.8252,2.8967,17479.2622,1363.5370,375.5140,581.9664,0.0000,0.0000
7.6500,19.8255,2.9150,17448.0800,1360.1704,375.1142,595.5372,0.0000,0.0000
7.6667,19.8259,2.9333,17414.8488,1356.6235,374.7149,609.1080,0.0000,0.0000
7.6833,19.8262,2.9517,17379.6579,1352.9072,374.3160,622.6788,0.0000,0.0000
7.7000,19.8266,2.9700,17339.3821,1348.8095,373.9183,636.2496,0.0000,0.0000
7.7167,19.8270,2.9883,17297.4432,1344.5501,373.5209,649.8204,0.0000,0.0000
7.7333,19.8275,3.0067,17253.8687,1340.1346,373.1239,663.3912,0.0000,0.0000
7.7500,19.8279,3.0250,17208.6914,1335.5676,372.7273,676.9620,0.0000,0.0000
7.7667,19.8284,3.0433,17161.9459,1330.8529,372.3310,690.5328,0.0000,0.0000
7.7833,19.8289,3.0617,17113.6661,1325.9940,371.9350,704.1036,0.0000,0.0000
7.8000,19.8294,3.0800,17063.8851,1320.9938,371.5394,717.6744,0.0000,0.0000
7.8167,19.8299,3.0983,17012.6336,1315.8547,371.1440,731.2452,0.0000,0.0000
7.8333,19.8304,3.1167,16959.9399,1310.5789,370.7491,744.8160,0.0000,0.0000
7.8500,19.8309,3.1350,16905.8302,1305.1685,370.3544,758.3868,0.0000,0.0000
7.8667,19.8315,3.1533,16850.3285,1299.6253,369.9600,771.9576,0.0000,0.0000
7.8833,19.8321,3.1717,16793.4566,1293.9508,369.5660,785.5284,0.0000,0.0000
7.9000,19.8326,3.1900,16735.2348,1288.1466,369.1722,799.0992,0.0000,0.0000
7.9167,19.8332,3.2083,16675.6816,1282.2141,368.7787,812.6700,0.0000,0.0000
7.9333,19.8339,3.2267,16614.8143,1276.1547,368.3856,826.2408,0.0000,0.0000
7.9500,19.8345,3.2450,16552.6491,1269.9698,367.9927,839.8116,0.0000,0.0000
7.9667,19.8351,3.2633,16489.2011,1263.6605,367.6001,853.3824,0.0000,0.0000
7.9833,19.8358,3.2817,16424.4847,1257.2280,367.2078,866.9532,0.0000,0.0000
8.0000,19.8364,3.3000,16358.5136,1250.6737,366.8157,880.5240,0.0000,0.0000
8.0167,19.8372,3.3650,16284.7791,1242.5835,365.3902,884.3112,0.0000,0.0000
8.0333,19.8379,3.4300,16205.5986,1234.5868,363.9659,888.0984,0.0000,0.0000
8.0500,19.8388,3.4950,16122.5833,1226.6504,362.5425,891.8856,0.0000,0.0000
8.0667,19.8396,3.5600,16036.8550,1218.7516,361.1197,895.6728,0.0000,0.0000
8.0833,19.8405,3.6250,15949.1935,1210.8742,359.6973,899.4600,0.0000,0.0000
8.1000,19.8414,3.6900,15860.1392,1203.0062,358.2752,903.2472,0.0000,0.0000
8.1167,19.8423,3.7550,15770.0641,1195.1386,356.8533,907.0344,0.0000,0.0000
8.1333,19.8432,3.8200,15679.2222,1187.2641,355.4316,910.8216,0.0000,0.0000
8.1500,19.8441,3.8850,15587.7845,1179.3771,354.0100,914.6088,0.0000,0.0000
8.1667,19.8450,3.9500,15495.8640,1171.4728,352.5886,918.3960,0.0000,0.0000
8.1833,19.8460,4.0150,15403.5336,1163.5475,351.1672,922.1832,0.0000,0.0000
8.2000,19.8469,4.0800,15310.8382,1155.5979,349.7459,925.9704,0.0000,0.0000
8.2167,19.8478,4.1450,15217.8035,1147.6214,348.3247,929.7576,0.0000,0.0000
8.2333,19.8488,4.2100,15124.4426,1139.6157,346.9036,933.5448,0.0000,0.0000
8.2500,19.8497,4.2750,15030.7601,1131.5790,345.4825,937.3320,0.0000,0.0000
8.2667,19.8506,4.3400,14936.7551,1123.5098,344.0615,941.1192,0.0000,0.0000
8.2833,19.8516,4.4050,14842.4237,1115.4067,342.6406,944.9064,0.0000,0.0000
8.3000,19.8525,4.4700,14747.7599,1107.2686,341.2197,948.6936,0.0000,0.0000
8.3167,19.8535,4.5350,14652.7572,1099.0947,339.7990,952.4808,0.0000,0.0000
8.3333,19.8544,4.6000,14557.4088,1090.8843,338.3783,956.2680,0.0000,0.0000
8.3500,19.8554,4.6650,14461.7081,1082.6368,336.9576,960.0552,0.0000,0.0000
8.3667,19.8563,4.7300,14365.6493,1074.3517,335.5371,963.8424,0.0000,0.0000
8.3833,19.8573,4.7950,14269.2273,1066.0288,334.1166,967.6296,0.0000,0.0000
8.4000,19.8583,4.8600,14172.4374,1057.6678,332.6962,971.4168,0.0000,0.0000
8.4167,19.8592,4.9250,14075.2765,1049.2687,331.2760,975.2040,0.0000,0.0000
8.4333,19.8602,4.9900,13977.7420,1040.8315,329.8557,978.9912,0.0000,0.0000
8.4500,19.8612,5.0550,13879.8328,1032.3563,328.4356,982.7784,0.0000,0.0000
8.4667,19.8622,5.1200,13781.5485,1023.8436,327.0156,986.5656,0.0000,0.0000
8.4833,19.8632,5.1850,13682.8897,1015.2934,325.5956,990.3528,0.0000,0.0000
8.5000,19.8642,5.2500,13583.8574,1006.7061,324.1757,994.1400,0.0000,0.0000
8.5167,19.8652,5.3150,13484.4531,998.0819,322.7559,997.9272,0.0000,0.0000
8.5333,19.8662,5.3800,13384.6787,989.4211,321.3362,1001.7144,0.0000,0.0000
8.5500,19.8672,5.4450,13284.5362,980.7240,319.9166,1005.5016,0.0000,0.0000
8.5667,19.8682,5.5100,13184.0279,971.9909,318.4970,1009.2888,0.0000,0.0000
8.5833,19.8692,5.5750,13083.1564,963.2222,317.0775,1013.0760,0.0000,0.0000
8.6000,19.8702,5.6400,12981.9244,954.4180,315.6581,1016.8632,0.0000,0.0000
8.6167,19.8712,5.7050,12880.3350,945.5789,314.2388,1020.6504,0.0000,0.0000
8.6333,19.8722,5.7700,12778.3914,936.7052,312.8196,1024.4376,0.0000,0.0000
8.6500,19.8732,5.8350,12676.0970,927.7973,311.4004,1028.2248,0.0000,0.0000
8.6667,19.8743,5.9000,12573.4554,918.8555,309.9813,1032.0120,0.0000,0.0000
8.6833,19.8753,5.9650,12470.4704,909.8805,308.5623,1035.7992,0.0000,0.0000
8.7000,19.8763,6.0300,12367.1461,900.8725,307.1434,1039.5864,0.0000,0.0000
8.7167,19.8774,6.0950,12263.4864,891.8321,305.7246,1043.3736,0.0000,0.0000
8.7333,19.8784,6.1600,12159.4958,882.7597,304.3058,1047.1608,0.0000,0.0000
8.7500,19.8794,6.2250,12055.1787,873.6558,302.8871,1050.9480,0.0000,0.0000
8.7667,19.8805,6.2900,11950.5395,864.5209,301.4684,1054.7352,0.0000,0.0000
8.7833,19.8815,6.3550,11845.5833,855.3556,300.0499,1058.5224,0.0000,0.0000
8.8000,19.8826,6.4200,11740.3149,846.1604,298.6314,1062.3096,0.0000,0.0000
8.8167,19.8837,6.4850,11634.7394,836.9358,297.2129,1066.0968,0.0000,0.0000
8.8333,19.8847,6.5500,11528.8620,827.6824,295.7946,1069.8840,0.0000,0.0000
8.8500,19.8858,6.6150,11422.6878,818.4007,294.3763,1073.6712,0.0000,0.0000
8.8667,19.8868,6.6800,11316.2219,809.0911,292.9580,1077.4584,0.0000,0.0000
8.8833,19.8879,6.7450,11209.4694,799.7543,291.5399,1081.2456,0.0000,0.0000
8.9000,19.8890,6.8100,11102.4354,790.3907,290.1218,1085.0328,0.0000,0.0000
8.9167,19.8900,6.8750,10995.1250,781.0007,288.7037,1088.8200,0.0000,0.0000
8.9333,19.8911,6.9400,10887.5430,771.5850,287.2857,1092.6072,0.0000,0.0000
8.9500,19.8922,7.0050,10779.6946,762.1439,285.8678,1096.3944,0.0000,0.0000
8.9667,19.8933,7.0700,10671.5848,752.6780,284.4499,1100.1816,0.0000,0.0000
8.9833,19.8944,7.1350,10563.2184,743.1878,283.0321,1103.9688,0.0000,0.0000
9.0000,19.8955,7.2000,10454.6006,733.6738,281.6144,1107.7560,0.0000,0.0000
9.0167,19.8965,7.2100,10351.1264,724.9206,281.4155,1145.6280,0.0000,0.0000
9.0333,19.8975,7.2200,10248.8749,715.2119,281.2164,1183.5000,0.0000,0.0000
9.0500,19.8985,7.2300,10145.4243,704.7175,281.0175,1221.3720,0.0000,0.0000
9.0667,19.8996,7.2400,10039.3058,693.5521,280.8192,1259.2440,0.0000,0.0000
9.0833,19.9007,7.2500,9929.6597,681.7974,280.6217,1297.1160,0.0000,0.0000
9.1000,19.9018,7.2600,9816.0165,669.5136,280.4251,1334.9880,0.0000,0.0000
9.1167,19.9030,7.2700,9698.1548,656.7469,280.2294,1372.8600,0.0000,0.0000
9.1333,19.9042,7.2800,9576.0093,643.5336,280.0347,1410.7320,0.0000,0.0000
9.1500,19.9055,7.2900,9449.6103,629.9030,279.8409,1448.6040,0.0000,0.0000
9.1667,19.9068,7.3000,9319.0439,615.8790,279.6480,1486.4760,0.0000,0.0000
9.1833,19.9082,7.3100,9184.4270,601.4819,279.4561,1524.3480,0.0000,0.0000
9.2000,19.9095,7.3200,9045.8900,586.7282,279.2650,1562.2200,0.0000,0.0000
9.2167,19.9110,7.3300,8903.5669,571.6325,279.0747,1600.0920,0.0000,0.0000
9.2333,19.9124,7.3400,8757.5890,556.2071,278.8853,1637.9640,0.0000,0.0000
9.2500,19.9139,7.3500,8608.0807,540.4624,278.6966,1675.8360,0.0000,0.0000
9.2667,19.9154,7.3600,8455.1579,524.4077,278.5087,1713.7080,0.0000,0.0000
9.2833,19.9170,7.3700,8298.9270,508.0512,278.3216,1751.5800,0.0000,0.0000
9.3000,19.9186,7.3800,8139.4851,491.3997,278.1351,1789.4520,0.0000,0.0000
9.3167,19.9202,7.3900,7976.9199,474.4597,277.9493,1827.3240,0.0000,0.0000
9.3333,19.9219,7.4000,7811.3106,457.2365,277.7643,1865.1960,0.0000,0.0000
9.3500,19.9236,7.4100,7642.7285,439.7352,277.5798,1903.0680,0.0000,0.0000
9.3667,19.9253,7.4200,7471.2375,421.9602,277.3960,1940.9400,0.0000,0.0000
9.3833,19.9270,7.4300,7296.8955,403.9155,277.2129,1978.8120,0.0000,0.0000
9.4000,19.9288,7.4400,7119.7542,385.6047,277.0304,2016.6840,0.0000,0.0000
9.4167,19.9306,7.4500,6939.8607,367.0311,276.8484,2054.5560,0.0000,0.0000
9.4333,19.9324,7.4600,6757.2572,348.1976,276.6671,2092.4280,0.0000,0.0000
9.4500,19.9343,7.4700,6571.9825,329.1072,276.4864,2130.3000,0.0000,0.0000
9.4667,19.9362,7.4800,6384.0717,309.7624,276.3063,2168.1720,0.0000,0.0000
9.4833,19.9381,7.4900,6193.5570,290.1655,276.1267,2206.0440,0.0000,0.0000
9.5000,19.9400,7.5000,6000.4680,270.3189,275.9477,2243.9160,0.0000,0.0000
9.5167,19.9420,7.5100,5804.8323,250.2248,275.7693,2281.7880,0.0000,0.0000
9.5333,19.9439,7.5200,5606.6754,229.8850,275.5914,2319.6600,0.0000,0.0000
9.5500,19.9459,7.5300,5406.0212,209.3016,275.4141,2357.5320,0.0000,0.0000
9.5667,19.9480,7.5400,5202.8922,188.4765,275.2373,2395.4040,0.0000,0.0000
9.5833,19.9500,7.5500,4997.3098,167.4114,275.0611,2433.2760,0.0000,0.0000
9.6000,19.9521,7.5600,4789.2941,146.1080,274.8854,2471.1480,0.0000,0.0000
9.6167,19.9542,7.5700,4578.8645,124.5682,274.7103,2509.0200,0.0000,0.0000
9.6333,19.9563,7.5800,4366.0399,102.7935,274.5357,2546.8920,0.0000,0.0000
9.6500,19.9585,7.5900,4150.8381,80.7856,274.3616,2584.7640,0.0000,0.0000
9.6667,19.9607,7.6000,3933.2768,58.5461,274.1880,2622.6360,0.0000,0.0000
9.6833,19.9629,7.6100,3713.3730,36.0765,274.0150,2660.5080,0.0000,0.0000
9.7000,19.9651,7.6200,3491.1435,13.3786,273.8425,2698.3800,0.0000,0.0000
9.7167,19.9673,7.6300,3266.6048,-9.5462,273.6704,2736.2520,0.0000,0.0000
9.7333,19.9696,7.6400,3039.7731,-32.6962,273.4989,2774.1240,0.0000,0.0000
9.7500,19.9719,7.6500,2810.6645,-56.0700,273.3279,2811.9960,0.0000,0.0000
9.7667,19.9742,7.6600,2579.2950,-79.6659,273.1574,2849.8680,0.0000,0.0000
9.7833,19.9765,7.6700,2345.6803,-103.4824,272.9874,2887.7400,0.0000,0.0000
9.8000,19.9789,7.6800,2109.8363,-127.5180,272.8179,2925.6120,0.0000,0.0000
9.8167,19.9813,7.6900,1871.7787,-151.7710,272.6489,2963.4840,0.0000,0.0000
9.8333,19.9837,7.7000,1631.5232,-176.2399,272.4804,3001.3560,0.0000,0.0000
9.8500,19.9861,7.7100,1389.0857,-200.9231,272.3123,3039.2280,0.0000,0.0000
9.8667,19.9886,7.7200,1144.4818,-225.8190,272.1448,3077.1000,0.0000,0.0000
9.8833,19.9910,7.7300,897.7273,-250.9261,271.9777,3114.9720,0.0000,0.0000
9.9000,19.9935,7.7400,648.8382,-276.2427,271.8111,3152.8440,0.0000,0.0000
9.9167,19.9960,7.7500,397.8302,-301.7672,271.6449,3190.7160,0.0000,0.0000
9.9333,19.9986,7.7600,144.7194,-327.4980,271.4792,3228.5880,0.0000,0.0000
9.9500,20.0015,7.7700,0.0000,-353.2492,271.3229,3266.4600,0.0000,0.0000
9.9667,20.0054,7.7800,0.0000,-378.7749,271.1879,3304.3320,0.0000,0.0000
9.9833,20.0103,7.7900,0.0000,-404.0983,271.0735,3342.2040,0.0000,0.0000
10.0000,20.0160,7.8000,0.0000,-429.2300,270.9795,3380.0760,0.0000,0.0000
10.0167,20.0227,7.8183,0.0000,-453.5237,270.7206,3397.2762,0.0000,0.0000
10.0333,20.0302,7.8367,0.0000,-476.9106,270.4809,3414.4764,0.0000,0.0000
10.0500,20.0386,7.8550,0.0000,-499.5443,270.2598,3431.6766,0.0000,0.0000
10.0667,20.0478,7.8733,0.0000,-521.5321,270.0566,3448.8768,0.0000,0.0000
10.0833,20.0577,7.8917,0.0000,-542.9534,269.8710,3466.0770,0.0000,0.0000
10.1000,20.0685,7.9100,0.0000,-563.8689,269.7025,3483.2772,0.0000,0.0000
10.1167,20.0799,7.9283,0.0000,-584.3266,269.5507,3500.4774,0.0000,0.0000
10.1333,20.0922,7.9467,0.0000,-604.3658,269.4152,3517.6776,0.0000,0.0000
10.1500,20.1051,7.9650,0.0000,-624.0193,269.2958,3534.8778,0.0000,0.0000
10.1667,20.1188,7.9833,0.0000,-643.3146,269.1922,3552.0780,0.0000,0.0000
10.1833,20.1331,8.0017,0.0000,-662.2753,269.1040,3569.2782,0.0000,0.0000
10.2000,20.1482,8.0200,0.0000,-680.9221,269.0309,3586.4784,0.0000,0.0000
10.2167,20.1639,8.0383,0.0000,-699.2728,268.9728,3603.6786,0.0000,0.0000
10.2333,20.1803,8.0567,0.0000,-717.3432,268.9294,3620.8788,0.0000,0.0000
10.2500,20.1973,8.0750,0.0000,-735.1473,268.9004,3638.0790,0.0000,0.0000
10.2667,20.2150,8.0933,0.0000,-752.6976,268.8857,3655.2792,0.0000,0.0000
10.2833,20.2333,8.1117,0.0000,-770.0054,268.8851,3672.4794,0.0000,0.0000
10.3000,20.2522,8.1300,0.0000,-787.0808,268.8982,3689.6796,0.0000,0.0000
10.3167,20.2717,8.1483,0.0000,-803.9330,268.9251,3706.8798,0.0000,0.0000
10.3333,20.2919,8.1667,0.0000,-820.5704,268.9653,3724.0800,0.0000,0.0000
10.3500,20.3126,8.1850,0.0000,-837.0005,269.0189,3741.2802,0.0000,0.0000
10.3667,20.3340,8.2033,0.0000,-853.2306,269.0855,3758.4804,0.0000,0.0000
10.3833,20.3559,8.2217,0.0000,-869.2672,269.1652,3775.6806,0.0000,0.0000
10.4000,20.3784,8.2400,0.0000,-885.1162,269.2575,3792.8808,0.0000,0.0000
10.4167,20.4015,8.2583,0.0000,-900.7834,269.3625,3810.0810,0.0000,0.0000
10.4333,20.4251,8.2767,0.0000,-916.2740,269.4800,3827.2812,0.0000,0.0000
10.4500,20.4493,8.2950,0.0000,-931.5930,269.6098,3844.4814,0.0000,0.0000
10.4667,20.4740,8.3133,0.0000,-946.7452,269.7518,3861.6816,0.0000,0.0000
10.4833,20.4993,8.3317,0.0000,-961.7348,269.9057,3878.8818,0.0000,0.0000
10.5000,20.5251,8.3500,0.0000,-976.5662,270.0716,3896.0820,0.0000,0.0000
10.5167,20.5514,8.3683,0.0000,-991.2432,270.2493,3913.2822,0.0000,0.0000
10.5333,20.5783,8.3867,0.0000,-1005.7698,270.4385,3930.4824,0.0000,0.0000
10.5500,20.6057,8.4050,0.0000,-1020.1495,270.6393,3947.6826,0.0000,0.0000
10.5667,20.6336,8.4233,0.0000,-1034.3858,270.8514,3964.8828,0.0000,0.0000
10.5833,20.6620,8.4417,0.0000,-1048.4821,271.0748,3982.0830,0.0000,0.0000
10.6000,20.6909,8.4600,0.0000,-1062.4415,271.3094,3999.2832,0.0000,0.0000
10.6167,20.7203,8.4783,0.0000,-1076.2672,271.5549,4016.4834,0.0000,0.0000
10.6333,20.7502,8.4967,0.0000,-1089.9621,271.8113,4033.6836,0.0000,0.0000
10.6500,20.7806,8.5150,0.0000,-1103.5291,272.0785,4050.8838,0.0000,0.0000
10.6667,20.8114,8.5333,0.0000,-1116.9710,272.3564,4068.0840,0.0000,0.0000
10.6833,20.8428,8.5517,0.0000,-1130.2904,272.6449,4085.2842,0.0000,0.0000
10.7000,20.8746,8.5700,0.0000,-1143.4900,272.9438,4102.4844,0.0000,0.0000
10.7167,20.9069,8.5883,0.0000,-1156.5724,273.2531,4119.6846,0.0000,0.0000
10.7333,20.9396,8.6067,0.0000,-1169.5398,273.5726,4136.8848,0.0000,0.0000
10.7500,20.9728,8.6250,0.0000,-1182.3948,273.9023,4154.0850,0.0000,0.0000
10.7667,21.0064,8.6433,0.0000,-1195.1395,274.2421,4171.2852,0.0000,0.0000
10.7833,21.0405,8.6617,0.0000,-1207.7764,274.5918,4188.4854,0.0000,0.0000
10.8000,21.0751,8.6800,0.0000,-1220.3075,274.9514,4205.6856,0.0000,0.0000
10.8167,21.1101,8.6983,0.0000,-1232.7350,275.3207,4222.8858,0.0000,0.0000
10.8333,21.1455,8.7167,0.0000,-1245.0609,275.6998,4240.0860,0.0000,0.0000
10.8500,21.1813,8.7350,0.0000,-1257.2873,276.0884,4257.2862,0.0000,0.0000
10.8667,21.2176,8.7533,0.0000,-1269.4160,276.4866,4274.4864,0.0000,0.0000
10.8833,21.2543,8.7717,0.0000,-1281.4492,276.8942,4291.6866,0.0000,0.0000
10.9000,21.2915,8.7900,0.0000,-1293.3885,277.3111,4308.8868,0.0000,0.0000
10.9167,21.3290,8.8083,0.0000,-1305.2358,277.7373,4326.0870,0.0000,0.0000
10.9333,21.3670,8.8267,0.0000,-1316.9929,278.1727,4343.2872,0.0000,0.0000
10.9500,21.4053,8.8450,0.0000,-1328.6615,278.6171,4360.4874,0.0000,0.0000
10.9667,21.4441,8.8633,0.0000,-1340.2434,279.0706,4377.6876,0.0000,0.0000
10.9833,21.4833,8.8817,0.0000,-1351.7401,279.5331,4394.8878,0.0000,0.0000
11.0000,21.5229,8.9000,0.0000,-1363.1532,280.0044,4412.0880,0.0000,0.0000
11.0167,21.5628,8.9083,0.0000,-1373.2631,280.7052,4412.5614,0.0000,0.0000
11.0333,21.6030,8.9167,0.0000,-1382.6472,281.4130,4413.0348,0.0000,0.0000
11.0500,21.6436,8.9250,0.0000,-1391.4477,282.1274,4413.5082,0.0000,0.0000
11.0667,21.6844,8.9333,0.0000,-1399.7622,282.8480,4413.9816,0.0000,0.0000
11.0833,21.7255,8.9417,0.0000,-1407.6611,283.5744,4414.4550,0.0000,0.0000
11.1000,21.7668,8.9500,0.0000,-1415.1973,284.3063,4414.9284,0.0000,0.0000
11.1167,21.8084,8.9583,0.0000,-1422.4115,285.0435,4415.4018,0.0000,0.0000
11.1333,21.8502,8.9667,0.0000,-1429.3362,285.7857,4415.8752,0.0000,0.0000
11.1500,21.8922,8.9750,0.0000,-1435.9980,286.5326,4416.3486,0.0000,0.0000
11.1667,21.9344,8.9833,0.0000,-1442.4185,287.2842,4416.8220,0.0000,0.0000
11.1833,21.9768,8.9917,0.0000,-1448.6160,288.0402,4417.2954,0.0000,0.0000
11.2000,22.0194,9.0000,0.0000,-1454.6062,288.8005,4417.7688,0.0000,0.0000
11.2167,22.0622,9.0083,0.0000,-1460.4021,289.5648,4418.2422,0.0000,0.0000
11.2333,22.1052,9.0167,0.0000,-1466.0153,290.3331,4418.7156,0.0000,0.0000
11.2500,22.1483,9.0250,0.0000,-1471.4558,291.1051,4419.1890,0.0000,0.0000
11.2667,22.1916,9.0333,0.0000,-1476.7322,291.8808,4419.6624,0.0000,0.0000
11.2833,22.2351,9.0417,0.0000,-1481.8524,292.6600,4420.1358,0.0000,0.0000
11.3000,22.2787,9.0500,0.0000,-1486.8231,293.4426,4420.6092,0.0000,0.0000
11.3167,22.3224,9.0583,0.0000,-1491.6506,294.2285,4421.0826,0.0000,0.0000
11.3333,22.3664,9.0667,0.0000,-1496.3402,295.0176,4421.5560,0.0000,0.0000
11.3500,22.4104,9.0750,0.0000,-1500.8971,295.8097,4422.0294,0.0000,0.0000
11.3667,22.4546,9.0833,0.0000,-1505.3258,296.6048,4422.5028,0.0000,0.0000
11.3833,22.4989,9.0917,0.0000,-1509.6305,297.4027,4422.9762,0.0000,0.0000
11.4000,22.5433,9.1000,0.0000,-1513.8150,298.2034,4423.4496,0.0000,0.0000
11.4167,22.5878,9.1083,0.0000,-1517.8830,299.0067,4423.9230,0.0000,0.0000
11.4333,22.6325,9.1167,0.0000,-1521.8378,299.8125,4424.3964,0.0000,0.0000
11.4500,22.6773,9.1250,0.0000,-1525.6825,300.6208,4424.8698,0.0000,0.0000
11.4667,22.7222,9.1333,0.0000,-1529.4201,301.4315,4425.3432,0.0000,0.0000
11.4833,22.7671,9.1417,0.0000,-1533.0535,302.2445,4425.8166,0.0000,0.0000
11.5000,22.8122,9.1500,0.0000,-1536.5852,303.0597,4426.2900,0.0000,0.0000
11.5167,22.8574,9.1583,0.0000,-1540.0178,303.8770,4426.7634,0.0000,0.0000
11.5333,22.9027,9.1667,0.0000,-1543.3537,304.6964,4427.2368,0.0000,0.0000
11.5500,22.9480,9.1750,0.0000,-1546.5953,305.5177,4427.7102,0.0000,0.0000
11.5667,22.9935,9.1833,0.0000,-1549.7449,306.3409,4428.1836,0.0000,0.0000
11.5833,23.0390,9.1917,0.0000,-1552.8046,307.1659,4428.6570,0.0000,0.0000
11.6000,23.0846,9.2000,0.0000,-1555.7764,307.9927,4429.1304,0.0000,0.0000
11.6167,23.1303,9.2083,0.0000,-1558.6626,308.8211,4429.6038,0.0000,0.0000
11.6333,23.1760,9.2167,0.0000,-1561.4649,309.6512,4430.0772,0.0000,0.0000
11.6500,23.2219,9.2250,0.0000,-1564.1853,310.4827,4430.5506,0.0000,0.0000
11.6667,23.2678,9.2333,0.0000,-1566.8258,311.3157,4431.0240,0.0000,0.0000
11.6833,23.3137,9.2417,0.0000,-1569.3880,312.1502,4431.4974,0.0000,0.0000
11.7000,23.3597,9.2500,0.0000,-1571.8738,312.9860,4431.9708,0.0000,0.0000
11.7167,23.4058,9.2583,0.0000,-1574.2850,313.8230,4432.4442,0.0000,0.0000
11.7333,23.4519,9.2667,0.0000,-1576.6231,314.6613,4432.9176,0.0000,0.0000
11.7500,23.4981,9.2750,0.0000,-1578.8898,315.5007,4433.3910,0.0000,0.0000
11.7667,23.5443,9.2833,0.0000,-1581.0868,316.3412,4433.8644,0.0000,0.0000
11.7833,23.5906,9.2917,0.0000,-1583.2156,317.1828,4434.3378,0.0000,0.0000
11.8000,23.6369,9.3000,0.0000,-1585.2777,318.0254,4434.8112,0.0000,0.0000
11.8167,23.6833,9.3083,0.0000,-1587.2746,318.8688,4435.2846,0.0000,0.0000
11.8333,23.7297,9.3167,0.0000,-1589.2078,319.7132,4435.7580,0.0000,0.0000
11.8500,23.7761,9.3250,0.0000,-1591.0788,320.5584,4436.2314,0.0000,0.0000
11.8667,23.8226,9.3333,0.0000,-1592.8889,321.4044,4436.7048,0.0000,0.0000
11.8833,23.8691,9.3417,0.0000,-1594.6394,322.2512,4437.1782,0.0000,0.0000
11.9000,23.9156,9.3500,0.0000,-1596.3319,323.0986,4437.6516,0.0000,0.0000
11.9167,23.9622,9.3583,0.0000,-1597.9675,323.9466,4438.1250,0.0000,0.0000
11.9333,24.0088,9.3667,0.0000,-1599.5475,324.7953,4438.5984,0.0000,0.0000
11.9500,24.0554,9.3750,0.0000,-1601.0732,325.6445,4439.0718,0.0000,0.0000
11.9667,24.1020,9.3833,0.0000,-1602.5458,326.4942,4439.5452,0.0000,0.0000
11.9833,24.1487,9.3917,0.0000,-1603.9666,327.3444,4440.0186,0.0000,0.0000
12.0000,24.1954,9.4000,0.0000,-1605.3367,328.1949,4440.4920,0.0000,0.0000
12.0167,24.2421,9.4200,0.0000,-1606.6524,328.7873,4433.3910,0.0000,0.0000
12.0333,24.2888,9.4400,0.0000,-1607.6002,329.3800,4426.2900,0.0000,0.0000
12.0500,24.3355,9.4600,0.0000,-1608.2502,329.9728,4419.1890,0.0000,0.0000
12.0667,24.3822,9.4800,0.0000,-1608.6507,330.5653,4412.0880,0.0000,0.0000
12.0833,24.4289,9.5000,0.0000,-1608.8371,331.1576,4404.9870,0.0000,0.0000
12.1000,24.4756,9.5200,0.0000,-1608.8361,331.7494,4397.8860,0.0000,0.0000
12.1167,24.5222,9.5400,0.0000,-1608.6687,332.3406,4390.7850,0.0000,0.0000
12.1333,24.5689,9.5600,0.0000,-1608.3520,332.9310,4383.6840,0.0000,0.0000
12.1500,24.6154,9.5800,0.0000,-1607.8997,333.5206,4376.5830,0.0000,0.0000
12.1667,24.6620,9.6000,0.0000,-1607.3236,334.1092,4369.4820,0.0000,0.0000
12.1833,24.7085,9.6200,0.0000,-1606.6337,334.6969,4362.3810,0.0000,0.0000
12.2000,24.7549,9.6400,0.0000,-1605.8383,335.2834,4355.2800,0.0000,0.0000
12.2167,24.8013,9.6600,0.0000,-1604.9449,335.8687,4348.1790,0.0000,0.0000
12.2333,24.8476,9.6800,0.0000,-1603.9599,336.4527,4341.0780,0.0000,0.0000
12.2500,24.8939,9.7000,0.0000,-1602.8888,337.0354,4333.9770,0.0000,0.0000
12.2667,24.9401,9.7200,0.0000,-1601.7367,337.6167,4326.8760,0.0000,0.0000
12.2833,24.9862,9.7400,0.0000,-1600.5080,338.1965,4319.7750,0.0000,0.0000
12.3000,25.0323,9.7600,0.0000,-1599.2067,338.7748,4312.6740,0.0000,0.0000
12.3167,25.0783,9.7800,0.0000,-1597.8362,339.3515,4305.5730,0.0000,0.0000
12.3333,25.1242,9.8000,0.0000,-1596.3999,339.9266,4298.4720,0.0000,0.0000
12.3500,25.1701,9.8200,0.0000,-1594.9005,340.5000,4291.3710,0.0000,0.0000
12.3667,25.2158,9.8400,0.0000,-1593.3409,341.0717,4284.2700,0.0000,0.0000
12.3833,25.2615,9.8600,0.0000,-1591.7234,341.6416,4277.1690,0.0000,0.0000
12.4000,25.3072,9.8800,0.0000,-1590.0502,342.2097,4270.0680,0.0000,0.0000
12.4167,25.3527,9.9000,0.0000,-1588.3235,342.7760,4262.9670,0.0000,0.0000
12.4333,25.3981,9.9200,0.0000,-1586.5451,343.3403,4255.8660,0.0000,0.0000
12.4500,25.4435,9.9400,0.0000,-1584.7169,343.9027,4248.7650,0.0000,0.0000
12.4667,25.4887,9.9600,0.0000,-1582.8406,344.4631,4241.6640,0.0000,0.0000
12.4833,25.5339,9.9800,0.0000,-1580.9176,345.0216,4234.5630,0.0000,0.0000
12.5000,25.5790,10.0000,0.0000,-1578.9496,345.5779,4227.4620,0.0000,0.0000
12.5167,25.6240,10.0200,0.0000,-1576.9378,346.1322,4220.3610,0.0000,0.0000
12.5333,25.6689,10.0400,0.0000,-1574.8837,346.6844,4213.2600,0.0000,0.0000
12.5500,25.7137,10.0600,0.0000,-1572.7885,347.2344,4206.1590,0.0000,0.0000
12.5667,25.7584,10.0800,0.0000,-1570.6533,347.7823,4199.0580,0.0000,0.0000
12.5833,25.8030,10.1000,0.0000,-1568.4795,348.3280,4191.9570,0.0000,0.0000
12.6000,25.8475,10.1200,0.0000,-1566.2679,348.8714,4184.8560,0.0000,0.0000
12.6167,25.8919,10.1400,0.0000,-1564.0198,349.4125,4177.7550,0.0000,0.0000
12.6333,25.9362,10.1600,0.0000,-1561.7361,349.9514,4170.6540,0.0000,0.0000
12.6500,25.9803,10.1800,0.0000,-1559.4177,350.4880,4163.5530,0.0000,0.0000
12.6667,26.0244,10.2000,0.0000,-1557.0657,351.0222,4156.4520,0.0000,0.0000
12.6833,26.0684,10.2200,0.0000,-1554.6809,351.5541,4149.3510,0.0000,0.0000
12.7000,26.1123,10.2400,0.0000,-1552.2642,352.0835,4142.2500,0.0000,0.0000
12.7167,26.1560,10.2600,0.0000,-1549.8165,352.6106,4135.1490,0.0000,0.0000
12.7333,26.1997,10.2800,0.0000,-1547.3385,353.1352,4128.0480,0.0000,0.0000
12.7500,26.2432,10.3000,0.0000,-1544.8310,353.6574,4120.9470,0.0000,0.0000
12.7667,26.2867,10.3200,0.0000,-1542.2949,354.1771,4113.8460,0.0000,0.0000
12.7833,26.3300,10.3400,0.0000,-1539.7308,354.6943,4106.7450,0.0000,0.0000
12.8000,26.3732,10.3600,0.0000,-1537.1394,355.2089,4099.6440,0.0000,0.0000
12.8167,26.4163,10.3800,0.0000,-1534.5216,355.7211,4092.5430,0.0000,0.0000
12.8333,26.4592,10.4000,0.0000,-1531.8779,356.2307,4085.4420,0.0000,0.0000
12.8500,26.5021,10.4200,0.0000,-1529.2090,356.7377,4078.3410,0.0000,0.0000
12.8667,26.5448,10.4400,0.0000,-1526.5156,357.2421,4071.2400,0.0000,0.0000
12.8833,26.5874,10.4600,0.0000,-1523.7983,357.7439,4064.1390,0.0000,0.0000
12.9000,26.6300,10.4800,0.0000,-1521.0576,358.2431,4057.0380,0.0000,0.0000
12.9167,26.6723,10.5000,0.0000,-1518.2943,358.7396,4049.9370,0.0000,0.0000
12.9333,26.7146,10.5200,0.0000,-1515.5088,359.2335,4042.8360,0.0000,0.0000
12.9500,26.7567,10.5400,0.0000,-1512.7018,359.7247,4035.7350,0.0000,0.0000
12.9667,26.7988,10.5600,0.0000,-1509.8737,360.2132,4028.6340,0.0000,0.0000
12.9833,26.8407,10.5800,0.0000,-1507.0252,360.6990,4021.5330,0.0000,0.0000
13.0000,26.8824,10.6000,0.0000,-1504.1567,361.1821,4014.4320,0.0000,0.0000
13.0167,26.9240,10.5900,0.0000,-1499.5926,362.3261,3995.8116,0.0000,0.0000
13.0333,26.9654,10.5800,0.0000,-1494.5724,363.4650,3977.1912,0.0000,0.0000
13.0500,27.0050,10.5700,-503.3496,-1489.9793,364.5668,3958.5708,0.0000,0.0000
13.0667,27.0336,10.5600,-3359.8673,-1490.8992,365.4223,3939.9504,0.0000,0.0000
13.0833,27.0547,10.5500,-5466.9063,-1495.2280,366.1115,3921.3300,0.0000,0.0000
13.1000,27.0703,10.5400,-7029.9111,-1501.7874,366.6801,3902.7096,0.0000,0.0000
13.1167,27.0820,10.5300,-8197.4363,-1509.7503,367.1609,3884.0892,0.0000,0.0000
13.1333,27.0908,10.5200,-9076.9474,-1518.5363,367.5778,3865.4688,0.0000,0.0000
13.1500,27.0975,10.5100,-9746.2235,-1527.7397,367.9481,3846.8484,0.0000,0.0000
13.1667,27.1026,10.5000,-10261.5884,-1537.0783,368.2842,3828.2280,0.0000,0.0000
13.1833,27.1066,10.4900,-10663.8543,-1546.3573,368.5953,3809.6076,0.0000,0.0000
13.2000,27.1098,10.4800,-10982.6159,-1555.4438,368.8878,3790.9872,0.0000,0.0000
13.2167,27.1124,10.4700,-11239.3526,-1564.2483,369.1666,3772.3668,0.0000,0.0000
13.2333,27.1145,10.4600,-11449.6703,-1572.7126,369.4350,3753.7464,0.0000,0.0000
13.2500,27.1162,10.4500,-11624.9224,-1580.7995,369.6957,3735.1260,0.0000,0.0000
13.2667,27.1177,10.4400,-11773.3820,-1588.4872,369.9505,3716.5056,0.0000,0.0000
13.2833,27.1190,10.4300,-11901.0894,-1595.7643,370.2006,3697.8852,0.0000,0.0000
13.3000,27.1201,10.4200,-12012.4657,-1602.6263,370.4472,3679.2648,0.0000,0.0000
13.3167,27.1211,10.4100,-12110.7564,-1609.0739,370.6908,3660.6444,0.0000,0.0000
13.3333,27.1220,10.4000,-12198.3535,-1615.1109,370.9321,3642.0240,0.0000,0.0000
13.3500,27.1228,10.3900,-12277.0277,-1620.7432,371.1713,3623.4036,0.0000,0.0000
13.3667,27.1235,10.3800,-12348.0978,-1625.9779,371.4089,3604.7832,0.0000,0.0000
13.3833,27.1241,10.3700,-12412.5526,-1630.8232,371.6450,3586.1628,0.0000,0.0000
13.4000,27.1247,10.3600,-12471.1403,-1635.2873,371.8799,3567.5424,0.0000,0.0000
13.4167,27.1252,10.3500,-12524.4324,-1639.3789,372.1135,3548.9220,0.0000,0.0000
13.4333,27.1257,10.3400,-12572.8712,-1643.1064,372.3461,3530.3016,0.0000,0.0000
13.4500,27.1261,10.3300,-12613.3516,-1646.2495,372.5769,3511.6812,0.0000,0.0000
13.4667,27.1265,10.3200,-12650.1149,-1649.0217,372.8069,3493.0608,0.0000,0.0000
13.4833,27.1268,10.3100,-12683.2212,-1651.4462,373.0360,3474.4404,0.0000,0.0000
13.5000,27.1271,10.3000,-12712.7578,-1653.5397,373.2644,3455.8200,0.0000,0.0000
13.5167,27.1274,10.2900,-12738.8230,-1655.3155,373.4920,3437.1996,0.0000,0.0000
13.5333,27.1276,10.2800,-12761.5179,-1656.7843,373.7189,3418.5792,0.0000,0.0000
13.5500,27.1278,10.2700,-12780.9419,-1657.9556,373.9450,3399.9588,0.0000,0.0000
13.5667,27.1280,10.2600,-12797.1901,-1658.8377,374.1704,3381.3384,0.0000,0.0000
13.5833,27.1281,10.2500,-12810.3530,-1659.4380,374.3952,3362.7180,0.0000,0.0000
13.6000,27.1282,10.2400,-12820.5156,-1659.7636,374.6192,3344.0976,0.0000,0.0000
13.6167,27.1283,10.2300,-12827.7579,-1659.8208,374.8427,3325.4772,0.0000,0.0000
13.6333,27.1283,10.2200,-12832.1548,-1659.6158,375.0655,3306.8568,0.0000,0.0000
13.6500,27.1283,10.2100,-12833.7771,-1659.1542,375.2876,3288.2364,0.0000,0.0000
13.6667,27.1283,10.2000,-12832.6913,-1658.4414,375.5092,3269.6160,0.0000,0.0000
13.6833,27.1283,10.1900,-12828.9604,-1657.4828,375.7302,3250.9956,0.0000,0.0000
13.7000,27.1282,10.1800,-12822.6439,-1656.2831,375.9506,3232.3752,0.0000,0.0000
13.7167,27.1281,10.1700,-12813.7984,-1654.8472,376.1705,3213.7548,0.0000,0.0000
13.7333,27.1280,10.1600,-12802.4779,-1653.1798,376.3898,3195.1344,0.0000,0.0000
13.7500,27.1279,10.1500,-12788.7341,-1651.2851,376.6086,3176.5140,0.0000,0.0000
13.7667,27.1277,10.1400,-12772.6161,-1649.1676,376.8268,3157.8936,0.0000,0.0000
13.7833,27.1275,10.1300,-12754.1715,-1646.8313,377.0446,3139.2732,0.0000,0.0000
13.8000,27.1273,10.1200,-12733.4458,-1644.2804,377.2618,3120.6528,0.0000,0.0000
13.8167,27.1271,10.1100,-12710.4830,-1641.5186,377.4785,3102.0324,0.0000,0.0000
13.8333,27.1269,10.1000,-12685.3255,-1638.5498,377.6948,3083.4120,0.0000,0.0000
13.8500,27.1266,10.0900,-12658.0145,-1635.3777,377.9105,3064.7916,0.0000,0.0000
13.8667,27.1263,10.0800,-12628.5896,-1632.0059,378.1258,3046.1712,0.0000,0.0000
13.8833,27.1260,10.0700,-12597.0896,-1628.4378,378.3407,3027.5508,0.0000,0.0000
13.9000,27.1256,10.0600,-12563.5519,-1624.6770,378.5550,3008.9304,0.0000,0.0000
13.9167,27.1253,10.0500,-12528.0130,-1620.7267,378.7690,2990.3100,0.0000,0.0000
13.9333,27.1249,10.0400,-12490.5084,-1616.5903,378.9825,2971.6896,0.0000,0.0000
13.9500,27.1245,10.0300,-12451.0726,-1612.2708,379.1956,2953.0692,0.0000,0.0000
13.9667,27.1241,10.0200,-12409.7394,-1607.7715,379.4082,2934.4488,0.0000,0.0000
13.9833,27.1237,10.0100,-12366.5416,-1603.0953,379.6205,2915.8284,0.0000,0.0000
14.0000,27.1232,10.0000,-12321.5115,-1598.2453,379.8323,2897.2080,0.0000,0.0000
14.0167,27.1227,9.9900,-12274.3485,-1593.0871,380.0437,2875.9050,0.0000,0.0000
14.0333,27.1222,9.9800,-12224.9020,-1587.6554,380.2545,2854.6020,0.0000,0.0000
14.0500,27.1217,9.9700,-12173.1186,-1581.9739,380.4648,2833.2990,0.0000,0.0000
14.0667,27.1212,9.9600,-12119.0007,-1576.0597,380.6747,2811.9960,0.0000,0.0000
14.0833,27.1206,9.9500,-12062.5823,-1569.9255,380.8840,2790.6930,0.0000,0.0000
14.1000,27.1200,9.9400,-12003.9135,-1563.5812,381.0928,2769.3900,0.0000,0.0000
14.1167,27.1194,9.9300,-11943.0523,-1557.0349,381.3011,2748.0870,0.0000,0.0000
14.1333,27.1188,9.9200,-11880.0589,-1550.2933,381.5090,2726.7840,0.0000,0.0000
14.1500,27.1181,9.9100,-11814.9928,-1543.3622,381.7163,2705.4810,0.0000,0.0000
14.1667,27.1175,9.9000,-11747.9113,-1536.2465,381.9233,2684.1780,0.0000,0.0000
14.1833,27.1168,9.8900,-11678.8686,-1528.9508,382.1298,2662.8750,0.0000,0.0000
14.2000,27.1161,9.8800,-11607.9156,-1521.4791,382.3359,2641.5720,0.0000,0.0000
14.2167,27.1154,9.8700,-11535.0995,-1513.8351,382.5415,2620.2690,0.0000,0.0000
14.2333,27.1146,9.8600,-11460.4645,-1506.0222,382.7468,2598.9660,0.0000,0.0000
14.2500,27.1138,9.8500,-11384.0520,-1498.0438,382.9517,2577.6630,0.0000,0.0000
14.2667,27.1131,9.8400,-11305.9003,-1489.9028,383.1562,2556.3600,0.0000,0.0000
14.2833,27.1123,9.8300,-11226.0456,-1481.6021,383.3603,2535.0570,0.0000,0.0000
14.3000,27.1114,9.8200,-11144.5217,-1473.1444,383.5640,2513.7540,0.0000,0.0000
14.3167,27.1106,9.8100,-11061.3607,-1464.5324,383.7674,2492.4510,0.0000,0.0000
14.3333,27.1098,9.8000,-10976.5928,-1455.7686,383.9704,2471.1480,0.0000,0.0000
14.3500,27.1089,9.7900,-10890.2470,-1446.8554,384.1731,2449.8450,0.0000,0.0000
14.3667,27.1080,9.7800,-10802.3507,-1437.7953,384.3754,2428.5420,0.0000,0.0000
14.3833,27.1071,9.7700,-10712.9304,-1428.5904,384.5774,2407.2390,0.0000,0.0000
14.4000,27.1062,9.7600,-10622.0114,-1419.2431,384.7791,2385.9360,0.0000,0.0000
14.4167,27.1053,9.7500,-10529.6183,-1409.7556,384.9804,2364.6330,0.0000,0.0000
14.4333,27.1044,9.7400,-10435.7748,-1400.1299,385.1814,2343.3300,0.0000,0.0000
14.4500,27.1033,9.7300,-10332.1962,-1389.7659,385.3802,2322.0270,0.0000,0.0000
14.4667,27.1023,9.7200,-10227.8477,-1379.3151,385.5789,2300.7240,0.0000,0.0000
14.4833,27.1012,9.7100,-10122.6703,-1368.7647,385.7774,2279.4210,0.0000,0.0000
14.5000,27.1002,9.7000,-10016.6008,-1358.1073,385.9757,2258.1180,0.0000,0.0000
14.5167,27.0991,9.6900,-9909.5813,-1347.3385,386.1738,2236.8150,0.0000,0.0000
14.5333,27.0980,9.6800,-9801.5627,-1336.4560,386.3716,2215.5120,0.0000,0.0000
14.5500,27.0969,9.6700,-9692.5057,-1325.4585,386.5693,2194.2090,0.0000,0.0000
14.5667,27.0958,9.6600,-9582.3802,-1314.3457,386.7667,2172.9060,0.0000,0.0000
14.5833,27.0947,9.6500,-9471.1642,-1303.1174,386.9638,2151.6030,0.0000,0.0000
14.6000,27.0936,9.6400,-9358.8429,-1291.7743,387.1607,2130.3000,0.0000,0.0000
14.6167,27.0925,9.6300,-9245.4072,-1280.3170,387.3574,2108.9970,0.0000,0.0000
14.6333,27.0913,9.6200,-9130.8529,-1268.7465,387.5538,2087.6940,0.0000,0.0000
14.6500,27.0902,9.6100,-9015.1799,-1257.0638,387.7500,2066.3910,0.0000,0.0000
14.6667,27.0890,9.6000,-8898.3912,-1245.2702,387.9459,2045.0880,0.0000,0.0000
14.6833,27.0878,9.5900,-8780.4925,-1233.3669,388.1416,2023.7850,0.0000,0.0000
14.7000,27.0866,9.5800,-8661.4915,-1221.3553,388.3370,2002.4820,0.0000,0.0000
14.7167,27.0854,9.5700,-8541.3977,-1209.2368,388.5322,1981.1790,0.0000,0.0000
14.7333,27.0842,9.5600,-8420.2218,-1197.0129,388.7271,1959.8760,0.0000,0.0000
14.7500,27.0830,9.5500,-8297.9758,-1184.6851,388.9218,1938.5730,0.0000,0.0000
14.7667,27.0817,9.5400,-8174.6722,-1172.2548,389.1163,1917.2700,0.0000,0.0000
14.7833,27.0805,9.5300,-8050.3245,-1159.7236,389.3105,1895.9670,0.0000,0.0000
14.8000,27.0792,9.5200,-7924.9465,-1147.0929,389.5045,1874.6640,0.0000,0.0000
14.8167,27.0780,9.5100,-7798.5524,-1134.3644,389.6983,1853.3610,0.0000,0.0000
14.8333,27.0767,9.5000,-7671.1567,-1121.5396,389.8919,1832.0580,0.0000,0.0000
14.8500,27.0754,9.4900,-7542.7740,-1108.6199,390.0852,1810.7550,0.0000,0.0000
14.8667,27.0741,9.4800,-7413.4192,-1095.6069,390.2784,1789.4520,0.0000,0.0000
14.8833,27.0728,9.4700,-7283.1071,-1082.5021,390.4713,1768.1490,0.0000,0.0000
14.9000,27.0715,9.4600,-7151.8526,-1069.3070,390.6640,1746.8460,0.0000,0.0000
14.9167,27.0702,9.4500,-7019.6707,-1056.0231,390.8565,1725.5430,0.0000,0.0000
14.9333,27.0689,9.4400,-6886.5760,-1042.6519,391.0488,1704.2400,0.0000,0.0000
14.9500,27.0675,9.4300,-6752.5835,-1029.1948,391.2409,1682.9370,0.0000,0.0000
14.9667,27.0662,9.4200,-6617.7077,-1015.6532,391.4328,1661.6340,0.0000,0.0000
14.9833,27.0648,9.4100,-6481.9633,-1002.0286,391.6245,1640.3310,0.0000,0.0000
15.0000,27.0635,9.4000,-6345.3627,-988.3217,391.8160,1619.0280,0.0000,0.0000
15.0167,27.0620,9.3550,-6202.2615,-973.1778,392.7825,1595.3580,0.0000,0.0000
15.0333,27.0605,9.3100,-6053.9762,-957.8786,393.7478,1571.6880,0.0000,0.0000
15.0500,27.0590,9.2650,-5901.5092,-942.4376,394.7122,1548.0180,0.0000,0.0000
15.0667,27.0575,9.2200,-5745.6209,-926.8640,395.6758,1524.3480,0.0000,0.0000
15.0833,27.0559,9.1750,-5586.8869,-911.1645,396.6388,1500.6780,0.0000,0.0000
15.1000,27.0543,9.1300,-5425.7438,-895.3443,397.6013,1477.0080,0.0000,0.0000
15.1167,27.0526,9.0850,-5262.5228,-879.4075,398.5633,1453.3380,0.0000,0.0000
15.1333,27.0510,9.0400,-5097.4765,-863.3576,399.5248,1429.6680,0.0000,0.0000
15.1500,27.0493,8.9950,-4930.7983,-847.1977,400.4861,1405.9980,0.0000,0.0000
15.1667,27.0476,8.9500,-4762.6371,-830.9304,401.4470,1382.3280,0.0000,0.0000
15.1833,27.0459,8.9050,-4593.1085,-814.5580,402.4076,1358.6580,0.0000,0.0000
15.2000,27.0442,8.8600,-4422.3030,-798.0827,403.3679,1334.9880,0.0000,0.0000
15.2167,27.0425,8.8150,-4250.2923,-781.5064,404.3279,1311.3180,0.0000,0.0000
15.2333,27.0408,8.7700,-4077.1336,-764.8310,405.2877,1287.6480,0.0000,0.0000
15.2500,27.0390,8.7250,-3902.8739,-748.0582,406.2473,1263.9780,0.0000,0.0000
15.2667,27.0373,8.6800,-3727.5515,-731.1896,407.2066,1240.3080,0.0000,0.0000
15.2833,27.0355,8.6350,-3551.1990,-714.2267,408.1657,1216.6380,0.0000,0.0000
15.3000,27.0337,8.5900,-3373.8442,-697.1712,409.1245,1192.9680,0.0000,0.0000
15.3167,27.0320,8.5450,-3195.5114,-680.0243,410.0832,1169.2980,0.0000,0.0000
15.3333,27.0302,8.5000,-3016.2221,-662.7875,411.0416,1145.6280,0.0000,0.0000
15.3500,27.0284,8.4550,-2835.9958,-645.4623,411.9998,1121.9580,0.0000,0.0000
15.3667,27.0265,8.4100,-2654.8503,-628.0499,412.9579,1098.2880,0.0000,0.0000
15.3833,27.0247,8.3650,-2472.8010,-610.5512,413.9157,1074.6180,0.0000,0.0000
15.4000,27.0229,8.3200,-2289.8619,-592.9672,414.8733,1050.9480,0.0000,0.0000
15.4167,27.0211,8.2750,-2106.0459,-575.2989,415.8307,1027.2780,0.0000,0.0000
15.4333,27.0192,8.2300,-1921.3652,-557.5473,416.7880,1003.6080,0.0000,0.0000
15.4500,27.0174,8.1850,-1735.8318,-539.7136,417.7450,979.9380,0.0000,0.0000
15.4667,27.0155,8.1400,-1549.4582,-521.7992,418.7019,956.2680,0.0000,0.0000
15.4833,27.0136,8.0950,-1362.2571,-503.8053,419.6586,932.5980,0.0000,0.0000
15.5000,27.0117,8.0500,-1174.2417,-485.7336,420.6151,908.9280,0.0000,0.0000
15.5167,27.0099,8.0050,-985.4258,-467.5855,421.5714,885.2580,0.0000,0.0000
15.5333,27.0080,7.9600,-795.8236,-449.3625,422.5275,861.5880,0.0000,0.0000
15.5500,27.0061,7.9150,-605.4494,-431.0661,423.4835,837.9180,0.0000,0.0000
15.5667,27.0041,7.8700,-414.3177,-412.6979,424.4393,814.2480,0.0000,0.0000
15.5833,27.0022,7.8250,-222.4433,-394.2593,425.3949,790.5780,0.0000,0.0000
15.6000,27.0003,7.7800,-29.8409,-375.7519,426.3504,766.9080,0.0000,0.0000
15.6167,26.9978,7.7350,0.0000,-357.4561,427.2931,743.2380,0.0000,0.0000
15.6333,26.9946,7.6900,0.0000,-339.4361,428.2196,719.5680,0.0000,0.0000
15.6500,26.9906,7.6450,0.0000,-321.6605,429.1310,695.8980,0.0000,0.0000
15.6667,26.9861,7.6000,0.0000,-304.1175,430.0273,672.2280,0.0000,0.0000
15.6833,26.9808,7.5550,0.0000,-286.7966,430.9090,648.5580,0.0000,0.0000
15.7000,26.9749,7.5100,0.0000,-269.6880,431.7760,624.8880,0.0000,0.0000
15.7167,26.9683,7.4650,0.0000,-252.7830,432.6287,601.2180,0.0000,0.0000
15.7333,26.9611,7.4200,0.0000,-236.0731,433.4671,577.5480,0.0000,0.0000
15.7500,26.9533,7.3750,0.0000,-219.5501,434.2914,553.8780,0.0000,0.0000
15.7667,26.9448,7.3300,0.0000,-203.2062,435.1019,530.2080,0.0000,0.0000
15.7833,26.9357,7.2850,0.0000,-187.0340,435.8986,506.5380,0.0000,0.0000
15.8000,26.9260,7.2400,0.0000,-171.0269,436.6816,482.8680,0.0000,0.0000
15.8167,26.9157,7.1950,0.0000,-155.1786,437.4512,459.1980,0.0000,0.0000
15.8333,26.9048,7.1500,0.0000,-139.4835,438.2075,435.5280,0.0000,0.0000
15.8500,26.8933,7.1050,0.0000,-123.9363,438.9505,411.8580,0.0000,0.0000
15.8667,26.8812,7.0600,0.0000,-108.5323,439.6804,388.1880,0.0000,0.0000
15.8833,26.8686,7.0150,0.0000,-93.2669,440.3974,364.5180,0.0000,0.0000
15.9000,26.8553,6.9700,0.0000,-78.1359,441.1016,340.8480,0.0000,0.0000
15.9167,26.8415,6.9250,0.0000,-63.1353,441.7930,317.1780,0.0000,0.0000
15.9333,26.8271,6.8800,0.0000,-48.2612,442.4718,293.5080,0.0000,0.0000
15.9500,26.8121,6.8350,0.0000,-33.5101,443.1381,269.8380,0.0000,0.0000
15.9667,26.7966,6.7900,0.0000,-18.8785,443.7921,246.1680,0.0000,0.0000
15.9833,26.7805,6.7450,0.0000,-4.3630,444.4337,222.4980,0.0000,0.0000
16.0000,26.7639,6.7000,0.0000,10.0394,445.0631,198.8280,0.0000,0.0000
16.0167,26.7468,6.6817,0.0000,22.4716,445.0909,195.5142,0.0000,0.0000
16.0333,26.7293,6.6633,0.0000,34.1283,445.1092,192.2004,0.0000,0.0000
16.0500,26.7114,6.6450,0.0000,45.1631,445.1186,188.8866,0.0000,0.0000
16.0667,26.6931,6.6267,0.0000,55.6818,445.1194,185.5728,0.0000,0.0000
16.0833,26.6744,6.6083,0.0000,65.7605,445.1120,182.2590,0.0000,0.0000
16.1000,26.6554,6.5900,0.0000,75.4561,445.0968,178.9452,0.0000,0.0000
16.1167,26.6360,6.5717,0.0000,84.8128,445.0740,175.6314,0.0000,0.0000
16.1333,26.6164,6.5533,0.0000,93.8655,445.0439,172.3176,0.0000,0.0000
16.1500,26.5963,6.5350,0.0000,102.6424,445.0067,169.0038,0.0000,0.0000
16.1667,26.5760,6.5167,0.0000,111.1670,444.9626,165.6900,0.0000,0.0000
16.1833,26.5554,6.4983,0.0000,119.4588,444.9119,162.3762,0.0000,0.0000
16.2000,26.5345,6.4800,0.0000,127.5342,444.8546,159.0624,0.0000,0.0000
16.2167,26.5133,6.4617,0.0000,135.4075,444.7910,155.7486,0.0000,0.0000
16.2333,26.4918,6.4433,0.0000,143.0908,444.7212,152.4348,0.0000,0.0000
16.2500,26.4701,6.4250,0.0000,150.5946,444.6454,149.1210,0.0000,0.0000
16.2667,26.4480,6.4067,0.0000,157.9283,444.5637,145.8072,0.0000,0.0000
16.2833,26.4258,6.3883,0.0000,165.1000,444.4763,142.4934,0.0000,0.0000
16.3000,26.4032,6.3700,0.0000,172.1171,444.3832,139.1796,0.0000,0.0000
16.3167,26.3805,6.3517,0.0000,178.9860,444.2847,135.8658,0.0000,0.0000
16.3333,26.3574,6.3333,0.0000,185.7126,444.1808,132.5520,0.0000,0.0000
16.3500,26.3342,6.3150,0.0000,192.3022,444.0716,129.2382,0.0000,0.0000
16.3667,26.3107,6.2967,0.0000,198.7596,443.9573,125.9244,0.0000,0.0000
16.3833,26.2870,6.2783,0.0000,205.0894,443.8379,122.6106,0.0000,0.0000
16.4000,26.2630,6.2600,0.0000,211.2956,443.7136,119.2968,0.0000,0.0000
16.4167,26.2389,6.2417,0.0000,217.3821,443.5845,115.9830,0.0000,0.0000
16.4333,26.2145,6.2233,0.0000,223.3524,443.4507,112.6692,0.0000,0.0000
16.4500,26.1900,6.2050,0.0000,229.2098,443.3122,109.3554,0.0000,0.0000
16.4667,26.1652,6.1867,0.0000,234.9576,443.1691,106.0416,0.0000,0.0000
16.4833,26.1402,6.1683,0.0000,240.5987,443.0216,102.7278,0.0000,0.0000
16.5000,26.1150,6.1500,0.0000,246.1359,442.8698,99.4140,0.0000,0.0000
16.5167,26.0896,6.1317,0.0000,251.5720,442.7136,96.1002,0.0000,0.0000
16.5333,26.0641,6.1133,0.0000,256.9095,442.5533,92.7864,0.0000,0.0000
16.5500,26.0383,6.0950,0.0000,262.1509,442.3888,89.4726,0.0000,0.0000
16.5667,26.0124,6.0767,0.0000,267.2986,442.2203,86.1588,0.0000,0.0000
16.5833,25.9863,6.0583,0.0000,272.3549,442.0479,82.8450,0.0000,0.0000
16.6000,25.9600,6.0400,0.0000,277.3220,441.8715,79.5312,0.0000,0.0000
16.6167,25.9335,6.0217,0.0000,282.2021,441.6913,76.2174,0.0000,0.0000
16.6333,25.9069,6.0033,0.0000,286.9972,441.5074,72.9036,0.0000,0.0000
16.6500,25.8801,5.9850,0.0000,291.7093,441.3199,69.5898,0.0000,0.0000
16.6667,25.8532,5.9667,0.0000,296.3404,441.1287,66.2760,0.0000,0.0000
16.6833,25.8261,5.9483,0.0000,300.8924,440.9340,62.9622,0.0000,0.0000
16.7000,25.7988,5.9300,0.0000,305.3671,440.7358,59.6484,0.0000,0.0000
16.7167,25.7714,5.9117,0.0000,309.7664,440.5343,56.3346,0.0000,0.0000
16.7333,25.7438,5.8933,0.0000,314.0918,440.3293,53.0208,0.0000,0.0000
16.7500,25.7161,5.8750,0.0000,318.3453,440.1211,49.7070,0.0000,0.0000
16.7667,25.6882,5.8567,0.0000,322.5283,439.9097,46.3932,0.0000,0.0000
16.7833,25.6602,5.8383,0.0000,326.6425,439.6951,43.0794,0.0000,0.0000
16.8000,25.6321,5.8200,0.0000,330.6895,439.4774,39.7656,0.0000,0.0000
16.8167,25.6038,5.8017,0.0000,334.6707,439.2567,36.4518,0.0000,0.0000
16.8333,25.5754,5.7833,0.0000,338.5877,439.0330,33.1380,0.0000,0.0000
16.8500,25.5468,5.7650,0.0000,342.4420,438.8063,29.8242,0.0000,0.0000
16.8667,25.5181,5.7467,0.0000,346.2349,438.5767,26.5104,0.0000,0.0000
16.8833,25.4893,5.7283,0.0000,349.9677,438.3443,23.1966,0.0000,0.0000
16.9000,25.4604,5.7100,0.0000,353.6419,438.1091,19.8828,0.0000,0.0000
16.9167,25.4313,5.6917,0.0000,357.2588,437.8712,16.5690,0.0000,0.0000
16.9333,25.4022,5.6733,0.0000,360.8195,437.6305,13.2552,0.0000,0.0000
16.9500,25.3729,5.6550,0.0000,364.3255,437.3873,9.9414,0.0000,0.0000
16.9667,25.3434,5.6367,0.0000,367.7778,437.1414,6.6276,0.0000,0.0000
16.9833,25.3139,5.6183,0.0000,371.1776,436.8930,3.3138,0.0000,0.0000
17.0000,25.2843,5.6000,0.0000,374.5261,436.6420,0.0000,0.0000,0.0000
17.0167,25.2544,5.5533,0.0000,378.6808,437.0159,0.0000,0.0000,0.0000
17.0333,25.2245,5.5067,0.0000,382.6579,437.3863,0.0000,0.0000,0.0000
17.0500,25.1943,5.4600,0.0000,386.4820,437.7532,0.0000,0.0000,0.0000
17.0667,25.1641,5.4133,0.0000,390.1708,438.1169,0.0000,0.0000,0.0000
17.0833,25.1337,5.3667,0.0000,393.7380,438.4773,0.0000,0.0000,0.0000
17.1000,25.1031,5.3200,0.0000,397.1943,438.8347,0.0000,0.0000,0.0000
17.1167,25.0724,5.2733,0.0000,400.5489,439.1891,0.0000,0.0000,0.0000
17.1333,25.0416,5.2267,0.0000,403.8093,439.5405,0.0000,0.0000,0.0000
17.1500,25.0106,5.1800,0.0000,406.9822,439.8891,0.0000,0.0000,0.0000
17.1667,24.9796,5.1333,0.0000,410.0732,440.2349,0.0000,0.0000,0.0000
17.1833,24.9484,5.0867,0.0000,413.0874,440.5780,0.0000,0.0000,0.0000
17.2000,24.9170,5.0400,0.0000,416.0295,440.9184,0.0000,0.0000,0.0000
17.2167,24.8856,4.9933,0.0000,418.9034,441.2562,0.0000,0.0000,0.0000
17.2333,24.8540,4.9467,0.0000,421.7128,441.5915,0.0000,0.0000,0.0000
17.2500,24.8224,4.9000,0.0000,424.4610,441.9242,0.0000,0.0000,0.0000
17.2667,24.7906,4.8533,0.0000,427.1509,442.2546,0.0000,0.0000,0.0000
17.2833,24.7587,4.8067,0.0000,429.7853,442.5825,0.0000,0.0000,0.0000
17.3000,24.7267,4.7600,0.0000,432.3666,442.9080,0.0000,0.0000,0.0000
17.3167,24.6946,4.7133,0.0000,434.8971,443.2312,0.0000,0.0000,0.0000
17.3333,24.6624,4.6667,0.0000,437.3789,443.5522,0.0000,0.0000,0.0000
17.3500,24.6301,4.6200,0.0000,439.8138,443.8709,0.0000,0.0000,0.0000
17.3667,24.5977,4.5733,0.0000,442.2036,444.1875,0.0000,0.0000,0.0000
17.3833,24.5652,4.5267,0.0000,444.5499,444.5018,0.0000,0.0000,0.0000
17.4000,24.5327,4.4800,0.0000,446.8542,444.8141,0.0000,0.0000,0.0000
17.4167,24.5000,4.4333,0.0000,449.1179,445.1243,0.0000,0.0000,0.0000
17.4333,24.4672,4.3867,0.0000,451.3422,445.4324,0.0000,0.0000,0.0000
17.4500,24.4343,4.3400,0.0000,453.5284,445.7385,0.0000,0.0000,0.0000
17.4667,24.4014,4.2933,0.0000,455.6774,446.0426,0.0000,0.0000,0.0000
17.4833,24.3683,4.2467,0.0000,457.7904,446.3447,0.0000,0.0000,0.0000
17.5000,24.3352,4.2000,0.0000,459.8686,446.6449,0.0000,0.0000,0.0000
17.5167,24.3020,4.1533,0.0000,461.9131,446.9432,0.0000,0.0000,0.0000
17.5333,24.2687,4.1067,0.0000,463.9254,447.2397,0.0000,0.0000,0.0000
17.5500,24.2353,4.0600,0.0000,465.9069,447.5343,0.0000,0.0000,0.0000
17.5667,24.2018,4.0133,0.0000,467.8585,447.8270,0.0000,0.0000,0.0000
17.5833,24.1683,3.9667,0.0000,469.7812,448.1180,0.0000,0.0000,0.0000
17.6000,24.1346,3.9200,0.0000,471.6757,448.4072,0.0000,0.0000,0.0000
17.6167,24.1009,3.8733,0.0000,473.5426,448.6947,0.0000,0.0000,0.0000
17.6333,24.0671,3.8267,0.0000,475.3822,448.9804,0.0000,0.0000,0.0000
17.6500,24.0333,3.7800,0.0000,477.1949,449.2645,0.0000,0.0000,0.0000
17.6667,23.9993,3.7333,0.0000,478.9810,449.5468,0.0000,0.0000,0.0000
17.6833,23.9653,3.6867,0.0000,480.7405,449.8275,0.0000,0.0000,0.0000
17.7000,23.9313,3.6400,0.0000,482.4738,450.1066,0.0000,0.0000,0.0000
17.7167,23.8971,3.5933,0.0000,484.1810,450.3841,0.0000,0.0000,0.0000
17.7333,23.8629,3.5467,0.0000,485.8623,450.6599,0.0000,0.0000,0.0000
17.7500,23.8286,3.5000,0.0000,487.5179,450.9342,0.0000,0.0000,0.0000
17.7667,23.7942,3.4533,0.0000,489.1479,451.2070,0.0000,0.0000,0.0000
17.7833,23.7598,3.4067,0.0000,490.7524,451.4783,0.0000,0.0000,0.0000
17.8000,23.7252,3.3600,0.0000,492.3317,451.7480,0.0000,0.0000,0.0000
17.8167,23.6907,3.3133,0.0000,493.8859,452.0163,0.0000,0.0000,0.0000
17.8333,23.6560,3.2667,0.0000,495.4152,452.2831,0.0000,0.0000,0.0000
17.8500,23.6213,3.2200,0.0000,496.9198,452.5485,0.0000,0.0000,0.0000
17.8667,23.5866,3.1733,0.0000,498.3997,452.8124,0.0000,0.0000,0.0000
17.8833,23.5517,3.1267,0.0000,499.8553,453.0750,0.0000,0.0000,0.0000
17.9000,23.5168,3.0800,0.0000,501.2866,453.3362,0.0000,0.0000,0.0000
17.9167,23.4819,3.0333,0.0000,502.6937,453.5960,0.0000,0.0000,0.0000
17.9333,23.4469,2.9867,0.0000,504.0769,453.8546,0.0000,0.0000,0.0000
17.9500,23.4118,2.9400,0.0000,505.4363,454.1118,0.0000,0.0000,0.0000
17.9667,23.3767,2.8933,0.0000,506.7721,454.3677,0.0000,0.0000,0.0000
17.9833,23.3415,2.8467,0.0000,508.0843,454.6223,0.0000,0.0000,0.0000
18.0000,23.3062,2.8000,0.0000,509.3730,454.8757,0.0000,0.0000,0.0000
18.0167,23.2710,2.7900,0.0000,509.3514,454.3162,0.0000,0.0000,0.0000
18.0333,23.2358,2.7800,0.0000,509.3378,453.7572,0.0000,0.0000,0.0000
18.0500,23.2006,2.7700,0.0000,509.3312,453.1986,0.0000,0.0000,0.0000
18.0667,23.1655,2.7600,0.0000,509.3304,452.6405,0.0000,0.0000,0.0000
18.0833,23.1303,2.7500,0.0000,509.3346,452.0828,0.0000,0.0000,0.0000
18.1000,23.0952,2.7400,0.0000,509.3430,451.5256,0.0000,0.0000,0.0000
18.1167,23.0601,2.7300,0.0000,509.3546,450.9688,0.0000,0.0000,0.0000
18.1333,23.0250,2.7200,0.0000,509.3690,450.4125,0.0000,0.0000,0.0000
18.1500,22.9900,2.7100,0.0000,509.3854,449.8566,0.0000,0.0000,0.0000
18.1667,22.9549,2.7000,0.0000,509.4032,449.3011,0.0000,0.0000,0.0000
18.1833,22.9199,2.6900,0.0000,509.4218,448.7461,0.0000,0.0000,0.0000
18.2000,22.8849,2.6800,0.0000,509.4408,448.1915,0.0000,0.0000,0.0000
18.2167,22.8499,2.6700,0.0000,509.4597,447.6374,0.0000,0.0000,0.0000
18.2333,22.8150,2.6600,0.0000,509.4779,447.0836,0.0000,0.0000,0.0000
18.2500,22.7800,2.6500,0.0000,509.4951,446.5303,0.0000,0.0000,0.0000
18.2667,22.7451,2.6400,0.0000,509.5109,445.9775,0.0000,0.0000,0.0000
18.2833,22.7102,2.6300,0.0000,509.5249,445.4251,0.0000,0.0000,0.0000
18.3000,22.6753,2.6200,0.0000,509.5367,444.8731,0.0000,0.0000,0.0000
18.3167,22.6405,2.6100,0.0000,509.5460,444.3215,0.0000,0.0000,0.0000
18.3333,22.6056,2.6000,0.0000,509.5525,443.7704,0.0000,0.0000,0.0000
18.3500,22.5708,2.5900,0.0000,509.5559,443.2198,0.0000,0.0000,0.0000
18.3667,22.5360,2.5800,0.0000,509.5560,442.6696,0.0000,0.0000,0.0000
18.3833,22.5012,2.5700,0.0000,509.5524,442.1198,0.0000,0.0000,0.0000
18.4000,22.4664,2.5600,0.0000,509.5450,441.5705,0.0000,0.0000,0.0000
18.4167,22.4317,2.5500,0.0000,509.5335,441.0216,0.0000,0.0000,0.0000
18.4333,22.3970,2.5400,0.0000,509.5178,440.4732,0.0000,0.0000,0.0000
18.4500,22.3623,2.5300,0.0000,509.4975,439.9253,0.0000,0.0000,0.0000
18.4667,22.3276,2.5200,0.0000,509.4727,439.3778,0.0000,0.0000,0.0000
18.4833,22.2929,2.5100,0.0000,509.4431,438.8308,0.0000,0.0000,0.0000
18.5000,22.2583,2.5000,0.0000,509.4085,438.2843,0.0000,0.0000,0.0000
18.5167,22.2237,2.4900,0.0000,509.3689,437.7382,0.0000,0.0000,0.0000
18.5333,22.1891,2.4800,0.0000,509.3241,437.1926,0.0000,0.0000,0.0000
18.5500,22.1545,2.4700,0.0000,509.2741,436.6475,0.0000,0.0000,0.0000
18.5667,22.1199,2.4600,0.0000,509.2186,436.1029,0.0000,0.0000,0.0000
18.5833,22.0854,2.4500,0.0000,509.1576,435.5588,0.0000,0.0000,0.0000
18.6000,22.0509,2.4400,0.0000,509.0911,435.0151,0.0000,0.0000,0.0000
18.6167,22.0164,2.4300,0.0000,509.0189,434.4720,0.0000,0.0000,0.0000
18.6333,21.9820,2.4200,0.0000,508.9411,433.9294,0.0000,0.0000,0.0000
18.6500,21.9475,2.4100,0.0000,508.8575,433.3872,0.0000,0.0000,0.0000
18.6667,21.9131,2.4000,0.0000,508.7681,432.8456,0.0000,0.0000,0.0000
18.6833,21.8787,2.3900,0.0000,508.6729,432.3045,0.0000,0.0000,0.0000
18.7000,21.8466,2.3800,0.0000,508.6048,431.8134,0.0000,0.0000,0.0000
18.7167,21.8145,2.3700,0.0000,508.5304,431.3226,0.0000,0.0000,0.0000
18.7333,21.7823,2.3600,0.0000,508.4500,430.8323,0.0000,0.0000,0.0000
18.7500,21.7503,2.3500,0.0000,508.3636,430.3424,0.0000,0.0000,0.0000
18.7667,21.7182,2.3400,0.0000,508.2714,429.8530,0.0000,0.0000,0.0000
18.7833,21.6862,2.3300,0.0000,508.1733,429.3640,0.0000,0.0000,0.0000
18.8000,21.6541,2.3200,0.0000,508.0696,428.8755,0.0000,0.0000,0.0000
18.8167,21.6221,2.3100,0.0000,507.9604,428.3874,0.0000,0.0000,0.0000
18.8333,21.5901,2.3000,0.0000,507.8455,427.8998,0.0000,0.0000,0.0000
18.8500,21.5582,2.2900,0.0000,507.7252,427.4126,0.0000,0.0000,0.0000
18.8667,21.5262,2.2800,0.0000,507.5996,426.9259,0.0000,0.0000,0.0000
18.8833,21.4943,2.2700,0.0000,507.4686,426.4396,0.0000,0.0000,0.0000
18.9000,21.4624,2.2600,0.0000,507.3323,425.9539,0.0000,0.0000,0.0000
18.9167,21.4305,2.2500,0.0000,507.1908,425.4686,0.0000,0.0000,0.0000
18.9333,21.3987,2.2400,0.0000,507.0442,424.9838,0.0000,0.0000,0.0000
18.9500,21.3669,2.2300,0.0000,506.8926,424.4994,0.0000,0.0000,0.0000
18.9667,21.3350,2.2200,0.0000,506.7359,424.0156,0.0000,0.0000,0.0000
18.9833,21.3033,2.2100,0.0000,506.5743,423.5322,0.0000,0.0000,0.0000
19.0000,21.2715,2.2000,0.0000,506.4078,423.0494,0.0000,0.0000,0.0000
19.0167,21.2397,2.1917,0.0000,506.1778,422.5301,0.0000,0.0000,0.0000
19.0333,21.2080,2.1833,0.0000,505.9442,422.0114,0.0000,0.0000,0.0000
19.0500,21.1763,2.1750,0.0000,505.7070,421.4933,0.0000,0.0000,0.0000
19.0667,21.1447,2.1667,0.0000,505.4659,420.9757,0.0000,0.0000,0.0000
19.0833,21.1130,2.1583,0.0000,505.2209,420.4588,0.0000,0.0000,0.0000
19.1000,21.0814,2.1500,0.0000,504.9716,419.9424,0.0000,0.0000,0.0000
19.1167,21.0498,2.1417,0.0000,504.7178,419.4266,0.0000,0.0000,0.0000
19.1333,21.0183,2.1333,0.0000,504.4593,418.9114,0.0000,0.0000,0.0000
19.1500,20.9867,2.1250,0.0000,504.1959,418.3967,0.0000,0.0000,0.0000
19.1667,20.9552,2.1167,0.0000,503.9272,417.8827,0.0000,0.0000,0.0000
19.1833,20.9238,2.1083,0.0000,503.6532,417.3692,0.0000,0.0000,0.0000
19.2000,20.8923,2.1000,0.0000,503.3735,416.8564,0.0000,0.0000,0.0000
19.2167,20.8609,2.0917,0.0000,503.0880,416.3442,0.0000,0.0000,0.0000
19.2333,20.8295,2.0833,0.0000,502.7965,415.8325,0.0000,0.0000,0.0000
19.2500,20.7981,2.0750,0.0000,502.4989,415.3215,0.0000,0.0000,0.0000
19.2667,20.7668,2.0667,0.0000,502.1951,414.8111,0.0000,0.0000,0.0000
19.2833,20.7354,2.0583,0.0000,501.8850,414.3014,0.0000,0.0000,0.0000
19.3000,20.7042,2.0500,0.0000,501.5684,413.7922,0.0000,0.0000,0.0000
19.3167,20.6729,2.0417,0.0000,501.2454,413.2837,0.0000,0.0000,0.0000
19.3333,20.6417,2.0333,0.0000,500.9158,412.7758,0.0000,0.0000,0.0000
19.3500,20.6105,2.0250,0.0000,500.5796,412.2686,0.0000,0.0000,0.0000
19.3667,20.5793,2.0167,0.0000,500.2369,411.7620,0.0000,0.0000,0.0000
19.3833,20.5482,2.0083,0.0000,499.8875,411.2560,0.0000,0.0000,0.0000
19.4000,20.5170,2.0000,0.0000,499.5316,410.7507,0.0000,0.0000,0.0000
19.4167,20.4860,1.9917,0.0000,499.1691,410.2461,0.0000,0.0000,0.0000
19.4333,20.4549,1.9833,0.0000,498.8000,409.7421,0.0000,0.0000,0.0000
19.4500,20.4239,1.9750,0.0000,498.4245,409.2388,0.0000,0.0000,0.0000
19.4667,20.3929,1.9667,0.0000,498.0425,408.7361,0.0000,0.0000,0.0000
19.4833,20.3619,1.9583,0.0000,497.6540,408.2342,0.0000,0.0000,0.0000
19.5000,20.3310,1.9500,0.0000,497.2593,407.7329,0.0000,0.0000,0.0000
19.5167,20.2980,1.9417,0.0000,496.8083,407.1848,0.0000,0.0000,0.0000
19.5333,20.2650,1.9333,0.0000,496.3514,406.6375,0.0000,0.0000,0.0000
19.5500,20.2320,1.9250,0.0000,495.8893,406.0911,0.0000,0.0000,0.0000
19.5667,20.2012,1.9167,0.0000,495.4735,405.5927,0.0000,0.0000,0.0000
19.5833,20.1704,1.9083,0.0000,495.0532,405.0951,0.0000,0.0000,0.0000
19.6000,20.1397,1.9000,0.0000,494.6286,404.5982,0.0000,0.0000,0.0000
19.6167,20.1090,1.8917,0.0000,494.2000,404.1020,0.0000,0.0000,0.0000
19.6333,20.0783,1.8833,0.0000,493.7673,403.6065,0.0000,0.0000,0.0000
19.6500,20.0477,1.8750,0.0000,493.3306,403.1117,0.0000,0.0000,0.0000
19.6667,20.0171,1.8667,0.0000,492.8900,402.6176,0.0000,0.0000,0.0000
19.6833,19.9896,1.8583,1037.9577,493.7348,402.1936,0.0000,0.0000,0.0000
19.7000,19.9698,1.8500,3015.0118,497.6603,401.9399,0.0000,0.0000,0.0000
19.7167,19.9549,1.8417,4514.6276,503.4073,401.7921,0.0000,0.0000,0.0000
19.7333,19.9434,1.8333,5658.8601,510.4410,401.7232,0.0000,0.0000,0.0000
19.7500,19.9346,1.8250,6538.4083,518.3708,401.7129,0.0000,0.0000,0.0000
19.7667,19.9278,1.8167,7220.6828,526.9116,401.7464,0.0000,0.0000,0.0000
19.7833,19.9224,1.8083,7755.7943,535.8549,401.8126,0.0000,0.0000,0.0000
19.8000,19.9182,1.8000,8181.0005,545.0486,401.9031,0.0000,0.0000,0.0000
19.8167,19.9148,1.7917,8524.0089,554.3819,402.0119,0.0000,0.0000,0.0000
19.8333,19.9119,1.7833,8805.4297,563.7747,402.1343,0.0000,0.0000,0.0000
19.8500,19.9096,1.7750,9040.5984,573.1690,402.2670,0.0000,0.0000,0.0000
19.8667,19.9076,1.7667,9240.9299,582.5234,402.4074,0.0000,0.0000,0.0000
19.8833,19.9059,1.7583,9414.9243,591.8085,402.5537,0.0000,0.0000,0.0000
19.9000,19.9043,1.7500,9568.9147,601.0038,402.7044,0.0000,0.0000,0.0000
19.9167,19.9029,1.7417,9707.6231,610.0954,402.8585,0.0000,0.0000,0.0000
19.9333,19.9017,1.7333,9834.5725,619.0739,403.0151,0.0000,0.0000,0.0000
19.9500,19.9005,1.7250,9952.3949,627.9335,403.1739,0.0000,0.0000,0.0000
19.9667,19.8994,1.7167,10063.0586,636.6710,403.3342,0.0000,0.0000,0.0000
19.9833,19.8983,1.7083,10168.0383,645.2848,403.4957,0.0000,0.0000,0.0000
20.0000,19.8973,1.7000,10268.4409,653.7747,403.6583,0.0000,0.0000,0.0000
20.0167,19.8963,1.6817,10366.5303,662.4956,404.0432,0.0000,0.0000,0.0000
20.0333,19.8954,1.6633,10462.5692,671.0905,404.4286,0.0000,0.0000,0.0000
20.0500,19.8944,1.6450,10556.7628,679.5626,404.8144,0.0000,0.0000,0.0000
20.0667,19.8935,1.6267,10649.2731,687.9152,405.2005,0.0000,0.0000,0.0000
20.0833,19.8926,1.6083,10740.2299,696.1513,405.5870,0.0000,0.0000,0.0000
20.1000,19.8917,1.5900,10829.7386,704.2743,405.9739,0.0000,0.0000,0.0000
20.1167,19.8908,1.5717,10917.8860,712.2872,406.3610,0.0000,0.0000,0.0000
20.1333,19.8900,1.5533,11004.7454,720.1933,406.7484,0.0000,0.0000,0.0000
20.1500,19.8891,1.5350,11090.3792,727.9955,407.1361,0.0000,0.0000,0.0000
20.1667,19.8883,1.5167,11174.8416,735.6968,407.5240,0.0000,0.0000,0.0000
20.1833,19.8874,1.4983,11258.1805,743.3000,407.9122,0.0000,0.0000,0.0000
20.2000,19.8866,1.4800,11340.4387,750.8080,408.3006,0.0000,0.0000,0.0000
20.2167,19.8858,1.4617,11421.6551,758.2234,408.6893,0.0000,0.0000,0.0000
20.2333,19.8850,1.4433,11501.8653,765.5487,409.0782,0.0000,0.0000,0.0000
20.2500,19.8842,1.4250,11581.1021,772.7866,409.4673,0.0000,0.0000,0.0000
20.2667,19.8834,1.4067,11659.3964,779.9393,409.8566,0.0000,0.0000,0.0000
20.2833,19.8826,1.3883,11736.7769,787.0092,410.2461,0.0000,0.0000,0.0000
20.3000,19.8819,1.3700,11813.2708,793.9986,410.6358,0.0000,0.0000,0.0000
20.3167,19.8811,1.3517,11888.9038,800.9095,411.0257,0.0000,0.0000,0.0000
20.3333,19.8804,1.3333,11963.7005,807.7440,411.4158,0.0000,0.0000,0.0000
20.3500,19.8796,1.3150,12037.6842,814.5042,411.8060,0.0000,0.0000,0.0000
20.3667,19.8789,1.2967,12110.8771,821.1920,412.1965,0.0000,0.0000,0.0000
20.3833,19.8782,1.2783,12183.3006,827.8091,412.5871,0.0000,0.0000,0.0000
20.4000,19.8775,1.2600,12254.9753,834.3574,412.9779,0.0000,0.0000,0.0000
20.4167,19.8767,1.2417,12325.9207,840.8387,413.3688,0.0000,0.0000,0.0000
20.4333,19.8760,1.2233,12396.1558,847.2545,413.7599,0.0000,0.0000,0.0000
20.4500,19.8753,1.2050,12465.6987,853.6064,414.1511,0.0000,0.0000,0.0000
20.4667,19.8747,1.1867,12534.5668,859.8961,414.5425,0.0000,0.0000,0.0000
20.4833,19.8740,1.1683,12602.7770,866.1249,414.9341,0.0000,0.0000,0.0000
20.5000,19.8733,1.1500,12670.3455,872.2944,415.3258,0.0000,0.0000,0.0000
20.5167,19.8726,1.1317,12737.2878,878.4059,415.7176,0.0000,0.0000,0.0000
20.5333,19.8720,1.1133,12803.6191,884.4607,416.1096,0.0000,0.0000,0.0000
20.5500,19.8713,1.0950,12869.3539,890.4601,416.5017,0.0000,0.0000,0.0000
20.5667,19.8707,1.0767,12934.5061,896.4055,416.8939,0.0000,0.0000,0.0000
20.5833,19.8700,1.0583,12999.0892,902.2979,417.2862,0.0000,0.0000,0.0000
20.6000,19.8694,1.0400,13063.1163,908.1386,417.6787,0.0000,0.0000,0.0000
20.6167,19.8687,1.0217,13126.5999,913.9286,418.0713,0.0000,0.0000,0.0000
20.6333,19.8681,1.0033,13189.5522,919.6691,418.4640,0.0000,0.0000,0.0000
20.6500,19.8675,0.9850,13251.9849,925.3611,418.8568,0.0000,0.0000,0.0000
20.6667,19.8669,0.9667,13313.9094,931.0056,419.2498,0.0000,0.0000,0.0000
20.6833,19.8662,0.9483,13375.3365,936.6035,419.6428,0.0000,0.0000,0.0000
20.7000,19.8656,0.9300,13436.2769,942.1560,420.0360,0.0000,0.0000,0.0000
20.7167,19.8650,0.9117,13496.7407,947.6638,420.4292,0.0000,0.0000,0.0000
20.7333,19.8644,0.8933,13556.7379,953.1278,420.8226,0.0000,0.0000,0.0000
20.7500,19.8638,0.8750,13616.2780,958.5489,421.2161,0.0000,0.0000,0.0000
20.7667,19.8632,0.8567,13675.3703,963.9280,421.6097,0.0000,0.0000,0.0000
20.7833,19.8627,0.8383,13734.0236,969.2658,422.0033,0.0000,0.0000,0.0000
20.8000,19.8621,0.8200,13792.2467,974.5631,422.3971,0.0000,0.0000,0.0000
20.8167,19.8615,0.8017,13850.0478,979.8207,422.7909,0.0000,0.0000,0.0000
20.8333,19.8609,0.7833,13907.4351,985.0393,423.1849,0.0000,0.0000,0.0000
20.8500,19.8604,0.7650,13964.4165,990.2195,423.5789,0.0000,0.0000,0.0000
20.8667,19.8598,0.7467,14020.9995,995.3622,423.9730,0.0000,0.0000,0.0000
20.8833,19.8592,0.7283,14077.1914,1000.4679,424.3672,0.0000,0.0000,0.0000
20.9000,19.8587,0.7100,14132.9995,1005.5374,424.7615,0.0000,0.0000,0.0000
20.9167,19.8581,0.6917,14188.4306,1010.5711,425.1559,0.0000,0.0000,0.0000
20.9333,19.8576,0.6733,14243.4915,1015.5698,425.5504,0.0000,0.0000,0.0000
20.9500,19.8570,0.6550,14298.1885,1020.5340,425.9449,0.0000,0.0000,0.0000
20.9667,19.8565,0.6367,14352.5281,1025.4643,426.3395,0.0000,0.0000,0.0000
20.9833,19.8559,0.6183,14406.5162,1030.3612,426.7342,0.0000,0.0000,0.0000
21.0000,19.8554,0.6000,14460.1590,1035.2254,427.1290,0.0000,0.0000,0.0000
21.0167,19.8549,0.5900,14512.2699,1039.7621,427.3393,0.0000,0.0000,0.0000
21.0333,19.8544,0.5800,14563.1603,1044.2707,427.5498,0.0000,0.0000,0.0000
21.0500,19.8539,0.5700,14613.0633,1048.7508,427.7606,0.0000,0.0000,0.0000
21.0667,19.8534,0.5600,14662.1538,1053.2024,427.9715,0.0000,0.0000,0.0000
21.0833,19.8529,0.5500,14710.5638,1057.6257,428.1826,0.0000,0.0000,0.0000
21.1000,19.8524,0.5400,14758.3935,1062.0212,428.3938,0.0000,0.0000,0.0000
21.1167,19.8519,0.5300,14805.7195,1066.3894,428.6051,0.0000,0.0000,0.0000
21.1333,19.8515,0.5200,14852.6007,1070.7309,428.8166,0.0000,0.0000,0.0000
21.1500,19.8510,0.5100,14899.0831,1075.0462,429.0281,0.0000,0.0000,0.0000
21.1667,19.8505,0.5000,14945.2026,1079.3362,429.2397,0.0000,0.0000,0.0000
21.1833,19.8501,0.4900,14990.9879,1083.6013,429.4513,0.0000,0.0000,0.0000
21.2000,19.8496,0.4800,15036.4620,1087.8422,429.6631,0.0000,0.0000,0.0000
21.2167,19.8492,0.4700,15081.6436,1092.0594,429.8749,0.0000,0.0000,0.0000
21.2333,19.8487,0.4600,15126.5482,1096.2536,430.0867,0.0000,0.0000,0.0000
21.2500,19.8483,0.4500,15171.1885,1100.4252,430.2986,0.0000,0.0000,0.0000
21.2667,19.8478,0.4400,15215.5753,1104.5746,430.5106,0.0000,0.0000,0.0000
21.2833,19.8474,0.4300,15259.7177,1108.7023,430.7227,0.0000,0.0000,0.0000
21.3000,19.8470,0.4200,15303.6237,1112.8087,430.9347,0.0000,0.0000,0.0000
21.3167,19.8465,0.4100,15347.2999,1116.8941,431.1469,0.0000,0.0000,0.0000
21.3333,19.8461,0.4000,15390.7522,1120.9589,431.3591,0.0000,0.0000,0.0000
21.3500,19.8457,0.3900,15433.9858,1125.0033,431.5713,0.0000,0.0000,0.0000
21.3667,19.8452,0.3800,15477.0051,1129.0276,431.7836,0.0000,0.0000,0.0000
21.3833,19.8448,0.3700,15519.8141,1133.0321,431.9959,0.0000,0.0000,0.0000
21.4000,19.8444,0.3600,15562.4163,1137.0168,432.2083,0.0000,0.0000,0.0000
21.4167,19.8440,0.3500,15604.8147,1140.9821,432.4207,0.0000,0.0000,0.0000
21.4333,19.8435,0.3400,15647.0120,1144.9280,432.6332,0.0000,0.0000,0.0000
21.4500,19.8431,0.3300,15689.0106,1148.8547,432.8457,0.0000,0.0000,0.0000
21.4667,19.8427,0.3200,15730.8126,1152.7624,433.0582,0.0000,0.0000,0.0000
21.4833,19.8423,0.3100,15772.4197,1156.6511,433.2708,0.0000,0.0000,0.0000
21.5000,19.8419,0.3000,15813.8338,1160.5209,433.4834,0.0000,0.0000,0.0000
21.5167,19.8414,0.2900,15855.0560,1164.3719,433.6961,0.0000,0.0000,0.0000
21.5333,19.8410,0.2800,15896.0877,1168.2043,433.9088,0.0000,0.0000,0.0000
21.5500,19.8406,0.2700,15936.9299,1172.0179,434.1216,0.0000,0.0000,0.0000
21.5667,19.8402,0.2600,15977.5835,1175.8129,434.3344,0.0000,0.0000,0.0000
21.5833,19.8398,0.2500,16018.0493,1179.5893,434.5473,0.0000,0.0000,0.0000
21.6000,19.8394,0.2400,16058.3280,1183.3472,434.7601,0.0000,0.0000,0.0000
21.6167,19.8390,0.2300,16098.4202,1187.0866,434.9731,0.0000,0.0000,0.0000
21.6333,19.8386,0.2200,16138.3264,1190.8075,435.1860,0.0000,0.0000,0.0000
21.6500,19.8382,0.2100,16178.0469,1194.5099,435.3991,0.0000,0.0000,0.0000
21.6667,19.8378,0.2000,16217.5821,1198.1938,435.6121,0.0000,0.0000,0.0000
21.6833,19.8374,0.1900,16256.9323,1201.8593,435.8252,0.0000,0.0000,0.0000
21.7000,19.8370,0.1800,16296.0977,1205.5063,436.0383,0.0000,0.0000,0.0000
21.7167,19.8366,0.1700,16335.0786,1209.1349,436.2515,0.0000,0.0000,0.0000
21.7333,19.8363,0.1600,16373.8751,1212.7450,436.4647,0.0000,0.0000,0.0000
21.7500,19.8359,0.1500,16412.4874,1216.3368,436.6780,0.0000,0.0000,0.0000
21.7667,19.8355,0.1400,16450.9155,1219.9101,436.8913,0.0000,0.0000,0.0000
21.7833,19.8351,0.1300,16489.1597,1223.4651,437.1046,0.0000,0.0000,0.0000
21.8000,19.8347,0.1200,16527.2200,1227.0016,437.3180,0.0000,0.0000,0.0000
21.8167,19.8343,0.1100,16565.0965,1230.5197,437.5314,0.0000,0.0000,0.0000
21.8333,19.8340,0.1000,16602.7894,1234.0195,437.7449,0.0000,0.0000,0.0000
21.8500,19.8336,0.0900,16640.2987,1237.5009,437.9584,0.0000,0.0000,0.0000
21.8667,19.8332,0.0800,16677.6245,1240.9640,438.1719,0.0000,0.0000,0.0000
21.8833,19.8329,0.0700,16714.7671,1244.4087,438.3855,0.0000,0.0000,0.0000
21.9000,19.8325,0.0600,16751.7265,1247.8352,438.5991,0.0000,0.0000,0.0000
21.9167,19.8321,0.0500,16788.5029,1251.2433,438.8128,0.0000,0.0000,0.0000
21.9333,19.8317,0.0400,16825.0965,1254.6332,439.0265,0.0000,0.0000,0.0000
21.9500,19.8314,0.0300,16861.5075,1258.0048,439.2403,0.0000,0.0000,0.0000
21.9667,19.8310,0.0200,16897.7362,1261.3582,439.4540,0.0000,0.0000,0.0000
21.9833,19.8307,0.0100,16933.7827,1264.6935,439.6679,0.0000,0.0000,0.0000
22.0000,19.8303,0.0000,16969.6474,1268.0106,439.8817,0.0000,0.0000,0.0000
22.0167,19.8298,-0.0733,17018.0346,1273.7445,441.4977,0.0000,0.0000,0.0000
22.0333,19.8293,-0.1467,17072.9752,1279.4343,443.1122,0.0000,0.0000,0.0000
22.0500,19.8287,-0.2200,17132.6292,1285.0881,444.7257,0.0000,0.0000,0.0000
22.0667,19.8280,-0.2933,17195.6643,1290.7127,446.3384,0.0000,0.0000,0.0000
22.0833,19.8274,-0.3667,17261.1181,1296.3138,447.9506,0.0000,0.0000,0.0000
22.1000,19.8267,-0.4400,17328.2974,1301.8965,449.5624,0.0000,0.0000,0.0000
22.1167,19.8260,-0.5133,17396.7049,1307.4648,451.1739,0.0000,0.0000,0.0000
22.1333,19.8253,-0.5867,17465.9859,1313.0228,452.7853,0.0000,0.0000,0.0000
22.1500,19.8246,-0.6600,17535.8886,1318.5735,454.3965,0.0000,0.0000,0.0000
22.1667,19.8239,-0.7333,17606.2365,1324.1202,456.0076,0.0000,0.0000,0.0000
22.1833,19.8232,-0.8067,17676.9069,1329.6653,457.6186,0.0000,0.0000,0.0000
22.2000,19.8225,-0.8800,17747.8162,1335.2112,459.2296,0.0000,0.0000,0.0000
22.2167,19.8218,-0.9533,17818.9085,1340.7602,460.8405,0.0000,0.0000,0.0000
22.2333,19.8211,-1.0267,17890.1480,1346.3140,462.4514,0.0000,0.0000,0.0000
22.2500,19.8204,-1.1000,17961.5130,1351.8744,464.0623,0.0000,0.0000,0.0000
22.2667,19.8197,-1.1733,18032.9914,1357.4429,465.6731,0.0000,0.0000,0.0000
22.2833,19.8190,-1.2467,18104.5781,1363.0209,467.2839,0.0000,0.0000,0.0000
22.3000,19.8182,-1.3200,18176.2725,1368.6096,468.8947,0.0000,0.0000,0.0000
22.3167,19.8175,-1.3933,18248.0772,1374.2100,470.5055,0.0000,0.0000,0.0000
22.3333,19.8168,-1.4667,18319.9964,1379.8230,472.1162,0.0000,0.0000,0.0000
22.3500,19.8161,-1.5400,18392.0355,1385.4497,473.7270,0.0000,0.0000,0.0000
22.3667,19.8154,-1.6133,18464.2005,1391.0905,475.3377,0.0000,0.0000,0.0000
22.3833,19.8146,-1.6867,18536.4973,1396.7463,476.9483,0.0000,0.0000,0.0000
22.4000,19.8139,-1.7600,18608.9319,1402.4175,478.5590,0.0000,0.0000,0.0000
22.4167,19.8132,-1.8333,18681.5097,1408.1046,480.1696,0.0000,0.0000,0.0000
22.4333,19.8125,-1.9067,18754.2359,1413.8080,481.7801,0.0000,0.0000,0.0000
22.4500,19.8117,-1.9800,18827.1149,1419.5279,483.3907,0.0000,0.0000,0.0000
22.4667,19.8110,-2.0533,18900.1508,1425.2647,485.0012,0.0000,0.0000,0.0000
22.4833,19.8103,-2.1267,18973.3470,1431.0185,486.6116,0.0000,0.0000,0.0000
22.5000,19.8095,-2.2000,19046.7063,1436.7895,488.2221,0.0000,0.0000,0.0000
22.5167,19.8088,-2.2733,19120.2312,1442.5777,489.8325,0.0000,0.0000,0.0000
22.5333,19.8081,-2.3467,19193.9233,1448.3831,491.4428,0.0000,0.0000,0.0000
22.5500,19.8073,-2.4200,19267.7841,1454.2058,493.0531,0.0000,0.0000,0.0000
22.5667,19.8066,-2.4933,19341.8142,1460.0457,494.6634,0.0000,0.0000,0.0000
22.5833,19.8058,-2.5667,19416.0142,1465.9028,496.2737,0.0000,0.0000,0.0000
22.6000,19.8051,-2.6400,19490.3839,1471.7768,497.8839,0.0000,0.0000,0.0000
22.6167,19.8044,-2.7133,19564.9231,1477.6677,499.4940,0.0000,0.0000,0.0000
22.6333,19.8036,-2.7867,19639.6309,1483.5753,501.1042,0.0000,0.0000,0.0000
22.6500,19.8029,-2.8600,19714.5063,1489.4995,502.7142,0.0000,0.0000,0.0000
22.6667,19.8021,-2.9333,19789.5480,1495.4399,504.3243,0.0000,0.0000,0.0000
22.6833,19.8014,-3.0067,19864.7544,1501.3963,505.9343,0.0000,0.0000,0.0000
22.7000,19.8006,-3.0800,19940.1236,1507.3686,507.5443,0.0000,0.0000,0.0000
22.7167,19.7998,-3.1533,20015.6537,1513.3564,509.1543,0.0000,0.0000,0.0000
22.7333,19.7991,-3.2267,20091.3423,1519.3595,510.7642,0.0000,0.0000,0.0000
22.7500,19.7983,-3.3000,20167.1872,1525.3776,512.3740,0.0000,0.0000,0.0000
22.7667,19.7976,-3.3733,20243.1857,1531.4104,513.9839,0.0000,0.0000,0.0000
22.7833,19.7968,-3.4467,20319.3352,1537.4576,515.5937,0.0000,0.0000,0.0000
22.8000,19.7960,-3.5200,20395.6329,1543.5188,517.2035,0.0000,0.0000,0.0000
22.8167,19.7953,-3.5933,20472.0759,1549.5938,518.8132,0.0000,0.0000,0.0000
22.8333,19.7945,-3.6667,20548.6612,1555.6822,520.4229,0.0000,0.0000,0.0000
22.8500,19.7937,-3.7400,20625.3859,1561.7838,522.0326,0.0000,0.0000,0.0000
22.8667,19.7930,-3.8133,20702.2467,1567.8981,523.6423,0.0000,0.0000,0.0000
22.8833,19.7922,-3.8867,20779.2407,1574.0250,525.2519,0.0000,0.0000,0.0000
22.9000,19.7914,-3.9600,20856.3645,1580.1639,526.8615,0.0000,0.0000,0.0000
22.9167,19.7907,-4.0333,20933.6151,1586.3146,528.4711,0.0000,0.0000,0.0000
22.9333,19.7899,-4.1067,21010.9891,1592.4769,530.0806,0.0000,0.0000,0.0000
22.9500,19.7891,-4.1800,21088.4834,1598.6502,531.6901,0.0000,0.0000,0.0000
22.9667,19.7883,-4.2533,21166.0947,1604.8345,533.2996,0.0000,0.0000,0.0000
22.9833,19.7876,-4.3267,21243.8198,1611.0292,534.9091,0.0000,0.0000,0.0000
23.0000,19.7868,-4.4000,21321.6554,1617.2341,536.5185,0.0000,0.0000,0.0000
23.0167,19.7861,-4.4200,21391.4427,1621.5612,536.9467,0.0000,0.0000,0.0000
23.0333,19.7854,-4.4400,21455.4080,1625.9199,537.3761,0.0000,0.0000,0.0000
23.0500,19.7848,-4.4600,21515.1634,1630.3020,537.8065,0.0000,0.0000,0.0000
23.0667,19.7843,-4.4800,21571.8745,1634.7010,538.2376,0.0000,0.0000,0.0000
23.0833,19.7837,-4.5000,21626.3819,1639.1114,538.6691,0.0000,0.0000,0.0000
23.1000,19.7832,-4.5200,21679.2898,1643.5284,539.1010,0.0000,0.0000,0.0000
23.1167,19.7827,-4.5400,21731.0305,1647.9477,539.5332,0.0000,0.0000,0.0000
23.1333,19.7822,-4.5600,21781.9115,1652.3658,539.9656,0.0000,0.0000,0.0000
23.1500,19.7817,-4.5800,21832.1495,1656.7794,540.3981,0.0000,0.0000,0.0000
23.1667,19.7812,-4.6000,21881.8959,1661.1853,540.8307,0.0000,0.0000,0.0000
23.1833,19.7807,-4.6200,21931.2545,1665.5811,541.2634,0.0000,0.0000,0.0000
23.2000,19.7802,-4.6400,21976.5225,1669.7397,541.6970,0.0000,0.0000,0.0000
23.2167,19.7798,-4.6600,22021.9117,1673.8813,542.1306,0.0000,0.0000,0.0000
23.2333,19.7793,-4.6800,22067.3502,1678.0060,542.5641,0.0000,0.0000,0.0000
23.2500,19.7789,-4.7000,22112.7826,1682.1134,542.9977,0.0000,0.0000,0.0000
23.2667,19.7784,-4.7200,22158.1656,1686.2027,543.4313,0.0000,0.0000,0.0000
23.2833,19.7780,-4.7400,22203.4642,1690.2729,543.8649,0.0000,0.0000,0.0000
23.3000,19.7775,-4.7600,22248.6505,1694.3234,544.2985,0.0000,0.0000,0.0000
23.3167,19.7771,-4.7800,22293.7014,1698.3533,544.7321,0.0000,0.0000,0.0000
23.3333,19.7766,-4.8000,22338.5976,1702.3619,545.1658,0.0000,0.0000,0.0000
23.3500,19.7762,-4.8200,22383.3235,1706.3487,545.5996,0.0000,0.0000,0.0000
23.3667,19.7757,-4.8400,22427.8654,1710.3129,546.0333,0.0000,0.0000,0.0000
23.3833,19.7753,-4.8600,22472.2123,1714.2541,546.4671,0.0000,0.0000,0.0000
23.4000,19.7748,-4.8800,22516.3544,1718.1719,546.9010,0.0000,0.0000,0.0000
23.4167,19.7744,-4.9000,22560.2836,1722.0659,547.3349,0.0000,0.0000,0.0000
23.4333,19.7740,-4.9200,22603.9930,1725.9358,547.7688,0.0000,0.0000,0.0000
23.4500,19.7735,-4.9400,22647.4768,1729.7813,548.2028,0.0000,0.0000,0.0000
23.4667,19.7731,-4.9600,22690.7299,1733.6021,548.6369,0.0000,0.0000,0.0000
23.4833,19.7727,-4.9800,22733.7483,1737.3982,549.0710,0.0000,0.0000,0.0000
23.5000,19.7722,-5.0000,22776.5285,1741.1693,549.5051,0.0000,0.0000,0.0000
23.5167,19.7718,-5.0200,22819.0677,1744.9155,549.9394,0.0000,0.0000,0.0000
23.5333,19.7714,-5.0400,22861.3637,1748.6366,550.3736,0.0000,0.0000,0.0000
23.5500,19.7710,-5.0600,22903.4148,1752.3326,550.8079,0.0000,0.0000,0.0000
23.5667,19.7705,-5.0800,22945.2198,1756.0036,551.2423,0.0000,0.0000,0.0000
23.5833,19.7701,-5.1000,22986.7779,1759.6497,551.6767,0.0000,0.0000,0.0000
23.6000,19.7697,-5.1200,23028.0887,1763.2708,552.1112,0.0000,0.0000,0.0000
23.6167,19.7693,-5.1400,23069.1522,1766.8671,552.5458,0.0000,0.0000,0.0000
23.6333,19.7689,-5.1600,23109.9686,1770.4388,552.9803,0.0000,0.0000,0.0000
23.6500,19.7685,-5.1800,23150.5386,1773.9860,553.4150,0.0000,0.0000,0.0000
23.6667,19.7681,-5.2000,23190.8630,1777.5088,553.8497,0.0000,0.0000,0.0000
23.6833,19.7677,-5.2200,23230.9429,1781.0074,554.2844,0.0000,0.0000,0.0000
23.7000,19.7673,-5.2400,23270.7796,1784.4821,554.7193,0.0000,0.0000,0.0000
23.7167,19.7669,-5.2600,23310.3748,1787.9330,555.1541,0.0000,0.0000,0.0000
23.7333,19.7665,-5.2800,23349.7301,1791.3605,555.5890,0.0000,0.0000,0.0000
23.7500,19.7661,-5.3000,23388.8474,1794.7646,556.0240,0.0000,0.0000,0.0000
23.7667,19.7657,-5.3200,23427.7288,1798.1458,556.4590,0.0000,0.0000,0.0000
23.7833,19.7653,-5.3400,23466.3765,1801.5041,556.8941,0.0000,0.0000,0.0000
23.8000,19.7650,-5.3600,23504.7927,1804.8400,557.3292,0.0000,0.0000,0.0000
23.8167,19.7646,-5.3800,23542.9800,1808.1537,557.7644,0.0000,0.0000,0.0000
23.8333,19.7642,-5.4000,23580.9407,1811.4455,558.1996,0.0000,0.0000,0.0000
23.8500,19.7638,-5.4200,23618.6776,1814.7156,558.6349,0.0000,0.0000,0.0000
23.8667,19.7634,-5.4400,23656.1933,1817.9644,559.0702,0.0000,0.0000,0.0000
23.8833,19.7631,-5.4600,23693.4906,1821.1921,559.5056,0.0000,0.0000,0.0000
23.9000,19.7627,-5.4800,23730.5721,1824.3990,559.9410,0.0000,0.0000,0.0000
23.9167,19.7623,-5.5000,23767.4409,1827.5855,560.3765,0.0000,0.0000,0.0000
23.9333,19.7620,-5.5200,23804.0997,1830.7519,560.8120,0.0000,0.0000,0.0000
23.9500,19.7616,-5.5400,23840.5515,1833.8983,561.2476,0.0000,0.0000,0.0000
23.9667,19.7612,-5.5600,23876.7992,1837.0252,561.6832,0.0000,0.0000,0.0000
23.9833,19.7609,-5.5800,23912.8458,1840.1329,562.1188,0.0000,0.0000,0.0000
24.0000,19.7605,-5.6000,23948.6942,1843.2216,562.5545,0.0000,0.0000,0.0000
24.0167,19.7601,-5.6267,23985.3016,1846.5279,563.1379,0.0000,0.0000,0.0000
24.0333,19.7598,-5.6533,24022.4268,1849.8132,563.7212,0.0000,0.0000,0.0000
24.0500,19.7594,-5.6800,24059.8917,1853.0787,564.3044,0.0000,0.0000,0.0000
24.0667,19.7590,-5.7067,24097.5651,1856.3254,564.8876,0.0000,0.0000,0.0000
24.0833,19.7586,-5.7333,24135.3509,1859.5543,565.4707,0.0000,0.0000,0.0000
24.1000,19.7583,-5.7600,24173.1787,1862.7663,566.0539,0.0000,0.0000,0.0000
24.1167,19.7579,-5.7867,24210.9978,1865.9620,566.6370,0.0000,0.0000,0.0000
24.1333,19.7575,-5.8133,24248.7718,1869.1422,567.2202,0.0000,0.0000,0.0000
24.1500,19.7571,-5.8400,24286.4751,1872.3075,567.8033,0.0000,0.0000,0.0000
24.1667,19.7568,-5.8667,24324.0900,1875.4587,568.3865,0.0000,0.0000,0.0000
24.1833,19.7564,-5.8933,24361.6048,1878.5964,568.9697,0.0000,0.0000,0.0000
24.2000,19.7560,-5.9200,24399.0121,1881.7210,569.5530,0.0000,0.0000,0.0000
24.2167,19.7556,-5.9467,24436.3074,1884.8331,570.1362,0.0000,0.0000,0.0000
24.2333,19.7553,-5.9733,24473.4890,1887.9332,570.7195,0.0000,0.0000,0.0000
24.2500,19.7549,-6.0000,24510.5565,1891.0218,571.3028,0.0000,0.0000,0.0000
24.2667,19.7545,-6.0267,24547.5107,1894.0994,571.8861,0.0000,0.0000,0.0000
24.2833,19.7542,-6.0533,24584.3535,1897.1663,572.4695,0.0000,0.0000,0.0000
24.3000,19.7538,-6.0800,24621.0870,1900.2229,573.0529,0.0000,0.0000,0.0000
24.3167,19.7534,-6.1067,24657.7139,1903.2697,573.6363,0.0000,0.0000,0.0000
24.3333,19.7531,-6.1333,24694.2372,1906.3070,574.2197,0.0000,0.0000,0.0000
24.3500,19.7527,-6.1600,24730.6597,1909.3351,574.8031,0.0000,0.0000,0.0000
24.3667,19.7523,-6.1867,24766.9847,1912.3544,575.3866,0.0000,0.0000,0.0000
24.3833,19.7520,-6.2133,24803.2151,1915.3651,575.9701,0.0000,0.0000,0.0000
24.4000,19.7516,-6.2400,24839.3539,1918.3675,576.5536,0.0000,0.0000,0.0000
24.4167,19.7512,-6.2667,24875.4040,1921.3620,577.1371,0.0000,0.0000,0.0000
24.4333,19.7509,-6.2933,24911.3684,1924.3487,577.7207,0.0000,0.0000,0.0000
24.4500,19.7505,-6.3200,24947.2498,1927.3280,578.3043,0.0000,0.0000,0.0000
24.4667,19.7502,-6.3467,24983.0507,1930.3000,578.8878,0.0000,0.0000,0.0000
24.4833,19.7498,-6.3733,25018.7738,1933.2649,579.4715,0.0000,0.0000,0.0000
24.5000,19.7495,-6.4000,25054.4214,1936.2231,580.0551,0.0000,0.0000,0.0000
24.5167,19.7491,-6.4267,25089.9958,1939.1746,580.6387,0.0000,0.0000,0.0000
24.5333,19.7487,-6.4533,25125.4993,1942.1196,581.2224,0.0000,0.0000,0.0000
24.5500,19.7484,-6.4800,25160.9339,1945.0584,581.8060,0.0000,0.0000,0.0000
24.5667,19.7480,-6.5067,25196.3017,1947.9911,582.3897,0.0000,0.0000,0.0000
24.5833,19.7477,-6.5333,25231.6044,1950.9179,582.9734,0.0000,0.0000,0.0000
24.6000,19.7473,-6.5600,25266.8439,1953.8388,583.5571,0.0000,0.0000,0.0000
24.6167,19.7470,-6.5867,25302.0219,1956.7541,584.1408,0.0000,0.0000,0.0000
24.6333,19.7466,-6.6133,25337.1399,1959.6639,584.7246,0.0000,0.0000,0.0000
24.6500,19.7463,-6.6400,25372.1997,1962.5684,585.3083,0.0000,0.0000,0.0000
24.6667,19.7459,-6.6667,25407.2025,1965.4675,585.8921,0.0000,0.0000,0.0000
24.6833,19.7456,-6.6933,25442.1497,1968.3615,586.4759,0.0000,0.0000,0.0000
24.7000,19.7452,-6.7200,25477.0428,1971.2505,587.0597,0.0000,0.0000,0.0000
24.7167,19.7449,-6.7467,25511.8829,1974.1346,587.6435,0.0000,0.0000,0.0000
24.7333,19.7445,-6.7733,25546.6712,1977.0138,588.2273,0.0000,0.0000,0.0000
24.7500,19.7442,-6.8000,25581.4088,1979.8883,588.8111,0.0000,0.0000,0.0000
24.7667,19.7438,-6.8267,25616.0968,1982.7581,589.3949,0.0000,0.0000,0.0000
24.7833,19.7435,-6.8533,25650.7362,1985.6234,589.9788,0.0000,0.0000,0.0000
24.8000,19.7431,-6.8800,25685.3280,1988.4842,590.5626,0.0000,0.0000,0.0000
24.8167,19.7428,-6.9067,25719.8731,1991.3406,591.1465,0.0000,0.0000,0.0000
24.8333,19.7425,-6.9333,25754.3724,1994.1927,591.7304,0.0000,0.0000,0.0000
24.8500,19.7421,-6.9600,25788.8267,1997.0405,592.3143,0.0000,0.0000,0.0000
24.8667,19.7418,-6.9867,25823.2368,1999.8841,592.8981,0.0000,0.0000,0.0000
24.8833,19.7414,-7.0133,25857.6034,2002.7236,593.4821,0.0000,0.0000,0.0000
24.9000,19.7411,-7.0400,25891.9273,2005.5590,594.0660,0.0000,0.0000,0.0000
24.9167,19.7407,-7.0667,25926.2091,2008.3905,594.6499,0.0000,0.0000,0.0000
24.9333,19.7404,-7.0933,25960.4496,2011.2180,595.2338,0.0000,0.0000,0.0000
24.9500,19.7401,-7.1200,25994.6493,2014.0416,595.8178,0.0000,0.0000,0.0000
24.9667,19.7397,-7.1467,26028.8088,2016.8613,596.4017,0.0000,0.0000,0.0000
24.9833,19.7394,-7.1733,26062.9288,2019.6773,596.9857,0.0000,0.0000,0.0000
25.0000,19.7390,-7.2000,26097.0097,2022.4895,597.5696,0.0000,0.0000,0.0000
25.0167,19.7387,-7.2283,26131.2906,2025.3571,598.1905,0.0000,0.0000,0.0000
25.0333,19.7383,-7.2567,26165.7110,2028.2203,598.8114,0.0000,0.0000,0.0000
25.0500,19.7380,-7.2850,26200.2258,2031.0794,599.4322,0.0000,0.0000,0.0000
25.0667,19.7377,-7.3133,26234.8014,2033.9344,600.0531,0.0000,0.0000,0.0000
25.0833,19.7373,-7.3417,26269.4131,2036.7855,600.6739,0.0000,0.0000,0.0000
25.1000,19.7370,-7.3700,26304.0420,2039.6327,601.2947,0.0000,0.0000,0.0000
25.1167,19.7366,-7.3983,26338.6743,2042.4760,601.9155,0.0000,0.0000,0.0000
25.1333,19.7363,-7.4267,26373.2992,2045.3154,602.5363,0.0000,0.0000,0.0000
25.1500,19.7359,-7.4550,26407.9090,2048.1508,603.1572,0.0000,0.0000,0.0000
25.1667,19.7356,-7.4833,26442.4974,2050.9823,603.7780,0.0000,0.0000,0.0000
25.1833,19.7352,-7.5117,26477.0599,2053.8098,604.3988,0.0000,0.0000,0.0000
25.2000,19.7349,-7.5400,26511.5927,2056.6331,605.0197,0.0000,0.0000,0.0000
25.2167,19.7345,-7.5683,26546.0932,2059.4525,605.6405,0.0000,0.0000,0.0000
25.2333,19.7342,-7.5967,26580.5592,2062.2676,606.2614,0.0000,0.0000,0.0000
25.2500,19.7339,-7.6250,26614.9888,2065.0787,606.8822,0.0000,0.0000,0.0000
25.2667,19.7335,-7.6533,26649.3809,2067.8855,607.5031,0.0000,0.0000,0.0000
25.2833,19.7332,-7.6817,26683.7341,2070.6881,608.1240,0.0000,0.0000,0.0000
25.3000,19.7328,-7.7100,26718.0478,2073.4865,608.7449,0.0000,0.0000,0.0000
25.3167,19.7325,-7.7383,26752.3211,2076.2806,609.3658,0.0000,0.0000,0.0000
25.3333,19.7321,-7.7667,26786.5534,2079.0704,609.9867,0.0000,0.0000,0.0000
25.3500,19.7318,-7.7950,26820.7444,2081.8560,610.6076,0.0000,0.0000,0.0000
25.3667,19.7315,-7.8233,26854.8936,2084.6372,611.2285,0.0000,0.0000,0.0000
25.3833,19.7311,-7.8517,26889.0008,2087.4142,611.8494,0.0000,0.0000,0.0000
25.4000,19.7308,-7.8800,26923.0656,2090.1868,612.4704,0.0000,0.0000,0.0000
25.4167,19.7304,-7.9083,26957.0880,2092.9551,613.0913,0.0000,0.0000,0.0000
25.4333,19.7301,-7.9367,26991.0677,2095.7191,613.7123,0.0000,0.0000,0.0000
25.4500,19.7297,-7.9650,27025.0048,2098.4788,614.3333,0.0000,0.0000,0.0000
25.4667,19.7294,-7.9933,27058.8990,2101.2342,614.9542,0.0000,0.0000,0.0000
25.4833,19.7291,-8.0217,27092.7504,2103.9853,615.5752,0.0000,0.0000,0.0000
25.5000,19.7287,-8.0500,27126.5590,2106.7321,616.1962,0.0000,0.0000,0.0000
25.5167,19.7284,-8.0783,27160.3248,2109.4746,616.8172,0.0000,0.0000,0.0000
25.5333,19.7281,-8.1067,27194.0479,2112.2128,617.4382,0.0000,0.0000,0.0000
25.5500,19.7277,-8.1350,27227.7283,2114.9468,618.0593,0.0000,0.0000,0.0000
25.5667,19.7274,-8.1633,27261.3660,2117.6766,618.6803,0.0000,0.0000,0.0000
25.5833,19.7271,-8.1917,27294.9613,2120.4021,619.3014,0.0000,0.0000,0.0000
25.6000,19.7267,-8.2200,27328.5142,2123.1234,619.9224,0.0000,0.0000,0.0000
25.6167,19.7264,-8.2483,27362.0249,2125.8405,620.5435,0.0000,0.0000,0.0000
25.6333,19.7260,-8.2767,27395.4934,2128.5534,621.1646,0.0000,0.0000,0.0000
25.6500,19.7257,-8.3050,27428.9199,2131.2622,621.7856,0.0000,0.0000,0.0000
25.6667,19.7254,-8.3333,27462.3047,2133.9668,622.4067,0.0000,0.0000,0.0000
25.6833,19.7250,-8.3617,27495.6478,2136.6673,623.0278,0.0000,0.0000,0.0000
25.7000,19.7247,-8.3900,27528.9494,2139.3637,623.6489,0.0000,0.0000,0.0000
25.7167,19.7244,-8.4183,27562.2098,2142.0560,624.2701,0.0000,0.0000,0.0000
25.7333,19.7240,-8.4467,27595.4291,2144.7443,624.8912,0.0000,0.0000,0.0000
25.7500,19.7237,-8.4750,27628.6075,2147.4285,625.5123,0.0000,0.0000,0.0000
25.7667,19.7234,-8.5033,27661.7451,2150.1087,626.1335,0.0000,0.0000,0.0000
25.7833,19.7231,-8.5317,27694.8423,2152.7849,626.7546,0.0000,0.0000,0.0000
25.8000,19.7227,-8.5600,27727.8993,2155.4571,627.3758,0.0000,0.0000,0.0000
25.8167,19.7224,-8.5883,27760.9161,2158.1254,627.9970,0.0000,0.0000,0.0000
25.8333,19.7221,-8.6167,27793.8931,2160.7898,628.6182,0.0000,0.0000,0.0000
25.8500,19.7217,-8.6450,27826.8304,2163.4502,629.2394,0.0000,0.0000,0.0000
25.8667,19.7214,-8.6733,27859.7283,2166.1068,629.8606,0.0000,0.0000,0.0000
25.8833,19.7211,-8.7017,27892.5870,2168.7595,630.4818,0.0000,0.0000,0.0000
25.9000,19.7207,-8.7300,27925.4066,2171.4083,631.1030,0.0000,0.0000,0.0000
25.9167,19.7204,-8.7583,27958.1875,2174.0533,631.7242,0.0000,0.0000,0.0000
25.9333,19.7201,-8.7867,27990.9298,2176.6945,632.3454,0.0000,0.0000,0.0000
25.9500,19.7198,-8.8150,28023.6337,2179.3320,632.9667,0.0000,0.0000,0.0000
25.9667,19.7194,-8.8433,28056.2994,2181.9657,633.5879,0.0000,0.0000,0.0000
25.9833,19.7191,-8.8717,28088.9272,2184.5956,634.2092,0.0000,0.0000,0.0000
26.0000,19.7188,-8.9000,28121.5173,2187.2218,634.8305,0.0000,0.0000,0.0000
26.0167,19.7185,-8.9083,28151.2067,2189.1353,635.0087,0.0000,0.0000,0.0000
26.0333,19.7182,-8.9167,28178.7277,2191.0529,635.1875,0.0000,0.0000,0.0000
26.0500,19.7180,-8.9250,28204.6239,2192.9720,635.3666,0.0000,0.0000,0.0000
26.0667,19.7177,-8.9333,28229.2986,2194.8906,635.5460,0.0000,0.0000,0.0000
26.0833,19.7175,-8.9417,28253.0509,2196.8072,635.7256,0.0000,0.0000,0.0000
26.1000,19.7172,-8.9500,28276.1019,2198.7203,635.9053,0.0000,0.0000,0.0000
26.1167,19.7170,-8.9583,28298.6146,2200.6288,636.0852,0.0000,0.0000,0.0000
26.1333,19.7168,-8.9667,28320.7091,2202.5317,636.2651,0.0000,0.0000,0.0000
26.1500,19.7166,-8.9750,28342.4733,2204.4280,636.4451,0.0000,0.0000,0.0000
26.1667,19.7164,-8.9833,28363.9712,2206.3170,636.6252,0.0000,0.0000,0.0000
26.1833,19.7161,-8.9917,28385.2493,2208.1979,636.8053,0.0000,0.0000,0.0000
26.2000,19.7159,-9.0000,28406.3408,2210.0702,636.9855,0.0000,0.0000,0.0000
26.2167,19.7157,-9.0083,28427.2694,2211.9334,637.1657,0.0000,0.0000,0.0000
26.2333,19.7155,-9.0167,28448.0516,2213.7868,637.3460,0.0000,0.0000,0.0000
26.2500,19.7153,-9.0250,28468.6989,2215.6302,637.5262,0.0000,0.0000,0.0000
26.2667,19.7151,-9.0333,28489.2189,2217.4631,637.7065,0.0000,0.0000,0.0000
26.2833,19.7149,-9.0417,28509.6164,2219.2852,637.8869,0.0000,0.0000,0.0000
26.3000,19.7147,-9.0500,28529.8944,2221.0962,638.0672,0.0000,0.0000,0.0000
26.3167,19.7145,-9.0583,28550.0545,2222.8959,638.2476,0.0000,0.0000,0.0000
26.3333,19.7143,-9.0667,28570.0974,2224.6840,638.4280,0.0000,0.0000,0.0000
26.3500,19.7141,-9.0750,28590.0229,2226.4603,638.6084,0.0000,0.0000,0.0000
26.3667,19.7139,-9.0833,28609.8309,2228.2247,638.7889,0.0000,0.0000,0.0000
26.3833,19.7137,-9.0917,28629.5205,2229.9771,638.9694,0.0000,0.0000,0.0000
26.4000,19.7135,-9.1000,28649.0912,2231.7174,639.1499,0.0000,0.0000,0.0000
26.4167,19.7133,-9.1083,28668.5422,2233.4454,639.3304,0.0000,0.0000,0.0000
26.4333,19.7131,-9.1167,28687.8727,2235.1611,639.5110,0.0000,0.0000,0.0000
26.4500,19.7129,-9.1250,28707.0822,2236.8645,639.6916,0.0000,0.0000,0.0000
26.4667,19.7127,-9.1333,28726.1699,2238.5556,639.8722,0.0000,0.0000,0.0000
26.4833,19.7125,-9.1417,28745.1357,2240.2342,640.0529,0.0000,0.0000,0.0000
26.5000,19.7124,-9.1500,28763.9791,2241.9006,640.2335,0.0000,0.0000,0.0000
26.5167,19.7122,-9.1583,28782.6999,2243.5546,640.4142,0.0000,0.0000,0.0000
26.5333,19.7120,-9.1667,28801.2982,2245.1963,640.5950,0.0000,0.0000,0.0000
26.5500,19.7118,-9.1750,28819.7740,2246.8257,640.7757,0.0000,0.0000,0.0000
26.5667,19.7116,-9.1833,28838.1276,2248.4430,640.9565,0.0000,0.0000,0.0000
26.5833,19.7114,-9.1917,28856.3593,2250.0482,641.1373,0.0000,0.0000,0.0000
26.6000,19.7113,-9.2000,28874.4695,2251.6413,641.3181,0.0000,0.0000,0.0000
26.6167,19.7111,-9.2083,28892.4588,2253.2225,641.4990,0.0000,0.0000,0.0000
26.6333,19.7109,-9.2167,28910.3279,2254.7918,641.6799,0.0000,0.0000,0.0000
26.6500,19.7107,-9.2250,28928.0774,2256.3494,641.8608,0.0000,0.0000,0.0000
26.6667,19.7105,-9.2333,28945.7083,2257.8953,642.0417,0.0000,0.0000,0.0000
26.6833,19.7104,-9.2417,28963.2214,2259.4297,642.2227,0.0000,0.0000,0.0000
26.7000,19.7102,-9.2500,28980.6177,2260.9527,642.4037,0.0000,0.0000,0.0000
26.7167,19.7100,-9.2583,28997.8982,2262.4644,642.5847,0.0000,0.0000,0.0000
26.7333,19.7098,-9.2667,29015.0641,2263.9650,642.7658,0.0000,0.0000,0.0000
26.7500,19.7097,-9.2750,29032.1164,2265.4545,642.9468,0.0000,0.0000,0.0000
26.7667,19.7095,-9.2833,29049.0564,2266.9332,643.1279,0.0000,0.0000,0.0000
26.7833,19.7093,-9.2917,29065.8853,2268.4010,643.3091,0.0000,0.0000,0.0000
26.8000,19.7092,-9.3000,29082.6043,2269.8583,643.4902,0.0000,0.0000,0.0000
26.8167,19.7090,-9.3083,29099.2148,2271.3051,643.6714,0.0000,0.0000,0.0000
26.8333,19.7088,-9.3167,29115.7181,2272.7415,643.8526,0.0000,0.0000,0.0000
26.8500,19.7087,-9.3250,29132.1155,2274.1677,644.0338,0.0000,0.0000,0.0000
26.8667,19.7085,-9.3333,29148.4084,2275.5839,644.2150,0.0000,0.0000,0.0000
26.8833,19.7084,-9.3417,29164.5982,2276.9901,644.3963,0.0000,0.0000,0.0000
26.9000,19.7082,-9.3500,29180.6862,2278.3866,644.5776,0.0000,0.0000,0.0000
26.9167,19.7080,-9.3583,29196.6739,2279.7735,644.7589,0.0000,0.0000,0.0000
26.9333,19.7079,-9.3667,29212.5627,2281.1508,644.9402,0.0000,0.0000,0.0000
26.9500,19.7077,-9.3750,29228.3539,2282.5189,645.1215,0.0000,0.0000,0.0000
26.9667,19.7076,-9.3833,29244.0490,2283.8777,645.3029,0.0000,0.0000,0.0000
26.9833,19.7074,-9.3917,29259.6494,2285.2275,645.4843,0.0000,0.0000,0.0000
27.0000,19.7072,-9.4000,29275.1565,2286.5683,645.6657,0.0000,0.0000,0.0000
27.0167,19.7071,-9.4200,29292.2422,2288.3141,646.1056,0.0000,0.0000,0.0000
27.0333,19.7069,-9.4400,29310.4812,2290.0469,646.5452,0.0000,0.0000,0.0000
27.0500,19.7067,-9.4600,29329.5580,2291.7682,646.9846,0.0000,0.0000,0.0000
27.0667,19.7065,-9.4800,29349.2389,2293.4795,647.4239,0.0000,0.0000,0.0000
27.0833,19.7063,-9.5000,29369.3512,2295.1818,647.8631,0.0000,0.0000,0.0000
27.1000,19.7061,-9.5200,29389.7676,2296.8761,648.3022,0.0000,0.0000,0.0000
27.1167,19.7059,-9.5400,29410.3948,2298.5633,648.7412,0.0000,0.0000,0.0000
27.1333,19.7057,-9.5600,29431.1646,2300.2442,649.1803,0.0000,0.0000,0.0000
27.1500,19.7055,-9.5800,29452.0275,2301.9195,649.6193,0.0000,0.0000,0.0000
27.1667,19.7053,-9.6000,29472.9479,2303.5898,650.0583,0.0000,0.0000,0.0000
27.1833,19.7051,-9.6200,29493.9008,2305.2558,650.4973,0.0000,0.0000,0.0000
27.2000,19.7049,-9.6400,29514.8685,2306.9179,650.9363,0.0000,0.0000,0.0000
27.2167,19.7046,-9.6600,29535.8391,2308.5768,651.3753,0.0000,0.0000,0.0000
27.2333,19.7044,-9.6800,29556.8047,2310.2328,651.8143,0.0000,0.0000,0.0000
27.2500,19.7042,-9.7000,29577.7605,2311.8863,652.2533,0.0000,0.0000,0.0000
27.2667,19.7040,-9.7200,29598.7037,2313.5378,652.6923,0.0000,0.0000,0.0000
27.2833,19.7038,-9.7400,29619.6333,2315.1876,653.1313,0.0000,0.0000,0.0000
27.3000,19.7036,-9.7600,29640.5492,2316.8360,653.5703,0.0000,0.0000,0.0000
27.3167,19.7034,-9.7800,29661.4522,2318.4833,654.0093,0.0000,0.0000,0.0000
27.3333,19.7032,-9.8000,29682.3433,2320.1298,654.4483,0.0000,0.0000,0.0000
27.3500,19.7030,-9.8200,29703.2241,2321.7757,654.8873,0.0000,0.0000,0.0000
27.3667,19.7028,-9.8400,29724.0964,2323.4214,655.3263,0.0000,0.0000,0.0000
27.3833,19.7026,-9.8600,29744.9620,2325.0668,655.7654,0.0000,0.0000,0.0000
27.4000,19.7023,-9.8800,29765.8225,2326.7124,656.2044,0.0000,0.0000,0.0000
27.4167,19.7021,-9.9000,29786.6800,2328.3582,656.6434,0.0000,0.0000,0.0000
27.4333,19.7019,-9.9200,29807.5360,2330.0043,657.0824,0.0000,0.0000,0.0000
27.4500,19.7017,-9.9400,29828.3922,2331.6510,657.5214,0.0000,0.0000,0.0000
27.4667,19.7015,-9.9600,29849.2502,2333.2983,657.9605,0.0000,0.0000,0.0000
27.4833,19.7013,-9.9800,29870.1113,2334.9464,658.3995,0.0000,0.0000,0.0000
27.5000,19.7011,-10.0000,29890.9770,2336.5953,658.8385,0.0000,0.0000,0.0000
27.5167,19.7009,-10.0200,29911.8484,2338.2452,659.2775,0.0000,0.0000,0.0000
27.5333,19.7007,-10.0400,29932.7265,2339.8961,659.7165,0.0000,0.0000,0.0000
27.5500,19.7005,-10.0600,29953.6125,2341.5480,660.1555,0.0000,0.0000,0.0000
27.5667,19.7003,-10.0800,29974.5071,2343.2011,660.5945,0.0000,0.0000,0.0000
27.5833,19.7000,-10.1000,29995.4112,2344.8554,661.0336,0.0000,0.0000,0.0000
27.6000,19.6998,-10.1200,30016.3253,2346.5109,661.4726,0.0000,0.0000,0.0000
27.6167,19.6996,-10.1400,30037.2502,2348.1677,661.9116,0.0000,0.0000,0.0000
27.6333,19.6994,-10.1600,30058.1862,2349.8257,662.3506,0.0000,0.0000,0.0000
27.6500,19.6992,-10.1800,30079.1338,2351.4850,662.7896,0.0000,0.0000,0.0000
27.6667,19.6990,-10.2000,30100.0934,2353.1456,663.2286,0.0000,0.0000,0.0000
27.6833,19.6988,-10.2200,30121.0652,2354.8075,663.6676,0.0000,0.0000,0.0000
27.7000,19.6986,-10.2400,30142.0495,2356.4707,664.1066,0.0000,0.0000,0.0000
27.7167,19.6984,-10.2600,30163.0463,2358.1353,664.5455,0.0000,0.0000,0.0000
27.7333,19.6982,-10.2800,30184.0557,2359.8011,664.9845,0.0000,0.0000,0.0000
27.7500,19.6979,-10.3000,30205.0778,2361.4682,665.4235,0.0000,0.0000,0.0000
27.7667,19.6977,-10.3200,30226.1126,2363.1365,665.8625,0.0000,0.0000,0.0000
27.7833,19.6975,-10.3400,30247.1600,2364.8061,666.3015,0.0000,0.0000,0.0000
27.8000,19.6973,-10.3600,30268.2199,2366.4770,666.7404,0.0000,0.0000,0.0000
27.8167,19.6971,-10.3800,30289.2921,2368.1490,667.1794,0.0000,0.0000,0.0000
27.8333,19.6969,-10.4000,30310.3765,2369.8222,667.6184,0.0000,0.0000,0.0000
27.8500,19.6967,-10.4200,30331.4729,2371.4965,668.0573,0.0000,0.0000,0.0000
27.8667,19.6965,-10.4400,30352.5810,2373.1719,668.4963,0.0000,0.0000,0.0000
27.8833,19.6963,-10.4600,30373.7005,2374.8484,668.9353,0.0000,0.0000,0.0000
27.9000,19.6961,-10.4800,30394.8312,2376.5259,669.3742,0.0000,0.0000,0.0000
27.9167,19.6958,-10.5000,30415.9728,2378.2044,669.8132,0.0000,0.0000,0.0000
27.9333,19.6956,-10.5200,30437.1249,2379.8838,670.2521,0.0000,0.0000,0.0000
27.9500,19.6954,-10.5400,30458.2871,2381.5642,670.6911,0.0000,0.0000,0.0000
27.9667,19.6952,-10.5600,30479.4591,2383.2454,671.1300,0.0000,0.0000,0.0000
27.9833,19.6950,-10.5800,30500.6405,2384.9275,671.5690,0.0000,0.0000,0.0000
28.0000,19.6948,-10.6000,30521.8309,2386.6103,672.0079,0.0000,0.0000,0.0000
28.0167,19.6946,-10.6183,30542.7912,2388.2348,672.4100,0.0000,0.0000,0.0000
28.0333,19.6944,-10.6367,30563.5818,2389.8605,672.8120,0.0000,0.0000,0.0000
28.0500,19.6942,-10.6550,30584.2475,2391.4872,673.2141,0.0000,0.0000,0.0000
28.0667,19.6940,-10.6733,30604.8215,2393.1147,673.6162,0.0000,0.0000,0.0000
28.0833,19.6937,-10.6917,30625.3280,2394.7429,674.0184,0.0000,0.0000,0.0000
28.1000,19.6935,-10.7100,30645.7850,2396.3715,674.4205,0.0000,0.0000,0.0000
28.1167,19.6933,-10.7283,30666.2054,2398.0003,674.8226,0.0000,0.0000,0.0000
28.1333,19.6931,-10.7467,30686.5986,2399.6292,675.2248,0.0000,0.0000,0.0000
28.1500,19.6929,-10.7650,30706.9712,2401.2581,675.6269,0.0000,0.0000,0.0000
28.1667,19.6927,-10.7833,30727.3280,2402.8869,676.0291,0.0000,0.0000,0.0000
28.1833,19.6925,-10.8017,30747.6721,2404.5152,676.4313,0.0000,0.0000,0.0000
28.2000,19.6923,-10.8200,30768.0056,2406.1432,676.8334,0.0000,0.0000,0.0000
28.2167,19.6921,-10.8383,30788.3297,2407.7706,677.2356,0.0000,0.0000,0.0000
28.2333,19.6919,-10.8567,30808.6451,2409.3973,677.6378,0.0000,0.0000,0.0000
28.2500,19.6917,-10.8750,30828.9521,2411.0233,678.0399,0.0000,0.0000,0.0000
28.2667,19.6915,-10.8933,30849.2505,2412.6483,678.4421,0.0000,0.0000,0.0000
28.2833,19.6913,-10.9117,30869.5401,2414.2724,678.8443,0.0000,0.0000,0.0000
28.3000,19.6911,-10.9300,30889.8204,2415.8954,679.2465,0.0000,0.0000,0.0000
28.3167,19.6909,-10.9483,30910.0908,2417.5172,679.6486,0.0000,0.0000,0.0000
28.3333,19.6907,-10.9667,30930.3507,2419.1378,680.0508,0.0000,0.0000,0.0000
28.3500,19.6905,-10.9850,30950.5993,2420.7571,680.4530,0.0000,0.0000,0.0000
28.3667,19.6903,-11.0033,30970.8360,2422.3749,680.8552,0.0000,0.0000,0.0000
28.3833,19.6901,-11.0217,30991.0599,2423.9912,681.2574,0.0000,0.0000,0.0000
28.4000,19.6899,-11.0400,31011.2703,2425.6059,681.6596,0.0000,0.0000,0.0000
28.4167,19.6897,-11.0583,31031.4665,2427.2189,682.0618,0.0000,0.0000,0.0000
28.4333,19.6895,-11.0767,31051.6475,2428.8302,682.4640,0.0000,0.0000,0.0000
28.4500,19.6893,-11.0950,31071.8127,2430.4397,682.8662,0.0000,0.0000,0.0000
28.4667,19.6891,-11.1133,31091.9612,2432.0472,683.2684,0.0000,0.0000,0.0000
28.4833,19.6889,-11.1317,31112.0922,2433.6528,683.6706,0.0000,0.0000,0.0000
28.5000,19.6887,-11.1500,31132.2049,2435.2562,684.0728,0.0000,0.0000,0.0000
28.5167,19.6885,-11.1683,31152.2985,2436.8575,684.4750,0.0000,0.0000,0.0000
28.5333,19.6883,-11.1867,31172.3720,2438.4565,684.8772,0.0000,0.0000,0.0000
28.5500,19.6881,-11.2050,31192.4247,2440.0532,685.2795,0.0000,0.0000,0.0000
28.5667,19.6879,-11.2233,31212.4555,2441.6473,685.6817,0.0000,0.0000,0.0000
28.5833,19.6877,-11.2417,31232.4635,2443.2389,686.0839,0.0000,0.0000,0.0000
28.6000,19.6875,-11.2600,31252.4477,2444.8278,686.4862,0.0000,0.0000,0.0000
28.6167,19.6873,-11.2783,31272.4068,2446.4138,686.8884,0.0000,0.0000,0.0000
28.6333,19.6871,-11.2967,31292.3396,2447.9968,687.2907,0.0000,0.0000,0.0000
28.6500,19.6869,-11.3150,31312.2447,2449.5765,687.6929,0.0000,0.0000,0.0000
28.6667,19.6867,-11.3333,31332.1206,2451.1529,688.0952,0.0000,0.0000,0.0000
28.6833,19.6865,-11.3517,31351.9655,2452.7256,688.4975,0.0000,0.0000,0.0000
28.7000,19.6863,-11.3700,31371.7771,2454.2943,688.8998,0.0000,0.0000,0.0000
28.7167,19.6861,-11.3883,31391.5529,2455.8586,689.3021,0.0000,0.0000,0.0000
28.7333,19.6859,-11.4067,31411.2898,2457.4179,689.7044,0.0000,0.0000,0.0000
28.7500,19.6857,-11.4250,31430.9833,2458.9716,690.1067,0.0000,0.0000,0.0000
28.7667,19.6855,-11.4433,31450.6275,2460.5185,690.5090,0.0000,0.0000,0.0000
28.7833,19.6853,-11.4617,31470.2128,2462.0562,690.9113,0.0000,0.0000,0.0000
28.8000,19.6851,-11.4800,31489.7172,2463.5773,691.3137,0.0000,0.0000,0.0000
28.8167,19.6849,-11.4983,31509.1076,2465.0843,691.7160,0.0000,0.0000,0.0000
28.8333,19.6847,-11.5167,31528.4457,2466.5988,692.1184,0.0000,0.0000,0.0000
28.8500,19.6845,-11.5350,31547.7520,2468.1173,692.5208,0.0000,0.0000,0.0000
28.8667,19.6843,-11.5533,31567.0414,2469.6388,692.9232,0.0000,0.0000,0.0000
28.8833,19.6841,-11.5717,31586.3238,2471.1625,693.3256,0.0000,0.0000,0.0000
28.9000,19.6839,-11.5900,31605.6056,2472.6881,693.7280,0.0000,0.0000,0.0000
28.9167,19.6838,-11.6083,31624.8908,2474.2153,694.1304,0.0000,0.0000,0.0000
28.9333,19.6836,-11.6267,31644.1820,2475.7439,694.5328,0.0000,0.0000,0.0000
28.9500,19.6834,-11.6450,31663.4807,2477.2736,694.9352,0.0000,0.0000,0.0000
28.9667,19.6832,-11.6633,31682.7877,2478.8044,695.3376,0.0000,0.0000,0.0000
28.9833,19.6830,-11.6817,31702.1032,2480.3362,695.7400,0.0000,0.0000,0.0000
29.0000,19.6828,-11.7000,31721.4273,2481.8688,696.1424,0.0000,0.0000,0.0000
29.0167,19.6826,-11.7083,31739.3264,2483.0470,696.3232,0.0000,0.0000,0.0000
29.0333,19.6824,-11.7167,31756.1652,2484.2291,696.5044,0.0000,0.0000,0.0000
29.0500,19.6823,-11.7250,31772.2151,2485.4143,696.6857,0.0000,0.0000,0.0000
29.0667,19.6821,-11.7333,31787.6776,2486.6015,696.8671,0.0000,0.0000,0.0000
29.0833,19.6820,-11.7417,31802.7023,2487.7900,697.0486,0.0000,0.0000,0.0000
29.1000,19.6818,-11.7500,31817.4000,2488.9793,697.2302,0.0000,0.0000,0.0000
29.1167,19.6817,-11.7583,31831.8528,2490.1689,697.4118,0.0000,0.0000,0.0000
29.1333,19.6815,-11.7667,31846.1211,2491.3582,697.5935,0.0000,0.0000,0.0000
29.1500,19.6814,-11.7750,31860.2497,2492.5471,697.7752,0.0000,0.0000,0.0000
29.1667,19.6813,-11.7833,31874.2710,2493.7350,697.9570,0.0000,0.0000,0.0000
29.1833,19.6811,-11.7917,31888.2088,2494.9217,698.1387,0.0000,0.0000,0.0000
29.2000,19.6810,-11.8000,31902.0804,2496.1071,698.3205,0.0000,0.0000,0.0000
29.2167,19.6808,-11.8083,31915.8982,2497.2907,698.5023,0.0000,0.0000,0.0000
29.2333,19.6807,-11.8167,31929.6709,2498.4725,698.6841,0.0000,0.0000,0.0000
29.2500,19.6806,-11.8250,31943.4047,2499.6522,698.8659,0.0000,0.0000,0.0000
29.2667,19.6804,-11.8333,31957.1037,2500.8297,699.0477,0.0000,0.0000,0.0000
29.2833,19.6803,-11.8417,31970.7708,2502.0049,699.2296,0.0000,0.0000,0.0000
29.3000,19.6802,-11.8500,31984.4076,2503.1776,699.4114,0.0000,0.0000,0.0000
29.3167,19.6801,-11.8583,31994.6365,2504.1522,699.5940,0.0000,0.0000,0.0000
29.3333,19.6799,-11.8667,32008.5668,2505.3177,699.7757,0.0000,0.0000,0.0000
29.3500,19.6798,-11.8750,32018.9549,2506.2874,699.9583,0.0000,0.0000,0.0000
29.3667,19.6797,-11.8833,32029.5530,2507.2539,700.1408,0.0000,0.0000,0.0000
29.3833,19.6796,-11.8917,32043.8499,2508.4099,700.3225,0.0000,0.0000,0.0000
29.4000,19.6795,-11.9000,32054.4354,2509.3728,700.5050,0.0000,0.0000,0.0000
29.4167,19.6793,-11.9083,32065.1807,2510.3328,700.6874,0.0000,0.0000,0.0000
29.4333,19.6792,-11.9167,32076.0504,2511.2901,700.8699,0.0000,0.0000,0.0000
29.4500,19.6791,-11.9250,32090.6076,2512.4351,701.0515,0.0000,0.0000,0.0000
29.4667,19.6790,-11.9333,32101.3263,2513.3899,701.2340,0.0000,0.0000,0.0000
29.4833,19.6789,-11.9417,32112.1643,2514.3419,701.4164,0.0000,0.0000,0.0000
29.5000,19.6788,-11.9500,32123.0944,2515.2917,701.5988,0.0000,0.0000,0.0000
29.5167,19.6787,-11.9583,32134.0950,2516.2393,701.7813,0.0000,0.0000,0.0000
29.5333,19.6785,-11.9667,32148.7625,2517.3722,701.9629,0.0000,0.0000,0.0000
29.5500,19.6784,-11.9750,32159.5260,2518.3181,702.1453,0.0000,0.0000,0.0000
29.5667,19.6783,-11.9833,32170.3837,2519.2614,702.3278,0.0000,0.0000,0.0000
29.5833,19.6782,-11.9917,32181.3137,2520.2028,702.5102,0.0000,0.0000,0.0000
29.6000,19.6781,-12.0000,32192.2986,2521.1422,702.6926,0.0000,0.0000,0.0000
29.6167,19.6780,-12.0083,32203.3248,2522.0800,702.8750,0.0000,0.0000,0.0000
29.6333,19.6778,-12.0167,32217.9911,2523.2006,703.0566,0.0000,0.0000,0.0000
29.6500,19.6777,-12.0250,32228.7345,2524.1373,703.2391,0.0000,0.0000,0.0000
29.6667,19.6776,-12.0333,32239.5589,2525.0718,703.4215,0.0000,0.0000,0.0000
29.6833,19.6775,-12.0417,32250.4455,2526.0044,703.6040,0.0000,0.0000,0.0000
29.7000,19.6774,-12.0500,32261.3793,2526.9355,703.7864,0.0000,0.0000,0.0000
29.7167,19.6773,-12.0583,32272.3485,2527.8650,703.9688,0.0000,0.0000,0.0000
29.7333,19.6772,-12.0667,32283.3437,2528.7933,704.1512,0.0000,0.0000,0.0000
29.7500,19.6770,-12.0750,32297.9502,2529.9019,704.3328,0.0000,0.0000,0.0000
29.7667,19.6769,-12.0833,32308.6402,2530.8296,704.5153,0.0000,0.0000,0.0000
29.7833,19.6768,-12.0917,32319.4048,2531.7554,704.6978,0.0000,0.0000,0.0000
29.8000,19.6767,-12.1000,32330.2270,2532.6796,704.8802,0.0000,0.0000,0.0000
29.8167,19.6766,-12.1083,32341.0930,2533.6024,705.0627,0.0000,0.0000,0.0000
29.8333,19.6765,-12.1167,32351.9921,2534.5240,705.2451,0.0000,0.0000,0.0000
29.8500,19.6764,-12.1250,32362.9158,2535.4444,705.4275,0.0000,0.0000,0.0000
29.8667,19.6763,-12.1333,32373.8572,2536.3637,705.6100,0.0000,0.0000,0.0000
29.8833,19.6762,-12.1417,32384.8111,2537.2820,705.7924,0.0000,0.0000,0.0000
29.9000,19.6760,-12.1500,32399.3459,2538.3783,705.9740,0.0000,0.0000,0.0000
29.9167,19.6759,-12.1583,32409.9748,2539.2967,706.1565,0.0000,0.0000,0.0000
29.9333,19.6758,-12.1667,32420.6730,2540.2135,706.3390,0.0000,0.0000,0.0000
29.9500,19.6757,-12.1750,32431.4247,2541.1289,706.5215,0.0000,0.0000,0.0000
29.9667,19.6756,-12.1833,32442.2175,2542.0432,706.7039,0.0000,0.0000,0.0000
29.9833,19.6755,-12.1917,32453.0416,2542.9565,706.8864,0.0000,0.0000,0.0000
30.0000,19.6754,-12.2000,32463.8891,2543.8688,707.0688,0.0000,0.0000,0.0000
30.0167,19.6753,-12.2000,32473.8300,2544.4812,707.0666,0.4734,0.0000,0.0000
30.0333,19.6752,-12.2000,32483.0369,2545.0933,707.0646,0.9468,0.0000,0.0000
30.0500,19.6751,-12.2000,32491.6490,2545.7046,707.0627,1.4202,0.0000,0.0000
30.0667,19.6750,-12.2000,32499.7781,2546.3149,707.0609,1.8936,0.0000,0.0000
30.0833,19.6749,-12.2000,32507.5140,2546.9239,707.0591,2.3670,0.0000,0.0000
30.1000,19.6749,-12.2000,32514.9288,2547.5311,707.0575,2.8404,0.0000,0.0000
30.1167,19.6748,-12.2000,32522.0801,2548.1365,707.0559,3.3138,0.0000,0.0000
30.1333,19.6747,-12.2000,32529.0140,2548.7395,707.0544,3.7872,0.0000,0.0000
30.1500,19.6746,-12.2000,32535.7674,2549.3401,707.0529,4.2606,0.0000,0.0000
30.1667,19.6746,-12.2000,32542.3696,2549.9380,707.0514,4.7340,0.0000,0.0000
30.1833,19.6745,-12.2000,32548.8437,2550.5328,707.0500,5.2074,0.0000,0.0000
30.2000,19.6744,-12.2000,32555.2082,2551.1245,707.0486,5.6808,0.0000,0.0000
30.2167,19.6744,-12.2000,32561.4774,2551.7127,707.0472,6.1542,0.0000,0.0000
30.2333,19.6743,-12.2000,32567.6627,2552.2973,707.0458,6.6276,0.0000,0.0000
30.2500,19.6743,-12.2000,32573.7729,2552.8782,707.0444,7.1010,0.0000,0.0000
30.2667,19.6742,-12.2000,32579.8147,2553.4550,707.0431,7.5744,0.0000,0.0000
30.2833,19.6741,-12.2000,32585.7934,2554.0278,707.0418,8.0478,0.0000,0.0000
30.3000,19.6741,-12.2000,32591.7128,2554.5963,707.0405,8.5212,0.0000,0.0000
30.3167,19.6740,-12.2000,32597.5759,2555.1603,707.0392,8.9946,0.0000,0.0000
30.3333,19.6740,-12.2000,32603.3847,2555.7199,707.0379,9.4680,0.0000,0.0000
30.3500,19.6739,-12.2000,32609.1409,2556.2748,707.0366,9.9414,0.0000,0.0000
30.3667,19.6739,-12.2000,32614.8453,2556.8249,707.0353,10.4148,0.0000,0.0000
30.3833,19.6738,-12.2000,32620.4987,2557.3702,707.0341,10.8882,0.0000,0.0000
30.4000,19.6737,-12.2000,32626.1013,2557.9106,707.0328,11.3616,0.0000,0.0000
30.4167,19.6737,-12.2000,32631.6533,2558.4460,707.0316,11.8350,0.0000,0.0000
30.4333,19.6736,-12.2000,32637.1547,2558.9763,707.0304,12.3084,0.0000,0.0000
30.4500,19.6736,-12.2000,32642.6053,2559.5014,707.0292,12.7818,0.0000,0.0000
30.4667,19.6735,-12.2000,32648.0050,2560.0214,707.0280,13.2552,0.0000,0.0000
30.4833,19.6735,-12.2000,32653.3534,2560.5361,707.0268,13.7286,0.0000,0.0000
30.5000,19.6734,-12.2000,32658.6502,2561.0455,707.0256,14.2020,0.0000,0.0000
30.5167,19.6734,-12.2000,32663.8952,2561.5496,707.0245,14.6754,0.0000,0.0000
30.5333,19.6733,-12.2000,32669.0881,2562.0483,707.0233,15.1488,0.0000,0.0000
30.5500,19.6733,-12.2000,32674.2285,2562.5417,707.0222,15.6222,0.0000,0.0000
30.5667,19.6732,-12.2000,32679.3161,2563.0296,707.0210,16.0956,0.0000,0.0000
30.5833,19.6732,-12.2000,32684.3508,2563.5122,707.0199,16.5690,0.0000,0.0000
30.6000,19.6731,-12.2000,32689.3323,2563.9893,707.0188,17.0424,0.0000,0.0000
30.6167,19.6731,-12.2000,32694.2604,2564.4610,707.0177,17.5158,0.0000,0.0000
30.6333,19.6730,-12.2000,32699.1350,2564.9273,707.0166,17.9892,0.0000,0.0000
30.6500,19.6730,-12.2000,32703.9560,2565.3881,707.0156,18.4626,0.0000,0.0000
30.6667,19.6729,-12.2000,32708.7232,2565.8435,707.0145,18.9360,0.0000,0.0000
30.6833,19.6729,-12.2000,32713.4366,2566.2935,707.0135,19.4094,0.0000,0.0000
30.7000,19.6728,-12.2000,32718.0963,2566.7381,707.0124,19.8828,0.0000,0.0000
30.7167,19.6728,-12.2000,32722.7022,2567.1774,707.0114,20.3562,0.0000,0.0000
30.7333,19.6727,-12.2000,32727.2543,2567.6112,707.0104,20.8296,0.0000,0.0000
30.7500,19.6727,-12.2000,32731.7529,2568.0398,707.0094,21.3030,0.0000,0.0000
30.7667,19.6726,-12.2000,32736.1979,2568.4630,707.0084,21.7764,0.0000,0.0000
30.7833,19.6726,-12.2000,32740.5896,2568.8809,707.0074,22.2498,0.0000,0.0000
30.8000,19.6726,-12.2000,32744.9281,2569.2936,707.0065,22.7232,0.0000,0.0000
30.8167,19.6725,-12.2000,32749.2136,2569.7010,707.0055,23.1966,0.0000,0.0000
30.8333,19.6725,-12.2000,32753.4464,2570.1033,707.0046,23.6700,0.0000,0.0000
30.8500,19.6724,-12.2000,32757.6266,2570.5003,707.0037,24.1434,0.0000,0.0000
30.8667,19.6724,-12.2000,32761.7546,2570.8923,707.0027,24.6168,0.0000,0.0000
30.8833,19.6723,-12.2000,32765.8306,2571.2792,707.0018,25.0902,0.0000,0.0000
30.9000,19.6723,-12.2000,32769.8549,2571.6610,707.0010,25.5636,0.0000,0.0000
30.9167,19.6723,-12.2000,32773.8279,2572.0378,707.0001,26.0370,0.0000,0.0000
30.9333,19.6722,-12.2000,32777.7500,2572.4096,706.9992,26.5104,0.0000,0.0000
30.9500,19.6722,-12.2000,32781.6214,2572.7766,706.9983,26.9838,0.0000,0.0000
30.9667,19.6721,-12.2000,32785.4425,2573.1386,706.9975,27.4572,0.0000,0.0000
30.9833,19.6721,-12.2000,32789.2138,2573.4958,706.9967,27.9306,0.0000,0.0000
31.0000,19.6721,-12.2000,32792.9356,2573.8482,706.9958,28.4040,0.0000,0.0000
31.0167,19.6720,-12.2100,32797.6780,2574.5355,707.2166,32.0334,0.0000,0.0000
31.0333,19.6720,-12.2200,32803.2047,2575.2012,707.4372,35.6628,0.0000,0.0000
31.0500,19.6719,-12.2300,32809.3294,2575.8477,707.6577,39.2922,0.0000,0.0000
31.0667,19.6718,-12.2400,32815.9055,2576.4773,707.8780,42.9216,0.0000,0.0000
31.0833,19.6718,-12.2500,32822.8178,2577.0916,708.0983,46.5510,0.0000,0.0000
31.1000,19.6717,-12.2600,32829.9755,2577.6921,708.3186,50.1804,0.0000,0.0000
31.1167,19.6716,-12.2700,32837.3079,2578.2800,708.5388,53.8098,0.0000,0.0000
31.1333,19.6716,-12.2800,32844.7596,2578.8564,708.7589,57.4392,0.0000,0.0000
31.1500,19.6715,-12.2900,32852.2875,2579.4221,708.9791,61.0686,0.0000,0.0000
31.1667,19.6714,-12.3000,32859.8585,2579.9780,709.1992,64.6980,0.0000,0.0000
31.1833,19.6713,-12.3100,32867.4471,2580.5249,709.4194,68.3274,0.0000,0.0000
31.2000,19.6712,-12.3200,32875.0341,2581.0634,709.6395,71.9568,0.0000,0.0000
31.2167,19.6712,-12.3300,32882.6052,2581.5942,709.8596,75.5862,0.0000,0.0000
31.2333,19.6711,-12.3400,32890.1497,2582.1178,710.0798,79.2156,0.0000,0.0000
31.2500,19.6710,-12.3500,32897.6602,2582.6348,710.2999,82.8450,0.0000,0.0000
31.2667,19.6709,-12.3600,32905.1316,2583.1457,710.5201,86.4744,0.0000,0.0000
31.2833,19.6709,-12.3700,32912.5606,2583.6509,710.7403,90.1038,0.0000,0.0000
31.3000,19.6708,-12.3800,32919.9454,2584.1510,710.9605,93.7332,0.0000,0.0000
31.3167,19.6707,-12.3900,32927.2856,2584.6462,711.1807,97.3626,0.0000,0.0000
31.3333,19.6707,-12.4000,32934.5812,2585.1371,711.4009,100.9920,0.0000,0.0000
31.3500,19.6706,-12.4100,32941.8333,2585.6240,711.6211,104.6214,0.0000,0.0000
31.3667,19.6705,-12.4200,32949.0435,2586.1074,711.8413,108.2508,0.0000,0.0000
31.3833,19.6704,-12.4300,32956.2135,2586.5874,712.0615,111.8802,0.0000,0.0000
31.4000,19.6704,-12.4400,32963.3455,2587.0646,712.2818,115.5096,0.0000,0.0000
31.4167,19.6703,-12.4500,32970.4422,2587.5393,712.5020,119.1390,0.0000,0.0000
31.4333,19.6702,-12.4600,32977.5060,2588.0118,712.7223,122.7684,0.0000,0.0000
31.4500,19.6702,-12.4700,32984.5399,2588.4824,712.9426,126.3978,0.0000,0.0000
31.4667,19.6701,-12.4800,32991.5466,2588.9515,713.1628,130.0272,0.0000,0.0000
31.4833,19.6700,-12.4900,32998.5292,2589.4195,713.3831,133.6566,0.0000,0.0000
31.5000,19.6699,-12.5000,33005.4909,2589.8867,713.6034,137.2860,0.0000,0.0000
31.5167,19.6699,-12.5100,33012.4348,2590.3534,713.8237,140.9154,0.0000,0.0000
31.5333,19.6698,-12.5200,33019.3642,2590.8200,714.0439,144.5448,0.0000,0.0000
31.5500,19.6697,-12.5300,33026.2825,2591.2870,714.2642,148.1742,0.0000,0.0000
31.5667,19.6697,-12.5400,33033.1932,2591.7546,714.4845,151.8036,0.0000,0.0000
31.5833,19.6696,-12.5500,33040.1000,2592.2235,714.7048,155.4330,0.0000,0.0000
31.6000,19.6695,-12.5600,33047.0068,2592.6939,714.9251,159.0624,0.0000,0.0000
31.6167,19.6695,-12.5700,33053.9175,2593.1664,715.1454,162.6918,0.0000,0.0000
31.6333,19.6694,-12.5800,33060.8366,2593.6416,715.3657,166.3212,0.0000,0.0000
31.6500,19.6693,-12.5900,33067.7687,2594.1201,715.5860,169.9506,0.0000,0.0000
31.6667,19.6693,-12.6000,33074.7190,2594.6026,715.8062,173.5800,0.0000,0.0000
31.6833,19.6692,-12.6100,33081.6931,2595.0899,716.0265,177.2094,0.0000,0.0000
31.7000,19.6691,-12.6200,33088.6976,2595.5830,716.2468,180.8388,0.0000,0.0000
31.7167,19.6690,-12.6300,33095.7400,2596.0831,716.4671,184.4682,0.0000,0.0000
31.7333,19.6690,-12.6400,33102.8291,2596.5918,716.6873,188.0976,0.0000,0.0000
31.7500,19.6689,-12.6500,33109.9762,2597.1113,716.9075,191.7270,0.0000,0.0000
31.7667,19.6688,-12.6600,33117.1961,2597.6447,717.1278,195.3564,0.0000,0.0000
31.7833,19.6688,-12.6700,33124.5100,2598.1982,717.3480,198.9858,0.0000,0.0000
31.8000,19.6687,-12.6800,33131.9561,2598.7898,717.5681,202.6152,0.0000,0.0000
31.8167,19.6686,-12.6900,33139.5611,2599.2932,717.7883,206.2446,0.0000,0.0000
31.8333,19.6685,-12.7000,33146.8430,2599.7238,718.0085,209.8740,0.0000,0.0000
31.8500,19.6685,-12.7100,33153.8693,2600.1099,718.2287,213.5034,0.0000,0.0000
31.8667,19.6684,-12.7200,33160.6321,2600.4608,718.4491,217.1328,0.0000,0.0000
31.8833,19.6683,-12.7300,33169.0192,2600.7628,718.6690,220.7622,0.0000,0.0000
31.9000,19.6682,-12.7400,33176.5391,2601.0323,718.8892,224.3916,0.0000,0.0000
31.9167,19.6682,-12.7500,33183.3350,2601.2723,719.1095,228.0210,0.0000,0.0000
31.9333,19.6681,-12.7600,33189.5192,2601.4848,719.3299,231.6504,0.0000,0.0000
31.9500,19.6680,-12.7700,33195.1792,2601.6713,719.5505,235.2798,0.0000,0.0000
31.9667,19.6680,-12.7800,33200.3834,2601.8327,719.7712,238.9092,0.0000,0.0000
31.9833,19.6679,-12.7900,33205.1849,2601.9698,719.9919,242.5386,0.0000,0.0000
32.0000,19.6679,-12.8000,33209.6248,2602.0831,720.2128,246.1680,0.0000,0.0000
32.0167,19.6679,-12.8000,33212.3074,2601.8200,720.2122,249.6396,0.0000,0.0000
32.0333,19.6679,-12.8000,33213.6259,2601.5392,720.2119,253.1112,0.0000,0.0000
32.0500,19.6679,-12.8000,33213.8729,2601.2395,720.2118,256.5828,0.0000,0.0000
32.0667,19.6679,-12.8000,33213.2658,2600.9198,720.2120,260.0544,0.0000,0.0000
32.0833,19.6679,-12.8000,33211.9656,2600.5793,720.2123,263.5260,0.0000,0.0000
32.1000,19.6679,-12.8000,33210.0914,2600.2173,720.2127,266.9976,0.0000,0.0000
32.1167,19.6679,-12.8000,33207.7308,2599.8331,720.2132,270.4692,0.0000,0.0000
32.1333,19.6680,-12.8000,33204.9480,2599.4259,720.2138,273.9408,0.0000,0.0000
32.1500,19.6680,-12.8000,33201.7898,2598.9953,720.2145,277.4124,0.0000,0.0000
32.1667,19.6680,-12.8000,33198.2900,2598.5406,720.2153,280.8840,0.0000,0.0000
32.1833,19.6681,-12.8000,33194.4728,2598.0613,720.2161,284.3556,0.0000,0.0000
32.2000,19.6681,-12.8000,33190.3551,2597.5571,720.2171,287.8272,0.0000,0.0000
32.2167,19.6681,-12.8000,33185.9487,2597.0275,720.2180,291.2988,0.0000,0.0000
32.2333,19.6682,-12.8000,33181.2616,2596.4722,720.2191,294.7704,0.0000,0.0000
32.2500,19.6682,-12.8000,33176.2990,2595.8909,720.2202,298.2420,0.0000,0.0000
32.2667,19.6683,-12.8000,33171.0642,2595.2832,720.2213,301.7136,0.0000,0.0000
32.2833,19.6683,-12.8000,33165.5589,2594.6489,720.2226,305.1852,0.0000,0.0000
32.3000,19.6684,-12.8000,33159.7840,2593.9879,720.2238,308.6568,0.0000,0.0000
32.3167,19.6685,-12.8000,33153.7396,2593.2999,720.2252,312.1284,0.0000,0.0000
32.3333,19.6685,-12.8000,33147.4255,2592.5848,720.2266,315.6000,0.0000,0.0000
32.3500,19.6686,-12.8000,33140.8412,2591.8425,720.2280,319.0716,0.0000,0.0000
32.3667,19.6687,-12.8000,33133.9861,2591.0728,720.2296,322.5432,0.0000,0.0000
32.3833,19.6687,-12.8000,33126.8596,2590.2757,720.2311,326.0148,0.0000,0.0000
32.4000,19.6688,-12.8000,33119.4611,2589.4512,720.2328,329.4864,0.0000,0.0000
32.4167,19.6689,-12.8000,33111.7900,2588.5992,720.2345,332.9580,0.0000,0.0000
32.4333,19.6690,-12.8000,33103.8458,2587.7198,720.2362,336.4296,0.0000,0.0000
32.4500,19.6690,-12.8000,33095.6283,2586.8128,720.2381,339.9012,0.0000,0.0000
32.4667,19.6691,-12.8000,33087.1373,2585.8783,720.2400,343.3728,0.0000,0.0000
32.4833,19.6692,-12.8000,33078.3728,2584.9165,720.2419,346.8444,0.0000,0.0000
32.5000,19.6693,-12.8000,33069.3347,2583.9272,720.2439,350.3160,0.0000,0.0000
32.5167,19.6694,-12.8000,33060.0234,2582.9106,720.2460,353.7876,0.0000,0.0000
32.5333,19.6695,-12.8000,33050.4392,2581.8668,720.2481,357.2592,0.0000,0.0000
32.5500,19.6696,-12.8000,33040.5825,2580.7959,720.2503,360.7308,0.0000,0.0000
32.5667,19.6697,-12.8000,33030.4541,2579.6978,720.2525,364.2024,0.0000,0.0000
32.5833,19.6698,-12.8000,33020.0546,2578.5729,720.2548,367.6740,0.0000,0.0000
32.6000,19.6699,-12.8000,33009.3848,2577.4211,720.2572,371.1456,0.0000,0.0000
32.6167,19.6700,-12.8000,32998.4457,2576.2425,720.2596,374.6172,0.0000,0.0000
32.6333,19.6701,-12.8000,32987.2383,2575.0375,720.2621,378.0888,0.0000,0.0000
32.6500,19.6702,-12.8000,32975.7637,2573.8059,720.2647,381.5604,0.0000,0.0000
32.6667,19.6704,-12.8000,32964.0230,2572.5481,720.2673,385.0320,0.0000,0.0000
32.6833,19.6705,-12.8000,32952.0176,2571.2641,720.2699,388.5036,0.0000,0.0000
32.7000,19.6706,-12.8000,32939.7488,2569.9541,720.2726,391.9752,0.0000,0.0000
32.7167,19.6707,-12.8000,32927.2179,2568.6183,720.2754,395.4468,0.0000,0.0000
32.7333,19.6709,-12.8000,32914.4264,2567.2568,720.2783,398.9184,0.0000,0.0000
32.7500,19.6710,-12.8000,32901.3758,2565.8698,720.2812,402.3900,0.0000,0.0000
32.7667,19.6711,-12.8000,32888.0676,2564.4575,720.2841,405.8616,0.0000,0.0000
32.7833,19.6713,-12.8000,32874.5034,2563.0199,720.2871,409.3332,0.0000,0.0000
32.8000,19.6714,-12.8000,32860.6848,2561.5574,720.2902,412.8048,0.0000,0.0000
32.8167,19.6715,-12.8000,32846.6135,2560.0700,720.2933,416.2764,0.0000,0.0000
32.8333,19.6717,-12.8000,32832.2912,2558.5580,720.2965,419.7480,0.0000,0.0000
32.8500,19.6718,-12.8000,32817.7195,2557.0216,720.2997,423.2196,0.0000,0.0000
32.8667,19.6720,-12.8000,32802.9001,2555.4608,720.3030,426.6912,0.0000,0.0000
32.8833,19.6721,-12.8000,32787.8349,2553.8759,720.3063,430.1628,0.0000,0.0000
32.9000,19.6723,-12.8000,32772.5255,2552.2671,720.3097,433.6344,0.0000,0.0000
32.9167,19.6724,-12.8000,32756.9738,2550.6345,720.3132,437.1060,0.0000,0.0000
32.9333,19.6726,-12.8000,32741.1814,2548.9784,720.3167,440.5776,0.0000,0.0000
32.9500,19.6727,-12.8000,32725.1504,2547.2989,720.3202,444.0492,0.0000,0.0000
32.9667,19.6729,-12.8000,32708.8823,2545.5962,720.3239,447.5208,0.0000,0.0000
32.9833,19.6731,-12.8000,32692.3790,2543.8704,720.3275,450.9924,0.0000,0.0000
33.0000,19.6733,-12.8000,32674.1526,2542.0058,720.3316,454.4640,0.0000,0.0000
33.0167,19.6734,-12.8000,32657.3232,2540.2579,720.3353,457.1466,0.0000,0.0000
33.0333,19.6736,-12.8000,32640.3264,2538.5036,720.3391,459.8292,0.0000,0.0000
33.0500,19.6738,-12.8000,32623.1841,2536.7414,720.3429,462.5118,0.0000,0.0000
33.0667,19.6739,-12.8000,32605.9092,2534.9697,720.3467,465.1944,0.0000,0.0000
33.0833,19.6741,-12.8000,32588.5078,2533.1872,720.3506,467.8770,0.0000,0.0000
33.1000,19.6743,-12.8000,32570.9815,2531.3926,720.3544,470.5596,0.0000,0.0000
33.1167,19.6745,-12.8000,32553.3295,2529.5851,720.3584,473.2422,0.0000,0.0000
33.1333,19.6746,-12.8000,32535.5490,2527.7639,720.3623,475.9248,0.0000,0.0000
33.1500,19.6748,-12.8000,32517.6369,2525.9286,720.3663,478.6074,0.0000,0.0000
33.1667,19.6750,-12.8000,32499.5902,2524.0788,720.3703,481.2900,0.0000,0.0000
33.1833,19.6752,-12.8000,32481.4062,2522.2144,720.3743,483.9726,0.0000,0.0000
33.2000,19.6754,-12.8000,32463.0825,2520.3354,720.3784,486.6552,0.0000,0.0000
33.2167,19.6756,-12.8000,32444.6176,2518.4417,720.3825,489.3378,0.0000,0.0000
33.2333,19.6757,-12.8000,32426.0106,2516.5335,720.3866,492.0204,0.0000,0.0000
33.2500,19.6759,-12.8000,32407.2610,2514.6109,720.3908,494.7030,0.0000,0.0000
33.2667,19.6761,-12.8000,32388.3689,2512.6740,720.3950,497.3856,0.0000,0.0000
33.2833,19.6763,-12.8000,32369.3349,2510.7231,720.3992,500.0682,0.0000,0.0000
33.3000,19.6765,-12.8000,32350.1597,2508.7583,720.4034,502.7508,0.0000,0.0000
33.3167,19.6767,-12.8000,32330.8444,2506.7797,720.4077,505.4334,0.0000,0.0000
33.3333,19.6769,-12.8000,32311.3904,2504.7877,720.4120,508.1160,0.0000,0.0000
33.3500,19.6771,-12.8000,32291.7991,2502.7824,720.4164,510.7986,0.0000,0.0000
33.3667,19.6773,-12.8000,32272.0722,2500.7639,720.4208,513.4812,0.0000,0.0000
33.3833,19.6775,-12.8000,32252.2114,2498.7326,720.4252,516.1638,0.0000,0.0000
33.4000,19.6777,-12.8000,32232.2184,2496.6886,720.4296,518.8464,0.0000,0.0000
33.4167,19.6779,-12.8000,32212.0951,2494.6320,720.4341,521.5290,0.0000,0.0000
33.4333,19.6781,-12.8000,32191.8432,2492.5631,720.4385,524.2116,0.0000,0.0000
33.4500,19.6783,-12.8000,32171.4645,2490.4821,720.4431,526.8942,0.0000,0.0000
33.4667,19.6785,-12.8000,32150.9610,2488.3891,720.4476,529.5768,0.0000,0.0000
33.4833,19.6787,-12.8000,32130.3343,2486.2843,720.4522,532.2594,0.0000,0.0000
33.5000,19.6789,-12.8000,32109.5864,2484.1679,720.4568,534.9420,0.0000,0.0000
33.5167,19.6791,-12.8000,32088.7189,2482.0401,720.4614,537.6246,0.0000,0.0000
33.5333,19.6793,-12.8000,32067.7335,2479.9009,720.4661,540.3072,0.0000,0.0000
33.5500,19.6795,-12.8000,32046.6321,2477.7507,720.4708,542.9898,0.0000,0.0000
33.5667,19.6797,-12.8000,32025.4162,2475.5895,720.4755,545.6724,0.0000,0.0000
33.5833,19.6800,-12.8000,32004.0876,2473.4175,720.4802,548.3550,0.0000,0.0000
33.6000,19.6802,-12.8000,31982.6477,2471.2348,720.4850,551.0376,0.0000,0.0000
33.6167,19.6804,-12.8000,31961.0982,2469.0417,720.4897,553.7202,0.0000,0.0000
33.6333,19.6806,-12.8000,31939.4406,2466.8381,720.4945,556.4028,0.0000,0.0000
33.6500,19.6808,-12.8000,31917.6763,2464.6244,720.4994,559.0854,0.0000,0.0000
33.6667,19.6810,-12.8000,31895.8070,2462.4005,720.5042,561.7680,0.0000,0.0000
33.6833,19.6813,-12.8000,31873.8339,2460.1667,720.5091,564.4506,0.0000,0.0000
33.7000,19.6815,-12.8000,31851.7584,2457.9231,720.5140,567.1332,0.0000,0.0000
33.7167,19.6817,-12.8000,31829.5821,2455.6697,720.5189,569.8158,0.0000,0.0000
33.7333,19.6819,-12.8000,31807.3061,2453.4068,720.5238,572.4984,0.0000,0.0000
33.7500,19.6822,-12.8000,31784.9318,2451.1344,720.5288,575.1810,0.0000,0.0000
33.7667,19.6824,-12.8000,31762.4604,2448.8527,720.5338,577.8636,0.0000,0.0000
33.7833,19.6826,-12.8000,31739.8932,2446.5618,720.5388,580.5462,0.0000,0.0000
33.8000,19.6828,-12.8000,31717.2315,2444.2617,720.5438,583.2288,0.0000,0.0000
33.8167,19.6831,-12.8000,31694.4764,2441.9527,720.5489,585.9114,0.0000,0.0000
33.8333,19.6833,-12.8000,31671.6290,2439.6347,720.5539,588.5940,0.0000,0.0000
33.8500,19.6835,-12.8000,31648.6906,2437.3080,720.5590,591.2766,0.0000,0.0000
33.8667,19.6837,-12.8000,31625.6622,2434.9726,720.5641,593.9592,0.0000,0.0000
33.8833,19.6840,-12.8000,31602.5450,2432.6287,720.5693,596.6418,0.0000,0.0000
33.9000,19.6842,-12.8000,31579.3400,2430.2763,720.5744,599.3244,0.0000,0.0000
33.9167,19.6844,-12.8000,31556.0482,2427.9155,720.5796,602.0070,0.0000,0.0000
33.9333,19.6847,-12.8000,31532.6708,2425.5464,720.5848,604.6896,0.0000,0.0000
33.9500,19.6849,-12.8000,31509.2087,2423.1692,720.5900,607.3722,0.0000,0.0000
33.9667,19.6851,-12.8000,31485.6629,2420.7839,720.5952,610.0548,0.0000,0.0000
33.9833,19.6854,-12.8000,31462.0344,2418.3905,720.6004,612.7374,0.0000,0.0000
34.0000,19.6856,-12.8000,31438.3241,2415.9893,720.6057,615.4200,0.0000,0.0000
34.0167,19.6858,-12.8183,31417.2366,2414.2630,721.0170,616.8402,0.0000,0.0000
34.0333,19.6860,-12.8367,31398.1481,2412.5482,721.4280,618.2604,0.0000,0.0000
34.0500,19.6862,-12.8550,31380.5857,2410.8433,721.8385,619.6806,0.0000,0.0000
34.0667,19.6864,-12.8733,31364.1926,2409.1476,722.2488,621.1008,0.0000,0.0000
34.0833,19.6865,-12.8917,31348.7005,2407.4611,722.6590,622.5210,0.0000,0.0000
34.1000,19.6867,-12.9100,31333.9086,2405.7839,723.0689,623.9412,0.0000,0.0000
34.1167,19.6868,-12.9283,31319.6672,2404.1168,723.4787,625.3614,0.0000,0.0000
34.1333,19.6869,-12.9467,31305.8656,2402.4602,723.8885,626.7816,0.0000,0.0000
34.1500,19.6871,-12.9650,31292.4224,2400.8150,724.2981,628.2018,0.0000,0.0000
34.1667,19.6872,-12.9833,31279.2784,2399.1818,724.7077,629.6220,0.0000,0.0000
34.1833,19.6873,-13.0017,31266.3909,2397.5614,725.1173,631.0422,0.0000,0.0000
34.2000,19.6875,-13.0200,31253.7297,2395.9547,725.5267,632.4624,0.0000,0.0000
34.2167,19.6876,-13.0383,31241.2738,2394.3621,725.9362,633.8826,0.0000,0.0000
34.2333,19.6877,-13.0567,31229.0092,2392.7845,726.3456,635.3028,0.0000,0.0000
34.2500,19.6878,-13.0750,31216.9269,2391.2225,726.7549,636.7230,0.0000,0.0000
34.2667,19.6879,-13.0933,31205.0214,2389.6765,727.1643,638.1432,0.0000,0.0000
34.2833,19.6881,-13.1117,31193.2900,2388.1473,727.5735,639.5634,0.0000,0.0000
34.3000,19.6882,-13.1300,31181.7320,2386.6351,727.9828,640.9836,0.0000,0.0000
34.3167,19.6883,-13.1483,31170.3477,2385.1405,728.3920,642.4038,0.0000,0.0000
34.3333,19.6884,-13.1667,31159.1384,2383.6638,728.8011,643.8240,0.0000,0.0000
34.3500,19.6885,-13.1850,31148.1060,2382.2055,729.2103,645.2442,0.0000,0.0000
34.3667,19.6886,-13.2033,31137.2526,2380.7657,729.6193,646.6644,0.0000,0.0000
34.3833,19.6887,-13.2217,31126.5803,2379.3447,730.0284,648.0846,0.0000,0.0000
34.4000,19.6888,-13.2400,31116.0915,2377.9428,730.4374,649.5048,0.0000,0.0000
34.4167,19.6889,-13.2583,31105.7883,2376.5602,730.8463,650.9250,0.0000,0.0000
34.4333,19.6890,-13.2767,31095.6725,2375.1969,731.2553,652.3452,0.0000,0.0000
34.4500,19.6891,-13.2950,31085.7460,2373.8531,731.6641,653.7654,0.0000,0.0000
34.4667,19.6892,-13.3133,31076.0101,2372.5289,732.0730,655.1856,0.0000,0.0000
34.4833,19.6893,-13.3317,31066.4663,2371.2244,732.4818,656.6058,0.0000,0.0000
34.5000,19.6894,-13.3500,31057.1154,2369.9394,732.8905,658.0260,0.0000,0.0000
34.5167,19.6895,-13.3683,31047.9582,2368.6741,733.2992,659.4462,0.0000,0.0000
34.5333,19.6896,-13.3867,31038.9950,2367.4283,733.7079,660.8664,0.0000,0.0000
34.5500,19.6897,-13.4050,31030.2262,2366.2021,734.1165,662.2866,0.0000,0.0000
34.5667,19.6898,-13.4233,31021.6516,2364.9954,734.5251,663.7068,0.0000,0.0000
34.5833,19.6899,-13.4417,31013.2709,2363.8079,734.9336,665.1270,0.0000,0.0000
34.6000,19.6899,-13.4600,31005.0837,2362.6398,735.3421,666.5472,0.0000,0.0000
34.6167,19.6900,-13.4783,30997.0891,2361.4906,735.7506,667.9674,0.0000,0.0000
34.6333,19.6901,-13.4967,30989.2864,2360.3605,736.1590,669.3876,0.0000,0.0000
34.6500,19.6902,-13.5150,30981.6742,2359.2491,736.5673,670.8078,0.0000,0.0000
34.6667,19.6903,-13.5333,30974.2515,2358.1563,736.9757,672.2280,0.0000,0.0000
34.6833,19.6903,-13.5517,30967.0167,2357.0818,737.3839,673.6482,0.0000,0.0000
34.7000,19.6904,-13.5700,30959.9681,2356.0256,737.7922,675.0684,0.0000,0.0000
34.7167,19.6905,-13.5883,30953.1042,2354.9873,738.2004,676.4886,0.0000,0.0000
34.7333,19.6905,-13.6067,30946.4230,2353.9668,738.6085,677.9088,0.0000,0.0000
34.7500,19.6906,-13.6250,30939.9226,2352.9638,739.0167,679.3290,0.0000,0.0000
34.7667,19.6907,-13.6433,30933.6008,2351.9780,739.4247,680.7492,0.0000,0.0000
34.7833,19.6907,-13.6617,30927.4557,2351.0093,739.8328,682.1694,0.0000,0.0000
34.8000,19.6908,-13.6800,30921.4848,2350.0574,740.2408,683.5896,0.0000,0.0000
34.8167,19.6908,-13.6983,30915.6859,2349.1220,740.6487,685.0098,0.0000,0.0000
34.8333,19.6909,-13.7167,30910.0566,2348.2029,741.0567,686.4300,0.0000,0.0000
34.8500,19.6910,-13.7350,30904.5946,2347.2998,741.4645,687.8502,0.0000,0.0000
34.8667,19.6910,-13.7533,30899.2972,2346.4125,741.8724,689.2704,0.0000,0.0000
34.8833,19.6911,-13.7717,30894.1621,2345.5407,742.2802,690.6906,0.0000,0.0000
34.9000,19.6911,-13.7900,30889.1866,2344.6840,742.6880,692.1108,0.0000,0.0000
34.9167,19.6912,-13.8083,30884.3683,2343.8424,743.0957,693.5310,0.0000,0.0000
34.9333,19.6912,-13.8267,30879.7044,2343.0154,743.5034,694.9512,0.0000,0.0000
34.9500,19.6912,-13.8450,30875.1925,2342.2029,743.9111,696.3714,0.0000,0.0000
34.9667,19.6913,-13.8633,30870.8298,2341.4045,744.3188,697.7916,0.0000,0.0000
34.9833,19.6913,-13.8817,30866.6138,2340.6200,744.7264,699.2118,0.0000,0.0000
35.0000,19.6914,-13.9000,30862.5419,2339.8492,745.1339,700.6320,0.0000,0.0000
35.0167,19.6914,-13.9183,30858.7159,2339.1350,745.5415,700.6320,0.0000,0.0000
35.0333,19.6914,-13.9367,30855.1923,2338.4680,745.9489,700.6320,0.0000,0.0000
35.0500,19.6915,-13.9550,30851.9977,2337.8417,746.3563,700.6320,0.0000,0.0000
35.0667,19.6915,-13.9733,30849.1402,2337.2516,746.7636,700.6320,0.0000,0.0000
35.0833,19.6915,-13.9917,30846.6169,2336.6940,747.1709,700.6320,0.0000,0.0000
35.1000,19.6916,-14.0100,30844.4186,2336.1661,747.5780,700.6320,0.0000,0.0000
35.1167,19.6916,-14.0283,30842.5324,2335.6656,747.9851,700.6320,0.0000,0.0000
35.1333,19.6916,-14.0467,30840.9438,2335.1904,748.3921,700.6320,0.0000,0.0000
35.1500,19.6916,-14.0650,30839.6374,2334.7388,748.7991,700.6320,0.0000,0.0000
35.1667,19.6916,-14.0833,30838.5979,2334.3093,749.2060,700.6320,0.0000,0.0000
35.1833,19.6916,-14.1017,30837.8105,2333.9005,749.6129,700.6320,0.0000,0.0000
35.2000,19.6916,-14.1200,30837.2613,2333.5113,750.0197,700.6320,0.0000,0.0000
35.2167,19.6916,-14.1383,30836.9368,2333.1406,750.4264,700.6320,0.0000,0.0000
35.2333,19.6916,-14.1567,30836.8247,2332.7875,750.8331,700.6320,0.0000,0.0000
35.2500,19.6916,-14.1750,30836.9138,2332.4510,751.2398,700.6320,0.0000,0.0000
35.2667,19.6916,-14.1933,30837.1933,2332.1304,751.6464,700.6320,0.0000,0.0000
35.2833,19.6916,-14.2117,30837.6537,2331.8250,752.0530,700.6320,0.0000,0.0000
35.3000,19.6916,-14.2300,30838.2860,2331.5341,752.4595,700.6320,0.0000,0.0000
35.3167,19.6916,-14.2483,30839.0823,2331.2572,752.8660,700.6320,0.0000,0.0000
35.3333,19.6916,-14.2667,30840.0350,2330.9937,753.2725,700.6320,0.0000,0.0000
35.3500,19.6916,-14.2850,30841.1375,2330.7431,753.6789,700.6320,0.0000,0.0000
35.3667,19.6916,-14.3033,30842.3835,2330.5051,754.0853,700.6320,0.0000,0.0000
35.3833,19.6916,-14.3217,30843.7675,2330.2792,754.4916,700.6320,0.0000,0.0000
35.4000,19.6915,-14.3400,30845.2843,2330.0650,754.8980,700.6320,0.0000,0.0000
35.4167,19.6915,-14.3583,30846.9292,2329.8623,755.3043,700.6320,0.0000,0.0000
35.4333,19.6915,-14.3767,30848.6980,2329.6706,755.7106,700.6320,0.0000,0.0000
35.4500,19.6915,-14.3950,30850.5867,2329.4898,756.1168,700.6320,0.0000,0.0000
35.4667,19.6915,-14.4133,30852.5919,2329.3196,756.5231,700.6320,0.0000,0.0000
35.4833,19.6915,-14.4317,30854.7102,2329.1598,756.9293,700.6320,0.0000,0.0000
35.5000,19.6914,-14.4500,30856.9387,2329.0100,757.3355,700.6320,0.0000,0.0000
35.5167,19.6914,-14.4683,30859.2746,2328.8702,757.7416,700.6320,0.0000,0.0000
35.5333,19.6914,-14.4867,30861.7155,2328.7402,758.1477,700.6320,0.0000,0.0000
35.5500,19.6914,-14.5050,30864.2591,2328.6198,758.5539,700.6320,0.0000,0.0000
35.5667,19.6913,-14.5233,30866.9032,2328.5088,758.9599,700.6320,0.0000,0.0000
35.5833,19.6913,-14.5417,30869.6461,2328.4071,759.3660,700.6320,0.0000,0.0000
35.6000,19.6913,-14.5600,30872.4859,2328.3146,759.7721,700.6320,0.0000,0.0000
35.6167,19.6912,-14.5783,30875.4210,2328.2312,760.1781,700.6320,0.0000,0.0000
35.6333,19.6912,-14.5967,30878.4500,2328.1567,760.5841,700.6320,0.0000,0.0000
35.6500,19.6912,-14.6150,30881.5715,2328.0911,760.9901,700.6320,0.0000,0.0000
35.6667,19.6912,-14.6333,30884.7842,2328.0343,761.3960,700.6320,0.0000,0.0000
35.6833,19.6911,-14.6517,30888.0870,2327.9861,761.8020,700.6320,0.0000,0.0000
35.7000,19.6911,-14.6700,30891.4789,2327.9465,762.2079,700.6320,0.0000,0.0000
35.7167,19.6911,-14.6883,30894.9588,2327.9155,762.6138,700.6320,0.0000,0.0000
35.7333,19.6910,-14.7067,30898.5258,2327.8929,763.0197,700.6320,0.0000,0.0000
35.7500,19.6910,-14.7250,30902.1793,2327.8787,763.4256,700.6320,0.0000,0.0000
35.7667,19.6909,-14.7433,30905.9182,2327.8729,763.8314,700.6320,0.0000,0.0000
35.7833,19.6909,-14.7617,30909.7420,2327.8753,764.2372,700.6320,0.0000,0.0000
35.8000,19.6909,-14.7800,30913.6500,2327.8860,764.6430,700.6320,0.0000,0.0000
35.8167,19.6908,-14.7983,30917.6415,2327.9049,765.0488,700.6320,0.0000,0.0000
35.8333,19.6908,-14.8167,30921.7161,2327.9319,765.4546,700.6320,0.0000,0.0000
35.8500,19.6907,-14.8350,30925.8730,2327.9670,765.8604,700.6320,0.0000,0.0000
35.8667,19.6907,-14.8533,30930.1119,2328.0101,766.2661,700.6320,0.0000,0.0000
35.8833,19.6907,-14.8717,30934.4323,2328.0613,766.6718,700.6320,0.0000,0.0000
35.9000,19.6906,-14.8900,30938.8337,2328.1205,767.0775,700.6320,0.0000,0.0000
35.9167,19.6906,-14.9083,30943.3157,2328.1876,767.4832,700.6320,0.0000,0.0000
35.9333,19.6905,-14.9267,30947.8779,2328.2626,767.8888,700.6320,0.0000,0.0000
35.9500,19.6905,-14.9450,30952.5199,2328.3456,768.2945,700.6320,0.0000,0.0000
35.9667,19.6904,-14.9633,30957.2413,2328.4363,768.7001,700.6320,0.0000,0.0000
35.9833,19.6904,-14.9817,30962.0419,2328.5349,769.1057,700.6320,0.0000,0.0000
36.0000,19.6903,-15.0000,30966.9212,2328.6413,769.5113,700.6320,0.0000,0.0000
36.0167,19.6903,-15.0000,30969.3708,2328.1536,769.5108,699.2118,0.0000,0.0000
36.0333,19.6903,-15.0000,30970.1265,2327.7185,769.5106,697.7916,0.0000,0.0000
36.0500,19.6903,-15.0000,30969.7176,2327.3264,769.5107,696.3714,0.0000,0.0000
36.0667,19.6903,-15.0000,30968.5246,2326.9706,769.5110,694.9512,0.0000,0.0000
36.0833,19.6903,-15.0000,30966.8205,2326.6461,769.5113,693.5310,0.0000,0.0000
36.1000,19.6903,-15.0000,30965.3516,2326.4177,769.5117,692.1108,0.0000,0.0000
36.1167,19.6904,-15.0000,30963.7730,2326.2116,769.5120,690.6906,0.0000,0.0000
36.1333,19.6904,-15.0000,30962.1434,2326.0253,769.5124,689.2704,0.0000,0.0000
36.1500,19.6904,-15.0000,30960.5066,2325.8568,769.5127,687.8502,0.0000,0.0000
36.1667,19.6904,-15.0000,30958.8946,2325.7046,769.5131,686.4300,0.0000,0.0000
36.1833,19.6904,-15.0000,30957.3307,2325.5672,769.5135,685.0098,0.0000,0.0000
36.2000,19.6904,-15.0000,30955.8315,2325.4434,769.5138,683.5896,0.0000,0.0000
36.2167,19.6905,-15.0000,30954.4083,2325.3321,769.5141,682.1694,0.0000,0.0000
36.2333,19.6905,-15.0000,30953.0686,2325.2323,769.5144,680.7492,0.0000,0.0000
36.2500,19.6905,-15.0000,30951.8168,2325.1433,769.5147,679.3290,0.0000,0.0000
36.2667,19.6905,-15.0000,30950.6554,2325.0644,769.5149,677.9088,0.0000,0.0000
36.2833,19.6905,-15.0000,30949.5848,2324.9950,769.5152,676.4886,0.0000,0.0000
36.3000,19.6905,-15.0000,30948.6046,2324.9344,769.5154,675.0684,0.0000,0.0000
36.3167,19.6905,-15.0000,30947.7134,2324.8821,769.5156,673.6482,0.0000,0.0000
36.3333,19.6905,-15.0000,30946.9092,2324.8378,769.5158,672.2280,0.0000,0.0000
36.3500,19.6905,-15.0000,30946.1895,2324.8009,769.5159,670.8078,0.0000,0.0000
36.3667,19.6905,-15.0000,30945.5518,2324.7712,769.5161,669.3876,0.0000,0.0000
36.3833,19.6906,-15.0000,30944.9933,2324.7483,769.5162,667.9674,0.0000,0.0000
36.4000,19.6906,-15.0000,30944.5111,2324.7318,769.5163,666.5472,0.0000,0.0000
36.4167,19.6906,-15.0000,30944.1026,2324.7216,769.5164,665.1270,0.0000,0.0000
36.4333,19.6906,-15.0000,30943.7648,2324.7173,769.5165,663.7068,0.0000,0.0000
36.4500,19.6906,-15.0000,30943.4953,2324.7187,769.5165,662.2866,0.0000,0.0000
36.4667,19.6906,-15.0000,30943.2914,2324.7257,769.5166,660.8664,0.0000,0.0000
36.4833,19.6906,-15.0000,30943.1508,2324.7380,769.5166,659.4462,0.0000,0.0000
36.5000,19.6906,-15.0000,30943.0712,2324.7555,769.5166,658.0260,0.0000,0.0000
36.5167,19.6906,-15.0000,30943.0506,2324.7780,769.5166,656.6058,0.0000,0.0000
36.5333,19.6906,-15.0000,30943.0868,2324.8054,769.5166,655.1856,0.0000,0.0000
36.5500,19.6906,-15.0000,30943.1782,2324.8376,769.5166,653.7654,0.0000,0.0000
36.5667,19.6906,-15.0000,30943.3230,2324.8744,769.5166,652.3452,0.0000,0.0000
36.5833,19.6906,-15.0000,30943.5197,2324.9157,769.5165,650.9250,0.0000,0.0000
36.6000,19.6906,-15.0000,30943.7668,2324.9615,769.5165,649.5048,0.0000,0.0000
36.6167,19.6906,-15.0000,30944.0631,2325.0117,769.5164,648.0846,0.0000,0.0000
36.6333,19.6906,-15.0000,30944.4072,2325.0662,769.5163,646.6644,0.0000,0.0000
36.6500,19.6906,-15.0000,30944.7983,2325.1249,769.5162,645.2442,0.0000,0.0000
36.6667,19.6905,-15.0000,30945.2351,2325.1878,769.5161,643.8240,0.0000,0.0000
36.6833,19.6905,-15.0000,30945.7170,2325.2549,769.5160,642.4038,0.0000,0.0000
36.7000,19.6905,-15.0000,30946.2430,2325.3260,769.5159,640.9836,0.0000,0.0000
36.7167,19.6905,-15.0000,30946.8125,2325.4012,769.5158,639.5634,0.0000,0.0000
36.7333,19.6905,-15.0000,30947.4248,2325.4804,769.5156,638.1432,0.0000,0.0000
36.7500,19.6905,-15.0000,30948.0793,2325.5636,769.5155,636.7230,0.0000,0.0000
36.7667,19.6905,-15.0000,30948.7756,2325.6507,769.5153,635.3028,0.0000,0.0000
36.7833,19.6905,-15.0000,30949.5131,2325.7418,769.5152,633.8826,0.0000,0.0000
36.8000,19.6905,-15.0000,30950.2916,2325.8369,769.5150,632.4624,0.0000,0.0000
36.8167,19.6905,-15.0000,30951.1106,2325.9359,769.5148,631.0422,0.0000,0.0000
36.8333,19.6905,-15.0000,30951.9699,2326.0388,769.5146,629.6220,0.0000,0.0000
36.8500,19.6905,-15.0000,30952.8692,2326.1456,769.5144,628.2018,0.0000,0.0000
36.8667,19.6905,-15.0000,30953.8084,2326.2563,769.5142,626.7816,0.0000,0.0000
36.8833,19.6905,-15.0000,30954.7872,2326.3709,769.5140,625.3614,0.0000,0.0000
36.9000,19.6904,-15.0000,30955.8056,2326.4894,769.5138,623.9412,0.0000,0.0000
36.9167,19.6904,-15.0000,30956.8635,2326.6119,769.5136,622.5210,0.0000,0.0000
36.9333,19.6904,-15.0000,30957.9607,2326.7382,769.5133,621.1008,0.0000,0.0000
36.9500,19.6904,-15.0000,30959.0973,2326.8685,769.5131,619.6806,0.0000,0.0000
36.9667,19.6904,-15.0000,30960.2731,2327.0027,769.5128,618.2604,0.0000,0.0000
36.9833,19.6904,-15.0000,30961.4883,2327.1409,769.5125,616.8402,0.0000,0.0000
37.0000,19.6904,-15.0000,30962.7428,2327.2830,769.5123,615.4200,0.0000,0.0000
37.0167,19.6904,-15.0000,30964.1023,2327.4611,769.5119,612.7374,0.0000,0.0000
37.0333,19.6903,-15.0000,30965.6047,2327.6700,769.5116,610.0548,0.0000,0.0000
37.0500,19.6903,-15.0000,30967.2733,2327.9056,769.5112,607.3722,0.0000,0.0000
37.0667,19.6903,-15.0000,30969.1213,2328.1651,769.5108,604.6896,0.0000,0.0000
37.0833,19.6903,-15.0000,30971.1554,2328.4462,769.5104,602.0070,0.0000,0.0000
37.1000,19.6903,-15.0000,30973.3774,2328.7471,769.5099,599.3244,0.0000,0.0000
37.1167,19.6902,-15.0000,30975.7863,2329.0663,769.5094,596.6418,0.0000,0.0000
37.1333,19.6902,-15.0000,30978.3792,2329.4028,769.5088,593.9592,0.0000,0.0000
37.1500,19.6902,-15.0000,30981.1520,2329.7557,769.5082,591.2766,0.0000,0.0000
37.1667,19.6902,-15.0000,30984.0998,2330.1241,769.5075,588.5940,0.0000,0.0000
37.1833,19.6901,-15.0000,30987.2177,2330.5075,769.5068,585.9114,0.0000,0.0000
37.2000,19.6901,-15.0000,30990.5005,2330.9053,769.5061,583.2288,0.0000,0.0000
37.2167,19.6901,-15.0000,30993.9434,2331.3171,769.5053,580.5462,0.0000,0.0000
37.2333,19.6900,-15.0000,30997.5415,2331.7425,769.5045,577.8636,0.0000,0.0000
37.2500,19.6900,-15.0000,31001.2905,2332.1811,769.5037,575.1810,0.0000,0.0000
37.2667,19.6899,-15.0000,31005.1860,2332.6327,769.5028,572.4984,0.0000,0.0000
37.2833,19.6899,-15.0000,31009.2242,2333.0969,769.5019,569.8158,0.0000,0.0000
37.3000,19.6899,-15.0000,31013.4016,2333.5736,769.5010,567.1332,0.0000,0.0000
37.3167,19.6898,-15.0000,31017.7149,2334.0625,769.5001,564.4506,0.0000,0.0000
37.3333,19.6898,-15.0000,31022.1612,2334.5636,769.4991,561.7680,0.0000,0.0000
37.3500,19.6897,-15.0000,31026.7377,2335.0765,769.4981,559.0854,0.0000,0.0000
37.3667,19.6897,-15.0000,31031.4418,2335.6012,769.4970,556.4028,0.0000,0.0000
37.3833,19.6896,-15.0000,31036.2715,2336.1375,769.4959,553.7202,0.0000,0.0000
37.4000,19.6896,-15.0000,31041.2246,2336.6854,769.4948,551.0376,0.0000,0.0000
37.4167,19.6895,-15.0000,31046.2993,2337.2446,769.4937,548.3550,0.0000,0.0000
37.4333,19.6895,-15.0000,31051.4939,2337.8151,769.4926,545.6724,0.0000,0.0000
37.4500,19.6894,-15.0000,31056.8068,2338.3969,769.4914,542.9898,0.0000,0.0000
37.4667,19.6894,-15.0000,31062.2365,2338.9898,769.4902,540.3072,0.0000,0.0000
37.4833,19.6893,-15.0000,31067.7818,2339.5937,769.4890,537.6246,0.0000,0.0000
37.5000,19.6893,-15.0000,31073.4415,2340.2085,769.4877,534.9420,0.0000,0.0000
37.5167,19.6892,-15.0000,31079.2145,2340.8343,769.4864,532.2594,0.0000,0.0000
37.5333,19.6891,-15.0000,31085.0997,2341.4708,769.4851,529.5768,0.0000,0.0000
37.5500,19.6891,-15.0000,31091.0962,2342.1181,769.4838,526.8942,0.0000,0.0000
37.5667,19.6890,-15.0000,31097.2030,2342.7761,769.4824,524.2116,0.0000,0.0000
37.5833,19.6890,-15.0000,31103.4194,2343.4448,769.4810,521.5290,0.0000,0.0000
37.6000,19.6889,-15.0000,31109.7445,2344.1239,769.4796,518.8464,0.0000,0.0000
37.6167,19.6888,-15.0000,31116.1776,2344.8136,769.4782,516.1638,0.0000,0.0000
37.6333,19.6888,-15.0000,31122.7179,2345.5138,769.4768,513.4812,0.0000,0.0000
37.6500,19.6887,-15.0000,31129.3648,2346.2243,769.4753,510.7986,0.0000,0.0000
37.6667,19.6886,-15.0000,31136.1176,2346.9452,769.4738,508.1160,0.0000,0.0000
37.6833,19.6886,-15.0000,31142.9758,2347.6764,769.4723,505.4334,0.0000,0.0000
37.7000,19.6885,-15.0000,31149.9386,2348.4178,769.4707,502.7508,0.0000,0.0000
37.7167,19.6884,-15.0000,31157.0054,2349.1693,769.4692,500.0682,0.0000,0.0000
37.7333,19.6884,-15.0000,31164.1758,2349.9310,769.4676,497.3856,0.0000,0.0000
37.7500,19.6883,-15.0000,31171.4490,2350.7028,769.4660,494.7030,0.0000,0.0000
37.7667,19.6882,-15.0000,31178.8247,2351.4846,769.4643,492.0204,0.0000,0.0000
37.7833,19.6881,-15.0000,31186.3021,2352.2764,769.4627,489.3378,0.0000,0.0000
37.8000,19.6881,-15.0000,31193.8808,2353.0781,769.4610,486.6552,0.0000,0.0000
37.8167,19.6880,-15.0000,31201.5601,2353.8897,769.4593,483.9726,0.0000,0.0000
37.8333,19.6879,-15.0000,31209.3397,2354.7111,769.4576,481.2900,0.0000,0.0000
37.8500,19.6878,-15.0000,31217.2189,2355.5422,769.4558,478.6074,0.0000,0.0000
37.8667,19.6877,-15.0000,31225.1973,2356.3831,769.4540,475.9248,0.0000,0.0000
37.8833,19.6877,-15.0000,31233.2742,2357.2336,769.4522,473.2422,0.0000,0.0000
37.9000,19.6876,-15.0000,31241.4492,2358.0938,769.4504,470.5596,0.0000,0.0000
37.9167,19.6875,-15.0000,31249.7217,2358.9635,769.4486,467.8770,0.0000,0.0000
37.9333,19.6874,-15.0000,31258.0913,2359.8427,769.4467,465.1944,0.0000,0.0000
37.9500,19.6873,-15.0000,31266.5573,2360.7313,769.4449,462.5118,0.0000,0.0000
37.9667,19.6872,-15.0000,31275.1193,2361.6294,769.4430,459.8292,0.0000,0.0000
37.9833,19.6872,-15.0000,31283.7767,2362.5367,769.4410,457.1466,0.0000,0.0000
38.0000,19.6871,-15.0000,31292.5291,2363.4534,769.4391,454.4640,0.0000,0.0000
38.0167,19.6870,-15.0183,31303.4340,2365.0496,769.8434,450.9924,0.0000,0.0000
38.0333,19.6868,-15.0367,31320.3587,2366.9420,770.2463,447.5208,0.0000,0.0000
38.0500,19.6866,-15.0550,31338.7843,2368.8359,770.6489,444.0492,0.0000,0.0000
38.0667,19.6864,-15.0733,31358.3522,2370.7361,771.0512,440.5776,0.0000,0.0000
38.0833,19.6862,-15.0917,31378.8014,2372.6457,771.4533,437.1060,0.0000,0.0000
38.1000,19.6860,-15.1100,31399.9417,2374.5671,771.8553,433.6344,0.0000,0.0000
38.1167,19.6858,-15.1283,31421.6347,2376.5021,772.2572,430.1628,0.0000,0.0000
38.1333,19.6856,-15.1467,31443.7801,2378.4520,772.6590,426.6912,0.0000,0.0000
38.1500,19.6853,-15.1650,31466.3052,2380.4182,773.0606,423.2196,0.0000,0.0000
38.1667,19.6851,-15.1833,31489.1577,2382.4013,773.4622,419.7480,0.0000,0.0000
38.1833,19.6849,-15.2017,31512.3003,2384.4022,773.8638,416.2764,0.0000,0.0000
38.2000,19.6846,-15.2200,31535.7064,2386.4216,774.2653,412.8048,0.0000,0.0000
38.2167,19.6844,-15.2383,31559.3576,2388.4599,774.6667,409.3332,0.0000,0.0000
38.2333,19.6842,-15.2567,31583.2408,2390.5175,775.0681,405.8616,0.0000,0.0000
38.2500,19.6839,-15.2750,31607.3475,2392.5950,775.4694,402.3900,0.0000,0.0000
38.2667,19.6837,-15.2933,31631.6716,2394.6924,775.8707,398.9184,0.0000,0.0000
38.2833,19.6834,-15.3117,31656.2096,2396.8102,776.2719,395.4468,0.0000,0.0000
38.3000,19.6832,-15.3300,31680.9590,2398.9485,776.6731,391.9752,0.0000,0.0000
38.3167,19.6829,-15.3483,31705.9185,2401.1074,777.0742,388.5036,0.0000,0.0000
38.3333,19.6827,-15.3667,31731.0875,2403.2871,777.4753,385.0320,0.0000,0.0000
38.3500,19.6824,-15.3850,31756.4655,2405.4876,777.8764,381.5604,0.0000,0.0000
38.3667,19.6822,-15.4033,31782.0526,2407.7091,778.2774,378.0888,0.0000,0.0000
38.3833,19.6819,-15.4217,31807.8485,2409.9515,778.6783,374.6172,0.0000,0.0000
38.4000,19.6817,-15.4400,31833.8534,2412.2149,779.0792,371.1456,0.0000,0.0000
38.4167,19.6814,-15.4583,31860.0672,2414.4991,779.4801,367.6740,0.0000,0.0000
38.4333,19.6811,-15.4767,31886.4896,2416.8042,779.8809,364.2024,0.0000,0.0000
38.4500,19.6809,-15.4950,31913.1204,2419.1301,780.2817,360.7308,0.0000,0.0000
38.4667,19.6806,-15.5133,31939.9591,2421.4767,780.6824,357.2592,0.0000,0.0000
38.4833,19.6803,-15.5317,31967.0052,2423.8439,781.0831,353.7876,0.0000,0.0000
38.5000,19.6801,-15.5500,31994.2579,2426.2316,781.4837,350.3160,0.0000,0.0000
38.5167,19.6798,-15.5683,32021.7163,2428.6396,781.8843,346.8444,0.0000,0.0000
38.5333,19.6795,-15.5867,32049.3795,2431.0678,782.2848,343.3728,0.0000,0.0000
38.5500,19.6792,-15.6050,32077.2463,2433.5161,782.6853,339.9012,0.0000,0.0000
38.5667,19.6789,-15.6233,32105.3155,2435.9843,783.0858,336.4296,0.0000,0.0000
38.5833,19.6787,-15.6417,32133.5856,2438.4723,783.4862,332.9580,0.0000,0.0000
38.6000,19.6784,-15.6600,32162.0551,2440.9797,783.8865,329.4864,0.0000,0.0000
38.6167,19.6781,-15.6783,32190.7225,2443.5065,784.2869,326.0148,0.0000,0.0000
38.6333,19.6778,-15.6967,32219.5862,2446.0524,784.6871,322.5432,0.0000,0.0000
38.6500,19.6775,-15.7150,32248.6442,2448.6173,785.0874,319.0716,0.0000,0.0000
38.6667,19.6772,-15.7333,32277.8948,2451.2010,785.4875,315.6000,0.0000,0.0000
38.6833,19.6769,-15.7517,32307.3362,2453.8031,785.8877,312.1284,0.0000,0.0000
38.7000,19.6766,-15.7700,32336.9662,2456.4236,786.2878,308.6568,0.0000,0.0000
38.7167,19.6763,-15.7883,32366.7829,2459.0621,786.6878,305.1852,0.0000,0.0000
38.7333,19.6760,-15.8067,32396.7842,2461.7186,787.0879,301.7136,0.0000,0.0000
38.7500,19.6757,-15.8250,32426.9680,2464.3926,787.4879,298.2420,0.0000,0.0000
38.7667,19.6754,-15.8433,32457.3321,2467.0841,787.8878,294.7704,0.0000,0.0000
38.7833,19.6751,-15.8617,32487.8744,2469.7928,788.2877,291.2988,0.0000,0.0000
38.8000,19.6748,-15.8800,32518.5926,2472.5184,788.6876,287.8272,0.0000,0.0000
38.8167,19.6745,-15.8983,32549.4846,2475.2608,789.0874,284.3556,0.0000,0.0000
38.8333,19.6742,-15.9167,32580.5480,2478.0196,789.4872,280.8840,0.0000,0.0000
38.8500,19.6739,-15.9350,32611.7807,2480.7948,789.8869,277.4124,0.0000,0.0000
38.8667,19.6736,-15.9533,32643.1802,2483.5859,790.2866,273.9408,0.0000,0.0000
38.8833,19.6733,-15.9717,32674.7444,2486.3929,790.6863,270.4692,0.0000,0.0000
38.9000,19.6729,-15.9900,32706.4710,2489.2154,791.0859,266.9976,0.0000,0.0000
38.9167,19.6726,-16.0083,32738.3576,2492.0533,791.4855,263.5260,0.0000,0.0000
38.9333,19.6723,-16.0267,32770.4019,2494.9063,791.8851,260.0544,0.0000,0.0000
38.9500,19.6720,-16.0450,32802.6018,2497.7742,792.2846,256.5828,0.0000,0.0000
38.9667,19.6717,-16.0633,32834.9548,2500.6567,792.6841,253.1112,0.0000,0.0000
38.9833,19.6713,-16.0817,32867.4588,2503.5537,793.0836,249.6396,0.0000,0.0000
39.0000,19.6710,-16.1000,32900.1114,2506.4649,793.4830,246.1680,0.0000,0.0000
39.0167,19.6707,-16.1183,32932.9222,2509.3949,793.8824,242.5386,0.0000,0.0000
39.0333,19.6703,-16.1367,32965.8956,2512.3425,794.2818,238.9092,0.0000,0.0000
39.0500,19.6700,-16.1550,32999.0332,2515.3070,794.6811,235.2798,0.0000,0.0000
39.0667,19.6697,-16.1733,33032.3345,2518.2879,795.0804,231.6504,0.0000,0.0000
39.0833,19.6693,-16.1917,33065.7986,2521.2847,795.4797,228.0210,0.0000,0.0000
39.1000,19.6690,-16.2100,33099.4241,2524.2973,795.8789,224.3916,0.0000,0.0000
39.1167,19.6687,-16.2283,33133.2097,2527.3255,796.2781,220.7622,0.0000,0.0000
39.1333,19.6683,-16.2467,33167.1542,2530.3693,796.6772,217.1328,0.0000,0.0000
39.1500,19.6680,-16.2650,33201.2567,2533.4286,797.0763,213.5034,0.0000,0.0000
39.1667,19.6676,-16.2833,33235.5163,2536.5034,797.4754,209.8740,0.0000,0.0000
39.1833,19.6673,-16.3017,33269.9325,2539.5938,797.8744,206.2446,0.0000,0.0000
39.2000,19.6670,-16.3200,33304.5048,2542.6996,798.2734,202.6152,0.0000,0.0000
39.2167,19.6666,-16.3383,33339.2328,2545.8210,798.6724,198.9858,0.0000,0.0000
39.2333,19.6663,-16.3567,33374.1161,2548.9578,799.0713,195.3564,0.0000,0.0000
39.2500,19.6659,-16.3750,33409.1545,2552.1100,799.4702,191.7270,0.0000,0.0000
39.2667,19.6656,-16.3933,33444.3476,2555.2776,799.8691,188.0976,0.0000,0.0000
39.2833,19.6652,-16.4117,33479.6950,2558.4606,800.2679,184.4682,0.0000,0.0000
39.3000,19.6648,-16.4300,33515.1963,2561.6589,800.6667,180.8388,0.0000,0.0000
39.3167,19.6645,-16.4483,33550.8510,2564.8724,801.0655,177.2094,0.0000,0.0000
39.3333,19.6641,-16.4667,33586.6585,2568.1011,801.4642,173.5800,0.0000,0.0000
39.3500,19.6638,-16.4850,33622.6182,2571.3448,801.8629,169.9506,0.0000,0.0000
39.3667,19.6634,-16.5033,33658.7294,2574.6034,802.2616,166.3212,0.0000,0.0000
39.3833,19.6631,-16.5217,33694.9912,2577.8769,802.6602,162.6918,0.0000,0.0000
39.4000,19.6627,-16.5400,33731.4026,2581.1651,803.0588,159.0624,0.0000,0.0000
39.4167,19.6623,-16.5583,33767.9628,2584.4680,803.4574,155.4330,0.0000,0.0000
39.4333,19.6620,-16.5767,33804.6706,2587.7852,803.8559,151.8036,0.0000,0.0000
39.4500,19.6616,-16.5950,33841.5248,2591.1168,804.2544,148.1742,0.0000,0.0000
39.4667,19.6612,-16.6133,33878.5243,2594.4626,804.6529,144.5448,0.0000,0.0000
39.4833,19.6608,-16.6317,33915.6676,2597.8224,805.0513,140.9154,0.0000,0.0000
39.5000,19.6605,-16.6500,33952.9535,2601.1961,805.4497,137.2860,0.0000,0.0000
39.5167,19.6601,-16.6683,33990.3804,2604.5834,805.8481,133.6566,0.0000,0.0000
39.5333,19.6597,-16.6867,34027.9470,2607.9843,806.2465,130.0272,0.0000,0.0000
39.5500,19.6593,-16.7050,34065.6515,2611.3986,806.6448,126.3978,0.0000,0.0000
39.5667,19.6590,-16.7233,34103.4924,2614.8260,807.0431,122.7684,0.0000,0.0000
39.5833,19.6586,-16.7417,34141.4681,2618.2664,807.4413,119.1390,0.0000,0.0000
39.6000,19.6582,-16.7600,34179.5769,2621.7196,807.8395,115.5096,0.0000,0.0000
39.6167,19.6578,-16.7783,34217.8170,2625.1855,808.2377,111.8802,0.0000,0.0000
39.6333,19.6574,-16.7967,34256.1866,2628.6638,808.6359,108.2508,0.0000,0.0000
39.6500,19.6571,-16.8150,34294.6839,2632.1544,809.0340,104.6214,0.0000,0.0000
39.6667,19.6567,-16.8333,34333.3072,2635.6570,809.4321,100.9920,0.0000,0.0000
39.6833,19.6563,-16.8517,34372.0545,2639.1715,809.8302,97.3626,0.0000,0.0000
39.7000,19.6559,-16.8700,34410.9240,2642.6976,810.2283,93.7332,0.0000,0.0000
39.7167,19.6555,-16.8883,34449.9137,2646.2353,810.6263,90.1038,0.0000,0.0000
39.7333,19.6551,-16.9067,34489.0218,2649.7842,811.0243,86.4744,0.0000,0.0000
39.7500,19.6547,-16.9250,34528.2464,2653.3442,811.4223,82.8450,0.0000,0.0000
39.7667,19.6543,-16.9433,34567.5854,2656.9150,811.8202,79.2156,0.0000,0.0000
39.7833,19.6539,-16.9617,34607.0369,2660.4966,812.2181,75.5862,0.0000,0.0000
39.8000,19.6535,-16.9800,34646.5991,2664.0886,812.6160,71.9568,0.0000,0.0000
39.8167,19.6531,-16.9983,34686.2698,2667.6910,813.0139,68.3274,0.0000,0.0000
39.8333,19.6527,-17.0167,34726.0472,2671.3034,813.4118,64.6980,0.0000,0.0000
39.8500,19.6523,-17.0350,34765.9293,2674.9257,813.8096,61.0686,0.0000,0.0000
39.8667,19.6519,-17.0533,34805.9141,2678.5577,814.2074,57.4392,0.0000,0.0000
39.8833,19.6515,-17.0717,34845.9996,2682.1992,814.6052,53.8098,0.0000,0.0000
39.9000,19.6511,-17.0900,34886.1839,2685.8499,815.0029,50.1804,0.0000,0.0000
39.9167,19.6507,-17.1083,34926.4650,2689.5098,815.4007,46.5510,0.0000,0.0000
39.9333,19.6503,-17.1267,34966.8410,2693.1786,815.7984,42.9216,0.0000,0.0000
39.9500,19.6499,-17.1450,35007.3098,2696.8561,816.1961,39.2922,0.0000,0.0000
39.9667,19.6495,-17.1633,35047.8696,2700.5422,816.5938,35.6628,0.0000,0.0000
39.9833,19.6491,-17.1817,35088.5183,2704.2365,816.9914,32.0334,0.0000,0.0000
40.0000,19.6487,-17.2000,35129.2541,2707.9390,817.3891,28.4040,0.0000,0.0000
40.0167,19.6483,-17.2100,35168.6726,2711.2674,817.6022,27.9306,0.0000,0.0000
40.0333,19.6479,-17.2200,35206.9589,2714.5387,817.8155,27.4572,0.0000,0.0000
40.0500,19.6476,-17.2300,35244.2802,2717.7642,818.0290,26.9838,0.0000,0.0000
40.0667,19.6472,-17.2400,35280.7811,2720.9513,818.2428,26.5104,0.0000,0.0000
40.0833,19.6468,-17.2500,35316.5833,2724.1055,818.4566,26.0370,0.0000,0.0000
40.1000,19.6465,-17.2600,35351.7881,2727.2304,818.6707,25.5636,0.0000,0.0000
40.1167,19.6461,-17.2700,35386.4782,2730.3290,818.8848,25.0902,0.0000,0.0000
40.1333,19.6458,-17.2800,35420.7215,2733.4033,819.0990,24.6168,0.0000,0.0000
40.1500,19.6455,-17.2900,35454.5727,2736.4549,819.3133,24.1434,0.0000,0.0000
40.1667,19.6451,-17.3000,35488.0763,2739.4852,819.5277,23.6700,0.0000,0.0000
40.1833,19.6448,-17.3100,35521.2683,2742.4951,819.7422,23.1966,0.0000,0.0000
40.2000,19.6445,-17.3200,35554.1776,2745.4855,819.9567,22.7232,0.0000,0.0000
40.2167,19.6441,-17.3300,35586.8277,2748.4570,820.1713,22.2498,0.0000,0.0000
40.2333,19.6438,-17.3400,35619.2376,2751.4102,820.3859,21.7764,0.0000,0.0000
40.2500,19.6435,-17.3500,35651.4227,2754.3456,820.6006,21.3030,0.0000,0.0000
40.2667,19.6432,-17.3600,35683.3954,2757.2634,820.8153,20.8296,0.0000,0.0000
40.2833,19.6428,-17.3700,35715.1660,2760.1641,821.0301,20.3562,0.0000,0.0000
40.3000,19.6425,-17.3800,35746.7427,2763.0479,821.2449,19.8828,0.0000,0.0000
40.3167,19.6422,-17.3900,35778.1324,2765.9150,821.4598,19.4094,0.0000,0.0000
40.3333,19.6419,-17.4000,35809.3408,2768.7656,821.6747,18.9360,0.0000,0.0000
40.3500,19.6416,-17.4100,35840.3725,2771.6000,821.8896,18.4626,0.0000,0.0000
40.3667,19.6413,-17.4200,35871.2314,2774.4182,822.1046,17.9892,0.0000,0.0000
40.3833,19.6410,-17.4300,35901.9209,2777.2205,822.3196,17.5158,0.0000,0.0000
40.4000,19.6407,-17.4400,35932.4438,2780.0069,822.5347,17.0424,0.0000,0.0000
40.4167,19.6404,-17.4500,35962.8025,2782.7776,822.7498,16.5690,0.0000,0.0000
40.4333,19.6401,-17.4600,35992.9992,2785.5327,822.9649,16.0956,0.0000,0.0000
40.4500,19.6398,-17.4700,36023.0358,2788.2724,823.1800,15.6222,0.0000,0.0000
40.4667,19.6395,-17.4800,36052.9140,2790.9967,823.3952,15.1488,0.0000,0.0000
40.4833,19.6392,-17.4900,36082.6355,2793.7058,823.6105,14.6754,0.0000,0.0000
40.5000,19.6389,-17.5000,36112.2016,2796.3998,823.8257,14.2020,0.0000,0.0000
40.5167,19.6386,-17.5100,36141.6139,2799.0787,824.0410,13.7286,0.0000,0.0000
40.5333,19.6383,-17.5200,36170.8736,2801.7428,824.2564,13.2552,0.0000,0.0000
40.5500,19.6380,-17.5300,36199.9821,2804.3922,824.4717,12.7818,0.0000,0.0000
40.5667,19.6377,-17.5400,36228.9406,2807.0269,824.6871,12.3084,0.0000,0.0000
40.5833,19.6374,-17.5500,36257.7504,2809.6471,824.9026,11.8350,0.0000,0.0000
40.6000,19.6371,-17.5600,36286.4128,2812.2529,825.1180,11.3616,0.0000,0.0000
40.6167,19.6369,-17.5700,36314.9291,2814.8444,825.3335,10.8882,0.0000,0.0000
40.6333,19.6366,-17.5800,36343.3004,2817.4218,825.5491,10.4148,0.0000,0.0000
40.6500,19.6363,-17.5900,36371.5281,2819.9852,825.7646,9.9414,0.0000,0.0000
40.6667,19.6360,-17.6000,36399.6134,2822.5347,825.9802,9.4680,0.0000,0.0000
40.6833,19.6357,-17.6100,36427.5577,2825.0705,826.1958,8.9946,0.0000,0.0000
40.7000,19.6354,-17.6200,36455.3622,2827.5926,826.4115,8.5212,0.0000,0.0000
40.7167,19.6352,-17.6300,36483.0283,2830.1013,826.6272,8.0478,0.0000,0.0000
40.7333,19.6349,-17.6400,36510.5572,2832.5967,826.8429,7.5744,0.0000,0.0000
40.7500,19.6346,-17.6500,36537.9504,2835.0789,827.0586,7.1010,0.0000,0.0000
40.7667,19.6343,-17.6600,36565.2092,2837.5479,827.2744,6.6276,0.0000,0.0000
40.7833,19.6341,-17.6700,36592.3350,2840.0041,827.4902,6.1542,0.0000,0.0000
40.8000,19.6338,-17.6800,36619.3290,2842.4475,827.7061,5.6808,0.0000,0.0000
40.8167,19.6335,-17.6900,36646.1928,2844.8783,827.9219,5.2074,0.0000,0.0000
40.8333,19.6333,-17.7000,36672.9276,2847.2965,828.1378,4.7340,0.0000,0.0000
40.8500,19.6330,-17.7100,36699.5348,2849.7024,828.3537,4.2606,0.0000,0.0000
40.8667,19.6327,-17.7200,36726.0159,2852.0961,828.5697,3.7872,0.0000,0.0000
40.8833,19.6325,-17.7300,36752.3722,2854.4777,828.7857,3.3138,0.0000,0.0000
40.9000,19.6322,-17.7400,36778.6052,2856.8474,829.0017,2.8404,0.0000,0.0000
40.9167,19.6320,-17.7500,36804.7161,2859.2052,829.2177,2.3670,0.0000,0.0000
40.9333,19.6317,-17.7600,36830.7065,2861.5514,829.4338,1.8936,0.0000,0.0000
40.9500,19.6314,-17.7700,36856.5776,2863.8860,829.6498,1.4202,0.0000,0.0000
40.9667,19.6312,-17.7800,36882.3308,2866.2093,829.8659,0.9468,0.0000,0.0000
40.9833,19.6309,-17.7900,36907.9676,2868.5213,830.0821,0.4734,0.0000,0.0000
41.0000,19.6307,-17.8000,36927.0670,2870.3844,830.2997,0.0000,0.0000,0.0000
41.0167,19.6305,-17.8000,36945.3574,2871.8759,830.2956,0.0000,0.0000,0.0000
41.0333,19.6304,-17.8000,36962.9732,2873.3566,830.2917,0.0000,0.0000,0.0000
41.0500,19.6302,-17.8000,36980.0244,2874.8272,830.2879,0.0000,0.0000,0.0000
41.0667,19.6300,-17.8000,36996.6002,2876.2879,830.2842,0.0000,0.0000,0.0000
41.0833,19.6299,-17.8000,37012.7734,2877.7391,830.2807,0.0000,0.0000,0.0000
41.1000,19.6297,-17.8000,37028.6029,2879.1807,830.2771,0.0000,0.0000,0.0000
41.1167,19.6296,-17.8000,37044.1365,2880.6129,830.2737,0.0000,0.0000,0.0000
41.1333,19.6294,-17.8000,37059.4129,2882.0357,830.2703,0.0000,0.0000,0.0000
41.1500,19.6293,-17.8000,37074.4632,2883.4491,830.2670,0.0000,0.0000,0.0000
41.1667,19.6291,-17.8000,37089.3127,2884.8530,830.2637,0.0000,0.0000,0.0000
41.1833,19.6290,-17.8000,37103.9818,2886.2474,830.2604,0.0000,0.0000,0.0000
41.2000,19.6288,-17.8000,37118.4867,2887.6324,830.2572,0.0000,0.0000,0.0000
41.2167,19.6287,-17.8000,37132.8406,2889.0077,830.2540,0.0000,0.0000,0.0000
41.2333,19.6285,-17.8000,37147.0542,2890.3735,830.2509,0.0000,0.0000,0.0000
41.2500,19.6284,-17.8000,37161.1358,2891.7296,830.2477,0.0000,0.0000,0.0000
41.2667,19.6282,-17.8000,37175.0923,2893.0761,830.2446,0.0000,0.0000,0.0000
41.2833,19.6281,-17.8000,37188.9290,2894.4128,830.2416,0.0000,0.0000,0.0000
41.3000,19.6280,-17.8000,37202.6504,2895.7399,830.2385,0.0000,0.0000,0.0000
41.3167,19.6278,-17.8000,37216.2599,2897.0572,830.2355,0.0000,0.0000,0.0000
41.3333,19.6277,-17.8000,37229.7603,2898.3647,830.2325,0.0000,0.0000,0.0000
41.3500,19.6276,-17.8000,37243.1538,2899.6625,830.2296,0.0000,0.0000,0.0000
41.3667,19.6274,-17.8000,37256.4422,2900.9505,830.2266,0.0000,0.0000,0.0000
41.3833,19.6273,-17.8000,37269.6269,2902.2287,830.2237,0.0000,0.0000,0.0000
41.4000,19.6272,-17.8000,37282.7091,2903.4971,830.2208,0.0000,0.0000,0.0000
41.4167,19.6270,-17.8000,37295.6898,2904.7558,830.2179,0.0000,0.0000,0.0000
41.4333,19.6269,-17.8000,37308.5699,2906.0047,830.2150,0.0000,0.0000,0.0000
41.4500,19.6268,-17.8000,37321.3498,2907.2439,830.2122,0.0000,0.0000,0.0000
41.4667,19.6267,-17.8000,37334.0304,2908.4734,830.2094,0.0000,0.0000,0.0000
41.4833,19.6265,-17.8000,37346.6120,2909.6931,830.2066,0.0000,0.0000,0.0000
41.5000,19.6264,-17.8000,37359.0952,2910.9032,830.2038,0.0000,0.0000,0.0000
41.5167,19.6263,-17.8000,37371.4804,2912.1037,830.2011,0.0000,0.0000,0.0000
41.5333,19.6262,-17.8000,37383.7680,2913.2946,830.1984,0.0000,0.0000,0.0000
41.5500,19.6260,-17.8000,37395.9586,2914.4759,830.1957,0.0000,0.0000,0.0000
41.5667,19.6259,-17.8000,37408.0524,2915.6477,830.1930,0.0000,0.0000,0.0000
41.5833,19.6258,-17.8000,37420.0499,2916.8101,830.1903,0.0000,0.0000,0.0000
41.6000,19.6257,-17.8000,37431.9516,2917.9630,830.1877,0.0000,0.0000,0.0000
41.6167,19.6256,-17.8000,37443.7578,2919.1065,830.1851,0.0000,0.0000,0.0000
41.6333,19.6254,-17.8000,37455.4692,2920.2407,830.1825,0.0000,0.0000,0.0000
41.6500,19.6253,-17.8000,37467.0861,2921.3657,830.1799,0.0000,0.0000,0.0000
41.6667,19.6252,-17.8000,37478.6090,2922.4814,830.1773,0.0000,0.0000,0.0000
41.6833,19.6251,-17.8000,37490.0385,2923.5880,830.1748,0.0000,0.0000,0.0000
41.7000,19.6250,-17.8000,37501.3751,2924.6855,830.1723,0.0000,0.0000,0.0000
41.7167,19.6249,-17.8000,37512.6193,2925.7739,830.1698,0.0000,0.0000,0.0000
41.7333,19.6248,-17.8000,37523.7717,2926.8534,830.1673,0.0000,0.0000,0.0000
41.7500,19.6247,-17.8000,37534.8330,2927.9240,830.1649,0.0000,0.0000,0.0000
41.7667,19.6245,-17.8000,37545.8036,2928.9858,830.1624,0.0000,0.0000,0.0000
41.7833,19.6244,-17.8000,37556.6843,2930.0388,830.1600,0.0000,0.0000,0.0000
41.8000,19.6243,-17.8000,37567.4756,2931.0832,830.1576,0.0000,0.0000,0.0000
41.8167,19.6242,-17.8000,37578.1782,2932.1189,830.1552,0.0000,0.0000,0.0000
41.8333,19.6241,-17.8000,37588.7928,2933.1460,830.1529,0.0000,0.0000,0.0000
41.8500,19.6240,-17.8000,37599.3200,2934.1647,830.1505,0.0000,0.0000,0.0000
41.8667,19.6239,-17.8000,37609.7605,2935.1750,830.1482,0.0000,0.0000,0.0000
41.8833,19.6238,-17.8000,37620.1150,2936.1769,830.1459,0.0000,0.0000,0.0000
41.9000,19.6237,-17.8000,37630.3842,2937.1706,830.1437,0.0000,0.0000,0.0000
41.9167,19.6236,-17.8000,37640.5688,2938.1561,830.1414,0.0000,0.0000,0.0000
41.9333,19.6235,-17.8000,37650.6695,2939.1334,830.1392,0.0000,0.0000,0.0000
41.9500,19.6234,-17.8000,37660.6871,2940.1028,830.1369,0.0000,0.0000,0.0000
41.9667,19.6233,-17.8000,37670.6222,2941.0642,830.1347,0.0000,0.0000,0.0000
41.9833,19.6232,-17.8000,37680.4756,2942.0177,830.1325,0.0000,0.0000,0.0000
42.0000,19.6231,-17.8000,37690.2481,2942.9634,830.1304,0.0000,0.0000,0.0000
42.0167,19.6230,-17.8083,37700.8582,2944.1974,830.3129,0.0000,0.0000,0.0000
42.0333,19.6229,-17.8167,37712.1254,2945.4206,830.4952,0.0000,0.0000,0.0000
42.0500,19.6228,-17.8250,37723.9050,2946.6340,830.6775,0.0000,0.0000,0.0000
42.0667,19.6226,-17.8333,37736.0814,2947.8382,830.8596,0.0000,0.0000,0.0000
42.0833,19.6225,-17.8417,37748.5623,2949.0337,831.0417,0.0000,0.0000,0.0000
42.1000,19.6224,-17.8500,37761.2739,2950.2211,831.2237,0.0000,0.0000,0.0000
42.1167,19.6223,-17.8583,37774.1574,2951.4007,831.4057,0.0000,0.0000,0.0000
42.1333,19.6221,-17.8667,37787.1659,2952.5731,831.5877,0.0000,0.0000,0.0000
42.1500,19.6220,-17.8750,37800.2622,2953.7385,831.7696,0.0000,0.0000,0.0000
42.1667,19.6219,-17.8833,37813.4169,2954.8972,831.9516,0.0000,0.0000,0.0000
42.1833,19.6217,-17.8917,37826.6065,2956.0495,832.1335,0.0000,0.0000,0.0000
42.2000,19.6216,-17.9000,37839.8128,2957.1956,832.3154,0.0000,0.0000,0.0000
42.2167,19.6215,-17.9083,37853.0212,2958.3359,832.4974,0.0000,0.0000,0.0000
42.2333,19.6213,-17.9167,37866.2206,2959.4705,832.6793,0.0000,0.0000,0.0000
42.2500,19.6212,-17.9250,37879.4022,2960.5996,832.8612,0.0000,0.0000,0.0000
42.2667,19.6211,-17.9333,37892.5594,2961.7234,833.0431,0.0000,0.0000,0.0000
42.2833,19.6209,-17.9417,37905.6869,2962.8421,833.2251,0.0000,0.0000,0.0000
42.3000,19.6208,-17.9500,37918.7810,2963.9557,833.4070,0.0000,0.0000,0.0000
42.3167,19.6207,-17.9583,37931.8390,2965.0646,833.5890,0.0000,0.0000,0.0000
42.3333,19.6206,-17.9667,37944.8587,2966.1688,833.7709,0.0000,0.0000,0.0000
42.3500,19.6204,-17.9750,37957.8389,2967.2684,833.9529,0.0000,0.0000,0.0000
42.3667,19.6203,-17.9833,37970.7787,2968.3636,834.1349,0.0000,0.0000,0.0000
42.3833,19.6202,-17.9917,37983.6776,2969.4545,834.3169,0.0000,0.0000,0.0000
42.4000,19.6200,-18.0000,37996.5354,2970.5412,834.4989,0.0000,0.0000,0.0000
42.4167,19.6199,-18.0083,38009.3522,2971.6238,834.6809,0.0000,0.0000,0.0000
42.4333,19.6198,-18.0167,38022.1281,2972.7024,834.8629,0.0000,0.0000,0.0000
42.4500,19.6197,-18.0250,38034.8637,2973.7771,835.0449,0.0000,0.0000,0.0000
42.4667,19.6195,-18.0333,38047.5592,2974.8479,835.2270,0.0000,0.0000,0.0000
42.4833,19.6194,-18.0417,38060.2152,2975.9150,835.4090,0.0000,0.0000,0.0000
42.5000,19.6193,-18.0500,38072.8324,2976.9785,835.5911,0.0000,0.0000,0.0000
42.5167,19.6191,-18.0583,38085.4112,2978.0384,835.7731,0.0000,0.0000,0.0000
42.5333,19.6190,-18.0667,38097.9523,2979.0947,835.9552,0.0000,0.0000,0.0000
42.5500,19.6189,-18.0750,38110.4564,2980.1476,836.1373,0.0000,0.0000,0.0000
42.5667,19.6188,-18.0833,38122.9240,2981.1971,836.3194,0.0000,0.0000,0.0000
42.5833,19.6186,-18.0917,38135.3557,2982.2432,836.5015,0.0000,0.0000,0.0000
42.6000,19.6185,-18.1000,38147.7522,2983.2860,836.6836,0.0000,0.0000,0.0000
42.6167,19.6184,-18.1083,38160.1140,2984.3257,836.8657,0.0000,0.0000,0.0000
42.6333,19.6183,-18.1167,38172.4417,2985.3621,837.0478,0.0000,0.0000,0.0000
42.6500,19.6182,-18.1250,38184.7357,2986.3954,837.2299,0.0000,0.0000,0.0000
42.6667,19.6180,-18.1333,38196.9967,2987.4255,837.4121,0.0000,0.0000,0.0000
42.6833,19.6179,-18.1417,38209.2250,2988.4527,837.5942,0.0000,0.0000,0.0000
42.7000,19.6178,-18.1500,38221.4212,2989.4767,837.7764,0.0000,0.0000,0.0000
42.7167,19.6177,-18.1583,38233.5857,2990.4978,837.9585,0.0000,0.0000,0.0000
42.7333,19.6175,-18.1667,38245.7189,2991.5160,838.1407,0.0000,0.0000,0.0000
42.7500,19.6174,-18.1750,38257.8213,2992.5312,838.3228,0.0000,0.0000,0.0000
42.7667,19.6173,-18.1833,38269.8931,2993.5435,838.5050,0.0000,0.0000,0.0000
42.7833,19.6172,-18.1917,38281.9347,2994.5529,838.6872,0.0000,0.0000,0.0000
42.8000,19.6171,-18.2000,38293.9465,2995.5594,838.8694,0.0000,0.0000,0.0000
42.8167,19.6169,-18.2083,38305.9288,2996.5632,839.0516,0.0000,0.0000,0.0000
42.8333,19.6168,-18.2167,38317.8818,2997.5641,839.2338,0.0000,0.0000,0.0000
42.8500,19.6167,-18.2250,38329.8059,2998.5622,839.4160,0.0000,0.0000,0.0000
42.8667,19.6166,-18.2333,38341.7012,2999.5576,839.5982,0.0000,0.0000,0.0000
42.8833,19.6165,-18.2417,38353.5681,3000.5502,839.7804,0.0000,0.0000,0.0000
42.9000,19.6163,-18.2500,38365.4067,3001.5401,839.9626,0.0000,0.0000,0.0000
42.9167,19.6162,-18.2583,38377.2173,3002.5272,840.1449,0.0000,0.0000,0.0000
42.9333,19.6161,-18.2667,38389.0000,3003.5116,840.3271,0.0000,0.0000,0.0000
42.9500,19.6160,-18.2750,38400.7549,3004.4934,840.5094,0.0000,0.0000,0.0000
42.9667,19.6159,-18.2833,38412.4824,3005.4724,840.6916,0.0000,0.0000,0.0000
42.9833,19.6158,-18.2917,38424.1825,3006.4488,840.8739,0.0000,0.0000,0.0000
43.0000,19.6156,-18.3000,38435.8553,3007.4224,841.0561,0.0000,0.0000,0.0000
43.0167,19.6155,-18.3000,38446.5830,3008.0973,841.0538,0.0000,0.0000,0.0000
43.0333,19.6154,-18.3000,38456.5469,3008.7726,841.0515,0.0000,0.0000,0.0000
43.0500,19.6153,-18.3000,38465.8925,3009.4475,841.0495,0.0000,0.0000,0.0000
43.0667,19.6153,-18.3000,38474.7364,3010.1215,841.0475,0.0000,0.0000,0.0000
43.0833,19.6152,-18.3000,38483.1721,3010.7942,841.0456,0.0000,0.0000,0.0000
43.1000,19.6151,-18.3000,38491.2745,3011.4653,841.0438,0.0000,0.0000,0.0000
43.1167,19.6150,-18.3000,38499.1035,3012.1343,841.0421,0.0000,0.0000,0.0000
43.1333,19.6149,-18.3000,38506.7073,3012.8012,841.0404,0.0000,0.0000,0.0000
43.1500,19.6149,-18.3000,38514.1245,3013.4657,841.0388,0.0000,0.0000,0.0000
43.1667,19.6148,-18.3000,38521.3858,3014.1277,841.0372,0.0000,0.0000,0.0000
43.1833,19.6147,-18.3000,38528.5160,3014.7870,841.0356,0.0000,0.0000,0.0000
43.2000,19.6146,-18.3000,38535.5350,3015.4435,841.0340,0.0000,0.0000,0.0000
43.2167,19.6146,-18.3000,38542.4585,3016.0972,841.0325,0.0000,0.0000,0.0000
43.2333,19.6145,-18.3000,38549.2992,3016.7480,841.0310,0.0000,0.0000,0.0000
43.2500,19.6144,-18.3000,38556.0672,3017.3957,841.0295,0.0000,0.0000,0.0000
43.2667,19.6144,-18.3000,38562.7707,3018.0404,841.0280,0.0000,0.0000,0.0000
43.2833,19.6143,-18.3000,38569.4161,3018.6821,841.0265,0.0000,0.0000,0.0000
43.3000,19.6142,-18.3000,38576.0086,3019.3206,841.0250,0.0000,0.0000,0.0000
43.3167,19.6142,-18.3000,38582.5523,3019.9560,841.0236,0.0000,0.0000,0.0000
43.3333,19.6141,-18.3000,38589.0505,3020.5882,841.0222,0.0000,0.0000,0.0000
43.3500,19.6140,-18.3000,38595.5058,3021.2172,841.0207,0.0000,0.0000,0.0000
43.3667,19.6140,-18.3000,38601.9202,3021.8431,841.0193,0.0000,0.0000,0.0000
43.3833,19.6139,-18.3000,38608.2955,3022.4657,841.0179,0.0000,0.0000,0.0000
43.4000,19.6139,-18.3000,38614.6329,3023.0850,841.0165,0.0000,0.0000,0.0000
43.4167,19.6138,-18.3000,38620.9335,3023.7011,841.0151,0.0000,0.0000,0.0000
43.4333,19.6137,-18.3000,38627.1981,3024.3140,841.0137,0.0000,0.0000,0.0000
43.4500,19.6137,-18.3000,38633.4275,3024.9236,841.0123,0.0000,0.0000,0.0000
43.4667,19.6136,-18.3000,38639.6220,3025.5299,841.0109,0.0000,0.0000,0.0000
43.4833,19.6135,-18.3000,38645.7822,3026.1330,841.0096,0.0000,0.0000,0.0000
43.5000,19.6135,-18.3000,38651.9084,3026.7328,841.0082,0.0000,0.0000,0.0000
43.5167,19.6134,-18.3000,38658.0009,3027.3294,841.0069,0.0000,0.0000,0.0000
43.5333,19.6134,-18.3000,38664.0599,3027.9227,841.0055,0.0000,0.0000,0.0000
43.5500,19.6133,-18.3000,38670.0855,3028.5127,841.0042,0.0000,0.0000,0.0000
43.5667,19.6132,-18.3000,38676.0780,3029.0995,841.0028,0.0000,0.0000,0.0000
43.5833,19.6132,-18.3000,38682.0374,3029.6830,841.0015,0.0000,0.0000,0.0000
43.6000,19.6131,-18.3000,38687.9640,3030.2633,841.0002,0.0000,0.0000,0.0000
43.6167,19.6131,-18.3000,38693.8578,3030.8403,840.9989,0.0000,0.0000,0.0000
43.6333,19.6130,-18.3000,38699.7189,3031.4141,840.9976,0.0000,0.0000,0.0000
43.6500,19.6129,-18.3000,38705.5474,3031.9847,840.9963,0.0000,0.0000,0.0000
43.6667,19.6129,-18.3000,38711.3435,3032.5521,840.9950,0.0000,0.0000,0.0000
43.6833,19.6128,-18.3000,38717.1071,3033.1162,840.9937,0.0000,0.0000,0.0000
43.7000,19.6128,-18.3000,38722.8385,3033.6772,840.9925,0.0000,0.0000,0.0000
43.7167,19.6127,-18.3000,38728.5377,3034.2350,840.9912,0.0000,0.0000,0.0000
43.7333,19.6127,-18.3000,38734.2048,3034.7896,840.9900,0.0000,0.0000,0.0000
43.7500,19.6126,-18.3000,38739.8400,3035.3410,840.9887,0.0000,0.0000,0.0000
43.7667,19.6125,-18.3000,38745.4432,3035.8893,840.9875,0.0000,0.0000,0.0000
43.7833,19.6125,-18.3000,38751.0147,3036.4345,840.9862,0.0000,0.0000,0.0000
43.8000,19.6124,-18.3000,38756.5546,3036.9765,840.9850,0.0000,0.0000,0.0000
43.8167,19.6124,-18.3000,38762.0629,3037.5155,840.9838,0.0000,0.0000,0.0000
43.8333,19.6123,-18.3000,38767.5398,3038.0513,840.9826,0.0000,0.0000,0.0000
43.8500,19.6123,-18.3000,38772.9854,3038.5841,840.9814,0.0000,0.0000,0.0000
43.8667,19.6122,-18.3000,38778.3999,3039.1137,840.9801,0.0000,0.0000,0.0000
43.8833,19.6122,-18.3000,38783.7833,3039.6404,840.9790,0.0000,0.0000,0.0000
43.9000,19.6121,-18.3000,38789.1358,3040.1639,840.9778,0.0000,0.0000,0.0000
43.9167,19.6121,-18.3000,38794.4576,3040.6845,840.9766,0.0000,0.0000,0.0000
43.9333,19.6120,-18.3000,38799.7488,3041.2020,840.9754,0.0000,0.0000,0.0000
43.9500,19.6119,-18.3000,38805.0095,3041.7166,840.9742,0.0000,0.0000,0.0000
43.9667,19.6119,-18.3000,38810.2399,3042.2282,840.9731,0.0000,0.0000,0.0000
43.9833,19.6118,-18.3000,38815.4401,3042.7368,840.9719,0.0000,0.0000,0.0000
44.0000,19.6118,-18.3000,38820.6102,3043.2424,840.9708,0.0000,0.0000,0.0000
44.0167,19.6117,-18.3100,38826.8525,3044.1006,841.1912,0.0000,0.0000,0.0000
44.0333,19.6117,-18.3200,38833.9496,3044.9524,841.4115,0.0000,0.0000,0.0000
44.0500,19.6116,-18.3300,38841.7275,3045.7987,841.6316,0.0000,0.0000,0.0000
44.0667,19.6115,-18.3400,38850.0469,3046.6403,841.8515,0.0000,0.0000,0.0000
44.0833,19.6114,-18.3500,38858.7964,3047.4777,842.0714,0.0000,0.0000,0.0000
44.1000,19.6113,-18.3600,38867.8870,3048.3116,842.2912,0.0000,0.0000,0.0000
44.1167,19.6112,-18.3700,38877.2475,3049.1424,842.5110,0.0000,0.0000,0.0000
44.1333,19.6111,-18.3800,38886.8213,3049.9706,842.7307,0.0000,0.0000,0.0000
44.1500,19.6110,-18.3900,38896.5633,3050.7965,842.9503,0.0000,0.0000,0.0000
44.1667,19.6109,-18.4000,38906.4379,3051.6206,843.1700,0.0000,0.0000,0.0000
44.1833,19.6108,-18.4100,38916.4166,3052.4431,843.3896,0.0000,0.0000,0.0000
44.2000,19.6107,-18.4200,38926.4772,3053.2643,843.6092,0.0000,0.0000,0.0000
44.2167,19.6106,-18.4300,38936.6021,3054.0845,843.8288,0.0000,0.0000,0.0000
44.2333,19.6105,-18.4400,38946.7776,3054.9040,844.0483,0.0000,0.0000,0.0000
44.2500,19.6104,-18.4500,38956.9932,3055.7229,844.2679,0.0000,0.0000,0.0000
44.2667,19.6103,-18.4600,38967.2405,3056.5416,844.4874,0.0000,0.0000,0.0000
44.2833,19.6102,-18.4700,38977.5134,3057.3602,844.7070,0.0000,0.0000,0.0000
44.3000,19.6101,-18.4800,38987.8071,3058.1788,844.9265,0.0000,0.0000,0.0000
44.3167,19.6100,-18.4900,38998.1182,3058.9977,845.1460,0.0000,0.0000,0.0000
44.3333,19.6099,-18.5000,39008.4440,3059.8170,845.3656,0.0000,0.0000,0.0000
44.3500,19.6098,-18.5100,39018.7828,3060.6368,845.5851,0.0000,0.0000,0.0000
44.3667,19.6097,-18.5200,39029.1335,3061.4573,845.8046,0.0000,0.0000,0.0000
44.3833,19.6096,-18.5300,39039.4952,3062.2786,846.0242,0.0000,0.0000,0.0000
44.4000,19.6095,-18.5400,39049.8677,3063.1008,846.2437,0.0000,0.0000,0.0000
44.4167,19.6094,-18.5500,39060.2507,3063.9240,846.4632,0.0000,0.0000,0.0000
44.4333,19.6093,-18.5600,39070.6444,3064.7483,846.6827,0.0000,0.0000,0.0000
44.4500,19.6092,-18.5700,39081.0490,3065.5737,846.9022,0.0000,0.0000,0.0000
44.4667,19.6091,-18.5800,39091.4648,3066.4005,847.1217,0.0000,0.0000,0.0000
44.4833,19.6090,-18.5900,39101.8923,3067.2285,847.3413,0.0000,0.0000,0.0000
44.5000,19.6089,-18.6000,39112.3319,3068.0580,847.5608,0.0000,0.0000,0.0000
44.5167,19.6088,-18.6100,39122.7840,3068.8889,847.7803,0.0000,0.0000,0.0000
44.5333,19.6087,-18.6200,39133.2492,3069.7214,847.9998,0.0000,0.0000,0.0000
44.5500,19.6086,-18.6300,39143.7279,3070.5554,848.2193,0.0000,0.0000,0.0000
44.5667,19.6085,-18.6400,39154.2206,3071.3909,848.4388,0.0000,0.0000,0.0000
44.5833,19.6084,-18.6500,39164.7277,3072.2281,848.6583,0.0000,0.0000,0.0000
44.6000,19.6082,-18.6600,39175.2497,3073.0670,848.8777,0.0000,0.0000,0.0000
44.6167,19.6081,-18.6700,39185.7869,3073.9076,849.0972,0.0000,0.0000,0.0000
44.6333,19.6080,-18.6800,39196.3397,3074.7499,849.3167,0.0000,0.0000,0.0000
44.6500,19.6079,-18.6900,39206.9084,3075.5939,849.5362,0.0000,0.0000,0.0000
44.6667,19.6078,-18.7000,39217.4933,3076.4396,849.7557,0.0000,0.0000,0.0000
44.6833,19.6077,-18.7100,39228.0946,3077.2871,849.9751,0.0000,0.0000,0.0000
44.7000,19.6076,-18.7200,39238.7126,3078.1364,850.1946,0.0000,0.0000,0.0000
44.7167,19.6075,-18.7300,39249.3475,3078.9874,850.4141,0.0000,0.0000,0.0000
44.7333,19.6074,-18.7400,39259.9994,3079.8402,850.6335,0.0000,0.0000,0.0000
44.7500,19.6073,-18.7500,39270.6685,3080.6948,850.8530,0.0000,0.0000,0.0000
44.7667,19.6072,-18.7600,39281.3548,3081.5512,851.0724,0.0000,0.0000,0.0000
44.7833,19.6071,-18.7700,39292.0584,3082.4093,851.2919,0.0000,0.0000,0.0000
44.8000,19.6070,-18.7800,39302.7793,3083.2691,851.5113,0.0000,0.0000,0.0000
44.8167,19.6069,-18.7900,39313.5176,3084.1307,851.7308,0.0000,0.0000,0.0000
44.8333,19.6068,-18.8000,39324.2732,3084.9941,851.9502,0.0000,0.0000,0.0000
44.8500,19.6066,-18.8100,39335.0461,3085.8591,852.1696,0.0000,0.0000,0.0000
44.8667,19.6065,-18.8200,39345.8362,3086.7259,852.3891,0.0000,0.0000,0.0000
44.8833,19.6064,-18.8300,39356.6435,3087.5943,852.6085,0.0000,0.0000,0.0000
44.9000,19.6063,-18.8400,39367.4678,3088.4644,852.8279,0.0000,0.0000,0.0000
44.9167,19.6062,-18.8500,39378.3090,3089.3362,853.0473,0.0000,0.0000,0.0000
44.9333,19.6061,-18.8600,39389.1670,3090.2095,853.2668,0.0000,0.0000,0.0000
44.9500,19.6060,-18.8700,39400.0416,3091.0845,853.4862,0.0000,0.0000,0.0000
44.9667,19.6059,-18.8800,39410.9327,3091.9611,853.7056,0.0000,0.0000,0.0000
44.9833,19.6058,-18.8900,39421.8400,3092.8392,853.9250,0.0000,0.0000,0.0000
45.0000,19.6057,-18.9000,39432.7634,3093.7188,854.1444,0.0000,0.0000,0.0000
45.0167,19.6056,-18.9083,39443.5190,3094.5407,854.3268,0.0000,0.0000,0.0000
45.0333,19.6055,-18.9167,39454.1427,3095.3646,854.5093,0.0000,0.0000,0.0000
45.0500,19.6054,-18.9250,39464.6632,3096.1903,854.6919,0.0000,0.0000,0.0000
45.0667,19.6052,-18.9333,39475.1037,3097.0178,854.8744,0.0000,0.0000,0.0000
45.0833,19.6051,-18.9417,39485.4824,3097.8468,855.0569,0.0000,0.0000,0.0000
45.1000,19.6050,-18.9500,39495.8139,3098.6773,855.2395,0.0000,0.0000,0.0000
45.1167,19.6049,-18.9583,39506.1097,3099.5092,855.4221,0.0000,0.0000,0.0000
45.1333,19.6048,-18.9667,39516.3791,3100.3423,855.6046,0.0000,0.0000,0.0000
45.1500,19.6047,-18.9750,39526.6294,3101.1765,855.7872,0.0000,0.0000,0.0000
45.1667,19.6046,-18.9833,39536.8660,3102.0118,855.9698,0.0000,0.0000,0.0000
45.1833,19.6045,-18.9917,39547.0936,3102.8480,856.1524,0.0000,0.0000,0.0000
45.2000,19.6044,-19.0000,39557.3154,3103.6851,856.3350,0.0000,0.0000,0.0000
45.2167,19.6043,-19.0083,39567.5341,3104.5230,856.5176,0.0000,0.0000,0.0000
45.2333,19.6042,-19.0167,39577.7516,3105.3616,856.7001,0.0000,0.0000,0.0000
45.2500,19.6041,-19.0250,39587.9695,3106.2009,856.8827,0.0000,0.0000,0.0000
45.2667,19.6040,-19.0333,39598.1887,3107.0408,857.0653,0.0000,0.0000,0.0000
45.2833,19.6039,-19.0417,39608.4099,3107.8812,857.2479,0.0000,0.0000,0.0000
45.3000,19.6038,-19.0500,39618.6337,3108.7220,857.4305,0.0000,0.0000,0.0000
45.3167,19.6037,-19.0583,39628.8603,3109.5632,857.6131,0.0000,0.0000,0.0000
45.3333,19.6036,-19.0667,39639.0897,3110.4047,857.7957,0.0000,0.0000,0.0000
45.3500,19.6035,-19.0750,39649.3220,3111.2466,857.9782,0.0000,0.0000,0.0000
45.3667,19.6034,-19.0833,39659.5569,3112.0886,858.1608,0.0000,0.0000,0.0000
45.3833,19.6033,-19.0917,39669.7944,3112.9308,858.3434,0.0000,0.0000,0.0000
45.4000,19.6032,-19.1000,39680.0341,3113.7732,858.5260,0.0000,0.0000,0.0000
45.4167,19.6031,-19.1083,39690.2758,3114.6156,858.7086,0.0000,0.0000,0.0000
45.4333,19.6030,-19.1167,39700.5191,3115.4580,858.8911,0.0000,0.0000,0.0000
45.4500,19.6029,-19.1250,39710.7636,3116.3004,859.0737,0.0000,0.0000,0.0000
45.4667,19.6028,-19.1333,39721.0091,3117.1427,859.2563,0.0000,0.0000,0.0000
45.4833,19.6027,-19.1417,39731.2550,3117.9850,859.4389,0.0000,0.0000,0.0000
45.5000,19.6026,-19.1500,39741.5011,3118.8271,859.6215,0.0000,0.0000,0.0000
45.5167,19.6025,-19.1583,39751.7469,3119.6690,859.8040,0.0000,0.0000,0.0000
45.5333,19.6024,-19.1667,39761.9920,3120.5106,859.9866,0.0000,0.0000,0.0000
45.5500,19.6023,-19.1750,39772.2362,3121.3521,860.1692,0.0000,0.0000,0.0000
45.5667,19.6022,-19.1833,39782.4789,3122.1932,860.3518,0.0000,0.0000,0.0000
45.5833,19.6021,-19.1917,39792.7199,3123.0340,860.5344,0.0000,0.0000,0.0000
45.6000,19.6020,-19.2000,39802.9587,3123.8744,860.7169,0.0000,0.0000,0.0000
45.6167,19.6019,-19.2083,39813.1951,3124.7144,860.8995,0.0000,0.0000,0.0000
45.6333,19.6018,-19.2167,39823.4286,3125.5540,861.0821,0.0000,0.0000,0.0000
45.6500,19.6017,-19.2250,39833.6590,3126.3932,861.2647,0.0000,0.0000,0.0000
45.6667,19.6016,-19.2333,39843.8859,3127.2318,861.4473,0.0000,0.0000,0.0000
45.6833,19.6015,-19.2417,39854.1090,3128.0700,861.6299,0.0000,0.0000,0.0000
45.7000,19.6014,-19.2500,39864.3279,3128.9076,861.8125,0.0000,0.0000,0.0000
45.7167,19.6013,-19.2583,39874.5425,3129.7446,861.9950,0.0000,0.0000,0.0000
45.7333,19.6012,-19.2667,39884.7522,3130.5810,862.1776,0.0000,0.0000,0.0000
45.7500,19.6011,-19.2750,39894.9570,3131.4168,862.3602,0.0000,0.0000,0.0000
45.7667,19.6009,-19.2833,39905.1564,3132.2520,862.5428,0.0000,0.0000,0.0000
45.7833,19.6008,-19.2917,39915.3503,3133.0864,862.7254,0.0000,0.0000,0.0000
45.8000,19.6007,-19.3000,39925.5383,3133.9202,862.9080,0.0000,0.0000,0.0000
45.8167,19.6006,-19.3083,39935.7202,3134.7532,863.0906,0.0000,0.0000,0.0000
45.8333,19.6005,-19.3167,39945.8956,3135.5855,863.2732,0.0000,0.0000,0.0000
45.8500,19.6004,-19.3250,39956.0645,3136.4171,863.4558,0.0000,0.0000,0.0000
45.8667,19.6003,-19.3333,39966.2264,3137.2478,863.6384,0.0000,0.0000,0.0000
45.8833,19.6002,-19.3417,39976.3812,3138.0777,863.8210,0.0000,0.0000,0.0000
45.9000,19.6001,-19.3500,39986.5287,3138.9068,864.0036,0.0000,0.0000,0.0000
45.9167,19.6000,-19.3583,39996.6684,3139.7350,864.1862,0.0000,0.0000,0.0000
45.9333,19.5999,-19.3667,40006.8004,3140.5623,864.3688,0.0000,0.0000,0.0000
45.9500,19.5998,-19.3750,40016.9242,3141.3887,864.5514,0.0000,0.0000,0.0000
45.9667,19.5997,-19.3833,40027.0396,3142.2142,864.7340,0.0000,0.0000,0.0000
45.9833,19.5996,-19.3917,40037.1465,3143.0387,864.9166,0.0000,0.0000,0.0000
46.0000,19.5995,-19.4000,40047.2447,3143.8622,865.0992,0.0000,0.0000,0.0000
46.0167,19.5994,-19.3917,40055.4960,3144.0917,864.9125,0.0000,0.0000,0.0000
46.0333,19.5994,-19.3833,40062.2620,3144.3256,864.7262,0.0000,0.0000,0.0000
46.0500,19.5993,-19.3750,40067.8325,3144.5623,864.5401,0.0000,0.0000,0.0000
46.0667,19.5993,-19.3667,40072.4392,3144.8008,864.3542,0.0000,0.0000,0.0000
46.0833,19.5992,-19.3583,40076.2679,3145.0399,864.1685,0.0000,0.0000,0.0000
46.1000,19.5992,-19.3500,40079.4667,3145.2787,863.9830,0.0000,0.0000,0.0000
46.1167,19.5992,-19.3417,40082.1540,3145.5164,863.7975,0.0000,0.0000,0.0000
46.1333,19.5992,-19.3333,40084.4241,3145.7522,863.6122,0.0000,0.0000,0.0000
46.1500,19.5991,-19.3250,40086.3518,3145.9855,863.4269,0.0000,0.0000,0.0000
46.1667,19.5991,-19.3167,40087.9964,3146.2156,863.2417,0.0000,0.0000,0.0000
46.1833,19.5991,-19.3083,40089.4050,3146.4419,863.0565,0.0000,0.0000,0.0000
46.2000,19.5991,-19.3000,40090.6142,3146.6638,862.8714,0.0000,0.0000,0.0000
46.2167,19.5991,-19.2917,40091.6530,3146.8810,862.6863,0.0000,0.0000,0.0000
46.2333,19.5991,-19.2833,40092.5437,3147.0928,862.5012,0.0000,0.0000,0.0000
46.2500,19.5991,-19.2750,40093.3037,3147.2988,862.3162,0.0000,0.0000,0.0000
46.2667,19.5991,-19.2667,40093.9462,3147.4988,862.1312,0.0000,0.0000,0.0000
46.2833,19.5991,-19.2583,40094.4812,3147.6921,861.9462,0.0000,0.0000,0.0000
46.3000,19.5991,-19.2500,40094.9159,3147.8786,861.7613,0.0000,0.0000,0.0000
46.3167,19.5990,-19.2417,40095.2558,3148.0579,861.5764,0.0000,0.0000,0.0000
46.3333,19.5990,-19.2333,40095.5046,3148.2296,861.3915,0.0000,0.0000,0.0000
46.3500,19.5990,-19.2250,40095.6646,3148.3934,861.2066,0.0000,0.0000,0.0000
46.3667,19.5990,-19.2167,40095.7374,3148.5492,861.0217,0.0000,0.0000,0.0000
46.3833,19.5990,-19.2083,40095.7235,3148.6965,860.8369,0.0000,0.0000,0.0000
46.4000,19.5990,-19.2000,40095.6231,3148.8353,860.6520,0.0000,0.0000,0.0000
46.4167,19.5990,-19.1917,40095.4358,3148.9651,860.4672,0.0000,0.0000,0.0000
46.4333,19.5990,-19.1833,40095.1606,3149.0858,860.2824,0.0000,0.0000,0.0000
46.4500,19.5991,-19.1750,40094.7967,3149.1972,860.0977,0.0000,0.0000,0.0000
46.4667,19.5991,-19.1667,40094.3427,3149.2991,859.9129,0.0000,0.0000,0.0000
46.4833,19.5991,-19.1583,40093.7971,3149.3911,859.7282,0.0000,0.0000,0.0000
46.5000,19.5991,-19.1500,40093.1584,3149.4731,859.5435,0.0000,0.0000,0.0000
46.5167,19.5991,-19.1417,40092.4247,3149.5449,859.3588,0.0000,0.0000,0.0000
46.5333,19.5991,-19.1333,40091.5944,3149.6063,859.1741,0.0000,0.0000,0.0000
46.5500,19.5991,-19.1250,40090.6652,3149.6568,858.9895,0.0000,0.0000,0.0000
46.5667,19.5991,-19.1167,40089.6351,3149.6963,858.8048,0.0000,0.0000,0.0000
46.5833,19.5991,-19.1083,40088.5016,3149.7244,858.6202,0.0000,0.0000,0.0000
46.6000,19.5991,-19.1000,40087.2620,3149.7408,858.4357,0.0000,0.0000,0.0000
46.6167,19.5991,-19.0917,40085.9132,3149.7448,858.2511,0.0000,0.0000,0.0000
46.6333,19.5992,-19.0833,40084.4513,3149.7358,858.0666,0.0000,0.0000,0.0000
46.6500,19.5992,-19.0750,40082.8715,3149.7128,857.8821,0.0000,0.0000,0.0000
46.6667,19.5992,-19.0667,40081.1672,3149.6742,857.6976,0.0000,0.0000,0.0000
46.6833,19.5992,-19.0583,40079.3280,3149.6165,857.5132,0.0000,0.0000,0.0000
46.7000,19.5992,-19.0500,40077.3323,3149.5270,857.3287,0.0000,0.0000,0.0000
46.7167,19.5992,-19.0417,40075.1338,3149.4293,857.1444,0.0000,0.0000,0.0000
46.7333,19.5993,-19.0333,40072.8197,3149.3308,856.9600,0.0000,0.0000,0.0000
46.7500,19.5993,-19.0250,40070.4029,3149.2294,856.7757,0.0000,0.0000,0.0000
46.7667,19.5993,-19.0167,40067.8944,3149.1239,856.5914,0.0000,0.0000,0.0000
46.7833,19.5993,-19.0083,40065.3029,3149.0139,856.4071,0.0000,0.0000,0.0000
46.8000,19.5994,-19.0000,40062.6347,3148.8991,856.2229,0.0000,0.0000,0.0000
46.8167,19.5994,-18.9917,40059.8946,3148.7791,856.0386,0.0000,0.0000,0.0000
46.8333,19.5994,-18.9833,40057.0862,3148.6539,855.8544,0.0000,0.0000,0.0000
46.8500,19.5995,-18.9750,40054.2121,3148.5231,855.6702,0.0000,0.0000,0.0000
46.8667,19.5995,-18.9667,40051.2742,3148.3869,855.4860,0.0000,0.0000,0.0000
46.8833,19.5995,-18.9583,40048.2741,3148.2451,855.3018,0.0000,0.0000,0.0000
46.9000,19.5995,-18.9500,40045.2129,3148.0976,855.1176,0.0000,0.0000,0.0000
46.9167,19.5996,-18.9417,40042.0915,3147.9445,854.9335,0.0000,0.0000,0.0000
46.9333,19.5996,-18.9333,40038.9105,3147.7857,854.7493,0.0000,0.0000,0.0000
46.9500,19.5996,-18.9250,40035.6706,3147.6212,854.5652,0.0000,0.0000,0.0000
46.9667,19.5997,-18.9167,40032.3721,3147.4511,854.3811,0.0000,0.0000,0.0000
46.9833,19.5997,-18.9083,40029.0156,3147.2754,854.1970,0.0000,0.0000,0.0000
47.0000,19.5998,-18.9000,40024.3636,3147.1412,854.0131,0.0000,0.0000,0.0000
47.0167,19.5998,-18.9083,40022.6317,3147.5895,854.1984,0.0000,0.0000,0.0000
47.0333,19.5998,-18.9167,40023.0099,3148.0254,854.3832,0.0000,0.0000,0.0000
47.0500,19.5998,-18.9250,40024.9141,3148.4530,854.5676,0.0000,0.0000,0.0000
47.0667,19.5997,-18.9333,40027.7066,3148.8669,854.7518,0.0000,0.0000,0.0000
47.0833,19.5997,-18.9417,40031.2816,3149.2769,854.9359,0.0000,0.0000,0.0000
47.1000,19.5996,-18.9500,40035.4371,3149.6840,855.1198,0.0000,0.0000,0.0000
47.1167,19.5996,-18.9583,40040.0229,3150.0888,855.3036,0.0000,0.0000,0.0000
47.1333,19.5996,-18.9667,40044.9277,3150.4919,855.4874,0.0000,0.0000,0.0000
47.1500,19.5995,-18.9750,40050.0686,3150.8937,855.6711,0.0000,0.0000,0.0000
47.1667,19.5994,-18.9833,40055.3843,3151.2945,855.8548,0.0000,0.0000,0.0000
47.1833,19.5994,-18.9917,40060.8296,3151.6945,856.0384,0.0000,0.0000,0.0000
47.2000,19.5993,-19.0000,40066.3712,3152.0942,856.2221,0.0000,0.0000,0.0000
47.2167,19.5993,-19.0083,40071.9848,3152.4937,856.4057,0.0000,0.0000,0.0000
47.2333,19.5992,-19.0167,40077.6526,3152.8933,856.5893,0.0000,0.0000,0.0000
47.2500,19.5992,-19.0250,40083.3621,3153.2932,856.7728,0.0000,0.0000,0.0000
47.2667,19.5991,-19.0333,40089.1044,3153.6938,856.9564,0.0000,0.0000,0.0000
47.2833,19.5991,-19.0417,40094.8735,3154.0953,857.1400,0.0000,0.0000,0.0000
47.3000,19.5990,-19.0500,40100.6653,3154.4978,857.3236,0.0000,0.0000,0.0000
47.3167,19.5989,-19.0583,40106.4773,3154.9016,857.5071,0.0000,0.0000,0.0000
47.3333,19.5989,-19.0667,40112.3083,3155.3069,857.6907,0.0000,0.0000,0.0000
47.3500,19.5988,-19.0750,40118.1576,3155.7139,857.8742,0.0000,0.0000,0.0000
47.3667,19.5988,-19.0833,40124.0254,3156.1227,858.0578,0.0000,0.0000,0.0000
47.3833,19.5987,-19.0917,40129.9120,3156.5336,858.2413,0.0000,0.0000,0.0000
47.4000,19.5986,-19.1000,40135.8184,3156.9467,858.4249,0.0000,0.0000,0.0000
47.4167,19.5986,-19.1083,40141.7453,3157.3622,858.6084,0.0000,0.0000,0.0000
47.4333,19.5985,-19.1167,40147.6940,3157.7801,858.7920,0.0000,0.0000,0.0000
47.4500,19.5985,-19.1250,40153.6656,3158.2007,858.9755,0.0000,0.0000,0.0000
47.4667,19.5984,-19.1333,40159.6612,3158.6241,859.1590,0.0000,0.0000,0.0000
47.4833,19.5983,-19.1417,40165.6820,3159.0504,859.3425,0.0000,0.0000,0.0000
47.5000,19.5983,-19.1500,40171.7292,3159.4797,859.5260,0.0000,0.0000,0.0000
47.5167,19.5982,-19.1583,40177.8039,3159.9120,859.7095,0.0000,0.0000,0.0000
47.5333,19.5982,-19.1667,40183.9072,3160.3476,859.8930,0.0000,0.0000,0.0000
47.5500,19.5981,-19.1750,40190.0399,3160.7864,860.0765,0.0000,0.0000,0.0000
47.5667,19.5980,-19.1833,40196.2032,3161.2285,860.2600,0.0000,0.0000,0.0000
47.5833,19.5980,-19.1917,40202.3979,3161.6741,860.4435,0.0000,0.0000,0.0000
47.6000,19.5979,-19.2000,40208.6248,3162.1231,860.6270,0.0000,0.0000,0.0000
47.6167,19.5979,-19.2083,40214.8846,3162.5757,860.8104,0.0000,0.0000,0.0000
47.6333,19.5978,-19.2167,40221.1780,3163.0319,860.9939,0.0000,0.0000,0.0000
47.6500,19.5977,-19.2250,40227.5057,3163.4916,861.1773,0.0000,0.0000,0.0000
47.6667,19.5977,-19.2333,40232.3536,3163.9178,861.3611,0.0000,0.0000,0.0000
47.6833,19.5976,-19.2417,40237.4432,3164.3453,861.5448,0.0000,0.0000,0.0000
47.7000,19.5976,-19.2500,40242.7313,3164.7743,861.7285,0.0000,0.0000,0.0000
47.7167,19.5975,-19.2583,40248.1832,3165.2051,861.9122,0.0000,0.0000,0.0000
47.7333,19.5975,-19.2667,40253.7712,3165.6378,862.0958,0.0000,0.0000,0.0000
47.7500,19.5974,-19.2750,40259.4730,3166.0724,862.2794,0.0000,0.0000,0.0000
47.7667,19.5973,-19.2833,40265.2709,3166.5091,862.4629,0.0000,0.0000,0.0000
47.7833,19.5973,-19.2917,40271.1507,3166.9481,862.6465,0.0000,0.0000,0.0000
47.8000,19.5972,-19.3000,40277.1010,3167.3893,862.8300,0.0000,0.0000,0.0000
47.8167,19.5972,-19.3083,40283.1128,3167.8328,863.0135,0.0000,0.0000,0.0000
47.8333,19.5971,-19.3167,40289.1789,3168.2787,863.1970,0.0000,0.0000,0.0000
47.8500,19.5970,-19.3250,40295.2936,3168.7271,863.3805,0.0000,0.0000,0.0000
47.8667,19.5970,-19.3333,40301.4524,3169.1780,863.5640,0.0000,0.0000,0.0000
47.8833,19.5969,-19.3417,40307.6517,3169.6314,863.7475,0.0000,0.0000,0.0000
47.9000,19.5969,-19.3500,40313.8886,3170.0873,863.9310,0.0000,0.0000,0.0000
47.9167,19.5968,-19.3583,40320.1609,3170.5459,864.1144,0.0000,0.0000,0.0000
47.9333,19.5967,-19.3667,40326.4669,3171.0071,864.2979,0.0000,0.0000,0.0000
47.9500,19.5967,-19.3750,40332.8052,3171.4710,864.4813,0.0000,0.0000,0.0000
47.9667,19.5966,-19.3833,40339.1747,3171.9375,864.6648,0.0000,0.0000,0.0000
47.9833,19.5965,-19.3917,40345.5747,3172.4068,864.8482,0.0000,0.0000,0.0000
48.0000,19.5965,-19.4000,40352.0044,3172.8787,865.0316,0.0000,0.0000,0.0000
48.0167,19.5964,-19.3917,40356.6249,3172.7601,864.8457,0.0000,0.0000,0.0000
48.0333,19.5964,-19.3833,40359.7975,3172.6493,864.6602,0.0000,0.0000,0.0000
48.0500,19.5964,-19.3750,40361.8115,3172.5451,864.4749,0.0000,0.0000,0.0000
48.0667,19.5964,-19.3667,40362.8992,3172.4464,864.2898,0.0000,0.0000,0.0000
48.0833,19.5964,-19.3583,40363.2462,3172.3522,864.1049,0.0000,0.0000,0.0000
48.1000,19.5964,-19.3500,40363.0014,3172.2616,863.9201,0.0000,0.0000,0.0000
48.1167,19.5964,-19.3417,40362.2835,3172.1741,863.7354,0.0000,0.0000,0.0000
48.1333,19.5964,-19.3333,40361.1874,3172.0888,863.5508,0.0000,0.0000,0.0000
48.1500,19.5964,-19.3250,40359.7885,3172.0051,863.3662,0.0000,0.0000,0.0000
48.1667,19.5964,-19.3167,40358.1469,3171.9226,863.1817,0.0000,0.0000,0.0000
48.1833,19.5964,-19.3083,40356.3100,3171.8407,862.9973,0.0000,0.0000,0.0000
48.2000,19.5965,-19.3000,40354.3154,3171.7589,862.8129,0.0000,0.0000,0.0000
48.2167,19.5965,-19.2917,40352.1927,3171.6767,862.6285,0.0000,0.0000,0.0000
48.2333,19.5965,-19.2833,40349.9649,3171.5939,862.4441,0.0000,0.0000,0.0000
48.2500,19.5965,-19.2750,40347.6500,3171.5099,862.2598,0.0000,0.0000,0.0000
48.2667,19.5965,-19.2667,40345.2619,3171.4245,862.0755,0.0000,0.0000,0.0000
48.2833,19.5966,-19.2583,40342.8112,3171.3374,861.8912,0.0000,0.0000,0.0000
48.3000,19.5966,-19.2500,40340.3059,3171.2482,861.7069,0.0000,0.0000,0.0000
48.3167,19.5966,-19.2417,40337.7520,3171.1567,861.5226,0.0000,0.0000,0.0000
48.3333,19.5966,-19.2333,40335.1538,3171.0626,861.3383,0.0000,0.0000,0.0000
48.3500,19.5967,-19.2250,40332.5144,3170.9657,861.1540,0.0000,0.0000,0.0000
48.3667,19.5967,-19.2167,40329.8358,3170.8657,860.9698,0.0000,0.0000,0.0000
48.3833,19.5967,-19.2083,40327.1194,3170.7625,860.7855,0.0000,0.0000,0.0000
48.4000,19.5968,-19.2000,40324.3658,3170.6559,860.6013,0.0000,0.0000,0.0000
48.4167,19.5968,-19.1917,40321.5753,3170.5457,860.4171,0.0000,0.0000,0.0000
48.4333,19.5968,-19.1833,40318.7478,3170.4318,860.2328,0.0000,0.0000,0.0000
48.4500,19.5968,-19.1750,40315.8829,3170.3140,860.0486,0.0000,0.0000,0.0000
48.4667,19.5969,-19.1667,40312.9801,3170.1921,859.8644,0.0000,0.0000,0.0000
48.4833,19.5969,-19.1583,40310.0387,3170.0661,859.6802,0.0000,0.0000,0.0000
48.5000,19.5969,-19.1500,40307.0579,3169.9359,859.4960,0.0000,0.0000,0.0000
48.5167,19.5970,-19.1417,40304.0371,3169.8014,859.3118,0.0000,0.0000,0.0000
48.5333,19.5970,-19.1333,40300.9754,3169.6624,859.1277,0.0000,0.0000,0.0000
48.5500,19.5970,-19.1250,40297.8721,3169.5189,858.9435,0.0000,0.0000,0.0000
48.5667,19.5971,-19.1167,40294.7263,3169.3708,858.7593,0.0000,0.0000,0.0000
48.5833,19.5971,-19.1083,40291.5372,3169.2181,858.5752,0.0000,0.0000,0.0000
48.6000,19.5971,-19.1000,40288.3043,3169.0607,858.3911,0.0000,0.0000,0.0000
48.6167,19.5971,-19.0917,40285.0269,3168.8985,858.2069,0.0000,0.0000,0.0000
48.6333,19.5972,-19.0833,40281.7043,3168.7316,858.0228,0.0000,0.0000,0.0000
48.6500,19.5972,-19.0750,40278.3360,3168.5599,857.8387,0.0000,0.0000,0.0000
48.6667,19.5973,-19.0667,40274.9215,3168.3833,857.6546,0.0000,0.0000,0.0000
48.6833,19.5973,-19.0583,40271.4604,3168.2019,857.4705,0.0000,0.0000,0.0000
48.7000,19.5973,-19.0500,40267.9523,3168.0156,857.2865,0.0000,0.0000,0.0000
48.7167,19.5974,-19.0417,40264.3969,3167.8245,857.1024,0.0000,0.0000,0.0000
48.7333,19.5974,-19.0333,40260.7938,3167.6284,856.9183,0.0000,0.0000,0.0000
48.7500,19.5974,-19.0250,40257.1429,3167.4274,856.7343,0.0000,0.0000,0.0000
48.7667,19.5975,-19.0167,40253.4440,3167.2216,856.5503,0.0000,0.0000,0.0000
48.7833,19.5975,-19.0083,40249.6970,3167.0109,856.3662,0.0000,0.0000,0.0000
48.8000,19.5975,-19.0000,40245.9017,3166.7953,856.1822,0.0000,0.0000,0.0000
48.8167,19.5976,-18.9917,40242.0583,3166.5749,855.9982,0.0000,0.0000,0.0000
48.8333,19.5976,-18.9833,40238.1666,3166.3496,855.8142,0.0000,0.0000,0.0000
48.8500,19.5977,-18.9750,40234.2266,3166.1196,855.6303,0.0000,0.0000,0.0000
48.8667,19.5977,-18.9667,40230.2386,3165.8847,855.4463,0.0000,0.0000,0.0000
48.8833,19.5977,-18.9583,40226.2026,3165.6451,855.2623,0.0000,0.0000,0.0000
48.9000,19.5978,-18.9500,40222.1188,3165.4007,855.0784,0.0000,0.0000,0.0000
48.9167,19.5978,-18.9417,40217.9872,3165.1517,854.8945,0.0000,0.0000,0.0000
48.9333,19.5979,-18.9333,40213.8083,3164.8979,854.7105,0.0000,0.0000,0.0000
48.9500,19.5979,-18.9250,40209.5821,3164.6396,854.5266,0.0000,0.0000,0.0000
48.9667,19.5979,-18.9167,40205.3090,3164.3766,854.3427,0.0000,0.0000,0.0000
48.9833,19.5980,-18.9083,40200.9892,3164.1091,854.1588,0.0000,0.0000,0.0000
49.0000,19.5980,-18.9000,40196.6230,3163.8371,853.9749,0.0000,0.0000,0.0000
49.0167,19.5981,-18.9000,40193.1299,3163.8571,853.9757,0.0000,0.0000,0.0000
49.0333,19.5981,-18.9000,40190.3293,3163.8702,853.9763,0.0000,0.0000,0.0000
49.0500,19.5981,-18.9000,40188.0767,3163.8768,853.9768,0.0000,0.0000,0.0000
49.0667,19.5981,-18.9000,40186.2560,3163.8776,853.9772,0.0000,0.0000,0.0000
49.0833,19.5982,-18.9000,40184.7746,3163.8732,853.9776,0.0000,0.0000,0.0000
49.1000,19.5982,-18.9000,40183.5583,3163.8638,853.9778,0.0000,0.0000,0.0000
49.1167,19.5982,-18.9000,40182.5477,3163.8500,853.9781,0.0000,0.0000,0.0000
49.1333,19.5982,-18.9000,40181.6956,3163.8320,853.9782,0.0000,0.0000,0.0000
49.1500,19.5982,-18.9000,40180.9642,3163.8101,853.9784,0.0000,0.0000,0.0000
49.1667,19.5982,-18.9000,40180.3237,3163.7846,853.9786,0.0000,0.0000,0.0000
49.1833,19.5982,-18.9000,40179.7503,3163.7557,853.9787,0.0000,0.0000,0.0000
49.2000,19.5982,-18.9000,40179.2252,3163.7238,853.9788,0.0000,0.0000,0.0000
49.2167,19.5982,-18.9000,40178.7336,3163.6890,853.9789,0.0000,0.0000,0.0000
49.2333,19.5982,-18.9000,40178.2641,3163.6514,853.9790,0.0000,0.0000,0.0000
49.2500,19.5982,-18.9000,40177.8075,3163.6113,853.9791,0.0000,0.0000,0.0000
49.2667,19.5982,-18.9000,40177.3570,3163.5689,853.9792,0.0000,0.0000,0.0000
49.2833,19.5982,-18.9000,40176.9072,3163.5243,853.9793,0.0000,0.0000,0.0000
49.3000,19.5982,-18.9000,40176.4540,3163.4776,853.9794,0.0000,0.0000,0.0000
49.3167,19.5982,-18.9000,40175.9945,3163.4290,853.9795,0.0000,0.0000,0.0000
49.3333,19.5982,-18.9000,40175.5265,3163.3786,853.9796,0.0000,0.0000,0.0000
49.3500,19.5982,-18.9000,40175.0485,3163.3266,853.9797,0.0000,0.0000,0.0000
49.3667,19.5983,-18.9000,40174.5595,3163.2730,853.9798,0.0000,0.0000,0.0000
49.3833,19.5983,-18.9000,40174.0588,3163.2180,853.9799,0.0000,0.0000,0.0000
49.4000,19.5983,-18.9000,40173.5462,3163.1617,853.9801,0.0000,0.0000,0.0000
49.4167,19.5983,-18.9000,40173.0215,3163.1041,853.9802,0.0000,0.0000,0.0000
49.4333,19.5983,-18.9000,40172.4849,3163.0453,853.9803,0.0000,0.0000,0.0000
49.4500,19.5983,-18.9000,40171.9367,3162.9855,853.9804,0.0000,0.0000,0.0000
49.4667,19.5983,-18.9000,40171.3772,3162.9248,853.9805,0.0000,0.0000,0.0000
49.4833,19.5983,-18.9000,40170.8069,3162.8631,853.9807,0.0000,0.0000,0.0000
49.5000,19.5983,-18.9000,40170.2261,3162.8005,853.9808,0.0000,0.0000,0.0000
49.5167,19.5983,-18.9000,40169.3651,3162.7160,853.9810,0.0000,0.0000,0.0000
49.5333,19.5983,-18.9000,40168.5056,3162.6302,853.9812,0.0000,0.0000,0.0000
49.5500,19.5983,-18.9000,40167.6488,3162.5451,853.9814,0.0000,0.0000,0.0000
49.5667,19.5983,-18.9000,40166.8662,3162.4665,853.9815,0.0000,0.0000,0.0000
49.5833,19.5983,-18.9000,40166.0899,3162.3906,853.9817,0.0000,0.0000,0.0000
49.6000,19.5983,-18.9000,40165.3262,3162.3180,853.9819,0.0000,0.0000,0.0000
49.6167,19.5984,-18.9000,40164.5805,3162.2488,853.9820,0.0000,0.0000,0.0000
49.6333,19.5984,-18.9000,40163.8567,3162.1830,853.9822,0.0000,0.0000,0.0000
49.6500,19.5984,-18.9000,40163.1577,3162.1205,853.9824,0.0000,0.0000,0.0000
49.6667,19.5984,-18.9000,40162.4850,3162.0611,853.9825,0.0000,0.0000,0.0000
49.6833,19.5984,-18.9000,40161.8392,3162.0046,853.9827,0.0000,0.0000,0.0000
49.7000,19.5984,-18.9000,40161.2201,3161.9507,853.9828,0.0000,0.0000,0.0000
49.7167,19.5984,-18.9000,40160.6264,3161.8990,853.9829,0.0000,0.0000,0.0000
49.7333,19.5984,-18.9000,40160.0569,3161.8492,853.9830,0.0000,0.0000,0.0000
49.7500,19.5984,-18.9000,40159.5095,3161.8011,853.9832,0.0000,0.0000,0.0000
49.7667,19.5984,-18.9000,40158.9821,3161.7544,853.9833,0.0000,0.0000,0.0000
49.7833,19.5984,-18.9000,40158.4725,3161.7087,853.9834,0.0000,0.0000,0.0000
49.8000,19.5984,-18.9000,40157.9785,3161.6639,853.9835,0.0000,0.0000,0.0000
49.8167,19.5984,-18.9000,40157.4977,3161.6197,853.9836,0.0000,0.0000,0.0000
49.8333,19.5984,-18.9000,40157.0280,3161.5760,853.9837,0.0000,0.0000,0.0000
49.8500,19.5984,-18.9000,40156.5672,3161.5326,853.9838,0.0000,0.0000,0.0000
49.8667,19.5984,-18.9000,40156.1134,3161.4892,853.9839,0.0000,0.0000,0.0000
49.8833,19.5984,-18.9000,40155.6648,3161.4458,853.9840,0.0000,0.0000,0.0000
49.9000,19.5984,-18.9000,40155.2196,3161.4022,853.9841,0.0000,0.0000,0.0000
49.9167,19.5985,-18.9000,40154.7762,3161.3583,853.9842,0.0000,0.0000,0.0000
49.9333,19.5985,-18.9000,40154.3333,3161.3140,853.9843,0.0000,0.0000,0.0000
49.9500,19.5985,-18.9000,40153.8895,3161.2693,853.9844,0.0000,0.0000,0.0000
49.9667,19.5985,-18.9000,40153.4436,3161.2240,853.9845,0.0000,0.0000,0.0000
49.9833,19.5985,-18.9000,40152.9947,3161.1780,853.9846,0.0000,0.0000,0.0000
50.0000,19.5985,-18.9000,40152.5417,3161.1314,853.9847,0.0000,0.0000,0.0000
50.0167,19.5985,-18.9083,40153.2772,3161.3796,854.1694,0.0000,0.0000,0.0000
50.0333,19.5985,-18.9167,40154.8957,3161.6239,854.3539,0.0000,0.0000,0.0000
50.0500,19.5984,-18.9250,40157.1704,3161.8655,854.5382,0.0000,0.0000,0.0000
50.0667,19.5984,-18.9333,40159.9331,3162.1050,854.7225,0.0000,0.0000,0.0000
50.0833,19.5984,-18.9417,40163.0594,3162.3434,854.9066,0.0000,0.0000,0.0000
50.1000,19.5983,-18.9500,40166.4572,3162.5813,855.0907,0.0000,0.0000,0.0000
50.1167,19.5983,-18.9583,40170.0592,3162.8191,855.2748,0.0000,0.0000,0.0000
50.1333,19.5983,-18.9667,40173.8160,3163.0576,855.4588,0.0000,0.0000,0.0000
50.1500,19.5982,-18.9750,40177.6918,3163.2972,855.6428,0.0000,0.0000,0.0000
50.1667,19.5982,-18.9833,40181.6607,3163.5384,855.8268,0.0000,0.0000,0.0000
50.1833,19.5982,-18.9917,40184.7850,3163.7935,856.0109,0.0000,0.0000,0.0000
50.2000,19.5981,-19.0000,40188.1533,3164.0495,856.1950,0.0000,0.0000,0.0000
50.2167,19.5981,-19.0083,40191.7211,3164.3066,856.3791,0.0000,0.0000,0.0000
50.2333,19.5980,-19.0167,40195.4528,3164.5650,856.5631,0.0000,0.0000,0.0000
50.2500,19.5980,-19.0250,40199.3200,3164.8250,856.7471,0.0000,0.0000,0.0000
50.2667,19.5980,-19.0333,40203.3003,3165.0868,856.9311,0.0000,0.0000,0.0000
50.2833,19.5979,-19.0417,40207.3757,3165.3505,857.1150,0.0000,0.0000,0.0000
50.3000,19.5979,-19.0500,40211.5324,3165.6165,857.2990,0.0000,0.0000,0.0000
50.3167,19.5978,-19.0583,40215.7591,3165.8847,857.4829,0.0000,0.0000,0.0000
50.3333,19.5978,-19.0667,40220.0473,3166.1555,857.6668,0.0000,0.0000,0.0000
50.3500,19.5978,-19.0750,40224.3903,3166.4289,857.8507,0.0000,0.0000,0.0000
50.3667,19.5977,-19.0833,40228.7829,3166.7051,858.0346,0.0000,0.0000,0.0000
50.3833,19.5977,-19.0917,40233.2210,3166.9841,858.2184,0.0000,0.0000,0.0000
50.4000,19.5976,-19.1000,40237.7017,3167.2662,858.4023,0.0000,0.0000,0.0000
50.4167,19.5976,-19.1083,40242.2228,3167.5513,858.5861,0.0000,0.0000,0.0000
50.4333,19.5975,-19.1167,40246.7826,3167.8396,858.7700,0.0000,0.0000,0.0000
50.4500,19.5975,-19.1250,40251.3799,3168.1311,858.9538,0.0000,0.0000,0.0000
50.4667,19.5974,-19.1333,40256.0139,3168.4260,859.1376,0.0000,0.0000,0.0000
50.4833,19.5974,-19.1417,40260.6841,3168.7243,859.3214,0.0000,0.0000,0.0000
50.5000,19.5973,-19.1500,40265.3902,3169.0260,859.5053,0.0000,0.0000,0.0000
50.5167,19.5973,-19.1583,40270.1320,3169.3313,859.6891,0.0000,0.0000,0.0000
50.5333,19.5973,-19.1667,40274.9095,3169.6401,859.8728,0.0000,0.0000,0.0000
50.5500,19.5972,-19.1750,40279.7227,3169.9525,860.0566,0.0000,0.0000,0.0000
50.5667,19.5972,-19.1833,40284.5717,3170.2685,860.2404,0.0000,0.0000,0.0000
50.5833,19.5971,-19.1917,40289.4566,3170.5882,860.4242,0.0000,0.0000,0.0000
50.6000,19.5971,-19.2000,40294.3778,3170.9116,860.6079,0.0000,0.0000,0.0000
50.6167,19.5970,-19.2083,40299.3352,3171.2387,860.7917,0.0000,0.0000,0.0000
50.6333,19.5970,-19.2167,40304.3291,3171.5695,860.9754,0.0000,0.0000,0.0000
50.6500,19.5969,-19.2250,40309.3596,3171.9041,861.1592,0.0000,0.0000,0.0000
50.6667,19.5969,-19.2333,40314.4270,3172.2424,861.3429,0.0000,0.0000,0.0000
50.6833,19.5968,-19.2417,40319.5312,3172.5844,861.5266,0.0000,0.0000,0.0000
50.7000,19.5968,-19.2500,40324.6726,3172.9303,861.7103,0.0000,0.0000,0.0000
50.7167,19.5967,-19.2583,40329.8510,3173.2799,861.8940,0.0000,0.0000,0.0000
50.7333,19.5966,-19.2667,40335.0667,3173.6332,862.0777,0.0000,0.0000,0.0000
50.7500,19.5966,-19.2750,40340.3195,3173.9903,862.2614,0.0000,0.0000,0.0000
50.7667,19.5965,-19.2833,40345.6097,3174.3511,862.4451,0.0000,0.0000,0.0000
50.7833,19.5965,-19.2917,40350.9370,3174.7157,862.6288,0.0000,0.0000,0.0000
50.8000,19.5964,-19.3000,40356.3016,3175.0840,862.8124,0.0000,0.0000,0.0000
50.8167,19.5964,-19.3083,40361.7033,3175.4560,862.9961,0.0000,0.0000,0.0000
50.8333,19.5963,-19.3167,40367.1421,3175.8316,863.1797,0.0000,0.0000,0.0000
50.8500,19.5963,-19.3250,40372.6178,3176.2109,863.3634,0.0000,0.0000,0.0000
50.8667,19.5962,-19.3333,40378.1304,3176.5939,863.5470,0.0000,0.0000,0.0000
50.8833,19.5962,-19.3417,40383.6796,3176.9805,863.7306,0.0000,0.0000,0.0000
50.9000,19.5961,-19.3500,40389.2654,3177.3706,863.9142,0.0000,0.0000,0.0000
50.9167,19.5961,-19.3583,40394.8874,3177.7644,864.0978,0.0000,0.0000,0.0000
50.9333,19.5960,-19.3667,40400.5456,3178.1616,864.2814,0.0000,0.0000,0.0000
50.9500,19.5959,-19.3750,40406.2397,3178.5624,864.4650,0.0000,0.0000,0.0000
50.9667,19.5959,-19.3833,40411.9694,3178.9666,864.6486,0.0000,0.0000,0.0000
50.9833,19.5958,-19.3917,40417.7346,3179.3743,864.8322,0.0000,0.0000,0.0000
51.0000,19.5958,-19.4000,40423.5349,3179.7854,865.0158,0.0000,0.0000,0.0000
51.0167,19.5957,-19.4100,40429.5539,3180.2592,865.2362,0.0000,0.0000,0.0000
51.0333,19.5956,-19.4200,40435.7552,3180.7359,865.4567,0.0000,0.0000,0.0000
51.0500,19.5956,-19.4300,40444.0727,3181.2506,865.6767,0.0000,0.0000,0.0000
51.0667,19.5955,-19.4400,40450.2534,3181.7359,865.8971,0.0000,0.0000,0.0000
51.0833,19.5954,-19.4500,40456.6076,3182.2241,866.1175,0.0000,0.0000,0.0000
51.1000,19.5953,-19.4600,40465.1206,3182.7542,866.3375,0.0000,0.0000,0.0000
51.1167,19.5953,-19.4700,40471.4401,3183.2517,866.5579,0.0000,0.0000,0.0000
51.1333,19.5952,-19.4800,40477.9308,3183.7526,866.7783,0.0000,0.0000,0.0000
51.1500,19.5951,-19.4900,40486.6257,3184.2994,866.9982,0.0000,0.0000,0.0000
51.1667,19.5951,-19.5000,40493.0790,3184.8106,867.2186,0.0000,0.0000,0.0000
51.1833,19.5950,-19.5100,40499.7046,3185.3255,867.4389,0.0000,0.0000,0.0000
51.2000,19.5949,-19.5200,40508.5837,3185.8908,867.6588,0.0000,0.0000,0.0000
51.2167,19.5948,-19.5300,40515.1749,3186.4169,867.8791,0.0000,0.0000,0.0000
51.2333,19.5948,-19.5400,40521.9413,3186.9471,868.0994,0.0000,0.0000,0.0000
51.2500,19.5947,-19.5500,40531.0143,3187.5326,868.3193,0.0000,0.0000,0.0000
51.2667,19.5946,-19.5600,40537.7515,3188.0747,868.5396,0.0000,0.0000,0.0000
51.2833,19.5946,-19.5700,40544.6672,3188.6213,868.7599,0.0000,0.0000,0.0000
51.3000,19.5945,-19.5800,40553.9458,3189.2281,868.9796,0.0000,0.0000,0.0000
51.3167,19.5944,-19.5900,40560.8376,3189.7872,869.1999,0.0000,0.0000,0.0000
51.3333,19.5943,-19.6000,40567.9110,3190.3510,869.4202,0.0000,0.0000,0.0000
51.3500,19.5942,-19.6100,40577.4064,3190.9800,869.6399,0.0000,0.0000,0.0000
51.3667,19.5942,-19.6200,40584.4603,3191.5567,869.8602,0.0000,0.0000,0.0000
51.3833,19.5941,-19.6300,40591.6987,3192.1381,870.0804,0.0000,0.0000,0.0000
51.4000,19.5940,-19.6400,40601.4195,3192.7900,870.3000,0.0000,0.0000,0.0000
51.4167,19.5939,-19.6500,40608.6415,3193.3846,870.5203,0.0000,0.0000,0.0000
51.4333,19.5938,-19.6600,40618.3834,3194.0533,870.7399,0.0000,0.0000,0.0000
51.4500,19.5937,-19.6700,40627.9376,3194.7326,870.9596,0.0000,0.0000,0.0000
51.4667,19.5936,-19.6800,40637.3759,3195.4219,871.1794,0.0000,0.0000,0.0000
51.4833,19.5935,-19.6900,40646.7513,3196.1209,871.3991,0.0000,0.0000,0.0000
51.5000,19.5934,-19.7000,40656.1027,3196.8293,871.6189,0.0000,0.0000,0.0000
51.5167,19.5933,-19.7100,40665.4592,3197.5469,871.8386,0.0000,0.0000,0.0000
51.5333,19.5933,-19.7200,40674.8416,3198.2735,872.0583,0.0000,0.0000,0.0000
51.5500,19.5932,-19.7300,40684.2654,3199.0089,872.2781,0.0000,0.0000,0.0000
51.5667,19.5931,-19.7400,40693.7415,3199.7529,872.4978,0.0000,0.0000,0.0000
51.5833,19.5930,-19.7500,40703.2778,3200.5052,872.7175,0.0000,0.0000,0.0000
51.6000,19.5929,-19.7600,40712.8795,3201.2657,872.9372,0.0000,0.0000,0.0000
51.6167,19.5928,-19.7700,40722.5502,3202.0342,873.1569,0.0000,0.0000,0.0000
51.6333,19.5927,-19.7800,40732.2922,3202.8105,873.3765,0.0000,0.0000,0.0000
51.6500,19.5926,-19.7900,40742.1065,3203.5943,873.5962,0.0000,0.0000,0.0000
51.6667,19.5925,-19.8000,40751.9937,3204.3857,873.8158,0.0000,0.0000,0.0000
51.6833,19.5924,-19.8100,40761.9536,3205.1842,874.0354,0.0000,0.0000,0.0000
51.7000,19.5923,-19.8200,40771.9857,3205.9899,874.2550,0.0000,0.0000,0.0000
51.7167,19.5922,-19.8300,40782.0893,3206.8024,874.4746,0.0000,0.0000,0.0000
51.7333,19.5921,-19.8400,40792.2632,3207.6217,874.6942,0.0000,0.0000,0.0000
51.7500,19.5920,-19.8500,40802.5063,3208.4476,874.9137,0.0000,0.0000,0.0000
51.7667,19.5919,-19.8600,40812.8174,3209.2799,875.1333,0.0000,0.0000,0.0000
51.7833,19.5918,-19.8700,40823.1949,3210.1184,875.3528,0.0000,0.0000,0.0000
51.8000,19.5917,-19.8800,40833.6376,3210.9630,875.5723,0.0000,0.0000,0.0000
51.8167,19.5916,-19.8900,40844.1440,3211.8136,875.7918,0.0000,0.0000,0.0000
51.8333,19.5915,-19.9000,40854.7125,3212.6699,876.0113,0.0000,0.0000,0.0000
51.8500,19.5913,-19.9100,40865.3418,3213.5319,876.2307,0.0000,0.0000,0.0000
51.8667,19.5912,-19.9200,40876.0304,3214.3994,876.4502,0.0000,0.0000,0.0000
51.8833,19.5911,-19.9300,40886.7769,3215.2722,876.6696,0.0000,0.0000,0.0000
51.9000,19.5910,-19.9400,40897.5797,3216.1503,876.8890,0.0000,0.0000,0.0000
51.9167,19.5909,-19.9500,40908.4375,3217.0334,877.1085,0.0000,0.0000,0.0000
51.9333,19.5908,-19.9600,40919.3490,3217.9215,877.3279,0.0000,0.0000,0.0000
51.9500,19.5907,-19.9700,40930.3126,3218.8144,877.5472,0.0000,0.0000,0.0000
51.9667,19.5906,-19.9800,40941.3271,3219.7120,877.7666,0.0000,0.0000,0.0000
51.9833,19.5905,-19.9900,40952.3912,3220.6141,877.9860,0.0000,0.0000,0.0000
52.0000,19.5904,-20.0000,40963.5035,3221.5207,878.2054,0.0000,0.0000,0.0000
52.0167,19.5903,-20.0100,40974.6628,3222.4316,878.4247,0.0000,0.0000,0.0000
52.0333,19.5901,-20.0200,40985.8678,3223.3467,878.6440,0.0000,0.0000,0.0000
52.0500,19.5900,-20.0300,40997.1173,3224.2659,878.8634,0.0000,0.0000,0.0000
52.0667,19.5899,-20.0400,41008.4101,3225.1891,879.0827,0.0000,0.0000,0.0000
52.0833,19.5898,-20.0500,41019.7451,3226.1161,879.3020,0.0000,0.0000,0.0000
52.1000,19.5897,-20.0600,41031.1211,3227.0469,879.5213,0.0000,0.0000,0.0000
52.1167,19.5896,-20.0700,41042.5370,3227.9814,879.7406,0.0000,0.0000,0.0000
52.1333,19.5895,-20.0800,41053.9917,3228.9194,879.9599,0.0000,0.0000,0.0000
52.1500,19.5893,-20.0900,41065.4841,3229.8609,880.1791,0.0000,0.0000,0.0000
52.1667,19.5892,-20.1000,41077.0132,3230.8057,880.3984,0.0000,0.0000,0.0000
52.1833,19.5891,-20.1100,41088.5779,3231.7538,880.6177,0.0000,0.0000,0.0000
52.2000,19.5890,-20.1200,41100.1773,3232.7051,880.8369,0.0000,0.0000,0.0000
52.2167,19.5889,-20.1300,41111.8104,3233.6594,881.0562,0.0000,0.0000,0.0000
52.2333,19.5888,-20.1400,41123.4763,3234.6167,881.2754,0.0000,0.0000,0.0000
52.2500,19.5886,-20.1500,41135.1739,3235.5770,881.4946,0.0000,0.0000,0.0000
52.2667,19.5885,-20.1600,41146.9025,3236.5400,881.7138,0.0000,0.0000,0.0000
52.2833,19.5884,-20.1700,41158.6611,3237.5058,881.9331,0.0000,0.0000,0.0000
52.3000,19.5883,-20.1800,41170.4488,3238.4743,882.1523,0.0000,0.0000,0.0000
52.3167,19.5882,-20.1900,41182.2649,3239.4453,882.3715,0.0000,0.0000,0.0000
52.3333,19.5881,-20.2000,41194.1085,3240.4189,882.5907,0.0000,0.0000,0.0000
52.3500,19.5879,-20.2100,41205.9787,3241.3948,882.8098,0.0000,0.0000,0.0000
52.3667,19.5878,-20.2200,41217.8749,3242.3732,883.0290,0.0000,0.0000,0.0000
52.3833,19.5877,-20.2300,41229.7962,3243.3538,883.2482,0.0000,0.0000,0.0000
52.4000,19.5876,-20.2400,41241.7419,3244.3366,883.4674,0.0000,0.0000,0.0000
52.4167,19.5875,-20.2500,41253.7113,3245.3216,883.6866,0.0000,0.0000,0.0000
52.4333,19.5873,-20.2600,41265.7037,3246.3087,883.9057,0.0000,0.0000,0.0000
52.4500,19.5872,-20.2700,41277.7183,3247.2978,884.1249,0.0000,0.0000,0.0000
52.4667,19.5871,-20.2800,41289.7546,3248.2889,884.3440,0.0000,0.0000,0.0000
52.4833,19.5870,-20.2900,41301.8117,3249.2818,884.5632,0.0000,0.0000,0.0000
52.5000,19.5869,-20.3000,41313.8892,3250.2766,884.7823,0.0000,0.0000,0.0000
52.5167,19.5867,-20.3100,41325.9864,3251.2732,885.0015,0.0000,0.0000,0.0000
52.5333,19.5866,-20.3200,41338.1027,3252.2715,885.2206,0.0000,0.0000,0.0000
52.5500,19.5865,-20.3300,41350.2374,3253.2715,885.4397,0.0000,0.0000,0.0000
52.5667,19.5864,-20.3400,41362.3900,3254.2731,885.6589,0.0000,0.0000,0.0000
52.5833,19.5863,-20.3500,41374.5600,3255.2762,885.8780,0.0000,0.0000,0.0000
52.6000,19.5861,-20.3600,41386.7468,3256.2809,886.0971,0.0000,0.0000,0.0000
52.6167,19.5860,-20.3700,41395.9573,3257.1423,886.3169,0.0000,0.0000,0.0000
52.6333,19.5859,-20.3800,41408.5546,3258.1470,886.5359,0.0000,0.0000,0.0000
52.6500,19.5858,-20.3900,41421.0684,3259.1542,886.7550,0.0000,0.0000,0.0000
52.6667,19.5857,-20.4000,41433.5243,3260.1632,886.9740,0.0000,0.0000,0.0000
52.6833,19.5855,-20.4100,41445.9408,3261.1740,887.1931,0.0000,0.0000,0.0000
52.7000,19.5854,-20.4200,41458.3316,3262.1862,887.4122,0.0000,0.0000,0.0000
52.7167,19.5853,-20.4300,41470.7067,3263.2000,887.6312,0.0000,0.0000,0.0000
52.7333,19.5852,-20.4400,41483.0735,3264.2151,887.8503,0.0000,0.0000,0.0000
52.7500,19.5851,-20.4500,41492.4048,3265.0845,888.0701,0.0000,0.0000,0.0000
52.7667,19.5849,-20.4600,41505.1522,3266.0993,888.2891,0.0000,0.0000,0.0000
52.7833,19.5848,-20.4700,41517.8034,3267.1164,888.5081,0.0000,0.0000,0.0000
52.8000,19.5847,-20.4800,41530.3869,3268.1352,888.7271,0.0000,0.0000,0.0000
52.8167,19.5846,-20.4900,41542.9231,3269.1556,888.9462,0.0000,0.0000,0.0000
52.8333,19.5844,-20.5000,41555.4272,3270.1773,889.1652,0.0000,0.0000,0.0000
52.8500,19.5844,-20.5100,41564.8486,3271.0518,889.3849,0.0000,0.0000,0.0000
52.8667,19.5842,-20.5200,41577.7054,3272.0731,889.6039,0.0000,0.0000,0.0000
52.8833,19.5841,-20.5300,41590.4548,3273.0966,889.8229,0.0000,0.0000,0.0000
52.9000,19.5840,-20.5400,41603.1276,3274.1217,890.0419,0.0000,0.0000,0.0000
52.9167,19.5838,-20.5500,41615.7464,3275.1483,890.2609,0.0000,0.0000,0.0000
52.9333,19.5837,-20.5600,41628.3278,3276.1761,890.4800,0.0000,0.0000,0.0000
52.9500,19.5836,-20.5700,41637.8037,3277.0552,890.6997,0.0000,0.0000,0.0000
52.9667,19.5835,-20.5800,41650.7313,3278.0825,890.9186,0.0000,0.0000,0.0000
52.9833,19.5834,-20.5900,41663.5482,3279.1118,891.1376,0.0000,0.0000,0.0000
53.0000,19.5832,-20.6000,41676.2859,3280.1426,891.3566,0.0000,0.0000,0.0000
53.0167,19.5832,-20.6000,41684.7547,3280.6685,891.3547,0.0000,0.0000,0.0000
53.0333,19.5831,-20.6000,41692.6107,3281.1962,891.3530,0.0000,0.0000,0.0000
53.0500,19.5830,-20.6000,41699.9742,3281.7256,891.3514,0.0000,0.0000,0.0000
53.0667,19.5829,-20.6000,41706.9419,3282.2563,891.3498,0.0000,0.0000,0.0000
53.0833,19.5829,-20.6000,41713.5915,3282.7879,891.3483,0.0000,0.0000,0.0000
53.1000,19.5828,-20.6000,41719.9848,3283.3202,891.3469,0.0000,0.0000,0.0000
53.1167,19.5827,-20.6000,41726.1713,3283.8526,891.3456,0.0000,0.0000,0.0000
53.1333,19.5827,-20.6000,41732.1902,3284.3849,891.3442,0.0000,0.0000,0.0000
53.1500,19.5826,-20.6000,41738.0729,3284.9168,891.3429,0.0000,0.0000,0.0000
53.1667,19.5826,-20.6000,41743.8439,3285.4480,891.3416,0.0000,0.0000,0.0000
53.1833,19.5825,-20.6000,41749.5227,3285.9782,891.3404,0.0000,0.0000,0.0000
53.2000,19.5824,-20.6000,41755.1244,3286.5070,891.3391,0.0000,0.0000,0.0000
53.2167,19.5824,-20.6000,41760.6609,3287.0344,891.3379,0.0000,0.0000,0.0000
53.2333,19.5823,-20.6000,41766.1414,3287.5601,891.3367,0.0000,0.0000,0.0000
53.2500,19.5823,-20.6000,41771.5728,3288.0838,891.3355,0.0000,0.0000,0.0000
53.2667,19.5822,-20.6000,41776.9604,3288.6054,891.3343,0.0000,0.0000,0.0000
53.2833,19.5822,-20.6000,41782.3082,3289.1247,891.3331,0.0000,0.0000,0.0000
53.3000,19.5821,-20.6000,41787.6191,3289.6414,891.3319,0.0000,0.0000,0.0000
53.3167,19.5821,-20.6000,41792.8950,3290.1556,891.3308,0.0000,0.0000,0.0000
53.3333,19.5820,-20.6000,41798.1373,3290.6670,891.3296,0.0000,0.0000,0.0000
53.3500,19.5820,-20.6000,41803.3470,3291.1755,891.3284,0.0000,0.0000,0.0000
53.3667,19.5819,-20.6000,41808.5244,3291.6809,891.3273,0.0000,0.0000,0.0000
53.3833,19.5819,-20.6000,41813.6697,3292.1833,891.3261,0.0000,0.0000,0.0000
53.4000,19.5818,-20.6000,41818.7829,3292.6823,891.3250,0.0000,0.0000,0.0000
53.4167,19.5818,-20.6000,41823.8638,3293.1781,891.3239,0.0000,0.0000,0.0000
53.4333,19.5817,-20.6000,41828.9121,3293.6705,891.3228,0.0000,0.0000,0.0000
53.4500,19.5817,-20.6000,41833.9272,3294.1593,891.3217,0.0000,0.0000,0.0000
53.4667,19.5816,-20.6000,41838.9088,3294.6447,891.3205,0.0000,0.0000,0.0000
53.4833,19.5816,-20.6000,41843.8564,3295.1264,891.3195,0.0000,0.0000,0.0000
53.5000,19.5815,-20.6000,41848.7694,3295.6044,891.3184,0.0000,0.0000,0.0000
53.5167,19.5815,-20.6000,41853.6475,3296.0787,891.3173,0.0000,0.0000,0.0000
53.5333,19.5814,-20.6000,41858.4900,3296.5493,891.3162,0.0000,0.0000,0.0000
53.5500,19.5814,-20.6000,41863.2966,3297.0161,891.3151,0.0000,0.0000,0.0000
53.5667,19.5813,-20.6000,41868.0668,3297.4790,891.3141,0.0000,0.0000,0.0000
53.5833,19.5813,-20.6000,41872.8003,3297.9381,891.3130,0.0000,0.0000,0.0000
53.6000,19.5812,-20.6000,41877.4966,3298.3934,891.3120,0.0000,0.0000,0.0000
53.6167,19.5812,-20.6000,41882.1555,3298.8447,891.3110,0.0000,0.0000,0.0000
53.6333,19.5811,-20.6000,41886.7767,3299.2922,891.3099,0.0000,0.0000,0.0000
53.6500,19.5811,-20.6000,41891.3600,3299.7357,891.3089,0.0000,0.0000,0.0000
53.6667,19.5810,-20.6000,41895.9051,3300.1754,891.3079,0.0000,0.0000,0.0000
53.6833,19.5810,-20.6000,41900.4118,3300.6111,891.3069,0.0000,0.0000,0.0000
53.7000,19.5810,-20.6000,41904.8801,3301.0429,891.3059,0.0000,0.0000,0.0000
53.7167,19.5809,-20.6000,41909.3099,3301.4709,891.3049,0.0000,0.0000,0.0000
53.7333,19.5809,-20.6000,41913.7010,3301.8949,891.3040,0.0000,0.0000,0.0000
53.7500,19.5808,-20.6000,41918.0536,3302.3150,891.3030,0.0000,0.0000,0.0000
53.7667,19.5808,-20.6000,41922.3675,3302.7313,891.3020,0.0000,0.0000,0.0000
53.7833,19.5807,-20.6000,41926.6428,3303.1437,891.3011,0.0000,0.0000,0.0000
53.8000,19.5807,-20.6000,41930.8796,3303.5523,891.3001,0.0000,0.0000,0.0000
53.8167,19.5806,-20.6000,41935.0779,3303.9571,891.2992,0.0000,0.0000,0.0000
53.8333,19.5806,-20.6000,41939.2379,3304.3580,891.2983,0.0000,0.0000,0.0000
53.8500,19.5806,-20.6000,41943.3598,3304.7552,891.2974,0.0000,0.0000,0.0000
53.8667,19.5805,-20.6000,41947.4436,3305.1487,891.2965,0.0000,0.0000,0.0000
53.8833,19.5805,-20.6000,41951.4896,3305.5384,891.2956,0.0000,0.0000,0.0000
53.9000,19.5804,-20.6000,41955.4980,3305.9245,891.2947,0.0000,0.0000,0.0000
53.9167,19.5804,-20.6000,41959.4690,3306.3069,891.2938,0.0000,0.0000,0.0000
53.9333,19.5804,-20.6000,41963.4028,3306.6857,891.2929,0.0000,0.0000,0.0000
53.9500,19.5803,-20.6000,41967.2996,3307.0609,891.2921,0.0000,0.0000,0.0000
53.9667,19.5803,-20.6000,41971.1598,3307.4325,891.2912,0.0000,0.0000,0.0000
53.9833,19.5803,-20.6000,41974.9837,3307.8006,891.2904,0.0000,0.0000,0.0000
54.0000,19.5802,-20.6000,41980.5184,3308.3029,891.2891,0.0000,0.0000,0.0000
54.0167,19.5801,-20.6000,41985.8790,3308.7917,891.2879,1.1046,0.0000,0.0000
54.0333,19.5801,-20.6000,41991.0856,3309.2708,891.2868,2.2092,0.0000,0.0000
54.0500,19.5800,-20.6000,41996.1601,3309.7427,891.2857,3.3138,0.0000,0.0000
54.0667,19.5800,-20.6000,42001.1218,3310.2087,891.2846,4.4184,0.0000,0.0000
54.0833,19.5799,-20.6000,42005.9855,3310.6689,891.2835,5.5230,0.0000,0.0000
54.1000,19.5799,-20.6000,42010.7608,3311.1229,891.2824,6.6276,0.0000,0.0000
54.1167,19.5798,-20.6000,42015.4525,3311.5699,891.2814,7.7322,0.0000,0.0000
54.1333,19.5798,-20.6000,42019.6925,3311.9822,891.2804,8.8368,0.0000,0.0000
54.1500,19.5798,-20.6000,42023.8789,3312.3854,891.2795,9.9414,0.0000,0.0000
54.1667,19.5797,-20.6000,42028.0013,3312.7789,891.2786,11.0460,0.0000,0.0000
54.1833,19.5797,-20.6000,42032.0507,3313.1624,891.2777,12.1506,0.0000,0.0000
54.2000,19.5796,-20.6000,42036.0186,3313.5351,891.2768,13.2552,0.0000,0.0000
54.2167,19.5796,-20.6000,42039.8976,3313.8967,891.2760,14.3598,0.0000,0.0000
54.2333,19.5796,-20.6000,42043.6808,3314.2466,891.2751,15.4644,0.0000,0.0000
54.2500,19.5795,-20.6000,42047.3619,3314.5843,891.2743,16.5690,0.0000,0.0000
54.2667,19.5795,-20.6000,42050.9352,3314.9095,891.2735,17.6736,0.0000,0.0000
54.2833,19.5795,-20.6000,42054.3956,3315.2218,891.2727,18.7782,0.0000,0.0000
54.3000,19.5794,-20.6000,42057.7384,3315.5209,891.2720,19.8828,0.0000,0.0000
54.3167,19.5794,-20.6000,42060.9595,3315.8065,891.2713,20.9874,0.0000,0.0000
54.3333,19.5794,-20.6000,42064.3216,3316.0969,891.2705,22.0920,0.0000,0.0000
54.3500,19.5793,-20.6000,42067.5274,3316.3747,891.2698,23.1966,0.0000,0.0000
54.3667,19.5793,-20.6000,42070.5866,3316.6406,891.2692,24.3012,0.0000,0.0000
54.3833,19.5793,-20.6000,42073.5075,3316.8948,891.2685,25.4058,0.0000,0.0000
54.4000,19.5792,-20.6000,42076.2958,3317.1374,891.2679,26.5104,0.0000,0.0000
54.4167,19.5792,-20.6000,42078.7461,3317.3541,891.2673,27.6150,0.0000,0.0000
54.4333,19.5792,-20.6000,42081.0960,3317.5590,891.2668,28.7196,0.0000,0.0000
54.4500,19.5792,-20.6000,42083.3408,3317.7518,891.2663,29.8242,0.0000,0.0000
54.4667,19.5791,-20.6000,42085.4762,3317.9325,891.2659,30.9288,0.0000,0.0000
54.4833,19.5791,-20.6000,42087.4983,3318.1005,891.2654,32.0334,0.0000,0.0000
54.5000,19.5791,-20.6000,42089.4036,3318.2558,891.2650,33.1380,0.0000,0.0000
54.5167,19.5791,-20.6000,42091.1887,3318.3980,891.2646,34.2426,0.0000,0.0000
54.5333,19.5791,-20.6000,42092.8506,3318.5269,891.2642,35.3472,0.0000,0.0000
54.5500,19.5791,-20.6000,42094.3865,3318.6424,891.2639,36.4518,0.0000,0.0000
54.5667,19.5790,-20.6000,42095.7942,3318.7443,891.2636,37.5564,0.0000,0.0000
54.5833,19.5790,-20.6000,42097.0715,3318.8326,891.2633,38.6610,0.0000,0.0000
54.6000,19.5790,-20.6000,42098.2168,3318.9071,891.2630,39.7656,0.0000,0.0000
54.6167,19.5790,-20.6000,42099.2288,3318.9678,891.2628,40.8702,0.0000,0.0000
54.6333,19.5790,-20.6000,42100.1063,3319.0147,891.2626,41.9748,0.0000,0.0000
54.6500,19.5790,-20.6000,42100.8487,3319.0478,891.2624,43.0794,0.0000,0.0000
54.6667,19.5790,-20.6000,42101.5041,3319.0697,891.2623,44.1840,0.0000,0.0000
54.6833,19.5790,-20.6000,42102.0131,3319.0800,891.2622,45.2886,0.0000,0.0000
54.7000,19.5790,-20.6000,42102.3870,3319.0799,891.2621,46.3932,0.0000,0.0000
54.7167,19.5790,-20.6000,42102.6362,3319.0702,891.2620,47.4978,0.0000,0.0000
54.7333,19.5790,-20.6000,42102.7628,3319.0521,891.2620,48.6024,0.0000,0.0000
54.7500,19.5790,-20.6000,42102.7893,3319.0242,891.2620,49.7070,0.0000,0.0000
54.7667,19.5790,-20.6000,42102.7156,3318.9862,891.2620,50.8116,0.0000,0.0000
54.7833,19.5790,-20.6000,42102.5405,3318.9377,891.2621,51.9162,0.0000,0.0000
54.8000,19.5790,-20.6000,42102.2622,3318.8783,891.2621,53.0208,0.0000,0.0000
54.8167,19.5790,-20.6000,42101.8782,3318.8076,891.2622,54.1254,0.0000,0.0000
54.8333,19.5790,-20.6000,42101.3861,3318.7252,891.2623,55.2300,0.0000,0.0000
54.8500,19.5790,-20.6000,42100.7833,3318.6310,891.2625,56.3346,0.0000,0.0000
54.8667,19.5790,-20.6000,42100.0676,3318.5248,891.2626,57.4392,0.0000,0.0000
54.8833,19.5790,-20.6000,42099.2371,3318.4065,891.2628,58.5438,0.0000,0.0000
54.9000,19.5790,-20.6000,42098.2900,3318.2760,891.2630,59.6484,0.0000,0.0000
54.9167,19.5790,-20.6000,42097.2251,3318.1333,891.2632,60.7530,0.0000,0.0000
54.9333,19.5790,-20.6000,42096.0412,3317.9784,891.2635,61.8576,0.0000,0.0000
54.9500,19.5791,-20.6000,42094.7378,3317.8113,891.2638,62.9622,0.0000,0.0000
54.9667,19.5791,-20.6000,42093.3144,3317.6320,891.2641,64.0668,0.0000,0.0000
54.9833,19.5791,-20.6000,42091.7709,3317.4406,891.2645,65.1714,0.0000,0.0000
55.0000,19.5791,-20.6000,42089.9559,3317.2246,891.2649,66.2760,0.0000,0.0000
55.0167,19.5791,-20.6000,42087.7133,3316.8788,891.2654,77.7954,0.0000,0.0000
55.0333,19.5792,-20.6000,42084.8836,3316.4308,891.2660,89.3148,0.0000,0.0000
55.0500,19.5792,-20.6000,42081.7141,3315.9326,891.2667,100.8342,0.0000,0.0000
55.0667,19.5792,-20.6000,42077.9312,3315.3661,891.2675,112.3536,0.0000,0.0000
55.0833,19.5793,-20.6000,42073.5423,3314.7414,891.2685,123.8730,0.0000,0.0000
55.1000,19.5793,-20.6000,42068.5726,3314.0663,891.2696,135.3924,0.0000,0.0000
55.1167,19.5794,-20.6000,42063.0570,3313.3473,891.2708,146.9118,0.0000,0.0000
55.1333,19.5794,-20.6000,42057.0346,3312.5893,891.2722,158.4312,0.0000,0.0000
55.1500,19.5795,-20.6000,42050.5453,3311.7969,891.2736,169.9506,0.0000,0.0000
55.1667,19.5796,-20.6000,42043.6286,3310.9736,891.2751,181.4700,0.0000,0.0000
55.1833,19.5796,-20.6000,42036.3218,3310.1226,891.2768,192.9894,0.0000,0.0000
55.2000,19.5797,-20.6000,42028.6598,3309.2466,891.2785,204.5088,0.0000,0.0000
55.2167,19.5798,-20.6000,42020.6751,3308.3482,891.2802,216.0282,0.0000,0.0000
55.2333,19.5799,-20.6000,42012.3977,3307.4296,891.2821,227.5476,0.0000,0.0000
55.2500,19.5800,-20.6000,42003.8551,3306.4927,891.2840,239.0670,0.0000,0.0000
55.2667,19.5800,-20.6000,41995.0726,3305.5396,891.2859,250.5864,0.0000,0.0000
55.2833,19.5801,-20.6000,41986.0737,3304.5719,891.2879,262.1058,0.0000,0.0000
55.3000,19.5802,-20.6000,41976.8802,3303.5914,891.2899,273.6252,0.0000,0.0000
55.3167,19.5803,-20.6000,41967.5123,3302.5995,891.2920,285.1446,0.0000,0.0000
55.3333,19.5804,-20.6000,41957.9890,3301.5979,891.2941,296.6640,0.0000,0.0000
55.3500,19.5805,-20.6000,41948.3283,3300.5879,891.2963,308.1834,0.0000,0.0000
55.3667,19.5806,-20.6000,41938.5473,3299.5712,891.2984,319.7028,0.0000,0.0000
55.3833,19.5807,-20.6000,41928.6626,3298.5491,891.3006,331.2222,0.0000,0.0000
55.4000,19.5808,-20.6000,41918.6903,3297.5231,891.3029,342.7416,0.0000,0.0000
55.4167,19.5809,-20.6000,41908.6461,3296.4948,891.3051,354.2610,0.0000,0.0000
55.4333,19.5810,-20.6000,41898.5458,3295.4656,891.3073,365.7804,0.0000,0.0000
55.4500,19.5811,-20.6000,41888.4052,3294.4373,891.3096,377.2998,0.0000,0.0000
55.4667,19.5812,-20.6000,41878.2403,3293.4114,891.3118,388.8192,0.0000,0.0000
55.4833,19.5813,-20.6000,41868.0678,3292.3899,891.3141,400.3386,0.0000,0.0000
55.5000,19.5814,-20.6000,41857.9048,3291.3745,891.3163,411.8580,0.0000,0.0000
55.5167,19.5815,-20.6000,41847.7694,3290.3675,891.3186,423.3774,0.0000,0.0000
55.5333,19.5816,-20.6000,41837.6810,3289.3712,891.3208,434.8968,0.0000,0.0000
55.5500,19.5817,-20.6000,41827.6605,3288.3880,891.3230,446.4162,0.0000,0.0000
55.5667,19.5818,-20.6000,41817.7307,3287.4210,891.3252,457.9356,0.0000,0.0000
55.5833,19.5819,-20.6000,41807.9167,3286.4734,891.3274,469.4550,0.0000,0.0000
55.6000,19.5820,-20.6000,41798.2471,3285.5490,891.3296,480.9744,0.0000,0.0000
55.6167,19.5821,-20.6000,41788.7543,3284.6523,891.3317,492.4938,0.0000,0.0000
55.6333,19.5822,-20.6000,41779.4760,3283.7888,891.3337,504.0132,0.0000,0.0000
55.6500,19.5823,-20.6000,41770.4572,3282.9653,891.3357,515.5326,0.0000,0.0000
55.6667,19.5824,-20.6000,41761.7532,3282.1906,891.3377,527.0520,0.0000,0.0000
55.6833,19.5825,-20.6000,41753.4349,3281.4767,891.3395,538.5714,0.0000,0.0000
55.7000,19.5825,-20.6000,41745.5983,3280.8415,891.3412,550.0908,0.0000,0.0000
55.7167,19.5826,-20.6000,41738.3886,3280.3160,891.3428,561.6102,0.0000,0.0000
55.7333,19.5827,-20.6000,41732.0848,3279.9784,891.3442,573.1296,0.0000,0.0000
55.7500,19.5827,-20.6000,41726.2607,3279.4207,891.3455,584.6490,0.0000,0.0000
55.7667,19.5828,-20.6000,41718.8976,3278.2390,891.3472,596.1684,0.0000,0.0000
55.7833,19.5829,-20.6000,41709.6493,3276.7480,891.3492,607.6878,0.0000,0.0000
55.8000,19.5830,-20.6000,41698.4221,3275.0240,891.3517,619.2072,0.0000,0.0000
55.8167,19.5831,-20.6000,41685.2291,3273.1054,891.3546,630.7266,0.0000,0.0000
55.8333,19.5833,-20.6000,41670.1351,3271.0153,891.3580,642.2460,0.0000,0.0000
55.8500,19.5835,-20.6000,41653.2273,3268.7697,891.3617,653.7654,0.0000,0.0000
55.8667,19.5837,-20.6000,41634.5992,3266.3797,891.3659,665.2848,0.0000,0.0000
55.8833,19.5839,-20.6000,41614.3420,3263.8540,891.3704,676.8042,0.0000,0.0000
55.9000,19.5841,-20.6000,41592.5408,3261.1994,891.3752,688.3236,0.0000,0.0000
55.9167,19.5843,-20.6000,41569.2733,3258.4213,891.3804,699.8430,0.0000,0.0000
55.9333,19.5846,-20.6000,41544.6085,3255.5240,891.3858,711.3624,0.0000,0.0000
55.9500,19.5848,-20.6000,41518.6076,3252.5114,891.3916,722.8818,0.0000,0.0000
55.9667,19.5851,-20.6000,41491.3246,3249.3867,891.3976,734.4012,0.0000,0.0000
55.9833,19.5854,-20.6000,41460.1911,3245.9317,891.4046,745.9206,0.0000,0.0000
56.0000,19.5857,-20.6000,41427.8887,3242.3691,891.4117,757.4400,0.0000,0.0000
56.0167,19.5860,-20.6083,41396.1132,3239.1465,891.6036,761.2272,0.0000,0.0000
56.0333,19.5864,-20.6167,41364.7707,3235.9408,891.7954,765.0144,0.0000,0.0000
56.0500,19.5867,-20.6250,41333.7515,3232.7368,891.9872,768.8016,0.0000,0.0000
56.0667,19.5869,-20.6333,41305.5417,3229.7468,892.1783,772.5888,0.0000,0.0000
56.0833,19.5872,-20.6417,41277.3408,3226.7381,892.3694,776.3760,0.0000,0.0000
56.1000,19.5875,-20.6500,41249.0917,3223.7072,892.5605,780.1632,0.0000,0.0000
56.1167,19.5878,-20.6583,41220.7447,3220.6514,892.7516,783.9504,0.0000,0.0000
56.1333,19.5881,-20.6667,41192.2578,3217.5688,892.9428,787.7376,0.0000,0.0000
56.1500,19.5884,-20.6750,41163.5959,3214.4580,893.1340,791.5248,0.0000,0.0000
56.1667,19.5887,-20.6833,41134.7309,3211.3182,893.3253,795.3120,0.0000,0.0000
56.1833,19.5889,-20.6917,41105.6403,3208.1490,893.5166,799.0992,0.0000,0.0000
56.2000,19.5892,-20.7000,41076.3066,3204.9501,893.7079,802.8864,0.0000,0.0000
56.2167,19.5895,-20.7083,41046.7170,3201.7217,893.8994,806.6736,0.0000,0.0000
56.2333,19.5898,-20.7167,41016.8618,3198.4637,894.0908,810.4608,0.0000,0.0000
56.2500,19.5901,-20.7250,40986.7348,3195.1766,894.2824,814.2480,0.0000,0.0000
56.2667,19.5904,-20.7333,40956.3319,3191.8606,894.4740,818.0352,0.0000,0.0000
56.2833,19.5907,-20.7417,40925.6513,3188.5163,894.6656,821.8224,0.0000,0.0000
56.3000,19.5911,-20.7500,40894.6926,3185.1439,894.8573,825.6096,0.0000,0.0000
56.3167,19.5914,-20.7583,40863.4570,3181.7442,895.0491,829.3968,0.0000,0.0000
56.3333,19.5917,-20.7667,40831.9464,3178.3175,895.2410,833.1840,0.0000,0.0000
56.3500,19.5920,-20.7750,40800.1639,3174.8645,895.4329,836.9712,0.0000,0.0000
56.3667,19.5923,-20.7833,40768.1132,3171.3857,895.6248,840.7584,0.0000,0.0000
56.3833,19.5926,-20.7917,40735.7984,3167.8818,895.8169,844.5456,0.0000,0.0000
56.4000,19.5930,-20.8000,40703.2242,3164.3532,896.0089,848.3328,0.0000,0.0000
56.4167,19.5933,-20.8083,40670.3953,3160.8006,896.2011,852.1200,0.0000,0.0000
56.4333,19.5936,-20.8167,40637.3171,3157.2246,896.3933,855.9072,0.0000,0.0000
56.4500,19.5940,-20.8250,40603.9947,3153.6258,896.5855,859.6944,0.0000,0.0000
56.4667,19.5943,-20.8333,40570.4337,3150.0047,896.7778,863.4816,0.0000,0.0000
56.4833,19.5946,-20.8417,40536.6396,3146.3619,896.9701,867.2688,0.0000,0.0000
56.5000,19.5950,-20.8500,40502.6179,3142.6980,897.1625,871.0560,0.0000,0.0000
56.5167,19.5953,-20.8583,40468.3741,3139.0135,897.3550,874.8432,0.0000,0.0000
56.5333,19.5957,-20.8667,40433.9138,3135.3090,897.5475,878.6304,0.0000,0.0000
56.5500,19.5960,-20.8750,40399.2425,3131.5850,897.7400,882.4176,0.0000,0.0000
56.5667,19.5964,-20.8833,40364.3655,3127.8421,897.9326,886.2048,0.0000,0.0000
56.5833,19.5967,-20.8917,40329.2884,3124.0807,898.1253,889.9920,0.0000,0.0000
56.6000,19.5971,-20.9000,40294.0162,3120.3015,898.3179,893.7792,0.0000,0.0000
56.6167,19.5974,-20.9083,40258.5543,3116.5047,898.5106,897.5664,0.0000,0.0000
56.6333,19.5978,-20.9167,40222.9077,3112.6910,898.7034,901.3536,0.0000,0.0000
56.6500,19.5981,-20.9250,40187.0813,3108.8609,898.8962,905.1408,0.0000,0.0000
56.6667,19.5985,-20.9333,40151.0802,3105.0146,899.0890,908.9280,0.0000,0.0000
56.6833,19.5989,-20.9417,40114.9089,3101.1528,899.2819,912.7152,0.0000,0.0000
56.7000,19.5992,-20.9500,40078.5723,3097.2759,899.4748,916.5024,0.0000,0.0000
56.7167,19.5996,-20.9583,40042.0749,3093.3842,899.6678,920.2896,0.0000,0.0000
56.7333,19.5999,-20.9667,40005.4210,3089.4782,899.8608,924.0768,0.0000,0.0000
56.7500,19.6003,-20.9750,39968.6151,3085.5583,900.0538,927.8640,0.0000,0.0000
56.7667,19.6007,-20.9833,39931.6614,3081.6248,900.2468,931.6512,0.0000,0.0000
56.7833,19.6011,-20.9917,39894.5639,3077.6782,900.4399,935.4384,0.0000,0.0000
56.8000,19.6014,-21.0000,39857.3267,3073.7188,900.6330,939.2256,0.0000,0.0000
56.8167,19.6018,-21.0083,39819.9537,3069.7470,900.8262,943.0128,0.0000,0.0000
56.8333,19.6022,-21.0167,39782.4488,3065.7631,901.0193,946.8000,0.0000,0.0000
56.8500,19.6026,-21.0250,39744.8155,3061.7675,901.2125,950.5872,0.0000,0.0000
56.8667,19.6029,-21.0333,39707.0575,3057.7605,901.4058,954.3744,0.0000,0.0000
56.8833,19.6033,-21.0417,39669.1783,3053.7424,901.5990,958.1616,0.0000,0.0000
56.9000,19.6037,-21.0500,39631.1814,3049.7136,901.7923,961.9488,0.0000,0.0000
56.9167,19.6041,-21.0583,39593.0701,3045.6743,901.9856,965.7360,0.0000,0.0000
56.9333,19.6045,-21.0667,39554.8476,3041.6248,902.1789,969.5232,0.0000,0.0000
56.9500,19.6048,-21.0750,39516.5171,3037.5655,902.3723,973.3104,0.0000,0.0000
56.9667,19.6052,-21.0833,39478.0816,3033.4966,902.5657,977.0976,0.0000,0.0000
56.9833,19.6056,-21.0917,39439.5442,3029.4185,902.7591,980.8848,0.0000,0.0000
57.0000,19.6060,-21.1000,39400.9078,3025.3312,902.9525,984.6720,0.0000,0.0000
57.0167,19.6064,-21.1183,39363.4815,3021.5379,903.3675,990.1950,0.0000,0.0000
57.0333,19.6067,-21.1367,39326.8301,3017.6909,903.7823,995.7180,0.0000,0.0000
57.0500,19.6071,-21.1550,39290.6484,3013.7989,904.1970,1001.2410,0.0000,0.0000
57.0667,19.6075,-21.1733,39254.7229,3009.8681,904.6116,1006.7640,0.0000,0.0000
57.0833,19.6078,-21.1917,39218.9051,3005.9034,905.0263,1012.2870,0.0000,0.0000
57.1000,19.6082,-21.2100,39183.0927,3001.9084,905.4409,1017.8100,0.0000,0.0000
57.1167,19.6085,-21.2283,39147.2166,2997.8861,905.8555,1023.3330,0.0000,0.0000
57.1333,19.6089,-21.2467,39111.2311,2993.8392,906.2702,1028.8560,0.0000,0.0000
57.1500,19.6092,-21.2650,39075.1074,2989.7697,906.6849,1034.3790,0.0000,0.0000
57.1667,19.6096,-21.2833,39038.8284,2985.6796,907.0996,1039.9020,0.0000,0.0000
57.1833,19.6100,-21.3017,39002.3853,2981.5704,907.5143,1045.4250,0.0000,0.0000
57.2000,19.6103,-21.3200,38965.7752,2977.4436,907.9291,1050.9480,0.0000,0.0000
57.2167,19.6107,-21.3383,38928.9989,2973.3005,908.3440,1056.4710,0.0000,0.0000
57.2333,19.6111,-21.3567,38892.0599,2969.1421,908.7588,1061.9940,0.0000,0.0000
57.2500,19.6115,-21.3750,38854.9635,2964.9696,909.1737,1067.5170,0.0000,0.0000
57.2667,19.6118,-21.3933,38817.7157,2960.7838,909.5887,1073.0400,0.0000,0.0000
57.2833,19.6122,-21.4117,38780.3234,2956.5855,910.0036,1078.5630,0.0000,0.0000
57.3000,19.6126,-21.4300,38742.7933,2952.3755,910.4186,1084.0860,0.0000,0.0000
57.3167,19.6129,-21.4483,38705.1324,2948.1546,910.8337,1089.6090,0.0000,0.0000
57.3333,19.6133,-21.4667,38667.3473,2943.9232,911.2487,1095.1320,0.0000,0.0000
57.3500,19.6137,-21.4850,38629.4444,2939.6819,911.6638,1100.6550,0.0000,0.0000
57.3667,19.6141,-21.5033,38591.4298,2935.4313,912.0789,1106.1780,0.0000,0.0000
57.3833,19.6145,-21.5217,38553.3093,2931.1719,912.4941,1111.7010,0.0000,0.0000
57.4000,19.6148,-21.5400,38515.0881,2926.9040,912.9092,1117.2240,0.0000,0.0000
57.4167,19.6152,-21.5583,38476.7714,2922.6280,913.3244,1122.7470,0.0000,0.0000
57.4333,19.6156,-21.5767,38438.3637,2918.3444,913.7396,1128.2700,0.0000,0.0000
57.4500,19.6160,-21.5950,38399.8694,2914.0533,914.1548,1133.7930,0.0000,0.0000
57.4667,19.6164,-21.6133,38361.2923,2909.7552,914.5700,1139.3160,0.0000,0.0000
57.4833,19.6168,-21.6317,38322.6362,2905.4503,914.9853,1144.8390,0.0000,0.0000
57.5000,19.6172,-21.6500,38283.9044,2901.1388,915.4005,1150.3620,0.0000,0.0000
57.5167,19.6175,-21.6683,38245.1001,2896.8210,915.8158,1155.8850,0.0000,0.0000
57.5333,19.6179,-21.6867,38206.2260,2892.4970,916.2311,1161.4080,0.0000,0.0000
57.5500,19.6183,-21.7050,38167.2849,2888.1672,916.6464,1166.9310,0.0000,0.0000
57.5667,19.6187,-21.7233,38128.2792,2883.8316,917.0618,1172.4540,0.0000,0.0000
57.5833,19.6191,-21.7417,38089.2110,2879.4904,917.4771,1177.9770,0.0000,0.0000
57.6000,19.6195,-21.7600,38050.0825,2875.1438,917.8925,1183.5000,0.0000,0.0000
57.6167,19.6199,-21.7783,38010.8956,2870.7920,918.3078,1189.0230,0.0000,0.0000
57.6333,19.6203,-21.7967,37971.6520,2866.4350,918.7232,1194.5460,0.0000,0.0000
57.6500,19.6207,-21.8150,37932.3533,2862.0729,919.1386,1200.0690,0.0000,0.0000
57.6667,19.6211,-21.8333,37893.0010,2857.7060,919.5540,1205.5920,0.0000,0.0000
57.6833,19.6215,-21.8517,37853.5966,2853.3342,919.9694,1211.1150,0.0000,0.0000
57.7000,19.6219,-21.8700,37814.1412,2848.9578,920.3849,1216.6380,0.0000,0.0000
57.7167,19.6223,-21.8883,37774.6361,2844.5767,920.8003,1222.1610,0.0000,0.0000
57.7333,19.6226,-21.9067,37735.0824,2840.1910,921.2157,1227.6840,0.0000,0.0000
57.7500,19.6230,-21.9250,37695.4811,2835.8010,921.6312,1233.2070,0.0000,0.0000
57.7667,19.6234,-21.9433,37655.8332,2831.4065,922.0467,1238.7300,0.0000,0.0000
57.7833,19.6238,-21.9617,37616.1395,2827.0077,922.4622,1244.2530,0.0000,0.0000
57.8000,19.6242,-21.9800,37576.4009,2822.6047,922.8776,1249.7760,0.0000,0.0000
57.8167,19.6246,-21.9983,37536.6182,2818.1975,923.2931,1255.2990,0.0000,0.0000
57.8333,19.6250,-22.0167,37496.7921,2813.7861,923.7087,1260.8220,0.0000,0.0000
57.8500,19.6254,-22.0350,37456.9233,2809.3707,924.1242,1266.3450,0.0000,0.0000
57.8667,19.6258,-22.0533,37417.0124,2804.9513,924.5397,1271.8680,0.0000,0.0000
57.8833,19.6262,-22.0717,37377.0601,2800.5279,924.9552,1277.3910,0.0000,0.0000
57.9000,19.6266,-22.0900,37337.0669,2796.1006,925.3708,1282.9140,0.0000,0.0000
57.9167,19.6270,-22.1083,37297.0335,2791.6694,925.7863,1288.4370,0.0000,0.0000
57.9333,19.6274,-22.1267,37256.9603,2787.2344,926.2019,1293.9600,0.0000,0.0000
57.9500,19.6278,-22.1450,37216.8478,2782.7956,926.6175,1299.4830,0.0000,0.0000
57.9667,19.6282,-22.1633,37176.6966,2778.3531,927.0331,1305.0060,0.0000,0.0000
57.9833,19.6286,-22.1817,37136.5071,2773.9069,927.4487,1310.5290,0.0000,0.0000
58.0000,19.6290,-22.2000,37096.2798,2769.4571,927.8643,1316.0520,0.0000,0.0000
58.0167,19.6296,-22.1633,37039.5265,2761.0529,927.0635,1366.7058,0.0000,0.0000
58.0333,19.6303,-22.1267,36970.1091,2751.3820,926.2655,1417.3596,0.0000,0.0000
58.0500,19.6311,-22.0900,36888.6213,2740.6702,925.4703,1468.0134,0.0000,0.0000
58.0667,19.6320,-22.0533,36795.9009,2729.0675,924.6775,1518.6672,0.0000,0.0000
58.0833,19.6331,-22.0167,36692.8416,2716.6778,923.8870,1569.3210,0.0000,0.0000
58.1000,19.6342,-21.9800,36580.2999,2703.5761,923.0986,1619.9748,0.0000,0.0000
58.1167,19.6354,-21.9433,36459.0540,2689.8184,922.3121,1670.6286,0.0000,0.0000
58.1333,19.6367,-21.9067,36329.7895,2675.4474,921.5275,1721.2824,0.0000,0.0000
58.1500,19.6381,-21.8700,36193.0996,2660.4969,920.7444,1771.9362,0.0000,0.0000
58.1667,19.6395,-21.8333,36049.4919,2644.9939,919.9629,1822.5900,0.0000,0.0000
58.1833,19.6410,-21.7967,35899.3972,2628.9604,919.1829,1873.2438,0.0000,0.0000
58.2000,19.6426,-21.7600,35743.1802,2612.4145,918.4042,1923.8976,0.0000,0.0000
58.2167,19.6442,-21.7233,35581.1487,2595.3713,917.6268,1974.5514,0.0000,0.0000
58.2333,19.6459,-21.6867,35413.5626,2577.8434,916.8506,2025.2052,0.0000,0.0000
58.2500,19.6476,-21.6500,35240.6412,2559.8417,916.0756,2075.8590,0.0000,0.0000
58.2667,19.6494,-21.6133,35062.5701,2541.3754,915.3018,2126.5128,0.0000,0.0000
58.2833,19.6512,-21.5767,34879.5067,2522.4524,914.5290,2177.1666,0.0000,0.0000
58.3000,19.6531,-21.5400,34691.5850,2503.0797,913.7574,2227.8204,0.0000,0.0000
58.3167,19.6550,-21.5033,34498.9193,2483.2633,912.9867,2278.4742,0.0000,0.0000
58.3333,19.6570,-21.4667,34301.6079,2463.0086,912.2172,2329.1280,0.0000,0.0000
58.3500,19.6590,-21.4300,34099.7356,2442.3203,911.4486,2379.7818,0.0000,0.0000
58.3667,19.6611,-21.3933,33893.3761,2421.2028,910.6810,2430.4356,0.0000,0.0000
58.3833,19.6632,-21.3567,33682.5941,2399.6600,909.9144,2481.0894,0.0000,0.0000
58.4000,19.6653,-21.3200,33467.4465,2377.6955,909.1488,2531.7432,0.0000,0.0000
58.4167,19.6675,-21.2833,33247.9841,2355.3127,908.3841,2582.3970,0.0000,0.0000
58.4333,19.6698,-21.2467,33024.2527,2332.5147,907.6204,2633.0508,0.0000,0.0000
58.4500,19.6720,-21.2100,32796.2940,2309.3047,906.8576,2683.7046,0.0000,0.0000
58.4667,19.6744,-21.1733,32564.1460,2285.6854,906.0958,2734.3584,0.0000,0.0000
58.4833,19.6767,-21.1367,32327.8445,2261.6598,905.3348,2785.0122,0.0000,0.0000
58.5000,19.6791,-21.1000,32087.4227,2237.2305,904.5748,2835.6660,0.0000,0.0000
58.5167,19.6816,-21.0633,31842.9122,2212.4002,903.8157,2886.3198,0.0000,0.0000
58.5333,19.6841,-21.0267,31594.3434,2187.1716,903.0575,2936.9736,0.0000,0.0000
58.5500,19.6866,-20.9900,31341.7456,2161.5474,902.3002,2987.6274,0.0000,0.0000
58.5667,19.6891,-20.9533,31085.1472,2135.5302,901.5437,3038.2812,0.0000,0.0000
58.5833,19.6918,-20.9167,30824.5764,2109.1226,900.7882,3088.9350,0.0000,0.0000
58.6000,19.6944,-20.8800,30560.0605,2082.3274,900.0335,3139.5888,0.0000,0.0000
58.6167,19.6971,-20.8433,30291.6270,2055.1471,899.2797,3190.2426,0.0000,0.0000
58.6333,19.6998,-20.8067,30019.3031,2027.5846,898.5268,3240.8964,0.0000,0.0000
58.6500,19.7026,-20.7700,29743.1161,1999.6424,897.7747,3291.5502,0.0000,0.0000
58.6667,19.7054,-20.7333,29463.0931,1971.3234,897.0234,3342.2040,0.0000,0.0000
58.6833,19.7082,-20.6967,29179.2616,1942.6303,896.2730,3392.8578,0.0000,0.0000
58.7000,19.7111,-20.6600,28891.6490,1913.5659,895.5235,3443.5116,0.0000,0.0000
58.7167,19.7140,-20.6233,28600.2830,1884.1331,894.7748,3494.1654,0.0000,0.0000
58.7333,19.7169,-20.5867,28305.1917,1854.3347,894.0269,3544.8192,0.0000,0.0000
58.7500,19.7199,-20.5500,28006.4030,1824.1736,893.2798,3595.4730,0.0000,0.0000
58.7667,19.7230,-20.5133,27703.9455,1793.6527,892.5335,3646.1268,0.0000,0.0000
58.7833,19.7260,-20.4767,27397.8477,1762.7749,891.7881,3696.7806,0.0000,0.0000
58.8000,19.7291,-20.4400,27088.1385,1731.5433,891.0434,3747.4344,0.0000,0.0000
58.8167,19.7323,-20.4033,26774.8472,1699.9607,890.2996,3798.0882,0.0000,0.0000
58.8333,19.7354,-20.3667,26458.0030,1668.0303,889.5565,3848.7420,0.0000,0.0000
58.8500,19.7386,-20.3300,26137.6355,1635.7550,888.8142,3899.3958,0.0000,0.0000
58.8667,19.7419,-20.2933,25813.7747,1603.1380,888.0727,3950.0496,0.0000,0.0000
58.8833,19.7451,-20.2567,25486.4505,1570.1822,887.3320,4000.7034,0.0000,0.0000
58.9000,19.7484,-20.2200,25155.6932,1536.8907,886.5920,4051.3572,0.0000,0.0000
58.9167,19.7518,-20.1833,24821.5333,1503.2667,885.8528,4102.0110,0.0000,0.0000
58.9333,19.7552,-20.1467,24484.0014,1469.3133,885.1143,4152.6648,0.0000,0.0000
58.9500,19.7586,-20.1100,24143.1282,1435.0336,884.3766,4203.3186,0.0000,0.0000
58.9667,19.7620,-20.0733,23798.9447,1400.4308,883.6395,4253.9724,0.0000,0.0000
58.9833,19.7655,-20.0367,23451.4819,1365.5079,882.9033,4304.6262,0.0000,0.0000
59.0000,19.7690,-20.0000,23100.7711,1330.2682,882.1677,4355.2800,0.0000,0.0000
59.0167,19.7724,-19.9817,22756.3890,1297.9577,881.8374,4353.2286,0.0000,0.0000
59.0333,19.7758,-19.9633,22421.1305,1267.3214,881.5051,4351.1772,0.0000,0.0000
59.0500,19.7790,-19.9450,22096.0289,1237.9804,881.1706,4349.1258,0.0000,0.0000
59.0667,19.7822,-19.9267,21781.1635,1209.6819,880.8337,4347.0744,0.0000,0.0000
59.0833,19.7852,-19.9083,21476.1197,1182.2493,880.4947,4345.0230,0.0000,0.0000
59.1000,19.7882,-19.8900,21180.2499,1155.5546,880.1537,4342.9716,0.0000,0.0000
59.1167,19.7911,-19.8717,20892.8218,1129.5014,879.8108,4340.9202,0.0000,0.0000
59.1333,19.7939,-19.8533,20613.0996,1104.0156,879.4661,4338.8688,0.0000,0.0000
59.1500,19.7966,-19.8350,20340.3867,1079.0385,879.1200,4336.8174,0.0000,0.0000
59.1667,19.7993,-19.8167,20074.0461,1054.5230,878.7724,4334.7660,0.0000,0.0000
59.1833,19.8019,-19.7983,19813.5077,1030.4305,878.4235,4332.7146,0.0000,0.0000
59.2000,19.8044,-19.7800,19558.2684,1006.7295,878.0734,4330.6632,0.0000,0.0000
59.2167,19.8069,-19.7617,19307.8884,983.3934,877.7223,4328.6118,0.0000,0.0000
59.2333,19.8094,-19.7433,19061.9859,960.4000,877.3702,4326.5604,0.0000,0.0000
59.2500,19.8118,-19.7250,18820.2307,937.7306,877.0171,4324.5090,0.0000,0.0000
59.2667,19.8142,-19.7067,18582.3379,915.3693,876.6632,4322.4576,0.0000,0.0000
59.2833,19.8165,-19.6883,18348.0622,893.3023,876.3085,4320.4062,0.0000,0.0000
59.3000,19.8188,-19.6700,18117.1927,871.5182,875.9530,4318.3548,0.0000,0.0000
59.3167,19.8211,-19.6517,17889.5476,850.0068,875.5969,4316.3034,0.0000,0.0000
59.3333,19.8234,-19.6333,17664.9704,828.7594,875.2400,4314.2520,0.0000,0.0000
59.3500,19.8256,-19.6150,17443.3259,807.7684,874.8825,4312.2006,0.0000,0.0000
59.3667,19.8278,-19.5967,17224.4975,787.0273,874.5243,4310.1492,0.0000,0.0000
59.3833,19.8299,-19.5783,17008.3837,766.5301,874.1656,4308.0978,0.0000,0.0000
59.4000,19.8321,-19.5600,16794.8965,746.2716,873.8063,4306.0464,0.0000,0.0000
59.4167,19.8342,-19.5417,16583.9589,726.2474,873.4464,4303.9950,0.0000,0.0000
59.4333,19.8362,-19.5233,16375.5034,706.4531,873.0860,4301.9436,0.0000,0.0000
59.4500,19.8383,-19.5050,16169.4705,686.8851,872.7250,4299.8922,0.0000,0.0000
59.4667,19.8403,-19.4867,15965.8073,667.5399,872.3635,4297.8408,0.0000,0.0000
59.4833,19.8424,-19.4683,15764.4668,648.4144,872.0015,4295.7894,0.0000,0.0000
59.5000,19.8443,-19.4500,15565.4066,629.5057,871.6390,4293.7380,0.0000,0.0000
59.5167,19.8463,-19.4317,15368.5885,610.8111,871.2760,4291.6866,0.0000,0.0000
59.5333,19.8483,-19.4133,15173.9776,592.3280,870.9124,4289.6352,0.0000,0.0000
59.5500,19.8502,-19.3950,14981.5419,574.0540,870.5485,4287.5838,0.0000,0.0000
59.5667,19.8521,-19.3767,14791.2518,555.9868,870.1840,4285.5324,0.0000,0.0000
59.5833,19.8540,-19.3583,14603.0798,538.1242,869.8191,4283.4810,0.0000,0.0000
59.6000,19.8558,-19.3400,14416.9999,520.4641,869.4537,4281.4296,0.0000,0.0000
59.6167,19.8577,-19.3217,14232.9878,503.0044,869.0878,4279.3782,0.0000,0.0000
59.6333,19.8595,-19.3033,14051.0201,485.7432,868.7215,4277.3268,0.0000,0.0000
59.6500,19.8613,-19.2850,13871.0747,468.6785,868.3547,4275.2754,0.0000,0.0000
59.6667,19.8631,-19.2667,13693.1302,451.8083,867.9875,4273.2240,0.0000,0.0000
59.6833,19.8648,-19.2483,13517.1658,435.1308,867.6199,4271.1726,0.0000,0.0000
59.7000,19.8666,-19.2300,13343.1616,418.6442,867.2518,4269.1212,0.0000,0.0000
59.7167,19.8683,-19.2117,13171.0979,402.3466,866.8833,4267.0698,0.0000,0.0000
59.7333,19.8700,-19.1933,13000.9556,386.2363,866.5144,4265.0184,0.0000,0.0000
59.7500,19.8717,-19.1750,12832.7158,370.3114,866.1450,4262.9670,0.0000,0.0000
59.7667,19.8733,-19.1567,12666.3601,354.5702,865.7752,4260.9156,0.0000,0.0000
59.7833,19.8750,-19.1383,12501.8703,339.0109,865.4050,4258.8642,0.0000,0.0000
59.8000,19.8766,-19.1200,12339.2284,323.6317,865.0345,4256.8128,0.0000,0.0000
59.8167,19.8782,-19.1017,12178.4165,308.4311,864.6634,4254.7614,0.0000,0.0000
59.8333,19.8798,-19.0833,12019.4170,293.4071,864.2920,4252.7100,0.0000,0.0000
59.8500,19.8814,-19.0650,11862.2124,278.5582,863.9202,4250.6586,0.0000,0.0000
59.8667,19.8829,-19.0467,11706.7853,263.8826,863.5480,4248.6072,0.0000,0.0000
59.8833,19.8845,-19.0283,11553.1186,249.3787,863.1755,4246.5558,0.0000,0.0000
59.9000,19.8860,-19.0100,11401.1952,235.0446,862.8025,4244.5044,0.0000,0.0000
59.9167,19.8875,-18.9917,11250.9979,220.8789,862.4291,4242.4530,0.0000,0.0000
59.9333,19.8890,-18.9733,11102.5099,206.8797,862.0554,4240.4016,0.0000,0.0000
59.9500,19.8904,-18.9550,10955.7144,193.0455,861.6813,4238.3502,0.0000,0.0000
59.9667,19.8919,-18.9367,10810.5946,179.3745,861.3068,4236.2988,0.0000,0.0000
59.9833,19.8933,-18.9183,10667.1339,165.8652,860.9319,4234.2474,0.0000,0.0000
60.0000,19.8947,-18.9000,10525.3158,152.5159,860.5567,4232.1960,0.0000,0.0000
60.0167,19.8961,-18.9000,10390.9087,141.1206,860.5865,4208.9994,0.0000,0.0000
60.0333,19.8974,-18.9000,10264.6528,130.7410,860.6145,4185.8028,0.0000,0.0000
60.0500,19.8985,-18.9000,10146.6147,121.1996,860.6407,4162.6062,0.0000,0.0000
60.0667,19.8996,-18.9000,10036.5241,112.3776,860.6651,4139.4096,0.0000,0.0000
60.0833,19.9007,-18.9000,9933.9589,104.1914,860.6879,4116.2130,0.0000,0.0000
60.1000,19.9016,-18.9000,9838.4453,96.5797,860.7091,4093.0164,0.0000,0.0000
60.1167,19.9025,-18.9000,9749.5112,89.4960,860.7288,4069.8198,0.0000,0.0000
60.1333,19.9033,-18.9000,9666.7128,82.9038,860.7472,4046.6232,0.0000,0.0000
60.1500,19.9041,-18.9000,9589.6460,76.7737,860.7643,4023.4266,0.0000,0.0000
60.1667,19.9048,-18.9000,9517.9508,71.0819,860.7802,4000.2300,0.0000,0.0000
60.1833,19.9055,-18.9000,9451.3114,65.8092,860.7950,3977.0334,0.0000,0.0000
60.2000,19.9061,-18.9000,9389.4529,60.9393,860.8087,3953.8368,0.0000,0.0000
60.2167,19.9067,-18.9000,9332.1367,56.4585,860.8214,3930.6402,0.0000,0.0000
60.2333,19.9072,-18.9000,9279.1556,52.3546,860.8331,3907.4436,0.0000,0.0000
60.2500,19.9077,-18.9000,9230.3287,48.6167,860.8440,3884.2470,0.0000,0.0000
60.2667,19.9081,-18.9000,9185.4967,45.2351,860.8539,3861.0504,0.0000,0.0000
60.2833,19.9086,-18.9000,9144.5191,42.2007,860.8630,3837.8538,0.0000,0.0000
60.3000,19.9089,-18.9000,9107.2703,39.5051,860.8713,3814.6572,0.0000,0.0000
60.3167,19.9093,-18.9000,9073.6377,37.1407,860.8787,3791.4606,0.0000,0.0000
60.3333,19.9096,-18.9000,9043.5197,35.1003,860.8854,3768.2640,0.0000,0.0000
60.3500,19.9098,-18.9000,9016.8240,33.3773,860.8913,3745.0674,0.0000,0.0000
60.3667,19.9101,-18.9000,8993.4665,31.9654,860.8965,3721.8708,0.0000,0.0000
60.3833,19.9103,-18.9000,8973.3697,30.8588,860.9010,3698.6742,0.0000,0.0000
60.4000,19.9104,-18.9000,8956.4624,30.0520,860.9047,3675.4776,0.0000,0.0000
60.4167,19.9106,-18.9000,8942.6783,29.5398,860.9078,3652.2810,0.0000,0.0000
60.4333,19.9107,-18.9000,8931.9558,29.3174,860.9102,3629.0844,0.0000,0.0000
60.4500,19.9108,-18.9000,8924.2372,29.3799,860.9119,3605.8878,0.0000,0.0000
60.4667,19.9108,-18.9000,8919.4686,29.7231,860.9129,3582.6912,0.0000,0.0000
60.4833,19.9108,-18.9000,8917.6003,30.3432,860.9133,3559.4946,0.0000,0.0000
60.5000,19.9108,-18.9000,8918.5863,31.2365,860.9131,3536.2980,0.0000,0.0000
60.5167,19.9108,-18.9000,8922.3833,32.3996,860.9123,3513.1014,0.0000,0.0000
60.5333,19.9107,-18.9000,8928.9506,33.8289,860.9108,3489.9048,0.0000,0.0000
60.5500,19.9106,-18.9000,8938.2484,35.5209,860.9088,3466.7082,0.0000,0.0000
60.5667,19.9105,-18.9000,8950.2380,37.4718,860.9061,3443.5116,0.0000,0.0000
60.5833,19.9104,-18.9000,8964.8811,39.6780,860.9029,3420.3150,0.0000,0.0000
60.6000,19.9102,-18.9000,8982.1397,42.1358,860.8990,3397.1184,0.0000,0.0000
60.6167,19.9100,-18.9000,9001.9760,44.8414,860.8946,3373.9218,0.0000,0.0000
60.6333,19.9098,-18.9000,9024.3527,47.7912,860.8897,3350.7252,0.0000,0.0000
60.6500,19.9095,-18.9000,9049.2325,50.9815,860.8841,3327.5286,0.0000,0.0000
60.6667,19.9092,-18.9000,9076.5789,54.4088,860.8781,3304.3320,0.0000,0.0000
60.6833,19.9089,-18.9000,9106.3557,58.0696,860.8715,3281.1354,0.0000,0.0000
60.7000,19.9086,-18.9000,9138.5272,61.9605,860.8643,3257.9388,0.0000,0.0000
60.7167,19.9083,-18.9000,9170.1639,65.8304,860.8573,3234.7422,0.0000,0.0000
60.7333,19.9080,-18.9000,9204.1871,69.9692,860.8498,3211.5456,0.0000,0.0000
60.7500,19.9076,-18.9000,9240.6236,74.3575,860.8417,3188.3490,0.0000,0.0000
60.7667,19.9072,-18.9000,9279.4592,78.9815,860.8331,3165.1524,0.0000,0.0000
60.7833,19.9068,-18.9000,9324.3936,84.1421,860.8231,3141.9558,0.0000,0.0000
60.8000,19.9063,-18.9000,9371.5079,89.4699,860.8127,3118.7592,0.0000,0.0000
60.8167,19.9058,-18.9000,9416.6323,94.6460,860.8026,3095.5626,0.0000,0.0000
60.8333,19.9054,-18.9000,9463.9473,100.0568,860.7921,3072.3660,0.0000,0.0000
60.8500,19.9049,-18.9000,9513.4573,105.6885,860.7812,3049.1694,0.0000,0.0000
60.8667,19.9043,-18.9000,9565.1415,111.5316,860.7697,3025.9728,0.0000,0.0000
60.8833,19.9038,-18.9000,9618.9654,117.5785,860.7578,3002.7762,0.0000,0.0000
60.9000,19.9033,-18.9000,9674.8882,123.8233,860.7454,2979.5796,0.0000,0.0000
60.9167,19.9027,-18.9000,9732.8667,130.2608,860.7325,2956.3830,0.0000,0.0000
60.9333,19.9021,-18.9000,9792.8571,136.8867,860.7192,2933.1864,0.0000,0.0000
60.9500,19.9015,-18.9000,9854.8166,143.6968,860.7054,2909.9898,0.0000,0.0000
60.9667,19.9008,-18.9000,9918.7037,150.6875,860.6913,2886.7932,0.0000,0.0000
60.9833,19.9002,-18.9000,9984.4787,157.8553,860.6767,2863.5966,0.0000,0.0000
61.0000,19.8995,-18.9000,10052.1040,165.1971,860.6617,2840.4000,0.0000,0.0000
61.0167,19.8988,-18.9083,10121.1596,172.3530,860.8312,2829.9852,0.0000,0.0000
61.0333,19.8981,-18.9167,10190.4481,179.1740,861.0007,2819.5704,0.0000,0.0000
61.0500,19.8974,-18.9250,10259.3186,185.7588,861.1703,2809.1556,0.0000,0.0000
61.0667,19.8967,-18.9333,10327.4513,192.1747,861.3400,2798.7408,0.0000,0.0000
61.0833,19.8961,-18.9417,10394.7244,198.4689,861.5099,2788.3260,0.0000,0.0000
61.1000,19.8954,-18.9500,10461.1334,204.6760,861.6801,2777.9112,0.0000,0.0000
61.1167,19.8947,-18.9583,10526.7390,210.8216,861.8504,2767.4964,0.0000,0.0000
61.1333,19.8941,-18.9667,10591.6365,216.9257,862.0208,2757.0816,0.0000,0.0000
61.1500,19.8934,-18.9750,10655.9362,223.0035,862.1914,2746.6668,0.0000,0.0000
61.1667,19.8928,-18.9833,10719.7514,229.0675,862.3621,2736.2520,0.0000,0.0000
61.1833,19.8922,-18.9917,10783.1921,235.1274,862.5329,2725.8372,0.0000,0.0000
61.2000,19.8915,-19.0000,10846.3608,241.1912,862.7037,2715.4224,0.0000,0.0000
61.2167,19.8909,-19.0083,10909.3509,247.2656,862.8746,2705.0076,0.0000,0.0000
61.2333,19.8902,-19.0167,10977.6568,253.7273,863.0443,2694.5928,0.0000,0.0000
61.2500,19.8895,-19.0250,11045.4159,260.1822,863.2141,2684.1780,0.0000,0.0000
61.2667,19.8889,-19.0333,11112.7862,266.6419,863.3840,2673.7632,0.0000,0.0000
61.2833,19.8883,-19.0417,11174.5709,272.7432,863.5552,2663.3484,0.0000,0.0000
61.3000,19.8876,-19.0500,11236.6952,278.8884,863.7263,2652.9336,0.0000,0.0000
61.3167,19.8870,-19.0583,11299.1798,285.0760,863.8972,2642.5188,0.0000,0.0000
61.3333,19.8864,-19.0667,11362.0381,291.3050,864.0682,2632.1040,0.0000,0.0000
61.3500,19.8857,-19.0750,11425.2791,297.5752,864.2390,2621.6892,0.0000,0.0000
61.3667,19.8851,-19.0833,11488.9097,303.8864,864.4097,2611.2744,0.0000,0.0000
61.3833,19.8845,-19.0917,11552.9344,310.2385,864.5804,2600.8596,0.0000,0.0000
61.4000,19.8838,-19.1000,11617.3567,316.6315,864.7509,2590.4448,0.0000,0.0000
61.4167,19.8832,-19.1083,11682.1787,323.0652,864.9214,2580.0300,0.0000,0.0000
61.4333,19.8825,-19.1167,11747.4019,329.5396,865.0918,2569.6152,0.0000,0.0000
61.4500,19.8819,-19.1250,11813.0266,336.0543,865.2621,2559.2004,0.0000,0.0000
61.4667,19.8812,-19.1333,11879.0527,342.6092,865.4323,2548.7856,0.0000,0.0000
61.4833,19.8805,-19.1417,11945.4794,349.2039,865.6024,2538.3708,0.0000,0.0000
61.5000,19.8799,-19.1500,12012.3053,355.8383,865.7724,2527.9560,0.0000,0.0000
61.5167,19.8792,-19.1583,12079.5285,362.5119,865.9424,2517.5412,0.0000,0.0000
61.5333,19.8785,-19.1667,12147.1469,369.2244,866.1122,2507.1264,0.0000,0.0000
61.5500,19.8778,-19.1750,12221.0440,376.3896,866.2807,2496.7116,0.0000,0.0000
61.5667,19.8771,-19.1833,12294.8305,383.5695,866.4492,2486.2968,0.0000,0.0000
61.5833,19.8763,-19.1917,12368.5918,390.7707,866.6177,2475.8820,0.0000,0.0000
61.6000,19.8756,-19.2000,12442.4019,397.9972,866.7861,2465.4672,0.0000,0.0000
61.6167,19.8748,-19.2083,12516.3223,405.2519,866.9546,2455.0524,0.0000,0.0000
61.6333,19.8742,-19.2167,12584.4860,412.1152,867.1243,2444.6376,0.0000,0.0000
61.6500,19.8735,-19.2250,12653.3153,419.0312,867.2939,2434.2228,0.0000,0.0000
61.6667,19.8728,-19.2333,12722.7641,425.9953,867.4634,2423.8080,0.0000,0.0000
61.6833,19.8721,-19.2417,12792.7896,433.0041,867.6327,2413.3932,0.0000,0.0000
61.7000,19.8714,-19.2500,12863.3534,440.0553,867.8019,2402.9784,0.0000,0.0000
61.7167,19.8707,-19.2583,12934.4224,447.1470,867.9710,2392.5636,0.0000,0.0000
61.7333,19.8699,-19.2667,13005.9675,454.2776,868.1400,2382.1488,0.0000,0.0000
61.7500,19.8692,-19.2750,13077.9642,461.4459,868.3088,2371.7340,0.0000,0.0000
61.7667,19.8685,-19.2833,13150.3908,468.6508,868.4776,2361.3192,0.0000,0.0000
61.7833,19.8678,-19.2917,13223.2290,475.8914,868.6463,2350.9044,0.0000,0.0000
61.8000,19.8670,-19.3000,13296.4626,483.1666,868.8149,2340.4896,0.0000,0.0000
61.8167,19.8663,-19.3083,13370.0775,490.4758,868.9835,2330.0748,0.0000,0.0000
61.8333,19.8656,-19.3167,13444.0613,497.8182,869.1519,2319.6600,0.0000,0.0000
61.8500,19.8648,-19.3250,13524.8420,505.6476,869.3188,2309.2452,0.0000,0.0000
61.8667,19.8639,-19.3333,13605.4285,513.4859,869.4858,2298.8304,0.0000,0.0000
61.8833,19.8631,-19.3417,13685.9114,521.3388,869.6528,2288.4156,0.0000,0.0000
61.9000,19.8624,-19.3500,13759.9429,528.7534,869.8212,2278.0008,0.0000,0.0000
61.9167,19.8617,-19.3583,13834.5255,536.2112,869.9895,2267.5860,0.0000,0.0000
61.9333,19.8609,-19.3667,13909.6206,543.7086,870.1577,2257.1712,0.0000,0.0000
61.9500,19.8601,-19.3750,13985.1927,551.2430,870.3258,2246.7564,0.0000,0.0000
61.9667,19.8594,-19.3833,14061.2104,558.8125,870.4938,2236.3416,0.0000,0.0000
61.9833,19.8586,-19.3917,14137.6465,566.4156,870.6617,2225.9268,0.0000,0.0000
62.0000,19.8579,-19.4000,14214.4771,574.0511,870.8295,2215.5120,0.0000,0.0000
62.0167,19.8571,-19.4200,14293.4387,582.1672,871.2557,2204.3082,0.0000,0.0000
62.0333,19.8563,-19.4400,14374.1345,590.3370,871.6814,2193.1044,0.0000,0.0000
62.0500,19.8554,-19.4600,14456.2547,598.5558,872.1068,2181.9006,0.0000,0.0000
62.0667,19.8546,-19.4800,14539.5590,606.8204,872.5320,2170.6968,0.0000,0.0000
62.0833,19.8538,-19.5000,14623.8611,615.1286,872.9569,2159.4930,0.0000,0.0000
62.1000,19.8529,-19.5200,14709.0170,623.4788,873.3817,2148.2892,0.0000,0.0000
62.1167,19.8521,-19.5400,14794.9156,631.8698,873.8063,2137.0854,0.0000,0.0000
62.1333,19.8512,-19.5600,14881.4709,640.3006,874.2307,2125.8816,0.0000,0.0000
62.1500,19.8503,-19.5800,14968.6165,648.7704,874.6551,2114.6778,0.0000,0.0000
62.1667,19.8494,-19.6000,15063.7953,657.7794,875.0776,2103.4740,0.0000,0.0000
62.1833,19.8484,-19.6200,15158.7819,666.8026,875.5002,2092.2702,0.0000,0.0000
62.2000,19.8475,-19.6400,15253.6805,675.8460,875.9228,2081.0664,0.0000,0.0000
62.2167,19.8466,-19.6600,15341.0922,684.4090,876.3470,2069.8626,0.0000,0.0000
62.2333,19.8457,-19.6800,15429.2320,693.0204,876.7711,2058.6588,0.0000,0.0000
62.2500,19.8448,-19.7000,15518.0301,701.6765,877.1951,2047.4550,0.0000,0.0000
62.2667,19.8439,-19.7200,15607.4278,710.3750,877.6189,2036.2512,0.0000,0.0000
62.2833,19.8430,-19.7400,15697.3769,719.1141,878.0426,2025.0474,0.0000,0.0000
62.3000,19.8421,-19.7600,15787.8378,727.8924,878.4661,2013.8436,0.0000,0.0000
62.3167,19.8412,-19.7800,15878.7783,736.7091,878.8896,2002.6398,0.0000,0.0000
62.3333,19.8403,-19.8000,15970.1722,745.5632,879.3130,1991.4360,0.0000,0.0000
62.3500,19.8394,-19.8200,16061.9979,754.4541,879.7363,1980.2322,0.0000,0.0000
62.3667,19.8385,-19.8400,16154.2378,763.3811,880.1595,1969.0284,0.0000,0.0000
62.3833,19.8375,-19.8600,16246.8772,772.3438,880.5825,1957.8246,0.0000,0.0000
62.4000,19.8366,-19.8800,16339.9038,781.3415,881.0056,1946.6208,0.0000,0.0000
62.4167,19.8357,-19.9000,16433.3071,790.3737,881.4285,1935.4170,0.0000,0.0000
62.4333,19.8347,-19.9200,16527.0782,799.4402,881.8513,1924.2132,0.0000,0.0000
62.4500,19.8338,-19.9400,16621.2094,808.5403,882.2741,1913.0094,0.0000,0.0000
62.4667,19.8328,-19.9600,16723.7741,818.2151,882.6950,1901.8056,0.0000,0.0000
62.4833,19.8317,-19.9800,16825.9385,827.9001,883.1160,1890.6018,0.0000,0.0000
62.5000,19.8307,-20.0000,16927.8511,837.6011,883.5370,1879.3980,0.0000,0.0000
62.5167,19.8297,-20.0200,17029.6308,847.3217,883.9581,1868.1942,0.0000,0.0000
62.5333,19.8287,-20.0400,17131.3715,857.0643,884.3792,1856.9904,0.0000,0.0000
62.5500,19.8277,-20.0600,17233.1463,866.8307,884.8002,1845.7866,0.0000,0.0000
62.5667,19.8266,-20.0800,17335.0117,876.6217,885.2213,1834.5828,0.0000,0.0000
62.5833,19.8256,-20.1000,17437.0106,886.4380,885.6423,1823.3790,0.0000,0.0000
62.6000,19.8246,-20.1200,17539.1752,896.2799,886.0633,1812.1752,0.0000,0.0000
62.6167,19.8236,-20.1400,17641.5297,906.1474,886.4842,1800.9714,0.0000,0.0000
62.6333,19.8226,-20.1600,17744.0913,916.0404,886.9051,1789.7676,0.0000,0.0000
62.6500,19.8215,-20.1800,17846.8724,925.9589,887.3260,1778.5638,0.0000,0.0000
62.6667,19.8205,-20.2000,17949.8816,935.9026,887.7468,1767.3600,0.0000,0.0000
62.6833,19.8196,-20.2200,18044.9526,945.3119,888.1693,1756.1562,0.0000,0.0000
62.7000,19.8186,-20.2400,18140.9398,954.7666,888.5917,1744.9524,0.0000,0.0000
62.7167,19.8176,-20.2600,18237.7166,964.2620,889.0139,1733.7486,0.0000,0.0000
62.7333,19.8166,-20.2800,18335.1793,973.7947,889.4359,1722.5448,0.0000,0.0000
62.7500,19.8157,-20.3000,18433.2440,983.3623,889.8578,1711.3410,0.0000,0.0000
62.7667,19.8147,-20.3200,18531.8430,992.9629,890.2795,1700.1372,0.0000,0.0000
62.7833,19.8136,-20.3400,18639.4128,1003.1691,890.6993,1688.9334,0.0000,0.0000
62.8000,19.8125,-20.3600,18746.6571,1013.3839,891.1192,1677.7296,0.0000,0.0000
62.8167,19.8115,-20.3800,18853.6980,1023.6121,891.5391,1666.5258,0.0000,0.0000
62.8333,19.8104,-20.4000,18960.6329,1033.8568,891.9590,1655.3220,0.0000,0.0000
62.8500,19.8093,-20.4200,19067.5391,1044.1199,892.3789,1644.1182,0.0000,0.0000
62.8667,19.8083,-20.4400,19174.4762,1054.4026,892.7989,1632.9144,0.0000,0.0000
62.8833,19.8072,-20.4600,19281.4898,1064.7057,893.2188,1621.7106,0.0000,0.0000
62.9000,19.8061,-20.4800,19388.6139,1075.0292,893.6387,1610.5068,0.0000,0.0000
62.9167,19.8050,-20.5000,19495.8736,1085.3732,894.0585,1599.3030,0.0000,0.0000
62.9333,19.8040,-20.5200,19603.2866,1095.7375,894.4783,1588.0992,0.0000,0.0000
62.9500,19.8029,-20.5400,19710.8650,1106.1217,894.8981,1576.8954,0.0000,0.0000
62.9667,19.8019,-20.5600,19810.0821,1115.9394,895.3198,1565.6916,0.0000,0.0000
62.9833,19.8009,-20.5800,19910.1837,1125.7967,895.7412,1554.4878,0.0000,0.0000
63.0000,19.7999,-20.6000,20011.0370,1135.6891,896.1625,1543.2840,0.0000,0.0000
63.0167,19.7989,-20.6000,20110.9456,1145.4314,896.1403,1520.8764,0.0000,0.0000
63.0333,19.7979,-20.6000,20211.2507,1155.6157,896.1181,1498.4688,0.0000,0.0000
63.0500,19.7968,-20.6000,20321.7008,1166.8359,896.0936,1476.0612,0.0000,0.0000
63.0667,19.7957,-20.6000,20433.2656,1178.3310,896.0688,1453.6536,0.0000,0.0000
63.0833,19.7945,-20.6000,20546.2798,1190.0630,896.0437,1431.2460,0.0000,0.0000
63.1000,19.7934,-20.6000,20660.9118,1202.0031,896.0183,1408.8384,0.0000,0.0000
63.1167,19.7922,-20.6000,20777.2247,1214.1286,895.9925,1386.4308,0.0000,0.0000
63.1333,19.7910,-20.6000,20895.2161,1226.4213,895.9663,1364.0232,0.0000,0.0000
63.1500,19.7899,-20.6000,21014.8441,1238.8661,895.9398,1341.6156,0.0000,0.0000
63.1667,19.7886,-20.6000,21136.0447,1251.4506,895.9129,1319.2080,0.0000,0.0000
63.1833,19.7874,-20.6000,21258.7427,1264.1642,895.8857,1296.8004,0.0000,0.0000
63.2000,19.7862,-20.6000,21382.8591,1276.9979,895.8582,1274.3928,0.0000,0.0000
63.2167,19.7849,-20.6000,21508.3151,1289.9439,895.8303,1251.9852,0.0000,0.0000
63.2333,19.7836,-20.6000,21635.0348,1302.9955,895.8022,1229.5776,0.0000,0.0000
63.2500,19.7824,-20.6000,21762.9469,1316.1467,895.7739,1207.1700,0.0000,0.0000
63.2667,19.7811,-20.6000,21891.9850,1329.3923,895.7452,1184.7624,0.0000,0.0000
63.2833,19.7798,-20.6000,22022.0880,1342.7277,895.7164,1162.3548,0.0000,0.0000
63.3000,19.7785,-20.6000,22153.2002,1356.1487,895.6873,1139.9472,0.0000,0.0000
63.3167,19.7771,-20.6000,22285.2708,1369.6516,895.6580,1117.5396,0.0000,0.0000
63.3333,19.7758,-20.6000,22418.2534,1383.2331,895.6285,1095.1320,0.0000,0.0000
63.3500,19.7745,-20.6000,22552.1059,1396.8901,895.5988,1072.7244,0.0000,0.0000
63.3667,19.7731,-20.6000,22686.7900,1410.6197,895.5689,1050.3168,0.0000,0.0000
63.3833,19.7718,-20.6000,22822.2708,1424.4195,895.5389,1027.9092,0.0000,0.0000
63.4000,19.7704,-20.6000,22958.5163,1438.2870,895.5087,1005.5016,0.0000,0.0000
63.4167,19.7690,-20.6000,23095.4972,1452.2202,895.4783,983.0940,0.0000,0.0000
63.4333,19.7677,-20.6000,23233.1867,1466.2168,895.4477,960.6864,0.0000,0.0000
63.4500,19.7663,-20.6000,23371.5598,1480.2751,895.4170,938.2788,0.0000,0.0000
63.4667,19.7649,-20.6000,23510.5936,1494.3931,895.3862,915.8712,0.0000,0.0000
63.4833,19.7635,-20.6000,23650.2666,1508.5693,895.3552,893.4636,0.0000,0.0000
63.5000,19.7621,-20.6000,23790.5588,1522.8020,895.3241,871.0560,0.0000,0.0000
63.5167,19.7607,-20.6000,23931.4515,1537.0896,895.2928,848.6484,0.0000,0.0000
63.5333,19.7593,-20.6000,24072.9270,1551.4308,895.2615,826.2408,0.0000,0.0000
63.5500,19.7579,-20.6000,24214.9686,1565.8240,895.2299,803.8332,0.0000,0.0000
63.5667,19.7564,-20.6000,24357.5606,1580.2680,895.1983,781.4256,0.0000,0.0000
63.5833,19.7550,-20.6000,24500.6878,1594.7615,895.1666,759.0180,0.0000,0.0000
63.6000,19.7536,-20.6000,24644.3358,1609.3031,895.1347,736.6104,0.0000,0.0000
63.6167,19.7521,-20.6000,24788.4908,1623.8917,895.1027,714.2028,0.0000,0.0000
63.6333,19.7507,-20.6000,24933.1395,1638.5261,895.0706,691.7952,0.0000,0.0000
63.6500,19.7492,-20.6000,25078.2691,1653.2051,895.0384,669.3876,0.0000,0.0000
63.6667,19.7478,-20.6000,25223.8672,1667.9276,895.0061,646.9800,0.0000,0.0000
63.6833,19.7463,-20.6000,25369.9217,1682.6925,894.9737,624.5724,0.0000,0.0000
63.7000,19.7448,-20.6000,25516.4210,1697.4988,894.9413,602.1648,0.0000,0.0000
63.7167,19.7434,-20.6000,25663.3537,1712.3452,894.9087,579.7572,0.0000,0.0000
63.7333,19.7419,-20.6000,25810.7085,1727.2309,894.8760,557.3496,0.0000,0.0000
63.7500,19.7404,-20.6000,25958.4746,1742.1548,894.8432,534.9420,0.0000,0.0000
63.7667,19.7389,-20.6000,26106.6412,1757.1158,894.8103,512.5344,0.0000,0.0000
63.7833,19.7374,-20.6000,26255.1978,1772.1130,894.7774,490.1268,0.0000,0.0000
63.8000,19.7360,-20.6000,26404.1341,1787.1454,894.7443,467.7192,0.0000,0.0000
63.8167,19.7345,-20.6000,26553.4399,1802.2119,894.7112,445.3116,0.0000,0.0000
63.8333,19.7330,-20.6000,26703.1050,1817.3117,894.6780,422.9040,0.0000,0.0000
63.8500,19.7315,-20.6000,26853.1196,1832.4436,894.6447,400.4964,0.0000,0.0000
63.8667,19.7300,-20.6000,27003.4736,1847.6069,894.6114,378.0888,0.0000,0.0000
63.8833,19.7285,-20.6000,27154.1574,1862.8005,894.5780,355.6812,0.0000,0.0000
63.9000,19.7269,-20.6000,27305.1613,1878.0235,894.5445,333.2736,0.0000,0.0000
63.9167,19.7254,-20.6000,27456.4755,1893.2749,894.5109,310.8660,0.0000,0.0000
63.9333,19.7239,-20.6000,27608.0906,1908.5537,894.4773,288.4584,0.0000,0.0000
63.9500,19.7224,-20.6000,27759.9969,1923.8591,894.4436,266.0508,0.0000,0.0000
63.9667,19.7209,-20.6000,27912.1849,1939.1901,894.4098,243.6432,0.0000,0.0000
63.9833,19.7194,-20.6000,28064.6453,1954.5458,894.3760,221.2356,0.0000,0.0000
64.0000,19.7178,-20.6000,28217.3684,1969.9251,894.3421,198.8280,0.0000,0.0000
64.0167,19.7163,-20.6083,28369.4271,1984.7791,894.4932,195.5142,0.0000,0.0000
64.0333,19.7148,-20.6167,28519.3465,1999.0153,894.6448,192.2004,0.0000,0.0000
64.0500,19.7133,-20.6250,28666.4011,2012.7667,894.7971,188.8866,0.0000,0.0000
64.0667,19.7119,-20.6333,28810.2987,2026.1228,894.9500,185.5728,0.0000,0.0000
64.0833,19.7105,-20.6417,28950.9938,2039.1467,895.1036,182.2590,0.0000,0.0000
64.1000,19.7091,-20.6500,29088.5770,2051.8847,895.2580,178.9452,0.0000,0.0000
64.1167,19.7078,-20.6583,29223.2088,2064.3719,895.4130,175.6314,0.0000,0.0000
64.1333,19.7064,-20.6667,29355.0802,2076.6360,895.5686,172.3176,0.0000,0.0000
64.1500,19.7052,-20.6750,29484.3903,2088.6987,895.7247,169.0038,0.0000,0.0000
64.1667,19.7039,-20.6833,29611.3329,2100.5782,895.8814,165.6900,0.0000,0.0000
64.1833,19.7026,-20.6917,29736.0897,2112.2891,896.0386,162.3762,0.0000,0.0000
64.2000,19.7014,-20.7000,29858.8272,2123.8439,896.1962,159.0624,0.0000,0.0000
64.2167,19.7002,-20.7083,29979.6957,2135.2531,896.3543,155.7486,0.0000,0.0000
64.2333,19.6990,-20.7167,30098.8292,2146.5257,896.5127,152.4348,0.0000,0.0000
64.2500,19.6978,-20.7250,30216.3467,2157.6694,896.6715,149.1210,0.0000,0.0000
64.2667,19.6967,-20.7333,30332.3533,2168.6908,896.8306,145.8072,0.0000,0.0000
64.2833,19.6955,-20.7417,30446.9416,2179.5958,896.9900,142.4934,0.0000,0.0000
64.3000,19.6944,-20.7500,30560.1934,2190.3895,897.1498,139.1796,0.0000,0.0000
64.3167,19.6933,-20.7583,30672.1802,2201.0764,897.3098,135.8658,0.0000,0.0000
64.3333,19.6922,-20.7667,30782.9656,2211.6605,897.4701,132.5520,0.0000,0.0000
64.3500,19.6911,-20.7750,30892.6055,2222.1453,897.6306,129.2382,0.0000,0.0000
64.3667,19.6900,-20.7833,31001.1493,2232.5340,897.7914,125.9244,0.0000,0.0000
64.3833,19.6889,-20.7917,31108.6410,2242.8294,897.9524,122.6106,0.0000,0.0000
64.4000,19.6878,-20.8000,31215.1199,2253.0343,898.1136,119.2968,0.0000,0.0000
64.4167,19.6868,-20.8083,31320.6209,2263.1508,898.2751,115.9830,0.0000,0.0000
64.4333,19.6857,-20.8167,31425.1756,2273.1813,898.4367,112.6692,0.0000,0.0000
64.4500,19.6847,-20.8250,31528.8123,2283.1277,898.5986,109.3554,0.0000,0.0000
64.4667,19.6837,-20.8333,31631.5568,2292.9918,898.7606,106.0416,0.0000,0.0000
64.4833,19.6827,-20.8417,31733.4325,2302.7753,898.9229,102.7278,0.0000,0.0000
64.5000,19.6817,-20.8500,31834.4609,2312.4799,899.0853,99.4140,0.0000,0.0000
64.5167,19.6807,-20.8583,31934.6617,2322.1070,899.2480,96.1002,0.0000,0.0000
64.5333,19.6797,-20.8667,32034.0531,2331.6581,899.4108,92.7864,0.0000,0.0000
64.5500,19.6787,-20.8750,32132.6520,2341.1344,899.5738,89.4726,0.0000,0.0000
64.5667,19.6777,-20.8833,32230.4743,2350.5373,899.7369,86.1588,0.0000,0.0000
64.5833,19.6767,-20.8917,32327.5348,2359.8680,899.9002,82.8450,0.0000,0.0000
64.6000,19.6758,-20.9000,32423.8473,2369.1275,900.0637,79.5312,0.0000,0.0000
64.6167,19.6748,-20.9083,32519.4249,2378.3171,900.2274,76.2174,0.0000,0.0000
64.6333,19.6739,-20.9167,32614.2803,2387.4378,900.3912,72.9036,0.0000,0.0000
64.6500,19.6729,-20.9250,32708.4251,2396.4905,900.5551,69.5898,0.0000,0.0000
64.6667,19.6720,-20.9333,32801.8707,2405.4763,900.7193,66.2760,0.0000,0.0000
64.6833,19.6711,-20.9417,32894.6280,2414.3962,900.8835,62.9622,0.0000,0.0000
64.7000,19.6701,-20.9500,32986.7073,2423.2509,901.0480,59.6484,0.0000,0.0000
64.7167,19.6692,-20.9583,33078.1186,2432.0416,901.2125,56.3346,0.0000,0.0000
64.7333,19.6683,-20.9667,33168.8717,2440.7689,901.3773,53.0208,0.0000,0.0000
64.7500,19.6674,-20.9750,33258.9757,2449.4338,901.5421,49.7070,0.0000,0.0000
64.7667,19.6665,-20.9833,33348.4398,2458.0370,901.7071,46.3932,0.0000,0.0000
64.7833,19.6656,-20.9917,33437.2726,2466.5794,901.8723,43.0794,0.0000,0.0000
64.8000,19.6647,-21.0000,33525.4828,2475.0618,902.0376,39.7656,0.0000,0.0000
64.8167,19.6639,-21.0083,33613.0785,2483.4849,902.2030,36.4518,0.0000,0.0000
64.8333,19.6630,-21.0167,33700.0677,2491.8495,902.3686,33.1380,0.0000,0.0000
64.8500,19.6621,-21.0250,33786.4584,2500.1562,902.5342,29.8242,0.0000,0.0000
64.8667,19.6613,-21.0333,33872.2582,2508.4059,902.7001,26.5104,0.0000,0.0000
64.8833,19.6604,-21.0417,33957.4746,2516.5991,902.8660,23.1966,0.0000,0.0000
64.9000,19.6596,-21.0500,34042.1148,2524.7367,903.0321,19.8828,0.0000,0.0000
64.9167,19.6587,-21.0583,34126.1860,2532.8192,903.1983,16.5690,0.0000,0.0000
64.9333,19.6579,-21.0667,34209.6952,2540.8473,903.3646,13.2552,0.0000,0.0000
64.9500,19.6571,-21.0750,34292.6493,2548.8217,903.5311,9.9414,0.0000,0.0000
64.9667,19.6562,-21.0833,34375.0548,2556.7430,903.6976,6.6276,0.0000,0.0000
64.9833,19.6554,-21.0917,34456.9185,2564.6118,903.8643,3.3138,0.0000,0.0000
65.0000,19.6546,-21.1000,34538.2466,2572.4288,904.0312,0.0000,0.0000,0.0000
65.0167,19.6538,-21.1100,34618.9710,2580.1267,904.2351,0.0000,0.0000,0.0000
65.0333,19.6530,-21.1200,34698.8584,2587.6769,904.4392,0.0000,0.0000,0.0000
65.0500,19.6522,-21.1300,34777.7926,2595.0999,904.6435,0.0000,0.0000,0.0000
65.0667,19.6514,-21.1400,34855.7260,2602.4098,904.8480,0.0000,0.0000,0.0000
65.0833,19.6507,-21.1500,34932.6515,2609.6168,905.0528,0.0000,0.0000,0.0000
65.1000,19.6499,-21.1600,35008.5847,2616.7289,905.2578,0.0000,0.0000,0.0000
65.1167,19.6492,-21.1700,35083.5537,2623.7523,905.4630,0.0000,0.0000,0.0000
65.1333,19.6484,-21.1800,35157.5928,2630.6921,905.6684,0.0000,0.0000,0.0000
65.1500,19.6477,-21.1900,35230.7383,2637.5524,905.8739,0.0000,0.0000,0.0000
65.1667,19.6470,-21.2000,35303.0267,2644.3370,906.0797,0.0000,0.0000,0.0000
65.1833,19.6463,-21.2100,35374.4929,2651.0489,906.2857,0.0000,0.0000,0.0000
65.2000,19.6455,-21.2200,35445.1701,2657.6909,906.4919,0.0000,0.0000,0.0000
65.2167,19.6449,-21.2300,35509.5497,2663.8838,906.6994,0.0000,0.0000,0.0000
65.2333,19.6443,-21.2400,35573.6847,2670.0141,906.9070,0.0000,0.0000,0.0000
65.2500,19.6436,-21.2500,35637.4884,2676.0850,907.1147,0.0000,0.0000,0.0000
65.2667,19.6430,-21.2600,35700.9025,2682.0993,907.3224,0.0000,0.0000,0.0000
65.2833,19.6424,-21.2700,35763.8881,2688.0590,907.5303,0.0000,0.0000,0.0000
65.3000,19.6417,-21.2800,35826.4206,2693.9658,907.7382,0.0000,0.0000,0.0000
65.3167,19.6411,-21.2900,35888.4854,2699.8214,907.9463,0.0000,0.0000,0.0000
65.3333,19.6405,-21.3000,35950.0747,2705.6270,908.1544,0.0000,0.0000,0.0000
65.3500,19.6399,-21.3100,36011.1856,2711.3839,908.3627,0.0000,0.0000,0.0000
65.3667,19.6393,-21.3200,36071.8188,2717.0931,908.5711,0.0000,0.0000,0.0000
65.3833,19.6387,-21.3300,36131.9772,2722.7556,908.7796,0.0000,0.0000,0.0000
65.4000,19.6381,-21.3400,36191.6653,2728.3724,908.9881,0.0000,0.0000,0.0000
65.4167,19.6375,-21.3500,36250.8887,2733.9443,909.1968,0.0000,0.0000,0.0000
65.4333,19.6369,-21.3600,36309.6535,2739.4721,909.4056,0.0000,0.0000,0.0000
65.4500,19.6363,-21.3700,36367.9663,2744.9566,909.6145,0.0000,0.0000,0.0000
65.4667,19.6357,-21.3800,36425.8336,2750.3985,909.8235,0.0000,0.0000,0.0000
65.4833,19.6352,-21.3900,36483.2622,2755.7984,910.0326,0.0000,0.0000,0.0000
65.5000,19.6346,-21.4000,36540.2588,2761.1571,910.2418,0.0000,0.0000,0.0000
65.5167,19.6340,-21.4100,36596.8299,2766.4752,910.4510,0.0000,0.0000,0.0000
65.5333,19.6335,-21.4200,36652.9818,2771.7532,910.6604,0.0000,0.0000,0.0000
65.5500,19.6329,-21.4300,36708.7207,2776.9917,910.8699,0.0000,0.0000,0.0000
65.5667,19.6324,-21.4400,36764.0527,2782.1912,911.0794,0.0000,0.0000,0.0000
65.5833,19.6318,-21.4500,36818.9836,2787.3523,911.2890,0.0000,0.0000,0.0000
65.6000,19.6313,-21.4600,36873.5190,2792.4755,911.4988,0.0000,0.0000,0.0000
65.6167,19.6307,-21.4700,36927.6644,2797.5612,911.7086,0.0000,0.0000,0.0000
65.6333,19.6302,-21.4800,36981.4250,2802.6100,911.9185,0.0000,0.0000,0.0000
65.6500,19.6297,-21.4900,37034.8059,2807.6223,912.1285,0.0000,0.0000,0.0000
65.6667,19.6291,-21.5000,37087.8120,2812.5986,912.3385,0.0000,0.0000,0.0000
65.6833,19.6286,-21.5100,37140.4482,2817.5392,912.5487,0.0000,0.0000,0.0000
65.7000,19.6281,-21.5200,37192.7191,2822.4446,912.7589,0.0000,0.0000,0.0000
65.7167,19.6276,-21.5300,37244.6292,2827.3153,912.9692,0.0000,0.0000,0.0000
65.7333,19.6270,-21.5400,37296.1829,2832.1516,913.1796,0.0000,0.0000,0.0000
65.7500,19.6265,-21.5500,37347.3844,2836.9538,913.3901,0.0000,0.0000,0.0000
65.7667,19.6260,-21.5600,37398.2379,2841.7225,913.6006,0.0000,0.0000,0.0000
65.7833,19.6255,-21.5700,37448.7474,2846.4579,913.8112,0.0000,0.0000,0.0000
65.8000,19.6250,-21.5800,37498.9168,2851.1604,914.0219,0.0000,0.0000,0.0000
65.8167,19.6245,-21.5900,37548.7500,2855.8304,914.2327,0.0000,0.0000,0.0000
65.8333,19.6240,-21.6000,37598.2508,2860.4682,914.4435,0.0000,0.0000,0.0000
65.8500,19.6235,-21.6100,37647.4228,2865.0742,914.6544,0.0000,0.0000,0.0000
65.8667,19.6230,-21.6200,37696.2696,2869.6487,914.8654,0.0000,0.0000,0.0000
65.8833,19.6226,-21.6300,37744.7947,2874.1920,915.0765,0.0000,0.0000,0.0000
65.9000,19.6221,-21.6400,37793.0015,2878.7045,915.2876,0.0000,0.0000,0.0000
65.9167,19.6216,-21.6500,37840.8935,2883.1864,915.4988,0.0000,0.0000,0.0000
65.9333,19.6211,-21.6600,37888.4738,2887.6381,915.7101,0.0000,0.0000,0.0000
65.9500,19.6206,-21.6700,37935.7459,2892.0600,915.9214,0.0000,0.0000,0.0000
65.9667,19.6202,-21.6800,37982.7127,2896.4521,916.1328,0.0000,0.0000,0.0000
65.9833,19.6197,-21.6900,38029.3775,2900.8150,916.3443,0.0000,0.0000,0.0000
66.0000,19.6192,-21.7000,38075.7433,2905.1489,916.5558,0.0000,0.0000,0.0000
66.0167,19.6188,-21.7000,38120.3848,2909.1008,916.5459,0.0000,0.0000,0.0000
66.0333,19.6184,-21.7000,38163.6723,2913.0289,916.5363,0.0000,0.0000,0.0000
66.0500,19.6179,-21.7000,38205.8806,2916.9320,916.5270,0.0000,0.0000,0.0000
66.0667,19.6175,-21.7000,38247.2134,2920.8090,916.5178,0.0000,0.0000,0.0000
66.0833,19.6171,-21.7000,38287.8218,2924.6590,916.5088,0.0000,0.0000,0.0000
66.1000,19.6167,-21.7000,38327.8176,2928.4814,916.4999,0.0000,0.0000,0.0000
66.1167,19.6163,-21.7000,38367.2832,2932.2756,916.4912,0.0000,0.0000,0.0000
66.1333,19.6159,-21.7000,38406.2795,2936.0412,916.4825,0.0000,0.0000,0.0000
66.1500,19.6156,-21.7000,38444.8510,2939.7777,916.4740,0.0000,0.0000,0.0000
66.1667,19.6152,-21.7000,38483.0306,2943.4848,916.4655,0.0000,0.0000,0.0000
66.1833,19.6148,-21.7000,38520.8421,2947.1622,916.4571,0.0000,0.0000,0.0000
66.2000,19.6144,-21.7000,38558.3029,2950.8097,916.4488,0.0000,0.0000,0.0000
66.2167,19.6140,-21.7000,38595.4255,2954.4271,916.4406,0.0000,0.0000,0.0000
66.2333,19.6137,-21.7000,38632.2191,2958.0143,916.4324,0.0000,0.0000,0.0000
66.2500,19.6133,-21.7000,38668.6901,2961.5711,916.4243,0.0000,0.0000,0.0000
66.2667,19.6130,-21.7000,38704.8432,2965.0975,916.4163,0.0000,0.0000,0.0000
66.2833,19.6126,-21.7000,38740.6820,2968.5934,916.4083,0.0000,0.0000,0.0000
66.3000,19.6122,-21.7000,38776.2089,2972.0588,916.4005,0.0000,0.0000,0.0000
66.3167,19.6119,-21.7000,38811.4258,2975.4938,916.3926,0.0000,0.0000,0.0000
66.3333,19.6115,-21.7000,38846.3342,2978.8982,916.3849,0.0000,0.0000,0.0000
66.3500,19.6112,-21.7000,38880.9353,2982.2723,916.3772,0.0000,0.0000,0.0000
66.3667,19.6108,-21.7000,38915.2303,2985.6160,916.3696,0.0000,0.0000,0.0000
66.3833,19.6105,-21.7000,38949.2202,2988.9294,916.3621,0.0000,0.0000,0.0000
66.4000,19.6102,-21.7000,38982.9059,2992.2127,916.3546,0.0000,0.0000,0.0000
66.4167,19.6098,-21.7000,39016.2887,2995.4659,916.3472,0.0000,0.0000,0.0000
66.4333,19.6095,-21.7000,39049.3695,2998.6892,916.3399,0.0000,0.0000,0.0000
66.4500,19.6092,-21.7000,39082.1496,3001.8828,916.3326,0.0000,0.0000,0.0000
66.4667,19.6089,-21.7000,39114.6303,3005.0467,916.3254,0.0000,0.0000,0.0000
66.4833,19.6085,-21.7000,39146.8130,3008.1812,916.3182,0.0000,0.0000,0.0000
66.5000,19.6082,-21.7000,39178.6992,3011.2864,916.3112,0.0000,0.0000,0.0000
66.5167,19.6079,-21.7000,39210.2903,3014.3625,916.3042,0.0000,0.0000,0.0000
66.5333,19.6076,-21.7000,39241.5883,3017.4098,916.2972,0.0000,0.0000,0.0000
66.5500,19.6073,-21.7000,39272.5946,3020.4284,916.2903,0.0000,0.0000,0.0000
66.5667,19.6070,-21.7000,39303.3113,3023.4185,916.2835,0.0000,0.0000,0.0000
66.5833,19.6067,-21.7000,39333.7403,3026.3803,916.2768,0.0000,0.0000,0.0000
66.6000,19.6063,-21.7000,39366.5179,3029.5074,916.2695,0.0000,0.0000,0.0000
66.6167,19.6060,-21.7000,39398.8034,3032.6065,916.2623,0.0000,0.0000,0.0000
66.6333,19.6057,-21.7000,39430.6543,3035.6780,916.2553,0.0000,0.0000,0.0000
66.6500,19.6054,-21.7000,39462.1143,3038.7223,916.2483,0.0000,0.0000,0.0000
66.6667,19.6051,-21.7000,39493.2173,3041.7403,916.2414,0.0000,0.0000,0.0000
66.6833,19.6048,-21.7000,39523.9897,3044.7325,916.2346,0.0000,0.0000,0.0000
66.7000,19.6045,-21.7000,39551.9938,3047.5159,916.2284,0.0000,0.0000,0.0000
66.7167,19.6042,-21.7000,39579.8811,3050.2748,916.2222,0.0000,0.0000,0.0000
66.7333,19.6039,-21.7000,39607.6216,3053.0100,916.2160,0.0000,0.0000,0.0000
66.7500,19.6036,-21.7000,39635.1938,3055.7218,916.2099,0.0000,0.0000,0.0000
66.7667,19.6034,-21.7000,39662.5818,3058.4104,916.2038,0.0000,0.0000,0.0000
66.7833,19.6031,-21.7000,39689.7742,3061.0758,916.1978,0.0000,0.0000,0.0000
66.8000,19.6028,-21.7000,39716.7619,3063.7181,916.1918,0.0000,0.0000,0.0000
66.8167,19.6026,-21.7000,39743.5385,3066.3372,916.1859,0.0000,0.0000,0.0000
66.8333,19.6023,-21.7000,39770.0989,3068.9331,916.1800,0.0000,0.0000,0.0000
66.8500,19.6020,-21.7000,39796.4391,3071.5058,916.1741,0.0000,0.0000,0.0000
66.8667,19.6018,-21.7000,39822.5564,3074.0552,916.1684,0.0000,0.0000,0.0000
66.8833,19.6015,-21.7000,39848.4484,3076.5814,916.1626,0.0000,0.0000,0.0000
66.9000,19.6013,-21.7000,39874.1136,3079.0844,916.1569,0.0000,0.0000,0.0000
66.9167,19.6010,-21.7000,39899.5509,3081.5643,916.1513,0.0000,0.0000,0.0000
66.9333,19.6008,-21.7000,39924.7596,3084.0210,916.1457,0.0000,0.0000,0.0000
66.9500,19.6005,-21.7000,39949.7393,3086.4546,916.1401,0.0000,0.0000,0.0000
66.9667,19.6003,-21.7000,39974.4901,3088.8653,916.1346,0.0000,0.0000,0.0000
66.9833,19.6000,-21.7000,39999.0122,3091.2532,916.1292,0.0000,0.0000,0.0000
67.0000,19.5998,-21.7000,40023.3059,3093.6183,916.1238,0.0000,0.0000,0.0000
67.0167,19.5996,-21.6817,40044.7525,3095.3129,915.7124,0.0000,0.0000,0.0000
67.0333,19.5994,-21.6633,40064.0262,3096.9936,915.3014,0.0000,0.0000,0.0000
67.0500,19.5992,-21.6450,40081.6270,3098.6578,914.8909,0.0000,0.0000,0.0000
67.0667,19.5990,-21.6267,40097.9260,3100.3038,914.4806,0.0000,0.0000,0.0000
67.0833,19.5989,-21.6083,40113.1983,3101.9300,914.0705,0.0000,0.0000,0.0000
67.1000,19.5987,-21.5900,40127.6478,3103.5354,913.6606,0.0000,0.0000,0.0000
67.1167,19.5986,-21.5717,40141.4259,3105.1193,913.2509,0.0000,0.0000,0.0000
67.1333,19.5985,-21.5533,40154.6445,3106.6809,912.8413,0.0000,0.0000,0.0000
67.1500,19.5983,-21.5350,40167.3864,3108.2199,912.4318,0.0000,0.0000,0.0000
67.1667,19.5982,-21.5167,40179.7131,3109.7357,912.0224,0.0000,0.0000,0.0000
67.1833,19.5981,-21.4983,40191.6699,3111.2282,911.6130,0.0000,0.0000,0.0000
67.2000,19.5980,-21.4800,40203.2902,3112.6971,911.2038,0.0000,0.0000,0.0000
67.2167,19.5979,-21.4617,40214.5987,3114.1422,910.7946,0.0000,0.0000,0.0000
67.2333,19.5977,-21.4433,40225.6137,3115.5634,910.3855,0.0000,0.0000,0.0000
67.2500,19.5976,-21.4250,40236.3486,3116.9606,909.9764,0.0000,0.0000,0.0000
67.2667,19.5975,-21.4067,40246.8135,3118.3338,909.5674,0.0000,0.0000,0.0000
67.2833,19.5974,-21.3883,40257.0158,3119.6829,909.1585,0.0000,0.0000,0.0000
67.3000,19.5973,-21.3700,40266.9609,3121.0078,908.7496,0.0000,0.0000,0.0000
67.3167,19.5972,-21.3517,40276.6532,3122.3087,908.3408,0.0000,0.0000,0.0000
67.3333,19.5971,-21.3333,40286.0957,3123.5856,907.9320,0.0000,0.0000,0.0000
67.3500,19.5970,-21.3150,40295.2910,3124.8385,907.5233,0.0000,0.0000,0.0000
67.3667,19.5970,-21.2967,40304.2412,3126.0673,907.1146,0.0000,0.0000,0.0000
67.3833,19.5969,-21.2783,40312.9480,3127.2724,906.7060,0.0000,0.0000,0.0000
67.4000,19.5968,-21.2600,40321.4128,3128.4536,906.2975,0.0000,0.0000,0.0000
67.4167,19.5967,-21.2417,40329.6371,3129.6111,905.8890,0.0000,0.0000,0.0000
67.4333,19.5966,-21.2233,40337.6220,3130.7450,905.4805,0.0000,0.0000,0.0000
67.4500,19.5965,-21.2050,40345.3688,3131.8555,905.0721,0.0000,0.0000,0.0000
67.4667,19.5965,-21.1867,40352.8788,3132.9426,904.6638,0.0000,0.0000,0.0000
67.4833,19.5964,-21.1683,40360.1532,3134.0064,904.2555,0.0000,0.0000,0.0000
67.5000,19.5963,-21.1500,40367.1932,3135.0472,903.8473,0.0000,0.0000,0.0000
67.5167,19.5963,-21.1317,40374.0003,3136.0650,903.4391,0.0000,0.0000,0.0000
67.5333,19.5962,-21.1133,40380.5757,3137.0600,903.0310,0.0000,0.0000,0.0000
67.5500,19.5961,-21.0950,40386.9208,3138.0323,902.6229,0.0000,0.0000,0.0000
67.5667,19.5961,-21.0767,40393.0371,3138.9822,902.2148,0.0000,0.0000,0.0000
67.5833,19.5960,-21.0583,40398.9262,3139.9097,901.8069,0.0000,0.0000,0.0000
67.6000,19.5960,-21.0400,40404.5894,3140.8151,901.3989,0.0000,0.0000,0.0000
67.6167,19.5959,-21.0217,40410.0285,3141.6985,900.9910,0.0000,0.0000,0.0000
67.6333,19.5958,-21.0033,40415.2451,3142.5601,900.5832,0.0000,0.0000,0.0000
67.6500,19.5958,-20.9850,40420.2408,3143.4000,900.1754,0.0000,0.0000,0.0000
67.6667,19.5957,-20.9667,40425.0173,3144.2186,899.7677,0.0000,0.0000,0.0000
67.6833,19.5957,-20.9483,40429.5763,3145.0158,899.3600,0.0000,0.0000,0.0000
67.7000,19.5957,-20.9300,40433.9197,3145.7920,898.9524,0.0000,0.0000,0.0000
67.7167,19.5956,-20.9117,40438.0491,3146.5473,898.5448,0.0000,0.0000,0.0000
67.7333,19.5956,-20.8933,40441.9665,3147.2819,898.1372,0.0000,0.0000,0.0000
67.7500,19.5955,-20.8750,40445.6736,3147.9959,897.7297,0.0000,0.0000,0.0000
67.7667,19.5955,-20.8567,40449.1723,3148.6897,897.3223,0.0000,0.0000,0.0000
67.7833,19.5955,-20.8383,40452.4644,3149.3633,896.9149,0.0000,0.0000,0.0000
67.8000,19.5954,-20.8200,40455.5519,3150.0169,896.5075,0.0000,0.0000,0.0000
67.8167,19.5954,-20.8017,40458.4366,3150.6509,896.1002,0.0000,0.0000,0.0000
67.8333,19.5954,-20.7833,40461.1204,3151.2652,895.6929,0.0000,0.0000,0.0000
67.8500,19.5954,-20.7650,40463.6052,3151.8602,895.2857,0.0000,0.0000,0.0000
67.8667,19.5953,-20.7467,40465.8930,3152.4361,894.8785,0.0000,0.0000,0.0000
67.8833,19.5953,-20.7283,40467.9855,3152.9929,894.4714,0.0000,0.0000,0.0000
67.9000,19.5953,-20.7100,40469.8848,3153.5310,894.0643,0.0000,0.0000,0.0000
67.9167,19.5953,-20.6917,40471.5927,3154.0505,893.6572,0.0000,0.0000,0.0000
67.9333,19.5953,-20.6733,40473.1111,3154.5515,893.2502,0.0000,0.0000,0.0000
67.9500,19.5953,-20.6550,40474.4420,3155.0343,892.8432,0.0000,0.0000,0.0000
67.9667,19.5952,-20.6367,40475.5872,3155.4992,892.4363,0.0000,0.0000,0.0000
67.9833,19.5952,-20.6183,40476.5485,3155.9461,892.0294,0.0000,0.0000,0.0000
68.0000,19.5952,-20.6000,40477.3280,3156.3754,891.6226,0.0000,0.0000,0.0000
68.0167,19.5952,-20.6000,40480.5480,3157.4355,891.6219,0.0000,0.0000,0.0000
68.0333,19.5951,-20.6000,40485.5375,3158.4701,891.6208,0.0000,0.0000,0.0000
68.0500,19.5951,-20.6000,40491.7996,3159.4821,891.6194,0.0000,0.0000,0.0000
68.0667,19.5950,-20.6000,40498.9665,3160.4735,891.6178,0.0000,0.0000,0.0000
68.0833,19.5949,-20.6000,40506.7666,3161.4462,891.6160,0.0000,0.0000,0.0000
68.1000,19.5949,-20.6000,40514.9994,3162.4018,891.6142,0.0000,0.0000,0.0000
68.1167,19.5948,-20.6000,40523.5175,3163.3413,891.6123,0.0000,0.0000,0.0000
68.1333,19.5947,-20.6000,40532.2128,3164.2660,891.6104,0.0000,0.0000,0.0000
68.1500,19.5946,-20.6000,40541.0067,3165.1768,891.6085,0.0000,0.0000,0.0000
68.1667,19.5945,-20.6000,40549.8420,3166.0744,891.6065,0.0000,0.0000,0.0000
68.1833,19.5944,-20.6000,40558.6776,3166.9597,891.6045,0.0000,0.0000,0.0000
68.2000,19.5943,-20.6000,40567.4845,3167.8334,891.6026,0.0000,0.0000,0.0000
68.2167,19.5942,-20.6000,40576.2423,3168.6959,891.6006,0.0000,0.0000,0.0000
68.2333,19.5942,-20.6000,40584.9371,3169.5480,891.5987,0.0000,0.0000,0.0000
68.2500,19.5941,-20.6000,40593.5597,3170.3901,891.5968,0.0000,0.0000,0.0000
68.2667,19.5940,-20.6000,40602.1044,3171.2226,891.5949,0.0000,0.0000,0.0000
68.2833,19.5939,-20.6000,40610.5680,3172.0461,891.5930,0.0000,0.0000,0.0000
68.3000,19.5938,-20.6000,40618.9491,3172.8609,891.5912,0.0000,0.0000,0.0000
68.3167,19.5937,-20.6000,40627.2476,3173.6674,891.5893,0.0000,0.0000,0.0000
68.3333,19.5936,-20.6000,40635.4643,3174.4659,891.5875,0.0000,0.0000,0.0000
68.3500,19.5936,-20.6000,40643.6005,3175.2568,891.5857,0.0000,0.0000,0.0000
68.3667,19.5935,-20.6000,40651.6581,3176.0403,891.5839,0.0000,0.0000,0.0000
68.3833,19.5934,-20.6000,40659.6391,3176.8169,891.5821,0.0000,0.0000,0.0000
68.4000,19.5933,-20.6000,40665.5073,3177.4109,891.5808,0.0000,0.0000,0.0000
68.4167,19.5933,-20.6000,40671.3785,3178.0009,891.5795,0.0000,0.0000,0.0000
68.4333,19.5932,-20.6000,40677.2444,3178.5869,891.5782,0.0000,0.0000,0.0000
68.4500,19.5932,-20.6000,40683.0985,3179.1689,891.5769,0.0000,0.0000,0.0000
68.4667,19.5931,-20.6000,40688.9359,3179.7471,891.5756,0.0000,0.0000,0.0000
68.4833,19.5931,-20.6000,40694.7527,3180.3216,891.5743,0.0000,0.0000,0.0000
68.5000,19.5930,-20.6000,40703.2329,3181.1116,891.5725,0.0000,0.0000,0.0000
68.5167,19.5929,-20.6000,40711.5401,3181.8962,891.5706,0.0000,0.0000,0.0000
68.5333,19.5928,-20.6000,40719.7086,3182.6765,891.5688,0.0000,0.0000,0.0000
68.5500,19.5927,-20.6000,40727.7654,3183.4530,891.5670,0.0000,0.0000,0.0000
68.5667,19.5926,-20.6000,40735.0867,3184.1774,891.5654,0.0000,0.0000,0.0000
68.5833,19.5926,-20.6000,40742.3780,3184.8990,891.5638,0.0000,0.0000,0.0000
68.6000,19.5925,-20.6000,40749.6401,3185.6179,891.5622,0.0000,0.0000,0.0000
68.6167,19.5924,-20.6000,40756.8737,3186.3342,891.5606,0.0000,0.0000,0.0000
68.6333,19.5924,-20.6000,40764.0792,3187.0477,891.5590,0.0000,0.0000,0.0000
68.6500,19.5923,-20.6000,40771.2565,3187.7585,891.5574,0.0000,0.0000,0.0000
68.6667,19.5922,-20.6000,40778.4055,3188.4663,891.5558,0.0000,0.0000,0.0000
68.6833,19.5921,-20.6000,40785.5255,3189.1710,891.5542,0.0000,0.0000,0.0000
68.7000,19.5921,-20.6000,40792.6156,3189.8725,891.5526,0.0000,0.0000,0.0000
68.7167,19.5920,-20.6000,40799.6748,3190.5705,891.5511,0.0000,0.0000,0.0000
68.7333,19.5919,-20.6000,40806.7019,3191.2650,891.5495,0.0000,0.0000,0.0000
68.7500,19.5919,-20.6000,40813.6957,3191.9557,891.5480,0.0000,0.0000,0.0000
68.7667,19.5918,-20.6000,40820.6548,3192.6426,891.5464,0.0000,0.0000,0.0000
68.7833,19.5917,-20.6000,40827.5782,3193.3255,891.5449,0.0000,0.0000,0.0000
68.8000,19.5917,-20.6000,40834.4645,3194.0044,891.5434,0.0000,0.0000,0.0000
68.8167,19.5916,-20.6000,40841.3126,3194.6790,891.5418,0.0000,0.0000,0.0000
68.8333,19.5915,-20.6000,40848.1214,3195.3495,891.5403,0.0000,0.0000,0.0000
68.8500,19.5915,-20.6000,40854.8901,3196.0156,891.5388,0.0000,0.0000,0.0000
68.8667,19.5914,-20.6000,40861.6178,3196.6773,891.5373,0.0000,0.0000,0.0000
68.8833,19.5913,-20.6000,40868.3035,3197.3345,891.5359,0.0000,0.0000,0.0000
68.9000,19.5913,-20.6000,40874.9467,3197.9873,891.5344,0.0000,0.0000,0.0000
68.9167,19.5912,-20.6000,40881.5468,3198.6356,891.5329,0.0000,0.0000,0.0000
68.9333,19.5911,-20.6000,40888.1031,3199.2794,891.5315,0.0000,0.0000,0.0000
68.9500,19.5911,-20.6000,40894.6153,3199.9186,891.5300,0.0000,0.0000,0.0000
68.9667,19.5910,-20.6000,40901.0831,3200.5532,891.5286,0.0000,0.0000,0.0000
68.9833,19.5909,-20.6000,40907.5060,3201.1833,891.5272,0.0000,0.0000,0.0000
69.0000,19.5909,-20.6000,40913.8839,3201.8087,891.5257,0.0000,0.0000,0.0000
69.0167,19.5908,-20.6000,40920.2166,3202.4296,891.5243,0.0000,0.0000,0.0000
69.0333,19.5907,-20.6000,40926.5041,3203.0459,891.5229,0.0000,0.0000,0.0000
69.0500,19.5907,-20.6000,40932.7465,3203.6578,891.5216,0.0000,0.0000,0.0000
69.0667,19.5906,-20.6000,40938.9442,3204.2653,891.5202,0.0000,0.0000,0.0000
69.0833,19.5905,-20.6000,40945.0978,3204.8686,891.5188,0.0000,0.0000,0.0000
69.1000,19.5905,-20.6000,40951.2081,3205.4678,891.5175,0.0000,0.0000,0.0000
69.1167,19.5904,-20.6000,40957.2761,3206.0630,891.5161,0.0000,0.0000,0.0000
69.1333,19.5904,-20.6000,40963.3031,3206.6545,891.5148,0.0000,0.0000,0.0000
69.1500,19.5903,-20.6000,40967.7455,3207.1084,891.5138,0.0000,0.0000,0.0000
69.1667,19.5903,-20.6000,40972.1998,3207.5600,891.5128,0.0000,0.0000,0.0000
69.1833,19.5902,-20.6000,40976.6597,3208.0095,891.5118,0.0000,0.0000,0.0000
69.2000,19.5902,-20.6000,40981.1202,3208.4570,891.5108,0.0000,0.0000,0.0000
69.2167,19.5901,-20.6000,40985.5776,3208.9025,891.5098,0.0000,0.0000,0.0000
69.2333,19.5901,-20.6000,40990.0288,3209.3462,891.5088,0.0000,0.0000,0.0000
69.2500,19.5901,-20.6000,40994.4719,3209.7881,891.5079,0.0000,0.0000,0.0000
69.2667,19.5900,-20.6000,40998.9051,3210.2284,891.5069,0.0000,0.0000,0.0000
69.2833,19.5900,-20.6000,41003.3275,3210.6671,891.5059,0.0000,0.0000,0.0000
69.3000,19.5899,-20.6000,41007.7383,3211.1044,891.5049,0.0000,0.0000,0.0000
69.3167,19.5899,-20.6000,41012.1371,3211.5402,891.5039,0.0000,0.0000,0.0000
69.3333,19.5898,-20.6000,41016.5235,3211.9747,891.5030,0.0000,0.0000,0.0000
69.3500,19.5898,-20.6000,41020.8976,3212.4080,891.5020,0.0000,0.0000,0.0000
69.3667,19.5897,-20.6000,41025.2593,3212.8400,891.5010,0.0000,0.0000,0.0000
69.3833,19.5897,-20.6000,41029.6089,3213.2708,891.5001,0.0000,0.0000,0.0000
69.4000,19.5897,-20.6000,41033.9465,3213.7006,891.4991,0.0000,0.0000,0.0000
69.4167,19.5896,-20.6000,41038.2724,3214.1292,891.4981,0.0000,0.0000,0.0000
69.4333,19.5896,-20.6000,41042.5869,3214.5569,891.4972,0.0000,0.0000,0.0000
69.4500,19.5895,-20.6000,41046.8904,3214.9836,891.4962,0.0000,0.0000,0.0000
69.4667,19.5895,-20.6000,41051.1831,3215.4093,891.4953,0.0000,0.0000,0.0000
69.4833,19.5894,-20.6000,41055.4654,3215.8342,891.4943,0.0000,0.0000,0.0000
69.5000,19.5894,-20.6000,41059.7376,3216.2581,891.4934,0.0000,0.0000,0.0000
69.5167,19.5894,-20.6000,41064.0001,3216.6813,891.4924,0.0000,0.0000,0.0000
69.5333,19.5893,-20.6000,41068.2531,3217.1036,891.4915,0.0000,0.0000,0.0000
69.5500,19.5893,-20.6000,41072.4970,3217.5251,891.4906,0.0000,0.0000,0.0000
69.5667,19.5892,-20.6000,41076.7319,3217.9458,891.4896,0.0000,0.0000,0.0000
69.5833,19.5892,-20.6000,41080.9583,3218.3658,891.4887,0.0000,0.0000,0.0000
69.6000,19.5891,-20.6000,41085.1764,3218.7851,891.4877,0.0000,0.0000,0.0000
69.6167,19.5891,-20.6000,41089.3863,3219.2036,891.4868,0.0000,0.0000,0.0000
69.6333,19.5891,-20.6000,41093.5884,3219.6215,891.4859,0.0000,0.0000,0.0000
69.6500,19.5890,-20.6000,41097.7827,3220.0386,891.4849,0.0000,0.0000,0.0000
69.6667,19.5890,-20.6000,41101.9695,3220.4551,891.4840,0.0000,0.0000,0.0000
69.6833,19.5889,-20.6000,41106.1489,3220.8709,891.4831,0.0000,0.0000,0.0000
69.7000,19.5889,-20.6000,41110.3212,3221.2860,891.4822,0.0000,0.0000,0.0000
69.7167,19.5889,-20.6000,41114.4864,3221.7005,891.4812,0.0000,0.0000,0.0000
69.7333,19.5888,-20.6000,41118.6446,3222.1144,891.4803,0.0000,0.0000,0.0000
69.7500,19.5888,-20.6000,41122.7960,3222.5276,891.4794,0.0000,0.0000,0.0000
69.7667,19.5887,-20.6000,41126.9406,3222.9401,891.4785,0.0000,0.0000,0.0000
69.7833,19.5887,-20.6000,41131.0785,3223.3521,891.4776,0.0000,0.0000,0.0000
69.8000,19.5886,-20.6000,41135.2098,3223.7634,891.4766,0.0000,0.0000,0.0000
69.8167,19.5886,-20.6000,41139.3345,3224.1740,891.4757,0.0000,0.0000,0.0000
69.8333,19.5886,-20.6000,41143.4527,3224.5840,891.4748,0.0000,0.0000,0.0000
69.8500,19.5885,-20.6000,41147.5643,3224.9934,891.4739,0.0000,0.0000,0.0000
69.8667,19.5885,-20.6000,41151.6695,3225.4021,891.4730,0.0000,0.0000,0.0000
69.8833,19.5884,-20.6000,41155.7683,3225.8102,891.4721,0.0000,0.0000,0.0000
69.9000,19.5884,-20.6000,41159.8605,3226.2177,891.4712,0.0000,0.0000,0.0000
69.9167,19.5884,-20.6000,41163.9463,3226.6245,891.4703,0.0000,0.0000,0.0000
69.9333,19.5883,-20.6000,41168.0256,3227.0306,891.4694,0.0000,0.0000,0.0000
69.9500,19.5883,-20.6000,41172.0983,3227.4361,891.4685,0.0000,0.0000,0.0000
69.9667,19.5882,-20.6000,41176.1645,3227.8408,891.4676,0.0000,0.0000,0.0000
69.9833,19.5882,-20.6000,41180.2242,3228.2450,891.4667,0.0000,0.0000,0.0000
70.0000,19.5881,-20.6000,41186.1593,3228.8029,891.4653,0.0000,0.0000,0.0000
70.0167,19.5880,-20.6267,41196.0756,3230.3051,892.0547,0.0000,0.0000,0.0000
70.0333,19.5879,-20.6533,41208.8880,3231.7979,892.6434,0.0000,0.0000,0.0000
70.0500,19.5878,-20.6800,41223.8123,3233.2857,893.2316,0.0000,0.0000,0.0000
70.0667,19.5876,-20.7067,41240.2810,3234.7715,893.8194,0.0000,0.0000,0.0000
70.0833,19.5874,-20.7333,41257.8836,3236.2575,894.4071,0.0000,0.0000,0.0000
70.1000,19.5872,-20.7600,41276.3231,3237.7453,894.9945,0.0000,0.0000,0.0000
70.1167,19.5870,-20.7867,41295.3843,3239.2360,895.5818,0.0000,0.0000,0.0000
70.1333,19.5869,-20.8133,41314.9119,3240.7305,896.1690,0.0000,0.0000,0.0000
70.1500,19.5867,-20.8400,41333.4164,3242.1959,896.7564,0.0000,0.0000,0.0000
70.1667,19.5865,-20.8667,41352.4309,3243.6644,897.3437,0.0000,0.0000,0.0000
70.1833,19.5863,-20.8933,41371.8384,3245.1369,897.9310,0.0000,0.0000,0.0000
70.2000,19.5861,-20.9200,41391.5525,3246.6140,898.5181,0.0000,0.0000,0.0000
70.2167,19.5859,-20.9467,41411.5097,3248.0962,899.1052,0.0000,0.0000,0.0000
70.2333,19.5857,-20.9733,41431.6632,3249.5841,899.6923,0.0000,0.0000,0.0000
70.2500,19.5855,-21.0000,41451.9792,3251.0779,900.2793,0.0000,0.0000,0.0000
70.2667,19.5853,-21.0267,41472.4327,3252.5781,900.8663,0.0000,0.0000,0.0000
70.2833,19.5851,-21.0533,41493.0059,3254.0848,901.4533,0.0000,0.0000,0.0000
70.3000,19.5849,-21.0800,41513.6859,3255.5983,902.0402,0.0000,0.0000,0.0000
70.3167,19.5847,-21.1067,41534.4635,3257.1189,902.6271,0.0000,0.0000,0.0000
70.3333,19.5844,-21.1333,41555.3325,3258.6467,903.2140,0.0000,0.0000,0.0000
70.3500,19.5842,-21.1600,41576.2882,3260.1818,903.8009,0.0000,0.0000,0.0000
70.3667,19.5840,-21.1867,41597.3277,3261.7245,904.3878,0.0000,0.0000,0.0000
70.3833,19.5838,-21.2133,41618.4490,3263.2747,904.9746,0.0000,0.0000,0.0000
70.4000,19.5836,-21.2400,41639.6508,3264.8326,905.5614,0.0000,0.0000,0.0000
70.4167,19.5834,-21.2667,41660.9321,3266.3982,906.1482,0.0000,0.0000,0.0000
70.4333,19.5832,-21.2933,41682.2926,3267.9716,906.7350,0.0000,0.0000,0.0000
70.4500,19.5830,-21.3200,41703.7317,3269.5527,907.3218,0.0000,0.0000,0.0000
70.4667,19.5827,-21.3467,41725.2494,3271.1417,907.9085,0.0000,0.0000,0.0000
70.4833,19.5825,-21.3733,41746.8454,3272.7384,908.4953,0.0000,0.0000,0.0000
70.5000,19.5823,-21.4000,41768.5195,3274.3430,909.0820,0.0000,0.0000,0.0000
70.5167,19.5821,-21.4267,41790.2715,3275.9552,909.6687,0.0000,0.0000,0.0000
70.5333,19.5819,-21.4533,41812.1012,3277.5752,910.2554,0.0000,0.0000,0.0000
70.5500,19.5817,-21.4800,41834.0081,3279.2028,910.8421,0.0000,0.0000,0.0000
70.5667,19.5814,-21.5067,41855.9919,3280.8379,911.4287,0.0000,0.0000,0.0000
70.5833,19.5812,-21.5333,41878.0520,3282.4806,912.0153,0.0000,0.0000,0.0000
70.6000,19.5810,-21.5600,41900.1878,3284.1307,912.6020,0.0000,0.0000,0.0000
70.6167,19.5808,-21.5867,41922.3988,3285.7881,913.1886,0.0000,0.0000,0.0000
70.6333,19.5806,-21.6133,41944.6840,3287.4527,913.7751,0.0000,0.0000,0.0000
70.6500,19.5803,-21.6400,41967.0428,3289.1244,914.3617,0.0000,0.0000,0.0000
70.6667,19.5801,-21.6667,41991.1654,3290.8517,914.9479,0.0000,0.0000,0.0000
70.6833,19.5798,-21.6933,42015.0606,3292.5924,915.5341,0.0000,0.0000,0.0000
70.7000,19.5796,-21.7200,42038.8272,3294.3476,916.1204,0.0000,0.0000,0.0000
70.7167,19.5794,-21.7467,42062.5389,3296.1176,916.7066,0.0000,0.0000,0.0000
70.7333,19.5791,-21.7733,42086.2494,3297.9023,917.2929,0.0000,0.0000,0.0000
70.7500,19.5789,-21.8000,42109.9959,3299.7010,917.8792,0.0000,0.0000,0.0000
70.7667,19.5787,-21.8267,42133.8031,3301.5125,918.4654,0.0000,0.0000,0.0000
70.7833,19.5784,-21.8533,42157.6860,3303.3357,919.0517,0.0000,0.0000,0.0000
70.8000,19.5782,-21.8800,42181.6523,3305.1694,919.6379,0.0000,0.0000,0.0000
70.8167,19.5779,-21.9067,42205.7050,3307.0126,920.2241,0.0000,0.0000,0.0000
70.8333,19.5777,-21.9333,42229.8436,3308.8641,920.8102,0.0000,0.0000,0.0000
70.8500,19.5775,-21.9600,42254.0651,3310.7232,921.3964,0.0000,0.0000,0.0000
70.8667,19.5772,-21.9867,42278.3655,3312.5890,921.9825,0.0000,0.0000,0.0000
70.8833,19.5770,-22.0133,42302.7395,3314.4608,922.5686,0.0000,0.0000,0.0000
70.9000,19.5767,-22.0400,42327.1818,3316.3379,923.1547,0.0000,0.0000,0.0000
70.9167,19.5765,-22.0667,42349.9496,3318.1634,923.7412,0.0000,0.0000,0.0000
70.9333,19.5763,-22.0933,42373.0573,3319.9906,924.3276,0.0000,0.0000,0.0000
70.9500,19.5760,-22.1200,42396.4254,3321.8199,924.9140,0.0000,0.0000,0.0000
70.9667,19.5758,-22.1467,42419.9945,3323.6513,925.5003,0.0000,0.0000,0.0000
70.9833,19.5756,-22.1733,42443.7196,3325.4848,926.0865,0.0000,0.0000,0.0000
71.0000,19.5753,-22.2000,42467.5666,3327.3202,926.6728,0.0000,0.0000,0.0000
71.0167,19.5751,-22.2183,42490.3174,3328.8622,927.0744,0.0000,0.0000,0.0000
71.0333,19.5749,-22.2367,42512.2574,3330.4093,927.4762,0.0000,0.0000,0.0000
71.0500,19.5747,-22.2550,42533.5985,3331.9604,927.8782,0.0000,0.0000,0.0000
71.0667,19.5745,-22.2733,42554.4977,3333.5147,928.2802,0.0000,0.0000,0.0000
71.0833,19.5742,-22.2917,42575.0716,3335.0717,928.6823,0.0000,0.0000,0.0000
71.1000,19.5740,-22.3100,42595.4069,3336.6310,929.0845,0.0000,0.0000,0.0000
71.1167,19.5738,-22.3283,42615.5681,3338.1923,929.4867,0.0000,0.0000,0.0000
71.1333,19.5736,-22.3467,42635.6033,3339.7555,929.8889,0.0000,0.0000,0.0000
71.1500,19.5734,-22.3650,42655.5484,3341.3205,930.2912,0.0000,0.0000,0.0000
71.1667,19.5732,-22.3833,42675.4301,3342.8873,930.6934,0.0000,0.0000,0.0000
71.1833,19.5730,-22.4017,42695.2688,3344.4559,931.0957,0.0000,0.0000,0.0000
71.2000,19.5728,-22.4200,42715.0796,3346.0263,931.4980,0.0000,0.0000,0.0000
71.2167,19.5727,-22.4383,42734.8739,3347.5986,931.9003,0.0000,0.0000,0.0000
71.2333,19.5725,-22.4567,42754.6605,3349.1727,932.3025,0.0000,0.0000,0.0000
71.2500,19.5723,-22.4750,42774.4461,3350.7486,932.7048,0.0000,0.0000,0.0000
71.2667,19.5721,-22.4933,42794.2356,3352.3266,933.1071,0.0000,0.0000,0.0000
71.2833,19.5719,-22.5117,42814.0331,3353.9065,933.5094,0.0000,0.0000,0.0000
71.3000,19.5717,-22.5300,42833.8415,3355.4884,933.9117,0.0000,0.0000,0.0000
71.3167,19.5715,-22.5483,42853.6632,3357.0724,934.3140,0.0000,0.0000,0.0000
71.3333,19.5713,-22.5667,42873.5001,3358.6584,934.7162,0.0000,0.0000,0.0000
71.3500,19.5711,-22.5850,42893.3535,3360.2466,935.1185,0.0000,0.0000,0.0000
71.3667,19.5709,-22.6033,42913.2246,3361.8368,935.5208,0.0000,0.0000,0.0000
71.3833,19.5707,-22.6217,42933.1143,3363.4292,935.9230,0.0000,0.0000,0.0000
71.4000,19.5705,-22.6400,42953.0232,3365.0237,936.3253,0.0000,0.0000,0.0000
71.4167,19.5703,-22.6583,42972.9520,3366.6203,936.7276,0.0000,0.0000,0.0000
71.4333,19.5701,-22.6767,42992.9008,3368.2191,937.1298,0.0000,0.0000,0.0000
71.4500,19.5699,-22.6950,43012.8702,3369.8201,937.5321,0.0000,0.0000,0.0000
71.4667,19.5697,-22.7133,43032.8601,3371.4231,937.9343,0.0000,0.0000,0.0000
71.4833,19.5695,-22.7317,43052.8708,3373.0283,938.3365,0.0000,0.0000,0.0000
71.5000,19.5693,-22.7500,43072.9023,3374.6355,938.7388,0.0000,0.0000,0.0000
71.5167,19.5691,-22.7683,43092.9546,3376.2449,939.1410,0.0000,0.0000,0.0000
71.5333,19.5689,-22.7867,43113.0276,3377.8563,939.5432,0.0000,0.0000,0.0000
71.5500,19.5687,-22.8050,43133.1212,3379.4697,939.9454,0.0000,0.0000,0.0000
71.5667,19.5685,-22.8233,43153.2352,3381.0851,940.3476,0.0000,0.0000,0.0000
71.5833,19.5683,-22.8417,43173.3694,3382.7025,940.7499,0.0000,0.0000,0.0000
71.6000,19.5681,-22.8600,43193.5236,3384.3218,941.1521,0.0000,0.0000,0.0000
71.6167,19.5679,-22.8783,43213.6974,3385.9429,941.5543,0.0000,0.0000,0.0000
71.6333,19.5677,-22.8967,43233.8906,3387.5660,941.9565,0.0000,0.0000,0.0000
71.6500,19.5675,-22.9150,43254.1028,3389.1908,942.3586,0.0000,0.0000,0.0000
71.6667,19.5673,-22.9333,43274.3337,3390.8174,942.7608,0.0000,0.0000,0.0000
71.6833,19.5671,-22.9517,43294.5827,3392.4456,943.1630,0.0000,0.0000,0.0000
71.7000,19.5669,-22.9700,43314.8495,3394.0755,943.5652,0.0000,0.0000,0.0000
71.7167,19.5666,-22.9883,43335.1336,3395.7070,943.9674,0.0000,0.0000,0.0000
71.7333,19.5664,-23.0067,43355.4344,3397.3401,944.3695,0.0000,0.0000,0.0000
71.7500,19.5662,-23.0250,43375.7516,3398.9746,944.7717,0.0000,0.0000,0.0000
71.7667,19.5660,-23.0433,43396.0844,3400.6105,945.1739,0.0000,0.0000,0.0000
71.7833,19.5658,-23.0617,43416.4324,3402.2477,945.5760,0.0000,0.0000,0.0000
71.8000,19.5656,-23.0800,43436.7949,3403.8862,945.9782,0.0000,0.0000,0.0000
71.8167,19.5654,-23.0983,43457.1713,3405.5259,946.3804,0.0000,0.0000,0.0000
71.8333,19.5652,-23.1167,43477.5610,3407.1668,946.7825,0.0000,0.0000,0.0000
71.8500,19.5650,-23.1350,43497.9632,3408.8087,947.1847,0.0000,0.0000,0.0000
71.8667,19.5648,-23.1533,43518.3773,3410.4515,947.5868,0.0000,0.0000,0.0000
71.8833,19.5646,-23.1717,43538.8024,3412.0953,947.9890,0.0000,0.0000,0.0000
71.9000,19.5644,-23.1900,43559.2379,3413.7398,948.3911,0.0000,0.0000,0.0000
71.9167,19.5642,-23.2083,43579.6830,3415.3851,948.7932,0.0000,0.0000,0.0000
71.9333,19.5640,-23.2267,43600.1367,3417.0310,949.1954,0.0000,0.0000,0.0000
71.9500,19.5638,-23.2450,43620.5983,3418.6774,949.5975,0.0000,0.0000,0.0000
71.9667,19.5636,-23.2633,43641.0667,3420.3242,949.9996,0.0000,0.0000,0.0000
71.9833,19.5634,-23.2817,43661.5412,3421.9713,950.4018,0.0000,0.0000,0.0000
72.0000,19.5632,-23.3000,43682.0207,3423.6186,950.8039,0.0000,0.0000,0.0000
72.0167,19.5630,-23.3183,43702.5040,3425.2660,951.2060,0.0000,0.0000,0.0000
72.0333,19.5628,-23.3367,43722.9900,3426.9132,951.6082,0.0000,0.0000,0.0000
72.0500,19.5626,-23.3550,43743.4772,3428.5602,952.0103,0.0000,0.0000,0.0000
72.0667,19.5624,-23.3733,43763.9638,3430.2065,952.4124,0.0000,0.0000,0.0000
72.0833,19.5622,-23.3917,43784.4477,3431.8519,952.8146,0.0000,0.0000,0.0000
72.1000,19.5620,-23.4100,43804.9264,3433.4960,953.2167,0.0000,0.0000,0.0000
72.1167,19.5617,-23.4283,43825.3971,3435.1384,953.6188,0.0000,0.0000,0.0000
72.1333,19.5615,-23.4467,43845.8566,3436.7788,954.0210,0.0000,0.0000,0.0000
72.1500,19.5613,-23.4650,43866.3016,3438.4166,954.4231,0.0000,0.0000,0.0000
72.1667,19.5611,-23.4833,43888.3222,3440.1148,954.8249,0.0000,0.0000,0.0000
72.1833,19.5609,-23.5017,43910.0699,3441.8123,955.2268,0.0000,0.0000,0.0000
72.2000,19.5607,-23.5200,43931.6138,3443.5084,955.6287,0.0000,0.0000,0.0000
72.2167,19.5605,-23.5383,43953.0045,3445.2031,956.0306,0.0000,0.0000,0.0000
72.2333,19.5603,-23.5567,43974.2779,3446.8960,956.4325,0.0000,0.0000,0.0000
72.2500,19.5600,-23.5750,43995.4589,3448.5866,956.8345,0.0000,0.0000,0.0000
72.2667,19.5598,-23.5933,44016.5628,3450.2735,957.2365,0.0000,0.0000,0.0000
72.2833,19.5596,-23.6117,44037.5960,3451.9551,957.6385,0.0000,0.0000,0.0000
72.3000,19.5594,-23.6300,44058.5568,3453.6289,958.0405,0.0000,0.0000,0.0000
72.3167,19.5592,-23.6483,44079.4321,3455.2903,958.4426,0.0000,0.0000,0.0000
72.3333,19.5590,-23.6667,44100.1820,3456.9269,958.8447,0.0000,0.0000,0.0000
72.3500,19.5588,-23.6850,44120.7577,3458.5357,959.2468,0.0000,0.0000,0.0000
72.3667,19.5586,-23.7033,44141.2514,3460.1606,959.6489,0.0000,0.0000,0.0000
72.3833,19.5584,-23.7217,44161.7087,3461.7942,960.0510,0.0000,0.0000,0.0000
72.4000,19.5582,-23.7400,44182.1549,3463.4338,960.4532,0.0000,0.0000,0.0000
72.4167,19.5580,-23.7583,44202.6043,3465.0775,960.8553,0.0000,0.0000,0.0000
72.4333,19.5578,-23.7767,44221.5788,3466.6644,961.2578,0.0000,0.0000,0.0000
72.4500,19.5576,-23.7950,44240.7815,3468.2512,961.6602,0.0000,0.0000,0.0000
72.4667,19.5574,-23.8133,44260.1561,3469.8382,962.0626,0.0000,0.0000,0.0000
72.4833,19.5572,-23.8317,44279.6596,3471.4253,962.4649,0.0000,0.0000,0.0000
72.5000,19.5570,-23.8500,44299.2595,3473.0120,962.8673,0.0000,0.0000,0.0000
72.5167,19.5568,-23.8683,44318.9306,3474.5983,963.2696,0.0000,0.0000,0.0000
72.5333,19.5566,-23.8867,44338.6534,3476.1839,963.6719,0.0000,0.0000,0.0000
72.5500,19.5564,-23.9050,44358.4127,3477.7686,964.0742,0.0000,0.0000,0.0000
72.5667,19.5562,-23.9233,44378.1967,3479.3521,964.4765,0.0000,0.0000,0.0000
72.5833,19.5560,-23.9417,44397.9961,3480.9344,964.8787,0.0000,0.0000,0.0000
72.6000,19.5558,-23.9600,44417.8036,3482.5152,965.2810,0.0000,0.0000,0.0000
72.6167,19.5556,-23.9783,44437.6133,3484.0946,965.6833,0.0000,0.0000,0.0000
72.6333,19.5554,-23.9967,44457.4208,3485.6723,966.0856,0.0000,0.0000,0.0000
72.6500,19.5552,-24.0150,44477.2222,3487.2483,966.4879,0.0000,0.0000,0.0000
72.6667,19.5550,-24.0333,44497.0147,3488.8225,966.8901,0.0000,0.0000,0.0000
72.6833,19.5548,-24.0517,44516.7958,3490.3948,967.2924,0.0000,0.0000,0.0000
72.7000,19.5546,-24.0700,44536.5638,3491.9653,967.6947,0.0000,0.0000,0.0000
72.7167,19.5544,-24.0883,44556.3171,3493.5338,968.0970,0.0000,0.0000,0.0000
72.7333,19.5542,-24.1067,44576.0544,3495.1004,968.4993,0.0000,0.0000,0.0000
72.7500,19.5540,-24.1250,44595.7750,3496.6650,968.9016,0.0000,0.0000,0.0000
72.7667,19.5538,-24.1433,44615.4780,3498.2276,969.3039,0.0000,0.0000,0.0000
72.7833,19.5536,-24.1617,44635.1629,3499.7883,969.7062,0.0000,0.0000,0.0000
72.8000,19.5535,-24.1800,44654.8292,3501.3470,970.1085,0.0000,0.0000,0.0000
72.8167,19.5533,-24.1983,44674.4769,3502.9037,970.5109,0.0000,0.0000,0.0000
72.8333,19.5530,-24.2167,44696.1148,3504.5334,970.9127,0.0000,0.0000,0.0000
72.8500,19.5528,-24.2350,44716.9208,3506.1476,971.3148,0.0000,0.0000,0.0000
72.8667,19.5526,-24.2533,44737.5557,3507.7617,971.7169,0.0000,0.0000,0.0000
72.8833,19.5524,-24.2717,44758.0660,3509.3761,972.1190,0.0000,0.0000,0.0000
72.9000,19.5522,-24.2900,44778.4865,3510.9913,972.5212,0.0000,0.0000,0.0000
72.9167,19.5520,-24.3083,44798.8435,3512.6072,972.9233,0.0000,0.0000,0.0000
72.9333,19.5518,-24.3267,44819.1561,3514.2241,973.3255,0.0000,0.0000,0.0000
72.9500,19.5516,-24.3450,44839.4379,3515.8416,973.7277,0.0000,0.0000,0.0000
72.9667,19.5514,-24.3633,44859.6984,3517.4596,974.1299,0.0000,0.0000,0.0000
72.9833,19.5512,-24.3817,44879.9439,3519.0778,974.5320,0.0000,0.0000,0.0000
73.0000,19.5510,-24.4000,44900.1779,3520.6958,974.9342,0.0000,0.0000,0.0000
73.0167,19.5509,-24.3817,44914.7906,3521.0139,974.5243,0.0000,0.0000,0.0000
73.0333,19.5507,-24.3633,44925.3132,3521.3450,974.1153,0.0000,0.0000,0.0000
73.0500,19.5507,-24.3450,44932.8550,3521.6839,973.7070,0.0000,0.0000,0.0000
73.0667,19.5506,-24.3267,44938.2188,3522.0263,973.2991,0.0000,0.0000,0.0000
73.0833,19.5506,-24.3083,44941.5782,3522.3075,972.8917,0.0000,0.0000,0.0000
73.1000,19.5506,-24.2900,44943.7819,3522.5853,972.4845,0.0000,0.0000,0.0000
73.1167,19.5505,-24.2717,44945.1046,3522.8580,972.0775,0.0000,0.0000,0.0000
73.1333,19.5505,-24.2533,44945.7482,3523.1236,971.6707,0.0000,0.0000,0.0000
73.1500,19.5505,-24.2350,44945.8598,3523.3803,971.2640,0.0000,0.0000,0.0000
73.1667,19.5505,-24.2167,44945.5457,3523.6264,970.8574,0.0000,0.0000,0.0000
73.1833,19.5506,-24.1983,44944.8822,3523.8606,970.4509,0.0000,0.0000,0.0000
73.2000,19.5506,-24.1800,44943.9233,3524.0815,970.0444,0.0000,0.0000,0.0000
73.2167,19.5506,-24.1617,44942.7065,3524.2878,969.6380,0.0000,0.0000,0.0000
73.2333,19.5506,-24.1433,44941.2574,3524.4786,969.2317,0.0000,0.0000,0.0000
73.2500,19.5506,-24.1250,44939.5927,3524.6528,968.8254,0.0000,0.0000,0.0000
73.2667,19.5506,-24.1067,44937.7229,3524.8096,968.4191,0.0000,0.0000,0.0000
73.2833,19.5506,-24.0883,44935.6540,3524.9482,968.0129,0.0000,0.0000,0.0000
73.3000,19.5507,-24.0700,44933.3889,3525.0680,967.6067,0.0000,0.0000,0.0000
73.3167,19.5507,-24.0517,44930.9283,3525.1684,967.2006,0.0000,0.0000,0.0000
73.3333,19.5507,-24.0333,44928.2713,3525.2489,966.7945,0.0000,0.0000,0.0000
73.3500,19.5507,-24.0150,44925.4164,3525.3090,966.3884,0.0000,0.0000,0.0000
73.3667,19.5508,-23.9967,44922.3612,3525.3484,965.9824,0.0000,0.0000,0.0000
73.3833,19.5508,-23.9783,44919.1035,3525.3667,965.5765,0.0000,0.0000,0.0000
73.4000,19.5508,-23.9600,44915.6406,3525.3638,965.1706,0.0000,0.0000,0.0000
73.4167,19.5509,-23.9417,44911.9702,3525.3393,964.7647,0.0000,0.0000,0.0000
73.4333,19.5509,-23.9233,44908.0902,3525.2931,964.3589,0.0000,0.0000,0.0000
73.4500,19.5510,-23.9050,44903.9985,3525.2251,963.9531,0.0000,0.0000,0.0000
73.4667,19.5510,-23.8867,44899.6935,3525.1352,963.5474,0.0000,0.0000,0.0000
73.4833,19.5510,-23.8683,44895.1738,3525.0234,963.1417,0.0000,0.0000,0.0000
73.5000,19.5511,-23.8500,44890.4384,3524.8897,962.7361,0.0000,0.0000,0.0000
73.5167,19.5511,-23.8317,44885.4866,3524.7340,962.3305,0.0000,0.0000,0.0000
73.5333,19.5512,-23.8133,44880.3180,3524.5565,961.9250,0.0000,0.0000,0.0000
73.5500,19.5513,-23.7950,44874.9324,3524.3573,961.5195,0.0000,0.0000,0.0000
73.5667,19.5513,-23.7767,44869.3301,3524.1363,961.1141,0.0000,0.0000,0.0000
73.5833,19.5514,-23.7583,44863.5114,3523.8938,960.7087,0.0000,0.0000,0.0000
73.6000,19.5514,-23.7400,44857.4771,3523.6299,960.3034,0.0000,0.0000,0.0000
73.6167,19.5515,-23.7217,44851.2281,3523.3448,959.8981,0.0000,0.0000,0.0000
73.6333,19.5516,-23.7033,44844.7655,3523.0386,959.4929,0.0000,0.0000,0.0000
73.6500,19.5516,-23.6850,44838.0906,3522.7116,959.0877,0.0000,0.0000,0.0000
73.6667,19.5517,-23.6667,44831.2051,3522.3639,958.6825,0.0000,0.0000,0.0000
73.6833,19.5518,-23.6483,44824.1106,3521.9958,958.2774,0.0000,0.0000,0.0000
73.7000,19.5518,-23.6300,44816.8089,3521.6075,957.8723,0.0000,0.0000,0.0000
73.7167,19.5519,-23.6117,44809.3021,3521.1993,957.4673,0.0000,0.0000,0.0000
73.7333,19.5520,-23.5933,44801.5922,3520.7713,957.0624,0.0000,0.0000,0.0000
73.7500,19.5521,-23.5750,44793.6815,3520.3239,956.6575,0.0000,0.0000,0.0000
73.7667,19.5521,-23.5567,44785.5723,3519.8573,956.2526,0.0000,0.0000,0.0000
73.7833,19.5522,-23.5383,44777.2670,3519.3718,955.8477,0.0000,0.0000,0.0000
73.8000,19.5523,-23.5200,44768.7681,3518.8676,955.4430,0.0000,0.0000,0.0000
73.8167,19.5524,-23.5017,44760.0781,3518.3451,955.0382,0.0000,0.0000,0.0000
73.8333,19.5525,-23.4833,44751.1997,3517.8045,954.6335,0.0000,0.0000,0.0000
73.8500,19.5526,-23.4650,44742.1354,3517.2461,954.2288,0.0000,0.0000,0.0000
73.8667,19.5527,-23.4467,44732.8880,3516.6701,953.8242,0.0000,0.0000,0.0000
73.8833,19.5528,-23.4283,44723.4603,3516.0769,953.4196,0.0000,0.0000,0.0000
73.9000,19.5529,-23.4100,44713.8549,3515.4667,953.0151,0.0000,0.0000,0.0000
73.9167,19.5530,-23.3917,44704.0747,3514.8399,952.6106,0.0000,0.0000,0.0000
73.9333,19.5531,-23.3733,44694.1224,3514.1966,952.2061,0.0000,0.0000,0.0000
73.9500,19.5532,-23.3550,44684.0008,3513.5373,951.8017,0.0000,0.0000,0.0000
73.9667,19.5533,-23.3367,44673.7127,3512.8621,951.3973,0.0000,0.0000,0.0000
73.9833,19.5534,-23.3183,44663.2610,3512.1714,950.9929,0.0000,0.0000,0.0000
74.0000,19.5535,-23.3000,44651.9089,3511.4640,950.5888,0.0000,0.0000,0.0000
74.0167,19.5536,-23.3000,44643.3830,3511.3901,950.5907,0.0000,0.0000,0.0000
74.0333,19.5536,-23.3000,44637.3108,3511.3004,950.5920,0.0000,0.0000,0.0000
74.0500,19.5537,-23.3000,44632.4960,3511.1978,950.5931,0.0000,0.0000,0.0000
74.0667,19.5537,-23.3000,44628.6020,3511.0858,950.5939,0.0000,0.0000,0.0000
74.0833,19.5537,-23.3000,44625.3836,3510.9674,950.5947,0.0000,0.0000,0.0000
74.1000,19.5538,-23.3000,44622.6632,3510.8453,950.5953,0.0000,0.0000,0.0000
74.1167,19.5538,-23.3000,44620.3126,3510.7216,950.5958,0.0000,0.0000,0.0000
74.1333,19.5538,-23.3000,44618.2402,3510.5980,950.5962,0.0000,0.0000,0.0000
74.1500,19.5538,-23.3000,44616.3806,3510.4760,950.5967,0.0000,0.0000,0.0000
74.1667,19.5539,-23.3000,44614.6882,3510.3570,950.5970,0.0000,0.0000,0.0000
74.1833,19.5539,-23.3000,44613.1309,3510.2420,950.5974,0.0000,0.0000,0.0000
74.2000,19.5539,-23.3000,44611.6873,3510.1318,950.5977,0.0000,0.0000,0.0000
74.2167,19.5539,-23.3000,44610.3429,3510.0272,950.5980,0.0000,0.0000,0.0000
74.2333,19.5539,-23.3000,44609.0886,3509.9289,950.5983,0.0000,0.0000,0.0000
74.2500,19.5539,-23.3000,44607.9191,3509.8375,950.5985,0.0000,0.0000,0.0000
74.2667,19.5539,-23.3000,44606.8316,3509.7535,950.5988,0.0000,0.0000,0.0000
74.2833,19.5539,-23.3000,44605.8252,3509.6774,950.5990,0.0000,0.0000,0.0000
74.3000,19.5540,-23.3000,44604.9000,3509.6094,950.5992,0.0000,0.0000,0.0000
74.3167,19.5540,-23.3000,44604.0572,3509.5501,950.5994,0.0000,0.0000,0.0000
74.3333,19.5540,-23.3000,44603.2982,3509.4996,950.5996,0.0000,0.0000,0.0000
74.3500,19.5540,-23.3000,44602.6249,3509.4583,950.5997,0.0000,0.0000,0.0000
74.3667,19.5540,-23.3000,44602.0391,3509.4263,950.5998,0.0000,0.0000,0.0000
74.3833,19.5540,-23.3000,44601.5427,3509.4038,950.5999,0.0000,0.0000,0.0000
74.4000,19.5540,-23.3000,44601.1375,3509.3911,950.6000,0.0000,0.0000,0.0000
74.4167,19.5540,-23.3000,44600.8250,3509.3881,950.6001,0.0000,0.0000,0.0000
74.4333,19.5540,-23.3000,44600.6069,3509.3950,950.6001,0.0000,0.0000,0.0000
74.4500,19.5540,-23.3000,44600.4842,3509.4118,950.6002,0.0000,0.0000,0.0000
74.4667,19.5540,-23.3000,44600.4582,3509.4387,950.6002,0.0000,0.0000,0.0000
74.4833,19.5540,-23.3000,44600.5295,3509.4756,950.6002,0.0000,0.0000,0.0000
74.5000,19.5540,-23.3000,44600.6988,3509.5224,950.6001,0.0000,0.0000,0.0000
74.5167,19.5540,-23.3000,44600.9665,3509.5793,950.6001,0.0000,0.0000,0.0000
74.5333,19.5540,-23.3000,44601.3329,3509.6461,950.6000,0.0000,0.0000,0.0000
74.5500,19.5540,-23.3000,44601.7979,3509.7228,950.5999,0.0000,0.0000,0.0000
74.5667,19.5540,-23.3000,44602.3613,3509.8093,950.5998,0.0000,0.0000,0.0000
74.5833,19.5540,-23.3000,44603.0229,3509.9055,950.5996,0.0000,0.0000,0.0000
74.6000,19.5540,-23.3000,44603.7821,3510.0114,950.5994,0.0000,0.0000,0.0000
74.6167,19.5540,-23.3000,44604.6383,3510.1268,950.5993,0.0000,0.0000,0.0000
74.6333,19.5539,-23.3000,44605.5907,3510.2516,950.5990,0.0000,0.0000,0.0000
74.6500,19.5539,-23.3000,44606.6384,3510.3857,950.5988,0.0000,0.0000,0.0000
74.6667,19.5539,-23.3000,44607.7803,3510.5288,950.5986,0.0000,0.0000,0.0000
74.6833,19.5539,-23.3000,44609.0153,3510.6810,950.5983,0.0000,0.0000,0.0000
74.7000,19.5539,-23.3000,44610.3422,3510.8420,950.5980,0.0000,0.0000,0.0000
74.7167,19.5539,-23.3000,44611.7596,3511.0117,950.5977,0.0000,0.0000,0.0000
74.7333,19.5539,-23.3000,44613.2662,3511.1899,950.5973,0.0000,0.0000,0.0000
74.7500,19.5539,-23.3000,44614.8604,3511.3764,950.5970,0.0000,0.0000,0.0000
74.7667,19.5538,-23.3000,44616.5408,3511.5711,950.5966,0.0000,0.0000,0.0000
74.7833,19.5538,-23.3000,44617.8422,3511.7277,950.5963,0.0000,0.0000,0.0000
74.8000,19.5538,-23.3000,44619.2029,3511.8889,950.5960,0.0000,0.0000,0.0000
74.8167,19.5538,-23.3000,44620.6202,3512.0546,950.5957,0.0000,0.0000,0.0000
74.8333,19.5538,-23.3000,44622.0916,3512.2247,950.5954,0.0000,0.0000,0.0000
74.8500,19.5538,-23.3000,44623.6153,3512.3992,950.5950,0.0000,0.0000,0.0000
74.8667,19.5537,-23.3000,44625.1896,3512.5780,950.5947,0.0000,0.0000,0.0000
74.8833,19.5537,-23.3000,44626.8130,3512.7612,950.5943,0.0000,0.0000,0.0000
74.9000,19.5537,-23.3000,44628.4843,3512.9487,950.5940,0.0000,0.0000,0.0000
74.9167,19.5537,-23.3000,44630.2024,3513.1404,950.5936,0.0000,0.0000,0.0000
74.9333,19.5537,-23.3000,44631.9664,3513.3363,950.5932,0.0000,0.0000,0.0000
74.9500,19.5537,-23.3000,44633.7754,3513.5364,950.5928,0.0000,0.0000,0.0000
74.9667,19.5536,-23.3000,44635.6287,3513.7406,950.5924,0.0000,0.0000,0.0000
74.9833,19.5536,-23.3000,44637.5257,3513.9489,950.5920,0.0000,0.0000,0.0000
75.0000,19.5536,-23.3000,44639.4656,3514.1612,950.5915,0.0000,0.0000,0.0000
75.0167,19.5536,-23.3000,44642.3783,3514.4583,950.5909,0.0000,0.0000,0.0000
75.0333,19.5535,-23.3000,44645.3211,3514.7616,950.5902,0.0000,0.0000,0.0000
75.0500,19.5535,-23.3000,44648.2962,3515.0688,950.5896,0.0000,0.0000,0.0000
75.0667,19.5535,-23.3000,44651.0538,3515.3583,950.5890,0.0000,0.0000,0.0000
75.0833,19.5535,-23.3000,44653.8420,3515.6470,950.5883,0.0000,0.0000,0.0000
75.1000,19.5534,-23.3000,44656.6480,3515.9336,950.5877,0.0000,0.0000,0.0000
75.1167,19.5534,-23.3000,44659.4600,3516.2171,950.5871,0.0000,0.0000,0.0000
75.1333,19.5534,-23.3000,44662.2676,3516.4971,950.5865,0.0000,0.0000,0.0000
75.1500,19.5533,-23.3000,44665.0619,3516.7730,950.5859,0.0000,0.0000,0.0000
75.1667,19.5533,-23.3000,44667.8358,3517.0447,950.5852,0.0000,0.0000,0.0000
75.1833,19.5533,-23.3000,44670.5839,3517.3122,950.5846,0.0000,0.0000,0.0000
75.2000,19.5533,-23.3000,44673.3021,3517.5755,950.5840,0.0000,0.0000,0.0000
75.2167,19.5532,-23.3000,44675.9879,3517.8347,950.5834,0.0000,0.0000,0.0000
75.2333,19.5532,-23.3000,44678.6395,3518.0901,950.5828,0.0000,0.0000,0.0000
75.2500,19.5532,-23.3000,44681.2562,3518.3417,950.5823,0.0000,0.0000,0.0000
75.2667,19.5532,-23.3000,44683.8380,3518.5898,950.5817,0.0000,0.0000,0.0000
75.2833,19.5531,-23.3000,44686.3853,3518.8345,950.5811,0.0000,0.0000,0.0000
75.3000,19.5531,-23.3000,44688.8990,3519.0762,950.5806,0.0000,0.0000,0.0000
75.3167,19.5531,-23.3000,44691.3801,3519.3149,950.5800,0.0000,0.0000,0.0000
75.3333,19.5531,-23.3000,44693.8299,3519.5509,950.5795,0.0000,0.0000,0.0000
75.3500,19.5530,-23.3000,44696.2498,3519.7844,950.5789,0.0000,0.0000,0.0000
75.3667,19.5530,-23.3000,44698.6414,3520.0154,950.5784,0.0000,0.0000,0.0000
75.3833,19.5530,-23.3000,44701.0062,3520.2442,950.5779,0.0000,0.0000,0.0000
75.4000,19.5530,-23.3000,44703.3456,3520.4710,950.5774,0.0000,0.0000,0.0000
75.4167,19.5529,-23.3000,44705.6611,3520.6958,950.5768,0.0000,0.0000,0.0000
75.4333,19.5529,-23.3000,44707.9543,3520.9188,950.5763,0.0000,0.0000,0.0000
75.4500,19.5529,-23.3000,44710.2264,3521.1401,950.5758,0.0000,0.0000,0.0000
75.4667,19.5529,-23.3000,44712.4790,3521.3599,950.5753,0.0000,0.0000,0.0000
75.4833,19.5529,-23.3000,44714.7131,3521.5782,950.5748,0.0000,0.0000,0.0000
75.5000,19.5528,-23.3000,44716.3584,3521.7460,950.5745,0.0000,0.0000,0.0000
75.5167,19.5528,-23.3000,44718.0074,3521.9128,950.5741,0.0000,0.0000,0.0000
75.5333,19.5528,-23.3000,44719.6577,3522.0789,950.5737,0.0000,0.0000,0.0000
75.5500,19.5528,-23.3000,44721.3077,3522.2442,950.5734,0.0000,0.0000,0.0000
75.5667,19.5528,-23.3000,44722.9563,3522.4088,950.5730,0.0000,0.0000,0.0000
75.5833,19.5528,-23.3000,44724.6025,3522.5729,950.5726,0.0000,0.0000,0.0000
75.6000,19.5527,-23.3000,44726.2458,3522.7364,950.5723,0.0000,0.0000,0.0000
75.6167,19.5527,-23.3000,44727.8857,3522.8993,950.5719,0.0000,0.0000,0.0000
75.6333,19.5527,-23.3000,44729.5220,3523.0619,950.5716,0.0000,0.0000,0.0000
75.6500,19.5527,-23.3000,44731.1547,3523.2240,950.5712,0.0000,0.0000,0.0000
75.6667,19.5527,-23.3000,44732.7837,3523.3857,950.5708,0.0000,0.0000,0.0000
75.6833,19.5527,-23.3000,44734.4090,3523.5471,950.5705,0.0000,0.0000,0.0000
75.7000,19.5526,-23.3000,44736.0309,3523.7081,950.5701,0.0000,0.0000,0.0000
75.7167,19.5526,-23.3000,44737.6494,3523.8690,950.5698,0.0000,0.0000,0.0000
75.7333,19.5526,-23.3000,44739.2648,3524.0295,950.5694,0.0000,0.0000,0.0000
75.7500,19.5526,-23.3000,44740.8772,3524.1899,950.5690,0.0000,0.0000,0.0000
75.7667,19.5526,-23.3000,44742.4870,3524.3501,950.5687,0.0000,0.0000,0.0000
75.7833,19.5526,-23.3000,44744.0943,3524.5102,950.5683,0.0000,0.0000,0.0000
75.8000,19.5525,-23.3000,44745.6994,3524.6701,950.5680,0.0000,0.0000,0.0000
75.8167,19.5525,-23.3000,44747.3026,3524.8300,950.5676,0.0000,0.0000,0.0000
75.8333,19.5525,-23.3000,44748.9040,3524.9898,950.5673,0.0000,0.0000,0.0000
75.8500,19.5525,-23.3000,44750.5039,3525.1495,950.5669,0.0000,0.0000,0.0000
75.8667,19.5525,-23.3000,44752.1026,3525.3092,950.5665,0.0000,0.0000,0.0000
75.8833,19.5525,-23.3000,44753.7002,3525.4688,950.5662,0.0000,0.0000,0.0000
75.9000,19.5524,-23.3000,44755.2969,3525.6285,950.5658,0.0000,0.0000,0.0000
75.9167,19.5524,-23.3000,44756.8930,3525.7882,950.5655,0.0000,0.0000,0.0000
75.9333,19.5524,-23.3000,44758.4886,3525.9479,950.5651,0.0000,0.0000,0.0000
75.9500,19.5524,-23.3000,44760.0840,3526.1077,950.5648,0.0000,0.0000,0.0000
75.9667,19.5524,-23.3000,44761.6792,3526.2675,950.5644,0.0000,0.0000,0.0000
75.9833,19.5524,-23.3000,44763.2744,3526.4274,950.5641,0.0000,0.0000,0.0000
76.0000,19.5524,-23.3000,44764.8698,3526.5873,950.5637,0.0000,0.0000,0.0000
76.0167,19.5523,-23.3000,44766.4655,3526.7474,950.5634,0.0000,0.0000,0.0000
76.0333,19.5523,-23.3000,44768.0616,3526.9075,950.5630,0.0000,0.0000,0.0000
76.0500,19.5523,-23.3000,44769.6579,3527.0676,950.5627,0.0000,0.0000,0.0000
76.0667,19.5523,-23.3000,44771.2545,3527.2277,950.5623,0.0000,0.0000,0.0000
76.0833,19.5523,-23.3000,44772.8509,3527.3876,950.5619,0.0000,0.0000,0.0000
76.1000,19.5523,-23.3000,44774.4468,3527.5474,950.5616,0.0000,0.0000,0.0000
76.1167,19.5522,-23.3000,44776.0418,3527.7069,950.5612,0.0000,0.0000,0.0000
76.1333,19.5522,-23.3000,44777.6353,3527.8659,950.5609,0.0000,0.0000,0.0000
76.1500,19.5522,-23.3000,44779.2264,3528.0244,950.5605,0.0000,0.0000,0.0000
76.1667,19.5522,-23.3000,44780.8144,3528.1823,950.5602,0.0000,0.0000,0.0000
76.1833,19.5522,-23.3000,44782.3985,3528.3395,950.5598,0.0000,0.0000,0.0000
76.2000,19.5522,-23.3000,44783.9777,3528.4957,950.5595,0.0000,0.0000,0.0000
76.2167,19.5521,-23.3000,44785.5510,3528.6510,950.5591,0.0000,0.0000,0.0000
76.2333,19.5521,-23.3000,44787.1174,3528.8052,950.5588,0.0000,0.0000,0.0000
76.2500,19.5521,-23.3000,44788.6760,3528.9581,950.5584,0.0000,0.0000,0.0000
76.2667,19.5521,-23.3000,44790.2257,3529.1098,950.5581,0.0000,0.0000,0.0000
76.2833,19.5521,-23.3000,44791.7656,3529.2600,950.5577,0.0000,0.0000,0.0000
76.3000,19.5521,-23.3000,44793.2946,3529.4088,950.5574,0.0000,0.0000,0.0000
76.3167,19.5521,-23.3000,44794.8117,3529.5559,950.5571,0.0000,0.0000,0.0000
76.3333,19.5520,-23.3000,44796.3162,3529.7015,950.5567,0.0000,0.0000,0.0000
76.3500,19.5520,-23.3000,44797.8071,3529.8452,950.5564,0.0000,0.0000,0.0000
76.3667,19.5520,-23.3000,44799.2835,3529.9872,950.5561,0.0000,0.0000,0.0000
76.3833,19.5520,-23.3000,44800.7446,3530.1273,950.5558,0.0000,0.0000,0.0000
76.4000,19.5520,-23.3000,44802.1896,3530.2655,950.5554,0.0000,0.0000,0.0000
76.4167,19.5520,-23.3000,44803.6179,3530.4017,950.5551,0.0000,0.0000,0.0000
76.4333,19.5519,-23.3000,44805.0288,3530.5358,950.5548,0.0000,0.0000,0.0000
76.4500,19.5519,-23.3000,44806.4216,3530.6679,950.5545,0.0000,0.0000,0.0000
76.4667,19.5519,-23.3000,44807.7957,3530.7979,950.5542,0.0000,0.0000,0.0000
76.4833,19.5519,-23.3000,44809.1506,3530.9257,950.5539,0.0000,0.0000,0.0000
76.5000,19.5519,-23.3000,44810.4857,3531.0513,950.5536,0.0000,0.0000,0.0000
76.5167,19.5519,-23.3000,44811.8006,3531.1747,950.5533,0.0000,0.0000,0.0000
76.5333,19.5519,-23.3000,44813.0949,3531.2958,950.5530,0.0000,0.0000,0.0000
76.5500,19.5519,-23.3000,44814.3681,3531.4147,950.5527,0.0000,0.0000,0.0000
76.5667,19.5518,-23.3000,44815.6200,3531.5312,950.5525,0.0000,0.0000,0.0000
76.5833,19.5518,-23.3000,44816.8501,3531.6455,950.5522,0.0000,0.0000,0.0000
76.6000,19.5518,-23.3000,44818.0582,3531.7574,950.5519,0.0000,0.0000,0.0000
76.6167,19.5518,-23.3000,44819.2440,3531.8670,950.5517,0.0000,0.0000,0.0000
76.6333,19.5518,-23.3000,44820.4073,3531.9742,950.5514,0.0000,0.0000,0.0000
76.6500,19.5518,-23.3000,44821.5479,3532.0791,950.5511,0.0000,0.0000,0.0000
76.6667,19.5518,-23.3000,44822.6656,3532.1816,950.5509,0.0000,0.0000,0.0000
76.6833,19.5518,-23.3000,44823.7603,3532.2817,950.5506,0.0000,0.0000,0.0000
76.7000,19.5518,-23.3000,44824.8318,3532.3794,950.5504,0.0000,0.0000,0.0000
76.7167,19.5517,-23.3000,44825.8800,3532.4748,950.5502,0.0000,0.0000,0.0000
76.7333,19.5517,-23.3000,44826.9049,3532.5678,950.5500,0.0000,0.0000,0.0000
76.7500,19.5517,-23.3000,44827.9063,3532.6584,950.5497,0.0000,0.0000,0.0000
76.7667,19.5517,-23.3000,44828.8843,3532.7467,950.5495,0.0000,0.0000,0.0000
76.7833,19.5517,-23.3000,44829.8387,3532.8326,950.5493,0.0000,0.0000,0.0000
76.8000,19.5517,-23.3000,44830.7697,3532.9161,950.5491,0.0000,0.0000,0.0000
76.8167,19.5517,-23.3000,44831.6771,3532.9972,950.5489,0.0000,0.0000,0.0000
76.8333,19.5517,-23.3000,44832.5611,3533.0760,950.5487,0.0000,0.0000,0.0000
76.8500,19.5517,-23.3000,44833.4216,3533.1525,950.5485,0.0000,0.0000,0.0000
76.8667,19.5517,-23.3000,44834.2586,3533.2267,950.5483,0.0000,0.0000,0.0000
76.8833,19.5516,-23.3000,44835.0723,3533.2985,950.5481,0.0000,0.0000,0.0000
76.9000,19.5516,-23.3000,44835.8627,3533.3680,950.5480,0.0000,0.0000,0.0000
76.9167,19.5516,-23.3000,44836.6299,3533.4352,950.5478,0.0000,0.0000,0.0000
76.9333,19.5516,-23.3000,44837.3739,3533.5001,950.5476,0.0000,0.0000,0.0000
76.9500,19.5516,-23.3000,44838.0949,3533.5628,950.5475,0.0000,0.0000,0.0000
76.9667,19.5516,-23.3000,44838.7929,3533.6232,950.5473,0.0000,0.0000,0.0000
76.9833,19.5516,-23.3000,44839.4681,3533.6814,950.5472,0.0000,0.0000,0.0000
77.0000,19.5516,-23.3000,44840.4211,3533.7604,950.5470,0.0000,0.0000,0.0000
77.0167,19.5516,-23.3000,44841.3254,3533.8375,950.5468,0.0000,0.0000,0.0000
77.0333,19.5516,-23.3000,44842.1956,3533.9153,950.5466,0.0000,0.0000,0.0000
77.0500,19.5516,-23.3000,44843.0489,3533.9962,950.5464,0.0000,0.0000,0.0000
77.0667,19.5516,-23.3000,44843.9035,3534.0823,950.5462,0.0000,0.0000,0.0000
77.0833,19.5516,-23.3000,44844.7045,3534.1692,950.5460,0.0000,0.0000,0.0000
77.1000,19.5515,-23.3000,44845.5385,3534.2629,950.5458,0.0000,0.0000,0.0000
77.1167,19.5515,-23.3000,44846.4151,3534.3639,950.5456,0.0000,0.0000,0.0000
77.1333,19.5515,-23.3000,44847.3419,3534.4721,950.5454,0.0000,0.0000,0.0000
77.1500,19.5515,-23.3000,44848.3243,3534.5876,950.5452,0.0000,0.0000,0.0000
77.1667,19.5515,-23.3000,44849.3659,3534.7100,950.5450,0.0000,0.0000,0.0000
77.1833,19.5515,-23.3000,44850.4682,3534.8391,950.5447,0.0000,0.0000,0.0000
77.2000,19.5515,-23.3000,44851.6317,3534.9743,950.5445,0.0000,0.0000,0.0000
77.2167,19.5515,-23.3000,44852.8555,3535.1154,950.5442,0.0000,0.0000,0.0000
77.2333,19.5515,-23.3000,44854.1380,3535.2618,950.5439,0.0000,0.0000,0.0000
77.2500,19.5514,-23.3000,44855.4768,3535.4132,950.5436,0.0000,0.0000,0.0000
77.2667,19.5514,-23.3000,44856.8694,3535.5691,950.5433,0.0000,0.0000,0.0000
77.2833,19.5514,-23.3000,44858.3126,3535.7292,950.5430,0.0000,0.0000,0.0000
77.3000,19.5514,-23.3000,44859.8034,3535.8931,950.5427,0.0000,0.0000,0.0000
77.3167,19.5514,-23.3000,44861.3386,3536.0604,950.5423,0.0000,0.0000,0.0000
77.3333,19.5514,-23.3000,44862.9148,3536.2309,950.5420,0.0000,0.0000,0.0000
77.3500,19.5514,-23.3000,44864.5291,3536.4043,950.5416,0.0000,0.0000,0.0000
77.3667,19.5513,-23.3000,44866.1784,3536.5803,950.5412,0.0000,0.0000,0.0000
77.3833,19.5513,-23.3000,44867.8598,3536.7585,950.5409,0.0000,0.0000,0.0000
77.4000,19.5513,-23.3000,44869.5706,3536.9389,950.5405,0.0000,0.0000,0.0000
77.4167,19.5513,-23.3000,44871.3081,3537.1212,950.5401,0.0000,0.0000,0.0000
77.4333,19.5513,-23.3000,44873.0699,3537.3052,950.5397,0.0000,0.0000,0.0000
77.4500,19.5513,-23.3000,44874.8537,3537.4906,950.5393,0.0000,0.0000,0.0000
77.4667,19.5512,-23.3000,44876.6573,3537.6774,950.5389,0.0000,0.0000,0.0000
77.4833,19.5512,-23.3000,44878.4788,3537.8654,950.5385,0.0000,0.0000,0.0000
77.5000,19.5512,-23.3000,44880.3164,3538.0544,950.5381,0.0000,0.0000,0.0000
77.5167,19.5512,-23.3000,44882.1682,3538.2444,950.5377,0.0000,0.0000,0.0000
77.5333,19.5512,-23.3000,44884.0327,3538.4351,950.5373,0.0000,0.0000,0.0000
77.5500,19.5511,-23.3000,44885.9084,3538.6265,950.5369,0.0000,0.0000,0.0000
77.5667,19.5511,-23.3000,44887.3059,3538.7751,950.5366,0.0000,0.0000,0.0000
77.5833,19.5511,-23.3000,44888.7199,3538.9238,950.5362,0.0000,0.0000,0.0000
77.6000,19.5511,-23.3000,44890.1474,3539.0726,950.5359,0.0000,0.0000,0.0000
77.6167,19.5511,-23.3000,44891.5862,3539.2215,950.5356,0.0000,0.0000,0.0000
77.6333,19.5511,-23.3000,44893.0343,3539.3706,950.5353,0.0000,0.0000,0.0000
77.6500,19.5511,-23.3000,44894.4902,3539.5198,950.5350,0.0000,0.0000,0.0000
77.6667,19.5510,-23.3000,44895.9526,3539.6691,950.5346,0.0000,0.0000,0.0000
77.6833,19.5510,-23.3000,44897.4204,3539.8185,950.5343,0.0000,0.0000,0.0000
77.7000,19.5510,-23.3000,44898.8929,3539.9680,950.5340,0.0000,0.0000,0.0000
77.7167,19.5510,-23.3000,44900.3692,3540.1176,950.5337,0.0000,0.0000,0.0000
77.7333,19.5510,-23.3000,44901.8487,3540.2673,950.5333,0.0000,0.0000,0.0000
77.7500,19.5510,-23.3000,44903.3311,3540.4170,950.5330,0.0000,0.0000,0.0000
77.7667,19.5510,-23.3000,44904.8158,3540.5668,950.5327,0.0000,0.0000,0.0000
77.7833,19.5509,-23.3000,44906.3025,3540.7166,950.5323,0.0000,0.0000,0.0000
77.8000,19.5509,-23.3000,44907.7909,3540.8665,950.5320,0.0000,0.0000,0.0000
77.8167,19.5509,-23.3000,44909.2807,3541.0164,950.5317,0.0000,0.0000,0.0000
77.8333,19.5509,-23.3000,44910.7718,3541.1664,950.5313,0.0000,0.0000,0.0000
77.8500,19.5509,-23.3000,44912.2641,3541.3164,950.5310,0.0000,0.0000,0.0000
77.8667,19.5509,-23.3000,44913.7572,3541.4665,950.5307,0.0000,0.0000,0.0000
77.8833,19.5508,-23.3000,44915.2512,3541.6165,950.5304,0.0000,0.0000,0.0000
77.9000,19.5508,-23.3000,44916.7459,3541.7666,950.5300,0.0000,0.0000,0.0000
77.9167,19.5508,-23.3000,44918.2411,3541.9168,950.5297,0.0000,0.0000,0.0000
77.9333,19.5508,-23.3000,44919.7370,3542.0669,950.5294,0.0000,0.0000,0.0000
77.9500,19.5508,-23.3000,44921.2333,3542.2171,950.5290,0.0000,0.0000,0.0000
77.9667,19.5508,-23.3000,44922.7300,3542.3672,950.5287,0.0000,0.0000,0.0000
77.9833,19.5508,-23.3000,44924.2271,3542.5174,950.5284,0.0000,0.0000,0.0000
78.0000,19.5507,-23.3000,44925.7245,3542.6676,950.5280,0.0000,0.0000,0.0000
78.0167,19.5507,-23.3100,44928.2655,3543.1447,950.7493,3.4716,0.0000,0.0000
78.0333,19.5507,-23.3200,44931.5980,3543.5938,950.9704,6.9432,0.0000,0.0000
78.0500,19.5506,-23.3300,44935.5251,3544.0191,951.1913,10.4148,0.0000,0.0000
78.0667,19.5506,-23.3400,44939.8935,3544.4234,951.4122,13.8864,0.0000,0.0000
78.0833,19.5506,-23.3500,44944.5838,3544.8092,951.6330,17.3580,0.0000,0.0000
78.1000,19.5505,-23.3600,44949.5025,3545.1783,951.8537,20.8296,0.0000,0.0000
78.1167,19.5505,-23.3700,44954.5771,3545.5321,952.0744,24.3012,0.0000,0.0000
78.1333,19.5504,-23.3800,44959.7510,3545.8719,952.2951,27.7728,0.0000,0.0000
78.1500,19.5504,-23.3900,44964.9804,3546.1986,952.5157,31.2444,0.0000,0.0000
78.1667,19.5503,-23.4000,44970.2313,3546.5130,952.7364,34.7160,0.0000,0.0000
78.1833,19.5502,-23.4100,44975.4773,3546.8157,952.9570,38.1876,0.0000,0.0000
78.2000,19.5502,-23.4200,44980.6983,3547.1073,953.1777,41.6592,0.0000,0.0000
78.2167,19.5501,-23.4300,44985.8788,3547.3883,953.3984,45.1308,0.0000,0.0000
78.2333,19.5501,-23.4400,44991.0069,3547.6591,953.6191,48.6024,0.0000,0.0000
78.2500,19.5500,-23.4500,44996.0739,3547.9199,953.8398,52.0740,0.0000,0.0000
78.2667,19.5500,-23.4600,45001.0730,3548.1710,954.0605,55.5456,0.0000,0.0000
78.2833,19.5499,-23.4700,45005.9992,3548.4128,954.2812,59.0172,0.0000,0.0000
78.3000,19.5499,-23.4800,45010.8490,3548.6453,954.5020,62.4888,0.0000,0.0000
78.3167,19.5498,-23.4900,45015.6198,3548.8688,954.7227,65.9604,0.0000,0.0000
78.3333,19.5498,-23.5000,45020.3098,3549.0835,954.9435,69.4320,0.0000,0.0000
78.3500,19.5498,-23.5100,45024.9177,3549.2894,955.1643,72.9036,0.0000,0.0000
78.3667,19.5497,-23.5200,45029.4429,3549.4867,955.3851,76.3752,0.0000,0.0000
78.3833,19.5497,-23.5300,45033.8849,3549.6754,955.6060,79.8468,0.0000,0.0000
78.4000,19.5496,-23.5400,45038.2436,3549.8558,955.8268,83.3184,0.0000,0.0000
78.4167,19.5496,-23.5500,45042.5188,3550.0277,956.0477,86.7900,0.0000,0.0000
78.4333,19.5495,-23.5600,45046.7108,3550.1914,956.2686,90.2616,0.0000,0.0000
78.4500,19.5495,-23.5700,45050.8198,3550.3468,956.4895,93.7332,0.0000,0.0000
78.4667,19.5495,-23.5800,45054.8460,3550.4941,956.7104,97.2048,0.0000,0.0000
78.4833,19.5494,-23.5900,45058.7896,3550.6331,956.9314,100.6764,0.0000,0.0000
78.5000,19.5494,-23.6000,45062.6510,3550.7641,957.1523,104.1480,0.0000,0.0000
78.5167,19.5493,-23.6100,45066.4305,3550.8870,957.3733,107.6196,0.0000,0.0000
78.5333,19.5493,-23.6200,45070.1282,3551.0017,957.5943,111.0912,0.0000,0.0000
78.5500,19.5493,-23.6300,45073.7446,3551.1085,957.8154,114.5628,0.0000,0.0000
78.5667,19.5492,-23.6400,45077.2798,3551.2072,958.0364,118.0344,0.0000,0.0000
78.5833,19.5492,-23.6500,45080.7340,3551.2979,958.2575,121.5060,0.0000,0.0000
78.6000,19.5492,-23.6600,45084.1074,3551.3805,958.4785,124.9776,0.0000,0.0000
78.6167,19.5491,-23.6700,45087.4001,3551.4551,958.6996,128.4492,0.0000,0.0000
78.6333,19.5491,-23.6800,45090.6124,3551.5218,958.9207,131.9208,0.0000,0.0000
78.6500,19.5491,-23.6900,45093.7443,3551.5804,959.1419,135.3924,0.0000,0.0000
78.6667,19.5490,-23.7000,45096.7958,3551.6310,959.3630,138.8640,0.0000,0.0000
78.6833,19.5490,-23.7100,45099.7670,3551.6735,959.5842,142.3356,0.0000,0.0000
78.7000,19.5490,-23.7200,45102.6580,3551.7081,959.8053,145.8072,0.0000,0.0000
78.7167,19.5489,-23.7300,45105.4687,3551.7345,960.0265,149.2788,0.0000,0.0000
78.7333,19.5489,-23.7400,45108.1992,3551.7530,960.2478,152.7504,0.0000,0.0000
78.7500,19.5489,-23.7500,45110.8493,3551.7634,960.4690,156.2220,0.0000,0.0000
78.7667,19.5489,-23.7600,45113.4190,3551.7656,960.6903,159.6936,0.0000,0.0000
78.7833,19.5488,-23.7700,45115.9082,3551.7598,960.9115,163.1652,0.0000,0.0000
78.8000,19.5488,-23.7800,45118.3169,3551.7459,961.1328,166.6368,0.0000,0.0000
78.8167,19.5488,-23.7900,45120.6448,3551.7238,961.3541,170.1084,0.0000,0.0000
78.8333,19.5488,-23.8000,45122.8919,3551.6936,961.5754,173.5800,0.0000,0.0000
78.8500,19.5487,-23.8100,45125.0580,3551.6551,961.7968,177.0516,0.0000,0.0000
78.8667,19.5487,-23.8200,45127.1428,3551.6085,962.0181,180.5232,0.0000,0.0000
78.8833,19.5487,-23.8300,45129.1462,3551.5536,962.2395,183.9948,0.0000,0.0000
78.9000,19.5487,-23.8400,45131.0680,3551.4904,962.4609,187.4664,0.0000,0.0000
78.9167,19.5487,-23.8500,45132.9079,3551.4190,962.6823,190.9380,0.0000,0.0000
78.9333,19.5487,-23.8600,45134.6657,3551.3392,962.9038,194.4096,0.0000,0.0000
78.9500,19.5486,-23.8700,45136.3410,3551.2510,963.1252,197.8812,0.0000,0.0000
78.9667,19.5486,-23.8800,45137.9336,3551.1544,963.3467,201.3528,0.0000,0.0000
78.9833,19.5486,-23.8900,45139.4432,3551.0493,963.5682,204.8244,0.0000,0.0000
79.0000,19.5486,-23.9000,45140.8693,3550.9358,963.7897,208.2960,0.0000,0.0000
79.0167,19.5486,-23.8817,45137.6551,3549.4763,963.3837,226.4430,0.0000,0.0000
79.0333,19.5487,-23.8633,45130.0625,3547.9098,962.9787,244.5900,0.0000,0.0000
79.0500,19.5488,-23.8450,45119.0100,3546.2505,962.5745,262.7370,0.0000,0.0000
79.0667,19.5489,-23.8267,45105.1985,3544.5088,962.1709,280.8840,0.0000,0.0000
79.0833,19.5491,-23.8083,45090.3927,3542.7650,961.7675,299.0310,0.0000,0.0000
79.1000,19.5493,-23.7900,45073.7643,3540.9523,961.3645,317.1780,0.0000,0.0000
79.1167,19.5494,-23.7717,45055.6134,3539.0779,960.9619,335.3250,0.0000,0.0000
79.1333,19.5496,-23.7533,45036.1815,3537.1484,960.5595,353.4720,0.0000,0.0000
79.1500,19.5498,-23.7350,45015.6655,3535.1699,960.1574,371.6190,0.0000,0.0000
79.1667,19.5501,-23.7167,44994.2282,3533.1486,959.7555,389.7660,0.0000,0.0000
79.1833,19.5503,-23.6983,44972.0068,3531.0903,959.3537,407.9130,0.0000,0.0000
79.2000,19.5505,-23.6800,44949.1193,3529.0013,958.9521,426.0600,0.0000,0.0000
79.2167,19.5507,-23.6617,44925.6699,3526.8876,958.5506,444.2070,0.0000,0.0000
79.2333,19.5510,-23.6433,44901.7535,3524.7561,958.1493,462.3540,0.0000,0.0000
79.2500,19.5512,-23.6250,44877.4591,3522.6139,957.7480,480.5010,0.0000,0.0000
79.2667,19.5515,-23.6067,44852.8731,3520.4690,957.3468,498.6480,0.0000,0.0000
79.2833,19.5517,-23.5883,44828.0832,3518.3305,956.9456,516.7950,0.0000,0.0000
79.3000,19.5520,-23.5700,44803.1814,3516.2091,956.5444,534.9420,0.0000,0.0000
79.3167,19.5522,-23.5517,44778.2697,3514.1184,956.1433,553.0890,0.0000,0.0000
79.3333,19.5525,-23.5333,44753.4676,3512.0758,955.7421,571.2360,0.0000,0.0000
79.3500,19.5527,-23.5150,44727.0125,3510.0236,955.3413,589.3830,0.0000,0.0000
79.3667,19.5530,-23.4967,44701.4291,3508.1127,954.9403,607.5300,0.0000,0.0000
79.3833,19.5532,-23.4783,44677.2410,3506.5032,954.5390,625.6770,0.0000,0.0000
79.4000,19.5535,-23.4600,44652.5299,3504.1903,954.1378,643.8240,0.0000,0.0000
79.4167,19.5537,-23.4417,44625.1791,3501.1533,953.7372,661.9710,0.0000,0.0000
79.4333,19.5541,-23.4233,44594.8369,3497.6879,953.3372,680.1180,0.0000,0.0000
79.4500,19.5544,-23.4050,44561.3991,3493.8829,952.9380,698.2650,0.0000,0.0000
79.4667,19.5548,-23.3867,44524.9105,3489.7845,952.5394,716.4120,0.0000,0.0000
79.4833,19.5551,-23.3683,44485.4805,3485.4218,952.1415,734.5590,0.0000,0.0000
79.5000,19.5556,-23.3500,44443.2418,3480.8144,951.7442,752.7060,0.0000,0.0000
79.5167,19.5560,-23.3317,44398.3302,3475.9768,951.3475,770.8530,0.0000,0.0000
79.5333,19.5565,-23.3133,44350.8745,3470.9200,950.9513,789.0000,0.0000,0.0000
79.5500,19.5570,-23.2950,44300.9920,3465.6525,950.5557,807.1470,0.0000,0.0000
79.5667,19.5575,-23.2767,44248.7879,3460.1815,950.1606,825.2940,0.0000,0.0000
79.5833,19.5581,-23.2583,44194.3546,3454.5127,949.7660,843.4410,0.0000,0.0000
79.6000,19.5586,-23.2400,44137.7731,3448.6511,949.3719,861.5880,0.0000,0.0000
79.6167,19.5592,-23.2217,44079.1142,3442.6009,948.9782,879.7350,0.0000,0.0000
79.6333,19.5598,-23.2033,44018.4398,3436.3658,948.5850,897.8820,0.0000,0.0000
79.6500,19.5604,-23.1850,43955.8040,3429.9492,948.1922,916.0290,0.0000,0.0000
79.6667,19.5611,-23.1667,43891.2575,3423.3552,947.7999,934.1760,0.0000,0.0000
79.6833,19.5618,-23.1483,43824.8491,3416.5882,947.4079,952.3230,0.0000,0.0000
79.7000,19.5624,-23.1300,43756.6253,3409.6521,947.0164,970.4700,0.0000,0.0000
79.7167,19.5631,-23.1117,43686.6282,3402.5501,946.6252,988.6170,0.0000,0.0000
79.7333,19.5639,-23.0933,43614.8951,3395.2843,946.2345,1006.7640,0.0000,0.0000
79.7500,19.5646,-23.0750,43541.4577,3387.8566,945.8441,1024.9110,0.0000,0.0000
79.7667,19.5653,-23.0567,43466.3430,3380.2683,945.4541,1043.0580,0.0000,0.0000
79.7833,19.5661,-23.0383,43389.5737,3372.5204,945.0644,1061.2050,0.0000,0.0000
79.8000,19.5669,-23.0200,43311.1693,3364.6141,944.6751,1079.3520,0.0000,0.0000
79.8167,19.5677,-23.0017,43231.1469,3356.5503,944.2862,1097.4990,0.0000,0.0000
79.8333,19.5685,-22.9833,43149.5216,3348.3301,943.8976,1115.6460,0.0000,0.0000
79.8500,19.5693,-22.9650,43066.3074,3339.9545,943.5094,1133.7930,0.0000,0.0000
79.8667,19.5702,-22.9467,42981.5173,3331.4246,943.1216,1151.9400,0.0000,0.0000
79.8833,19.5710,-22.9283,42895.1636,3322.7415,942.7340,1170.0870,0.0000,0.0000
79.9000,19.5719,-22.9100,42807.2584,3313.9062,942.3469,1188.2340,0.0000,0.0000
79.9167,19.5728,-22.8917,42717.8134,3304.9198,941.9600,1206.3810,0.0000,0.0000
79.9333,19.5737,-22.8733,42626.8401,3295.7835,941.5735,1224.5280,0.0000,0.0000
79.9500,19.5747,-22.8550,42534.3499,3286.4983,941.1874,1242.6750,0.0000,0.0000
79.9667,19.5756,-22.8367,42440.3543,3277.0654,940.8015,1260.8220,0.0000,0.0000
79.9833,19.5766,-22.8183,42344.8646,3267.4860,940.4161,1278.9690,0.0000,0.0000
80.0000,19.5775,-22.8000,42247.8921,3257.7611,940.0309,1297.1160,0.0000,0.0000
80.0167,19.5785,-22.7533,42145.1585,3246.9056,939.0185,1314.7896,0.0000,0.0000
80.0333,19.5796,-22.7067,42037.8829,3235.9317,938.0071,1332.4632,0.0000,0.0000
80.0500,19.5807,-22.6600,41926.9459,3224.8341,936.9966,1350.1368,0.0000,0.0000
80.0667,19.5819,-22.6133,41812.9837,3213.6091,935.9867,1367.8104,0.0000,0.0000
80.0833,19.5830,-22.5667,41696.4562,3202.2540,934.9773,1385.4840,0.0000,0.0000
80.1000,19.5842,-22.5200,41577.6955,3190.7668,933.9685,1403.1576,0.0000,0.0000
80.1167,19.5854,-22.4733,41456.9418,3179.1463,932.9601,1420.8312,0.0000,0.0000
80.1333,19.5867,-22.4267,41334.3683,3167.3912,931.9521,1438.5048,0.0000,0.0000
80.1500,19.5879,-22.3800,41210.1005,3155.5009,930.9445,1456.1784,0.0000,0.0000
80.1667,19.5892,-22.3333,41084.2289,3143.4750,929.9373,1473.8520,0.0000,0.0000
80.1833,19.5904,-22.2867,40956.8194,3131.3131,928.9304,1491.5256,0.0000,0.0000
80.2000,19.5917,-22.2400,40827.9200,3119.0152,927.9238,1509.1992,0.0000,0.0000
80.2167,19.5930,-22.1933,40697.5662,3106.5813,926.9175,1526.8728,0.0000,0.0000
80.2333,19.5943,-22.1467,40565.7844,3094.0116,925.9116,1544.5464,0.0000,0.0000
80.2500,19.5957,-22.1000,40432.5948,3081.3064,924.9060,1562.2200,0.0000,0.0000
80.2667,19.5970,-22.0533,40298.0134,3068.4661,923.9006,1579.8936,0.0000,0.0000
80.2833,19.5984,-22.0067,40162.0532,3055.4913,922.8956,1597.5672,0.0000,0.0000
80.3000,19.5998,-21.9600,40024.7252,3042.3824,921.8909,1615.2408,0.0000,0.0000
80.3167,19.6011,-21.9133,39886.0392,3029.1402,920.8865,1632.9144,0.0000,0.0000
80.3333,19.6025,-21.8667,39746.0044,3015.7653,919.8824,1650.5880,0.0000,0.0000
80.3500,19.6040,-21.8200,39604.6294,3002.2585,918.8786,1668.2616,0.0000,0.0000
80.3667,19.6054,-21.7733,39461.9228,2988.6206,917.8750,1685.9352,0.0000,0.0000
80.3833,19.6068,-21.7267,39317.8933,2974.8526,916.8718,1703.6088,0.0000,0.0000
80.4000,19.6083,-21.6800,39172.5496,2960.9553,915.8689,1721.2824,0.0000,0.0000
80.4167,19.6097,-21.6333,39025.9007,2946.9297,914.8662,1738.9560,0.0000,0.0000
80.4333,19.6112,-21.5867,38877.9558,2932.7768,913.8639,1756.6296,0.0000,0.0000
80.4500,19.6127,-21.5400,38728.7245,2918.4976,912.8618,1774.3032,0.0000,0.0000
80.4667,19.6142,-21.4933,38578.2165,2904.0931,911.8600,1791.9768,0.0000,0.0000
80.4833,19.6157,-21.4467,38426.4420,2889.5646,910.8585,1809.6504,0.0000,0.0000
80.5000,19.6173,-21.4000,38273.4113,2874.9130,909.8573,1827.3240,0.0000,0.0000
80.5167,19.6188,-21.3533,38119.1349,2860.1396,908.8563,1844.9976,0.0000,0.0000
80.5333,19.6204,-21.3067,37963.6238,2845.2454,907.8557,1862.6712,0.0000,0.0000
80.5500,19.6219,-21.2600,37806.8891,2830.2317,906.8553,1880.3448,0.0000,0.0000
80.5667,19.6235,-21.2133,37648.9419,2815.0997,905.8551,1898.0184,0.0000,0.0000
80.5833,19.6251,-21.1667,37489.7939,2799.8504,904.8553,1915.6920,0.0000,0.0000
80.6000,19.6267,-21.1200,37329.4566,2784.4853,903.8556,1933.3656,0.0000,0.0000
80.6167,19.6283,-21.0733,37167.9420,2769.0054,902.8563,1951.0392,0.0000,0.0000
80.6333,19.6299,-21.0267,37005.2618,2753.4120,901.8572,1968.7128,0.0000,0.0000
80.6500,19.6316,-20.9800,36841.4282,2737.7064,900.8584,1986.3864,0.0000,0.0000
80.6667,19.6332,-20.9333,36676.4538,2721.8900,899.8598,2004.0600,0.0000,0.0000
80.6833,19.6349,-20.8867,36510.3525,2705.9645,898.8615,2021.7336,0.0000,0.0000
80.7000,19.6366,-20.8400,36343.1392,2689.9318,897.8634,2039.4072,0.0000,0.0000
80.7167,19.6383,-20.7933,36174.8297,2673.7935,896.8655,2057.0808,0.0000,0.0000
80.7333,19.6399,-20.7467,36005.4401,2657.5515,895.8679,2074.7544,0.0000,0.0000
80.7500,19.6417,-20.7000,35834.9861,2641.2072,894.8706,2092.4280,0.0000,0.0000
80.7667,19.6434,-20.6533,35663.4828,2624.7620,893.8735,2110.1016,0.0000,0.0000
80.7833,19.6451,-20.6067,35490.9447,2608.2170,892.8766,2127.7752,0.0000,0.0000
80.8000,19.6468,-20.5600,35317.3852,2591.5734,891.8799,2145.4488,0.0000,0.0000
80.8167,19.6486,-20.5133,35142.8168,2574.8323,890.8834,2163.1224,0.0000,0.0000
80.8333,19.6503,-20.4667,34967.2517,2557.9945,889.8872,2180.7960,0.0000,0.0000
80.8500,19.6521,-20.4200,34790.7012,2541.0612,888.8912,2198.4696,0.0000,0.0000
80.8667,19.6539,-20.3733,34613.1762,2524.0333,887.8954,2216.1432,0.0000,0.0000
80.8833,19.6557,-20.3267,34434.6875,2506.9117,886.8998,2233.8168,0.0000,0.0000
80.9000,19.6574,-20.2800,34255.2455,2489.6975,885.9044,2251.4904,0.0000,0.0000
80.9167,19.6593,-20.2333,34074.8606,2472.3917,884.9093,2269.1640,0.0000,0.0000
80.9333,19.6611,-20.1867,33893.5430,2454.9953,883.9143,2286.8376,0.0000,0.0000
80.9500,19.6629,-20.1400,33711.3030,2437.5093,882.9196,2304.5112,0.0000,0.0000
80.9667,19.6647,-20.0933,33528.1509,2419.9348,881.9250,2322.1848,0.0000,0.0000
80.9833,19.6666,-20.0467,33344.0969,2402.2727,880.9307,2339.8584,0.0000,0.0000
81.0000,19.6684,-20.0000,33159.1515,2384.5242,879.9365,2357.5320,0.0000,0.0000
81.0167,19.6703,-19.9450,32970.9368,2365.9667,878.7583,2385.6204,0.0000,0.0000
81.0333,19.6722,-19.8900,32779.2198,2346.9958,877.5808,2413.7088,0.0000,0.0000
81.0500,19.6742,-19.8350,32583.9936,2327.6726,876.4040,2441.7972,0.0000,0.0000
81.0667,19.6761,-19.7800,32385.3640,2308.0385,875.2281,2469.8856,0.0000,0.0000
81.0833,19.6782,-19.7250,32183.4865,2288.1224,874.0528,2497.9740,0.0000,0.0000
81.1000,19.6802,-19.6700,31978.5331,2267.9461,872.8783,2526.0624,0.0000,0.0000
81.1167,19.6823,-19.6150,31770.6735,2247.5258,871.7043,2554.1508,0.0000,0.0000
81.1333,19.6844,-19.5600,31560.0675,2226.8746,870.5310,2582.2392,0.0000,0.0000
81.1500,19.6865,-19.5050,31346.8601,2206.0031,869.3583,2610.3276,0.0000,0.0000
81.1667,19.6887,-19.4500,31131.1812,2184.9199,868.1861,2638.4160,0.0000,0.0000
81.1833,19.6909,-19.3950,30913.1459,2163.6325,867.0145,2666.5044,0.0000,0.0000
81.2000,19.6931,-19.3400,30692.8552,2142.1472,865.8433,2694.5928,0.0000,0.0000
81.2167,19.6953,-19.2850,30470.3982,2120.4695,864.6726,2722.6812,0.0000,0.0000
81.2333,19.6975,-19.2300,30245.8529,2098.6041,863.5024,2750.7696,0.0000,0.0000
81.2500,19.6998,-19.1750,30019.2882,2076.5555,862.3326,2778.8580,0.0000,0.0000
81.2667,19.7021,-19.1200,29790.7647,2054.3274,861.1633,2806.9464,0.0000,0.0000
81.2833,19.7044,-19.0650,29560.3363,2031.9234,859.9944,2835.0348,0.0000,0.0000
81.3000,19.7067,-19.0100,29328.0507,2009.3465,858.8259,2863.1232,0.0000,0.0000
81.3167,19.7091,-18.9550,29093.9511,1986.5998,857.6578,2891.2116,0.0000,0.0000
81.3333,19.7114,-18.9000,28858.0761,1963.6859,856.4901,2919.3000,0.0000,0.0000
81.3500,19.7138,-18.8450,28620.4609,1940.6074,855.3228,2947.3884,0.0000,0.0000
81.3667,19.7162,-18.7900,28381.1375,1917.3665,854.1558,2975.4768,0.0000,0.0000
81.3833,19.7186,-18.7350,28140.1355,1893.9657,852.9893,3003.5652,0.0000,0.0000
81.4000,19.7210,-18.6800,27897.4823,1870.4070,851.8231,3031.6536,0.0000,0.0000
81.4167,19.7235,-18.6250,27653.2035,1846.6924,850.6572,3059.7420,0.0000,0.0000
81.4333,19.7259,-18.5700,27407.3229,1822.8240,849.4917,3087.8304,0.0000,0.0000
81.4500,19.7284,-18.5150,27159.8633,1798.8037,848.3266,3115.9188,0.0000,0.0000
81.4667,19.7309,-18.4600,26910.8463,1774.6333,847.1618,3144.0072,0.0000,0.0000
81.4833,19.7334,-18.4050,26660.2924,1750.3146,845.9974,3172.0956,0.0000,0.0000
81.5000,19.7359,-18.3500,26408.2216,1725.8494,844.8333,3200.1840,0.0000,0.0000
81.5167,19.7385,-18.2950,26154.6529,1701.2393,843.6695,3228.2724,0.0000,0.0000
81.5333,19.7410,-18.2400,25899.6049,1676.4862,842.5060,3256.3608,0.0000,0.0000
81.5500,19.7436,-18.1850,25643.0956,1651.5917,841.3429,3284.4492,0.0000,0.0000
81.5667,19.7461,-18.1300,25385.1428,1626.5574,840.1801,3312.5376,0.0000,0.0000
81.5833,19.7487,-18.0750,25125.7636,1601.3849,839.0176,3340.6260,0.0000,0.0000
81.6000,19.7514,-18.0200,24864.9751,1576.0760,837.8554,3368.7144,0.0000,0.0000
81.6167,19.7540,-17.9650,24602.7939,1550.6321,836.6936,3396.8028,0.0000,0.0000
81.6333,19.7566,-17.9100,24339.2364,1525.0548,835.5320,3424.8912,0.0000,0.0000
81.6500,19.7593,-17.8550,24074.3189,1499.3458,834.3707,3452.9796,0.0000,0.0000
81.6667,19.7619,-17.8000,23808.0574,1473.5065,833.2098,3481.0680,0.0000,0.0000
81.6833,19.7646,-17.7450,23540.4678,1447.5385,832.0491,3509.1564,0.0000,0.0000
81.7000,19.7673,-17.6900,23271.5658,1421.4434,830.8887,3537.2448,0.0000,0.0000
81.7167,19.7700,-17.6350,23001.3670,1395.2226,829.7286,3565.3332,0.0000,0.0000
81.7333,19.7727,-17.5800,22729.8867,1368.8777,828.5688,3593.4216,0.0000,0.0000
81.7500,19.7754,-17.5250,22457.1407,1342.4104,827.4093,3621.5100,0.0000,0.0000
81.7667,19.7782,-17.4700,22183.1451,1315.8223,826.2500,3649.5984,0.0000,0.0000
81.7833,19.7809,-17.4150,21907.9170,1289.1154,825.0911,3677.6868,0.0000,0.0000
81.8000,19.7837,-17.3600,21631.4736,1262.2915,823.9324,3705.7752,0.0000,0.0000
81.8167,19.7865,-17.3050,21353.8322,1235.3524,822.7739,3733.8636,0.0000,0.0000
81.8333,19.7892,-17.2500,21075.0098,1208.2996,821.6158,3761.9520,0.0000,0.0000
81.8500,19.7920,-17.1950,20795.0228,1181.1347,820.4578,3790.0404,0.0000,0.0000
81.8667,19.7949,-17.1400,20513.8871,1153.8591,819.3002,3818.1288,0.0000,0.0000
81.8833,19.7977,-17.0850,20231.6176,1126.4740,818.1428,3846.2172,0.0000,0.0000
81.9000,19.8005,-17.0300,19948.2289,1098.9808,816.9856,3874.3056,0.0000,0.0000
81.9167,19.8034,-16.9750,19663.7346,1071.3806,815.8287,3902.3940,0.0000,0.0000
81.9333,19.8062,-16.9200,19378.1483,1043.6747,814.6720,3930.4824,0.0000,0.0000
81.9500,19.8091,-16.8650,19091.4829,1015.8642,813.5156,3958.5708,0.0000,0.0000
81.9667,19.8120,-16.8100,18803.7512,987.9505,812.3594,3986.6592,0.0000,0.0000
81.9833,19.8149,-16.7550,18514.9656,959.9346,811.2034,4014.7476,0.0000,0.0000
82.0000,19.8177,-16.7000,18225.1386,931.8178,810.0477,4042.8360,0.0000,0.0000
82.0167,19.8206,-16.6900,17943.6358,906.1449,809.8883,4051.8306,0.0000,0.0000
82.0333,19.8233,-16.6800,17669.8745,881.0824,809.7272,4060.8252,0.0000,0.0000
82.0500,19.8260,-16.6700,17403.0645,856.4953,809.5645,4069.8198,0.0000,0.0000
82.0667,19.8286,-16.6600,17142.3872,832.2947,809.4005,4078.8144,0.0000,0.0000
82.0833,19.8311,-16.6500,16887.0772,808.4191,809.2354,4087.8090,0.0000,0.0000
82.1000,19.8336,-16.6400,16636.4545,784.8245,809.0691,4096.8036,0.0000,0.0000
82.1167,19.8361,-16.6300,16389.9330,761.4783,808.9020,4105.7982,0.0000,0.0000
82.1333,19.8385,-16.6200,16147.0159,738.3554,808.7340,4114.7928,0.0000,0.0000
82.1500,19.8409,-16.6100,15907.2869,715.4366,808.5654,4123.7874,0.0000,0.0000
82.1667,19.8433,-16.6000,15670.3993,692.7064,808.3961,4132.7820,0.0000,0.0000
82.1833,19.8456,-16.5900,15436.0656,670.1525,808.2263,4141.7766,0.0000,0.0000
82.2000,19.8480,-16.5800,15204.0479,647.7647,808.0559,4150.7712,0.0000,0.0000
82.2167,19.8503,-16.5700,14974.1495,625.5348,807.8851,4159.7658,0.0000,0.0000
82.2333,19.8525,-16.5600,14746.2077,603.4558,807.7138,4168.7604,0.0000,0.0000
82.2500,19.8548,-16.5500,14520.0879,581.5221,807.5422,4177.7550,0.0000,0.0000
82.2667,19.8570,-16.5400,14295.6785,559.7289,807.3701,4186.7496,0.0000,0.0000
82.2833,19.8593,-16.5300,14072.8867,538.0721,807.1977,4195.7442,0.0000,0.0000
82.3000,19.8615,-16.5200,13851.6354,516.5483,807.0250,4204.7388,0.0000,0.0000
82.3167,19.8637,-16.5100,13631.8602,495.1546,806.8519,4213.7334,0.0000,0.0000
82.3333,19.8659,-16.5000,13413.5071,473.8884,806.6785,4222.7280,0.0000,0.0000
82.3500,19.8680,-16.4900,13196.5307,452.7476,806.5048,4231.7226,0.0000,0.0000
82.3667,19.8702,-16.4800,12980.8926,431.7303,806.3308,4240.7172,0.0000,0.0000
82.3833,19.8723,-16.4700,12766.5602,410.8348,806.1566,4249.7118,0.0000,0.0000
82.4000,19.8745,-16.4600,12553.5056,390.0596,805.9820,4258.7064,0.0000,0.0000
82.4167,19.8766,-16.4500,12341.7047,369.4034,805.8072,4267.7010,0.0000,0.0000
82.4333,19.8787,-16.4400,12131.1373,348.8651,805.6320,4276.6956,0.0000,0.0000
82.4500,19.8808,-16.4300,11921.7867,328.4443,805.4567,4285.6902,0.0000,0.0000
82.4667,19.8829,-16.4200,11713.6400,308.1404,805.2810,4294.6848,0.0000,0.0000
82.4833,19.8849,-16.4100,11506.6867,287.9533,805.1051,4303.6794,0.0000,0.0000
82.5000,19.8870,-16.4000,11300.9178,267.8824,804.9289,4312.6740,0.0000,0.0000
82.5167,19.8890,-16.3900,11096.3250,247.9271,804.7525,4321.6686,0.0000,0.0000
82.5333,19.8911,-16.3800,10892.9003,228.0865,804.5758,4330.6632,0.0000,0.0000
82.5500,19.8931,-16.3700,10690.6351,208.3598,804.3988,4339.6578,0.0000,0.0000
82.5667,19.8951,-16.3600,10489.5204,188.7459,804.2216,4348.6524,0.0000,0.0000
82.5833,19.8971,-16.3500,10289.5463,169.2436,804.0441,4357.6470,0.0000,0.0000
82.6000,19.8991,-16.3400,10090.7028,149.8517,803.8664,4366.6416,0.0000,0.0000
82.6167,19.9011,-16.3300,9892.9791,130.5692,803.6885,4375.6362,0.0000,0.0000
82.6333,19.9030,-16.3200,9696.3643,111.3946,803.5103,4384.6308,0.0000,0.0000
82.6500,19.9050,-16.3100,9500.8472,92.3270,803.3318,4393.6254,0.0000,0.0000
82.6667,19.9069,-16.3000,9306.4163,73.3650,803.1531,4402.6200,0.0000,0.0000
82.6833,19.9089,-16.2900,9113.0602,54.5076,802.9742,4411.6146,0.0000,0.0000
82.7000,19.9108,-16.2800,8920.7675,35.7536,802.7950,4420.6092,0.0000,0.0000
82.7167,19.9127,-16.2700,8729.5267,17.1018,802.6156,4429.6038,0.0000,0.0000
82.7333,19.9146,-16.2600,8539.3266,-1.4488,802.4360,4438.5984,0.0000,0.0000
82.7500,19.9165,-16.2500,8350.1559,-19.8994,802.2561,4447.5930,0.0000,0.0000
82.7667,19.9184,-16.2400,8162.0034,-38.2511,802.0760,4456.5876,0.0000,0.0000
82.7833,19.9203,-16.2300,7974.8580,-56.5049,801.8957,4465.5822,0.0000,0.0000
82.8000,19.9221,-16.2200,7788.7089,-74.6619,801.7152,4474.5768,0.0000,0.0000
82.8167,19.9240,-16.2100,7603.5452,-92.7232,801.5344,4483.5714,0.0000,0.0000
82.8333,19.9258,-16.2000,7419.3561,-110.6897,801.3535,4492.5660,0.0000,0.0000
82.8500,19.9276,-16.1900,7236.1312,-128.5626,801.1723,4501.5606,0.0000,0.0000
82.8667,19.9295,-16.1800,7053.8598,-146.3429,800.9909,4510.5552,0.0000,0.0000
82.8833,19.9313,-16.1700,6872.5317,-164.0315,800.8093,4519.5498,0.0000,0.0000
82.9000,19.9331,-16.1600,6692.1364,-181.6294,800.6275,4528.5444,0.0000,0.0000
82.9167,19.9349,-16.1500,6512.6638,-199.1378,800.4455,4537.5390,0.0000,0.0000
82.9333,19.9367,-16.1400,6334.1038,-216.5575,800.2633,4546.5336,0.0000,0.0000
82.9500,19.9384,-16.1300,6156.4463,-233.8895,800.0809,4555.5282,0.0000,0.0000
82.9667,19.9402,-16.1200,5979.6816,-251.1348,799.8982,4564.5228,0.0000,0.0000
82.9833,19.9420,-16.1100,5803.7996,-268.2944,799.7154,4573.5174,0.0000,0.0000
83.0000,19.9437,-16.1000,5628.7924,-285.3686,799.5324,4582.5120,0.0000,0.0000
83.0167,19.9455,-16.0817,5454.5880,-302.1875,799.1644,4583.1432,0.0000,0.0000
83.0333,19.9472,-16.0633,5282.1451,-318.5674,798.7960,4583.7744,0.0000,0.0000
83.0500,19.9489,-16.0450,5111.9661,-334.5831,798.4271,4584.4056,0.0000,0.0000
83.0667,19.9506,-16.0267,4944.2828,-350.2856,798.0576,4585.0368,0.0000,0.0000
83.0833,19.9522,-16.0083,4779.1675,-365.7116,797.6875,4585.6680,0.0000,0.0000
83.1000,19.9538,-15.9900,4616.6008,-380.8881,797.3169,4586.2992,0.0000,0.0000
83.1167,19.9554,-15.9717,4456.5119,-395.8362,796.9457,4586.9304,0.0000,0.0000
83.1333,19.9570,-15.9533,4298.8046,-410.5726,796.5741,4587.5616,0.0000,0.0000
83.1500,19.9586,-15.9350,4143.3723,-425.1108,796.2019,4588.1928,0.0000,0.0000
83.1667,19.9601,-15.9167,3990.1065,-439.4620,795.8292,4588.8240,0.0000,0.0000
83.1833,19.9616,-15.8983,3838.9029,-453.6355,795.4560,4589.4552,0.0000,0.0000
83.2000,19.9631,-15.8800,3689.6634,-467.6396,795.0825,4590.0864,0.0000,0.0000
83.2167,19.9646,-15.8617,3542.2974,-481.4810,794.7085,4590.7176,0.0000,0.0000
83.2333,19.9660,-15.8433,3396.7227,-495.1658,794.3341,4591.3488,0.0000,0.0000
83.2500,19.9675,-15.8250,3252.8644,-508.6993,793.9593,4591.9800,0.0000,0.0000
83.2667,19.9689,-15.8067,3110.6552,-522.0862,793.5842,4592.6112,0.0000,0.0000
83.2833,19.9703,-15.7883,2970.0347,-535.3307,793.2087,4593.2424,0.0000,0.0000
83.3000,19.9717,-15.7700,2830.9489,-548.4365,792.8329,4593.8736,0.0000,0.0000
83.3167,19.9731,-15.7517,2693.3505,-561.4062,792.4567,4594.5048,0.0000,0.0000
83.3333,19.9744,-15.7333,2557.1985,-574.2424,792.0803,4595.1360,0.0000,0.0000
83.3500,19.9758,-15.7150,2422.4567,-586.9473,791.7035,4595.7672,0.0000,0.0000
83.3667,19.9771,-15.6967,2289.0931,-599.5230,791.3264,4596.3984,0.0000,0.0000
83.3833,19.9784,-15.6783,2157.0783,-611.9717,790.9490,4597.0296,0.0000,0.0000
83.4000,19.9797,-15.6600,2026.3847,-624.2955,790.5713,4597.6608,0.0000,0.0000
83.4167,19.9810,-15.6417,1896.9864,-636.4969,790.1933,4598.2920,0.0000,0.0000
83.4333,19.9823,-15.6233,1768.8584,-648.5778,789.8151,4598.9232,0.0000,0.0000
83.4500,19.9836,-15.6050,1641.9765,-660.5406,789.4366,4599.5544,0.0000,0.0000
83.4667,19.9848,-15.5867,1516.3174,-672.3874,789.0578,4600.1856,0.0000,0.0000
83.4833,19.9861,-15.5683,1391.8586,-684.1201,788.6787,4600.8168,0.0000,0.0000
83.5000,19.9873,-15.5500,1268.5782,-695.7407,788.2994,4601.4480,0.0000,0.0000
83.5167,19.9885,-15.5317,1146.4554,-707.2512,787.9198,4602.0792,0.0000,0.0000
83.5333,19.9897,-15.5133,1025.4700,-718.6533,787.5399,4602.7104,0.0000,0.0000
83.5500,19.9909,-15.4950,905.6026,-729.9488,787.1599,4603.3416,0.0000,0.0000
83.5667,19.9921,-15.4767,786.8345,-741.1392,786.7795,4603.9728,0.0000,0.0000
83.5833,19.9933,-15.4583,669.1485,-752.2260,786.3990,4604.6040,0.0000,0.0000
83.6000,19.9945,-15.4400,552.5287,-763.2104,786.0181,4605.2352,0.0000,0.0000
83.6167,19.9956,-15.4217,436.9608,-774.0933,785.6371,4605.8664,0.0000,0.0000
83.6333,19.9968,-15.4033,322.4318,-784.8757,785.2558,4606.4976,0.0000,0.0000
83.6500,19.9979,-15.3850,208.9296,-795.5586,784.8743,4607.1288,0.0000,0.0000
83.6667,19.9990,-15.3667,96.4420,-806.1431,784.4926,4607.7600,0.0000,0.0000
83.6833,20.0002,-15.3483,0.0000,-816.6023,784.1117,4608.3912,0.0000,0.0000
83.7000,20.0018,-15.3300,0.0000,-826.7314,783.7398,4609.0224,0.0000,0.0000
83.7167,20.0037,-15.3117,0.0000,-836.5570,783.3761,4609.6536,0.0000,0.0000
83.7333,20.0060,-15.2933,0.0000,-846.0937,783.0204,4610.2848,0.0000,0.0000
83.7500,20.0086,-15.2750,0.0000,-855.3547,782.6725,4610.9160,0.0000,0.0000
83.7667,20.0116,-15.2567,0.0000,-864.3522,782.3322,4611.5472,0.0000,0.0000
83.7833,20.0150,-15.2383,0.0000,-873.0971,781.9992,4612.1784,0.0000,0.0000
83.8000,20.0186,-15.2200,0.0000,-881.6001,781.6734,4612.8096,0.0000,0.0000
83.8167,20.0226,-15.2017,0.0000,-889.8706,781.3546,4613.4408,0.0000,0.0000
83.8333,20.0268,-15.1833,0.0000,-897.9179,781.0426,4614.0720,0.0000,0.0000
83.8500,20.0314,-15.1650,0.0000,-905.7505,780.7371,4614.7032,0.0000,0.0000
83.8667,20.0363,-15.1467,0.0000,-913.3763,780.4381,4615.3344,0.0000,0.0000
83.8833,20.0414,-15.1283,0.0000,-920.8027,780.1454,4615.9656,0.0000,0.0000
83.9000,20.0468,-15.1100,0.0000,-928.0364,779.8587,4616.5968,0.0000,0.0000
83.9167,20.0525,-15.0917,0.0000,-935.0840,779.5780,4617.2280,0.0000,0.0000
83.9333,20.0584,-15.0733,0.0000,-941.9517,779.3031,4617.8592,0.0000,0.0000
83.9500,20.0646,-15.0550,0.0000,-948.6455,779.0338,4618.4904,0.0000,0.0000
83.9667,20.0711,-15.0367,0.0000,-955.1714,778.7701,4619.1216,0.0000,0.0000
83.9833,20.0777,-15.0183,0.0000,-961.5348,778.5117,4619.7528,0.0000,0.0000
84.0000,20.0847,-15.0000,0.0000,-967.7415,778.2586,4620.3840,0.0000,0.0000
84.0167,20.0919,-14.9450,0.0000,-974.5129,777.1984,4611.2316,0.0000,0.0000
84.0333,20.0993,-14.8900,0.0000,-980.6814,776.1442,4602.0792,0.0000,0.0000
84.0500,20.1071,-14.8350,0.0000,-986.3483,775.0953,4592.9268,0.0000,0.0000
84.0667,20.1150,-14.7800,0.0000,-991.5850,774.0516,4583.7744,0.0000,0.0000
84.0833,20.1232,-14.7250,0.0000,-996.4441,773.0127,4574.6220,0.0000,0.0000
84.1000,20.1315,-14.6700,0.0000,-1000.9665,771.9783,4565.4696,0.0000,0.0000
84.1167,20.1401,-14.6150,0.0000,-1005.1849,770.9481,4556.3172,0.0000,0.0000
84.1333,20.1488,-14.5600,0.0000,-1009.1258,769.9220,4547.1648,0.0000,0.0000
84.1500,20.1578,-14.5050,0.0000,-1012.8119,768.8997,4538.0124,0.0000,0.0000
84.1667,20.1668,-14.4500,0.0000,-1016.2622,767.8811,4528.8600,0.0000,0.0000
84.1833,20.1761,-14.3950,0.0000,-1019.4933,766.8658,4519.7076,0.0000,0.0000
84.2000,20.1854,-14.3400,0.0000,-1022.5195,765.8539,4510.5552,0.0000,0.0000
84.2167,20.1950,-14.2850,0.0000,-1025.3535,764.8450,4501.4028,0.0000,0.0000
84.2333,20.2046,-14.2300,0.0000,-1028.0067,763.8392,4492.2504,0.0000,0.0000
84.2500,20.2144,-14.1750,0.0000,-1030.4889,762.8362,4483.0980,0.0000,0.0000
84.2667,20.2243,-14.1200,0.0000,-1032.8094,761.8358,4473.9456,0.0000,0.0000
84.2833,20.2343,-14.0650,0.0000,-1034.9761,760.8380,4464.7932,0.0000,0.0000
84.3000,20.2445,-14.0100,0.0000,-1036.9966,759.8427,4455.6408,0.0000,0.0000
84.3167,20.2547,-13.9550,0.0000,-1038.8775,758.8497,4446.4884,0.0000,0.0000
84.3333,20.2650,-13.9000,0.0000,-1040.6250,757.8590,4437.3360,0.0000,0.0000
84.3500,20.2755,-13.8450,0.0000,-1042.2447,756.8703,4428.1836,0.0000,0.0000
84.3667,20.2860,-13.7900,0.0000,-1043.7420,755.8837,4419.0312,0.0000,0.0000
84.3833,20.2966,-13.7350,0.0000,-1045.1216,754.8990,4409.8788,0.0000,0.0000
84.4000,20.3073,-13.6800,0.0000,-1046.3880,753.9161,4400.7264,0.0000,0.0000
84.4167,20.3181,-13.6250,0.0000,-1047.5455,752.9349,4391.5740,0.0000,0.0000
84.4333,20.3289,-13.5700,0.0000,-1048.5980,751.9554,4382.4216,0.0000,0.0000
84.4500,20.3398,-13.5150,0.0000,-1049.5491,750.9775,4373.2692,0.0000,0.0000
84.4667,20.3508,-13.4600,0.0000,-1050.4024,750.0010,4364.1168,0.0000,0.0000
84.4833,20.3618,-13.4050,0.0000,-1051.1611,749.0260,4354.9644,0.0000,0.0000
84.5000,20.3729,-13.3500,0.0000,-1051.8283,748.0523,4345.8120,0.0000,0.0000
84.5167,20.3841,-13.2950,0.0000,-1052.4068,747.0798,4336.6596,0.0000,0.0000
84.5333,20.3953,-13.2400,0.0000,-1052.8996,746.1086,4327.5072,0.0000,0.0000
84.5500,20.4066,-13.1850,0.0000,-1053.3092,745.1384,4318.3548,0.0000,0.0000
84.5667,20.4179,-13.1300,0.0000,-1053.6381,744.1693,4309.2024,0.0000,0.0000
84.5833,20.4292,-13.0750,0.0000,-1053.8888,743.2012,4300.0500,0.0000,0.0000
84.6000,20.4406,-13.0200,0.0000,-1054.0635,742.2340,4290.8976,0.0000,0.0000
84.6167,20.4521,-12.9650,0.0000,-1054.1644,741.2677,4281.7452,0.0000,0.0000
84.6333,20.4636,-12.9100,0.0000,-1054.1937,740.3022,4272.5928,0.0000,0.0000
84.6500,20.4751,-12.8550,0.0000,-1054.1533,739.3375,4263.4404,0.0000,0.0000
84.6667,20.4866,-12.8000,0.0000,-1054.0451,738.3734,4254.2880,0.0000,0.0000
84.6833,20.4982,-12.7450,0.0000,-1053.8712,737.4100,4245.1356,0.0000,0.0000
84.7000,20.5098,-12.6900,0.0000,-1053.6331,736.4472,4235.9832,0.0000,0.0000
84.7167,20.5214,-12.6350,0.0000,-1053.3326,735.4849,4226.8308,0.0000,0.0000
84.7333,20.5330,-12.5800,0.0000,-1052.9715,734.5231,4217.6784,0.0000,0.0000
84.7500,20.5447,-12.5250,0.0000,-1052.5513,733.5617,4208.5260,0.0000,0.0000
84.7667,20.5564,-12.4700,0.0000,-1052.0735,732.6008,4199.3736,0.0000,0.0000
84.7833,20.5681,-12.4150,0.0000,-1051.5397,731.6401,4190.2212,0.0000,0.0000
84.8000,20.5798,-12.3600,0.0000,-1050.9513,730.6798,4181.0688,0.0000,0.0000
84.8167,20.5915,-12.3050,0.0000,-1050.3096,729.7198,4171.9164,0.0000,0.0000
84.8333,20.6032,-12.2500,0.0000,-1049.6161,728.7599,4162.7640,0.0000,0.0000
84.8500,20.6150,-12.1950,0.0000,-1048.8721,727.8002,4153.6116,0.0000,0.0000
84.8667,20.6267,-12.1400,0.0000,-1048.0787,726.8407,4144.4592,0.0000,0.0000
84.8833,20.6384,-12.0850,0.0000,-1047.2373,725.8813,4135.3068,0.0000,0.0000
84.9000,20.6502,-12.0300,0.0000,-1046.3490,724.9219,4126.1544,0.0000,0.0000
84.9167,20.6619,-11.9750,0.0000,-1045.4151,723.9625,4117.0020,0.0000,0.0000
84.9333,20.6737,-11.9200,0.0000,-1044.4365,723.0032,4107.8496,0.0000,0.0000
84.9500,20.6854,-11.8650,0.0000,-1043.4144,722.0438,4098.6972,0.0000,0.0000
84.9667,20.6972,-11.8100,0.0000,-1042.3500,721.0843,4089.5448,0.0000,0.0000
84.9833,20.7089,-11.7550,0.0000,-1041.2441,720.1246,4080.3924,0.0000,0.0000
85.0000,20.7207,-11.7000,0.0000,-1040.0978,719.1649,4071.2400,0.0000,0.0000
85.0167,20.7322,-11.7183,0.0000,-1035.8912,719.8278,4053.8820,0.0000,0.0000
85.0333,20.7436,-11.7367,0.0000,-1031.3808,720.4866,4036.5240,0.0000,0.0000
85.0500,20.7548,-11.7550,0.0000,-1026.6408,721.1411,4019.1660,0.0000,0.0000
85.0667,20.7657,-11.7733,0.0000,-1021.7204,721.7910,4001.8080,0.0000,0.0000
85.0833,20.7758,-11.7917,0.0000,-1016.9191,722.4210,3984.4500,0.0000,0.0000
85.1000,20.7857,-11.8100,0.0000,-1011.9543,723.0468,3967.0920,0.0000,0.0000
85.1167,20.7953,-11.8283,0.0000,-1006.8545,723.6683,3949.7340,0.0000,0.0000
85.1333,20.8048,-11.8467,0.0000,-1001.6395,724.2853,3932.3760,0.0000,0.0000
85.1500,20.8141,-11.8650,0.0000,-996.3239,724.8979,3915.0180,0.0000,0.0000
85.1667,20.8232,-11.8833,0.0000,-990.9188,725.5059,3897.6600,0.0000,0.0000
85.1833,20.8321,-11.9017,0.0000,-985.4326,726.1093,3880.3020,0.0000,0.0000
85.2000,20.8407,-11.9200,0.0000,-979.8721,726.7080,3862.9440,0.0000,0.0000
85.2167,20.8492,-11.9383,0.0000,-974.2424,727.3020,3845.5860,0.0000,0.0000
85.2333,20.8574,-11.9567,0.0000,-968.5478,727.8912,3828.2280,0.0000,0.0000
85.2500,20.8654,-11.9750,0.0000,-962.7918,728.4756,3810.8700,0.0000,0.0000
85.2667,20.8732,-11.9933,0.0000,-956.9773,729.0552,3793.5120,0.0000,0.0000
85.2833,20.8808,-12.0117,0.0000,-951.1065,729.6299,3776.1540,0.0000,0.0000
85.3000,20.8881,-12.0300,0.0000,-945.1815,730.1997,3758.7960,0.0000,0.0000
85.3167,20.8953,-12.0483,0.0000,-939.2041,730.7645,3741.4380,0.0000,0.0000
85.3333,20.9022,-12.0667,0.0000,-933.1757,731.3243,3724.0800,0.0000,0.0000
85.3500,20.9088,-12.0850,0.0000,-927.0976,731.8791,3706.7220,0.0000,0.0000
85.3667,20.9153,-12.1033,0.0000,-920.9711,732.4288,3689.3640,0.0000,0.0000
85.3833,20.9215,-12.1217,0.0000,-914.7971,732.9735,3672.0060,0.0000,0.0000
85.4000,20.9275,-12.1400,0.0000,-908.5767,733.5130,3654.6480,0.0000,0.0000
85.4167,20.9332,-12.1583,0.0000,-902.3109,734.0473,3637.2900,0.0000,0.0000
85.4333,20.9388,-12.1767,0.0000,-896.0004,734.5765,3619.9320,0.0000,0.0000
85.4500,20.9441,-12.1950,0.0000,-889.6463,735.1005,3602.5740,0.0000,0.0000
85.4667,20.9491,-12.2133,0.0000,-883.2493,735.6192,3585.2160,0.0000,0.0000
85.4833,20.9539,-12.2317,0.0000,-876.8103,736.1326,3567.8580,0.0000,0.0000
85.5000,20.9585,-12.2500,0.0000,-870.3301,736.6408,3550.5000,0.0000,0.0000
85.5167,20.9628,-12.2683,0.0000,-863.8095,737.1436,3533.1420,0.0000,0.0000
85.5333,20.9669,-12.2867,0.0000,-857.2493,737.6411,3515.7840,0.0000,0.0000
85.5500,20.9708,-12.3050,0.0000,-850.6504,738.1332,3498.4260,0.0000,0.0000
85.5667,20.9744,-12.3233,0.0000,-844.0137,738.6199,3481.0680,0.0000,0.0000
85.5833,20.9777,-12.3417,0.0000,-837.3399,739.1012,3463.7100,0.0000,0.0000
85.6000,20.9809,-12.3600,0.0000,-830.6298,739.5770,3446.3520,0.0000,0.0000
85.6167,20.9837,-12.3783,0.0000,-823.8845,740.0473,3428.9940,0.0000,0.0000
85.6333,20.9864,-12.3967,0.0000,-817.1046,740.5122,3411.6360,0.0000,0.0000
85.6500,20.9887,-12.4150,0.0000,-810.2911,740.9716,3394.2780,0.0000,0.0000
85.6667,20.9909,-12.4333,0.0000,-803.4448,741.4254,3376.9200,0.0000,0.0000
85.6833,20.9927,-12.4517,0.0000,-796.5666,741.8736,3359.5620,0.0000,0.0000
85.7000,20.9944,-12.4700,0.0000,-789.6573,742.3163,3342.2040,0.0000,0.0000
85.7167,20.9957,-12.4883,0.0000,-782.7179,742.7534,3324.8460,0.0000,0.0000
85.7333,20.9968,-12.5067,0.0000,-775.7492,743.1849,3307.4880,0.0000,0.0000
85.7500,20.9977,-12.5250,0.0000,-768.7520,743.6108,3290.1300,0.0000,0.0000
85.7667,20.9983,-12.5433,0.0000,-761.7273,744.0310,3272.7720,0.0000,0.0000
85.7833,20.9987,-12.5617,0.0000,-754.6759,744.4456,3255.4140,0.0000,0.0000
85.8000,20.9988,-12.5800,0.0000,-747.5986,744.8544,3238.0560,0.0000,0.0000
85.8167,20.9986,-12.5983,0.0000,-740.4964,745.2576,3220.6980,0.0000,0.0000
85.8333,20.9982,-12.6167,0.0000,-733.3699,745.6551,3203.3400,0.0000,0.0000
85.8500,20.9975,-12.6350,0.0000,-726.2202,746.0469,3185.9820,0.0000,0.0000
85.8667,20.9966,-12.6533,0.0000,-719.0481,746.4329,3168.6240,0.0000,0.0000
85.8833,20.9954,-12.6717,0.0000,-711.8542,746.8132,3151.2660,0.0000,0.0000
85.9000,20.9940,-12.6900,0.0000,-704.6396,747.1878,3133.9080,0.0000,0.0000
85.9167,20.9923,-12.7083,0.0000,-697.4050,747.5566,3116.5500,0.0000,0.0000
85.9333,20.9903,-12.7267,0.0000,-690.1511,747.9196,3099.1920,0.0000,0.0000
85.9500,20.9881,-12.7450,0.0000,-682.8789,748.2768,3081.8340,0.0000,0.0000
85.9667,20.9856,-12.7633,0.0000,-675.5890,748.6282,3064.4760,0.0000,0.0000
85.9833,20.9828,-12.7817,0.0000,-668.2823,748.9739,3047.1180,0.0000,0.0000
86.0000,20.9798,-12.8000,0.0000,-660.9595,749.3137,3029.7600,0.0000,0.0000
86.0167,20.9765,-12.8267,0.0000,-653.0421,749.8320,3006.8790,0.0000,0.0000
86.0333,20.9729,-12.8533,0.0000,-644.9004,750.3437,2983.9980,0.0000,0.0000
86.0500,20.9690,-12.8800,0.0000,-636.5809,750.8487,2961.1170,0.0000,0.0000
86.0667,20.9648,-12.9067,0.0000,-628.1162,751.3470,2938.2360,0.0000,0.0000
86.0833,20.9603,-12.9333,0.0000,-619.5297,751.8384,2915.3550,0.0000,0.0000
86.1000,20.9551,-12.9600,0.0000,-610.3487,752.3149,2892.4740,0.0000,0.0000
86.1167,20.9496,-12.9867,0.0000,-601.1401,752.7836,2869.5930,0.0000,0.0000
86.1333,20.9437,-13.0133,0.0000,-591.8962,753.2445,2846.7120,0.0000,0.0000
86.1500,20.9374,-13.0400,0.0000,-582.6135,753.6975,2823.8310,0.0000,0.0000
86.1667,20.9308,-13.0667,0.0000,-573.2902,754.1425,2800.9500,0.0000,0.0000
86.1833,20.9239,-13.0933,0.0000,-563.9255,754.5796,2778.0690,0.0000,0.0000
86.2000,20.9165,-13.1200,0.0000,-554.5192,755.0087,2755.1880,0.0000,0.0000
86.2167,20.9089,-13.1467,0.0000,-545.0713,755.4298,2732.3070,0.0000,0.0000
86.2333,20.9008,-13.1733,0.0000,-535.5824,755.8429,2709.4260,0.0000,0.0000
86.2500,20.8924,-13.2000,0.0000,-526.0532,756.2480,2686.5450,0.0000,0.0000
86.2667,20.8836,-13.2267,0.0000,-516.4844,756.6449,2663.6640,0.0000,0.0000
86.2833,20.8745,-13.2533,0.0000,-506.8772,757.0338,2640.7830,0.0000,0.0000
86.3000,20.8650,-13.2800,0.0000,-497.2326,757.4145,2617.9020,0.0000,0.0000
86.3167,20.8551,-13.3067,0.0000,-487.5518,757.7871,2595.0210,0.0000,0.0000
86.3333,20.8449,-13.3333,0.0000,-477.8358,758.1515,2572.1400,0.0000,0.0000
86.3500,20.8343,-13.3600,0.0000,-468.0858,758.5077,2549.2590,0.0000,0.0000
86.3667,20.8233,-13.3867,0.0000,-458.3029,758.8557,2526.3780,0.0000,0.0000
86.3833,20.8119,-13.4133,0.0000,-448.4883,759.1955,2503.4970,0.0000,0.0000
86.4000,20.8002,-13.4400,0.0000,-438.6430,759.5270,2480.6160,0.0000,0.0000
86.4167,20.7881,-13.4667,0.0000,-428.7680,759.8502,2457.7350,0.0000,0.0000
86.4333,20.7754,-13.4933,0.0000,-418.7127,760.1596,2434.8540,0.0000,0.0000
86.4500,20.7626,-13.5200,0.0000,-408.7996,760.4662,2411.9730,0.0000,0.0000
86.4667,20.7493,-13.5467,0.0000,-398.8540,760.7644,2389.0920,0.0000,0.0000
86.4833,20.7357,-13.5733,0.0000,-388.8782,761.0543,2366.2110,0.0000,0.0000
86.5000,20.7218,-13.6000,0.0000,-378.8739,761.3359,2343.3300,0.0000,0.0000
86.5167,20.7074,-13.6267,0.0000,-368.8424,761.6092,2320.4490,0.0000,0.0000
86.5333,20.6927,-13.6533,0.0000,-358.7851,761.8740,2297.5680,0.0000,0.0000
86.5500,20.6776,-13.6800,0.0000,-348.7033,762.1305,2274.6870,0.0000,0.0000
86.5667,20.6621,-13.7067,0.0000,-338.5984,762.3786,2251.8060,0.0000,0.0000
86.5833,20.6463,-13.7333,0.0000,-328.4716,762.6183,2228.9250,0.0000,0.0000
86.6000,20.6300,-13.7600,0.0000,-318.3242,762.8496,2206.0440,0.0000,0.0000
86.6167,20.6134,-13.7867,0.0000,-308.1575,763.0724,2183.1630,0.0000,0.0000
86.6333,20.5964,-13.8133,0.0000,-297.9728,763.2869,2160.2820,0.0000,0.0000
86.6500,20.5790,-13.8400,0.0000,-287.7711,763.4929,2137.4010,0.0000,0.0000
86.6667,20.5613,-13.8667,0.0000,-277.5537,763.6904,2114.5200,0.0000,0.0000
86.6833,20.5431,-13.8933,0.0000,-267.3216,763.8795,2091.6390,0.0000,0.0000
86.7000,20.5246,-13.9200,0.0000,-257.0759,764.0601,2068.7580,0.0000,0.0000
86.7167,20.5057,-13.9467,0.0000,-246.8173,764.2323,2045.8770,0.0000,0.0000
86.7333,20.4864,-13.9733,0.0000,-236.5463,764.3960,2022.9960,0.0000,0.0000
86.7500,20.4667,-14.0000,0.0000,-226.2634,764.5513,2000.1150,0.0000,0.0000
86.7667,20.4467,-14.0267,0.0000,-215.9689,764.6981,1977.2340,0.0000,0.0000
86.7833,20.4262,-14.0533,0.0000,-205.6632,764.8364,1954.3530,0.0000,0.0000
86.8000,20.4054,-14.0800,0.0000,-195.3470,764.9663,1931.4720,0.0000,0.0000
86.8167,20.3842,-14.1067,0.0000,-185.0211,765.0877,1908.5910,0.0000,0.0000
86.8333,20.3627,-14.1333,0.0000,-174.6863,765.2006,1885.7100,0.0000,0.0000
86.8500,20.3407,-14.1600,0.0000,-164.3437,765.3050,1862.8290,0.0000,0.0000
86.8667,20.3184,-14.1867,0.0000,-153.9941,765.4010,1839.9480,0.0000,0.0000
86.8833,20.2956,-14.2133,0.0000,-143.6386,765.4885,1817.0670,0.0000,0.0000
86.9000,20.2725,-14.2400,0.0000,-133.2781,765.5676,1794.1860,0.0000,0.0000
86.9167,20.2491,-14.2667,0.0000,-122.9135,765.6382,1771.3050,0.0000,0.0000
86.9333,20.2252,-14.2933,0.0000,-112.5458,765.7003,1748.4240,0.0000,0.0000
86.9500,20.2009,-14.3200,0.0000,-102.1756,765.7540,1725.5430,0.0000,0.0000
86.9667,20.1763,-14.3467,0.0000,-91.8040,765.7992,1702.6620,0.0000,0.0000
86.9833,20.1513,-14.3733,0.0000,-81.4315,765.8360,1679.7810,0.0000,0.0000
87.0000,20.1254,-14.4000,0.0000,-70.8991,765.8532,1656.9000,0.0000,0.0000
87.0167,20.0996,-14.4383,0.0000,-60.0862,766.1312,1633.0722,0.0000,0.0000
87.0333,20.0734,-14.4767,0.0000,-49.2432,766.4003,1609.2444,0.0000,0.0000
87.0500,20.0468,-14.5150,0.0000,-38.3800,766.6603,1585.4166,0.0000,0.0000
87.0667,20.0198,-14.5533,0.0000,-27.5035,766.9113,1561.5888,0.0000,0.0000
87.0833,19.9939,-14.5917,605.1611,-15.7492,767.1885,1537.7610,0.0000,0.0000
87.1000,19.9752,-14.6300,2483.1192,0.0044,767.6222,1513.9332,0.0000,0.0000
87.1167,19.9609,-14.6683,3911.7976,18.2215,768.1556,1490.1054,0.0000,0.0000
87.1333,19.9498,-14.7067,5015.3572,38.1538,768.7612,1466.2776,0.0000,0.0000
87.1500,19.9412,-14.7450,5883.5038,59.2737,769.4189,1442.4498,0.0000,0.0000
87.1667,19.9342,-14.7833,6581.0730,81.2092,770.1145,1418.6220,0.0000,0.0000
87.1833,19.9285,-14.8217,7154.9423,103.6973,770.8375,1394.7942,0.0000,0.0000
87.2000,19.9236,-14.8600,7639.0176,126.5530,771.5805,1370.9664,0.0000,0.0000
87.2167,19.9194,-14.8983,8057.8329,149.6460,772.3379,1347.1386,0.0000,0.0000
87.2333,19.9157,-14.9367,8429.1491,172.8853,773.1058,1323.3108,0.0000,0.0000
87.2500,19.9123,-14.9750,8765.8306,196.2075,773.8815,1299.4830,0.0000,0.0000
87.2667,19.9092,-15.0133,9077.2013,219.5690,774.6627,1275.6552,0.0000,0.0000
87.2833,19.9063,-15.0517,9370.0245,242.9402,775.4481,1251.8274,0.0000,0.0000
87.3000,19.9035,-15.0900,9649.2122,266.3019,776.2365,1227.9996,0.0000,0.0000
87.3167,19.9008,-15.1283,9918.3362,289.6419,777.0271,1204.1718,0.0000,0.0000
87.3333,19.8982,-15.1667,10179.9978,312.9528,777.8194,1180.3440,0.0000,0.0000
87.3500,19.8956,-15.2050,10436.0945,336.2304,778.6129,1156.5162,0.0000,0.0000
87.3667,19.8931,-15.2433,10688.0130,359.4723,779.4073,1132.6884,0.0000,0.0000
87.3833,19.8906,-15.2817,10936.7686,382.6779,780.2025,1108.8606,0.0000,0.0000
87.4000,19.8882,-15.3200,11183.1065,405.8470,780.9982,1085.0328,0.0000,0.0000
87.4167,19.8857,-15.3583,11427.5748,428.9804,781.7943,1061.2050,0.0000,0.0000
87.4333,19.8833,-15.3967,11670.5787,452.0789,782.5907,1037.3772,0.0000,0.0000
87.4500,19.8809,-15.4350,11912.4181,475.1437,783.3874,1013.5494,0.0000,0.0000
87.4667,19.8785,-15.4733,12153.3168,498.1761,784.1842,989.7216,0.0000,0.0000
87.4833,19.8761,-15.5117,12393.4424,521.1773,784.9813,965.8938,0.0000,0.0000
87.5000,19.8737,-15.5500,12632.9216,544.1488,785.7785,942.0660,0.0000,0.0000
87.5167,19.8713,-15.5883,12871.8507,567.0918,786.5758,918.2382,0.0000,0.0000
87.5333,19.8689,-15.6267,13110.3038,590.0076,787.3732,894.4104,0.0000,0.0000
87.5500,19.8665,-15.6650,13354.5930,613.2727,788.1694,870.5826,0.0000,0.0000
87.5667,19.8641,-15.7033,13591.5592,636.1271,788.9671,846.7548,0.0000,0.0000
87.5833,19.8617,-15.7417,13828.3528,658.9606,789.7649,822.9270,0.0000,0.0000
87.6000,19.8594,-15.7800,14064.9678,681.7745,790.5628,799.0992,0.0000,0.0000
87.6167,19.8570,-15.8183,14301.4028,704.5701,791.3606,775.2714,0.0000,0.0000
87.6333,19.8546,-15.8567,14537.6596,727.3482,792.1585,751.4436,0.0000,0.0000
87.6500,19.8523,-15.8950,14773.7410,750.1096,792.9565,727.6158,0.0000,0.0000
87.6667,19.8499,-15.9333,15009.6510,772.8550,793.7545,703.7880,0.0000,0.0000
87.6833,19.8475,-15.9717,15245.3933,795.5845,794.5525,679.9602,0.0000,0.0000
87.7000,19.8452,-16.0100,15480.9716,818.2987,795.3506,656.1324,0.0000,0.0000
87.7167,19.8428,-16.0483,15716.3892,840.9977,796.1487,632.3046,0.0000,0.0000
87.7333,19.8405,-16.0867,15951.6491,863.6817,796.9468,608.4768,0.0000,0.0000
87.7500,19.8381,-16.1250,16186.7539,886.3508,797.7450,584.6490,0.0000,0.0000
87.7667,19.8358,-16.1633,16421.7058,909.0053,798.5432,560.8212,0.0000,0.0000
87.7833,19.8334,-16.2017,16656.5067,931.6451,799.3414,536.9934,0.0000,0.0000
87.8000,19.8311,-16.2400,16891.1583,954.2705,800.1397,513.1656,0.0000,0.0000
87.8167,19.8287,-16.2783,17125.6628,976.8817,800.9380,489.3378,0.0000,0.0000
87.8333,19.8264,-16.3167,17360.0235,999.4795,801.7363,465.5100,0.0000,0.0000
87.8500,19.8241,-16.3550,17594.2449,1022.0645,802.5347,441.6822,0.0000,0.0000
87.8667,19.8217,-16.3933,17828.3321,1044.6376,803.3331,417.8544,0.0000,0.0000
87.8833,19.8194,-16.4317,18062.2905,1067.1991,804.1315,394.0266,0.0000,0.0000
87.9000,19.8170,-16.4700,18296.1245,1089.7495,804.9300,370.1988,0.0000,0.0000
87.9167,19.8147,-16.5083,18529.8376,1112.2888,805.7285,346.3710,0.0000,0.0000
87.9333,19.8124,-16.5467,18763.4320,1134.8167,806.5270,322.5432,0.0000,0.0000
87.9500,19.8100,-16.5850,18996.9086,1157.3330,807.3255,298.7154,0.0000,0.0000
87.9667,19.8077,-16.6233,19230.2670,1179.8374,808.1241,274.8876,0.0000,0.0000
87.9833,19.8054,-16.6617,19463.5057,1202.3294,808.9226,251.0598,0.0000,0.0000
88.0000,19.8030,-16.7000,19696.6226,1224.8086,809.7212,227.2320,0.0000,0.0000
88.0167,19.8007,-16.7550,19929.7300,1246.9285,810.8896,223.4448,0.0000,0.0000
88.0333,19.7984,-16.8100,20160.8929,1268.3236,812.0583,219.6576,0.0000,0.0000
88.0500,19.7961,-16.8650,20389.0950,1289.1442,813.2277,215.8704,0.0000,0.0000
88.0667,19.7939,-16.9200,20613.8627,1309.4918,814.3979,212.0832,0.0000,0.0000
88.0833,19.7916,-16.9750,20835.0400,1329.4380,815.5689,208.2960,0.0000,0.0000
88.1000,19.7895,-17.0300,21052.6537,1349.0354,816.7406,204.5088,0.0000,0.0000
88.1167,19.7873,-17.0850,21266.8306,1368.3244,817.9131,200.7216,0.0000,0.0000
88.1333,19.7852,-17.1400,21477.7478,1387.3363,819.0864,196.9344,0.0000,0.0000
88.1500,19.7831,-17.1950,21685.6029,1406.0963,820.2603,193.1472,0.0000,0.0000
88.1667,19.7811,-17.2500,21890.5959,1424.6253,821.4348,189.3600,0.0000,0.0000
88.1833,19.7791,-17.3050,22092.9195,1442.9403,822.6100,185.5728,0.0000,0.0000
88.2000,19.7771,-17.3600,22292.7543,1461.0561,823.7857,181.7856,0.0000,0.0000
88.2167,19.7751,-17.4150,22490.2666,1478.9854,824.9619,177.9984,0.0000,0.0000
88.2333,19.7731,-17.4700,22685.6081,1496.7393,826.1386,174.2112,0.0000,0.0000
88.2500,19.7712,-17.5250,22878.9160,1514.3274,827.3157,170.4240,0.0000,0.0000
88.2667,19.7693,-17.5800,23070.3131,1531.7582,828.4933,166.6368,0.0000,0.0000
88.2833,19.7674,-17.6350,23259.9085,1549.0388,829.6713,162.8496,0.0000,0.0000
88.3000,19.7655,-17.6900,23447.7992,1566.1754,830.8496,159.0624,0.0000,0.0000
88.3167,19.7637,-17.7450,23634.0707,1583.1734,832.0283,155.2752,0.0000,0.0000
88.3333,19.7618,-17.8000,23818.7983,1600.0377,833.2074,151.4880,0.0000,0.0000
88.3500,19.7600,-17.8550,24002.0485,1616.7723,834.3868,147.7008,0.0000,0.0000
88.3667,19.7582,-17.9100,24183.8804,1633.3812,835.5665,143.9136,0.0000,0.0000
88.3833,19.7564,-17.9650,24364.3461,1649.8677,836.7464,140.1264,0.0000,0.0000
88.4000,19.7546,-18.0200,24543.4922,1666.2348,837.9267,136.3392,0.0000,0.0000
88.4167,19.7528,-18.0750,24721.3604,1682.4855,839.1073,132.5520,0.0000,0.0000
88.4333,19.7510,-18.1300,24897.9884,1698.6223,840.2882,128.7648,0.0000,0.0000
88.4500,19.7493,-18.1850,25073.4102,1714.6477,841.4693,124.9776,0.0000,0.0000
88.4667,19.7475,-18.2400,25252.1071,1730.8097,842.6497,121.1904,0.0000,0.0000
88.4833,19.7458,-18.2950,25424.6832,1746.6220,843.8314,117.4032,0.0000,0.0000
88.5000,19.7440,-18.3500,25596.2849,1762.3287,845.0134,113.6160,0.0000,0.0000
88.5167,19.7423,-18.4050,25766.8999,1777.9332,846.1955,109.8288,0.0000,0.0000
88.5333,19.7406,-18.4600,25936.5260,1793.4381,847.3779,106.0416,0.0000,0.0000
88.5500,19.7389,-18.5150,26105.1677,1808.8455,848.5606,102.2544,0.0000,0.0000
88.5667,19.7373,-18.5700,26272.8330,1824.1574,849.7434,98.4672,0.0000,0.0000
88.5833,19.7356,-18.6250,26439.5319,1839.3752,850.9264,94.6800,0.0000,0.0000
88.6000,19.7339,-18.6800,26605.2755,1854.5004,852.1097,90.8928,0.0000,0.0000
88.6167,19.7323,-18.7350,26770.0752,1869.5341,853.2932,87.1056,0.0000,0.0000
88.6333,19.7307,-18.7900,26933.9425,1884.4776,854.4768,83.3184,0.0000,0.0000
88.6500,19.7290,-18.8450,27096.8885,1899.3319,855.6607,79.5312,0.0000,0.0000
88.6667,19.7274,-18.9000,27258.9246,1914.0981,856.8448,75.7440,0.0000,0.0000
88.6833,19.7258,-18.9550,27420.0616,1928.7772,858.0291,71.9568,0.0000,0.0000
88.7000,19.7242,-19.0100,27580.3101,1943.3702,859.2136,68.1696,0.0000,0.0000
88.7167,19.7226,-19.0650,27739.6808,1957.8782,860.3983,64.3824,0.0000,0.0000
88.7333,19.7210,-19.1200,27902.2161,1972.5222,861.5822,60.5952,0.0000,0.0000
88.7500,19.7194,-19.1750,28059.3809,1986.8661,862.7674,56.8080,0.0000,0.0000
88.7667,19.7178,-19.2300,28215.8346,2001.1279,863.9527,53.0208,0.0000,0.0000
88.7833,19.7163,-19.2850,28371.5546,2015.3100,865.1382,49.2336,0.0000,0.0000
88.8000,19.7147,-19.3400,28526.5296,2029.4143,866.3238,45.4464,0.0000,0.0000
88.8167,19.7132,-19.3950,28680.7549,2043.4422,867.5097,41.6592,0.0000,0.0000
88.8333,19.7117,-19.4500,28834.2301,2057.3949,868.6956,37.8720,0.0000,0.0000
88.8500,19.7101,-19.5050,28986.9574,2071.2733,869.8818,34.0848,0.0000,0.0000
88.8667,19.7086,-19.5600,29138.9402,2085.0780,871.0681,30.2976,0.0000,0.0000
88.8833,19.7071,-19.6150,29290.1830,2098.8097,872.2546,26.5104,0.0000,0.0000
88.9000,19.7056,-19.6700,29440.6903,2112.4690,873.4412,22.7232,0.0000,0.0000
88.9167,19.7041,-19.7250,29590.4671,2126.0565,874.6280,18.9360,0.0000,0.0000
88.9333,19.7026,-19.7800,29739.5186,2139.5728,875.8150,15.1488,0.0000,0.0000
88.9500,19.7011,-19.8350,29887.8498,2153.0182,877.0021,11.3616,0.0000,0.0000
88.9667,19.6996,-19.8900,30035.4661,2166.3936,878.1894,7.5744,0.0000,0.0000
88.9833,19.6982,-19.9450,30182.3729,2179.6993,879.3768,3.7872,0.0000,0.0000
89.0000,19.6967,-20.0000,30332.2810,2193.1359,880.5636,0.0000,0.0000,0.0000
89.0167,19.6953,-20.0000,30468.5570,2204.2180,880.5334,0.0000,0.0000,0.0000
89.0333,19.6940,-20.0000,30597.5923,2215.1458,880.5048,0.0000,0.0000,0.0000
89.0500,19.6928,-20.0000,30720.9431,2225.9343,880.4774,0.0000,0.0000,0.0000
89.0667,19.6916,-20.0000,30839.7750,2236.5922,880.4510,0.0000,0.0000,0.0000
89.0833,19.6905,-20.0000,30954.9579,2247.1249,880.4255,0.0000,0.0000,0.0000
89.1000,19.6893,-20.0000,31067.1388,2257.5357,880.4006,0.0000,0.0000,0.0000
89.1167,19.6882,-20.0000,31176.7990,2267.8269,880.3763,0.0000,0.0000,0.0000
89.1333,19.6872,-20.0000,31284.2956,2278.0000,880.3524,0.0000,0.0000,0.0000
89.1500,19.6861,-20.0000,31389.8946,2288.0564,880.3290,0.0000,0.0000,0.0000
89.1667,19.6851,-20.0000,31493.7935,2297.9971,880.3060,0.0000,0.0000,0.0000
89.1833,19.6840,-20.0000,31596.1402,2307.8231,880.2832,0.0000,0.0000,0.0000
89.2000,19.6830,-20.0000,31697.0451,2317.5351,880.2609,0.0000,0.0000,0.0000
89.2167,19.6820,-20.0000,31796.5917,2327.1341,880.2388,0.0000,0.0000,0.0000
89.2333,19.6811,-20.0000,31894.8430,2336.6207,880.2170,0.0000,0.0000,0.0000
89.2500,19.6801,-20.0000,31991.8476,2345.9958,880.1955,0.0000,0.0000,0.0000
89.2667,19.6791,-20.0000,32087.6427,2355.2600,880.1742,0.0000,0.0000,0.0000
89.2833,19.6782,-20.0000,32182.2579,2364.4141,880.1532,0.0000,0.0000,0.0000
89.3000,19.6772,-20.0000,32275.7168,2373.4589,880.1325,0.0000,0.0000,0.0000
89.3167,19.6763,-20.0000,32368.0386,2382.3950,880.1120,0.0000,0.0000,0.0000
89.3333,19.6754,-20.0000,32459.2397,2391.2234,880.0918,0.0000,0.0000,0.0000
89.3500,19.6745,-20.0000,32549.3340,2399.9447,880.0718,0.0000,0.0000,0.0000
89.3667,19.6736,-20.0000,32638.3340,2408.5598,880.0521,0.0000,0.0000,0.0000
89.3833,19.6727,-20.0000,32726.2510,2417.0695,880.0326,0.0000,0.0000,0.0000
89.4000,19.6719,-20.0000,32813.0992,2425.4760,880.0133,0.0000,0.0000,0.0000
89.4167,19.6710,-20.0000,32898.8960,2433.7820,879.9943,0.0000,0.0000,0.0000
89.4333,19.6702,-20.0000,32983.6607,2441.9900,879.9755,0.0000,0.0000,0.0000
89.4500,19.6693,-20.0000,33067.4119,2450.1016,879.9569,0.0000,0.0000,0.0000
89.4667,19.6685,-20.0000,33150.1658,2458.1177,879.9385,0.0000,0.0000,0.0000
89.4833,19.6677,-20.0000,33231.9354,2466.0388,879.9204,0.0000,0.0000,0.0000
89.5000,19.6669,-20.0000,33312.7312,2473.8652,879.9025,0.0000,0.0000,0.0000
89.5167,19.6661,-20.0000,33392.5614,2481.5971,879.8848,0.0000,0.0000,0.0000
89.5333,19.6653,-20.0000,33471.4327,2489.2348,879.8673,0.0000,0.0000,0.0000
89.5500,19.6645,-20.0000,33549.3512,2496.7786,879.8500,0.0000,0.0000,0.0000
89.5667,19.6637,-20.0000,33626.3226,2504.2291,879.8329,0.0000,0.0000,0.0000
89.5833,19.6630,-20.0000,33702.3526,2511.5869,879.8160,0.0000,0.0000,0.0000
89.6000,19.6622,-20.0000,33777.4475,2518.8527,879.7994,0.0000,0.0000,0.0000
89.6167,19.6615,-20.0000,33851.6136,2526.0271,879.7829,0.0000,0.0000,0.0000
89.6333,19.6608,-20.0000,33924.8580,2533.1112,879.7667,0.0000,0.0000,0.0000
89.6500,19.6600,-20.0000,33997.1881,2540.1057,879.7506,0.0000,0.0000,0.0000
89.6667,19.6593,-20.0000,34068.6117,2547.0115,879.7348,0.0000,0.0000,0.0000
89.6833,19.6586,-20.0000,34139.1371,2553.8296,879.7192,0.0000,0.0000,0.0000
89.7000,19.6579,-20.0000,34208.7730,2560.5610,879.7037,0.0000,0.0000,0.0000
89.7167,19.6572,-20.0000,34277.5284,2567.2067,879.6885,0.0000,0.0000,0.0000
89.7333,19.6565,-20.0000,34345.4125,2573.7676,879.6734,0.0000,0.0000,0.0000
89.7500,19.6559,-20.0000,34412.4348,2580.2447,879.6585,0.0000,0.0000,0.0000
89.7667,19.6552,-20.0000,34478.6049,2586.6392,879.6439,0.0000,0.0000,0.0000
89.7833,19.6546,-20.0000,34543.9328,2592.9520,879.6294,0.0000,0.0000,0.0000
89.8000,19.6539,-20.0000,34608.4301,2599.1848,879.6151,0.0000,0.0000,0.0000
89.8167,19.6533,-20.0000,34672.1108,2605.3397,879.6009,0.0000,0.0000,0.0000
89.8333,19.6527,-20.0000,34734.9903,2611.4186,879.5870,0.0000,0.0000,0.0000
89.8500,19.6520,-20.0000,34797.0838,2617.4229,879.5732,0.0000,0.0000,0.0000
89.8667,19.6514,-20.0000,34858.4058,2623.3540,879.5596,0.0000,0.0000,0.0000
89.8833,19.6508,-20.0000,34918.9692,2629.2126,879.5462,0.0000,0.0000,0.0000
89.9000,19.6502,-20.0000,34978.7854,2634.9995,879.5329,0.0000,0.0000,0.0000
89.9167,19.6496,-20.0000,35037.8645,2640.7153,879.5198,0.0000,0.0000,0.0000
89.9333,19.6490,-20.0000,35096.2155,2646.3606,879.5069,0.0000,0.0000,0.0000
89.9500,19.6485,-20.0000,35153.8467,2651.9361,879.4941,0.0000,0.0000,0.0000
89.9667,19.6479,-20.0000,35206.1825,2657.1038,879.4825,0.0000,0.0000,0.0000
89.9833,19.6474,-20.0000,35258.1700,2662.2070,879.4709,0.0000,0.0000,0.0000
90.0000,19.6469,-20.0000,35309.7409,2667.2478,879.4595,0.0000,0.0000,0.0000
90.0167,19.6464,-19.9900,35359.4194,2671.8747,879.2266,0.0000,0.0000,0.0000
90.0333,19.6459,-19.9800,35407.5407,2676.4469,878.9941,0.0000,0.0000,0.0000
90.0500,19.6455,-19.9700,35454.3551,2680.9638,878.7619,0.0000,0.0000,0.0000
90.0667,19.6450,-19.9600,35500.0505,2685.4254,878.5300,0.0000,0.0000,0.0000
90.0833,19.6446,-19.9500,35544.7682,2689.8317,878.2982,0.0000,0.0000,0.0000
90.1000,19.6441,-19.9400,35588.6149,2694.1830,878.0667,0.0000,0.0000,0.0000
90.1167,19.6437,-19.9300,35631.6716,2698.4796,877.8353,0.0000,0.0000,0.0000
90.1333,19.6433,-19.9200,35674.0003,2702.7221,877.6041,0.0000,0.0000,0.0000
90.1500,19.6428,-19.9100,35715.6492,2706.9110,877.3730,0.0000,0.0000,0.0000
90.1667,19.6424,-19.9000,35756.6554,2711.0467,877.1421,0.0000,0.0000,0.0000
90.1833,19.6420,-19.8900,35797.0487,2715.1301,876.9113,0.0000,0.0000,0.0000
90.2000,19.6416,-19.8800,35836.8529,2719.1616,876.6807,0.0000,0.0000,0.0000
90.2167,19.6412,-19.8700,35876.0873,2723.1418,876.4502,0.0000,0.0000,0.0000
90.2333,19.6409,-19.8600,35914.7683,2727.0716,876.2198,0.0000,0.0000,0.0000
90.2500,19.6405,-19.8500,35952.9095,2730.9514,875.9895,0.0000,0.0000,0.0000
90.2667,19.6401,-19.8400,35990.5230,2734.7820,875.7593,0.0000,0.0000,0.0000
90.2833,19.6397,-19.8300,36027.6193,2738.5640,875.5293,0.0000,0.0000,0.0000
90.3000,19.6394,-19.8200,36064.2079,2742.2979,875.2993,0.0000,0.0000,0.0000
90.3167,19.6390,-19.8100,36100.2976,2745.9846,875.0695,0.0000,0.0000,0.0000
90.3333,19.6386,-19.8000,36135.8964,2749.6245,874.8398,0.0000,0.0000,0.0000
90.3500,19.6383,-19.7900,36171.0121,2753.2183,874.6102,0.0000,0.0000,0.0000
90.3667,19.6379,-19.7800,36205.6518,2756.7666,874.3806,0.0000,0.0000,0.0000
90.3833,19.6376,-19.7700,36239.8225,2760.2700,874.1512,0.0000,0.0000,0.0000
90.4000,19.6373,-19.7600,36273.5308,2763.7291,873.9219,0.0000,0.0000,0.0000
90.4167,19.6369,-19.7500,36306.7833,2767.1445,873.6927,0.0000,0.0000,0.0000
90.4333,19.6366,-19.7400,36339.5863,2770.5168,873.4636,0.0000,0.0000,0.0000
90.4500,19.6363,-19.7300,36371.9459,2773.8465,873.2346,0.0000,0.0000,0.0000
90.4667,19.6360,-19.7200,36403.8681,2777.1342,873.0057,0.0000,0.0000,0.0000
90.4833,19.6356,-19.7100,36435.3589,2780.3805,872.7769,0.0000,0.0000,0.0000
90.5000,19.6353,-19.7000,36466.4240,2783.5859,872.5482,0.0000,0.0000,0.0000
90.5167,19.6350,-19.6900,36497.0692,2786.7509,872.3196,0.0000,0.0000,0.0000
90.5333,19.6347,-19.6800,36527.2999,2789.8762,872.0911,0.0000,0.0000,0.0000
90.5500,19.6344,-19.6700,36557.1217,2792.9620,871.8626,0.0000,0.0000,0.0000
90.5667,19.6341,-19.6600,36586.5401,2796.0091,871.6343,0.0000,0.0000,0.0000
90.5833,19.6338,-19.6500,36615.5602,2799.0180,871.4060,0.0000,0.0000,0.0000
90.6000,19.6336,-19.6400,36644.1874,2801.9890,871.1778,0.0000,0.0000,0.0000
90.6167,19.6333,-19.6300,36672.4268,2804.9227,870.9498,0.0000,0.0000,0.0000
90.6333,19.6330,-19.6200,36700.2834,2807.8196,870.7218,0.0000,0.0000,0.0000
90.6500,19.6327,-19.6100,36727.7622,2810.6802,870.4938,0.0000,0.0000,0.0000
90.6667,19.6325,-19.6000,36754.8682,2813.5049,870.2660,0.0000,0.0000,0.0000
90.6833,19.6322,-19.5900,36781.6062,2816.2942,870.0383,0.0000,0.0000,0.0000
90.7000,19.6319,-19.5800,36807.9809,2819.0485,869.8106,0.0000,0.0000,0.0000
90.7167,19.6317,-19.5700,36833.9970,2821.7684,869.5830,0.0000,0.0000,0.0000
90.7333,19.6314,-19.5600,36859.6591,2824.4541,869.3555,0.0000,0.0000,0.0000
90.7500,19.6312,-19.5500,36884.9717,2827.1062,869.1280,0.0000,0.0000,0.0000
90.7667,19.6309,-19.5400,36909.9393,2829.7251,868.9007,0.0000,0.0000,0.0000
90.7833,19.6307,-19.5300,36934.5663,2832.3112,868.6734,0.0000,0.0000,0.0000
90.8000,19.6304,-19.5200,36958.8571,2834.8649,868.4462,0.0000,0.0000,0.0000
90.8167,19.6302,-19.5100,36982.8157,2837.3866,868.2190,0.0000,0.0000,0.0000
90.8333,19.6299,-19.5000,37006.4465,2839.8767,867.9920,0.0000,0.0000,0.0000
90.8500,19.6297,-19.4900,37029.7536,2842.3357,867.7650,0.0000,0.0000,0.0000
90.8667,19.6295,-19.4800,37052.7409,2844.7638,867.5381,0.0000,0.0000,0.0000
90.8833,19.6292,-19.4700,37075.4126,2847.1615,867.3112,0.0000,0.0000,0.0000
90.9000,19.6290,-19.4600,37097.7724,2849.5292,867.0844,0.0000,0.0000,0.0000
90.9167,19.6288,-19.4500,37119.8243,2851.8672,866.8577,0.0000,0.0000,0.0000
90.9333,19.6286,-19.4400,37141.5721,2854.1758,866.6311,0.0000,0.0000,0.0000
90.9500,19.6284,-19.4300,37163.0195,2856.4555,866.4045,0.0000,0.0000,0.0000
90.9667,19.6282,-19.4200,37184.1701,2858.7066,866.1780,0.0000,0.0000,0.0000
90.9833,19.6279,-19.4100,37205.0277,2860.9294,865.9515,0.0000,0.0000,0.0000
91.0000,19.6277,-19.4000,37227.4994,2863.2938,865.7247,0.0000,0.0000,0.0000
91.0167,19.6275,-19.4100,37252.6596,2866.3357,865.9409,0.0000,0.0000,0.0000
91.0333,19.6272,-19.4200,37279.6935,2869.3403,866.1568,0.0000,0.0000,0.0000
91.0500,19.6269,-19.4300,37308.0140,2872.3117,866.3723,0.0000,0.0000,0.0000
91.0667,19.6267,-19.4400,37334.8843,2875.0927,866.5882,0.0000,0.0000,0.0000
91.0833,19.6264,-19.4500,37362.4605,2877.8475,866.8039,0.0000,0.0000,0.0000
91.1000,19.6261,-19.4600,37390.5069,2880.5781,867.0195,0.0000,0.0000,0.0000
91.1167,19.6258,-19.4700,37418.8509,2883.2864,867.2350,0.0000,0.0000,0.0000
91.1333,19.6255,-19.4800,37447.3669,2885.9739,867.4505,0.0000,0.0000,0.0000
91.1500,19.6252,-19.4900,37475.9639,2888.6421,867.6660,0.0000,0.0000,0.0000
91.1667,19.6250,-19.5000,37504.5764,2891.2921,867.8815,0.0000,0.0000,0.0000
91.1833,19.6247,-19.5100,37533.1583,2893.9251,868.0970,0.0000,0.0000,0.0000
91.2000,19.6244,-19.5200,37561.6772,2896.5420,868.3125,0.0000,0.0000,0.0000
91.2167,19.6241,-19.5300,37590.1112,2899.1438,868.5280,0.0000,0.0000,0.0000
91.2333,19.6238,-19.5400,37618.4459,2901.7313,868.7435,0.0000,0.0000,0.0000
91.2500,19.6235,-19.5500,37646.6727,2904.3054,868.9591,0.0000,0.0000,0.0000
91.2667,19.6233,-19.5600,37674.7869,2906.8669,869.1747,0.0000,0.0000,0.0000
91.2833,19.6230,-19.5700,37702.7865,2909.4163,869.3903,0.0000,0.0000,0.0000
91.3000,19.6227,-19.5800,37730.6720,2911.9543,869.6059,0.0000,0.0000,0.0000
91.3167,19.6224,-19.5900,37758.4449,2914.4816,869.8216,0.0000,0.0000,0.0000
91.3333,19.6221,-19.6000,37786.1079,2916.9987,870.0373,0.0000,0.0000,0.0000
91.3500,19.6219,-19.6100,37813.6643,2919.5061,870.2530,0.0000,0.0000,0.0000
91.3667,19.6216,-19.6200,37841.1178,2922.0044,870.4687,0.0000,0.0000,0.0000
91.3833,19.6213,-19.6300,37868.4722,2924.4938,870.6845,0.0000,0.0000,0.0000
91.4000,19.6210,-19.6400,37895.7313,2926.9750,870.9002,0.0000,0.0000,0.0000
91.4167,19.6208,-19.6500,37922.8993,2929.4481,871.1160,0.0000,0.0000,0.0000
91.4333,19.6205,-19.6600,37949.9797,2931.9137,871.3318,0.0000,0.0000,0.0000
91.4500,19.6202,-19.6700,37976.9763,2934.3720,871.5477,0.0000,0.0000,0.0000
91.4667,19.6200,-19.6800,38003.8926,2936.8233,871.7635,0.0000,0.0000,0.0000
91.4833,19.6197,-19.6900,38030.7319,2939.2678,871.9794,0.0000,0.0000,0.0000
91.5000,19.6194,-19.7000,38057.4973,2941.7060,872.1953,0.0000,0.0000,0.0000
91.5167,19.6192,-19.7100,38084.1916,2944.1378,872.4112,0.0000,0.0000,0.0000
91.5333,19.6189,-19.7200,38110.8177,2946.5637,872.6271,0.0000,0.0000,0.0000
91.5500,19.6186,-19.7300,38137.3779,2948.9837,872.8430,0.0000,0.0000,0.0000
91.5667,19.6184,-19.7400,38163.8745,2951.3981,873.0590,0.0000,0.0000,0.0000
91.5833,19.6181,-19.7500,38190.3097,2953.8069,873.2749,0.0000,0.0000,0.0000
91.6000,19.6178,-19.7600,38216.6855,2956.2103,873.4909,0.0000,0.0000,0.0000
91.6167,19.6176,-19.7700,38243.0034,2958.6085,873.7069,0.0000,0.0000,0.0000
91.6333,19.6173,-19.7800,38269.2653,2961.0016,873.9229,0.0000,0.0000,0.0000
91.6500,19.6170,-19.7900,38295.4723,2963.3896,874.1389,0.0000,0.0000,0.0000
91.6667,19.6168,-19.8000,38321.6260,2965.7726,874.3549,0.0000,0.0000,0.0000
91.6833,19.6165,-19.8100,38347.7273,2968.1508,874.5710,0.0000,0.0000,0.0000
91.7000,19.6163,-19.8200,38373.7773,2970.5241,874.7870,0.0000,0.0000,0.0000
91.7167,19.6160,-19.8300,38399.7770,2972.8926,875.0031,0.0000,0.0000,0.0000
91.7333,19.6157,-19.8400,38425.7270,2975.2564,875.2191,0.0000,0.0000,0.0000
91.7500,19.6155,-19.8500,38451.6281,2977.6155,875.4352,0.0000,0.0000,0.0000
91.7667,19.6152,-19.8600,38477.4808,2979.9699,875.6513,0.0000,0.0000,0.0000
91.7833,19.6150,-19.8700,38503.2856,2982.3197,875.8674,0.0000,0.0000,0.0000
91.8000,19.6147,-19.8800,38529.0429,2984.6648,876.0835,0.0000,0.0000,0.0000
91.8167,19.6145,-19.8900,38554.7531,2987.0054,876.2996,0.0000,0.0000,0.0000
91.8333,19.6142,-19.9000,38580.4163,2989.3412,876.5157,0.0000,0.0000,0.0000
91.8500,19.6139,-19.9100,38606.0328,2991.6725,876.7319,0.0000,0.0000,0.0000
91.8667,19.6137,-19.9200,38631.6027,2993.9991,876.9480,0.0000,0.0000,0.0000
91.8833,19.6134,-19.9300,38657.1260,2996.3210,877.1642,0.0000,0.0000,0.0000
91.9000,19.6132,-19.9400,38682.6027,2998.6383,877.3804,0.0000,0.0000,0.0000
91.9167,19.6129,-19.9500,38708.0328,3000.9509,877.5966,0.0000,0.0000,0.0000
91.9333,19.6127,-19.9600,38733.4162,3003.2588,877.8127,0.0000,0.0000,0.0000
91.9500,19.6124,-19.9700,38758.7528,3005.5620,878.0289,0.0000,0.0000,0.0000
91.9667,19.6122,-19.9800,38784.0424,3007.8604,878.2452,0.0000,0.0000,0.0000
91.9833,19.6119,-19.9900,38809.2849,3010.1540,878.4614,0.0000,0.0000,0.0000
92.0000,19.6117,-20.0000,38834.4800,3012.4428,878.6776,0.0000,0.0000,0.0000
92.0167,19.6114,-19.9900,38856.7687,3014.0196,878.4509,0.0000,0.0000,0.0000
92.0333,19.6112,-19.9800,38876.8848,3015.6004,878.2246,0.0000,0.0000,0.0000
92.0500,19.6110,-19.9700,38895.3715,3017.1822,877.9986,0.0000,0.0000,0.0000
92.0667,19.6109,-19.9600,38912.6308,3018.7625,877.7730,0.0000,0.0000,0.0000
92.0833,19.6107,-19.9500,38928.9593,3020.3391,877.5475,0.0000,0.0000,0.0000
92.1000,19.6106,-19.9400,38944.5756,3021.9105,877.3223,0.0000,0.0000,0.0000
92.1167,19.6104,-19.9300,38959.6397,3023.4749,877.0971,0.0000,0.0000,0.0000
92.1333,19.6103,-19.9200,38974.2686,3025.0309,876.8720,0.0000,0.0000,0.0000
92.1500,19.6101,-19.9100,38988.5468,3026.5775,876.6470,0.0000,0.0000,0.0000
92.1667,19.6100,-19.9000,39002.5354,3028.1133,876.4221,0.0000,0.0000,0.0000
92.1833,19.6098,-19.8900,39016.2774,3029.6375,876.1972,0.0000,0.0000,0.0000
92.2000,19.6097,-19.8800,39029.8031,3031.1491,875.9724,0.0000,0.0000,0.0000
92.2167,19.6096,-19.8700,39043.1332,3032.6474,875.7476,0.0000,0.0000,0.0000
92.2333,19.6094,-19.8600,39056.2814,3034.1316,875.5229,0.0000,0.0000,0.0000
92.2500,19.6093,-19.8500,39069.2563,3035.6010,875.2982,0.0000,0.0000,0.0000
92.2667,19.6092,-19.8400,39082.0630,3037.0550,875.0735,0.0000,0.0000,0.0000
92.2833,19.6091,-19.8300,39094.7039,3038.4932,874.8489,0.0000,0.0000,0.0000
92.3000,19.6089,-19.8200,39107.1797,3039.9150,874.6243,0.0000,0.0000,0.0000
92.3167,19.6088,-19.8100,39119.4899,3041.3200,874.3998,0.0000,0.0000,0.0000
92.3333,19.6087,-19.8000,39131.6330,3042.7078,874.1752,0.0000,0.0000,0.0000
92.3500,19.6086,-19.7900,39143.6072,3044.0782,873.9508,0.0000,0.0000,0.0000
92.3667,19.6084,-19.7800,39155.4105,3045.4307,873.7263,0.0000,0.0000,0.0000
92.3833,19.6083,-19.7700,39167.0405,3046.7653,873.5019,0.0000,0.0000,0.0000
92.4000,19.6082,-19.7600,39178.4952,3048.0816,873.2776,0.0000,0.0000,0.0000
92.4167,19.6081,-19.7500,39189.7723,3049.3794,873.0532,0.0000,0.0000,0.0000
92.4333,19.6080,-19.7400,39200.8699,3050.6587,872.8289,0.0000,0.0000,0.0000
92.4500,19.6079,-19.7300,39211.7863,3051.9193,872.6047,0.0000,0.0000,0.0000
92.4667,19.6078,-19.7200,39222.5198,3053.1610,872.3805,0.0000,0.0000,0.0000
92.4833,19.6077,-19.7100,39233.0691,3054.3839,872.1563,0.0000,0.0000,0.0000
92.5000,19.6076,-19.7000,39243.4331,3055.5878,871.9322,0.0000,0.0000,0.0000
92.5167,19.6075,-19.6900,39253.6107,3056.7728,871.7081,0.0000,0.0000,0.0000
92.5333,19.6074,-19.6800,39263.6013,3057.9388,871.4841,0.0000,0.0000,0.0000
92.5500,19.6073,-19.6700,39273.4043,3059.0859,871.2601,0.0000,0.0000,0.0000
92.5667,19.6072,-19.6600,39283.0195,3060.2141,871.0361,0.0000,0.0000,0.0000
92.5833,19.6071,-19.6500,39292.4468,3061.3233,870.8122,0.0000,0.0000,0.0000
92.6000,19.6070,-19.6400,39301.6861,3062.4138,870.5884,0.0000,0.0000,0.0000
92.6167,19.6069,-19.6300,39310.7377,3063.4855,870.3645,0.0000,0.0000,0.0000
92.6333,19.6068,-19.6200,39319.6019,3064.5386,870.1407,0.0000,0.0000,0.0000
92.6500,19.6067,-19.6100,39328.2794,3065.5731,869.9170,0.0000,0.0000,0.0000
92.6667,19.6066,-19.6000,39336.7707,3066.5891,869.6933,0.0000,0.0000,0.0000
92.6833,19.6065,-19.5900,39345.0766,3067.5868,869.4696,0.0000,0.0000,0.0000
92.7000,19.6065,-19.5800,39353.1981,3068.5663,869.2460,0.0000,0.0000,0.0000
92.7167,19.6064,-19.5700,39361.1361,3069.5277,869.0224,0.0000,0.0000,0.0000
92.7333,19.6063,-19.5600,39368.8917,3070.4712,868.7989,0.0000,0.0000,0.0000
92.7500,19.6062,-19.5500,39376.4661,3071.3969,868.5754,0.0000,0.0000,0.0000
92.7667,19.6062,-19.5400,39383.8607,3072.3049,868.3519,0.0000,0.0000,0.0000
92.7833,19.6061,-19.5300,39391.0767,3073.1954,868.1285,0.0000,0.0000,0.0000
92.8000,19.6060,-19.5200,39398.1155,3074.0687,867.9051,0.0000,0.0000,0.0000
92.8167,19.6060,-19.5100,39404.9787,3074.9247,867.6817,0.0000,0.0000,0.0000
92.8333,19.6059,-19.5000,39411.6677,3075.7638,867.4584,0.0000,0.0000,0.0000
92.8500,19.6058,-19.4900,39418.1841,3076.5861,867.2352,0.0000,0.0000,0.0000
92.8667,19.6058,-19.4800,39424.5296,3077.3917,867.0119,0.0000,0.0000,0.0000
92.8833,19.6057,-19.4700,39430.7058,3078.1809,866.7887,0.0000,0.0000,0.0000
92.9000,19.6056,-19.4600,39436.7143,3078.9537,866.5656,0.0000,0.0000,0.0000
92.9167,19.6056,-19.4500,39442.5569,3079.7105,866.3425,0.0000,0.0000,0.0000
92.9333,19.6055,-19.4400,39448.2354,3080.4513,866.1194,0.0000,0.0000,0.0000
92.9500,19.6055,-19.4300,39453.7514,3081.1764,865.8963,0.0000,0.0000,0.0000
92.9667,19.6054,-19.4200,39459.1068,3081.8860,865.6733,0.0000,0.0000,0.0000
92.9833,19.6054,-19.4100,39464.3033,3082.5802,865.4504,0.0000,0.0000,0.0000
93.0000,19.6053,-19.4000,39469.3427,3083.2591,865.2274,0.0000,0.0000,0.0000
93.0167,19.6053,-19.3917,39474.4650,3083.9820,865.0414,0.0000,0.0000,0.0000
93.0333,19.6052,-19.3833,39479.6108,3084.6892,864.8554,0.0000,0.0000,0.0000
93.0500,19.6052,-19.3750,39484.7359,3085.3811,864.6694,0.0000,0.0000,0.0000
93.0667,19.6051,-19.3667,39489.8076,3086.0577,864.4835,0.0000,0.0000,0.0000
93.0833,19.6051,-19.3583,39494.8014,3086.7191,864.2975,0.0000,0.0000,0.0000
93.1000,19.6050,-19.3500,39499.6990,3087.3652,864.1116,0.0000,0.0000,0.0000
93.1167,19.6050,-19.3417,39504.4865,3087.9962,863.9256,0.0000,0.0000,0.0000
93.1333,19.6049,-19.3333,39509.1530,3088.6117,863.7398,0.0000,0.0000,0.0000
93.1500,19.6049,-19.3250,39513.6903,3089.2118,863.5539,0.0000,0.0000,0.0000
93.1667,19.6048,-19.3167,39516.8321,3089.5954,863.3684,0.0000,0.0000,0.0000
93.1833,19.6048,-19.3083,39519.7336,3089.9700,863.1829,0.0000,0.0000,0.0000
93.2000,19.6048,-19.3000,39522.4236,3090.3355,862.9974,0.0000,0.0000,0.0000
93.2167,19.6048,-19.2917,39524.9247,3090.6918,862.8120,0.0000,0.0000,0.0000
93.2333,19.6047,-19.2833,39527.2553,3091.0386,862.6266,0.0000,0.0000,0.0000
93.2500,19.6047,-19.2750,39529.4297,3091.3760,862.4413,0.0000,0.0000,0.0000
93.2667,19.6047,-19.2667,39531.4594,3091.7037,862.2560,0.0000,0.0000,0.0000
93.2833,19.6047,-19.2583,39533.3535,3092.0217,862.0707,0.0000,0.0000,0.0000
93.3000,19.6046,-19.2500,39535.1192,3092.3298,861.8855,0.0000,0.0000,0.0000
93.3167,19.6046,-19.2417,39536.7620,3092.6280,861.7003,0.0000,0.0000,0.0000
93.3333,19.6046,-19.2333,39539.0171,3093.0895,861.5149,0.0000,0.0000,0.0000
93.3500,19.6046,-19.2250,39540.6095,3093.3637,861.3297,0.0000,0.0000,0.0000
93.3667,19.6046,-19.2167,39542.7414,3093.7944,861.1444,0.0000,0.0000,0.0000
93.3833,19.6046,-19.2083,39544.9097,3094.2071,860.9590,0.0000,0.0000,0.0000
93.4000,19.6045,-19.2000,39547.0613,3094.6020,860.7737,0.0000,0.0000,0.0000
93.4167,19.6045,-19.1917,39549.1566,3094.9794,860.5884,0.0000,0.0000,0.0000
93.4333,19.6045,-19.1833,39551.1662,3095.3393,860.4031,0.0000,0.0000,0.0000
93.4500,19.6045,-19.1750,39553.0686,3095.6819,860.2178,0.0000,0.0000,0.0000
93.4667,19.6045,-19.1667,39554.8478,3096.0074,860.0326,0.0000,0.0000,0.0000
93.4833,19.6044,-19.1583,39556.4924,3096.3159,859.8474,0.0000,0.0000,0.0000
93.5000,19.6044,-19.1500,39557.9944,3096.6077,859.6622,0.0000,0.0000,0.0000
93.5167,19.6044,-19.1417,39559.3480,3096.8829,859.4770,0.0000,0.0000,0.0000
93.5333,19.6044,-19.1333,39560.5496,3097.1417,859.2919,0.0000,0.0000,0.0000
93.5500,19.6044,-19.1250,39561.5968,3097.3844,859.1068,0.0000,0.0000,0.0000
93.5667,19.6044,-19.1167,39562.4885,3097.6112,858.9218,0.0000,0.0000,0.0000
93.5833,19.6044,-19.1083,39563.2241,3097.8221,858.7367,0.0000,0.0000,0.0000
93.6000,19.6044,-19.1000,39563.8039,3098.0175,858.5518,0.0000,0.0000,0.0000
93.6167,19.6044,-19.0917,39564.2283,3098.1975,858.3668,0.0000,0.0000,0.0000
93.6333,19.6044,-19.0833,39564.4983,3098.3623,858.1819,0.0000,0.0000,0.0000
93.6500,19.6044,-19.0750,39564.6151,3098.5121,857.9970,0.0000,0.0000,0.0000
93.6667,19.6044,-19.0667,39564.5800,3098.6471,857.8122,0.0000,0.0000,0.0000
93.6833,19.6044,-19.0583,39564.3944,3098.7675,857.6274,0.0000,0.0000,0.0000
93.7000,19.6044,-19.0500,39564.0598,3098.8733,857.4426,0.0000,0.0000,0.0000
93.7167,19.6044,-19.0417,39563.5777,3098.9649,857.2579,0.0000,0.0000,0.0000
93.7333,19.6044,-19.0333,39562.9498,3099.0423,857.0731,0.0000,0.0000,0.0000
93.7500,19.6044,-19.0250,39562.1777,3099.1058,856.8885,0.0000,0.0000,0.0000
93.7667,19.6044,-19.0167,39561.2629,3099.1554,856.7038,0.0000,0.0000,0.0000
93.7833,19.6044,-19.0083,39560.2071,3099.1915,856.5192,0.0000,0.0000,0.0000
93.8000,19.6044,-19.0000,39559.0117,3099.2140,856.3346,0.0000,0.0000,0.0000
93.8167,19.6044,-18.9917,39557.6785,3099.2231,856.1500,0.0000,0.0000,0.0000
93.8333,19.6044,-18.9833,39556.2088,3099.2190,855.9655,0.0000,0.0000,0.0000
93.8500,19.6045,-18.9750,39554.6041,3099.2019,855.7810,0.0000,0.0000,0.0000
93.8667,19.6045,-18.9667,39552.8659,3099.1718,855.5966,0.0000,0.0000,0.0000
93.8833,19.6045,-18.9583,39550.9957,3099.1289,855.4121,0.0000,0.0000,0.0000
93.9000,19.6045,-18.9500,39548.9947,3099.0734,855.2277,0.0000,0.0000,0.0000
93.9167,19.6045,-18.9417,39546.8643,3099.0052,855.0433,0.0000,0.0000,0.0000
93.9333,19.6046,-18.9333,39544.6058,3098.9247,854.8590,0.0000,0.0000,0.0000
93.9500,19.6046,-18.9250,39542.2205,3098.8318,854.6747,0.0000,0.0000,0.0000
93.9667,19.6046,-18.9167,39539.7095,3098.7266,854.4904,0.0000,0.0000,0.0000
93.9833,19.6046,-18.9083,39537.0741,3098.6094,854.3061,0.0000,0.0000,0.0000
94.0000,19.6047,-18.9000,39534.3153,3098.4801,854.1218,0.0000,0.0000,0.0000
94.0167,19.6047,-18.9000,39532.6262,3098.6339,854.1222,0.0000,0.0000,0.0000
94.0333,19.6047,-18.9000,39531.7027,3098.7725,854.1224,0.0000,0.0000,0.0000
94.0500,19.6047,-18.9000,39531.3199,3098.8974,854.1225,0.0000,0.0000,0.0000
94.0667,19.6047,-18.9000,39531.3121,3099.0097,854.1225,0.0000,0.0000,0.0000
94.0833,19.6047,-18.9000,39531.5577,3099.1106,854.1225,0.0000,0.0000,0.0000
94.1000,19.6047,-18.9000,39531.9682,3099.2013,854.1224,0.0000,0.0000,0.0000
94.1167,19.6047,-18.9000,39532.4795,3099.2829,854.1223,0.0000,0.0000,0.0000
94.1333,19.6047,-18.9000,39532.8918,3099.3372,854.1222,0.0000,0.0000,0.0000
94.1500,19.6047,-18.9000,39533.3213,3099.3878,854.1221,0.0000,0.0000,0.0000
94.1667,19.6047,-18.9000,39533.7579,3099.4347,854.1220,0.0000,0.0000,0.0000
94.1833,19.6047,-18.9000,39534.1937,3099.4784,854.1219,0.0000,0.0000,0.0000
94.2000,19.6047,-18.9000,39534.6232,3099.5189,854.1218,0.0000,0.0000,0.0000
94.2167,19.6046,-18.9000,39535.0424,3099.5568,854.1217,0.0000,0.0000,0.0000
94.2333,19.6046,-18.9000,39535.4487,3099.5922,854.1216,0.0000,0.0000,0.0000
94.2500,19.6046,-18.9000,39535.8405,3099.6255,854.1215,0.0000,0.0000,0.0000
94.2667,19.6046,-18.9000,39536.2172,3099.6570,854.1214,0.0000,0.0000,0.0000
94.2833,19.6046,-18.9000,39536.5789,3099.6870,854.1213,0.0000,0.0000,0.0000
94.3000,19.6046,-18.9000,39536.9260,3099.7157,854.1213,0.0000,0.0000,0.0000
94.3167,19.6046,-18.9000,39537.2594,3099.7434,854.1212,0.0000,0.0000,0.0000
94.3333,19.6046,-18.9000,39537.5803,3099.7703,854.1211,0.0000,0.0000,0.0000
94.3500,19.6046,-18.9000,39537.8901,3099.7967,854.1211,0.0000,0.0000,0.0000
94.3667,19.6046,-18.9000,39538.1902,3099.8227,854.1210,0.0000,0.0000,0.0000
94.3833,19.6046,-18.9000,39538.4823,3099.8486,854.1209,0.0000,0.0000,0.0000
94.4000,19.6046,-18.9000,39538.7679,3099.8745,854.1209,0.0000,0.0000,0.0000
94.4167,19.6046,-18.9000,39539.0488,3099.9006,854.1208,0.0000,0.0000,0.0000
94.4333,19.6046,-18.9000,39539.3265,3099.9271,854.1207,0.0000,0.0000,0.0000
94.4500,19.6046,-18.9000,39539.6026,3099.9540,854.1207,0.0000,0.0000,0.0000
94.4667,19.6046,-18.9000,39539.8788,3099.9817,854.1206,0.0000,0.0000,0.0000
94.4833,19.6046,-18.9000,39540.1564,3100.0101,854.1206,0.0000,0.0000,0.0000
94.5000,19.6046,-18.9000,39540.4370,3100.0394,854.1205,0.0000,0.0000,0.0000
94.5167,19.6046,-18.9000,39540.7219,3100.0697,854.1204,0.0000,0.0000,0.0000
94.5333,19.6046,-18.9000,39541.0124,3100.1011,854.1204,0.0000,0.0000,0.0000
94.5500,19.6046,-18.9000,39541.3098,3100.1337,854.1203,0.0000,0.0000,0.0000
94.5667,19.6046,-18.9000,39541.6152,3100.1676,854.1202,0.0000,0.0000,0.0000
94.5833,19.6046,-18.9000,39541.9297,3100.2029,854.1202,0.0000,0.0000,0.0000
94.6000,19.6046,-18.9000,39542.2543,3100.2396,854.1201,0.0000,0.0000,0.0000
94.6167,19.6046,-18.9000,39542.5899,3100.2778,854.1200,0.0000,0.0000,0.0000
94.6333,19.6046,-18.9000,39542.9375,3100.3176,854.1199,0.0000,0.0000,0.0000
94.6500,19.6046,-18.9000,39543.2978,3100.3590,854.1199,0.0000,0.0000,0.0000
94.6667,19.6046,-18.9000,39543.6716,3100.4021,854.1198,0.0000,0.0000,0.0000
94.6833,19.6046,-18.9000,39544.0596,3100.4468,854.1197,0.0000,0.0000,0.0000
94.7000,19.6046,-18.9000,39544.4623,3100.4933,854.1196,0.0000,0.0000,0.0000
94.7167,19.6046,-18.9000,39544.8804,3100.5416,854.1195,0.0000,0.0000,0.0000
94.7333,19.6045,-18.9000,39545.3144,3100.5917,854.1194,0.0000,0.0000,0.0000
94.7500,19.6045,-18.9000,39545.7646,3100.6436,854.1193,0.0000,0.0000,0.0000
94.7667,19.6045,-18.9000,39546.2316,3100.6973,854.1192,0.0000,0.0000,0.0000
94.7833,19.6045,-18.9000,39546.7156,3100.7529,854.1191,0.0000,0.0000,0.0000
94.8000,19.6045,-18.9000,39547.2170,3100.8104,854.1190,0.0000,0.0000,0.0000
94.8167,19.6045,-18.9000,39547.7361,3100.8697,854.1189,0.0000,0.0000,0.0000
94.8333,19.6045,-18.9000,39548.2731,3100.9310,854.1188,0.0000,0.0000,0.0000
94.8500,19.6045,-18.9000,39548.8281,3100.9941,854.1186,0.0000,0.0000,0.0000
94.8667,19.6045,-18.9000,39549.4013,3101.0592,854.1185,0.0000,0.0000,0.0000
94.8833,19.6045,-18.9000,39549.9929,3101.1261,854.1184,0.0000,0.0000,0.0000
94.9000,19.6045,-18.9000,39550.6029,3101.1949,854.1182,0.0000,0.0000,0.0000
94.9167,19.6045,-18.9000,39551.2313,3101.2655,854.1181,0.0000,0.0000,0.0000
94.9333,19.6045,-18.9000,39551.8783,3101.3381,854.1180,0.0000,0.0000,0.0000
94.9500,19.6045,-18.9000,39552.5437,3101.4125,854.1178,0.0000,0.0000,0.0000
94.9667,19.6045,-18.9000,39553.2276,3101.4887,854.1177,0.0000,0.0000,0.0000
94.9833,19.6045,-18.9000,39553.9300,3101.5667,854.1175,0.0000,0.0000,0.0000
95.0000,19.6045,-18.9000,39554.9985,3101.6806,854.1173,0.0000,0.0000,0.0000
95.0167,19.6045,-18.8817,39553.3798,3101.1408,853.7109,0.0000,0.0000,0.0000
95.0333,19.6045,-18.8633,39549.8431,3100.6132,853.3051,0.0000,0.0000,0.0000
95.0500,19.6046,-18.8450,39544.8905,3100.0955,852.8995,0.0000,0.0000,0.0000
95.0667,19.6046,-18.8267,39538.8938,3099.5856,852.4941,0.0000,0.0000,0.0000
95.0833,19.6047,-18.8083,39532.1279,3099.0817,852.0890,0.0000,0.0000,0.0000
95.1000,19.6048,-18.7900,39524.7953,3098.5822,851.6839,0.0000,0.0000,0.0000
95.1167,19.6048,-18.7717,39517.0451,3098.0858,851.2790,0.0000,0.0000,0.0000
95.1333,19.6049,-18.7533,39508.9864,3097.5916,850.8741,0.0000,0.0000,0.0000
95.1500,19.6050,-18.7350,39500.6990,3097.0986,850.4692,0.0000,0.0000,0.0000
95.1667,19.6051,-18.7167,39492.2413,3096.6061,850.0644,0.0000,0.0000,0.0000
95.1833,19.6052,-18.6983,39483.6554,3096.1135,849.6597,0.0000,0.0000,0.0000
95.2000,19.6053,-18.6800,39474.9717,3095.6203,849.2549,0.0000,0.0000,0.0000
95.2167,19.6053,-18.6617,39466.2121,3095.1261,848.8502,0.0000,0.0000,0.0000
95.2333,19.6054,-18.6433,39457.3921,3094.6305,848.4455,0.0000,0.0000,0.0000
95.2500,19.6055,-18.6250,39448.5224,3094.1331,848.0407,0.0000,0.0000,0.0000
95.2667,19.6056,-18.6067,39439.6104,3093.6338,847.6360,0.0000,0.0000,0.0000
95.2833,19.6057,-18.5883,39430.6611,3093.1322,847.2314,0.0000,0.0000,0.0000
95.3000,19.6058,-18.5700,39421.6773,3092.6280,846.8267,0.0000,0.0000,0.0000
95.3167,19.6059,-18.5517,39412.6609,3092.1211,846.4220,0.0000,0.0000,0.0000
95.3333,19.6060,-18.5333,39403.6126,3091.6112,846.0173,0.0000,0.0000,0.0000
95.3500,19.6061,-18.5150,39394.5323,3091.0981,845.6127,0.0000,0.0000,0.0000
95.3667,19.6061,-18.4967,39385.4197,3090.5816,845.2080,0.0000,0.0000,0.0000
95.3833,19.6062,-18.4783,39376.2739,3090.0615,844.8034,0.0000,0.0000,0.0000
95.4000,19.6063,-18.4600,39367.0938,3089.5377,844.3987,0.0000,0.0000,0.0000
95.4167,19.6064,-18.4417,39357.8783,3089.0099,843.9941,0.0000,0.0000,0.0000
95.4333,19.6065,-18.4233,39348.6260,3088.4781,843.5895,0.0000,0.0000,0.0000
95.4500,19.6066,-18.4050,39339.3355,3087.9420,843.1849,0.0000,0.0000,0.0000
95.4667,19.6067,-18.3867,39330.0054,3087.4015,842.7803,0.0000,0.0000,0.0000
95.4833,19.6068,-18.3683,39320.6344,3086.8565,842.3757,0.0000,0.0000,0.0000
95.5000,19.6069,-18.3500,39311.2210,3086.3068,841.9711,0.0000,0.0000,0.0000
95.5167,19.6070,-18.3317,39301.7639,3085.7523,841.5665,0.0000,0.0000,0.0000
95.5333,19.6071,-18.3133,39292.2618,3085.1929,841.1619,0.0000,0.0000,0.0000
95.5500,19.6072,-18.2950,39282.7133,3084.6285,840.7574,0.0000,0.0000,0.0000
95.5667,19.6073,-18.2767,39273.1172,3084.0589,840.3528,0.0000,0.0000,0.0000
95.5833,19.6074,-18.2583,39263.4724,3083.4840,839.9483,0.0000,0.0000,0.0000
95.6000,19.6075,-18.2400,39253.7777,3082.9039,839.5438,0.0000,0.0000,0.0000
95.6167,19.6076,-18.2217,39244.0320,3082.3182,839.1392,0.0000,0.0000,0.0000
95.6333,19.6077,-18.2033,39234.2343,3081.7271,838.7347,0.0000,0.0000,0.0000
95.6500,19.6078,-18.1850,39224.3836,3081.1303,838.3303,0.0000,0.0000,0.0000
95.6667,19.6079,-18.1667,39214.4790,3080.5279,837.9258,0.0000,0.0000,0.0000
95.6833,19.6080,-18.1483,39204.5196,3079.9197,837.5213,0.0000,0.0000,0.0000
95.7000,19.6081,-18.1300,39194.5045,3079.3056,837.1169,0.0000,0.0000,0.0000
95.7167,19.6082,-18.1117,39184.4329,3078.6857,836.7124,0.0000,0.0000,0.0000
95.7333,19.6083,-18.0933,39174.3042,3078.0598,836.3080,0.0000,0.0000,0.0000
95.7500,19.6084,-18.0750,39164.1176,3077.4279,835.9036,0.0000,0.0000,0.0000
95.7667,19.6085,-18.0567,39153.8724,3076.7899,835.4992,0.0000,0.0000,0.0000
95.7833,19.6086,-18.0383,39143.5680,3076.1458,835.0948,0.0000,0.0000,0.0000
95.8000,19.6087,-18.0200,39133.2039,3075.4955,834.6904,0.0000,0.0000,0.0000
95.8167,19.6088,-18.0017,39122.7795,3074.8390,834.2860,0.0000,0.0000,0.0000
95.8333,19.6089,-17.9833,39112.2943,3074.1763,833.8817,0.0000,0.0000,0.0000
95.8500,19.6090,-17.9650,39101.7478,3073.5072,833.4774,0.0000,0.0000,0.0000
95.8667,19.6091,-17.9467,39091.1395,3072.8319,833.0730,0.0000,0.0000,0.0000
95.8833,19.6092,-17.9283,39080.4691,3072.1502,832.6687,0.0000,0.0000,0.0000
95.9000,19.6093,-17.9100,39069.7362,3071.4621,832.2644,0.0000,0.0000,0.0000
95.9167,19.6094,-17.8917,39058.9405,3070.7676,831.8601,0.0000,0.0000,0.0000
95.9333,19.6095,-17.8733,39048.0815,3070.0667,831.4559,0.0000,0.0000,0.0000
95.9500,19.6096,-17.8550,39037.1590,3069.3593,831.0516,0.0000,0.0000,0.0000
95.9667,19.6097,-17.8367,39026.1727,3068.6455,830.6474,0.0000,0.0000,0.0000
95.9833,19.6098,-17.8183,39015.1224,3067.9251,830.2432,0.0000,0.0000,0.0000
96.0000,19.6100,-17.8000,39004.0078,3067.1982,829.8390,0.0000,0.0000,0.0000
96.0167,19.6100,-17.8083,38998.3682,3067.4286,830.0251,0.0000,0.0000,0.0000
96.0333,19.6101,-17.8167,38994.5798,3067.6485,830.2108,0.0000,0.0000,0.0000
96.0500,19.6101,-17.8250,38992.2714,3067.8595,830.3961,0.0000,0.0000,0.0000
96.0667,19.6101,-17.8333,38991.1453,3068.0629,830.5812,0.0000,0.0000,0.0000
96.0833,19.6101,-17.8417,38990.9630,3068.2598,830.7661,0.0000,0.0000,0.0000
96.1000,19.6101,-17.8500,38991.5334,3068.4511,830.9508,0.0000,0.0000,0.0000
96.1167,19.6101,-17.8583,38992.7036,3068.6378,831.1354,0.0000,0.0000,0.0000
96.1333,19.6101,-17.8667,38994.3513,3068.8205,831.3199,0.0000,0.0000,0.0000
96.1500,19.6100,-17.8750,38996.3788,3068.9999,831.5043,0.0000,0.0000,0.0000
96.1667,19.6100,-17.8833,38998.7083,3069.1765,831.6887,0.0000,0.0000,0.0000
96.1833,19.6100,-17.8917,39001.2775,3069.3509,831.8729,0.0000,0.0000,0.0000
96.2000,19.6100,-17.9000,39004.0372,3069.5233,832.0572,0.0000,0.0000,0.0000
96.2167,19.6099,-17.9083,39006.9482,3069.6943,832.2414,0.0000,0.0000,0.0000
96.2333,19.6099,-17.9167,39009.9793,3069.8642,832.4256,0.0000,0.0000,0.0000
96.2500,19.6099,-17.9250,39013.1060,3070.0333,832.6097,0.0000,0.0000,0.0000
96.2667,19.6098,-17.9333,39016.3092,3070.2018,832.7939,0.0000,0.0000,0.0000
96.2833,19.6098,-17.9417,39019.5736,3070.3701,832.9780,0.0000,0.0000,0.0000
96.3000,19.6098,-17.9500,39022.8874,3070.5383,833.1621,0.0000,0.0000,0.0000
96.3167,19.6097,-17.9583,39026.2415,3070.7066,833.3462,0.0000,0.0000,0.0000
96.3333,19.6097,-17.9667,39029.6287,3070.8752,833.5303,0.0000,0.0000,0.0000
96.3500,19.6097,-17.9750,39033.0438,3071.0444,833.7144,0.0000,0.0000,0.0000
96.3667,19.6096,-17.9833,39036.4825,3071.2141,833.8985,0.0000,0.0000,0.0000
96.3833,19.6096,-17.9917,39039.9419,3071.3846,834.0826,0.0000,0.0000,0.0000
96.4000,19.6096,-18.0000,39043.4196,3071.5560,834.2667,0.0000,0.0000,0.0000
96.4167,19.6095,-18.0083,39046.9140,3071.7284,834.4507,0.0000,0.0000,0.0000
96.4333,19.6095,-18.0167,39050.4239,3071.9018,834.6348,0.0000,0.0000,0.0000
96.4500,19.6095,-18.0250,39053.9486,3072.0764,834.8189,0.0000,0.0000,0.0000
96.4667,19.6094,-18.0333,39057.4876,3072.2521,835.0030,0.0000,0.0000,0.0000
96.4833,19.6094,-18.0417,39061.0405,3072.4291,835.1870,0.0000,0.0000,0.0000
96.5000,19.6094,-18.0500,39064.6071,3072.6074,835.3711,0.0000,0.0000,0.0000
96.5167,19.6093,-18.0583,39068.1874,3072.7871,835.5551,0.0000,0.0000,0.0000
96.5333,19.6093,-18.0667,39071.7813,3072.9681,835.7392,0.0000,0.0000,0.0000
96.5500,19.6092,-18.0750,39075.3889,3073.1505,835.9233,0.0000,0.0000,0.0000
96.5667,19.6092,-18.0833,39079.0101,3073.3342,836.1073,0.0000,0.0000,0.0000
96.5833,19.6092,-18.0917,39082.6451,3073.5194,836.2913,0.0000,0.0000,0.0000
96.6000,19.6091,-18.1000,39086.2937,3073.7059,836.4754,0.0000,0.0000,0.0000
96.6167,19.6091,-18.1083,39089.9560,3073.8937,836.6594,0.0000,0.0000,0.0000
96.6333,19.6091,-18.1167,39093.6319,3074.0829,836.8435,0.0000,0.0000,0.0000
96.6500,19.6090,-18.1250,39097.3212,3074.2734,837.0275,0.0000,0.0000,0.0000
96.6667,19.6090,-18.1333,39101.0237,3074.4651,837.2115,0.0000,0.0000,0.0000
96.6833,19.6090,-18.1417,39104.7393,3074.6580,837.3956,0.0000,0.0000,0.0000
96.7000,19.6089,-18.1500,39108.4675,3074.8521,837.5796,0.0000,0.0000,0.0000
96.7167,19.6089,-18.1583,39112.2081,3075.0472,837.7636,0.0000,0.0000,0.0000
96.7333,19.6088,-18.1667,39115.9607,3075.2434,837.9476,0.0000,0.0000,0.0000
96.7500,19.6088,-18.1750,39119.7246,3075.4405,838.1316,0.0000,0.0000,0.0000
96.7667,19.6088,-18.1833,39123.4993,3075.6385,838.3157,0.0000,0.0000,0.0000
96.7833,19.6087,-18.1917,39127.2843,3075.8372,838.4997,0.0000,0.0000,0.0000
96.8000,19.6087,-18.2000,39131.0787,3076.0365,838.6837,0.0000,0.0000,0.0000
96.8167,19.6087,-18.2083,39134.8818,3076.2364,838.8677,0.0000,0.0000,0.0000
96.8333,19.6086,-18.2167,39138.6927,3076.4367,839.0517,0.0000,0.0000,0.0000
96.8500,19.6086,-18.2250,39142.5104,3076.6373,839.2357,0.0000,0.0000,0.0000
96.8667,19.6085,-18.2333,39146.3338,3076.8380,839.4197,0.0000,0.0000,0.0000
96.8833,19.6085,-18.2417,39150.1618,3077.0386,839.6037,0.0000,0.0000,0.0000
96.9000,19.6085,-18.2500,39153.9930,3077.2391,839.7877,0.0000,0.0000,0.0000
96.9167,19.6084,-18.2583,39157.8259,3077.4390,839.9717,0.0000,0.0000,0.0000
96.9333,19.6084,-18.2667,39161.6589,3077.6383,840.1557,0.0000,0.0000,0.0000
96.9500,19.6083,-18.2750,39165.4903,3077.8367,840.3397,0.0000,0.0000,0.0000
96.9667,19.6083,-18.2833,39169.3179,3078.0338,840.5237,0.0000,0.0000,0.0000
96.9833,19.6083,-18.2917,39173.1394,3078.2293,840.7077,0.0000,0.0000,0.0000
97.0000,19.6082,-18.3000,39178.3583,3078.3835,840.8914,0.0000,0.0000,0.0000
97.0167,19.6082,-18.2633,39176.1924,3076.9392,840.0786,0.0000,0.0000,0.0000
97.0333,19.6083,-18.2267,39168.6412,3075.5075,839.2669,0.0000,0.0000,0.0000
97.0500,19.6084,-18.1900,39157.1461,3074.0785,838.4561,0.0000,0.0000,0.0000
97.0667,19.6086,-18.1533,39143.6661,3072.6366,837.6457,0.0000,0.0000,0.0000
97.0833,19.6087,-18.1167,39127.9640,3071.2099,836.8359,0.0000,0.0000,0.0000
97.1000,19.6089,-18.0800,39110.6656,3069.8067,836.0263,0.0000,0.0000,0.0000
97.1167,19.6091,-18.0433,39092.2132,3068.4219,835.2171,0.0000,0.0000,0.0000
97.1333,19.6093,-18.0067,39072.9316,3067.0523,834.4080,0.0000,0.0000,0.0000
97.1500,19.6095,-17.9700,39053.0587,3065.6954,833.5991,0.0000,0.0000,0.0000
97.1667,19.6097,-17.9333,39032.7681,3064.3490,832.7902,0.0000,0.0000,0.0000
97.1833,19.6099,-17.8967,39012.1850,3063.0112,831.9814,0.0000,0.0000,0.0000
97.2000,19.6101,-17.8600,38991.3993,3061.6803,831.1727,0.0000,0.0000,0.0000
97.2167,19.6103,-17.8233,38970.4746,3060.3546,830.3640,0.0000,0.0000,0.0000
97.2333,19.6105,-17.7867,38949.4547,3059.0325,829.5553,0.0000,0.0000,0.0000
97.2500,19.6107,-17.7500,38928.3692,3057.7129,828.7466,0.0000,0.0000,0.0000
97.2667,19.6109,-17.7133,38907.2369,3056.3942,827.9380,0.0000,0.0000,0.0000
97.2833,19.6111,-17.6767,38886.0692,3055.0753,827.1293,0.0000,0.0000,0.0000
97.3000,19.6114,-17.6400,38864.8716,3053.7551,826.3206,0.0000,0.0000,0.0000
97.3167,19.6116,-17.6033,38843.6455,3052.4325,825.5120,0.0000,0.0000,0.0000
97.3333,19.6118,-17.5667,38822.3897,3051.1064,824.7034,0.0000,0.0000,0.0000
97.3500,19.6120,-17.5300,38801.1007,3049.7760,823.8947,0.0000,0.0000,0.0000
97.3667,19.6122,-17.4933,38779.7739,3048.4404,823.0861,0.0000,0.0000,0.0000
97.3833,19.6124,-17.4567,38758.4036,3047.0986,822.2775,0.0000,0.0000,0.0000
97.4000,19.6126,-17.4200,38736.9837,3045.7500,821.4689,0.0000,0.0000,0.0000
97.4167,19.6128,-17.3833,38715.5077,3044.3939,820.6603,0.0000,0.0000,0.0000
97.4333,19.6131,-17.3467,38693.9691,3043.0294,819.8518,0.0000,0.0000,0.0000
97.4500,19.6133,-17.3100,38672.3613,3041.6561,819.0432,0.0000,0.0000,0.0000
97.4667,19.6135,-17.2733,38650.6781,3040.2732,818.2347,0.0000,0.0000,0.0000
97.4833,19.6137,-17.2367,38628.9133,3038.8803,817.4261,0.0000,0.0000,0.0000
97.5000,19.6139,-17.2000,38607.0609,3037.4768,816.6176,0.0000,0.0000,0.0000
97.5167,19.6141,-17.1633,38585.1153,3036.0622,815.8091,0.0000,0.0000,0.0000
97.5333,19.6144,-17.1267,38563.0712,3034.6362,815.0007,0.0000,0.0000,0.0000
97.5500,19.6146,-17.0900,38540.9236,3033.1982,814.1922,0.0000,0.0000,0.0000
97.5667,19.6148,-17.0533,38518.6678,3031.7480,813.3838,0.0000,0.0000,0.0000
97.5833,19.6150,-17.0167,38496.2992,3030.2851,812.5754,0.0000,0.0000,0.0000
97.6000,19.6153,-16.9800,38473.8140,3028.8093,811.7671,0.0000,0.0000,0.0000
97.6167,19.6155,-16.9433,38451.2082,3027.3202,810.9587,0.0000,0.0000,0.0000
97.6333,19.6157,-16.9067,38428.4784,3025.8177,810.1504,0.0000,0.0000,0.0000
97.6500,19.6159,-16.8700,38405.6214,3024.3014,809.3422,0.0000,0.0000,0.0000
97.6667,19.6162,-16.8333,38382.6342,3022.7712,808.5339,0.0000,0.0000,0.0000
97.6833,19.6164,-16.7967,38359.5142,3021.2269,807.7257,0.0000,0.0000,0.0000
97.7000,19.6166,-16.7600,38336.2589,3019.6683,806.9175,0.0000,0.0000,0.0000
97.7167,19.6169,-16.7233,38312.8663,3018.0952,806.1093,0.0000,0.0000,0.0000
97.7333,19.6171,-16.6867,38289.3343,3016.5076,805.3012,0.0000,0.0000,0.0000
97.7500,19.6173,-16.6500,38265.6613,3014.9054,804.4931,0.0000,0.0000,0.0000
97.7667,19.6176,-16.6133,38241.8457,3013.2884,803.6850,0.0000,0.0000,0.0000
97.7833,19.6178,-16.5767,38217.8863,3011.6566,802.8770,0.0000,0.0000,0.0000
97.8000,19.6181,-16.5400,38193.7820,3010.0099,802.0690,0.0000,0.0000,0.0000
97.8167,19.6183,-16.5033,38169.5318,3008.3484,801.2610,0.0000,0.0000,0.0000
97.8333,19.6185,-16.4667,38145.1350,3006.6719,800.4531,0.0000,0.0000,0.0000
97.8500,19.6188,-16.4300,38120.5910,3004.9805,799.6452,0.0000,0.0000,0.0000
97.8667,19.6190,-16.3933,38095.8994,3003.2741,798.8373,0.0000,0.0000,0.0000
97.8833,19.6193,-16.3567,38071.0598,3001.5529,798.0295,0.0000,0.0000,0.0000
97.9000,19.6195,-16.3200,38046.0723,2999.8168,797.2216,0.0000,0.0000,0.0000
97.9167,19.6198,-16.2833,38020.9367,2998.0658,796.4139,0.0000,0.0000,0.0000
97.9333,19.6200,-16.2467,37995.6532,2996.3001,795.6061,0.0000,0.0000,0.0000
97.9500,19.6203,-16.2100,37970.2219,2994.5196,794.7984,0.0000,0.0000,0.0000
97.9667,19.6206,-16.1733,37944.6433,2992.7244,793.9907,0.0000,0.0000,0.0000
97.9833,19.6208,-16.1367,37918.9178,2990.9147,793.1831,0.0000,0.0000,0.0000
98.0000,19.6211,-16.1000,37893.0458,2989.0905,792.3755,0.0000,0.0000,0.0000
98.0167,19.6217,-15.8500,37831.2662,2979.6484,786.8436,0.0000,0.0000,0.0000
98.0333,19.6225,-15.6000,37745.8334,2970.2652,781.3170,0.0000,0.0000,0.0000
98.0500,19.6236,-15.3500,37643.2460,2960.9118,775.7942,0.0000,0.0000,0.0000
98.0667,19.6247,-15.1000,37528.1733,2951.5638,770.2741,0.0000,0.0000,0.0000
98.0833,19.6260,-14.8500,37403.9606,2942.2000,764.7561,0.0000,0.0000,0.0000
98.1000,19.6273,-14.6000,37272.9955,2932.8020,759.2396,0.0000,0.0000,0.0000
98.1167,19.6286,-14.3500,37136.9731,2923.3534,753.7242,0.0000,0.0000,0.0000
98.1333,19.6300,-14.1000,36997.0893,2913.8394,748.2096,0.0000,0.0000,0.0000
98.1500,19.6315,-13.8500,36854.1803,2904.2473,742.6958,0.0000,0.0000,0.0000
98.1667,19.6329,-13.6000,36708.8247,2894.5655,737.1824,0.0000,0.0000,0.0000
98.1833,19.6344,-13.3500,36561.4172,2884.7843,731.6695,0.0000,0.0000,0.0000
98.2000,19.6359,-13.1000,36412.2220,2874.8950,726.1571,0.0000,0.0000,0.0000
98.2167,19.6374,-12.8500,36261.4113,2864.8900,720.6449,0.0000,0.0000,0.0000
98.2333,19.6389,-12.6000,36109.0929,2854.7628,715.1332,0.0000,0.0000,0.0000
98.2500,19.6404,-12.3500,35955.3306,2844.5081,709.6217,0.0000,0.0000,0.0000
98.2667,19.6420,-12.1000,35800.1576,2834.1209,704.1105,0.0000,0.0000,0.0000
98.2833,19.6436,-11.8500,35643.5873,2823.5972,698.5997,0.0000,0.0000,0.0000
98.3000,19.6451,-11.6000,35485.6205,2812.9337,693.0892,0.0000,0.0000,0.0000
98.3167,19.6467,-11.3500,35326.2501,2802.1276,687.5789,0.0000,0.0000,0.0000
98.3333,19.6483,-11.1000,35165.4646,2791.1766,682.0690,0.0000,0.0000,0.0000
98.3500,19.6500,-10.8500,35003.2510,2780.0789,676.5594,0.0000,0.0000,0.0000
98.3667,19.6516,-10.6000,34839.5959,2768.8331,671.0502,0.0000,0.0000,0.0000
98.3833,19.6533,-10.3500,34674.4865,2757.4381,665.5412,0.0000,0.0000,0.0000
98.4000,19.6549,-10.1000,34507.9118,2745.8933,660.0326,0.0000,0.0000,0.0000
98.4167,19.6566,-9.8500,34339.8625,2734.1982,654.5243,0.0000,0.0000,0.0000
98.4333,19.6583,-9.6000,34170.3315,2722.3527,649.0163,0.0000,0.0000,0.0000
98.4500,19.6600,-9.3500,33999.3142,2710.3570,643.5087,0.0000,0.0000,0.0000
98.4667,19.6617,-9.1000,33826.8080,2698.2114,638.0014,0.0000,0.0000,0.0000
98.4833,19.6635,-8.8500,33652.8128,2685.9165,632.4944,0.0000,0.0000,0.0000
98.5000,19.6652,-8.6000,33477.3309,2673.4732,626.9877,0.0000,0.0000,0.0000
98.5167,19.6670,-8.3500,33300.3666,2660.8826,621.4814,0.0000,0.0000,0.0000
98.5333,19.6688,-8.1000,33121.9262,2648.1457,615.9754,0.0000,0.0000,0.0000
98.5500,19.6706,-7.8500,32942.0182,2635.2640,610.4698,0.0000,0.0000,0.0000
98.5667,19.6724,-7.6000,32760.6527,2622.2391,604.9644,0.0000,0.0000,0.0000
98.5833,19.6742,-7.3500,32577.8417,2609.0724,599.4594,0.0000,0.0000,0.0000
98.6000,19.6761,-7.1000,32393.5984,2595.7658,593.9547,0.0000,0.0000,0.0000
98.6167,19.6779,-6.8500,32207.9380,2582.3213,588.4503,0.0000,0.0000,0.0000
98.6333,19.6798,-6.6000,32020.8764,2568.7406,582.9462,0.0000,0.0000,0.0000
98.6500,19.6817,-6.3500,31832.4310,2555.0260,577.4424,0.0000,0.0000,0.0000
98.6667,19.6836,-6.1000,31642.6202,2541.1795,571.9390,0.0000,0.0000,0.0000
98.6833,19.6855,-5.8500,31451.4634,2527.2033,566.4358,0.0000,0.0000,0.0000
98.7000,19.6874,-5.6000,31258.9806,2513.0997,560.9329,0.0000,0.0000,0.0000
98.7167,19.6893,-5.3500,31065.1927,2498.8709,555.4303,0.0000,0.0000,0.0000
98.7333,19.6913,-5.1000,30870.1212,2484.5193,549.9280,0.0000,0.0000,0.0000
98.7500,19.6933,-4.8500,30673.7881,2470.0472,544.4260,0.0000,0.0000,0.0000
98.7667,19.6952,-4.6000,30476.2159,2455.4569,538.9243,0.0000,0.0000,0.0000
98.7833,19.6972,-4.3500,30277.4274,2440.7510,533.4228,0.0000,0.0000,0.0000
98.8000,19.6992,-4.1000,30077.4458,2425.9317,527.9216,0.0000,0.0000,0.0000
98.8167,19.7012,-3.8500,29876.2943,2411.0014,522.4206,0.0000,0.0000,0.0000
98.8333,19.7033,-3.6000,29673.9965,2395.9627,516.9199,0.0000,0.0000,0.0000
98.8500,19.7053,-3.3500,29470.5759,2380.8177,511.4195,0.0000,0.0000,0.0000
98.8667,19.7073,-3.1000,29266.0563,2365.5691,505.9192,0.0000,0.0000,0.0000
98.8833,19.7094,-2.8500,29060.4612,2350.2190,500.4193,0.0000,0.0000,0.0000
98.9000,19.7115,-2.6000,28853.8143,2334.7699,494.9195,0.0000,0.0000,0.0000
98.9167,19.7135,-2.3500,28646.1392,2319.2241,489.4200,0.0000,0.0000,0.0000
98.9333,19.7156,-2.1000,28437.4591,2303.5839,483.9207,0.0000,0.0000,0.0000
98.9500,19.7177,-1.8500,28227.7973,2287.8516,478.4217,0.0000,0.0000,0.0000
98.9667,19.7198,-1.6000,28017.1770,2272.0294,472.9228,0.0000,0.0000,0.0000
98.9833,19.7219,-1.3500,27805.6209,2256.1197,467.4242,0.0000,0.0000,0.0000
99.0000,19.7241,-1.1000,27593.1516,2240.1245,461.9257,0.0000,0.0000,0.0000
99.0167,19.7255,-1.2767,27446.3572,2239.1691,465.8772,0.0000,0.0000,0.0000
99.0333,19.7265,-1.4533,27346.7725,2237.9754,469.8181,0.0000,0.0000,0.0000
99.0500,19.7272,-1.6300,27281.1152,2236.6072,473.7516,0.0000,0.0000,0.0000
99.0667,19.7276,-1.8067,27239.8475,2235.1165,477.6796,0.0000,0.0000,0.0000
99.0833,19.7278,-1.9833,27216.1376,2233.5469,481.6037,0.0000,0.0000,0.0000
99.1000,19.7279,-2.1600,27205.1089,2231.9358,485.5250,0.0000,0.0000,0.0000
99.1167,19.7280,-2.3367,27203.2957,2230.3158,489.4443,0.0000,0.0000,0.0000
99.1333,19.7279,-2.5133,27208.2494,2228.7151,493.3621,0.0000,0.0000,0.0000
99.1500,19.7278,-2.6900,27218.2524,2227.1584,497.2788,0.0000,0.0000,0.0000
99.1667,19.7277,-2.8667,27232.1115,2225.6672,501.1946,0.0000,0.0000,0.0000
99.1833,19.7275,-3.0433,27249.0084,2224.2603,505.1097,0.0000,0.0000,0.0000
99.2000,19.7273,-3.2200,27268.3912,2222.9542,509.0242,0.0000,0.0000,0.0000
99.2167,19.7271,-3.3967,27289.8969,2221.7632,512.9384,0.0000,0.0000,0.0000
99.2333,19.7269,-3.5733,27313.2948,2220.7000,516.8520,0.0000,0.0000,0.0000
99.2500,19.7266,-3.7500,27338.4473,2219.7757,520.7653,0.0000,0.0000,0.0000
99.2667,19.7263,-3.9267,27365.2805,2219.0000,524.6782,0.0000,0.0000,0.0000
99.2833,19.7261,-4.1033,27393.7645,2218.3817,528.5908,0.0000,0.0000,0.0000
99.3000,19.7258,-4.2800,27423.8986,2217.9288,532.5030,0.0000,0.0000,0.0000
99.3167,19.7254,-4.4567,27455.7016,2217.6483,536.4148,0.0000,0.0000,0.0000
99.3333,19.7251,-4.6333,27489.2043,2217.5465,540.3263,0.0000,0.0000,0.0000
99.3500,19.7248,-4.8100,27524.4446,2217.6291,544.2373,0.0000,0.0000,0.0000
99.3667,19.7244,-4.9867,27561.4640,2217.9012,548.1480,0.0000,0.0000,0.0000
99.3833,19.7240,-5.1633,27600.3049,2218.3673,552.0582,0.0000,0.0000,0.0000
99.4000,19.7236,-5.3400,27641.0090,2219.0314,555.9681,0.0000,0.0000,0.0000
99.4167,19.7232,-5.5167,27683.6160,2219.8969,559.8775,0.0000,0.0000,0.0000
99.4333,19.7227,-5.6933,27728.1628,2220.9669,563.7865,0.0000,0.0000,0.0000
99.4500,19.7223,-5.8700,27774.6833,2222.2437,567.6950,0.0000,0.0000,0.0000
99.4667,19.7218,-6.0467,27823.2075,2223.7295,571.6031,0.0000,0.0000,0.0000
99.4833,19.7213,-6.2233,27873.7618,2225.4260,575.5108,0.0000,0.0000,0.0000
99.5000,19.7207,-6.4000,27926.3690,2227.3342,579.4180,0.0000,0.0000,0.0000
99.5167,19.7202,-6.5767,27981.0477,2229.4551,583.3248,0.0000,0.0000,0.0000
99.5333,19.7196,-6.7533,28037.8133,2231.7893,587.2310,0.0000,0.0000,0.0000
99.5500,19.7190,-6.9300,28096.6772,2234.3369,591.1368,0.0000,0.0000,0.0000
99.5667,19.7184,-7.1067,28157.6478,2237.0979,595.0422,0.0000,0.0000,0.0000
99.5833,19.7178,-7.2833,28220.7299,2240.0718,598.9471,0.0000,0.0000,0.0000
99.6000,19.7171,-7.4600,28285.9255,2243.2580,602.8515,0.0000,0.0000,0.0000
99.6167,19.7165,-7.6367,28353.2334,2246.6556,606.7554,0.0000,0.0000,0.0000
99.6333,19.7158,-7.8133,28422.6500,2250.2636,610.6589,0.0000,0.0000,0.0000
99.6500,19.7151,-7.9900,28494.1691,2254.0806,614.5619,0.0000,0.0000,0.0000
99.6667,19.7143,-8.1667,28567.7819,2258.1051,618.4645,0.0000,0.0000,0.0000
99.6833,19.7136,-8.3433,28643.4778,2262.3354,622.3665,0.0000,0.0000,0.0000
99.7000,19.7128,-8.5200,28721.2440,2266.7697,626.2682,0.0000,0.0000,0.0000
99.7167,19.7120,-8.6967,28801.0657,2271.4061,630.1693,0.0000,0.0000,0.0000
99.7333,19.7112,-8.8733,28882.9267,2276.2425,634.0700,0.0000,0.0000,0.0000
99.7500,19.7103,-9.0500,28966.8090,2281.2766,637.9703,0.0000,0.0000,0.0000
99.7667,19.7095,-9.2267,29052.6935,2286.5062,641.8701,0.0000,0.0000,0.0000
99.7833,19.7086,-9.4033,29140.5595,2291.9288,645.7695,0.0000,0.0000,0.0000
99.8000,19.7077,-9.5800,29230.3853,2297.5419,649.6685,0.0000,0.0000,0.0000
99.8167,19.7068,-9.7567,29322.1481,2303.3430,653.5670,0.0000,0.0000,0.0000
99.8333,19.7058,-9.9333,29415.8244,2309.3295,657.4651,0.0000,0.0000,0.0000
99.8500,19.7049,-10.1100,29511.3895,2315.4987,661.3627,0.0000,0.0000,0.0000
99.8667,19.7039,-10.2867,29608.8184,2321.8479,665.2600,0.0000,0.0000,0.0000
99.8833,19.7029,-10.4633,29708.0851,2328.3742,669.1569,0.0000,0.0000,0.0000
99.9000,19.7019,-10.6400,29809.1633,2335.0750,673.0533,0.0000,0.0000,0.0000
99.9167,19.7009,-10.8167,29912.0262,2341.9474,676.9494,0.0000,0.0000,0.0000
99.9333,19.6998,-10.9933,30016.6465,2348.9886,680.8450,0.0000,0.0000,0.0000
99.9500,19.6988,-11.1700,30122.9967,2356.1957,684.7403,0.0000,0.0000,0.0000
99.9667,19.6977,-11.3467,30231.0491,2363.5659,688.6352,0.0000,0.0000,0.0000
99.9833,19.6966,-11.5233,30340.7755,2371.0963,692.5298,0.0000,0.0000,0.0000
100.0000,19.6955,-11.7000,30452.1480,2378.7840,696.4239,0.0000,0.0000,0.0000
100.0167,19.6947,-11.6617,30529.9583,2378.9765,695.5563,0.0000,0.0000,0.0000
100.0333,19.6941,-11.6233,30585.8885,2379.3898,694.6936,0.0000,0.0000,0.0000
100.0500,19.6937,-11.5850,30626.2695,2379.9938,693.8343,0.0000,0.0000,0.0000
100.0667,19.6934,-11.5467,30655.6786,2380.7627,692.9775,0.0000,0.0000,0.0000
100.0833,19.6932,-11.5083,30677.4148,2381.6739,692.1223,0.0000,0.0000,0.0000
100.1000,19.6931,-11.4700,30693.8455,2382.7072,691.2684,0.0000,0.0000,0.0000
100.1167,19.6929,-11.4317,30706.6591,2383.8442,690.4152,0.0000,0.0000,0.0000
100.1333,19.6928,-11.3933,30717.0498,2385.0682,689.5626,0.0000,0.0000,0.0000
100.1500,19.6927,-11.3550,30725.8536,2386.3637,688.7103,0.0000,0.0000,0.0000
100.1667,19.6927,-11.3167,30733.6461,2387.7167,687.8583,0.0000,0.0000,0.0000
100.1833,19.6926,-11.2783,30740.8158,2389.1144,687.0064,0.0000,0.0000,0.0000
100.2000,19.6925,-11.2400,30747.6164,2390.5450,686.1545,0.0000,0.0000,0.0000
100.2167,19.6925,-11.2017,30754.2052,2391.9976,685.3027,0.0000,0.0000,0.0000
100.2333,19.6924,-11.1633,30760.6716,2393.4625,684.4510,0.0000,0.0000,0.0000
100.2500,19.6923,-11.1250,30767.0573,2394.9305,683.5992,0.0000,0.0000,0.0000
100.2667,19.6923,-11.0867,30773.3709,2396.3936,682.7475,0.0000,0.0000,0.0000
100.2833,19.6922,-11.0483,30779.5989,2397.8442,681.8958,0.0000,0.0000,0.0000
100.3000,19.6922,-11.0100,30784.8681,2399.1063,681.0443,0.0000,0.0000,0.0000
100.3167,19.6921,-10.9717,30789.7882,2400.3435,680.1929,0.0000,0.0000,0.0000
100.3333,19.6921,-10.9333,30794.3774,2401.5529,679.3416,0.0000,0.0000,0.0000
100.3500,19.6920,-10.8950,30798.6401,2402.7309,678.4903,0.0000,0.0000,0.0000
100.3667,19.6920,-10.8567,30802.5706,2403.8737,677.6391,0.0000,0.0000,0.0000
100.3833,19.6919,-10.8183,30806.1560,2404.9780,676.7880,0.0000,0.0000,0.0000
100.4000,19.6919,-10.7800,30809.3787,2406.0405,675.9370,0.0000,0.0000,0.0000
100.4167,19.6919,-10.7417,30812.2184,2407.0584,675.0860,0.0000,0.0000,0.0000
100.4333,19.6919,-10.7033,30814.6535,2408.0291,674.2352,0.0000,0.0000,0.0000
100.4500,19.6918,-10.6650,30816.6621,2408.9504,673.3844,0.0000,0.0000,0.0000
100.4667,19.6918,-10.6267,30818.2226,2409.8202,672.5337,0.0000,0.0000,0.0000
100.4833,19.6918,-10.5883,30819.3144,2410.6368,671.6832,0.0000,0.0000,0.0000
100.5000,19.6918,-10.5500,30819.9182,2411.3986,670.8327,0.0000,0.0000,0.0000
100.5167,19.6918,-10.5117,30820.0163,2412.1043,669.9824,0.0000,0.0000,0.0000
100.5333,19.6918,-10.4733,30819.5924,2412.7527,669.1321,0.0000,0.0000,0.0000
100.5500,19.6918,-10.4350,30818.6322,2413.3430,668.2820,0.0000,0.0000,0.0000
100.5667,19.6918,-10.3967,30817.1227,2413.8744,667.4320,0.0000,0.0000,0.0000
100.5833,19.6918,-10.3583,30815.0530,2414.3462,666.5822,0.0000,0.0000,0.0000
100.6000,19.6919,-10.3200,30812.4135,2414.7581,665.7324,0.0000,0.0000,0.0000
100.6167,19.6919,-10.2817,30809.1963,2415.1097,664.8828,0.0000,0.0000,0.0000
100.6333,19.6919,-10.2433,30805.3950,2415.4007,664.0333,0.0000,0.0000,0.0000
100.6500,19.6920,-10.2050,30801.0045,2415.6312,663.1840,0.0000,0.0000,0.0000
100.6667,19.6920,-10.1667,30796.0211,2415.8012,662.3348,0.0000,0.0000,0.0000
100.6833,19.6921,-10.1283,30790.4424,2415.9107,661.4857,0.0000,0.0000,0.0000
100.7000,19.6922,-10.0900,30784.2670,2415.9600,660.6367,0.0000,0.0000,0.0000
100.7167,19.6922,-10.0517,30777.4946,2415.9495,659.7879,0.0000,0.0000,0.0000
100.7333,19.6923,-10.0133,30770.1259,2415.8793,658.9392,0.0000,0.0000,0.0000
100.7500,19.6924,-9.9750,30762.1627,2415.7501,658.0907,0.0000,0.0000,0.0000
100.7667,19.6925,-9.9367,30753.6072,2415.5623,657.2423,0.0000,0.0000,0.0000
100.7833,19.6926,-9.8983,30744.4627,2415.3165,656.3940,0.0000,0.0000,0.0000
100.8000,19.6927,-9.8600,30734.7330,2415.0132,655.5458,0.0000,0.0000,0.0000
100.8167,19.6928,-9.8217,30724.4228,2414.6531,654.6978,0.0000,0.0000,0.0000
100.8333,19.6929,-9.7833,30713.5370,2414.2368,653.8499,0.0000,0.0000,0.0000
100.8500,19.6930,-9.7450,30702.0814,2413.7652,653.0021,0.0000,0.0000,0.0000
100.8667,19.6931,-9.7067,30690.0618,2413.2389,652.1544,0.0000,0.0000,0.0000
100.8833,19.6932,-9.6683,30677.4849,2412.6587,651.3069,0.0000,0.0000,0.0000
100.9000,19.6934,-9.6300,30664.3574,2412.0254,650.4595,0.0000,0.0000,0.0000
100.9167,19.6935,-9.5917,30650.6864,2411.3399,649.6122,0.0000,0.0000,0.0000
100.9333,19.6936,-9.5533,30636.4795,2410.6029,648.7650,0.0000,0.0000,0.0000
100.9500,19.6938,-9.5150,30621.7443,2409.8153,647.9180,0.0000,0.0000,0.0000
100.9667,19.6939,-9.4767,30606.4887,2408.9779,647.0710,0.0000,0.0000,0.0000
100.9833,19.6941,-9.4383,30590.7207,2408.0917,646.2242,0.0000,0.0000,0.0000
101.0000,19.6943,-9.4000,30574.4487,2407.1575,645.3775,0.0000,0.0000,0.0000
101.0167,19.6943,-9.4283,30567.2306,2408.5420,646.0076,0.0000,0.0000,0.0000
101.0333,19.6943,-9.4567,30566.6386,2409.8565,646.6362,0.0000,0.0000,0.0000
101.0500,19.6943,-9.4850,30570.8711,2411.1098,647.2638,0.0000,0.0000,0.0000
101.0667,19.6942,-9.5133,30578.5937,2412.3095,647.8906,0.0000,0.0000,0.0000
101.0833,19.6941,-9.5417,30588.8205,2413.4621,648.5168,0.0000,0.0000,0.0000
101.1000,19.6940,-9.5700,30600.8249,2414.5734,649.1426,0.0000,0.0000,0.0000
101.1167,19.6939,-9.5983,30614.0747,2415.6485,649.7682,0.0000,0.0000,0.0000
101.1333,19.6937,-9.6267,30628.1817,2416.6923,650.3936,0.0000,0.0000,0.0000
101.1500,19.6936,-9.6550,30642.8652,2417.7090,651.0188,0.0000,0.0000,0.0000
101.1667,19.6934,-9.6833,30657.9246,2418.7029,651.6440,0.0000,0.0000,0.0000
101.1833,19.6933,-9.7117,30673.2183,2419.6775,652.2691,0.0000,0.0000,0.0000
101.2000,19.6931,-9.7400,30688.6485,2420.6364,652.8942,0.0000,0.0000,0.0000
101.2167,19.6930,-9.7683,30704.1499,2421.5826,653.5192,0.0000,0.0000,0.0000
101.2333,19.6928,-9.7967,30719.6805,2422.5192,654.1443,0.0000,0.0000,0.0000
101.2500,19.6926,-9.8250,30735.2156,2423.4488,654.7693,0.0000,0.0000,0.0000
101.2667,19.6925,-9.8533,30750.7430,2424.3741,655.3944,0.0000,0.0000,0.0000
101.2833,19.6923,-9.8817,30766.2592,2425.2972,656.0194,0.0000,0.0000,0.0000
101.3000,19.6922,-9.9100,30781.7670,2426.2204,656.6445,0.0000,0.0000,0.0000
101.3167,19.6920,-9.9383,30797.2734,2427.1456,657.2695,0.0000,0.0000,0.0000
101.3333,19.6919,-9.9667,30812.7884,2428.0747,657.8946,0.0000,0.0000,0.0000
101.3500,19.6917,-9.9950,30828.3235,2429.0094,658.5197,0.0000,0.0000,0.0000
101.3667,19.6916,-10.0233,30843.8914,2429.9512,659.1447,0.0000,0.0000,0.0000
101.3833,19.6914,-10.0517,30859.5050,2430.9016,659.7697,0.0000,0.0000,0.0000
101.4000,19.6912,-10.0800,30875.1774,2431.8619,660.3948,0.0000,0.0000,0.0000
101.4167,19.6911,-10.1083,30890.9214,2432.8332,661.0198,0.0000,0.0000,0.0000
101.4333,19.6909,-10.1367,30906.7493,2433.8168,661.6448,0.0000,0.0000,0.0000
101.4500,19.6908,-10.1650,30922.6729,2434.8134,662.2697,0.0000,0.0000,0.0000
101.4667,19.6906,-10.1933,30938.7032,2435.8242,662.8947,0.0000,0.0000,0.0000
101.4833,19.6905,-10.2217,30954.8506,2436.8498,663.5196,0.0000,0.0000,0.0000
101.5000,19.6903,-10.2500,30971.1246,2437.8910,664.1445,0.0000,0.0000,0.0000
101.5167,19.6901,-10.2783,30987.5341,2438.9485,664.7693,0.0000,0.0000,0.0000
101.5333,19.6900,-10.3067,31004.0872,2440.0229,665.3942,0.0000,0.0000,0.0000
101.5500,19.6898,-10.3350,31020.7913,2441.1146,666.0189,0.0000,0.0000,0.0000
101.5667,19.6896,-10.3633,31037.6530,2442.2242,666.6437,0.0000,0.0000,0.0000
101.5833,19.6895,-10.3917,31054.6784,2443.3520,667.2684,0.0000,0.0000,0.0000
101.6000,19.6893,-10.4200,31071.8727,2444.4983,667.8931,0.0000,0.0000,0.0000
101.6167,19.6891,-10.4483,31089.2408,2445.6635,668.5178,0.0000,0.0000,0.0000
101.6333,19.6889,-10.4767,31106.7867,2446.8478,669.1424,0.0000,0.0000,0.0000
101.6500,19.6888,-10.5050,31124.5141,2448.0514,669.7669,0.0000,0.0000,0.0000
101.6667,19.6886,-10.5333,31142.4262,2449.2744,670.3915,0.0000,0.0000,0.0000
101.6833,19.6884,-10.5617,31160.5254,2450.5170,671.0159,0.0000,0.0000,0.0000
101.7000,19.6882,-10.5900,31178.8140,2451.7793,671.6404,0.0000,0.0000,0.0000
101.7167,19.6880,-10.6183,31197.2938,2453.0612,672.2648,0.0000,0.0000,0.0000
101.7333,19.6878,-10.6467,31215.9660,2454.3628,672.8891,0.0000,0.0000,0.0000
101.7500,19.6877,-10.6750,31234.8317,2455.6841,673.5134,0.0000,0.0000,0.0000
101.7667,19.6875,-10.7033,31253.8916,2457.0250,674.1377,0.0000,0.0000,0.0000
101.7833,19.6873,-10.7317,31273.1459,2458.3856,674.7619,0.0000,0.0000,0.0000
101.8000,19.6871,-10.7600,31292.5947,2459.7656,675.3861,0.0000,0.0000,0.0000
101.8167,19.6869,-10.7883,31312.2378,2461.1651,676.0103,0.0000,0.0000,0.0000
101.8333,19.6867,-10.8167,31332.0747,2462.5838,676.6344,0.0000,0.0000,0.0000
101.8500,19.6865,-10.8450,31352.1048,2464.0217,677.2584,0.0000,0.0000,0.0000
101.8667,19.6863,-10.8733,31372.3270,2465.4785,677.8824,0.0000,0.0000,0.0000
101.8833,19.6861,-10.9017,31392.7403,2466.9542,678.5064,0.0000,0.0000,0.0000
101.9000,19.6859,-10.9300,31413.3435,2468.4485,679.1303,0.0000,0.0000,0.0000
101.9167,19.6857,-10.9583,31434.1350,2469.9612,679.7542,0.0000,0.0000,0.0000
101.9333,19.6854,-10.9867,31455.1132,2471.4922,680.3781,0.0000,0.0000,0.0000
101.9500,19.6852,-11.0150,31476.2766,2473.0411,681.0019,0.0000,0.0000,0.0000
101.9667,19.6850,-11.0433,31497.6231,2474.6079,681.6256,0.0000,0.0000,0.0000
101.9833,19.6848,-11.0717,31519.1510,2476.1923,682.2494,0.0000,0.0000,0.0000
102.0000,19.6846,-11.1000,31540.8580,2477.7940,682.8730,0.0000,0.0000,0.0000
102.0167,19.6845,-11.0083,31545.9016,2475.1594,680.8385,3.4716,0.0000,0.0000
102.0333,19.6846,-10.9167,31537.3010,2472.5607,678.8071,6.9432,0.0000,0.0000
102.0500,19.6848,-10.8250,31518.7502,2469.9853,676.7778,10.4148,0.0000,0.0000
102.0667,19.6851,-10.7333,31492.9316,2467.4228,674.7502,13.8864,0.0000,0.0000
102.0833,19.6854,-10.6417,31461.7890,2464.8636,672.7237,17.3580,0.0000,0.0000
102.1000,19.6857,-10.5500,31426.7262,2462.2994,670.6981,20.8296,0.0000,0.0000
102.1167,19.6861,-10.4583,31388.7527,2459.7223,668.6731,24.3012,0.0000,0.0000
102.1333,19.6865,-10.3667,31348.5907,2457.1253,666.6487,27.7728,0.0000,0.0000
102.1500,19.6869,-10.2750,31306.7528,2454.5019,664.6246,31.2444,0.0000,0.0000
102.1667,19.6874,-10.1833,31263.5996,2451.8462,662.6008,34.7160,0.0000,0.0000
102.1833,19.6878,-10.0917,31219.3816,2449.1529,660.5772,38.1876,0.0000,0.0000
102.2000,19.6883,-10.0000,31174.2698,2446.4171,658.5538,41.6592,0.0000,0.0000
102.2167,19.6887,-9.9083,31128.3780,2443.6346,656.5306,45.1308,0.0000,0.0000
102.2333,19.6892,-9.8167,31081.7792,2440.8013,654.5076,48.6024,0.0000,0.0000
102.2500,19.6897,-9.7250,31034.5178,2437.9138,652.4847,52.0740,0.0000,0.0000
102.2667,19.6901,-9.6333,30986.6178,2434.9689,650.4619,55.5456,0.0000,0.0000
102.2833,19.6906,-9.5417,30938.0895,2431.9637,648.4393,59.0172,0.0000,0.0000
102.3000,19.6911,-9.4500,30888.9336,2428.8959,646.4169,62.4888,0.0000,0.0000
102.3167,19.6916,-9.3583,30839.1451,2425.7632,644.3945,65.9604,0.0000,0.0000
102.3333,19.6921,-9.2667,30788.7151,2422.5636,642.3723,69.4320,0.0000,0.0000
102.3500,19.6926,-9.1750,30737.6326,2419.2957,640.3503,72.9036,0.0000,0.0000
102.3667,19.6931,-9.0833,30685.8859,2415.9579,638.3284,76.3752,0.0000,0.0000
102.3833,19.6937,-8.9917,30633.4631,2412.5490,636.3066,79.8468,0.0000,0.0000
102.4000,19.6942,-8.9000,30580.3531,2409.0682,634.2850,83.3184,0.0000,0.0000
102.4167,19.6947,-8.8083,30526.5454,2405.5145,632.2636,86.7900,0.0000,0.0000
102.4333,19.6953,-8.7167,30472.0309,2401.8875,630.2423,90.2616,0.0000,0.0000
102.4500,19.6958,-8.6250,30416.8017,2398.1866,628.2212,93.7332,0.0000,0.0000
102.4667,19.6964,-8.5333,30360.8511,2394.4116,626.2002,97.2048,0.0000,0.0000
102.4833,19.6970,-8.4417,30304.1740,2390.5624,624.1794,100.6764,0.0000,0.0000
102.5000,19.6975,-8.3500,30246.7665,2386.6389,622.1588,104.1480,0.0000,0.0000
102.5167,19.6981,-8.2583,30188.6262,2382.6412,620.1383,107.6196,0.0000,0.0000
102.5333,19.6987,-8.1667,30129.7517,2378.5697,618.1180,111.0912,0.0000,0.0000
102.5500,19.6993,-8.0750,30070.1431,2374.4245,616.0978,114.5628,0.0000,0.0000
102.5667,19.6999,-7.9833,30009.8014,2370.2062,614.0778,118.0344,0.0000,0.0000
102.5833,19.7005,-7.8917,29948.7288,2365.9152,612.0580,121.5060,0.0000,0.0000
102.6000,19.7011,-7.8000,29886.9282,2361.5522,610.0383,124.9776,0.0000,0.0000
102.6167,19.7018,-7.7083,29824.4038,2357.1177,608.0188,128.4492,0.0000,0.0000
102.6333,19.7024,-7.6167,29761.1604,2352.6125,605.9995,131.9208,0.0000,0.0000
102.6500,19.7030,-7.5250,29697.2035,2348.0374,603.9803,135.3924,0.0000,0.0000
102.6667,19.7037,-7.4333,29632.5395,2343.3931,601.9613,138.8640,0.0000,0.0000
102.6833,19.7043,-7.3417,29567.1751,2338.6806,599.9424,142.3356,0.0000,0.0000
102.7000,19.7050,-7.2500,29501.1180,2333.9007,597.9236,145.8072,0.0000,0.0000
102.7167,19.7057,-7.1583,29434.3760,2329.0544,595.9051,149.2788,0.0000,0.0000
102.7333,19.7063,-7.0667,29366.9575,2324.1427,593.8867,152.7504,0.0000,0.0000
102.7500,19.7070,-6.9750,29298.8715,2319.1665,591.8684,156.2220,0.0000,0.0000
102.7667,19.7077,-6.8833,29230.1271,2314.1269,589.8503,159.6936,0.0000,0.0000
102.7833,19.7084,-6.7917,29160.7339,2309.0249,587.8323,163.1652,0.0000,0.0000
102.8000,19.7091,-6.7000,29090.7016,2303.8617,585.8144,166.6368,0.0000,0.0000
102.8167,19.7098,-6.6083,29020.0404,2298.6382,583.7967,170.1084,0.0000,0.0000
102.8333,19.7105,-6.5167,28948.7605,2293.3555,581.7792,173.5800,0.0000,0.0000
102.8500,19.7112,-6.4250,28876.8723,2288.0148,579.7617,177.0516,0.0000,0.0000
102.8667,19.7120,-6.3333,28804.3866,2282.6172,577.7444,180.5232,0.0000,0.0000
102.8833,19.7127,-6.2417,28731.3141,2277.1638,575.7273,183.9948,0.0000,0.0000
102.9000,19.7134,-6.1500,28657.6657,2271.6557,573.7102,187.4664,0.0000,0.0000
102.9167,19.7142,-6.0583,28583.4524,2266.0940,571.6933,190.9380,0.0000,0.0000
102.9333,19.7149,-5.9667,28508.6852,2260.4799,569.6765,194.4096,0.0000,0.0000
102.9500,19.7157,-5.8750,28433.3754,2254.8146,567.6598,197.8812,0.0000,0.0000
102.9667,19.7164,-5.7833,28357.5341,2249.0990,565.6433,201.3528,0.0000,0.0000
102.9833,19.7172,-5.6917,28281.1725,2243.3345,563.6268,204.8244,0.0000,0.0000
103.0000,19.7180,-5.6000,28204.3021,2237.5222,561.6105,208.2960,0.0000,0.0000
103.0167,19.7187,-5.5350,28130.5754,2232.4390,560.1850,231.0192,0.0000,0.0000
103.0333,19.7194,-5.4700,28058.6627,2227.1711,558.7591,253.7424,0.0000,0.0000
103.0500,19.7201,-5.4050,27987.6758,2221.7513,557.3330,276.4656,0.0000,0.0000
103.0667,19.7208,-5.3400,27917.0299,2216.2045,555.9068,299.1888,0.0000,0.0000
103.0833,19.7215,-5.2750,27846.3500,2210.5512,554.4807,321.9120,0.0000,0.0000
103.1000,19.7222,-5.2100,27775.4083,2204.8091,553.0546,344.6352,0.0000,0.0000
103.1167,19.7230,-5.1450,27704.0813,2198.9946,551.6285,367.3584,0.0000,0.0000
103.1333,19.7237,-5.0800,27632.3205,2193.1236,550.2026,390.0816,0.0000,0.0000
103.1500,19.7244,-5.0150,27560.1335,2187.2124,548.7768,412.8048,0.0000,0.0000
103.1667,19.7251,-4.9500,27487.5732,2181.2789,547.3510,435.5280,0.0000,0.0000
103.1833,19.7259,-4.8850,27414.7327,2175.3437,545.9253,458.2512,0.0000,0.0000
103.2000,19.7266,-4.8200,27341.7495,2169.4330,544.4997,480.9744,0.0000,0.0000
103.2167,19.7273,-4.7550,27268.8236,2163.5847,543.0740,503.6976,0.0000,0.0000
103.2333,19.7280,-4.6900,27196.2816,2157.8686,541.6482,526.4208,0.0000,0.0000
103.2500,19.7288,-4.6250,27124.5016,2152.3068,540.2223,549.1440,0.0000,0.0000
103.2667,19.7295,-4.5600,27050.7318,2145.7733,538.7968,571.8672,0.0000,0.0000
103.2833,19.7303,-4.4950,26973.8821,2138.6607,537.3720,594.5904,0.0000,0.0000
103.3000,19.7311,-4.4300,26893.6673,2131.1276,535.9480,617.3136,0.0000,0.0000
103.3167,19.7319,-4.3650,26810.0389,2123.2389,534.5247,640.0368,0.0000,0.0000
103.3333,19.7328,-4.3000,26723.0580,2115.0310,533.1021,662.7600,0.0000,0.0000
103.3500,19.7337,-4.2350,26632.8321,2106.5279,531.6803,685.4832,0.0000,0.0000
103.3667,19.7346,-4.1700,26539.4851,2097.7464,530.2591,708.2064,0.0000,0.0000
103.3833,19.7356,-4.1050,26443.1413,2088.6990,528.8386,730.9296,0.0000,0.0000
103.4000,19.7366,-4.0400,26343.9181,2079.3955,527.4188,753.6528,0.0000,0.0000
103.4167,19.7376,-3.9750,26241.9224,2069.8440,525.9996,776.3760,0.0000,0.0000
103.4333,19.7386,-3.9100,26137.2501,2060.0507,524.5809,799.0992,0.0000,0.0000
103.4500,19.7397,-3.8450,26029.9861,2050.0213,523.1629,821.8224,0.0000,0.0000
103.4667,19.7408,-3.7800,25920.2053,2039.7603,521.7454,844.5456,0.0000,0.0000
103.4833,19.7419,-3.7150,25807.9735,2029.2720,520.3284,867.2688,0.0000,0.0000
103.5000,19.7431,-3.6500,25693.3484,2018.5599,518.9120,889.9920,0.0000,0.0000
103.5167,19.7442,-3.5850,25576.3811,2007.6272,517.4961,912.7152,0.0000,0.0000
103.5333,19.7454,-3.5200,25457.1167,1996.4767,516.0807,935.4384,0.0000,0.0000
103.5500,19.7466,-3.4550,25335.5954,1985.1113,514.6658,958.1616,0.0000,0.0000
103.5667,19.7479,-3.3900,25211.8530,1973.5332,513.2514,980.8848,0.0000,0.0000
103.5833,19.7491,-3.3250,25085.9218,1961.7447,511.8375,1003.6080,0.0000,0.0000
103.6000,19.7504,-3.2600,24957.8313,1949.7479,510.4241,1026.3312,0.0000,0.0000
103.6167,19.7517,-3.1950,24827.6081,1937.5448,509.0111,1049.0544,0.0000,0.0000
103.6333,19.7530,-3.1300,24695.2768,1925.1373,507.5986,1071.7776,0.0000,0.0000
103.6500,19.7544,-3.0650,24560.8603,1912.5271,506.1866,1094.5008,0.0000,0.0000
103.6667,19.7558,-3.0000,24424.3797,1899.7160,504.7750,1117.2240,0.0000,0.0000
103.6833,19.7571,-2.9350,24285.8550,1886.7056,503.3639,1139.9472,0.0000,0.0000
103.7000,19.7585,-2.8700,24145.3051,1873.4974,501.9532,1162.6704,0.0000,0.0000
103.7167,19.7600,-2.8050,24002.7479,1860.0931,500.5430,1185.3936,0.0000,0.0000
103.7333,19.7614,-2.7400,23858.2007,1846.4941,499.1332,1208.1168,0.0000,0.0000
103.7500,19.7629,-2.6750,23711.6799,1832.7019,497.7239,1230.8400,0.0000,0.0000
103.7667,19.7644,-2.6100,23563.2016,1818.7179,496.3149,1253.5632,0.0000,0.0000
103.7833,19.7659,-2.5450,23412.7812,1804.5437,494.9065,1276.2864,0.0000,0.0000
103.8000,19.7674,-2.4800,23260.4340,1790.1805,493.4984,1299.0096,0.0000,0.0000
103.8167,19.7689,-2.4150,23106.1747,1775.6299,492.0908,1321.7328,0.0000,0.0000
103.8333,19.7705,-2.3500,22950.0178,1760.8931,490.6836,1344.4560,0.0000,0.0000
103.8500,19.7721,-2.2850,22791.9778,1745.9716,489.2768,1367.1792,0.0000,0.0000
103.8667,19.7737,-2.2200,22632.0688,1730.8667,487.8704,1389.9024,0.0000,0.0000
103.8833,19.7753,-2.1550,22470.3047,1715.5797,486.4644,1412.6256,0.0000,0.0000
103.9000,19.7769,-2.0900,22306.6995,1700.1122,485.0589,1435.3488,0.0000,0.0000
103.9167,19.7786,-2.0250,22141.2670,1684.4653,483.6537,1458.0720,0.0000,0.0000
103.9333,19.7803,-1.9600,21974.0208,1668.6405,482.2490,1480.7952,0.0000,0.0000
103.9500,19.7820,-1.8950,21804.9747,1652.6391,480.8446,1503.5184,0.0000,0.0000
103.9667,19.7837,-1.8300,21634.1424,1636.4625,479.4407,1526.2416,0.0000,0.0000
103.9833,19.7854,-1.7650,21461.5373,1620.1120,478.0371,1548.9648,0.0000,0.0000
104.0000,19.7871,-1.7000,21287.1731,1603.5890,476.6339,1571.6880,0.0000,0.0000
104.0167,19.7889,-1.6350,21111.1819,1586.9405,475.2311,1592.9910,0.0000,0.0000
104.0333,19.7907,-1.5700,20933.6428,1570.1585,473.8286,1614.2940,0.0000,0.0000
104.0500,19.7925,-1.5050,20754.6017,1553.2386,472.4265,1635.5970,0.0000,0.0000
104.0667,19.7943,-1.4400,20574.0849,1536.1780,471.0247,1656.9000,0.0000,0.0000
104.0833,19.7961,-1.3750,20392.1082,1518.9754,469.6232,1678.2030,0.0000,0.0000
104.1000,19.7979,-1.3100,20208.6810,1501.6300,468.2221,1699.5060,0.0000,0.0000
104.1167,19.7998,-1.2450,20023.8097,1484.1417,466.8212,1720.8090,0.0000,0.0000
104.1333,19.8016,-1.1800,19837.4996,1466.5106,465.4207,1742.1120,0.0000,0.0000
104.1500,19.8035,-1.1150,19649.7554,1448.7371,464.0205,1763.4150,0.0000,0.0000
104.1667,19.8054,-1.0500,19460.5822,1430.8218,462.6206,1784.7180,0.0000,0.0000
104.1833,19.8073,-0.9850,19269.9856,1412.7654,461.2210,1806.0210,0.0000,0.0000
104.2000,19.8092,-0.9200,19077.9719,1394.5687,459.8218,1827.3240,0.0000,0.0000
104.2167,19.8112,-0.8550,18884.5480,1376.2327,458.4228,1848.6270,0.0000,0.0000
104.2333,19.8131,-0.7900,18689.7219,1357.7583,457.0242,1869.9300,0.0000,0.0000
104.2500,19.8151,-0.7250,18493.5020,1339.1466,455.6259,1891.2330,0.0000,0.0000
104.2667,19.8170,-0.6600,18295.8973,1320.3986,454.2279,1912.5360,0.0000,0.0000
104.2833,19.8190,-0.5950,18096.9175,1301.5156,452.8302,1933.8390,0.0000,0.0000
104.3000,19.8210,-0.5300,17896.5728,1282.4985,451.4327,1955.1420,0.0000,0.0000
104.3167,19.8231,-0.4650,17694.8739,1263.3487,450.0356,1976.4450,0.0000,0.0000
104.3333,19.8251,-0.4000,17491.8315,1244.0673,448.6388,1997.7480,0.0000,0.0000
104.3500,19.8271,-0.3350,17287.4573,1224.6556,447.2423,2019.0510,0.0000,0.0000
104.3667,19.8292,-0.2700,17081.7626,1205.1148,445.8461,2040.3540,0.0000,0.0000
104.3833,19.8313,-0.2050,16874.7594,1185.4461,444.4502,2061.6570,0.0000,0.0000
104.4000,19.8333,-0.1400,16666.4597,1165.6509,443.0545,2082.9600,0.0000,0.0000
104.4167,19.8354,-0.0750,16456.8758,1145.7304,441.6592,2104.2630,0.0000,0.0000
104.4333,19.8375,-0.0100,16246.0200,1125.6858,440.2641,2125.5660,0.0000,0.0000
104.4500,19.8397,0.0550,16033.9049,1105.5185,438.8693,2146.8690,0.0000,0.0000
104.4667,19.8418,0.1200,15820.5430,1085.2298,437.4748,2168.1720,0.0000,0.0000
104.4833,19.8439,0.1850,15605.9470,1064.8209,436.0805,2189.4750,0.0000,0.0000
104.5000,19.8461,0.2500,15390.1297,1044.2932,434.6865,2210.7780,0.0000,0.0000
104.5167,19.8483,0.3150,15173.1037,1023.6479,433.2928,2232.0810,0.0000,0.0000
104.5333,19.8505,0.3800,14954.8820,1002.8863,431.8994,2253.3840,0.0000,0.0000
104.5500,19.8526,0.4450,14735.4773,982.0097,430.5062,2274.6870,0.0000,0.0000
104.5667,19.8549,0.5100,14514.9025,961.0194,429.1133,2295.9900,0.0000,0.0000
104.5833,19.8571,0.5750,14293.1703,939.9167,427.7206,2317.2930,0.0000,0.0000
104.6000,19.8593,0.6400,14070.2937,918.7029,426.3282,2338.5960,0.0000,0.0000
104.6167,19.8615,0.7050,13846.2854,897.3792,424.9361,2359.8990,0.0000,0.0000
104.6333,19.8638,0.7700,13621.1581,875.9469,423.5441,2381.2020,0.0000,0.0000
104.6500,19.8661,0.8350,13394.9247,854.4074,422.1525,2402.5050,0.0000,0.0000
104.6667,19.8683,0.9000,13167.5977,832.7617,420.7611,2423.8080,0.0000,0.0000
104.6833,19.8706,0.9650,12939.1900,811.0113,419.3699,2445.1110,0.0000,0.0000
104.7000,19.8729,1.0300,12709.7140,789.1573,417.9789,2466.4140,0.0000,0.0000
104.7167,19.8752,1.0950,12479.1825,767.2010,416.5882,2487.7170,0.0000,0.0000
104.7333,19.8775,1.1600,12247.6078,745.1437,415.1977,2509.0200,0.0000,0.0000
104.7500,19.8798,1.2250,12015.0025,722.9866,413.8075,2530.3230,0.0000,0.0000
104.7667,19.8822,1.2900,11781.3789,700.7308,412.4175,2551.6260,0.0000,0.0000
104.7833,19.8845,1.3550,11546.7495,678.3777,411.0276,2572.9290,0.0000,0.0000
104.8000,19.8869,1.4200,11311.1264,655.9284,409.6381,2594.2320,0.0000,0.0000
104.8167,19.8893,1.4850,11074.5218,633.3841,408.2487,2615.5350,0.0000,0.0000
104.8333,19.8916,1.5500,10836.9479,610.7461,406.8596,2636.8380,0.0000,0.0000
104.8500,19.8940,1.6150,10598.4168,588.0155,405.4706,2658.1410,0.0000,0.0000
104.8667,19.8964,1.6800,10358.9403,565.1935,404.0819,2679.4440,0.0000,0.0000
104.8833,19.8988,1.7450,10118.5303,542.2812,402.6934,2700.7470,0.0000,0.0000
104.9000,19.9012,1.8100,9877.1988,519.2798,401.3050,2722.0500,0.0000,0.0000
104.9167,19.9037,1.8750,9634.9574,496.1906,399.9169,2743.3530,0.0000,0.0000
104.9333,19.9061,1.9400,9391.8177,473.0145,398.5290,2764.6560,0.0000,0.0000
104.9500,19.9085,2.0050,9147.7914,449.7528,397.1413,2785.9590,0.0000,0.0000
104.9667,19.9110,2.0700,8902.8898,426.4066,395.7538,2807.2620,0.0000,0.0000
104.9833,19.9134,2.1350,8657.1245,402.9770,394.3664,2828.5650,0.0000,0.0000
105.0000,19.9159,2.2000,8410.5068,379.4651,392.9793,2849.8680,0.0000,0.0000
105.0167,19.9183,2.2367,8168.3490,357.2475,392.2197,2862.6498,0.0000,0.0000
105.0333,19.9207,2.2733,7929.9903,335.2264,391.4592,2875.4316,0.0000,0.0000
105.0500,19.9231,2.3100,7694.8144,313.3528,390.6980,2888.2134,0.0000,0.0000
105.0667,19.9254,2.3467,7462.2831,291.5949,389.9362,2900.9952,0.0000,0.0000
105.0833,19.9277,2.3833,7231.9430,269.9308,389.1740,2913.7770,0.0000,0.0000
105.1000,19.9300,2.4200,7003.4196,248.3450,388.4113,2926.5588,0.0000,0.0000
105.1167,19.9322,2.4567,6776.4081,226.8262,387.6483,2939.3406,0.0000,0.0000
105.1333,19.9345,2.4933,6550.6619,205.3658,386.8850,2952.1224,0.0000,0.0000
105.1500,19.9367,2.5300,6325.9829,183.9576,386.1215,2964.9042,0.0000,0.0000
105.1667,19.9390,2.5667,6102.2123,162.5963,385.3578,2977.6860,0.0000,0.0000
105.1833,19.9412,2.6033,5879.2229,141.2782,384.5939,2990.4678,0.0000,0.0000
105.2000,19.9434,2.6400,5656.9134,120.0001,383.8299,3003.2496,0.0000,0.0000
105.2167,19.9456,2.6767,5435.2027,98.7595,383.0657,3016.0314,0.0000,0.0000
105.2333,19.9479,2.7133,5214.0263,77.5547,382.3014,3028.8132,0.0000,0.0000
105.2500,19.9501,2.7500,4993.3328,56.3840,381.5370,3041.5950,0.0000,0.0000
105.2667,19.9523,2.7867,4773.0814,35.2463,380.7725,3054.3768,0.0000,0.0000
105.2833,19.9545,2.8233,4553.2398,14.1407,380.0080,3067.1586,0.0000,0.0000
105.3000,19.9567,2.8600,4333.7823,-6.9335,379.2433,3079.9404,0.0000,0.0000
105.3167,19.9589,2.8967,4114.6891,-27.9767,378.4785,3092.7222,0.0000,0.0000
105.3333,19.9610,2.9333,3895.9442,-48.9894,377.7137,3105.5040,0.0000,0.0000
105.3500,19.9632,2.9700,3677.5355,-69.9717,376.9488,3118.2858,0.0000,0.0000
105.3667,19.9654,3.0067,3459.4537,-90.9239,376.1838,3131.0676,0.0000,0.0000
105.3833,19.9676,3.0433,3241.6917,-111.8460,375.4188,3143.8494,0.0000,0.0000
105.4000,19.9698,3.0800,3024.2441,-132.7381,374.6537,3156.6312,0.0000,0.0000
105.4167,19.9719,3.1167,2807.1072,-153.6000,373.8885,3169.4130,0.0000,0.0000
105.4333,19.9741,3.1533,2590.2781,-174.4319,373.1232,3182.1948,0.0000,0.0000
105.4500,19.9763,3.1900,2373.7549,-195.2337,372.3579,3194.9766,0.0000,0.0000
105.4667,19.9784,3.2267,2157.5367,-216.0051,371.5925,3207.7584,0.0000,0.0000
105.4833,19.9806,3.2633,1941.6227,-236.7463,370.8271,3220.5402,0.0000,0.0000
105.5000,19.9827,3.3000,1726.0126,-257.4571,370.0615,3233.3220,0.0000,0.0000
105.5167,19.9849,3.3367,1510.7067,-278.1374,369.2959,3246.1038,0.0000,0.0000
105.5333,19.9870,3.3733,1295.7050,-298.7871,368.5303,3258.8856,0.0000,0.0000
105.5500,19.9892,3.4100,1081.0080,-319.4062,367.7646,3271.6674,0.0000,0.0000
105.5667,19.9913,3.4467,866.6162,-339.9945,366.9988,3284.4492,0.0000,0.0000
105.5833,19.9935,3.4833,652.5302,-360.5521,366.2329,3297.2310,0.0000,0.0000
105.6000,19.9956,3.5200,438.7503,-381.0788,365.4670,3310.0128,0.0000,0.0000
105.6167,19.9977,3.5567,225.2771,-401.5747,364.7010,3322.7946,0.0000,0.0000
105.6333,19.9999,3.5933,12.1109,-422.0397,363.9349,3335.5764,0.0000,0.0000
105.6500,20.0027,3.6300,0.0000,-442.1262,363.1842,3348.3582,0.0000,0.0000
105.6667,20.0063,3.6667,0.0000,-461.7992,362.4511,3361.1400,0.0000,0.0000
105.6833,20.0107,3.7033,0.0000,-481.0981,361.7342,3373.9218,0.0000,0.0000
105.7000,20.0157,3.7400,0.0000,-500.0382,361.0333,3386.7036,0.0000,0.0000
105.7167,20.0215,3.7767,0.0000,-518.6334,360.3480,3399.4854,0.0000,0.0000
105.7333,20.0280,3.8133,0.0000,-536.8965,359.6780,3412.2672,0.0000,0.0000
105.7500,20.0351,3.8500,0.0000,-554.8394,359.0232,3425.0490,0.0000,0.0000
105.7667,20.0429,3.8867,0.0000,-572.4734,358.3831,3437.8308,0.0000,0.0000
105.7833,20.0514,3.9233,0.0000,-589.8090,357.7576,3450.6126,0.0000,0.0000
105.8000,20.0605,3.9600,0.0000,-606.8561,357.1465,3463.3944,0.0000,0.0000
105.8167,20.0703,3.9967,0.0000,-623.6242,356.5494,3476.1762,0.0000,0.0000
105.8333,20.0806,4.0333,0.0000,-640.1223,355.9661,3488.9580,0.0000,0.0000
105.8500,20.0916,4.0700,0.0000,-656.3589,355.3966,3501.7398,0.0000,0.0000
105.8667,20.1032,4.1067,0.0000,-672.3422,354.8404,3514.5216,0.0000,0.0000
105.8833,20.1154,4.1433,0.0000,-688.0799,354.2974,3527.3034,0.0000,0.0000
105.9000,20.1282,4.1800,0.0000,-703.5795,353.7674,3540.0852,0.0000,0.0000
105.9167,20.1415,4.2167,0.0000,-718.8481,353.2502,3552.8670,0.0000,0.0000
105.9333,20.1555,4.2533,0.0000,-733.8926,352.7457,3565.6488,0.0000,0.0000
105.9500,20.1699,4.2900,0.0000,-748.7194,352.2535,3578.4306,0.0000,0.0000
105.9667,20.1850,4.3267,0.0000,-763.3349,351.7736,3591.2124,0.0000,0.0000
105.9833,20.2005,4.3633,0.0000,-777.7450,351.3058,3603.9942,0.0000,0.0000
106.0000,20.2167,4.4000,0.0000,-791.9557,350.8499,3616.7760,0.0000,0.0000
106.0167,20.2333,4.4467,0.0000,-805.9087,350.1840,3621.3522,0.0000,0.0000
106.0333,20.2505,4.4933,0.0000,-819.3520,349.5295,3625.9284,0.0000,0.0000
106.0500,20.2681,4.5400,0.0000,-832.3581,348.8861,3630.5046,0.0000,0.0000
106.0667,20.2863,4.5867,0.0000,-844.9782,348.2535,3635.0808,0.0000,0.0000
106.0833,20.3049,4.6333,0.0000,-857.2507,347.6313,3639.6570,0.0000,0.0000
106.1000,20.3240,4.6800,0.0000,-869.2056,347.0194,3644.2332,0.0000,0.0000
106.1167,20.3435,4.7267,0.0000,-880.8669,346.4173,3648.8094,0.0000,0.0000
106.1333,20.3635,4.7733,0.0000,-892.2549,345.8250,3653.3856,0.0000,0.0000
106.1500,20.3839,4.8200,0.0000,-903.3864,345.2422,3657.9618,0.0000,0.0000
106.1667,20.4047,4.8667,0.0000,-914.2761,344.6687,3662.5380,0.0000,0.0000
106.1833,20.4259,4.9133,0.0000,-924.9370,344.1043,3667.1142,0.0000,0.0000
106.2000,20.4475,4.9600,0.0000,-935.3803,343.5488,3671.6904,0.0000,0.0000
106.2167,20.4695,5.0067,0.0000,-945.6161,343.0021,3676.2666,0.0000,0.0000
106.2333,20.4919,5.0533,0.0000,-955.6537,342.4639,3680.8428,0.0000,0.0000
106.2500,20.5147,5.1000,0.0000,-965.5011,341.9341,3685.4190,0.0000,0.0000
106.2667,20.5379,5.1467,0.0000,-975.1659,341.4127,3689.9952,0.0000,0.0000
106.2833,20.5614,5.1933,0.0000,-984.6549,340.8993,3694.5714,0.0000,0.0000
106.3000,20.5853,5.2400,0.0000,-993.9746,340.3939,3699.1476,0.0000,0.0000
106.3167,20.6095,5.2867,0.0000,-1003.1307,339.8963,3703.7238,0.0000,0.0000
106.3333,20.6341,5.3333,0.0000,-1012.1287,339.4064,3708.3000,0.0000,0.0000
106.3500,20.6590,5.3800,0.0000,-1020.9737,338.9241,3712.8762,0.0000,0.0000
106.3667,20.6843,5.4267,0.0000,-1029.6704,338.4492,3717.4524,0.0000,0.0000
106.3833,20.7099,5.4733,0.0000,-1038.2233,337.9817,3722.0286,0.0000,0.0000
106.4000,20.7358,5.5200,0.0000,-1046.6366,337.5213,3726.6048,0.0000,0.0000
106.4167,20.7620,5.5667,0.0000,-1054.9142,337.0680,3731.1810,0.0000,0.0000
106.4333,20.7886,5.6133,0.0000,-1063.0601,336.6217,3735.7572,0.0000,0.0000
106.4500,20.8154,5.6600,0.0000,-1071.0776,336.1823,3740.3334,0.0000,0.0000
106.4667,20.8426,5.7067,0.0000,-1078.9703,335.7496,3744.9096,0.0000,0.0000
106.4833,20.8700,5.7533,0.0000,-1086.7415,335.3235,3749.4858,0.0000,0.0000
106.5000,20.8978,5.8000,0.0000,-1094.3942,334.9040,3754.0620,0.0000,0.0000
106.5167,20.9258,5.8467,0.0000,-1101.9315,334.4909,3758.6382,0.0000,0.0000
106.5333,20.9542,5.8933,0.0000,-1109.3563,334.0842,3763.2144,0.0000,0.0000
106.5500,20.9828,5.9400,0.0000,-1116.6713,333.6838,3767.7906,0.0000,0.0000
106.5667,21.0117,5.9867,0.0000,-1123.8791,333.2895,3772.3668,0.0000,0.0000
106.5833,21.0409,6.0333,0.0000,-1130.9824,332.9013,3776.9430,0.0000,0.0000
106.6000,21.0703,6.0800,0.0000,-1137.9837,332.5191,3781.5192,0.0000,0.0000
106.6167,21.1000,6.1267,0.0000,-1144.8852,332.1427,3786.0954,0.0000,0.0000
106.6333,21.1300,6.1733,0.0000,-1151.6895,331.7722,3790.6716,0.0000,0.0000
106.6500,21.1602,6.2200,0.0000,-1158.3986,331.4075,3795.2478,0.0000,0.0000
106.6667,21.1907,6.2667,0.0000,-1165.0148,331.0484,3799.8240,0.0000,0.0000
106.6833,21.2214,6.3133,0.0000,-1171.5402,330.6948,3804.4002,0.0000,0.0000
106.7000,21.2524,6.3600,0.0000,-1177.9768,330.3468,3808.9764,0.0000,0.0000
106.7167,21.2836,6.4067,0.0000,-1184.3267,330.0042,3813.5526,0.0000,0.0000
106.7333,21.3150,6.4533,0.0000,-1190.5917,329.6670,3818.1288,0.0000,0.0000
106.7500,21.3467,6.5000,0.0000,-1196.7737,329.3350,3822.7050,0.0000,0.0000
106.7667,21.3787,6.5467,0.0000,-1202.8746,329.0083,3827.2812,0.0000,0.0000
106.7833,21.4109,6.5933,0.0000,-1208.8960,328.6867,3831.8574,0.0000,0.0000
106.8000,21.4432,6.6400,0.0000,-1214.8398,328.3701,3836.4336,0.0000,0.0000
106.8167,21.4759,6.6867,0.0000,-1220.7076,328.0586,3841.0098,0.0000,0.0000
106.8333,21.5087,6.7333,0.0000,-1226.5011,327.7520,3845.5860,0.0000,0.0000
106.8500,21.5418,6.7800,0.0000,-1232.2218,327.4504,3850.1622,0.0000,0.0000
106.8667,21.5751,6.8267,0.0000,-1237.8713,327.1535,3854.7384,0.0000,0.0000
106.8833,21.6086,6.8733,0.0000,-1243.4511,326.8614,3859.3146,0.0000,0.0000
106.9000,21.6423,6.9200,0.0000,-1248.9626,326.5740,3863.8908,0.0000,0.0000
106.9167,21.6762,6.9667,0.0000,-1254.4073,326.2912,3868.4670,0.0000,0.0000
106.9333,21.7103,7.0133,0.0000,-1259.7867,326.0131,3873.0432,0.0000,0.0000
106.9500,21.7447,7.0600,0.0000,-1265.1020,325.7394,3877.6194,0.0000,0.0000
106.9667,21.7792,7.1067,0.0000,-1270.3546,325.4703,3882.1956,0.0000,0.0000
106.9833,21.8139,7.1533,0.0000,-1275.5458,325.2055,3886.7718,0.0000,0.0000
107.0000,21.8488,7.2000,0.0000,-1280.6768,324.9452,3891.3480,0.0000,0.0000
107.0167,21.8839,7.2283,0.0000,-1285.0838,325.0950,3895.4508,0.0000,0.0000
107.0333,21.9192,7.2567,0.0000,-1289.4331,325.2481,3899.5536,0.0000,0.0000
107.0500,21.9546,7.2850,0.0000,-1293.7288,325.4047,3903.6564,0.0000,0.0000
107.0667,21.9901,7.3133,0.0000,-1297.9737,325.5645,3907.7592,0.0000,0.0000
107.0833,22.0258,7.3417,0.0000,-1302.1698,325.7276,3911.8620,0.0000,0.0000
107.1000,22.0616,7.3700,0.0000,-1306.3185,325.8939,3915.9648,0.0000,0.0000
107.1167,22.0976,7.3983,0.0000,-1310.4208,326.0635,3920.0676,0.0000,0.0000
107.1333,22.1337,7.4267,0.0000,-1314.4776,326.2362,3924.1704,0.0000,0.0000
107.1500,22.1700,7.4550,0.0000,-1318.4896,326.4120,3928.2732,0.0000,0.0000
107.1667,22.2064,7.4833,0.0000,-1322.4573,326.5908,3932.3760,0.0000,0.0000
107.1833,22.2429,7.5117,0.0000,-1326.3812,326.7727,3936.4788,0.0000,0.0000
107.2000,22.2796,7.5400,0.0000,-1330.2618,326.9576,3940.5816,0.0000,0.0000
107.2167,22.3164,7.5683,0.0000,-1334.0993,327.1455,3944.6844,0.0000,0.0000
107.2333,22.3533,7.5967,0.0000,-1337.8944,327.3362,3948.7872,0.0000,0.0000
107.2500,22.3904,7.6250,0.0000,-1341.6473,327.5299,3952.8900,0.0000,0.0000
107.2667,22.4276,7.6533,0.0000,-1345.3584,327.7264,3956.9928,0.0000,0.0000
107.2833,22.4649,7.6817,0.0000,-1349.0283,327.9258,3961.0956,0.0000,0.0000
107.3000,22.5023,7.7100,0.0000,-1352.6572,328.1279,3965.1984,0.0000,0.0000
107.3167,22.5399,7.7383,0.0000,-1356.2457,328.3327,3969.3012,0.0000,0.0000
107.3333,22.5776,7.7667,0.0000,-1359.7941,328.5403,3973.4040,0.0000,0.0000
107.3500,22.6154,7.7950,0.0000,-1363.3029,328.7505,3977.5068,0.0000,0.0000
107.3667,22.6533,7.8233,0.0000,-1366.7726,328.9634,3981.6096,0.0000,0.0000
107.3833,22.6914,7.8517,0.0000,-1370.2037,329.1789,3985.7124,0.0000,0.0000
107.4000,22.7295,7.8800,0.0000,-1373.5966,329.3969,3989.8152,0.0000,0.0000
107.4167,22.7678,7.9083,0.0000,-1376.9518,329.6175,3993.9180,0.0000,0.0000
107.4333,22.8062,7.9367,0.0000,-1380.2700,329.8407,3998.0208,0.0000,0.0000
107.4500,22.8447,7.9650,0.0000,-1383.5515,330.0662,4002.1236,0.0000,0.0000
107.4667,22.8833,7.9933,0.0000,-1386.7969,330.2943,4006.2264,0.0000,0.0000
107.4833,22.9220,8.0217,0.0000,-1390.0067,330.5247,4010.3292,0.0000,0.0000
107.5000,22.9609,8.0500,0.0000,-1393.1815,330.7576,4014.4320,0.0000,0.0000
107.5167,22.9998,8.0783,0.0000,-1396.3218,330.9928,4018.5348,0.0000,0.0000
107.5333,23.0389,8.1067,0.0000,-1399.4282,331.2303,4022.6376,0.0000,0.0000
107.5500,23.0780,8.1350,0.0000,-1402.5012,331.4701,4026.7404,0.0000,0.0000
107.5667,23.1172,8.1633,0.0000,-1405.5414,331.7122,4030.8432,0.0000,0.0000
107.5833,23.1566,8.1917,0.0000,-1408.5493,331.9565,4034.9460,0.0000,0.0000
107.6000,23.1960,8.2200,0.0000,-1411.5255,332.2031,4039.0488,0.0000,0.0000
107.6167,23.2356,8.2483,0.0000,-1414.4704,332.4518,4043.1516,0.0000,0.0000
107.6333,23.2752,8.2767,0.0000,-1417.3848,332.7027,4047.2544,0.0000,0.0000
107.6500,23.3150,8.3050,0.0000,-1420.2691,332.9557,4051.3572,0.0000,0.0000
107.6667,23.3548,8.3333,0.0000,-1423.1239,333.2109,4055.4600,0.0000,0.0000
107.6833,23.3947,8.3617,0.0000,-1425.9496,333.4681,4059.5628,0.0000,0.0000
107.7000,23.4348,8.3900,0.0000,-1428.7470,333.7273,4063.6656,0.0000,0.0000
107.7167,23.4749,8.4183,0.0000,-1431.5164,333.9887,4067.7684,0.0000,0.0000
107.7333,23.5151,8.4467,0.0000,-1434.2585,334.2520,4071.8712,0.0000,0.0000
107.7500,23.5554,8.4750,0.0000,-1436.9737,334.5173,4075.9740,0.0000,0.0000
107.7667,23.5958,8.5033,0.0000,-1439.6625,334.7845,4080.0768,0.0000,0.0000
107.7833,23.6362,8.5317,0.0000,-1442.3256,335.0538,4084.1796,0.0000,0.0000
107.8000,23.6768,8.5600,0.0000,-1444.9633,335.3249,4088.2824,0.0000,0.0000
107.8167,23.7174,8.5883,0.0000,-1447.5763,335.5979,4092.3852,0.0000,0.0000
107.8333,23.7581,8.6167,0.0000,-1450.1649,335.8728,4096.4880,0.0000,0.0000
107.8500,23.7990,8.6450,0.0000,-1452.7297,336.1496,4100.5908,0.0000,0.0000
107.8667,23.8398,8.6733,0.0000,-1455.2711,336.4282,4104.6936,0.0000,0.0000
107.8833,23.8808,8.7017,0.0000,-1457.7897,336.7086,4108.7964,0.0000,0.0000
107.9000,23.9219,8.7300,0.0000,-1460.2859,336.9908,4112.8992,0.0000,0.0000
107.9167,23.9630,8.7583,0.0000,-1462.7602,337.2748,4117.0020,0.0000,0.0000
107.9333,24.0042,8.7867,0.0000,-1465.2130,337.5605,4121.1048,0.0000,0.0000
107.9500,24.0455,8.8150,0.0000,-1467.6447,337.8480,4125.2076,0.0000,0.0000
107.9667,24.0869,8.8433,0.0000,-1470.0558,338.1372,4129.3104,0.0000,0.0000
107.9833,24.1283,8.8717,0.0000,-1472.4467,338.4281,4133.4132,0.0000,0.0000
108.0000,24.1699,8.9000,0.0000,-1474.8179,338.7207,4137.5160,0.0000,0.0000
108.0167,24.2114,8.9283,0.0000,-1476.6054,339.0145,4131.2040,0.0000,0.0000
108.0333,24.2531,8.9567,0.0000,-1477.9529,339.3091,4124.8920,0.0000,0.0000
108.0500,24.2947,8.9850,0.0000,-1478.9542,339.6044,4118.5800,0.0000,0.0000
108.0667,24.3364,9.0133,0.0000,-1479.6736,339.9000,4112.2680,0.0000,0.0000
108.0833,24.3780,9.0417,0.0000,-1480.1571,340.1957,4105.9560,0.0000,0.0000
108.1000,24.4197,9.0700,0.0000,-1480.4394,340.4915,4099.6440,0.0000,0.0000
108.1167,24.4614,9.0983,0.0000,-1480.5471,340.7871,4093.3320,0.0000,0.0000
108.1333,24.5030,9.1267,0.0000,-1480.5011,341.0824,4087.0200,0.0000,0.0000
108.1500,24.5446,9.1550,0.0000,-1480.3187,341.3773,4080.7080,0.0000,0.0000
108.1667,24.5862,9.1833,0.0000,-1480.0137,341.6718,4074.3960,0.0000,0.0000
108.1833,24.6278,9.2117,0.0000,-1479.5978,341.9656,4068.0840,0.0000,0.0000
108.2000,24.6694,9.2400,0.0000,-1479.0809,342.2589,4061.7720,0.0000,0.0000
108.2167,24.7109,9.2683,0.0000,-1478.4712,342.5513,4055.4600,0.0000,0.0000
108.2333,24.7524,9.2967,0.0000,-1477.7760,342.8430,4049.1480,0.0000,0.0000
108.2500,24.7938,9.3250,0.0000,-1477.0012,343.1339,4042.8360,0.0000,0.0000
108.2667,24.8352,9.3533,0.0000,-1476.1523,343.4238,4036.5240,0.0000,0.0000
108.2833,24.8766,9.3817,0.0000,-1475.2340,343.7127,4030.2120,0.0000,0.0000
108.3000,24.9179,9.4100,0.0000,-1474.2502,344.0006,4023.9000,0.0000,0.0000
108.3167,24.9592,9.4383,0.0000,-1473.2045,344.2874,4017.5880,0.0000,0.0000
108.3333,25.0004,9.4667,0.0000,-1472.1003,344.5731,4011.2760,0.0000,0.0000
108.3500,25.0415,9.4950,0.0000,-1470.9402,344.8576,4004.9640,0.0000,0.0000
108.3667,25.0826,9.5233,0.0000,-1469.7269,345.1410,3998.6520,0.0000,0.0000
108.3833,25.1237,9.5517,0.0000,-1468.4627,345.4230,3992.3400,0.0000,0.0000
108.4000,25.1647,9.5800,0.0000,-1467.1496,345.7038,3986.0280,0.0000,0.0000
108.4167,25.2056,9.6083,0.0000,-1465.7896,345.9832,3979.7160,0.0000,0.0000
108.4333,25.2465,9.6367,0.0000,-1464.3845,346.2613,3973.4040,0.0000,0.0000
108.4500,25.2873,9.6650,0.0000,-1462.9358,346.5380,3967.0920,0.0000,0.0000
108.4667,25.3280,9.6933,0.0000,-1461.4450,346.8132,3960.7800,0.0000,0.0000
108.4833,25.3687,9.7217,0.0000,-1459.9136,347.0870,3954.4680,0.0000,0.0000
108.5000,25.4093,9.7500,0.0000,-1458.3429,347.3593,3948.1560,0.0000,0.0000
108.5167,25.4498,9.7783,0.0000,-1456.7341,347.6301,3941.8440,0.0000,0.0000
108.5333,25.4903,9.8067,0.0000,-1455.0883,347.8993,3935.5320,0.0000,0.0000
108.5500,25.5307,9.8350,0.0000,-1453.4067,348.1669,3929.2200,0.0000,0.0000
108.5667,25.5710,9.8633,0.0000,-1451.6903,348.4329,3922.9080,0.0000,0.0000
108.5833,25.6113,9.8917,0.0000,-1449.9401,348.6973,3916.5960,0.0000,0.0000
108.6000,25.6515,9.9200,0.0000,-1448.1571,348.9601,3910.2840,0.0000,0.0000
108.6167,25.6916,9.9483,0.0000,-1446.3421,349.2211,3903.9720,0.0000,0.0000
108.6333,25.7316,9.9767,0.0000,-1444.4962,349.4805,3897.6600,0.0000,0.0000
108.6500,25.7715,10.0050,0.0000,-1442.6200,349.7381,3891.3480,0.0000,0.0000
108.6667,25.8114,10.0333,0.0000,-1440.7145,349.9940,3885.0360,0.0000,0.0000
108.6833,25.8512,10.0617,0.0000,-1438.7804,350.2481,3878.7240,0.0000,0.0000
108.7000,25.8909,10.0900,0.0000,-1436.8185,350.5004,3872.4120,0.0000,0.0000
108.7167,25.9305,10.1183,0.0000,-1434.8296,350.7508,3866.1000,0.0000,0.0000
108.7333,25.9701,10.1467,0.0000,-1432.8143,350.9995,3859.7880,0.0000,0.0000
108.7500,26.0095,10.1750,0.0000,-1430.7733,351.2463,3853.4760,0.0000,0.0000
108.7667,26.0489,10.2033,0.0000,-1428.7074,351.4912,3847.1640,0.0000,0.0000
108.7833,26.0882,10.2317,0.0000,-1426.6172,351.7342,3840.8520,0.0000,0.0000
108.8000,26.1274,10.2600,0.0000,-1424.5033,351.9754,3834.5400,0.0000,0.0000
108.8167,26.1665,10.2883,0.0000,-1422.3663,352.2146,3828.2280,0.0000,0.0000
108.8333,26.2055,10.3167,0.0000,-1420.2069,352.4518,3821.9160,0.0000,0.0000
108.8500,26.2445,10.3450,0.0000,-1418.0257,352.6871,3815.6040,0.0000,0.0000
108.8667,26.2833,10.3733,0.0000,-1415.8232,352.9204,3809.2920,0.0000,0.0000
108.8833,26.3221,10.4017,0.0000,-1413.6000,353.1517,3802.9800,0.0000,0.0000
108.9000,26.3608,10.4300,0.0000,-1411.3566,353.3811,3796.6680,0.0000,0.0000
108.9167,26.3993,10.4583,0.0000,-1409.0936,353.6084,3790.3560,0.0000,0.0000
108.9333,26.4378,10.4867,0.0000,-1406.8115,353.8336,3784.0440,0.0000,0.0000
108.9500,26.4762,10.5150,0.0000,-1404.5108,354.0569,3777.7320,0.0000,0.0000
108.9667,26.5145,10.5433,0.0000,-1402.1919,354.2780,3771.4200,0.0000,0.0000
108.9833,26.5527,10.5717,0.0000,-1399.8555,354.4971,3765.1080,0.0000,0.0000
109.0000,26.5909,10.6000,0.0000,-1397.5018,354.7141,3758.7960,0.0000,0.0000
109.0167,26.6287,10.5250,0.0000,-1391.0989,357.2161,3744.5940,0.0000,0.0000
109.0333,26.6661,10.4500,0.0000,-1384.4688,359.7107,3730.3920,0.0000,0.0000
109.0500,26.7032,10.3750,0.0000,-1377.6761,362.1977,3716.1900,0.0000,0.0000
109.0667,26.7400,10.3000,0.0000,-1370.7628,364.6772,3701.9880,0.0000,0.0000
109.0833,26.7764,10.2250,0.0000,-1363.7570,367.1489,3687.7860,0.0000,0.0000
109.1000,26.8125,10.1500,0.0000,-1356.6779,369.6130,3673.5840,0.0000,0.0000
109.1167,26.8482,10.0750,0.0000,-1349.5388,372.0692,3659.3820,0.0000,0.0000
109.1333,26.8836,10.0000,0.0000,-1342.3488,374.5176,3645.1800,0.0000,0.0000
109.1500,26.9186,9.9250,0.0000,-1335.1143,376.9582,3630.9780,0.0000,0.0000
109.1667,26.9533,9.8500,0.0000,-1327.8397,379.3909,3616.7760,0.0000,0.0000
109.1833,26.9876,9.7750,0.0000,-1320.5278,381.8158,3602.5740,0.0000,0.0000
109.2000,27.0161,9.7000,-1606.5618,-1316.1411,384.1102,3588.3720,0.0000,0.0000
109.2167,27.0365,9.6250,-3649.0877,-1315.6811,386.2269,3574.1700,0.0000,0.0000
109.2333,27.0515,9.5500,-5148.7099,-1317.6465,388.2232,3559.9680,0.0000,0.0000
109.2500,27.0625,9.4750,-6254.1180,-1321.1788,390.1321,3545.7660,0.0000,0.0000
109.2667,27.0707,9.4000,-7072.8146,-1325.6747,391.9774,3531.5640,0.0000,0.0000
109.2833,27.0768,9.3250,-7682.5578,-1330.7102,393.7763,3517.3620,0.0000,0.0000
109.3000,27.0814,9.2500,-8139.6165,-1335.9885,395.5414,3503.1600,0.0000,0.0000
109.3167,27.0848,9.1750,-8484.7310,-1341.3026,397.2816,3488.9580,0.0000,0.0000
109.3333,27.0875,9.1000,-8747.4159,-1346.5095,399.0035,3474.7560,0.0000,0.0000
109.3500,27.0895,9.0250,-8949.0687,-1351.5114,400.7120,3460.5540,0.0000,0.0000
109.3667,27.0911,8.9500,-9105.2159,-1356.2423,402.4103,3446.3520,0.0000,0.0000
109.3833,27.0923,8.8750,-9227.1356,-1360.6589,404.1010,3432.1500,0.0000,0.0000
109.4000,27.0932,8.8000,-9323.0306,-1364.7337,405.7859,3417.9480,0.0000,0.0000
109.4167,27.0940,8.7250,-9398.8771,-1368.4506,407.4664,3403.7460,0.0000,0.0000
109.4333,27.0946,8.6500,-9459.0377,-1371.8009,409.1434,3389.5440,0.0000,0.0000
109.4500,27.0951,8.5750,-9506.7052,-1374.7814,410.8177,3375.3420,0.0000,0.0000
109.4667,27.0954,8.5000,-9544.2240,-1377.3928,412.4897,3361.1400,0.0000,0.0000
109.4833,27.0957,8.4250,-9573.3224,-1379.6380,414.1598,3346.9380,0.0000,0.0000
109.5000,27.0960,8.3500,-9595.2812,-1381.5217,415.8283,3332.7360,0.0000,0.0000
109.5167,27.0961,8.2750,-9611.0550,-1383.0495,417.4955,3318.5340,0.0000,0.0000
109.5333,27.0962,8.2000,-9621.3617,-1384.2279,419.1615,3304.3320,0.0000,0.0000
109.5500,27.0963,8.1250,-9626.7455,-1385.0635,420.8263,3290.1300,0.0000,0.0000
109.5667,27.0963,8.0500,-9627.6244,-1385.5632,422.4902,3275.9280,0.0000,0.0000
109.5833,27.0962,7.9750,-9624.3228,-1385.7337,424.1532,3261.7260,0.0000,0.0000
109.6000,27.0962,7.9000,-9617.0960,-1385.5816,425.8152,3247.5240,0.0000,0.0000
109.6167,27.0961,7.8250,-9606.1480,-1385.1130,427.4765,3233.3220,0.0000,0.0000
109.6333,27.0959,7.7500,-9591.6449,-1384.3342,429.1369,3219.1200,0.0000,0.0000
109.6500,27.0957,7.6750,-9573.7248,-1383.2511,430.7966,3204.9180,0.0000,0.0000
109.6667,27.0955,7.6000,-9552.5051,-1381.8700,432.4556,3190.7160,0.0000,0.0000
109.6833,27.0953,7.5250,-9528.0882,-1380.1969,434.1138,3176.5140,0.0000,0.0000
109.7000,27.0950,7.4500,-9500.5651,-1378.2377,435.7714,3162.3120,0.0000,0.0000
109.7167,27.0947,7.3750,-9470.0186,-1375.9985,437.4283,3148.1100,0.0000,0.0000
109.7333,27.0944,7.3000,-9436.5247,-1373.4850,439.0845,3133.9080,0.0000,0.0000
109.7500,27.0940,7.2250,-9400.1541,-1370.7030,440.7402,3119.7060,0.0000,0.0000
109.7667,27.0936,7.1500,-9360.9738,-1367.6579,442.3951,3105.5040,0.0000,0.0000
109.7833,27.0932,7.0750,-9319.0470,-1364.3552,444.0495,3091.3020,0.0000,0.0000
109.8000,27.0927,7.0000,-9274.4340,-1360.8000,445.7033,3077.1000,0.0000,0.0000
109.8167,27.0923,6.9250,-9227.1927,-1356.9975,447.3565,3062.8980,0.0000,0.0000
109.8333,27.0918,6.8500,-9177.3787,-1352.9526,449.0091,3048.6960,0.0000,0.0000
109.8500,27.0913,6.7750,-9125.0456,-1348.6702,450.6612,3034.4940,0.0000,0.0000
109.8667,27.0907,6.7000,-9070.2450,-1344.1549,452.3127,3020.2920,0.0000,0.0000
109.8833,27.0901,6.6250,-9013.0271,-1339.4112,453.9637,3006.0900,0.0000,0.0000
109.9000,27.0895,6.5500,-8953.4404,-1334.4436,455.6141,2991.8880,0.0000,0.0000
109.9167,27.0889,6.4750,-8891.5319,-1329.2565,457.2641,2977.6860,0.0000,0.0000
109.9333,27.0883,6.4000,-8827.3472,-1323.8539,458.9135,2963.4840,0.0000,0.0000
109.9500,27.0876,6.3250,-8760.9307,-1318.2400,460.5624,2949.2820,0.0000,0.0000
109.9667,27.0869,6.2500,-8692.3257,-1312.4187,462.2109,2935.0800,0.0000,0.0000
109.9833,27.0862,6.1750,-8621.5741,-1306.3940,463.8589,2920.8780,0.0000,0.0000
110.0000,27.0855,6.1000,-8548.7169,-1300.1697,465.5064,2906.6760,0.0000,0.0000
110.0167,27.0848,6.0917,-8482.8925,-1295.6875,465.6766,2884.8996,0.0000,0.0000
110.0333,27.0842,6.0833,-8420.7987,-1290.6691,465.8477,2863.1232,0.0000,0.0000
110.0500,27.0836,6.0750,-8360.2287,-1285.1951,466.0191,2841.3468,0.0000,0.0000
110.0667,27.0830,6.0667,-8299.7136,-1279.3219,466.1905,2819.5704,0.0000,0.0000
110.0833,27.0824,6.0583,-8238.2863,-1273.0908,466.3618,2797.7940,0.0000,0.0000
110.1000,27.0818,6.0500,-8175.3218,-1266.5336,466.5327,2776.0176,0.0000,0.0000
110.1167,27.0811,6.0417,-8110.4290,-1259.6755,466.7031,2754.2412,0.0000,0.0000
110.1333,27.0804,6.0333,-8043.3759,-1252.5373,466.8731,2732.4648,0.0000,0.0000
110.1500,27.0797,6.0250,-7974.0387,-1245.1363,467.0426,2710.6884,0.0000,0.0000
110.1667,27.0791,6.0167,-7908.1812,-1237.9289,467.2128,2688.9120,0.0000,0.0000
110.1833,27.0784,6.0083,-7839.7077,-1230.4528,467.3825,2667.1356,0.0000,0.0000
110.2000,27.0777,6.0000,-7768.6575,-1222.7311,467.5516,2645.3592,0.0000,0.0000
110.2167,27.0770,5.9917,-7695.1044,-1214.7812,467.7201,2623.5828,0.0000,0.0000
110.2333,27.0762,5.9833,-7619.1389,-1206.6173,467.8881,2601.8064,0.0000,0.0000
110.2500,27.0754,5.9750,-7540.8577,-1198.2509,468.0556,2580.0300,0.0000,0.0000
110.2667,27.0746,5.9667,-7460.3581,-1189.6918,468.2226,2558.2536,0.0000,0.0000
110.2833,27.0738,5.9583,-7377.7342,-1180.9486,468.3891,2536.4772,0.0000,0.0000
110.3000,27.0729,5.9500,-7293.0755,-1172.0286,468.5552,2514.7008,0.0000,0.0000
110.3167,27.0721,5.9417,-7206.4658,-1162.9387,468.7208,2492.9244,0.0000,0.0000
110.3333,27.0712,5.9333,-7117.9832,-1153.6848,468.8861,2471.1480,0.0000,0.0000
110.3500,27.0703,5.9250,-7027.7001,-1144.2725,469.0509,2449.3716,0.0000,0.0000
110.3667,27.0694,5.9167,-6935.6834,-1134.7069,469.2153,2427.5952,0.0000,0.0000
110.3833,27.0684,5.9083,-6841.9950,-1124.9925,469.3794,2405.8188,0.0000,0.0000
110.4000,27.0675,5.9000,-6746.6921,-1115.1338,469.5431,2384.0424,0.0000,0.0000
110.4167,27.0665,5.8917,-6649.8278,-1105.1348,469.7065,2362.2660,0.0000,0.0000
110.4333,27.0655,5.8833,-6551.4514,-1094.9992,469.8695,2340.4896,0.0000,0.0000
110.4500,27.0645,5.8750,-6451.6086,-1084.7305,470.0322,2318.7132,0.0000,0.0000
110.4667,27.0635,5.8667,-6350.3421,-1074.3322,470.1946,2296.9368,0.0000,0.0000
110.4833,27.0625,5.8583,-6247.6916,-1063.8073,470.3567,2275.1604,0.0000,0.0000
110.5000,27.0614,5.8500,-6143.6947,-1053.1589,470.5185,2253.3840,0.0000,0.0000
110.5167,27.0604,5.8417,-6038.3863,-1042.3896,470.6800,2231.6076,0.0000,0.0000
110.5333,27.0592,5.8333,-5922.4895,-1030.8231,470.8391,2209.8312,0.0000,0.0000
110.5500,27.0581,5.8250,-5806.0589,-1019.1902,470.9981,2188.0548,0.0000,0.0000
110.5667,27.0569,5.8167,-5689.0302,-1007.4793,471.1570,2166.2784,0.0000,0.0000
110.5833,27.0557,5.8083,-5571.3379,-995.6836,471.3158,2144.5020,0.0000,0.0000
110.6000,27.0545,5.8000,-5452.9233,-983.7992,471.4743,2122.7256,0.0000,0.0000
110.6167,27.0533,5.7917,-5333.7376,-971.8240,471.6328,2100.9492,0.0000,0.0000
110.6333,27.0521,5.7833,-5213.7419,-959.7569,471.7910,2079.1728,0.0000,0.0000
110.6500,27.0509,5.7750,-5092.9069,-947.5976,471.9490,2057.3964,0.0000,0.0000
110.6667,27.0497,5.7667,-4971.2112,-935.3461,472.1069,2035.6200,0.0000,0.0000
110.6833,27.0485,5.7583,-4848.6405,-923.0029,472.2646,2013.8436,0.0000,0.0000
110.7000,27.0473,5.7500,-4725.1859,-910.5687,472.4220,1992.0672,0.0000,0.0000
110.7167,27.0460,5.7417,-4600.8432,-898.0444,472.5793,1970.2908,0.0000,0.0000
110.7333,27.0448,5.7333,-4475.6119,-885.4309,472.7364,1948.5144,0.0000,0.0000
110.7500,27.0435,5.7250,-4349.4944,-872.7292,472.8933,1926.7380,0.0000,0.0000
110.7667,27.0422,5.7167,-4222.4955,-859.9405,473.0499,1904.9616,0.0000,0.0000
110.7833,27.0409,5.7083,-4094.6216,-847.0660,473.2064,1883.1852,0.0000,0.0000
110.8000,27.0397,5.7000,-3965.8807,-834.1069,473.3627,1861.4088,0.0000,0.0000
110.8167,27.0384,5.6917,-3836.2820,-821.0642,473.5188,1839.6324,0.0000,0.0000
110.8333,27.0371,5.6833,-3705.8353,-807.9394,473.6747,1817.8560,0.0000,0.0000
110.8500,27.0357,5.6750,-3574.5511,-794.7336,473.8305,1796.0796,0.0000,0.0000
110.8667,27.0344,5.6667,-3442.4406,-781.4480,473.9860,1774.3032,0.0000,0.0000
110.8833,27.0331,5.6583,-3309.5151,-768.0839,474.1414,1752.5268,0.0000,0.0000
110.9000,27.0318,5.6500,-3175.7861,-754.6425,474.2966,1730.7504,0.0000,0.0000
110.9167,27.0304,5.6417,-3041.2654,-741.1251,474.4516,1708.9740,0.0000,0.0000
110.9333,27.0291,5.6333,-2905.9648,-727.5327,474.6064,1687.1976,0.0000,0.0000
110.9500,27.0277,5.6250,-2769.8962,-713.8667,474.7611,1665.4212,0.0000,0.0000
110.9667,27.0263,5.6167,-2633.0714,-700.1282,474.9156,1643.6448,0.0000,0.0000
110.9833,27.0250,5.6083,-2495.5022,-686.3184,475.0699,1621.8684,0.0000,0.0000
111.0000,27.0236,5.6000,-2357.2003,-672.4384,475.2241,1600.0920,0.0000,0.0000
111.0167,27.0221,5.5617,-2213.4561,-657.3762,476.0425,1577.2110,0.0000,0.0000
111.0333,27.0207,5.5233,-2065.4661,-642.2192,476.8600,1554.3300,0.0000,0.0000
111.0500,27.0191,5.4850,-1914.1203,-626.9721,477.6768,1531.4490,0.0000,0.0000
111.0667,27.0176,5.4467,-1760.0798,-611.6376,478.4929,1508.5680,0.0000,0.0000
111.0833,27.0160,5.4083,-1603.8345,-596.2176,479.3086,1485.6870,0.0000,0.0000
111.1000,27.0145,5.3700,-1445.7482,-580.7136,480.1238,1462.8060,0.0000,0.0000
111.1167,27.0129,5.3317,-1286.0903,-565.1267,480.9388,1439.9250,0.0000,0.0000
111.1333,27.0113,5.2933,-1125.0615,-549.4577,481.7534,1417.0440,0.0000,0.0000
111.1500,27.0096,5.2550,-962.8107,-533.7076,482.5677,1394.1630,0.0000,0.0000
111.1667,27.0080,5.2167,-799.4490,-517.8768,483.3818,1371.2820,0.0000,0.0000
111.1833,27.0064,5.1783,-635.0585,-501.9655,484.1956,1348.4010,0.0000,0.0000
111.2000,27.0047,5.1400,-469.6997,-485.9740,485.0093,1325.5200,0.0000,0.0000
111.2167,27.0030,5.1017,-303.4174,-469.9023,485.8227,1302.6390,0.0000,0.0000
111.2333,27.0014,5.0633,-136.2450,-453.7506,486.6359,1279.7580,0.0000,0.0000
111.2500,26.9996,5.0250,0.0000,-437.5688,487.4468,1256.8770,0.0000,0.0000
111.2667,26.9972,4.9867,0.0000,-421.6278,488.2434,1233.9960,0.0000,0.0000
111.2833,26.9941,4.9483,0.0000,-405.8957,489.0266,1211.1150,0.0000,0.0000
111.3000,26.9905,4.9100,0.0000,-390.3604,489.7965,1188.2340,0.0000,0.0000
111.3167,26.9863,4.8717,0.0000,-375.0115,490.5534,1165.3530,0.0000,0.0000
111.3333,26.9815,4.8333,0.0000,-359.8396,491.2974,1142.4720,0.0000,0.0000
111.3500,26.9761,4.7950,0.0000,-344.8362,492.0286,1119.5910,0.0000,0.0000
111.3667,26.9702,4.7567,0.0000,-329.9936,492.7472,1096.7100,0.0000,0.0000
111.3833,26.9637,4.7183,0.0000,-315.3045,493.4533,1073.8290,0.0000,0.0000
111.4000,26.9566,4.6800,0.0000,-300.7621,494.1470,1050.9480,0.0000,0.0000
111.4167,26.9490,4.6417,0.0000,-286.3603,494.8285,1028.0670,0.0000,0.0000
111.4333,26.9409,4.6033,0.0000,-272.0931,495.4980,1005.1860,0.0000,0.0000
111.4500,26.9322,4.5650,0.0000,-257.9551,496.1554,982.3050,0.0000,0.0000
111.4667,26.9229,4.5267,0.0000,-243.9410,496.8009,959.4240,0.0000,0.0000
111.4833,26.9132,4.4883,0.0000,-230.0457,497.4346,936.5430,0.0000,0.0000
111.5000,26.9029,4.4500,0.0000,-216.2641,498.0567,913.6620,0.0000,0.0000
111.5167,26.8921,4.4117,0.0000,-202.5917,498.6672,890.7810,0.0000,0.0000
111.5333,26.8807,4.3733,0.0000,-189.0241,499.2662,867.9000,0.0000,0.0000
111.5500,26.8689,4.3350,0.0000,-175.5574,499.8538,845.0190,0.0000,0.0000
111.5667,26.8565,4.2967,0.0000,-162.1877,500.4301,822.1380,0.0000,0.0000
111.5833,26.8437,4.2583,0.0000,-148.9118,500.9951,799.2570,0.0000,0.0000
111.6000,26.8303,4.2200,0.0000,-135.7264,501.5490,776.3760,0.0000,0.0000
111.6167,26.8165,4.1817,0.0000,-122.6286,502.0919,753.4950,0.0000,0.0000
111.6333,26.8021,4.1433,0.0000,-109.6155,502.6238,730.6140,0.0000,0.0000
111.6500,26.7873,4.1050,0.0000,-96.6846,503.1448,707.7330,0.0000,0.0000
111.6667,26.7719,4.0667,0.0000,-83.8334,503.6549,684.8520,0.0000,0.0000
111.6833,26.7561,4.0283,0.0000,-71.0595,504.1543,661.9710,0.0000,0.0000
111.7000,26.7398,3.9900,0.0000,-58.3606,504.6430,639.0900,0.0000,0.0000
111.7167,26.7230,3.9517,0.0000,-45.7346,505.1210,616.2090,0.0000,0.0000
111.7333,26.7058,3.9133,0.0000,-33.1794,505.5885,593.3280,0.0000,0.0000
111.7500,26.6880,3.8750,0.0000,-20.6932,506.0455,570.4470,0.0000,0.0000
111.7667,26.6698,3.8367,0.0000,-8.2739,506.4921,547.5660,0.0000,0.0000
111.7833,26.6512,3.7983,0.0000,4.0802,506.9283,524.6850,0.0000,0.0000
111.8000,26.6320,3.7600,0.0000,16.3711,507.3542,501.8040,0.0000,0.0000
111.8167,26.6124,3.7217,0.0000,28.6008,507.7698,478.9230,0.0000,0.0000
111.8333,26.5924,3.6833,0.0000,40.7712,508.1753,456.0420,0.0000,0.0000
111.8500,26.5719,3.6450,0.0000,52.8838,508.5705,433.1610,0.0000,0.0000
111.8667,26.5509,3.6067,0.0000,64.9403,508.9558,410.2800,0.0000,0.0000
111.8833,26.5295,3.5683,0.0000,76.9421,509.3309,387.3990,0.0000,0.0000
111.9000,26.5076,3.5300,0.0000,88.8903,509.6961,364.5180,0.0000,0.0000
111.9167,26.4853,3.4917,0.0000,100.7862,510.0514,341.6370,0.0000,0.0000
111.9333,26.4625,3.4533,0.0000,112.6307,510.3967,318.7560,0.0000,0.0000
111.9500,26.4393,3.4150,0.0000,124.4249,510.7323,295.8750,0.0000,0.0000
111.9667,26.4157,3.3767,0.0000,136.1697,511.0580,272.9940,0.0000,0.0000
111.9833,26.3916,3.3383,0.0000,147.8659,511.3740,250.1130,0.0000,0.0000
112.0000,26.3671,3.3000,0.0000,159.5145,511.6803,227.2320,0.0000,0.0000
112.0167,26.3421,3.2267,0.0000,171.4670,512.7525,223.4448,0.0000,0.0000
112.0333,26.3166,3.1533,0.0000,182.6865,513.8146,219.6576,0.0000,0.0000
112.0500,26.2907,3.0800,0.0000,193.3196,514.8673,215.8704,0.0000,0.0000
112.0667,26.2644,3.0067,0.0000,203.4676,515.9109,212.0832,0.0000,0.0000
112.0833,26.2378,2.9333,0.0000,213.2044,516.9457,208.2960,0.0000,0.0000
112.1000,26.2107,2.8600,0.0000,222.5862,517.9721,204.5088,0.0000,0.0000
112.1167,26.1833,2.7867,0.0000,231.6566,518.9903,200.7216,0.0000,0.0000
112.1333,26.1555,2.7133,0.0000,240.4509,520.0006,196.9344,0.0000,0.0000
112.1500,26.1273,2.6400,0.0000,248.9982,521.0031,193.1472,0.0000,0.0000
112.1667,26.0989,2.5667,0.0000,257.3224,521.9980,189.3600,0.0000,0.0000
112.1833,26.0700,2.4933,0.0000,265.4440,522.9856,185.5728,0.0000,0.0000
112.2000,26.0409,2.4200,0.0000,273.3803,523.9659,181.7856,0.0000,0.0000
112.2167,26.0114,2.3467,0.0000,281.1462,524.9392,177.9984,0.0000,0.0000
112.2333,25.9817,2.2733,0.0000,288.7546,525.9055,174.2112,0.0000,0.0000
112.2500,25.9516,2.2000,0.0000,296.2168,526.8649,170.4240,0.0000,0.0000
112.2667,25.9212,2.1267,0.0000,303.5426,527.8177,166.6368,0.0000,0.0000
112.2833,25.8905,2.0533,0.0000,310.7408,528.7638,162.8496,0.0000,0.0000
112.3000,25.8596,1.9800,0.0000,317.8193,529.7035,159.0624,0.0000,0.0000
112.3167,25.8283,1.9067,0.0000,324.7852,530.6367,155.2752,0.0000,0.0000
112.3333,25.7967,1.8333,0.0000,331.6450,531.5636,151.4880,0.0000,0.0000
112.3500,25.7649,1.7600,0.0000,338.4042,532.4843,147.7008,0.0000,0.0000
112.3667,25.7328,1.6867,0.0000,345.0679,533.3988,143.9136,0.0000,0.0000
112.3833,25.7004,1.6133,0.0000,351.6406,534.3073,140.1264,0.0000,0.0000
112.4000,25.6678,1.5400,0.0000,358.1261,535.2098,136.3392,0.0000,0.0000
112.4167,25.6349,1.4667,0.0000,364.5280,536.1064,132.5520,0.0000,0.0000
112.4333,25.6017,1.3933,0.0000,370.8495,536.9971,128.7648,0.0000,0.0000
112.4500,25.5683,1.3200,0.0000,377.0935,537.8820,124.9776,0.0000,0.0000
112.4667,25.5346,1.2467,0.0000,383.2627,538.7612,121.1904,0.0000,0.0000
112.4833,25.5006,1.1733,0.0000,389.3593,539.6348,117.4032,0.0000,0.0000
112.5000,25.4664,1.1000,0.0000,395.3858,540.5028,113.6160,0.0000,0.0000
112.5167,25.4319,1.0267,0.0000,401.3443,541.3652,109.8288,0.0000,0.0000
112.5333,25.3972,0.9533,0.0000,407.2365,542.2222,106.0416,0.0000,0.0000
112.5500,25.3623,0.8800,0.0000,413.0645,543.0737,102.2544,0.0000,0.0000
112.5667,25.3271,0.8067,0.0000,418.8299,543.9199,98.4672,0.0000,0.0000
112.5833,25.2917,0.7333,0.0000,424.5343,544.7608,94.6800,0.0000,0.0000
112.6000,25.2560,0.6600,0.0000,430.1793,545.5964,90.8928,0.0000,0.0000
112.6167,25.2201,0.5867,0.0000,435.7664,546.4269,87.1056,0.0000,0.0000
112.6333,25.1840,0.5133,0.0000,441.2969,547.2521,83.3184,0.0000,0.0000
112.6500,25.1469,0.4400,0.0000,446.8190,548.0565,79.5312,0.0000,0.0000
112.6667,25.1103,0.3667,0.0000,452.2395,548.8716,75.7440,0.0000,0.0000
112.6833,25.0735,0.2933,0.0000,457.6083,549.6817,71.9568,0.0000,0.0000
112.7000,25.0365,0.2200,0.0000,462.9267,550.4868,68.1696,0.0000,0.0000
112.7167,24.9992,0.1467,0.0000,468.1960,551.2870,64.3824,0.0000,0.0000
112.7333,24.9617,0.0733,0.0000,473.4174,552.0823,60.5952,0.0000,0.0000
112.7500,24.9241,-0.0000,0.0000,478.5919,552.8728,56.8080,0.0000,0.0000
112.7667,24.8861,-0.0733,0.0000,483.7204,553.6584,53.0208,0.0000,0.0000
112.7833,24.8480,-0.1467,0.0000,488.8036,554.4394,49.2336,0.0000,0.0000
112.8000,24.8097,-0.2200,0.0000,493.8425,555.2156,45.4464,0.0000,0.0000
112.8167,24.7711,-0.2933,0.0000,498.8376,555.9871,41.6592,0.0000,0.0000
112.8333,24.7324,-0.3667,0.0000,503.7897,556.7540,37.8720,0.0000,0.0000
112.8500,24.6934,-0.4400,0.0000,508.6994,557.5163,34.0848,0.0000,0.0000
112.8667,24.6542,-0.5133,0.0000,513.5673,558.2740,30.2976,0.0000,0.0000
112.8833,24.6148,-0.5867,0.0000,518.3940,559.0272,26.5104,0.0000,0.0000
112.9000,24.5753,-0.6600,0.0000,523.1802,559.7759,22.7232,0.0000,0.0000
112.9167,24.5355,-0.7333,0.0000,527.9264,560.5202,18.9360,0.0000,0.0000
112.9333,24.4955,-0.8067,0.0000,532.6333,561.2601,15.1488,0.0000,0.0000
112.9500,24.4553,-0.8800,0.0000,537.3014,561.9955,11.3616,0.0000,0.0000
112.9667,24.4149,-0.9533,0.0000,541.9314,562.7266,7.5744,0.0000,0.0000
112.9833,24.3744,-1.0267,0.0000,546.5237,563.4534,3.7872,0.0000,0.0000
113.0000,24.3328,-1.1000,0.0000,551.1104,564.1583,0.0000,0.0000,0.0000
113.0167,24.2920,-1.1000,0.0000,552.9012,563.2534,0.0000,0.0000,0.0000
113.0333,24.2512,-1.1000,0.0000,554.6048,562.3479,0.0000,0.0000,0.0000
113.0500,24.2103,-1.1000,0.0000,556.2437,561.4417,0.0000,0.0000,0.0000
113.0667,24.1695,-1.1000,0.0000,557.8322,560.5350,0.0000,0.0000,0.0000
113.0833,24.1286,-1.1000,0.0000,559.3791,559.6278,0.0000,0.0000,0.0000
113.1000,24.0877,-1.1000,0.0000,560.8903,558.7201,0.0000,0.0000,0.0000
113.1167,24.0467,-1.1000,0.0000,562.3696,557.8119,0.0000,0.0000,0.0000
113.1333,24.0058,-1.1000,0.0000,563.8195,556.9033,0.0000,0.0000,0.0000
113.1500,23.9648,-1.1000,0.0000,565.2416,555.9942,0.0000,0.0000,0.0000
113.1667,23.9238,-1.1000,0.0000,566.6370,555.0848,0.0000,0.0000,0.0000
113.1833,23.8828,-1.1000,0.0000,568.0063,554.1750,0.0000,0.0000,0.0000
113.2000,23.8417,-1.1000,0.0000,569.3498,553.2649,0.0000,0.0000,0.0000
113.2167,23.8007,-1.1000,0.0000,570.6675,552.3544,0.0000,0.0000,0.0000
113.2333,23.7596,-1.1000,0.0000,571.9595,551.4436,0.0000,0.0000,0.0000
113.2500,23.7185,-1.1000,0.0000,573.2254,550.5325,0.0000,0.0000,0.0000
113.2667,23.6775,-1.1000,0.0000,574.4651,549.6212,0.0000,0.0000,0.0000
113.2833,23.6364,-1.1000,0.0000,575.6781,548.7096,0.0000,0.0000,0.0000
113.3000,23.5953,-1.1000,0.0000,576.8640,547.7978,0.0000,0.0000,0.0000
113.3167,23.5541,-1.1000,0.0000,578.0224,546.8857,0.0000,0.0000,0.0000
113.3333,23.5130,-1.1000,0.0000,579.1529,545.9736,0.0000,0.0000,0.0000
113.3500,23.4719,-1.1000,0.0000,580.2551,545.0612,0.0000,0.0000,0.0000
113.3667,23.4308,-1.1000,0.0000,581.3285,544.1487,0.0000,0.0000,0.0000
113.3833,23.3896,-1.1000,0.0000,582.3728,543.2361,0.0000,0.0000,0.0000
113.4000,23.3485,-1.1000,0.0000,583.3875,542.3235,0.0000,0.0000,0.0000
113.4167,23.3073,-1.1000,0.0000,584.3724,541.4108,0.0000,0.0000,0.0000
113.4333,23.2662,-1.1000,0.0000,585.3272,540.4980,0.0000,0.0000,0.0000
113.4500,23.2250,-1.1000,0.0000,586.2516,539.5852,0.0000,0.0000,0.0000
113.4667,23.1839,-1.1000,0.0000,587.1453,538.6725,0.0000,0.0000,0.0000
113.4833,23.1427,-1.1000,0.0000,588.0082,537.7597,0.0000,0.0000,0.0000
113.5000,23.1016,-1.1000,0.0000,588.8402,536.8471,0.0000,0.0000,0.0000
113.5167,23.0605,-1.1000,0.0000,589.6411,535.9345,0.0000,0.0000,0.0000
113.5333,23.0193,-1.1000,0.0000,590.4109,535.0221,0.0000,0.0000,0.0000
113.5500,22.9782,-1.1000,0.0000,591.1495,534.1098,0.0000,0.0000,0.0000
113.5667,22.9371,-1.1000,0.0000,591.8569,533.1976,0.0000,0.0000,0.0000
113.5833,22.8960,-1.1000,0.0000,592.5332,532.2857,0.0000,0.0000,0.0000
113.6000,22.8549,-1.1000,0.0000,593.1784,531.3740,0.0000,0.0000,0.0000
113.6167,22.8138,-1.1000,0.0000,593.7926,530.4625,0.0000,0.0000,0.0000
113.6333,22.7727,-1.1000,0.0000,594.3760,529.5512,0.0000,0.0000,0.0000
113.6500,22.7316,-1.1000,0.0000,594.9287,528.6403,0.0000,0.0000,0.0000
113.6667,22.6906,-1.1000,0.0000,595.4509,527.7297,0.0000,0.0000,0.0000
113.6833,22.6495,-1.1000,0.0000,595.9428,526.8194,0.0000,0.0000,0.0000
113.7000,22.6085,-1.1000,0.0000,596.4046,525.9095,0.0000,0.0000,0.0000
113.7167,22.5675,-1.1000,0.0000,596.8366,524.9999,0.0000,0.0000,0.0000
113.7333,22.5265,-1.1000,0.0000,597.2390,524.0908,0.0000,0.0000,0.0000
113.7500,22.4856,-1.1000,0.0000,597.6122,523.1821,0.0000,0.0000,0.0000
113.7667,22.4446,-1.1000,0.0000,597.9564,522.2739,0.0000,0.0000,0.0000
113.7833,22.4037,-1.1000,0.0000,598.2720,521.3661,0.0000,0.0000,0.0000
113.8000,22.3628,-1.1000,0.0000,598.5593,520.4589,0.0000,0.0000,0.0000
113.8167,22.3219,-1.1000,0.0000,598.8187,519.5521,0.0000,0.0000,0.0000
113.8333,22.2811,-1.1000,0.0000,599.0505,518.6459,0.0000,0.0000,0.0000
113.8500,22.2402,-1.1000,0.0000,599.2551,517.7403,0.0000,0.0000,0.0000
113.8667,22.1994,-1.1000,0.0000,599.4328,516.8353,0.0000,0.0000,0.0000
113.8833,22.1587,-1.1000,0.0000,599.5841,515.9309,0.0000,0.0000,0.0000
113.9000,22.1179,-1.1000,0.0000,599.7094,515.0271,0.0000,0.0000,0.0000
113.9167,22.0772,-1.1000,0.0000,599.8090,514.1240,0.0000,0.0000,0.0000
113.9333,22.0365,-1.1000,0.0000,599.8834,513.2215,0.0000,0.0000,0.0000
113.9500,21.9959,-1.1000,0.0000,599.9330,512.3197,0.0000,0.0000,0.0000
113.9667,21.9553,-1.1000,0.0000,599.9582,511.4187,0.0000,0.0000,0.0000
113.9833,21.9147,-1.1000,0.0000,599.9595,510.5183,0.0000,0.0000,0.0000
114.0000,21.8741,-1.1000,0.0000,599.9377,509.6187,0.0000,0.0000,0.0000
114.0167,21.8336,-1.1000,0.0000,599.8938,508.7199,0.0000,0.0000,0.0000
114.0333,21.7931,-1.1000,0.0000,599.8287,507.8219,0.0000,0.0000,0.0000
114.0500,21.7527,-1.1000,0.0000,599.7426,506.9246,0.0000,0.0000,0.0000
114.0667,21.7123,-1.1000,0.0000,599.6357,506.0282,0.0000,0.0000,0.0000
114.0833,21.6719,-1.1000,0.0000,599.5078,505.1326,0.0000,0.0000,0.0000
114.1000,21.6315,-1.1000,0.0000,599.3588,504.2378,0.0000,0.0000,0.0000
114.1167,21.5912,-1.1000,0.0000,599.1886,503.3439,0.0000,0.0000,0.0000
114.1333,21.5510,-1.1000,0.0000,598.9972,502.4509,0.0000,0.0000,0.0000
114.1500,21.5108,-1.1000,0.0000,598.7847,501.5588,0.0000,0.0000,0.0000
114.1667,21.4706,-1.1000,0.0000,598.5512,500.6676,0.0000,0.0000,0.0000
114.1833,21.4305,-1.1000,0.0000,598.2970,499.7773,0.0000,0.0000,0.0000
114.2000,21.3904,-1.1000,0.0000,598.0222,498.8880,0.0000,0.0000,0.0000
114.2167,21.3503,-1.1000,0.0000,597.7272,497.9996,0.0000,0.0000,0.0000
114.2333,21.3103,-1.1000,0.0000,597.4124,497.1122,0.0000,0.0000,0.0000
114.2500,21.2703,-1.1000,0.0000,597.0780,496.2258,0.0000,0.0000,0.0000
114.2667,21.2304,-1.1000,0.0000,596.7245,495.3404,0.0000,0.0000,0.0000
114.2833,21.1906,-1.1000,0.0000,596.3521,494.4560,0.0000,0.0000,0.0000
114.3000,21.1507,-1.1000,0.0000,595.9614,493.5726,0.0000,0.0000,0.0000
114.3167,21.1110,-1.1000,0.0000,595.5526,492.6903,0.0000,0.0000,0.0000
114.3333,21.0712,-1.1000,0.0000,595.1262,491.8090,0.0000,0.0000,0.0000
114.3500,21.0316,-1.1000,0.0000,594.6827,490.9289,0.0000,0.0000,0.0000
114.3667,20.9919,-1.1000,0.0000,594.2223,490.0498,0.0000,0.0000,0.0000
114.3833,20.9523,-1.1000,0.0000,593.7455,489.1718,0.0000,0.0000,0.0000
114.4000,20.9128,-1.1000,0.0000,593.2528,488.2949,0.0000,0.0000,0.0000
114.4167,20.8733,-1.1000,0.0000,592.7444,487.4191,0.0000,0.0000,0.0000
114.4333,20.8339,-1.1000,0.0000,592.2208,486.5445,0.0000,0.0000,0.0000
114.4500,20.7945,-1.1000,0.0000,591.6825,485.6710,0.0000,0.0000,0.0000
114.4667,20.7552,-1.1000,0.0000,591.1298,484.7987,0.0000,0.0000,0.0000
114.4833,20.7159,-1.1000,0.0000,590.5630,483.9275,0.0000,0.0000,0.0000
114.5000,20.6767,-1.1000,0.0000,589.9826,483.0575,0.0000,0.0000,0.0000
114.5167,20.6375,-1.1000,0.0000,589.3890,482.1887,0.0000,0.0000,0.0000
114.5333,20.5984,-1.1000,0.0000,588.7826,481.3211,0.0000,0.0000,0.0000
114.5500,20.5594,-1.1000,0.0000,588.1637,480.4547,0.0000,0.0000,0.0000
114.5667,20.5204,-1.1000,0.0000,587.5326,479.5895,0.0000,0.0000,0.0000
114.5833,20.4814,-1.1000,0.0000,586.8898,478.7255,0.0000,0.0000,0.0000
114.6000,20.4425,-1.1000,0.0000,586.2356,477.8628,0.0000,0.0000,0.0000
114.6167,20.4037,-1.1000,0.0000,585.5704,477.0013,0.0000,0.0000,0.0000
114.6333,20.3649,-1.1000,0.0000,584.8944,476.1410,0.0000,0.0000,0.0000
114.6500,20.3262,-1.1000,0.0000,584.2081,475.2820,0.0000,0.0000,0.0000
114.6667,20.2875,-1.1000,0.0000,583.5117,474.4242,0.0000,0.0000,0.0000
114.6833,20.2489,-1.1000,0.0000,582.8057,473.5678,0.0000,0.0000,0.0000
114.7000,20.2103,-1.1000,0.0000,582.0902,472.7126,0.0000,0.0000,0.0000
114.7167,20.1719,-1.1000,0.0000,581.3657,471.8586,0.0000,0.0000,0.0000
114.7333,20.1334,-1.1000,0.0000,580.6323,471.0060,0.0000,0.0000,0.0000
114.7500,20.0950,-1.1000,0.0000,579.8905,470.1546,0.0000,0.0000,0.0000
114.7667,20.0567,-1.1000,0.0000,579.1405,469.3046,0.0000,0.0000,0.0000
114.7833,20.0185,-1.1000,0.0000,578.3826,468.4558,0.0000,0.0000,0.0000
114.8000,19.9854,-1.1000,1463.6674,579.8227,467.7219,0.0000,0.0000,0.0000
114.8167,19.9613,-1.1000,3870.1767,585.0333,467.1880,0.0000,0.0000,0.0000
114.8333,19.9434,-1.1000,5656.4768,592.7025,466.7918,0.0000,0.0000,0.0000
114.8500,19.9301,-1.1000,6992.1178,602.0484,466.4955,0.0000,0.0000,0.0000
114.8667,19.9200,-1.1000,8000.0405,612.5156,466.2719,0.0000,0.0000,0.0000
114.8833,19.9123,-1.1000,8769.4101,623.7090,466.1013,0.0000,0.0000,0.0000
114.9000,19.9064,-1.1000,9364.9108,635.3480,465.9692,0.0000,0.0000,0.0000
114.9167,19.9017,-1.1000,9833.4801,647.2337,465.8652,0.0000,0.0000,0.0000
114.9333,19.8979,-1.1000,10209.1878,659.2256,465.7819,0.0000,0.0000,0.0000
114.9500,19.8948,-1.1000,10516.7731,671.2254,465.7137,0.0000,0.0000,0.0000
114.9667,19.8923,-1.1000,10774.2078,683.1645,465.6566,0.0000,0.0000,0.0000
114.9833,19.8901,-1.1000,10994.5550,694.9958,465.6077,0.0000,0.0000,0.0000
115.0000,19.8881,-1.1000,11187.3163,706.6878,465.5649,0.0000,0.0000,0.0000
115.0167,19.8863,-1.1367,11365.0111,719.5155,466.3389,0.0000,0.0000,0.0000
115.0333,19.8847,-1.1733,11531.1459,732.1536,467.1154,0.0000,0.0000,0.0000
115.0500,19.8831,-1.2100,11688.2889,744.6003,467.8939,0.0000,0.0000,0.0000
115.0667,19.8816,-1.2467,11838.3271,756.8565,468.6739,0.0000,0.0000,0.0000
115.0833,19.8802,-1.2833,11982.6521,768.9247,469.4553,0.0000,0.0000,0.0000
115.1000,19.8788,-1.3200,12122.2955,780.8089,470.2376,0.0000,0.0000,0.0000
115.1167,19.8774,-1.3567,12258.0269,792.5139,471.0209,0.0000,0.0000,0.0000
115.1333,19.8761,-1.3933,12390.4250,804.0448,471.8049,0.0000,0.0000,0.0000
115.1500,19.8748,-1.4300,12519.9288,815.4071,472.5895,0.0000,0.0000,0.0000
115.1667,19.8736,-1.4667,12637.0427,825.9994,473.3769,0.0000,0.0000,0.0000
115.1833,19.8725,-1.5033,12752.9751,836.4437,474.1645,0.0000,0.0000,0.0000
115.2000,19.8713,-1.5400,12867.6726,846.7483,474.9524,0.0000,0.0000,0.0000
115.2167,19.8702,-1.5767,12981.1113,856.9197,475.7406,0.0000,0.0000,0.0000
115.2333,19.8691,-1.6133,13093.2868,866.9633,476.5291,0.0000,0.0000,0.0000
115.2500,19.8680,-1.6500,13204.2082,876.8841,477.3178,0.0000,0.0000,0.0000
115.2667,19.8669,-1.6867,13313.8936,886.6865,478.1068,0.0000,0.0000,0.0000
115.2833,19.8658,-1.7233,13422.3670,896.3749,478.8961,0.0000,0.0000,0.0000
115.3000,19.8647,-1.7600,13529.6561,905.9532,479.6857,0.0000,0.0000,0.0000
115.3167,19.8636,-1.7967,13635.7913,915.4250,480.4755,0.0000,0.0000,0.0000
115.3333,19.8626,-1.8333,13740.8039,924.7939,481.2655,0.0000,0.0000,0.0000
115.3500,19.8616,-1.8700,13844.7258,934.0632,482.0558,0.0000,0.0000,0.0000
115.3667,19.8605,-1.9067,13947.5889,943.2361,482.8464,0.0000,0.0000,0.0000
115.3833,19.8595,-1.9433,14049.4246,952.3157,483.6371,0.0000,0.0000,0.0000
115.4000,19.8585,-1.9800,14150.2636,961.3047,484.4281,0.0000,0.0000,0.0000
115.4167,19.8575,-2.0167,14250.1358,970.2060,485.2193,0.0000,0.0000,0.0000
115.4333,19.8565,-2.0533,14349.0701,979.0220,486.0107,0.0000,0.0000,0.0000
115.4500,19.8555,-2.0900,14447.0944,987.7554,486.8023,0.0000,0.0000,0.0000
115.4667,19.8546,-2.1267,14544.2354,996.4084,487.5941,0.0000,0.0000,0.0000
115.4833,19.8536,-2.1633,14640.5191,1004.9834,488.3861,0.0000,0.0000,0.0000
115.5000,19.8526,-2.2000,14735.9702,1013.4824,489.1783,0.0000,0.0000,0.0000
115.5167,19.8517,-2.2367,14830.6122,1021.9076,489.9706,0.0000,0.0000,0.0000
115.5333,19.8508,-2.2733,14924.4681,1030.2609,490.7632,0.0000,0.0000,0.0000
115.5500,19.8498,-2.3100,15017.5594,1038.5442,491.5559,0.0000,0.0000,0.0000
115.5667,19.8489,-2.3467,15109.9071,1046.7594,492.3487,0.0000,0.0000,0.0000
115.5833,19.8480,-2.3833,15201.5310,1054.9081,493.1418,0.0000,0.0000,0.0000
115.6000,19.8471,-2.4200,15292.4503,1062.9919,493.9349,0.0000,0.0000,0.0000
115.6167,19.8462,-2.4567,15382.6832,1071.0126,494.7283,0.0000,0.0000,0.0000
115.6333,19.8453,-2.4933,15472.2473,1078.9715,495.5218,0.0000,0.0000,0.0000
115.6500,19.8444,-2.5300,15561.1592,1086.8702,496.3154,0.0000,0.0000,0.0000
115.6667,19.8435,-2.5667,15649.4350,1094.7101,497.1092,0.0000,0.0000,0.0000
115.6833,19.8426,-2.6033,15737.0901,1102.4924,497.9031,0.0000,0.0000,0.0000
115.7000,19.8418,-2.6400,15824.1392,1110.2185,498.6971,0.0000,0.0000,0.0000
115.7167,19.8409,-2.6767,15910.5964,1117.8895,499.4913,0.0000,0.0000,0.0000
115.7333,19.8400,-2.7133,15996.4754,1125.5068,500.2856,0.0000,0.0000,0.0000
115.7500,19.8392,-2.7500,16081.7890,1133.0713,501.0800,0.0000,0.0000,0.0000
115.7667,19.8383,-2.7867,16166.5498,1140.5842,501.8746,0.0000,0.0000,0.0000
115.7833,19.8375,-2.8233,16250.7697,1148.0466,502.6692,0.0000,0.0000,0.0000
115.8000,19.8367,-2.8600,16334.4602,1155.4594,503.4640,0.0000,0.0000,0.0000
115.8167,19.8358,-2.8967,16417.6324,1162.8236,504.2589,0.0000,0.0000,0.0000
115.8333,19.8350,-2.9333,16500.2968,1170.1402,505.0539,0.0000,0.0000,0.0000
115.8500,19.8342,-2.9700,16582.4637,1177.4101,505.8491,0.0000,0.0000,0.0000
115.8667,19.8334,-3.0067,16664.1429,1184.6340,506.6443,0.0000,0.0000,0.0000
115.8833,19.8325,-3.0433,16745.3438,1191.8129,507.4396,0.0000,0.0000,0.0000
115.9000,19.8317,-3.0800,16826.0756,1198.9475,508.2351,0.0000,0.0000,0.0000
115.9167,19.8309,-3.1167,16906.3469,1206.0387,509.0306,0.0000,0.0000,0.0000
115.9333,19.8301,-3.1533,16986.1662,1213.0871,509.8263,0.0000,0.0000,0.0000
115.9500,19.8293,-3.1900,17065.5416,1220.0935,510.6220,0.0000,0.0000,0.0000
115.9667,19.8286,-3.2267,17144.4810,1227.0586,511.4178,0.0000,0.0000,0.0000
115.9833,19.8278,-3.2633,17222.9919,1233.9831,512.2138,0.0000,0.0000,0.0000
116.0000,19.8269,-3.3000,17307.5293,1241.2342,513.0084,0.0000,0.0000,0.0000
116.0167,19.8262,-3.2817,17382.4871,1246.5057,512.5851,0.0000,0.0000,0.0000
116.0333,19.8255,-3.2633,17450.3850,1251.7659,512.1633,0.0000,0.0000,0.0000
116.0500,19.8249,-3.2450,17513.0494,1257.0060,511.7428,0.0000,0.0000,0.0000
116.0667,19.8243,-3.2267,17571.8027,1262.2196,511.3231,0.0000,0.0000,0.0000
116.0833,19.8237,-3.2083,17627.6006,1267.4010,510.9040,0.0000,0.0000,0.0000
116.1000,19.8232,-3.1900,17681.1317,1272.5454,510.4855,0.0000,0.0000,0.0000
116.1167,19.8227,-3.1717,17732.8903,1277.6486,510.0673,0.0000,0.0000,0.0000
116.1333,19.8222,-3.1533,17783.2296,1282.7072,509.6495,0.0000,0.0000,0.0000
116.1500,19.8217,-3.1350,17832.4004,1287.7179,509.2319,0.0000,0.0000,0.0000
116.1667,19.8212,-3.1167,17876.5413,1292.3316,508.8154,0.0000,0.0000,0.0000
116.1833,19.8208,-3.0983,17920.0228,1296.8953,508.3991,0.0000,0.0000,0.0000
116.2000,19.8204,-3.0800,17962.8846,1301.4089,507.9829,0.0000,0.0000,0.0000
116.2167,19.8199,-3.0617,18005.1549,1305.8717,507.5669,0.0000,0.0000,0.0000
116.2333,19.8195,-3.0433,18046.8527,1310.2829,507.1509,0.0000,0.0000,0.0000
116.2500,19.8191,-3.0250,18087.9902,1314.6415,506.7351,0.0000,0.0000,0.0000
116.2667,19.8187,-3.0067,18128.5747,1318.9470,506.3194,0.0000,0.0000,0.0000
116.2833,19.8183,-2.9883,18168.6098,1323.1984,505.9039,0.0000,0.0000,0.0000
116.3000,19.8179,-2.9700,18208.0967,1327.3953,505.4885,0.0000,0.0000,0.0000
116.3167,19.8175,-2.9517,18247.0349,1331.5370,505.0731,0.0000,0.0000,0.0000
116.3333,19.8171,-2.9333,18285.4230,1335.6231,504.6580,0.0000,0.0000,0.0000
116.3500,19.8168,-2.9150,18323.2590,1339.6533,504.2429,0.0000,0.0000,0.0000
116.3667,19.8164,-2.8967,18360.5406,1343.6272,503.8279,0.0000,0.0000,0.0000
116.3833,19.8160,-2.8783,18397.2657,1347.5447,503.4131,0.0000,0.0000,0.0000
116.4000,19.8157,-2.8600,18433.4323,1351.4056,502.9984,0.0000,0.0000,0.0000
116.4167,19.8153,-2.8417,18469.0385,1355.2098,502.5838,0.0000,0.0000,0.0000
116.4333,19.8150,-2.8233,18504.0833,1358.9573,502.1694,0.0000,0.0000,0.0000
116.4500,19.8146,-2.8050,18538.5655,1362.6483,501.7551,0.0000,0.0000,0.0000
116.4667,19.8143,-2.7867,18572.4849,1366.2826,501.3409,0.0000,0.0000,0.0000
116.4833,19.8139,-2.7683,18605.8414,1369.8606,500.9268,0.0000,0.0000,0.0000
116.5000,19.8136,-2.7500,18638.6355,1373.3823,500.5128,0.0000,0.0000,0.0000
116.5167,19.8133,-2.7317,18670.8682,1376.8481,500.0990,0.0000,0.0000,0.0000
116.5333,19.8130,-2.7133,18702.5408,1380.2582,499.6853,0.0000,0.0000,0.0000
116.5500,19.8127,-2.6950,18733.6552,1383.6129,499.2717,0.0000,0.0000,0.0000
116.5667,19.8124,-2.6767,18764.2135,1386.9125,498.8583,0.0000,0.0000,0.0000
116.5833,19.8121,-2.6583,18794.2184,1390.1575,498.4450,0.0000,0.0000,0.0000
116.6000,19.8118,-2.6400,18823.6726,1393.3481,498.0317,0.0000,0.0000,0.0000
116.6167,19.8115,-2.6217,18852.5794,1396.4849,497.6187,0.0000,0.0000,0.0000
116.6333,19.8112,-2.6033,18880.9424,1399.5682,497.2057,0.0000,0.0000,0.0000
116.6500,19.8109,-2.5850,18908.7654,1402.5986,496.7928,0.0000,0.0000,0.0000
116.6667,19.8106,-2.5667,18936.0523,1405.5765,496.3801,0.0000,0.0000,0.0000
116.6833,19.8104,-2.5483,18962.8075,1408.5024,495.9675,0.0000,0.0000,0.0000
116.7000,19.8101,-2.5300,18989.0355,1411.3768,495.5550,0.0000,0.0000,0.0000
116.7167,19.8099,-2.5117,19014.7408,1414.2003,495.1426,0.0000,0.0000,0.0000
116.7333,19.8096,-2.4933,19039.9285,1416.9734,494.7304,0.0000,0.0000,0.0000
116.7500,19.8094,-2.4750,19064.6033,1419.6966,494.3182,0.0000,0.0000,0.0000
116.7667,19.8091,-2.4567,19088.7705,1422.3705,493.9062,0.0000,0.0000,0.0000
116.7833,19.8089,-2.4383,19112.4353,1424.9956,493.4943,0.0000,0.0000,0.0000
116.8000,19.8086,-2.4200,19135.6031,1427.5726,493.0824,0.0000,0.0000,0.0000
116.8167,19.8084,-2.4017,19158.2792,1430.1019,492.6707,0.0000,0.0000,0.0000
116.8333,19.8082,-2.3833,19180.4691,1432.5842,492.2591,0.0000,0.0000,0.0000
116.8500,19.8080,-2.3650,19202.1785,1435.0200,491.8477,0.0000,0.0000,0.0000
116.8667,19.8078,-2.3467,19223.4129,1437.4099,491.4363,0.0000,0.0000,0.0000
116.8833,19.8076,-2.3283,19244.1779,1439.7546,491.0250,0.0000,0.0000,0.0000
116.9000,19.8074,-2.3100,19264.4794,1442.0545,490.6138,0.0000,0.0000,0.0000
116.9167,19.8072,-2.2917,19284.3229,1444.3102,490.2027,0.0000,0.0000,0.0000
116.9333,19.8070,-2.2733,19303.7142,1446.5223,489.7918,0.0000,0.0000,0.0000
116.9500,19.8068,-2.2550,19322.6589,1448.6915,489.3809,0.0000,0.0000,0.0000
116.9667,19.8066,-2.2367,19341.1629,1450.8182,488.9701,0.0000,0.0000,0.0000
116.9833,19.8064,-2.2183,19359.2319,1452.9031,488.5594,0.0000,0.0000,0.0000
117.0000,19.8062,-2.2000,19376.8714,1454.9466,488.1488,0.0000,0.0000,0.0000
117.0167,19.8060,-2.2100,19398.1399,1457.9525,488.3659,0.0000,0.0000,0.0000
117.0333,19.8058,-2.2200,19422.0044,1460.9063,488.5825,0.0000,0.0000,0.0000
117.0500,19.8055,-2.2300,19447.7005,1463.8125,488.7986,0.0000,0.0000,0.0000
117.0667,19.8053,-2.2400,19474.6631,1466.6748,489.0144,0.0000,0.0000,0.0000
117.0833,19.8050,-2.2500,19502.4758,1469.4964,489.2301,0.0000,0.0000,0.0000
117.1000,19.8047,-2.2600,19530.8327,1472.2802,489.4456,0.0000,0.0000,0.0000
117.1167,19.8044,-2.2700,19559.5102,1475.0285,489.6611,0.0000,0.0000,0.0000
117.1333,19.8041,-2.2800,19588.3462,1477.7437,489.8765,0.0000,0.0000,0.0000
117.1500,19.8038,-2.2900,19617.2238,1480.4278,490.0919,0.0000,0.0000,0.0000
117.1667,19.8035,-2.3000,19646.0600,1483.0827,490.3073,0.0000,0.0000,0.0000
117.1833,19.8033,-2.3100,19674.7969,1485.7102,490.5228,0.0000,0.0000,0.0000
117.2000,19.8030,-2.3200,19703.3949,1488.3118,490.7383,0.0000,0.0000,0.0000
117.2167,19.8027,-2.3300,19731.8280,1490.8891,490.9538,0.0000,0.0000,0.0000
117.2333,19.8024,-2.3400,19760.0803,1493.4434,491.1693,0.0000,0.0000,0.0000
117.2500,19.8021,-2.3500,19788.1430,1495.9762,491.3849,0.0000,0.0000,0.0000
117.2667,19.8018,-2.3600,19816.0124,1498.4885,491.6006,0.0000,0.0000,0.0000
117.2833,19.8016,-2.3700,19843.6888,1500.9815,491.8163,0.0000,0.0000,0.0000
117.3000,19.8013,-2.3800,19871.1748,1503.4563,492.0320,0.0000,0.0000,0.0000
117.3167,19.8010,-2.3900,19898.4749,1505.9139,492.2478,0.0000,0.0000,0.0000
117.3333,19.8007,-2.4000,19925.5950,1508.3552,492.4636,0.0000,0.0000,0.0000
117.3500,19.8005,-2.4100,19954.7969,1510.9186,492.6789,0.0000,0.0000,0.0000
117.3667,19.8002,-2.4200,19983.5862,1513.4677,492.8943,0.0000,0.0000,0.0000
117.3833,19.7999,-2.4300,20009.8354,1515.8679,493.1103,0.0000,0.0000,0.0000
117.4000,19.7996,-2.4400,20036.0333,1518.2558,493.3264,0.0000,0.0000,0.0000
117.4167,19.7994,-2.4500,20062.1650,1520.6326,493.5424,0.0000,0.0000,0.0000
117.4333,19.7991,-2.4600,20088.2217,1522.9993,493.7584,0.0000,0.0000,0.0000
117.4500,19.7989,-2.4700,20114.1988,1525.3566,493.9745,0.0000,0.0000,0.0000
117.4667,19.7986,-2.4800,20140.0940,1527.7051,494.1906,0.0000,0.0000,0.0000
117.4833,19.7983,-2.4900,20165.9071,1530.0452,494.4067,0.0000,0.0000,0.0000
117.5000,19.7981,-2.5000,20191.6383,1532.3772,494.6228,0.0000,0.0000,0.0000
117.5167,19.7978,-2.5100,20217.2888,1534.7015,494.8389,0.0000,0.0000,0.0000
117.5333,19.7976,-2.5200,20242.8596,1537.0182,495.0551,0.0000,0.0000,0.0000
117.5500,19.7973,-2.5300,20268.3523,1539.3274,495.2712,0.0000,0.0000,0.0000
117.5667,19.7971,-2.5400,20293.7682,1541.6293,495.4874,0.0000,0.0000,0.0000
117.5833,19.7968,-2.5500,20319.1085,1543.9241,495.7036,0.0000,0.0000,0.0000
117.6000,19.7966,-2.5600,20344.3744,1546.2118,495.9198,0.0000,0.0000,0.0000
117.6167,19.7963,-2.5700,20369.5673,1548.4926,496.1361,0.0000,0.0000,0.0000
117.6333,19.7961,-2.5800,20394.6880,1550.7664,496.3523,0.0000,0.0000,0.0000
117.6500,19.7958,-2.5900,20419.7376,1553.0334,496.5686,0.0000,0.0000,0.0000
117.6667,19.7956,-2.6000,20444.7171,1555.2936,496.7849,0.0000,0.0000,0.0000
117.6833,19.7953,-2.6100,20469.6272,1557.5472,497.0012,0.0000,0.0000,0.0000
117.7000,19.7951,-2.6200,20494.4689,1559.7942,497.2175,0.0000,0.0000,0.0000
117.7167,19.7948,-2.6300,20519.2427,1562.0345,497.4338,0.0000,0.0000,0.0000
117.7333,19.7946,-2.6400,20543.9495,1564.2684,497.6502,0.0000,0.0000,0.0000
117.7500,19.7943,-2.6500,20568.5898,1566.4958,497.8665,0.0000,0.0000,0.0000
117.7667,19.7941,-2.6600,20593.1642,1568.7168,498.0829,0.0000,0.0000,0.0000
117.7833,19.7938,-2.6700,20617.6733,1570.9314,498.2993,0.0000,0.0000,0.0000
117.8000,19.7936,-2.6800,20642.1177,1573.1396,498.5157,0.0000,0.0000,0.0000
117.8167,19.7933,-2.6900,20666.4977,1575.3416,498.7321,0.0000,0.0000,0.0000
117.8333,19.7931,-2.7000,20690.8139,1577.5373,498.9485,0.0000,0.0000,0.0000
117.8500,19.7928,-2.7100,20715.0666,1579.7268,499.1650,0.0000,0.0000,0.0000
117.8667,19.7926,-2.7200,20739.2562,1581.9100,499.3814,0.0000,0.0000,0.0000
117.8833,19.7924,-2.7300,20763.3831,1584.0871,499.5979,0.0000,0.0000,0.0000
117.9000,19.7921,-2.7400,20787.4477,1586.2580,499.8144,0.0000,0.0000,0.0000
117.9167,19.7919,-2.7500,20811.4502,1588.4228,500.0309,0.0000,0.0000,0.0000
117.9333,19.7916,-2.7600,20835.3909,1590.5816,500.2474,0.0000,0.0000,0.0000
117.9500,19.7914,-2.7700,20859.2701,1592.7342,500.4639,0.0000,0.0000,0.0000
117.9667,19.7912,-2.7800,20883.0880,1594.8807,500.6804,0.0000,0.0000,0.0000
117.9833,19.7909,-2.7900,20906.8449,1597.0212,500.8970,0.0000,0.0000,0.0000
118.0000,19.7907,-2.8000,20930.5409,1599.1557,501.1136,0.0000,0.0000,0.0000
118.0167,19.7905,-2.7900,20951.3148,1600.5758,500.8871,0.0000,0.0000,0.0000
118.0333,19.7903,-2.7800,20969.8991,1601.9979,500.6612,0.0000,0.0000,0.0000
118.0500,19.7901,-2.7700,20986.8372,1603.4194,500.4356,0.0000,0.0000,0.0000
118.0667,19.7900,-2.7600,21002.5312,1604.8377,500.2103,0.0000,0.0000,0.0000
118.0833,19.7898,-2.7500,21017.2784,1606.2510,499.9852,0.0000,0.0000,0.0000
118.1000,19.7897,-2.7400,21031.2973,1607.6573,499.7603,0.0000,0.0000,0.0000
118.1167,19.7896,-2.7300,21044.7481,1609.0552,499.5355,0.0000,0.0000,0.0000
118.1333,19.7894,-2.7200,21057.7477,1610.4431,499.3108,0.0000,0.0000,0.0000
118.1500,19.7893,-2.7100,21070.3803,1611.8197,499.0861,0.0000,0.0000,0.0000
118.1667,19.7892,-2.7000,21082.7064,1613.1838,498.8616,0.0000,0.0000,0.0000
118.1833,19.7891,-2.6900,21094.7686,1614.5343,498.6371,0.0000,0.0000,0.0000
118.2000,19.7889,-2.6800,21106.5963,1615.8702,498.4126,0.0000,0.0000,0.0000
118.2167,19.7888,-2.6700,21118.2097,1617.1907,498.1882,0.0000,0.0000,0.0000
118.2333,19.7887,-2.6600,21129.6217,1618.4949,497.9639,0.0000,0.0000,0.0000
118.2500,19.7886,-2.6500,21140.8404,1619.7822,497.7396,0.0000,0.0000,0.0000
118.2667,19.7885,-2.6400,21151.8700,1621.0518,497.5153,0.0000,0.0000,0.0000
118.2833,19.7884,-2.6300,21162.7125,1622.3031,497.2911,0.0000,0.0000,0.0000
118.3000,19.7883,-2.6200,21173.3680,1623.5358,497.0669,0.0000,0.0000,0.0000
118.3167,19.7882,-2.6100,21183.8354,1624.7493,496.8427,0.0000,0.0000,0.0000
118.3333,19.7881,-2.6000,21194.1130,1625.9432,496.6186,0.0000,0.0000,0.0000
118.3500,19.7880,-2.5900,21204.1986,1627.1172,496.3946,0.0000,0.0000,0.0000
118.3667,19.7879,-2.5800,21214.0898,1628.2710,496.1706,0.0000,0.0000,0.0000
118.3833,19.7878,-2.5700,21223.7842,1629.4044,495.9466,0.0000,0.0000,0.0000
118.4000,19.7877,-2.5600,21233.2794,1630.5170,495.7227,0.0000,0.0000,0.0000
118.4167,19.7876,-2.5500,21242.5733,1631.6088,495.4988,0.0000,0.0000,0.0000
118.4333,19.7875,-2.5400,21251.6638,1632.6796,495.2749,0.0000,0.0000,0.0000
118.4500,19.7874,-2.5300,21260.5491,1633.7294,495.0511,0.0000,0.0000,0.0000
118.4667,19.7873,-2.5200,21269.2277,1634.7579,494.8274,0.0000,0.0000,0.0000
118.4833,19.7872,-2.5100,21277.6984,1635.7652,494.6037,0.0000,0.0000,0.0000
118.5000,19.7871,-2.5000,21285.9600,1636.7512,494.3800,0.0000,0.0000,0.0000
118.5167,19.7871,-2.4900,21294.0119,1637.7160,494.1564,0.0000,0.0000,0.0000
118.5333,19.7870,-2.4800,21301.8534,1638.6595,493.9329,0.0000,0.0000,0.0000
118.5500,19.7869,-2.4700,21309.4843,1639.5818,493.7093,0.0000,0.0000,0.0000
118.5667,19.7868,-2.4600,21316.9045,1640.4830,493.4859,0.0000,0.0000,0.0000
118.5833,19.7868,-2.4500,21324.1141,1641.3631,493.2625,0.0000,0.0000,0.0000
118.6000,19.7867,-2.4400,21331.1133,1642.2223,493.0391,0.0000,0.0000,0.0000
118.6167,19.7866,-2.4300,21337.9027,1643.0605,492.8158,0.0000,0.0000,0.0000
118.6333,19.7866,-2.4200,21344.4829,1643.8780,492.5925,0.0000,0.0000,0.0000
118.6500,19.7865,-2.4100,21350.8546,1644.6748,492.3692,0.0000,0.0000,0.0000
118.6667,19.7864,-2.4000,21357.0189,1645.4511,492.1460,0.0000,0.0000,0.0000
118.6833,19.7864,-2.3900,21362.9768,1646.2070,491.9229,0.0000,0.0000,0.0000
118.7000,19.7863,-2.3800,21368.7294,1646.9428,491.6998,0.0000,0.0000,0.0000
118.7167,19.7863,-2.3700,21374.2780,1647.6584,491.4767,0.0000,0.0000,0.0000
118.7333,19.7862,-2.3600,21379.6239,1648.3542,491.2537,0.0000,0.0000,0.0000
118.7500,19.7862,-2.3500,21384.7687,1649.0303,491.0308,0.0000,0.0000,0.0000
118.7667,19.7861,-2.3400,21389.7138,1649.6868,490.8079,0.0000,0.0000,0.0000
118.7833,19.7861,-2.3300,21393.0897,1650.0973,490.5853,0.0000,0.0000,0.0000
118.8000,19.7860,-2.3200,21396.1573,1650.4968,490.3628,0.0000,0.0000,0.0000
118.8167,19.7860,-2.3100,21400.1420,1651.1056,490.1401,0.0000,0.0000,0.0000
118.8333,19.7860,-2.3000,21402.8849,1651.4791,489.9176,0.0000,0.0000,0.0000
118.8500,19.7859,-2.2900,21406.4522,1652.0546,489.6950,0.0000,0.0000,0.0000
118.8667,19.7859,-2.2800,21409.9634,1652.6108,489.4724,0.0000,0.0000,0.0000
118.8833,19.7859,-2.2700,21413.3856,1653.1482,489.2498,0.0000,0.0000,0.0000
118.9000,19.7858,-2.2600,21416.6945,1653.6669,489.0273,0.0000,0.0000,0.0000
118.9167,19.7858,-2.2500,21419.8725,1654.1671,488.8048,0.0000,0.0000,0.0000
118.9333,19.7858,-2.2400,21422.9068,1654.6491,488.5823,0.0000,0.0000,0.0000
118.9500,19.7857,-2.2300,21425.7884,1655.1130,488.3598,0.0000,0.0000,0.0000
118.9667,19.7857,-2.2200,21428.5109,1655.5591,488.1374,0.0000,0.0000,0.0000
118.9833,19.7857,-2.2100,21431.0701,1655.9876,487.9150,0.0000,0.0000,0.0000
119.0000,19.7857,-2.2000,21433.4634,1656.3986,487.6926,0.0000,0.0000,0.0000
119.0167,19.7856,-2.2183,21438.0896,1657.6280,488.0983,0.0000,0.0000,0.0000
119.0333,19.7855,-2.2367,21447.2228,1659.0013,488.5029,0.0000,0.0000,0.0000
119.0500,19.7854,-2.2550,21458.4437,1660.3500,488.9071,0.0000,0.0000,0.0000
119.0667,19.7853,-2.2733,21471.1796,1661.6774,489.3110,0.0000,0.0000,0.0000
119.0833,19.7851,-2.2917,21485.0073,1662.9863,489.7146,0.0000,0.0000,0.0000
119.1000,19.7850,-2.3100,21499.6146,1664.2790,490.1180,0.0000,0.0000,0.0000
119.1167,19.7849,-2.3283,21514.7723,1665.5576,490.5213,0.0000,0.0000,0.0000
119.1333,19.7847,-2.3467,21530.3129,1666.8239,490.9245,0.0000,0.0000,0.0000
119.1500,19.7845,-2.3650,21546.1147,1668.0796,491.3277,0.0000,0.0000,0.0000
119.1667,19.7844,-2.3833,21562.0903,1669.3264,491.7308,0.0000,0.0000,0.0000
119.1833,19.7842,-2.4017,21578.1773,1670.5655,492.1340,0.0000,0.0000,0.0000
119.2000,19.7841,-2.4200,21594.3322,1671.7982,492.5370,0.0000,0.0000,0.0000
119.2167,19.7839,-2.4383,21610.5252,1673.0258,492.9401,0.0000,0.0000,0.0000
119.2333,19.7837,-2.4567,21626.7367,1674.2494,493.3432,0.0000,0.0000,0.0000
119.2500,19.7836,-2.4750,21642.9544,1675.4698,493.7463,0.0000,0.0000,0.0000
119.2667,19.7834,-2.4933,21659.1713,1676.6882,494.1494,0.0000,0.0000,0.0000
119.2833,19.7832,-2.5117,21675.3843,1677.9052,494.5524,0.0000,0.0000,0.0000
119.3000,19.7831,-2.5300,21691.5931,1679.1217,494.9555,0.0000,0.0000,0.0000
119.3167,19.7829,-2.5483,21707.7990,1680.3383,495.3586,0.0000,0.0000,0.0000
119.3333,19.7828,-2.5667,21724.0049,1681.5558,495.7617,0.0000,0.0000,0.0000
119.3500,19.7826,-2.5850,21740.2144,1682.7748,496.1648,0.0000,0.0000,0.0000
119.3667,19.7824,-2.6033,21756.4313,1683.9958,496.5678,0.0000,0.0000,0.0000
119.3833,19.7823,-2.6217,21772.6602,1685.2192,496.9709,0.0000,0.0000,0.0000
119.4000,19.7821,-2.6400,21788.9052,1686.4456,497.3740,0.0000,0.0000,0.0000
119.4167,19.7819,-2.6583,21805.1708,1687.6754,497.7771,0.0000,0.0000,0.0000
119.4333,19.7818,-2.6767,21821.4611,1688.9090,498.1801,0.0000,0.0000,0.0000
119.4500,19.7816,-2.6950,21837.7802,1690.1466,498.5832,0.0000,0.0000,0.0000
119.4667,19.7815,-2.7133,21854.1317,1691.3887,498.9862,0.0000,0.0000,0.0000
119.4833,19.7813,-2.7317,21870.5193,1692.6354,499.3893,0.0000,0.0000,0.0000
119.5000,19.7811,-2.7500,21886.9461,1693.8870,499.7923,0.0000,0.0000,0.0000
119.5167,19.7810,-2.7683,21903.4152,1695.1438,500.1953,0.0000,0.0000,0.0000
119.5333,19.7808,-2.7867,21919.9292,1696.4060,500.5983,0.0000,0.0000,0.0000
119.5500,19.7806,-2.8050,21936.4906,1697.6736,501.0013,0.0000,0.0000,0.0000
119.5667,19.7805,-2.8233,21953.1015,1698.9468,501.4043,0.0000,0.0000,0.0000
119.5833,19.7803,-2.8417,21969.7640,1700.2258,501.8073,0.0000,0.0000,0.0000
119.6000,19.7801,-2.8600,21986.4798,1701.5107,502.2103,0.0000,0.0000,0.0000
119.6167,19.7800,-2.8783,22003.2502,1702.8015,502.6132,0.0000,0.0000,0.0000
119.6333,19.7798,-2.8967,22020.0766,1704.0983,503.0162,0.0000,0.0000,0.0000
119.6500,19.7796,-2.9150,22036.9601,1705.4011,503.4191,0.0000,0.0000,0.0000
119.6667,19.7795,-2.9333,22053.9015,1706.7100,503.8220,0.0000,0.0000,0.0000
119.6833,19.7793,-2.9517,22070.9015,1708.0250,504.2249,0.0000,0.0000,0.0000
119.7000,19.7791,-2.9700,22087.9607,1709.3461,504.6278,0.0000,0.0000,0.0000
119.7167,19.7789,-2.9883,22105.0795,1710.6732,505.0307,0.0000,0.0000,0.0000
119.7333,19.7788,-3.0067,22122.2581,1712.0065,505.4336,0.0000,0.0000,0.0000
119.7500,19.7786,-3.0250,22139.4965,1713.3458,505.8364,0.0000,0.0000,0.0000
119.7667,19.7784,-3.0433,22156.7949,1714.6910,506.2392,0.0000,0.0000,0.0000
119.7833,19.7783,-3.0617,22174.1530,1716.0422,506.6421,0.0000,0.0000,0.0000
119.8000,19.7781,-3.0800,22191.5706,1717.3993,507.0449,0.0000,0.0000,0.0000
119.8167,19.7779,-3.0983,22209.0474,1718.7623,507.4477,0.0000,0.0000,0.0000
119.8333,19.7777,-3.1167,22226.5829,1720.1310,507.8505,0.0000,0.0000,0.0000
119.8500,19.7776,-3.1350,22244.1767,1721.5053,508.2532,0.0000,0.0000,0.0000
119.8667,19.7774,-3.1533,22261.8281,1722.8853,508.6560,0.0000,0.0000,0.0000
119.8833,19.7772,-3.1717,22279.5366,1724.2708,509.0587,0.0000,0.0000,0.0000
119.9000,19.7770,-3.1900,22297.3013,1725.6617,509.4615,0.0000,0.0000,0.0000
119.9167,19.7768,-3.2083,22315.1215,1727.0579,509.8642,0.0000,0.0000,0.0000
119.9333,19.7767,-3.2267,22332.9964,1728.4594,510.2669,0.0000,0.0000,0.0000
119.9500,19.7765,-3.2450,22350.9251,1729.8660,510.6696,0.0000,0.0000,0.0000
119.9667,19.7763,-3.2633,22368.9067,1731.2776,511.0723,0.0000,0.0000,0.0000
119.9833,19.7761,-3.2817,22386.9403,1732.6941,511.4750,0.0000,0.0000,0.0000
120.0000,19.7759,-3.3000,22405.0247,1734.1154,511.8776,0.0000,0.0000,0.0000
120.0167,19.7758,-3.3000,22420.5347,1734.8915,511.8742,0.0000,0.0000,0.0000
120.0333,19.7757,-3.3000,22434.1404,1735.6794,511.8712,0.0000,0.0000,0.0000
120.0500,19.7756,-3.3000,22443.3041,1736.2963,511.8691,0.0000,0.0000,0.0000
120.0667,19.7755,-3.3000,22451.8997,1736.9170,511.8672,0.0000,0.0000,0.0000
120.0833,19.7754,-3.3000,22460.0424,1737.5411,511.8654,0.0000,0.0000,0.0000
120.1000,19.7753,-3.3000,22467.8243,1738.1681,511.8637,0.0000,0.0000,0.0000
120.1167,19.7752,-3.3000,22475.3194,1738.7976,511.8620,0.0000,0.0000,0.0000
120.1333,19.7752,-3.3000,22482.5863,1739.4292,511.8604,0.0000,0.0000,0.0000
120.1500,19.7751,-3.3000,22489.6722,1740.0626,511.8589,0.0000,0.0000,0.0000
120.1667,19.7750,-3.3000,22496.6143,1740.6974,511.8573,0.0000,0.0000,0.0000
120.1833,19.7750,-3.3000,22503.4422,1741.3332,511.8558,0.0000,0.0000,0.0000
120.2000,19.7749,-3.3000,22510.1793,1741.9700,511.8543,0.0000,0.0000,0.0000
120.2167,19.7748,-3.3000,22516.8442,1742.6073,511.8528,0.0000,0.0000,0.0000
120.2333,19.7748,-3.3000,22523.4513,1743.2450,511.8514,0.0000,0.0000,0.0000
120.2500,19.7747,-3.3000,22530.0119,1743.8828,511.8499,0.0000,0.0000,0.0000
120.2667,19.7746,-3.3000,22536.5348,1744.5206,511.8485,0.0000,0.0000,0.0000
120.2833,19.7746,-3.3000,22543.0266,1745.1581,511.8470,0.0000,0.0000,0.0000
120.3000,19.7745,-3.3000,22549.4925,1745.7952,511.8456,0.0000,0.0000,0.0000
120.3167,19.7744,-3.3000,22555.9362,1746.4316,511.8442,0.0000,0.0000,0.0000
120.3333,19.7744,-3.3000,22562.3605,1747.0673,511.8427,0.0000,0.0000,0.0000
120.3500,19.7743,-3.3000,22568.7675,1747.7021,511.8413,0.0000,0.0000,0.0000
120.3667,19.7742,-3.3000,22575.1583,1748.3359,511.8399,0.0000,0.0000,0.0000
120.3833,19.7742,-3.3000,22581.5338,1748.9685,511.8385,0.0000,0.0000,0.0000
120.4000,19.7741,-3.3000,22587.8945,1749.5998,511.8371,0.0000,0.0000,0.0000
120.4167,19.7741,-3.3000,22594.2405,1750.2296,511.8357,0.0000,0.0000,0.0000
120.4333,19.7740,-3.3000,22600.5716,1750.8580,511.8343,0.0000,0.0000,0.0000
120.4500,19.7739,-3.3000,22606.8875,1751.4847,511.8329,0.0000,0.0000,0.0000
120.4667,19.7739,-3.3000,22613.1879,1752.1096,511.8315,0.0000,0.0000,0.0000
120.4833,19.7738,-3.3000,22619.4722,1752.7328,511.8301,0.0000,0.0000,0.0000
120.5000,19.7737,-3.3000,22625.7398,1753.3540,511.8287,0.0000,0.0000,0.0000
120.5167,19.7737,-3.3000,22631.9902,1753.9733,511.8273,0.0000,0.0000,0.0000
120.5333,19.7736,-3.3000,22638.2225,1754.5904,511.8259,0.0000,0.0000,0.0000
120.5500,19.7736,-3.3000,22644.4361,1755.2054,511.8245,0.0000,0.0000,0.0000
120.5667,19.7735,-3.3000,22650.6305,1755.8182,511.8232,0.0000,0.0000,0.0000
120.5833,19.7734,-3.3000,22656.8048,1756.4287,511.8218,0.0000,0.0000,0.0000
120.6000,19.7734,-3.3000,22662.9584,1757.0368,511.8204,0.0000,0.0000,0.0000
120.6167,19.7733,-3.3000,22669.0908,1757.6426,511.8191,0.0000,0.0000,0.0000
120.6333,19.7732,-3.3000,22675.2012,1758.2458,511.8177,0.0000,0.0000,0.0000
120.6500,19.7732,-3.3000,22681.2890,1758.8466,511.8164,0.0000,0.0000,0.0000
120.6667,19.7731,-3.3000,22687.3537,1759.4448,511.8150,0.0000,0.0000,0.0000
120.6833,19.7731,-3.3000,22693.3948,1760.0404,511.8137,0.0000,0.0000,0.0000
120.7000,19.7730,-3.3000,22699.4116,1760.6334,511.8123,0.0000,0.0000,0.0000
120.7167,19.7729,-3.3000,22705.4038,1761.2237,511.8110,0.0000,0.0000,0.0000
120.7333,19.7729,-3.3000,22711.3709,1761.8113,511.8097,0.0000,0.0000,0.0000
120.7500,19.7728,-3.3000,22717.3123,1762.3961,511.8084,0.0000,0.0000,0.0000
120.7667,19.7728,-3.3000,22723.2278,1762.9782,511.8071,0.0000,0.0000,0.0000
120.7833,19.7727,-3.3000,22729.1169,1763.5574,511.8057,0.0000,0.0000,0.0000
120.8000,19.7727,-3.3000,22734.9792,1764.1338,511.8044,0.0000,0.0000,0.0000
120.8167,19.7726,-3.3000,22740.8145,1764.7074,511.8032,0.0000,0.0000,0.0000
120.8333,19.7725,-3.3000,22746.6224,1765.2781,511.8019,0.0000,0.0000,0.0000
120.8500,19.7725,-3.3000,22752.4027,1765.8459,511.8006,0.0000,0.0000,0.0000
120.8667,19.7724,-3.3000,22758.1551,1766.4108,511.7993,0.0000,0.0000,0.0000
120.8833,19.7724,-3.3000,22763.8793,1766.9728,511.7980,0.0000,0.0000,0.0000
120.9000,19.7723,-3.3000,22769.5751,1767.5319,511.7968,0.0000,0.0000,0.0000
120.9167,19.7722,-3.3000,22775.2425,1768.0880,511.7955,0.0000,0.0000,0.0000
120.9333,19.7722,-3.3000,22780.8810,1768.6411,511.7943,0.0000,0.0000,0.0000
120.9500,19.7721,-3.3000,22786.4907,1769.1913,511.7930,0.0000,0.0000,0.0000
120.9667,19.7721,-3.3000,22792.0714,1769.7386,511.7918,0.0000,0.0000,0.0000
120.9833,19.7720,-3.3000,22797.6230,1770.2828,511.7906,0.0000,0.0000,0.0000
121.0000,19.7720,-3.3000,22803.1453,1770.8241,511.7893,0.0000,0.0000,0.0000
121.0167,19.7720,-3.2450,22802.6607,1769.5696,510.5694,0.0000,0.0000,0.0000
121.0333,19.7720,-3.1900,22795.8832,1768.3812,509.3509,0.0000,0.0000,0.0000
121.0500,19.7722,-3.1350,22784.5392,1767.2024,508.1334,0.0000,0.0000,0.0000
121.0667,19.7723,-3.0800,22769.8526,1766.0268,506.9166,0.0000,0.0000,0.0000
121.0833,19.7725,-3.0250,22752.7083,1764.8494,505.7004,0.0000,0.0000,0.0000
121.1000,19.7727,-2.9700,22733.7448,1763.6659,504.4846,0.0000,0.0000,0.0000
121.1167,19.7729,-2.9150,22713.4209,1762.4728,503.2690,0.0000,0.0000,0.0000
121.1333,19.7731,-2.8600,22692.0653,1761.2672,502.0538,0.0000,0.0000,0.0000
121.1500,19.7733,-2.8050,22669.9122,1760.0463,500.8386,0.0000,0.0000,0.0000
121.1667,19.7735,-2.7500,22647.1270,1758.8077,499.6237,0.0000,0.0000,0.0000
121.1833,19.7738,-2.6950,22623.8256,1757.5493,498.4088,0.0000,0.0000,0.0000
121.2000,19.7740,-2.6400,22600.0881,1756.2693,497.1941,0.0000,0.0000,0.0000
121.2167,19.7742,-2.5850,22575.9687,1754.9660,495.9794,0.0000,0.0000,0.0000
121.2333,19.7745,-2.5300,22551.5034,1753.6379,494.7648,0.0000,0.0000,0.0000
121.2500,19.7747,-2.4750,22526.7147,1752.2837,493.5502,0.0000,0.0000,0.0000
121.2667,19.7750,-2.4200,22501.6162,1750.9021,492.3358,0.0000,0.0000,0.0000
121.2833,19.7752,-2.3650,22476.2149,1749.4921,491.1214,0.0000,0.0000,0.0000
121.3000,19.7755,-2.3100,22450.5134,1748.0527,489.9071,0.0000,0.0000,0.0000
121.3167,19.7758,-2.2550,22424.5113,1746.5830,488.6928,0.0000,0.0000,0.0000
121.3333,19.7760,-2.2000,22398.2063,1745.0824,487.4786,0.0000,0.0000,0.0000
121.3500,19.7763,-2.1450,22371.5949,1743.5500,486.2645,0.0000,0.0000,0.0000
121.3667,19.7766,-2.0900,22344.6731,1741.9854,485.0504,0.0000,0.0000,0.0000
121.3833,19.7768,-2.0350,22317.4365,1740.3880,483.8365,0.0000,0.0000,0.0000
121.4000,19.7771,-1.9800,22289.8807,1738.7575,482.6225,0.0000,0.0000,0.0000
121.4167,19.7774,-1.9250,22262.0016,1737.0934,481.4087,0.0000,0.0000,0.0000
121.4333,19.7777,-1.8700,22233.7954,1735.3954,480.1949,0.0000,0.0000,0.0000
121.4500,19.7779,-1.8150,22205.2587,1733.6633,478.9812,0.0000,0.0000,0.0000
121.4667,19.7782,-1.7600,22176.3883,1731.8970,477.7676,0.0000,0.0000,0.0000
121.4833,19.7785,-1.7050,22147.1817,1730.0963,476.5541,0.0000,0.0000,0.0000
121.5000,19.7788,-1.6500,22117.6368,1728.2610,475.3406,0.0000,0.0000,0.0000
121.5167,19.7791,-1.5950,22087.7520,1726.3913,474.1272,0.0000,0.0000,0.0000
121.5333,19.7794,-1.5400,22057.5261,1724.4870,472.9139,0.0000,0.0000,0.0000
121.5500,19.7797,-1.4850,22026.9583,1722.5482,471.7006,0.0000,0.0000,0.0000
121.5667,19.7800,-1.4300,21996.0482,1720.5751,470.4875,0.0000,0.0000,0.0000
121.5833,19.7804,-1.3750,21964.7959,1718.5677,469.2744,0.0000,0.0000,0.0000
121.6000,19.7807,-1.3200,21933.2018,1716.5261,468.0613,0.0000,0.0000,0.0000
121.6167,19.7810,-1.2650,21901.2666,1714.4505,466.8484,0.0000,0.0000,0.0000
121.6333,19.7813,-1.2100,21868.9914,1712.3412,465.6355,0.0000,0.0000,0.0000
121.6500,19.7816,-1.1550,21836.3776,1710.1983,464.4227,0.0000,0.0000,0.0000
121.6667,19.7820,-1.1000,21803.4269,1708.0222,463.2100,0.0000,0.0000,0.0000
121.6833,19.7823,-1.0450,21770.1411,1705.8129,461.9974,0.0000,0.0000,0.0000
121.7000,19.7826,-0.9900,21736.5225,1703.5710,460.7848,0.0000,0.0000,0.0000
121.7167,19.7830,-0.9350,21702.5733,1701.2965,459.5723,0.0000,0.0000,0.0000
121.7333,19.7833,-0.8800,21668.2961,1698.9899,458.3599,0.0000,0.0000,0.0000
121.7500,19.7837,-0.8250,21633.6938,1696.6515,457.1475,0.0000,0.0000,0.0000
121.7667,19.7840,-0.7700,21598.7691,1694.2815,455.9353,0.0000,0.0000,0.0000
121.7833,19.7844,-0.7150,21563.5252,1691.8805,454.7231,0.0000,0.0000,0.0000
121.8000,19.7847,-0.6600,21527.9653,1689.4486,453.5109,0.0000,0.0000,0.0000
121.8167,19.7851,-0.6050,21492.0926,1686.9864,452.2989,0.0000,0.0000,0.0000
121.8333,19.7854,-0.5500,21455.9107,1684.4941,451.0869,0.0000,0.0000,0.0000
121.8500,19.7858,-0.4950,21419.4229,1681.9721,449.8749,0.0000,0.0000,0.0000
121.8667,19.7862,-0.4400,21382.6328,1679.4208,448.6631,0.0000,0.0000,0.0000
121.8833,19.7865,-0.3850,21345.5442,1676.8406,447.4513,0.0000,0.0000,0.0000
121.9000,19.7869,-0.3300,21308.1606,1674.2319,446.2395,0.0000,0.0000,0.0000
121.9167,19.7873,-0.2750,21270.4860,1671.5950,445.0278,0.0000,0.0000,0.0000
121.9333,19.7877,-0.2200,21232.5239,1668.9304,443.8162,0.0000,0.0000,0.0000
121.9500,19.7881,-0.1650,21194.2784,1666.2385,442.6047,0.0000,0.0000,0.0000
121.9667,19.7884,-0.1100,21155.7532,1663.5196,441.3932,0.0000,0.0000,0.0000
121.9833,19.7888,-0.0550,21116.9522,1660.7741,440.1818,0.0000,0.0000,0.0000
122.0000,19.7892,0.0000,21077.8793,1658.0025,438.9704,0.0000,0.0000,0.0000
122.0167,19.7895,0.0183,21046.4688,1656.5546,438.5707,0.0000,0.0000,0.0000
122.0333,19.7898,0.0367,21018.1916,1655.0742,438.1703,0.0000,0.0000,0.0000
122.0500,19.7901,0.0550,20992.1950,1653.5645,437.7694,0.0000,0.0000,0.0000
122.0667,19.7903,0.0733,20967.8467,1652.0288,437.3681,0.0000,0.0000,0.0000
122.0833,19.7906,0.0917,20944.6782,1650.4697,436.9666,0.0000,0.0000,0.0000
122.1000,19.7908,0.1100,20922.3438,1648.8897,436.5649,0.0000,0.0000,0.0000
122.1167,19.7910,0.1283,20900.5890,1647.2909,436.1630,0.0000,0.0000,0.0000
122.1333,19.7912,0.1467,20879.2274,1645.6751,435.7611,0.0000,0.0000,0.0000
122.1500,19.7914,0.1650,20858.1234,1644.0442,435.3591,0.0000,0.0000,0.0000
122.1667,19.7916,0.1833,20837.1789,1642.3997,434.9571,0.0000,0.0000,0.0000
122.1833,19.7918,0.2017,20816.3237,1640.7429,434.5550,0.0000,0.0000,0.0000
122.2000,19.7920,0.2200,20795.5085,1639.0752,434.1530,0.0000,0.0000,0.0000
122.2167,19.7923,0.2383,20774.6991,1637.3979,433.7509,0.0000,0.0000,0.0000
122.2333,19.7925,0.2567,20753.8727,1635.7119,433.3489,0.0000,0.0000,0.0000
122.2500,19.7927,0.2750,20733.0147,1634.0184,432.9468,0.0000,0.0000,0.0000
122.2667,19.7929,0.2933,20712.1163,1632.3182,432.5448,0.0000,0.0000,0.0000
122.2833,19.7931,0.3117,20691.1734,1630.6123,432.1427,0.0000,0.0000,0.0000
122.3000,19.7933,0.3300,20670.1846,1628.9014,431.7407,0.0000,0.0000,0.0000
122.3167,19.7935,0.3483,20649.1509,1627.1864,431.3387,0.0000,0.0000,0.0000
122.3333,19.7937,0.3667,20628.0748,1625.4678,430.9367,0.0000,0.0000,0.0000
122.3500,19.7939,0.3850,20606.9597,1623.7465,430.5347,0.0000,0.0000,0.0000
122.3667,19.7941,0.4033,20585.8097,1622.0228,430.1327,0.0000,0.0000,0.0000
122.3833,19.7944,0.4217,20564.6293,1620.2975,429.7308,0.0000,0.0000,0.0000
122.4000,19.7946,0.4400,20543.4231,1618.5710,429.3288,0.0000,0.0000,0.0000
122.4167,19.7948,0.4583,20522.1957,1616.8438,428.9268,0.0000,0.0000,0.0000
122.4333,19.7950,0.4767,20500.9516,1615.1163,428.5249,0.0000,0.0000,0.0000
122.4500,19.7952,0.4950,20479.6953,1613.3889,428.1229,0.0000,0.0000,0.0000
122.4667,19.7954,0.5133,20458.4310,1611.6621,427.7209,0.0000,0.0000,0.0000
122.4833,19.7956,0.5317,20437.1628,1609.9360,427.3190,0.0000,0.0000,0.0000
122.5000,19.7958,0.5500,20415.8944,1608.2111,426.9170,0.0000,0.0000,0.0000
122.5167,19.7961,0.5683,20394.6295,1606.4876,426.5151,0.0000,0.0000,0.0000
122.5333,19.7963,0.5867,20373.3712,1604.7658,426.1131,0.0000,0.0000,0.0000
122.5500,19.7965,0.6050,20352.1226,1603.0459,425.7111,0.0000,0.0000,0.0000
122.5667,19.7967,0.6233,20330.8866,1601.3282,425.3092,0.0000,0.0000,0.0000
122.5833,19.7969,0.6417,20309.6658,1599.6127,424.9072,0.0000,0.0000,0.0000
122.6000,19.7971,0.6600,20288.4625,1597.8997,424.5052,0.0000,0.0000,0.0000
122.6167,19.7973,0.6783,20267.2789,1596.1893,424.1033,0.0000,0.0000,0.0000
122.6333,19.7975,0.6967,20246.1170,1594.4817,423.7013,0.0000,0.0000,0.0000
122.6500,19.7978,0.7150,20224.9784,1592.7770,423.2993,0.0000,0.0000,0.0000
122.6667,19.7980,0.7333,20203.8649,1591.0753,422.8973,0.0000,0.0000,0.0000
122.6833,19.7982,0.7517,20182.7777,1589.3766,422.4953,0.0000,0.0000,0.0000
122.7000,19.7984,0.7700,20161.7182,1587.6811,422.0933,0.0000,0.0000,0.0000
122.7167,19.7986,0.7883,20140.6875,1585.9889,421.6913,0.0000,0.0000,0.0000
122.7333,19.7988,0.8067,20119.6865,1584.2998,421.2893,0.0000,0.0000,0.0000
122.7500,19.7990,0.8250,20098.7160,1582.6141,420.8872,0.0000,0.0000,0.0000
122.7667,19.7992,0.8433,20077.7768,1580.9318,420.4852,0.0000,0.0000,0.0000
122.7833,19.7994,0.8617,20056.8694,1579.2528,420.0832,0.0000,0.0000,0.0000
122.8000,19.7996,0.8800,20035.9943,1577.5772,419.6811,0.0000,0.0000,0.0000
122.8167,19.7998,0.8983,20015.1520,1575.9050,419.2791,0.0000,0.0000,0.0000
122.8333,19.8001,0.9167,19994.3426,1574.2362,418.8770,0.0000,0.0000,0.0000
122.8500,19.8003,0.9350,19973.5664,1572.5708,418.4750,0.0000,0.0000,0.0000
122.8667,19.8005,0.9533,19952.8236,1570.9087,418.0729,0.0000,0.0000,0.0000
122.8833,19.8007,0.9717,19932.1141,1569.2500,417.6708,0.0000,0.0000,0.0000
122.9000,19.8009,0.9900,19911.4379,1567.5947,417.2687,0.0000,0.0000,0.0000
122.9167,19.8011,1.0083,19890.7949,1565.9426,416.8666,0.0000,0.0000,0.0000
122.9333,19.8013,1.0267,19870.1851,1564.2938,416.4645,0.0000,0.0000,0.0000
122.9500,19.8015,1.0450,19849.6081,1562.6483,416.0624,0.0000,0.0000,0.0000
122.9667,19.8017,1.0633,19829.0638,1561.0059,415.6603,0.0000,0.0000,0.0000
122.9833,19.8019,1.0817,19808.5518,1559.3667,415.2582,0.0000,0.0000,0.0000
123.0000,19.8021,1.1000,19788.0719,1557.7306,414.8560,0.0000,0.0000,0.0000
123.0167,19.8022,1.0350,19779.5641,1559.0563,416.2998,0.0000,0.0000,0.0000
123.0333,19.8022,0.9700,19779.8225,1560.2889,417.7415,0.0000,0.0000,0.0000
123.0500,19.8021,0.9050,19787.0670,1561.5035,419.1818,0.0000,0.0000,0.0000
123.0667,19.8020,0.8400,19799.4146,1562.7094,420.6209,0.0000,0.0000,0.0000
123.0833,19.8018,0.7750,19815.5028,1563.9137,422.0592,0.0000,0.0000,0.0000
123.1000,19.8017,0.7100,19834.3477,1565.1224,423.4969,0.0000,0.0000,0.0000
123.1167,19.8014,0.6450,19855.2408,1566.3408,424.9341,0.0000,0.0000,0.0000
123.1333,19.8012,0.5800,19877.6744,1567.5733,426.3709,0.0000,0.0000,0.0000
123.1500,19.8010,0.5150,19901.2865,1568.8240,427.8076,0.0000,0.0000,0.0000
123.1667,19.8007,0.4500,19925.8209,1570.0964,429.2440,0.0000,0.0000,0.0000
123.1833,19.8005,0.3850,19951.0982,1571.3937,430.6802,0.0000,0.0000,0.0000
123.2000,19.8002,0.3200,19976.9943,1572.7188,432.1163,0.0000,0.0000,0.0000
123.2167,19.8000,0.2550,20003.4253,1574.0744,433.5523,0.0000,0.0000,0.0000
123.2333,19.7997,0.1900,20030.3358,1575.4628,434.9882,0.0000,0.0000,0.0000
123.2500,19.7994,0.1250,20057.6908,1576.8861,436.4240,0.0000,0.0000,0.0000
123.2667,19.7991,0.0600,20085.4698,1578.3462,437.8596,0.0000,0.0000,0.0000
123.2833,19.7989,-0.0050,20113.6625,1579.8450,439.2952,0.0000,0.0000,0.0000
123.3000,19.7986,-0.0700,20142.2654,1581.3840,440.7307,0.0000,0.0000,0.0000
123.3167,19.7983,-0.1350,20171.2797,1582.9646,442.1662,0.0000,0.0000,0.0000
123.3333,19.7980,-0.2000,20200.7099,1584.5881,443.6015,0.0000,0.0000,0.0000
123.3500,19.7977,-0.2650,20230.5619,1586.2556,445.0367,0.0000,0.0000,0.0000
123.3667,19.7974,-0.3300,20260.8432,1587.9682,446.4718,0.0000,0.0000,0.0000
123.3833,19.7971,-0.3950,20291.5611,1589.7266,447.9069,0.0000,0.0000,0.0000
123.4000,19.7968,-0.4600,20322.7235,1591.5317,449.3418,0.0000,0.0000,0.0000
123.4167,19.7965,-0.5250,20354.3377,1593.3841,450.7766,0.0000,0.0000,0.0000
123.4333,19.7961,-0.5900,20386.4106,1595.2845,452.2114,0.0000,0.0000,0.0000
123.4500,19.7958,-0.6550,20418.9484,1597.2331,453.6460,0.0000,0.0000,0.0000
123.4667,19.7955,-0.7200,20451.9569,1599.2305,455.0805,0.0000,0.0000,0.0000
123.4833,19.7951,-0.7850,20485.4409,1601.2770,456.5150,0.0000,0.0000,0.0000
123.5000,19.7948,-0.8500,20519.4047,1603.3727,457.9493,0.0000,0.0000,0.0000
123.5167,19.7945,-0.9150,20553.8516,1605.5177,459.3835,0.0000,0.0000,0.0000
123.5333,19.7941,-0.9800,20588.7846,1607.7123,460.8176,0.0000,0.0000,0.0000
123.5500,19.7938,-1.0450,20624.2056,1609.9563,462.2516,0.0000,0.0000,0.0000
123.5667,19.7934,-1.1100,20660.1161,1612.2498,463.6855,0.0000,0.0000,0.0000
123.5833,19.7930,-1.1750,20696.5168,1614.5926,465.1192,0.0000,0.0000,0.0000
123.6000,19.7927,-1.2400,20733.4080,1616.9846,466.5529,0.0000,0.0000,0.0000
123.6167,19.7923,-1.3050,20770.7893,1619.4257,467.9865,0.0000,0.0000,0.0000
123.6333,19.7919,-1.3700,20808.6597,1621.9155,469.4199,0.0000,0.0000,0.0000
123.6500,19.7915,-1.4350,20847.0179,1624.4538,470.8533,0.0000,0.0000,0.0000
123.6667,19.7911,-1.5000,20885.8620,1627.0403,472.2865,0.0000,0.0000,0.0000
123.6833,19.7907,-1.5650,20925.1897,1629.6746,473.7196,0.0000,0.0000,0.0000
123.7000,19.7904,-1.6300,20964.9984,1632.3563,475.1526,0.0000,0.0000,0.0000
123.7167,19.7899,-1.6950,21005.2850,1635.0852,476.5855,0.0000,0.0000,0.0000
123.7333,19.7895,-1.7600,21046.0462,1637.8606,478.0184,0.0000,0.0000,0.0000
123.7500,19.7891,-1.8250,21087.2782,1640.6822,479.4511,0.0000,0.0000,0.0000
123.7667,19.7887,-1.8900,21128.9770,1643.5495,480.8837,0.0000,0.0000,0.0000
123.7833,19.7883,-1.9550,21171.1385,1646.4619,482.3162,0.0000,0.0000,0.0000
123.8000,19.7879,-2.0200,21213.7582,1649.4191,483.7485,0.0000,0.0000,0.0000
123.8167,19.7874,-2.0850,21256.8313,1652.4203,485.1808,0.0000,0.0000,0.0000
123.8333,19.7870,-2.1500,21300.3530,1655.4652,486.6130,0.0000,0.0000,0.0000
123.8500,19.7866,-2.2150,21344.3183,1658.5531,488.0451,0.0000,0.0000,0.0000
123.8667,19.7861,-2.2800,21388.7220,1661.6835,489.4771,0.0000,0.0000,0.0000
123.8833,19.7857,-2.3450,21433.5586,1664.8558,490.9090,0.0000,0.0000,0.0000
123.9000,19.7852,-2.4100,21478.8227,1668.0695,492.3408,0.0000,0.0000,0.0000
123.9167,19.7848,-2.4750,21524.5088,1671.3238,493.7726,0.0000,0.0000,0.0000
123.9333,19.7843,-2.5400,21570.6112,1674.6183,495.2042,0.0000,0.0000,0.0000
123.9500,19.7838,-2.6050,21617.1241,1677.9524,496.6357,0.0000,0.0000,0.0000
123.9667,19.7834,-2.6700,21664.0417,1681.3254,498.0672,0.0000,0.0000,0.0000
123.9833,19.7829,-2.7350,21711.3581,1684.7367,499.4985,0.0000,0.0000,0.0000
124.0000,19.7824,-2.8000,21759.0674,1688.1857,500.9298,0.0000,0.0000,0.0000
124.0167,19.7820,-2.7900,21795.6740,1689.0094,500.6998,0.0000,0.0000,0.0000
124.0333,19.7818,-2.7800,21824.2981,1689.8952,500.4717,0.0000,0.0000,0.0000
124.0500,19.7815,-2.7700,21847.2042,1690.8335,500.2448,0.0000,0.0000,0.0000
124.0667,19.7813,-2.7600,21866.0334,1691.8166,500.0188,0.0000,0.0000,0.0000
124.0833,19.7812,-2.7500,21881.9730,1692.8381,499.7934,0.0000,0.0000,0.0000
124.1000,19.7811,-2.7400,21894.7504,1693.8064,499.5687,0.0000,0.0000,0.0000
124.1167,19.7809,-2.7300,21906.2576,1694.7979,499.3444,0.0000,0.0000,0.0000
124.1333,19.7808,-2.7200,21916.8614,1695.8098,499.1202,0.0000,0.0000,0.0000
124.1500,19.7807,-2.7100,21926.8298,1696.8389,498.8962,0.0000,0.0000,0.0000
124.1667,19.7806,-2.7000,21936.3567,1697.8824,498.6722,0.0000,0.0000,0.0000
124.1833,19.7805,-2.6900,21945.5814,1698.9376,498.4484,0.0000,0.0000,0.0000
124.2000,19.7805,-2.6800,21954.6017,1700.0019,498.2245,0.0000,0.0000,0.0000
124.2167,19.7804,-2.6700,21963.4855,1701.0730,498.0007,0.0000,0.0000,0.0000
124.2333,19.7803,-2.6600,21972.2782,1702.1486,497.7770,0.0000,0.0000,0.0000
124.2500,19.7802,-2.6500,21981.0087,1703.2266,497.5532,0.0000,0.0000,0.0000
124.2667,19.7801,-2.6400,21989.6938,1704.3052,497.3295,0.0000,0.0000,0.0000
124.2833,19.7800,-2.6300,21998.3419,1705.3825,497.1057,0.0000,0.0000,0.0000
124.3000,19.7799,-2.6200,22006.9549,1706.4568,496.8820,0.0000,0.0000,0.0000
124.3167,19.7798,-2.6100,22015.5301,1707.5266,496.6583,0.0000,0.0000,0.0000
124.3333,19.7798,-2.6000,22024.0621,1708.5902,496.4345,0.0000,0.0000,0.0000
124.3500,19.7797,-2.5900,22032.5431,1709.6464,496.2108,0.0000,0.0000,0.0000
124.3667,19.7796,-2.5800,22040.9641,1710.6938,495.9871,0.0000,0.0000,0.0000
124.3833,19.7795,-2.5700,22049.3150,1711.7311,495.7635,0.0000,0.0000,0.0000
124.4000,19.7794,-2.5600,22057.5855,1712.7572,495.5398,0.0000,0.0000,0.0000
124.4167,19.7793,-2.5500,22065.7651,1713.7709,495.3162,0.0000,0.0000,0.0000
124.4333,19.7793,-2.5400,22073.8433,1714.7713,495.0926,0.0000,0.0000,0.0000
124.4500,19.7792,-2.5300,22081.8095,1715.7573,494.8690,0.0000,0.0000,0.0000
124.4667,19.7791,-2.5200,22089.6537,1716.7279,494.6454,0.0000,0.0000,0.0000
124.4833,19.7790,-2.5100,22097.3657,1717.6822,494.4219,0.0000,0.0000,0.0000
124.5000,19.7790,-2.5000,22104.9358,1718.6192,494.1984,0.0000,0.0000,0.0000
124.5167,19.7789,-2.4900,22112.3540,1719.5381,493.9749,0.0000,0.0000,0.0000
124.5333,19.7788,-2.4800,22119.6103,1720.4376,493.7515,0.0000,0.0000,0.0000
124.5500,19.7787,-2.4700,22126.6940,1721.3165,493.5281,0.0000,0.0000,0.0000
124.5667,19.7787,-2.4600,22133.5922,1722.1727,493.3047,0.0000,0.0000,0.0000
124.5833,19.7786,-2.4500,22140.2834,1723.0000,493.0814,0.0000,0.0000,0.0000
124.6000,19.7785,-2.4400,22146.7435,1723.8023,492.8582,0.0000,0.0000,0.0000
124.6167,19.7785,-2.4300,22153.0080,1724.5918,492.6349,0.0000,0.0000,0.0000
124.6333,19.7784,-2.4200,22159.0868,1725.3662,492.4118,0.0000,0.0000,0.0000
124.6500,19.7784,-2.4100,22164.9862,1726.1245,492.1886,0.0000,0.0000,0.0000
124.6667,19.7783,-2.4000,22169.0874,1726.6187,491.9659,0.0000,0.0000,0.0000
124.6833,19.7783,-2.3900,22172.9014,1727.1020,491.7432,0.0000,0.0000,0.0000
124.7000,19.7782,-2.3800,22176.4629,1727.5745,491.5206,0.0000,0.0000,0.0000
124.7167,19.7782,-2.3700,22179.7999,1728.0365,491.2981,0.0000,0.0000,0.0000
124.7333,19.7782,-2.3600,22182.9351,1728.4878,491.0755,0.0000,0.0000,0.0000
124.7500,19.7781,-2.3500,22185.8865,1728.9284,490.8531,0.0000,0.0000,0.0000
124.7667,19.7781,-2.3400,22188.6688,1729.3581,490.6306,0.0000,0.0000,0.0000
124.7833,19.7781,-2.3300,22191.2934,1729.7771,490.4082,0.0000,0.0000,0.0000
124.8000,19.7781,-2.3200,22193.7697,1730.1850,490.1858,0.0000,0.0000,0.0000
124.8167,19.7780,-2.3100,22196.1050,1730.5819,489.9635,0.0000,0.0000,0.0000
124.8333,19.7780,-2.3000,22198.3050,1730.9678,489.7412,0.0000,0.0000,0.0000
124.8500,19.7780,-2.2900,22200.3745,1731.3425,489.5189,0.0000,0.0000,0.0000
124.8667,19.7780,-2.2800,22202.3170,1731.7061,489.2967,0.0000,0.0000,0.0000
124.8833,19.7780,-2.2700,22204.1356,1732.0585,489.0744,0.0000,0.0000,0.0000
124.9000,19.7779,-2.2600,22205.8325,1732.3996,488.8522,0.0000,0.0000,0.0000
124.9167,19.7779,-2.2500,22207.4096,1732.7296,488.6301,0.0000,0.0000,0.0000
124.9333,19.7779,-2.2400,22208.8685,1733.0483,488.4079,0.0000,0.0000,0.0000
124.9500,19.7779,-2.2300,22210.2102,1733.3559,488.1858,0.0000,0.0000,0.0000
124.9667,19.7779,-2.2200,22211.4360,1733.6522,487.9637,0.0000,0.0000,0.0000
124.9833,19.7779,-2.2100,22212.5465,1733.9374,487.7416,0.0000,0.0000,0.0000
125.0000,19.7779,-2.2000,22213.5426,1734.2114,487.5196,0.0000,0.0000,0.0000
125.0167,19.7778,-2.2100,22216.6335,1735.1874,487.7407,0.0000,0.0000,0.0000
125.0333,19.7778,-2.2200,22221.3871,1736.1470,487.9615,0.0000,0.0000,0.0000
125.0500,19.7777,-2.2300,22227.4566,1737.0917,488.1820,0.0000,0.0000,0.0000
125.0667,19.7777,-2.2400,22234.5637,1738.0224,488.4022,0.0000,0.0000,0.0000
125.0833,19.7776,-2.2500,22242.4854,1738.9403,488.6223,0.0000,0.0000,0.0000
125.1000,19.7775,-2.2600,22251.0429,1739.8461,488.8422,0.0000,0.0000,0.0000
125.1167,19.7774,-2.2700,22260.0931,1740.7407,489.0620,0.0000,0.0000,0.0000
125.1333,19.7773,-2.2800,22269.5220,1741.6249,489.2818,0.0000,0.0000,0.0000
125.1500,19.7772,-2.2900,22279.2383,1742.4993,489.5014,0.0000,0.0000,0.0000
125.1667,19.7771,-2.3000,22289.1697,1743.3645,489.7210,0.0000,0.0000,0.0000
125.1833,19.7770,-2.3100,22299.2586,1744.2211,489.9406,0.0000,0.0000,0.0000
125.2000,19.7769,-2.3200,22309.4596,1745.0696,490.1602,0.0000,0.0000,0.0000
125.2167,19.7768,-2.3300,22319.7370,1745.9107,490.3797,0.0000,0.0000,0.0000
125.2333,19.7767,-2.3400,22330.0627,1746.7447,490.5993,0.0000,0.0000,0.0000
125.2500,19.7766,-2.3500,22340.4150,1747.5721,490.8188,0.0000,0.0000,0.0000
125.2667,19.7765,-2.3600,22350.7771,1748.3934,491.0383,0.0000,0.0000,0.0000
125.2833,19.7764,-2.3700,22361.1362,1749.2089,491.2578,0.0000,0.0000,0.0000
125.3000,19.7763,-2.3800,22371.4826,1750.0191,491.4774,0.0000,0.0000,0.0000
125.3167,19.7762,-2.3900,22381.8093,1750.8242,491.6969,0.0000,0.0000,0.0000
125.3333,19.7761,-2.4000,22392.1112,1751.6247,491.9164,0.0000,0.0000,0.0000
125.3500,19.7760,-2.4100,22402.3849,1752.4208,492.1360,0.0000,0.0000,0.0000
125.3667,19.7759,-2.4200,22412.6280,1753.2130,492.3555,0.0000,0.0000,0.0000
125.3833,19.7758,-2.4300,22422.8394,1754.0014,492.5751,0.0000,0.0000,0.0000
125.4000,19.7757,-2.4400,22433.0186,1754.7863,492.7947,0.0000,0.0000,0.0000
125.4167,19.7756,-2.4500,22443.1657,1755.5681,493.0142,0.0000,0.0000,0.0000
125.4333,19.7755,-2.4600,22453.2813,1756.3470,493.2338,0.0000,0.0000,0.0000
125.4500,19.7754,-2.4700,22463.3664,1757.1232,493.4534,0.0000,0.0000,0.0000
125.4667,19.7753,-2.4800,22473.4221,1757.8969,493.6730,0.0000,0.0000,0.0000
125.4833,19.7752,-2.4900,22483.4498,1758.6684,493.8926,0.0000,0.0000,0.0000
125.5000,19.7751,-2.5000,22493.4510,1759.4378,494.1122,0.0000,0.0000,0.0000
125.5167,19.7750,-2.5100,22503.4273,1760.2054,494.3318,0.0000,0.0000,0.0000
125.5333,19.7749,-2.5200,22513.3803,1760.9713,494.5514,0.0000,0.0000,0.0000
125.5500,19.7748,-2.5300,22523.3116,1761.7358,494.7710,0.0000,0.0000,0.0000
125.5667,19.7747,-2.5400,22533.2230,1762.4989,494.9907,0.0000,0.0000,0.0000
125.5833,19.7746,-2.5500,22543.1160,1763.2609,495.2103,0.0000,0.0000,0.0000
125.6000,19.7745,-2.5600,22552.9923,1764.0219,495.4299,0.0000,0.0000,0.0000
125.6167,19.7744,-2.5700,22562.8535,1764.7820,495.6496,0.0000,0.0000,0.0000
125.6333,19.7743,-2.5800,22572.7010,1765.5414,495.8692,0.0000,0.0000,0.0000
125.6500,19.7742,-2.5900,22582.5363,1766.3002,496.0888,0.0000,0.0000,0.0000
125.6667,19.7741,-2.6000,22592.3608,1767.0585,496.3085,0.0000,0.0000,0.0000
125.6833,19.7740,-2.6100,22602.1760,1767.8164,496.5281,0.0000,0.0000,0.0000
125.7000,19.7739,-2.6200,22611.9830,1768.5740,496.7478,0.0000,0.0000,0.0000
125.7167,19.7738,-2.6300,22621.7832,1769.3315,496.9674,0.0000,0.0000,0.0000
125.7333,19.7737,-2.6400,22631.5776,1770.0889,497.1871,0.0000,0.0000,0.0000
125.7500,19.7736,-2.6500,22641.3676,1770.8463,497.4067,0.0000,0.0000,0.0000
125.7667,19.7735,-2.6600,22651.1540,1771.6038,497.6264,0.0000,0.0000,0.0000
125.7833,19.7734,-2.6700,22660.9379,1772.3615,497.8460,0.0000,0.0000,0.0000
125.8000,19.7733,-2.6800,22670.7204,1773.1194,498.0657,0.0000,0.0000,0.0000
125.8167,19.7732,-2.6900,22680.5022,1773.8777,498.2853,0.0000,0.0000,0.0000
125.8333,19.7731,-2.7000,22690.2842,1774.6363,498.5050,0.0000,0.0000,0.0000
125.8500,19.7730,-2.7100,22700.0673,1775.3954,498.7246,0.0000,0.0000,0.0000
125.8667,19.7729,-2.7200,22709.8522,1776.1549,498.9443,0.0000,0.0000,0.0000
125.8833,19.7728,-2.7300,22719.6396,1776.9150,499.1639,0.0000,0.0000,0.0000
125.9000,19.7727,-2.7400,22729.4301,1777.6757,499.3836,0.0000,0.0000,0.0000
125.9167,19.7726,-2.7500,22739.2245,1778.4371,499.6032,0.0000,0.0000,0.0000
125.9333,19.7725,-2.7600,22749.0233,1779.1991,499.8229,0.0000,0.0000,0.0000
125.9500,19.7724,-2.7700,22758.8270,1779.9619,500.0425,0.0000,0.0000,0.0000
125.9667,19.7723,-2.7800,22768.6362,1780.7254,500.2622,0.0000,0.0000,0.0000
125.9833,19.7722,-2.7900,22778.4513,1781.4897,500.4818,0.0000,0.0000,0.0000
126.0000,19.7721,-2.8000,22788.2728,1782.2549,500.7015,0.0000,0.0000,0.0000
126.0167,19.7720,-2.8000,22796.9641,1782.6483,500.6995,3.7872,0.0000,0.0000
126.0333,19.7720,-2.8000,22804.7219,1783.0313,500.6978,7.5744,0.0000,0.0000
126.0500,19.7719,-2.8000,22811.7075,1783.4051,500.6963,11.3616,0.0000,0.0000
126.0667,19.7718,-2.8000,22818.0523,1783.7704,500.6949,15.1488,0.0000,0.0000
126.0833,19.7718,-2.8000,22823.8640,1784.1277,500.6936,18.9360,0.0000,0.0000
126.1000,19.7717,-2.8000,22829.2301,1784.4775,500.6924,22.7232,0.0000,0.0000
126.1167,19.7717,-2.8000,22834.2222,1784.8200,500.6913,26.5104,0.0000,0.0000
126.1333,19.7716,-2.8000,22838.8985,1785.1555,500.6902,30.2976,0.0000,0.0000
126.1500,19.7716,-2.8000,22843.3063,1785.4841,500.6893,34.0848,0.0000,0.0000
126.1667,19.7715,-2.8000,22847.4841,1785.8060,500.6883,37.8720,0.0000,0.0000
126.1833,19.7715,-2.8000,22851.4633,1786.1212,500.6875,41.6592,0.0000,0.0000
126.2000,19.7714,-2.8000,22855.2695,1786.4299,500.6866,45.4464,0.0000,0.0000
126.2167,19.7714,-2.8000,22858.9235,1786.7322,500.6858,49.2336,0.0000,0.0000
126.2333,19.7714,-2.8000,22862.4422,1787.0281,500.6850,53.0208,0.0000,0.0000
126.2500,19.7713,-2.8000,22865.8394,1787.3177,500.6843,56.8080,0.0000,0.0000
126.2667,19.7713,-2.8000,22869.1267,1787.6011,500.6835,60.5952,0.0000,0.0000
126.2833,19.7713,-2.8000,22872.3132,1787.8784,500.6828,64.3824,0.0000,0.0000
126.3000,19.7712,-2.8000,22875.4070,1788.1496,500.6821,68.1696,0.0000,0.0000
126.3167,19.7712,-2.8000,22878.4145,1788.4150,500.6815,71.9568,0.0000,0.0000
126.3333,19.7712,-2.8000,22881.3412,1788.6747,500.6808,75.7440,0.0000,0.0000
126.3500,19.7712,-2.8000,22884.1921,1788.9288,500.6802,79.5312,0.0000,0.0000
126.3667,19.7711,-2.8000,22886.9713,1789.1775,500.6796,83.3184,0.0000,0.0000
126.3833,19.7711,-2.8000,22889.6828,1789.4210,500.6790,87.1056,0.0000,0.0000
126.4000,19.7711,-2.8000,22892.3301,1789.6597,500.6784,90.8928,0.0000,0.0000
126.4167,19.7711,-2.8000,22894.9168,1789.8938,500.6778,94.6800,0.0000,0.0000
126.4333,19.7710,-2.8000,22897.4463,1790.1236,500.6773,98.4672,0.0000,0.0000
126.4500,19.7710,-2.8000,22899.9223,1790.3496,500.6767,102.2544,0.0000,0.0000
126.4667,19.7710,-2.8000,22902.3486,1790.5722,500.6762,106.0416,0.0000,0.0000
126.4833,19.7710,-2.8000,22904.7296,1790.7921,500.6756,109.8288,0.0000,0.0000
126.5000,19.7709,-2.8000,22907.0700,1791.0101,500.6751,113.6160,0.0000,0.0000
126.5167,19.7709,-2.8000,22909.3755,1791.2269,500.6746,117.4032,0.0000,0.0000
126.5333,19.7709,-2.8000,22911.6532,1791.4441,500.6741,121.1904,0.0000,0.0000
126.5500,19.7709,-2.8000,22913.9117,1791.6632,500.6736,124.9776,0.0000,0.0000
126.5667,19.7708,-2.8000,22916.1632,1791.8873,500.6731,128.7648,0.0000,0.0000
126.5833,19.7708,-2.8000,22918.4264,1792.1221,500.6726,132.5520,0.0000,0.0000
126.6000,19.7708,-2.8000,22920.7384,1792.3639,500.6721,136.3392,0.0000,0.0000
126.6167,19.7708,-2.8000,22922.9612,1792.5204,500.6716,140.1264,0.0000,0.0000
126.6333,19.7708,-2.8000,22924.9285,1792.6278,500.6712,143.9136,0.0000,0.0000
126.6500,19.7707,-2.8000,22926.6404,1792.6985,500.6708,147.7008,0.0000,0.0000
126.6667,19.7707,-2.8000,22928.0903,1792.7376,500.6705,151.4880,0.0000,0.0000
126.6833,19.7707,-2.8000,22929.2756,1792.7478,500.6702,155.2752,0.0000,0.0000
126.7000,19.7707,-2.8000,22930.1965,1792.7312,500.6700,159.0624,0.0000,0.0000
126.7167,19.7707,-2.8000,22930.8553,1792.6888,500.6698,162.8496,0.0000,0.0000
126.7333,19.7707,-2.8000,22931.2554,1792.6217,500.6698,166.6368,0.0000,0.0000
126.7500,19.7707,-2.8000,22931.4007,1792.5306,500.6697,170.4240,0.0000,0.0000
126.7667,19.7707,-2.8000,22931.2953,1792.4159,500.6698,174.2112,0.0000,0.0000
126.7833,19.7707,-2.8000,22930.9433,1792.2782,500.6698,177.9984,0.0000,0.0000
126.8000,19.7707,-2.8000,22930.3487,1792.1177,500.6700,181.7856,0.0000,0.0000
126.8167,19.7707,-2.8000,22929.5150,1791.9348,500.6701,185.5728,0.0000,0.0000
126.8333,19.7707,-2.8000,22928.4458,1791.7297,500.6704,189.3600,0.0000,0.0000
126.8500,19.7707,-2.8000,22927.1441,1791.5026,500.6707,193.1472,0.0000,0.0000
126.8667,19.7707,-2.8000,22925.6129,1791.2536,500.6710,196.9344,0.0000,0.0000
126.8833,19.7708,-2.8000,22923.8546,1790.9830,500.6714,200.7216,0.0000,0.0000
126.9000,19.7708,-2.8000,22921.8717,1790.6908,500.6718,204.5088,0.0000,0.0000
126.9167,19.7708,-2.8000,22918.8401,1790.2810,500.6725,208.2960,0.0000,0.0000
126.9333,19.7708,-2.8000,22915.4920,1789.8493,500.6733,212.0832,0.0000,0.0000
126.9500,19.7709,-2.8000,22911.8474,1789.3937,500.6741,215.8704,0.0000,0.0000
126.9667,19.7709,-2.8000,22907.9183,1788.9133,500.6749,219.6576,0.0000,0.0000
126.9833,19.7710,-2.8000,22903.7122,1788.4074,500.6759,223.4448,0.0000,0.0000
127.0000,19.7710,-2.8000,22899.2336,1787.8754,500.6769,227.2320,0.0000,0.0000
127.0167,19.7712,-2.7167,22880.5590,1784.0430,498.8325,250.7442,0.0000,0.0000
127.0333,19.7715,-2.6333,22851.1604,1779.9759,496.9905,274.2564,0.0000,0.0000
127.0500,19.7719,-2.5500,22813.3008,1775.6866,495.1504,297.7686,0.0000,0.0000
127.0667,19.7723,-2.4667,22768.6561,1771.1806,493.3117,321.2808,0.0000,0.0000
127.0833,19.7728,-2.3833,22718.4614,1766.4598,491.4743,344.7930,0.0000,0.0000
127.1000,19.7734,-2.3000,22663.6227,1761.5240,489.6380,368.3052,0.0000,0.0000
127.1167,19.7740,-2.2167,22604.8024,1756.3722,487.8025,391.8174,0.0000,0.0000
127.1333,19.7746,-2.1333,22542.4820,1751.0028,485.9678,415.3296,0.0000,0.0000
127.1500,19.7752,-2.0500,22477.0106,1745.4140,484.1338,438.8418,0.0000,0.0000
127.1667,19.7759,-1.9667,22408.6394,1739.6040,482.3004,462.3540,0.0000,0.0000
127.1833,19.7766,-1.8833,22337.5483,1733.5711,480.4677,485.8662,0.0000,0.0000
127.2000,19.7774,-1.8000,22263.8649,1727.3136,478.6355,509.3784,0.0000,0.0000
127.2167,19.7781,-1.7167,22187.6791,1720.8302,476.8039,532.8906,0.0000,0.0000
127.2333,19.7789,-1.6333,22109.0530,1714.1194,474.9728,556.4028,0.0000,0.0000
127.2500,19.7797,-1.5500,22028.0293,1707.1800,473.1422,579.9150,0.0000,0.0000
127.2667,19.7806,-1.4667,21944.6362,1700.0110,471.3122,603.4272,0.0000,0.0000
127.2833,19.7814,-1.3833,21858.8920,1692.6113,469.4827,626.9394,0.0000,0.0000
127.3000,19.7823,-1.3000,21770.8080,1684.9803,467.6537,650.4516,0.0000,0.0000
127.3167,19.7832,-1.2167,21680.3905,1677.1171,465.8253,673.9638,0.0000,0.0000
127.3333,19.7841,-1.1333,21587.6425,1669.0213,463.9973,697.4760,0.0000,0.0000
127.3500,19.7851,-1.0500,21492.5653,1660.6923,462.1699,720.9882,0.0000,0.0000
127.3667,19.7860,-0.9667,21395.1584,1652.1297,460.3430,744.5004,0.0000,0.0000
127.3833,19.7870,-0.8833,21295.4213,1643.3334,458.5166,768.0126,0.0000,0.0000
127.4000,19.7881,-0.8000,21193.3528,1634.3031,456.6907,791.5248,0.0000,0.0000
127.4167,19.7891,-0.7167,21088.9520,1625.0389,454.8653,815.0370,0.0000,0.0000
127.4333,19.7902,-0.6333,20982.2186,1615.5407,453.0405,838.5492,0.0000,0.0000
127.4500,19.7913,-0.5500,20873.1524,1605.8088,451.2161,862.0614,0.0000,0.0000
127.4667,19.7924,-0.4667,20761.7542,1595.8433,449.3923,885.5736,0.0000,0.0000
127.4833,19.7935,-0.3833,20648.0252,1585.6447,447.5690,909.0858,0.0000,0.0000
127.5000,19.7947,-0.3000,20531.9676,1575.2132,445.7462,932.5980,0.0000,0.0000
127.5167,19.7959,-0.2167,20413.5841,1564.5494,443.9240,956.1102,0.0000,0.0000
127.5333,19.7971,-0.1333,20292.8783,1553.6538,442.1022,979.6224,0.0000,0.0000
127.5500,19.7983,-0.0500,20169.8547,1542.5272,440.2810,1003.1346,0.0000,0.0000
127.5667,19.7996,0.0333,20044.5183,1531.1702,438.4603,1026.6468,0.0000,0.0000
127.5833,19.8008,0.1167,19916.8749,1519.5837,436.6400,1050.1590,0.0000,0.0000
127.6000,19.8021,0.2000,19786.9312,1507.7685,434.8203,1073.6712,0.0000,0.0000
127.6167,19.8035,0.2833,19654.6944,1495.7254,433.0012,1097.1834,0.0000,0.0000
127.6333,19.8048,0.3667,19520.1724,1483.4556,431.1825,1120.6956,0.0000,0.0000
127.6500,19.8062,0.4500,19383.3738,1470.9599,429.3643,1144.2078,0.0000,0.0000
127.6667,19.8076,0.5333,19244.3078,1458.2396,427.5466,1167.7200,0.0000,0.0000
127.6833,19.8090,0.6167,19102.9840,1445.2958,425.7294,1191.2322,0.0000,0.0000
127.7000,19.8104,0.7000,18959.4129,1432.1295,423.9128,1214.7444,0.0000,0.0000
127.7167,19.8119,0.7833,18813.6050,1418.7421,422.0966,1238.2566,0.0000,0.0000
127.7333,19.8133,0.8667,18665.5717,1405.1348,420.2809,1261.7688,0.0000,0.0000
127.7500,19.8148,0.9500,18515.3246,1391.3089,418.4657,1285.2810,0.0000,0.0000
127.7667,19.8164,1.0333,18362.8759,1377.2656,416.6510,1308.7932,0.0000,0.0000
127.7833,19.8179,1.1167,18208.2380,1363.0065,414.8368,1332.3054,0.0000,0.0000
127.8000,19.8195,1.2000,18051.4239,1348.5329,413.0230,1355.8176,0.0000,0.0000
127.8167,19.8211,1.2833,17892.4467,1333.8462,411.2098,1379.3298,0.0000,0.0000
127.8333,19.8227,1.3667,17731.3202,1318.9478,409.3970,1402.8420,0.0000,0.0000
127.8500,19.8243,1.4500,17568.0581,1303.8393,407.5847,1426.3542,0.0000,0.0000
127.8667,19.8260,1.5333,17402.6746,1288.5222,405.7728,1449.8664,0.0000,0.0000
127.8833,19.8276,1.6167,17235.1843,1272.9979,403.9615,1473.3786,0.0000,0.0000
127.9000,19.8293,1.7000,17065.6019,1257.2680,402.1505,1496.8908,0.0000,0.0000
127.9167,19.8311,1.7833,16893.9423,1241.3342,400.3401,1520.4030,0.0000,0.0000
127.9333,19.8328,1.8667,16720.2206,1225.1979,398.5301,1543.9152,0.0000,0.0000
127.9500,19.8346,1.9500,16544.4523,1208.8607,396.7206,1567.4274,0.0000,0.0000
127.9667,19.8363,2.0333,16366.6527,1192.3243,394.9115,1590.9396,0.0000,0.0000
127.9833,19.8381,2.1167,16186.8375,1175.5902,393.1029,1614.4518,0.0000,0.0000
128.0000,19.8399,2.2000,16005.0223,1158.6601,391.2947,1637.9640,0.0000,0.0000
128.0167,19.8418,2.2833,15821.5737,1141.6705,389.4868,1657.5312,0.0000,0.0000
128.0333,19.8436,2.3667,15636.6991,1124.5948,387.6793,1677.0984,0.0000,0.0000
128.0500,19.8455,2.4500,15450.5068,1107.4165,385.8721,1696.6656,0.0000,0.0000
128.0667,19.8474,2.5333,15263.0478,1090.1252,384.0651,1716.2328,0.0000,0.0000
128.0833,19.8493,2.6167,15074.3408,1072.7138,382.2585,1735.8000,0.0000,0.0000
128.1000,19.8512,2.7000,14884.3873,1055.1778,380.4521,1755.3672,0.0000,0.0000
128.1167,19.8531,2.7833,14693.1798,1037.5139,378.6460,1774.9344,0.0000,0.0000
128.1333,19.8550,2.8667,14500.7075,1019.7203,376.8401,1794.5016,0.0000,0.0000
128.1500,19.8569,2.9500,14306.9586,1001.7955,375.0346,1814.0688,0.0000,0.0000
128.1667,19.8589,3.0333,14111.9227,983.7387,373.2293,1833.6360,0.0000,0.0000
128.1833,19.8608,3.1167,13915.5909,965.5497,371.4244,1853.2032,0.0000,0.0000
128.2000,19.8628,3.2000,13717.9569,947.2283,369.6197,1872.7704,0.0000,0.0000
128.2167,19.8648,3.2833,13519.0166,928.7749,367.8153,1892.3376,0.0000,0.0000
128.2333,19.8668,3.3667,13318.7682,910.1899,366.0112,1911.9048,0.0000,0.0000
128.2500,19.8688,3.4500,13117.2119,891.4740,364.2074,1931.4720,0.0000,0.0000
128.2667,19.8709,3.5333,12914.3501,872.6278,362.4038,1951.0392,0.0000,0.0000
128.2833,19.8729,3.6167,12710.1868,853.6524,360.6006,1970.6064,0.0000,0.0000
128.3000,19.8750,3.7000,12504.7274,834.5485,358.7977,1990.1736,0.0000,0.0000
128.3167,19.8770,3.7833,12297.9789,815.3174,356.9950,2009.7408,0.0000,0.0000
128.3333,19.8791,3.8667,12089.9492,795.9602,355.1926,2029.3080,0.0000,0.0000
128.3500,19.8812,3.9500,11880.6474,776.4779,353.3905,2048.8752,0.0000,0.0000
128.3667,19.8833,4.0333,11670.0832,756.8719,351.5887,2068.4424,0.0000,0.0000
128.3833,19.8854,4.1167,11458.2673,737.1434,349.7872,2088.0096,0.0000,0.0000
128.4000,19.8875,4.2000,11245.2107,717.2936,347.9859,2107.5768,0.0000,0.0000
128.4167,19.8897,4.2833,11030.9252,697.3240,346.1849,2127.1440,0.0000,0.0000
128.4333,19.8918,4.3667,10815.4229,677.2357,344.3842,2146.7112,0.0000,0.0000
128.4500,19.8940,4.4500,10598.7161,657.0302,342.5837,2166.2784,0.0000,0.0000
128.4667,19.8962,4.5333,10380.8176,636.7088,340.7835,2185.8456,0.0000,0.0000
128.4833,19.8984,4.6167,10161.7403,616.2729,338.9836,2205.4128,0.0000,0.0000
128.5000,19.9006,4.7000,9941.4974,595.7238,337.1839,2224.9800,0.0000,0.0000
128.5167,19.9028,4.7833,9720.1021,575.0629,335.3845,2244.5472,0.0000,0.0000
128.5333,19.9050,4.8667,9497.5677,554.2915,333.5854,2264.1144,0.0000,0.0000
128.5500,19.9073,4.9500,9273.9077,533.4111,331.7864,2283.6816,0.0000,0.0000
128.5667,19.9095,5.0333,9049.1355,512.4230,329.9878,2303.2488,0.0000,0.0000
128.5833,19.9118,5.1167,8823.2646,491.3285,328.1894,2322.8160,0.0000,0.0000
128.6000,19.9140,5.2000,8596.3085,470.1290,326.3912,2342.3832,0.0000,0.0000
128.6167,19.9163,5.2833,8368.2807,448.8258,324.5932,2361.9504,0.0000,0.0000
128.6333,19.9186,5.3667,8139.1945,427.4203,322.7955,2381.5176,0.0000,0.0000
128.6500,19.9209,5.4500,7909.0634,405.9138,320.9981,2401.0848,0.0000,0.0000
128.6667,19.9232,5.5333,7677.9007,384.3077,319.2008,2420.6520,0.0000,0.0000
128.6833,19.9255,5.6167,7445.7197,362.6031,317.4038,2440.2192,0.0000,0.0000
128.7000,19.9279,5.7000,7212.5336,340.8015,315.6070,2459.7864,0.0000,0.0000
128.7167,19.9302,5.7833,6978.3554,318.9042,313.8104,2479.3536,0.0000,0.0000
128.7333,19.9326,5.8667,6743.1982,296.9123,312.0140,2498.9208,0.0000,0.0000
128.7500,19.9349,5.9500,6507.0750,274.8273,310.2179,2518.4880,0.0000,0.0000
128.7667,19.9373,6.0333,6269.9986,252.6503,308.4220,2538.0552,0.0000,0.0000
128.7833,19.9397,6.1167,6031.9818,230.3825,306.6262,2557.6224,0.0000,0.0000
128.8000,19.9421,6.2000,5793.0371,208.0254,304.8307,2577.1896,0.0000,0.0000
128.8167,19.9445,6.2833,5553.1773,185.5800,303.0354,2596.7568,0.0000,0.0000
128.8333,19.9469,6.3667,5312.4146,163.0475,301.2403,2616.3240,0.0000,0.0000
128.8500,19.9493,6.4500,5070.7615,140.4293,299.4454,2635.8912,0.0000,0.0000
128.8667,19.9517,6.5333,4828.2302,117.7265,297.6506,2655.4584,0.0000,0.0000
128.8833,19.9542,6.6167,4584.8328,94.9402,295.8561,2675.0256,0.0000,0.0000
128.9000,19.9566,6.7000,4340.5814,72.0717,294.0617,2694.5928,0.0000,0.0000
128.9167,19.9590,6.7833,4095.4877,49.1221,292.2676,2714.1600,0.0000,0.0000
128.9333,19.9615,6.8667,3849.5637,26.0925,290.4736,2733.7272,0.0000,0.0000
128.9500,19.9640,6.9500,3602.8210,2.9842,288.6798,2753.2944,0.0000,0.0000
128.9667,19.9664,7.0333,3355.2712,-20.2018,286.8862,2772.8616,0.0000,0.0000
128.9833,19.9689,7.1167,3106.9257,-43.4644,285.0928,2792.4288,0.0000,0.0000
129.0000,19.9714,7.2000,2857.7960,-66.8024,283.2995,2811.9960,0.0000,0.0000
129.0167,19.9738,7.2367,2615.1991,-88.4977,282.5400,2829.9852,0.0000,0.0000
129.0333,19.9762,7.2733,2377.2859,-110.2348,281.7794,2847.9744,0.0000,0.0000
129.0500,19.9786,7.3100,2142.6956,-132.0150,281.0181,2865.9636,0.0000,0.0000
129.0667,19.9809,7.3467,1910.4299,-153.8382,280.2563,2883.9528,0.0000,0.0000
129.0833,19.9832,7.3833,1679.7588,-175.7032,279.4941,2901.9420,0.0000,0.0000
129.1000,19.9855,7.4200,1450.1506,-197.6086,278.7317,2919.9312,0.0000,0.0000
129.1167,19.9878,7.4567,1221.2192,-219.5529,277.9691,2937.9204,0.0000,0.0000
129.1333,19.9901,7.4933,992.6861,-241.5342,277.2064,2955.9096,0.0000,0.0000
129.1500,19.9924,7.5300,764.3514,-263.5508,276.4437,2973.8988,0.0000,0.0000
129.1667,19.9946,7.5667,536.0730,-285.6010,275.6810,2991.8880,0.0000,0.0000
129.1833,19.9969,7.6033,307.7512,-307.6831,274.9183,3009.8772,0.0000,0.0000
129.2000,19.9992,7.6400,79.3172,-329.7954,274.1556,3027.8664,0.0000,0.0000
129.2167,20.0020,7.6767,0.0000,-351.6848,273.4047,3045.8556,0.0000,0.0000
129.2333,20.0057,7.7133,0.0000,-373.2064,272.6725,3063.8448,0.0000,0.0000
129.2500,20.0101,7.7500,0.0000,-394.3915,271.9580,3081.8340,0.0000,0.0000
129.2667,20.0154,7.7867,0.0000,-415.2533,271.2611,3099.8232,0.0000,0.0000
129.2833,20.0214,7.8233,0.0000,-435.8037,270.5814,3117.8124,0.0000,0.0000
129.3000,20.0282,7.8600,0.0000,-456.0536,269.9186,3135.8016,0.0000,0.0000
129.3167,20.0357,7.8967,0.0000,-476.0131,269.2726,3153.7908,0.0000,0.0000
129.3333,20.0440,7.9333,0.0000,-495.6916,268.6430,3171.7800,0.0000,0.0000
129.3500,20.0530,7.9700,0.0000,-515.0980,268.0296,3189.7692,0.0000,0.0000
129.3667,20.0628,8.0067,0.0000,-534.2407,267.4323,3207.7584,0.0000,0.0000
129.3833,20.0732,8.0433,0.0000,-553.1275,266.8508,3225.7476,0.0000,0.0000
129.4000,20.0844,8.0800,0.0000,-571.7659,266.2848,3243.7368,0.0000,0.0000
129.4167,20.0962,8.1167,0.0000,-590.1632,265.7342,3261.7260,0.0000,0.0000
129.4333,20.1088,8.1533,0.0000,-608.3261,265.1987,3279.7152,0.0000,0.0000
129.4500,20.1220,8.1900,0.0000,-626.2613,264.6783,3297.7044,0.0000,0.0000
129.4667,20.1358,8.2267,0.0000,-643.9750,264.1726,3315.6936,0.0000,0.0000
129.4833,20.1504,8.2633,0.0000,-661.4732,263.6815,3333.6828,0.0000,0.0000
129.5000,20.1655,8.3000,0.0000,-678.7617,263.2047,3351.6720,0.0000,0.0000
129.5167,20.1813,8.3367,0.0000,-695.8461,262.7423,3369.6612,0.0000,0.0000
129.5333,20.1978,8.3733,0.0000,-712.7318,262.2939,3387.6504,0.0000,0.0000
129.5500,20.2149,8.4100,0.0000,-729.4239,261.8593,3405.6396,0.0000,0.0000
129.5667,20.2326,8.4467,0.0000,-745.9275,261.4385,3423.6288,0.0000,0.0000
129.5833,20.2509,8.4833,0.0000,-762.2473,261.0313,3441.6180,0.0000,0.0000
129.6000,20.2698,8.5200,0.0000,-778.3881,260.6375,3459.6072,0.0000,0.0000
129.6167,20.2893,8.5567,0.0000,-794.3543,260.2569,3477.5964,0.0000,0.0000
129.6333,20.3094,8.5933,0.0000,-810.1503,259.8894,3495.5856,0.0000,0.0000
129.6500,20.3301,8.6300,0.0000,-825.7804,259.5349,3513.5748,0.0000,0.0000
129.6667,20.3514,8.6667,0.0000,-841.2485,259.1932,3531.5640,0.0000,0.0000
129.6833,20.3732,8.7033,0.0000,-856.5588,258.8642,3549.5532,0.0000,0.0000
129.7000,20.3956,8.7400,0.0000,-871.7149,258.5478,3567.5424,0.0000,0.0000
129.7167,20.4185,8.7767,0.0000,-886.7207,258.2437,3585.5316,0.0000,0.0000
129.7333,20.4421,8.8133,0.0000,-901.5798,257.9520,3603.5208,0.0000,0.0000
129.7500,20.4661,8.8500,0.0000,-916.2956,257.6724,3621.5100,0.0000,0.0000
129.7667,20.4907,8.8867,0.0000,-930.8716,257.4049,3639.4992,0.0000,0.0000
129.7833,20.5159,8.9233,0.0000,-945.3111,257.1492,3657.4884,0.0000,0.0000
129.8000,20.5415,8.9600,0.0000,-959.6173,256.9054,3675.4776,0.0000,0.0000
129.8167,20.5677,8.9967,0.0000,-973.7932,256.6732,3693.4668,0.0000,0.0000
129.8333,20.5945,9.0333,0.0000,-987.8419,256.4526,3711.4560,0.0000,0.0000
129.8500,20.6217,9.0700,0.0000,-1001.7664,256.2435,3729.4452,0.0000,0.0000
129.8667,20.6495,9.1067,0.0000,-1015.5695,256.0457,3747.4344,0.0000,0.0000
129.8833,20.6777,9.1433,0.0000,-1029.2540,255.8592,3765.4236,0.0000,0.0000
129.9000,20.7065,9.1800,0.0000,-1042.8225,255.6839,3783.4128,0.0000,0.0000
129.9167,20.7357,9.2167,0.0000,-1056.2777,255.5195,3801.4020,0.0000,0.0000
129.9333,20.7655,9.2533,0.0000,-1069.6222,255.3661,3819.3912,0.0000,0.0000
129.9500,20.7957,9.2900,0.0000,-1082.8584,255.2236,3837.3804,0.0000,0.0000
129.9667,20.8265,9.3267,0.0000,-1095.9887,255.0918,3855.3696,0.0000,0.0000
129.9833,20.8577,9.3633,0.0000,-1109.0155,254.9707,3873.3588,0.0000,0.0000
130.0000,20.8893,9.4000,0.0000,-1121.9411,254.8601,3891.3480,0.0000,0.0000
130.0167,20.9215,9.4200,0.0000,-1133.7130,255.1286,3900.0270,0.0000,0.0000
130.0333,20.9540,9.4400,0.0000,-1145.0489,255.4061,3908.7060,0.0000,0.0000
130.0500,20.9869,9.4600,0.0000,-1156.0258,255.6922,3917.3850,0.0000,0.0000
130.0667,21.0201,9.4800,0.0000,-1166.6971,255.9868,3926.0640,0.0000,0.0000
130.0833,21.0538,9.5000,0.0000,-1177.1012,256.2895,3934.7430,0.0000,0.0000
130.1000,21.0878,9.5200,0.0000,-1187.2670,256.6003,3943.4220,0.0000,0.0000
130.1167,21.1222,9.5400,0.0000,-1197.2171,256.9189,3952.1010,0.0000,0.0000
130.1333,21.1569,9.5600,0.0000,-1206.9695,257.2451,3960.7800,0.0000,0.0000
130.1500,21.1919,9.5800,0.0000,-1216.5390,257.5787,3969.4590,0.0000,0.0000
130.1667,21.2273,9.6000,0.0000,-1225.9377,257.9198,3978.1380,0.0000,0.0000
130.1833,21.2630,9.6200,0.0000,-1235.1761,258.2680,3986.8170,0.0000,0.0000
130.2000,21.2990,9.6400,0.0000,-1244.2631,258.6234,3995.4960,0.0000,0.0000
130.2167,21.3353,9.6600,0.0000,-1253.2062,258.9857,4004.1750,0.0000,0.0000
130.2333,21.3720,9.6800,0.0000,-1262.0122,259.3548,4012.8540,0.0000,0.0000
130.2500,21.4089,9.7000,0.0000,-1270.6871,259.7307,4021.5330,0.0000,0.0000
130.2667,21.4462,9.7200,0.0000,-1279.2360,260.1132,4030.2120,0.0000,0.0000
130.2833,21.4837,9.7400,0.0000,-1287.6637,260.5022,4038.8910,0.0000,0.0000
130.3000,21.5215,9.7600,0.0000,-1295.9744,260.8976,4047.5700,0.0000,0.0000
130.3167,21.5596,9.7800,0.0000,-1304.1719,261.2993,4056.2490,0.0000,0.0000
130.3333,21.5980,9.8000,0.0000,-1312.2598,261.7073,4064.9280,0.0000,0.0000
130.3500,21.6367,9.8200,0.0000,-1320.2412,262.1214,4073.6070,0.0000,0.0000
130.3667,21.6756,9.8400,0.0000,-1328.1193,262.5416,4082.2860,0.0000,0.0000
130.3833,21.7148,9.8600,0.0000,-1335.8969,262.9677,4090.9650,0.0000,0.0000
130.4000,21.7543,9.8800,0.0000,-1343.5764,263.3997,4099.6440,0.0000,0.0000
130.4167,21.7941,9.9000,0.0000,-1351.1604,263.8375,4108.3230,0.0000,0.0000
130.4333,21.8341,9.9200,0.0000,-1358.6513,264.2811,4117.0020,0.0000,0.0000
130.4500,21.8743,9.9400,0.0000,-1366.0512,264.7302,4125.6810,0.0000,0.0000
130.4667,21.9148,9.9600,0.0000,-1373.3623,265.1849,4134.3600,0.0000,0.0000
130.4833,21.9555,9.9800,0.0000,-1380.5866,265.6451,4143.0390,0.0000,0.0000
130.5000,21.9965,10.0000,0.0000,-1387.7260,266.1107,4151.7180,0.0000,0.0000
130.5167,22.0378,10.0200,0.0000,-1394.7824,266.5817,4160.3970,0.0000,0.0000
130.5333,22.0792,10.0400,0.0000,-1401.7577,267.0579,4169.0760,0.0000,0.0000
130.5500,22.1209,10.0600,0.0000,-1408.6535,267.5393,4177.7550,0.0000,0.0000
130.5667,22.1629,10.0800,0.0000,-1415.4716,268.0259,4186.4340,0.0000,0.0000
130.5833,22.2050,10.1000,0.0000,-1422.2135,268.5175,4195.1130,0.0000,0.0000
130.6000,22.2474,10.1200,0.0000,-1428.8810,269.0141,4203.7920,0.0000,0.0000
130.6167,22.2900,10.1400,0.0000,-1435.4756,269.5157,4212.4710,0.0000,0.0000
130.6333,22.3329,10.1600,0.0000,-1441.9987,270.0222,4221.1500,0.0000,0.0000
130.6500,22.3759,10.1800,0.0000,-1448.4519,270.5334,4229.8290,0.0000,0.0000
130.6667,22.4192,10.2000,0.0000,-1454.8367,271.0495,4238.5080,0.0000,0.0000
130.6833,22.4627,10.2200,0.0000,-1461.1543,271.5702,4247.1870,0.0000,0.0000
130.7000,22.5063,10.2400,0.0000,-1467.4064,272.0956,4255.8660,0.0000,0.0000
130.7167,22.5502,10.2600,0.0000,-1473.5941,272.6255,4264.5450,0.0000,0.0000
130.7333,22.5943,10.2800,0.0000,-1479.7188,273.1600,4273.2240,0.0000,0.0000
130.7500,22.6386,10.3000,0.0000,-1485.7818,273.6990,4281.9030,0.0000,0.0000
130.7667,22.6831,10.3200,0.0000,-1491.7844,274.2424,4290.5820,0.0000,0.0000
130.7833,22.7278,10.3400,0.0000,-1497.7279,274.7902,4299.2610,0.0000,0.0000
130.8000,22.7727,10.3600,0.0000,-1503.6134,275.3423,4307.9400,0.0000,0.0000
130.8167,22.8178,10.3800,0.0000,-1509.4421,275.8987,4316.6190,0.0000,0.0000
130.8333,22.8631,10.4000,0.0000,-1515.2153,276.4593,4325.2980,0.0000,0.0000
130.8500,22.9085,10.4200,0.0000,-1520.9340,277.0241,4333.9770,0.0000,0.0000
130.8667,22.9542,10.4400,0.0000,-1526.5995,277.5930,4342.6560,0.0000,0.0000
130.8833,23.0000,10.4600,0.0000,-1532.2127,278.1660,4351.3350,0.0000,0.0000
130.9000,23.0460,10.4800,0.0000,-1537.7748,278.7431,4360.0140,0.0000,0.0000
130.9167,23.0922,10.5000,0.0000,-1543.2868,279.3241,4368.6930,0.0000,0.0000
130.9333,23.1386,10.5200,0.0000,-1548.7498,279.9091,4377.3720,0.0000,0.0000
130.9500,23.1851,10.5400,0.0000,-1554.1647,280.4980,4386.0510,0.0000,0.0000
130.9667,23.2319,10.5600,0.0000,-1559.5327,281.0908,4394.7300,0.0000,0.0000
130.9833,23.2787,10.5800,0.0000,-1564.8545,281.6874,4403.4090,0.0000,0.0000
131.0000,23.3258,10.6000,0.0000,-1570.1313,282.2879,4412.0880,0.0000,0.0000
131.0167,23.3731,10.6367,0.0000,-1575.7002,282.5229,4416.1908,0.0000,0.0000
131.0333,23.4205,10.6733,0.0000,-1581.0252,282.7621,4420.2936,0.0000,0.0000
131.0500,23.4682,10.7100,0.0000,-1586.1485,283.0052,4424.3964,0.0000,0.0000
131.0667,23.5160,10.7467,0.0000,-1591.0995,283.2521,4428.4992,0.0000,0.0000
131.0833,23.5639,10.7833,0.0000,-1595.9000,283.5028,4432.6020,0.0000,0.0000
131.1000,23.6120,10.8200,0.0000,-1600.5665,283.7570,4436.7048,0.0000,0.0000
131.1167,23.6603,10.8567,0.0000,-1605.1123,284.0147,4440.8076,0.0000,0.0000
131.1333,23.7088,10.8933,0.0000,-1609.5480,284.2757,4444.9104,0.0000,0.0000
131.1500,23.7574,10.9300,0.0000,-1613.8827,284.5401,4449.0132,0.0000,0.0000
131.1667,23.8061,10.9667,0.0000,-1618.1241,284.8077,4453.1160,0.0000,0.0000
131.1833,23.8550,11.0033,0.0000,-1622.2785,285.0785,4457.2188,0.0000,0.0000
131.2000,23.9040,11.0400,0.0000,-1626.3517,285.3523,4461.3216,0.0000,0.0000
131.2167,23.9531,11.0767,0.0000,-1630.3486,285.6292,4465.4244,0.0000,0.0000
131.2333,24.0024,11.1133,0.0000,-1634.2737,285.9090,4469.5272,0.0000,0.0000
131.2500,24.0518,11.1500,0.0000,-1638.1307,286.1917,4473.6300,0.0000,0.0000
131.2667,24.1013,11.1867,0.0000,-1641.9233,286.4773,4477.7328,0.0000,0.0000
131.2833,24.1510,11.2233,0.0000,-1645.6544,286.7656,4481.8356,0.0000,0.0000
131.3000,24.2008,11.2600,0.0000,-1649.3270,287.0567,4485.9384,0.0000,0.0000
131.3167,24.2507,11.2967,0.0000,-1652.9436,287.3505,4490.0412,0.0000,0.0000
131.3333,24.3007,11.3333,0.0000,-1656.5065,287.6469,4494.1440,0.0000,0.0000
131.3500,24.3509,11.3700,0.0000,-1660.0178,287.9459,4498.2468,0.0000,0.0000
131.3667,24.4012,11.4067,0.0000,-1663.4796,288.2475,4502.3496,0.0000,0.0000
131.3833,24.4515,11.4433,0.0000,-1666.8937,288.5517,4506.4524,0.0000,0.0000
131.4000,24.5020,11.4800,0.0000,-1670.2617,288.8583,4510.5552,0.0000,0.0000
131.4167,24.5526,11.5167,0.0000,-1673.5852,289.1673,4514.6580,0.0000,0.0000
131.4333,24.6033,11.5533,0.0000,-1676.8656,289.4788,4518.7608,0.0000,0.0000
131.4500,24.6541,11.5900,0.0000,-1680.1044,289.7926,4522.8636,0.0000,0.0000
131.4667,24.7051,11.6267,0.0000,-1683.3028,290.1088,4526.9664,0.0000,0.0000
131.4833,24.7561,11.6633,0.0000,-1686.4621,290.4273,4531.0692,0.0000,0.0000
131.5000,24.8072,11.7000,0.0000,-1689.5834,290.7480,4535.1720,0.0000,0.0000
131.5167,24.8584,11.7367,0.0000,-1692.6677,291.0710,4539.2748,0.0000,0.0000
131.5333,24.9098,11.7733,0.0000,-1695.7161,291.3962,4543.3776,0.0000,0.0000
131.5500,24.9612,11.8100,0.0000,-1698.7296,291.7235,4547.4804,0.0000,0.0000
131.5667,25.0127,11.8467,0.0000,-1701.7091,292.0531,4551.5832,0.0000,0.0000
131.5833,25.0643,11.8833,0.0000,-1704.6555,292.3847,4555.6860,0.0000,0.0000
131.6000,25.1160,11.9200,0.0000,-1707.5696,292.7184,4559.7888,0.0000,0.0000
131.6167,25.1678,11.9567,0.0000,-1710.4523,293.0542,4563.8916,0.0000,0.0000
131.6333,25.2197,11.9933,0.0000,-1713.3044,293.3921,4567.9944,0.0000,0.0000
131.6500,25.2717,12.0300,0.0000,-1716.1265,293.7319,4572.0972,0.0000,0.0000
131.6667,25.3238,12.0667,0.0000,-1718.9195,294.0738,4576.2000,0.0000,0.0000
131.6833,25.3760,12.1033,0.0000,-1721.6839,294.4176,4580.3028,0.0000,0.0000
131.7000,25.4282,12.1400,0.0000,-1724.4206,294.7633,4584.4056,0.0000,0.0000
131.7167,25.4806,12.1767,0.0000,-1727.1300,295.1110,4588.5084,0.0000,0.0000
131.7333,25.5330,12.2133,0.0000,-1729.8129,295.4605,4592.6112,0.0000,0.0000
131.7500,25.5855,12.2500,0.0000,-1732.4698,295.8119,4596.7140,0.0000,0.0000
131.7667,25.6381,12.2867,0.0000,-1735.1014,296.1652,4600.8168,0.0000,0.0000
131.7833,25.6908,12.3233,0.0000,-1737.7082,296.5203,4604.9196,0.0000,0.0000
131.8000,25.7435,12.3600,0.0000,-1740.2906,296.8772,4609.0224,0.0000,0.0000
131.8167,25.7964,12.3967,0.0000,-1742.8494,297.2358,4613.1252,0.0000,0.0000
131.8333,25.8493,12.4333,0.0000,-1745.3849,297.5963,4617.2280,0.0000,0.0000
131.8500,25.9023,12.4700,0.0000,-1747.8977,297.9585,4621.3308,0.0000,0.0000
131.8667,25.9553,12.5067,0.0000,-1750.3882,298.3224,4625.4336,0.0000,0.0000
131.8833,26.0085,12.5433,0.0000,-1752.8569,298.6880,4629.5364,0.0000,0.0000
131.9000,26.0617,12.5800,0.0000,-1755.3043,299.0553,4633.6392,0.0000,0.0000
131.9167,26.1150,12.6167,0.0000,-1757.7309,299.4243,4637.7420,0.0000,0.0000
131.9333,26.1684,12.6533,0.0000,-1760.1369,299.7949,4641.8448,0.0000,0.0000
131.9500,26.2218,12.6900,0.0000,-1762.5230,300.1672,4645.9476,0.0000,0.0000
131.9667,26.2754,12.7267,0.0000,-1764.8894,300.5410,4650.0504,0.0000,0.0000
131.9833,26.3289,12.7633,0.0000,-1767.2365,300.9165,4654.1532,0.0000,0.0000
132.0000,26.3826,12.8000,0.0000,-1769.5649,301.2936,4658.2560,0.0000,0.0000
132.0167,26.4362,12.7817,0.0000,-1769.2245,302.8891,4649.1036,0.0000,0.0000
132.0333,26.4897,12.7633,0.0000,-1768.3786,304.4826,4639.9512,0.0000,0.0000
132.0500,26.5431,12.7450,0.0000,-1767.1455,306.0739,4630.7988,0.0000,0.0000
132.0667,26.5964,12.7267,0.0000,-1765.6051,307.6626,4621.6464,0.0000,0.0000
132.0833,26.6496,12.7083,0.0000,-1763.8139,309.2486,4612.4940,0.0000,0.0000
132.1000,26.7026,12.6900,0.0000,-1761.8131,310.8317,4603.3416,0.0000,0.0000
132.1167,26.7555,12.6717,0.0000,-1759.6338,312.4118,4594.1892,0.0000,0.0000
132.1333,26.8083,12.6533,0.0000,-1757.2998,313.9887,4585.0368,0.0000,0.0000
132.1500,26.8609,12.6350,0.0000,-1754.8298,315.5623,4575.8844,0.0000,0.0000
132.1667,26.9133,12.6167,0.0000,-1752.2389,317.1325,4566.7320,0.0000,0.0000
132.1833,26.9656,12.5983,0.0000,-1749.5389,318.6993,4557.5796,0.0000,0.0000
132.2000,27.0130,12.5800,-1304.6712,-1749.2856,320.1582,4548.4272,0.0000,0.0000
132.2167,27.0477,12.5617,-4768.5194,-1755.6443,321.3332,4539.2748,0.0000,0.0000
132.2333,27.0734,12.5433,-7337.5602,-1766.3146,322.3098,4530.1224,0.0000,0.0000
132.2500,27.0926,12.5250,-9257.6158,-1779.8507,323.1423,4520.9700,0.0000,0.0000
132.2667,27.1071,12.5067,-10706.3656,-1795.2363,323.8704,4511.8176,0.0000,0.0000
132.2833,27.1181,12.4883,-11812.2900,-1811.7569,324.5224,4502.6652,0.0000,0.0000
132.3000,27.1267,12.4700,-12668.3351,-1828.9114,325.1189,4493.5128,0.0000,0.0000
132.3167,27.1334,12.4517,-13341.7739,-1846.3499,325.6750,4484.3604,0.0000,0.0000
132.3333,27.1388,12.4333,-13881.3256,-1863.8296,326.2014,4475.2080,0.0000,0.0000
132.3500,27.1432,12.4150,-14322.2961,-1881.1834,326.7059,4466.0556,0.0000,0.0000
132.3667,27.1469,12.3967,-14690.2913,-1898.2979,327.1942,4456.9032,0.0000,0.0000
132.3833,27.1500,12.3783,-15003.9001,-1915.0976,327.6704,4447.7508,0.0000,0.0000
132.4000,27.1528,12.3600,-15276.6328,-1931.5334,328.1376,4438.5984,0.0000,0.0000
132.4167,27.1552,12.3417,-15518.3229,-1947.5753,328.5979,4429.4460,0.0000,0.0000
132.4333,27.1574,12.3233,-15736.1406,-1963.2058,329.0529,4420.2936,0.0000,0.0000
132.4500,27.1594,12.3050,-15935.3252,-1978.4167,329.5037,4411.1412,0.0000,0.0000
132.4667,27.1612,12.2867,-16119.7159,-1993.2060,329.9513,4401.9888,0.0000,0.0000
132.4833,27.1629,12.2683,-16292.1353,-2007.5756,330.3962,4392.8364,0.0000,0.0000
132.5000,27.1645,12.2500,-16454.6674,-2021.5303,330.8389,4383.6840,0.0000,0.0000
132.5167,27.1661,12.2317,-16608.8587,-2035.0766,331.2798,4374.5316,0.0000,0.0000
132.5333,27.1676,12.2133,-16755.8637,-2048.2220,331.7191,4365.3792,0.0000,0.0000
132.5500,27.1690,12.1950,-16896.5517,-2060.9747,332.1570,4356.2268,0.0000,0.0000
132.5667,27.1703,12.1767,-17031.5827,-2073.3430,332.5936,4347.0744,0.0000,0.0000
132.5833,27.1716,12.1583,-17161.4641,-2085.3356,333.0291,4337.9220,0.0000,0.0000
132.6000,27.1729,12.1400,-17286.5908,-2096.9610,333.4635,4328.7696,0.0000,0.0000
132.6167,27.1741,12.1217,-17407.2749,-2108.2276,333.8970,4319.6172,0.0000,0.0000
132.6333,27.1752,12.1033,-17523.7676,-2119.1436,334.3295,4310.4648,0.0000,0.0000
132.6500,27.1764,12.0850,-17636.2742,-2129.7172,334.7611,4301.3124,0.0000,0.0000
132.6667,27.1774,12.0667,-17744.9661,-2139.9559,335.1919,4292.1600,0.0000,0.0000
132.6833,27.1785,12.0483,-17849.9889,-2149.8673,335.6219,4283.0076,0.0000,0.0000
132.7000,27.1795,12.0300,-17951.4687,-2159.4586,336.0511,4273.8552,0.0000,0.0000
132.7167,27.1805,12.0117,-18049.5165,-2168.7368,336.4795,4264.7028,0.0000,0.0000
132.7333,27.1814,11.9933,-18144.2316,-2177.7085,336.9072,4255.5504,0.0000,0.0000
132.7500,27.1824,11.9750,-18235.7041,-2186.3803,337.3342,4246.3980,0.0000,0.0000
132.7667,27.1832,11.9567,-18324.0167,-2194.7584,337.7604,4237.2456,0.0000,0.0000
132.7833,27.1841,11.9383,-18409.2461,-2202.8489,338.1860,4228.0932,0.0000,0.0000
132.8000,27.1849,11.9200,-18491.4643,-2210.6575,338.6109,4218.9408,0.0000,0.0000
132.8167,27.1857,11.9017,-18570.7388,-2218.1899,339.0352,4209.7884,0.0000,0.0000
132.8333,27.1865,11.8833,-18647.1338,-2225.4516,339.4588,4200.6360,0.0000,0.0000
132.8500,27.1872,11.8650,-18720.7106,-2232.4478,339.8818,4191.4836,0.0000,0.0000
132.8667,27.1879,11.8467,-18791.5275,-2239.1837,340.3042,4182.3312,0.0000,0.0000
132.8833,27.1886,11.8283,-18859.6408,-2245.6643,340.7260,4173.1788,0.0000,0.0000
132.9000,27.1893,11.8100,-18925.1045,-2251.8944,341.1472,4164.0264,0.0000,0.0000
132.9167,27.1899,11.7917,-18987.9708,-2257.8786,341.5678,4154.8740,0.0000,0.0000
132.9333,27.1905,11.7733,-19048.2899,-2263.6216,341.9878,4145.7216,0.0000,0.0000
132.9500,27.1911,11.7550,-19106.1106,-2269.1278,342.4073,4136.5692,0.0000,0.0000
132.9667,27.1916,11.7367,-19161.4802,-2274.4014,342.8263,4127.4168,0.0000,0.0000
132.9833,27.1921,11.7183,-19214.4444,-2279.4467,343.2447,4118.2644,0.0000,0.0000
133.0000,27.1927,11.7000,-19265.0479,-2284.2679,343.6626,4109.1120,0.0000,0.0000
133.0167,27.1931,11.7000,-19314.7076,-2288.9678,343.6736,4090.3338,0.0000,0.0000
133.0333,27.1936,11.7000,-19361.9746,-2293.0304,343.6841,4071.5556,0.0000,0.0000
133.0500,27.1941,11.7000,-19406.0369,-2296.5494,343.6939,4052.7774,0.0000,0.0000
133.0667,27.1945,11.7000,-19446.4702,-2299.5888,343.7029,4033.9992,0.0000,0.0000
133.0833,27.1948,11.7000,-19483.0867,-2302.1947,343.7110,4015.2210,0.0000,0.0000
133.1000,27.1952,11.7000,-19515.8416,-2304.4019,343.7183,3996.4428,0.0000,0.0000
133.1167,27.1954,11.7000,-19544.7746,-2306.2376,343.7247,3977.6646,0.0000,0.0000
133.1333,27.1957,11.7000,-19569.9733,-2307.7237,343.7303,3958.8864,0.0000,0.0000
133.1500,27.1959,11.7000,-19589.9599,-2308.8055,343.7347,3940.1082,0.0000,0.0000
133.1667,27.1961,11.7000,-19606.8291,-2309.5442,343.7384,3921.3300,0.0000,0.0000
133.1833,27.1962,11.7000,-19620.5693,-2309.9665,343.7415,3902.5518,0.0000,0.0000
133.2000,27.1963,11.7000,-19631.2216,-2310.0922,343.7438,3883.7736,0.0000,0.0000
133.2167,27.1964,11.7000,-19638.8561,-2309.9371,343.7455,3864.9954,0.0000,0.0000
133.2333,27.1964,11.7000,-19643.5569,-2309.5138,343.7466,3846.2172,0.0000,0.0000
133.2500,27.1965,11.7000,-19645.4139,-2308.8329,343.7470,3827.4390,0.0000,0.0000
133.2667,27.1964,11.7000,-19644.5176,-2307.9037,343.7468,3808.6608,0.0000,0.0000
133.2833,27.1964,11.7000,-19640.9559,-2306.7342,343.7460,3789.8826,0.0000,0.0000
133.3000,27.1963,11.7000,-19634.8128,-2305.3316,343.7446,3771.1044,0.0000,0.0000
133.3167,27.1963,11.7000,-19626.1675,-2303.7023,343.7427,3752.3262,0.0000,0.0000
133.3333,27.1962,11.7000,-19615.0940,-2301.8522,343.7403,3733.5480,0.0000,0.0000
133.3500,27.1960,11.7000,-19601.6616,-2299.7868,343.7373,3714.7698,0.0000,0.0000
133.3667,27.1959,11.7000,-19585.9346,-2297.5110,343.7338,3695.9916,0.0000,0.0000
133.3833,27.1957,11.7000,-19567.9730,-2295.0295,343.7298,3677.2134,0.0000,0.0000
133.4000,27.1955,11.7000,-19547.8326,-2292.3467,343.7253,3658.4352,0.0000,0.0000
133.4167,27.1953,11.7000,-19525.5658,-2289.4667,343.7204,3639.6570,0.0000,0.0000
133.4333,27.1950,11.7000,-19501.2214,-2286.3933,343.7150,3620.8788,0.0000,0.0000
133.4500,27.1947,11.7000,-19474.8453,-2283.1303,343.7092,3602.1006,0.0000,0.0000
133.4667,27.1945,11.7000,-19446.4807,-2279.6812,343.7029,3583.3224,0.0000,0.0000
133.4833,27.1942,11.7000,-19416.1685,-2276.0493,343.6961,3564.5442,0.0000,0.0000
133.5000,27.1938,11.7000,-19383.9473,-2272.2379,343.6890,3545.7660,0.0000,0.0000
133.5167,27.1935,11.7000,-19349.8538,-2268.2500,343.6814,3526.9878,0.0000,0.0000
133.5333,27.1931,11.7000,-19313.9232,-2264.0887,343.6735,3508.2096,0.0000,0.0000
133.5500,27.1928,11.7000,-19276.1887,-2259.7568,343.6651,3489.4314,0.0000,0.0000
133.5667,27.1924,11.7000,-19236.6826,-2255.2571,343.6563,3470.6532,0.0000,0.0000
133.5833,27.1920,11.7000,-19195.4355,-2250.5923,343.6472,3451.8750,0.0000,0.0000
133.6000,27.1915,11.7000,-19152.4773,-2245.7650,343.6376,3433.0968,0.0000,0.0000
133.6167,27.1911,11.7000,-19107.8363,-2240.7779,343.6277,3414.3186,0.0000,0.0000
133.6333,27.1906,11.7000,-19061.5404,-2235.6333,343.6175,3395.5404,0.0000,0.0000
133.6500,27.1901,11.7000,-19013.6164,-2230.3336,343.6068,3376.7622,0.0000,0.0000
133.6667,27.1896,11.7000,-18964.0902,-2224.8814,343.5959,3357.9840,0.0000,0.0000
133.6833,27.1891,11.7000,-18912.9870,-2219.2788,343.5845,3339.2058,0.0000,0.0000
133.7000,27.1886,11.7000,-18860.3315,-2213.5281,343.5728,3320.4276,0.0000,0.0000
133.7167,27.1881,11.7000,-18806.1476,-2207.6315,343.5608,3301.6494,0.0000,0.0000
133.7333,27.1875,11.7000,-18750.4586,-2201.5913,343.5485,3282.8712,0.0000,0.0000
133.7500,27.1869,11.7000,-18693.2873,-2195.4094,343.5358,3264.0930,0.0000,0.0000
133.7667,27.1863,11.7000,-18634.6560,-2189.0879,343.5228,3245.3148,0.0000,0.0000
133.7833,27.1857,11.7000,-18574.5865,-2182.6290,343.5095,3226.5366,0.0000,0.0000
133.8000,27.1851,11.7000,-18513.1000,-2176.0345,343.4958,3207.7584,0.0000,0.0000
133.8167,27.1845,11.7000,-18450.2175,-2169.3065,343.4819,3188.9802,0.0000,0.0000
133.8333,27.1839,11.7000,-18385.9593,-2162.4469,343.4676,3170.2020,0.0000,0.0000
133.8500,27.1832,11.7000,-18320.3455,-2155.4575,343.4531,3151.4238,0.0000,0.0000
133.8667,27.1825,11.7000,-18253.3958,-2148.3402,343.4382,3132.6456,0.0000,0.0000
133.8833,27.1819,11.7000,-18185.1295,-2141.0969,343.4231,3113.8674,0.0000,0.0000
133.9000,27.1812,11.7000,-18115.5654,-2133.7292,343.4076,3095.0892,0.0000,0.0000
133.9167,27.1804,11.7000,-18044.7223,-2126.2391,343.3919,3076.3110,0.0000,0.0000
133.9333,27.1797,11.7000,-17972.6184,-2118.6281,343.3759,3057.5328,0.0000,0.0000
133.9500,27.1790,11.7000,-17899.2715,-2110.8981,343.3597,3038.7546,0.0000,0.0000
133.9667,27.1782,11.7000,-17824.6995,-2103.0507,343.3431,3019.9764,0.0000,0.0000
133.9833,27.1775,11.7000,-17748.9196,-2095.0875,343.3263,3001.1982,0.0000,0.0000
134.0000,27.1767,11.7000,-17671.9489,-2087.0101,343.3092,2982.4200,0.0000,0.0000
134.0167,27.1759,11.6717,-17589.1228,-2077.5572,343.9194,2958.5922,0.0000,0.0000
134.0333,27.1750,11.6433,-17501.1532,-2067.8056,344.5283,2934.7644,0.0000,0.0000
134.0500,27.1741,11.6150,-17408.6697,-2057.7930,345.1363,2910.9366,0.0000,0.0000
134.0667,27.1731,11.5867,-17312.2102,-2047.5453,345.7434,2887.1088,0.0000,0.0000
134.0833,27.1721,11.5583,-17212.2254,-2037.0812,346.3497,2863.2810,0.0000,0.0000
134.1000,27.1711,11.5300,-17109.0889,-2026.4145,346.9554,2839.4532,0.0000,0.0000
134.1167,27.1700,11.5017,-17003.1086,-2015.5563,347.5604,2815.6254,0.0000,0.0000
134.1333,27.1689,11.4733,-16885.1980,-2003.8742,348.1627,2791.7976,0.0000,0.0000
134.1500,27.1677,11.4450,-16765.6544,-1992.0679,348.7647,2767.9698,0.0000,0.0000
134.1667,27.1664,11.4167,-16644.5557,-1980.1271,349.3663,2744.1420,0.0000,0.0000
134.1833,27.1652,11.3883,-16521.9447,-1968.0464,349.9676,2720.3142,0.0000,0.0000
134.2000,27.1640,11.3600,-16397.8464,-1955.8235,350.5686,2696.4864,0.0000,0.0000
134.2167,27.1627,11.3317,-16272.2764,-1943.4574,351.1692,2672.6586,0.0000,0.0000
134.2333,27.1615,11.3033,-16145.2457,-1930.9480,351.7696,2648.8308,0.0000,0.0000
134.2500,27.1602,11.2750,-16016.7630,-1918.2954,352.3696,2625.0030,0.0000,0.0000
134.2667,27.1589,11.2467,-15886.8362,-1905.5003,352.9692,2601.1752,0.0000,0.0000
134.2833,27.1576,11.2183,-15755.4735,-1892.5636,353.5686,2577.3474,0.0000,0.0000
134.3000,27.1562,11.1900,-15622.6836,-1879.4863,354.1676,2553.5196,0.0000,0.0000
134.3167,27.1549,11.1617,-15488.4766,-1866.2698,354.7664,2529.6918,0.0000,0.0000
134.3333,27.1535,11.1333,-15352.8634,-1852.9153,355.3648,2505.8640,0.0000,0.0000
134.3500,27.1522,11.1050,-15215.8562,-1839.4246,355.9629,2482.0362,0.0000,0.0000
134.3667,27.1508,11.0767,-15077.4682,-1825.7992,356.5607,2458.2084,0.0000,0.0000
134.3833,27.1494,11.0483,-14937.7133,-1812.0406,357.1582,2434.3806,0.0000,0.0000
134.4000,27.1480,11.0200,-14796.6063,-1798.1507,357.7554,2410.5528,0.0000,0.0000
134.4167,27.1465,10.9917,-14654.1624,-1784.1310,358.3523,2386.7250,0.0000,0.0000
134.4333,27.1451,10.9633,-14510.3974,-1769.9833,358.9489,2362.8972,0.0000,0.0000
134.4500,27.1437,10.9350,-14365.3272,-1755.7093,359.5452,2339.0694,0.0000,0.0000
134.4667,27.1422,10.9067,-14218.9682,-1741.3106,360.1412,2315.2416,0.0000,0.0000
134.4833,27.1407,10.8783,-14071.3366,-1726.7889,360.7370,2291.4138,0.0000,0.0000
134.5000,27.1392,10.8500,-13922.4490,-1712.1459,361.3325,2267.5860,0.0000,0.0000
134.5167,27.1377,10.8217,-13772.3217,-1697.3833,361.9277,2243.7582,0.0000,0.0000
134.5333,27.1362,10.7933,-13620.9705,-1682.5023,362.5226,2219.9304,0.0000,0.0000
134.5500,27.1347,10.7650,-13468.4108,-1667.5046,363.1172,2196.1026,0.0000,0.0000
134.5667,27.1331,10.7367,-13314.6575,-1652.3913,363.7116,2172.2748,0.0000,0.0000
134.5833,27.1316,10.7083,-13159.7255,-1637.1641,364.3058,2148.4470,0.0000,0.0000
134.6000,27.1300,10.6800,-13003.6297,-1621.8244,364.8996,2124.6192,0.0000,0.0000
134.6167,27.1285,10.6517,-12846.3852,-1606.3738,365.4933,2100.7914,0.0000,0.0000
134.6333,27.1269,10.6233,-12688.0073,-1590.8138,366.0866,2076.9636,0.0000,0.0000
134.6500,27.1253,10.5950,-12528.5118,-1575.1462,366.6797,2053.1358,0.0000,0.0000
134.6667,27.1237,10.5667,-12367.9146,-1559.3727,367.2726,2029.3080,0.0000,0.0000
134.6833,27.1221,10.5383,-12206.2317,-1543.4948,367.8653,2005.4802,0.0000,0.0000
134.7000,27.1204,10.5100,-12043.4795,-1527.5143,368.4576,1981.6524,0.0000,0.0000
134.7167,27.1188,10.4817,-11879.6742,-1511.4327,369.0498,1957.8246,0.0000,0.0000
134.7333,27.1171,10.4533,-11714.8321,-1495.2518,369.6417,1933.9968,0.0000,0.0000
134.7500,27.1155,10.4250,-11548.9695,-1478.9732,370.2334,1910.1690,0.0000,0.0000
134.7667,27.1138,10.3967,-11382.1025,-1462.5984,370.8249,1886.3412,0.0000,0.0000
134.7833,27.1121,10.3683,-11214.2473,-1446.1290,371.4162,1862.5134,0.0000,0.0000
134.8000,27.1105,10.3400,-11045.4194,-1429.5665,372.0072,1838.6856,0.0000,0.0000
134.8167,27.1088,10.3117,-10875.6339,-1412.9122,372.5981,1814.8578,0.0000,0.0000
134.8333,27.1070,10.2833,-10704.9051,-1396.1673,373.1887,1791.0300,0.0000,0.0000
134.8500,27.1053,10.2550,-10533.2470,-1379.3332,373.7791,1767.2022,0.0000,0.0000
134.8667,27.1036,10.2267,-10360.6729,-1362.4110,374.3693,1743.3744,0.0000,0.0000
134.8833,27.1019,10.1983,-10187.1966,-1345.4022,374.9594,1719.5466,0.0000,0.0000
134.9000,27.1001,10.1700,-10012.8316,-1328.3081,375.5492,1695.7188,0.0000,0.0000
134.9167,27.0984,10.1417,-9837.5918,-1311.1302,376.1388,1671.8910,0.0000,0.0000
134.9333,27.0966,10.1133,-9661.4912,-1293.8700,376.7282,1648.0632,0.0000,0.0000
134.9500,27.0948,10.0850,-9484.5441,-1276.5288,377.3175,1624.2354,0.0000,0.0000
134.9667,27.0931,10.0567,-9306.7649,-1259.1083,377.9066,1600.4076,0.0000,0.0000
134.9833,27.0913,10.0283,-9128.1680,-1241.6099,378.4954,1576.5798,0.0000,0.0000
135.0000,27.0895,10.0000,-8948.7677,-1224.0349,379.0841,1552.7520,0.0000,0.0000
135.0167,27.0876,9.9167,-8760.4453,-1204.5449,380.8909,1530.8178,0.0000,0.0000
135.0333,27.0857,9.8333,-8565.6531,-1185.0835,382.6962,1508.8836,0.0000,0.0000
135.0500,27.0837,9.7500,-8366.1264,-1165.6267,384.5005,1486.9494,0.0000,0.0000
135.0667,27.0816,9.6667,-8163.0943,-1146.1579,386.3040,1465.0152,0.0000,0.0000
135.0833,27.0796,9.5833,-7957.4272,-1126.6653,388.1069,1443.0810,0.0000,0.0000
135.1000,27.0775,9.5000,-7749.7404,-1107.1402,389.9093,1421.1468,0.0000,0.0000
135.1167,27.0754,9.4167,-7540.4675,-1087.5758,391.7114,1399.2126,0.0000,0.0000
135.1333,27.0733,9.3333,-7329.9131,-1067.9670,393.5132,1377.2784,0.0000,0.0000
135.1500,27.0712,9.2500,-7118.2895,-1048.3098,395.3148,1355.3442,0.0000,0.0000
135.1667,27.0691,9.1667,-6905.7442,-1028.6007,397.1162,1333.4100,0.0000,0.0000
135.1833,27.0669,9.0833,-6692.3781,-1008.8373,398.9174,1311.4758,0.0000,0.0000
135.2000,27.0648,9.0000,-6478.2598,-989.0174,400.7184,1289.5416,0.0000,0.0000
135.2167,27.0626,8.9167,-6263.4350,-969.1393,402.5193,1267.6074,0.0000,0.0000
135.2333,27.0605,8.8333,-6047.9337,-949.2017,404.3200,1245.6732,0.0000,0.0000
135.2500,27.0583,8.7500,-5831.7748,-929.2033,406.1206,1223.7390,0.0000,0.0000
135.2667,27.0561,8.6667,-5614.9701,-909.1435,407.9210,1201.8048,0.0000,0.0000
135.2833,27.0540,8.5833,-5397.5264,-889.0215,409.7213,1179.8706,0.0000,0.0000
135.3000,27.0518,8.5000,-5179.4474,-868.8369,411.5215,1157.9364,0.0000,0.0000
135.3167,27.0496,8.4167,-4960.7352,-848.5893,413.3215,1136.0022,0.0000,0.0000
135.3333,27.0474,8.3333,-4741.3906,-828.2786,415.1213,1114.0680,0.0000,0.0000
135.3500,27.0452,8.2500,-4521.4141,-807.9047,416.9211,1092.1338,0.0000,0.0000
135.3667,27.0430,8.1667,-4300.8063,-787.4676,418.7207,1070.1996,0.0000,0.0000
135.3833,27.0408,8.0833,-4079.5677,-766.9676,420.5201,1048.2654,0.0000,0.0000
135.4000,27.0386,8.0000,-3857.6996,-746.4047,422.3194,1026.3312,0.0000,0.0000
135.4167,27.0364,7.9167,-3635.2035,-725.7794,424.1186,1004.3970,0.0000,0.0000
135.4333,27.0341,7.8333,-3412.0818,-705.0920,425.9176,982.4628,0.0000,0.0000
135.4500,27.0319,7.7500,-3188.3371,-684.3430,427.7165,960.5286,0.0000,0.0000
135.4667,27.0296,7.6667,-2963.9728,-663.5328,429.5153,938.5944,0.0000,0.0000
135.4833,27.0274,7.5833,-2738.9929,-642.6619,431.3139,916.6602,0.0000,0.0000
135.5000,27.0251,7.5000,-2513.4018,-621.7311,433.1124,894.7260,0.0000,0.0000
135.5167,27.0229,7.4167,-2287.2046,-600.7410,434.9107,872.7918,0.0000,0.0000
135.5333,27.0206,7.3333,-2060.4066,-579.6921,436.7089,850.8576,0.0000,0.0000
135.5500,27.0183,7.2500,-1833.0140,-558.5853,438.5070,828.9234,0.0000,0.0000
135.5667,27.0161,7.1667,-1605.0330,-537.4213,440.3050,806.9892,0.0000,0.0000
135.5833,27.0138,7.0833,-1376.4704,-516.2010,442.1028,785.0550,0.0000,0.0000
135.6000,27.0115,7.0000,-1147.3333,-494.9250,443.9005,763.1208,0.0000,0.0000
135.6167,27.0092,6.9167,-917.6291,-473.5943,445.6981,741.1866,0.0000,0.0000
135.6333,27.0069,6.8333,-687.3657,-452.2096,447.4955,719.2524,0.0000,0.0000
135.6500,27.0046,6.7500,-456.5511,-430.7720,449.2928,697.3182,0.0000,0.0000
135.6667,27.0023,6.6667,-225.1935,-409.2823,451.0901,675.3840,0.0000,0.0000
135.6833,26.9999,6.5833,0.0000,-387.7414,452.8871,653.4498,0.0000,0.0000
135.7000,26.9967,6.5000,0.0000,-366.5761,454.6646,631.5156,0.0000,0.0000
135.7167,26.9927,6.4167,0.0000,-345.7427,456.4236,609.5814,0.0000,0.0000
135.7333,26.9878,6.3333,0.0000,-325.2244,458.1647,587.6472,0.0000,0.0000
135.7500,26.9822,6.2500,0.0000,-305.0069,459.8879,565.7130,0.0000,0.0000
135.7667,26.9758,6.1667,0.0000,-285.0767,461.5936,543.7788,0.0000,0.0000
135.7833,26.9685,6.0833,0.0000,-265.4219,463.2820,521.8446,0.0000,0.0000
135.8000,26.9606,6.0000,0.0000,-246.0312,464.9533,499.9104,0.0000,0.0000
135.8167,26.9518,5.9167,0.0000,-226.8942,466.6078,477.9762,0.0000,0.0000
135.8333,26.9423,5.8333,0.0000,-208.0012,468.2456,456.0420,0.0000,0.0000
135.8500,26.9321,5.7500,0.0000,-189.3430,469.8669,434.1078,0.0000,0.0000
135.8667,26.9211,5.6667,0.0000,-170.9110,471.4720,412.1736,0.0000,0.0000
135.8833,26.9094,5.5833,0.0000,-152.6970,473.0611,390.2394,0.0000,0.0000
135.9000,26.8970,5.5000,0.0000,-134.6935,474.6342,368.3052,0.0000,0.0000
135.9167,26.8839,5.4167,0.0000,-116.8931,476.1917,346.3710,0.0000,0.0000
135.9333,26.8700,5.3333,0.0000,-99.2889,477.7336,324.4368,0.0000,0.0000
135.9500,26.8555,5.2500,0.0000,-81.8744,479.2602,302.5026,0.0000,0.0000
135.9667,26.8403,5.1667,0.0000,-64.6433,480.7716,280.5684,0.0000,0.0000
135.9833,26.8244,5.0833,0.0000,-47.5898,482.2679,258.6342,0.0000,0.0000
136.0000,26.8079,5.0000,0.0000,-30.7080,483.7494,236.7000,0.0000,0.0000
136.0167,26.7909,4.9900,0.0000,-17.3874,483.5934,232.7550,0.0000,0.0000
136.0333,26.7734,4.9800,0.0000,-4.7783,483.4274,228.8100,0.0000,0.0000
136.0500,26.7555,4.9700,0.0000,7.2558,483.2517,224.8650,0.0000,0.0000
136.0667,26.7371,4.9600,0.0000,18.8088,483.0669,220.9200,0.0000,0.0000
136.0833,26.7184,4.9500,0.0000,29.9482,482.8731,216.9750,0.0000,0.0000
136.1000,26.6993,4.9400,0.0000,40.7239,482.6707,213.0300,0.0000,0.0000
136.1167,26.6798,4.9300,0.0000,51.1745,482.4601,209.0850,0.0000,0.0000
136.1333,26.6599,4.9200,0.0000,61.3304,482.2414,205.1400,0.0000,0.0000
136.1500,26.6397,4.9100,0.0000,71.2159,482.0148,201.1950,0.0000,0.0000
136.1667,26.6191,4.9000,0.0000,80.8511,481.7806,197.2500,0.0000,0.0000
136.1833,26.5983,4.8900,0.0000,90.2526,481.5390,193.3050,0.0000,0.0000
136.2000,26.5770,4.8800,0.0000,99.4345,481.2901,189.3600,0.0000,0.0000
136.2167,26.5555,4.8700,0.0000,108.4087,481.0342,185.4150,0.0000,0.0000
136.2333,26.5336,4.8600,0.0000,117.1855,480.7714,181.4700,0.0000,0.0000
136.2500,26.5115,4.8500,0.0000,125.7742,480.5018,177.5250,0.0000,0.0000
136.2667,26.4890,4.8400,0.0000,134.1831,480.2256,173.5800,0.0000,0.0000
136.2833,26.4663,4.8300,0.0000,142.4199,479.9430,169.6350,0.0000,0.0000
136.3000,26.4433,4.8200,0.0000,150.4914,479.6540,165.6900,0.0000,0.0000
136.3167,26.4200,4.8100,0.0000,158.4039,479.3589,161.7450,0.0000,0.0000
136.3333,26.3964,4.8000,0.0000,166.1625,479.0577,157.8000,0.0000,0.0000
136.3500,26.3726,4.7900,0.0000,173.7722,478.7506,153.8550,0.0000,0.0000
136.3667,26.3484,4.7800,0.0000,181.2370,478.4377,149.9100,0.0000,0.0000
136.3833,26.3241,4.7700,0.0000,188.5608,478.1192,145.9650,0.0000,0.0000
136.4000,26.2995,4.7600,0.0000,195.7469,477.7950,142.0200,0.0000,0.0000
136.4167,26.2746,4.7500,0.0000,202.7986,477.4654,138.0750,0.0000,0.0000
136.4333,26.2495,4.7400,0.0000,209.7189,477.1305,134.1300,0.0000,0.0000
136.4500,26.2242,4.7300,0.0000,216.5105,476.7903,130.1850,0.0000,0.0000
136.4667,26.1986,4.7200,0.0000,223.1761,476.4450,126.2400,0.0000,0.0000
136.4833,26.1728,4.7100,0.0000,229.7184,476.0947,122.2950,0.0000,0.0000
136.5000,26.1468,4.7000,0.0000,236.1399,475.7395,118.3500,0.0000,0.0000
136.5167,26.1206,4.6900,0.0000,242.4429,475.3794,114.4050,0.0000,0.0000
136.5333,26.0941,4.6800,0.0000,248.6300,475.0146,110.4600,0.0000,0.0000
136.5500,26.0675,4.6700,0.0000,254.7033,474.6452,106.5150,0.0000,0.0000
136.5667,26.0406,4.6600,0.0000,260.6654,474.2713,102.5700,0.0000,0.0000
136.5833,26.0136,4.6500,0.0000,266.5183,473.8929,98.6250,0.0000,0.0000
136.6000,25.9863,4.6400,0.0000,272.2643,473.5102,94.6800,0.0000,0.0000
136.6167,25.9589,4.6300,0.0000,277.9056,473.1232,90.7350,0.0000,0.0000
136.6333,25.9312,4.6200,0.0000,283.4443,472.7320,86.7900,0.0000,0.0000
136.6500,25.9034,4.6100,0.0000,288.8827,472.3367,82.8450,0.0000,0.0000
136.6667,25.8754,4.6000,0.0000,294.2227,471.9375,78.9000,0.0000,0.0000
136.6833,25.8472,4.5900,0.0000,299.4664,471.5343,74.9550,0.0000,0.0000
136.7000,25.8189,4.5800,0.0000,304.6160,471.1272,71.0100,0.0000,0.0000
136.7167,25.7904,4.5700,0.0000,309.6733,470.7164,67.0650,0.0000,0.0000
136.7333,25.7617,4.5600,0.0000,314.6403,470.3019,63.1200,0.0000,0.0000
136.7500,25.7328,4.5500,0.0000,319.5190,469.8838,59.1750,0.0000,0.0000
136.7667,25.7038,4.5400,0.0000,324.3114,469.4621,55.2300,0.0000,0.0000
136.7833,25.6747,4.5300,0.0000,329.0193,469.0370,51.2850,0.0000,0.0000
136.8000,25.6453,4.5200,0.0000,333.6444,468.6085,47.3400,0.0000,0.0000
136.8167,25.6159,4.5100,0.0000,338.1888,468.1766,43.3950,0.0000,0.0000
136.8333,25.5862,4.5000,0.0000,342.6542,467.7414,39.4500,0.0000,0.0000
136.8500,25.5565,4.4900,0.0000,347.0422,467.3031,35.5050,0.0000,0.0000
136.8667,25.5266,4.4800,0.0000,351.3547,466.8616,31.5600,0.0000,0.0000
136.8833,25.4965,4.4700,0.0000,355.5934,466.4170,27.6150,0.0000,0.0000
136.9000,25.4664,4.4600,0.0000,359.7599,465.9694,23.6700,0.0000,0.0000
136.9167,25.4361,4.4500,0.0000,363.8558,465.5189,19.7250,0.0000,0.0000
136.9333,25.4056,4.4400,0.0000,367.8829,465.0655,15.7800,0.0000,0.0000
136.9500,25.3750,4.4300,0.0000,371.8425,464.6092,11.8350,0.0000,0.0000
136.9667,25.3443,4.4200,0.0000,375.7364,464.1501,7.8900,0.0000,0.0000
136.9833,25.3135,4.4100,0.0000,379.5659,463.6883,3.9450,0.0000,0.0000
137.0000,25.2826,4.4000,0.0000,383.3326,463.2238,0.0000,0.0000,0.0000
137.0167,25.2515,4.3550,0.0000,388.1001,463.5316,0.0000,0.0000,0.0000
137.0333,25.2202,4.3100,0.0000,392.6523,463.8355,0.0000,0.0000,0.0000
137.0500,25.1887,4.2650,0.0000,397.0190,464.1355,0.0000,0.0000,0.0000
137.0667,25.1571,4.2200,0.0000,401.2218,464.4319,0.0000,0.0000,0.0000
137.0833,25.1253,4.1750,0.0000,405.2773,464.7248,0.0000,0.0000,0.0000
137.1000,25.0933,4.1300,0.0000,409.1989,465.0143,0.0000,0.0000,0.0000
137.1167,25.0612,4.0850,0.0000,412.9976,465.3004,0.0000,0.0000,0.0000
137.1333,25.0290,4.0400,0.0000,416.6830,465.5834,0.0000,0.0000,0.0000
137.1500,24.9966,3.9950,0.0000,420.2633,465.8632,0.0000,0.0000,0.0000
137.1667,24.9640,3.9500,0.0000,423.7458,466.1399,0.0000,0.0000,0.0000
137.1833,24.9314,3.9050,0.0000,427.1373,466.4137,0.0000,0.0000,0.0000
137.2000,24.8986,3.8600,0.0000,430.4440,466.6846,0.0000,0.0000,0.0000
137.2167,24.8657,3.8150,0.0000,433.6713,466.9526,0.0000,0.0000,0.0000
137.2333,24.8326,3.7700,0.0000,436.8242,467.2179,0.0000,0.0000,0.0000
137.2500,24.7995,3.7250,0.0000,439.9071,467.4804,0.0000,0.0000,0.0000
137.2667,24.7662,3.6800,0.0000,442.9239,467.7403,0.0000,0.0000,0.0000
137.2833,24.7328,3.6350,0.0000,445.8781,467.9976,0.0000,0.0000,0.0000
137.3000,24.6993,3.5900,0.0000,448.7728,468.2523,0.0000,0.0000,0.0000
137.3167,24.6656,3.5450,0.0000,451.6109,468.5046,0.0000,0.0000,0.0000
137.3333,24.6319,3.5000,0.0000,454.3949,468.7543,0.0000,0.0000,0.0000
137.3500,24.5981,3.4550,0.0000,457.1271,469.0017,0.0000,0.0000,0.0000
137.3667,24.5641,3.4100,0.0000,459.8097,469.2467,0.0000,0.0000,0.0000
137.3833,24.5300,3.3650,0.0000,462.4447,469.4893,0.0000,0.0000,0.0000
137.4000,24.4959,3.3200,0.0000,465.0340,469.7296,0.0000,0.0000,0.0000
137.4167,24.4616,3.2750,0.0000,467.5792,469.9677,0.0000,0.0000,0.0000
137.4333,24.4272,3.2300,0.0000,470.0819,470.2036,0.0000,0.0000,0.0000
137.4500,24.3928,3.1850,0.0000,472.5437,470.4373,0.0000,0.0000,0.0000
137.4667,24.3582,3.1400,0.0000,474.9659,470.6688,0.0000,0.0000,0.0000
137.4833,24.3236,3.0950,0.0000,477.3499,470.8982,0.0000,0.0000,0.0000
137.5000,24.2888,3.0500,0.0000,479.6969,471.1256,0.0000,0.0000,0.0000
137.5167,24.2540,3.0050,0.0000,482.0081,471.3508,0.0000,0.0000,0.0000
137.5333,24.2190,2.9600,0.0000,484.2845,471.5741,0.0000,0.0000,0.0000
137.5500,24.1840,2.9150,0.0000,486.5272,471.7953,0.0000,0.0000,0.0000
137.5667,24.1489,2.8700,0.0000,488.7372,472.0146,0.0000,0.0000,0.0000
137.5833,24.1137,2.8250,0.0000,490.9154,472.2319,0.0000,0.0000,0.0000
137.6000,24.0784,2.7800,0.0000,493.0627,472.4473,0.0000,0.0000,0.0000
137.6167,24.0430,2.7350,0.0000,495.1798,472.6608,0.0000,0.0000,0.0000
137.6333,24.0076,2.6900,0.0000,497.2676,472.8725,0.0000,0.0000,0.0000
137.6500,23.9720,2.6450,0.0000,499.3269,473.0823,0.0000,0.0000,0.0000
137.6667,23.9364,2.6000,0.0000,501.3583,473.2903,0.0000,0.0000,0.0000
137.6833,23.9007,2.5550,0.0000,503.3625,473.4965,0.0000,0.0000,0.0000
137.7000,23.8649,2.5100,0.0000,505.3402,473.7010,0.0000,0.0000,0.0000
137.7167,23.8290,2.4650,0.0000,507.2919,473.9037,0.0000,0.0000,0.0000
137.7333,23.7931,2.4200,0.0000,509.2182,474.1046,0.0000,0.0000,0.0000
137.7500,23.7571,2.3750,0.0000,511.1198,474.3039,0.0000,0.0000,0.0000
137.7667,23.7210,2.3300,0.0000,512.9971,474.5015,0.0000,0.0000,0.0000
137.7833,23.6848,2.2850,0.0000,514.8506,474.6974,0.0000,0.0000,0.0000
137.8000,23.6486,2.2400,0.0000,516.6808,474.8917,0.0000,0.0000,0.0000
137.8167,23.6123,2.1950,0.0000,518.4882,475.0843,0.0000,0.0000,0.0000
137.8333,23.5759,2.1500,0.0000,520.2734,475.2754,0.0000,0.0000,0.0000
137.8500,23.5394,2.1050,0.0000,522.0376,475.4648,0.0000,0.0000,0.0000
137.8667,23.5029,2.0600,0.0000,523.7817,475.6527,0.0000,0.0000,0.0000
137.8833,23.4663,2.0150,0.0000,525.5068,475.8391,0.0000,0.0000,0.0000
137.9000,23.4296,1.9700,0.0000,527.2139,476.0239,0.0000,0.0000,0.0000
137.9167,23.3929,1.9250,0.0000,528.9035,476.2072,0.0000,0.0000,0.0000
137.9333,23.3561,1.8800,0.0000,530.5761,476.3890,0.0000,0.0000,0.0000
137.9500,23.3192,1.8350,0.0000,532.2319,476.5693,0.0000,0.0000,0.0000
137.9667,23.2823,1.7900,0.0000,533.8711,476.7481,0.0000,0.0000,0.0000
137.9833,23.2453,1.7450,0.0000,535.4936,476.9255,0.0000,0.0000,0.0000
138.0000,23.2082,1.7000,0.0000,537.0994,477.1014,0.0000,0.0000,0.0000
138.0167,23.1712,1.7083,0.0000,536.8164,476.0953,0.0000,0.0000,0.0000
138.0333,23.1342,1.7167,0.0000,536.5619,475.0903,0.0000,0.0000,0.0000
138.0500,23.0973,1.7250,0.0000,536.3329,474.0862,0.0000,0.0000,0.0000
138.0667,23.0604,1.7333,0.0000,536.1263,473.0831,0.0000,0.0000,0.0000
138.0833,23.0235,1.7417,0.0000,535.9386,472.0810,0.0000,0.0000,0.0000
138.1000,22.9867,1.7500,0.0000,535.7664,471.0799,0.0000,0.0000,0.0000
138.1167,22.9500,1.7583,0.0000,535.6062,470.0796,0.0000,0.0000,0.0000
138.1333,22.9133,1.7667,0.0000,535.4546,469.0803,0.0000,0.0000,0.0000
138.1500,22.8766,1.7750,0.0000,535.3084,468.0820,0.0000,0.0000,0.0000
138.1667,22.8400,1.7833,0.0000,535.1643,467.0846,0.0000,0.0000,0.0000
138.1833,22.8034,1.7917,0.0000,535.0194,466.0880,0.0000,0.0000,0.0000
138.2000,22.7668,1.8000,0.0000,534.8712,465.0925,0.0000,0.0000,0.0000
138.2167,22.7303,1.8083,0.0000,534.7170,464.0978,0.0000,0.0000,0.0000
138.2333,22.6939,1.8167,0.0000,534.5547,463.1041,0.0000,0.0000,0.0000
138.2500,22.6574,1.8250,0.0000,534.3822,462.1113,0.0000,0.0000,0.0000
138.2667,22.6211,1.8333,0.0000,534.1977,461.1195,0.0000,0.0000,0.0000
138.2833,22.5847,1.8417,0.0000,533.9996,460.1286,0.0000,0.0000,0.0000
138.3000,22.5484,1.8500,0.0000,533.7863,459.1388,0.0000,0.0000,0.0000
138.3167,22.5122,1.8583,0.0000,533.5567,458.1499,0.0000,0.0000,0.0000
138.3333,22.4760,1.8667,0.0000,533.3095,457.1620,0.0000,0.0000,0.0000
138.3500,22.4398,1.8750,0.0000,533.0439,456.1751,0.0000,0.0000,0.0000
138.3667,22.4037,1.8833,0.0000,532.7589,455.1893,0.0000,0.0000,0.0000
138.3833,22.3677,1.8917,0.0000,532.4540,454.2045,0.0000,0.0000,0.0000
138.4000,22.3316,1.9000,0.0000,532.1283,453.2207,0.0000,0.0000,0.0000
138.4167,22.2957,1.9083,0.0000,531.7816,452.2381,0.0000,0.0000,0.0000
138.4333,22.2598,1.9167,0.0000,531.4134,451.2565,0.0000,0.0000,0.0000
138.4500,22.2239,1.9250,0.0000,531.0234,450.2761,0.0000,0.0000,0.0000
138.4667,22.1881,1.9333,0.0000,530.6114,449.2967,0.0000,0.0000,0.0000
138.4833,22.1523,1.9417,0.0000,530.1773,448.3185,0.0000,0.0000,0.0000
138.5000,22.1166,1.9500,0.0000,529.7210,447.3415,0.0000,0.0000,0.0000
138.5167,22.0809,1.9583,0.0000,529.2424,446.3657,0.0000,0.0000,0.0000
138.5333,22.0453,1.9667,0.0000,528.7417,445.3910,0.0000,0.0000,0.0000
138.5500,22.0098,1.9750,0.0000,528.2190,444.4176,0.0000,0.0000,0.0000
138.5667,21.9743,1.9833,0.0000,527.6743,443.4454,0.0000,0.0000,0.0000
138.5833,21.9389,1.9917,0.0000,527.1079,442.4744,0.0000,0.0000,0.0000
138.6000,21.9035,2.0000,0.0000,526.5201,441.5047,0.0000,0.0000,0.0000
138.6167,21.8681,2.0083,0.0000,525.9110,440.5363,0.0000,0.0000,0.0000
138.6333,21.8329,2.0167,0.0000,525.2810,439.5692,0.0000,0.0000,0.0000
138.6500,21.7977,2.0250,0.0000,524.6304,438.6034,0.0000,0.0000,0.0000
138.6667,21.7625,2.0333,0.0000,523.9594,437.6389,0.0000,0.0000,0.0000
138.6833,21.7274,2.0417,0.0000,523.2686,436.6758,0.0000,0.0000,0.0000
138.7000,21.6924,2.0500,0.0000,522.5582,435.7140,0.0000,0.0000,0.0000
138.7167,21.6575,2.0583,0.0000,521.8286,434.7535,0.0000,0.0000,0.0000
138.7333,21.6226,2.0667,0.0000,521.0803,433.7945,0.0000,0.0000,0.0000
138.7500,21.5877,2.0750,0.0000,520.3136,432.8369,0.0000,0.0000,0.0000
138.7667,21.5529,2.0833,0.0000,519.5289,431.8806,0.0000,0.0000,0.0000
138.7833,21.5182,2.0917,0.0000,518.7267,430.9258,0.0000,0.0000,0.0000
138.8000,21.4836,2.1000,0.0000,517.9075,429.9725,0.0000,0.0000,0.0000
138.8167,21.4490,2.1083,0.0000,517.0715,429.0205,0.0000,0.0000,0.0000
138.8333,21.4145,2.1167,0.0000,516.2193,428.0701,0.0000,0.0000,0.0000
138.8500,21.3800,2.1250,0.0000,515.3513,427.1211,0.0000,0.0000,0.0000
138.8667,21.3457,2.1333,0.0000,514.4679,426.1736,0.0000,0.0000,0.0000
138.8833,21.3113,2.1417,0.0000,513.5695,425.2276,0.0000,0.0000,0.0000
138.9000,21.2771,2.1500,0.0000,512.6565,424.2831,0.0000,0.0000,0.0000
138.9167,21.2429,2.1583,0.0000,511.7295,423.3401,0.0000,0.0000,0.0000
138.9333,21.2088,2.1667,0.0000,510.7887,422.3987,0.0000,0.0000,0.0000
138.9500,21.1748,2.1750,0.0000,509.8346,421.4587,0.0000,0.0000,0.0000
138.9667,21.1408,2.1833,0.0000,508.8677,420.5204,0.0000,0.0000,0.0000
138.9833,21.1069,2.1917,0.0000,507.8882,419.5835,0.0000,0.0000,0.0000
139.0000,21.0731,2.2000,0.0000,506.8966,418.6483,0.0000,0.0000,0.0000
139.0167,21.0393,2.2100,0.0000,505.8347,417.6777,0.0000,0.0000,0.0000
139.0333,21.0078,2.2200,0.0000,504.8105,416.7572,0.0000,0.0000,0.0000
139.0500,20.9764,2.2300,0.0000,503.7784,415.8381,0.0000,0.0000,0.0000
139.0667,20.9450,2.2400,0.0000,502.7387,414.9205,0.0000,0.0000,0.0000
139.0833,20.9137,2.2500,0.0000,501.6919,414.0045,0.0000,0.0000,0.0000
139.1000,20.8825,2.2600,0.0000,500.6383,413.0899,0.0000,0.0000,0.0000
139.1167,20.8513,2.2700,0.0000,499.5786,412.1768,0.0000,0.0000,0.0000
139.1333,20.8202,2.2800,0.0000,498.5132,411.2652,0.0000,0.0000,0.0000
139.1500,20.7892,2.2900,0.0000,497.4427,410.3551,0.0000,0.0000,0.0000
139.1667,20.7583,2.3000,0.0000,496.3674,409.4465,0.0000,0.0000,0.0000
139.1833,20.7274,2.3100,0.0000,495.2879,408.5394,0.0000,0.0000,0.0000
139.2000,20.6965,2.3200,0.0000,494.2047,407.6338,0.0000,0.0000,0.0000
139.2167,20.6658,2.3300,0.0000,493.1180,406.7298,0.0000,0.0000,0.0000
139.2333,20.6351,2.3400,0.0000,492.0284,405.8272,0.0000,0.0000,0.0000
139.2500,20.6045,2.3500,0.0000,490.9362,404.9262,0.0000,0.0000,0.0000
139.2667,20.5739,2.3600,0.0000,489.8417,404.0266,0.0000,0.0000,0.0000
139.2833,20.5434,2.3700,0.0000,488.7453,403.1286,0.0000,0.0000,0.0000
139.3000,20.5130,2.3800,0.0000,487.6472,402.2321,0.0000,0.0000,0.0000
139.3167,20.4827,2.3900,0.0000,486.5479,401.3371,0.0000,0.0000,0.0000
139.3333,20.4524,2.4000,0.0000,485.4475,400.4436,0.0000,0.0000,0.0000
139.3500,20.4222,2.4100,0.0000,484.3463,399.5517,0.0000,0.0000,0.0000
139.3667,20.3920,2.4200,0.0000,483.2445,398.6612,0.0000,0.0000,0.0000
139.3833,20.3620,2.4300,0.0000,482.1424,397.7722,0.0000,0.0000,0.0000
139.4000,20.3320,2.4400,0.0000,481.0402,396.8848,0.0000,0.0000,0.0000
139.4167,20.3020,2.4500,0.0000,479.9381,395.9989,0.0000,0.0000,0.0000
139.4333,20.2721,2.4600,0.0000,478.8361,395.1144,0.0000,0.0000,0.0000
139.4500,20.2423,2.4700,0.0000,477.7346,394.2315,0.0000,0.0000,0.0000
139.4667,20.2126,2.4800,0.0000,476.6337,393.3501,0.0000,0.0000,0.0000
139.4833,20.1829,2.4900,0.0000,475.5335,392.4702,0.0000,0.0000,0.0000
139.5000,20.1533,2.5000,0.0000,474.4341,391.5917,0.0000,0.0000,0.0000
139.5167,20.1238,2.5100,0.0000,473.3356,390.7148,0.0000,0.0000,0.0000
139.5333,20.0943,2.5200,0.0000,472.2383,389.8394,0.0000,0.0000,0.0000
139.5500,20.0649,2.5300,0.0000,471.1421,388.9654,0.0000,0.0000,0.0000
139.5667,20.0356,2.5400,0.0000,470.0472,388.0930,0.0000,0.0000,0.0000
139.5833,20.0064,2.5500,0.0000,468.9537,387.2220,0.0000,0.0000,0.0000
139.6000,19.9820,2.5600,1797.0797,469.8850,386.4607,0.0000,0.0000,0.0000
139.6167,19.9651,2.5700,3486.2195,473.7882,385.8642,0.0000,0.0000,0.0000
139.6333,19.9523,2.5800,4767.7935,479.2157,385.3581,0.0000,0.0000,0.0000
139.6500,19.9425,2.5900,5745.9191,485.7113,384.9193,0.0000,0.0000,0.0000
139.6667,19.9350,2.6000,6497.9659,492.9422,384.5306,0.0000,0.0000,0.0000
139.6833,19.9292,2.6100,7081.4381,500.6649,384.1794,0.0000,0.0000,0.0000
139.7000,19.9246,2.6200,7539.0830,508.7021,383.8560,0.0000,0.0000,0.0000
139.7167,19.9210,2.6300,7902.6850,516.9245,383.5536,0.0000,0.0000,0.0000
139.7333,19.9180,2.6400,8195.8829,525.2384,383.2667,0.0000,0.0000,0.0000
139.7500,19.9156,2.6500,8436.2624,533.5761,382.9915,0.0000,0.0000,0.0000
139.7667,19.9136,2.6600,8636.9107,541.8890,382.7252,0.0000,0.0000,0.0000
139.7833,19.9119,2.6700,8807.5712,550.1427,382.4655,0.0000,0.0000,0.0000
139.8000,19.9104,2.6800,8955.5015,558.3129,382.2109,0.0000,0.0000,0.0000
139.8167,19.9091,2.6900,9086.1114,566.3831,381.9601,0.0000,0.0000,0.0000
139.8333,19.9080,2.7000,9203.4359,574.3420,381.7123,0.0000,0.0000,0.0000
139.8500,19.9069,2.7100,9310.4883,582.1826,381.4667,0.0000,0.0000,0.0000
139.8667,19.9059,2.7200,9409.5209,589.9006,381.2229,0.0000,0.0000,0.0000
139.8833,19.9050,2.7300,9502.2203,597.4940,380.9805,0.0000,0.0000,0.0000
139.9000,19.9041,2.7400,9589.8518,604.9621,380.7392,0.0000,0.0000,0.0000
139.9167,19.9033,2.7500,9673.3668,612.3055,380.4989,0.0000,0.0000,0.0000
139.9333,19.9025,2.7600,9753.4828,619.5253,380.2593,0.0000,0.0000,0.0000
139.9500,19.9017,2.7700,9830.7433,626.6233,380.0203,0.0000,0.0000,0.0000
139.9667,19.9009,2.7800,9905.5613,633.6015,379.7819,0.0000,0.0000,0.0000
139.9833,19.9002,2.7900,9978.2529,640.4623,379.5440,0.0000,0.0000,0.0000
140.0000,19.8995,2.8000,10049.0626,647.2085,379.3064,0.0000,0.0000,0.0000
140.0167,19.8987,2.7533,10126.2877,655.8496,380.3245,0.0000,0.0000,0.0000
140.0333,19.8979,2.7067,10208.0016,664.3581,381.3415,0.0000,0.0000,0.0000
140.0500,19.8971,2.6600,10292.7824,672.7442,382.3579,0.0000,0.0000,0.0000
140.0667,19.8962,2.6133,10379.5824,681.0159,383.3738,0.0000,0.0000,0.0000
140.0833,19.8953,2.5667,10467.6319,689.1803,384.3895,0.0000,0.0000,0.0000
140.1000,19.8944,2.5200,10556.3681,697.2434,385.4050,0.0000,0.0000,0.0000
140.1167,19.8935,2.4733,10645.3813,705.2105,386.4204,0.0000,0.0000,0.0000
140.1333,19.8927,2.4267,10734.3761,713.0866,387.4358,0.0000,0.0000,0.0000
140.1500,19.8917,2.3800,10830.4293,721.2780,388.4497,0.0000,0.0000,0.0000
140.1667,19.8908,2.3333,10918.0059,728.9865,389.4654,0.0000,0.0000,0.0000
140.1833,19.8899,2.2867,11005.3047,736.6144,390.4812,0.0000,0.0000,0.0000
140.2000,19.8890,2.2400,11099.3199,744.5526,391.4956,0.0000,0.0000,0.0000
140.2167,19.8882,2.1933,11184.9363,752.0342,392.5117,0.0000,0.0000,0.0000
140.2333,19.8873,2.1467,11270.2234,759.4452,393.5280,0.0000,0.0000,0.0000
140.2500,19.8864,2.1000,11362.0334,767.1626,394.5428,0.0000,0.0000,0.0000
140.2667,19.8855,2.0533,11445.6465,774.4463,395.5594,0.0000,0.0000,0.0000
140.2833,19.8846,2.0067,11535.7631,782.0329,396.5746,0.0000,0.0000,0.0000
140.3000,19.8838,1.9600,11617.9223,789.1989,397.5916,0.0000,0.0000,0.0000
140.3167,19.8829,1.9133,11706.5496,796.6650,398.6071,0.0000,0.0000,0.0000
140.3333,19.8821,1.8667,11787.4186,803.7226,399.6243,0.0000,0.0000,0.0000
140.3500,19.8813,1.8200,11874.7142,811.0780,400.6401,0.0000,0.0000,0.0000
140.3667,19.8805,1.7733,11954.4232,818.0362,401.6576,0.0000,0.0000,0.0000
140.3833,19.8796,1.7267,12040.5156,825.2899,402.6737,0.0000,0.0000,0.0000
140.4000,19.8788,1.6800,12119.1725,832.1566,403.6914,0.0000,0.0000,0.0000
140.4167,19.8780,1.6333,12204.1704,839.3168,404.7077,0.0000,0.0000,0.0000
140.4333,19.8772,1.5867,12281.8677,846.0994,405.7257,0.0000,0.0000,0.0000
140.4500,19.8763,1.5400,12365.8650,853.1735,406.7422,0.0000,0.0000,0.0000
140.4667,19.8756,1.4933,12442.6837,859.8785,407.7604,0.0000,0.0000,0.0000
140.4833,19.8747,1.4467,12525.7630,866.8730,408.7771,0.0000,0.0000,0.0000
140.5000,19.8740,1.4000,12601.7741,873.5063,409.7954,0.0000,0.0000,0.0000
140.5167,19.8732,1.3533,12684.0085,880.4272,410.8123,0.0000,0.0000,0.0000
140.5333,19.8724,1.3067,12759.2755,886.9941,411.8308,0.0000,0.0000,0.0000
140.5500,19.8716,1.2600,12840.7301,893.8468,412.8479,0.0000,0.0000,0.0000
140.5667,19.8708,1.2133,12915.3092,900.3521,413.8666,0.0000,0.0000,0.0000
140.5833,19.8700,1.1667,12996.0421,907.1413,414.8838,0.0000,0.0000,0.0000
140.6000,19.8693,1.1200,13069.9837,913.5891,415.9026,0.0000,0.0000,0.0000
140.6167,19.8685,1.0733,13150.0468,920.3192,416.9200,0.0000,0.0000,0.0000
140.6333,19.8678,1.0267,13223.3961,926.7134,417.9389,0.0000,0.0000,0.0000
140.6500,19.8670,0.9800,13302.8357,933.3882,418.9565,0.0000,0.0000,0.0000
140.6667,19.8662,0.9333,13375.6328,939.7322,419.9755,0.0000,0.0000,0.0000
140.6833,19.8655,0.8867,13454.4904,946.3550,420.9932,0.0000,0.0000,0.0000
140.7000,19.8647,0.8400,13526.7713,952.6518,422.0123,0.0000,0.0000,0.0000
140.7167,19.8639,0.7933,13605.0840,959.2258,423.0301,0.0000,0.0000,0.0000
140.7333,19.8632,0.7467,13676.8809,965.4781,424.0494,0.0000,0.0000,0.0000
140.7500,19.8625,0.7000,13754.6818,972.0060,425.0673,0.0000,0.0000,0.0000
140.7667,19.8617,0.6533,13826.0233,978.2162,426.0866,0.0000,0.0000,0.0000
140.7833,19.8610,0.6067,13903.3420,984.7004,427.1047,0.0000,0.0000,0.0000
140.8000,19.8603,0.5600,13974.2539,990.8708,428.1241,0.0000,0.0000,0.0000
140.8167,19.8595,0.5133,14051.1167,997.3135,429.1422,0.0000,0.0000,0.0000
140.8333,19.8588,0.4667,14121.6219,1003.4459,430.1618,0.0000,0.0000,0.0000
140.8500,19.8580,0.4200,14198.0526,1009.8490,431.1800,0.0000,0.0000,0.0000
140.8667,19.8573,0.3733,14268.1714,1015.9452,432.1996,0.0000,0.0000,0.0000
140.8833,19.8566,0.3267,14344.1910,1022.3105,433.2179,0.0000,0.0000,0.0000
140.9000,19.8559,0.2800,14413.9419,1028.3720,434.2376,0.0000,0.0000,0.0000
140.9167,19.8551,0.2333,14489.5692,1034.7010,435.2560,0.0000,0.0000,0.0000
140.9333,19.8544,0.1867,14558.9683,1040.7292,436.2758,0.0000,0.0000,0.0000
140.9500,19.8537,0.1400,14634.2201,1047.0233,437.2943,0.0000,0.0000,0.0000
140.9667,19.8530,0.0933,14703.2822,1053.0194,438.3141,0.0000,0.0000,0.0000
140.9833,19.8522,0.0467,14778.1735,1059.2799,439.3327,0.0000,0.0000,0.0000
141.0000,19.8515,0.0000,14846.9115,1065.2450,440.3526,0.0000,0.0000,0.0000
141.0167,19.8509,0.0183,14906.5827,1068.8901,439.9327,0.0000,0.0000,0.0000
141.0333,19.8504,0.0367,14959.4701,1072.5456,439.5143,0.0000,0.0000,0.0000
141.0500,19.8499,0.0550,15007.2695,1076.2039,439.0970,0.0000,0.0000,0.0000
141.0667,19.8495,0.0733,15051.2398,1079.8591,438.6806,0.0000,0.0000,0.0000
141.0833,19.8491,0.0917,15092.3145,1083.5063,438.2648,0.0000,0.0000,0.0000
141.1000,19.8487,0.1100,15131.1849,1087.1416,437.8495,0.0000,0.0000,0.0000
141.1167,19.8483,0.1283,15168.3617,1090.7615,437.4346,0.0000,0.0000,0.0000
141.1333,19.8480,0.1467,15204.2214,1094.3632,437.0200,0.0000,0.0000,0.0000
141.1500,19.8476,0.1650,15239.0404,1097.9442,436.6056,0.0000,0.0000,0.0000
141.1667,19.8473,0.1833,15273.0210,1101.5023,436.1913,0.0000,0.0000,0.0000
141.1833,19.8469,0.2017,15306.3103,1105.0355,435.7773,0.0000,0.0000,0.0000
141.2000,19.8466,0.2200,15339.0143,1108.5421,435.3633,0.0000,0.0000,0.0000
141.2167,19.8463,0.2383,15371.2088,1112.0205,434.9495,0.0000,0.0000,0.0000
141.2333,19.8460,0.2567,15402.9474,1115.4694,434.5358,0.0000,0.0000,0.0000
141.2500,19.8457,0.2750,15434.2669,1118.8874,434.1222,0.0000,0.0000,0.0000
141.2667,19.8453,0.2933,15465.1923,1122.2734,433.7087,0.0000,0.0000,0.0000
141.2833,19.8450,0.3117,15495.7396,1125.6263,433.2952,0.0000,0.0000,0.0000
141.3000,19.8447,0.3300,15525.9186,1128.9453,432.8818,0.0000,0.0000,0.0000
141.3167,19.8444,0.3483,15555.7343,1132.2293,432.4685,0.0000,0.0000,0.0000
141.3333,19.8441,0.3667,15585.1887,1135.4777,432.0553,0.0000,0.0000,0.0000
141.3500,19.8439,0.3850,15614.2815,1138.6898,431.6422,0.0000,0.0000,0.0000
141.3667,19.8436,0.4033,15643.0107,1141.8648,431.2292,0.0000,0.0000,0.0000
141.3833,19.8433,0.4217,15671.3735,1145.0022,430.8162,0.0000,0.0000,0.0000
141.4000,19.8430,0.4400,15699.3665,1148.1015,430.4033,0.0000,0.0000,0.0000
141.4167,19.8427,0.4583,15726.9860,1151.1623,429.9905,0.0000,0.0000,0.0000
141.4333,19.8425,0.4767,15754.2282,1154.1840,429.5778,0.0000,0.0000,0.0000
141.4500,19.8422,0.4950,15781.0894,1157.1665,429.1652,0.0000,0.0000,0.0000
141.4667,19.8419,0.5133,15807.5660,1160.1093,428.7526,0.0000,0.0000,0.0000
141.4833,19.8417,0.5317,15833.6547,1163.0123,428.3401,0.0000,0.0000,0.0000
141.5000,19.8414,0.5500,15859.3526,1165.8751,427.9278,0.0000,0.0000,0.0000
141.5167,19.8412,0.5683,15884.6569,1168.6977,427.5155,0.0000,0.0000,0.0000
141.5333,19.8409,0.5867,15909.5652,1171.4799,427.1033,0.0000,0.0000,0.0000
141.5500,19.8407,0.6050,15934.0757,1174.2216,426.6912,0.0000,0.0000,0.0000
141.5667,19.8404,0.6233,15958.1865,1176.9228,426.2791,0.0000,0.0000,0.0000
141.5833,19.8402,0.6417,15981.8963,1179.5833,425.8672,0.0000,0.0000,0.0000
141.6000,19.8399,0.6600,16005.2043,1182.2033,425.4554,0.0000,0.0000,0.0000
141.6167,19.8397,0.6783,16028.1097,1184.7828,425.0436,0.0000,0.0000,0.0000
141.6333,19.8395,0.6967,16050.6121,1187.3217,424.6319,0.0000,0.0000,0.0000
141.6500,19.8393,0.7150,16072.7116,1189.8203,424.2204,0.0000,0.0000,0.0000
141.6667,19.8391,0.7333,16094.4083,1192.2785,423.8089,0.0000,0.0000,0.0000
141.6833,19.8388,0.7517,16115.7027,1194.6966,423.3975,0.0000,0.0000,0.0000
141.7000,19.8386,0.7700,16136.5957,1197.0747,422.9862,0.0000,0.0000,0.0000
141.7167,19.8384,0.7883,16157.0881,1199.4130,422.5749,0.0000,0.0000,0.0000
141.7333,19.8382,0.8067,16177.1813,1201.7116,422.1638,0.0000,0.0000,0.0000
141.7500,19.8380,0.8250,16196.8765,1203.9707,421.7528,0.0000,0.0000,0.0000
141.7667,19.8378,0.8433,16216.1755,1206.1907,421.3418,0.0000,0.0000,0.0000
141.7833,19.8376,0.8617,16235.0801,1208.3717,420.9309,0.0000,0.0000,0.0000
141.8000,19.8375,0.8800,16253.5923,1210.5139,420.5202,0.0000,0.0000,0.0000
141.8167,19.8373,0.8983,16271.7141,1212.6177,420.1095,0.0000,0.0000,0.0000
141.8333,19.8371,0.9167,16289.4480,1214.6833,419.6989,0.0000,0.0000,0.0000
141.8500,19.8369,0.9350,16306.7962,1216.7111,419.2883,0.0000,0.0000,0.0000
141.8667,19.8368,0.9533,16323.7615,1218.7012,418.8779,0.0000,0.0000,0.0000
141.8833,19.8366,0.9717,16340.3465,1220.6540,418.4675,0.0000,0.0000,0.0000
141.9000,19.8364,0.9900,16356.5539,1222.5698,418.0573,0.0000,0.0000,0.0000
141.9167,19.8363,1.0083,16372.3867,1224.4490,417.6471,0.0000,0.0000,0.0000
141.9333,19.8361,1.0267,16387.8479,1226.2918,417.2370,0.0000,0.0000,0.0000
141.9500,19.8360,1.0450,16402.9404,1228.0987,416.8269,0.0000,0.0000,0.0000
141.9667,19.8358,1.0633,16417.6675,1229.8698,416.4170,0.0000,0.0000,0.0000
141.9833,19.8357,1.0817,16432.0324,1231.6056,416.0071,0.0000,0.0000,0.0000
142.0000,19.8355,1.1000,16447.4512,1233.4632,415.5970,0.0000,0.0000,0.0000
142.0167,19.8354,1.1550,16455.8907,1233.8299,414.3751,0.0000,0.0000,0.0000
142.0333,19.8354,1.2100,16460.7893,1234.3317,413.1540,0.0000,0.0000,0.0000
142.0500,19.8354,1.2650,16462.4066,1234.8064,411.9337,0.0000,0.0000,0.0000
142.0667,19.8354,1.3200,16461.5322,1235.2495,410.7138,0.0000,0.0000,0.0000
142.0833,19.8354,1.3750,16458.7364,1235.6576,409.4944,0.0000,0.0000,0.0000
142.1000,19.8355,1.4300,16454.4303,1236.0278,408.2753,0.0000,0.0000,0.0000
142.1167,19.8355,1.4850,16448.9087,1236.3577,407.0565,0.0000,0.0000,0.0000
142.1333,19.8356,1.5400,16442.3828,1236.6452,405.8380,0.0000,0.0000,0.0000
142.1500,19.8356,1.5950,16435.0030,1236.8887,404.6196,0.0000,0.0000,0.0000
142.1667,19.8357,1.6500,16426.8759,1237.0867,403.4013,0.0000,0.0000,0.0000
142.1833,19.8358,1.7050,16418.0763,1237.2380,402.1833,0.0000,0.0000,0.0000
142.2000,19.8359,1.7600,16408.6568,1237.3416,400.9653,0.0000,0.0000,0.0000
142.2167,19.8360,1.8150,16398.6536,1237.3968,399.7475,0.0000,0.0000,0.0000
142.2333,19.8361,1.8700,16388.0916,1237.4028,398.5298,0.0000,0.0000,0.0000
142.2500,19.8362,1.9250,16376.9875,1237.3591,397.3123,0.0000,0.0000,0.0000
142.2667,19.8363,1.9800,16365.3526,1237.2653,396.0948,0.0000,0.0000,0.0000
142.2833,19.8365,2.0350,16353.1943,1237.1211,394.8775,0.0000,0.0000,0.0000
142.3000,19.8366,2.0900,16340.5179,1236.9264,393.6603,0.0000,0.0000,0.0000
142.3167,19.8367,2.1450,16327.3280,1236.6815,392.4432,0.0000,0.0000,0.0000
142.3333,19.8369,2.2000,16313.6292,1236.3869,391.2262,0.0000,0.0000,0.0000
142.3500,19.8370,2.2550,16299.4262,1236.0432,390.0093,0.0000,0.0000,0.0000
142.3667,19.8372,2.3100,16284.7238,1235.6506,388.7926,0.0000,0.0000,0.0000
142.3833,19.8373,2.3650,16269.5265,1235.2097,387.5759,0.0000,0.0000,0.0000
142.4000,19.8375,2.4200,16253.8383,1234.7208,386.3594,0.0000,0.0000,0.0000
142.4167,19.8376,2.4750,16237.6628,1234.1840,385.1429,0.0000,0.0000,0.0000
142.4333,19.8378,2.5300,16221.0030,1233.5995,383.9266,0.0000,0.0000,0.0000
142.4500,19.8380,2.5850,16203.8617,1232.9675,382.7104,0.0000,0.0000,0.0000
142.4667,19.8381,2.6400,16186.2410,1232.2881,381.4942,0.0000,0.0000,0.0000
142.4833,19.8383,2.6950,16168.1434,1231.5615,380.2782,0.0000,0.0000,0.0000
142.5000,19.8385,2.7500,16149.5707,1230.7879,379.0623,0.0000,0.0000,0.0000
142.5167,19.8387,2.8050,16130.5252,1229.9675,377.8465,0.0000,0.0000,0.0000
142.5333,19.8389,2.8600,16111.0092,1229.1005,376.6308,0.0000,0.0000,0.0000
142.5500,19.8391,2.9150,16091.0251,1228.1874,375.4152,0.0000,0.0000,0.0000
142.5667,19.8393,2.9700,16070.5756,1227.2283,374.1997,0.0000,0.0000,0.0000
142.5833,19.8395,3.0250,16049.6637,1226.2238,372.9844,0.0000,0.0000,0.0000
142.6000,19.8397,3.0800,16028.2932,1225.1743,371.7691,0.0000,0.0000,0.0000
142.6167,19.8399,3.1350,16006.4682,1224.0805,370.5539,0.0000,0.0000,0.0000
142.6333,19.8402,3.1900,15984.1935,1222.9429,369.3388,0.0000,0.0000,0.0000
142.6500,19.8404,3.2450,15961.4741,1221.7621,368.1238,0.0000,0.0000,0.0000
142.6667,19.8406,3.3000,15938.3153,1220.5388,366.9089,0.0000,0.0000,0.0000
142.6833,19.8409,3.3550,15914.7223,1219.2734,365.6941,0.0000,0.0000,0.0000
142.7000,19.8411,3.4100,15890.7003,1217.9664,364.4794,0.0000,0.0000,0.0000
142.7167,19.8413,3.4650,15866.2542,1216.6184,363.2648,0.0000,0.0000,0.0000
142.7333,19.8416,3.5200,15841.3891,1215.2297,362.0503,0.0000,0.0000,0.0000
142.7500,19.8418,3.5750,15816.1098,1213.8009,360.8359,0.0000,0.0000,0.0000
142.7667,19.8421,3.6300,15790.4213,1212.3324,359.6216,0.0000,0.0000,0.0000
142.7833,19.8424,3.6850,15764.3283,1210.8247,358.4073,0.0000,0.0000,0.0000
142.8000,19.8426,3.7400,15737.8356,1209.2783,357.1932,0.0000,0.0000,0.0000
142.8167,19.8429,3.7950,15710.9481,1207.6937,355.9791,0.0000,0.0000,0.0000
142.8333,19.8432,3.8500,15683.6708,1206.0714,354.7651,0.0000,0.0000,0.0000
142.8500,19.8434,3.9050,15656.0085,1204.4119,353.5513,0.0000,0.0000,0.0000
142.8667,19.8437,3.9600,15627.9661,1202.7157,352.3374,0.0000,0.0000,0.0000
142.8833,19.8440,4.0150,15599.5487,1200.9832,351.1237,0.0000,0.0000,0.0000
142.9000,19.8443,4.0700,15570.7610,1199.2150,349.9101,0.0000,0.0000,0.0000
142.9167,19.8446,4.1250,15541.6079,1197.4115,348.6965,0.0000,0.0000,0.0000
142.9333,19.8449,4.1800,15512.0942,1195.5732,347.4830,0.0000,0.0000,0.0000
142.9500,19.8452,4.2350,15482.2249,1193.7007,346.2696,0.0000,0.0000,0.0000
142.9667,19.8455,4.2900,15452.0048,1191.7943,345.0563,0.0000,0.0000,0.0000
142.9833,19.8458,4.3450,15421.4390,1189.8548,343.8431,0.0000,0.0000,0.0000
143.0000,19.8461,4.4000,15390.5325,1187.8825,342.6299,0.0000,0.0000,0.0000
143.0167,19.8462,4.3367,15378.2527,1190.0716,344.0375,0.0000,0.0000,0.0000
143.0333,19.8462,4.2733,15377.7251,1192.1812,345.4425,0.0000,0.0000,0.0000
143.0500,19.8461,4.2100,15386.5047,1194.2272,346.8454,0.0000,0.0000,0.0000
143.0667,19.8460,4.1467,15401.9817,1196.2233,348.2469,0.0000,0.0000,0.0000
143.0833,19.8458,4.0833,15422.2702,1198.1808,349.6473,0.0000,0.0000,0.0000
143.1000,19.8455,4.0200,15446.0108,1200.1087,351.0469,0.0000,0.0000,0.0000
143.1167,19.8453,3.9567,15472.2269,1202.0149,352.4459,0.0000,0.0000,0.0000
143.1333,19.8450,3.8933,15500.2198,1203.9063,353.8446,0.0000,0.0000,0.0000
143.1500,19.8447,3.8300,15529.4932,1205.7889,355.2430,0.0000,0.0000,0.0000
143.1667,19.8444,3.7667,15559.6970,1207.6682,356.6412,0.0000,0.0000,0.0000
143.1833,19.8441,3.7033,15590.5874,1209.5490,358.0392,0.0000,0.0000,0.0000
143.2000,19.8438,3.6400,15621.9978,1211.4359,359.4371,0.0000,0.0000,0.0000
143.2167,19.8435,3.5767,15653.8179,1213.3336,360.8349,0.0000,0.0000,0.0000
143.2333,19.8431,3.5133,15685.9772,1215.2458,362.2327,0.0000,0.0000,0.0000
143.2500,19.8428,3.4500,15718.4329,1217.1760,363.6304,0.0000,0.0000,0.0000
143.2667,19.8425,3.3867,15751.1614,1219.1270,365.0280,0.0000,0.0000,0.0000
143.2833,19.8422,3.3233,15784.1522,1221.1015,366.4255,0.0000,0.0000,0.0000
143.3000,19.8418,3.2600,15817.4034,1223.1016,367.8230,0.0000,0.0000,0.0000
143.3167,19.8415,3.1967,15850.9190,1225.1294,369.2205,0.0000,0.0000,0.0000
143.3333,19.8412,3.1333,15884.7068,1227.1866,370.6179,0.0000,0.0000,0.0000
143.3500,19.8408,3.0700,15918.7768,1229.2749,372.0152,0.0000,0.0000,0.0000
143.3667,19.8405,3.0067,15953.1405,1231.3959,373.4124,0.0000,0.0000,0.0000
143.3833,19.8401,2.9433,15987.8098,1233.5508,374.8096,0.0000,0.0000,0.0000
143.4000,19.8398,2.8800,16022.7968,1235.7409,376.2068,0.0000,0.0000,0.0000
143.4167,19.8394,2.8167,16058.1132,1237.9673,377.6038,0.0000,0.0000,0.0000
143.4333,19.8391,2.7533,16093.7702,1240.2309,379.0008,0.0000,0.0000,0.0000
143.4500,19.8387,2.6900,16129.7781,1242.5326,380.3977,0.0000,0.0000,0.0000
143.4667,19.8383,2.6267,16166.1467,1244.8731,381.7945,0.0000,0.0000,0.0000
143.4833,19.8380,2.5633,16202.8844,1247.2530,383.1912,0.0000,0.0000,0.0000
143.5000,19.8376,2.5000,16239.9991,1249.6728,384.5878,0.0000,0.0000,0.0000
143.5167,19.8372,2.4367,16277.4973,1252.1330,385.9844,0.0000,0.0000,0.0000
143.5333,19.8368,2.3733,16315.3851,1254.6338,387.3809,0.0000,0.0000,0.0000
143.5500,19.8365,2.3100,16353.6672,1257.1754,388.7773,0.0000,0.0000,0.0000
143.5667,19.8361,2.2467,16392.3476,1259.7581,390.1736,0.0000,0.0000,0.0000
143.5833,19.8357,2.1833,16431.4296,1262.3819,391.5698,0.0000,0.0000,0.0000
143.6000,19.8353,2.1200,16470.9164,1265.0472,392.9659,0.0000,0.0000,0.0000
143.6167,19.8349,2.0567,16510.8117,1267.7545,394.3619,0.0000,0.0000,0.0000
143.6333,19.8345,1.9933,16551.1192,1270.5041,395.7579,0.0000,0.0000,0.0000
143.6500,19.8341,1.9300,16591.8416,1273.2961,397.1537,0.0000,0.0000,0.0000
143.6667,19.8337,1.8667,16632.9803,1276.1301,398.5495,0.0000,0.0000,0.0000
143.6833,19.8333,1.8033,16674.5355,1279.0060,399.9451,0.0000,0.0000,0.0000
143.7000,19.8328,1.7400,16716.5057,1281.9230,401.3407,0.0000,0.0000,0.0000
143.7167,19.8324,1.6767,16758.8886,1284.8807,402.7362,0.0000,0.0000,0.0000
143.7333,19.8320,1.6133,16801.6807,1287.8785,404.1316,0.0000,0.0000,0.0000
143.7500,19.8316,1.5500,16844.8780,1290.9157,405.5269,0.0000,0.0000,0.0000
143.7667,19.8311,1.4867,16888.4761,1293.9919,406.9221,0.0000,0.0000,0.0000
143.7833,19.8307,1.4233,16932.4699,1297.1063,408.3172,0.0000,0.0000,0.0000
143.8000,19.8302,1.3600,16976.8543,1300.2584,409.7122,0.0000,0.0000,0.0000
143.8167,19.8298,1.2967,17021.6239,1303.4477,411.1072,0.0000,0.0000,0.0000
143.8333,19.8293,1.2333,17066.7732,1306.6735,412.5020,0.0000,0.0000,0.0000
143.8500,19.8289,1.1700,17112.2967,1309.9352,413.8968,0.0000,0.0000,0.0000
143.8667,19.8284,1.1067,17158.1884,1313.2322,415.2915,0.0000,0.0000,0.0000
143.8833,19.8280,1.0433,17204.4426,1316.5639,416.6861,0.0000,0.0000,0.0000
143.9000,19.8275,0.9800,17251.0534,1319.9297,418.0807,0.0000,0.0000,0.0000
143.9167,19.8270,0.9167,17298.0148,1323.3290,419.4751,0.0000,0.0000,0.0000
143.9333,19.8265,0.8533,17345.3208,1326.7611,420.8695,0.0000,0.0000,0.0000
143.9500,19.8261,0.7900,17392.9653,1330.2255,422.2638,0.0000,0.0000,0.0000
143.9667,19.8256,0.7267,17440.9423,1333.7215,423.6581,0.0000,0.0000,0.0000
143.9833,19.8251,0.6633,17489.2456,1337.2485,425.0522,0.0000,0.0000,0.0000
144.0000,19.8246,0.6000,17537.8710,1340.8066,426.4463,0.0000,0.0000,0.0000
144.0167,19.8242,0.5800,17580.1860,1342.8610,426.8806,0.0000,0.0000,0.0000
144.0333,19.8238,0.5600,17617.9996,1344.9641,427.3158,0.0000,0.0000,0.0000
144.0500,19.8235,0.5400,17652.6230,1347.1097,427.7518,0.0000,0.0000,0.0000
144.0667,19.8231,0.5200,17685.0049,1349.2927,428.1883,0.0000,0.0000,0.0000
144.0833,19.8228,0.5000,17715.8298,1351.5088,428.6251,0.0000,0.0000,0.0000
144.1000,19.8225,0.4800,17745.5903,1353.7542,429.0621,0.0000,0.0000,0.0000
144.1167,19.8223,0.4600,17774.6395,1356.0259,429.4993,0.0000,0.0000,0.0000
144.1333,19.8220,0.4400,17801.1203,1358.2243,429.9371,0.0000,0.0000,0.0000
144.1500,19.8217,0.4200,17827.6119,1360.4394,430.3749,0.0000,0.0000,0.0000
144.1667,19.8215,0.4000,17854.1512,1362.6704,430.8126,0.0000,0.0000,0.0000
144.1833,19.8212,0.3800,17880.7635,1364.9164,431.2504,0.0000,0.0000,0.0000
144.2000,19.8209,0.3600,17907.4656,1367.1764,431.6881,0.0000,0.0000,0.0000
144.2167,19.8207,0.3400,17934.2677,1369.4495,432.1258,0.0000,0.0000,0.0000
144.2333,19.8204,0.3200,17961.1754,1371.7348,432.5635,0.0000,0.0000,0.0000
144.2500,19.8201,0.3000,17988.1907,1374.0316,433.0011,0.0000,0.0000,0.0000
144.2667,19.8198,0.2800,18015.3132,1376.3389,433.4387,0.0000,0.0000,0.0000
144.2833,19.8196,0.2600,18042.5411,1378.6562,433.8764,0.0000,0.0000,0.0000
144.3000,19.8193,0.2400,18069.8709,1380.9827,434.3139,0.0000,0.0000,0.0000
144.3167,19.8190,0.2200,18097.2985,1383.3177,434.7515,0.0000,0.0000,0.0000
144.3333,19.8188,0.2000,18124.8195,1385.6607,435.1890,0.0000,0.0000,0.0000
144.3500,19.8185,0.1800,18152.4287,1388.0110,435.6266,0.0000,0.0000,0.0000
144.3667,19.8182,0.1600,18180.1211,1390.3681,436.0641,0.0000,0.0000,0.0000
144.3833,19.8179,0.1400,18207.8913,1392.7314,436.5015,0.0000,0.0000,0.0000
144.4000,19.8176,0.1200,18235.7343,1395.1003,436.9390,0.0000,0.0000,0.0000
144.4167,19.8174,0.1000,18263.6447,1397.4745,437.3765,0.0000,0.0000,0.0000
144.4333,19.8171,0.0800,18291.6175,1399.8533,437.8139,0.0000,0.0000,0.0000
144.4500,19.8168,0.0600,18319.6479,1402.2364,438.2513,0.0000,0.0000,0.0000
144.4667,19.8165,0.0400,18347.7309,1404.6233,438.6888,0.0000,0.0000,0.0000
144.4833,19.8162,0.0200,18375.8619,1407.0136,439.1262,0.0000,0.0000,0.0000
144.5000,19.8160,-0.0000,18404.0364,1409.4069,439.5636,0.0000,0.0000,0.0000
144.5167,19.8157,-0.0200,18432.2502,1411.8029,440.0009,0.0000,0.0000,0.0000
144.5333,19.8154,-0.0400,18460.4991,1414.2010,440.4383,0.0000,0.0000,0.0000
144.5500,19.8151,-0.0600,18488.7791,1416.6011,440.8757,0.0000,0.0000,0.0000
144.5667,19.8148,-0.0800,18517.0863,1419.0028,441.3131,0.0000,0.0000,0.0000
144.5833,19.8145,-0.1000,18545.4172,1421.4057,441.7504,0.0000,0.0000,0.0000
144.6000,19.8143,-0.1200,18573.7683,1423.8096,442.1878,0.0000,0.0000,0.0000
144.6167,19.8140,-0.1400,18602.1363,1426.2141,442.6251,0.0000,0.0000,0.0000
144.6333,19.8137,-0.1600,18630.5179,1428.6191,443.0625,0.0000,0.0000,0.0000
144.6500,19.8134,-0.1800,18658.9102,1431.0242,443.4998,0.0000,0.0000,0.0000
144.6667,19.8131,-0.2000,18687.3103,1433.4292,443.9372,0.0000,0.0000,0.0000
144.6833,19.8128,-0.2200,18715.7153,1435.8339,444.3745,0.0000,0.0000,0.0000
144.7000,19.8126,-0.2400,18744.1228,1438.2380,444.8119,0.0000,0.0000,0.0000
144.7167,19.8123,-0.2600,18772.5303,1440.6414,445.2492,0.0000,0.0000,0.0000
144.7333,19.8120,-0.2800,18800.9353,1443.0438,445.6866,0.0000,0.0000,0.0000
144.7500,19.8117,-0.3000,18829.3357,1445.4450,446.1239,0.0000,0.0000,0.0000
144.7667,19.8114,-0.3200,18857.7292,1447.8450,446.5613,0.0000,0.0000,0.0000
144.7833,19.8111,-0.3400,18886.1140,1450.2434,446.9986,0.0000,0.0000,0.0000
144.8000,19.8109,-0.3600,18914.4881,1452.6401,447.4360,0.0000,0.0000,0.0000
144.8167,19.8106,-0.3800,18942.8496,1455.0351,447.8733,0.0000,0.0000,0.0000
144.8333,19.8103,-0.4000,18971.1969,1457.4281,448.3107,0.0000,0.0000,0.0000
144.8500,19.8100,-0.4200,18999.5284,1459.8191,448.7480,0.0000,0.0000,0.0000
144.8667,19.8097,-0.4400,19027.8425,1462.2078,449.1854,0.0000,0.0000,0.0000
144.8833,19.8094,-0.4600,19056.1377,1464.5942,449.6228,0.0000,0.0000,0.0000
144.9000,19.8092,-0.4800,19084.4128,1466.9782,450.0601,0.0000,0.0000,0.0000
144.9167,19.8089,-0.5000,19112.6665,1469.3596,450.4975,0.0000,0.0000,0.0000
144.9333,19.8086,-0.5200,19140.8974,1471.7384,450.9349,0.0000,0.0000,0.0000
144.9500,19.8083,-0.5400,19169.1046,1474.1144,451.3723,0.0000,0.0000,0.0000
144.9667,19.8080,-0.5600,19197.2869,1476.4877,451.8097,0.0000,0.0000,0.0000
144.9833,19.8077,-0.5800,19225.4434,1478.8580,452.2471,0.0000,0.0000,0.0000
145.0000,19.8075,-0.6000,19253.5730,1481.2254,452.6845,0.0000,0.0000,0.0000
145.0167,19.8072,-0.6083,19280.0043,1483.1759,452.8635,0.0000,0.0000,0.0000
145.0333,19.8069,-0.6167,19305.1628,1485.1276,453.0428,0.0000,0.0000,0.0000
145.0500,19.8067,-0.6250,19329.3646,1487.0789,453.2222,0.0000,0.0000,0.0000
145.0667,19.8065,-0.6333,19352.8438,1489.0285,453.4019,0.0000,0.0000,0.0000
145.0833,19.8062,-0.6417,19375.7732,1490.9753,453.5817,0.0000,0.0000,0.0000
145.1000,19.8060,-0.6500,19398.2802,1492.9183,453.7615,0.0000,0.0000,0.0000
145.1167,19.8058,-0.6583,19420.4582,1494.8565,453.9414,0.0000,0.0000,0.0000
145.1333,19.8056,-0.6667,19442.3752,1496.7891,454.1214,0.0000,0.0000,0.0000
145.1500,19.8054,-0.6750,19464.0803,1498.7153,454.3015,0.0000,0.0000,0.0000
145.1667,19.8051,-0.6833,19485.6087,1500.6345,454.4815,0.0000,0.0000,0.0000
145.1833,19.8049,-0.6917,19506.9851,1502.5458,454.6617,0.0000,0.0000,0.0000
145.2000,19.8047,-0.7000,19528.2268,1504.4489,454.8418,0.0000,0.0000,0.0000
145.2167,19.8045,-0.7083,19549.3452,1506.3430,455.0220,0.0000,0.0000,0.0000
145.2333,19.8043,-0.7167,19570.3479,1508.2278,455.2022,0.0000,0.0000,0.0000
145.2500,19.8041,-0.7250,19591.2393,1510.1028,455.3824,0.0000,0.0000,0.0000
145.2667,19.8039,-0.7333,19612.0219,1511.9677,455.5626,0.0000,0.0000,0.0000
145.2833,19.8037,-0.7417,19632.6965,1513.8219,455.7429,0.0000,0.0000,0.0000
145.3000,19.8035,-0.7500,19653.2632,1515.6654,455.9232,0.0000,0.0000,0.0000
145.3167,19.8033,-0.7583,19673.7211,1517.4976,456.1035,0.0000,0.0000,0.0000
145.3333,19.8031,-0.7667,19694.0691,1519.3186,456.2838,0.0000,0.0000,0.0000
145.3500,19.8029,-0.7750,19714.3057,1521.1279,456.4642,0.0000,0.0000,0.0000
145.3667,19.8027,-0.7833,19734.4294,1522.9254,456.6446,0.0000,0.0000,0.0000
145.3833,19.8025,-0.7917,19754.4387,1524.7110,456.8250,0.0000,0.0000,0.0000
145.4000,19.8023,-0.8000,19774.3320,1526.4845,457.0054,0.0000,0.0000,0.0000
145.4167,19.8021,-0.8083,19794.1080,1528.2458,457.1859,0.0000,0.0000,0.0000
145.4333,19.8019,-0.8167,19813.7654,1529.9948,457.3664,0.0000,0.0000,0.0000
145.4500,19.8017,-0.8250,19833.3030,1531.7315,457.5469,0.0000,0.0000,0.0000
145.4667,19.8015,-0.8333,19852.7200,1533.4558,457.7275,0.0000,0.0000,0.0000
145.4833,19.8013,-0.8417,19872.0154,1535.1677,457.9080,0.0000,0.0000,0.0000
145.5000,19.8011,-0.8500,19891.1888,1536.8672,458.0886,0.0000,0.0000,0.0000
145.5167,19.8009,-0.8583,19910.2395,1538.5542,458.2693,0.0000,0.0000,0.0000
145.5333,19.8007,-0.8667,19929.1674,1540.2288,458.4499,0.0000,0.0000,0.0000
145.5500,19.8005,-0.8750,19947.9721,1541.8911,458.6306,0.0000,0.0000,0.0000
145.5667,19.8003,-0.8833,19966.6538,1543.5410,458.8113,0.0000,0.0000,0.0000
145.5833,19.8001,-0.8917,19985.2125,1545.1786,458.9920,0.0000,0.0000,0.0000
145.6000,19.8000,-0.9000,20003.6484,1546.8040,459.1728,0.0000,0.0000,0.0000
145.6167,19.7998,-0.9083,20021.9619,1548.4172,459.3536,0.0000,0.0000,0.0000
145.6333,19.7996,-0.9167,20040.1536,1550.0183,459.5344,0.0000,0.0000,0.0000
145.6500,19.7994,-0.9250,20058.2239,1551.6075,459.7153,0.0000,0.0000,0.0000
145.6667,19.7992,-0.9333,20076.1735,1553.1848,459.8961,0.0000,0.0000,0.0000
145.6833,19.7991,-0.9417,20094.0033,1554.7503,460.0770,0.0000,0.0000,0.0000
145.7000,19.7989,-0.9500,20111.7140,1556.3041,460.2579,0.0000,0.0000,0.0000
145.7167,19.7987,-0.9583,20129.3065,1557.8464,460.4389,0.0000,0.0000,0.0000
145.7333,19.7985,-0.9667,20146.7819,1559.3772,460.6199,0.0000,0.0000,0.0000
145.7500,19.7984,-0.9750,20164.1412,1560.8967,460.8009,0.0000,0.0000,0.0000
145.7667,19.7982,-0.9833,20177.0740,1562.1326,460.9829,0.0000,0.0000,0.0000
145.7833,19.7981,-0.9917,20190.2270,1563.3599,461.1648,0.0000,0.0000,0.0000
145.8000,19.7980,-1.0000,20203.5430,1564.5791,461.3467,0.0000,0.0000,0.0000
145.8167,19.7978,-1.0083,20216.9765,1565.7909,461.5286,0.0000,0.0000,0.0000
145.8333,19.7977,-1.0167,20230.4915,1566.9956,461.7104,0.0000,0.0000,0.0000
145.8500,19.7976,-1.0250,20244.0594,1568.1934,461.8923,0.0000,0.0000,0.0000
145.8667,19.7974,-1.0333,20257.6575,1569.3846,462.0741,0.0000,0.0000,0.0000
145.8833,19.7973,-1.0417,20271.2678,1570.5694,462.2559,0.0000,0.0000,0.0000
145.9000,19.7972,-1.0500,20284.8760,1571.7480,462.4378,0.0000,0.0000,0.0000
145.9167,19.7970,-1.0583,20298.4710,1572.9205,462.6196,0.0000,0.0000,0.0000
145.9333,19.7969,-1.0667,20312.0440,1574.0870,462.8014,0.0000,0.0000,0.0000
145.9500,19.7967,-1.0750,20325.5882,1575.2478,462.9833,0.0000,0.0000,0.0000
145.9667,19.7966,-1.0833,20339.0982,1576.4029,463.1651,0.0000,0.0000,0.0000
145.9833,19.7965,-1.0917,20352.5701,1577.5525,463.3470,0.0000,0.0000,0.0000
146.0000,19.7963,-1.1000,20366.0008,1578.6966,463.5289,0.0000,0.0000,0.0000
146.0167,19.7961,-1.1283,20386.6561,1580.7893,464.1528,0.0000,0.0000,0.0000
146.0333,19.7959,-1.1567,20408.8973,1582.8692,464.7764,0.0000,0.0000,0.0000
146.0500,19.7957,-1.1850,20432.3010,1584.9376,465.3997,0.0000,0.0000,0.0000
146.0667,19.7954,-1.2133,20456.5530,1586.9959,466.0228,0.0000,0.0000,0.0000
146.0833,19.7952,-1.2417,20481.4205,1589.0456,466.6458,0.0000,0.0000,0.0000
146.1000,19.7949,-1.2700,20506.7320,1591.0880,467.2687,0.0000,0.0000,0.0000
146.1167,19.7947,-1.2983,20532.3614,1593.1242,467.8915,0.0000,0.0000,0.0000
146.1333,19.7944,-1.3267,20558.2170,1595.1552,468.5142,0.0000,0.0000,0.0000
146.1500,19.7942,-1.3550,20584.2320,1597.1821,469.1370,0.0000,0.0000,0.0000
146.1667,19.7939,-1.3833,20610.3588,1599.2058,469.7597,0.0000,0.0000,0.0000
146.1833,19.7936,-1.4117,20636.5633,1601.2270,470.3823,0.0000,0.0000,0.0000
146.2000,19.7934,-1.4400,20662.8223,1603.2466,471.0050,0.0000,0.0000,0.0000
146.2167,19.7931,-1.4683,20689.1197,1605.2653,471.6277,0.0000,0.0000,0.0000
146.2333,19.7928,-1.4967,20715.4452,1607.2837,472.2503,0.0000,0.0000,0.0000
146.2500,19.7926,-1.5250,20741.7925,1609.3024,472.8730,0.0000,0.0000,0.0000
146.2667,19.7923,-1.5533,20768.1582,1611.3219,473.4957,0.0000,0.0000,0.0000
146.2833,19.7921,-1.5817,20794.5411,1613.3428,474.1183,0.0000,0.0000,0.0000
146.3000,19.7918,-1.6100,20820.9414,1615.3655,474.7409,0.0000,0.0000,0.0000
146.3167,19.7915,-1.6383,20847.3603,1617.3904,475.3636,0.0000,0.0000,0.0000
146.3333,19.7913,-1.6667,20873.7997,1619.4180,475.9862,0.0000,0.0000,0.0000
146.3500,19.7910,-1.6950,20900.2618,1621.4485,476.6088,0.0000,0.0000,0.0000
146.3667,19.7907,-1.7233,20926.7491,1623.4823,477.2315,0.0000,0.0000,0.0000
146.3833,19.7905,-1.7517,20953.2644,1625.5198,477.8541,0.0000,0.0000,0.0000
146.4000,19.7902,-1.7800,20979.8103,1627.5611,478.4767,0.0000,0.0000,0.0000
146.4167,19.7899,-1.8083,21006.3894,1629.6066,479.0993,0.0000,0.0000,0.0000
146.4333,19.7897,-1.8367,21033.0041,1631.6564,479.7219,0.0000,0.0000,0.0000
146.4500,19.7894,-1.8650,21059.6569,1633.7107,480.3445,0.0000,0.0000,0.0000
146.4667,19.7891,-1.8933,21086.3500,1635.7697,480.9671,0.0000,0.0000,0.0000
146.4833,19.7889,-1.9217,21113.0854,1637.8336,481.5896,0.0000,0.0000,0.0000
146.5000,19.7886,-1.9500,21139.8650,1639.9025,482.2122,0.0000,0.0000,0.0000
146.5167,19.7883,-1.9783,21166.6905,1641.9765,482.8347,0.0000,0.0000,0.0000
146.5333,19.7881,-2.0067,21193.5634,1644.0558,483.4573,0.0000,0.0000,0.0000
146.5500,19.7878,-2.0350,21220.4852,1646.1404,484.0798,0.0000,0.0000,0.0000
146.5667,19.7875,-2.0633,21247.4571,1648.2303,484.7023,0.0000,0.0000,0.0000
146.5833,19.7873,-2.0917,21274.4802,1650.3257,485.3248,0.0000,0.0000,0.0000
146.6000,19.7870,-2.1200,21301.5553,1652.4267,485.9473,0.0000,0.0000,0.0000
146.6167,19.7867,-2.1483,21328.6832,1654.5331,486.5698,0.0000,0.0000,0.0000
146.6333,19.7864,-2.1767,21355.8647,1656.6451,487.1923,0.0000,0.0000,0.0000
146.6500,19.7862,-2.2050,21383.1002,1658.7627,487.8147,0.0000,0.0000,0.0000
146.6667,19.7859,-2.2333,21410.3902,1660.8859,488.4372,0.0000,0.0000,0.0000
146.6833,19.7856,-2.2617,21437.7349,1663.0146,489.0596,0.0000,0.0000,0.0000
146.7000,19.7853,-2.2900,21465.1347,1665.1490,489.6820,0.0000,0.0000,0.0000
146.7167,19.7851,-2.3183,21492.5896,1667.2889,490.3044,0.0000,0.0000,0.0000
146.7333,19.7848,-2.3467,21520.0996,1669.4343,490.9268,0.0000,0.0000,0.0000
146.7500,19.7845,-2.3750,21547.6648,1671.5853,491.5492,0.0000,0.0000,0.0000
146.7667,19.7842,-2.4033,21575.2849,1673.7417,492.1716,0.0000,0.0000,0.0000
146.7833,19.7840,-2.4317,21602.9598,1675.9035,492.7939,0.0000,0.0000,0.0000
146.8000,19.7837,-2.4600,21630.6893,1678.0708,493.4163,0.0000,0.0000,0.0000
146.8167,19.7834,-2.4883,21658.4729,1680.2433,494.0386,0.0000,0.0000,0.0000
146.8333,19.7831,-2.5167,21686.3104,1682.4212,494.6609,0.0000,0.0000,0.0000
146.8500,19.7829,-2.5450,21714.2014,1684.6043,495.2832,0.0000,0.0000,0.0000
146.8667,19.7826,-2.5733,21742.1453,1686.7925,495.9055,0.0000,0.0000,0.0000
146.8833,19.7823,-2.6017,21770.1417,1688.9859,496.5278,0.0000,0.0000,0.0000
146.9000,19.7820,-2.6300,21798.1901,1691.1843,497.1501,0.0000,0.0000,0.0000
146.9167,19.7817,-2.6583,21826.2898,1693.3877,497.7724,0.0000,0.0000,0.0000
146.9333,19.7815,-2.6867,21854.4402,1695.5959,498.3946,0.0000,0.0000,0.0000
146.9500,19.7812,-2.7150,21882.6408,1697.8090,499.0169,0.0000,0.0000,0.0000
146.9667,19.7809,-2.7433,21910.8909,1700.0269,499.6391,0.0000,0.0000,0.0000
146.9833,19.7806,-2.7717,21939.1898,1702.2495,500.2613,0.0000,0.0000,0.0000
147.0000,19.7803,-2.8000,21967.5368,1704.4766,500.8835,0.0000,0.0000,0.0000
147.0167,19.7801,-2.7900,21990.4400,1705.3479,500.6566,0.0000,0.0000,0.0000
147.0333,19.7799,-2.7800,22009.3000,1706.2375,500.4306,0.0000,0.0000,0.0000
147.0500,19.7797,-2.7700,22025.1569,1707.1405,500.2053,0.0000,0.0000,0.0000
147.0667,19.7796,-2.7600,22038.7824,1708.0532,499.9804,0.0000,0.0000,0.0000
147.0833,19.7795,-2.7500,22050.7479,1708.9723,499.7560,0.0000,0.0000,0.0000
147.1000,19.7794,-2.7400,22061.4754,1709.8949,499.5318,0.0000,0.0000,0.0000
147.1167,19.7793,-2.7300,22071.2758,1710.8185,499.3078,0.0000,0.0000,0.0000
147.1333,19.7792,-2.7200,22080.3765,1711.7408,499.0839,0.0000,0.0000,0.0000
147.1500,19.7791,-2.7100,22088.9436,1712.6597,498.8602,0.0000,0.0000,0.0000
147.1667,19.7790,-2.7000,22097.0968,1713.5733,498.6366,0.0000,0.0000,0.0000
147.1833,19.7790,-2.6900,22104.9220,1714.4800,498.4130,0.0000,0.0000,0.0000
147.2000,19.7789,-2.6800,22112.4800,1715.3783,498.1895,0.0000,0.0000,0.0000
147.2167,19.7788,-2.6700,22119.8126,1716.2666,497.9661,0.0000,0.0000,0.0000
147.2333,19.7787,-2.6600,22126.9484,1717.1437,497.7427,0.0000,0.0000,0.0000
147.2500,19.7787,-2.6500,22133.9059,1718.0085,497.5193,0.0000,0.0000,0.0000
147.2667,19.7786,-2.6400,22140.6962,1718.8600,497.2960,0.0000,0.0000,0.0000
147.2833,19.7785,-2.6300,22147.3256,1719.6972,497.0727,0.0000,0.0000,0.0000
147.3000,19.7785,-2.6200,22153.7964,1720.5192,496.8494,0.0000,0.0000,0.0000
147.3167,19.7784,-2.6100,22160.1087,1721.3252,496.6262,0.0000,0.0000,0.0000
147.3333,19.7783,-2.6000,22166.2607,1722.1147,496.4030,0.0000,0.0000,0.0000
147.3500,19.7783,-2.5900,22172.2496,1722.8869,496.1798,0.0000,0.0000,0.0000
147.3667,19.7782,-2.5800,22176.4233,1723.3904,495.9571,0.0000,0.0000,0.0000
147.3833,19.7782,-2.5700,22180.3130,1723.8826,495.7344,0.0000,0.0000,0.0000
147.4000,19.7782,-2.5600,22183.9515,1724.3636,495.5118,0.0000,0.0000,0.0000
147.4167,19.7781,-2.5500,22187.3655,1724.8333,495.2892,0.0000,0.0000,0.0000
147.4333,19.7781,-2.5400,22190.5761,1725.2916,495.0667,0.0000,0.0000,0.0000
147.4500,19.7781,-2.5300,22193.6003,1725.7384,494.8442,0.0000,0.0000,0.0000
147.4667,19.7780,-2.5200,22196.4511,1726.1734,494.6217,0.0000,0.0000,0.0000
147.4833,19.7780,-2.5100,22199.1390,1726.5965,494.3993,0.0000,0.0000,0.0000
147.5000,19.7780,-2.5000,22201.6722,1727.0075,494.1769,0.0000,0.0000,0.0000
147.5167,19.7780,-2.4900,22204.0569,1727.4063,493.9546,0.0000,0.0000,0.0000
147.5333,19.7779,-2.4800,22206.2979,1727.7928,493.7322,0.0000,0.0000,0.0000
147.5500,19.7779,-2.4700,22208.3989,1728.1668,493.5099,0.0000,0.0000,0.0000
147.5667,19.7779,-2.4600,22210.3628,1728.5283,493.2877,0.0000,0.0000,0.0000
147.5833,19.7779,-2.4500,22212.1915,1728.8771,493.0655,0.0000,0.0000,0.0000
147.6000,19.7779,-2.4400,22213.8867,1729.2132,492.8433,0.0000,0.0000,0.0000
147.6167,19.7778,-2.4300,22215.4494,1729.5365,492.6211,0.0000,0.0000,0.0000
147.6333,19.7778,-2.4200,22216.8806,1729.8469,492.3990,0.0000,0.0000,0.0000
147.6500,19.7778,-2.4100,22218.1807,1730.1445,492.1768,0.0000,0.0000,0.0000
147.6667,19.7778,-2.4000,22219.3503,1730.4292,491.9548,0.0000,0.0000,0.0000
147.6833,19.7778,-2.3900,22220.3898,1730.7010,491.7327,0.0000,0.0000,0.0000
147.7000,19.7778,-2.3800,22221.8567,1731.1403,491.5106,0.0000,0.0000,0.0000
147.7167,19.7778,-2.3700,22222.8661,1731.3823,491.2885,0.0000,0.0000,0.0000
147.7333,19.7778,-2.3600,22223.6943,1731.6113,491.0665,0.0000,0.0000,0.0000
147.7500,19.7778,-2.3500,22224.3514,1731.8275,490.8445,0.0000,0.0000,0.0000
147.7667,19.7778,-2.3400,22224.8458,1732.0308,490.6226,0.0000,0.0000,0.0000
147.7833,19.7777,-2.3300,22225.1843,1732.2215,490.4007,0.0000,0.0000,0.0000
147.8000,19.7777,-2.3200,22225.6769,1732.5566,490.1788,0.0000,0.0000,0.0000
147.8167,19.7777,-2.3100,22225.9533,1732.7180,489.9569,0.0000,0.0000,0.0000
147.8333,19.7777,-2.3000,22226.0357,1732.8669,489.7350,0.0000,0.0000,0.0000
147.8500,19.7777,-2.2900,22225.9377,1733.0034,489.5132,0.0000,0.0000,0.0000
147.8667,19.7777,-2.2800,22225.6702,1733.1275,489.2915,0.0000,0.0000,0.0000
147.8833,19.7777,-2.2700,22225.3316,1733.3775,489.0697,0.0000,0.0000,0.0000
147.9000,19.7778,-2.2600,22224.9892,1733.4732,488.8480,0.0000,0.0000,0.0000
147.9167,19.7778,-2.2500,22224.4470,1733.5570,488.6263,0.0000,0.0000,0.0000
147.9333,19.7778,-2.2400,22223.7207,1733.6289,488.4046,0.0000,0.0000,0.0000
147.9500,19.7778,-2.2300,22222.8230,1733.6891,488.1830,0.0000,0.0000,0.0000
147.9667,19.7778,-2.2200,22221.6356,1733.8572,487.9614,0.0000,0.0000,0.0000
147.9833,19.7778,-2.2100,22220.6700,1733.8901,487.7398,0.0000,0.0000,0.0000
148.0000,19.7778,-2.2000,22219.5050,1733.9116,487.5183,0.0000,0.0000,0.0000
148.0167,19.7778,-2.2000,22219.2608,1734.2780,487.5183,0.0000,0.0000,0.0000
148.0333,19.7778,-2.2000,22219.7343,1734.6303,487.5182,0.0000,0.0000,0.0000
148.0500,19.7778,-2.2000,22220.7631,1734.9695,487.5180,0.0000,0.0000,0.0000
148.0667,19.7778,-2.2000,22222.2173,1735.2962,487.5177,0.0000,0.0000,0.0000
148.0833,19.7778,-2.2000,22223.9933,1735.6112,487.5173,0.0000,0.0000,0.0000
148.1000,19.7777,-2.2000,22226.0086,1735.9153,487.5168,0.0000,0.0000,0.0000
148.1167,19.7777,-2.2000,22228.1978,1736.2090,487.5163,0.0000,0.0000,0.0000
148.1333,19.7777,-2.2000,22230.5090,1736.4930,487.5158,0.0000,0.0000,0.0000
148.1500,19.7777,-2.2000,22232.9015,1736.7679,487.5153,0.0000,0.0000,0.0000
148.1667,19.7776,-2.2000,22235.3435,1737.0342,487.5147,0.0000,0.0000,0.0000
148.1833,19.7776,-2.2000,22237.8102,1737.2925,487.5142,0.0000,0.0000,0.0000
148.2000,19.7776,-2.2000,22240.2827,1737.5432,487.5137,0.0000,0.0000,0.0000
148.2167,19.7776,-2.2000,22242.7463,1737.7869,487.5131,0.0000,0.0000,0.0000
148.2333,19.7775,-2.2000,22245.1905,1738.0241,487.5126,0.0000,0.0000,0.0000
148.2500,19.7775,-2.2000,22247.6072,1738.2551,487.5120,0.0000,0.0000,0.0000
148.2667,19.7775,-2.2000,22249.9911,1738.4805,487.5115,0.0000,0.0000,0.0000
148.2833,19.7775,-2.2000,22252.3382,1738.7006,487.5110,0.0000,0.0000,0.0000
148.3000,19.7775,-2.2000,22254.6465,1738.9158,487.5105,0.0000,0.0000,0.0000
148.3167,19.7774,-2.2000,22256.9148,1739.1265,487.5100,0.0000,0.0000,0.0000
148.3333,19.7774,-2.2000,22259.1428,1739.3331,487.5095,0.0000,0.0000,0.0000
148.3500,19.7774,-2.2000,22261.3310,1739.5358,487.5090,0.0000,0.0000,0.0000
148.3667,19.7774,-2.2000,22263.4803,1739.7350,487.5085,0.0000,0.0000,0.0000
148.3833,19.7773,-2.2000,22265.5921,1739.9310,487.5080,0.0000,0.0000,0.0000
148.4000,19.7773,-2.2000,22267.6679,1740.1240,487.5076,0.0000,0.0000,0.0000
148.4167,19.7773,-2.2000,22269.7097,1740.3144,487.5071,0.0000,0.0000,0.0000
148.4333,19.7773,-2.2000,22271.7193,1740.5024,487.5067,0.0000,0.0000,0.0000
148.4500,19.7773,-2.2000,22273.6987,1740.6882,487.5062,0.0000,0.0000,0.0000
148.4667,19.7772,-2.2000,22275.6501,1740.8720,487.5058,0.0000,0.0000,0.0000
148.4833,19.7772,-2.2000,22277.5756,1741.0541,487.5054,0.0000,0.0000,0.0000
148.5000,19.7772,-2.2000,22279.4771,1741.2347,487.5050,0.0000,0.0000,0.0000
148.5167,19.7772,-2.2000,22281.3568,1741.4139,487.5045,0.0000,0.0000,0.0000
148.5333,19.7772,-2.2000,22283.2165,1741.5919,487.5041,0.0000,0.0000,0.0000
148.5500,19.7771,-2.2000,22285.0583,1741.7689,487.5037,0.0000,0.0000,0.0000
148.5667,19.7771,-2.2000,22286.8839,1741.9451,487.5033,0.0000,0.0000,0.0000
148.5833,19.7771,-2.2000,22288.6951,1742.1206,487.5029,0.0000,0.0000,0.0000
148.6000,19.7771,-2.2000,22290.4936,1742.2955,487.5025,0.0000,0.0000,0.0000
148.6167,19.7771,-2.2000,22292.2811,1742.4700,487.5021,0.0000,0.0000,0.0000
148.6333,19.7771,-2.2000,22294.0589,1742.6442,487.5017,0.0000,0.0000,0.0000
148.6500,19.7770,-2.2000,22295.8287,1742.8181,487.5013,0.0000,0.0000,0.0000
148.6667,19.7770,-2.2000,22297.5917,1742.9919,487.5009,0.0000,0.0000,0.0000
148.6833,19.7770,-2.2000,22299.3492,1743.1658,487.5006,0.0000,0.0000,0.0000
148.7000,19.7770,-2.2000,22301.1025,1743.3397,487.5002,0.0000,0.0000,0.0000
148.7167,19.7770,-2.2000,22302.8526,1743.5137,487.4998,0.0000,0.0000,0.0000
148.7333,19.7770,-2.2000,22304.6006,1743.6880,487.4994,0.0000,0.0000,0.0000
148.7500,19.7769,-2.2000,22306.3475,1743.8626,487.4990,0.0000,0.0000,0.0000
148.7667,19.7769,-2.2000,22308.0942,1744.0375,487.4986,0.0000,0.0000,0.0000
148.7833,19.7769,-2.2000,22309.8414,1744.2129,487.4982,0.0000,0.0000,0.0000
148.8000,19.7769,-2.2000,22311.5901,1744.3887,487.4978,0.0000,0.0000,0.0000
148.8167,19.7769,-2.2000,22313.3409,1744.5650,487.4974,0.0000,0.0000,0.0000
148.8333,19.7768,-2.2000,22315.0945,1744.7419,487.4971,0.0000,0.0000,0.0000
148.8500,19.7768,-2.2000,22316.8514,1744.9193,487.4967,0.0000,0.0000,0.0000
148.8667,19.7768,-2.2000,22318.6123,1745.0974,487.4963,0.0000,0.0000,0.0000
148.8833,19.7768,-2.2000,22320.3775,1745.2761,487.4959,0.0000,0.0000,0.0000
148.9000,19.7768,-2.2000,22322.1475,1745.4555,487.4955,0.0000,0.0000,0.0000
148.9167,19.7768,-2.2000,22323.9228,1745.6356,487.4951,0.0000,0.0000,0.0000
148.9333,19.7767,-2.2000,22325.7036,1745.8164,487.4947,0.0000,0.0000,0.0000
148.9500,19.7767,-2.2000,22327.4902,1745.9979,487.4943,0.0000,0.0000,0.0000
148.9667,19.7767,-2.2000,22329.2830,1746.1801,487.4939,0.0000,0.0000,0.0000
148.9833,19.7767,-2.2000,22331.0822,1746.3630,487.4935,0.0000,0.0000,0.0000
149.0000,19.7767,-2.2000,22332.8879,1746.5467,487.4931,0.0000,0.0000,0.0000
149.0167,19.7767,-2.2000,22334.7002,1746.7311,487.4927,0.0000,0.0000,0.0000
149.0333,19.7766,-2.2000,22336.5193,1746.9162,487.4923,0.0000,0.0000,0.0000
149.0500,19.7766,-2.2000,22338.3452,1747.1021,487.4919,0.0000,0.0000,0.0000
149.0667,19.7766,-2.2000,22340.1779,1747.2885,487.4915,0.0000,0.0000,0.0000
149.0833,19.7766,-2.2000,22342.0172,1747.4757,487.4911,0.0000,0.0000,0.0000
149.1000,19.7766,-2.2000,22343.8629,1747.6633,487.4907,0.0000,0.0000,0.0000
149.1167,19.7765,-2.2000,22345.7149,1747.8515,487.4903,0.0000,0.0000,0.0000
149.1333,19.7765,-2.2000,22347.5729,1748.0402,487.4899,0.0000,0.0000,0.0000
149.1500,19.7765,-2.2000,22349.4364,1748.2293,487.4894,0.0000,0.0000,0.0000
149.1667,19.7765,-2.2000,22351.3050,1748.4187,487.4890,0.0000,0.0000,0.0000
149.1833,19.7765,-2.2000,22353.1784,1748.6085,487.4886,0.0000,0.0000,0.0000
149.2000,19.7764,-2.2000,22355.0559,1748.7984,487.4882,0.0000,0.0000,0.0000
149.2167,19.7764,-2.2000,22356.9371,1748.9885,487.4878,0.0000,0.0000,0.0000
149.2333,19.7764,-2.2000,22358.8215,1749.1787,487.4874,0.0000,0.0000,0.0000
149.2500,19.7764,-2.2000,22360.7085,1749.3689,487.4869,0.0000,0.0000,0.0000
149.2667,19.7764,-2.2000,22362.5975,1749.5590,487.4865,0.0000,0.0000,0.0000
149.2833,19.7764,-2.2000,22364.4879,1749.7491,487.4861,0.0000,0.0000,0.0000
149.3000,19.7763,-2.2000,22366.3792,1749.9390,487.4857,0.0000,0.0000,0.0000
149.3167,19.7763,-2.2000,22368.2708,1750.1288,487.4853,0.0000,0.0000,0.0000
149.3333,19.7763,-2.2000,22370.1622,1750.3182,487.4848,0.0000,0.0000,0.0000
149.3500,19.7763,-2.2000,22372.0527,1750.5073,487.4844,0.0000,0.0000,0.0000
149.3667,19.7763,-2.2000,22373.9418,1750.6961,487.4840,0.0000,0.0000,0.0000
149.3833,19.7762,-2.2000,22375.8290,1750.8844,487.4836,0.0000,0.0000,0.0000
149.4000,19.7762,-2.2000,22377.7137,1751.0723,487.4832,0.0000,0.0000,0.0000
149.4167,19.7762,-2.2000,22379.5954,1751.2597,487.4828,0.0000,0.0000,0.0000
149.4333,19.7762,-2.2000,22381.4736,1751.4464,487.4823,0.0000,0.0000,0.0000
149.4500,19.7762,-2.2000,22383.3477,1751.6326,487.4819,0.0000,0.0000,0.0000
149.4667,19.7761,-2.2000,22385.2174,1751.8181,487.4815,0.0000,0.0000,0.0000
149.4833,19.7761,-2.2000,22387.0820,1752.0029,487.4811,0.0000,0.0000,0.0000
149.5000,19.7761,-2.2000,22388.9412,1752.1870,487.4807,0.0000,0.0000,0.0000
149.5167,19.7761,-2.2000,22390.7944,1752.3703,487.4803,0.0000,0.0000,0.0000
149.5333,19.7761,-2.2000,22392.6413,1752.5527,487.4799,0.0000,0.0000,0.0000
149.5500,19.7761,-2.2000,22394.4813,1752.7343,487.4794,0.0000,0.0000,0.0000
149.5667,19.7760,-2.2000,22396.3141,1752.9149,487.4790,0.0000,0.0000,0.0000
149.5833,19.7760,-2.2000,22398.1391,1753.0946,487.4786,0.0000,0.0000,0.0000
149.6000,19.7760,-2.2000,22399.9560,1753.2734,487.4782,0.0000,0.0000,0.0000
149.6167,19.7760,-2.2000,22401.7644,1753.4510,487.4778,0.0000,0.0000,0.0000
149.6333,19.7760,-2.2000,22403.5638,1753.6276,487.4774,0.0000,0.0000,0.0000
149.6500,19.7759,-2.2000,22405.3539,1753.8031,487.4770,0.0000,0.0000,0.0000
149.6667,19.7759,-2.2000,22407.1341,1753.9775,487.4766,0.0000,0.0000,0.0000
149.6833,19.7759,-2.2000,22408.9041,1754.1506,487.4762,0.0000,0.0000,0.0000
149.7000,19.7759,-2.2000,22410.6635,1754.3225,487.4759,0.0000,0.0000,0.0000
149.7167,19.7759,-2.2000,22412.4118,1754.4931,487.4755,0.0000,0.0000,0.0000
149.7333,19.7759,-2.2000,22414.1486,1754.6624,487.4751,0.0000,0.0000,0.0000
149.7500,19.7758,-2.2000,22415.8733,1754.8302,487.4747,0.0000,0.0000,0.0000
149.7667,19.7758,-2.2000,22417.5857,1754.9967,487.4743,0.0000,0.0000,0.0000
149.7833,19.7758,-2.2000,22419.2851,1755.1616,487.4739,0.0000,0.0000,0.0000
149.8000,19.7758,-2.2000,22420.9711,1755.3249,487.4736,0.0000,0.0000,0.0000
149.8167,19.7758,-2.2000,22422.6430,1755.4867,487.4732,0.0000,0.0000,0.0000
149.8333,19.7758,-2.2000,22424.3003,1755.6467,487.4728,0.0000,0.0000,0.0000
149.8500,19.7757,-2.2000,22425.9424,1755.8049,487.4725,0.0000,0.0000,0.0000
149.8667,19.7757,-2.2000,22427.5686,1755.9612,487.4721,0.0000,0.0000,0.0000
149.8833,19.7757,-2.2000,22429.1779,1756.1154,487.4718,0.0000,0.0000,0.0000
149.9000,19.7757,-2.2000,22430.7696,1756.2676,487.4714,0.0000,0.0000,0.0000
149.9167,19.7757,-2.2000,22432.3426,1756.4173,487.4711,0.0000,0.0000,0.0000
149.9333,19.7757,-2.2000,22433.8956,1756.5646,487.4707,0.0000,0.0000,0.0000
149.9500,19.7756,-2.2000,22435.4271,1756.7090,487.4704,0.0000,0.0000,0.0000
149.9667,19.7756,-2.2000,22436.9350,1756.8501,487.4700,0.0000,0.0000,0.0000
149.9833,19.7756,-2.2000,22438.4166,1756.9874,487.4697,0.0000,0.0000,0.0000
150.0000,19.7756,-2.2000,22439.8679,1757.1195,487.4694,0.0000,0.0000,0.0000
150.0167,19.7756,-2.1817,22439.2416,1756.5850,487.0628,3.7872,0.0000,0.0000
150.0333,19.7756,-2.1633,22436.2846,1756.0810,486.6568,7.5744,0.0000,0.0000
150.0500,19.7757,-2.1450,22431.8022,1755.5775,486.2511,11.3616,0.0000,0.0000
150.0667,19.7757,-2.1267,22426.1738,1755.0734,485.8457,15.1488,0.0000,0.0000
150.0833,19.7758,-2.1083,22419.6815,1754.5681,485.4405,18.9360,0.0000,0.0000
150.1000,19.7759,-2.0900,22412.5239,1754.0552,485.0354,22.7232,0.0000,0.0000
150.1167,19.7760,-2.0717,22404.8373,1753.5315,484.6304,26.5104,0.0000,0.0000
150.1333,19.7760,-2.0533,22396.7230,1752.9952,484.2255,30.2976,0.0000,0.0000
150.1500,19.7761,-2.0350,22388.2526,1752.4449,483.8208,34.0848,0.0000,0.0000
150.1667,19.7762,-2.0167,22379.4761,1751.8789,483.4160,37.8720,0.0000,0.0000
150.1833,19.7763,-1.9983,22370.4276,1751.2960,483.0114,41.6592,0.0000,0.0000
150.2000,19.7764,-1.9800,22361.1299,1750.6949,482.6067,45.4464,0.0000,0.0000
150.2167,19.7765,-1.9617,22351.5978,1750.0748,482.2022,49.2336,0.0000,0.0000
150.2333,19.7766,-1.9433,22341.8396,1749.4346,481.7977,53.0208,0.0000,0.0000
150.2500,19.7767,-1.9250,22331.8598,1748.7734,481.3932,56.8080,0.0000,0.0000
150.2667,19.7768,-1.9067,22321.6597,1748.0906,480.9888,60.5952,0.0000,0.0000
150.2833,19.7769,-1.8883,22311.2385,1747.3854,480.5844,64.3824,0.0000,0.0000
150.3000,19.7770,-1.8700,22300.5942,1746.6571,480.1801,68.1696,0.0000,0.0000
150.3167,19.7771,-1.8517,22289.7237,1745.9053,479.7759,71.9568,0.0000,0.0000
150.3333,19.7772,-1.8333,22278.6235,1745.1293,479.3716,75.7440,0.0000,0.0000
150.3500,19.7773,-1.8150,22267.2897,1744.3287,478.9675,79.5312,0.0000,0.0000
150.3667,19.7774,-1.7967,22255.7181,1743.5031,478.5634,83.3184,0.0000,0.0000
150.3833,19.7776,-1.7783,22243.9050,1742.6521,478.1593,87.1056,0.0000,0.0000
150.4000,19.7777,-1.7600,22231.8463,1741.7752,477.7553,90.8928,0.0000,0.0000
150.4167,19.7778,-1.7417,22219.5383,1740.8722,477.3514,94.6800,0.0000,0.0000
150.4333,19.7779,-1.7233,22206.9774,1739.9429,476.9475,98.4672,0.0000,0.0000
150.4500,19.7781,-1.7050,22194.1604,1738.9868,476.5436,102.2544,0.0000,0.0000
150.4667,19.7782,-1.6867,22181.0841,1738.0037,476.1399,106.0416,0.0000,0.0000
150.4833,19.7783,-1.6683,22167.7456,1736.9936,475.7362,109.8288,0.0000,0.0000
150.5000,19.7785,-1.6500,22154.1423,1735.9561,475.3325,113.6160,0.0000,0.0000
150.5167,19.7786,-1.6317,22140.2718,1734.8910,474.9289,117.4032,0.0000,0.0000
150.5333,19.7787,-1.6133,22126.1319,1733.7983,474.5254,121.1904,0.0000,0.0000
150.5500,19.7789,-1.5950,22111.7207,1732.6779,474.1219,124.9776,0.0000,0.0000
150.5667,19.7790,-1.5767,22097.0363,1731.5295,473.7185,128.7648,0.0000,0.0000
150.5833,19.7792,-1.5583,22082.0772,1730.3531,473.3151,132.5520,0.0000,0.0000
150.6000,19.7793,-1.5400,22066.8421,1729.1486,472.9118,136.3392,0.0000,0.0000
150.6167,19.7795,-1.5217,22051.3297,1727.9159,472.5086,140.1264,0.0000,0.0000
150.6333,19.7796,-1.5033,22035.5390,1726.6551,472.1054,143.9136,0.0000,0.0000
150.6500,19.7798,-1.4850,22019.4691,1725.3660,471.7023,147.7008,0.0000,0.0000
150.6667,19.7800,-1.4667,22003.1192,1724.0486,471.2992,151.4880,0.0000,0.0000
150.6833,19.7801,-1.4483,21986.4889,1722.7029,470.8963,155.2752,0.0000,0.0000
150.7000,19.7803,-1.4300,21969.5775,1721.3290,470.4933,159.0624,0.0000,0.0000
150.7167,19.7805,-1.4117,21952.3848,1719.9267,470.0905,162.8496,0.0000,0.0000
150.7333,19.7807,-1.3933,21934.9106,1718.4961,469.6877,166.6368,0.0000,0.0000
150.7500,19.7808,-1.3750,21917.1547,1717.0373,469.2849,170.4240,0.0000,0.0000
150.7667,19.7810,-1.3567,21899.1171,1715.5502,468.8823,174.2112,0.0000,0.0000
150.7833,19.7812,-1.3383,21880.7978,1714.0350,468.4796,177.9984,0.0000,0.0000
150.8000,19.7814,-1.3200,21862.1970,1712.4915,468.0771,181.7856,0.0000,0.0000
150.8167,19.7816,-1.3017,21843.3150,1710.9200,467.6746,185.5728,0.0000,0.0000
150.8333,19.7818,-1.2833,21824.1521,1709.3204,467.2722,189.3600,0.0000,0.0000
150.8500,19.7820,-1.2650,21804.7086,1707.6928,466.8698,193.1472,0.0000,0.0000
150.8667,19.7822,-1.2467,21784.9850,1706.0372,466.4675,196.9344,0.0000,0.0000
150.8833,19.7824,-1.2283,21764.9818,1704.3538,466.0653,200.7216,0.0000,0.0000
150.9000,19.7826,-1.2100,21744.6996,1702.6426,465.6631,204.5088,0.0000,0.0000
150.9167,19.7828,-1.1917,21724.1389,1700.9037,465.2610,208.2960,0.0000,0.0000
150.9333,19.7830,-1.1733,21703.3005,1699.1371,464.8589,212.0832,0.0000,0.0000
150.9500,19.7832,-1.1550,21682.1850,1697.3430,464.4569,215.8704,0.0000,0.0000
150.9667,19.7834,-1.1367,21660.7932,1695.5215,464.0550,219.6576,0.0000,0.0000
150.9833,19.7836,-1.1183,21639.1259,1693.6725,463.6531,223.4448,0.0000,0.0000
151.0000,19.7838,-1.1000,21617.1840,1691.7963,463.2513,227.2320,0.0000,0.0000
151.0167,19.7841,-1.0717,21592.7565,1689.2146,462.6283,251.8488,0.0000,0.0000
151.0333,19.7843,-1.0433,21565.7280,1686.3386,462.0058,276.4656,0.0000,0.0000
151.0500,19.7846,-1.0150,21536.0913,1683.2000,461.3838,301.0824,0.0000,0.0000
151.0667,19.7850,-0.9867,21503.8924,1679.8191,460.7625,325.6992,0.0000,0.0000
151.0833,19.7853,-0.9583,21469.1996,1676.2095,460.1417,350.3160,0.0000,0.0000
151.1000,19.7857,-0.9300,21432.0871,1672.3801,459.5214,374.9328,0.0000,0.0000
151.1167,19.7861,-0.9017,21392.6269,1668.3374,458.9017,399.5496,0.0000,0.0000
151.1333,19.7865,-0.8733,21347.3672,1663.8685,458.2832,424.1664,0.0000,0.0000
151.1500,19.7870,-0.8450,21300.0866,1659.1955,457.6652,448.7832,0.0000,0.0000
151.1667,19.7875,-0.8167,21254.6275,1654.5608,457.0468,473.4000,0.0000,0.0000
151.1833,19.7879,-0.7883,21206.9145,1649.7198,456.4289,498.0168,0.0000,0.0000
151.2000,19.7884,-0.7600,21157.0056,1644.6763,455.8114,522.6336,0.0000,0.0000
151.2167,19.7890,-0.7317,21104.9512,1639.4332,455.1945,547.2504,0.0000,0.0000
151.2333,19.7895,-0.7033,21046.1888,1633.6953,454.5790,571.8672,0.0000,0.0000
151.2500,19.7901,-0.6750,20985.6627,1627.7663,453.9639,596.4840,0.0000,0.0000
151.2667,19.7908,-0.6467,20923.3255,1621.6425,453.3493,621.1008,0.0000,0.0000
151.2833,19.7914,-0.6183,20859.1364,1615.3218,452.7350,645.7176,0.0000,0.0000
151.3000,19.7921,-0.5900,20793.0618,1608.8028,452.1212,670.3344,0.0000,0.0000
151.3167,19.7927,-0.5617,20725.0751,1602.0848,451.5078,694.9512,0.0000,0.0000
151.3333,19.7934,-0.5333,20655.1548,1595.1671,450.8948,719.5680,0.0000,0.0000
151.3500,19.7942,-0.5050,20583.2845,1588.0494,450.2822,744.1848,0.0000,0.0000
151.3667,19.7949,-0.4767,20509.4514,1580.7315,449.6701,768.8016,0.0000,0.0000
151.3833,19.7957,-0.4483,20433.6457,1573.2132,449.0584,793.4184,0.0000,0.0000
151.4000,19.7964,-0.4200,20355.8599,1565.4943,448.4472,818.0352,0.0000,0.0000
151.4167,19.7972,-0.3917,20276.0886,1557.5750,447.8364,842.6520,0.0000,0.0000
151.4333,19.7981,-0.3633,20194.3278,1549.4551,447.2260,867.2688,0.0000,0.0000
151.4500,19.7989,-0.3350,20110.5748,1541.1349,446.6161,891.8856,0.0000,0.0000
151.4667,19.7998,-0.3067,20024.8280,1532.6144,446.0066,916.5024,0.0000,0.0000
151.4833,19.8006,-0.2783,19937.0865,1523.8938,445.3976,941.1192,0.0000,0.0000
151.5000,19.8015,-0.2500,19847.3504,1514.9733,444.7890,965.7360,0.0000,0.0000
151.5167,19.8024,-0.2217,19755.6204,1505.8531,444.1808,990.3528,0.0000,0.0000
151.5333,19.8034,-0.1933,19661.8977,1496.5336,443.5731,1014.9696,0.0000,0.0000
151.5500,19.8043,-0.1650,19566.1842,1487.0151,442.9658,1039.5864,0.0000,0.0000
151.5667,19.8053,-0.1367,19468.4824,1477.2980,442.3590,1064.2032,0.0000,0.0000
151.5833,19.8063,-0.1083,19368.7951,1467.3828,441.7526,1088.8200,0.0000,0.0000
151.6000,19.8073,-0.0800,19267.1257,1457.2698,441.1467,1113.4368,0.0000,0.0000
151.6167,19.8084,-0.0517,19163.4781,1446.9596,440.5412,1138.0536,0.0000,0.0000
151.6333,19.8094,-0.0233,19057.8569,1436.4530,439.9361,1162.6704,0.0000,0.0000
151.6500,19.8105,0.0050,18950.2683,1425.7509,439.3315,1187.2872,0.0000,0.0000
151.6667,19.8116,0.0333,18840.7197,1414.8544,438.7273,1211.9040,0.0000,0.0000
151.6833,19.8127,0.0617,18729.2194,1403.7647,438.1235,1236.5208,0.0000,0.0000
151.7000,19.8138,0.0900,18615.7764,1392.4828,437.5202,1261.1376,0.0000,0.0000
151.7167,19.8150,0.1183,18500.4000,1381.0097,436.9173,1285.7544,0.0000,0.0000
151.7333,19.8162,0.1467,18383.0990,1369.3462,436.3148,1310.3712,0.0000,0.0000
151.7500,19.8174,0.1750,18263.8821,1357.4930,435.7127,1334.9880,0.0000,0.0000
151.7667,19.8186,0.2033,18142.7573,1345.4509,435.1111,1359.6048,0.0000,0.0000
151.7833,19.8198,0.2317,18019.7326,1333.2206,434.5099,1384.2216,0.0000,0.0000
151.8000,19.8211,0.2600,17894.8155,1320.8028,433.9091,1408.8384,0.0000,0.0000
151.8167,19.8223,0.2883,17768.0134,1308.1980,433.3087,1433.4552,0.0000,0.0000
151.8333,19.8236,0.3167,17639.3338,1295.4072,432.7088,1458.0720,0.0000,0.0000
151.8500,19.8249,0.3450,17508.7840,1282.4310,432.1093,1482.6888,0.0000,0.0000
151.8667,19.8262,0.3733,17376.3717,1269.2703,431.5101,1507.3056,0.0000,0.0000
151.8833,19.8276,0.4017,17242.1046,1255.9259,430.9114,1531.9224,0.0000,0.0000
151.9000,19.8289,0.4300,17105.9909,1242.3986,430.3131,1556.5392,0.0000,0.0000
151.9167,19.8303,0.4583,16968.0389,1228.6895,429.7152,1581.1560,0.0000,0.0000
151.9333,19.8317,0.4867,16828.2572,1214.7993,429.1177,1605.7728,0.0000,0.0000
151.9500,19.8331,0.5150,16686.6550,1200.7293,428.5206,1630.3896,0.0000,0.0000
151.9667,19.8346,0.5433,16543.2414,1186.4803,427.9239,1655.0064,0.0000,0.0000
151.9833,19.8360,0.5717,16398.0262,1172.0534,427.3277,1679.6232,0.0000,0.0000
152.0000,19.8375,0.6000,16251.0194,1157.4497,426.7318,1704.2400,0.0000,0.0000
152.0167,19.8390,0.6633,16097.0418,1141.4944,425.3610,1727.1210,0.0000,0.0000
152.0333,19.8406,0.7267,15937.6561,1125.4284,423.9915,1750.0020,0.0000,0.0000
152.0500,19.8423,0.7900,15773.9753,1109.2393,422.6230,1772.8830,0.0000,0.0000
152.0667,19.8439,0.8533,15606.7932,1092.9185,421.2552,1795.7640,0.0000,0.0000
152.0833,19.8456,0.9167,15436.6756,1076.4598,419.8880,1818.6450,0.0000,0.0000
152.1000,19.8474,0.9800,15264.0256,1059.8585,418.5214,1841.5260,0.0000,0.0000
152.1167,19.8491,1.0433,15089.1300,1043.1114,417.1554,1864.4070,0.0000,0.0000
152.1333,19.8509,1.1067,14912.1921,1026.2158,415.7897,1887.2880,0.0000,0.0000
152.1500,19.8527,1.1700,14733.3561,1009.1696,414.4245,1910.1690,0.0000,0.0000
152.1667,19.8545,1.2333,14552.7236,991.9716,413.0597,1933.0500,0.0000,0.0000
152.1833,19.8563,1.2967,14370.3666,974.6205,411.6953,1955.9310,0.0000,0.0000
152.2000,19.8581,1.3600,14186.3357,957.1157,410.3312,1978.8120,0.0000,0.0000
152.2167,19.8600,1.4233,14000.6672,939.4568,408.9675,2001.6930,0.0000,0.0000
152.2333,19.8619,1.4867,13813.3868,921.6434,407.6042,2024.5740,0.0000,0.0000
152.2500,19.8638,1.5500,13624.5136,903.6757,406.2412,2047.4550,0.0000,0.0000
152.2667,19.8657,1.6133,13434.0619,885.5537,404.8786,2070.3360,0.0000,0.0000
152.2833,19.8676,1.6767,13242.0430,867.2778,403.5163,2093.2170,0.0000,0.0000
152.3000,19.8695,1.7400,13048.4666,848.8485,402.1543,2116.0980,0.0000,0.0000
152.3167,19.8715,1.8033,12853.3412,830.2663,400.7928,2138.9790,0.0000,0.0000
152.3333,19.8734,1.8667,12656.6750,811.5319,399.4315,2161.8600,0.0000,0.0000
152.3500,19.8754,1.9300,12458.4761,792.6462,398.0706,2184.7410,0.0000,0.0000
152.3667,19.8774,1.9933,12258.7525,773.6100,396.7100,2207.6220,0.0000,0.0000
152.3833,19.8794,2.0567,12057.5130,754.4242,395.3498,2230.5030,0.0000,0.0000
152.4000,19.8815,2.1200,11854.7665,735.0899,393.9899,2253.3840,0.0000,0.0000
152.4167,19.8835,2.1833,11650.5223,715.6081,392.6303,2276.2650,0.0000,0.0000
152.4333,19.8856,2.2467,11444.7906,695.9801,391.2710,2299.1460,0.0000,0.0000
152.4500,19.8876,2.3100,11237.5817,676.2069,389.9121,2322.0270,0.0000,0.0000
152.4667,19.8897,2.3733,11028.9065,656.2897,388.5535,2344.9080,0.0000,0.0000
152.4833,19.8918,2.4367,10818.7766,636.2300,387.1953,2367.7890,0.0000,0.0000
152.5000,19.8939,2.5000,10607.2036,616.0289,385.8373,2390.6700,0.0000,0.0000
152.5167,19.8961,2.5633,10394.1999,595.6879,384.4797,2413.5510,0.0000,0.0000
152.5333,19.8982,2.6267,10179.7779,575.2082,383.1224,2436.4320,0.0000,0.0000
152.5500,19.9004,2.6900,9963.9507,554.5913,381.7654,2459.3130,0.0000,0.0000
152.5667,19.9025,2.7533,9746.7315,533.8386,380.4087,2482.1940,0.0000,0.0000
152.5833,19.9047,2.8167,9528.1339,512.9515,379.0523,2505.0750,0.0000,0.0000
152.6000,19.9069,2.8800,9308.1715,491.9315,377.6962,2527.9560,0.0000,0.0000
152.6167,19.9091,2.9433,9086.8588,470.7801,376.3404,2550.8370,0.0000,0.0000
152.6333,19.9114,3.0067,8864.2105,449.4989,374.9849,2573.7180,0.0000,0.0000
152.6500,19.9136,3.0700,8640.2415,428.0896,373.6297,2596.5990,0.0000,0.0000
152.6667,19.9159,3.1333,8414.9670,406.5537,372.2748,2619.4800,0.0000,0.0000
152.6833,19.9181,3.1967,8188.4023,384.8927,370.9202,2642.3610,0.0000,0.0000
152.7000,19.9204,3.2600,7960.5628,363.1082,369.5659,2665.2420,0.0000,0.0000
152.7167,19.9227,3.3233,7731.4635,341.2017,368.2118,2688.1230,0.0000,0.0000
152.7333,19.9250,3.3867,7501.1196,319.1747,366.8580,2711.0040,0.0000,0.0000
152.7500,19.9273,3.4500,7269.5459,297.0285,365.5045,2733.8850,0.0000,0.0000
152.7667,19.9296,3.5133,7036.7574,274.7648,364.1513,2756.7660,0.0000,0.0000
152.7833,19.9320,3.5767,6802.7688,252.3848,362.7983,2779.6470,0.0000,0.0000
152.8000,19.9343,3.6400,6567.5947,229.8902,361.4456,2802.5280,0.0000,0.0000
152.8167,19.9367,3.7033,6331.2497,207.2822,360.0931,2825.4090,0.0000,0.0000
152.8333,19.9391,3.7667,6093.7482,184.5624,358.7409,2848.2900,0.0000,0.0000
152.8500,19.9414,3.8300,5855.1048,161.7321,357.3890,2871.1710,0.0000,0.0000
152.8667,19.9438,3.8933,5615.3337,138.7928,356.0373,2894.0520,0.0000,0.0000
152.8833,19.9463,3.9567,5374.4493,115.7459,354.6859,2916.9330,0.0000,0.0000
152.9000,19.9487,4.0200,5132.4656,92.5928,353.3347,2939.8140,0.0000,0.0000
152.9167,19.9511,4.0833,4889.3970,69.3349,351.9837,2962.6950,0.0000,0.0000
152.9333,19.9535,4.1467,4645.2574,45.9736,350.6330,2985.5760,0.0000,0.0000
152.9500,19.9560,4.2100,4400.0608,22.5102,349.2825,3008.4570,0.0000,0.0000
152.9667,19.9585,4.2733,4153.8211,-1.0538,347.9322,3031.3380,0.0000,0.0000
152.9833,19.9609,4.3367,3906.5521,-24.7172,346.5822,3054.2190,0.0000,0.0000
153.0000,19.9634,4.4000,3658.2675,-48.4785,345.2324,3077.1000,0.0000,0.0000
153.0167,19.9659,4.4383,3413.4904,-71.1875,344.4364,3094.1424,0.0000,0.0000
153.0333,19.9683,4.4767,3171.5509,-93.7983,343.6397,3111.1848,0.0000,0.0000
153.0500,19.9707,4.5150,2931.8670,-116.3447,342.8426,3128.2272,0.0000,0.0000
153.0667,19.9731,4.5533,2693.9526,-138.8486,342.0450,3145.2696,0.0000,0.0000
153.0833,19.9754,4.5917,2457.4116,-161.3246,341.2472,3162.3120,0.0000,0.0000
153.1000,19.9778,4.6300,2221.9258,-183.7830,340.4491,3179.3544,0.0000,0.0000
153.1167,19.9801,4.6683,1987.2420,-206.2312,339.6508,3196.3968,0.0000,0.0000
153.1333,19.9825,4.7067,1753.1598,-228.6745,338.8524,3213.4392,0.0000,0.0000
153.1500,19.9848,4.7450,1519.5218,-251.1170,338.0539,3230.4816,0.0000,0.0000
153.1667,19.9871,4.7833,1286.2042,-273.5616,337.2554,3247.5240,0.0000,0.0000
153.1833,19.9895,4.8217,1053.1105,-296.0105,336.4567,3264.5664,0.0000,0.0000
153.2000,19.9918,4.8600,820.1654,-318.4653,335.6581,3281.6088,0.0000,0.0000
153.2167,19.9941,4.8983,587.3105,-340.9273,334.8594,3298.6512,0.0000,0.0000
153.2333,19.9965,4.9367,354.5006,-363.3973,334.0607,3315.6936,0.0000,0.0000
153.2500,19.9988,4.9750,121.7012,-385.8757,333.2621,3332.7360,0.0000,0.0000
153.2667,20.0015,5.0133,0.0000,-408.1683,332.4722,3349.7784,0.0000,0.0000
153.2833,20.0051,5.0517,0.0000,-430.0604,331.7013,3366.8208,0.0000,0.0000
153.3000,20.0095,5.0900,0.0000,-451.5825,330.9484,3383.8632,0.0000,0.0000
153.3167,20.0147,5.1283,0.0000,-472.7504,330.2133,3400.9056,0.0000,0.0000
153.3333,20.0207,5.1667,0.0000,-493.5786,329.4957,3417.9480,0.0000,0.0000
153.3500,20.0274,5.2050,0.0000,-514.0800,328.7953,3434.9904,0.0000,0.0000
153.3667,20.0349,5.2433,0.0000,-534.2665,328.1118,3452.0328,0.0000,0.0000
153.3833,20.0432,5.2817,0.0000,-554.1493,327.4450,3469.0752,0.0000,0.0000
153.4000,20.0522,5.3200,0.0000,-573.7387,326.7945,3486.1176,0.0000,0.0000
153.4167,20.0620,5.3583,0.0000,-593.0444,326.1603,3503.1600,0.0000,0.0000
153.4333,20.0724,5.3967,0.0000,-612.0755,325.5420,3520.2024,0.0000,0.0000
153.4500,20.0836,5.4350,0.0000,-630.8408,324.9394,3537.2448,0.0000,0.0000
153.4667,20.0955,5.4733,0.0000,-649.3483,324.3523,3554.2872,0.0000,0.0000
153.4833,20.1080,5.5117,0.0000,-667.6059,323.7804,3571.3296,0.0000,0.0000
153.5000,20.1212,5.5500,0.0000,-685.6210,323.2236,3588.3720,0.0000,0.0000
153.5167,20.1351,5.5883,0.0000,-703.4006,322.6817,3605.4144,0.0000,0.0000
153.5333,20.1497,5.6267,0.0000,-720.9514,322.1544,3622.4568,0.0000,0.0000
153.5500,20.1649,5.6650,0.0000,-738.2800,321.6416,3639.4992,0.0000,0.0000
153.5667,20.1808,5.7033,0.0000,-755.3924,321.1431,3656.5416,0.0000,0.0000
153.5833,20.1973,5.7417,0.0000,-772.2947,320.6587,3673.5840,0.0000,0.0000
153.6000,20.2144,5.7800,0.0000,-788.9925,320.1882,3690.6264,0.0000,0.0000
153.6167,20.2321,5.8183,0.0000,-805.4913,319.7315,3707.6688,0.0000,0.0000
153.6333,20.2505,5.8567,0.0000,-821.7963,319.2883,3724.7112,0.0000,0.0000
153.6500,20.2695,5.8950,0.0000,-837.9127,318.8586,3741.7536,0.0000,0.0000
153.6667,20.2890,5.9333,0.0000,-853.8452,318.4421,3758.7960,0.0000,0.0000
153.6833,20.3092,5.9717,0.0000,-869.5987,318.0387,3775.8384,0.0000,0.0000
153.7000,20.3299,6.0100,0.0000,-885.1776,317.6483,3792.8808,0.0000,0.0000
153.7167,20.3512,6.0483,0.0000,-900.5864,317.2707,3809.9232,0.0000,0.0000
153.7333,20.3731,6.0867,0.0000,-915.8293,316.9057,3826.9656,0.0000,0.0000
153.7500,20.3955,6.1250,0.0000,-930.9105,316.5532,3844.0080,0.0000,0.0000
153.7667,20.4185,6.1633,0.0000,-945.8338,316.2132,3861.0504,0.0000,0.0000
153.7833,20.4421,6.2017,0.0000,-960.6031,315.8853,3878.0928,0.0000,0.0000
153.8000,20.4662,6.2400,0.0000,-975.2223,315.5696,3895.1352,0.0000,0.0000
153.8167,20.4908,6.2783,0.0000,-989.6947,315.2659,3912.1776,0.0000,0.0000
153.8333,20.5160,6.3167,0.0000,-1004.0240,314.9740,3929.2200,0.0000,0.0000
153.8500,20.5417,6.3550,0.0000,-1018.2136,314.6938,3946.2624,0.0000,0.0000
153.8667,20.5679,6.3933,0.0000,-1032.2667,314.4253,3963.3048,0.0000,0.0000
153.8833,20.5947,6.4317,0.0000,-1046.1865,314.1682,3980.3472,0.0000,0.0000
153.9000,20.6219,6.4700,0.0000,-1059.9760,313.9226,3997.3896,0.0000,0.0000
153.9167,20.6497,6.5083,0.0000,-1073.6384,313.6882,4014.4320,0.0000,0.0000
153.9333,20.6780,6.5467,0.0000,-1087.1765,313.4650,4031.4744,0.0000,0.0000
153.9500,20.7067,6.5850,0.0000,-1100.5931,313.2528,4048.5168,0.0000,0.0000
153.9667,20.7360,6.6233,0.0000,-1113.8911,313.0516,4065.5592,0.0000,0.0000
153.9833,20.7658,6.6617,0.0000,-1127.0729,312.8612,4082.6016,0.0000,0.0000
154.0000,20.7960,6.7000,0.0000,-1140.1413,312.6815,4099.6440,0.0000,0.0000
154.0167,20.8266,6.7000,0.0000,-1151.3515,313.3607,4108.7964,0.0000,0.0000
154.0333,20.8576,6.7000,0.0000,-1162.1850,314.0482,4117.9488,0.0000,0.0000
154.0500,20.8890,6.7000,0.0000,-1172.7077,314.7436,4127.1012,0.0000,0.0000
154.0667,20.9207,6.7000,0.0000,-1182.9651,315.4468,4136.2536,0.0000,0.0000
154.0833,20.9527,6.7000,0.0000,-1192.9896,316.1575,4145.4060,0.0000,0.0000
154.1000,20.9851,6.7000,0.0000,-1202.8055,316.8757,4154.5584,0.0000,0.0000
154.1167,21.0178,6.7000,0.0000,-1212.4314,317.6010,4163.7108,0.0000,0.0000
154.1333,21.0508,6.7000,0.0000,-1221.8819,318.3334,4172.8632,0.0000,0.0000
154.1500,21.0841,6.7000,0.0000,-1231.1690,319.0727,4182.0156,0.0000,0.0000
154.1667,21.1178,6.7000,0.0000,-1240.3024,319.8189,4191.1680,0.0000,0.0000
154.1833,21.1517,6.7000,0.0000,-1249.2902,320.5717,4200.3204,0.0000,0.0000
154.2000,21.1859,6.7000,0.0000,-1258.1394,321.3311,4209.4728,0.0000,0.0000
154.2167,21.2204,6.7000,0.0000,-1266.8559,322.0969,4218.6252,0.0000,0.0000
154.2333,21.2553,6.7000,0.0000,-1275.4448,322.8691,4227.7776,0.0000,0.0000
154.2500,21.2903,6.7000,0.0000,-1283.9107,323.6475,4236.9300,0.0000,0.0000
154.2667,21.3257,6.7000,0.0000,-1292.2576,324.4320,4246.0824,0.0000,0.0000
154.2833,21.3614,6.7000,0.0000,-1300.4891,325.2226,4255.2348,0.0000,0.0000
154.3000,21.3973,6.7000,0.0000,-1308.6084,326.0191,4264.3872,0.0000,0.0000
154.3167,21.4334,6.7000,0.0000,-1316.6185,326.8215,4273.5396,0.0000,0.0000
154.3333,21.4699,6.7000,0.0000,-1324.5219,327.6296,4282.6920,0.0000,0.0000
154.3500,21.5066,6.7000,0.0000,-1332.3211,328.4433,4291.8444,0.0000,0.0000
154.3667,21.5435,6.7000,0.0000,-1340.0183,329.2627,4300.9968,0.0000,0.0000
154.3833,21.5807,6.7000,0.0000,-1347.6157,330.0875,4310.1492,0.0000,0.0000
154.4000,21.6181,6.7000,0.0000,-1355.1153,330.9178,4319.3016,0.0000,0.0000
154.4167,21.6558,6.7000,0.0000,-1362.5194,331.7534,4328.4540,0.0000,0.0000
154.4333,21.6937,6.7000,0.0000,-1369.8298,332.5942,4337.6064,0.0000,0.0000
154.4500,21.7318,6.7000,0.0000,-1377.0485,333.4402,4346.7588,0.0000,0.0000
154.4667,21.7702,6.7000,0.0000,-1384.1775,334.2913,4355.9112,0.0000,0.0000
154.4833,21.8088,6.7000,0.0000,-1391.2184,335.1474,4365.0636,0.0000,0.0000
154.5000,21.8476,6.7000,0.0000,-1398.1732,336.0085,4374.2160,0.0000,0.0000
154.5167,21.8866,6.7000,0.0000,-1405.0435,336.8744,4383.3684,0.0000,0.0000
154.5333,21.9259,6.7000,0.0000,-1411.8309,337.7451,4392.5208,0.0000,0.0000
154.5500,21.9653,6.7000,0.0000,-1418.5372,338.6205,4401.6732,0.0000,0.0000
154.5667,22.0050,6.7000,0.0000,-1425.1638,339.5006,4410.8256,0.0000,0.0000
154.5833,22.0449,6.7000,0.0000,-1431.7125,340.3853,4419.9780,0.0000,0.0000
154.6000,22.0850,6.7000,0.0000,-1438.1847,341.2746,4429.1304,0.0000,0.0000
154.6167,22.1253,6.7000,0.0000,-1444.5819,342.1682,4438.2828,0.0000,0.0000
154.6333,22.1658,6.7000,0.0000,-1450.9056,343.0663,4447.4352,0.0000,0.0000
154.6500,22.2065,6.7000,0.0000,-1457.1574,343.9688,4456.5876,0.0000,0.0000
154.6667,22.2473,6.7000,0.0000,-1463.3382,344.8755,4465.7400,0.0000,0.0000
154.6833,22.2884,6.7000,0.0000,-1469.4492,345.7864,4474.8924,0.0000,0.0000
154.7000,22.3296,6.7000,0.0000,-1475.4914,346.7015,4484.0448,0.0000,0.0000
154.7167,22.3711,6.7000,0.0000,-1481.4659,347.6207,4493.1972,0.0000,0.0000
154.7333,22.4127,6.7000,0.0000,-1487.3742,348.5439,4502.3496,0.0000,0.0000
154.7500,22.4545,6.7000,0.0000,-1493.2177,349.4711,4511.5020,0.0000,0.0000
154.7667,22.4965,6.7000,0.0000,-1498.9978,350.4022,4520.6544,0.0000,0.0000
154.7833,22.5386,6.7000,0.0000,-1504.7161,351.3373,4529.8068,0.0000,0.0000
154.8000,22.5810,6.7000,0.0000,-1510.3739,352.2761,4538.9592,0.0000,0.0000
154.8167,22.6234,6.7000,0.0000,-1515.9728,353.2187,4548.1116,0.0000,0.0000
154.8333,22.6661,6.7000,0.0000,-1521.5140,354.1651,4557.2640,0.0000,0.0000
154.8500,22.7089,6.7000,0.0000,-1526.9988,355.1151,4566.4164,0.0000,0.0000
154.8667,22.7519,6.7000,0.0000,-1532.4287,356.0688,4575.5688,0.0000,0.0000
154.8833,22.7951,6.7000,0.0000,-1537.8047,357.0260,4584.7212,0.0000,0.0000
154.9000,22.8384,6.7000,0.0000,-1543.1282,357.9868,4593.8736,0.0000,0.0000
154.9167,22.8819,6.7000,0.0000,-1548.4003,358.9511,4603.0260,0.0000,0.0000
154.9333,22.9255,6.7000,0.0000,-1553.6221,359.9188,4612.1784,0.0000,0.0000
154.9500,22.9693,6.7000,0.0000,-1558.7949,360.8899,4621.3308,0.0000,0.0000
154.9667,23.0132,6.7000,0.0000,-1563.9196,361.8644,4630.4832,0.0000,0.0000
154.9833,23.0573,6.7000,0.0000,-1568.9974,362.8422,4639.6356,0.0000,0.0000
155.0000,23.1015,6.7000,0.0000,-1574.0290,363.8233,4648.7880,0.0000,0.0000
155.0167,23.1459,6.7000,0.0000,-1578.5498,364.8073,4649.4192,0.0000,0.0000
155.0333,23.1903,6.7000,0.0000,-1582.6785,365.7939,4650.0504,0.0000,0.0000
155.0500,23.2349,6.7000,0.0000,-1586.4927,366.7827,4650.6816,0.0000,0.0000
155.0667,23.2796,6.7000,0.0000,-1590.0458,367.7736,4651.3128,0.0000,0.0000
155.0833,23.3244,6.7000,0.0000,-1593.3764,368.7664,4651.9440,0.0000,0.0000
155.1000,23.3692,6.7000,0.0000,-1596.5134,369.7610,4652.5752,0.0000,0.0000
155.1167,23.4141,6.7000,0.0000,-1599.4792,370.7571,4653.2064,0.0000,0.0000
155.1333,23.4591,6.7000,0.0000,-1602.2916,371.7548,4653.8376,0.0000,0.0000
155.1500,23.5041,6.7000,0.0000,-1604.9650,372.7537,4654.4688,0.0000,0.0000
155.1667,23.5492,6.7000,0.0000,-1607.5114,373.7540,4655.1000,0.0000,0.0000
155.1833,23.5943,6.7000,0.0000,-1609.9406,374.7554,4655.7312,0.0000,0.0000
155.2000,23.6395,6.7000,0.0000,-1612.2611,375.7579,4656.3624,0.0000,0.0000
155.2167,23.6848,6.7000,0.0000,-1614.4801,376.7613,4656.9936,0.0000,0.0000
155.2333,23.7301,6.7000,0.0000,-1616.6038,377.7657,4657.6248,0.0000,0.0000
155.2500,23.7754,6.7000,0.0000,-1618.6376,378.7709,4658.2560,0.0000,0.0000
155.2667,23.8207,6.7000,0.0000,-1620.5862,379.7769,4658.8872,0.0000,0.0000
155.2833,23.8661,6.7000,0.0000,-1622.4538,380.7835,4659.5184,0.0000,0.0000
155.3000,23.9115,6.7000,0.0000,-1624.2438,381.7908,4660.1496,0.0000,0.0000
155.3167,23.9569,6.7000,0.0000,-1625.9594,382.7987,4660.7808,0.0000,0.0000
155.3333,24.0024,6.7000,0.0000,-1627.6033,383.8071,4661.4120,0.0000,0.0000
155.3500,24.0479,6.7000,0.0000,-1629.1781,384.8160,4662.0432,0.0000,0.0000
155.3667,24.0934,6.7000,0.0000,-1630.6863,385.8252,4662.6744,0.0000,0.0000
155.3833,24.1389,6.7000,0.0000,-1632.1300,386.8349,4663.3056,0.0000,0.0000
155.4000,24.1844,6.7000,0.0000,-1633.5113,387.8448,4663.9368,0.0000,0.0000
155.4167,24.2300,6.7000,0.0000,-1634.8323,388.8549,4664.5680,0.0000,0.0000
155.4333,24.2755,6.7000,0.0000,-1636.0949,389.8653,4665.1992,0.0000,0.0000
155.4500,24.3211,6.7000,0.0000,-1637.3008,390.8759,4665.8304,0.0000,0.0000
155.4667,24.3666,6.7000,0.0000,-1638.4518,391.8865,4666.4616,0.0000,0.0000
155.4833,24.4122,6.7000,0.0000,-1639.5495,392.8972,4667.0928,0.0000,0.0000
155.5000,24.4578,6.7000,0.0000,-1640.5954,393.9080,4667.7240,0.0000,0.0000
155.5167,24.5033,6.7000,0.0000,-1641.5911,394.9187,4668.3552,0.0000,0.0000
155.5333,24.5489,6.7000,0.0000,-1642.5378,395.9294,4668.9864,0.0000,0.0000
155.5500,24.5944,6.7000,0.0000,-1643.4369,396.9400,4669.6176,0.0000,0.0000
155.5667,24.6400,6.7000,0.0000,-1644.2896,397.9505,4670.2488,0.0000,0.0000
155.5833,24.6855,6.7000,0.0000,-1645.0967,398.9608,4670.8800,0.0000,0.0000
155.6000,24.7311,6.7000,0.0000,-1645.8593,399.9709,4671.5112,0.0000,0.0000
155.6167,24.7766,6.7000,0.0000,-1646.5784,400.9808,4672.1424,0.0000,0.0000
155.6333,24.8221,6.7000,0.0000,-1647.2551,401.9904,4672.7736,0.0000,0.0000
155.6500,24.8676,6.7000,0.0000,-1647.8904,402.9997,4673.4048,0.0000,0.0000
155.6667,24.9131,6.7000,0.0000,-1648.4853,404.0086,4674.0360,0.0000,0.0000
155.6833,24.9586,6.7000,0.0000,-1649.0410,405.0172,4674.6672,0.0000,0.0000
155.7000,25.0040,6.7000,0.0000,-1649.5586,406.0255,4675.2984,0.0000,0.0000
155.7167,25.0495,6.7000,0.0000,-1650.0390,407.0332,4675.9296,0.0000,0.0000
155.7333,25.0949,6.7000,0.0000,-1650.4834,408.0405,4676.5608,0.0000,0.0000
155.7500,25.1403,6.7000,0.0000,-1650.8927,409.0474,4677.1920,0.0000,0.0000
155.7667,25.1856,6.7000,0.0000,-1651.2680,410.0537,4677.8232,0.0000,0.0000
155.7833,25.2310,6.7000,0.0000,-1651.6101,411.0595,4678.4544,0.0000,0.0000
155.8000,25.2763,6.7000,0.0000,-1651.9200,412.0647,4679.0856,0.0000,0.0000
155.8167,25.3216,6.7000,0.0000,-1652.1986,413.0694,4679.7168,0.0000,0.0000
155.8333,25.3668,6.7000,0.0000,-1652.4463,414.0734,4680.3480,0.0000,0.0000
155.8500,25.4121,6.7000,0.0000,-1652.6638,415.0768,4680.9792,0.0000,0.0000
155.8667,25.4573,6.7000,0.0000,-1652.8516,416.0795,4681.6104,0.0000,0.0000
155.8833,25.5024,6.7000,0.0000,-1653.0103,417.0815,4682.2416,0.0000,0.0000
155.9000,25.5476,6.7000,0.0000,-1653.1406,418.0829,4682.8728,0.0000,0.0000
155.9167,25.5927,6.7000,0.0000,-1653.2431,419.0835,4683.5040,0.0000,0.0000
155.9333,25.6378,6.7000,0.0000,-1653.3187,420.0833,4684.1352,0.0000,0.0000
155.9500,25.6828,6.7000,0.0000,-1653.3680,421.0824,4684.7664,0.0000,0.0000
155.9667,25.7278,6.7000,0.0000,-1653.3919,422.0807,4685.3976,0.0000,0.0000
155.9833,25.7728,6.7000,0.0000,-1653.3911,423.0782,4686.0288,0.0000,0.0000
156.0000,25.8177,6.7000,0.0000,-1653.3664,424.0749,4686.6600,0.0000,0.0000
156.0167,25.8626,6.7183,0.0000,-1653.4015,424.6645,4677.3498,0.0000,0.0000
156.0333,25.9075,6.7367,0.0000,-1652.9809,425.2532,4668.0396,0.0000,0.0000
156.0500,25.9523,6.7550,0.0000,-1652.1993,425.8408,4658.7294,0.0000,0.0000
156.0667,25.9971,6.7733,0.0000,-1651.1220,426.4271,4649.4192,0.0000,0.0000
156.0833,26.0418,6.7917,0.0000,-1649.7965,427.0119,4640.1090,0.0000,0.0000
156.1000,26.0864,6.8100,0.0000,-1648.2586,427.5949,4630.7988,0.0000,0.0000
156.1167,26.1309,6.8283,0.0000,-1646.5362,428.1761,4621.4886,0.0000,0.0000
156.1333,26.1754,6.8467,0.0000,-1644.6516,428.7552,4612.1784,0.0000,0.0000
156.1500,26.2197,6.8650,0.0000,-1642.6231,429.3323,4602.8682,0.0000,0.0000
156.1667,26.2640,6.8833,0.0000,-1640.4661,429.9071,4593.5580,0.0000,0.0000
156.1833,26.3081,6.9017,0.0000,-1638.1932,430.4797,4584.2478,0.0000,0.0000
156.2000,26.3522,6.9200,0.0000,-1635.8153,431.0498,4574.9376,0.0000,0.0000
156.2167,26.3961,6.9383,0.0000,-1633.3418,431.6175,4565.6274,0.0000,0.0000
156.2333,26.4399,6.9567,0.0000,-1630.7807,432.1827,4556.3172,0.0000,0.0000
156.2500,26.4836,6.9750,0.0000,-1628.1390,432.7453,4547.0070,0.0000,0.0000
156.2667,26.5272,6.9933,0.0000,-1625.4228,433.3052,4537.6968,0.0000,0.0000
156.2833,26.5706,7.0117,0.0000,-1622.6374,433.8624,4528.3866,0.0000,0.0000
156.3000,26.6139,7.0300,0.0000,-1619.7876,434.4168,4519.0764,0.0000,0.0000
156.3167,26.6571,7.0483,0.0000,-1616.8775,434.9684,4509.7662,0.0000,0.0000
156.3333,26.7002,7.0667,0.0000,-1613.9108,435.5172,4500.4560,0.0000,0.0000
156.3500,26.7432,7.0850,0.0000,-1610.8909,436.0631,4491.1458,0.0000,0.0000
156.3667,26.7860,7.1033,0.0000,-1607.8206,436.6061,4481.8356,0.0000,0.0000
156.3833,26.8286,7.1217,0.0000,-1604.7029,437.1461,4472.5254,0.0000,0.0000
156.4000,26.8712,7.1400,0.0000,-1601.5399,437.6831,4463.2152,0.0000,0.0000
156.4167,26.9136,7.1583,0.0000,-1598.3339,438.2170,4453.9050,0.0000,0.0000
156.4333,26.9559,7.1767,0.0000,-1595.0870,438.7480,4444.5948,0.0000,0.0000
156.4500,26.9980,7.1950,0.0000,-1591.8010,439.2758,4435.2846,0.0000,0.0000
156.4667,27.0299,7.2133,-2989.2389,-1594.0523,439.5769,4425.9744,0.0000,0.0000
156.4833,27.0528,7.2317,-5279.9885,-1600.9068,439.6783,4416.6642,0.0000,0.0000
156.5000,27.0699,7.2500,-6987.4966,-1610.4946,439.6504,4407.3540,0.0000,0.0000
156.5167,27.0827,7.2683,-8271.7774,-1621.8697,439.5286,4398.0438,0.0000,0.0000
156.5333,27.0925,7.2867,-9248.4803,-1634.3672,439.3386,4388.7336,0.0000,0.0000
156.5500,27.1000,7.3050,-10001.2280,-1647.5209,439.0989,4379.4234,0.0000,0.0000
156.5667,27.1059,7.3233,-10590.5161,-1661.0049,438.8229,4370.1132,0.0000,0.0000
156.5833,27.1106,7.3417,-11060.1333,-1674.5925,438.5204,4360.8030,0.0000,0.0000
156.6000,27.1144,7.3600,-11441.7966,-1688.1277,438.1984,4351.4928,0.0000,0.0000
156.6167,27.1176,7.3783,-11758.4972,-1701.5042,437.8620,4342.1826,0.0000,0.0000
156.6333,27.1203,7.3967,-12026.9167,-1714.6507,437.5149,4332.8724,0.0000,0.0000
156.6500,27.1226,7.4150,-12259.1727,-1727.5208,437.1597,4323.5622,0.0000,0.0000
156.6667,27.1246,7.4333,-12464.0800,-1740.0855,436.7985,4314.2520,0.0000,0.0000
156.6833,27.1265,7.4517,-12648.0618,-1752.3280,436.4326,4304.9418,0.0000,0.0000
156.7000,27.1282,7.4700,-12815.8092,-1764.2396,436.0632,4295.6316,0.0000,0.0000
156.7167,27.1297,7.4883,-12970.7570,-1775.8177,435.6909,4286.3214,0.0000,0.0000
156.7333,27.1312,7.5067,-13115.4288,-1787.0634,435.3163,4277.0112,0.0000,0.0000
156.7500,27.1325,7.5250,-13251.6868,-1797.9805,434.9398,4267.7010,0.0000,0.0000
156.7667,27.1338,7.5433,-13380.9115,-1808.5745,434.5618,4258.3908,0.0000,0.0000
156.7833,27.1350,7.5617,-13504.1337,-1818.8519,434.1825,4249.0806,0.0000,0.0000
156.8000,27.1362,7.5800,-13622.1281,-1828.8196,433.8020,4239.7704,0.0000,0.0000
156.8167,27.1374,7.5983,-13735.4833,-1838.4851,433.4204,4230.4602,0.0000,0.0000
156.8333,27.1384,7.6167,-13844.6506,-1847.8559,433.0380,4221.1500,0.0000,0.0000
156.8500,27.1395,7.6350,-13949.9813,-1856.9393,432.6547,4211.8398,0.0000,0.0000
156.8667,27.1405,7.6533,-14051.7523,-1865.7427,432.2706,4202.5296,0.0000,0.0000
156.8833,27.1415,7.6717,-14150.1856,-1874.2731,431.8857,4193.2194,0.0000,0.0000
156.9000,27.1425,7.6900,-14245.4624,-1882.5373,431.5002,4183.9092,0.0000,0.0000
156.9167,27.1433,7.7083,-14330.5738,-1890.0966,431.1124,4174.5990,0.0000,0.0000
156.9333,27.1441,7.7267,-14413.6474,-1897.3924,430.7241,4165.2888,0.0000,0.0000
156.9500,27.1449,7.7450,-14494.5756,-1904.4410,430.3354,4155.9786,0.0000,0.0000
156.9667,27.1457,7.7633,-14573.3070,-1911.2543,429.9462,4146.6684,0.0000,0.0000
156.9833,27.1465,7.7817,-14649.8265,-1917.8415,429.5565,4137.3582,0.0000,0.0000
157.0000,27.1472,7.8000,-14724.1417,-1924.2103,429.1663,4128.0480,0.0000,0.0000
157.0167,27.1479,7.7900,-14791.1952,-1928.9395,429.4030,4110.6900,0.0000,0.0000
157.0333,27.1485,7.7800,-14851.4961,-1933.1486,429.6382,4093.3320,0.0000,0.0000
157.0500,27.1491,7.7700,-14905.5940,-1936.9040,429.8720,4075.9740,0.0000,0.0000
157.0667,27.1495,7.7600,-14954.0188,-1940.2523,430.1046,4058.6160,0.0000,0.0000
157.0833,27.1500,7.7500,-14997.2534,-1943.2275,430.3360,4041.2580,0.0000,0.0000
157.1000,27.1504,7.7400,-15035.7252,-1945.8552,430.5664,4023.9000,0.0000,0.0000
157.1167,27.1507,7.7300,-15069.8058,-1948.1558,430.7958,4006.5420,0.0000,0.0000
157.1333,27.1510,7.7200,-15099.8156,-1950.1458,431.0242,3989.1840,0.0000,0.0000
157.1500,27.1513,7.7100,-15126.0292,-1951.8387,431.2519,3971.8260,0.0000,0.0000
157.1667,27.1515,7.7000,-15148.6819,-1953.2462,431.4787,3954.4680,0.0000,0.0000
157.1833,27.1517,7.6900,-15167.9755,-1954.3783,431.7048,3937.1100,0.0000,0.0000
157.2000,27.1518,7.6800,-15184.0834,-1955.2439,431.9302,3919.7520,0.0000,0.0000
157.2167,27.1520,7.6700,-15197.1554,-1955.8507,432.1549,3902.3940,0.0000,0.0000
157.2333,27.1521,7.6600,-15207.3215,-1956.2058,432.3790,3885.0360,0.0000,0.0000
157.2500,27.1521,7.6500,-15214.6953,-1956.3156,432.6025,3867.6780,0.0000,0.0000
157.2667,27.1522,7.6400,-15219.3766,-1956.1859,432.8253,3850.3200,0.0000,0.0000
157.2833,27.1522,7.6300,-15221.4537,-1955.8220,433.0476,3832.9620,0.0000,0.0000
157.3000,27.1522,7.6200,-15221.0054,-1955.2290,433.2693,3815.6040,0.0000,0.0000
157.3167,27.1522,7.6100,-15218.1024,-1954.4114,433.4905,3798.2460,0.0000,0.0000
157.3333,27.1521,7.6000,-15212.8087,-1953.3738,433.7112,3780.8880,0.0000,0.0000
157.3500,27.1521,7.5900,-15205.1826,-1952.1201,433.9313,3763.5300,0.0000,0.0000
157.3667,27.1520,7.5800,-15195.2777,-1950.6544,434.1509,3746.1720,0.0000,0.0000
157.3833,27.1518,7.5700,-15183.1434,-1948.9803,434.3701,3728.8140,0.0000,0.0000
157.4000,27.1517,7.5600,-15168.8258,-1947.1014,434.5887,3711.4560,0.0000,0.0000
157.4167,27.1515,7.5500,-15152.3680,-1945.0211,434.8069,3694.0980,0.0000,0.0000
157.4333,27.1513,7.5400,-15133.8106,-1942.7427,435.0246,3676.7400,0.0000,0.0000
157.4500,27.1511,7.5300,-15113.1918,-1940.2694,435.2418,3659.3820,0.0000,0.0000
157.4667,27.1509,7.5200,-15090.5482,-1937.6044,435.4586,3642.0240,0.0000,0.0000
157.4833,27.1507,7.5100,-15065.9146,-1934.7505,435.6750,3624.6660,0.0000,0.0000
157.5000,27.1504,7.5000,-15039.3244,-1931.7107,435.8909,3607.3080,0.0000,0.0000
157.5167,27.1501,7.4900,-15010.8098,-1928.4878,436.1064,3589.9500,0.0000,0.0000
157.5333,27.1498,7.4800,-14980.4018,-1925.0846,436.3215,3572.5920,0.0000,0.0000
157.5500,27.1495,7.4700,-14948.1304,-1921.5038,436.5362,3555.2340,0.0000,0.0000
157.5667,27.1491,7.4600,-14914.0248,-1917.7481,436.7504,3537.8760,0.0000,0.0000
157.5833,27.1488,7.4500,-14878.1133,-1913.8200,436.9643,3520.5180,0.0000,0.0000
157.6000,27.1484,7.4400,-14840.4235,-1909.7221,437.1777,3503.1600,0.0000,0.0000
157.6167,27.1480,7.4300,-14800.9824,-1905.4569,437.3908,3485.8020,0.0000,0.0000
157.6333,27.1476,7.4200,-14759.8162,-1901.0269,437.6035,3468.4440,0.0000,0.0000
157.6500,27.1472,7.4100,-14716.9507,-1896.4344,437.8158,3451.0860,0.0000,0.0000
157.6667,27.1467,7.4000,-14672.4113,-1891.6818,438.0278,3433.7280,0.0000,0.0000
157.6833,27.1463,7.3900,-14626.2226,-1886.7715,438.2393,3416.3700,0.0000,0.0000
157.7000,27.1458,7.3800,-14578.4089,-1881.7057,438.4506,3399.0120,0.0000,0.0000
157.7167,27.1453,7.3700,-14528.9940,-1876.4868,438.6614,3381.6540,0.0000,0.0000
157.7333,27.1448,7.3600,-14478.0014,-1871.1168,438.8719,3364.2960,0.0000,0.0000
157.7500,27.1443,7.3500,-14425.4542,-1865.5981,439.0821,3346.9380,0.0000,0.0000
157.7667,27.1437,7.3400,-14371.3748,-1859.9327,439.2919,3329.5800,0.0000,0.0000
157.7833,27.1432,7.3300,-14315.7858,-1854.1228,439.5014,3312.2220,0.0000,0.0000
157.8000,27.1426,7.3200,-14258.7088,-1848.1705,439.7106,3294.8640,0.0000,0.0000
157.8167,27.1420,7.3100,-14200.1657,-1842.0778,439.9194,3277.5060,0.0000,0.0000
157.8333,27.1414,7.3000,-14140.1774,-1835.8467,440.1279,3260.1480,0.0000,0.0000
157.8500,27.1408,7.2900,-14078.7651,-1829.4794,440.3361,3242.7900,0.0000,0.0000
157.8667,27.1402,7.2800,-14015.9493,-1822.9776,440.5440,3225.4320,0.0000,0.0000
157.8833,27.1395,7.2700,-13951.7503,-1816.3434,440.7516,3208.0740,0.0000,0.0000
157.9000,27.1389,7.2600,-13886.1881,-1809.5787,440.9589,3190.7160,0.0000,0.0000
157.9167,27.1382,7.2500,-13819.2824,-1802.6853,441.1659,3173.3580,0.0000,0.0000
157.9333,27.1375,7.2400,-13751.0526,-1795.6652,441.3725,3156.0000,0.0000,0.0000
157.9500,27.1368,7.2300,-13681.5178,-1788.5201,441.5789,3138.6420,0.0000,0.0000
157.9667,27.1361,7.2200,-13610.6968,-1781.2518,441.7851,3121.2840,0.0000,0.0000
157.9833,27.1354,7.2100,-13538.6083,-1773.8622,441.9909,3103.9260,0.0000,0.0000
158.0000,27.1347,7.2000,-13465.2705,-1766.3529,442.1964,3086.5680,0.0000,0.0000
158.0167,27.1339,7.1817,-13388.8123,-1758.1424,442.5862,3063.6870,0.0000,0.0000
158.0333,27.1331,7.1633,-13309.1775,-1749.5983,442.9752,3040.8060,0.0000,0.0000
158.0500,27.1323,7.1450,-13226.4370,-1740.7656,443.3635,3017.9250,0.0000,0.0000
158.0667,27.1314,7.1267,-13140.7227,-1731.6756,443.7512,2995.0440,0.0000,0.0000
158.0833,27.1305,7.1083,-13052.1907,-1722.3509,444.1382,2972.1630,0.0000,0.0000
158.1000,27.1296,7.0900,-12961.0011,-1712.8089,444.5246,2949.2820,0.0000,0.0000
158.1167,27.1287,7.0717,-12867.3078,-1703.0628,444.9105,2926.4010,0.0000,0.0000
158.1333,27.1277,7.0533,-12771.2533,-1693.1234,445.2959,2903.5200,0.0000,0.0000
158.1500,27.1267,7.0350,-12672.9668,-1682.9996,445.6808,2880.6390,0.0000,0.0000
158.1667,27.1257,7.0167,-12572.5640,-1672.6990,446.0652,2857.7580,0.0000,0.0000
158.1833,27.1247,6.9983,-12470.1483,-1662.2280,446.4491,2834.8770,0.0000,0.0000
158.2000,27.1237,6.9800,-12365.8110,-1651.5922,446.8327,2811.9960,0.0000,0.0000
158.2167,27.1225,6.9617,-12250.4398,-1640.1488,447.2138,2789.1150,0.0000,0.0000
158.2333,27.1213,6.9433,-12134.0347,-1628.6012,447.5946,2766.2340,0.0000,0.0000
158.2500,27.1202,6.9250,-12016.5631,-1616.9375,447.9752,2743.3530,0.0000,0.0000
158.2667,27.1190,6.9067,-11897.9839,-1605.1512,448.3556,2720.4720,0.0000,0.0000
158.2833,27.1178,6.8883,-11778.2576,-1593.2391,448.7357,2697.5910,0.0000,0.0000
158.3000,27.1166,6.8700,-11657.3514,-1581.1996,449.1156,2674.7100,0.0000,0.0000
158.3167,27.1154,6.8517,-11535.2400,-1569.0323,449.4952,2651.8290,0.0000,0.0000
158.3333,27.1141,6.8333,-11411.9054,-1556.7374,449.8745,2628.9480,0.0000,0.0000
158.3500,27.1129,6.8150,-11287.3363,-1544.3157,450.2535,2606.0670,0.0000,0.0000
158.3667,27.1116,6.7967,-11161.5271,-1531.7682,450.6323,2583.1860,0.0000,0.0000
158.3833,27.1103,6.7783,-11034.4766,-1519.0960,451.0108,2560.3050,0.0000,0.0000
158.4000,27.1091,6.7600,-10906.1877,-1506.3005,451.3890,2537.4240,0.0000,0.0000
158.4167,27.1078,6.7417,-10776.6662,-1493.3830,451.7669,2514.5430,0.0000,0.0000
158.4333,27.1065,6.7233,-10645.9201,-1480.3452,452.1446,2491.6620,0.0000,0.0000
158.4500,27.1051,6.7050,-10513.9598,-1467.1884,452.5220,2468.7810,0.0000,0.0000
158.4667,27.1038,6.6867,-10380.7967,-1453.9144,452.8992,2445.9000,0.0000,0.0000
158.4833,27.1025,6.6683,-10246.4437,-1440.5247,453.2760,2423.0190,0.0000,0.0000
158.5000,27.1011,6.6500,-10110.9145,-1427.0209,453.6526,2400.1380,0.0000,0.0000
158.5167,27.0997,6.6317,-9974.2234,-1413.4047,454.0290,2377.2570,0.0000,0.0000
158.5333,27.0984,6.6133,-9836.3852,-1399.6777,454.4051,2354.3760,0.0000,0.0000
158.5500,27.0970,6.5950,-9697.4154,-1385.8415,454.7809,2331.4950,0.0000,0.0000
158.5667,27.0956,6.5767,-9557.3294,-1371.8977,455.1565,2308.6140,0.0000,0.0000
158.5833,27.0942,6.5583,-9416.1429,-1357.8481,455.5319,2285.7330,0.0000,0.0000
158.6000,27.0927,6.5400,-9273.8719,-1343.6942,455.9070,2262.8520,0.0000,0.0000
158.6167,27.0913,6.5217,-9130.5322,-1329.4376,456.2819,2239.9710,0.0000,0.0000
158.6333,27.0899,6.5033,-8986.1398,-1315.0799,456.6565,2217.0900,0.0000,0.0000
158.6500,27.0884,6.4850,-8840.7105,-1300.6228,457.0310,2194.2090,0.0000,0.0000
158.6667,27.0869,6.4667,-8694.2603,-1286.0677,457.4051,2171.3280,0.0000,0.0000
158.6833,27.0855,6.4483,-8546.8049,-1271.4163,457.7791,2148.4470,0.0000,0.0000
158.7000,27.0840,6.4300,-8398.3601,-1256.6701,458.1529,2125.5660,0.0000,0.0000
158.7167,27.0825,6.4117,-8248.9413,-1241.8307,458.5264,2102.6850,0.0000,0.0000
158.7333,27.0810,6.3933,-8098.5641,-1226.8994,458.8997,2079.8040,0.0000,0.0000
158.7500,27.0795,6.3750,-7947.2438,-1211.8780,459.2728,2056.9230,0.0000,0.0000
158.7667,27.0779,6.3567,-7794.9956,-1196.7678,459.6457,2034.0420,0.0000,0.0000
158.7833,27.0764,6.3383,-7641.8346,-1181.5702,460.0184,2011.1610,0.0000,0.0000
158.8000,27.0749,6.3200,-7487.7756,-1166.2869,460.3909,1988.2800,0.0000,0.0000
158.8167,27.0733,6.3017,-7332.8334,-1150.9191,460.7632,1965.3990,0.0000,0.0000
158.8333,27.0718,6.2833,-7177.0226,-1135.4683,461.1353,1942.5180,0.0000,0.0000
158.8500,27.0702,6.2650,-7020.3577,-1119.9359,461.5073,1919.6370,0.0000,0.0000
158.8667,27.0686,6.2467,-6862.8528,-1104.3234,461.8790,1896.7560,0.0000,0.0000
158.8833,27.0670,6.2283,-6704.5221,-1088.6320,462.2506,1873.8750,0.0000,0.0000
158.9000,27.0655,6.2100,-6545.3796,-1072.8631,462.6219,1850.9940,0.0000,0.0000
158.9167,27.0639,6.1917,-6385.4391,-1057.0181,462.9931,1828.1130,0.0000,0.0000
158.9333,27.0622,6.1733,-6224.7142,-1041.0983,463.3642,1805.2320,0.0000,0.0000
158.9500,27.0606,6.1550,-6063.2185,-1025.1049,463.7350,1782.3510,0.0000,0.0000
158.9667,27.0590,6.1367,-5900.9651,-1009.0394,464.1057,1759.4700,0.0000,0.0000
158.9833,27.0574,6.1183,-5737.9673,-992.9029,464.4762,1736.5890,0.0000,0.0000
159.0000,27.0557,6.1000,-5574.2382,-976.6967,464.8466,1713.7080,0.0000,0.0000
159.0167,27.0541,6.0717,-5408.0723,-959.9955,465.4382,1689.4068,0.0000,0.0000
159.0333,27.0524,6.0433,-5239.8042,-943.1764,466.0294,1665.1056,0.0000,0.0000
159.0500,27.0507,6.0150,-5069.7092,-926.2505,466.6201,1640.8044,0.0000,0.0000
159.0667,27.0490,5.9867,-4898.0099,-909.2255,467.2106,1616.5032,0.0000,0.0000
159.0833,27.0472,5.9583,-4724.8847,-892.1070,467.8007,1592.2020,0.0000,0.0000
159.1000,27.0455,5.9300,-4550.4758,-874.8993,468.3905,1567.9008,0.0000,0.0000
159.1167,27.0437,5.9017,-4374.8969,-857.6058,468.9800,1543.5996,0.0000,0.0000
159.1333,27.0420,5.8733,-4198.2389,-840.2293,469.5693,1519.2984,0.0000,0.0000
159.1500,27.0402,5.8450,-4020.5751,-822.7724,470.1584,1494.9972,0.0000,0.0000
159.1667,27.0384,5.8167,-3841.9649,-805.2370,470.7473,1470.6960,0.0000,0.0000
159.1833,27.0366,5.7883,-3662.4572,-787.6252,471.3360,1446.3948,0.0000,0.0000
159.2000,27.0348,5.7600,-3482.0923,-769.9388,471.9245,1422.0936,0.0000,0.0000
159.2167,27.0330,5.7317,-3300.9043,-752.1792,472.5128,1397.7924,0.0000,0.0000
159.2333,27.0312,5.7033,-3118.9221,-734.3482,473.1009,1373.4912,0.0000,0.0000
159.2500,27.0294,5.6750,-2936.1709,-716.4470,473.6889,1349.1900,0.0000,0.0000
159.2667,27.0275,5.6467,-2752.6727,-698.4770,474.2767,1324.8888,0.0000,0.0000
159.2833,27.0257,5.6183,-2568.4472,-680.4397,474.8643,1300.5876,0.0000,0.0000
159.3000,27.0238,5.5900,-2383.5122,-662.3362,475.4518,1276.2864,0.0000,0.0000
159.3167,27.0220,5.5617,-2197.8840,-644.1677,476.0391,1251.9852,0.0000,0.0000
159.3333,27.0201,5.5333,-2011.5779,-625.9355,476.6263,1227.6840,0.0000,0.0000
159.3500,27.0182,5.5050,-1824.6080,-607.6408,477.2133,1203.3828,0.0000,0.0000
159.3667,27.0164,5.4767,-1636.9880,-589.2847,477.8002,1179.0816,0.0000,0.0000
159.3833,27.0145,5.4483,-1448.7307,-570.8683,478.3869,1154.7804,0.0000,0.0000
159.4000,27.0126,5.4200,-1259.8487,-552.3928,478.9735,1130.4792,0.0000,0.0000
159.4167,27.0107,5.3917,-1070.3540,-533.8592,479.5600,1106.1780,0.0000,0.0000
159.4333,27.0088,5.3633,-880.2586,-515.2688,480.1463,1081.8768,0.0000,0.0000
159.4500,27.0069,5.3350,-689.5739,-496.6225,480.7325,1057.5756,0.0000,0.0000
159.4667,27.0050,5.3067,-498.3114,-477.9214,481.3186,1033.2744,0.0000,0.0000
159.4833,27.0031,5.2783,-306.4823,-459.1667,481.9045,1008.9732,0.0000,0.0000
159.5000,27.0011,5.2500,-114.0976,-440.3594,482.4903,984.6720,0.0000,0.0000
159.5167,26.9989,5.2217,0.0000,-421.6443,483.0697,960.3708,0.0000,0.0000
159.5333,26.9960,5.1933,0.0000,-403.2274,483.6333,936.0696,0.0000,0.0000
159.5500,26.9924,5.1650,0.0000,-385.0839,484.1818,911.7684,0.0000,0.0000
159.5667,26.9881,5.1367,0.0000,-367.1999,484.7153,887.4672,0.0000,0.0000
159.5833,26.9832,5.1083,0.0000,-349.5629,485.2340,863.1660,0.0000,0.0000
159.6000,26.9776,5.0800,0.0000,-332.1618,485.7383,838.8648,0.0000,0.0000
159.6167,26.9713,5.0517,0.0000,-314.9863,486.2282,814.5636,0.0000,0.0000
159.6333,26.9644,5.0233,0.0000,-298.0270,486.7040,790.2624,0.0000,0.0000
159.6500,26.9569,4.9950,0.0000,-281.2749,487.1659,765.9612,0.0000,0.0000
159.6667,26.9488,4.9667,0.0000,-264.7220,487.6139,741.6600,0.0000,0.0000
159.6833,26.9400,4.9383,0.0000,-248.3603,488.0483,717.3588,0.0000,0.0000
159.7000,26.9307,4.9100,0.0000,-232.1828,488.4693,693.0576,0.0000,0.0000
159.7167,26.9207,4.8817,0.0000,-216.1825,488.8770,668.7564,0.0000,0.0000
159.7333,26.9102,4.8533,0.0000,-200.3530,489.2715,644.4552,0.0000,0.0000
159.7500,26.8990,4.8250,0.0000,-184.6882,489.6530,620.1540,0.0000,0.0000
159.7667,26.8873,4.7967,0.0000,-169.1823,490.0216,595.8528,0.0000,0.0000
159.7833,26.8750,4.7683,0.0000,-153.8298,490.3775,571.5516,0.0000,0.0000
159.8000,26.8622,4.7400,0.0000,-138.6256,490.7207,547.2504,0.0000,0.0000
159.8167,26.8488,4.7117,0.0000,-123.5647,491.0515,522.9492,0.0000,0.0000
159.8333,26.8348,4.6833,0.0000,-108.6425,491.3700,498.6480,0.0000,0.0000
159.8500,26.8202,4.6550,0.0000,-93.8545,491.6761,474.3468,0.0000,0.0000
159.8667,26.8052,4.6267,0.0000,-79.1964,491.9702,450.0456,0.0000,0.0000
159.8833,26.7896,4.5983,0.0000,-64.6642,492.2523,425.7444,0.0000,0.0000
159.9000,26.7734,4.5700,0.0000,-50.2540,492.5224,401.4432,0.0000,0.0000
159.9167,26.7567,4.5417,0.0000,-35.9622,492.7808,377.1420,0.0000,0.0000
159.9333,26.7395,4.5133,0.0000,-21.7853,493.0274,352.8408,0.0000,0.0000
159.9500,26.7218,4.4850,0.0000,-7.7200,493.2625,328.5396,0.0000,0.0000
159.9667,26.7035,4.4567,0.0000,6.2370,493.4860,304.2384,0.0000,0.0000
159.9833,26.6847,4.4283,0.0000,20.0887,493.6982,279.9372,0.0000,0.0000
160.0000,26.6655,4.4000,0.0000,33.8380,493.8990,255.6360,0.0000,0.0000
160.0167,26.6457,4.3550,0.0000,47.1388,494.4583,251.3754,0.0000,0.0000
160.0333,26.6254,4.3100,0.0000,59.6307,495.0070,247.1148,0.0000,0.0000
160.0500,26.6047,4.2650,0.0000,71.4711,495.5457,242.8542,0.0000,0.0000
160.0667,26.5835,4.2200,0.0000,82.7692,496.0748,238.5936,0.0000,0.0000
160.0833,26.5620,4.1750,0.0000,93.6044,496.5946,234.3330,0.0000,0.0000
160.1000,26.5400,4.1300,0.0000,104.0370,497.1056,230.0724,0.0000,0.0000
160.1167,26.5177,4.0850,0.0000,114.1142,497.6080,225.8118,0.0000,0.0000
160.1333,26.4949,4.0400,0.0000,123.8739,498.1020,221.5512,0.0000,0.0000
160.1500,26.4718,3.9950,0.0000,133.3472,498.5880,217.2906,0.0000,0.0000
160.1667,26.4484,3.9500,0.0000,142.5602,499.0661,213.0300,0.0000,0.0000
160.1833,26.4246,3.9050,0.0000,151.5346,499.5366,208.7694,0.0000,0.0000
160.2000,26.4005,3.8600,0.0000,160.2894,499.9996,204.5088,0.0000,0.0000
160.2167,26.3760,3.8150,0.0000,168.8407,500.4553,200.2482,0.0000,0.0000
160.2333,26.3512,3.7700,0.0000,177.2025,500.9038,195.9876,0.0000,0.0000
160.2500,26.3261,3.7250,0.0000,185.3871,501.3453,191.7270,0.0000,0.0000
160.2667,26.3007,3.6800,0.0000,193.4052,501.7800,187.4664,0.0000,0.0000
160.2833,26.2750,3.6350,0.0000,201.2664,502.2080,183.2058,0.0000,0.0000
160.3000,26.2490,3.5900,0.0000,208.9792,502.6293,178.9452,0.0000,0.0000
160.3167,26.2227,3.5450,0.0000,216.5511,503.0442,174.6846,0.0000,0.0000
160.3333,26.1961,3.5000,0.0000,223.9889,503.4527,170.4240,0.0000,0.0000
160.3500,26.1693,3.4550,0.0000,231.2988,503.8550,166.1634,0.0000,0.0000
160.3667,26.1421,3.4100,0.0000,238.4863,504.2511,161.9028,0.0000,0.0000
160.3833,26.1147,3.3650,0.0000,245.5565,504.6412,157.6422,0.0000,0.0000
160.4000,26.0870,3.3200,0.0000,252.5140,505.0253,153.3816,0.0000,0.0000
160.4167,26.0591,3.2750,0.0000,259.3630,505.4035,149.1210,0.0000,0.0000
160.4333,26.0309,3.2300,0.0000,266.1075,505.7760,144.8604,0.0000,0.0000
160.4500,26.0024,3.1850,0.0000,272.7511,506.1428,140.5998,0.0000,0.0000
160.4667,25.9737,3.1400,0.0000,279.2972,506.5040,136.3392,0.0000,0.0000
160.4833,25.9447,3.0950,0.0000,285.7489,506.8596,132.0786,0.0000,0.0000
160.5000,25.9155,3.0500,0.0000,292.1092,507.2099,127.8180,0.0000,0.0000
160.5167,25.8861,3.0050,0.0000,298.3807,507.5547,123.5574,0.0000,0.0000
160.5333,25.8564,2.9600,0.0000,304.5662,507.8943,119.2968,0.0000,0.0000
160.5500,25.8264,2.9150,0.0000,310.6681,508.2286,115.0362,0.0000,0.0000
160.5667,25.7963,2.8700,0.0000,316.6886,508.5578,110.7756,0.0000,0.0000
160.5833,25.7659,2.8250,0.0000,322.6301,508.8820,106.5150,0.0000,0.0000
160.6000,25.7353,2.7800,0.0000,328.4945,509.2011,102.2544,0.0000,0.0000
160.6167,25.7044,2.7350,0.0000,334.2839,509.5152,97.9938,0.0000,0.0000
160.6333,25.6734,2.6900,0.0000,340.0002,509.8245,93.7332,0.0000,0.0000
160.6500,25.6421,2.6450,0.0000,345.6453,510.1289,89.4726,0.0000,0.0000
160.6667,25.6106,2.6000,0.0000,351.2208,510.4286,85.2120,0.0000,0.0000
160.6833,25.5789,2.5550,0.0000,356.7285,510.7236,80.9514,0.0000,0.0000
160.7000,25.5470,2.5100,0.0000,362.1699,511.0139,76.6908,0.0000,0.0000
160.7167,25.5149,2.4650,0.0000,367.5466,511.2996,72.4302,0.0000,0.0000
160.7333,25.4826,2.4200,0.0000,372.8601,511.5808,68.1696,0.0000,0.0000
160.7500,25.4500,2.3750,0.0000,378.1118,511.8575,63.9090,0.0000,0.0000
160.7667,25.4173,2.3300,0.0000,383.3031,512.1298,59.6484,0.0000,0.0000
160.7833,25.3844,2.2850,0.0000,388.4354,512.3977,55.3878,0.0000,0.0000
160.8000,25.3513,2.2400,0.0000,393.5099,512.6613,51.1272,0.0000,0.0000
160.8167,25.3180,2.1950,0.0000,398.5279,512.9206,46.8666,0.0000,0.0000
160.8333,25.2845,2.1500,0.0000,403.4905,513.1756,42.6060,0.0000,0.0000
160.8500,25.2508,2.1050,0.0000,408.3991,513.4265,38.3454,0.0000,0.0000
160.8667,25.2169,2.0600,0.0000,413.2547,513.6733,34.0848,0.0000,0.0000
160.8833,25.1828,2.0150,0.0000,418.0583,513.9159,29.8242,0.0000,0.0000
160.9000,25.1486,1.9700,0.0000,422.8111,514.1545,25.5636,0.0000,0.0000
160.9167,25.1142,1.9250,0.0000,427.5141,514.3891,21.3030,0.0000,0.0000
160.9333,25.0796,1.8800,0.0000,432.1684,514.6197,17.0424,0.0000,0.0000
160.9500,25.0448,1.8350,0.0000,436.7748,514.8464,12.7818,0.0000,0.0000
160.9667,25.0098,1.7900,0.0000,441.3344,515.0693,8.5212,0.0000,0.0000
160.9833,24.9747,1.7450,0.0000,445.8480,515.2883,4.2606,0.0000,0.0000
161.0000,24.9394,1.7000,0.0000,450.3174,515.5035,0.0000,0.0000,0.0000
161.0167,24.9040,1.6717,0.0000,453.9801,515.3461,0.0000,0.0000,0.0000
161.0333,24.8684,1.6433,0.0000,457.4815,515.1861,0.0000,0.0000,0.0000
161.0500,24.8328,1.6150,0.0000,460.8514,515.0234,0.0000,0.0000,0.0000
161.0667,24.7970,1.5867,0.0000,464.1099,514.8582,0.0000,0.0000,0.0000
161.0833,24.7611,1.5583,0.0000,467.2712,514.6906,0.0000,0.0000,0.0000
161.1000,24.7251,1.5300,0.0000,470.3459,514.5207,0.0000,0.0000,0.0000
161.1167,24.6890,1.5017,0.0000,473.3417,514.3484,0.0000,0.0000,0.0000
161.1333,24.6528,1.4733,0.0000,476.2650,514.1739,0.0000,0.0000,0.0000
161.1500,24.6165,1.4450,0.0000,479.1207,513.9973,0.0000,0.0000,0.0000
161.1667,24.5801,1.4167,0.0000,481.9130,513.8185,0.0000,0.0000,0.0000
161.1833,24.5436,1.3883,0.0000,484.6452,513.6377,0.0000,0.0000,0.0000
161.2000,24.5070,1.3600,0.0000,487.3202,513.4548,0.0000,0.0000,0.0000
161.2167,24.4704,1.3317,0.0000,489.9406,513.2700,0.0000,0.0000,0.0000
161.2333,24.4336,1.3033,0.0000,492.5085,513.0832,0.0000,0.0000,0.0000
161.2500,24.3968,1.2750,0.0000,495.0258,512.8945,0.0000,0.0000,0.0000
161.2667,24.3599,1.2467,0.0000,497.4941,512.7040,0.0000,0.0000,0.0000
161.2833,24.3229,1.2183,0.0000,499.9149,512.5117,0.0000,0.0000,0.0000
161.3000,24.2858,1.1900,0.0000,502.2894,512.3176,0.0000,0.0000,0.0000
161.3167,24.2486,1.1617,0.0000,504.6190,512.1218,0.0000,0.0000,0.0000
161.3333,24.2114,1.1333,0.0000,506.9046,511.9243,0.0000,0.0000,0.0000
161.3500,24.1741,1.1050,0.0000,509.1472,511.7251,0.0000,0.0000,0.0000
161.3667,24.1367,1.0767,0.0000,511.3478,511.5243,0.0000,0.0000,0.0000
161.3833,24.0992,1.0483,0.0000,513.5072,511.3220,0.0000,0.0000,0.0000
161.4000,24.0617,1.0200,0.0000,515.6262,511.1180,0.0000,0.0000,0.0000
161.4167,24.0241,0.9917,0.0000,517.7056,510.9126,0.0000,0.0000,0.0000
161.4333,23.9864,0.9633,0.0000,519.7459,510.7056,0.0000,0.0000,0.0000
161.4500,23.9487,0.9350,0.0000,521.7480,510.4972,0.0000,0.0000,0.0000
161.4667,23.9109,0.9067,0.0000,523.7125,510.2874,0.0000,0.0000,0.0000
161.4833,23.8731,0.8783,0.0000,525.6400,510.0762,0.0000,0.0000,0.0000
161.5000,23.8352,0.8500,0.0000,527.5312,509.8637,0.0000,0.0000,0.0000
161.5167,23.7972,0.8217,0.0000,529.3865,509.6498,0.0000,0.0000,0.0000
161.5333,23.7591,0.7933,0.0000,531.2066,509.4346,0.0000,0.0000,0.0000
161.5500,23.7211,0.7650,0.0000,532.9921,509.2181,0.0000,0.0000,0.0000
161.5667,23.6829,0.7367,0.0000,534.7435,509.0004,0.0000,0.0000,0.0000
161.5833,23.6447,0.7083,0.0000,536.4613,508.7814,0.0000,0.0000,0.0000
161.6000,23.6064,0.6800,0.0000,538.1461,508.5613,0.0000,0.0000,0.0000
161.6167,23.5681,0.6517,0.0000,539.7984,508.3400,0.0000,0.0000,0.0000
161.6333,23.5298,0.6233,0.0000,541.4187,508.1176,0.0000,0.0000,0.0000
161.6500,23.4914,0.5950,0.0000,543.0075,507.8941,0.0000,0.0000,0.0000
161.6667,23.4529,0.5667,0.0000,544.5654,507.6695,0.0000,0.0000,0.0000
161.6833,23.4144,0.5383,0.0000,546.0928,507.4438,0.0000,0.0000,0.0000
161.7000,23.3758,0.5100,0.0000,547.5902,507.2171,0.0000,0.0000,0.0000
161.7167,23.3373,0.4817,0.0000,549.0581,506.9894,0.0000,0.0000,0.0000
161.7333,23.2986,0.4533,0.0000,550.4969,506.7607,0.0000,0.0000,0.0000
161.7500,23.2599,0.4250,0.0000,551.9072,506.5311,0.0000,0.0000,0.0000
161.7667,23.2212,0.3967,0.0000,553.2894,506.3005,0.0000,0.0000,0.0000
161.7833,23.1824,0.3683,0.0000,554.6439,506.0691,0.0000,0.0000,0.0000
161.8000,23.1436,0.3400,0.0000,555.9713,505.8367,0.0000,0.0000,0.0000
161.8167,23.1048,0.3117,0.0000,557.2719,505.6034,0.0000,0.0000,0.0000
161.8333,23.0659,0.2833,0.0000,558.5462,505.3694,0.0000,0.0000,0.0000
161.8500,23.0270,0.2550,0.0000,559.7947,505.1345,0.0000,0.0000,0.0000
161.8667,22.9880,0.2267,0.0000,561.0177,504.8988,0.0000,0.0000,0.0000
161.8833,22.9490,0.1983,0.0000,562.2157,504.6623,0.0000,0.0000,0.0000
161.9000,22.9100,0.1700,0.0000,563.3892,504.4250,0.0000,0.0000,0.0000
161.9167,22.8709,0.1417,0.0000,564.5384,504.1870,0.0000,0.0000,0.0000
161.9333,22.8318,0.1133,0.0000,565.6639,503.9483,0.0000,0.0000,0.0000
161.9500,22.7927,0.0850,0.0000,566.7660,503.7089,0.0000,0.0000,0.0000
161.9667,22.7535,0.0567,0.0000,567.8451,503.4689,0.0000,0.0000,0.0000
161.9833,22.7144,0.0283,0.0000,568.9016,503.2281,0.0000,0.0000,0.0000
162.0000,22.6751,0.0000,0.0000,569.9364,502.9867,0.0000,0.0000,0.0000
162.0167,22.6359,-0.0183,0.0000,570.5999,502.5234,0.0000,0.0000,0.0000
162.0333,22.5967,-0.0367,0.0000,571.2526,502.0598,0.0000,0.0000,0.0000
162.0500,22.5575,-0.0550,0.0000,571.8949,501.5962,0.0000,0.0000,0.0000
162.0667,22.5182,-0.0733,0.0000,572.5266,501.1324,0.0000,0.0000,0.0000
162.0833,22.4790,-0.0917,0.0000,573.1477,500.6684,0.0000,0.0000,0.0000
162.1000,22.4397,-0.1100,0.0000,573.7576,500.2044,0.0000,0.0000,0.0000
162.1167,22.4004,-0.1283,0.0000,574.3559,499.7402,0.0000,0.0000,0.0000
162.1333,22.3612,-0.1467,0.0000,574.9421,499.2759,0.0000,0.0000,0.0000
162.1500,22.3219,-0.1650,0.0000,575.5157,498.8116,0.0000,0.0000,0.0000
162.1667,22.2826,-0.1833,0.0000,576.0763,498.3472,0.0000,0.0000,0.0000
162.1833,22.2434,-0.2017,0.0000,576.6234,497.8827,0.0000,0.0000,0.0000
162.2000,22.2041,-0.2200,0.0000,577.1567,497.4181,0.0000,0.0000,0.0000
162.2167,22.1648,-0.2383,0.0000,577.6759,496.9535,0.0000,0.0000,0.0000
162.2333,22.1255,-0.2567,0.0000,578.1808,496.4889,0.0000,0.0000,0.0000
162.2500,22.0863,-0.2750,0.0000,578.6711,496.0242,0.0000,0.0000,0.0000
162.2667,22.0470,-0.2933,0.0000,579.1466,495.5596,0.0000,0.0000,0.0000
162.2833,22.0077,-0.3117,0.0000,579.6073,495.0949,0.0000,0.0000,0.0000
162.3000,21.9684,-0.3300,0.0000,580.0530,494.6303,0.0000,0.0000,0.0000
162.3167,21.9291,-0.3483,0.0000,580.4837,494.1657,0.0000,0.0000,0.0000
162.3333,21.8899,-0.3667,0.0000,580.8993,493.7011,0.0000,0.0000,0.0000
162.3500,21.8506,-0.3850,0.0000,581.2998,493.2366,0.0000,0.0000,0.0000
162.3667,21.8113,-0.4033,0.0000,581.6852,492.7721,0.0000,0.0000,0.0000
162.3833,21.7721,-0.4217,0.0000,582.0556,492.3077,0.0000,0.0000,0.0000
162.4000,21.7328,-0.4400,0.0000,582.4110,491.8434,0.0000,0.0000,0.0000
162.4167,21.6935,-0.4583,0.0000,582.7515,491.3792,0.0000,0.0000,0.0000
162.4333,21.6543,-0.4767,0.0000,583.0772,490.9151,0.0000,0.0000,0.0000
162.4500,21.6150,-0.4950,0.0000,583.3882,490.4512,0.0000,0.0000,0.0000
162.4667,21.5758,-0.5133,0.0000,583.6846,489.9874,0.0000,0.0000,0.0000
162.4833,21.5365,-0.5317,0.0000,583.9666,489.5237,0.0000,0.0000,0.0000
162.5000,21.4973,-0.5500,0.0000,584.2342,489.0602,0.0000,0.0000,0.0000
162.5167,21.4581,-0.5683,0.0000,584.4877,488.5968,0.0000,0.0000,0.0000
162.5333,21.4189,-0.5867,0.0000,584.7273,488.1336,0.0000,0.0000,0.0000
162.5500,21.3797,-0.6050,0.0000,584.9530,487.6707,0.0000,0.0000,0.0000
162.5667,21.3405,-0.6233,0.0000,585.1651,487.2079,0.0000,0.0000,0.0000
162.5833,21.3013,-0.6417,0.0000,585.3637,486.7453,0.0000,0.0000,0.0000
162.6000,21.2621,-0.6600,0.0000,585.5491,486.2830,0.0000,0.0000,0.0000
162.6167,21.2230,-0.6783,0.0000,585.7214,485.8209,0.0000,0.0000,0.0000
162.6333,21.1838,-0.6967,0.0000,585.8809,485.3590,0.0000,0.0000,0.0000
162.6500,21.1447,-0.7150,0.0000,586.0277,484.8974,0.0000,0.0000,0.0000
162.6667,21.1055,-0.7333,0.0000,586.1620,484.4361,0.0000,0.0000,0.0000
162.6833,21.0664,-0.7517,0.0000,586.2841,483.9751,0.0000,0.0000,0.0000
162.7000,21.0273,-0.7700,0.0000,586.3942,483.5143,0.0000,0.0000,0.0000
162.7167,20.9882,-0.7883,0.0000,586.4924,483.0538,0.0000,0.0000,0.0000
162.7333,20.9491,-0.8067,0.0000,586.5790,482.5936,0.0000,0.0000,0.0000
162.7500,20.9101,-0.8250,0.0000,586.6542,482.1337,0.0000,0.0000,0.0000
162.7667,20.8710,-0.8433,0.0000,586.7182,481.6742,0.0000,0.0000,0.0000
162.7833,20.8320,-0.8617,0.0000,586.7712,481.2150,0.0000,0.0000,0.0000
162.8000,20.7930,-0.8800,0.0000,586.8135,480.7561,0.0000,0.0000,0.0000
162.8167,20.7540,-0.8983,0.0000,586.8451,480.2976,0.0000,0.0000,0.0000
162.8333,20.7150,-0.9167,0.0000,586.8664,479.8394,0.0000,0.0000,0.0000
162.8500,20.6760,-0.9350,0.0000,586.8775,479.3816,0.0000,0.0000,0.0000
162.8667,20.6370,-0.9533,0.0000,586.8787,478.9241,0.0000,0.0000,0.0000
162.8833,20.5981,-0.9717,0.0000,586.8701,478.4670,0.0000,0.0000,0.0000
162.9000,20.5592,-0.9900,0.0000,586.8519,478.0104,0.0000,0.0000,0.0000
162.9167,20.5203,-1.0083,0.0000,586.8244,477.5541,0.0000,0.0000,0.0000
162.9333,20.4814,-1.0267,0.0000,586.7877,477.0982,0.0000,0.0000,0.0000
162.9500,20.4425,-1.0450,0.0000,586.7420,476.6427,0.0000,0.0000,0.0000
162.9667,20.4037,-1.0633,0.0000,586.6876,476.1876,0.0000,0.0000,0.0000
162.9833,20.3648,-1.0817,0.0000,586.6245,475.7329,0.0000,0.0000,0.0000
163.0000,20.3260,-1.1000,0.0000,586.5530,475.2787,0.0000,0.0000,0.0000
163.0167,20.2872,-1.1183,0.0000,586.4733,474.8249,0.0000,0.0000,0.0000
163.0333,20.2485,-1.1367,0.0000,586.3854,474.3716,0.0000,0.0000,0.0000
163.0500,20.2097,-1.1550,0.0000,586.2895,473.9186,0.0000,0.0000,0.0000
163.0667,20.1710,-1.1733,0.0000,586.1855,473.4662,0.0000,0.0000,0.0000
163.0833,20.1323,-1.1917,0.0000,586.0736,473.0142,0.0000,0.0000,0.0000
163.1000,20.0936,-1.2100,0.0000,585.9535,472.5626,0.0000,0.0000,0.0000
163.1167,20.0549,-1.2283,0.0000,585.8254,472.1115,0.0000,0.0000,0.0000
163.1333,20.0163,-1.2467,0.0000,585.6890,471.6609,0.0000,0.0000,0.0000
163.1500,19.9834,-1.2650,1659.2943,587.9953,471.3385,0.0000,0.0000,0.0000
163.1667,19.9595,-1.2833,4048.3739,594.0117,471.2153,0.0000,0.0000,0.0000
163.1833,19.9418,-1.3017,5824.9673,602.4349,471.2278,0.0000,0.0000,0.0000
163.2000,19.9284,-1.3200,7156.4868,612.5040,471.3392,0.0000,0.0000,0.0000
163.2167,19.9184,-1.3383,8164.3435,623.6784,471.5223,0.0000,0.0000,0.0000
163.2333,19.9106,-1.3567,8936.6064,635.5729,471.7576,0.0000,0.0000,0.0000
163.2500,19.9046,-1.3750,9537.1737,647.9136,472.0311,0.0000,0.0000,0.0000
163.2667,19.8999,-1.3933,10012.4180,660.5063,472.3324,0.0000,0.0000,0.0000
163.2833,19.8960,-1.4117,10396.0026,673.2133,472.6539,0.0000,0.0000,0.0000
163.3000,19.8929,-1.4300,10712.3735,685.9383,472.9904,0.0000,0.0000,0.0000
163.3167,19.8902,-1.4483,10979.2902,698.6137,473.3379,0.0000,0.0000,0.0000
163.3333,19.8879,-1.4667,11209.6617,711.1931,473.6935,0.0000,0.0000,0.0000
163.3500,19.8859,-1.4850,11412.8774,723.6453,474.0551,0.0000,0.0000,0.0000
163.3667,19.8840,-1.5033,11595.7720,735.9493,474.4212,0.0000,0.0000,0.0000
163.3833,19.8824,-1.5217,11763.3261,748.0921,474.7907,0.0000,0.0000,0.0000
163.4000,19.8808,-1.5400,11919.1741,760.0660,475.1628,0.0000,0.0000,0.0000
163.4167,19.8793,-1.5583,12065.9722,771.8669,475.5369,0.0000,0.0000,0.0000
163.4333,19.8781,-1.5767,12194.8313,782.8204,475.9150,0.0000,0.0000,0.0000
163.4500,19.8768,-1.5950,12319.4373,793.6111,476.2940,0.0000,0.0000,0.0000
163.4667,19.8756,-1.6133,12440.4586,804.2450,476.6739,0.0000,0.0000,0.0000
163.4833,19.8744,-1.6317,12558.4081,814.7262,477.0544,0.0000,0.0000,0.0000
163.5000,19.8733,-1.6500,12673.6805,825.0586,477.4355,0.0000,0.0000,0.0000
163.5167,19.8721,-1.6683,12786.5814,835.2458,477.8171,0.0000,0.0000,0.0000
163.5333,19.8710,-1.6867,12897.3491,845.2914,478.1992,0.0000,0.0000,0.0000
163.5500,19.8699,-1.7050,13006.1711,855.1989,478.5818,0.0000,0.0000,0.0000
163.5667,19.8689,-1.7233,13113.1969,864.9716,478.9647,0.0000,0.0000,0.0000
163.5833,19.8678,-1.7417,13218.5471,874.6130,479.3480,0.0000,0.0000,0.0000
163.6000,19.8668,-1.7600,13322.3201,884.1262,479.7317,0.0000,0.0000,0.0000
163.6167,19.8658,-1.7783,13424.5980,893.5144,480.1156,0.0000,0.0000,0.0000
163.6333,19.8647,-1.7967,13525.4498,902.7806,480.4999,0.0000,0.0000,0.0000
163.6500,19.8638,-1.8150,13624.9350,911.9280,480.8846,0.0000,0.0000,0.0000
163.6667,19.8628,-1.8333,13723.1052,920.9593,481.2694,0.0000,0.0000,0.0000
163.6833,19.8618,-1.8517,13820.0064,929.8773,481.6546,0.0000,0.0000,0.0000
163.7000,19.8608,-1.8700,13915.6796,938.6848,482.0401,0.0000,0.0000,0.0000
163.7167,19.8599,-1.8883,14010.1622,947.3843,482.4258,0.0000,0.0000,0.0000
163.7333,19.8590,-1.9067,14103.4885,955.9784,482.8118,0.0000,0.0000,0.0000
163.7500,19.8580,-1.9250,14195.6906,964.4696,483.1980,0.0000,0.0000,0.0000
163.7667,19.8571,-1.9433,14286.7981,972.8601,483.5845,0.0000,0.0000,0.0000
163.7833,19.8562,-1.9617,14376.8393,981.1524,483.9712,0.0000,0.0000,0.0000
163.8000,19.8553,-1.9800,14465.8407,989.3485,484.3581,0.0000,0.0000,0.0000
163.8167,19.8545,-1.9983,14553.8276,997.4507,484.7453,0.0000,0.0000,0.0000
163.8333,19.8536,-2.0167,14640.8244,1005.4610,485.1326,0.0000,0.0000,0.0000
163.8500,19.8527,-2.0350,14726.8540,1013.3815,485.5202,0.0000,0.0000,0.0000
163.8667,19.8519,-2.0533,14811.9389,1021.2140,485.9080,0.0000,0.0000,0.0000
163.8833,19.8510,-2.0717,14896.1004,1028.9606,486.2960,0.0000,0.0000,0.0000
163.9000,19.8502,-2.0900,14979.3591,1036.6229,486.6842,0.0000,0.0000,0.0000
163.9167,19.8494,-2.1083,15061.7350,1044.2029,487.0726,0.0000,0.0000,0.0000
163.9333,19.8486,-2.1267,15143.2473,1051.7021,487.4612,0.0000,0.0000,0.0000
163.9500,19.8478,-2.1450,15223.9146,1059.1224,487.8500,0.0000,0.0000,0.0000
163.9667,19.8470,-2.1633,15303.7549,1066.4652,488.2390,0.0000,0.0000,0.0000
163.9833,19.8462,-2.1817,15382.7856,1073.7323,488.6281,0.0000,0.0000,0.0000
164.0000,19.8453,-2.2000,15467.6596,1081.3545,489.0160,0.0000,0.0000,0.0000
164.0167,19.8446,-2.2183,15544.5433,1088.4773,489.4056,0.0000,0.0000,0.0000
164.0333,19.8438,-2.2367,15620.8151,1095.5277,489.7954,0.0000,0.0000,0.0000
164.0500,19.8430,-2.2550,15696.4536,1102.5082,490.1853,0.0000,0.0000,0.0000
164.0667,19.8423,-2.2733,15771.4473,1109.4207,490.5753,0.0000,0.0000,0.0000
164.0833,19.8415,-2.2917,15845.7913,1116.2666,490.9655,0.0000,0.0000,0.0000
164.1000,19.8408,-2.3100,15919.4854,1123.0474,491.3558,0.0000,0.0000,0.0000
164.1167,19.8401,-2.3283,15992.5325,1129.7642,491.7463,0.0000,0.0000,0.0000
164.1333,19.8394,-2.3467,16064.9378,1136.4183,492.1369,0.0000,0.0000,0.0000
164.1500,19.8386,-2.3650,16136.7086,1143.0111,492.5276,0.0000,0.0000,0.0000
164.1667,19.8379,-2.3833,16207.8533,1149.5437,492.9185,0.0000,0.0000,0.0000
164.1833,19.8372,-2.4017,16278.3815,1156.0174,493.3096,0.0000,0.0000,0.0000
164.2000,19.8365,-2.4200,16348.3035,1162.4335,493.7007,0.0000,0.0000,0.0000
164.2167,19.8358,-2.4383,16417.6298,1168.7932,494.0920,0.0000,0.0000,0.0000
164.2333,19.8351,-2.4567,16486.3715,1175.0976,494.4835,0.0000,0.0000,0.0000
164.2500,19.8345,-2.4750,16554.5397,1181.3480,494.8750,0.0000,0.0000,0.0000
164.2667,19.8338,-2.4933,16622.1456,1187.5454,495.2667,0.0000,0.0000,0.0000
164.2833,19.8331,-2.5117,16689.2003,1193.6910,495.6585,0.0000,0.0000,0.0000
164.3000,19.8324,-2.5300,16755.7148,1199.7857,496.0504,0.0000,0.0000,0.0000
164.3167,19.8318,-2.5483,16821.6999,1205.8307,496.4425,0.0000,0.0000,0.0000
164.3333,19.8311,-2.5667,16887.1660,1211.8269,496.8346,0.0000,0.0000,0.0000
164.3500,19.8305,-2.5850,16952.1234,1217.7753,497.2269,0.0000,0.0000,0.0000
164.3667,19.8298,-2.6033,17016.5823,1223.6767,497.6193,0.0000,0.0000,0.0000
164.3833,19.8292,-2.6217,17080.5523,1229.5321,498.0117,0.0000,0.0000,0.0000
164.4000,19.8286,-2.6400,17144.0429,1235.3424,498.4043,0.0000,0.0000,0.0000
164.4167,19.8279,-2.6583,17207.0633,1241.1083,498.7970,0.0000,0.0000,0.0000
164.4333,19.8273,-2.6767,17269.6224,1246.8307,499.1898,0.0000,0.0000,0.0000
164.4500,19.8267,-2.6950,17331.7287,1252.5104,499.5827,0.0000,0.0000,0.0000
164.4667,19.8261,-2.7133,17393.3907,1258.1480,499.9757,0.0000,0.0000,0.0000
164.4833,19.8255,-2.7317,17454.6163,1263.7444,500.3688,0.0000,0.0000,0.0000
164.5000,19.8248,-2.7500,17515.4135,1269.3003,500.7620,0.0000,0.0000,0.0000
164.5167,19.8242,-2.7683,17575.7898,1274.8162,501.1553,0.0000,0.0000,0.0000
164.5333,19.8236,-2.7867,17635.7525,1280.2930,501.5487,0.0000,0.0000,0.0000
164.5500,19.8230,-2.8050,17695.3087,1285.7312,501.9421,0.0000,0.0000,0.0000
164.5667,19.8225,-2.8233,17754.4654,1291.1314,502.3357,0.0000,0.0000,0.0000
164.5833,19.8219,-2.8417,17813.2291,1296.4943,502.7293,0.0000,0.0000,0.0000
164.6000,19.8213,-2.8600,17871.6063,1301.8204,503.1230,0.0000,0.0000,0.0000
164.6167,19.8207,-2.8783,17929.6033,1307.1103,503.5169,0.0000,0.0000,0.0000
164.6333,19.8201,-2.8967,17987.2262,1312.3646,503.9107,0.0000,0.0000,0.0000
164.6500,19.8196,-2.9150,18044.4808,1317.5837,504.3047,0.0000,0.0000,0.0000
164.6667,19.8190,-2.9333,18101.3728,1322.7683,504.6988,0.0000,0.0000,0.0000
164.6833,19.8184,-2.9517,18157.9079,1327.9188,505.0929,0.0000,0.0000,0.0000
164.7000,19.8179,-2.9700,18214.0913,1333.0356,505.4871,0.0000,0.0000,0.0000
164.7167,19.8173,-2.9883,18269.9284,1338.1194,505.8814,0.0000,0.0000,0.0000
164.7333,19.8167,-3.0067,18325.4242,1343.1705,506.2758,0.0000,0.0000,0.0000
164.7500,19.8162,-3.0250,18380.5836,1348.1894,506.6702,0.0000,0.0000,0.0000
164.7667,19.8156,-3.0433,18435.4114,1353.1765,507.0647,0.0000,0.0000,0.0000
164.7833,19.8151,-3.0617,18489.9124,1358.1323,507.4593,0.0000,0.0000,0.0000
164.8000,19.8146,-3.0800,18544.0911,1363.0572,507.8540,0.0000,0.0000,0.0000
164.8167,19.8140,-3.0983,18597.9519,1367.9516,508.2487,0.0000,0.0000,0.0000
164.8333,19.8135,-3.1167,18651.4991,1372.8159,508.6435,0.0000,0.0000,0.0000
164.8500,19.8130,-3.1350,18704.7369,1377.6504,509.0384,0.0000,0.0000,0.0000
164.8667,19.8124,-3.1533,18757.6694,1382.4556,509.4333,0.0000,0.0000,0.0000
164.8833,19.8119,-3.1717,18810.3007,1387.2318,509.8283,0.0000,0.0000,0.0000
164.9000,19.8114,-3.1900,18862.6345,1391.9794,510.2234,0.0000,0.0000,0.0000
164.9167,19.8109,-3.2083,18914.6748,1396.6988,510.6185,0.0000,0.0000,0.0000
164.9333,19.8103,-3.2267,18966.4252,1401.3902,511.0137,0.0000,0.0000,0.0000
164.9500,19.8098,-3.2450,19017.8894,1406.0540,511.4090,0.0000,0.0000,0.0000
164.9667,19.8093,-3.2633,19069.0709,1410.6906,511.8043,0.0000,0.0000,0.0000
164.9833,19.8088,-3.2817,19119.9731,1415.3002,512.1997,0.0000,0.0000,0.0000
165.0000,19.8083,-3.3000,19170.5995,1419.8833,512.5951,0.0000,0.0000,0.0000
165.0167,19.8078,-3.3000,19218.3311,1423.7910,512.5845,0.0000,0.0000,0.0000
165.0333,19.8074,-3.3000,19263.8431,1427.6805,512.5744,0.0000,0.0000,0.0000
165.0500,19.8069,-3.3000,19307.6367,1431.5492,512.5647,0.0000,0.0000,0.0000
165.0667,19.8065,-3.3000,19350.0837,1435.3954,512.5553,0.0000,0.0000,0.0000
165.0833,19.8061,-3.3000,19391.4595,1439.2175,512.5461,0.0000,0.0000,0.0000
165.1000,19.8057,-3.3000,19431.9677,1443.0142,512.5371,0.0000,0.0000,0.0000
165.1167,19.8053,-3.3000,19471.7581,1446.7843,512.5283,0.0000,0.0000,0.0000
165.1333,19.8049,-3.3000,19510.9409,1450.5267,512.5196,0.0000,0.0000,0.0000
165.1500,19.8045,-3.3000,19549.5965,1454.2406,512.5110,0.0000,0.0000,0.0000
165.1667,19.8041,-3.3000,19587.7832,1457.9252,512.5026,0.0000,0.0000,0.0000
165.1833,19.8037,-3.3000,19625.5433,1461.5797,512.4942,0.0000,0.0000,0.0000
165.2000,19.8034,-3.3000,19662.9068,1465.2036,512.4859,0.0000,0.0000,0.0000
165.2167,19.8030,-3.3000,19699.8952,1468.7963,512.4777,0.0000,0.0000,0.0000
165.2333,19.8026,-3.3000,19736.5231,1472.3573,512.4696,0.0000,0.0000,0.0000
165.2500,19.8023,-3.3000,19772.8008,1475.8864,512.4615,0.0000,0.0000,0.0000
165.2667,19.8019,-3.3000,19808.7351,1479.3831,512.4536,0.0000,0.0000,0.0000
165.2833,19.8016,-3.3000,19844.3305,1482.8471,512.4457,0.0000,0.0000,0.0000
165.3000,19.8012,-3.3000,19879.5896,1486.2782,512.4378,0.0000,0.0000,0.0000
165.3167,19.8009,-3.3000,19914.5142,1489.6764,512.4301,0.0000,0.0000,0.0000
165.3333,19.8005,-3.3000,19949.1051,1493.0413,512.4224,0.0000,0.0000,0.0000
165.3500,19.8002,-3.3000,19983.3627,1496.3730,512.4148,0.0000,0.0000,0.0000
165.3667,19.7998,-3.3000,20017.2873,1499.6713,512.4073,0.0000,0.0000,0.0000
165.3833,19.7995,-3.3000,20050.8789,1502.9363,512.3998,0.0000,0.0000,0.0000
165.4000,19.7992,-3.3000,20084.1377,1506.1680,512.3925,0.0000,0.0000,0.0000
165.4167,19.7988,-3.3000,20117.0636,1509.3664,512.3852,0.0000,0.0000,0.0000
165.4333,19.7985,-3.3000,20149.6572,1512.5315,512.3779,0.0000,0.0000,0.0000
165.4500,19.7982,-3.3000,20181.9188,1515.6635,512.3708,0.0000,0.0000,0.0000
165.4667,19.7979,-3.3000,20213.8489,1518.7625,512.3637,0.0000,0.0000,0.0000
165.4833,19.7975,-3.3000,20245.4486,1521.8286,512.3567,0.0000,0.0000,0.0000
165.5000,19.7972,-3.3000,20276.7186,1524.8620,512.3497,0.0000,0.0000,0.0000
165.5167,19.7969,-3.3000,20307.6603,1527.8628,512.3429,0.0000,0.0000,0.0000
165.5333,19.7966,-3.3000,20338.2749,1530.8313,512.3361,0.0000,0.0000,0.0000
165.5500,19.7963,-3.3000,20368.5640,1533.7676,512.3294,0.0000,0.0000,0.0000
165.5667,19.7960,-3.3000,20398.5293,1536.6720,512.3227,0.0000,0.0000,0.0000
165.5833,19.7957,-3.3000,20428.1726,1539.5447,512.3162,0.0000,0.0000,0.0000
165.6000,19.7954,-3.3000,20457.4960,1542.3859,512.3096,0.0000,0.0000,0.0000
165.6167,19.7951,-3.3000,20486.5015,1545.1959,512.3032,0.0000,0.0000,0.0000
165.6333,19.7948,-3.3000,20515.1914,1547.9750,512.2968,0.0000,0.0000,0.0000
165.6500,19.7946,-3.3000,20543.5681,1550.7234,512.2906,0.0000,0.0000,0.0000
165.6667,19.7943,-3.3000,20571.6340,1553.4414,512.2843,0.0000,0.0000,0.0000
165.6833,19.7940,-3.3000,20599.3918,1556.1293,512.2782,0.0000,0.0000,0.0000
165.7000,19.7937,-3.3000,20626.8439,1558.7873,512.2721,0.0000,0.0000,0.0000
165.7167,19.7935,-3.3000,20653.9931,1561.4159,512.2661,0.0000,0.0000,0.0000
165.7333,19.7932,-3.3000,20680.8423,1564.0152,512.2601,0.0000,0.0000,0.0000
165.7500,19.7929,-3.3000,20707.3942,1566.5856,512.2542,0.0000,0.0000,0.0000
165.7667,19.7927,-3.3000,20733.6517,1569.1274,512.2484,0.0000,0.0000,0.0000
165.7833,19.7924,-3.3000,20759.6178,1571.6408,512.2426,0.0000,0.0000,0.0000
165.8000,19.7921,-3.3000,20785.2954,1574.1263,512.2369,0.0000,0.0000,0.0000
165.8167,19.7919,-3.3000,20810.6874,1576.5840,512.2313,0.0000,0.0000,0.0000
165.8333,19.7916,-3.3000,20835.7970,1579.0144,512.2257,0.0000,0.0000,0.0000
165.8500,19.7914,-3.3000,20860.6272,1581.4176,512.2202,0.0000,0.0000,0.0000
165.8667,19.7911,-3.3000,20885.1809,1583.7941,512.2148,0.0000,0.0000,0.0000
165.8833,19.7909,-3.3000,20909.4613,1586.1442,512.2094,0.0000,0.0000,0.0000
165.9000,19.7907,-3.3000,20933.4715,1588.4681,512.2041,0.0000,0.0000,0.0000
165.9167,19.7904,-3.3000,20957.2144,1590.7661,512.1988,0.0000,0.0000,0.0000
165.9333,19.7902,-3.3000,20980.6932,1593.0386,512.1936,0.0000,0.0000,0.0000
165.9500,19.7900,-3.3000,21003.9109,1595.2859,512.1884,0.0000,0.0000,0.0000
165.9667,19.7897,-3.3000,21026.8706,1597.5082,512.1833,0.0000,0.0000,0.0000
165.9833,19.7895,-3.3000,21049.5753,1599.7060,512.1783,0.0000,0.0000,0.0000
166.0000,19.7893,-3.3000,21072.0280,1601.8793,512.1733,0.0000,0.0000,0.0000
166.0167,19.7890,-3.3100,21095.6624,1604.3828,512.3899,0.0000,0.0000,0.0000
166.0333,19.7888,-3.3200,21120.1150,1606.8584,512.6063,0.0000,0.0000,0.0000
166.0500,19.7885,-3.3300,21145.1173,1609.3079,512.8226,0.0000,0.0000,0.0000
166.0667,19.7883,-3.3400,21170.4710,1611.7328,513.0388,0.0000,0.0000,0.0000
166.0833,19.7880,-3.3500,21196.0305,1614.1342,513.2549,0.0000,0.0000,0.0000
166.1000,19.7878,-3.3600,21221.6891,1616.5133,513.4711,0.0000,0.0000,0.0000
166.1167,19.7875,-3.3700,21247.3697,1618.8713,513.6872,0.0000,0.0000,0.0000
166.1333,19.7873,-3.3800,21273.0164,1621.2090,513.9033,0.0000,0.0000,0.0000
166.1500,19.7870,-3.3900,21298.5897,1623.5275,514.1195,0.0000,0.0000,0.0000
166.1667,19.7868,-3.4000,21324.0622,1625.8276,514.3357,0.0000,0.0000,0.0000
166.1833,19.7865,-3.4100,21349.4150,1628.1100,514.5519,0.0000,0.0000,0.0000
166.2000,19.7863,-3.4200,21374.6360,1630.3755,514.7681,0.0000,0.0000,0.0000
166.2167,19.7860,-3.4300,21399.7178,1632.6249,514.9843,0.0000,0.0000,0.0000
166.2333,19.7858,-3.4400,21424.6565,1634.8588,515.2006,0.0000,0.0000,0.0000
166.2500,19.7855,-3.4500,21449.4507,1637.0778,515.4170,0.0000,0.0000,0.0000
166.2667,19.7853,-3.4600,21474.1007,1639.2825,515.6333,0.0000,0.0000,0.0000
166.2833,19.7850,-3.4700,21498.6084,1641.4734,515.8497,0.0000,0.0000,0.0000
166.3000,19.7848,-3.4800,21522.9760,1643.6510,516.0661,0.0000,0.0000,0.0000
166.3167,19.7845,-3.4900,21547.2069,1645.8159,516.2826,0.0000,0.0000,0.0000
166.3333,19.7843,-3.5000,21571.3044,1647.9686,516.4990,0.0000,0.0000,0.0000
166.3500,19.7840,-3.5100,21595.2722,1650.1093,516.7155,0.0000,0.0000,0.0000
166.3667,19.7838,-3.5200,21619.1142,1652.2386,516.9321,0.0000,0.0000,0.0000
166.3833,19.7836,-3.5300,21642.8339,1654.3567,517.1486,0.0000,0.0000,0.0000
166.4000,19.7833,-3.5400,21666.4353,1656.4642,517.3652,0.0000,0.0000,0.0000
166.4167,19.7831,-3.5500,21689.9219,1658.5612,517.5818,0.0000,0.0000,0.0000
166.4333,19.7829,-3.5600,21713.2971,1660.6482,517.7985,0.0000,0.0000,0.0000
166.4500,19.7826,-3.5700,21736.5645,1662.7253,518.0151,0.0000,0.0000,0.0000
166.4667,19.7824,-3.5800,21759.7272,1664.7930,518.2318,0.0000,0.0000,0.0000
166.4833,19.7822,-3.5900,21782.7883,1666.8514,518.4485,0.0000,0.0000,0.0000
166.5000,19.7819,-3.6000,21805.7508,1668.9009,518.6653,0.0000,0.0000,0.0000
166.5167,19.7817,-3.6100,21828.6173,1670.9415,518.8820,0.0000,0.0000,0.0000
166.5333,19.7815,-3.6200,21851.3906,1672.9736,519.0988,0.0000,0.0000,0.0000
166.5500,19.7813,-3.6300,21874.0731,1674.9974,519.3156,0.0000,0.0000,0.0000
166.5667,19.7810,-3.6400,21896.6672,1677.0130,519.5324,0.0000,0.0000,0.0000
166.5833,19.7808,-3.6500,21919.1749,1679.0207,519.7492,0.0000,0.0000,0.0000
166.6000,19.7806,-3.6600,21941.5985,1681.0205,519.9661,0.0000,0.0000,0.0000
166.6167,19.7804,-3.6700,21963.9399,1683.0127,520.1829,0.0000,0.0000,0.0000
166.6333,19.7801,-3.6800,21986.2009,1684.9974,520.3998,0.0000,0.0000,0.0000
166.6500,19.7799,-3.6900,22008.3832,1686.9747,520.6167,0.0000,0.0000,0.0000
166.6667,19.7797,-3.7000,22030.4884,1688.9448,520.8336,0.0000,0.0000,0.0000
166.6833,19.7795,-3.7100,22052.5181,1690.9078,521.0506,0.0000,0.0000,0.0000
166.7000,19.7793,-3.7200,22074.4738,1692.8638,521.2675,0.0000,0.0000,0.0000
166.7167,19.7790,-3.7300,22096.3566,1694.8129,521.4845,0.0000,0.0000,0.0000
166.7333,19.7788,-3.7400,22118.1679,1696.7553,521.7015,0.0000,0.0000,0.0000
166.7500,19.7786,-3.7500,22139.9090,1698.6909,521.9185,0.0000,0.0000,0.0000
166.7667,19.7784,-3.7600,22161.5808,1700.6200,522.1355,0.0000,0.0000,0.0000
166.7833,19.7782,-3.7700,22183.1844,1702.5425,522.3525,0.0000,0.0000,0.0000
166.8000,19.7780,-3.7800,22204.7208,1704.4586,522.5696,0.0000,0.0000,0.0000
166.8167,19.7777,-3.7900,22226.1910,1706.3683,522.7866,0.0000,0.0000,0.0000
166.8333,19.7775,-3.8000,22247.5958,1708.2718,523.0037,0.0000,0.0000,0.0000
166.8500,19.7773,-3.8100,22268.9359,1710.1690,523.2208,0.0000,0.0000,0.0000
166.8667,19.7771,-3.8200,22290.2122,1712.0600,523.4379,0.0000,0.0000,0.0000
166.8833,19.7769,-3.8300,22311.4254,1713.9450,523.6550,0.0000,0.0000,0.0000
166.9000,19.7767,-3.8400,22332.5761,1715.8239,523.8722,0.0000,0.0000,0.0000
166.9167,19.7765,-3.8500,22353.6651,1717.6968,524.0893,0.0000,0.0000,0.0000
166.9333,19.7763,-3.8600,22374.6928,1719.5637,524.3065,0.0000,0.0000,0.0000
166.9500,19.7760,-3.8700,22395.6598,1721.4247,524.5236,0.0000,0.0000,0.0000
166.9667,19.7758,-3.8800,22416.5668,1723.2799,524.7408,0.0000,0.0000,0.0000
166.9833,19.7756,-3.8900,22437.4141,1725.1292,524.9580,0.0000,0.0000,0.0000
167.0000,19.7754,-3.9000,22458.2023,1726.9728,525.1752,0.0000,0.0000,0.0000
167.0167,19.7752,-3.9000,22477.5009,1728.4564,525.1709,0.0000,0.0000,0.0000
167.0333,19.7750,-3.9000,22495.6764,1729.9382,525.1669,0.0000,0.0000,0.0000
167.0500,19.7749,-3.9000,22513.0009,1731.4170,525.1631,0.0000,0.0000,0.0000
167.0667,19.7747,-3.9000,22529.6758,1732.8916,525.1594,0.0000,0.0000,0.0000
167.0833,19.7745,-3.9000,22545.8501,1734.3611,525.1558,0.0000,0.0000,0.0000
167.1000,19.7744,-3.9000,22561.6337,1735.8246,525.1523,0.0000,0.0000,0.0000
167.1167,19.7742,-3.9000,22577.1070,1737.2813,525.1488,0.0000,0.0000,0.0000
167.1333,19.7741,-3.9000,22592.3290,1738.7307,525.1455,0.0000,0.0000,0.0000
167.1500,19.7739,-3.9000,22607.3423,1740.1720,525.1421,0.0000,0.0000,0.0000
167.1667,19.7738,-3.9000,22622.1774,1741.6047,525.1389,0.0000,0.0000,0.0000
167.1833,19.7736,-3.9000,22636.8562,1743.0283,525.1356,0.0000,0.0000,0.0000
167.2000,19.7735,-3.9000,22651.3938,1744.4423,525.1324,0.0000,0.0000,0.0000
167.2167,19.7733,-3.9000,22665.8005,1745.8463,525.1292,0.0000,0.0000,0.0000
167.2333,19.7732,-3.9000,22680.0833,1747.2400,525.1260,0.0000,0.0000,0.0000
167.2500,19.7731,-3.9000,22694.2463,1748.6229,525.1229,0.0000,0.0000,0.0000
167.2667,19.7729,-3.9000,22708.2921,1749.9949,525.1197,0.0000,0.0000,0.0000
167.2833,19.7728,-3.9000,22722.2218,1751.3555,525.1167,0.0000,0.0000,0.0000
167.3000,19.7726,-3.9000,22736.0357,1752.7046,525.1136,0.0000,0.0000,0.0000
167.3167,19.7725,-3.9000,22749.7335,1754.0420,525.1106,0.0000,0.0000,0.0000
167.3333,19.7724,-3.9000,22763.3144,1755.3674,525.1075,0.0000,0.0000,0.0000
167.3500,19.7722,-3.9000,22776.7775,1756.6808,525.1046,0.0000,0.0000,0.0000
167.3667,19.7721,-3.9000,22790.1217,1757.9819,525.1016,0.0000,0.0000,0.0000
167.3833,19.7720,-3.9000,22803.3459,1759.2706,525.0987,0.0000,0.0000,0.0000
167.4000,19.7718,-3.9000,22816.4490,1760.5469,525.0958,0.0000,0.0000,0.0000
167.4167,19.7717,-3.9000,22829.4301,1761.8106,525.0929,0.0000,0.0000,0.0000
167.4333,19.7716,-3.9000,22842.2880,1763.0617,525.0900,0.0000,0.0000,0.0000
167.4500,19.7714,-3.9000,22855.0221,1764.3001,525.0872,0.0000,0.0000,0.0000
167.4667,19.7713,-3.9000,22867.6315,1765.5258,525.0844,0.0000,0.0000,0.0000
167.4833,19.7712,-3.9000,22880.1157,1766.7388,525.0816,0.0000,0.0000,0.0000
167.5000,19.7711,-3.9000,22892.4742,1767.9390,525.0789,0.0000,0.0000,0.0000
167.5167,19.7710,-3.9000,22904.7067,1769.1265,525.0762,0.0000,0.0000,0.0000
167.5333,19.7708,-3.9000,22916.8128,1770.3012,525.0735,0.0000,0.0000,0.0000
167.5500,19.7707,-3.9000,22928.7925,1771.4633,525.0708,0.0000,0.0000,0.0000
167.5667,19.7706,-3.9000,22940.6458,1772.6126,525.0682,0.0000,0.0000,0.0000
167.5833,19.7705,-3.9000,22952.3726,1773.7494,525.0656,0.0000,0.0000,0.0000
167.6000,19.7704,-3.9000,22960.9862,1774.6189,525.0637,0.0000,0.0000,0.0000
167.6167,19.7703,-3.9000,22969.5947,1775.4801,525.0618,0.0000,0.0000,0.0000
167.6333,19.7702,-3.9000,22978.1836,1776.3332,525.0599,0.0000,0.0000,0.0000
167.6500,19.7701,-3.9000,22986.7417,1777.1785,525.0580,0.0000,0.0000,0.0000
167.6667,19.7700,-3.9000,22995.2602,1778.0160,525.0561,0.0000,0.0000,0.0000
167.6833,19.7700,-3.9000,23003.7320,1778.8458,525.0542,0.0000,0.0000,0.0000
167.7000,19.7699,-3.9000,23012.1517,1779.6682,525.0523,0.0000,0.0000,0.0000
167.7167,19.7698,-3.9000,23020.5151,1780.4830,525.0505,0.0000,0.0000,0.0000
167.7333,19.7697,-3.9000,23028.8187,1781.2904,525.0486,0.0000,0.0000,0.0000
167.7500,19.7696,-3.9000,23037.0598,1782.0905,525.0468,0.0000,0.0000,0.0000
167.7667,19.7695,-3.9000,23045.2366,1782.8832,525.0450,0.0000,0.0000,0.0000
167.7833,19.7695,-3.9000,23053.3474,1783.6687,525.0432,0.0000,0.0000,0.0000
167.8000,19.7694,-3.9000,23061.3911,1784.4470,525.0414,0.0000,0.0000,0.0000
167.8167,19.7693,-3.9000,23069.3667,1785.2180,525.0397,0.0000,0.0000,0.0000
167.8333,19.7692,-3.9000,23077.2736,1785.9819,525.0379,0.0000,0.0000,0.0000
167.8500,19.7691,-3.9000,23085.1114,1786.7386,525.0362,0.0000,0.0000,0.0000
167.8667,19.7691,-3.9000,23092.8797,1787.4883,525.0344,0.0000,0.0000,0.0000
167.8833,19.7690,-3.9000,23100.5785,1788.2309,525.0327,0.0000,0.0000,0.0000
167.9000,19.7689,-3.9000,23108.2076,1788.9666,525.0310,0.0000,0.0000,0.0000
167.9167,19.7688,-3.9000,23115.7672,1789.6952,525.0294,0.0000,0.0000,0.0000
167.9333,19.7688,-3.9000,23123.2572,1790.4170,525.0277,0.0000,0.0000,0.0000
167.9500,19.7687,-3.9000,23130.6778,1791.1318,525.0261,0.0000,0.0000,0.0000
167.9667,19.7686,-3.9000,23138.0294,1791.8398,525.0244,0.0000,0.0000,0.0000
167.9833,19.7685,-3.9000,23145.3120,1792.5410,525.0228,0.0000,0.0000,0.0000
