Time (hrs),Zone Temp (C),Outside Temp (C),HVAC Power (W),Fabric Loss (W),Air Exchange Loss (W),Solar Gains (W),Internal Gains (W),Window State (0-1)
0.0000,19.7718,0.0000,22820.3569,1777.5417,438.5839,0.0000,0.0000,0.0000
0.0167,19.7767,0.0000,22327.2614,1780.7674,438.6933,0.0000,0.0000,0.0000
0.0333,19.7776,0.0000,22236.5949,1782.5118,438.7134,0.0000,0.0000,0.0000
0.0500,19.7777,0.0000,22227.8994,1783.8477,438.7153,0.0000,0.0000,0.0000
0.0667,19.7777,0.0000,22234.8243,1784.9717,438.7138,0.0000,0.0000,0.0000
0.0833,19.7776,0.0000,22243.6044,1785.9010,438.7119,0.0000,0.0000,0.0000
0.1000,19.7775,0.0000,22251.1999,1786.6274,438.7102,0.0000,0.0000,0.0000
0.1167,19.7774,0.0000,22256.9016,1787.1444,438.7089,0.0000,0.0000,0.0000
0.1333,19.7774,0.0000,22260.4091,1787.4451,438.7081,0.0000,0.0000,0.0000
0.1500,19.7774,0.0000,22262.0265,1787.5461,438.7078,0.0000,0.0000,0.0000
0.1667,19.7774,0.0000,22261.7270,1787.4543,438.7078,0.0000,0.0000,0.0000
0.1833,19.7774,0.0000,22259.5710,1787.1785,438.7083,0.0000,0.0000,0.0000
0.2000,19.7774,0.0000,22255.6477,1786.7284,438.7092,0.0000,0.0000,0.0000
0.2167,19.7775,0.0000,22250.0577,1786.1145,438.7104,0.0000,0.0000,0.0000
0.2333,19.7776,0.0000,22242.9059,1785.3475,438.7120,0.0000,0.0000,0.0000
0.2500,19.7777,0.0000,22234.2980,1784.4380,438.7139,0.0000,0.0000,0.0000
0.2667,19.7778,0.0000,22224.3383,1783.3963,438.7161,0.0000,0.0000,0.0000
0.2833,19.7779,0.0000,22213.1281,1782.2325,438.7186,0.0000,0.0000,0.0000
0.3000,19.7780,0.0000,22200.7653,1780.9564,438.7214,0.0000,0.0000,0.0000
0.3167,19.7781,0.0000,22187.3436,1779.5772,438.7243,0.0000,0.0000,0.0000
0.3333,19.7783,0.0000,22172.9524,1778.1037,438.7275,0.0000,0.0000,0.0000
0.3500,19.7784,0.0000,22157.6765,1776.5443,438.7309,0.0000,0.0000,0.0000
0.3667,19.7786,0.0000,22141.5961,1774.9068,438.7345,0.0000,0.0000,0.0000
0.3833,19.7788,0.0000,22124.7871,1773.1987,438.7382,0.0000,0.0000,0.0000
0.4000,19.7789,0.0000,22107.3208,1771.4271,438.7421,0.0000,0.0000,0.0000
0.4167,19.7791,0.0000,22089.2642,1769.5984,438.7461,0.0000,0.0000,0.0000
0.4333,19.7793,0.0000,22070.6801,1767.7190,438.7502,0.0000,0.0000,0.0000
0.4500,19.7795,0.0000,22051.6275,1765.7944,438.7544,0.0000,0.0000,0.0000
0.4667,19.7797,0.0000,22032.1614,1763.8302,438.7588,0.0000,0.0000,0.0000
0.4833,19.7799,0.0000,22012.3333,1761.8313,438.7632,0.0000,0.0000,0.0000
0.5000,19.7801,0.0000,21992.1918,1759.8026,438.7676,0.0000,0.0000,0.0000
0.5167,19.7803,0.0000,21971.7819,1757.7485,438.7722,0.0000,0.0000,0.0000
0.5333,19.7805,0.0000,21951.1459,1755.6730,438.7767,0.0000,0.0000,0.0000
0.5500,19.7807,0.0000,21930.3234,1753.5802,438.7813,0.0000,0.0000,0.0000
0.5667,19.7809,0.0000,21909.3512,1751.4735,438.7860,0.0000,0.0000,0.0000
0.5833,19.7811,0.0000,21888.2635,1749.3563,438.7907,0.0000,0.0000,0.0000
0.6000,19.7813,0.0000,21867.0922,1747.2318,438.7954,0.0000,0.0000,0.0000
0.6167,19.7815,0.0000,21845.8666,1745.1028,438.8001,0.0000,0.0000,0.0000
0.6333,19.7818,0.0000,21824.6142,1742.9720,438.8048,0.0000,0.0000,0.0000
0.6500,19.7820,0.0000,21803.3602,1740.8418,438.8095,0.0000,0.0000,0.0000
0.6667,19.7822,0.0000,21782.1283,1738.7147,438.8142,0.0000,0.0000,0.0000
0.6833,19.7824,0.0000,21760.9403,1736.5926,438.8189,0.0000,0.0000,0.0000
0.7000,19.7826,0.0000,21739.8169,1734.4776,438.8236,0.0000,0.0000,0.0000
0.7167,19.7828,0.0000,21718.7769,1732.3717,438.8283,0.0000,0.0000,0.0000
0.7333,19.7830,0.0000,21697.8383,1730.2764,438.8329,0.0000,0.0000,0.0000
0.7500,19.7832,0.0000,21677.0174,1728.1935,438.8375,0.0000,0.0000,0.0000
0.7667,19.7834,0.0000,21656.3297,1726.1244,438.8421,0.0000,0.0000,0.0000
0.7833,19.7836,0.0000,21635.7893,1724.0706,438.8467,0.0000,0.0000,0.0000
0.8000,19.7838,0.0000,21617.6603,1722.1544,438.8507,0.0000,0.0000,0.0000
0.8167,19.7840,0.0000,21598.9603,1720.2584,438.8549,0.0000,0.0000,0.0000
0.8333,19.7842,0.0000,21580.2292,1718.3803,438.8590,0.0000,0.0000,0.0000
0.8500,19.7844,0.0000,21561.6170,1716.5201,438.8631,0.0000,0.0000,0.0000
0.8667,19.7846,0.0000,21543.1691,1714.6781,438.8672,0.0000,0.0000,0.0000
0.8833,19.7848,0.0000,21524.9022,1712.8550,438.8713,0.0000,0.0000,0.0000
0.9000,19.7849,0.0000,21506.8249,1711.0512,438.8753,0.0000,0.0000,0.0000
0.9167,19.7851,0.0000,21488.9437,1709.2673,438.8793,0.0000,0.0000,0.0000
0.9333,19.7853,0.0000,21471.2637,1707.5038,438.8832,0.0000,0.0000,0.0000
0.9500,19.7855,0.0000,21453.7895,1705.7611,438.8871,0.0000,0.0000,0.0000
0.9667,19.7856,0.0000,21436.5254,1704.0396,438.8909,0.0000,0.0000,0.0000
0.9833,19.7858,0.0000,21419.4750,1702.3397,438.8947,0.0000,0.0000,0.0000
1.0000,19.7860,0.0000,21402.6414,1700.6617,438.8984,0.0000,0.0000,0.0000
1.0167,19.7861,0.0000,21386.0274,1699.0058,438.9021,0.0000,0.0000,0.0000
1.0333,19.7863,0.0000,21369.6354,1697.3723,438.9057,0.0000,0.0000,0.0000
1.0500,19.7865,0.0000,21353.4674,1695.7612,438.9093,0.0000,0.0000,0.0000
1.0667,19.7866,0.0000,21337.5250,1694.1729,438.9128,0.0000,0.0000,0.0000
1.0833,19.7868,0.0000,21321.8096,1692.6074,438.9163,0.0000,0.0000,0.0000
1.1000,19.7869,0.0000,21306.3220,1691.0647,438.9198,0.0000,0.0000,0.0000
1.1167,19.7871,0.0000,21291.0631,1689.5450,438.9232,0.0000,0.0000,0.0000
1.1333,19.7872,0.0000,21276.0330,1688.0482,438.9265,0.0000,0.0000,0.0000
1.1500,19.7874,0.0000,21261.2321,1686.5744,438.9298,0.0000,0.0000,0.0000
1.1667,19.7875,0.0000,21246.6602,1685.1236,438.9330,0.0000,0.0000,0.0000
1.1833,19.7877,0.0000,21232.3170,1683.6956,438.9362,0.0000,0.0000,0.0000
1.2000,19.7878,0.0000,21218.2019,1682.2905,438.9393,0.0000,0.0000,0.0000
1.2167,19.7880,0.0000,21204.3142,1680.9082,438.9424,0.0000,0.0000,0.0000
1.2333,19.7881,0.0000,21190.6529,1679.5485,438.9454,0.0000,0.0000,0.0000
1.2500,19.7882,0.0000,21177.2170,1678.2114,438.9484,0.0000,0.0000,0.0000
1.2667,19.7884,0.0000,21164.0052,1676.8966,438.9513,0.0000,0.0000,0.0000
1.2833,19.7885,0.0000,21151.0161,1675.6041,438.9542,0.0000,0.0000,0.0000
1.3000,19.7886,0.0000,21138.2481,1674.3338,438.9571,0.0000,0.0000,0.0000
1.3167,19.7887,0.0000,21125.6997,1673.0853,438.9598,0.0000,0.0000,0.0000
1.3333,19.7889,0.0000,21113.3690,1671.8586,438.9626,0.0000,0.0000,0.0000
1.3500,19.7890,0.0000,21101.2542,1670.6535,438.9653,0.0000,0.0000,0.0000
1.3667,19.7891,0.0000,21089.3533,1669.4697,438.9679,0.0000,0.0000,0.0000
1.3833,19.7892,0.0000,21077.6641,1668.3070,438.9705,0.0000,0.0000,0.0000
1.4000,19.7893,0.0000,21066.1846,1667.1653,438.9730,0.0000,0.0000,0.0000
1.4167,19.7895,0.0000,21054.9126,1666.0443,438.9755,0.0000,0.0000,0.0000
1.4333,19.7896,0.0000,21043.8457,1664.9437,438.9780,0.0000,0.0000,0.0000
1.4500,19.7897,0.0000,21032.9815,1663.8634,438.9804,0.0000,0.0000,0.0000
1.4667,19.7898,0.0000,21022.3178,1662.8030,438.9828,0.0000,0.0000,0.0000
1.4833,19.7899,0.0000,21011.8520,1661.7624,438.9851,0.0000,0.0000,0.0000
1.5000,19.7900,0.0000,21001.5816,1660.7412,438.9874,0.0000,0.0000,0.0000
1.5167,19.7901,0.0000,20991.5042,1659.7393,438.9896,0.0000,0.0000,0.0000
1.5333,19.7902,0.0000,20981.6171,1658.7564,438.9918,0.0000,0.0000,0.0000
1.5500,19.7903,0.0000,20971.9177,1657.7921,438.9939,0.0000,0.0000,0.0000
1.5667,19.7904,0.0000,20962.4036,1656.8464,438.9961,0.0000,0.0000,0.0000
1.5833,19.7904,0.0000,20955.9473,1656.1252,438.9975,0.0000,0.0000,0.0000
1.6000,19.7905,0.0000,20949.1611,1655.4174,438.9990,0.0000,0.0000,0.0000
1.6167,19.7906,0.0000,20942.2920,1654.7213,439.0005,0.0000,0.0000,0.0000
1.6333,19.7906,0.0000,20935.4464,1654.0364,439.0020,0.0000,0.0000,0.0000
1.6500,19.7907,0.0000,20928.6700,1653.3621,439.0035,0.0000,0.0000,0.0000
1.6667,19.7908,0.0000,20921.9816,1652.6982,439.0050,0.0000,0.0000,0.0000
1.6833,19.7908,0.0000,20915.3886,1652.0444,439.0065,0.0000,0.0000,0.0000
1.7000,19.7909,0.0000,20908.8937,1651.4007,439.0079,0.0000,0.0000,0.0000
1.7167,19.7910,0.0000,20902.4970,1650.7669,439.0093,0.0000,0.0000,0.0000
1.7333,19.7910,0.0000,20896.1980,1650.1428,439.0107,0.0000,0.0000,0.0000
1.7500,19.7911,0.0000,20889.9958,1649.5284,439.0121,0.0000,0.0000,0.0000
1.7667,19.7912,0.0000,20883.8893,1648.9234,439.0135,0.0000,0.0000,0.0000
1.7833,19.7912,0.0000,20877.8772,1648.3279,439.0148,0.0000,0.0000,0.0000
1.8000,19.7913,0.0000,20871.9584,1647.7416,439.0161,0.0000,0.0000,0.0000
1.8167,19.7913,0.0000,20866.1318,1647.1645,439.0174,0.0000,0.0000,0.0000
1.8333,19.7914,0.0000,20860.3961,1646.5964,439.0187,0.0000,0.0000,0.0000
1.8500,19.7915,0.0000,20854.7501,1646.0371,439.0199,0.0000,0.0000,0.0000
1.8667,19.7915,0.0000,20849.1927,1645.4867,439.0212,0.0000,0.0000,0.0000
1.8833,19.7916,0.0000,20843.7228,1644.9450,439.0224,0.0000,0.0000,0.0000
1.9000,19.7916,0.0000,20838.3391,1644.4118,439.0236,0.0000,0.0000,0.0000
1.9167,19.7917,0.0000,20833.0406,1643.8871,439.0248,0.0000,0.0000,0.0000
1.9333,19.7917,0.0000,20827.8260,1643.3707,439.0259,0.0000,0.0000,0.0000
1.9500,19.7918,0.0000,20822.6943,1642.8625,439.0270,0.0000,0.0000,0.0000
1.9667,19.7918,0.0000,20817.6443,1642.3624,439.0282,0.0000,0.0000,0.0000
1.9833,19.7919,0.0000,20812.6749,1641.8704,439.0293,0.0000,0.0000,0.0000
2.0000,19.7920,0.0000,20804.8772,1641.2078,439.0310,0.0000,0.0000,0.0000
2.0167,19.7920,0.0000,20798.8156,1640.5954,439.0323,0.0000,0.0000,0.0000
2.0333,19.7921,0.0000,20792.8201,1639.9975,439.0337,0.0000,0.0000,0.0000
2.0500,19.7921,0.0000,20786.9498,1639.4144,439.0350,0.0000,0.0000,0.0000
2.0667,19.7922,0.0000,20781.2236,1638.8466,439.0362,0.0000,0.0000,0.0000
2.0833,19.7922,0.0000,20775.6483,1638.2941,439.0375,0.0000,0.0000,0.0000
2.1000,19.7923,0.0000,20770.2263,1637.7572,439.0387,0.0000,0.0000,0.0000
2.1167,19.7924,0.0000,20764.9574,1637.2355,439.0399,0.0000,0.0000,0.0000
2.1333,19.7924,0.0000,20759.8399,1636.7290,439.0410,0.0000,0.0000,0.0000
2.1500,19.7925,0.0000,20754.8711,1636.2372,439.0421,0.0000,0.0000,0.0000
2.1667,19.7925,0.0000,20750.0473,1635.7598,439.0432,0.0000,0.0000,0.0000
2.1833,19.7925,0.0000,20745.3645,1635.2964,439.0442,0.0000,0.0000,0.0000
2.2000,19.7926,0.0000,20740.8184,1634.8465,439.0452,0.0000,0.0000,0.0000
2.2167,19.7926,0.0000,20737.7644,1634.5071,439.0459,0.0000,0.0000,0.0000
2.2333,19.7927,0.0000,20734.5782,1634.1764,439.0466,0.0000,0.0000,0.0000
2.2500,19.7927,0.0000,20731.3759,1633.8536,439.0473,0.0000,0.0000,0.0000
2.2667,19.7927,0.0000,20728.2069,1633.5382,439.0480,0.0000,0.0000,0.0000
2.2833,19.7927,0.0000,20725.0916,1633.2298,439.0487,0.0000,0.0000,0.0000
2.3000,19.7928,0.0000,20722.0378,1632.9283,439.0494,0.0000,0.0000,0.0000
2.3167,19.7928,0.0000,20719.0476,1632.6333,439.0500,0.0000,0.0000,0.0000
2.3333,19.7928,0.0000,20716.1210,1632.3447,439.0507,0.0000,0.0000,0.0000
2.3500,19.7929,0.0000,20713.2571,1632.0623,439.0513,0.0000,0.0000,0.0000
2.3667,19.7929,0.0000,20710.4544,1631.7859,439.0519,0.0000,0.0000,0.0000
2.3833,19.7929,0.0000,20707.7114,1631.5155,439.0526,0.0000,0.0000,0.0000
2.4000,19.7929,0.0000,20705.0266,1631.2507,439.0531,0.0000,0.0000,0.0000
2.4167,19.7930,0.0000,20702.3984,1630.9915,439.0537,0.0000,0.0000,0.0000
2.4333,19.7930,0.0000,20699.8253,1630.7377,439.0543,0.0000,0.0000,0.0000
2.4500,19.7930,0.0000,20697.3059,1630.4892,439.0549,0.0000,0.0000,0.0000
2.4667,19.7931,0.0000,20694.8388,1630.2458,439.0554,0.0000,0.0000,0.0000
2.4833,19.7931,0.0000,20692.4227,1630.0074,439.0559,0.0000,0.0000,0.0000
2.5000,19.7931,0.0000,20690.0562,1629.7739,439.0565,0.0000,0.0000,0.0000
2.5167,19.7931,0.0000,20687.7382,1629.5452,439.0570,0.0000,0.0000,0.0000
2.5333,19.7931,0.0000,20685.4673,1629.3211,439.0575,0.0000,0.0000,0.0000
2.5500,19.7932,0.0000,20683.2423,1629.1015,439.0580,0.0000,0.0000,0.0000
2.5667,19.7932,0.0000,20681.0623,1628.8863,439.0585,0.0000,0.0000,0.0000
2.5833,19.7932,0.0000,20678.9260,1628.6755,439.0589,0.0000,0.0000,0.0000
2.6000,19.7932,0.0000,20676.8324,1628.4688,439.0594,0.0000,0.0000,0.0000
2.6167,19.7933,0.0000,20674.7805,1628.2662,439.0599,0.0000,0.0000,0.0000
2.6333,19.7933,0.0000,20672.7692,1628.0677,439.0603,0.0000,0.0000,0.0000
2.6500,19.7933,0.0000,20670.7976,1627.8730,439.0607,0.0000,0.0000,0.0000
2.6667,19.7933,0.0000,20668.8648,1627.6822,439.0612,0.0000,0.0000,0.0000
2.6833,19.7933,0.0000,20666.9698,1627.4951,439.0616,0.0000,0.0000,0.0000
2.7000,19.7933,0.0000,20665.1118,1627.3116,439.0620,0.0000,0.0000,0.0000
2.7167,19.7934,0.0000,20663.2898,1627.1317,439.0624,0.0000,0.0000,0.0000
2.7333,19.7934,0.0000,20661.5032,1626.9552,439.0628,0.0000,0.0000,0.0000
2.7500,19.7934,0.0000,20659.7510,1626.7822,439.0632,0.0000,0.0000,0.0000
2.7667,19.7934,0.0000,20658.0325,1626.6124,439.0636,0.0000,0.0000,0.0000
2.7833,19.7934,0.0000,20656.3470,1626.4459,439.0639,0.0000,0.0000,0.0000
2.8000,19.7935,0.0000,20654.6937,1626.2826,439.0643,0.0000,0.0000,0.0000
2.8167,19.7935,0.0000,20653.0719,1626.1224,439.0647,0.0000,0.0000,0.0000
2.8333,19.7935,0.0000,20651.4809,1625.9653,439.0650,0.0000,0.0000,0.0000
2.8500,19.7935,0.0000,20649.9200,1625.8111,439.0654,0.0000,0.0000,0.0000
2.8667,19.7935,0.0000,20648.3886,1625.6598,439.0657,0.0000,0.0000,0.0000
2.8833,19.7935,0.0000,20646.8861,1625.5113,439.0660,0.0000,0.0000,0.0000
2.9000,19.7935,0.0000,20645.4118,1625.3656,439.0664,0.0000,0.0000,0.0000
2.9167,19.7936,0.0000,20643.9651,1625.2227,439.0667,0.0000,0.0000,0.0000
2.9333,19.7936,0.0000,20642.5456,1625.0824,439.0670,0.0000,0.0000,0.0000
2.9500,19.7936,0.0000,20641.1525,1624.9448,439.0673,0.0000,0.0000,0.0000
2.9667,19.7936,0.0000,20639.7854,1624.8097,439.0676,0.0000,0.0000,0.0000
2.9833,19.7936,0.0000,20638.4437,1624.6771,439.0679,0.0000,0.0000,0.0000
3.0000,19.7936,0.0000,20637.1269,1624.5470,439.0682,0.0000,0.0000,0.0000
3.0167,19.7936,0.0000,20635.2769,1624.3821,439.0686,0.0000,0.0000,0.0000
3.0333,19.7937,0.0000,20633.5930,1624.2200,439.0690,0.0000,0.0000,0.0000
3.0500,19.7937,0.0000,20631.9733,1624.0602,439.0694,0.0000,0.0000,0.0000
3.0667,19.7937,0.0000,20630.3855,1623.9024,439.0697,0.0000,0.0000,0.0000
3.0833,19.7937,0.0000,20628.8164,1623.7459,439.0701,0.0000,0.0000,0.0000
3.1000,19.7937,0.0000,20627.2590,1623.5903,439.0704,0.0000,0.0000,0.0000
3.1167,19.7937,0.0000,20625.7092,1623.4353,439.0707,0.0000,0.0000,0.0000
3.1333,19.7938,0.0000,20624.1641,1623.2806,439.0711,0.0000,0.0000,0.0000
3.1500,19.7938,0.0000,20622.6221,1623.1262,439.0714,0.0000,0.0000,0.0000
3.1667,19.7938,0.0000,20621.0826,1622.9720,439.0718,0.0000,0.0000,0.0000
3.1833,19.7938,0.0000,20619.5457,1622.8181,439.0721,0.0000,0.0000,0.0000
3.2000,19.7938,0.0000,20618.0116,1622.6645,439.0725,0.0000,0.0000,0.0000
3.2167,19.7938,0.0000,20616.9549,1622.5456,439.0727,0.0000,0.0000,0.0000
3.2333,19.7938,0.0000,20615.8306,1622.4274,439.0729,0.0000,0.0000,0.0000
3.2500,19.7939,0.0000,20614.6790,1622.3097,439.0732,0.0000,0.0000,0.0000
3.2667,19.7939,0.0000,20613.5180,1622.1926,439.0734,0.0000,0.0000,0.0000
3.2833,19.7939,0.0000,20612.3556,1622.0759,439.0737,0.0000,0.0000,0.0000
3.3000,19.7939,0.0000,20611.1957,1621.9598,439.0740,0.0000,0.0000,0.0000
3.3167,19.7939,0.0000,20610.0403,1621.8443,439.0742,0.0000,0.0000,0.0000
3.3333,19.7939,0.0000,20608.8904,1621.7295,439.0745,0.0000,0.0000,0.0000
3.3500,19.7939,0.0000,20607.7469,1621.6154,439.0747,0.0000,0.0000,0.0000
3.3667,19.7939,0.0000,20606.6103,1621.5020,439.0750,0.0000,0.0000,0.0000
3.3833,19.7939,0.0000,20605.4811,1621.3893,439.0752,0.0000,0.0000,0.0000
3.4000,19.7940,0.0000,20604.3599,1621.2776,439.0755,0.0000,0.0000,0.0000
3.4167,19.7940,0.0000,20603.2470,1621.1666,439.0757,0.0000,0.0000,0.0000
3.4333,19.7940,0.0000,20602.1429,1621.0566,439.0760,0.0000,0.0000,0.0000
3.4500,19.7940,0.0000,20601.0479,1620.9476,439.0762,0.0000,0.0000,0.0000
3.4667,19.7940,0.0000,20599.9624,1620.8395,439.0765,0.0000,0.0000,0.0000
3.4833,19.7940,0.0000,20598.8868,1620.7324,439.0767,0.0000,0.0000,0.0000
3.5000,19.7940,0.0000,20597.8213,1620.6264,439.0769,0.0000,0.0000,0.0000
3.5167,19.7940,0.0000,20596.7663,1620.5214,439.0772,0.0000,0.0000,0.0000
3.5333,19.7940,0.0000,20595.7220,1620.4175,439.0774,0.0000,0.0000,0.0000
3.5500,19.7941,0.0000,20594.6887,1620.3148,439.0776,0.0000,0.0000,0.0000
3.5667,19.7941,0.0000,20593.6666,1620.2132,439.0779,0.0000,0.0000,0.0000
3.5833,19.7941,0.0000,20592.6559,1620.1127,439.0781,0.0000,0.0000,0.0000
3.6000,19.7941,0.0000,20591.6569,1620.0135,439.0783,0.0000,0.0000,0.0000
3.6167,19.7941,0.0000,20590.6696,1619.9154,439.0785,0.0000,0.0000,0.0000
3.6333,19.7941,0.0000,20589.6944,1619.8185,439.0787,0.0000,0.0000,0.0000
3.6500,19.7941,0.0000,20588.7312,1619.7229,439.0789,0.0000,0.0000,0.0000
3.6667,19.7941,0.0000,20587.7804,1619.6285,439.0792,0.0000,0.0000,0.0000
3.6833,19.7941,0.0000,20586.8419,1619.5354,439.0794,0.0000,0.0000,0.0000
3.7000,19.7941,0.0000,20585.9158,1619.4435,439.0796,0.0000,0.0000,0.0000
3.7167,19.7941,0.0000,20585.0024,1619.3529,439.0798,0.0000,0.0000,0.0000
3.7333,19.7942,0.0000,20584.1015,1619.2635,439.0800,0.0000,0.0000,0.0000
3.7500,19.7942,0.0000,20583.2135,1619.1754,439.0802,0.0000,0.0000,0.0000
3.7667,19.7942,0.0000,20582.3381,1619.0887,439.0804,0.0000,0.0000,0.0000
3.7833,19.7942,0.0000,20581.4756,1619.0032,439.0806,0.0000,0.0000,0.0000
3.8000,19.7942,0.0000,20580.6259,1618.9190,439.0807,0.0000,0.0000,0.0000
3.8167,19.7942,0.0000,20579.7891,1618.8360,439.0809,0.0000,0.0000,0.0000
3.8333,19.7942,0.0000,20578.9652,1618.7544,439.0811,0.0000,0.0000,0.0000
3.8500,19.7942,0.0000,20578.1542,1618.6741,439.0813,0.0000,0.0000,0.0000
3.8667,19.7942,0.0000,20577.3561,1618.5951,439.0815,0.0000,0.0000,0.0000
3.8833,19.7942,0.0000,20576.5708,1618.5173,439.0816,0.0000,0.0000,0.0000
3.9000,19.7942,0.0000,20575.7984,1618.4408,439.0818,0.0000,0.0000,0.0000
3.9167,19.7942,0.0000,20575.0388,1618.3657,439.0820,0.0000,0.0000,0.0000
3.9333,19.7943,0.0000,20574.2921,1618.2918,439.0821,0.0000,0.0000,0.0000
3.9500,19.7943,0.0000,20573.5581,1618.2192,439.0823,0.0000,0.0000,0.0000
3.9667,19.7943,0.0000,20572.8368,1618.1478,439.0825,0.0000,0.0000,0.0000
3.9833,19.7943,0.0000,20572.1282,1618.0777,439.0826,0.0000,0.0000,0.0000
4.0000,19.7943,0.0000,20571.4322,1618.0089,439.0828,0.0000,0.0000,0.0000
4.0167,19.7943,0.0000,20570.7487,1617.9413,439.0829,0.0000,0.0000,0.0000
4.0333,19.7943,0.0000,20570.0777,1617.8750,439.0831,0.0000,0.0000,0.0000
4.0500,19.7943,0.0000,20569.4192,1617.8099,439.0832,0.0000,0.0000,0.0000
4.0667,19.7943,0.0000,20568.7729,1617.7461,439.0834,0.0000,0.0000,0.0000
4.0833,19.7943,0.0000,20568.1389,1617.6834,439.0835,0.0000,0.0000,0.0000
4.1000,19.7943,0.0000,20567.5170,1617.6220,439.0837,0.0000,0.0000,0.0000
4.1167,19.7943,0.0000,20566.9070,1617.5618,439.0838,0.0000,0.0000,0.0000
4.1333,19.7943,0.0000,20566.3090,1617.5027,439.0839,0.0000,0.0000,0.0000
4.1500,19.7943,0.0000,20565.7228,1617.4448,439.0840,0.0000,0.0000,0.0000
4.1667,19.7943,0.0000,20565.1481,1617.3881,439.0842,0.0000,0.0000,0.0000
4.1833,19.7944,0.0000,20564.5850,1617.3325,439.0843,0.0000,0.0000,0.0000
4.2000,19.7944,0.0000,20564.0333,1617.2781,439.0844,0.0000,0.0000,0.0000
4.2167,19.7944,0.0000,20563.4929,1617.2247,439.0845,0.0000,0.0000,0.0000
4.2333,19.7944,0.0000,20562.9636,1617.1725,439.0847,0.0000,0.0000,0.0000
4.2500,19.7944,0.0000,20562.4452,1617.1214,439.0848,0.0000,0.0000,0.0000
4.2667,19.7944,0.0000,20561.9378,1617.0713,439.0849,0.0000,0.0000,0.0000
4.2833,19.7944,0.0000,20561.4410,1617.0223,439.0850,0.0000,0.0000,0.0000
4.3000,19.7944,0.0000,20560.9549,1616.9744,439.0851,0.0000,0.0000,0.0000
4.3167,19.7944,0.0000,20560.4791,1616.9275,439.0852,0.0000,0.0000,0.0000
4.3333,19.7944,0.0000,20560.0137,1616.8816,439.0853,0.0000,0.0000,0.0000
4.3500,19.7944,0.0000,20559.5585,1616.8367,439.0854,0.0000,0.0000,0.0000
4.3667,19.7944,0.0000,20559.1134,1616.7929,439.0855,0.0000,0.0000,0.0000
4.3833,19.7944,0.0000,20558.6782,1616.7500,439.0856,0.0000,0.0000,0.0000
4.4000,19.7944,0.0000,20558.2527,1616.7081,439.0857,0.0000,0.0000,0.0000
4.4167,19.7944,0.0000,20557.8370,1616.6671,439.0858,0.0000,0.0000,0.0000
4.4333,19.7944,0.0000,20557.4307,1616.6271,439.0859,0.0000,0.0000,0.0000
4.4500,19.7944,0.0000,20557.0339,1616.5880,439.0860,0.0000,0.0000,0.0000
4.4667,19.7944,0.0000,20556.6464,1616.5499,439.0861,0.0000,0.0000,0.0000
4.4833,19.7944,0.0000,20556.2680,1616.5126,439.0861,0.0000,0.0000,0.0000
4.5000,19.7944,0.0000,20555.8986,1616.4763,439.0862,0.0000,0.0000,0.0000
4.5167,19.7944,0.0000,20555.5381,1616.4408,439.0863,0.0000,0.0000,0.0000
4.5333,19.7944,0.0000,20555.1865,1616.4062,439.0864,0.0000,0.0000,0.0000
4.5500,19.7945,0.0000,20554.8434,1616.3725,439.0865,0.0000,0.0000,0.0000
4.5667,19.7945,0.0000,20554.5090,1616.3396,439.0865,0.0000,0.0000,0.0000
4.5833,19.7945,0.0000,20554.1829,1616.3075,439.0866,0.0000,0.0000,0.0000
4.6000,19.7945,0.0000,20553.8652,1616.2763,439.0867,0.0000,0.0000,0.0000
4.6167,19.7945,0.0000,20553.5557,1616.2459,439.0867,0.0000,0.0000,0.0000
4.6333,19.7945,0.0000,20553.2542,1616.2163,439.0868,0.0000,0.0000,0.0000
4.6500,19.7945,0.0000,20552.9607,1616.1874,439.0869,0.0000,0.0000,0.0000
4.6667,19.7945,0.0000,20552.6750,1616.1594,439.0869,0.0000,0.0000,0.0000
4.6833,19.7945,0.0000,20552.3971,1616.1321,439.0870,0.0000,0.0000,0.0000
4.7000,19.7945,0.0000,20552.1269,1616.1056,439.0871,0.0000,0.0000,0.0000
4.7167,19.7945,0.0000,20551.8641,1616.0798,439.0871,0.0000,0.0000,0.0000
4.7333,19.7945,0.0000,20551.6087,1616.0548,439.0872,0.0000,0.0000,0.0000
4.7500,19.7945,0.0000,20551.2139,1616.0215,439.0873,0.0000,0.0000,0.0000
4.7667,19.7945,0.0000,20550.8812,1615.9901,439.0873,0.0000,0.0000,0.0000
4.7833,19.7945,0.0000,20550.6151,1615.9629,439.0874,0.0000,0.0000,0.0000
4.8000,19.7945,0.0000,20550.3648,1615.9386,439.0875,0.0000,0.0000,0.0000
4.8167,19.7945,0.0000,20550.1407,1615.9172,439.0875,0.0000,0.0000,0.0000
4.8333,19.7945,0.0000,20549.9470,1615.8991,439.0875,0.0000,0.0000,0.0000
4.8500,19.7945,0.0000,20549.7855,1615.8842,439.0876,0.0000,0.0000,0.0000
4.8667,19.7945,0.0000,20549.6565,1615.8727,439.0876,0.0000,0.0000,0.0000
4.8833,19.7945,0.0000,20549.5592,1615.8642,439.0876,0.0000,0.0000,0.0000
4.9000,19.7945,0.0000,20549.4921,1615.8588,439.0877,0.0000,0.0000,0.0000
4.9167,19.7945,0.0000,20549.4534,1615.8561,439.0877,0.0000,0.0000,0.0000
4.9333,19.7945,0.0000,20549.4410,1615.8559,439.0877,0.0000,0.0000,0.0000
4.9500,19.7945,0.0000,20549.4524,1615.8581,439.0877,0.0000,0.0000,0.0000
4.9667,19.7945,0.0000,20549.4856,1615.8623,439.0877,0.0000,0.0000,0.0000
4.9833,19.7945,0.0000,20549.5381,1615.8684,439.0876,0.0000,0.0000,0.0000
5.0000,19.7945,0.0000,20549.6078,1615.8761,439.0876,0.0000,0.0000,0.0000
5.0167,19.7947,0.0550,20527.2644,1613.9800,437.8726,0.0000,0.0000,0.0000
5.0333,19.7950,0.1100,20496.8436,1612.1100,436.6593,0.0000,0.0000,0.0000
5.0500,19.7953,0.1650,20466.0954,1610.2385,435.4461,0.0000,0.0000,0.0000
5.0667,19.7956,0.2200,20435.2452,1608.3635,434.2329,0.0000,0.0000,0.0000
5.0833,19.7960,0.2750,20404.3317,1606.4833,433.0197,0.0000,0.0000,0.0000
5.1000,19.7963,0.3300,20373.3490,1604.5959,431.8066,0.0000,0.0000,0.0000
5.1167,19.7966,0.3850,20342.2801,1602.6994,430.5934,0.0000,0.0000,0.0000
5.1333,19.7969,0.4400,20311.1050,1600.7916,429.3803,0.0000,0.0000,0.0000
5.1500,19.7972,0.4950,20279.8031,1598.8704,428.1672,0.0000,0.0000,0.0000
5.1667,19.7975,0.5500,20248.3543,1596.9338,426.9542,0.0000,0.0000,0.0000
5.1833,19.7978,0.6050,20216.7390,1594.9799,425.7412,0.0000,0.0000,0.0000
5.2000,19.7982,0.6600,20184.9391,1593.0069,424.5282,0.0000,0.0000,0.0000
5.2167,19.7985,0.7150,20152.9374,1591.0132,423.3153,0.0000,0.0000,0.0000
5.2333,19.7988,0.7700,20120.7184,1588.9971,422.1024,0.0000,0.0000,0.0000
5.2500,19.7991,0.8250,20088.2676,1586.9574,420.8896,0.0000,0.0000,0.0000
5.2667,19.7994,0.8800,20055.5722,1584.8927,419.6768,0.0000,0.0000,0.0000
5.2833,19.7998,0.9350,20022.6204,1582.8020,418.4641,0.0000,0.0000,0.0000
5.3000,19.8001,0.9900,19989.4020,1580.6842,417.2514,0.0000,0.0000,0.0000
5.3167,19.8004,1.0450,19955.9076,1578.5385,416.0388,0.0000,0.0000,0.0000
5.3333,19.8008,1.1000,19922.1294,1576.3640,414.8263,0.0000,0.0000,0.0000
5.3500,19.8011,1.1550,19888.0602,1574.1602,413.6138,0.0000,0.0000,0.0000
5.3667,19.8015,1.2100,19853.6942,1571.9264,412.4014,0.0000,0.0000,0.0000
5.3833,19.8018,1.2650,19819.0263,1569.6623,411.1891,0.0000,0.0000,0.0000
5.4000,19.8022,1.3200,19784.0524,1567.3673,409.9768,0.0000,0.0000,0.0000
5.4167,19.8025,1.3750,19748.7692,1565.0412,408.7646,0.0000,0.0000,0.0000
5.4333,19.8029,1.4300,19713.1742,1562.6838,407.5525,0.0000,0.0000,0.0000
5.4500,19.8032,1.4850,19677.2656,1560.2949,406.3404,0.0000,0.0000,0.0000
5.4667,19.8036,1.5400,19641.0422,1557.8744,405.1284,0.0000,0.0000,0.0000
5.4833,19.8040,1.5950,19604.5035,1555.4223,403.9165,0.0000,0.0000,0.0000
5.5000,19.8043,1.6500,19567.6495,1552.9385,402.7047,0.0000,0.0000,0.0000
5.5167,19.8047,1.7050,19530.4806,1550.4233,401.4929,0.0000,0.0000,0.0000
5.5333,19.8051,1.7600,19492.9979,1547.8766,400.2812,0.0000,0.0000,0.0000
5.5500,19.8054,1.8150,19455.2028,1545.2987,399.0695,0.0000,0.0000,0.0000
5.5667,19.8058,1.8700,19417.0971,1542.6897,397.8579,0.0000,0.0000,0.0000
5.5833,19.8062,1.9250,19378.6829,1540.0498,396.6464,0.0000,0.0000,0.0000
5.6000,19.8066,1.9800,19339.9628,1537.3794,395.4350,0.0000,0.0000,0.0000
5.6167,19.8070,2.0350,19300.9394,1534.6786,394.2236,0.0000,0.0000,0.0000
5.6333,19.8074,2.0900,19261.6158,1531.9479,393.0123,0.0000,0.0000,0.0000
5.6500,19.8078,2.1450,19221.9952,1529.1875,391.8011,0.0000,0.0000,0.0000
5.6667,19.8082,2.2000,19182.0811,1526.3978,390.5899,0.0000,0.0000,0.0000
5.6833,19.8086,2.2550,19141.8770,1523.5792,389.3788,0.0000,0.0000,0.0000
5.7000,19.8090,2.3100,19101.3869,1520.7320,388.1678,0.0000,0.0000,0.0000
5.7167,19.8094,2.3650,19060.6145,1517.8566,386.9568,0.0000,0.0000,0.0000
5.7333,19.8098,2.4200,19019.5639,1514.9536,385.7459,0.0000,0.0000,0.0000
5.7500,19.8102,2.4750,18978.2394,1512.0231,384.5350,0.0000,0.0000,0.0000
5.7667,19.8106,2.5300,18936.6450,1509.0658,383.3242,0.0000,0.0000,0.0000
5.7833,19.8111,2.5850,18894.7852,1506.0820,382.1135,0.0000,0.0000,0.0000
5.8000,19.8115,2.6400,18852.6642,1503.0722,380.9028,0.0000,0.0000,0.0000
5.8167,19.8119,2.6950,18810.2865,1500.0368,379.6921,0.0000,0.0000,0.0000
5.8333,19.8123,2.7500,18767.6566,1496.9762,378.4816,0.0000,0.0000,0.0000
5.8500,19.8128,2.8050,18724.7789,1493.8910,377.2711,0.0000,0.0000,0.0000
5.8667,19.8132,2.8600,18681.6579,1490.7815,376.0606,0.0000,0.0000,0.0000
5.8833,19.8136,2.9150,18638.2981,1487.6482,374.8502,0.0000,0.0000,0.0000
5.9000,19.8141,2.9700,18594.7040,1484.4916,373.6398,0.0000,0.0000,0.0000
5.9167,19.8145,3.0250,18550.8802,1481.3121,372.4295,0.0000,0.0000,0.0000
5.9333,19.8149,3.0800,18506.8310,1478.1102,371.2193,0.0000,0.0000,0.0000
5.9500,19.8154,3.1350,18462.5610,1474.8863,370.0091,0.0000,0.0000,0.0000
5.9667,19.8158,3.1900,18418.0745,1471.6408,368.7989,0.0000,0.0000,0.0000
5.9833,19.8163,3.2450,18373.3761,1468.3743,367.5888,0.0000,0.0000,0.0000
6.0000,19.8167,3.3000,18328.4700,1465.0871,366.3787,0.0000,0.0000,0.0000
6.0167,19.8168,3.2817,18316.7254,1464.3883,366.7880,1.1046,0.0000,0.0000
6.0333,19.8169,3.2633,18311.0271,1463.6464,367.1960,2.2092,0.0000,0.0000
6.0500,19.8169,3.2450,18306.8390,1462.8785,367.6036,3.3138,0.0000,0.0000
6.0667,19.8170,3.2267,18302.9306,1462.0906,368.0111,4.4184,0.0000,0.0000
6.0833,19.8170,3.2083,18298.9792,1461.2857,368.4187,5.5230,0.0000,0.0000
6.1000,19.8171,3.1900,18294.9118,1460.4665,368.8262,6.6276,0.0000,0.0000
6.1167,19.8171,3.1717,18290.7246,1459.6351,369.2338,7.7322,0.0000,0.0000
6.1333,19.8171,3.1533,18286.4329,1458.7940,369.6415,8.8368,0.0000,0.0000
6.1500,19.8172,3.1350,18282.0572,1457.9453,370.0491,9.9414,0.0000,0.0000
6.1667,19.8172,3.1167,18277.6192,1457.0912,370.4568,11.0460,0.0000,0.0000
6.1833,19.8173,3.0983,18273.1404,1456.2340,370.8644,12.1506,0.0000,0.0000
6.2000,19.8173,3.0800,18268.6415,1455.3756,371.2721,13.2552,0.0000,0.0000
6.2167,19.8174,3.0617,18264.1428,1454.5181,371.6798,14.3598,0.0000,0.0000
6.2333,19.8174,3.0433,18259.6631,1453.6632,372.0875,15.4644,0.0000,0.0000
6.2500,19.8174,3.0250,18255.2226,1452.8132,372.4951,16.5690,0.0000,0.0000
6.2667,19.8175,3.0067,18250.8411,1451.9699,372.9028,17.6736,0.0000,0.0000
6.2833,19.8175,2.9883,18246.5374,1451.1351,373.3104,18.7782,0.0000,0.0000
6.3000,19.8176,2.9700,18242.3284,1450.3106,373.7180,19.8828,0.0000,0.0000
6.3167,19.8176,2.9517,18238.2291,1449.4977,374.1256,20.9874,0.0000,0.0000
6.3333,19.8177,2.9333,18234.2524,1448.6976,374.5331,22.0920,0.0000,0.0000
6.3500,19.8177,2.9150,18230.4101,1447.9115,374.9407,23.1966,0.0000,0.0000
6.3667,19.8177,2.8967,18226.7124,1447.1403,375.3482,24.3012,0.0000,0.0000
6.3833,19.8178,2.8783,18223.1689,1446.3849,375.7556,25.4058,0.0000,0.0000
6.4000,19.8178,2.8600,18219.7880,1445.6462,376.1631,26.5104,0.0000,0.0000
6.4167,19.8178,2.8417,18216.5776,1444.9249,376.5704,27.6150,0.0000,0.0000
6.4333,19.8179,2.8233,18213.5451,1444.2218,376.9778,28.7196,0.0000,0.0000
6.4500,19.8179,2.8050,18210.6971,1443.5374,377.3851,29.8242,0.0000,0.0000
6.4667,19.8179,2.7867,18208.0397,1442.8723,377.7924,30.9288,0.0000,0.0000
6.4833,19.8179,2.7683,18205.5784,1442.2272,378.1996,32.0334,0.0000,0.0000
6.5000,19.8180,2.7500,18203.3183,1441.6024,378.6068,33.1380,0.0000,0.0000
6.5167,19.8180,2.7317,18201.2640,1440.9985,379.0139,34.2426,0.0000,0.0000
6.5333,19.8180,2.7133,18199.4196,1440.4157,379.4210,35.3472,0.0000,0.0000
6.5500,19.8180,2.6950,18197.7885,1439.8545,379.8280,36.4518,0.0000,0.0000
6.5667,19.8180,2.6767,18196.3741,1439.3152,380.2350,37.5564,0.0000,0.0000
6.5833,19.8180,2.6583,18195.1791,1438.7979,380.6419,38.6610,0.0000,0.0000
6.6000,19.8181,2.6400,18194.2058,1438.3030,381.0488,39.7656,0.0000,0.0000
6.6167,19.8181,2.6217,18193.4563,1437.8305,381.4557,40.8702,0.0000,0.0000
6.6333,19.8181,2.6033,18192.9322,1437.3807,381.8625,41.9748,0.0000,0.0000
6.6500,19.8181,2.5850,18192.6348,1436.9538,382.2692,43.0794,0.0000,0.0000
6.6667,19.8181,2.5667,18192.5651,1436.5496,382.6759,44.1840,0.0000,0.0000
6.6833,19.8181,2.5483,18192.7238,1436.1684,383.0825,45.2886,0.0000,0.0000
6.7000,19.8181,2.5300,18193.1114,1435.8102,383.4891,46.3932,0.0000,0.0000
6.7167,19.8181,2.5117,18193.7280,1435.4749,383.8957,47.4978,0.0000,0.0000
6.7333,19.8181,2.4933,18194.5736,1435.1625,384.3022,48.6024,0.0000,0.0000
6.7500,19.8180,2.4750,18195.2228,1434.8120,384.7087,49.7070,0.0000,0.0000
6.7667,19.8180,2.4567,18196.0076,1434.4886,385.1152,50.8116,0.0000,0.0000
6.7833,19.8180,2.4383,18197.4115,1434.2507,385.5216,51.9162,0.0000,0.0000
6.8000,19.8180,2.4200,18199.1816,1434.0365,385.9278,53.0208,0.0000,0.0000
6.8167,19.8180,2.4017,18201.2239,1433.8457,386.3341,54.1254,0.0000,0.0000
6.8333,19.8180,2.3833,18203.5105,1433.6784,386.7402,55.2300,0.0000,0.0000
6.8500,19.8179,2.3650,18206.0320,1433.5343,387.1463,56.3346,0.0000,0.0000
6.8667,19.8179,2.3467,18208.7836,1433.4130,387.5524,57.4392,0.0000,0.0000
6.8833,19.8179,2.3283,18211.7617,1433.3143,387.9584,58.5438,0.0000,0.0000
6.9000,19.8179,2.3100,18214.9631,1433.2378,388.3644,59.6484,0.0000,0.0000
6.9167,19.8178,2.2917,18218.3847,1433.1832,388.7703,60.7530,0.0000,0.0000
6.9333,19.8178,2.2733,18222.0234,1433.1503,389.1762,61.8576,0.0000,0.0000
6.9500,19.8177,2.2550,18225.8761,1433.1387,389.5820,62.9622,0.0000,0.0000
6.9667,19.8177,2.2367,18229.9400,1433.1482,389.9878,64.0668,0.0000,0.0000
6.9833,19.8177,2.2183,18234.2120,1433.1783,390.3935,65.1714,0.0000,0.0000
7.0000,19.8176,2.2000,18238.6891,1433.2290,390.7992,66.2760,0.0000,0.0000
7.0167,19.8177,2.2183,18227.5588,1431.9068,390.3950,79.8468,0.0000,0.0000
7.0333,19.8179,2.2367,18211.5721,1430.5191,389.9918,93.4176,0.0000,0.0000
7.0500,19.8181,2.2550,18193.7908,1429.0717,389.5891,106.9884,0.0000,0.0000
7.0667,19.8182,2.2733,18175.1339,1427.5729,389.1866,120.5592,0.0000,0.0000
7.0833,19.8184,2.2917,18155.9108,1426.0297,388.7842,134.1300,0.0000,0.0000
7.1000,19.8186,2.3100,18136.2486,1424.4476,388.3818,147.7008,0.0000,0.0000
7.1167,19.8188,2.3283,18116.2144,1422.8309,387.9796,161.2716,0.0000,0.0000
7.1333,19.8190,2.3467,18095.8517,1421.1832,387.5775,174.8424,0.0000,0.0000
7.1500,19.8192,2.3650,18075.1927,1419.5071,387.1754,188.4132,0.0000,0.0000
7.1667,19.8195,2.3833,18054.2628,1417.8049,386.7733,201.9840,0.0000,0.0000
7.1833,19.8197,2.4017,18033.0834,1416.0786,386.3714,215.5548,0.0000,0.0000
7.2000,19.8199,2.4200,18011.6732,1414.3299,385.9694,229.1256,0.0000,0.0000
7.2167,19.8201,2.4383,17990.0490,1412.5606,385.5676,242.6964,0.0000,0.0000
7.2333,19.8203,2.4567,17968.2265,1410.7720,385.1657,256.2672,0.0000,0.0000
7.2500,19.8205,2.4750,17946.2211,1408.9657,384.7639,269.8380,0.0000,0.0000
7.2667,19.8208,2.4933,17924.0481,1407.1433,384.3622,283.4088,0.0000,0.0000
7.2833,19.8210,2.5117,17901.7232,1405.3064,383.9604,296.9796,0.0000,0.0000
7.3000,19.8212,2.5300,17879.2631,1403.4566,383.5587,310.5504,0.0000,0.0000
7.3167,19.8214,2.5483,17856.6856,1401.5958,383.1571,324.1212,0.0000,0.0000
7.3333,19.8217,2.5667,17834.0102,1399.7260,382.7554,337.6920,0.0000,0.0000
7.3500,19.8219,2.5850,17811.2587,1397.8496,382.3538,351.2628,0.0000,0.0000
7.3667,19.8221,2.6033,17788.4552,1395.9690,381.9522,364.8336,0.0000,0.0000
7.3833,19.8223,2.6217,17765.6277,1394.0872,381.5506,378.4044,0.0000,0.0000
7.4000,19.8226,2.6400,17742.8079,1392.2076,381.1490,391.9752,0.0000,0.0000
7.4167,19.8228,2.6583,17720.0332,1390.3341,380.7473,405.5460,0.0000,0.0000
7.4333,19.8230,2.6767,17697.3481,1388.4716,380.3457,419.1168,0.0000,0.0000
7.4500,19.8233,2.6950,17674.8063,1386.6259,379.9440,432.6876,0.0000,0.0000
7.4667,19.8235,2.7133,17652.4751,1384.8042,379.5423,446.2584,0.0000,0.0000
7.4833,19.8237,2.7317,17630.4409,1383.0163,379.1405,459.8292,0.0000,0.0000
7.5000,19.8239,2.7500,17608.8211,1381.2754,378.7386,473.4000,0.0000,0.0000
7.5167,19.8241,2.7683,17587.7885,1379.6016,378.3366,486.9708,0.0000,0.0000
7.5333,19.8243,2.7867,17567.6356,1378.0312,377.9344,500.5416,0.0000,0.0000
7.5500,19.8245,2.8050,17549.0909,1376.6747,377.5319,514.1124,0.0000,0.0000
7.5667,19.8247,2.8233,17529.3244,1374.8383,377.1296,527.6832,0.0000,0.0000
7.5833,19.8250,2.8417,17503.1016,1372.4663,376.7287,541.2540,0.0000,0.0000
7.6000,19.8253,2.8600,17473.5224,1369.7804,376.3286,554.8248,0.0000,0.0000
7.6167,19.8256,2.8783,17441.2405,1366.8446,375.9291,568.3956,0.0000,0.0000
7.6333,19.8259,2.8967,17406.6547,1363.6921,375.5301,581.9664,0.0000,0.0000
7.6500,19.8263,2.9150,17370.0216,1360.3440,375.1315,595.5372,0.0000,0.0000
7.6667,19.8267,2.9333,17331.5153,1356.8148,374.7334,609.1080,0.0000,0.0000
7.6833,19.8271,2.9517,17291.2613,1353.1153,374.3356,622.6788,0.0000,0.0000
7.7000,19.8276,2.9700,17244.6224,1349.0387,373.9393,636.2496,0.0000,0.0000
7.7167,19.8280,2.9883,17198.1813,1344.7937,373.5429,649.8204,0.0000,0.0000
7.7333,19.8285,3.0067,17150.5733,1340.3908,373.1468,663.3912,0.0000,0.0000
7.7500,19.8290,3.0250,17101.5272,1335.8356,372.7510,676.9620,0.0000,0.0000
7.7667,19.8295,3.0433,17051.0124,1331.1324,372.3556,690.5328,0.0000,0.0000
7.7833,19.8300,3.0617,16999.0481,1326.2845,371.9604,704.1036,0.0000,0.0000
7.8000,19.8305,3.0800,16945.6613,1321.2949,371.5656,717.6744,0.0000,0.0000
7.8167,19.8311,3.0983,16890.8775,1316.1662,371.1711,731.2452,0.0000,0.0000
7.8333,19.8317,3.1167,16834.7198,1310.9004,370.7768,744.8160,0.0000,0.0000
7.8500,19.8322,3.1350,16777.2091,1305.4998,370.3829,758.3868,0.0000,0.0000
7.8667,19.8328,3.1533,16718.3639,1299.9659,369.9893,771.9576,0.0000,0.0000
7.8833,19.8334,3.1717,16658.2013,1294.3006,369.5960,785.5284,0.0000,0.0000
7.9000,19.8340,3.1900,16596.7373,1288.5053,369.2029,799.0992,0.0000,0.0000
7.9167,19.8347,3.2083,16533.9865,1282.5816,368.8102,812.6700,0.0000,0.0000
7.9333,19.8353,3.2267,16469.9631,1276.5308,368.4177,826.2408,0.0000,0.0000
7.9500,19.8360,3.2450,16404.6803,1270.3542,368.0255,839.8116,0.0000,0.0000
7.9667,19.8366,3.2633,16338.1509,1264.0530,367.6336,853.3824,0.0000,0.0000
7.9833,19.8373,3.2817,16270.3874,1257.6286,367.2419,866.9532,0.0000,0.0000
8.0000,19.8380,3.3000,16201.4018,1251.0820,366.8506,880.5240,0.0000,0.0000
8.0167,19.8389,3.3650,16112.7111,1243.0452,365.4284,884.3112,0.0000,0.0000
8.0333,19.8398,3.4300,16020.1425,1235.0948,364.0071,888.0984,0.0000,0.0000
8.0500,19.8407,3.4950,15927.0432,1227.1913,362.5859,891.8856,0.0000,0.0000
8.0667,19.8417,3.5600,15834.0272,1219.3141,361.1647,895.6728,0.0000,0.0000
8.0833,19.8426,3.6250,15741.1350,1211.4503,359.7434,899.4600,0.0000,0.0000
8.1000,19.8435,3.6900,15648.3023,1203.5903,358.3222,903.2472,0.0000,0.0000
8.1167,19.8444,3.7550,15555.4576,1195.7268,356.9009,907.0344,0.0000,0.0000
8.1333,19.8454,3.8200,15462.5390,1187.8538,355.4797,910.8216,0.0000,0.0000
8.1500,19.8463,3.8850,15369.4948,1179.9666,354.0585,914.6088,0.0000,0.0000
8.1667,19.8472,3.9500,15276.2818,1172.0611,352.6373,918.3960,0.0000,0.0000
8.1833,19.8482,4.0150,15182.8639,1164.1339,351.2162,922.1832,0.0000,0.0000
8.2000,19.8491,4.0800,15089.2102,1156.1820,349.7951,925.9704,0.0000,0.0000
8.2167,19.8500,4.1450,14995.2948,1148.2031,348.3741,929.7576,0.0000,0.0000
8.2333,19.8510,4.2100,14901.0955,1140.1950,346.9531,933.5448,0.0000,0.0000
8.2500,19.8519,4.2750,14806.5935,1132.1560,345.5322,937.3320,0.0000,0.0000
8.2667,19.8529,4.3400,14711.7726,1124.0845,344.1114,941.1192,0.0000,0.0000
8.2833,19.8538,4.4050,14616.6196,1115.9793,342.6907,944.9064,0.0000,0.0000
8.3000,19.8548,4.4700,14521.1230,1107.8393,341.2700,948.6936,0.0000,0.0000
8.3167,19.8557,4.5350,14425.2736,1099.6636,339.8494,952.4808,0.0000,0.0000
8.3333,19.8567,4.6000,14329.0635,1091.4515,338.4289,956.2680,0.0000,0.0000
8.3500,19.8577,4.6650,14232.4868,1083.2025,337.0085,960.0552,0.0000,0.0000
8.3667,19.8586,4.7300,14135.5383,1074.9161,335.5881,963.8424,0.0000,0.0000
8.3833,19.8596,4.7950,14038.2146,1066.5919,334.1679,967.6296,0.0000,0.0000
8.4000,19.8606,4.8600,13940.5130,1058.2298,332.7477,971.4168,0.0000,0.0000
8.4167,19.8616,4.9250,13842.4321,1049.8296,331.3276,975.2040,0.0000,0.0000
8.4333,19.8626,4.9900,13743.9721,1041.3914,329.9076,978.9912,0.0000,0.0000
8.4500,19.8635,5.0550,13645.1342,1032.9154,328.4877,982.7784,0.0000,0.0000
8.4667,19.8645,5.1200,13545.9205,1024.4018,327.0678,986.5656,0.0000,0.0000
8.4833,19.8655,5.1850,13446.3333,1015.8508,325.6481,990.3528,0.0000,0.0000
8.5000,19.8665,5.2500,13346.3752,1007.2628,324.2284,994.1400,0.0000,0.0000
8.5167,19.8675,5.3150,13246.0489,998.6379,322.8088,997.9272,0.0000,0.0000
8.5333,19.8685,5.3800,13145.3568,989.9765,321.3893,1001.7144,0.0000,0.0000
8.5500,19.8696,5.4450,13044.3019,981.2788,319.9699,1005.5016,0.0000,0.0000
8.5667,19.8706,5.5100,12942.8870,972.5451,318.5505,1009.2888,0.0000,0.0000
8.5833,19.8716,5.5750,12841.1151,963.7757,317.1312,1013.0760,0.0000,0.0000
8.6000,19.8726,5.6400,12738.9895,954.9709,315.7120,1016.8632,0.0000,0.0000
8.6167,19.8736,5.7050,12636.5138,946.1312,314.2929,1020.6504,0.0000,0.0000
8.6333,19.8747,5.7700,12533.6917,937.2569,312.8739,1024.4376,0.0000,0.0000
8.6500,19.8757,5.8350,12430.5270,928.3484,311.4549,1028.2248,0.0000,0.0000
8.6667,19.8767,5.9000,12327.0239,919.4061,310.0360,1032.0120,0.0000,0.0000
8.6833,19.8778,5.9650,12223.1867,910.4305,308.6172,1035.7992,0.0000,0.0000
8.7000,19.8788,6.0300,12119.0196,901.4219,307.1985,1039.5864,0.0000,0.0000
8.7167,19.8799,6.0950,12014.5273,892.3809,305.7798,1043.3736,0.0000,0.0000
8.7333,19.8809,6.1600,11909.7143,883.3079,304.3612,1047.1608,0.0000,0.0000
8.7500,19.8820,6.2250,11804.5853,874.2034,302.9427,1050.9480,0.0000,0.0000
8.7667,19.8830,6.2900,11699.1454,865.0679,301.5242,1054.7352,0.0000,0.0000
8.7833,19.8841,6.3550,11593.4000,855.9019,300.1058,1058.5224,0.0000,0.0000
8.8000,19.8851,6.4200,11487.3543,846.7060,298.6875,1062.3096,0.0000,0.0000
8.8167,19.8862,6.4850,11381.0137,837.4808,297.2692,1066.0968,0.0000,0.0000
8.8333,19.8873,6.5500,11274.3836,828.2266,295.8510,1069.8840,0.0000,0.0000
8.8500,19.8883,6.6150,11167.4690,818.9442,294.4329,1073.6712,0.0000,0.0000
8.8667,19.8894,6.6800,11060.2752,809.6339,293.0148,1077.4584,0.0000,0.0000
8.8833,19.8905,6.7450,10952.8071,800.2963,291.5968,1081.2456,0.0000,0.0000
8.9000,19.8915,6.8100,10845.0697,790.9318,290.1789,1085.0328,0.0000,0.0000
8.9167,19.8926,6.8750,10737.0679,781.5411,288.7610,1088.8200,0.0000,0.0000
8.9333,19.8937,6.9400,10628.8068,772.1245,287.3431,1092.6072,0.0000,0.0000
8.9500,19.8948,7.0050,10520.2914,762.6825,285.9253,1096.3944,0.0000,0.0000
8.9667,19.8959,7.0700,10411.5265,753.2157,284.5076,1100.1816,0.0000,0.0000
8.9833,19.8970,7.1350,10302.5172,743.7246,283.0900,1103.9688,0.0000,0.0000
9.0000,19.8981,7.2000,10193.2685,734.2097,281.6723,1107.7560,0.0000,0.0000
9.0167,19.8990,7.2100,10099.0416,725.4143,281.4714,1145.6280,0.0000,0.0000
9.0333,19.9000,7.2200,10001.0772,715.6855,281.2713,1183.5000,0.0000,0.0000
9.0500,19.9010,7.2300,9896.3755,705.1946,281.0727,1221.3720,0.0000,0.0000
9.0667,19.9021,7.2400,9785.0776,694.0492,280.8756,1259.2440,0.0000,0.0000
9.0833,19.9033,7.2500,9667.7966,682.3242,280.6798,1297.1160,0.0000,0.0000
9.1000,19.9045,7.2600,9545.1049,670.0754,280.4852,1334.9880,0.0000,0.0000
9.1167,19.9058,7.2700,9417.4685,657.3460,280.2917,1372.8600,0.0000,0.0000
9.1333,19.9071,7.2800,9285.2611,644.1706,280.0992,1410.7320,0.0000,0.0000
9.1500,19.9085,7.2900,9148.7863,630.5771,279.9076,1448.6040,0.0000,0.0000
9.1667,19.9099,7.3000,9008.2946,616.5892,279.7170,1486.4760,0.0000,0.0000
9.1833,19.9114,7.3100,8863.9954,602.2264,279.5271,1524.3480,0.0000,0.0000
9.2000,19.9128,7.3200,8716.0658,587.5055,279.3381,1562.2200,0.0000,0.0000
9.2167,19.9144,7.3300,8564.6570,572.4407,279.1499,1600.0920,0.0000,0.0000
9.2333,19.9159,7.3400,8409.8991,557.0445,278.9624,1637.9640,0.0000,0.0000
9.2500,19.9175,7.3500,8251.9043,541.3275,278.7756,1675.8360,0.0000,0.0000
9.2667,19.9191,7.3600,8090.7705,525.2990,278.5896,1713.7080,0.0000,0.0000
9.2833,19.9207,7.3700,7926.5830,508.9673,278.4042,1751.5800,0.0000,0.0000
9.3000,19.9224,7.3800,7759.4171,492.3394,278.2194,1789.4520,0.0000,0.0000
9.3167,19.9241,7.3900,7589.3388,475.4219,278.0353,1827.3240,0.0000,0.0000
9.3333,19.9258,7.4000,7416.4070,458.2202,277.8519,1865.1960,0.0000,0.0000
9.3500,19.9276,7.4100,7240.6740,440.7395,277.6690,1903.0680,0.0000,0.0000
9.3667,19.9294,7.4200,7062.1866,422.9842,277.4868,1940.9400,0.0000,0.0000
9.3833,19.9312,7.4300,6880.9870,404.9585,277.3051,1978.8120,0.0000,0.0000
9.4000,19.9330,7.4400,6697.1133,386.6660,277.1241,2016.6840,0.0000,0.0000
9.4167,19.9349,7.4500,6510.6000,368.1101,276.9437,2054.5560,0.0000,0.0000
9.4333,19.9368,7.4600,6321.4789,349.2939,276.7638,2092.4280,0.0000,0.0000
9.4500,19.9387,7.4700,6129.7791,330.2201,276.5845,2130.3000,0.0000,0.0000
9.4667,19.9406,7.4800,5935.5275,310.8915,276.4058,2168.1720,0.0000,0.0000
9.4833,19.9426,7.4900,5738.7490,291.3104,276.2276,2206.0440,0.0000,0.0000
9.5000,19.9446,7.5000,5539.4672,271.4792,276.0500,2243.9160,0.0000,0.0000
9.5167,19.9466,7.5100,5337.7041,251.4001,275.8729,2281.7880,0.0000,0.0000
9.5333,19.9487,7.5200,5133.4805,231.0750,275.6964,2319.6600,0.0000,0.0000
9.5500,19.9507,7.5300,4926.8164,210.5060,275.5204,2357.5320,0.0000,0.0000
9.5667,19.9528,7.5400,4717.7307,189.6949,275.3450,2395.4040,0.0000,0.0000
9.5833,19.9549,7.5500,4506.2420,168.6435,275.1700,2433.2760,0.0000,0.0000
9.6000,19.9571,7.5600,4292.3678,147.3537,274.9957,2471.1480,0.0000,0.0000
9.6167,19.9592,7.5700,4076.1255,125.8271,274.8218,2509.0200,0.0000,0.0000
9.6333,19.9614,7.5800,3857.5320,104.0653,274.6485,2546.8920,0.0000,0.0000
9.6500,19.9636,7.5900,3636.6037,82.0702,274.4757,2584.7640,0.0000,0.0000
9.6667,19.9659,7.6000,3413.3570,59.8432,274.3034,2622.6360,0.0000,0.0000
9.6833,19.9681,7.6100,3187.8078,37.3859,274.1316,2660.5080,0.0000,0.0000
9.7000,19.9704,7.6200,2959.9721,14.7000,273.9603,2698.3800,0.0000,0.0000
9.7167,19.9727,7.6300,2729.8657,-8.2129,273.7895,2736.2520,0.0000,0.0000
9.7333,19.9750,7.6400,2497.5043,-31.3514,273.6192,2774.1240,0.0000,0.0000
9.7500,19.9774,7.6500,2262.9034,-54.7137,273.4494,2811.9960,0.0000,0.0000
9.7667,19.9797,7.6600,2026.0787,-78.2985,273.2802,2849.8680,0.0000,0.0000
9.7833,19.9821,7.6700,1787.0459,-102.1040,273.1114,2887.7400,0.0000,0.0000
9.8000,19.9845,7.6800,1545.8205,-126.1288,272.9430,2925.6120,0.0000,0.0000
9.8167,19.9870,7.6900,1302.4182,-150.3713,272.7752,2963.4840,0.0000,0.0000
9.8333,19.9894,7.7000,1056.8547,-174.8298,272.6079,3001.3560,0.0000,0.0000
9.8500,19.9919,7.7100,809.1457,-199.5028,272.4410,3039.2280,0.0000,0.0000
9.8667,19.9944,7.7200,559.3071,-224.3888,272.2746,3077.1000,0.0000,0.0000
9.8833,19.9969,7.7300,307.3547,-249.4861,272.1086,3114.9720,0.0000,0.0000
9.9000,19.9995,7.7400,53.3046,-274.7932,271.9432,3152.8440,0.0000,0.0000
9.9167,20.0083,7.7500,0.0000,-297.4277,271.9169,3190.7160,0.0000,0.0000
9.9333,20.0245,7.7600,0.0000,-316.9408,272.0558,3228.5880,0.0000,0.0000
9.9500,20.0469,7.7700,0.0000,-333.9954,272.3310,3266.4600,0.0000,0.0000
9.9667,20.0747,7.7800,0.0000,-349.0022,272.7249,3304.3320,0.0000,0.0000
9.9833,20.1072,7.7900,0.0000,-362.2978,273.2227,3342.2040,0.0000,0.0000
10.0000,20.1437,7.8000,0.0000,-374.1607,273.8121,3380.0760,0.0000,0.0000
10.0167,20.1838,7.8183,0.0000,-384.2295,274.2947,3397.2762,0.0000,0.0000
10.0333,20.2268,7.8367,0.0000,-392.7062,274.8417,3414.4764,0.0000,0.0000
10.0500,20.2722,7.8550,0.0000,-399.9497,275.4427,3431.6766,0.0000,0.0000
10.0667,20.3197,7.8733,0.0000,-406.2255,276.0895,3448.8768,0.0000,0.0000
10.0833,20.3690,7.8917,0.0000,-411.7350,276.7755,3466.0770,0.0000,0.0000
10.1000,20.4198,7.9100,0.0000,-416.6334,277.4954,3483.2772,0.0000,0.0000
10.1167,20.4719,7.9283,0.0000,-421.0425,278.2451,3500.4774,0.0000,0.0000
10.1333,20.5252,7.9467,0.0000,-425.0584,279.0210,3517.6776,0.0000,0.0000
10.1500,20.5796,7.9650,0.0000,-428.7576,279.8205,3534.8778,0.0000,0.0000
10.1667,20.6349,7.9833,0.0000,-432.2014,280.6413,3552.0780,0.0000,0.0000
10.1833,20.6911,8.0017,0.0000,-435.4388,281.4815,3569.2782,0.0000,0.0000
10.2000,20.7482,8.0200,0.0000,-438.5093,282.3397,3586.4784,0.0000,0.0000
10.2167,20.8059,8.0383,0.0000,-441.4447,283.2146,3603.6786,0.0000,0.0000
10.2333,20.8644,8.0567,0.0000,-444.2709,284.1052,3620.8788,0.0000,0.0000
10.2500,20.9236,8.0750,0.0000,-447.0084,285.0107,3638.0790,0.0000,0.0000
10.2667,20.9834,8.0933,0.0000,-449.6741,285.9303,3655.2792,0.0000,0.0000
10.2833,21.0438,8.1117,0.0000,-452.2814,286.8635,3672.4794,0.0000,0.0000
10.3000,21.1047,8.1300,0.0000,-454.8414,287.8097,3689.6796,0.0000,0.0000
10.3167,21.1663,8.1483,0.0000,-457.3627,288.7687,3706.8798,0.0000,0.0000
10.3333,21.2284,8.1667,0.0000,-459.8527,289.7399,3724.0800,0.0000,0.0000
10.3500,21.2911,8.1850,0.0000,-462.3169,290.7232,3741.2802,0.0000,0.0000
10.3667,21.3543,8.2033,0.0000,-464.7601,291.7181,3758.4804,0.0000,0.0000
10.3833,21.4180,8.2217,0.0000,-467.1859,292.7246,3775.6806,0.0000,0.0000
10.4000,21.4822,8.2400,0.0000,-469.5975,293.7424,3792.8808,0.0000,0.0000
10.4167,21.5469,8.2583,0.0000,-471.9974,294.7713,3810.0810,0.0000,0.0000
10.4333,21.6121,8.2767,0.0000,-474.3873,295.8111,3827.2812,0.0000,0.0000
10.4500,21.6778,8.2950,0.0000,-476.7691,296.8617,3844.4814,0.0000,0.0000
10.4667,21.7440,8.3133,0.0000,-479.1439,297.9230,3861.6816,0.0000,0.0000
10.4833,21.8106,8.3317,0.0000,-481.5129,298.9947,3878.8818,0.0000,0.0000
10.5000,21.8778,8.3500,0.0000,-483.8769,300.0769,3896.0820,0.0000,0.0000
10.5167,21.9453,8.3683,0.0000,-486.2366,301.1693,3913.2822,0.0000,0.0000
10.5333,22.0134,8.3867,0.0000,-488.5926,302.2719,3930.4824,0.0000,0.0000
10.5500,22.0819,8.4050,0.0000,-490.9454,303.3845,3947.6826,0.0000,0.0000
10.5667,22.1508,8.4233,0.0000,-493.2954,304.5070,3964.8828,0.0000,0.0000
10.5833,22.2202,8.4417,0.0000,-495.6429,305.6394,3982.0830,0.0000,0.0000
10.6000,22.2900,8.4600,0.0000,-497.9884,306.7816,3999.2832,0.0000,0.0000
10.6167,22.3603,8.4783,0.0000,-500.3319,307.9334,4016.4834,0.0000,0.0000
10.6333,22.4310,8.4967,0.0000,-502.6737,309.0948,4033.6836,0.0000,0.0000
10.6500,22.5021,8.5150,0.0000,-505.0141,310.2657,4050.8838,0.0000,0.0000
10.6667,22.5736,8.5333,0.0000,-507.3532,311.4459,4068.0840,0.0000,0.0000
10.6833,22.6456,8.5517,0.0000,-509.6911,312.6354,4085.2842,0.0000,0.0000
10.7000,22.7180,8.5700,0.0000,-512.0281,313.8342,4102.4844,0.0000,0.0000
10.7167,22.7907,8.5883,0.0000,-514.3643,315.0421,4119.6846,0.0000,0.0000
10.7333,22.8639,8.6067,0.0000,-516.6997,316.2591,4136.8848,0.0000,0.0000
10.7500,22.9375,8.6250,0.0000,-519.0346,317.4850,4154.0850,0.0000,0.0000
10.7667,23.0115,8.6433,0.0000,-521.3690,318.7199,4171.2852,0.0000,0.0000
10.7833,23.0859,8.6617,0.0000,-523.7031,319.9636,4188.4854,0.0000,0.0000
10.8000,23.1607,8.6800,0.0000,-526.0369,321.2161,4205.6856,0.0000,0.0000
10.8167,23.2359,8.6983,0.0000,-528.3707,322.4772,4222.8858,0.0000,0.0000
10.8333,23.3115,8.7167,0.0000,-530.7044,323.7470,4240.0860,0.0000,0.0000
10.8500,23.3875,8.7350,0.0000,-533.0382,325.0253,4257.2862,0.0000,0.0000
10.8667,23.4638,8.7533,0.0000,-535.3722,326.3121,4274.4864,0.0000,0.0000
10.8833,23.5405,8.7717,0.0000,-537.7064,327.6073,4291.6866,0.0000,0.0000
10.9000,23.6176,8.7900,0.0000,-540.0411,328.9109,4308.8868,0.0000,0.0000
10.9167,23.6951,8.8083,0.0000,-542.3762,330.2228,4326.0870,0.0000,0.0000
10.9333,23.7729,8.8267,0.0000,-544.7119,331.5429,4343.2872,0.0000,0.0000
10.9500,23.8512,8.8450,0.0000,-547.0482,332.8711,4360.4874,0.0000,0.0000
10.9667,23.9297,8.8633,0.0000,-549.3853,334.2075,4377.6876,0.0000,0.0000
10.9833,24.0087,8.8817,0.0000,-551.7232,335.5519,4394.8878,0.0000,0.0000
11.0000,24.0880,8.9000,0.0000,-554.0621,336.9043,4412.0880,0.0000,0.0000
11.0167,24.1672,8.9083,0.0000,-555.4111,338.4768,4412.5614,0.0000,0.0000
11.0333,24.2462,8.9167,0.0000,-556.3893,340.0446,4413.0348,0.0000,0.0000
11.0500,24.3249,8.9250,0.0000,-557.1545,341.6060,4413.5082,0.0000,0.0000
11.0667,24.4033,8.9333,0.0000,-557.8046,343.1601,4413.9816,0.0000,0.0000
11.0833,24.4814,8.9417,0.0000,-558.4011,344.7065,4414.4550,0.0000,0.0000
11.1000,24.5591,8.9500,0.0000,-558.9827,346.2451,4414.9284,0.0000,0.0000
11.1167,24.6364,8.9583,0.0000,-559.5734,347.7761,4415.4018,0.0000,0.0000
11.1333,24.7134,8.9667,0.0000,-560.1878,349.2997,4415.8752,0.0000,0.0000
11.1500,24.7901,8.9750,0.0000,-560.8338,350.8163,4416.3486,0.0000,0.0000
11.1667,24.8665,8.9833,0.0000,-561.5155,352.3262,4416.8220,0.0000,0.0000
11.1833,24.9427,8.9917,0.0000,-562.2342,353.8297,4417.2954,0.0000,0.0000
11.2000,25.0185,9.0000,0.0000,-562.9892,355.3272,4417.7688,0.0000,0.0000
11.2167,25.0941,9.0083,0.0000,-563.7788,356.8190,4418.2422,0.0000,0.0000
11.2333,25.1694,9.0167,0.0000,-564.6007,358.3054,4418.7156,0.0000,0.0000
11.2500,25.2445,9.0250,0.0000,-565.4522,359.7867,4419.1890,0.0000,0.0000
11.2667,25.3194,9.0333,0.0000,-566.3302,361.2631,4419.6624,0.0000,0.0000
11.2833,25.3941,9.0417,0.0000,-567.2320,362.7349,4420.1358,0.0000,0.0000
11.3000,25.4686,9.0500,0.0000,-568.1547,364.2023,4420.6092,0.0000,0.0000
11.3167,25.5429,9.0583,0.0000,-569.0956,365.6655,4421.0826,0.0000,0.0000
11.3333,25.6170,9.0667,0.0000,-570.0521,367.1246,4421.5560,0.0000,0.0000
11.3500,25.6909,9.0750,0.0000,-571.0219,368.5798,4422.0294,0.0000,0.0000
11.3667,25.7647,9.0833,0.0000,-572.0030,370.0311,4422.5028,0.0000,0.0000
11.3833,25.8383,9.0917,0.0000,-572.9933,371.4788,4422.9762,0.0000,0.0000
11.4000,25.9117,9.1000,0.0000,-573.9912,372.9228,4423.4496,0.0000,0.0000
11.4167,25.9850,9.1083,0.0000,-574.9952,374.3633,4423.9230,0.0000,0.0000
11.4333,26.0581,9.1167,0.0000,-576.0037,375.8003,4424.3964,0.0000,0.0000
11.4500,26.1311,9.1250,0.0000,-577.0158,377.2339,4424.8698,0.0000,0.0000
11.4667,26.2039,9.1333,0.0000,-578.0302,378.6641,4425.3432,0.0000,0.0000
11.4833,26.2765,9.1417,0.0000,-579.0461,380.0910,4425.8166,0.0000,0.0000
11.5000,26.3491,9.1500,0.0000,-580.0626,381.5147,4426.2900,0.0000,0.0000
11.5167,26.4214,9.1583,0.0000,-581.0791,382.9350,4426.7634,0.0000,0.0000
11.5333,26.4936,9.1667,0.0000,-582.0949,384.3521,4427.2368,0.0000,0.0000
11.5500,26.5657,9.1750,0.0000,-583.1095,385.7659,4427.7102,0.0000,0.0000
11.5667,26.6376,9.1833,0.0000,-584.1225,387.1765,4428.1836,0.0000,0.0000
11.5833,26.7094,9.1917,0.0000,-585.1334,388.5840,4428.6570,0.0000,0.0000
11.6000,26.7811,9.2000,0.0000,-586.1420,389.9882,4429.1304,0.0000,0.0000
11.6167,26.8525,9.2083,0.0000,-587.1480,391.3892,4429.6038,0.0000,0.0000
11.6333,26.9239,9.2167,0.0000,-588.1511,392.7870,4430.0772,0.0000,0.0000
11.6500,26.9951,9.2250,0.0000,-589.1512,394.1816,4430.5506,0.0000,0.0000
11.6667,27.0191,9.2333,-1905.9306,-615.5620,394.5283,4431.0240,0.0000,0.0000
11.6833,27.0241,9.2417,-2407.3325,-651.0262,394.4547,4431.4974,0.0000,0.0000
11.7000,27.0279,9.2500,-2792.2395,-685.8923,394.3552,4431.9708,0.0000,0.0000
11.7167,27.0314,9.2583,-3143.4034,-719.8660,394.2483,4432.4442,0.0000,0.0000
11.7333,27.0348,9.2667,-3479.9924,-752.9572,394.1381,4432.9176,0.0000,0.0000
11.7500,27.0381,9.2750,-3806.8830,-785.2247,394.0257,4433.3910,0.0000,0.0000
11.7667,27.0413,9.2833,-4125.6490,-816.7266,393.9116,4433.8644,0.0000,0.0000
11.7833,27.0444,9.2917,-4437.0400,-847.5130,393.7958,4434.3378,0.0000,0.0000
11.8000,27.0474,9.3000,-4741.5589,-877.6266,393.6785,4434.8112,0.0000,0.0000
11.8167,27.0504,9.3083,-5039.6059,-907.1045,393.5598,4435.2846,0.0000,0.0000
11.8333,27.0533,9.3167,-5331.5223,-935.9789,393.4397,4435.7580,0.0000,0.0000
11.8500,27.0562,9.3250,-5617.6075,-964.2784,393.3183,4436.2314,0.0000,0.0000
11.8667,27.0590,9.3333,-5898.1281,-992.0289,393.1956,4436.7048,0.0000,0.0000
11.8833,27.0617,9.3417,-6173.3241,-1019.2534,393.0718,4437.1782,0.0000,0.0000
11.9000,27.0644,9.3500,-6443.4131,-1045.9730,392.9469,4437.6516,0.0000,0.0000
11.9167,27.0671,9.3583,-6708.5941,-1072.2072,392.8209,4438.1250,0.0000,0.0000
11.9333,27.0697,9.3667,-6969.0495,-1097.9736,392.6938,4438.5984,0.0000,0.0000
11.9500,27.0722,9.3750,-7224.9479,-1123.2888,392.5657,4439.0718,0.0000,0.0000
11.9667,27.0748,9.3833,-7476.4455,-1148.1678,392.4366,4439.5452,0.0000,0.0000
11.9833,27.0772,9.3917,-7723.6877,-1172.6251,392.3066,4440.0186,0.0000,0.0000
12.0000,27.0797,9.4000,-7966.8100,-1196.6738,392.1757,4440.4920,0.0000,0.0000
12.0167,27.0821,9.4200,-8207.9480,-1220.3209,391.7855,4433.3910,0.0000,0.0000
12.0333,27.0844,9.4400,-8443.2992,-1243.2759,391.3941,4426.2900,0.0000,0.0000
12.0500,27.0867,9.4600,-8672.5700,-1265.6142,391.0013,4419.1890,0.0000,0.0000
12.0667,27.0890,9.4800,-8896.0914,-1287.3874,390.6073,4412.0880,0.0000,0.0000
12.0833,27.0911,9.5000,-9114.2386,-1308.6340,390.2120,4404.9870,0.0000,0.0000
12.1000,27.0933,9.5200,-9327.3359,-1329.3849,389.8156,4397.8860,0.0000,0.0000
12.1167,27.0954,9.5400,-9535.6546,-1349.6657,389.4182,4390.7850,0.0000,0.0000
12.1333,27.0974,9.5600,-9739.4242,-1369.4978,389.0197,4383.6840,0.0000,0.0000
12.1500,27.0994,9.5800,-9938.8427,-1388.9003,388.6203,4376.5830,0.0000,0.0000
12.1667,27.1013,9.6000,-10134.0837,-1407.8896,388.2200,4369.4820,0.0000,0.0000
12.1833,27.1033,9.6200,-10325.3016,-1426.4807,387.8188,4362.3810,0.0000,0.0000
12.2000,27.1051,9.6400,-10512.6351,-1444.6870,387.4167,4355.2800,0.0000,0.0000
12.2167,27.1070,9.6600,-10696.2101,-1462.5206,387.0137,4348.1790,0.0000,0.0000
12.2333,27.1088,9.6800,-10876.1418,-1479.9928,386.6100,4341.0780,0.0000,0.0000
12.2500,27.1105,9.7000,-11052.5362,-1497.1138,386.2055,4333.9770,0.0000,0.0000
12.2667,27.1123,9.7200,-11225.4911,-1513.8934,385.8002,4326.8760,0.0000,0.0000
12.2833,27.1140,9.7400,-11395.0978,-1530.3402,385.3942,4319.7750,0.0000,0.0000
12.3000,27.1156,9.7600,-11561.4415,-1546.4628,384.9874,4312.6740,0.0000,0.0000
12.3167,27.1172,9.7800,-11724.6021,-1562.2690,384.5800,4305.5730,0.0000,0.0000
12.3333,27.1188,9.8000,-11884.6548,-1577.7661,384.1718,4298.4720,0.0000,0.0000
12.3500,27.1204,9.8200,-12041.6706,-1592.9611,383.7630,4291.3710,0.0000,0.0000
12.3667,27.1220,9.8400,-12195.7168,-1607.8606,383.3536,4284.2700,0.0000,0.0000
12.3833,27.1235,9.8600,-12346.8575,-1622.4711,382.9434,4277.1690,0.0000,0.0000
12.4000,27.1250,9.8800,-12495.1537,-1636.7984,382.5327,4270.0680,0.0000,0.0000
12.4167,27.1264,9.9000,-12640.6635,-1650.8483,382.1213,4262.9670,0.0000,0.0000
12.4333,27.1278,9.9200,-12783.4427,-1664.6263,381.7093,4255.8660,0.0000,0.0000
12.4500,27.1292,9.9400,-12923.5448,-1678.1378,381.2968,4248.7650,0.0000,0.0000
12.4667,27.1306,9.9600,-13061.0211,-1691.3877,380.8836,4241.6640,0.0000,0.0000
12.4833,27.1320,9.9800,-13195.9210,-1704.3811,380.4699,4234.5630,0.0000,0.0000
12.5000,27.1333,10.0000,-13328.2923,-1717.1225,380.0556,4227.4620,0.0000,0.0000
12.5167,27.1346,10.0200,-13458.1809,-1729.6166,379.6408,4220.3610,0.0000,0.0000
12.5333,27.1359,10.0400,-13585.6314,-1741.8678,379.2254,4213.2600,0.0000,0.0000
12.5500,27.1371,10.0600,-13710.6867,-1753.8803,378.8095,4206.1590,0.0000,0.0000
12.5667,27.1383,10.0800,-13833.3887,-1765.6583,378.3931,4199.0580,0.0000,0.0000
12.5833,27.1395,10.1000,-13953.7776,-1777.2058,377.9761,4191.9570,0.0000,0.0000
12.6000,27.1407,10.1200,-14071.8929,-1788.5267,377.5587,4184.8560,0.0000,0.0000
12.6167,27.1419,10.1400,-14187.7727,-1799.6248,377.1408,4177.7550,0.0000,0.0000
12.6333,27.1430,10.1600,-14301.4540,-1810.5037,376.7223,4170.6540,0.0000,0.0000
12.6500,27.1441,10.1800,-14412.9731,-1821.1671,376.3034,4163.5530,0.0000,0.0000
12.6667,27.1452,10.2000,-14522.3650,-1831.6185,375.8840,4156.4520,0.0000,0.0000
12.6833,27.1463,10.2200,-14629.6640,-1841.8611,375.4642,4149.3510,0.0000,0.0000
12.7000,27.1473,10.2400,-14734.9035,-1851.8985,375.0439,4142.2500,0.0000,0.0000
12.7167,27.1484,10.2600,-14838.1162,-1861.7338,374.6231,4135.1490,0.0000,0.0000
12.7333,27.1494,10.2800,-14939.3338,-1871.3701,374.2019,4128.0480,0.0000,0.0000
12.7500,27.1504,10.3000,-15038.5873,-1880.8106,373.7803,4120.9470,0.0000,0.0000
12.7667,27.1514,10.3200,-15135.9072,-1890.0583,373.3583,4113.8460,0.0000,0.0000
12.7833,27.1523,10.3400,-15231.3231,-1899.1161,372.9358,4106.7450,0.0000,0.0000
12.8000,27.1532,10.3600,-15324.8640,-1907.9869,372.5129,4099.6440,0.0000,0.0000
12.8167,27.1542,10.3800,-15416.5582,-1916.6736,372.0896,4092.5430,0.0000,0.0000
12.8333,27.1551,10.4000,-15506.4336,-1925.1789,371.6659,4085.4420,0.0000,0.0000
12.8500,27.1559,10.4200,-15594.5172,-1933.5054,371.2418,4078.3410,0.0000,0.0000
12.8667,27.1568,10.4400,-15680.8358,-1941.6560,370.8173,4071.2400,0.0000,0.0000
12.8833,27.1577,10.4600,-15765.4153,-1949.6331,370.3924,4064.1390,0.0000,0.0000
12.9000,27.1585,10.4800,-15848.2814,-1957.4392,369.9671,4057.0380,0.0000,0.0000
12.9167,27.1593,10.5000,-15929.4590,-1965.0770,369.5415,4049.9370,0.0000,0.0000
12.9333,27.1601,10.5200,-16008.9727,-1972.5488,369.1155,4042.8360,0.0000,0.0000
12.9500,27.1609,10.5400,-16086.8466,-1979.8570,368.6891,4035.7350,0.0000,0.0000
12.9667,27.1616,10.5600,-16163.1042,-1987.0040,368.2624,4028.6340,0.0000,0.0000
12.9833,27.1624,10.5800,-16237.7687,-1993.9921,367.8353,4021.5330,0.0000,0.0000
13.0000,27.1631,10.6000,-16310.8629,-2000.8236,367.4078,4014.4320,0.0000,0.0000
13.0167,27.1636,10.5900,-16364.7977,-2005.8585,367.6416,3995.8116,0.0000,0.0000
13.0333,27.1641,10.5800,-16409.5652,-2010.2780,367.8734,3977.1912,0.0000,0.0000
13.0500,27.1645,10.5700,-16448.1350,-2014.1677,368.1038,3958.5708,0.0000,0.0000
13.0667,27.1648,10.5600,-16481.6824,-2017.5907,368.3330,3939.9504,0.0000,0.0000
13.0833,27.1651,10.5500,-16510.8384,-2020.5936,368.5613,3921.3300,0.0000,0.0000
13.1000,27.1654,10.5400,-16536.0182,-2023.2113,368.7887,3902.7096,0.0000,0.0000
13.1167,27.1656,10.5300,-16557.5267,-2025.4707,369.0153,3884.0892,0.0000,0.0000
13.1333,27.1658,10.5200,-16575.6000,-2027.3934,369.2412,3865.4688,0.0000,0.0000
13.1500,27.1659,10.5100,-16590.4273,-2028.9969,369.4663,3846.8484,0.0000,0.0000
13.1667,27.1660,10.5000,-16602.1644,-2030.2956,369.6907,3828.2280,0.0000,0.0000
13.1833,27.1661,10.4900,-16610.9416,-2031.3019,369.9145,3809.6076,0.0000,0.0000
13.2000,27.1662,10.4800,-16616.8697,-2032.0262,370.1376,3790.9872,0.0000,0.0000
13.2167,27.1662,10.4700,-16620.0444,-2032.4776,370.3601,3772.3668,0.0000,0.0000
13.2333,27.1662,10.4600,-16620.5492,-2032.6641,370.5821,3753.7464,0.0000,0.0000
13.2500,27.1662,10.4500,-16618.4581,-2032.5928,370.8034,3735.1260,0.0000,0.0000
13.2667,27.1661,10.4400,-16613.8368,-2032.2701,371.0242,3716.5056,0.0000,0.0000
13.2833,27.1661,10.4300,-16606.7448,-2031.7016,371.2445,3697.8852,0.0000,0.0000
13.3000,27.1660,10.4200,-16597.2358,-2030.8926,371.4642,3679.2648,0.0000,0.0000
13.3167,27.1659,10.4100,-16585.3595,-2029.8480,371.6834,3660.6444,0.0000,0.0000
13.3333,27.1657,10.4000,-16571.1615,-2028.5721,371.9020,3642.0240,0.0000,0.0000
13.3500,27.1655,10.3900,-16554.6846,-2027.0693,372.1202,3623.4036,0.0000,0.0000
13.3667,27.1654,10.3800,-16535.9686,-2025.3433,372.3379,3604.7832,0.0000,0.0000
13.3833,27.1652,10.3700,-16515.0515,-2023.3979,372.5551,3586.1628,0.0000,0.0000
13.4000,27.1649,10.3600,-16494.2626,-2021.3400,372.7723,3567.5424,0.0000,0.0000
13.4167,27.1647,10.3500,-16470.3746,-2019.0400,372.9888,3548.9220,0.0000,0.0000
13.4333,27.1644,10.3400,-16443.9726,-2016.5112,373.2048,3530.3016,0.0000,0.0000
13.4500,27.1642,10.3300,-16415.2982,-2013.7645,373.4202,3511.6812,0.0000,0.0000
13.4667,27.1638,10.3200,-16384.4800,-2010.8082,373.6352,3493.0608,0.0000,0.0000
13.4833,27.1635,10.3100,-16351.6032,-2007.6490,373.8497,3474.4404,0.0000,0.0000
13.5000,27.1632,10.3000,-16316.7328,-2004.2928,374.0638,3455.8200,0.0000,0.0000
13.5167,27.1628,10.2900,-16279.9224,-2000.7444,374.2775,3437.1996,0.0000,0.0000
13.5333,27.1624,10.2800,-16241.2181,-1997.0080,374.4907,3418.5792,0.0000,0.0000
13.5500,27.1620,10.2700,-16200.6611,-1993.0878,374.7036,3399.9588,0.0000,0.0000
13.5667,27.1616,10.2600,-16158.2888,-1988.9871,374.9160,3381.3384,0.0000,0.0000
13.5833,27.1611,10.2500,-16114.1355,-1984.7094,375.1280,3362.7180,0.0000,0.0000
13.6000,27.1607,10.2400,-16068.2332,-1980.2577,375.3397,3344.0976,0.0000,0.0000
13.6167,27.1602,10.2300,-16020.6121,-1975.6350,375.5509,3325.4772,0.0000,0.0000
13.6333,27.1597,10.2200,-15971.3008,-1970.8441,375.7618,3306.8568,0.0000,0.0000
13.6500,27.1592,10.2100,-15920.3267,-1965.8877,375.9723,3288.2364,0.0000,0.0000
13.6667,27.1587,10.2000,-15867.7160,-1960.7684,376.1825,3269.6160,0.0000,0.0000
13.6833,27.1581,10.1900,-15813.4939,-1955.4887,376.3923,3250.9956,0.0000,0.0000
13.7000,27.1576,10.1800,-15757.6848,-1950.0509,376.6017,3232.3752,0.0000,0.0000
13.7167,27.1570,10.1700,-15700.3124,-1944.4574,376.8108,3213.7548,0.0000,0.0000
13.7333,27.1564,10.1600,-15641.3998,-1938.7105,377.0196,3195.1344,0.0000,0.0000
13.7500,27.1558,10.1500,-15580.9695,-1932.8125,377.2280,3176.5140,0.0000,0.0000
13.7667,27.1552,10.1400,-15519.0433,-1926.7654,377.4361,3157.8936,0.0000,0.0000
13.7833,27.1546,10.1300,-15455.6429,-1920.5715,377.6438,3139.2732,0.0000,0.0000
13.8000,27.1539,10.1200,-15390.7893,-1914.2329,377.8513,3120.6528,0.0000,0.0000
13.8167,27.1532,10.1100,-15324.5031,-1907.7515,378.0584,3102.0324,0.0000,0.0000
13.8333,27.1526,10.1000,-15256.8046,-1901.1294,378.2652,3083.4120,0.0000,0.0000
13.8500,27.1519,10.0900,-15187.7139,-1894.3687,378.4717,3064.7916,0.0000,0.0000
13.8667,27.1512,10.0800,-15117.2505,-1887.4712,378.6779,3046.1712,0.0000,0.0000
13.8833,27.1505,10.0700,-15045.4339,-1880.4388,378.8838,3027.5508,0.0000,0.0000
13.9000,27.1497,10.0600,-14972.2830,-1873.2736,379.0894,3008.9304,0.0000,0.0000
13.9167,27.1490,10.0500,-14897.8167,-1865.9773,379.2947,2990.3100,0.0000,0.0000
13.9333,27.1482,10.0400,-14822.0535,-1858.5518,379.4997,2971.6896,0.0000,0.0000
13.9500,27.1475,10.0300,-14745.0117,-1850.9989,379.7044,2953.0692,0.0000,0.0000
13.9667,27.1467,10.0200,-14666.7093,-1843.3204,379.9089,2934.4488,0.0000,0.0000
13.9833,27.1459,10.0100,-14587.1641,-1835.5181,380.1130,2915.8284,0.0000,0.0000
14.0000,27.1451,10.0000,-14506.3937,-1827.5938,380.3170,2897.2080,0.0000,0.0000
14.0167,27.1442,9.9900,-14423.4671,-1819.4134,380.5204,2875.9050,0.0000,0.0000
14.0333,27.1434,9.9800,-14338.3307,-1811.0102,380.7233,2854.6020,0.0000,0.0000
14.0500,27.1425,9.9700,-14251.1277,-1802.4062,380.9258,2833.2990,0.0000,0.0000
14.0667,27.1416,9.9600,-14162.0090,-1793.6164,381.1279,2811.9960,0.0000,0.0000
14.0833,27.1407,9.9500,-14071.0990,-1784.6523,381.3295,2790.6930,0.0000,0.0000
14.1000,27.1398,9.9400,-13978.4960,-1775.5226,381.5308,2769.3900,0.0000,0.0000
14.1167,27.1388,9.9300,-13884.2781,-1766.2343,381.7317,2748.0870,0.0000,0.0000
14.1333,27.1379,9.9200,-13788.5088,-1756.7932,381.9323,2726.7840,0.0000,0.0000
14.1500,27.1369,9.9100,-13691.2411,-1747.2041,382.1325,2705.4810,0.0000,0.0000
14.1667,27.1359,9.9000,-13592.5201,-1737.4712,382.3325,2684.1780,0.0000,0.0000
14.1833,27.1349,9.8900,-13492.3850,-1727.5982,382.5321,2662.8750,0.0000,0.0000
14.2000,27.1339,9.8800,-13390.8703,-1717.5884,382.7314,2641.5720,0.0000,0.0000
14.2167,27.1329,9.8700,-13288.0072,-1707.4448,382.9304,2620.2690,0.0000,0.0000
14.2333,27.1318,9.8600,-13183.8238,-1697.1700,383.1291,2598.9660,0.0000,0.0000
14.2500,27.1307,9.8500,-13065.8891,-1686.1404,383.3248,2577.6630,0.0000,0.0000
14.2667,27.1295,9.8400,-12951.5645,-1675.0112,383.5212,2556.3600,0.0000,0.0000
14.2833,27.1284,9.8300,-12837.3556,-1663.7884,383.7177,2535.0570,0.0000,0.0000
14.3000,27.1272,9.8200,-12722.4296,-1652.4685,383.9140,2513.7540,0.0000,0.0000
14.3167,27.1261,9.8100,-12606.5661,-1641.0479,384.1102,2492.4510,0.0000,0.0000
14.3333,27.1249,9.8000,-12489.6947,-1629.5242,384.3061,2471.1480,0.0000,0.0000
14.3500,27.1237,9.7900,-12371.7873,-1617.8957,384.5017,2449.8450,0.0000,0.0000
14.3667,27.1225,9.7800,-12252.8312,-1606.1617,384.6972,2428.5420,0.0000,0.0000
14.3833,27.1213,9.7700,-12132.8212,-1594.3220,384.8924,2407.2390,0.0000,0.0000
14.4000,27.1201,9.7600,-12011.7570,-1582.3766,385.0873,2385.9360,0.0000,0.0000
14.4167,27.1189,9.7500,-11889.6414,-1570.3259,385.2821,2364.6330,0.0000,0.0000
14.4333,27.1177,9.7400,-11766.4798,-1558.1705,385.4766,2343.3300,0.0000,0.0000
14.4500,27.1164,9.7300,-11642.2793,-1545.9113,385.6708,2322.0270,0.0000,0.0000
14.4667,27.1152,9.7200,-11517.0482,-1533.5490,385.8649,2300.7240,0.0000,0.0000
14.4833,27.1139,9.7100,-11390.7962,-1521.0847,386.0587,2279.4210,0.0000,0.0000
14.5000,27.1126,9.7000,-11263.5336,-1508.5195,386.2523,2258.1180,0.0000,0.0000
14.5167,27.1114,9.6900,-11135.2717,-1495.8545,386.4457,2236.8150,0.0000,0.0000
14.5333,27.1101,9.6800,-11006.0220,-1483.0909,386.6388,2215.5120,0.0000,0.0000
14.5500,27.1088,9.6700,-10875.7967,-1470.2299,386.8318,2194.2090,0.0000,0.0000
14.5667,27.1074,9.6600,-10744.6082,-1457.2727,387.0245,2172.9060,0.0000,0.0000
14.5833,27.1061,9.6500,-10612.4691,-1444.2207,387.2170,2151.6030,0.0000,0.0000
14.6000,27.1048,9.6400,-10479.3923,-1431.0751,387.4093,2130.3000,0.0000,0.0000
14.6167,27.1035,9.6300,-10345.3909,-1417.8373,387.6014,2108.9970,0.0000,0.0000
14.6333,27.1021,9.6200,-10210.4778,-1404.5085,387.7933,2087.6940,0.0000,0.0000
14.6500,27.1007,9.6100,-10074.6662,-1391.0901,387.9850,2066.3910,0.0000,0.0000
14.6667,27.0994,9.6000,-9937.9695,-1377.5834,388.1765,2045.0880,0.0000,0.0000
14.6833,27.0980,9.5900,-9800.4006,-1363.9898,388.3678,2023.7850,0.0000,0.0000
14.7000,27.0966,9.5800,-9661.9728,-1350.3104,388.5589,2002.4820,0.0000,0.0000
14.7167,27.0952,9.5700,-9522.6993,-1336.5468,388.7498,1981.1790,0.0000,0.0000
14.7333,27.0938,9.5600,-9382.5929,-1322.7000,388.9406,1959.8760,0.0000,0.0000
14.7500,27.0924,9.5500,-9241.6669,-1308.7716,389.1311,1938.5730,0.0000,0.0000
14.7667,27.0910,9.5400,-9099.9341,-1294.7627,389.3215,1917.2700,0.0000,0.0000
14.7833,27.0896,9.5300,-8957.4072,-1280.6746,389.5117,1895.9670,0.0000,0.0000
14.8000,27.0881,9.5200,-8814.0991,-1266.5087,389.7018,1874.6640,0.0000,0.0000
14.8167,27.0867,9.5100,-8670.0223,-1252.2661,389.8916,1853.3610,0.0000,0.0000
14.8333,27.0853,9.5000,-8525.1895,-1237.9482,390.0813,1832.0580,0.0000,0.0000
14.8500,27.0838,9.4900,-8379.6129,-1223.5561,390.2709,1810.7550,0.0000,0.0000
14.8667,27.0823,9.4800,-8233.3049,-1209.0911,390.4602,1789.4520,0.0000,0.0000
14.8833,27.0809,9.4700,-8086.2777,-1194.5544,390.6494,1768.1490,0.0000,0.0000
14.9000,27.0794,9.4600,-7938.5433,-1179.9472,390.8385,1746.8460,0.0000,0.0000
14.9167,27.0779,9.4500,-7790.1136,-1165.2707,391.0274,1725.5430,0.0000,0.0000
14.9333,27.0764,9.4400,-7641.0004,-1150.5262,391.2161,1704.2400,0.0000,0.0000
14.9500,27.0749,9.4300,-7491.2155,-1135.7146,391.4047,1682.9370,0.0000,0.0000
14.9667,27.0734,9.4200,-7340.7703,-1120.8373,391.5932,1661.6340,0.0000,0.0000
14.9833,27.0719,9.4100,-7189.6763,-1105.8953,391.7815,1640.3310,0.0000,0.0000
15.0000,27.0704,9.4000,-7037.9394,-1090.8890,391.9697,1619.0280,0.0000,0.0000
15.0167,27.0687,9.3550,-6869.6093,-1074.5143,392.9305,1595.3580,0.0000,0.0000
15.0333,27.0670,9.3100,-6696.3675,-1057.9988,393.8903,1571.6880,0.0000,0.0000
15.0500,27.0652,9.2650,-6520.9491,-1041.3479,394.8496,1548.0180,0.0000,0.0000
15.0667,27.0634,9.2200,-6344.0610,-1024.5711,395.8086,1524.3480,0.0000,0.0000
15.0833,27.0617,9.1750,-6165.9329,-1007.6772,396.7672,1500.6780,0.0000,0.0000
15.1000,27.0599,9.1300,-5986.6712,-990.6730,397.7257,1477.0080,0.0000,0.0000
15.1167,27.0581,9.0850,-5806.3423,-973.5640,398.6839,1453.3380,0.0000,0.0000
15.1333,27.0562,9.0400,-5624.9956,-956.3545,399.6419,1429.6680,0.0000,0.0000
15.1500,27.0544,8.9950,-5442.6705,-939.0482,400.5996,1405.9980,0.0000,0.0000
15.1667,27.0526,8.9500,-5259.3993,-921.6482,401.5572,1382.3280,0.0000,0.0000
15.1833,27.0508,8.9050,-5075.2096,-904.1570,402.5145,1358.6580,0.0000,0.0000
15.2000,27.0489,8.8600,-4890.1249,-886.5768,403.4717,1334.9880,0.0000,0.0000
15.2167,27.0470,8.8150,-4704.1662,-868.9098,404.4286,1311.3180,0.0000,0.0000
15.2333,27.0452,8.7700,-4517.3521,-851.1575,405.3854,1287.6480,0.0000,0.0000
15.2500,27.0433,8.7250,-4329.6993,-833.3218,406.3420,1263.9780,0.0000,0.0000
15.2667,27.0414,8.6800,-4141.2234,-815.4041,407.2984,1240.3080,0.0000,0.0000
15.2833,27.0395,8.6350,-3951.9390,-797.4058,408.2546,1216.6380,0.0000,0.0000
15.3000,27.0376,8.5900,-3761.8597,-779.3283,409.2106,1192.9680,0.0000,0.0000
15.3167,27.0357,8.5450,-3570.9988,-761.1729,410.1665,1169.2980,0.0000,0.0000
15.3333,27.0338,8.5000,-3379.3687,-742.9408,411.1222,1145.6280,0.0000,0.0000
15.3500,27.0319,8.4550,-3186.9818,-724.6332,412.0777,1121.9580,0.0000,0.0000
15.3667,27.0299,8.4100,-2993.8489,-706.2512,413.0331,1098.2880,0.0000,0.0000
15.3833,27.0280,8.3650,-2799.9791,-687.7957,413.9883,1074.6180,0.0000,0.0000
15.4000,27.0261,8.3200,-2605.3804,-669.2674,414.9433,1050.9480,0.0000,0.0000
15.4167,27.0241,8.2750,-2410.0606,-650.6670,415.8982,1027.2780,0.0000,0.0000
15.4333,27.0221,8.2300,-2214.0283,-631.9955,416.8529,1003.6080,0.0000,0.0000
15.4500,27.0202,8.1850,-2017.2932,-613.2539,417.8075,979.9380,0.0000,0.0000
15.4667,27.0182,8.1400,-1819.8661,-594.4433,418.7619,956.2680,0.0000,0.0000
15.4833,27.0162,8.0950,-1621.7590,-575.5650,419.7161,932.5980,0.0000,0.0000
15.5000,27.0142,8.0500,-1422.9845,-556.6201,420.6702,908.9280,0.0000,0.0000
15.5167,27.0122,8.0050,-1223.5556,-537.6101,421.6242,885.2580,0.0000,0.0000
15.5333,27.0102,7.9600,-1023.4857,-518.5362,422.5780,861.5880,0.0000,0.0000
15.5500,27.0082,7.9150,-822.7882,-499.3999,423.5317,837.9180,0.0000,0.0000
15.5667,27.0062,7.8700,-621.4767,-480.2025,424.4853,814.2480,0.0000,0.0000
15.5833,27.0042,7.8250,-419.5644,-460.9453,425.4387,790.5780,0.0000,0.0000
15.6000,27.0022,7.7800,-217.0648,-441.6297,426.3920,766.9080,0.0000,0.0000
15.6167,27.0001,7.7350,-13.9909,-422.2570,427.3451,743.2380,0.0000,0.0000
15.6333,26.9924,7.6900,0.0000,-405.6421,428.1706,719.5680,0.0000,0.0000
15.6500,26.9788,7.6450,0.0000,-391.6489,428.8691,695.8980,0.0000,0.0000
15.6667,26.9607,7.6000,0.0000,-379.6597,429.4654,672.2280,0.0000,0.0000
15.6833,26.9386,7.5550,0.0000,-369.3111,429.9734,648.5580,0.0000,0.0000
15.7000,26.9131,7.5100,0.0000,-360.3100,430.4048,624.8880,0.0000,0.0000
15.7167,26.8845,7.4650,0.0000,-352.4187,430.7692,601.2180,0.0000,0.0000
15.7333,26.8533,7.4200,0.0000,-345.4430,431.0745,577.5480,0.0000,0.0000
15.7500,26.8197,7.3750,0.0000,-339.2245,431.3272,553.8780,0.0000,0.0000
15.7667,26.7839,7.3300,0.0000,-333.6327,431.5328,530.2080,0.0000,0.0000
15.7833,26.7463,7.2850,0.0000,-328.5610,431.6960,506.5380,0.0000,0.0000
15.8000,26.7069,7.2400,0.0000,-323.9215,431.8205,482.8680,0.0000,0.0000
15.8167,26.6659,7.1950,0.0000,-319.6419,431.9095,459.1980,0.0000,0.0000
15.8333,26.6234,7.1500,0.0000,-315.6627,431.9658,435.5280,0.0000,0.0000
15.8500,26.5796,7.1050,0.0000,-311.9347,431.9917,411.8580,0.0000,0.0000
15.8667,26.5345,7.0600,0.0000,-308.4173,431.9891,388.1880,0.0000,0.0000
15.8833,26.4882,7.0150,0.0000,-305.0768,431.9596,364.5180,0.0000,0.0000
15.9000,26.4407,6.9700,0.0000,-301.8850,431.9046,340.8480,0.0000,0.0000
15.9167,26.3921,6.9250,0.0000,-298.8185,431.8255,317.1780,0.0000,0.0000
15.9333,26.3425,6.8800,0.0000,-295.8579,431.7232,293.5080,0.0000,0.0000
15.9500,26.2919,6.8350,0.0000,-292.9867,431.5986,269.8380,0.0000,0.0000
15.9667,26.2403,6.7900,0.0000,-290.1911,431.4525,246.1680,0.0000,0.0000
15.9833,26.1878,6.7450,0.0000,-287.4595,431.2857,222.4980,0.0000,0.0000
16.0000,26.1344,6.7000,0.0000,-284.7822,431.0986,198.8280,0.0000,0.0000
16.0167,26.0808,6.6817,0.0000,-283.7112,430.3176,195.5142,0.0000,0.0000
16.0333,26.0273,6.6633,0.0000,-283.0135,429.5372,192.2004,0.0000,0.0000
16.0500,25.9739,6.6450,0.0000,-282.5246,428.7591,188.8866,0.0000,0.0000
16.0667,25.9206,6.6267,0.0000,-282.1432,427.9842,185.5728,0.0000,0.0000
16.0833,25.8675,6.6083,0.0000,-281.8065,427.2128,182.2590,0.0000,0.0000
16.1000,25.8146,6.5900,0.0000,-281.4754,426.4450,178.9452,0.0000,0.0000
16.1167,25.7618,6.5717,0.0000,-281.1261,425.6805,175.6314,0.0000,0.0000
16.1333,25.7091,6.5533,0.0000,-280.7446,424.9191,172.3176,0.0000,0.0000
16.1500,25.6566,6.5350,0.0000,-280.3234,424.1604,169.0038,0.0000,0.0000
16.1667,25.6041,6.5167,0.0000,-279.8591,423.4041,165.6900,0.0000,0.0000
16.1833,25.5518,6.4983,0.0000,-279.3511,422.6498,162.3762,0.0000,0.0000
16.2000,25.4995,6.4800,0.0000,-278.8006,421.8971,159.0624,0.0000,0.0000
16.2167,25.4473,6.4617,0.0000,-278.2098,421.1458,155.7486,0.0000,0.0000
16.2333,25.3952,6.4433,0.0000,-277.5817,420.3955,152.4348,0.0000,0.0000
16.2500,25.3430,6.4250,0.0000,-276.9194,419.6458,149.1210,0.0000,0.0000
16.2667,25.2909,6.4067,0.0000,-276.2263,418.8966,145.8072,0.0000,0.0000
16.2833,25.2388,6.3883,0.0000,-275.5057,418.1477,142.4934,0.0000,0.0000
16.3000,25.1867,6.3700,0.0000,-274.7610,417.3988,139.1796,0.0000,0.0000
16.3167,25.1346,6.3517,0.0000,-273.9950,416.6498,135.8658,0.0000,0.0000
16.3333,25.0825,6.3333,0.0000,-273.2107,415.9004,132.5520,0.0000,0.0000
16.3500,25.0304,6.3150,0.0000,-272.4106,415.1507,129.2382,0.0000,0.0000
16.3667,24.9782,6.2967,0.0000,-271.5972,414.4005,125.9244,0.0000,0.0000
16.3833,24.9261,6.2783,0.0000,-270.7725,413.6496,122.6106,0.0000,0.0000
16.4000,24.8739,6.2600,0.0000,-269.9385,412.8981,119.2968,0.0000,0.0000
16.4167,24.8216,6.2417,0.0000,-269.0970,412.1459,115.9830,0.0000,0.0000
16.4333,24.7693,6.2233,0.0000,-268.2494,411.3929,112.6692,0.0000,0.0000
16.4500,24.7170,6.2050,0.0000,-267.3970,410.6391,109.3554,0.0000,0.0000
16.4667,24.6647,6.1867,0.0000,-266.5412,409.8845,106.0416,0.0000,0.0000
16.4833,24.6123,6.1683,0.0000,-265.6828,409.1291,102.7278,0.0000,0.0000
16.5000,24.5599,6.1500,0.0000,-264.8228,408.3728,99.4140,0.0000,0.0000
16.5167,24.5074,6.1317,0.0000,-263.9620,407.6157,96.1002,0.0000,0.0000
16.5333,24.4549,6.1133,0.0000,-263.1009,406.8578,92.7864,0.0000,0.0000
16.5500,24.4023,6.0950,0.0000,-262.2402,406.0990,89.4726,0.0000,0.0000
16.5667,24.3498,6.0767,0.0000,-261.3804,405.3394,86.1588,0.0000,0.0000
16.5833,24.2972,6.0583,0.0000,-260.5218,404.5790,82.8450,0.0000,0.0000
16.6000,24.2445,6.0400,0.0000,-259.6648,403.8178,79.5312,0.0000,0.0000
16.6167,24.1918,6.0217,0.0000,-258.8096,403.0559,76.2174,0.0000,0.0000
16.6333,24.1391,6.0033,0.0000,-257.9565,402.2933,72.9036,0.0000,0.0000
16.6500,24.0864,5.9850,0.0000,-257.1056,401.5299,69.5898,0.0000,0.0000
16.6667,24.0336,5.9667,0.0000,-256.2571,400.7659,66.2760,0.0000,0.0000
16.6833,23.9808,5.9483,0.0000,-255.4111,400.0012,62.9622,0.0000,0.0000
16.7000,23.9279,5.9300,0.0000,-254.5677,399.2358,59.6484,0.0000,0.0000
16.7167,23.8751,5.9117,0.0000,-253.7269,398.4699,56.3346,0.0000,0.0000
16.7333,23.8222,5.8933,0.0000,-252.8888,397.7034,53.0208,0.0000,0.0000
16.7500,23.7693,5.8750,0.0000,-252.0533,396.9363,49.7070,0.0000,0.0000
16.7667,23.7163,5.8567,0.0000,-251.2204,396.1687,46.3932,0.0000,0.0000
16.7833,23.6634,5.8383,0.0000,-250.3902,395.4006,43.0794,0.0000,0.0000
16.8000,23.6104,5.8200,0.0000,-249.5626,394.6320,39.7656,0.0000,0.0000
16.8167,23.5574,5.8017,0.0000,-248.7376,393.8629,36.4518,0.0000,0.0000
16.8333,23.5044,5.7833,0.0000,-247.9151,393.0935,33.1380,0.0000,0.0000
16.8500,23.4513,5.7650,0.0000,-247.0951,392.3236,29.8242,0.0000,0.0000
16.8667,23.3983,5.7467,0.0000,-246.2776,391.5533,26.5104,0.0000,0.0000
16.8833,23.3452,5.7283,0.0000,-245.4624,390.7827,23.1966,0.0000,0.0000
16.9000,23.2921,5.7100,0.0000,-244.6495,390.0117,19.8828,0.0000,0.0000
16.9167,23.2390,5.6917,0.0000,-243.8388,389.2405,16.5690,0.0000,0.0000
16.9333,23.1859,5.6733,0.0000,-243.0304,388.4689,13.2552,0.0000,0.0000
16.9500,23.1328,5.6550,0.0000,-242.2240,387.6970,9.9414,0.0000,0.0000
16.9667,23.0796,5.6367,0.0000,-241.4197,386.9249,6.6276,0.0000,0.0000
16.9833,23.0265,5.6183,0.0000,-240.6174,386.1525,3.3138,0.0000,0.0000
17.0000,22.9733,5.6000,0.0000,-239.8169,385.3799,0.0000,0.0000,0.0000
17.0167,22.9197,5.5533,0.0000,-238.3486,385.2251,0.0000,0.0000,0.0000
17.0333,22.8656,5.5067,0.0000,-237.1479,385.0619,0.0000,0.0000,0.0000
17.0500,22.8113,5.4600,0.0000,-236.1546,384.8920,0.0000,0.0000,0.0000
17.0667,22.7567,5.4133,0.0000,-235.3241,384.7167,0.0000,0.0000,0.0000
17.0833,22.7020,5.3667,0.0000,-234.6227,384.5372,0.0000,0.0000,0.0000
17.1000,22.6471,5.3200,0.0000,-234.0241,384.3543,0.0000,0.0000,0.0000
17.1167,22.5920,5.2733,0.0000,-233.5076,384.1687,0.0000,0.0000,0.0000
17.1333,22.5369,5.2267,0.0000,-233.0569,383.9810,0.0000,0.0000,0.0000
17.1500,22.4817,5.1800,0.0000,-232.6588,383.7915,0.0000,0.0000,0.0000
17.1667,22.4264,5.1333,0.0000,-232.3030,383.6008,0.0000,0.0000,0.0000
17.1833,22.3711,5.0867,0.0000,-231.9810,383.4089,0.0000,0.0000,0.0000
17.2000,22.3158,5.0400,0.0000,-231.6859,383.2163,0.0000,0.0000,0.0000
17.2167,22.2604,4.9933,0.0000,-231.4122,383.0229,0.0000,0.0000,0.0000
17.2333,22.2050,4.9467,0.0000,-231.1555,382.8291,0.0000,0.0000,0.0000
17.2500,22.1496,4.9000,0.0000,-230.9123,382.6349,0.0000,0.0000,0.0000
17.2667,22.0941,4.8533,0.0000,-230.6796,382.4403,0.0000,0.0000,0.0000
17.2833,22.0387,4.8067,0.0000,-230.4551,382.2455,0.0000,0.0000,0.0000
17.3000,21.9832,4.7600,0.0000,-230.2370,382.0506,0.0000,0.0000,0.0000
17.3167,21.9278,4.7133,0.0000,-230.0238,381.8554,0.0000,0.0000,0.0000
17.3333,21.8723,4.6667,0.0000,-229.8142,381.6602,0.0000,0.0000,0.0000
17.3500,21.8168,4.6200,0.0000,-229.6073,381.4649,0.0000,0.0000,0.0000
17.3667,21.7613,4.5733,0.0000,-229.4023,381.2695,0.0000,0.0000,0.0000
17.3833,21.7059,4.5267,0.0000,-229.1987,381.0740,0.0000,0.0000,0.0000
17.4000,21.6504,4.4800,0.0000,-228.9960,380.8784,0.0000,0.0000,0.0000
17.4167,21.5949,4.4333,0.0000,-228.7938,380.6829,0.0000,0.0000,0.0000
17.4333,21.5394,4.3867,0.0000,-228.5919,380.4872,0.0000,0.0000,0.0000
17.4500,21.4839,4.3400,0.0000,-228.3899,380.2915,0.0000,0.0000,0.0000
17.4667,21.4284,4.2933,0.0000,-228.1879,380.0958,0.0000,0.0000,0.0000
17.4833,21.3729,4.2467,0.0000,-227.9855,379.9000,0.0000,0.0000,0.0000
17.5000,21.3174,4.2000,0.0000,-227.7826,379.7041,0.0000,0.0000,0.0000
17.5167,21.2619,4.1533,0.0000,-227.5788,379.5082,0.0000,0.0000,0.0000
17.5333,21.2064,4.1067,0.0000,-227.3738,379.3122,0.0000,0.0000,0.0000
17.5500,21.1509,4.0600,0.0000,-227.1671,379.1162,0.0000,0.0000,0.0000
17.5667,21.0954,4.0133,0.0000,-226.9585,378.9200,0.0000,0.0000,0.0000
17.5833,21.0399,3.9667,0.0000,-226.7480,378.7237,0.0000,0.0000,0.0000
17.6000,20.9844,3.9200,0.0000,-226.5357,378.5273,0.0000,0.0000,0.0000
17.6167,20.9289,3.8733,0.0000,-226.3216,378.3307,0.0000,0.0000,0.0000
17.6333,20.8733,3.8267,0.0000,-226.1060,378.1340,0.0000,0.0000,0.0000
17.6500,20.8178,3.7800,0.0000,-225.8889,377.9372,0.0000,0.0000,0.0000
17.6667,20.7622,3.7333,0.0000,-225.6706,377.7401,0.0000,0.0000,0.0000
17.6833,20.7067,3.6867,0.0000,-225.4512,377.5429,0.0000,0.0000,0.0000
17.7000,20.6511,3.6400,0.0000,-225.2308,377.3455,0.0000,0.0000,0.0000
17.7167,20.5955,3.5933,0.0000,-225.0095,377.1479,0.0000,0.0000,0.0000
17.7333,20.5399,3.5467,0.0000,-224.7872,376.9501,0.0000,0.0000,0.0000
17.7500,20.4844,3.5000,0.0000,-224.5640,376.7521,0.0000,0.0000,0.0000
17.7667,20.4288,3.4533,0.0000,-224.3396,376.5538,0.0000,0.0000,0.0000
17.7833,20.3731,3.4067,0.0000,-224.1141,376.3554,0.0000,0.0000,0.0000
17.8000,20.3175,3.3600,0.0000,-223.8872,376.1567,0.0000,0.0000,0.0000
17.8167,20.2619,3.3133,0.0000,-223.6586,375.9578,0.0000,0.0000,0.0000
17.8333,20.2062,3.2667,0.0000,-223.4279,375.7587,0.0000,0.0000,0.0000
17.8500,20.1506,3.2200,0.0000,-223.1948,375.5593,0.0000,0.0000,0.0000
17.8667,20.0949,3.1733,0.0000,-222.9588,375.3595,0.0000,0.0000,0.0000
17.8833,20.0392,3.1267,0.0000,-222.7190,375.1595,0.0000,0.0000,0.0000
17.9000,19.9961,3.0800,388.9155,-217.5903,375.2382,0.0000,0.0000,0.0000
17.9167,19.9856,3.0333,1440.1809,-199.9879,376.0402,0.0000,0.0000,0.0000
17.9333,19.9816,2.9867,1841.6980,-180.3328,376.9863,0.0000,0.0000,0.0000
17.9500,19.9791,2.9400,2094.1653,-160.5576,377.9655,0.0000,0.0000,0.0000
17.9667,19.9769,2.8933,2310.1084,-141.0578,378.9528,0.0000,0.0000,0.0000
17.9833,19.9748,2.8467,2515.0179,-121.8965,379.9425,0.0000,0.0000,0.0000
18.0000,19.9729,2.8000,2714.8176,-103.0686,380.9334,0.0000,0.0000,0.0000
18.0167,19.9710,2.7900,2895.1119,-85.8146,381.1152,0.0000,0.0000,0.0000
18.0333,19.9693,2.7800,3068.6878,-68.8490,381.2985,0.0000,0.0000,0.0000
18.0500,19.9676,2.7700,3238.5199,-52.1688,381.4827,0.0000,0.0000,0.0000
18.0667,19.9659,2.7600,3405.3706,-35.7643,381.6675,0.0000,0.0000,0.0000
18.0833,19.9643,2.7500,3569.4949,-19.6251,381.8529,0.0000,0.0000,0.0000
18.1000,19.9627,2.7400,3731.0243,-3.7418,382.0389,0.0000,0.0000,0.0000
18.1167,19.9611,2.7300,3890.0553,11.8942,382.2254,0.0000,0.0000,0.0000
18.1333,19.9595,2.7200,4046.6704,27.2908,382.4125,0.0000,0.0000,0.0000
18.1500,19.9580,2.7100,4200.9437,42.4550,382.6001,0.0000,0.0000,0.0000
18.1667,19.9565,2.7000,4352.9433,57.3936,382.7882,0.0000,0.0000,0.0000
18.1833,19.9550,2.6900,4502.7324,72.1126,382.9768,0.0000,0.0000,0.0000
18.2000,19.9535,2.6800,4650.3699,86.6179,383.1659,0.0000,0.0000,0.0000
18.2167,19.9520,2.6700,4795.9111,100.9149,383.3554,0.0000,0.0000,0.0000
18.2333,19.9506,2.6600,4939.4083,115.0088,383.5454,0.0000,0.0000,0.0000
18.2500,19.9492,2.6500,5080.9111,128.9043,383.7358,0.0000,0.0000,0.0000
18.2667,19.9478,2.6400,5220.4665,142.6062,383.9267,0.0000,0.0000,0.0000
18.2833,19.9464,2.6300,5358.1195,156.1189,384.1180,0.0000,0.0000,0.0000
18.3000,19.9451,2.6200,5493.9132,169.4467,384.3097,0.0000,0.0000,0.0000
18.3167,19.9437,2.6100,5627.8889,182.5935,384.5018,0.0000,0.0000,0.0000
18.3333,19.9424,2.6000,5760.0864,195.5635,384.6943,0.0000,0.0000,0.0000
18.3500,19.9411,2.5900,5890.5438,208.3603,384.8872,0.0000,0.0000,0.0000
18.3667,19.9398,2.5800,6019.2984,220.9876,385.0804,0.0000,0.0000,0.0000
18.3833,19.9385,2.5700,6146.3857,233.4489,385.2741,0.0000,0.0000,0.0000
18.4000,19.9373,2.5600,6271.8405,245.7478,385.4681,0.0000,0.0000,0.0000
18.4167,19.9360,2.5500,6395.6962,257.8875,385.6624,0.0000,0.0000,0.0000
18.4333,19.9348,2.5400,6517.9855,269.8713,385.8571,0.0000,0.0000,0.0000
18.4500,19.9336,2.5300,6638.7399,281.7022,386.0522,0.0000,0.0000,0.0000
18.4667,19.9324,2.5200,6757.9902,293.3834,386.2475,0.0000,0.0000,0.0000
18.4833,19.9312,2.5100,6875.7661,304.9178,386.4432,0.0000,0.0000,0.0000
18.5000,19.9301,2.5000,6992.0968,316.3082,386.6392,0.0000,0.0000,0.0000
18.5167,19.9289,2.4900,7107.0104,327.5576,386.8356,0.0000,0.0000,0.0000
18.5333,19.9278,2.4800,7220.5344,338.6686,387.0322,0.0000,0.0000,0.0000
18.5500,19.9267,2.4700,7332.6956,349.6439,387.2292,0.0000,0.0000,0.0000
18.5667,19.9256,2.4600,7443.5200,360.4860,387.4264,0.0000,0.0000,0.0000
18.5833,19.9245,2.4500,7553.0331,371.1975,387.6239,0.0000,0.0000,0.0000
18.6000,19.9234,2.4400,7661.2595,381.7809,387.8217,0.0000,0.0000,0.0000
18.6167,19.9223,2.4300,7768.2233,392.2385,388.0198,0.0000,0.0000,0.0000
18.6333,19.9213,2.4200,7873.9481,402.5727,388.2182,0.0000,0.0000,0.0000
18.6500,19.9202,2.4100,7978.4567,412.7857,388.4169,0.0000,0.0000,0.0000
18.6667,19.9192,2.4000,8081.7714,422.8798,388.6158,0.0000,0.0000,0.0000
18.6833,19.9182,2.3900,8183.9141,432.8571,388.8149,0.0000,0.0000,0.0000
18.7000,19.9172,2.3800,8284.9059,442.7198,389.0143,0.0000,0.0000,0.0000
18.7167,19.9162,2.3700,8384.7675,452.4699,389.2140,0.0000,0.0000,0.0000
18.7333,19.9152,2.3600,8483.5191,462.1093,389.4139,0.0000,0.0000,0.0000
18.7500,19.9142,2.3500,8581.1803,471.6402,389.6141,0.0000,0.0000,0.0000
18.7667,19.9132,2.3400,8677.7705,481.0643,389.8145,0.0000,0.0000,0.0000
18.7833,19.9123,2.3300,8773.3083,490.3835,390.0151,0.0000,0.0000,0.0000
18.8000,19.9113,2.3200,8867.8120,499.5997,390.2160,0.0000,0.0000,0.0000
18.8167,19.9104,2.3100,8961.2994,508.7146,390.4171,0.0000,0.0000,0.0000
18.8333,19.9095,2.3000,9053.7880,517.7300,390.6184,0.0000,0.0000,0.0000
18.8500,19.9085,2.2900,9145.2948,526.6475,390.8199,0.0000,0.0000,0.0000
18.8667,19.9076,2.2800,9235.8362,535.4688,391.0216,0.0000,0.0000,0.0000
18.8833,19.9067,2.2700,9325.4286,544.1955,391.2236,0.0000,0.0000,0.0000
18.9000,19.9059,2.2600,9414.0877,552.8292,391.4257,0.0000,0.0000,0.0000
18.9167,19.9050,2.2500,9501.8290,561.3714,391.6281,0.0000,0.0000,0.0000
18.9333,19.9041,2.2400,9588.6675,569.8236,391.8307,0.0000,0.0000,0.0000
18.9500,19.9033,2.2300,9674.6180,578.1873,392.0334,0.0000,0.0000,0.0000
18.9667,19.9024,2.2200,9759.6949,586.4638,392.2364,0.0000,0.0000,0.0000
18.9833,19.9016,2.2100,9843.9121,594.6547,392.4395,0.0000,0.0000,0.0000
19.0000,19.9007,2.2000,9927.2835,602.7613,392.6428,0.0000,0.0000,0.0000
19.0167,19.8999,2.1917,10009.1010,610.7278,392.8095,0.0000,0.0000,0.0000
19.0333,19.8991,2.1833,10089.9365,618.6131,392.9765,0.0000,0.0000,0.0000
19.0500,19.8983,2.1750,10169.9269,626.4179,393.1436,0.0000,0.0000,0.0000
19.0667,19.8975,2.1667,10249.1111,634.1431,393.3109,0.0000,0.0000,0.0000
19.0833,19.8967,2.1583,10327.5055,641.7896,393.4783,0.0000,0.0000,0.0000
19.1000,19.8959,2.1500,10405.1210,649.3584,393.6460,0.0000,0.0000,0.0000
19.1167,19.8952,2.1417,10481.9668,656.8504,393.8138,0.0000,0.0000,0.0000
19.1333,19.8944,2.1333,10558.0515,664.2664,393.9817,0.0000,0.0000,0.0000
19.1500,19.8937,2.1250,10633.3834,671.6071,394.1499,0.0000,0.0000,0.0000
19.1667,19.8929,2.1167,10707.9705,678.8735,394.3182,0.0000,0.0000,0.0000
19.1833,19.8923,2.1083,10773.8391,685.6496,394.4884,0.0000,0.0000,0.0000
19.2000,19.8916,2.1000,10841.7343,692.3467,394.6582,0.0000,0.0000,0.0000
19.2167,19.8909,2.0917,10909.7077,698.9755,394.8280,0.0000,0.0000,0.0000
19.2333,19.8902,2.0833,10977.2387,705.5397,394.9979,0.0000,0.0000,0.0000
19.2500,19.8896,2.0750,11044.1934,712.0409,395.1679,0.0000,0.0000,0.0000
19.2667,19.8889,2.0667,11110.5418,718.4802,395.3380,0.0000,0.0000,0.0000
19.2833,19.8882,2.0583,11176.2813,724.8584,395.5083,0.0000,0.0000,0.0000
19.3000,19.8876,2.0500,11241.4169,731.1763,395.6787,0.0000,0.0000,0.0000
19.3167,19.8869,2.0417,11305.9551,737.4346,395.8492,0.0000,0.0000,0.0000
19.3333,19.8863,2.0333,11369.9027,743.6340,396.0199,0.0000,0.0000,0.0000
19.3500,19.8857,2.0250,11433.2665,749.7751,396.1907,0.0000,0.0000,0.0000
19.3667,19.8850,2.0167,11496.0533,755.8587,396.3616,0.0000,0.0000,0.0000
19.3833,19.8844,2.0083,11558.2696,761.8854,396.5327,0.0000,0.0000,0.0000
19.4000,19.8838,2.0000,11619.9220,767.8559,396.7038,0.0000,0.0000,0.0000
19.4167,19.8832,1.9917,11681.0170,773.7708,396.8751,0.0000,0.0000,0.0000
19.4333,19.8826,1.9833,11741.5609,779.6307,397.0466,0.0000,0.0000,0.0000
19.4500,19.8820,1.9750,11801.5600,785.4363,397.2181,0.0000,0.0000,0.0000
19.4667,19.8814,1.9667,11861.0205,791.1881,397.3898,0.0000,0.0000,0.0000
19.4833,19.8808,1.9583,11919.9487,796.8869,397.5615,0.0000,0.0000,0.0000
19.5000,19.8802,1.9500,11978.3506,802.5332,397.7334,0.0000,0.0000,0.0000
19.5167,19.8796,1.9417,12043.0428,808.4690,397.9039,0.0000,0.0000,0.0000
19.5333,19.8790,1.9333,12104.6214,814.3609,398.0751,0.0000,0.0000,0.0000
19.5500,19.8784,1.9250,12158.5869,819.8645,398.2480,0.0000,0.0000,0.0000
19.5667,19.8779,1.9167,12214.1446,825.3086,398.4205,0.0000,0.0000,0.0000
19.5833,19.8773,1.9083,12269.7807,830.7014,398.5931,0.0000,0.0000,0.0000
19.6000,19.8767,1.9000,12325.0917,836.0459,398.7656,0.0000,0.0000,0.0000
19.6167,19.8762,1.8917,12379.9735,841.3434,398.9383,0.0000,0.0000,0.0000
19.6333,19.8757,1.8833,12434.4031,846.5946,399.1111,0.0000,0.0000,0.0000
19.6500,19.8751,1.8750,12488.3779,851.8001,399.2840,0.0000,0.0000,0.0000
19.6667,19.8746,1.8667,12541.9011,856.9606,399.4570,0.0000,0.0000,0.0000
19.6833,19.8741,1.8583,12594.9766,862.0763,399.6300,0.0000,0.0000,0.0000
19.7000,19.8735,1.8500,12647.6085,867.1478,399.8032,0.0000,0.0000,0.0000
19.7167,19.8730,1.8417,12699.8006,872.1753,399.9765,0.0000,0.0000,0.0000
19.7333,19.8725,1.8333,12751.5568,877.1593,400.1499,0.0000,0.0000,0.0000
19.7500,19.8720,1.8250,12802.8808,882.1002,400.3233,0.0000,0.0000,0.0000
19.7667,19.8715,1.8167,12853.7763,886.9982,400.4969,0.0000,0.0000,0.0000
19.7833,19.8710,1.8083,12904.2469,891.8538,400.6705,0.0000,0.0000,0.0000
19.8000,19.8705,1.8000,12954.2965,896.6674,400.8443,0.0000,0.0000,0.0000
19.8167,19.8700,1.7917,13003.9287,901.4393,401.0181,0.0000,0.0000,0.0000
19.8333,19.8695,1.7833,13053.1472,906.1699,401.1921,0.0000,0.0000,0.0000
19.8500,19.8690,1.7750,13101.9558,910.8596,401.3661,0.0000,0.0000,0.0000
19.8667,19.8685,1.7667,13150.3582,915.5088,401.5402,0.0000,0.0000,0.0000
19.8833,19.8680,1.7583,13198.3584,920.1177,401.7144,0.0000,0.0000,0.0000
19.9000,19.8675,1.7500,13245.9601,924.6869,401.8887,0.0000,0.0000,0.0000
19.9167,19.8671,1.7417,13293.1671,929.2167,402.0631,0.0000,0.0000,0.0000
19.9333,19.8666,1.7333,13339.9832,933.7075,402.2376,0.0000,0.0000,0.0000
19.9500,19.8661,1.7250,13386.4123,938.1597,402.4121,0.0000,0.0000,0.0000
19.9667,19.8657,1.7167,13432.4583,942.5736,402.5868,0.0000,0.0000,0.0000
19.9833,19.8652,1.7083,13478.1250,946.9497,402.7615,0.0000,0.0000,0.0000
20.0000,19.8648,1.7000,13523.4161,951.2883,402.9363,0.0000,0.0000,0.0000
20.0167,19.8643,1.6817,13572.3922,955.9331,403.3321,0.0000,0.0000,0.0000
20.0333,19.8638,1.6633,13622.1102,960.5373,403.7277,0.0000,0.0000,0.0000
20.0500,19.8633,1.6450,13671.7721,965.1047,404.1234,0.0000,0.0000,0.0000
20.0667,19.8628,1.6267,13721.1647,969.6367,404.5191,0.0000,0.0000,0.0000
20.0833,19.8623,1.6083,13770.2342,974.1343,404.9149,0.0000,0.0000,0.0000
20.1000,19.8618,1.5900,13818.9711,978.5982,405.3108,0.0000,0.0000,0.0000
20.1167,19.8613,1.5717,13867.3780,983.0291,405.7067,0.0000,0.0000,0.0000
20.1333,19.8608,1.5533,13915.4612,987.4279,406.1027,0.0000,0.0000,0.0000
20.1500,19.8604,1.5350,13963.2278,991.7952,406.4988,0.0000,0.0000,0.0000
20.1667,19.8599,1.5167,14010.6854,996.1319,406.8950,0.0000,0.0000,0.0000
20.1833,19.8594,1.4983,14057.8414,1000.4387,407.2912,0.0000,0.0000,0.0000
20.2000,19.8590,1.4800,14104.7033,1004.7163,407.6874,0.0000,0.0000,0.0000
20.2167,19.8585,1.4617,14151.2783,1008.9655,408.0838,0.0000,0.0000,0.0000
20.2333,19.8580,1.4433,14197.5734,1013.1868,408.4802,0.0000,0.0000,0.0000
20.2500,19.8576,1.4250,14243.5954,1017.3812,408.8767,0.0000,0.0000,0.0000
20.2667,19.8571,1.4067,14289.3510,1021.5491,409.2732,0.0000,0.0000,0.0000
20.2833,19.8567,1.3883,14334.8466,1025.6911,409.6698,0.0000,0.0000,0.0000
20.3000,19.8562,1.3700,14380.0881,1029.8080,410.0664,0.0000,0.0000,0.0000
20.3167,19.8557,1.3517,14425.0817,1033.9003,410.4631,0.0000,0.0000,0.0000
20.3333,19.8553,1.3333,14469.8328,1037.9685,410.8599,0.0000,0.0000,0.0000
20.3500,19.8549,1.3150,14514.3470,1042.0132,411.2567,0.0000,0.0000,0.0000
20.3667,19.8544,1.2967,14558.6296,1046.0350,411.6535,0.0000,0.0000,0.0000
20.3833,19.8540,1.2783,14602.6854,1050.0342,412.0504,0.0000,0.0000,0.0000
20.4000,19.8535,1.2600,14646.5195,1054.0113,412.4474,0.0000,0.0000,0.0000
20.4167,19.8531,1.2417,14690.1364,1057.9669,412.8444,0.0000,0.0000,0.0000
20.4333,19.8527,1.2233,14733.5405,1061.9014,413.2414,0.0000,0.0000,0.0000
20.4500,19.8522,1.2050,14776.7363,1065.8152,413.6385,0.0000,0.0000,0.0000
20.4667,19.8518,1.1867,14819.7276,1069.7086,414.0356,0.0000,0.0000,0.0000
20.4833,19.8514,1.1683,14862.5186,1073.5821,414.4328,0.0000,0.0000,0.0000
20.5000,19.8509,1.1500,14905.1129,1077.4361,414.8301,0.0000,0.0000,0.0000
20.5167,19.8505,1.1317,14947.5142,1081.2709,415.2273,0.0000,0.0000,0.0000
20.5333,19.8501,1.1133,14989.7260,1085.0868,415.6246,0.0000,0.0000,0.0000
20.5500,19.8497,1.0950,15031.7517,1088.8843,416.0220,0.0000,0.0000,0.0000
20.5667,19.8493,1.0767,15073.5944,1092.6635,416.4194,0.0000,0.0000,0.0000
20.5833,19.8488,1.0583,15115.2573,1096.4248,416.8168,0.0000,0.0000,0.0000
20.6000,19.8484,1.0400,15156.7433,1100.1685,417.2143,0.0000,0.0000,0.0000
20.6167,19.8480,1.0217,15198.0552,1103.8949,417.6118,0.0000,0.0000,0.0000
20.6333,19.8476,1.0033,15239.1959,1107.6043,418.0094,0.0000,0.0000,0.0000
20.6500,19.8472,0.9850,15280.1680,1111.2968,418.4069,0.0000,0.0000,0.0000
20.6667,19.8468,0.9667,15320.9740,1114.9729,418.8046,0.0000,0.0000,0.0000
20.6833,19.8464,0.9483,15361.6164,1118.6326,419.2022,0.0000,0.0000,0.0000
20.7000,19.8460,0.9300,15402.0975,1122.2763,419.5999,0.0000,0.0000,0.0000
20.7167,19.8456,0.9117,15442.4197,1125.9041,419.9977,0.0000,0.0000,0.0000
20.7333,19.8452,0.8933,15482.5850,1129.5163,420.3954,0.0000,0.0000,0.0000
20.7500,19.8448,0.8750,15522.5956,1133.1131,420.7932,0.0000,0.0000,0.0000
20.7667,19.8444,0.8567,15562.4536,1136.6947,421.1911,0.0000,0.0000,0.0000
20.7833,19.8440,0.8383,15602.1609,1140.2612,421.5889,0.0000,0.0000,0.0000
20.8000,19.8436,0.8200,15641.7194,1143.8129,421.9868,0.0000,0.0000,0.0000
20.8167,19.8432,0.8017,15681.1309,1147.3500,422.3848,0.0000,0.0000,0.0000
20.8333,19.8428,0.7833,15720.3973,1150.8726,422.7827,0.0000,0.0000,0.0000
20.8500,19.8424,0.7650,15759.5203,1154.3809,423.1807,0.0000,0.0000,0.0000
20.8667,19.8420,0.7467,15798.5014,1157.8751,423.5787,0.0000,0.0000,0.0000
20.8833,19.8416,0.7283,15837.3424,1161.3552,423.9768,0.0000,0.0000,0.0000
20.9000,19.8412,0.7100,15876.0447,1164.8216,424.3749,0.0000,0.0000,0.0000
20.9167,19.8409,0.6917,15914.6099,1168.2742,424.7730,0.0000,0.0000,0.0000
20.9333,19.8405,0.6733,15953.0395,1171.7134,425.1712,0.0000,0.0000,0.0000
20.9500,19.8401,0.6550,15991.3348,1175.1391,425.5693,0.0000,0.0000,0.0000
20.9667,19.8397,0.6367,16029.4973,1178.5516,425.9676,0.0000,0.0000,0.0000
20.9833,19.8393,0.6183,16067.5283,1181.9509,426.3658,0.0000,0.0000,0.0000
21.0000,19.8389,0.6000,16105.4290,1185.3373,426.7641,0.0000,0.0000,0.0000
21.0167,19.8386,0.5900,16139.8187,1188.4244,426.9783,0.0000,0.0000,0.0000
21.0333,19.8383,0.5800,16173.1564,1191.5023,427.1927,0.0000,0.0000,0.0000
21.0500,19.8379,0.5700,16206.1147,1194.5684,427.4072,0.0000,0.0000,0.0000
21.0667,19.8376,0.5600,16238.8796,1197.6224,427.6218,0.0000,0.0000,0.0000
21.0833,19.8373,0.5500,16271.5053,1200.6646,427.8363,0.0000,0.0000,0.0000
21.1000,19.8370,0.5400,16304.0098,1203.6954,428.0510,0.0000,0.0000,0.0000
21.1167,19.8366,0.5300,16336.4019,1206.7153,428.2656,0.0000,0.0000,0.0000
21.1333,19.8363,0.5200,16368.6873,1209.7247,428.4803,0.0000,0.0000,0.0000
21.1500,19.8360,0.5100,16400.8711,1212.7241,428.6949,0.0000,0.0000,0.0000
21.1667,19.8357,0.5000,16432.9580,1215.7141,428.9096,0.0000,0.0000,0.0000
21.1833,19.8354,0.4900,16464.9523,1218.6949,429.1244,0.0000,0.0000,0.0000
21.2000,19.8350,0.4800,16496.8578,1221.6670,429.3391,0.0000,0.0000,0.0000
21.2167,19.8347,0.4700,16528.6781,1224.6307,429.5539,0.0000,0.0000,0.0000
21.2333,19.8344,0.4600,16560.4163,1227.5863,429.7687,0.0000,0.0000,0.0000
21.2500,19.8341,0.4500,16592.0752,1230.5341,429.9835,0.0000,0.0000,0.0000
21.2667,19.8338,0.4400,16623.6572,1233.4742,430.1983,0.0000,0.0000,0.0000
21.2833,19.8334,0.4300,16655.1642,1236.4070,430.4131,0.0000,0.0000,0.0000
21.3000,19.8331,0.4200,16686.5979,1239.3324,430.6280,0.0000,0.0000,0.0000
21.3167,19.8328,0.4100,16717.9596,1242.2507,430.8428,0.0000,0.0000,0.0000
21.3333,19.8325,0.4000,16749.2504,1245.1619,431.0577,0.0000,0.0000,0.0000
21.3500,19.8322,0.3900,16780.4710,1248.0662,431.2726,0.0000,0.0000,0.0000
21.3667,19.8319,0.3800,16811.6219,1250.9634,431.4875,0.0000,0.0000,0.0000
21.3833,19.8316,0.3700,16842.7034,1253.8537,431.7024,0.0000,0.0000,0.0000
21.4000,19.8313,0.3600,16873.7155,1256.7371,431.9174,0.0000,0.0000,0.0000
21.4167,19.8310,0.3500,16904.6581,1259.6135,432.1324,0.0000,0.0000,0.0000
21.4333,19.8306,0.3400,16935.5309,1262.4829,432.3473,0.0000,0.0000,0.0000
21.4500,19.8303,0.3300,16966.3334,1265.3452,432.5623,0.0000,0.0000,0.0000
21.4667,19.8300,0.3200,16997.0649,1268.2003,432.7773,0.0000,0.0000,0.0000
21.4833,19.8297,0.3100,17027.7247,1271.0483,432.9923,0.0000,0.0000,0.0000
21.5000,19.8294,0.3000,17058.3121,1273.8890,433.2074,0.0000,0.0000,0.0000
21.5167,19.8291,0.2900,17088.8260,1276.7222,433.4224,0.0000,0.0000,0.0000
21.5333,19.8288,0.2800,17119.2654,1279.5480,433.6375,0.0000,0.0000,0.0000
21.5500,19.8285,0.2700,17149.6293,1282.3661,433.8526,0.0000,0.0000,0.0000
21.5667,19.8282,0.2600,17179.9164,1285.1765,434.0677,0.0000,0.0000,0.0000
21.5833,19.8279,0.2500,17210.1257,1287.9790,434.2828,0.0000,0.0000,0.0000
21.6000,19.8276,0.2400,17240.2558,1290.7736,434.4980,0.0000,0.0000,0.0000
21.6167,19.8273,0.2300,17270.3056,1293.5600,434.7131,0.0000,0.0000,0.0000
21.6333,19.8270,0.2200,17300.2736,1296.3383,434.9283,0.0000,0.0000,0.0000
21.6500,19.8267,0.2100,17330.1588,1299.1081,435.1435,0.0000,0.0000,0.0000
21.6667,19.8264,0.2000,17359.9597,1301.8695,435.3587,0.0000,0.0000,0.0000
21.6833,19.8261,0.1900,17389.6750,1304.6222,435.5739,0.0000,0.0000,0.0000
21.7000,19.8258,0.1800,17419.3036,1307.3661,435.7892,0.0000,0.0000,0.0000
21.7167,19.8255,0.1700,17448.8440,1310.1012,436.0045,0.0000,0.0000,0.0000
21.7333,19.8252,0.1600,17478.2950,1312.8273,436.2197,0.0000,0.0000,0.0000
21.7500,19.8249,0.1500,17507.6555,1315.5442,436.4351,0.0000,0.0000,0.0000
21.7667,19.8246,0.1400,17536.9242,1318.2519,436.6504,0.0000,0.0000,0.0000
21.7833,19.8243,0.1300,17566.0998,1320.9502,436.8657,0.0000,0.0000,0.0000
21.8000,19.8240,0.1200,17595.1814,1323.6391,437.0811,0.0000,0.0000,0.0000
21.8167,19.8238,0.1100,17624.1676,1326.3183,437.2965,0.0000,0.0000,0.0000
21.8333,19.8235,0.1000,17653.0575,1328.9879,437.5119,0.0000,0.0000,0.0000
21.8500,19.8232,0.0900,17681.8501,1331.6476,437.7274,0.0000,0.0000,0.0000
21.8667,19.8229,0.0800,17710.5443,1334.2974,437.9428,0.0000,0.0000,0.0000
21.8833,19.8226,0.0700,17739.1391,1336.9373,438.1583,0.0000,0.0000,0.0000
21.9000,19.8223,0.0600,17767.6337,1339.5670,438.3738,0.0000,0.0000,0.0000
21.9167,19.8220,0.0500,17796.0271,1342.1866,438.5893,0.0000,0.0000,0.0000
21.9333,19.8218,0.0400,17824.3186,1344.7960,438.8049,0.0000,0.0000,0.0000
21.9500,19.8215,0.0300,17852.5074,1347.3950,439.0204,0.0000,0.0000,0.0000
21.9667,19.8212,0.0200,17880.5927,1349.9836,439.2360,0.0000,0.0000,0.0000
21.9833,19.8209,0.0100,17908.5739,1352.5617,439.4516,0.0000,0.0000,0.0000
22.0000,19.8206,0.0000,17936.4502,1355.1293,439.6673,0.0000,0.0000,0.0000
22.0167,19.8201,-0.0733,17994.7599,1360.0000,441.2811,0.0000,0.0000,0.0000
22.0333,19.8194,-0.1467,18057.8848,1364.8445,442.8937,0.0000,0.0000,0.0000
22.0500,19.8188,-0.2200,18122.0358,1369.6778,444.5062,0.0000,0.0000,0.0000
22.0667,19.8181,-0.2933,18186.3697,1374.5041,446.1187,0.0000,0.0000,0.0000
22.0833,19.8175,-0.3667,18250.7078,1379.3255,447.7311,0.0000,0.0000,0.0000
22.1000,19.8168,-0.4400,18315.0235,1384.1439,449.3435,0.0000,0.0000,0.0000
22.1167,19.8162,-0.5133,18379.3260,1388.9613,450.9560,0.0000,0.0000,0.0000
22.1333,19.8156,-0.5867,18443.6334,1393.7798,452.5684,0.0000,0.0000,0.0000
22.1500,19.8149,-0.6600,18507.9660,1398.6014,454.1808,0.0000,0.0000,0.0000
22.1667,19.8143,-0.7333,18572.3442,1403.4283,455.7932,0.0000,0.0000,0.0000
22.1833,19.8136,-0.8067,18636.7878,1408.2624,457.4057,0.0000,0.0000,0.0000
22.2000,19.8130,-0.8800,18701.3159,1413.1055,459.0180,0.0000,0.0000,0.0000
22.2167,19.8123,-0.9533,18765.9460,1417.9595,460.6304,0.0000,0.0000,0.0000
22.2333,19.8117,-1.0267,18830.6946,1422.8258,462.2427,0.0000,0.0000,0.0000
22.2500,19.8110,-1.1000,18895.5768,1427.7060,463.8551,0.0000,0.0000,0.0000
22.2667,19.8104,-1.1733,18960.6065,1432.6015,465.4673,0.0000,0.0000,0.0000
22.2833,19.8097,-1.2467,19025.7961,1437.5134,467.0796,0.0000,0.0000,0.0000
22.3000,19.8091,-1.3200,19091.1568,1442.4427,468.6918,0.0000,0.0000,0.0000
22.3167,19.8084,-1.3933,19156.6988,1447.3906,470.3039,0.0000,0.0000,0.0000
22.3333,19.8078,-1.4667,19222.4309,1452.3578,471.9161,0.0000,0.0000,0.0000
22.3500,19.8071,-1.5400,19288.3609,1457.3451,473.5281,0.0000,0.0000,0.0000
22.3667,19.8065,-1.6133,19354.4958,1462.3532,475.1402,0.0000,0.0000,0.0000
22.3833,19.8058,-1.6867,19420.8413,1467.3825,476.7522,0.0000,0.0000,0.0000
22.4000,19.8051,-1.7600,19487.4024,1472.4337,478.3641,0.0000,0.0000,0.0000
22.4167,19.8045,-1.8333,19554.1833,1477.5070,479.9760,0.0000,0.0000,0.0000
22.4333,19.8038,-1.9067,19621.1875,1482.6027,481.5878,0.0000,0.0000,0.0000
22.4500,19.8031,-1.9800,19688.4174,1487.7212,483.1996,0.0000,0.0000,0.0000
22.4667,19.8024,-2.0533,19755.8753,1492.8626,484.8113,0.0000,0.0000,0.0000
22.4833,19.8018,-2.1267,19823.5624,1498.0270,486.4230,0.0000,0.0000,0.0000
22.5000,19.8011,-2.2000,19891.4797,1503.2145,488.0347,0.0000,0.0000,0.0000
22.5167,19.8004,-2.2733,19959.6274,1508.4251,489.6463,0.0000,0.0000,0.0000
22.5333,19.7997,-2.3467,20028.0054,1513.6588,491.2578,0.0000,0.0000,0.0000
22.5500,19.7990,-2.4200,20096.6131,1518.9155,492.8693,0.0000,0.0000,0.0000
22.5667,19.7983,-2.4933,20165.4496,1524.1951,494.4807,0.0000,0.0000,0.0000
22.5833,19.7977,-2.5667,20234.5135,1529.4974,496.0921,0.0000,0.0000,0.0000
22.6000,19.7970,-2.6400,20303.8031,1534.8223,497.7034,0.0000,0.0000,0.0000
22.6167,19.7963,-2.7133,20373.3166,1540.1696,499.3147,0.0000,0.0000,0.0000
22.6333,19.7956,-2.7867,20443.0517,1545.5390,500.9259,0.0000,0.0000,0.0000
22.6500,19.7949,-2.8600,20513.0059,1550.9303,502.5371,0.0000,0.0000,0.0000
22.6667,19.7942,-2.9333,20583.1766,1556.3432,504.1483,0.0000,0.0000,0.0000
22.6833,19.7935,-3.0067,20653.5609,1561.7774,505.7593,0.0000,0.0000,0.0000
22.7000,19.7928,-3.0800,20724.1558,1567.2326,507.3704,0.0000,0.0000,0.0000
22.7167,19.7921,-3.1533,20794.9582,1572.7086,508.9814,0.0000,0.0000,0.0000
22.7333,19.7913,-3.2267,20865.9647,1578.2048,510.5923,0.0000,0.0000,0.0000
22.7500,19.7906,-3.3000,20937.1720,1583.7211,512.2032,0.0000,0.0000,0.0000
22.7667,19.7899,-3.3733,21008.5765,1589.2571,513.8141,0.0000,0.0000,0.0000
22.7833,19.7892,-3.4467,21080.1747,1594.8123,515.4249,0.0000,0.0000,0.0000
22.8000,19.7885,-3.5200,21151.9630,1600.3865,517.0357,0.0000,0.0000,0.0000
22.8167,19.7878,-3.5933,21223.9376,1605.9792,518.6464,0.0000,0.0000,0.0000
22.8333,19.7870,-3.6667,21296.0948,1611.5901,520.2571,0.0000,0.0000,0.0000
22.8500,19.7863,-3.7400,21368.4308,1617.2188,521.8678,0.0000,0.0000,0.0000
22.8667,19.7856,-3.8133,21440.9419,1622.8649,523.4784,0.0000,0.0000,0.0000
22.8833,19.7849,-3.8867,21513.6243,1628.5281,525.0890,0.0000,0.0000,0.0000
22.9000,19.7841,-3.9600,21586.4742,1634.2079,526.6995,0.0000,0.0000,0.0000
22.9167,19.7834,-4.0333,21659.4877,1639.9041,528.3100,0.0000,0.0000,0.0000
22.9333,19.7827,-4.1067,21732.6611,1645.6161,529.9205,0.0000,0.0000,0.0000
22.9500,19.7819,-4.1800,21805.9906,1651.3436,531.5309,0.0000,0.0000,0.0000
22.9667,19.7812,-4.2533,21879.4725,1657.0863,533.1413,0.0000,0.0000,0.0000
22.9833,19.7805,-4.3267,21953.1030,1662.8438,534.7517,0.0000,0.0000,0.0000
23.0000,19.7797,-4.4000,22026.8785,1668.6157,536.3621,0.0000,0.0000,0.0000
23.0167,19.7792,-4.4200,22077.6711,1672.5716,536.7944,0.0000,0.0000,0.0000
23.0333,19.7788,-4.4400,22123.3958,1676.5584,537.2279,0.0000,0.0000,0.0000
23.0500,19.7783,-4.4600,22168.0566,1680.5590,537.6617,0.0000,0.0000,0.0000
23.0667,19.7779,-4.4800,22212.5399,1684.5683,538.0955,0.0000,0.0000,0.0000
23.0833,19.7774,-4.5000,22257.0304,1688.5839,538.5292,0.0000,0.0000,0.0000
23.1000,19.7770,-4.5200,22301.5533,1692.6035,538.9630,0.0000,0.0000,0.0000
23.1167,19.7765,-4.5400,22346.0968,1696.6248,539.3968,0.0000,0.0000,0.0000
23.1333,19.7761,-4.5600,22390.6401,1700.6453,539.8305,0.0000,0.0000,0.0000
23.1500,19.7756,-4.5800,22435.1604,1704.6628,540.2643,0.0000,0.0000,0.0000
23.1667,19.7752,-4.6000,22479.6350,1708.6750,540.6981,0.0000,0.0000,0.0000
23.1833,19.7748,-4.6200,22524.0419,1712.6797,541.1319,0.0000,0.0000,0.0000
23.2000,19.7744,-4.6400,22563.9764,1716.4782,541.5667,0.0000,0.0000,0.0000
23.2167,19.7739,-4.6600,22605.4958,1720.2573,542.0011,0.0000,0.0000,0.0000
23.2333,19.7735,-4.6800,22647.3566,1724.0220,542.4355,0.0000,0.0000,0.0000
23.2500,19.7731,-4.7000,22689.2137,1727.7728,542.8698,0.0000,0.0000,0.0000
23.2667,19.7727,-4.7200,22730.9656,1731.5091,543.3042,0.0000,0.0000,0.0000
23.2833,19.7723,-4.7400,22772.5773,1735.2300,543.7386,0.0000,0.0000,0.0000
23.3000,19.7719,-4.7600,22814.0322,1738.9345,544.1731,0.0000,0.0000,0.0000
23.3167,19.7714,-4.7800,22855.3195,1742.6217,544.6076,0.0000,0.0000,0.0000
23.3333,19.7710,-4.8000,22896.4303,1746.2908,545.0421,0.0000,0.0000,0.0000
23.3500,19.7706,-4.8200,22937.3571,1749.9412,545.4767,0.0000,0.0000,0.0000
23.3667,19.7702,-4.8400,22978.0930,1753.5722,545.9113,0.0000,0.0000,0.0000
23.3833,19.7698,-4.8600,23018.6323,1757.1833,546.3459,0.0000,0.0000,0.0000
23.4000,19.7694,-4.8800,23058.9695,1760.7738,546.7806,0.0000,0.0000,0.0000
23.4167,19.7690,-4.9000,23099.1002,1764.3435,547.2154,0.0000,0.0000,0.0000
23.4333,19.7686,-4.9200,23139.0204,1767.8919,547.6501,0.0000,0.0000,0.0000
23.4500,19.7682,-4.9400,23178.7267,1771.4188,548.0850,0.0000,0.0000,0.0000
23.4667,19.7678,-4.9600,23218.2164,1774.9238,548.5199,0.0000,0.0000,0.0000
23.4833,19.7674,-4.9800,23257.4872,1778.4067,548.9548,0.0000,0.0000,0.0000
23.5000,19.7670,-5.0000,23296.5372,1781.8675,549.3898,0.0000,0.0000,0.0000
23.5167,19.7666,-5.0200,23335.3650,1785.3060,549.8248,0.0000,0.0000,0.0000
23.5333,19.7663,-5.0400,23373.9698,1788.7220,550.2599,0.0000,0.0000,0.0000
23.5500,19.7659,-5.0600,23412.3508,1792.1156,550.6950,0.0000,0.0000,0.0000
23.5667,19.7655,-5.0800,23450.5079,1795.4868,551.1302,0.0000,0.0000,0.0000
23.5833,19.7651,-5.1000,23488.4411,1798.8355,551.5655,0.0000,0.0000,0.0000
23.6000,19.7647,-5.1200,23526.1509,1802.1618,552.0007,0.0000,0.0000,0.0000
23.6167,19.7644,-5.1400,23563.6377,1805.4659,552.4361,0.0000,0.0000,0.0000
23.6333,19.7640,-5.1600,23600.9026,1808.7477,552.8714,0.0000,0.0000,0.0000
23.6500,19.7636,-5.1800,23637.9468,1812.0074,553.3069,0.0000,0.0000,0.0000
23.6667,19.7633,-5.2000,23674.7714,1815.2452,553.7424,0.0000,0.0000,0.0000
23.6833,19.7629,-5.2200,23711.3781,1818.4613,554.1779,0.0000,0.0000,0.0000
23.7000,19.7625,-5.2400,23747.7685,1821.6557,554.6135,0.0000,0.0000,0.0000
23.7167,19.7622,-5.2600,23783.9445,1824.8287,555.0491,0.0000,0.0000,0.0000
23.7333,19.7618,-5.2800,23819.9081,1827.9805,555.4847,0.0000,0.0000,0.0000
23.7500,19.7614,-5.3000,23855.6615,1831.1113,555.9205,0.0000,0.0000,0.0000
23.7667,19.7611,-5.3200,23891.2068,1834.2214,556.3562,0.0000,0.0000,0.0000
23.7833,19.7607,-5.3400,23926.5465,1837.3110,556.7920,0.0000,0.0000,0.0000
23.8000,19.7604,-5.3600,23961.6828,1840.3802,557.2279,0.0000,0.0000,0.0000
23.8167,19.7600,-5.3800,23996.6184,1843.4295,557.6638,0.0000,0.0000,0.0000
23.8333,19.7597,-5.4000,24031.3558,1846.4590,558.0997,0.0000,0.0000,0.0000
23.8500,19.7593,-5.4200,24065.8976,1849.4690,558.5357,0.0000,0.0000,0.0000
23.8667,19.7590,-5.4400,24100.2466,1852.4598,558.9717,0.0000,0.0000,0.0000
23.8833,19.7587,-5.4600,24134.4053,1855.4317,559.4078,0.0000,0.0000,0.0000
23.9000,19.7583,-5.4800,24168.3766,1858.3848,559.8439,0.0000,0.0000,0.0000
23.9167,19.7580,-5.5000,24202.1633,1861.3196,560.2801,0.0000,0.0000,0.0000
23.9333,19.7576,-5.5200,24235.7681,1864.2363,560.7162,0.0000,0.0000,0.0000
23.9500,19.7573,-5.5400,24269.1938,1867.1352,561.1525,0.0000,0.0000,0.0000
23.9667,19.7570,-5.5600,24302.4434,1870.0165,561.5887,0.0000,0.0000,0.0000
23.9833,19.7566,-5.5800,24335.5195,1872.8805,562.0251,0.0000,0.0000,0.0000
24.0000,19.7563,-5.6000,24368.4250,1875.7276,562.4614,0.0000,0.0000,0.0000
24.0167,19.7560,-5.6267,24403.8713,1878.7875,563.0451,0.0000,0.0000,0.0000
24.0333,19.7556,-5.6533,24439.8948,1881.8284,563.6286,0.0000,0.0000,0.0000
24.0500,19.7552,-5.6800,24475.9624,1884.8529,564.2121,0.0000,0.0000,0.0000
24.0667,19.7549,-5.7067,24511.9316,1887.8620,564.7957,0.0000,0.0000,0.0000
24.0833,19.7545,-5.7333,24547.7669,1890.8563,565.3793,0.0000,0.0000,0.0000
24.1000,19.7542,-5.7600,24583.4621,1893.8364,565.9629,0.0000,0.0000,0.0000
24.1167,19.7538,-5.7867,24619.0194,1896.8027,566.5465,0.0000,0.0000,0.0000
24.1333,19.7535,-5.8133,24654.4431,1899.7558,567.1302,0.0000,0.0000,0.0000
24.1500,19.7531,-5.8400,24689.7382,1902.6963,567.7139,0.0000,0.0000,0.0000
24.1667,19.7528,-5.8667,24724.9100,1905.6246,568.2976,0.0000,0.0000,0.0000
24.1833,19.7524,-5.8933,24759.9637,1908.5412,568.8814,0.0000,0.0000,0.0000
24.2000,19.7521,-5.9200,24794.9041,1911.4468,569.4651,0.0000,0.0000,0.0000
24.2167,19.7517,-5.9467,24829.7361,1914.3416,570.0489,0.0000,0.0000,0.0000
24.2333,19.7514,-5.9733,24864.4645,1917.2263,570.6328,0.0000,0.0000,0.0000
24.2500,19.7510,-6.0000,24899.0936,1920.1012,571.2166,0.0000,0.0000,0.0000
24.2667,19.7507,-6.0267,24933.6277,1922.9668,571.8005,0.0000,0.0000,0.0000
24.2833,19.7503,-6.0533,24968.0708,1925.8234,572.3844,0.0000,0.0000,0.0000
24.3000,19.7500,-6.0800,25002.4268,1928.6715,572.9683,0.0000,0.0000,0.0000
24.3167,19.7496,-6.1067,25036.6994,1931.5113,573.5522,0.0000,0.0000,0.0000
24.3333,19.7493,-6.1333,25070.8921,1934.3433,574.1361,0.0000,0.0000,0.0000
24.3500,19.7489,-6.1600,25105.0080,1937.1677,574.7201,0.0000,0.0000,0.0000
24.3667,19.7486,-6.1867,25139.0505,1939.9849,575.3041,0.0000,0.0000,0.0000
24.3833,19.7483,-6.2133,25173.0224,1942.7951,575.8881,0.0000,0.0000,0.0000
24.4000,19.7479,-6.2400,25206.9265,1945.5987,576.4721,0.0000,0.0000,0.0000
24.4167,19.7476,-6.2667,25240.7654,1948.3959,577.0561,0.0000,0.0000,0.0000
24.4333,19.7473,-6.2933,25274.5418,1951.1868,577.6401,0.0000,0.0000,0.0000
24.4500,19.7469,-6.3200,25308.2579,1953.9719,578.2242,0.0000,0.0000,0.0000
24.4667,19.7466,-6.3467,25341.9159,1956.7512,578.8082,0.0000,0.0000,0.0000
24.4833,19.7462,-6.3733,25375.5181,1959.5250,579.3923,0.0000,0.0000,0.0000
24.5000,19.7459,-6.4000,25409.0664,1962.2935,579.9764,0.0000,0.0000,0.0000
24.5167,19.7456,-6.4267,25442.5626,1965.0568,580.5605,0.0000,0.0000,0.0000
24.5333,19.7452,-6.4533,25476.0087,1967.8152,581.1446,0.0000,0.0000,0.0000
24.5500,19.7449,-6.4800,25509.4062,1970.5688,581.7287,0.0000,0.0000,0.0000
24.5667,19.7446,-6.5067,25542.7567,1973.3178,582.3129,0.0000,0.0000,0.0000
24.5833,19.7442,-6.5333,25576.0618,1976.0623,582.8970,0.0000,0.0000,0.0000
24.6000,19.7439,-6.5600,25609.3228,1978.8024,583.4812,0.0000,0.0000,0.0000
24.6167,19.7436,-6.5867,25642.5412,1981.5383,584.0653,0.0000,0.0000,0.0000
24.6333,19.7432,-6.6133,25675.7181,1984.2700,584.6495,0.0000,0.0000,0.0000
24.6500,19.7429,-6.6400,25708.8548,1986.9979,585.2337,0.0000,0.0000,0.0000
24.6667,19.7426,-6.6667,25741.9524,1989.7218,585.8178,0.0000,0.0000,0.0000
24.6833,19.7422,-6.6933,25775.0119,1992.4420,586.4020,0.0000,0.0000,0.0000
24.7000,19.7419,-6.7200,25808.0344,1995.1585,586.9862,0.0000,0.0000,0.0000
24.7167,19.7416,-6.7467,25841.0208,1997.8714,587.5705,0.0000,0.0000,0.0000
24.7333,19.7413,-6.7733,25873.9721,2000.5808,588.1547,0.0000,0.0000,0.0000
24.7500,19.7409,-6.8000,25906.8890,2003.2868,588.7389,0.0000,0.0000,0.0000
24.7667,19.7406,-6.8267,25939.7724,2005.9895,589.3231,0.0000,0.0000,0.0000
24.7833,19.7403,-6.8533,25972.6230,2008.6890,589.9074,0.0000,0.0000,0.0000
24.8000,19.7399,-6.8800,26005.4415,2011.3852,590.4916,0.0000,0.0000,0.0000
24.8167,19.7396,-6.9067,26038.2287,2014.0784,591.0759,0.0000,0.0000,0.0000
24.8333,19.7393,-6.9333,26070.9851,2016.7685,591.6601,0.0000,0.0000,0.0000
24.8500,19.7390,-6.9600,26103.7115,2019.4556,592.2444,0.0000,0.0000,0.0000
24.8667,19.7386,-6.9867,26136.4082,2022.1398,592.8287,0.0000,0.0000,0.0000
24.8833,19.7383,-7.0133,26169.0760,2024.8210,593.4130,0.0000,0.0000,0.0000
24.9000,19.7380,-7.0400,26201.7153,2027.4995,593.9972,0.0000,0.0000,0.0000
24.9167,19.7377,-7.0667,26234.3266,2030.1751,594.5815,0.0000,0.0000,0.0000
24.9333,19.7373,-7.0933,26266.9103,2032.8481,595.1658,0.0000,0.0000,0.0000
24.9500,19.7370,-7.1200,26299.4670,2035.5183,595.7501,0.0000,0.0000,0.0000
24.9667,19.7367,-7.1467,26331.9970,2038.1859,596.3345,0.0000,0.0000,0.0000
24.9833,19.7364,-7.1733,26364.5007,2040.8508,596.9188,0.0000,0.0000,0.0000
25.0000,19.7360,-7.2000,26396.9785,2043.5132,597.5031,0.0000,0.0000,0.0000
25.0167,19.7357,-7.2283,26430.1081,2046.2304,598.1243,0.0000,0.0000,0.0000
25.0333,19.7354,-7.2567,26463.3979,2048.9445,598.7454,0.0000,0.0000,0.0000
25.0500,19.7350,-7.2850,26496.7135,2051.6559,599.3665,0.0000,0.0000,0.0000
25.0667,19.7347,-7.3133,26530.0182,2054.3647,599.9876,0.0000,0.0000,0.0000
25.0833,19.7344,-7.3417,26563.3017,2057.0711,600.6087,0.0000,0.0000,0.0000
25.1000,19.7340,-7.3700,26596.5605,2059.7748,601.2298,0.0000,0.0000,0.0000
25.1167,19.7337,-7.3983,26629.7936,2062.4759,601.8509,0.0000,0.0000,0.0000
25.1333,19.7334,-7.4267,26662.9999,2065.1743,602.4721,0.0000,0.0000,0.0000
25.1500,19.7330,-7.4550,26696.1788,2067.8699,603.0932,0.0000,0.0000,0.0000
25.1667,19.7327,-7.4833,26729.3296,2070.5626,603.7144,0.0000,0.0000,0.0000
25.1833,19.7324,-7.5117,26762.4517,2073.2525,604.3355,0.0000,0.0000,0.0000
25.2000,19.7320,-7.5400,26795.5444,2075.9394,604.9567,0.0000,0.0000,0.0000
25.2167,19.7317,-7.5683,26828.6072,2078.6232,605.5778,0.0000,0.0000,0.0000
25.2333,19.7314,-7.5967,26861.6395,2081.3040,606.1990,0.0000,0.0000,0.0000
25.2500,19.7311,-7.6250,26894.6408,2083.9817,606.8202,0.0000,0.0000,0.0000
25.2667,19.7307,-7.6533,26927.6107,2086.6562,607.4414,0.0000,0.0000,0.0000
25.2833,19.7304,-7.6817,26960.5488,2089.3274,608.0626,0.0000,0.0000,0.0000
25.3000,19.7301,-7.7100,26993.4546,2091.9955,608.6838,0.0000,0.0000,0.0000
25.3167,19.7297,-7.7383,27026.3280,2094.6602,609.3050,0.0000,0.0000,0.0000
25.3333,19.7294,-7.7667,27059.1685,2097.3217,609.9262,0.0000,0.0000,0.0000
25.3500,19.7291,-7.7950,27091.9759,2099.9798,610.5474,0.0000,0.0000,0.0000
25.3667,19.7288,-7.8233,27124.7501,2102.6346,611.1686,0.0000,0.0000,0.0000
25.3833,19.7284,-7.8517,27157.4908,2105.2861,611.7899,0.0000,0.0000,0.0000
25.4000,19.7281,-7.8800,27190.1979,2107.9341,612.4111,0.0000,0.0000,0.0000
25.4167,19.7278,-7.9083,27222.8712,2110.5788,613.0324,0.0000,0.0000,0.0000
25.4333,19.7274,-7.9367,27255.5107,2113.2201,613.6536,0.0000,0.0000,0.0000
25.4500,19.7271,-7.9650,27288.1164,2115.8579,614.2749,0.0000,0.0000,0.0000
25.4667,19.7268,-7.9933,27320.6880,2118.4924,614.8962,0.0000,0.0000,0.0000
25.4833,19.7265,-8.0217,27353.2257,2121.1235,615.5174,0.0000,0.0000,0.0000
25.5000,19.7261,-8.0500,27385.7294,2123.7511,616.1387,0.0000,0.0000,0.0000
25.5167,19.7258,-8.0783,27418.1991,2126.3754,616.7600,0.0000,0.0000,0.0000
25.5333,19.7255,-8.1067,27450.6348,2128.9962,617.3813,0.0000,0.0000,0.0000
25.5500,19.7252,-8.1350,27483.0366,2131.6137,618.0026,0.0000,0.0000,0.0000
25.5667,19.7248,-8.1633,27515.4045,2134.2277,618.6240,0.0000,0.0000,0.0000
25.5833,19.7245,-8.1917,27547.7386,2136.8384,619.2453,0.0000,0.0000,0.0000
25.6000,19.7242,-8.2200,27580.0390,2139.4457,619.8666,0.0000,0.0000,0.0000
25.6167,19.7239,-8.2483,27612.3057,2142.0496,620.4880,0.0000,0.0000,0.0000
25.6333,19.7236,-8.2767,27644.5389,2144.6502,621.1093,0.0000,0.0000,0.0000
25.6500,19.7232,-8.3050,27676.7387,2147.2474,621.7307,0.0000,0.0000,0.0000
25.6667,19.7229,-8.3333,27708.9051,2149.8413,622.3520,0.0000,0.0000,0.0000
25.6833,19.7226,-8.3617,27741.0382,2152.4318,622.9734,0.0000,0.0000,0.0000
25.7000,19.7223,-8.3900,27773.1383,2155.0191,623.5948,0.0000,0.0000,0.0000
25.7167,19.7219,-8.4183,27805.2054,2157.6030,624.2162,0.0000,0.0000,0.0000
25.7333,19.7216,-8.4467,27837.2397,2160.1837,624.8376,0.0000,0.0000,0.0000
25.7500,19.7213,-8.4750,27869.2413,2162.7611,625.4590,0.0000,0.0000,0.0000
25.7667,19.7210,-8.5033,27901.2103,2165.3352,626.0804,0.0000,0.0000,0.0000
25.7833,19.7207,-8.5317,27933.1469,2167.9061,626.7018,0.0000,0.0000,0.0000
25.8000,19.7203,-8.5600,27965.0512,2170.4737,627.3232,0.0000,0.0000,0.0000
25.8167,19.7200,-8.5883,27996.9233,2173.0382,627.9446,0.0000,0.0000,0.0000
25.8333,19.7197,-8.6167,28028.7635,2175.5994,628.5661,0.0000,0.0000,0.0000
25.8500,19.7194,-8.6450,28060.5719,2178.1575,629.1875,0.0000,0.0000,0.0000
25.8667,19.7191,-8.6733,28092.3486,2180.7124,629.8090,0.0000,0.0000,0.0000
25.8833,19.7188,-8.7017,28124.0937,2183.2641,630.4304,0.0000,0.0000,0.0000
25.9000,19.7184,-8.7300,28155.8074,2185.8127,631.0519,0.0000,0.0000,0.0000
25.9167,19.7181,-8.7583,28187.4899,2188.3582,631.6733,0.0000,0.0000,0.0000
25.9333,19.7178,-8.7867,28219.1413,2190.9005,632.2948,0.0000,0.0000,0.0000
25.9500,19.7175,-8.8150,28250.7617,2193.4398,632.9163,0.0000,0.0000,0.0000
25.9667,19.7172,-8.8433,28282.3513,2195.9760,633.5378,0.0000,0.0000,0.0000
25.9833,19.7169,-8.8717,28313.9103,2198.5091,634.1593,0.0000,0.0000,0.0000
26.0000,19.7165,-8.9000,28345.4387,2201.0392,634.7808,0.0000,0.0000,0.0000
26.0167,19.7163,-8.9083,28368.8047,2202.8768,634.9605,0.0000,0.0000,0.0000
26.0333,19.7161,-8.9167,28389.9108,2204.7187,635.1406,0.0000,0.0000,0.0000
26.0500,19.7159,-8.9250,28410.3675,2206.5586,635.3210,0.0000,0.0000,0.0000
26.0667,19.7157,-8.9333,28430.6133,2208.3944,635.5013,0.0000,0.0000,0.0000
26.0833,19.7155,-8.9417,28450.7653,2210.2254,635.6817,0.0000,0.0000,0.0000
26.1000,19.7153,-8.9500,28470.8528,2212.0511,635.8621,0.0000,0.0000,0.0000
26.1167,19.7151,-8.9583,28490.8800,2213.8709,636.0425,0.0000,0.0000,0.0000
26.1333,19.7149,-8.9667,28510.8445,2215.6843,636.2229,0.0000,0.0000,0.0000
26.1500,19.7147,-8.9750,28530.7419,2217.4908,636.4034,0.0000,0.0000,0.0000
26.1667,19.7145,-8.9833,28550.5674,2219.2898,636.5838,0.0000,0.0000,0.0000
26.1833,19.7143,-8.9917,28570.3158,2221.0810,636.7643,0.0000,0.0000,0.0000
26.2000,19.7141,-9.0000,28589.9825,2222.8638,636.9448,0.0000,0.0000,0.0000
26.2167,19.7139,-9.0083,28609.5631,2224.6377,637.1253,0.0000,0.0000,0.0000
26.2333,19.7137,-9.0167,28629.0531,2226.4024,637.3058,0.0000,0.0000,0.0000
26.2500,19.7135,-9.0250,28648.4489,2228.1574,637.4864,0.0000,0.0000,0.0000
26.2667,19.7133,-9.0333,28667.7468,2229.9026,637.6669,0.0000,0.0000,0.0000
26.2833,19.7131,-9.0417,28686.9436,2231.6374,637.8475,0.0000,0.0000,0.0000
26.3000,19.7129,-9.0500,28706.0364,2233.3617,638.0282,0.0000,0.0000,0.0000
26.3167,19.7127,-9.0583,28725.0227,2235.0753,638.2088,0.0000,0.0000,0.0000
26.3333,19.7126,-9.0667,28743.9001,2236.7778,638.3895,0.0000,0.0000,0.0000
26.3500,19.7124,-9.0750,28762.6666,2238.4691,638.5702,0.0000,0.0000,0.0000
26.3667,19.7122,-9.0833,28781.3206,2240.1491,638.7509,0.0000,0.0000,0.0000
26.3833,19.7120,-9.0917,28799.8606,2241.8176,638.9316,0.0000,0.0000,0.0000
26.4000,19.7118,-9.1000,28818.2854,2243.4744,639.1124,0.0000,0.0000,0.0000
26.4167,19.7116,-9.1083,28836.5939,2245.1196,639.2932,0.0000,0.0000,0.0000
26.4333,19.7115,-9.1167,28854.7853,2246.7531,639.4740,0.0000,0.0000,0.0000
26.4500,19.7113,-9.1250,28872.8592,2248.3747,639.6548,0.0000,0.0000,0.0000
26.4667,19.7111,-9.1333,28890.8151,2249.9845,639.8357,0.0000,0.0000,0.0000
26.4833,19.7109,-9.1417,28908.6529,2251.5824,640.0166,0.0000,0.0000,0.0000
26.5000,19.7107,-9.1500,28926.3723,2253.1685,640.1975,0.0000,0.0000,0.0000
26.5167,19.7106,-9.1583,28943.9736,2254.7427,640.3785,0.0000,0.0000,0.0000
26.5333,19.7104,-9.1667,28961.4569,2256.3051,640.5594,0.0000,0.0000,0.0000
26.5500,19.7102,-9.1750,28978.8227,2257.8558,640.7404,0.0000,0.0000,0.0000
26.5667,19.7100,-9.1833,28996.0714,2259.3947,640.9215,0.0000,0.0000,0.0000
26.5833,19.7099,-9.1917,29013.2035,2260.9220,641.1025,0.0000,0.0000,0.0000
26.6000,19.7097,-9.2000,29030.2197,2262.4377,641.2836,0.0000,0.0000,0.0000
26.6167,19.7095,-9.2083,29047.1209,2263.9419,641.4647,0.0000,0.0000,0.0000
26.6333,19.7094,-9.2167,29063.9078,2265.4347,641.6458,0.0000,0.0000,0.0000
26.6500,19.7092,-9.2250,29080.5814,2266.9162,641.8270,0.0000,0.0000,0.0000
26.6667,19.7090,-9.2333,29097.1426,2268.3864,642.0082,0.0000,0.0000,0.0000
26.6833,19.7089,-9.2417,29113.5926,2269.8455,642.1894,0.0000,0.0000,0.0000
26.7000,19.7087,-9.2500,29129.9323,2271.2937,642.3706,0.0000,0.0000,0.0000
26.7167,19.7085,-9.2583,29146.1629,2272.7309,642.5518,0.0000,0.0000,0.0000
26.7333,19.7084,-9.2667,29162.2857,2274.1574,642.7331,0.0000,0.0000,0.0000
26.7500,19.7082,-9.2750,29178.3018,2275.5732,642.9144,0.0000,0.0000,0.0000
26.7667,19.7081,-9.2833,29194.2124,2276.9786,643.0957,0.0000,0.0000,0.0000
26.7833,19.7079,-9.2917,29210.0190,2278.3735,643.2771,0.0000,0.0000,0.0000
26.8000,19.7077,-9.3000,29225.7226,2279.7582,643.4585,0.0000,0.0000,0.0000
26.8167,19.7076,-9.3083,29241.3248,2281.1328,643.6398,0.0000,0.0000,0.0000
26.8333,19.7074,-9.3167,29256.8268,2282.4974,643.8213,0.0000,0.0000,0.0000
26.8500,19.7073,-9.3250,29272.2299,2283.8521,644.0027,0.0000,0.0000,0.0000
26.8667,19.7071,-9.3333,29287.5355,2285.1972,644.1842,0.0000,0.0000,0.0000
26.8833,19.7070,-9.3417,29302.7450,2286.5326,644.3656,0.0000,0.0000,0.0000
26.9000,19.7068,-9.3500,29317.8597,2287.8586,644.5471,0.0000,0.0000,0.0000
26.9167,19.7067,-9.3583,29332.8810,2289.1753,644.7286,0.0000,0.0000,0.0000
26.9333,19.7065,-9.3667,29347.8103,2290.4828,644.9102,0.0000,0.0000,0.0000
26.9500,19.7064,-9.3750,29362.6489,2291.7813,645.0918,0.0000,0.0000,0.0000
26.9667,19.7062,-9.3833,29377.3981,2293.0710,645.2733,0.0000,0.0000,0.0000
26.9833,19.7061,-9.3917,29392.0593,2294.3518,645.4549,0.0000,0.0000,0.0000
27.0000,19.7059,-9.4000,29406.6339,2295.6240,645.6366,0.0000,0.0000,0.0000
27.0167,19.7057,-9.4200,29425.8703,2297.2904,646.0759,0.0000,0.0000,0.0000
27.0333,19.7055,-9.4400,29446.3256,2298.9442,646.5150,0.0000,0.0000,0.0000
27.0500,19.7053,-9.4600,29467.0605,2300.5894,646.9541,0.0000,0.0000,0.0000
27.0667,19.7051,-9.4800,29487.8207,2302.2272,647.3931,0.0000,0.0000,0.0000
27.0833,19.7049,-9.5000,29508.5392,2303.8582,647.8322,0.0000,0.0000,0.0000
27.1000,19.7047,-9.5200,29529.2008,2305.4829,648.2712,0.0000,0.0000,0.0000
27.1167,19.7045,-9.5400,29549.8047,2307.1018,648.7103,0.0000,0.0000,0.0000
27.1333,19.7043,-9.5600,29570.3543,2308.7154,649.1494,0.0000,0.0000,0.0000
27.1500,19.7041,-9.5800,29590.8541,2310.3242,649.5885,0.0000,0.0000,0.0000
27.1667,19.7039,-9.6000,29611.3086,2311.9286,650.0276,0.0000,0.0000,0.0000
27.1833,19.7037,-9.6200,29631.7227,2313.5292,650.4667,0.0000,0.0000,0.0000
27.2000,19.7035,-9.6400,29652.1009,2315.1264,650.9059,0.0000,0.0000,0.0000
27.2167,19.7033,-9.6600,29672.4475,2316.7206,651.3450,0.0000,0.0000,0.0000
27.2333,19.7031,-9.6800,29692.7667,2318.3123,651.7841,0.0000,0.0000,0.0000
27.2500,19.7029,-9.7000,29713.0623,2319.9017,652.2233,0.0000,0.0000,0.0000
27.2667,19.7027,-9.7200,29733.3379,2321.4893,652.6624,0.0000,0.0000,0.0000
27.2833,19.7025,-9.7400,29753.5971,2323.0754,653.1016,0.0000,0.0000,0.0000
27.3000,19.7023,-9.7600,29773.8427,2324.6602,653.5407,0.0000,0.0000,0.0000
27.3167,19.7021,-9.7800,29794.0779,2326.2441,653.9799,0.0000,0.0000,0.0000
27.3333,19.7019,-9.8000,29814.3053,2327.8274,654.4190,0.0000,0.0000,0.0000
27.3500,19.7017,-9.8200,29834.5272,2329.4102,654.8582,0.0000,0.0000,0.0000
27.3667,19.7015,-9.8400,29854.7461,2330.9928,655.2974,0.0000,0.0000,0.0000
27.3833,19.7013,-9.8600,29874.9638,2332.5753,655.7365,0.0000,0.0000,0.0000
27.4000,19.7010,-9.8800,29895.1823,2334.1581,656.1757,0.0000,0.0000,0.0000
27.4167,19.7008,-9.9000,29915.4033,2335.7411,656.6148,0.0000,0.0000,0.0000
27.4333,19.7006,-9.9200,29935.6282,2337.3246,657.0540,0.0000,0.0000,0.0000
27.4500,19.7004,-9.9400,29955.8584,2338.9087,657.4932,0.0000,0.0000,0.0000
27.4667,19.7002,-9.9600,29976.0951,2340.4935,657.9323,0.0000,0.0000,0.0000
27.4833,19.7000,-9.9800,29996.3394,2342.0791,658.3715,0.0000,0.0000,0.0000
27.5000,19.6998,-10.0000,30016.5921,2343.6655,658.8106,0.0000,0.0000,0.0000
27.5167,19.6996,-10.0200,30036.8542,2345.2530,659.2498,0.0000,0.0000,0.0000
27.5333,19.6994,-10.0400,30057.1261,2346.8414,659.6889,0.0000,0.0000,0.0000
27.5500,19.6992,-10.0600,30077.4086,2348.4310,660.1281,0.0000,0.0000,0.0000
27.5667,19.6990,-10.0800,30097.7021,2350.0216,660.5672,0.0000,0.0000,0.0000
27.5833,19.6988,-10.1000,30118.0069,2351.6134,661.0064,0.0000,0.0000,0.0000
27.6000,19.6986,-10.1200,30138.3233,2353.2064,661.4455,0.0000,0.0000,0.0000
27.6167,19.6984,-10.1400,30158.6515,2354.8006,661.8846,0.0000,0.0000,0.0000
27.6333,19.6982,-10.1600,30178.9916,2356.3960,662.3238,0.0000,0.0000,0.0000
27.6500,19.6980,-10.1800,30199.3436,2357.9925,662.7629,0.0000,0.0000,0.0000
27.6667,19.6978,-10.2000,30219.7074,2359.5903,663.2020,0.0000,0.0000,0.0000
27.6833,19.6976,-10.2200,30240.0829,2361.1892,663.6412,0.0000,0.0000,0.0000
27.7000,19.6974,-10.2400,30260.4700,2362.7892,664.0803,0.0000,0.0000,0.0000
27.7167,19.6972,-10.2600,30280.8684,2364.3904,664.5194,0.0000,0.0000,0.0000
27.7333,19.6970,-10.2800,30301.2777,2365.9927,664.9585,0.0000,0.0000,0.0000
27.7500,19.6968,-10.3000,30321.6977,2367.5960,665.3976,0.0000,0.0000,0.0000
27.7667,19.6966,-10.3200,30342.1277,2369.2003,665.8368,0.0000,0.0000,0.0000
27.7833,19.6964,-10.3400,30362.5674,2370.8056,666.2759,0.0000,0.0000,0.0000
27.8000,19.6962,-10.3600,30383.0162,2372.4117,666.7150,0.0000,0.0000,0.0000
27.8167,19.6960,-10.3800,30403.4735,2374.0187,667.1541,0.0000,0.0000,0.0000
27.8333,19.6958,-10.4000,30423.9386,2375.6264,667.5932,0.0000,0.0000,0.0000
27.8500,19.6956,-10.4200,30444.4108,2377.2348,668.0323,0.0000,0.0000,0.0000
27.8667,19.6954,-10.4400,30464.8893,2378.8438,668.4714,0.0000,0.0000,0.0000
27.8833,19.6951,-10.4600,30485.3732,2380.4533,668.9105,0.0000,0.0000,0.0000
27.9000,19.6949,-10.4800,30505.8616,2382.0632,669.3496,0.0000,0.0000,0.0000
27.9167,19.6947,-10.5000,30526.3534,2383.6734,669.7887,0.0000,0.0000,0.0000
27.9333,19.6945,-10.5200,30546.8476,2385.2838,670.2278,0.0000,0.0000,0.0000
27.9500,19.6943,-10.5400,30567.3430,2386.8943,670.6669,0.0000,0.0000,0.0000
27.9667,19.6941,-10.5600,30587.8381,2388.5047,671.1060,0.0000,0.0000,0.0000
27.9833,19.6939,-10.5800,30608.3315,2390.1149,671.5451,0.0000,0.0000,0.0000
28.0000,19.6937,-10.6000,30628.8216,2391.7246,671.9842,0.0000,0.0000,0.0000
28.0167,19.6935,-10.6183,30648.6271,2393.2761,672.3865,0.0000,0.0000,0.0000
28.0333,19.6933,-10.6367,30668.2383,2394.8272,672.7888,0.0000,0.0000,0.0000
28.0500,19.6931,-10.6550,30687.7873,2396.3773,673.1911,0.0000,0.0000,0.0000
28.0667,19.6929,-10.6733,30707.3077,2397.9257,673.5935,0.0000,0.0000,0.0000
28.0833,19.6927,-10.6917,30726.8054,2399.4722,673.9958,0.0000,0.0000,0.0000
28.1000,19.6925,-10.7100,30746.2779,2401.0159,674.3982,0.0000,0.0000,0.0000
28.1167,19.6923,-10.7283,30765.7187,2402.5562,674.8006,0.0000,0.0000,0.0000
28.1333,19.6921,-10.7467,30785.1177,2404.0918,675.2029,0.0000,0.0000,0.0000
28.1500,19.6920,-10.7650,30804.4578,2405.6206,675.6053,0.0000,0.0000,0.0000
28.1667,19.6918,-10.7833,30823.6957,2407.1360,676.0077,0.0000,0.0000,0.0000
28.1833,19.6916,-10.8017,30842.7676,2408.6377,676.4102,0.0000,0.0000,0.0000
28.2000,19.6914,-10.8200,30861.8814,2410.1480,676.8126,0.0000,0.0000,0.0000
28.2167,19.6912,-10.8383,30881.0426,2411.6635,677.2150,0.0000,0.0000,0.0000
28.2333,19.6910,-10.8567,30900.2451,2413.1830,677.6175,0.0000,0.0000,0.0000
28.2500,19.6908,-10.8750,30919.4828,2414.7058,678.0199,0.0000,0.0000,0.0000
28.2667,19.6906,-10.8933,30938.7509,2416.2314,678.4223,0.0000,0.0000,0.0000
28.2833,19.6904,-10.9117,30958.0458,2417.7596,678.8247,0.0000,0.0000,0.0000
28.3000,19.6902,-10.9300,30977.3644,2419.2901,679.2270,0.0000,0.0000,0.0000
28.3167,19.6900,-10.9483,30996.7043,2420.8225,679.6294,0.0000,0.0000,0.0000
28.3333,19.6898,-10.9667,31016.0635,2422.3569,680.0318,0.0000,0.0000,0.0000
28.3500,19.6896,-10.9850,31035.4402,2423.8929,680.4342,0.0000,0.0000,0.0000
28.3667,19.6895,-11.0033,31054.8328,2425.4304,680.8366,0.0000,0.0000,0.0000
28.3833,19.6893,-11.0217,31074.2401,2426.9694,681.2389,0.0000,0.0000,0.0000
28.4000,19.6891,-11.0400,31093.6608,2428.5096,681.6413,0.0000,0.0000,0.0000
28.4167,19.6889,-11.0583,31113.0937,2430.0511,682.0437,0.0000,0.0000,0.0000
28.4333,19.6887,-11.0767,31132.5379,2431.5936,682.4460,0.0000,0.0000,0.0000
28.4500,19.6885,-11.0950,31151.9925,2433.1371,682.8484,0.0000,0.0000,0.0000
28.4667,19.6883,-11.1133,31171.4566,2434.6816,683.2507,0.0000,0.0000,0.0000
28.4833,19.6881,-11.1317,31190.9295,2436.2269,683.6531,0.0000,0.0000,0.0000
28.5000,19.6879,-11.1500,31210.4104,2437.7729,684.0555,0.0000,0.0000,0.0000
28.5167,19.6877,-11.1683,31229.8988,2439.3197,684.4578,0.0000,0.0000,0.0000
28.5333,19.6875,-11.1867,31249.3940,2440.8672,684.8602,0.0000,0.0000,0.0000
28.5500,19.6873,-11.2050,31268.8955,2442.4152,685.2625,0.0000,0.0000,0.0000
28.5667,19.6871,-11.2233,31288.4028,2443.9639,685.6649,0.0000,0.0000,0.0000
28.5833,19.6869,-11.2417,31307.9153,2445.5130,686.0672,0.0000,0.0000,0.0000
28.6000,19.6867,-11.2600,31327.4326,2447.0626,686.4696,0.0000,0.0000,0.0000
28.6167,19.6865,-11.2783,31346.9544,2448.6126,686.8719,0.0000,0.0000,0.0000
28.6333,19.6863,-11.2967,31366.4802,2450.1630,687.2742,0.0000,0.0000,0.0000
28.6500,19.6861,-11.3150,31386.0097,2451.7137,687.6766,0.0000,0.0000,0.0000
28.6667,19.6859,-11.3333,31405.5426,2453.2648,688.0789,0.0000,0.0000,0.0000
28.6833,19.6857,-11.3517,31425.0785,2454.8162,688.4813,0.0000,0.0000,0.0000
28.7000,19.6856,-11.3700,31444.6172,2456.3678,688.8836,0.0000,0.0000,0.0000
28.7167,19.6854,-11.3883,31464.1583,2457.9197,689.2860,0.0000,0.0000,0.0000
28.7333,19.6852,-11.4067,31483.7017,2459.4718,689.6883,0.0000,0.0000,0.0000
28.7500,19.6850,-11.4250,31503.2471,2461.0241,690.0906,0.0000,0.0000,0.0000
28.7667,19.6848,-11.4433,31522.7943,2462.5765,690.4930,0.0000,0.0000,0.0000
28.7833,19.6846,-11.4617,31542.3431,2464.1291,690.8953,0.0000,0.0000,0.0000
28.8000,19.6844,-11.4800,31561.8933,2465.6819,691.2977,0.0000,0.0000,0.0000
28.8167,19.6842,-11.4983,31581.4446,2467.2347,691.7000,0.0000,0.0000,0.0000
28.8333,19.6840,-11.5167,31600.9971,2468.7877,692.1023,0.0000,0.0000,0.0000
28.8500,19.6838,-11.5350,31620.5504,2470.3407,692.5047,0.0000,0.0000,0.0000
28.8667,19.6836,-11.5533,31640.1044,2471.8938,692.9070,0.0000,0.0000,0.0000
28.8833,19.6834,-11.5717,31659.6591,2473.4470,693.3093,0.0000,0.0000,0.0000
28.9000,19.6832,-11.5900,31679.2143,2475.0002,693.7117,0.0000,0.0000,0.0000
28.9167,19.6830,-11.6083,31698.7698,2476.5534,694.1140,0.0000,0.0000,0.0000
28.9333,19.6828,-11.6267,31718.3256,2478.1066,694.5164,0.0000,0.0000,0.0000
28.9500,19.6826,-11.6450,31737.8815,2479.6599,694.9187,0.0000,0.0000,0.0000
28.9667,19.6824,-11.6633,31757.4375,2481.2132,695.3210,0.0000,0.0000,0.0000
28.9833,19.6822,-11.6817,31776.9935,2482.7664,695.7234,0.0000,0.0000,0.0000
29.0000,19.6820,-11.7000,31796.5493,2484.3197,696.1257,0.0000,0.0000,0.0000
29.0167,19.6819,-11.7083,31812.0288,2485.5267,696.3071,0.0000,0.0000,0.0000
29.0333,19.6817,-11.7167,31826.3876,2486.7371,696.4888,0.0000,0.0000,0.0000
29.0500,19.6816,-11.7250,31840.4350,2487.9479,696.6705,0.0000,0.0000,0.0000
29.0667,19.6815,-11.7333,31854.3920,2489.1583,696.8523,0.0000,0.0000,0.0000
29.0833,19.6813,-11.7417,31868.3183,2490.3679,697.0340,0.0000,0.0000,0.0000
29.1000,19.6812,-11.7500,31882.2294,2491.5766,697.2158,0.0000,0.0000,0.0000
29.1167,19.6810,-11.7583,31896.1281,2492.7842,697.3976,0.0000,0.0000,0.0000
29.1333,19.6809,-11.7667,31910.0141,2493.9905,697.5794,0.0000,0.0000,0.0000
29.1500,19.6808,-11.7750,31923.8858,2495.1953,697.7611,0.0000,0.0000,0.0000
29.1667,19.6806,-11.7833,31937.7417,2496.3985,697.9429,0.0000,0.0000,0.0000
29.1833,19.6805,-11.7917,31951.5799,2497.5998,698.1247,0.0000,0.0000,0.0000
29.2000,19.6803,-11.8000,31965.3987,2498.7990,698.3065,0.0000,0.0000,0.0000
29.2167,19.6802,-11.8083,31979.1966,2499.9961,698.4883,0.0000,0.0000,0.0000
29.2333,19.6801,-11.8167,31992.9718,2501.1909,698.6701,0.0000,0.0000,0.0000
29.2500,19.6799,-11.8250,32006.7231,2502.3833,698.8519,0.0000,0.0000,0.0000
29.2667,19.6798,-11.8333,32020.4491,2503.5730,699.0337,0.0000,0.0000,0.0000
29.2833,19.6797,-11.8417,32034.1485,2504.7600,699.2155,0.0000,0.0000,0.0000
29.3000,19.6795,-11.8500,32047.8201,2505.9442,699.3973,0.0000,0.0000,0.0000
29.3167,19.6794,-11.8583,32057.6250,2506.9290,699.5800,0.0000,0.0000,0.0000
29.3333,19.6793,-11.8667,32072.5525,2508.1021,699.7615,0.0000,0.0000,0.0000
29.3500,19.6792,-11.8750,32082.5948,2509.0815,699.9442,0.0000,0.0000,0.0000
29.3667,19.6791,-11.8833,32093.4735,2510.0551,700.1266,0.0000,0.0000,0.0000
29.3833,19.6789,-11.8917,32108.9556,2511.2174,700.3080,0.0000,0.0000,0.0000
29.4000,19.6788,-11.9000,32119.0757,2512.1899,700.4906,0.0000,0.0000,0.0000
29.4167,19.6787,-11.9083,32129.9536,2513.1571,700.6731,0.0000,0.0000,0.0000
29.4333,19.6786,-11.9167,32141.1524,2514.1209,700.8554,0.0000,0.0000,0.0000
29.4500,19.6784,-11.9250,32156.7464,2515.2718,701.0368,0.0000,0.0000,0.0000
29.4667,19.6783,-11.9333,32166.8406,2516.2360,701.2194,0.0000,0.0000,0.0000
29.4833,19.6782,-11.9417,32177.6629,2517.1952,701.4019,0.0000,0.0000,0.0000
29.5000,19.6781,-11.9500,32188.7940,2518.1512,701.5843,0.0000,0.0000,0.0000
29.5167,19.6780,-11.9583,32200.0503,2519.1048,701.7666,0.0000,0.0000,0.0000
29.5333,19.6778,-11.9667,32215.5962,2520.2433,701.9480,0.0000,0.0000,0.0000
29.5500,19.6777,-11.9750,32225.6235,2521.1983,702.1307,0.0000,0.0000,0.0000
29.5667,19.6776,-11.9833,32236.3663,2522.1485,702.3131,0.0000,0.0000,0.0000
29.5833,19.6775,-11.9917,32247.4132,2523.0957,702.4955,0.0000,0.0000,0.0000
29.6000,19.6774,-12.0000,32258.5843,2524.0407,702.6779,0.0000,0.0000,0.0000
29.6167,19.6773,-12.0083,32269.8011,2524.9838,702.8603,0.0000,0.0000,0.0000
29.6333,19.6771,-12.0167,32285.2391,2526.1094,703.0417,0.0000,0.0000,0.0000
29.6500,19.6770,-12.0250,32295.1837,2527.0547,703.2243,0.0000,0.0000,0.0000
29.6667,19.6769,-12.0333,32305.8373,2527.9954,703.4068,0.0000,0.0000,0.0000
29.6833,19.6768,-12.0417,32316.7935,2528.9333,703.5893,0.0000,0.0000,0.0000
29.7000,19.6767,-12.0500,32327.8744,2529.8692,703.7716,0.0000,0.0000,0.0000
29.7167,19.6766,-12.0583,32339.0024,2530.8036,703.9540,0.0000,0.0000,0.0000
29.7333,19.6765,-12.0667,32350.1436,2531.7365,704.1364,0.0000,0.0000,0.0000
29.7500,19.6763,-12.0750,32365.4538,2532.8493,704.3179,0.0000,0.0000,0.0000
29.7667,19.6762,-12.0833,32375.3121,2533.7850,704.5005,0.0000,0.0000,0.0000
29.7833,19.6761,-12.0917,32385.8756,2534.7163,704.6830,0.0000,0.0000,0.0000
29.8000,19.6760,-12.1000,32396.7413,2535.6451,704.8655,0.0000,0.0000,0.0000
29.8167,19.6759,-12.1083,32407.7327,2536.5722,705.0479,0.0000,0.0000,0.0000
29.8333,19.6758,-12.1167,32418.7728,2537.4978,705.2303,0.0000,0.0000,0.0000
29.8500,19.6757,-12.1250,32429.8281,2538.4223,705.4127,0.0000,0.0000,0.0000
29.8667,19.6756,-12.1333,32440.8840,2539.3456,705.5951,0.0000,0.0000,0.0000
29.8833,19.6755,-12.1417,32451.9345,2540.2679,705.7775,0.0000,0.0000,0.0000
29.9000,19.6753,-12.1500,32467.1042,2541.3674,705.9590,0.0000,0.0000,0.0000
29.9167,19.6752,-12.1583,32476.8710,2542.2930,706.1417,0.0000,0.0000,0.0000
29.9333,19.6751,-12.1667,32487.3398,2543.2146,706.3242,0.0000,0.0000,0.0000
29.9500,19.6750,-12.1750,32498.1107,2544.1339,706.5067,0.0000,0.0000,0.0000
29.9667,19.6749,-12.1833,32509.0086,2545.0516,706.6891,0.0000,0.0000,0.0000
29.9833,19.6748,-12.1917,32519.9570,2545.9682,706.8715,0.0000,0.0000,0.0000
30.0000,19.6747,-12.2000,32530.9225,2546.8838,707.0540,0.0000,0.0000,0.0000
30.0167,19.6746,-12.2000,32539.2562,2547.5052,707.0521,0.4734,0.0000,0.0000
30.0333,19.6745,-12.2000,32546.4148,2548.1272,707.0505,0.9468,0.0000,0.0000
30.0500,19.6745,-12.2000,32553.0394,2548.7480,707.0490,1.4202,0.0000,0.0000
30.0667,19.6744,-12.2000,32559.4125,2549.3664,707.0476,1.8936,0.0000,0.0000
30.0833,19.6743,-12.2000,32565.6582,2549.9823,707.0462,2.3670,0.0000,0.0000
30.1000,19.6743,-12.2000,32571.8314,2550.5953,707.0449,2.8404,0.0000,0.0000
30.1167,19.6742,-12.2000,32577.9557,2551.2053,707.0435,3.3138,0.0000,0.0000
30.1333,19.6742,-12.2000,32584.0410,2551.8122,707.0422,3.7872,0.0000,0.0000
30.1500,19.6741,-12.2000,32590.0911,2552.4160,707.0408,4.2606,0.0000,0.0000
30.1667,19.6740,-12.2000,32596.1070,2553.0163,707.0395,4.7340,0.0000,0.0000
30.1833,19.6740,-12.2000,32602.0884,2553.6132,707.0382,5.2074,0.0000,0.0000
30.2000,19.6739,-12.2000,32608.0343,2554.2065,707.0368,5.6808,0.0000,0.0000
30.2167,19.6739,-12.2000,32613.9435,2554.7961,707.0355,6.1542,0.0000,0.0000
30.2333,19.6738,-12.2000,32619.8146,2555.3817,707.0342,6.6276,0.0000,0.0000
30.2500,19.6737,-12.2000,32625.6464,2555.9632,707.0329,7.1010,0.0000,0.0000
30.2667,19.6737,-12.2000,32631.4375,2556.5406,707.0317,7.5744,0.0000,0.0000
30.2833,19.6736,-12.2000,32637.1864,2557.1137,707.0304,8.0478,0.0000,0.0000
30.3000,19.6736,-12.2000,32642.8920,2557.6823,707.0291,8.5212,0.0000,0.0000
30.3167,19.6735,-12.2000,32648.5531,2558.2464,707.0279,8.9946,0.0000,0.0000
30.3333,19.6735,-12.2000,32654.1685,2558.8058,707.0266,9.4680,0.0000,0.0000
30.3500,19.6734,-12.2000,32659.7370,2559.3604,707.0254,9.9414,0.0000,0.0000
30.3667,19.6733,-12.2000,32665.2579,2559.9102,707.0242,10.4148,0.0000,0.0000
30.3833,19.6733,-12.2000,32670.7300,2560.4550,707.0229,10.8882,0.0000,0.0000
30.4000,19.6732,-12.2000,32676.1525,2560.9948,707.0217,11.3616,0.0000,0.0000
30.4167,19.6732,-12.2000,32681.5247,2561.5295,707.0205,11.8350,0.0000,0.0000
30.4333,19.6731,-12.2000,32686.8459,2562.0590,707.0194,12.3084,0.0000,0.0000
30.4500,19.6731,-12.2000,32692.1154,2562.5833,707.0182,12.7818,0.0000,0.0000
30.4667,19.6730,-12.2000,32697.3326,2563.1024,707.0170,13.2552,0.0000,0.0000
30.4833,19.6730,-12.2000,32702.4971,2563.6160,707.0159,13.7286,0.0000,0.0000
30.5000,19.6729,-12.2000,32707.6083,2564.1244,707.0148,14.2020,0.0000,0.0000
30.5167,19.6729,-12.2000,32712.6660,2564.6273,707.0136,14.6754,0.0000,0.0000
30.5333,19.6728,-12.2000,32717.6697,2565.1248,707.0125,15.1488,0.0000,0.0000
30.5500,19.6728,-12.2000,32722.6192,2565.6168,707.0114,15.6222,0.0000,0.0000
30.5667,19.6727,-12.2000,32727.5142,2566.1034,707.0103,16.0956,0.0000,0.0000
30.5833,19.6727,-12.2000,32732.3547,2566.5845,707.0093,16.5690,0.0000,0.0000
30.6000,19.6726,-12.2000,32737.1405,2567.0601,707.0082,17.0424,0.0000,0.0000
30.6167,19.6726,-12.2000,32741.8715,2567.5302,707.0072,17.5158,0.0000,0.0000
30.6333,19.6725,-12.2000,32746.5476,2567.9948,707.0061,17.9892,0.0000,0.0000
30.6500,19.6725,-12.2000,32751.1689,2568.4539,707.0051,18.4626,0.0000,0.0000
30.6667,19.6724,-12.2000,32755.7354,2568.9075,707.0041,18.9360,0.0000,0.0000
30.6833,19.6724,-12.2000,32760.2472,2569.3556,707.0031,19.4094,0.0000,0.0000
30.7000,19.6724,-12.2000,32764.7043,2569.7983,707.0021,19.8828,0.0000,0.0000
30.7167,19.6723,-12.2000,32769.1071,2570.2355,707.0011,20.3562,0.0000,0.0000
30.7333,19.6723,-12.2000,32773.4555,2570.6673,707.0002,20.8296,0.0000,0.0000
30.7500,19.6722,-12.2000,32777.7499,2571.0937,706.9992,21.3030,0.0000,0.0000
30.7667,19.6722,-12.2000,32781.9903,2571.5147,706.9983,21.7764,0.0000,0.0000
30.7833,19.6721,-12.2000,32786.1772,2571.9303,706.9973,22.2498,0.0000,0.0000
30.8000,19.6721,-12.2000,32790.3108,2572.3406,706.9964,22.7232,0.0000,0.0000
30.8167,19.6721,-12.2000,32794.3913,2572.7457,706.9955,23.1966,0.0000,0.0000
30.8333,19.6720,-12.2000,32798.4192,2573.1455,706.9946,23.6700,0.0000,0.0000
30.8500,19.6720,-12.2000,32802.3946,2573.5400,706.9937,24.1434,0.0000,0.0000
30.8667,19.6719,-12.2000,32806.3180,2573.9294,706.9929,24.6168,0.0000,0.0000
30.8833,19.6719,-12.2000,32810.1897,2574.3136,706.9920,25.0902,0.0000,0.0000
30.9000,19.6719,-12.2000,32814.0102,2574.6927,706.9912,25.5636,0.0000,0.0000
30.9167,19.6718,-12.2000,32817.7797,2575.0667,706.9903,26.0370,0.0000,0.0000
30.9333,19.6718,-12.2000,32821.4988,2575.4357,706.9895,26.5104,0.0000,0.0000
30.9500,19.6717,-12.2000,32825.1678,2575.7997,706.9887,26.9838,0.0000,0.0000
30.9667,19.6717,-12.2000,32828.7872,2576.1588,706.9879,27.4572,0.0000,0.0000
30.9833,19.6717,-12.2000,32832.3574,2576.5129,706.9871,27.9306,0.0000,0.0000
31.0000,19.6716,-12.2000,32835.8788,2576.8623,706.9863,28.4040,0.0000,0.0000
31.0167,19.6716,-12.2100,32842.3892,2577.5378,707.2067,32.0334,0.0000,0.0000
31.0333,19.6715,-12.2200,32850.1048,2578.1887,707.4268,35.6628,0.0000,0.0000
31.0500,19.6714,-12.2300,32858.2533,2578.8201,707.6468,39.2922,0.0000,0.0000
31.0667,19.6713,-12.2400,32866.5040,2579.4347,707.8668,42.9216,0.0000,0.0000
31.0833,19.6713,-12.2500,32874.7191,2580.0343,708.0868,46.5510,0.0000,0.0000
31.1000,19.6712,-12.2600,32882.8439,2580.6205,708.3068,50.1804,0.0000,0.0000
31.1167,19.6711,-12.2700,32890.8600,2581.1941,708.5269,53.8098,0.0000,0.0000
31.1333,19.6710,-12.2800,32898.7640,2581.7562,708.7469,57.4392,0.0000,0.0000
31.1500,19.6709,-12.2900,32906.5586,2582.3075,708.9670,61.0686,0.0000,0.0000
31.1667,19.6709,-12.3000,32914.2491,2582.8488,709.1872,64.6980,0.0000,0.0000
31.1833,19.6708,-12.3100,32921.8414,2583.3806,709.4073,68.3274,0.0000,0.0000
31.2000,19.6707,-12.3200,32929.3413,2583.9036,709.6275,71.9568,0.0000,0.0000
31.2167,19.6706,-12.3300,32936.7547,2584.4183,709.8476,75.5862,0.0000,0.0000
31.2333,19.6706,-12.3400,32944.0870,2584.9254,710.0678,79.2156,0.0000,0.0000
31.2500,19.6705,-12.3500,32951.3433,2585.4252,710.2880,82.8450,0.0000,0.0000
31.2667,19.6704,-12.3600,32958.5285,2585.9182,710.5083,86.4744,0.0000,0.0000
31.2833,19.6703,-12.3700,32965.6472,2586.4049,710.7285,90.1038,0.0000,0.0000
31.3000,19.6703,-12.3800,32972.7037,2586.8858,710.9488,93.7332,0.0000,0.0000
31.3167,19.6702,-12.3900,32979.7022,2587.3610,711.1690,97.3626,0.0000,0.0000
31.3333,19.6701,-12.4000,32986.6465,2587.8312,711.3893,100.9920,0.0000,0.0000
31.3500,19.6701,-12.4100,32993.5404,2588.2966,711.6096,104.6214,0.0000,0.0000
31.3667,19.6700,-12.4200,33000.3874,2588.7576,711.8299,108.2508,0.0000,0.0000
31.3833,19.6699,-12.4300,33007.1911,2589.2144,712.0502,111.8802,0.0000,0.0000
31.4000,19.6699,-12.4400,33013.9546,2589.6675,712.2706,115.5096,0.0000,0.0000
31.4167,19.6698,-12.4500,33020.6812,2590.1172,712.4909,119.1390,0.0000,0.0000
31.4333,19.6697,-12.4600,33027.3739,2590.5636,712.7112,122.7684,0.0000,0.0000
31.4500,19.6697,-12.4700,33034.0358,2591.0072,712.9316,126.3978,0.0000,0.0000
31.4667,19.6696,-12.4800,33040.6698,2591.4483,713.1519,130.0272,0.0000,0.0000
31.4833,19.6695,-12.4900,33047.2788,2591.8870,713.3723,133.6566,0.0000,0.0000
31.5000,19.6695,-12.5000,33053.8656,2592.3237,713.5926,137.2860,0.0000,0.0000
31.5167,19.6694,-12.5100,33060.4330,2592.7587,713.8130,140.9154,0.0000,0.0000
31.5333,19.6693,-12.5200,33066.9838,2593.1923,714.0334,144.5448,0.0000,0.0000
31.5500,19.6693,-12.5300,33073.5209,2593.6246,714.2538,148.1742,0.0000,0.0000
31.5667,19.6692,-12.5400,33080.0469,2594.0561,714.4741,151.8036,0.0000,0.0000
31.5833,19.6691,-12.5500,33086.5649,2594.4870,714.6945,155.4330,0.0000,0.0000
31.6000,19.6691,-12.5600,33093.0776,2594.9176,714.9149,159.0624,0.0000,0.0000
31.6167,19.6690,-12.5700,33099.5881,2595.3482,715.1353,162.6918,0.0000,0.0000
31.6333,19.6689,-12.5800,33106.0994,2595.7791,715.3556,166.3212,0.0000,0.0000
31.6500,19.6689,-12.5900,33112.6146,2596.2107,715.5760,169.9506,0.0000,0.0000
31.6667,19.6688,-12.6000,33119.1373,2596.6432,715.7964,173.5800,0.0000,0.0000
31.6833,19.6687,-12.6100,33125.6707,2597.0771,716.0168,177.2094,0.0000,0.0000
31.7000,19.6687,-12.6200,33132.2187,2597.5128,716.2371,180.8388,0.0000,0.0000
31.7167,19.6686,-12.6300,33138.7853,2597.9506,716.4575,184.4682,0.0000,0.0000
31.7333,19.6685,-12.6400,33145.3747,2598.3910,716.6779,188.0976,0.0000,0.0000
31.7500,19.6685,-12.6500,33151.9917,2598.8346,716.8982,191.7270,0.0000,0.0000
31.7667,19.6684,-12.6600,33158.6415,2599.2819,717.1186,195.3564,0.0000,0.0000
31.7833,19.6683,-12.6700,33165.3299,2599.7335,717.3389,198.9858,0.0000,0.0000
31.8000,19.6683,-12.6800,33172.0635,2600.1902,717.5592,202.6152,0.0000,0.0000
31.8167,19.6682,-12.6900,33178.8498,2600.6528,717.7796,206.2446,0.0000,0.0000
31.8333,19.6681,-12.7000,33185.6980,2601.1224,717.9999,209.8740,0.0000,0.0000
31.8500,19.6681,-12.7100,33192.6187,2601.6001,718.2201,213.5034,0.0000,0.0000
31.8667,19.6680,-12.7200,33201.9324,2602.1249,718.4399,217.1328,0.0000,0.0000
31.8833,19.6679,-12.7300,33210.1138,2602.6800,718.6599,220.7622,0.0000,0.0000
31.9000,19.6678,-12.7400,33218.2072,2603.2678,718.8799,224.3916,0.0000,0.0000
31.9167,19.6677,-12.7500,33226.6112,2603.9055,719.0999,228.0210,0.0000,0.0000
31.9333,19.6677,-12.7600,33234.9727,2604.4904,719.3199,231.6504,0.0000,0.0000
31.9500,19.6676,-12.7700,33242.0182,2604.9292,719.5401,235.2798,0.0000,0.0000
31.9667,19.6675,-12.7800,33248.2168,2605.2970,719.7606,238.9092,0.0000,0.0000
31.9833,19.6675,-12.7900,33253.8052,2605.6114,719.9812,242.5386,0.0000,0.0000
32.0000,19.6674,-12.8000,33258.9041,2605.8810,720.2019,246.1680,0.0000,0.0000
32.0167,19.6674,-12.8000,33259.5221,2605.7672,720.2017,249.6396,0.0000,0.0000
32.0333,19.6674,-12.8000,33258.6604,2605.6224,720.2019,253.1112,0.0000,0.0000
32.0500,19.6674,-12.8000,33257.1562,2605.4459,720.2022,256.5828,0.0000,0.0000
32.0667,19.6674,-12.8000,33255.2497,2605.2385,720.2027,260.0544,0.0000,0.0000
32.0833,19.6675,-12.8000,33253.0142,2605.0009,720.2032,263.5260,0.0000,0.0000
32.1000,19.6675,-12.8000,33250.4746,2604.7338,720.2037,266.9976,0.0000,0.0000
32.1167,19.6675,-12.8000,33247.6411,2604.4377,720.2043,270.4692,0.0000,0.0000
32.1333,19.6676,-12.8000,33244.5181,2604.1127,720.2050,273.9408,0.0000,0.0000
32.1500,19.6676,-12.8000,33241.1080,2603.7590,720.2058,277.4124,0.0000,0.0000
32.1667,19.6676,-12.8000,33237.4116,2603.3766,720.2066,280.8840,0.0000,0.0000
32.1833,19.6677,-12.8000,33233.4292,2602.9656,720.2075,284.3556,0.0000,0.0000
32.2000,19.6677,-12.8000,33229.1605,2602.5258,720.2084,287.8272,0.0000,0.0000
32.2167,19.6678,-12.8000,33224.6048,2602.0573,720.2095,291.2988,0.0000,0.0000
32.2333,19.6678,-12.8000,33219.7616,2601.5599,720.2105,294.7704,0.0000,0.0000
32.2500,19.6679,-12.8000,33214.6300,2601.0336,720.2117,298.2420,0.0000,0.0000
32.2667,19.6679,-12.8000,33209.2093,2600.4783,720.2129,301.7136,0.0000,0.0000
32.2833,19.6680,-12.8000,33203.4989,2599.8938,720.2141,305.1852,0.0000,0.0000
32.3000,19.6680,-12.8000,33197.4981,2599.2803,720.2155,308.6568,0.0000,0.0000
32.3167,19.6681,-12.8000,33191.2065,2598.6376,720.2169,312.1284,0.0000,0.0000
32.3333,19.6682,-12.8000,33184.6239,2597.9657,720.2183,315.6000,0.0000,0.0000
32.3500,19.6682,-12.8000,33177.7499,2597.2646,720.2199,319.0716,0.0000,0.0000
32.3667,19.6683,-12.8000,33170.5845,2596.5343,720.2214,322.5432,0.0000,0.0000
32.3833,19.6684,-12.8000,33163.1278,2595.7748,720.2231,326.0148,0.0000,0.0000
32.4000,19.6684,-12.8000,33155.3801,2594.9862,720.2248,329.4864,0.0000,0.0000
32.4167,19.6685,-12.8000,33147.3416,2594.1684,720.2266,332.9580,0.0000,0.0000
32.4333,19.6686,-12.8000,33139.0129,2593.3216,720.2284,336.4296,0.0000,0.0000
32.4500,19.6687,-12.8000,33130.3946,2592.4457,720.2304,339.9012,0.0000,0.0000
32.4667,19.6688,-12.8000,33121.4875,2591.5409,720.2323,343.3728,0.0000,0.0000
32.4833,19.6689,-12.8000,33112.2923,2590.6073,720.2344,346.8444,0.0000,0.0000
32.5000,19.6690,-12.8000,33102.8100,2589.6450,720.2365,350.3160,0.0000,0.0000
32.5167,19.6691,-12.8000,33093.0418,2588.6541,720.2386,353.7876,0.0000,0.0000
32.5333,19.6692,-12.8000,33082.9887,2587.6346,720.2409,357.2592,0.0000,0.0000
32.5500,19.6693,-12.8000,33072.6520,2586.5868,720.2432,360.7308,0.0000,0.0000
32.5667,19.6694,-12.8000,33062.0330,2585.5107,720.2455,364.2024,0.0000,0.0000
32.5833,19.6695,-12.8000,33051.1331,2584.4066,720.2479,367.6740,0.0000,0.0000
32.6000,19.6696,-12.8000,33039.9538,2583.2745,720.2504,371.1456,0.0000,0.0000
32.6167,19.6697,-12.8000,33028.4965,2582.1146,720.2530,374.6172,0.0000,0.0000
32.6333,19.6698,-12.8000,33016.7630,2580.9271,720.2556,378.0888,0.0000,0.0000
32.6500,19.6700,-12.8000,33004.7547,2579.7121,720.2582,381.5604,0.0000,0.0000
32.6667,19.6701,-12.8000,32992.4735,2578.4699,720.2610,385.0320,0.0000,0.0000
32.6833,19.6702,-12.8000,32979.9210,2577.2005,720.2637,388.5036,0.0000,0.0000
32.7000,19.6703,-12.8000,32967.0990,2575.9042,720.2666,391.9752,0.0000,0.0000
32.7167,19.6705,-12.8000,32954.0093,2574.5811,720.2695,395.4468,0.0000,0.0000
32.7333,19.6706,-12.8000,32940.6538,2573.2315,720.2724,398.9184,0.0000,0.0000
32.7500,19.6707,-12.8000,32927.0342,2571.8555,720.2755,402.3900,0.0000,0.0000
32.7667,19.6709,-12.8000,32913.1526,2570.4532,720.2785,405.8616,0.0000,0.0000
32.7833,19.6710,-12.8000,32899.0107,2569.0250,720.2817,409.3332,0.0000,0.0000
32.8000,19.6712,-12.8000,32884.6105,2567.5710,720.2849,412.8048,0.0000,0.0000
32.8167,19.6713,-12.8000,32869.9539,2566.0914,720.2881,416.2764,0.0000,0.0000
32.8333,19.6714,-12.8000,32855.0429,2564.5864,720.2914,419.7480,0.0000,0.0000
32.8500,19.6716,-12.8000,32839.8795,2563.0561,720.2948,423.2196,0.0000,0.0000
32.8667,19.6718,-12.8000,32824.4656,2561.5008,720.2982,426.6912,0.0000,0.0000
32.8833,19.6719,-12.8000,32808.8031,2559.9207,720.3017,430.1628,0.0000,0.0000
32.9000,19.6721,-12.8000,32792.8941,2558.3159,720.3052,433.6344,0.0000,0.0000
32.9167,19.6722,-12.8000,32776.7405,2556.6868,720.3088,437.1060,0.0000,0.0000
32.9333,19.6724,-12.8000,32760.3443,2555.0334,720.3124,440.5776,0.0000,0.0000
32.9500,19.6726,-12.8000,32743.7074,2553.3559,720.3161,444.0492,0.0000,0.0000
32.9667,19.6727,-12.8000,32726.8319,2551.6547,720.3199,447.5208,0.0000,0.0000
32.9833,19.6729,-12.8000,32709.7196,2549.9297,720.3237,450.9924,0.0000,0.0000
33.0000,19.6731,-12.8000,32690.2331,2548.0678,720.3280,454.4640,0.0000,0.0000
33.0167,19.6733,-12.8000,32673.5144,2546.3160,720.3317,457.1466,0.0000,0.0000
33.0333,19.6734,-12.8000,32656.2119,2544.5589,720.3355,459.8292,0.0000,0.0000
33.0500,19.6736,-12.8000,32638.6860,2542.7934,720.3394,462.5118,0.0000,0.0000
33.0667,19.6738,-12.8000,32621.0252,2541.0179,720.3433,465.1944,0.0000,0.0000
33.0833,19.6740,-12.8000,32603.2441,2539.2308,720.3473,467.8770,0.0000,0.0000
33.1000,19.6741,-12.8000,32585.3389,2537.4312,720.3513,470.5596,0.0000,0.0000
33.1167,19.6743,-12.8000,32567.3022,2535.6180,720.3553,473.2422,0.0000,0.0000
33.1333,19.6745,-12.8000,32549.1270,2533.7907,720.3593,475.9248,0.0000,0.0000
33.1500,19.6747,-12.8000,32530.8082,2531.9487,720.3634,478.6074,0.0000,0.0000
33.1667,19.6749,-12.8000,32512.3422,2530.0919,720.3675,481.2900,0.0000,0.0000
33.1833,19.6751,-12.8000,32493.7270,2528.2200,720.3716,483.9726,0.0000,0.0000
33.2000,19.6753,-12.8000,32474.9616,2526.3330,720.3757,486.6552,0.0000,0.0000
33.2167,19.6754,-12.8000,32456.0461,2524.4310,720.3799,489.3378,0.0000,0.0000
33.2333,19.6756,-12.8000,32436.9811,2522.5140,720.3842,492.0204,0.0000,0.0000
33.2500,19.6758,-12.8000,32417.7678,2520.5822,720.3884,494.7030,0.0000,0.0000
33.2667,19.6760,-12.8000,32398.4076,2518.6358,720.3927,497.3856,0.0000,0.0000
33.2833,19.6762,-12.8000,32378.9023,2516.6749,720.3971,500.0682,0.0000,0.0000
33.3000,19.6764,-12.8000,32359.2537,2514.6997,720.4014,502.7508,0.0000,0.0000
33.3167,19.6766,-12.8000,32339.4639,2512.7104,720.4058,505.4334,0.0000,0.0000
33.3333,19.6768,-12.8000,32319.5348,2510.7072,720.4102,508.1160,0.0000,0.0000
33.3500,19.6770,-12.8000,32299.4686,2508.6904,720.4147,510.7986,0.0000,0.0000
33.3667,19.6772,-12.8000,32279.2671,2506.6602,720.4192,513.4812,0.0000,0.0000
33.3833,19.6774,-12.8000,32258.9327,2504.6167,720.4237,516.1638,0.0000,0.0000
33.4000,19.6776,-12.8000,32238.4671,2502.5601,720.4282,518.8464,0.0000,0.0000
33.4167,19.6778,-12.8000,32217.8725,2500.4907,720.4328,521.5290,0.0000,0.0000
33.4333,19.6780,-12.8000,32197.1509,2498.4086,720.4374,524.2116,0.0000,0.0000
33.4500,19.6782,-12.8000,32176.3041,2496.3141,720.4420,526.8942,0.0000,0.0000
33.4667,19.6784,-12.8000,32155.3341,2494.2073,720.4466,529.5768,0.0000,0.0000
33.4833,19.6787,-12.8000,32134.2428,2492.0884,720.4513,532.2594,0.0000,0.0000
33.5000,19.6789,-12.8000,32113.0319,2489.9576,720.4560,534.9420,0.0000,0.0000
33.5167,19.6791,-12.8000,32091.7032,2487.8151,720.4608,537.6246,0.0000,0.0000
33.5333,19.6793,-12.8000,32070.2585,2485.6610,720.4655,540.3072,0.0000,0.0000
33.5500,19.6795,-12.8000,32048.6995,2483.4956,720.4703,542.9898,0.0000,0.0000
33.5667,19.6797,-12.8000,32027.0279,2481.3189,720.4751,545.6724,0.0000,0.0000
33.5833,19.6799,-12.8000,32005.2452,2479.1311,720.4799,548.3550,0.0000,0.0000
33.6000,19.6802,-12.8000,31983.3530,2476.9325,720.4848,551.0376,0.0000,0.0000
33.6167,19.6804,-12.8000,31961.3529,2474.7231,720.4897,553.7202,0.0000,0.0000
33.6333,19.6806,-12.8000,31939.2465,2472.5031,720.4946,556.4028,0.0000,0.0000
33.6500,19.6808,-12.8000,31917.0350,2470.2727,720.4995,559.0854,0.0000,0.0000
33.6667,19.6811,-12.8000,31894.7201,2468.0319,720.5045,561.7680,0.0000,0.0000
33.6833,19.6813,-12.8000,31872.3031,2465.7810,720.5094,564.4506,0.0000,0.0000
33.7000,19.6815,-12.8000,31849.7853,2463.5200,720.5144,567.1332,0.0000,0.0000
33.7167,19.6817,-12.8000,31827.1682,2461.2491,720.5194,569.8158,0.0000,0.0000
33.7333,19.6820,-12.8000,31804.4530,2458.9684,720.5245,572.4984,0.0000,0.0000
33.7500,19.6822,-12.8000,31781.6410,2456.6781,720.5295,575.1810,0.0000,0.0000
33.7667,19.6824,-12.8000,31758.7335,2454.3783,720.5346,577.8636,0.0000,0.0000
33.7833,19.6826,-12.8000,31735.7317,2452.0691,720.5397,580.5462,0.0000,0.0000
33.8000,19.6829,-12.8000,31712.6367,2449.7506,720.5448,583.2288,0.0000,0.0000
33.8167,19.6831,-12.8000,31689.4498,2447.4229,720.5500,585.9114,0.0000,0.0000
33.8333,19.6833,-12.8000,31666.1722,2445.0862,720.5552,588.5940,0.0000,0.0000
33.8500,19.6836,-12.8000,31642.8049,2442.7406,720.5603,591.2766,0.0000,0.0000
33.8667,19.6838,-12.8000,31619.3491,2440.3861,720.5655,593.9592,0.0000,0.0000
33.8833,19.6840,-12.8000,31595.8058,2438.0229,720.5708,596.6418,0.0000,0.0000
33.9000,19.6843,-12.8000,31572.1761,2435.6511,720.5760,599.3244,0.0000,0.0000
33.9167,19.6845,-12.8000,31548.4611,2433.2707,720.5813,602.0070,0.0000,0.0000
33.9333,19.6848,-12.8000,31524.6618,2430.8820,720.5865,604.6896,0.0000,0.0000
33.9500,19.6850,-12.8000,31500.7792,2428.4850,720.5918,607.3722,0.0000,0.0000
33.9667,19.6852,-12.8000,31476.8143,2426.0797,720.5972,610.0548,0.0000,0.0000
33.9833,19.6855,-12.8000,31452.7681,2423.6664,720.6025,612.7374,0.0000,0.0000
34.0000,19.6857,-12.8000,31428.6416,2421.2450,720.6078,615.4200,0.0000,0.0000
34.0167,19.6859,-12.8183,31412.0891,2419.4762,721.0182,616.8402,0.0000,0.0000
34.0333,19.6860,-12.8367,31397.7424,2417.7185,721.4280,618.2604,0.0000,0.0000
34.0500,19.6862,-12.8550,31384.1149,2415.9746,721.8377,619.6806,0.0000,0.0000
34.0667,19.6863,-12.8733,31370.7851,2414.2441,722.2474,621.1008,0.0000,0.0000
34.0833,19.6864,-12.8917,31357.6286,2412.5260,722.6570,622.5210,0.0000,0.0000
34.1000,19.6866,-12.9100,31344.6065,2410.8198,723.0665,623.9412,0.0000,0.0000
34.1167,19.6867,-12.9283,31331.7070,2409.1255,723.4761,625.3614,0.0000,0.0000
34.1333,19.6868,-12.9467,31318.9276,2407.4430,723.8856,626.7816,0.0000,0.0000
34.1500,19.6869,-12.9650,31306.2700,2405.7729,724.2951,628.2018,0.0000,0.0000
34.1667,19.6871,-12.9833,31293.7379,2404.1155,724.7045,629.6220,0.0000,0.0000
34.1833,19.6872,-13.0017,31281.3363,2402.4714,725.1140,631.0422,0.0000,0.0000
34.2000,19.6873,-13.0200,31269.0707,2400.8412,725.5233,632.4624,0.0000,0.0000
34.2167,19.6874,-13.0383,31256.9469,2399.2254,725.9327,633.8826,0.0000,0.0000
34.2333,19.6876,-13.0567,31244.9705,2397.6246,726.3420,635.3028,0.0000,0.0000
34.2500,19.6877,-13.0750,31233.1473,2396.0394,726.7513,636.7230,0.0000,0.0000
34.2667,19.6878,-13.0933,31221.4827,2394.4703,727.1606,638.1432,0.0000,0.0000
34.2833,19.6879,-13.1117,31209.9817,2392.9178,727.5698,639.5634,0.0000,0.0000
34.3000,19.6880,-13.1300,31198.6491,2391.3824,727.9790,640.9836,0.0000,0.0000
34.3167,19.6881,-13.1483,31187.4893,2389.8646,728.3882,642.4038,0.0000,0.0000
34.3333,19.6882,-13.1667,31176.5062,2388.3645,728.7973,643.8240,0.0000,0.0000
34.3500,19.6883,-13.1850,31165.7034,2386.8827,729.2064,645.2442,0.0000,0.0000
34.3667,19.6884,-13.2033,31155.0841,2385.4195,729.6154,646.6644,0.0000,0.0000
34.3833,19.6886,-13.2217,31144.6510,2383.9750,730.0244,648.0846,0.0000,0.0000
34.4000,19.6887,-13.2400,31134.4065,2382.5495,730.4333,649.5048,0.0000,0.0000
34.4167,19.6888,-13.2583,31124.3527,2381.1432,730.8422,650.9250,0.0000,0.0000
34.4333,19.6889,-13.2767,31114.4911,2379.7562,731.2511,652.3452,0.0000,0.0000
34.4500,19.6890,-13.2950,31104.8231,2378.3887,731.6599,653.7654,0.0000,0.0000
34.4667,19.6890,-13.3133,31095.3496,2377.0407,732.0687,655.1856,0.0000,0.0000
34.4833,19.6891,-13.3317,31086.0714,2375.7123,732.4774,656.6058,0.0000,0.0000
34.5000,19.6892,-13.3500,31076.9886,2374.4035,732.8861,658.0260,0.0000,0.0000
34.5167,19.6893,-13.3683,31068.1016,2373.1144,733.2948,659.4462,0.0000,0.0000
34.5333,19.6894,-13.3867,31059.4099,2371.8448,733.7034,660.8664,0.0000,0.0000
34.5500,19.6895,-13.4050,31050.9133,2370.5947,734.1119,662.2866,0.0000,0.0000
34.5667,19.6896,-13.4233,31042.6111,2369.3641,734.5204,663.7068,0.0000,0.0000
34.5833,19.6897,-13.4417,31034.5023,2368.1529,734.9289,665.1270,0.0000,0.0000
34.6000,19.6897,-13.4600,31026.5860,2366.9609,735.3373,666.5472,0.0000,0.0000
34.6167,19.6898,-13.4783,31018.8609,2365.7880,735.7457,667.9674,0.0000,0.0000
34.6333,19.6899,-13.4967,31011.3255,2364.6340,736.1541,669.3876,0.0000,0.0000
34.6500,19.6900,-13.5150,31003.9784,2363.4989,736.5624,670.8078,0.0000,0.0000
34.6667,19.6900,-13.5333,30996.8177,2362.3824,736.9707,672.2280,0.0000,0.0000
34.6833,19.6901,-13.5517,30989.8416,2361.2843,737.3789,673.6482,0.0000,0.0000
34.7000,19.6902,-13.5700,30983.0482,2360.2044,737.7871,675.0684,0.0000,0.0000
34.7167,19.6902,-13.5883,30976.4354,2359.1425,738.1952,676.4886,0.0000,0.0000
34.7333,19.6903,-13.6067,30970.0011,2358.0985,738.6033,677.9088,0.0000,0.0000
34.7500,19.6904,-13.6250,30963.7430,2357.0720,739.0114,679.3290,0.0000,0.0000
34.7667,19.6904,-13.6433,30957.6588,2356.0628,739.4194,680.7492,0.0000,0.0000
34.7833,19.6905,-13.6617,30951.7461,2355.0707,739.8274,682.1694,0.0000,0.0000
34.8000,19.6905,-13.6800,30946.0025,2354.0955,740.2353,683.5896,0.0000,0.0000
34.8167,19.6906,-13.6983,30940.4255,2353.1368,740.6432,685.0098,0.0000,0.0000
34.8333,19.6906,-13.7167,30935.0125,2352.1945,741.0511,686.4300,0.0000,0.0000
34.8500,19.6907,-13.7350,30929.7611,2351.2683,741.4590,687.8502,0.0000,0.0000
34.8667,19.6908,-13.7533,30924.6686,2350.3579,741.8668,689.2704,0.0000,0.0000
34.8833,19.6908,-13.7717,30919.7325,2349.4631,742.2745,690.6906,0.0000,0.0000
34.9000,19.6909,-13.7900,30914.9500,2348.5835,742.6823,692.1108,0.0000,0.0000
34.9167,19.6909,-13.8083,30910.3187,2347.7190,743.0900,693.5310,0.0000,0.0000
34.9333,19.6909,-13.8267,30905.8358,2346.8693,743.4976,694.9512,0.0000,0.0000
34.9500,19.6910,-13.8450,30901.4987,2346.0340,743.9053,696.3714,0.0000,0.0000
34.9667,19.6910,-13.8633,30897.3048,2345.2130,744.3129,697.7916,0.0000,0.0000
34.9833,19.6911,-13.8817,30893.2515,2344.4060,744.7205,699.2118,0.0000,0.0000
35.0000,19.6911,-13.9000,30889.3362,2343.6127,745.1280,700.6320,0.0000,0.0000
35.0167,19.6911,-13.9183,30885.8509,2342.8751,745.5355,700.6320,0.0000,0.0000
35.0333,19.6912,-13.9367,30882.8219,2342.1840,745.9428,700.6320,0.0000,0.0000
35.0500,19.6912,-13.9550,30880.2120,2341.5332,746.3501,700.6320,0.0000,0.0000
35.0667,19.6912,-13.9733,30877.9790,2340.9185,746.7572,700.6320,0.0000,0.0000
35.0833,19.6912,-13.9917,30876.0862,2340.3363,747.1643,700.6320,0.0000,0.0000
35.1000,19.6913,-14.0100,30874.5036,2339.7840,747.5713,700.6320,0.0000,0.0000
35.1167,19.6913,-14.0283,30873.2061,2339.2592,747.9783,700.6320,0.0000,0.0000
35.1333,19.6913,-14.0467,30872.1726,2338.7600,748.3852,700.6320,0.0000,0.0000
35.1500,19.6913,-14.0650,30871.3847,2338.2846,748.7921,700.6320,0.0000,0.0000
35.1667,19.6913,-14.0833,30870.8264,2337.8316,749.1989,700.6320,0.0000,0.0000
35.1833,19.6913,-14.1017,30870.4835,2337.3996,749.6056,700.6320,0.0000,0.0000
35.2000,19.6913,-14.1200,30870.3433,2336.9873,750.0123,700.6320,0.0000,0.0000
35.2167,19.6913,-14.1383,30870.3945,2336.5938,750.4190,700.6320,0.0000,0.0000
35.2333,19.6913,-14.1567,30870.6271,2336.2180,750.8256,700.6320,0.0000,0.0000
35.2500,19.6913,-14.1750,30871.0318,2335.8591,751.2322,700.6320,0.0000,0.0000
35.2667,19.6913,-14.1933,30871.6003,2335.5163,751.6387,700.6320,0.0000,0.0000
35.2833,19.6913,-14.2117,30872.3251,2335.1888,752.0453,700.6320,0.0000,0.0000
35.3000,19.6913,-14.2300,30873.1996,2334.8760,752.4517,700.6320,0.0000,0.0000
35.3167,19.6913,-14.2483,30874.2175,2334.5774,752.8582,700.6320,0.0000,0.0000
35.3333,19.6912,-14.2667,30875.3733,2334.2923,753.2646,700.6320,0.0000,0.0000
35.3500,19.6912,-14.2850,30876.6618,2334.0203,753.6710,700.6320,0.0000,0.0000
35.3667,19.6912,-14.3033,30878.0784,2333.7610,754.0774,700.6320,0.0000,0.0000
35.3833,19.6912,-14.3217,30879.6190,2333.5139,754.4837,700.6320,0.0000,0.0000
35.4000,19.6912,-14.3400,30881.2796,2333.2787,754.8900,700.6320,0.0000,0.0000
35.4167,19.6912,-14.3583,30883.0569,2333.0550,755.2963,700.6320,0.0000,0.0000
35.4333,19.6912,-14.3767,30884.9475,2332.8426,755.7025,700.6320,0.0000,0.0000
35.4500,19.6911,-14.3950,30886.9485,2332.6411,756.1088,700.6320,0.0000,0.0000
35.4667,19.6911,-14.4133,30889.0574,2332.4503,756.5150,700.6320,0.0000,0.0000
35.4833,19.6911,-14.4317,30891.2716,2332.2699,756.9212,700.6320,0.0000,0.0000
35.5000,19.6911,-14.4500,30893.5889,2332.0998,757.3273,700.6320,0.0000,0.0000
35.5167,19.6910,-14.4683,30896.0072,2331.9397,757.7335,700.6320,0.0000,0.0000
35.5333,19.6910,-14.4867,30898.5247,2331.7895,758.1396,700.6320,0.0000,0.0000
35.5500,19.6910,-14.5050,30901.1397,2331.6490,758.5457,700.6320,0.0000,0.0000
35.5667,19.6910,-14.5233,30903.8506,2331.5180,758.9518,700.6320,0.0000,0.0000
35.5833,19.6909,-14.5417,30906.6559,2331.3965,759.3578,700.6320,0.0000,0.0000
35.6000,19.6909,-14.5600,30909.5543,2331.2842,759.7638,700.6320,0.0000,0.0000
35.6167,19.6909,-14.5783,30912.5446,2331.1810,760.1699,700.6320,0.0000,0.0000
35.6333,19.6908,-14.5967,30915.6256,2331.0870,760.5758,700.6320,0.0000,0.0000
35.6500,19.6908,-14.6150,30918.7963,2331.0018,760.9818,700.6320,0.0000,0.0000
35.6667,19.6908,-14.6333,30922.0558,2330.9255,761.3878,700.6320,0.0000,0.0000
35.6833,19.6907,-14.6517,30925.4032,2330.8580,761.7937,700.6320,0.0000,0.0000
35.7000,19.6907,-14.6700,30928.8377,2330.7992,762.1996,700.6320,0.0000,0.0000
35.7167,19.6907,-14.6883,30932.3584,2330.7490,762.6055,700.6320,0.0000,0.0000
35.7333,19.6906,-14.7067,30935.9648,2330.7074,763.0114,700.6320,0.0000,0.0000
35.7500,19.6906,-14.7250,30939.6561,2330.6742,763.4172,700.6320,0.0000,0.0000
35.7667,19.6906,-14.7433,30943.4317,2330.6495,763.8231,700.6320,0.0000,0.0000
35.7833,19.6905,-14.7617,30947.2912,2330.6331,764.2289,700.6320,0.0000,0.0000
35.8000,19.6905,-14.7800,30951.2339,2330.6251,764.6347,700.6320,0.0000,0.0000
35.8167,19.6904,-14.7983,30955.2594,2330.6253,765.0405,700.6320,0.0000,0.0000
35.8333,19.6904,-14.8167,30959.3672,2330.6338,765.4462,700.6320,0.0000,0.0000
35.8500,19.6904,-14.8350,30963.5569,2330.6504,765.8520,700.6320,0.0000,0.0000
35.8667,19.6903,-14.8533,30967.8280,2330.6752,766.2577,700.6320,0.0000,0.0000
35.8833,19.6903,-14.8717,30972.1803,2330.7081,766.6634,700.6320,0.0000,0.0000
35.9000,19.6902,-14.8900,30976.6132,2330.7491,767.0691,700.6320,0.0000,0.0000
35.9167,19.6902,-14.9083,30981.1265,2330.7981,767.4748,700.6320,0.0000,0.0000
35.9333,19.6901,-14.9267,30985.7198,2330.8552,767.8805,700.6320,0.0000,0.0000
35.9500,19.6901,-14.9450,30990.3928,2330.9202,768.2861,700.6320,0.0000,0.0000
35.9667,19.6900,-14.9633,30995.1451,2330.9931,768.6917,700.6320,0.0000,0.0000
35.9833,19.6900,-14.9817,30999.9765,2331.0740,769.0973,700.6320,0.0000,0.0000
36.0000,19.6900,-15.0000,31004.8867,2331.1627,769.5029,700.6320,0.0000,0.0000
36.0167,19.6900,-15.0000,31002.7820,2330.6790,769.5034,699.2118,0.0000,0.0000
36.0333,19.6900,-15.0000,30999.0799,2330.2467,769.5042,697.7916,0.0000,0.0000
36.0500,19.6900,-15.0000,30995.2033,2329.8524,769.5051,696.3714,0.0000,0.0000
36.0667,19.6901,-15.0000,30991.5048,2329.4896,769.5059,694.9512,0.0000,0.0000
36.0833,19.6901,-15.0000,30988.0545,2329.1542,769.5066,693.5310,0.0000,0.0000
36.1000,19.6901,-15.0000,30985.8427,2328.9147,769.5071,692.1108,0.0000,0.0000
36.1167,19.6902,-15.0000,30983.6599,2328.6967,769.5076,690.6906,0.0000,0.0000
36.1333,19.6902,-15.0000,30981.5946,2328.4979,769.5081,689.2704,0.0000,0.0000
36.1500,19.6902,-15.0000,30979.6763,2328.3164,769.5085,687.8502,0.0000,0.0000
36.1667,19.6902,-15.0000,30977.9097,2328.1505,769.5089,686.4300,0.0000,0.0000
36.1833,19.6902,-15.0000,30976.2899,2327.9991,769.5092,685.0098,0.0000,0.0000
36.2000,19.6903,-15.0000,30974.8088,2327.8609,769.5096,683.5896,0.0000,0.0000
36.2167,19.6903,-15.0000,30973.4575,2327.7351,769.5099,682.1694,0.0000,0.0000
36.2333,19.6903,-15.0000,30972.2274,2327.6209,769.5101,680.7492,0.0000,0.0000
36.2500,19.6903,-15.0000,30971.1106,2327.5174,769.5104,679.3290,0.0000,0.0000
36.2667,19.6903,-15.0000,30970.0998,2327.4240,769.5106,677.9088,0.0000,0.0000
36.2833,19.6903,-15.0000,30969.1886,2327.3400,769.5108,676.4886,0.0000,0.0000
36.3000,19.6903,-15.0000,30968.3711,2327.2651,769.5110,675.0684,0.0000,0.0000
36.3167,19.6903,-15.0000,30967.6419,2327.1986,769.5112,673.6482,0.0000,0.0000
36.3333,19.6903,-15.0000,30966.9963,2327.1401,769.5113,672.2280,0.0000,0.0000
36.3500,19.6903,-15.0000,30966.4298,2327.0892,769.5114,670.8078,0.0000,0.0000
36.3667,19.6903,-15.0000,30965.9386,2327.0455,769.5115,669.3876,0.0000,0.0000
36.3833,19.6903,-15.0000,30965.5190,2327.0088,769.5116,667.9674,0.0000,0.0000
36.4000,19.6903,-15.0000,30965.1677,2326.9787,769.5117,666.5472,0.0000,0.0000
36.4167,19.6904,-15.0000,30964.8818,2326.9549,769.5118,665.1270,0.0000,0.0000
36.4333,19.6904,-15.0000,30964.6586,2326.9371,769.5118,663.7068,0.0000,0.0000
36.4500,19.6904,-15.0000,30964.4955,2326.9253,769.5119,662.2866,0.0000,0.0000
36.4667,19.6904,-15.0000,30964.3904,2326.9190,769.5119,660.8664,0.0000,0.0000
36.4833,19.6904,-15.0000,30964.3412,2326.9182,769.5119,659.4462,0.0000,0.0000
36.5000,19.6904,-15.0000,30964.3461,2326.9227,769.5119,658.0260,0.0000,0.0000
36.5167,19.6904,-15.0000,30964.4034,2326.9324,769.5119,656.6058,0.0000,0.0000
36.5333,19.6904,-15.0000,30964.5115,2326.9470,769.5119,655.1856,0.0000,0.0000
36.5500,19.6904,-15.0000,30964.6691,2326.9664,769.5118,653.7654,0.0000,0.0000
36.5667,19.6904,-15.0000,30964.8749,2326.9906,769.5118,652.3452,0.0000,0.0000
36.5833,19.6903,-15.0000,30965.1278,2327.0195,769.5117,650.9250,0.0000,0.0000
36.6000,19.6903,-15.0000,30965.4268,2327.0529,769.5117,649.5048,0.0000,0.0000
36.6167,19.6903,-15.0000,30965.7710,2327.0907,769.5116,648.0846,0.0000,0.0000
36.6333,19.6903,-15.0000,30966.1595,2327.1329,769.5115,646.6644,0.0000,0.0000
36.6500,19.6903,-15.0000,30966.5917,2327.1795,769.5114,645.2442,0.0000,0.0000
36.6667,19.6903,-15.0000,30967.0669,2327.2303,769.5113,643.8240,0.0000,0.0000
36.6833,19.6903,-15.0000,30967.5845,2327.2853,769.5112,642.4038,0.0000,0.0000
36.7000,19.6903,-15.0000,30968.1441,2327.3445,769.5111,640.9836,0.0000,0.0000
36.7167,19.6903,-15.0000,30968.7452,2327.4078,769.5109,639.5634,0.0000,0.0000
36.7333,19.6903,-15.0000,30969.3873,2327.4752,769.5108,638.1432,0.0000,0.0000
36.7500,19.6903,-15.0000,30970.0703,2327.5467,769.5106,636.7230,0.0000,0.0000
36.7667,19.6903,-15.0000,30970.7937,2327.6222,769.5105,635.3028,0.0000,0.0000
36.7833,19.6903,-15.0000,30971.5574,2327.7017,769.5103,633.8826,0.0000,0.0000
36.8000,19.6903,-15.0000,30972.3612,2327.7852,769.5101,632.4624,0.0000,0.0000
36.8167,19.6903,-15.0000,30973.2049,2327.8727,769.5099,631.0422,0.0000,0.0000
36.8333,19.6903,-15.0000,30974.0884,2327.9642,769.5097,629.6220,0.0000,0.0000
36.8500,19.6902,-15.0000,30975.0117,2328.0597,769.5095,628.2018,0.0000,0.0000
36.8667,19.6902,-15.0000,30975.9745,2328.1591,769.5093,626.7816,0.0000,0.0000
36.8833,19.6902,-15.0000,30976.9770,2328.2625,769.5091,625.3614,0.0000,0.0000
36.9000,19.6902,-15.0000,30978.0190,2328.3699,769.5089,623.9412,0.0000,0.0000
36.9167,19.6902,-15.0000,30979.1007,2328.4812,769.5086,622.5210,0.0000,0.0000
36.9333,19.6902,-15.0000,30980.2220,2328.5965,769.5084,621.1008,0.0000,0.0000
36.9500,19.6902,-15.0000,30981.3830,2328.7158,769.5081,619.6806,0.0000,0.0000
36.9667,19.6902,-15.0000,30982.5837,2328.8391,769.5079,618.2604,0.0000,0.0000
36.9833,19.6902,-15.0000,30983.8242,2328.9664,769.5076,616.8402,0.0000,0.0000
37.0000,19.6901,-15.0000,30985.1046,2329.0976,769.5073,615.4200,0.0000,0.0000
37.0167,19.6901,-15.0000,30986.6110,2329.2644,769.5070,612.7374,0.0000,0.0000
37.0333,19.6901,-15.0000,30988.3830,2329.4614,769.5066,610.0548,0.0000,0.0000
37.0500,19.6901,-15.0000,30990.4177,2329.6847,769.5061,607.3722,0.0000,0.0000
37.0667,19.6901,-15.0000,30992.6990,2329.9317,769.5056,604.6896,0.0000,0.0000
37.0833,19.6900,-15.0000,30995.2081,2330.2001,769.5050,602.0070,0.0000,0.0000
37.1000,19.6900,-15.0000,30997.9274,2330.4883,769.5044,599.3244,0.0000,0.0000
37.1167,19.6900,-15.0000,31000.8419,2330.7949,769.5038,596.6418,0.0000,0.0000
37.1333,19.6900,-15.0000,31003.9390,2331.1189,769.5031,593.9592,0.0000,0.0000
37.1500,19.6899,-15.0000,31007.2083,2331.4593,769.5024,591.2766,0.0000,0.0000
37.1667,19.6899,-15.0000,31010.6410,2331.8155,769.5016,588.5940,0.0000,0.0000
37.1833,19.6899,-15.0000,31014.2299,2332.1867,769.5008,585.9114,0.0000,0.0000
37.2000,19.6898,-15.0000,31017.9688,2332.5726,769.5000,583.2288,0.0000,0.0000
37.2167,19.6898,-15.0000,31021.8524,2332.9725,769.4991,580.5462,0.0000,0.0000
37.2333,19.6897,-15.0000,31025.8763,2333.3862,769.4982,577.8636,0.0000,0.0000
37.2500,19.6897,-15.0000,31030.0366,2333.8133,769.4973,575.1810,0.0000,0.0000
37.2667,19.6897,-15.0000,31034.3299,2334.2534,769.4964,572.4984,0.0000,0.0000
37.2833,19.6896,-15.0000,31038.7532,2334.7063,769.4954,569.8158,0.0000,0.0000
37.3000,19.6896,-15.0000,31043.3039,2335.1718,769.4944,567.1332,0.0000,0.0000
37.3167,19.6895,-15.0000,31047.9798,2335.6497,769.4933,564.4506,0.0000,0.0000
37.3333,19.6895,-15.0000,31052.7788,2336.1398,769.4923,561.7680,0.0000,0.0000
37.3500,19.6894,-15.0000,31057.6991,2336.6419,769.4912,559.0854,0.0000,0.0000
37.3667,19.6894,-15.0000,31062.7390,2337.1559,769.4901,556.4028,0.0000,0.0000
37.3833,19.6893,-15.0000,31067.8970,2337.6815,769.4889,553.7202,0.0000,0.0000
37.4000,19.6893,-15.0000,31073.1717,2338.2188,769.4878,551.0376,0.0000,0.0000
37.4167,19.6892,-15.0000,31078.5620,2338.7676,769.4866,548.3550,0.0000,0.0000
37.4333,19.6892,-15.0000,31084.0667,2339.3278,769.4853,545.6724,0.0000,0.0000
37.4500,19.6891,-15.0000,31089.6849,2339.8992,769.4841,542.9898,0.0000,0.0000
37.4667,19.6890,-15.0000,31095.4154,2340.4818,769.4828,540.3072,0.0000,0.0000
37.4833,19.6890,-15.0000,31101.2574,2341.0756,769.4815,537.6246,0.0000,0.0000
37.5000,19.6889,-15.0000,31107.2102,2341.6804,769.4802,534.9420,0.0000,0.0000
37.5167,19.6889,-15.0000,31113.2728,2342.2961,769.4789,532.2594,0.0000,0.0000
37.5333,19.6888,-15.0000,31119.4446,2342.9227,769.4775,529.5768,0.0000,0.0000
37.5500,19.6887,-15.0000,31125.7249,2343.5602,769.4761,526.8942,0.0000,0.0000
37.5667,19.6887,-15.0000,31132.1129,2344.2084,769.4747,524.2116,0.0000,0.0000
37.5833,19.6886,-15.0000,31138.6081,2344.8672,769.4732,521.5290,0.0000,0.0000
37.6000,19.6885,-15.0000,31145.2098,2345.5368,769.4718,518.8464,0.0000,0.0000
37.6167,19.6885,-15.0000,31151.9174,2346.2168,769.4703,516.1638,0.0000,0.0000
37.6333,19.6884,-15.0000,31158.7303,2346.9074,769.4688,513.4812,0.0000,0.0000
37.6500,19.6883,-15.0000,31165.6480,2347.6085,769.4672,510.7986,0.0000,0.0000
37.6667,19.6883,-15.0000,31172.6698,2348.3199,769.4657,508.1160,0.0000,0.0000
37.6833,19.6882,-15.0000,31179.7953,2349.0417,769.4641,505.4334,0.0000,0.0000
37.7000,19.6881,-15.0000,31187.0239,2349.7738,769.4625,502.7508,0.0000,0.0000
37.7167,19.6881,-15.0000,31194.3551,2350.5161,769.4609,500.0682,0.0000,0.0000
37.7333,19.6880,-15.0000,31201.7883,2351.2686,769.4592,497.3856,0.0000,0.0000
37.7500,19.6879,-15.0000,31209.3229,2352.0313,769.4576,494.7030,0.0000,0.0000
37.7667,19.6878,-15.0000,31216.9586,2352.8040,769.4559,492.0204,0.0000,0.0000
37.7833,19.6878,-15.0000,31224.6947,2353.5868,769.4541,489.3378,0.0000,0.0000
37.8000,19.6877,-15.0000,31232.5307,2354.3795,769.4524,486.6552,0.0000,0.0000
37.8167,19.6876,-15.0000,31240.4662,2355.1821,769.4506,483.9726,0.0000,0.0000
37.8333,19.6875,-15.0000,31248.5005,2355.9947,769.4489,481.2900,0.0000,0.0000
37.8500,19.6874,-15.0000,31256.6332,2356.8170,769.4471,478.6074,0.0000,0.0000
37.8667,19.6874,-15.0000,31264.8637,2357.6491,769.4452,475.9248,0.0000,0.0000
37.8833,19.6873,-15.0000,31273.1916,2358.4909,769.4434,473.2422,0.0000,0.0000
37.9000,19.6872,-15.0000,31281.6163,2359.3424,769.4415,470.5596,0.0000,0.0000
37.9167,19.6871,-15.0000,31290.1372,2360.2035,769.4396,467.8770,0.0000,0.0000
37.9333,19.6870,-15.0000,31298.7539,2361.0742,769.4377,465.1944,0.0000,0.0000
37.9500,19.6869,-15.0000,31307.4658,2361.9544,769.4358,462.5118,0.0000,0.0000
37.9667,19.6868,-15.0000,31316.2724,2362.8440,769.4338,459.8292,0.0000,0.0000
37.9833,19.6867,-15.0000,31325.1732,2363.7430,769.4319,457.1466,0.0000,0.0000
38.0000,19.6867,-15.0000,31334.1675,2364.6513,769.4299,454.4640,0.0000,0.0000
38.0167,19.6865,-15.0183,31349.0914,2366.2212,769.8332,450.9924,0.0000,0.0000
38.0333,19.6863,-15.0367,31373.2611,2368.0707,770.2345,447.5208,0.0000,0.0000
38.0500,19.6860,-15.0550,31396.3430,2369.9350,770.6361,444.0492,0.0000,0.0000
38.0667,19.6858,-15.0733,31419.2131,2371.8125,771.0377,440.5776,0.0000,0.0000
38.0833,19.6856,-15.0917,31442.1219,2373.7037,771.4393,437.1060,0.0000,0.0000
38.1000,19.6853,-15.1100,31465.1466,2375.6095,771.8409,433.6344,0.0000,0.0000
38.1167,19.6851,-15.1283,31488.3158,2377.5310,772.2424,430.1628,0.0000,0.0000
38.1333,19.6849,-15.1467,31511.6434,2379.4689,772.6439,426.6912,0.0000,0.0000
38.1500,19.6846,-15.1650,31535.1385,2381.4239,773.0454,423.2196,0.0000,0.0000
38.1667,19.6844,-15.1833,31558.8079,2383.3968,773.4468,419.7480,0.0000,0.0000
38.1833,19.6842,-15.2017,31582.6577,2385.3879,773.8482,416.2764,0.0000,0.0000
38.2000,19.6839,-15.2200,31606.6929,2387.3978,774.2495,412.8048,0.0000,0.0000
38.2167,19.6837,-15.2383,31630.9179,2389.4270,774.6508,409.3332,0.0000,0.0000
38.2333,19.6834,-15.2567,31655.3365,2391.4757,775.0521,405.8616,0.0000,0.0000
38.2500,19.6832,-15.2750,31679.9521,2393.5443,775.4533,402.3900,0.0000,0.0000
38.2667,19.6830,-15.2933,31704.7676,2395.6330,775.8545,398.9184,0.0000,0.0000
38.2833,19.6827,-15.3117,31729.7853,2397.7421,776.2556,395.4468,0.0000,0.0000
38.3000,19.6824,-15.3300,31755.0072,2399.8718,776.6567,391.9752,0.0000,0.0000
38.3167,19.6822,-15.3483,31780.4350,2402.0221,777.0577,388.5036,0.0000,0.0000
38.3333,19.6819,-15.3667,31806.0698,2404.1933,777.4587,385.0320,0.0000,0.0000
38.3500,19.6817,-15.3850,31831.9127,2406.3854,777.8596,381.5604,0.0000,0.0000
38.3667,19.6814,-15.4033,31857.9643,2408.5983,778.2605,378.0888,0.0000,0.0000
38.3833,19.6812,-15.4217,31884.2249,2410.8323,778.6614,374.6172,0.0000,0.0000
38.4000,19.6809,-15.4400,31910.6947,2413.0872,779.0622,371.1456,0.0000,0.0000
38.4167,19.6806,-15.4583,31937.3735,2415.3631,779.4629,367.6740,0.0000,0.0000
38.4333,19.6804,-15.4767,31964.2609,2417.6598,779.8637,364.2024,0.0000,0.0000
38.4500,19.6801,-15.4950,31991.3563,2419.9774,780.2643,360.7308,0.0000,0.0000
38.4667,19.6798,-15.5133,32018.6591,2422.3158,780.6649,357.2592,0.0000,0.0000
38.4833,19.6795,-15.5317,32046.1683,2424.6747,781.0655,353.7876,0.0000,0.0000
38.5000,19.6793,-15.5500,32073.8827,2427.0542,781.4660,350.3160,0.0000,0.0000
38.5167,19.6790,-15.5683,32101.8013,2429.4542,781.8665,346.8444,0.0000,0.0000
38.5333,19.6787,-15.5867,32129.9226,2431.8743,782.2670,343.3728,0.0000,0.0000
38.5500,19.6784,-15.6050,32158.2452,2434.3146,782.6674,339.9012,0.0000,0.0000
38.5667,19.6781,-15.6233,32186.7674,2436.7748,783.0677,336.4296,0.0000,0.0000
38.5833,19.6778,-15.6417,32215.4876,2439.2548,783.4680,332.9580,0.0000,0.0000
38.6000,19.6776,-15.6600,32244.4041,2441.7544,783.8683,329.4864,0.0000,0.0000
38.6167,19.6773,-15.6783,32273.5150,2444.2734,784.2685,326.0148,0.0000,0.0000
38.6333,19.6770,-15.6967,32302.8183,2446.8116,784.6687,322.5432,0.0000,0.0000
38.6500,19.6767,-15.7150,32332.3121,2449.3688,785.0688,319.0716,0.0000,0.0000
38.6667,19.6764,-15.7333,32361.9943,2451.9449,785.4689,315.6000,0.0000,0.0000
38.6833,19.6761,-15.7517,32391.8629,2454.5395,785.8689,312.1284,0.0000,0.0000
38.7000,19.6758,-15.7700,32421.9158,2457.1524,786.2689,308.6568,0.0000,0.0000
38.7167,19.6755,-15.7883,32452.1507,2459.7836,786.6689,305.1852,0.0000,0.0000
38.7333,19.6752,-15.8067,32482.5654,2462.4327,787.0688,301.7136,0.0000,0.0000
38.7500,19.6749,-15.8250,32513.1578,2465.0994,787.4687,298.2420,0.0000,0.0000
38.7667,19.6746,-15.8433,32543.9255,2467.7837,787.8686,294.7704,0.0000,0.0000
38.7833,19.6743,-15.8617,32574.8664,2470.4852,788.2684,291.2988,0.0000,0.0000
38.8000,19.6739,-15.8800,32605.9781,2473.2037,788.6682,287.8272,0.0000,0.0000
38.8167,19.6736,-15.8983,32637.2583,2475.9391,789.0679,284.3556,0.0000,0.0000
38.8333,19.6733,-15.9167,32668.7047,2478.6910,789.4676,280.8840,0.0000,0.0000
38.8500,19.6730,-15.9350,32700.3151,2481.4592,789.8673,277.4124,0.0000,0.0000
38.8667,19.6727,-15.9533,32732.0870,2484.2435,790.2669,273.9408,0.0000,0.0000
38.8833,19.6724,-15.9717,32764.0183,2487.0437,790.6665,270.4692,0.0000,0.0000
38.9000,19.6720,-15.9900,32796.1065,2489.8596,791.0660,266.9976,0.0000,0.0000
38.9167,19.6717,-16.0083,32828.3495,2492.6908,791.4656,263.5260,0.0000,0.0000
38.9333,19.6714,-16.0267,32860.7448,2495.5372,791.8651,260.0544,0.0000,0.0000
38.9500,19.6711,-16.0450,32893.2902,2498.3986,792.2645,256.5828,0.0000,0.0000
38.9667,19.6707,-16.0633,32925.9834,2501.2747,792.6639,253.1112,0.0000,0.0000
38.9833,19.6704,-16.0817,32958.8222,2504.1652,793.0633,249.6396,0.0000,0.0000
39.0000,19.6701,-16.1000,32991.8043,2507.0701,793.4627,246.1680,0.0000,0.0000
39.0167,19.6698,-16.1183,33024.9608,2509.9937,793.8620,242.5386,0.0000,0.0000
39.0333,19.6694,-16.1367,33058.2928,2512.9350,794.2613,238.9092,0.0000,0.0000
39.0500,19.6691,-16.1550,33091.7953,2515.8931,794.6605,235.2798,0.0000,0.0000
39.0667,19.6687,-16.1733,33125.4631,2518.8676,795.0597,231.6504,0.0000,0.0000
39.0833,19.6684,-16.1917,33159.2924,2521.8581,795.4589,228.0210,0.0000,0.0000
39.1000,19.6681,-16.2100,33193.2806,2524.8645,795.8580,224.3916,0.0000,0.0000
39.1167,19.6677,-16.2283,33227.4261,2527.8865,796.2572,220.7622,0.0000,0.0000
39.1333,19.6674,-16.2467,33261.7279,2530.9241,796.6562,217.1328,0.0000,0.0000
39.1500,19.6670,-16.2650,33296.1854,2533.9774,797.0552,213.5034,0.0000,0.0000
39.1667,19.6667,-16.2833,33330.7984,2537.0462,797.4542,209.8740,0.0000,0.0000
39.1833,19.6663,-16.3017,33365.5666,2540.1305,797.8532,206.2446,0.0000,0.0000
39.2000,19.6660,-16.3200,33400.4899,2543.2304,798.2521,202.6152,0.0000,0.0000
39.2167,19.6656,-16.3383,33435.5683,2546.3458,798.6510,198.9858,0.0000,0.0000
39.2333,19.6653,-16.3567,33470.8014,2549.4768,799.0499,195.3564,0.0000,0.0000
39.2500,19.6649,-16.3750,33506.1891,2552.6232,799.4487,191.7270,0.0000,0.0000
39.2667,19.6646,-16.3933,33541.7311,2555.7850,799.8475,188.0976,0.0000,0.0000
39.2833,19.6642,-16.4117,33577.4268,2558.9623,800.2463,184.4682,0.0000,0.0000
39.3000,19.6639,-16.4300,33613.2758,2562.1549,800.6450,180.8388,0.0000,0.0000
39.3167,19.6635,-16.4483,33649.2773,2565.3627,801.0437,177.2094,0.0000,0.0000
39.3333,19.6631,-16.4667,33685.4307,2568.5857,801.4423,173.5800,0.0000,0.0000
39.3500,19.6628,-16.4850,33721.7350,2571.8239,801.8410,169.9506,0.0000,0.0000
39.3667,19.6624,-16.5033,33758.1894,2575.0770,802.2395,166.3212,0.0000,0.0000
39.3833,19.6621,-16.5217,33794.7928,2578.3450,802.6381,162.6918,0.0000,0.0000
39.4000,19.6617,-16.5400,33831.5439,2581.6278,803.0366,159.0624,0.0000,0.0000
39.4167,19.6613,-16.5583,33868.4417,2584.9252,803.4351,155.4330,0.0000,0.0000
39.4333,19.6609,-16.5767,33905.4849,2588.2371,803.8336,151.8036,0.0000,0.0000
39.4500,19.6606,-16.5950,33942.6719,2591.5634,804.2320,148.1742,0.0000,0.0000
39.4667,19.6602,-16.6133,33980.0015,2594.9040,804.6304,144.5448,0.0000,0.0000
39.4833,19.6598,-16.6317,34017.4721,2598.2586,805.0288,140.9154,0.0000,0.0000
39.5000,19.6594,-16.6500,34055.0822,2601.6271,805.4271,137.2860,0.0000,0.0000
39.5167,19.6591,-16.6683,34092.8300,2605.0093,805.8254,133.6566,0.0000,0.0000
39.5333,19.6587,-16.6867,34130.7141,2608.4051,806.2237,130.0272,0.0000,0.0000
39.5500,19.6583,-16.7050,34168.7326,2611.8144,806.6219,126.3978,0.0000,0.0000
39.5667,19.6579,-16.7233,34206.8839,2615.2368,807.0201,122.7684,0.0000,0.0000
39.5833,19.6575,-16.7417,34245.1661,2618.6723,807.4183,119.1390,0.0000,0.0000
39.6000,19.6572,-16.7600,34283.5775,2622.1207,807.8165,115.5096,0.0000,0.0000
39.6167,19.6568,-16.7783,34322.1161,2625.5818,808.2146,111.8802,0.0000,0.0000
39.6333,19.6564,-16.7967,34360.7801,2629.0553,808.6127,108.2508,0.0000,0.0000
39.6500,19.6560,-16.8150,34399.5677,2632.5412,809.0108,104.6214,0.0000,0.0000
39.6667,19.6556,-16.8333,34438.4769,2636.0391,809.4088,100.9920,0.0000,0.0000
39.6833,19.6552,-16.8517,34477.5058,2639.5490,809.8068,97.3626,0.0000,0.0000
39.7000,19.6548,-16.8700,34516.6524,2643.0706,810.2048,93.7332,0.0000,0.0000
39.7167,19.6544,-16.8883,34555.9148,2646.6037,810.6028,90.1038,0.0000,0.0000
39.7333,19.6540,-16.9067,34595.2910,2650.1482,811.0007,86.4744,0.0000,0.0000
39.7500,19.6537,-16.9250,34634.7791,2653.7037,811.3986,82.8450,0.0000,0.0000
39.7667,19.6533,-16.9433,34674.3771,2657.2702,811.7965,79.2156,0.0000,0.0000
39.7833,19.6529,-16.9617,34714.0830,2660.8475,812.1944,75.5862,0.0000,0.0000
39.8000,19.6525,-16.9800,34753.8948,2664.4352,812.5922,71.9568,0.0000,0.0000
39.8167,19.6521,-16.9983,34793.8105,2668.0333,812.9901,68.3274,0.0000,0.0000
39.8333,19.6517,-17.0167,34833.8281,2671.6416,813.3879,64.6980,0.0000,0.0000
39.8500,19.6513,-17.0350,34873.9458,2675.2597,813.7856,61.0686,0.0000,0.0000
39.8667,19.6509,-17.0533,34914.1614,2678.8876,814.1834,57.4392,0.0000,0.0000
39.8833,19.6505,-17.0717,34954.4730,2682.5251,814.5811,53.8098,0.0000,0.0000
39.9000,19.6501,-17.0900,34994.8787,2686.1718,814.9788,50.1804,0.0000,0.0000
39.9167,19.6496,-17.1083,35035.3764,2689.8278,815.3765,46.5510,0.0000,0.0000
39.9333,19.6492,-17.1267,35075.9643,2693.4927,815.7742,42.9216,0.0000,0.0000
39.9500,19.6488,-17.1450,35116.6403,2697.1663,816.1719,39.2922,0.0000,0.0000
39.9667,19.6484,-17.1633,35157.4026,2700.8485,816.5695,35.6628,0.0000,0.0000
39.9833,19.6480,-17.1817,35198.2491,2704.5390,816.9671,32.0334,0.0000,0.0000
40.0000,19.6476,-17.2000,35239.1780,2708.2378,817.3647,28.4040,0.0000,0.0000
40.0167,19.6472,-17.2100,35276.2185,2711.5741,817.5783,27.9306,0.0000,0.0000
40.0333,19.6469,-17.2200,35311.7647,2714.8548,817.7922,27.4572,0.0000,0.0000
40.0500,19.6465,-17.2300,35346.5511,2718.0883,818.0064,26.9838,0.0000,0.0000
40.0667,19.6462,-17.2400,35380.8357,2721.2818,818.2206,26.5104,0.0000,0.0000
40.0833,19.6459,-17.2500,35414.7300,2724.4407,818.4349,26.0370,0.0000,0.0000
40.1000,19.6455,-17.2600,35448.2945,2727.5691,818.6493,25.5636,0.0000,0.0000
40.1167,19.6452,-17.2700,35481.5686,2730.6699,818.8637,25.0902,0.0000,0.0000
40.1333,19.6449,-17.2800,35514.5800,2733.7456,819.0782,24.6168,0.0000,0.0000
40.1500,19.6445,-17.2900,35547.3496,2736.7979,819.2927,24.1434,0.0000,0.0000
40.1667,19.6442,-17.3000,35579.8937,2739.8283,819.5074,23.6700,0.0000,0.0000
40.1833,19.6439,-17.3100,35612.2249,2742.8379,819.7220,23.1966,0.0000,0.0000
40.2000,19.6436,-17.3200,35644.3536,2745.8276,819.9367,22.7232,0.0000,0.0000
40.2167,19.6432,-17.3300,35676.2877,2748.7981,820.1514,22.2498,0.0000,0.0000
40.2333,19.6429,-17.3400,35708.0341,2751.7502,820.3662,21.7764,0.0000,0.0000
40.2500,19.6426,-17.3500,35739.5982,2754.6841,820.5810,21.3030,0.0000,0.0000
40.2667,19.6423,-17.3600,35770.9845,2757.6005,820.7959,20.8296,0.0000,0.0000
40.2833,19.6420,-17.3700,35802.1969,2760.4995,821.0108,20.3562,0.0000,0.0000
40.3000,19.6417,-17.3800,35833.2385,2763.3816,821.2257,19.8828,0.0000,0.0000
40.3167,19.6414,-17.3900,35864.1120,2766.2470,821.4407,19.4094,0.0000,0.0000
40.3333,19.6411,-17.4000,35894.8198,2769.0958,821.6557,18.9360,0.0000,0.0000
40.3500,19.6407,-17.4100,35925.3639,2771.9283,821.8708,18.4626,0.0000,0.0000
40.3667,19.6404,-17.4200,35955.7462,2774.7447,822.0859,17.9892,0.0000,0.0000
40.3833,19.6401,-17.4300,35985.9682,2777.5451,822.3010,17.5158,0.0000,0.0000
40.4000,19.6398,-17.4400,36016.0315,2780.3296,822.5161,17.0424,0.0000,0.0000
40.4167,19.6395,-17.4500,36045.9374,2783.0984,822.7313,16.5690,0.0000,0.0000
40.4333,19.6392,-17.4600,36075.6873,2785.8517,822.9465,16.0956,0.0000,0.0000
40.4500,19.6389,-17.4700,36105.2824,2788.5894,823.1618,15.6222,0.0000,0.0000
40.4667,19.6387,-17.4800,36134.7239,2791.3119,823.3771,15.1488,0.0000,0.0000
40.4833,19.6384,-17.4900,36164.0130,2794.0191,823.5924,14.6754,0.0000,0.0000
40.5000,19.6381,-17.5000,36193.1509,2796.7112,823.8078,14.2020,0.0000,0.0000
40.5167,19.6378,-17.5100,36222.1387,2799.3883,824.0232,13.7286,0.0000,0.0000
40.5333,19.6375,-17.5200,36250.9776,2802.0505,824.2386,13.2552,0.0000,0.0000
40.5500,19.6372,-17.5300,36279.6689,2804.6980,824.4541,12.7818,0.0000,0.0000
40.5667,19.6369,-17.5400,36308.2137,2807.3309,824.6695,12.3084,0.0000,0.0000
40.5833,19.6366,-17.5500,36336.6132,2809.9493,824.8851,11.8350,0.0000,0.0000
40.6000,19.6364,-17.5600,36364.8687,2812.5532,825.1006,11.3616,0.0000,0.0000
40.6167,19.6361,-17.5700,36392.9814,2815.1429,825.3162,10.8882,0.0000,0.0000
40.6333,19.6358,-17.5800,36420.9526,2817.7185,825.5318,10.4148,0.0000,0.0000
40.6500,19.6355,-17.5900,36448.7835,2820.2801,825.7475,9.9414,0.0000,0.0000
40.6667,19.6352,-17.6000,36476.4755,2822.8278,825.9632,9.4680,0.0000,0.0000
40.6833,19.6350,-17.6100,36504.0300,2825.3618,826.1789,8.9946,0.0000,0.0000
40.7000,19.6347,-17.6200,36531.4481,2827.8822,826.3946,8.5212,0.0000,0.0000
40.7167,19.6344,-17.6300,36558.7313,2830.3891,826.6104,8.0478,0.0000,0.0000
40.7333,19.6341,-17.6400,36585.8810,2832.8827,826.8262,7.5744,0.0000,0.0000
40.7500,19.6339,-17.6500,36612.8985,2835.3630,827.0420,7.1010,0.0000,0.0000
40.7667,19.6336,-17.6600,36639.7851,2837.8304,827.2579,6.6276,0.0000,0.0000
40.7833,19.6333,-17.6700,36666.5423,2840.2848,827.4738,6.1542,0.0000,0.0000
40.8000,19.6331,-17.6800,36693.1714,2842.7264,827.6897,5.6808,0.0000,0.0000
40.8167,19.6328,-17.6900,36719.6739,2845.1554,827.9056,5.2074,0.0000,0.0000
40.8333,19.6325,-17.7000,36746.0512,2847.5720,828.1216,4.7340,0.0000,0.0000
40.8500,19.6323,-17.7100,36772.3046,2849.9761,828.3376,4.2606,0.0000,0.0000
40.8667,19.6320,-17.7200,36798.4355,2852.3681,828.5536,3.7872,0.0000,0.0000
40.8833,19.6318,-17.7300,36824.4453,2854.7479,828.7697,3.3138,0.0000,0.0000
40.9000,19.6315,-17.7400,36850.3354,2857.1159,828.9858,2.8404,0.0000,0.0000
40.9167,19.6312,-17.7500,36876.1072,2859.4720,829.2019,2.3670,0.0000,0.0000
40.9333,19.6310,-17.7600,36901.7621,2861.8164,829.4180,1.8936,0.0000,0.0000
40.9500,19.6307,-17.7700,36927.3015,2864.1494,829.6341,1.4202,0.0000,0.0000
40.9667,19.6305,-17.7800,36952.7266,2866.4709,829.8503,0.9468,0.0000,0.0000
40.9833,19.6302,-17.7900,36978.0389,2868.7812,830.0665,0.4734,0.0000,0.0000
41.0000,19.6300,-17.8000,36995.9093,2870.6475,830.2844,0.0000,0.0000,0.0000
41.0167,19.6299,-17.8000,37012.1607,2872.1455,830.2808,0.0000,0.0000,0.0000
41.0333,19.6297,-17.8000,37027.6294,2873.6331,830.2774,0.0000,0.0000,0.0000
41.0500,19.6296,-17.8000,37042.6871,2875.1096,830.2740,0.0000,0.0000,0.0000
41.0667,19.6294,-17.8000,37057.5005,2876.5752,830.2707,0.0000,0.0000,0.0000
41.0833,19.6293,-17.8000,37072.1455,2878.0301,830.2675,0.0000,0.0000,0.0000
41.1000,19.6291,-17.8000,37086.6574,2879.4745,830.2643,0.0000,0.0000,0.0000
41.1167,19.6290,-17.8000,37101.0532,2880.9086,830.2611,0.0000,0.0000,0.0000
41.1333,19.6288,-17.8000,37115.3415,2882.3326,830.2579,0.0000,0.0000,0.0000
41.1500,19.6287,-17.8000,37129.5267,2883.7466,830.2548,0.0000,0.0000,0.0000
41.1667,19.6286,-17.8000,37143.6112,2885.1507,830.2516,0.0000,0.0000,0.0000
41.1833,19.6284,-17.8000,37157.5965,2886.5450,830.2485,0.0000,0.0000,0.0000
41.2000,19.6283,-17.8000,37171.4834,2887.9295,830.2455,0.0000,0.0000,0.0000
41.2167,19.6281,-17.8000,37185.2725,2889.3042,830.2424,0.0000,0.0000,0.0000
41.2333,19.6280,-17.8000,37198.9639,2890.6692,830.2394,0.0000,0.0000,0.0000
41.2500,19.6279,-17.8000,37212.5578,2892.0244,830.2363,0.0000,0.0000,0.0000
41.2667,19.6277,-17.8000,37226.0542,2893.3698,830.2333,0.0000,0.0000,0.0000
41.2833,19.6276,-17.8000,37239.4532,2894.7055,830.2304,0.0000,0.0000,0.0000
41.3000,19.6275,-17.8000,37252.7546,2896.0314,830.2274,0.0000,0.0000,0.0000
41.3167,19.6273,-17.8000,37265.9585,2897.3475,830.2245,0.0000,0.0000,0.0000
41.3333,19.6272,-17.8000,37279.0648,2898.6538,830.2216,0.0000,0.0000,0.0000
41.3500,19.6271,-17.8000,37292.0734,2899.9504,830.2187,0.0000,0.0000,0.0000
41.3667,19.6270,-17.8000,37304.9845,2901.2371,830.2158,0.0000,0.0000,0.0000
41.3833,19.6268,-17.8000,37317.7979,2902.5141,830.2130,0.0000,0.0000,0.0000
41.4000,19.6267,-17.8000,37330.5138,2903.7813,830.2102,0.0000,0.0000,0.0000
41.4167,19.6266,-17.8000,37343.1322,2905.0387,830.2074,0.0000,0.0000,0.0000
41.4333,19.6264,-17.8000,37355.6533,2906.2864,830.2046,0.0000,0.0000,0.0000
41.4500,19.6263,-17.8000,37368.0772,2907.5244,830.2018,0.0000,0.0000,0.0000
41.4667,19.6262,-17.8000,37380.4041,2908.7526,830.1991,0.0000,0.0000,0.0000
41.4833,19.6261,-17.8000,37392.6342,2909.9712,830.1964,0.0000,0.0000,0.0000
41.5000,19.6260,-17.8000,37404.7679,2911.1801,830.1937,0.0000,0.0000,0.0000
41.5167,19.6258,-17.8000,37416.8053,2912.3794,830.1910,0.0000,0.0000,0.0000
41.5333,19.6257,-17.8000,37428.7468,2913.5691,830.1884,0.0000,0.0000,0.0000
41.5500,19.6256,-17.8000,37440.5928,2914.7493,830.1858,0.0000,0.0000,0.0000
41.5667,19.6255,-17.8000,37452.3437,2915.9199,830.1831,0.0000,0.0000,0.0000
41.5833,19.6254,-17.8000,37463.9998,2917.0811,830.1806,0.0000,0.0000,0.0000
41.6000,19.6252,-17.8000,37475.5617,2918.2329,830.1780,0.0000,0.0000,0.0000
41.6167,19.6251,-17.8000,37487.0298,2919.3753,830.1755,0.0000,0.0000,0.0000
41.6333,19.6250,-17.8000,37498.4046,2920.5085,830.1729,0.0000,0.0000,0.0000
41.6500,19.6249,-17.8000,37509.6867,2921.6323,830.1704,0.0000,0.0000,0.0000
41.6667,19.6248,-17.8000,37520.8765,2922.7470,830.1679,0.0000,0.0000,0.0000
41.6833,19.6247,-17.8000,37531.9747,2923.8525,830.1655,0.0000,0.0000,0.0000
41.7000,19.6246,-17.8000,37542.9818,2924.9489,830.1630,0.0000,0.0000,0.0000
41.7167,19.6245,-17.8000,37553.8985,2926.0363,830.1606,0.0000,0.0000,0.0000
41.7333,19.6244,-17.8000,37564.7254,2927.1147,830.1582,0.0000,0.0000,0.0000
41.7500,19.6242,-17.8000,37575.4631,2928.1843,830.1558,0.0000,0.0000,0.0000
41.7667,19.6241,-17.8000,37586.1122,2929.2450,830.1535,0.0000,0.0000,0.0000
41.7833,19.6240,-17.8000,37596.6735,2930.2970,830.1511,0.0000,0.0000,0.0000
41.8000,19.6239,-17.8000,37607.1476,2931.3403,830.1488,0.0000,0.0000,0.0000
41.8167,19.6238,-17.8000,37617.5352,2932.3749,830.1465,0.0000,0.0000,0.0000
41.8333,19.6237,-17.8000,37627.8371,2933.4011,830.1442,0.0000,0.0000,0.0000
41.8500,19.6236,-17.8000,37638.0538,2934.4187,830.1420,0.0000,0.0000,0.0000
41.8667,19.6235,-17.8000,37648.1862,2935.4280,830.1397,0.0000,0.0000,0.0000
41.8833,19.6234,-17.8000,37658.2350,2936.4289,830.1375,0.0000,0.0000,0.0000
41.9000,19.6233,-17.8000,37668.2008,2937.4215,830.1353,0.0000,0.0000,0.0000
41.9167,19.6232,-17.8000,37678.0845,2938.4060,830.1331,0.0000,0.0000,0.0000
41.9333,19.6231,-17.8000,37687.8867,2939.3824,830.1309,0.0000,0.0000,0.0000
41.9500,19.6230,-17.8000,37697.6083,2940.3507,830.1287,0.0000,0.0000,0.0000
41.9667,19.6229,-17.8000,37707.2499,2941.3111,830.1266,0.0000,0.0000,0.0000
41.9833,19.6228,-17.8000,37716.8123,2942.2636,830.1245,0.0000,0.0000,0.0000
42.0000,19.6227,-17.8000,37726.2963,2943.2083,830.1224,0.0000,0.0000,0.0000
42.0167,19.6226,-17.8083,37738.3096,2944.4340,830.3046,0.0000,0.0000,0.0000
42.0333,19.6225,-17.8167,37751.3892,2945.6474,830.4865,0.0000,0.0000,0.0000
42.0500,19.6224,-17.8250,37764.8957,2946.8514,830.6684,0.0000,0.0000,0.0000
42.0667,19.6222,-17.8333,37778.5497,2948.0476,830.8502,0.0000,0.0000,0.0000
42.0833,19.6221,-17.8417,37792.2299,2949.2364,831.0320,0.0000,0.0000,0.0000
42.1000,19.6219,-17.8500,37805.8837,2950.4183,831.2138,0.0000,0.0000,0.0000
42.1167,19.6218,-17.8583,37819.4890,2951.5936,831.3957,0.0000,0.0000,0.0000
42.1333,19.6217,-17.8667,37833.0370,2952.7623,831.5775,0.0000,0.0000,0.0000
42.1500,19.6215,-17.8750,37846.5246,2953.9248,831.7594,0.0000,0.0000,0.0000
42.1667,19.6214,-17.8833,37859.9514,2955.0811,831.9413,0.0000,0.0000,0.0000
42.1833,19.6213,-17.8917,37873.3182,2956.2315,832.1231,0.0000,0.0000,0.0000
42.2000,19.6211,-17.9000,37886.6263,2957.3760,832.3050,0.0000,0.0000,0.0000
42.2167,19.6210,-17.9083,37899.8770,2958.5149,832.4870,0.0000,0.0000,0.0000
42.2333,19.6209,-17.9167,37913.0718,2959.6484,832.6689,0.0000,0.0000,0.0000
42.2500,19.6207,-17.9250,37926.2123,2960.7764,832.8508,0.0000,0.0000,0.0000
42.2667,19.6206,-17.9333,37939.2999,2961.8993,833.0328,0.0000,0.0000,0.0000
42.2833,19.6205,-17.9417,37952.3361,2963.0172,833.2147,0.0000,0.0000,0.0000
42.3000,19.6203,-17.9500,37965.3223,2964.1301,833.3967,0.0000,0.0000,0.0000
42.3167,19.6202,-17.9583,37978.2599,2965.2383,833.5787,0.0000,0.0000,0.0000
42.3333,19.6201,-17.9667,37991.1501,2966.3418,833.7607,0.0000,0.0000,0.0000
42.3500,19.6200,-17.9750,38003.9941,2967.4408,833.9427,0.0000,0.0000,0.0000
42.3667,19.6198,-17.9833,38016.7933,2968.5354,834.1247,0.0000,0.0000,0.0000
42.3833,19.6197,-17.9917,38029.5487,2969.6257,834.3067,0.0000,0.0000,0.0000
42.4000,19.6196,-18.0000,38042.2613,2970.7117,834.4888,0.0000,0.0000,0.0000
42.4167,19.6195,-18.0083,38054.9323,2971.7937,834.6708,0.0000,0.0000,0.0000
42.4333,19.6193,-18.0167,38067.5626,2972.8717,834.8528,0.0000,0.0000,0.0000
42.4500,19.6192,-18.0250,38080.1532,2973.9457,835.0349,0.0000,0.0000,0.0000
42.4667,19.6191,-18.0333,38092.7048,2975.0159,835.2170,0.0000,0.0000,0.0000
42.4833,19.6189,-18.0417,38105.2185,2976.0824,835.3990,0.0000,0.0000,0.0000
42.5000,19.6188,-18.0500,38117.6949,2977.1452,835.5811,0.0000,0.0000,0.0000
42.5167,19.6187,-18.0583,38130.1348,2978.2044,835.7632,0.0000,0.0000,0.0000
42.5333,19.6186,-18.0667,38142.5389,2979.2601,835.9453,0.0000,0.0000,0.0000
42.5500,19.6185,-18.0750,38154.9080,2980.3123,836.1274,0.0000,0.0000,0.0000
42.5667,19.6183,-18.0833,38167.2426,2981.3611,836.3096,0.0000,0.0000,0.0000
42.5833,19.6182,-18.0917,38179.5433,2982.4065,836.4917,0.0000,0.0000,0.0000
42.6000,19.6181,-18.1000,38191.8107,2983.4487,836.6738,0.0000,0.0000,0.0000
42.6167,19.6180,-18.1083,38204.0453,2984.4876,836.8559,0.0000,0.0000,0.0000
42.6333,19.6178,-18.1167,38216.2477,2985.5233,837.0381,0.0000,0.0000,0.0000
42.6500,19.6177,-18.1250,38228.4183,2986.5558,837.2202,0.0000,0.0000,0.0000
42.6667,19.6176,-18.1333,38240.5575,2987.5853,837.4024,0.0000,0.0000,0.0000
42.6833,19.6175,-18.1417,38252.6658,2988.6116,837.5846,0.0000,0.0000,0.0000
42.7000,19.6174,-18.1500,38264.7436,2989.6350,837.7667,0.0000,0.0000,0.0000
42.7167,19.6172,-18.1583,38276.7912,2990.6553,837.9489,0.0000,0.0000,0.0000
42.7333,19.6171,-18.1667,38288.8089,2991.6727,838.1311,0.0000,0.0000,0.0000
42.7500,19.6170,-18.1750,38300.7972,2992.6872,838.3133,0.0000,0.0000,0.0000
42.7667,19.6169,-18.1833,38312.7562,2993.6987,838.4955,0.0000,0.0000,0.0000
42.7833,19.6168,-18.1917,38324.6863,2994.7074,838.6777,0.0000,0.0000,0.0000
42.8000,19.6166,-18.2000,38336.5877,2995.7132,838.8599,0.0000,0.0000,0.0000
42.8167,19.6165,-18.2083,38348.4607,2996.7162,839.0421,0.0000,0.0000,0.0000
42.8333,19.6164,-18.2167,38360.3055,2997.7163,839.2244,0.0000,0.0000,0.0000
42.8500,19.6163,-18.2250,38372.1222,2998.7137,839.4066,0.0000,0.0000,0.0000
42.8667,19.6162,-18.2333,38383.9112,2999.7083,839.5888,0.0000,0.0000,0.0000
42.8833,19.6160,-18.2417,38395.6726,3000.7002,839.7711,0.0000,0.0000,0.0000
42.9000,19.6159,-18.2500,38407.4065,3001.6893,839.9533,0.0000,0.0000,0.0000
42.9167,19.6158,-18.2583,38419.1130,3002.6757,840.1356,0.0000,0.0000,0.0000
42.9333,19.6157,-18.2667,38430.7924,3003.6593,840.3178,0.0000,0.0000,0.0000
42.9500,19.6156,-18.2750,38442.4448,3004.6403,840.5001,0.0000,0.0000,0.0000
42.9667,19.6155,-18.2833,38454.0703,3005.6186,840.6824,0.0000,0.0000,0.0000
42.9833,19.6153,-18.2917,38465.6689,3006.5942,840.8647,0.0000,0.0000,0.0000
43.0000,19.6152,-18.3000,38477.2408,3007.5671,841.0470,0.0000,0.0000,0.0000
43.0167,19.6151,-18.3000,38486.1775,3008.2484,841.0450,0.0000,0.0000,0.0000
43.0333,19.6151,-18.3000,38493.9433,3008.9316,841.0432,0.0000,0.0000,0.0000
43.0500,19.6150,-18.3000,38501.1793,3009.6139,841.0416,0.0000,0.0000,0.0000
43.0667,19.6149,-18.3000,38508.1661,3010.2941,841.0401,0.0000,0.0000,0.0000
43.0833,19.6148,-18.3000,38515.0266,3010.9716,841.0386,0.0000,0.0000,0.0000
43.1000,19.6148,-18.3000,38521.8148,3011.6463,841.0371,0.0000,0.0000,0.0000
43.1167,19.6147,-18.3000,38528.5542,3012.3180,841.0356,0.0000,0.0000,0.0000
43.1333,19.6146,-18.3000,38535.2551,3012.9866,841.0341,0.0000,0.0000,0.0000
43.1500,19.6146,-18.3000,38541.9221,3013.6523,841.0326,0.0000,0.0000,0.0000
43.1667,19.6145,-18.3000,38548.5569,3014.3148,841.0311,0.0000,0.0000,0.0000
43.1833,19.6144,-18.3000,38555.1604,3014.9743,841.0297,0.0000,0.0000,0.0000
43.2000,19.6144,-18.3000,38561.7328,3015.6307,841.0282,0.0000,0.0000,0.0000
43.2167,19.6143,-18.3000,38568.2741,3016.2840,841.0268,0.0000,0.0000,0.0000
43.2333,19.6143,-18.3000,38574.7843,3016.9342,841.0253,0.0000,0.0000,0.0000
43.2500,19.6142,-18.3000,38581.2633,3017.5812,841.0239,0.0000,0.0000,0.0000
43.2667,19.6141,-18.3000,38587.7108,3018.2251,841.0224,0.0000,0.0000,0.0000
43.2833,19.6141,-18.3000,38594.1268,3018.8658,841.0210,0.0000,0.0000,0.0000
43.3000,19.6140,-18.3000,38600.5112,3019.5033,841.0196,0.0000,0.0000,0.0000
43.3167,19.6139,-18.3000,38606.8638,3020.1376,841.0182,0.0000,0.0000,0.0000
43.3333,19.6139,-18.3000,38613.1845,3020.7687,841.0168,0.0000,0.0000,0.0000
43.3500,19.6138,-18.3000,38619.4732,3021.3966,841.0154,0.0000,0.0000,0.0000
43.3667,19.6137,-18.3000,38625.7299,3022.0213,841.0140,0.0000,0.0000,0.0000
43.3833,19.6137,-18.3000,38631.9544,3022.6428,841.0126,0.0000,0.0000,0.0000
43.4000,19.6136,-18.3000,38638.1466,3023.2610,841.0113,0.0000,0.0000,0.0000
43.4167,19.6136,-18.3000,38644.3065,3023.8759,841.0099,0.0000,0.0000,0.0000
43.4333,19.6135,-18.3000,38650.4341,3024.4877,841.0085,0.0000,0.0000,0.0000
43.4500,19.6134,-18.3000,38656.5293,3025.0962,841.0072,0.0000,0.0000,0.0000
43.4667,19.6134,-18.3000,38662.5921,3025.7014,841.0058,0.0000,0.0000,0.0000
43.4833,19.6133,-18.3000,38668.6224,3026.3034,841.0045,0.0000,0.0000,0.0000
43.5000,19.6133,-18.3000,38674.6203,3026.9021,841.0032,0.0000,0.0000,0.0000
43.5167,19.6132,-18.3000,38680.5858,3027.4975,841.0018,0.0000,0.0000,0.0000
43.5333,19.6131,-18.3000,38686.5188,3028.0898,841.0005,0.0000,0.0000,0.0000
43.5500,19.6131,-18.3000,38692.4195,3028.6788,840.9992,0.0000,0.0000,0.0000
43.5667,19.6130,-18.3000,38698.2878,3029.2645,840.9979,0.0000,0.0000,0.0000
43.5833,19.6130,-18.3000,38704.1237,3029.8470,840.9966,0.0000,0.0000,0.0000
43.6000,19.6129,-18.3000,38709.9274,3030.4263,840.9953,0.0000,0.0000,0.0000
43.6167,19.6128,-18.3000,38715.6988,3031.0023,840.9941,0.0000,0.0000,0.0000
43.6333,19.6128,-18.3000,38721.4381,3031.5751,840.9928,0.0000,0.0000,0.0000
43.6500,19.6127,-18.3000,38727.1452,3032.1447,840.9915,0.0000,0.0000,0.0000
43.6667,19.6127,-18.3000,38732.8204,3032.7111,840.9903,0.0000,0.0000,0.0000
43.6833,19.6126,-18.3000,38738.4637,3033.2744,840.9890,0.0000,0.0000,0.0000
43.7000,19.6126,-18.3000,38744.0751,3033.8344,840.9878,0.0000,0.0000,0.0000
43.7167,19.6125,-18.3000,38749.6547,3034.3912,840.9865,0.0000,0.0000,0.0000
43.7333,19.6124,-18.3000,38755.2028,3034.9449,840.9853,0.0000,0.0000,0.0000
43.7500,19.6124,-18.3000,38760.7193,3035.4955,840.9841,0.0000,0.0000,0.0000
43.7667,19.6123,-18.3000,38766.2044,3036.0429,840.9829,0.0000,0.0000,0.0000
43.7833,19.6123,-18.3000,38771.6582,3036.5872,840.9816,0.0000,0.0000,0.0000
43.8000,19.6122,-18.3000,38777.0809,3037.1283,840.9804,0.0000,0.0000,0.0000
43.8167,19.6122,-18.3000,38782.4725,3037.6664,840.9792,0.0000,0.0000,0.0000
43.8333,19.6121,-18.3000,38787.8331,3038.2014,840.9781,0.0000,0.0000,0.0000
43.8500,19.6121,-18.3000,38793.1630,3038.7333,840.9769,0.0000,0.0000,0.0000
43.8667,19.6120,-18.3000,38798.4623,3039.2621,840.9757,0.0000,0.0000,0.0000
43.8833,19.6120,-18.3000,38803.7310,3039.7879,840.9745,0.0000,0.0000,0.0000
43.9000,19.6119,-18.3000,38808.9694,3040.3106,840.9734,0.0000,0.0000,0.0000
43.9167,19.6119,-18.3000,38814.1776,3040.8304,840.9722,0.0000,0.0000,0.0000
43.9333,19.6118,-18.3000,38819.3557,3041.3471,840.9711,0.0000,0.0000,0.0000
43.9500,19.6118,-18.3000,38824.5039,3041.8608,840.9699,0.0000,0.0000,0.0000
43.9667,19.6117,-18.3000,38829.6223,3042.3716,840.9688,0.0000,0.0000,0.0000
43.9833,19.6117,-18.3000,38834.7110,3042.8794,840.9677,0.0000,0.0000,0.0000
44.0000,19.6116,-18.3000,38839.7704,3043.3843,840.9665,0.0000,0.0000,0.0000
44.0167,19.6115,-18.3100,38847.9327,3044.2334,841.1865,0.0000,0.0000,0.0000
44.0333,19.6114,-18.3200,38857.4410,3045.0742,841.4063,0.0000,0.0000,0.0000
44.0500,19.6113,-18.3300,38867.5260,3045.9103,841.6258,0.0000,0.0000,0.0000
44.0667,19.6112,-18.3400,38877.8514,3046.7430,841.8454,0.0000,0.0000,0.0000
44.0833,19.6111,-18.3500,38888.2705,3047.5732,842.0649,0.0000,0.0000,0.0000
44.1000,19.6110,-18.3600,38898.7197,3048.4012,842.2844,0.0000,0.0000,0.0000
44.1167,19.6109,-18.3700,38909.1720,3049.2273,842.5039,0.0000,0.0000,0.0000
44.1333,19.6108,-18.3800,38919.6166,3050.0518,842.7234,0.0000,0.0000,0.0000
44.1500,19.6107,-18.3900,38930.0497,3050.8747,842.9429,0.0000,0.0000,0.0000
44.1667,19.6106,-18.4000,38940.4707,3051.6964,843.1624,0.0000,0.0000,0.0000
44.1833,19.6105,-18.4100,38950.8805,3052.5171,843.3819,0.0000,0.0000,0.0000
44.2000,19.6104,-18.4200,38961.2804,3053.3368,843.6015,0.0000,0.0000,0.0000
44.2167,19.6103,-18.4300,38971.6721,3054.1558,843.8210,0.0000,0.0000,0.0000
44.2333,19.6102,-18.4400,38982.0574,3054.9744,844.0405,0.0000,0.0000,0.0000
44.2500,19.6101,-18.4500,38992.4380,3055.7925,844.2600,0.0000,0.0000,0.0000
44.2667,19.6100,-18.4600,39002.8157,3056.6106,844.4795,0.0000,0.0000,0.0000
44.2833,19.6099,-18.4700,39013.1921,3057.4286,844.6991,0.0000,0.0000,0.0000
44.3000,19.6098,-18.4800,39023.5687,3058.2467,844.9186,0.0000,0.0000,0.0000
44.3167,19.6097,-18.4900,39033.9472,3059.0652,845.1381,0.0000,0.0000,0.0000
44.3333,19.6096,-18.5000,39044.3289,3059.8841,845.3576,0.0000,0.0000,0.0000
44.3500,19.6095,-18.5100,39054.7152,3060.7035,845.5771,0.0000,0.0000,0.0000
44.3667,19.6093,-18.5200,39065.1074,3061.5236,845.7967,0.0000,0.0000,0.0000
44.3833,19.6092,-18.5300,39075.5067,3062.3446,846.0162,0.0000,0.0000,0.0000
44.4000,19.6091,-18.5400,39085.9142,3063.1664,846.2357,0.0000,0.0000,0.0000
44.4167,19.6090,-18.5500,39096.3308,3063.9892,846.4552,0.0000,0.0000,0.0000
44.4333,19.6089,-18.5600,39106.7576,3064.8132,846.6747,0.0000,0.0000,0.0000
44.4500,19.6088,-18.5700,39117.1955,3065.6382,846.8942,0.0000,0.0000,0.0000
44.4667,19.6087,-18.5800,39127.6453,3066.4646,847.1137,0.0000,0.0000,0.0000
44.4833,19.6086,-18.5900,39138.1077,3067.2923,847.3332,0.0000,0.0000,0.0000
44.5000,19.6085,-18.6000,39148.5834,3068.1213,847.5527,0.0000,0.0000,0.0000
44.5167,19.6084,-18.6100,39159.0730,3068.9518,847.7722,0.0000,0.0000,0.0000
44.5333,19.6083,-18.6200,39169.5771,3069.7838,847.9917,0.0000,0.0000,0.0000
44.5500,19.6082,-18.6300,39180.0962,3070.6173,848.2112,0.0000,0.0000,0.0000
44.5667,19.6081,-18.6400,39190.6308,3071.4524,848.4307,0.0000,0.0000,0.0000
44.5833,19.6080,-18.6500,39201.1813,3072.2892,848.6502,0.0000,0.0000,0.0000
44.6000,19.6079,-18.6600,39211.7480,3073.1276,848.8697,0.0000,0.0000,0.0000
44.6167,19.6078,-18.6700,39222.3312,3073.9676,849.0891,0.0000,0.0000,0.0000
44.6333,19.6077,-18.6800,39232.9312,3074.8094,849.3086,0.0000,0.0000,0.0000
44.6500,19.6076,-18.6900,39243.5482,3075.6529,849.5281,0.0000,0.0000,0.0000
44.6667,19.6075,-18.7000,39254.1824,3076.4981,849.7475,0.0000,0.0000,0.0000
44.6833,19.6074,-18.7100,39264.8339,3077.3451,849.9670,0.0000,0.0000,0.0000
44.7000,19.6072,-18.7200,39275.5030,3078.1938,850.1864,0.0000,0.0000,0.0000
44.7167,19.6071,-18.7300,39286.1895,3079.0443,850.4059,0.0000,0.0000,0.0000
44.7333,19.6070,-18.7400,39296.8937,3079.8966,850.6253,0.0000,0.0000,0.0000
44.7500,19.6069,-18.7500,39307.6155,3080.7506,850.8448,0.0000,0.0000,0.0000
44.7667,19.6068,-18.7600,39318.3548,3081.6064,851.0642,0.0000,0.0000,0.0000
44.7833,19.6067,-18.7700,39329.1118,3082.4640,851.2837,0.0000,0.0000,0.0000
44.8000,19.6066,-18.7800,39339.8862,3083.3233,851.5031,0.0000,0.0000,0.0000
44.8167,19.6065,-18.7900,39350.6781,3084.1843,851.7225,0.0000,0.0000,0.0000
44.8333,19.6064,-18.8000,39361.4874,3085.0471,851.9420,0.0000,0.0000,0.0000
44.8500,19.6063,-18.8100,39372.3138,3085.9116,852.1614,0.0000,0.0000,0.0000
44.8667,19.6062,-18.8200,39383.1573,3086.7778,852.3808,0.0000,0.0000,0.0000
44.8833,19.6061,-18.8300,39394.0177,3087.6457,852.6002,0.0000,0.0000,0.0000
44.9000,19.6060,-18.8400,39404.8949,3088.5152,852.8196,0.0000,0.0000,0.0000
44.9167,19.6058,-18.8500,39415.7886,3089.3864,853.0390,0.0000,0.0000,0.0000
44.9333,19.6057,-18.8600,39426.6987,3090.2592,853.2584,0.0000,0.0000,0.0000
44.9500,19.6056,-18.8700,39437.6250,3091.1337,853.4778,0.0000,0.0000,0.0000
44.9667,19.6055,-18.8800,39448.5671,3092.0097,853.6972,0.0000,0.0000,0.0000
44.9833,19.6054,-18.8900,39459.5250,3092.8872,853.9166,0.0000,0.0000,0.0000
45.0000,19.6053,-18.9000,39470.4982,3093.7663,854.1360,0.0000,0.0000,0.0000
45.0167,19.6052,-18.9083,39480.9643,3094.5890,854.3185,0.0000,0.0000,0.0000
45.0333,19.6051,-18.9167,39491.2157,3095.4140,854.5011,0.0000,0.0000,0.0000
45.0500,19.6050,-18.9250,39501.3807,3096.2407,854.6837,0.0000,0.0000,0.0000
45.0667,19.6049,-18.9333,39511.5150,3097.0689,854.8663,0.0000,0.0000,0.0000
45.0833,19.6048,-18.9417,39521.6428,3097.8985,855.0489,0.0000,0.0000,0.0000
45.1000,19.6047,-18.9500,39531.7746,3098.7293,855.2315,0.0000,0.0000,0.0000
45.1167,19.6046,-18.9583,39541.9144,3099.5612,855.4141,0.0000,0.0000,0.0000
45.1333,19.6045,-18.9667,39552.0638,3100.3943,855.5967,0.0000,0.0000,0.0000
45.1500,19.6044,-18.9750,39562.2230,3101.2283,855.7793,0.0000,0.0000,0.0000
45.1667,19.6043,-18.9833,39572.3920,3102.0633,855.9619,0.0000,0.0000,0.0000
45.1833,19.6042,-18.9917,39582.5701,3102.8992,856.1445,0.0000,0.0000,0.0000
45.2000,19.6041,-19.0000,39592.7568,3103.7360,856.3271,0.0000,0.0000,0.0000
45.2167,19.6040,-19.0083,39602.9515,3104.5734,856.5097,0.0000,0.0000,0.0000
45.2333,19.6039,-19.0167,39613.1535,3105.4116,856.6923,0.0000,0.0000,0.0000
45.2500,19.6038,-19.0250,39623.3622,3106.2504,856.8749,0.0000,0.0000,0.0000
45.2667,19.6037,-19.0333,39633.5771,3107.0897,857.0575,0.0000,0.0000,0.0000
45.2833,19.6036,-19.0417,39643.7974,3107.9296,857.2401,0.0000,0.0000,0.0000
45.3000,19.6035,-19.0500,39654.0225,3108.7699,857.4226,0.0000,0.0000,0.0000
45.3167,19.6034,-19.0583,39664.2520,3109.6105,857.6052,0.0000,0.0000,0.0000
45.3333,19.6033,-19.0667,39674.4852,3110.4516,857.7878,0.0000,0.0000,0.0000
45.3500,19.6032,-19.0750,39684.7215,3111.2928,857.9704,0.0000,0.0000,0.0000
45.3667,19.6031,-19.0833,39694.9605,3112.1344,858.1530,0.0000,0.0000,0.0000
45.3833,19.6029,-19.0917,39705.2016,3112.9760,858.3356,0.0000,0.0000,0.0000
45.4000,19.6028,-19.1000,39715.4442,3113.8178,858.5181,0.0000,0.0000,0.0000
45.4167,19.6027,-19.1083,39725.6880,3114.6597,858.7007,0.0000,0.0000,0.0000
45.4333,19.6026,-19.1167,39735.9324,3115.5016,858.8833,0.0000,0.0000,0.0000
45.4500,19.6025,-19.1250,39746.1770,3116.3435,859.0659,0.0000,0.0000,0.0000
45.4667,19.6024,-19.1333,39756.4213,3117.1854,859.2485,0.0000,0.0000,0.0000
45.4833,19.6023,-19.1417,39766.6649,3118.0271,859.4310,0.0000,0.0000,0.0000
45.5000,19.6022,-19.1500,39776.9075,3118.8687,859.6136,0.0000,0.0000,0.0000
45.5167,19.6021,-19.1583,39787.1485,3119.7101,859.7962,0.0000,0.0000,0.0000
45.5333,19.6020,-19.1667,39797.3876,3120.5513,859.9788,0.0000,0.0000,0.0000
45.5500,19.6019,-19.1750,39807.6244,3121.3922,860.1614,0.0000,0.0000,0.0000
45.5667,19.6018,-19.1833,39817.8586,3122.2328,860.3439,0.0000,0.0000,0.0000
45.5833,19.6017,-19.1917,39828.0899,3123.0732,860.5265,0.0000,0.0000,0.0000
45.6000,19.6016,-19.2000,39838.3177,3123.9131,860.7091,0.0000,0.0000,0.0000
45.6167,19.6015,-19.2083,39848.5419,3124.7527,860.8917,0.0000,0.0000,0.0000
45.6333,19.6014,-19.2167,39858.7622,3125.5918,861.0743,0.0000,0.0000,0.0000
45.6500,19.6013,-19.2250,39868.9781,3126.4305,861.2569,0.0000,0.0000,0.0000
45.6667,19.6012,-19.2333,39879.1894,3127.2687,861.4394,0.0000,0.0000,0.0000
45.6833,19.6011,-19.2417,39889.3958,3128.1064,861.6220,0.0000,0.0000,0.0000
45.7000,19.6010,-19.2500,39899.5970,3128.9435,861.8046,0.0000,0.0000,0.0000
45.7167,19.6009,-19.2583,39909.7927,3129.7801,861.9872,0.0000,0.0000,0.0000
45.7333,19.6008,-19.2667,39919.9827,3130.6161,862.1698,0.0000,0.0000,0.0000
45.7500,19.6007,-19.2750,39930.1666,3131.4514,862.3524,0.0000,0.0000,0.0000
45.7667,19.6006,-19.2833,39940.3443,3132.2861,862.5350,0.0000,0.0000,0.0000
45.7833,19.6005,-19.2917,39950.5154,3133.1202,862.7176,0.0000,0.0000,0.0000
45.8000,19.6004,-19.3000,39960.6797,3133.9535,862.9002,0.0000,0.0000,0.0000
45.8167,19.6003,-19.3083,39970.8370,3134.7861,863.0828,0.0000,0.0000,0.0000
45.8333,19.6002,-19.3167,39980.9870,3135.6180,863.2654,0.0000,0.0000,0.0000
45.8500,19.6001,-19.3250,39991.1295,3136.4490,863.4480,0.0000,0.0000,0.0000
45.8667,19.6000,-19.3333,40001.2642,3137.2793,863.6306,0.0000,0.0000,0.0000
45.8833,19.5999,-19.3417,40011.3909,3138.1088,863.8132,0.0000,0.0000,0.0000
45.9000,19.5998,-19.3500,40021.5094,3138.9374,863.9958,0.0000,0.0000,0.0000
45.9167,19.5997,-19.3583,40031.6194,3139.7652,864.1784,0.0000,0.0000,0.0000
45.9333,19.5996,-19.3667,40041.7207,3140.5921,864.3610,0.0000,0.0000,0.0000
45.9500,19.5995,-19.3750,40051.8131,3141.4180,864.5436,0.0000,0.0000,0.0000
45.9667,19.5994,-19.3833,40061.8963,3142.2430,864.7263,0.0000,0.0000,0.0000
45.9833,19.5993,-19.3917,40071.9702,3143.0671,864.9089,0.0000,0.0000,0.0000
46.0000,19.5992,-19.4000,40082.0344,3143.8902,865.0915,0.0000,0.0000,0.0000
46.0167,19.5991,-19.3917,40086.8594,3144.1323,864.9056,0.0000,0.0000,0.0000
46.0333,19.5991,-19.3833,40089.3752,3144.3814,864.7202,0.0000,0.0000,0.0000
46.0500,19.5991,-19.3750,40090.8661,3144.6325,864.5350,0.0000,0.0000,0.0000
46.0667,19.5991,-19.3667,40091.8945,3144.8829,864.3499,0.0000,0.0000,0.0000
46.0833,19.5991,-19.3583,40092.7058,3145.1316,864.1649,0.0000,0.0000,0.0000
46.1000,19.5991,-19.3500,40093.4062,3145.3778,863.9799,0.0000,0.0000,0.0000
46.1167,19.5991,-19.3417,40094.0405,3145.6210,863.7949,0.0000,0.0000,0.0000
46.1333,19.5991,-19.3333,40094.6266,3145.8609,863.6099,0.0000,0.0000,0.0000
46.1500,19.5990,-19.3250,40095.1702,3146.0971,863.4249,0.0000,0.0000,0.0000
46.1667,19.5990,-19.3167,40095.6717,3146.3291,863.2400,0.0000,0.0000,0.0000
46.1833,19.5990,-19.3083,40096.1292,3146.5565,863.0550,0.0000,0.0000,0.0000
46.2000,19.5990,-19.3000,40096.5398,3146.7790,862.8701,0.0000,0.0000,0.0000
46.2167,19.5990,-19.2917,40096.9001,3146.9963,862.6851,0.0000,0.0000,0.0000
46.2333,19.5990,-19.2833,40097.2065,3147.2078,862.5002,0.0000,0.0000,0.0000
46.2500,19.5990,-19.2750,40097.4554,3147.4134,862.3153,0.0000,0.0000,0.0000
46.2667,19.5990,-19.2667,40097.6435,3147.6126,862.1304,0.0000,0.0000,0.0000
46.2833,19.5990,-19.2583,40097.7673,3147.8051,861.9455,0.0000,0.0000,0.0000
46.3000,19.5990,-19.2500,40097.8235,3147.9906,861.7607,0.0000,0.0000,0.0000
46.3167,19.5990,-19.2417,40097.8092,3148.1688,861.5758,0.0000,0.0000,0.0000
46.3333,19.5990,-19.2333,40097.7211,3148.3393,861.3910,0.0000,0.0000,0.0000
46.3500,19.5990,-19.2250,40097.5566,3148.5020,861.2062,0.0000,0.0000,0.0000
46.3667,19.5990,-19.2167,40097.3127,3148.6565,861.0214,0.0000,0.0000,0.0000
46.3833,19.5990,-19.2083,40096.9870,3148.8027,860.8366,0.0000,0.0000,0.0000
46.4000,19.5990,-19.2000,40096.5768,3148.9401,860.6518,0.0000,0.0000,0.0000
46.4167,19.5990,-19.1917,40096.0797,3149.0687,860.4671,0.0000,0.0000,0.0000
46.4333,19.5990,-19.1833,40095.4934,3149.1882,860.2824,0.0000,0.0000,0.0000
46.4500,19.5991,-19.1750,40094.8156,3149.2983,860.0977,0.0000,0.0000,0.0000
46.4667,19.5991,-19.1667,40094.0439,3149.3988,859.9130,0.0000,0.0000,0.0000
46.4833,19.5991,-19.1583,40093.1761,3149.4895,859.7283,0.0000,0.0000,0.0000
46.5000,19.5991,-19.1500,40092.2099,3149.5702,859.5437,0.0000,0.0000,0.0000
46.5167,19.5991,-19.1417,40091.1430,3149.6406,859.3591,0.0000,0.0000,0.0000
46.5333,19.5991,-19.1333,40089.9729,3149.7004,859.1745,0.0000,0.0000,0.0000
46.5500,19.5991,-19.1250,40088.6970,3149.7495,858.9899,0.0000,0.0000,0.0000
46.5667,19.5991,-19.1167,40087.3123,3149.7874,858.8053,0.0000,0.0000,0.0000
46.5833,19.5991,-19.1083,40085.8155,3149.8137,858.6208,0.0000,0.0000,0.0000
46.6000,19.5992,-19.1000,40084.2028,3149.8282,858.4363,0.0000,0.0000,0.0000
46.6167,19.5992,-19.0917,40082.4693,3149.8300,858.2519,0.0000,0.0000,0.0000
46.6333,19.5992,-19.0833,40080.6086,3149.8186,858.0674,0.0000,0.0000,0.0000
46.6500,19.5992,-19.0750,40078.6119,3149.7925,857.8830,0.0000,0.0000,0.0000
46.6667,19.5992,-19.0667,40076.4652,3149.7498,857.6986,0.0000,0.0000,0.0000
46.6833,19.5993,-19.0583,40074.1417,3149.6847,857.5143,0.0000,0.0000,0.0000
46.7000,19.5993,-19.0500,40071.5469,3149.5899,857.3300,0.0000,0.0000,0.0000
46.7167,19.5993,-19.0417,40068.7773,3149.4964,857.1458,0.0000,0.0000,0.0000
46.7333,19.5993,-19.0333,40065.9968,3149.4006,856.9616,0.0000,0.0000,0.0000
46.7500,19.5994,-19.0250,40063.1859,3149.3009,856.7773,0.0000,0.0000,0.0000
46.7667,19.5994,-19.0167,40060.3355,3149.1969,856.5931,0.0000,0.0000,0.0000
46.7833,19.5994,-19.0083,40057.4401,3149.0880,856.4089,0.0000,0.0000,0.0000
46.8000,19.5995,-19.0000,40054.4961,3148.9741,856.2247,0.0000,0.0000,0.0000
46.8167,19.5995,-18.9917,40051.5008,3148.8549,856.0405,0.0000,0.0000,0.0000
46.8333,19.5995,-18.9833,40048.4525,3148.7302,855.8563,0.0000,0.0000,0.0000
46.8500,19.5995,-18.9750,40045.3499,3148.6000,855.6722,0.0000,0.0000,0.0000
46.8667,19.5996,-18.9667,40042.1921,3148.4642,855.4880,0.0000,0.0000,0.0000
46.8833,19.5996,-18.9583,40038.9784,3148.3228,855.3039,0.0000,0.0000,0.0000
46.9000,19.5996,-18.9500,40035.7083,3148.1757,855.1197,0.0000,0.0000,0.0000
46.9167,19.5997,-18.9417,40032.3816,3148.0229,854.9356,0.0000,0.0000,0.0000
46.9333,19.5997,-18.9333,40028.9982,3147.8645,854.7515,0.0000,0.0000,0.0000
46.9500,19.5997,-18.9250,40025.5580,3147.7003,854.5674,0.0000,0.0000,0.0000
46.9667,19.5998,-18.9167,40022.0610,3147.5305,854.3834,0.0000,0.0000,0.0000
46.9833,19.5998,-18.9083,40018.5075,3147.3550,854.1993,0.0000,0.0000,0.0000
47.0000,19.5999,-18.9000,40013.7569,3147.2206,854.0155,0.0000,0.0000,0.0000
47.0167,19.5998,-18.9083,40017.3710,3147.6494,854.1995,0.0000,0.0000,0.0000
47.0333,19.5998,-18.9167,40022.8336,3148.0675,854.3832,0.0000,0.0000,0.0000
47.0500,19.5997,-18.9250,40028.6926,3148.4818,854.5667,0.0000,0.0000,0.0000
47.0667,19.5997,-18.9333,40034.1878,3148.8869,854.7504,0.0000,0.0000,0.0000
47.0833,19.5996,-18.9417,40039.9516,3149.2902,854.9340,0.0000,0.0000,0.0000
47.1000,19.5995,-18.9500,40045.7836,3149.6925,855.1175,0.0000,0.0000,0.0000
47.1167,19.5995,-18.9583,40051.6297,3150.0941,855.3011,0.0000,0.0000,0.0000
47.1333,19.5994,-18.9667,40057.4756,3150.4951,855.4846,0.0000,0.0000,0.0000
47.1500,19.5994,-18.9750,40063.3178,3150.8956,855.6682,0.0000,0.0000,0.0000
47.1667,19.5993,-18.9833,40069.1561,3151.2957,855.8517,0.0000,0.0000,0.0000
47.1833,19.5993,-18.9917,40074.9914,3151.6955,856.0353,0.0000,0.0000,0.0000
47.2000,19.5992,-19.0000,40080.8251,3152.0953,856.2189,0.0000,0.0000,0.0000
47.2167,19.5991,-19.0083,40086.6589,3152.4951,856.4024,0.0000,0.0000,0.0000
47.2333,19.5991,-19.0167,40092.4946,3152.8952,856.5860,0.0000,0.0000,0.0000
47.2500,19.5990,-19.0250,40098.3340,3153.2957,856.7695,0.0000,0.0000,0.0000
47.2667,19.5990,-19.0333,40104.1793,3153.6970,856.9531,0.0000,0.0000,0.0000
47.2833,19.5989,-19.0417,40110.0325,3154.0991,857.1366,0.0000,0.0000,0.0000
47.3000,19.5988,-19.0500,40115.8957,3154.5022,857.3202,0.0000,0.0000,0.0000
47.3167,19.5988,-19.0583,40121.7707,3154.9067,857.5037,0.0000,0.0000,0.0000
47.3333,19.5987,-19.0667,40127.6597,3155.3126,857.6873,0.0000,0.0000,0.0000
47.3500,19.5987,-19.0750,40133.5644,3155.7202,857.8708,0.0000,0.0000,0.0000
47.3667,19.5986,-19.0833,40139.4868,3156.1296,858.0544,0.0000,0.0000,0.0000
47.3833,19.5985,-19.0917,40145.4285,3156.5411,858.2379,0.0000,0.0000,0.0000
47.4000,19.5985,-19.1000,40151.3912,3156.9547,858.4214,0.0000,0.0000,0.0000
47.4167,19.5984,-19.1083,40157.3766,3157.3707,858.6050,0.0000,0.0000,0.0000
47.4333,19.5984,-19.1167,40163.3860,3157.7891,858.7885,0.0000,0.0000,0.0000
47.4500,19.5983,-19.1250,40169.4208,3158.2101,858.9720,0.0000,0.0000,0.0000
47.4667,19.5982,-19.1333,40175.4825,3158.6339,859.1555,0.0000,0.0000,0.0000
47.4833,19.5982,-19.1417,40181.5721,3159.0605,859.3390,0.0000,0.0000,0.0000
47.5000,19.5981,-19.1500,40187.6908,3159.4901,859.5225,0.0000,0.0000,0.0000
47.5167,19.5981,-19.1583,40193.8397,3159.9228,859.7060,0.0000,0.0000,0.0000
47.5333,19.5980,-19.1667,40200.0197,3160.3586,859.8895,0.0000,0.0000,0.0000
47.5500,19.5979,-19.1750,40206.2317,3160.7977,860.0729,0.0000,0.0000,0.0000
47.5667,19.5979,-19.1833,40212.4765,3161.2401,860.2564,0.0000,0.0000,0.0000
47.5833,19.5978,-19.1917,40218.7549,3161.6858,860.4399,0.0000,0.0000,0.0000
47.6000,19.5977,-19.2000,40225.0674,3162.1351,860.6233,0.0000,0.0000,0.0000
47.6167,19.5977,-19.2083,40231.4148,3162.5878,860.8068,0.0000,0.0000,0.0000
47.6333,19.5976,-19.2167,40237.7974,3163.0441,860.9902,0.0000,0.0000,0.0000
47.6500,19.5976,-19.2250,40244.2158,3163.5040,861.1736,0.0000,0.0000,0.0000
47.6667,19.5975,-19.2333,40249.0484,3163.9306,861.3574,0.0000,0.0000,0.0000
47.6833,19.5975,-19.2417,40254.5798,3164.3568,861.5410,0.0000,0.0000,0.0000
47.7000,19.5974,-19.2500,40260.4306,3164.7842,861.7246,0.0000,0.0000,0.0000
47.7167,19.5973,-19.2583,40266.4347,3165.2133,861.9081,0.0000,0.0000,0.0000
47.7333,19.5973,-19.2667,40272.5189,3165.6446,862.0916,0.0000,0.0000,0.0000
47.7500,19.5972,-19.2750,40278.6515,3166.0781,862.2751,0.0000,0.0000,0.0000
47.7667,19.5972,-19.2833,40284.8187,3166.5140,862.4586,0.0000,0.0000,0.0000
47.7833,19.5971,-19.2917,40291.0146,3166.9523,862.6421,0.0000,0.0000,0.0000
47.8000,19.5970,-19.3000,40297.2366,3167.3929,862.8255,0.0000,0.0000,0.0000
47.8167,19.5970,-19.3083,40303.4841,3167.8361,863.0090,0.0000,0.0000,0.0000
47.8333,19.5969,-19.3167,40309.7566,3168.2817,863.1925,0.0000,0.0000,0.0000
47.8500,19.5968,-19.3250,40316.0544,3168.7299,863.3759,0.0000,0.0000,0.0000
47.8667,19.5968,-19.3333,40322.3775,3169.1807,863.5594,0.0000,0.0000,0.0000
47.8833,19.5967,-19.3417,40328.7263,3169.6340,863.7428,0.0000,0.0000,0.0000
47.9000,19.5966,-19.3500,40335.1009,3170.0899,863.9263,0.0000,0.0000,0.0000
47.9167,19.5966,-19.3583,40341.5017,3170.5485,864.1097,0.0000,0.0000,0.0000
47.9333,19.5965,-19.3667,40347.9287,3171.0097,864.2931,0.0000,0.0000,0.0000
47.9500,19.5965,-19.3750,40354.3823,3171.4736,864.4765,0.0000,0.0000,0.0000
47.9667,19.5964,-19.3833,40360.8625,3171.9402,864.6599,0.0000,0.0000,0.0000
47.9833,19.5963,-19.3917,40367.3695,3172.4094,864.8434,0.0000,0.0000,0.0000
48.0000,19.5963,-19.4000,40373.9034,3172.8814,865.0268,0.0000,0.0000,0.0000
48.0167,19.5962,-19.3917,40375.2299,3172.7753,864.8416,0.0000,0.0000,0.0000
48.0333,19.5963,-19.3833,40374.2809,3172.6797,864.6570,0.0000,0.0000,0.0000
48.0500,19.5963,-19.3750,40372.3430,3172.5897,864.4725,0.0000,0.0000,0.0000
48.0667,19.5963,-19.3667,40369.9800,3172.5031,864.2882,0.0000,0.0000,0.0000
48.0833,19.5963,-19.3583,40367.4389,3172.4186,864.1039,0.0000,0.0000,0.0000
48.1000,19.5964,-19.3500,40364.8268,3172.3358,863.9197,0.0000,0.0000,0.0000
48.1167,19.5964,-19.3417,40362.1892,3172.2542,863.7354,0.0000,0.0000,0.0000
48.1333,19.5964,-19.3333,40359.5448,3172.1734,863.5511,0.0000,0.0000,0.0000
48.1500,19.5964,-19.3250,40356.9000,3172.0931,863.3669,0.0000,0.0000,0.0000
48.1667,19.5965,-19.3167,40354.2560,3172.0130,863.1826,0.0000,0.0000,0.0000
48.1833,19.5965,-19.3083,40351.6114,3171.9328,862.9983,0.0000,0.0000,0.0000
48.2000,19.5965,-19.3000,40348.9641,3171.8521,862.8141,0.0000,0.0000,0.0000
48.2167,19.5965,-19.2917,40346.3112,3171.7707,862.6298,0.0000,0.0000,0.0000
48.2333,19.5966,-19.2833,40343.6499,3171.6882,862.4455,0.0000,0.0000,0.0000
48.2500,19.5966,-19.2750,40340.9773,3171.6044,862.2613,0.0000,0.0000,0.0000
48.2667,19.5966,-19.2667,40338.2905,3171.5189,862.0770,0.0000,0.0000,0.0000
48.2833,19.5966,-19.2583,40335.5868,3171.4316,861.8928,0.0000,0.0000,0.0000
48.3000,19.5967,-19.2500,40332.8635,3171.3421,861.7085,0.0000,0.0000,0.0000
48.3167,19.5967,-19.2417,40330.1182,3171.2502,861.5243,0.0000,0.0000,0.0000
48.3333,19.5967,-19.2333,40327.3484,3171.1556,861.3400,0.0000,0.0000,0.0000
48.3500,19.5968,-19.2250,40324.5519,3171.0583,861.1558,0.0000,0.0000,0.0000
48.3667,19.5968,-19.2167,40321.7266,3170.9578,860.9716,0.0000,0.0000,0.0000
48.3833,19.5968,-19.2083,40318.8705,3170.8542,860.7874,0.0000,0.0000,0.0000
48.4000,19.5968,-19.2000,40315.9817,3170.7471,860.6031,0.0000,0.0000,0.0000
48.4167,19.5969,-19.1917,40313.0585,3170.6364,860.4189,0.0000,0.0000,0.0000
48.4333,19.5969,-19.1833,40310.0994,3170.5221,860.2347,0.0000,0.0000,0.0000
48.4500,19.5969,-19.1750,40307.1028,3170.4038,860.0506,0.0000,0.0000,0.0000
48.4667,19.5970,-19.1667,40304.0673,3170.2816,859.8664,0.0000,0.0000,0.0000
48.4833,19.5970,-19.1583,40300.9918,3170.1553,859.6822,0.0000,0.0000,0.0000
48.5000,19.5970,-19.1500,40297.8750,3170.0247,859.4980,0.0000,0.0000,0.0000
48.5167,19.5971,-19.1417,40294.7160,3169.8898,859.3139,0.0000,0.0000,0.0000
48.5333,19.5971,-19.1333,40291.5137,3169.7505,859.1298,0.0000,0.0000,0.0000
48.5500,19.5971,-19.1250,40288.2673,3169.6068,858.9456,0.0000,0.0000,0.0000
48.5667,19.5972,-19.1167,40284.9761,3169.4585,858.7615,0.0000,0.0000,0.0000
48.5833,19.5972,-19.1083,40281.6393,3169.3055,858.5774,0.0000,0.0000,0.0000
48.6000,19.5972,-19.1000,40278.2564,3169.1479,858.3933,0.0000,0.0000,0.0000
48.6167,19.5973,-19.0917,40274.8268,3168.9856,858.2092,0.0000,0.0000,0.0000
48.6333,19.5973,-19.0833,40271.3501,3168.8185,858.0251,0.0000,0.0000,0.0000
48.6500,19.5973,-19.0750,40267.8258,3168.6467,857.8410,0.0000,0.0000,0.0000
48.6667,19.5974,-19.0667,40264.2538,3168.4700,857.6570,0.0000,0.0000,0.0000
48.6833,19.5974,-19.0583,40260.6336,3168.2885,857.4729,0.0000,0.0000,0.0000
48.7000,19.5974,-19.0500,40256.9651,3168.1021,857.2889,0.0000,0.0000,0.0000
48.7167,19.5975,-19.0417,40253.2481,3167.9108,857.1049,0.0000,0.0000,0.0000
48.7333,19.5975,-19.0333,40249.4826,3167.7147,856.9208,0.0000,0.0000,0.0000
48.7500,19.5975,-19.0250,40245.6684,3167.5137,856.7368,0.0000,0.0000,0.0000
48.7667,19.5976,-19.0167,40241.8057,3167.3078,856.5528,0.0000,0.0000,0.0000
48.7833,19.5976,-19.0083,40237.8943,3167.0971,856.3689,0.0000,0.0000,0.0000
48.8000,19.5977,-19.0000,40233.9344,3166.8815,856.1849,0.0000,0.0000,0.0000
48.8167,19.5977,-18.9917,40229.9261,3166.6610,856.0009,0.0000,0.0000,0.0000
48.8333,19.5977,-18.9833,40225.8696,3166.4358,855.8170,0.0000,0.0000,0.0000
48.8500,19.5978,-18.9750,40221.7650,3166.2057,855.6330,0.0000,0.0000,0.0000
48.8667,19.5978,-18.9667,40217.6125,3165.9708,855.4491,0.0000,0.0000,0.0000
48.8833,19.5979,-18.9583,40213.4123,3165.7312,855.2652,0.0000,0.0000,0.0000
48.9000,19.5979,-18.9500,40209.1648,3165.4868,855.0813,0.0000,0.0000,0.0000
48.9167,19.5980,-18.9417,40204.8702,3165.2378,854.8974,0.0000,0.0000,0.0000
48.9333,19.5980,-18.9333,40200.5288,3164.9841,854.7135,0.0000,0.0000,0.0000
48.9500,19.5980,-18.9250,40196.1410,3164.7257,854.5296,0.0000,0.0000,0.0000
48.9667,19.5981,-18.9167,40191.7070,3164.4628,854.3457,0.0000,0.0000,0.0000
48.9833,19.5981,-18.9083,40187.2273,3164.1953,854.1619,0.0000,0.0000,0.0000
49.0000,19.5982,-18.9000,40182.7023,3163.9233,853.9780,0.0000,0.0000,0.0000
49.0167,19.5982,-18.9000,40180.7487,3163.9371,853.9785,0.0000,0.0000,0.0000
49.0333,19.5982,-18.9000,40179.9011,3163.9424,853.9786,0.0000,0.0000,0.0000
49.0500,19.5982,-18.9000,40179.5167,3163.9419,853.9787,0.0000,0.0000,0.0000
49.0667,19.5982,-18.9000,40179.3141,3163.9367,853.9788,0.0000,0.0000,0.0000
49.0833,19.5982,-18.9000,40179.1702,3163.9273,853.9788,0.0000,0.0000,0.0000
49.1000,19.5982,-18.9000,40179.0315,3163.9141,853.9788,0.0000,0.0000,0.0000
49.1167,19.5982,-18.9000,40178.8752,3163.8973,853.9789,0.0000,0.0000,0.0000
49.1333,19.5982,-18.9000,40178.6923,3163.8770,853.9789,0.0000,0.0000,0.0000
49.1500,19.5982,-18.9000,40178.4793,3163.8535,853.9790,0.0000,0.0000,0.0000
49.1667,19.5982,-18.9000,40178.2357,3163.8268,853.9790,0.0000,0.0000,0.0000
49.1833,19.5982,-18.9000,40177.9620,3163.7972,853.9791,0.0000,0.0000,0.0000
49.2000,19.5982,-18.9000,40177.6594,3163.7647,853.9791,0.0000,0.0000,0.0000
49.2167,19.5982,-18.9000,40177.3291,3163.7295,853.9792,0.0000,0.0000,0.0000
49.2333,19.5982,-18.9000,40176.9725,3163.6918,853.9793,0.0000,0.0000,0.0000
49.2500,19.5982,-18.9000,40176.5909,3163.6517,853.9794,0.0000,0.0000,0.0000
49.2667,19.5982,-18.9000,40176.1859,3163.6094,853.9795,0.0000,0.0000,0.0000
49.2833,19.5982,-18.9000,40175.7586,3163.5649,853.9796,0.0000,0.0000,0.0000
49.3000,19.5982,-18.9000,40175.3105,3163.5185,853.9797,0.0000,0.0000,0.0000
49.3167,19.5983,-18.9000,40174.8427,3163.4701,853.9798,0.0000,0.0000,0.0000
49.3333,19.5983,-18.9000,40174.3565,3163.4200,853.9799,0.0000,0.0000,0.0000
49.3500,19.5983,-18.9000,40173.8530,3163.3683,853.9800,0.0000,0.0000,0.0000
49.3667,19.5983,-18.9000,40173.3334,3163.3150,853.9801,0.0000,0.0000,0.0000
49.3833,19.5983,-18.9000,40172.7987,3163.2603,853.9802,0.0000,0.0000,0.0000
49.4000,19.5983,-18.9000,40172.2499,3163.2042,853.9803,0.0000,0.0000,0.0000
49.4167,19.5983,-18.9000,40171.6880,3163.1469,853.9805,0.0000,0.0000,0.0000
49.4333,19.5983,-18.9000,40171.1138,3163.0885,853.9806,0.0000,0.0000,0.0000
49.4500,19.5983,-18.9000,40170.5283,3163.0290,853.9807,0.0000,0.0000,0.0000
49.4667,19.5983,-18.9000,40169.9322,3162.9684,853.9809,0.0000,0.0000,0.0000
49.4833,19.5983,-18.9000,40169.3263,3162.9070,853.9810,0.0000,0.0000,0.0000
49.5000,19.5983,-18.9000,40168.7114,3162.8447,853.9811,0.0000,0.0000,0.0000
49.5167,19.5983,-18.9000,40167.7313,3162.7607,853.9813,0.0000,0.0000,0.0000
49.5333,19.5983,-18.9000,40166.8488,3162.6751,853.9815,0.0000,0.0000,0.0000
49.5500,19.5983,-18.9000,40165.9926,3162.5901,853.9817,0.0000,0.0000,0.0000
49.5667,19.5983,-18.9000,40165.2450,3162.5114,853.9819,0.0000,0.0000,0.0000
49.5833,19.5984,-18.9000,40164.4904,3162.4356,853.9821,0.0000,0.0000,0.0000
49.6000,19.5984,-18.9000,40163.7566,3162.3629,853.9822,0.0000,0.0000,0.0000
49.6167,19.5984,-18.9000,40163.0525,3162.2936,853.9824,0.0000,0.0000,0.0000
49.6333,19.5984,-18.9000,40162.3810,3162.2277,853.9825,0.0000,0.0000,0.0000
49.6500,19.5984,-18.9000,40161.7424,3162.1651,853.9827,0.0000,0.0000,0.0000
49.6667,19.5984,-18.9000,40161.1352,3162.1055,853.9828,0.0000,0.0000,0.0000
49.6833,19.5984,-18.9000,40160.5573,3162.0488,853.9829,0.0000,0.0000,0.0000
49.7000,19.5984,-18.9000,40160.0061,3161.9947,853.9831,0.0000,0.0000,0.0000
49.7167,19.5984,-18.9000,40159.4786,3161.9428,853.9832,0.0000,0.0000,0.0000
49.7333,19.5984,-18.9000,40158.9718,3161.8929,853.9833,0.0000,0.0000,0.0000
49.7500,19.5984,-18.9000,40158.4828,3161.8446,853.9834,0.0000,0.0000,0.0000
49.7667,19.5984,-18.9000,40158.0088,3161.7977,853.9835,0.0000,0.0000,0.0000
49.7833,19.5984,-18.9000,40157.5470,3161.7520,853.9836,0.0000,0.0000,0.0000
49.8000,19.5984,-18.9000,40157.0950,3161.7071,853.9837,0.0000,0.0000,0.0000
49.8167,19.5984,-18.9000,40156.6506,3161.6628,853.9838,0.0000,0.0000,0.0000
49.8333,19.5984,-18.9000,40156.2115,3161.6191,853.9839,0.0000,0.0000,0.0000
49.8500,19.5984,-18.9000,40155.7760,3161.5756,853.9840,0.0000,0.0000,0.0000
49.8667,19.5984,-18.9000,40155.3424,3161.5322,853.9841,0.0000,0.0000,0.0000
49.8833,19.5985,-18.9000,40154.9090,3161.4888,853.9842,0.0000,0.0000,0.0000
49.9000,19.5985,-18.9000,40154.4746,3161.4452,853.9843,0.0000,0.0000,0.0000
49.9167,19.5985,-18.9000,40154.0379,3161.4013,853.9844,0.0000,0.0000,0.0000
49.9333,19.5985,-18.9000,40153.5977,3161.3571,853.9845,0.0000,0.0000,0.0000
49.9500,19.5985,-18.9000,40153.1533,3161.3123,853.9846,0.0000,0.0000,0.0000
49.9667,19.5985,-18.9000,40152.7037,3161.2670,853.9847,0.0000,0.0000,0.0000
49.9833,19.5985,-18.9000,40152.2481,3161.2211,853.9848,0.0000,0.0000,0.0000
50.0000,19.5985,-18.9000,40151.7861,3161.1746,853.9849,0.0000,0.0000,0.0000
50.0167,19.5985,-18.9083,40154.7060,3161.4146,854.1691,0.0000,0.0000,0.0000
50.0333,19.5984,-18.9167,40158.5483,3161.6509,854.3531,0.0000,0.0000,0.0000
50.0500,19.5984,-18.9250,40162.6419,3161.8861,854.5370,0.0000,0.0000,0.0000
50.0667,19.5983,-18.9333,40166.8041,3162.1211,854.7210,0.0000,0.0000,0.0000
50.0833,19.5983,-18.9417,40170.9869,3162.3563,854.9049,0.0000,0.0000,0.0000
50.1000,19.5982,-18.9500,40175.1788,3162.5919,855.0888,0.0000,0.0000,0.0000
50.1167,19.5982,-18.9583,40179.3790,3162.8284,855.2727,0.0000,0.0000,0.0000
50.1333,19.5982,-18.9667,40183.5897,3163.0659,855.4566,0.0000,0.0000,0.0000
50.1500,19.5981,-18.9750,40187.8139,3163.3050,855.6406,0.0000,0.0000,0.0000
50.1667,19.5981,-18.9833,40192.0550,3163.5459,855.8245,0.0000,0.0000,0.0000
50.1833,19.5980,-18.9917,40195.3718,3163.8009,856.0086,0.0000,0.0000,0.0000
50.2000,19.5980,-19.0000,40199.2784,3164.0554,856.1926,0.0000,0.0000,0.0000
50.2167,19.5980,-19.0083,40203.4540,3164.3108,856.3765,0.0000,0.0000,0.0000
50.2333,19.5979,-19.0167,40207.7585,3164.5677,856.5604,0.0000,0.0000,0.0000
50.2500,19.5979,-19.0250,40212.1309,3164.8265,856.7443,0.0000,0.0000,0.0000
50.2667,19.5978,-19.0333,40216.5452,3165.0873,856.9282,0.0000,0.0000,0.0000
50.2833,19.5978,-19.0417,40220.9906,3165.3503,857.1120,0.0000,0.0000,0.0000
50.3000,19.5977,-19.0500,40225.4631,3165.6157,857.2959,0.0000,0.0000,0.0000
50.3167,19.5977,-19.0583,40229.9615,3165.8836,857.4797,0.0000,0.0000,0.0000
50.3333,19.5977,-19.0667,40234.4860,3166.1542,857.6636,0.0000,0.0000,0.0000
50.3500,19.5976,-19.0750,40239.0373,3166.4274,857.8474,0.0000,0.0000,0.0000
50.3667,19.5976,-19.0833,40243.6162,3166.7035,858.0313,0.0000,0.0000,0.0000
50.3833,19.5975,-19.0917,40248.2237,3166.9825,858.2151,0.0000,0.0000,0.0000
50.4000,19.5975,-19.1000,40252.8607,3167.2646,858.3989,0.0000,0.0000,0.0000
50.4167,19.5974,-19.1083,40257.5282,3167.5498,858.5827,0.0000,0.0000,0.0000
50.4333,19.5974,-19.1167,40262.2268,3167.8381,858.7665,0.0000,0.0000,0.0000
50.4500,19.5973,-19.1250,40266.9575,3168.1298,858.9504,0.0000,0.0000,0.0000
50.4667,19.5973,-19.1333,40271.7209,3168.4247,859.1341,0.0000,0.0000,0.0000
50.4833,19.5972,-19.1417,40276.5177,3168.7231,859.3179,0.0000,0.0000,0.0000
50.5000,19.5972,-19.1500,40281.3485,3169.0249,859.5017,0.0000,0.0000,0.0000
50.5167,19.5971,-19.1583,40286.2138,3169.3302,859.6855,0.0000,0.0000,0.0000
50.5333,19.5971,-19.1667,40291.1142,3169.6391,859.8693,0.0000,0.0000,0.0000
50.5500,19.5970,-19.1750,40296.0501,3169.9515,860.0530,0.0000,0.0000,0.0000
50.5667,19.5970,-19.1833,40301.0218,3170.2676,860.2368,0.0000,0.0000,0.0000
50.5833,19.5969,-19.1917,40306.0297,3170.5873,860.4205,0.0000,0.0000,0.0000
50.6000,19.5969,-19.2000,40311.0741,3170.9107,860.6042,0.0000,0.0000,0.0000
50.6167,19.5968,-19.2083,40316.1553,3171.2378,860.7880,0.0000,0.0000,0.0000
50.6333,19.5968,-19.2167,40321.2734,3171.5686,860.9717,0.0000,0.0000,0.0000
50.6500,19.5967,-19.2250,40326.4287,3171.9032,861.1554,0.0000,0.0000,0.0000
50.6667,19.5967,-19.2333,40331.6212,3172.2415,861.3391,0.0000,0.0000,0.0000
50.6833,19.5966,-19.2417,40336.8510,3172.5835,861.5228,0.0000,0.0000,0.0000
50.7000,19.5966,-19.2500,40342.1182,3172.9294,861.7065,0.0000,0.0000,0.0000
50.7167,19.5965,-19.2583,40347.4229,3173.2789,861.8901,0.0000,0.0000,0.0000
50.7333,19.5965,-19.2667,40352.7649,3173.6322,862.0738,0.0000,0.0000,0.0000
50.7500,19.5964,-19.2750,40358.1443,3173.9893,862.2575,0.0000,0.0000,0.0000
50.7667,19.5964,-19.2833,40363.5610,3174.3500,862.4411,0.0000,0.0000,0.0000
50.7833,19.5963,-19.2917,40369.0150,3174.7145,862.6248,0.0000,0.0000,0.0000
50.8000,19.5963,-19.3000,40374.5060,3175.0828,862.8084,0.0000,0.0000,0.0000
50.8167,19.5962,-19.3083,40380.0340,3175.4547,862.9920,0.0000,0.0000,0.0000
50.8333,19.5961,-19.3167,40385.5988,3175.8302,863.1756,0.0000,0.0000,0.0000
50.8500,19.5961,-19.3250,40391.2002,3176.2095,863.3593,0.0000,0.0000,0.0000
50.8667,19.5960,-19.3333,40396.8381,3176.5924,863.5429,0.0000,0.0000,0.0000
50.8833,19.5960,-19.3417,40402.5121,3176.9788,863.7264,0.0000,0.0000,0.0000
50.9000,19.5959,-19.3500,40408.2221,3177.3689,863.9100,0.0000,0.0000,0.0000
50.9167,19.5959,-19.3583,40413.9679,3177.7626,864.0936,0.0000,0.0000,0.0000
50.9333,19.5958,-19.3667,40419.7491,3178.1597,864.2772,0.0000,0.0000,0.0000
50.9500,19.5957,-19.3750,40425.5654,3178.5604,864.4607,0.0000,0.0000,0.0000
50.9667,19.5957,-19.3833,40431.4167,3178.9646,864.6443,0.0000,0.0000,0.0000
50.9833,19.5956,-19.3917,40437.3025,3179.3722,864.8278,0.0000,0.0000,0.0000
51.0000,19.5956,-19.4000,40443.2226,3179.7832,865.0114,0.0000,0.0000,0.0000
51.0167,19.5955,-19.4100,40449.6999,3180.2556,865.2318,0.0000,0.0000,0.0000
51.0333,19.5954,-19.4200,40456.4410,3180.7306,865.4521,0.0000,0.0000,0.0000
51.0500,19.5953,-19.4300,40465.5401,3181.2430,865.6719,0.0000,0.0000,0.0000
51.0667,19.5953,-19.4400,40471.4866,3181.7296,865.8924,0.0000,0.0000,0.0000
51.0833,19.5952,-19.4500,40478.0607,3182.2174,866.1128,0.0000,0.0000,0.0000
51.1000,19.5951,-19.4600,40487.1674,3182.7457,866.3326,0.0000,0.0000,0.0000
51.1167,19.5951,-19.4700,40493.1917,3183.2448,866.5531,0.0000,0.0000,0.0000
51.1333,19.5950,-19.4800,40499.8710,3183.7454,866.7734,0.0000,0.0000,0.0000
51.1500,19.5949,-19.4900,40509.1497,3184.2906,866.9932,0.0000,0.0000,0.0000
51.1667,19.5948,-19.5000,40515.2943,3184.8033,867.2136,0.0000,0.0000,0.0000
51.1833,19.5948,-19.5100,40522.1048,3185.3179,867.4339,0.0000,0.0000,0.0000
51.2000,19.5947,-19.5200,40531.5815,3185.8815,867.6537,0.0000,0.0000,0.0000
51.2167,19.5946,-19.5300,40537.8600,3186.4092,867.8741,0.0000,0.0000,0.0000
51.2333,19.5946,-19.5400,40544.8146,3186.9391,868.0944,0.0000,0.0000,0.0000
51.2500,19.5945,-19.5500,40554.5072,3187.5227,868.3140,0.0000,0.0000,0.0000
51.2667,19.5944,-19.5600,40560.9302,3188.0664,868.5344,0.0000,0.0000,0.0000
51.2833,19.5943,-19.5700,40568.0396,3188.6126,868.7547,0.0000,0.0000,0.0000
51.3000,19.5942,-19.5800,40577.9623,3189.2175,868.9743,0.0000,0.0000,0.0000
51.3167,19.5942,-19.5900,40584.5384,3189.7782,869.1947,0.0000,0.0000,0.0000
51.3333,19.5941,-19.6000,40591.8107,3190.3415,869.4149,0.0000,0.0000,0.0000
51.3500,19.5940,-19.6100,40601.9743,3190.9686,869.6345,0.0000,0.0000,0.0000
51.3667,19.5939,-19.6200,40608.7094,3191.5469,869.8548,0.0000,0.0000,0.0000
51.3833,19.5938,-19.6300,40616.1502,3192.1278,870.0750,0.0000,0.0000,0.0000
51.4000,19.5937,-19.6400,40626.5619,3192.7776,870.2945,0.0000,0.0000,0.0000
51.4167,19.5937,-19.6500,40633.4598,3193.3739,870.5148,0.0000,0.0000,0.0000
51.4333,19.5936,-19.6600,40643.6708,3194.0413,870.7343,0.0000,0.0000,0.0000
51.4500,19.5935,-19.6700,40653.0117,3194.7218,870.9541,0.0000,0.0000,0.0000
51.4667,19.5934,-19.6800,40662.1815,3195.4126,871.1739,0.0000,0.0000,0.0000
51.4833,19.5933,-19.6900,40671.3704,3196.1127,871.3936,0.0000,0.0000,0.0000
51.5000,19.5932,-19.7000,40680.6295,3196.8218,871.6134,0.0000,0.0000,0.0000
51.5167,19.5931,-19.7100,40689.9721,3197.5398,871.8332,0.0000,0.0000,0.0000
51.5333,19.5930,-19.7200,40699.4009,3198.2666,872.0529,0.0000,0.0000,0.0000
51.5500,19.5929,-19.7300,40708.9157,3199.0019,872.2726,0.0000,0.0000,0.0000
51.5667,19.5928,-19.7400,40718.5152,3199.7457,872.4923,0.0000,0.0000,0.0000
51.5833,19.5927,-19.7500,40728.1979,3200.4978,872.7120,0.0000,0.0000,0.0000
51.6000,19.5926,-19.7600,40737.9624,3201.2580,872.9316,0.0000,0.0000,0.0000
51.6167,19.5925,-19.7700,40747.8068,3202.0262,873.1513,0.0000,0.0000,0.0000
51.6333,19.5924,-19.7800,40757.7294,3202.8021,873.3709,0.0000,0.0000,0.0000
51.6500,19.5923,-19.7900,40767.7286,3203.5856,873.5905,0.0000,0.0000,0.0000
51.6667,19.5922,-19.8000,40777.8027,3204.3765,873.8101,0.0000,0.0000,0.0000
51.6833,19.5921,-19.8100,40787.9498,3205.1747,874.0297,0.0000,0.0000,0.0000
51.7000,19.5920,-19.8200,40798.1684,3205.9800,874.2492,0.0000,0.0000,0.0000
51.7167,19.5919,-19.8300,40808.4566,3206.7922,874.4688,0.0000,0.0000,0.0000
51.7333,19.5918,-19.8400,40818.8129,3207.6112,874.6883,0.0000,0.0000,0.0000
51.7500,19.5917,-19.8500,40829.2356,3208.4367,874.9078,0.0000,0.0000,0.0000
51.7667,19.5916,-19.8600,40839.7231,3209.2687,875.1273,0.0000,0.0000,0.0000
51.7833,19.5915,-19.8700,40850.2737,3210.1069,875.3468,0.0000,0.0000,0.0000
51.8000,19.5914,-19.8800,40860.8859,3210.9512,875.5662,0.0000,0.0000,0.0000
51.8167,19.5913,-19.8900,40871.5582,3211.8015,875.7857,0.0000,0.0000,0.0000
51.8333,19.5912,-19.9000,40882.2890,3212.6576,876.0051,0.0000,0.0000,0.0000
51.8500,19.5911,-19.9100,40893.0769,3213.5193,876.2246,0.0000,0.0000,0.0000
51.8667,19.5910,-19.9200,40903.9204,3214.3866,876.4440,0.0000,0.0000,0.0000
51.8833,19.5909,-19.9300,40914.8180,3215.2592,876.6634,0.0000,0.0000,0.0000
51.9000,19.5907,-19.9400,40925.7683,3216.1370,876.8828,0.0000,0.0000,0.0000
51.9167,19.5906,-19.9500,40936.7701,3217.0200,877.1022,0.0000,0.0000,0.0000
51.9333,19.5905,-19.9600,40947.8218,3217.9079,877.3215,0.0000,0.0000,0.0000
51.9500,19.5904,-19.9700,40958.9223,3218.8006,877.5409,0.0000,0.0000,0.0000
51.9667,19.5903,-19.9800,40970.0702,3219.6980,877.7603,0.0000,0.0000,0.0000
51.9833,19.5902,-19.9900,40981.2642,3220.6000,877.9796,0.0000,0.0000,0.0000
52.0000,19.5901,-20.0000,40992.5031,3221.5064,878.1989,0.0000,0.0000,0.0000
52.0167,19.5900,-20.0100,41003.7858,3222.4172,878.4182,0.0000,0.0000,0.0000
52.0333,19.5898,-20.0200,41015.1110,3223.3322,878.6376,0.0000,0.0000,0.0000
52.0500,19.5897,-20.0300,41026.4775,3224.2513,878.8569,0.0000,0.0000,0.0000
52.0667,19.5896,-20.0400,41037.8843,3225.1743,879.0761,0.0000,0.0000,0.0000
52.0833,19.5895,-20.0500,41049.3302,3226.1013,879.2954,0.0000,0.0000,0.0000
52.1000,19.5894,-20.0600,41060.8142,3227.0320,879.5147,0.0000,0.0000,0.0000
52.1167,19.5893,-20.0700,41072.3352,3227.9664,879.7340,0.0000,0.0000,0.0000
52.1333,19.5892,-20.0800,41083.8921,3228.9043,879.9532,0.0000,0.0000,0.0000
52.1500,19.5890,-20.0900,41095.4840,3229.8457,880.1725,0.0000,0.0000,0.0000
52.1667,19.5889,-20.1000,41107.1099,3230.7905,880.3917,0.0000,0.0000,0.0000
52.1833,19.5888,-20.1100,41118.7688,3231.7385,880.6110,0.0000,0.0000,0.0000
52.2000,19.5887,-20.1200,41130.4598,3232.6897,880.8302,0.0000,0.0000,0.0000
52.2167,19.5886,-20.1300,41142.1819,3233.6440,881.0494,0.0000,0.0000,0.0000
52.2333,19.5885,-20.1400,41153.9343,3234.6013,881.2686,0.0000,0.0000,0.0000
52.2500,19.5883,-20.1500,41165.7162,3235.5615,881.4878,0.0000,0.0000,0.0000
52.2667,19.5882,-20.1600,41177.5265,3236.5245,881.7070,0.0000,0.0000,0.0000
52.2833,19.5881,-20.1700,41189.3646,3237.4903,881.9262,0.0000,0.0000,0.0000
52.3000,19.5880,-20.1800,41201.2297,3238.4587,882.1454,0.0000,0.0000,0.0000
52.3167,19.5879,-20.1900,41213.1208,3239.4298,882.3646,0.0000,0.0000,0.0000
52.3333,19.5877,-20.2000,41225.0373,3240.4033,882.5838,0.0000,0.0000,0.0000
52.3500,19.5876,-20.2100,41236.9784,3241.3793,882.8030,0.0000,0.0000,0.0000
52.3667,19.5875,-20.2200,41248.9434,3242.3576,883.0221,0.0000,0.0000,0.0000
52.3833,19.5874,-20.2300,41260.9315,3243.3382,883.2413,0.0000,0.0000,0.0000
52.4000,19.5873,-20.2400,41272.9421,3244.3210,883.4605,0.0000,0.0000,0.0000
52.4167,19.5872,-20.2500,41284.9744,3245.3060,883.6796,0.0000,0.0000,0.0000
52.4333,19.5870,-20.2600,41297.0279,3246.2931,883.8988,0.0000,0.0000,0.0000
52.4500,19.5869,-20.2700,41309.1019,3247.2822,884.1179,0.0000,0.0000,0.0000
52.4667,19.5868,-20.2800,41321.1957,3248.2733,884.3371,0.0000,0.0000,0.0000
52.4833,19.5867,-20.2900,41333.3087,3249.2663,884.5562,0.0000,0.0000,0.0000
52.5000,19.5865,-20.3000,41345.4403,3250.2611,884.7753,0.0000,0.0000,0.0000
52.5167,19.5864,-20.3100,41357.5900,3251.2577,884.9944,0.0000,0.0000,0.0000
52.5333,19.5863,-20.3200,41369.7572,3252.2560,885.2136,0.0000,0.0000,0.0000
52.5500,19.5862,-20.3300,41381.9413,3253.2560,885.4327,0.0000,0.0000,0.0000
52.5667,19.5861,-20.3400,41394.1418,3254.2576,885.6518,0.0000,0.0000,0.0000
52.5833,19.5859,-20.3500,41406.3581,3255.2608,885.8709,0.0000,0.0000,0.0000
52.6000,19.5858,-20.3600,41418.5898,3256.2655,886.0900,0.0000,0.0000,0.0000
52.6167,19.5857,-20.3700,41427.5070,3257.1282,886.3099,0.0000,0.0000,0.0000
52.6333,19.5856,-20.3800,41441.0870,3258.1293,886.5287,0.0000,0.0000,0.0000
52.6500,19.5855,-20.3900,41453.7175,3259.1363,886.7477,0.0000,0.0000,0.0000
52.6667,19.5853,-20.4000,41466.1005,3260.1459,886.9668,0.0000,0.0000,0.0000
52.6833,19.5852,-20.4100,41478.4264,3261.1572,887.1859,0.0000,0.0000,0.0000
52.7000,19.5851,-20.4200,41490.7466,3262.1699,887.4050,0.0000,0.0000,0.0000
52.7167,19.5850,-20.4300,41503.0748,3263.1840,887.6241,0.0000,0.0000,0.0000
52.7333,19.5848,-20.4400,41515.4146,3264.1994,887.8431,0.0000,0.0000,0.0000
52.7500,19.5848,-20.4500,41524.4048,3265.0702,888.0630,0.0000,0.0000,0.0000
52.7667,19.5846,-20.4600,41538.0946,3266.0816,888.2818,0.0000,0.0000,0.0000
52.7833,19.5845,-20.4700,41550.8282,3267.0986,888.5008,0.0000,0.0000,0.0000
52.8000,19.5844,-20.4800,41563.3109,3268.1181,888.7198,0.0000,0.0000,0.0000
52.8167,19.5842,-20.4900,41575.7342,3269.1390,888.9389,0.0000,0.0000,0.0000
52.8333,19.5841,-20.5000,41588.1496,3270.1612,889.1579,0.0000,0.0000,0.0000
52.8500,19.5840,-20.5100,41597.1881,3271.0373,889.3778,0.0000,0.0000,0.0000
52.8667,19.5839,-20.5200,41610.9494,3272.0553,889.5965,0.0000,0.0000,0.0000
52.8833,19.5838,-20.5300,41623.7497,3273.0788,889.8155,0.0000,0.0000,0.0000
52.9000,19.5836,-20.5400,41636.2970,3274.1046,890.0346,0.0000,0.0000,0.0000
52.9167,19.5835,-20.5500,41648.7834,3275.1319,890.2536,0.0000,0.0000,0.0000
52.9333,19.5834,-20.5600,41661.2608,3276.1602,890.4727,0.0000,0.0000,0.0000
52.9500,19.5833,-20.5700,41670.3413,3277.0410,890.6925,0.0000,0.0000,0.0000
52.9667,19.5832,-20.5800,41684.1660,3278.0649,890.9112,0.0000,0.0000,0.0000
52.9833,19.5830,-20.5900,41697.0259,3279.0942,891.1302,0.0000,0.0000,0.0000
53.0000,19.5829,-20.6000,41709.6309,3280.1257,891.3492,0.0000,0.0000,0.0000
53.0167,19.5828,-20.6000,41715.6179,3280.6613,891.3479,0.0000,0.0000,0.0000
53.0333,19.5828,-20.6000,41721.2529,3281.1974,891.3466,0.0000,0.0000,0.0000
53.0500,19.5827,-20.6000,41726.7312,3281.7338,891.3454,0.0000,0.0000,0.0000
53.0667,19.5827,-20.6000,41732.1390,3282.2700,891.3442,0.0000,0.0000,0.0000
53.0833,19.5826,-20.6000,41737.5136,3282.8060,891.3430,0.0000,0.0000,0.0000
53.1000,19.5826,-20.6000,41742.8712,3283.3416,891.3419,0.0000,0.0000,0.0000
53.1167,19.5825,-20.6000,41748.2179,3283.8766,891.3407,0.0000,0.0000,0.0000
53.1333,19.5825,-20.6000,41753.5555,3284.4109,891.3395,0.0000,0.0000,0.0000
53.1500,19.5824,-20.6000,41758.8838,3284.9442,891.3383,0.0000,0.0000,0.0000
53.1667,19.5824,-20.6000,41764.2016,3285.4764,891.3371,0.0000,0.0000,0.0000
53.1833,19.5823,-20.6000,41769.5075,3286.0073,891.3359,0.0000,0.0000,0.0000
53.2000,19.5823,-20.6000,41774.7996,3286.5366,891.3348,0.0000,0.0000,0.0000
53.2167,19.5822,-20.6000,41780.0762,3287.0643,891.3336,0.0000,0.0000,0.0000
53.2333,19.5821,-20.6000,41785.3354,3287.5902,891.3324,0.0000,0.0000,0.0000
53.2500,19.5821,-20.6000,41790.5756,3288.1139,891.3313,0.0000,0.0000,0.0000
53.2667,19.5820,-20.6000,41795.7949,3288.6355,891.3301,0.0000,0.0000,0.0000
53.2833,19.5820,-20.6000,41800.9919,3289.1547,891.3290,0.0000,0.0000,0.0000
53.3000,19.5819,-20.6000,41806.1649,3289.6714,891.3278,0.0000,0.0000,0.0000
53.3167,19.5819,-20.6000,41811.3125,3290.1854,891.3267,0.0000,0.0000,0.0000
53.3333,19.5818,-20.6000,41816.4333,3290.6967,891.3255,0.0000,0.0000,0.0000
53.3500,19.5818,-20.6000,41821.5261,3291.2050,891.3244,0.0000,0.0000,0.0000
53.3667,19.5817,-20.6000,41826.5895,3291.7103,891.3233,0.0000,0.0000,0.0000
53.3833,19.5817,-20.6000,41831.6226,3292.2125,891.3222,0.0000,0.0000,0.0000
53.4000,19.5816,-20.6000,41836.6242,3292.7114,891.3211,0.0000,0.0000,0.0000
53.4167,19.5816,-20.6000,41841.5935,3293.2071,891.3200,0.0000,0.0000,0.0000
53.4333,19.5815,-20.6000,41846.5295,3293.6993,891.3189,0.0000,0.0000,0.0000
53.4500,19.5815,-20.6000,41851.4315,3294.1881,891.3178,0.0000,0.0000,0.0000
53.4667,19.5814,-20.6000,41856.2987,3294.6733,891.3167,0.0000,0.0000,0.0000
53.4833,19.5814,-20.6000,41861.1305,3295.1549,891.3156,0.0000,0.0000,0.0000
53.5000,19.5813,-20.6000,41865.9262,3295.6329,891.3146,0.0000,0.0000,0.0000
53.5167,19.5813,-20.6000,41870.6855,3296.1072,891.3135,0.0000,0.0000,0.0000
53.5333,19.5812,-20.6000,41875.4077,3296.5777,891.3125,0.0000,0.0000,0.0000
53.5500,19.5812,-20.6000,41880.0925,3297.0445,891.3114,0.0000,0.0000,0.0000
53.5667,19.5812,-20.6000,41884.7395,3297.5074,891.3104,0.0000,0.0000,0.0000
53.5833,19.5811,-20.6000,41889.3485,3297.9666,891.3094,0.0000,0.0000,0.0000
53.6000,19.5811,-20.6000,41893.9192,3298.4218,891.3083,0.0000,0.0000,0.0000
53.6167,19.5810,-20.6000,41898.4513,3298.8732,891.3073,0.0000,0.0000,0.0000
53.6333,19.5810,-20.6000,41902.9448,3299.3207,891.3063,0.0000,0.0000,0.0000
53.6500,19.5809,-20.6000,41907.3994,3299.7642,891.3054,0.0000,0.0000,0.0000
53.6667,19.5809,-20.6000,41911.8152,3300.2039,891.3044,0.0000,0.0000,0.0000
53.6833,19.5808,-20.6000,41916.1921,3300.6397,891.3034,0.0000,0.0000,0.0000
53.7000,19.5808,-20.6000,41920.5300,3301.0716,891.3024,0.0000,0.0000,0.0000
53.7167,19.5808,-20.6000,41924.8290,3301.4995,891.3015,0.0000,0.0000,0.0000
53.7333,19.5807,-20.6000,41929.0892,3301.9236,891.3005,0.0000,0.0000,0.0000
53.7500,19.5807,-20.6000,41933.3105,3302.3438,891.2996,0.0000,0.0000,0.0000
53.7667,19.5806,-20.6000,41937.4933,3302.7602,891.2987,0.0000,0.0000,0.0000
53.7833,19.5806,-20.6000,41941.6375,3303.1727,891.2978,0.0000,0.0000,0.0000
53.8000,19.5805,-20.6000,41945.7433,3303.5813,891.2968,0.0000,0.0000,0.0000
53.8167,19.5805,-20.6000,41949.8110,3303.9862,891.2959,0.0000,0.0000,0.0000
53.8333,19.5805,-20.6000,41953.8407,3304.3872,891.2951,0.0000,0.0000,0.0000
53.8500,19.5804,-20.6000,41957.8326,3304.7845,891.2942,0.0000,0.0000,0.0000
53.8667,19.5804,-20.6000,41961.7870,3305.1781,891.2933,0.0000,0.0000,0.0000
53.8833,19.5803,-20.6000,41965.7042,3305.5679,891.2924,0.0000,0.0000,0.0000
53.9000,19.5803,-20.6000,41969.5843,3305.9540,891.2916,0.0000,0.0000,0.0000
53.9167,19.5803,-20.6000,41973.4277,3306.3365,891.2907,0.0000,0.0000,0.0000
53.9333,19.5802,-20.6000,41977.2348,3306.7154,891.2899,0.0000,0.0000,0.0000
53.9500,19.5802,-20.6000,41981.0057,3307.0906,891.2890,0.0000,0.0000,0.0000
53.9667,19.5802,-20.6000,41984.7408,3307.4623,891.2882,0.0000,0.0000,0.0000
53.9833,19.5801,-20.6000,41988.4405,3307.8305,891.2874,0.0000,0.0000,0.0000
54.0000,19.5801,-20.6000,41994.3003,3308.3310,891.2861,0.0000,0.0000,0.0000
54.0167,19.5800,-20.6000,41999.4102,3308.8203,891.2849,1.1046,0.0000,0.0000
54.0333,19.5800,-20.6000,42004.2743,3309.3002,891.2839,2.2092,0.0000,0.0000
54.0500,19.5799,-20.6000,42009.0255,3309.7728,891.2828,3.3138,0.0000,0.0000
54.0667,19.5799,-20.6000,42013.7036,3310.2393,891.2818,4.4184,0.0000,0.0000
54.0833,19.5798,-20.6000,42018.3196,3310.6999,891.2808,5.5230,0.0000,0.0000
54.1000,19.5798,-20.6000,42022.8728,3311.1542,891.2797,6.6276,0.0000,0.0000
54.1167,19.5797,-20.6000,42027.3573,3311.6014,891.2787,7.7322,0.0000,0.0000
54.1333,19.5797,-20.6000,42031.2778,3312.0145,891.2779,8.8368,0.0000,0.0000
54.1500,19.5796,-20.6000,42035.2747,3312.4178,891.2770,9.9414,0.0000,0.0000
54.1667,19.5796,-20.6000,42039.2240,3312.8115,891.2761,11.0460,0.0000,0.0000
54.1833,19.5796,-20.6000,42043.0878,3313.1951,891.2753,12.1506,0.0000,0.0000
54.2000,19.5795,-20.6000,42046.8517,3313.5681,891.2744,13.2552,0.0000,0.0000
54.2167,19.5795,-20.6000,42050.5077,3313.9300,891.2736,14.3598,0.0000,0.0000
54.2333,19.5795,-20.6000,42054.0500,3314.2803,891.2728,15.4644,0.0000,0.0000
54.2500,19.5794,-20.6000,42057.4737,3314.6184,891.2721,16.5690,0.0000,0.0000
54.2667,19.5794,-20.6000,42060.7746,3314.9441,891.2713,17.6736,0.0000,0.0000
54.2833,19.5794,-20.6000,42063.9489,3315.2569,891.2706,18.7782,0.0000,0.0000
54.3000,19.5793,-20.6000,42066.9935,3315.5566,891.2700,19.8828,0.0000,0.0000
54.3167,19.5793,-20.6000,42069.9053,3315.8429,891.2693,20.9874,0.0000,0.0000
54.3333,19.5793,-20.6000,42073.0219,3316.1335,891.2686,22.0920,0.0000,0.0000
54.3500,19.5792,-20.6000,42075.8811,3316.4121,891.2680,23.1966,0.0000,0.0000
54.3667,19.5792,-20.6000,42078.5889,3316.6787,891.2674,24.3012,0.0000,0.0000
54.3833,19.5792,-20.6000,42081.1720,3316.9335,891.2668,25.4058,0.0000,0.0000
54.4000,19.5792,-20.6000,42083.6364,3317.1767,891.2663,26.5104,0.0000,0.0000
54.4167,19.5791,-20.6000,42085.7244,3317.3942,891.2658,27.6150,0.0000,0.0000
54.4333,19.5791,-20.6000,42087.7865,3317.5995,891.2653,28.7196,0.0000,0.0000
54.4500,19.5791,-20.6000,42089.7548,3317.7928,891.2649,29.8242,0.0000,0.0000
54.4667,19.5791,-20.6000,42091.6090,3317.9738,891.2645,30.9288,0.0000,0.0000
54.4833,19.5791,-20.6000,42093.3415,3318.1424,891.2641,32.0334,0.0000,0.0000
54.5000,19.5791,-20.6000,42094.9482,3318.2981,891.2638,33.1380,0.0000,0.0000
54.5167,19.5790,-20.6000,42096.4261,3318.4409,891.2634,34.2426,0.0000,0.0000
54.5333,19.5790,-20.6000,42097.7728,3318.5703,891.2631,35.3472,0.0000,0.0000
54.5500,19.5790,-20.6000,42098.9863,3318.6864,891.2629,36.4518,0.0000,0.0000
54.5667,19.5790,-20.6000,42100.0653,3318.7889,891.2626,37.5564,0.0000,0.0000
54.5833,19.5790,-20.6000,42101.0083,3318.8777,891.2624,38.6610,0.0000,0.0000
54.6000,19.5790,-20.6000,42101.8147,3318.9528,891.2622,39.7656,0.0000,0.0000
54.6167,19.5790,-20.6000,42102.4839,3319.0141,891.2621,40.8702,0.0000,0.0000
54.6333,19.5790,-20.6000,42103.0156,3319.0617,891.2620,41.9748,0.0000,0.0000
54.6500,19.5790,-20.6000,42103.4100,3319.0955,891.2619,43.0794,0.0000,0.0000
54.6667,19.5790,-20.6000,42103.7041,3319.1179,891.2618,44.1840,0.0000,0.0000
54.6833,19.5790,-20.6000,42103.8572,3319.1288,891.2618,45.2886,0.0000,0.0000
54.7000,19.5790,-20.6000,42103.8978,3319.1292,891.2618,46.3932,0.0000,0.0000
54.7167,19.5790,-20.6000,42103.8372,3319.1199,891.2618,47.4978,0.0000,0.0000
54.7333,19.5790,-20.6000,42103.6977,3319.1020,891.2618,48.6024,0.0000,0.0000
54.7500,19.5790,-20.6000,42103.4623,3319.0744,891.2619,49.7070,0.0000,0.0000
54.7667,19.5790,-20.6000,42103.1276,3319.0367,891.2619,50.8116,0.0000,0.0000
54.7833,19.5790,-20.6000,42102.6897,3318.9885,891.2620,51.9162,0.0000,0.0000
54.8000,19.5790,-20.6000,42102.1444,3318.9293,891.2622,53.0208,0.0000,0.0000
54.8167,19.5790,-20.6000,42101.4881,3318.8589,891.2623,54.1254,0.0000,0.0000
54.8333,19.5790,-20.6000,42100.7174,3318.7769,891.2625,55.2300,0.0000,0.0000
54.8500,19.5790,-20.6000,42099.8300,3318.6830,891.2627,56.3346,0.0000,0.0000
54.8667,19.5790,-20.6000,42098.8238,3318.5772,891.2629,57.4392,0.0000,0.0000
54.8833,19.5790,-20.6000,42097.6974,3318.4593,891.2631,58.5438,0.0000,0.0000
54.9000,19.5790,-20.6000,42096.4499,3318.3292,891.2634,59.6484,0.0000,0.0000
54.9167,19.5790,-20.6000,42095.0809,3318.1869,891.2637,60.7530,0.0000,0.0000
54.9333,19.5791,-20.6000,42093.5902,3318.0324,891.2641,61.8576,0.0000,0.0000
54.9500,19.5791,-20.6000,42091.9777,3317.8657,891.2644,62.9622,0.0000,0.0000
54.9667,19.5791,-20.6000,42090.2439,3317.6869,891.2648,64.0668,0.0000,0.0000
54.9833,19.5791,-20.6000,42088.3891,3317.4959,891.2652,65.1714,0.0000,0.0000
55.0000,19.5791,-20.6000,42086.1753,3317.2806,891.2657,66.2760,0.0000,0.0000
55.0167,19.5792,-20.6000,42083.0514,3316.9374,891.2664,77.7954,0.0000,0.0000
55.0333,19.5792,-20.6000,42078.9394,3316.4933,891.2673,89.3148,0.0000,0.0000
55.0500,19.5793,-20.6000,42074.5314,3315.9989,891.2683,100.8342,0.0000,0.0000
55.0667,19.5793,-20.6000,42069.2744,3315.4369,891.2694,112.3536,0.0000,0.0000
55.0833,19.5794,-20.6000,42063.3596,3314.8168,891.2708,123.8730,0.0000,0.0000
55.1000,19.5794,-20.6000,42056.8956,3314.1461,891.2722,135.3924,0.0000,0.0000
55.1167,19.5795,-20.6000,42049.9575,3313.4310,891.2737,146.9118,0.0000,0.0000
55.1333,19.5796,-20.6000,42042.6033,3312.6766,891.2754,158.4312,0.0000,0.0000
55.1500,19.5797,-20.6000,42034.8803,3311.8873,891.2771,169.9506,0.0000,0.0000
55.1667,19.5797,-20.6000,42026.8283,3311.0666,891.2789,181.4700,0.0000,0.0000
55.1833,19.5798,-20.6000,42018.4814,3310.2177,891.2807,192.9894,0.0000,0.0000
55.2000,19.5799,-20.6000,42009.8694,3309.3436,891.2826,204.5088,0.0000,0.0000
55.2167,19.5800,-20.6000,42001.0188,3308.4467,891.2846,216.0282,0.0000,0.0000
55.2333,19.5801,-20.6000,41991.9533,3307.5292,891.2866,227.5476,0.0000,0.0000
55.2500,19.5802,-20.6000,41982.6944,3306.5932,891.2887,239.0670,0.0000,0.0000
55.2667,19.5803,-20.6000,41973.2618,3305.6406,891.2907,250.5864,0.0000,0.0000
55.2833,19.5804,-20.6000,41963.6740,3304.6733,891.2929,262.1058,0.0000,0.0000
55.3000,19.5805,-20.6000,41953.9481,3303.6928,891.2950,273.6252,0.0000,0.0000
55.3167,19.5806,-20.6000,41944.1006,3302.7009,891.2972,285.1446,0.0000,0.0000
55.3333,19.5807,-20.6000,41934.1472,3301.6990,891.2994,296.6640,0.0000,0.0000
55.3500,19.5808,-20.6000,41924.1029,3300.6886,891.3016,308.1834,0.0000,0.0000
55.3667,19.5809,-20.6000,41913.9828,3299.6713,891.3039,319.7028,0.0000,0.0000
55.3833,19.5810,-20.6000,41903.8015,3298.6484,891.3062,331.2222,0.0000,0.0000
55.4000,19.5811,-20.6000,41893.5740,3297.6216,891.3084,342.7416,0.0000,0.0000
55.4167,19.5812,-20.6000,41883.3150,3296.5922,891.3107,354.2610,0.0000,0.0000
55.4333,19.5813,-20.6000,41873.0400,3295.5619,891.3130,365.7804,0.0000,0.0000
55.4500,19.5814,-20.6000,41862.7649,3294.5322,891.3153,377.2998,0.0000,0.0000
55.4667,19.5815,-20.6000,41852.5061,3293.5049,891.3175,388.8192,0.0000,0.0000
55.4833,19.5816,-20.6000,41842.2813,3292.4818,891.3198,400.3386,0.0000,0.0000
55.5000,19.5817,-20.6000,41832.1092,3291.4647,891.3221,411.8580,0.0000,0.0000
55.5167,19.5818,-20.6000,41822.0101,3290.4558,891.3243,423.3774,0.0000,0.0000
55.5333,19.5819,-20.6000,41812.0060,3289.4574,891.3265,434.8968,0.0000,0.0000
55.5500,19.5820,-20.6000,41802.1213,3288.4721,891.3287,446.4162,0.0000,0.0000
55.5667,19.5821,-20.6000,41792.3836,3287.5026,891.3309,457.9356,0.0000,0.0000
55.5833,19.5822,-20.6000,41782.8236,3286.5523,891.3330,469.4550,0.0000,0.0000
55.6000,19.5823,-20.6000,41773.4771,3285.6250,891.3351,480.9744,0.0000,0.0000
55.6167,19.5824,-20.6000,41764.3859,3284.7251,891.3371,492.4938,0.0000,0.0000
55.6333,19.5824,-20.6000,41755.6002,3283.8581,891.3390,504.0132,0.0000,0.0000
55.6500,19.5825,-20.6000,41747.1816,3283.0306,891.3409,515.5326,0.0000,0.0000
55.6667,19.5826,-20.6000,41739.2086,3282.2513,891.3427,527.0520,0.0000,0.0000
55.6833,19.5827,-20.6000,41731.7865,3281.5322,891.3443,538.5714,0.0000,0.0000
55.7000,19.5827,-20.6000,41725.0672,3280.8907,891.3458,550.0908,0.0000,0.0000
55.7167,19.5828,-20.6000,41719.2990,3280.3572,891.3471,561.6102,0.0000,0.0000
55.7333,19.5828,-20.6000,41715.0277,3280.0072,891.3480,573.1296,0.0000,0.0000
55.7500,19.5829,-20.6000,41710.6973,3279.4580,891.3490,584.6490,0.0000,0.0000
55.7667,19.5830,-20.6000,41700.9905,3278.2916,891.3511,596.1684,0.0000,0.0000
55.7833,19.5831,-20.6000,41687.6617,3276.8202,891.3541,607.6878,0.0000,0.0000
55.8000,19.5833,-20.6000,41671.7013,3275.1174,891.3576,619.2072,0.0000,0.0000
55.8167,19.5835,-20.6000,41653.6156,3273.2198,891.3617,630.7266,0.0000,0.0000
55.8333,19.5837,-20.6000,41633.7010,3271.1499,891.3661,642.2460,0.0000,0.0000
55.8500,19.5839,-20.6000,41612.1492,3268.9232,891.3708,653.7654,0.0000,0.0000
55.8667,19.5841,-20.6000,41589.0940,3266.5510,891.3760,665.2848,0.0000,0.0000
55.8833,19.5844,-20.6000,41564.6342,3264.0419,891.3814,676.8042,0.0000,0.0000
55.9000,19.5846,-20.6000,41538.8463,3261.4026,891.3871,688.3236,0.0000,0.0000
55.9167,19.5849,-20.6000,41511.7910,3258.6388,891.3931,699.8430,0.0000,0.0000
55.9333,19.5852,-20.6000,41483.5183,3255.7548,891.3994,711.3624,0.0000,0.0000
55.9500,19.5855,-20.6000,41454.0694,3252.7547,891.4059,722.8818,0.0000,0.0000
55.9667,19.5858,-20.6000,41423.4796,3249.6416,891.4127,734.4012,0.0000,0.0000
55.9833,19.5861,-20.6000,41387.7740,3246.2033,891.4206,745.9206,0.0000,0.0000
56.0000,19.5865,-20.6000,41352.2883,3242.6512,891.4285,757.4400,0.0000,0.0000
56.0167,19.5868,-20.6083,41320.7432,3239.4246,891.6203,761.2272,0.0000,0.0000
56.0333,19.5871,-20.6167,41290.2241,3236.2127,891.8120,765.0144,0.0000,0.0000
56.0500,19.5874,-20.6250,41259.9610,3233.0028,892.0035,768.8016,0.0000,0.0000
56.0667,19.5877,-20.6333,41233.3622,3230.0036,892.1943,772.5888,0.0000,0.0000
56.0833,19.5879,-20.6417,41205.6018,3226.9910,892.3853,776.3760,0.0000,0.0000
56.1000,19.5882,-20.6500,41177.3703,3223.9581,892.5764,780.1632,0.0000,0.0000
56.1167,19.5885,-20.6583,41148.8351,3220.9012,892.7676,783.9504,0.0000,0.0000
56.1333,19.5888,-20.6667,41120.0267,3217.8179,892.9588,787.7376,0.0000,0.0000
56.1500,19.5891,-20.6750,41090.9433,3214.7070,893.1501,791.5248,0.0000,0.0000
56.1667,19.5894,-20.6833,41061.5776,3211.5675,893.3415,795.3120,0.0000,0.0000
56.1833,19.5897,-20.6917,41031.9237,3208.3988,893.5329,799.0992,0.0000,0.0000
56.2000,19.5900,-20.7000,41001.9779,3205.2006,893.7244,802.8864,0.0000,0.0000
56.2167,19.5903,-20.7083,40971.7389,3201.9731,893.9160,806.6736,0.0000,0.0000
56.2333,19.5906,-20.7167,40941.2069,3198.7161,894.1076,810.4608,0.0000,0.0000
56.2500,19.5909,-20.7250,40910.3838,3195.4301,894.2993,814.2480,0.0000,0.0000
56.2667,19.5912,-20.7333,40879.2724,3192.1153,894.4911,818.0352,0.0000,0.0000
56.2833,19.5915,-20.7417,40847.8762,3188.7720,894.6829,821.8224,0.0000,0.0000
56.3000,19.5918,-20.7500,40816.1995,3185.4009,894.8748,825.6096,0.0000,0.0000
56.3167,19.5922,-20.7583,40784.2471,3182.0023,895.0667,829.3968,0.0000,0.0000
56.3333,19.5925,-20.7667,40752.0239,3178.5767,895.2587,833.1840,0.0000,0.0000
56.3500,19.5928,-20.7750,40719.5354,3175.1248,895.4508,836.9712,0.0000,0.0000
56.3667,19.5931,-20.7833,40686.7871,3171.6471,895.6429,840.7584,0.0000,0.0000
56.3833,19.5935,-20.7917,40653.7846,3168.1441,895.8350,844.5456,0.0000,0.0000
56.4000,19.5938,-20.8000,40620.5338,3164.6165,896.0273,848.3328,0.0000,0.0000
56.4167,19.5941,-20.8083,40587.0404,3161.0648,896.2196,852.1200,0.0000,0.0000
56.4333,19.5945,-20.8167,40553.3104,3157.4897,896.4119,855.9072,0.0000,0.0000
56.4500,19.5948,-20.8250,40519.3495,3153.8916,896.6043,859.6944,0.0000,0.0000
56.4667,19.5951,-20.8333,40485.1634,3150.2712,896.7967,863.4816,0.0000,0.0000
56.4833,19.5955,-20.8417,40450.7581,3146.6291,896.9892,867.2688,0.0000,0.0000
56.5000,19.5958,-20.8500,40416.1391,3142.9658,897.1817,871.0560,0.0000,0.0000
56.5167,19.5962,-20.8583,40381.3120,3139.2819,897.3743,874.8432,0.0000,0.0000
56.5333,19.5965,-20.8667,40346.2824,3135.5779,897.5669,878.6304,0.0000,0.0000
56.5500,19.5969,-20.8750,40311.0556,3131.8544,897.7596,882.4176,0.0000,0.0000
56.5667,19.5972,-20.8833,40275.6370,3128.1118,897.9523,886.2048,0.0000,0.0000
56.5833,19.5976,-20.8917,40240.0318,3124.3508,898.1451,889.9920,0.0000,0.0000
56.6000,19.5980,-20.9000,40204.2450,3120.5718,898.3378,893.7792,0.0000,0.0000
56.6167,19.5983,-20.9083,40168.2816,3116.7753,898.5307,897.5664,0.0000,0.0000
56.6333,19.5987,-20.9167,40132.1465,3112.9618,898.7235,901.3536,0.0000,0.0000
56.6500,19.5990,-20.9250,40095.8444,3109.1318,898.9164,905.1408,0.0000,0.0000
56.6667,19.5994,-20.9333,40059.3800,3105.2856,899.1094,908.9280,0.0000,0.0000
56.6833,19.5998,-20.9417,40022.7577,3101.4239,899.3024,912.7152,0.0000,0.0000
56.7000,19.6001,-20.9500,39985.9819,3097.5469,899.4954,916.5024,0.0000,0.0000
56.7167,19.6005,-20.9583,39949.0570,3093.6552,899.6884,920.2896,0.0000,0.0000
56.7333,19.6009,-20.9667,39911.9870,3089.7491,899.8815,924.0768,0.0000,0.0000
56.7500,19.6013,-20.9750,39874.7761,3085.8291,900.0746,927.8640,0.0000,0.0000
56.7667,19.6016,-20.9833,39837.4282,3081.8955,900.2677,931.6512,0.0000,0.0000
56.7833,19.6020,-20.9917,39799.9471,3077.9487,900.4609,935.4384,0.0000,0.0000
56.8000,19.6024,-21.0000,39762.3367,3073.9891,900.6541,939.2256,0.0000,0.0000
56.8167,19.6028,-21.0083,39724.6004,3070.0170,900.8473,943.0128,0.0000,0.0000
56.8333,19.6031,-21.0167,39686.7420,3066.0328,901.0406,946.8000,0.0000,0.0000
56.8500,19.6035,-21.0250,39648.7647,3062.0369,901.2338,950.5872,0.0000,0.0000
56.8667,19.6039,-21.0333,39610.6721,3058.0296,901.4272,954.3744,0.0000,0.0000
56.8833,19.6043,-21.0417,39572.4674,3054.0111,901.6205,958.1616,0.0000,0.0000
56.9000,19.6047,-21.0500,39534.1537,3049.9819,901.8138,961.9488,0.0000,0.0000
56.9167,19.6050,-21.0583,39495.7342,3045.9422,902.0072,965.7360,0.0000,0.0000
56.9333,19.6054,-21.0667,39457.2118,3041.8923,902.2006,969.5232,0.0000,0.0000
56.9500,19.6058,-21.0750,39418.5896,3037.8325,902.3940,973.3104,0.0000,0.0000
56.9667,19.6062,-21.0833,39379.8704,3033.7631,902.5875,977.0976,0.0000,0.0000
56.9833,19.6066,-21.0917,39341.0570,3029.6844,902.7809,980.8848,0.0000,0.0000
57.0000,19.6070,-21.1000,39302.1521,3025.5966,902.9744,984.6720,0.0000,0.0000
57.0167,19.6073,-21.1183,39266.8526,3021.7915,903.3889,990.1950,0.0000,0.0000
57.0333,19.6077,-21.1367,39232.1850,3017.9337,903.8033,995.7180,0.0000,0.0000
57.0500,19.6080,-21.1550,39197.3924,3014.0341,904.2177,1001.2410,0.0000,0.0000
57.0667,19.6084,-21.1733,39162.3054,3010.0984,904.6321,1006.7640,0.0000,0.0000
57.0833,19.6087,-21.1917,39126.9057,3006.1309,905.0467,1012.2870,0.0000,0.0000
57.1000,19.6091,-21.2100,39091.2108,3002.1344,905.4613,1017.8100,0.0000,0.0000
57.1167,19.6094,-21.2283,39055.2440,2998.1118,905.8759,1023.3330,0.0000,0.0000
57.1333,19.6098,-21.2467,39019.0278,2994.0650,906.2906,1028.8560,0.0000,0.0000
57.1500,19.6102,-21.2650,38982.5822,2989.9962,906.7054,1034.3790,0.0000,0.0000
57.1667,19.6105,-21.2833,38945.9251,2985.9068,907.1202,1039.9020,0.0000,0.0000
57.1833,19.6109,-21.3017,38909.0724,2981.7986,907.5350,1045.4250,0.0000,0.0000
57.2000,19.6113,-21.3200,38872.0383,2977.6727,907.9499,1050.9480,0.0000,0.0000
57.2167,19.6117,-21.3383,38834.8355,2973.5305,908.3649,1056.4710,0.0000,0.0000
57.2333,19.6120,-21.3567,38797.4756,2969.3730,908.7798,1061.9940,0.0000,0.0000
57.2500,19.6124,-21.3750,38759.9690,2965.2012,909.1948,1067.5170,0.0000,0.0000
57.2667,19.6128,-21.3933,38722.3250,2961.0161,909.6098,1073.0400,0.0000,0.0000
57.2833,19.6132,-21.4117,38684.5523,2956.8184,910.0249,1078.5630,0.0000,0.0000
57.3000,19.6135,-21.4300,38646.6587,2952.6089,910.4400,1084.0860,0.0000,0.0000
57.3167,19.6139,-21.4483,38608.6511,2948.3883,910.8551,1089.6090,0.0000,0.0000
57.3333,19.6143,-21.4667,38570.5360,2944.1572,911.2702,1095.1320,0.0000,0.0000
57.3500,19.6147,-21.4850,38532.3193,2939.9162,911.6854,1100.6550,0.0000,0.0000
57.3667,19.6151,-21.5033,38494.0065,2935.6657,912.1005,1106.1780,0.0000,0.0000
57.3833,19.6154,-21.5217,38455.6022,2931.4063,912.5157,1111.7010,0.0000,0.0000
57.4000,19.6158,-21.5400,38417.1111,2927.1383,912.9309,1117.2240,0.0000,0.0000
57.4167,19.6162,-21.5583,38378.5372,2922.8623,913.3462,1122.7470,0.0000,0.0000
57.4333,19.6166,-21.5767,38339.8843,2918.5785,913.7614,1128.2700,0.0000,0.0000
57.4500,19.6170,-21.5950,38301.1558,2914.2872,914.1767,1133.7930,0.0000,0.0000
57.4667,19.6174,-21.6133,38262.3549,2909.9888,914.5920,1139.3160,0.0000,0.0000
57.4833,19.6178,-21.6317,38223.4844,2905.6836,915.0073,1144.8390,0.0000,0.0000
57.5000,19.6182,-21.6500,38184.5469,2901.3718,915.4226,1150.3620,0.0000,0.0000
57.5167,19.6185,-21.6683,38145.5450,2897.0536,915.8379,1155.8850,0.0000,0.0000
57.5333,19.6189,-21.6867,38106.4808,2892.7292,916.2533,1161.4080,0.0000,0.0000
57.5500,19.6193,-21.7050,38067.3564,2888.3989,916.6686,1166.9310,0.0000,0.0000
57.5667,19.6197,-21.7233,38028.1738,2884.0629,917.0840,1172.4540,0.0000,0.0000
57.5833,19.6201,-21.7417,37988.9345,2879.7212,917.4994,1177.9770,0.0000,0.0000
57.6000,19.6205,-21.7600,37949.6403,2875.3741,917.9147,1183.5000,0.0000,0.0000
57.6167,19.6209,-21.7783,37910.2927,2871.0218,918.3301,1189.0230,0.0000,0.0000
57.6333,19.6213,-21.7967,37870.8929,2866.6642,918.7456,1194.5460,0.0000,0.0000
57.6500,19.6217,-21.8150,37831.4424,2862.3016,919.1610,1200.0690,0.0000,0.0000
57.6667,19.6221,-21.8333,37791.9422,2857.9341,919.5764,1205.5920,0.0000,0.0000
57.6833,19.6225,-21.8517,37752.3934,2853.5618,919.9919,1211.1150,0.0000,0.0000
57.7000,19.6229,-21.8700,37712.7971,2849.1847,920.4073,1216.6380,0.0000,0.0000
57.7167,19.6233,-21.8883,37673.1542,2844.8030,920.8228,1222.1610,0.0000,0.0000
57.7333,19.6237,-21.9067,37633.4657,2840.4168,921.2383,1227.6840,0.0000,0.0000
57.7500,19.6241,-21.9250,37593.7322,2836.0261,921.6538,1233.2070,0.0000,0.0000
57.7667,19.6245,-21.9433,37553.9546,2831.6310,922.0693,1238.7300,0.0000,0.0000
57.7833,19.6249,-21.9617,37514.1337,2827.2316,922.4848,1244.2530,0.0000,0.0000
57.8000,19.6253,-21.9800,37474.2700,2822.8280,922.9003,1249.7760,0.0000,0.0000
57.8167,19.6257,-21.9983,37434.3644,2818.4201,923.3158,1255.2990,0.0000,0.0000
57.8333,19.6261,-22.0167,37394.4172,2814.0082,923.7314,1260.8220,0.0000,0.0000
57.8500,19.6265,-22.0350,37354.4292,2809.5921,924.1469,1266.3450,0.0000,0.0000
57.8667,19.6269,-22.0533,37314.4009,2805.1721,924.5625,1271.8680,0.0000,0.0000
57.8833,19.6273,-22.0717,37274.3328,2800.7481,924.9780,1277.3910,0.0000,0.0000
57.9000,19.6277,-22.0900,37234.2254,2796.3201,925.3936,1282.9140,0.0000,0.0000
57.9167,19.6281,-22.1083,37194.0792,2791.8883,925.8092,1288.4370,0.0000,0.0000
57.9333,19.6285,-22.1267,37153.8947,2787.4527,926.2248,1293.9600,0.0000,0.0000
57.9500,19.6289,-22.1450,37113.6723,2783.0133,926.6404,1299.4830,0.0000,0.0000
57.9667,19.6293,-22.1633,37073.4124,2778.5702,927.0560,1305.0060,0.0000,0.0000
57.9833,19.6297,-22.1817,37033.1156,2774.1233,927.4716,1310.5290,0.0000,0.0000
58.0000,19.6301,-22.2000,36992.7821,2769.6729,927.8872,1316.0520,0.0000,0.0000
58.0167,19.6309,-22.1633,36910.9667,2761.3918,927.0920,1366.7058,0.0000,0.0000
58.0333,19.6319,-22.1267,36812.8811,2751.8579,926.3004,1417.3596,0.0000,0.0000
58.0500,19.6330,-22.0900,36702.9764,2741.2780,925.5114,1468.0134,0.0000,0.0000
58.0667,19.6342,-22.0533,36583.3968,2729.7962,924.7246,1518.6672,0.0000,0.0000
58.0833,19.6354,-22.0167,36455.4320,2717.5151,923.9397,1569.3210,0.0000,0.0000
58.1000,19.6368,-21.9800,36319.9625,2704.5099,923.1564,1619.9748,0.0000,0.0000
58.1167,19.6382,-21.9433,36177.6321,2690.8378,922.3746,1670.6286,0.0000,0.0000
58.1333,19.6397,-21.9067,36028.9310,2676.5430,921.5942,1721.2824,0.0000,0.0000
58.1500,19.6413,-21.8700,35874.2426,2661.6603,920.8152,1771.9362,0.0000,0.0000
58.1667,19.6429,-21.8333,35713.8731,2646.2182,920.0374,1822.5900,0.0000,0.0000
58.1833,19.6445,-21.7967,35548.0710,2630.2396,919.2608,1873.2438,0.0000,0.0000
58.2000,19.6462,-21.7600,35377.0406,2613.7435,918.4854,1923.8976,0.0000,0.0000
58.2167,19.6480,-21.7233,35200.9515,2596.7459,917.7111,1974.5514,0.0000,0.0000
58.2333,19.6498,-21.6867,35019.9460,2579.2602,916.9379,2025.2052,0.0000,0.0000
58.2500,19.6517,-21.6500,34834.1444,2561.2977,916.1658,2075.8590,0.0000,0.0000
58.2667,19.6536,-21.6133,34643.6491,2542.8681,915.3947,2126.5128,0.0000,0.0000
58.2833,19.6555,-21.5767,34448.5480,2523.9797,914.6246,2177.1666,0.0000,0.0000
58.3000,19.6575,-21.5400,34248.9171,2504.6397,913.8555,2227.8204,0.0000,0.0000
58.3167,19.6596,-21.5033,34044.8227,2484.8546,913.0875,2278.4742,0.0000,0.0000
58.3333,19.6616,-21.4667,33836.3229,2464.6298,912.3204,2329.1280,0.0000,0.0000
58.3500,19.6638,-21.4300,33623.4695,2443.9704,911.5542,2379.7818,0.0000,0.0000
58.3667,19.6659,-21.3933,33406.3087,2422.8808,910.7891,2430.4356,0.0000,0.0000
58.3833,19.6682,-21.3567,33184.8824,2401.3650,910.0248,2481.0894,0.0000,0.0000
58.4000,19.6704,-21.3200,32959.2289,2379.4268,909.2615,2531.7432,0.0000,0.0000
58.4167,19.6727,-21.2833,32729.3835,2357.0697,908.4992,2582.3970,0.0000,0.0000
58.4333,19.6750,-21.2467,32495.3794,2334.2968,907.7377,2633.0508,0.0000,0.0000
58.4500,19.6774,-21.2100,32257.2479,2311.1113,906.9772,2683.7046,0.0000,0.0000
58.4667,19.6798,-21.1733,32015.0187,2287.5161,906.2176,2734.3584,0.0000,0.0000
58.4833,19.6823,-21.1367,31768.7207,2263.5140,905.4588,2785.0122,0.0000,0.0000
58.5000,19.6848,-21.1000,31518.3817,2239.1078,904.7010,2835.6660,0.0000,0.0000
58.5167,19.6874,-21.0633,31264.0291,2214.3003,903.9441,2886.3198,0.0000,0.0000
58.5333,19.6899,-21.0267,31005.6898,2189.0940,903.1881,2936.9736,0.0000,0.0000
58.5500,19.6926,-20.9900,30743.3905,2163.4918,902.4329,2987.6274,0.0000,0.0000
58.5667,19.6952,-20.9533,30477.1576,2137.4962,901.6786,3038.2812,0.0000,0.0000
58.5833,19.6979,-20.9167,30207.0178,2111.1099,900.9252,3088.9350,0.0000,0.0000
58.6000,19.7007,-20.8800,29932.9975,2084.3356,900.1726,3139.5888,0.0000,0.0000
58.6167,19.7034,-20.8433,29655.1235,2057.1759,899.4209,3190.2426,0.0000,0.0000
58.6333,19.7063,-20.8067,29373.4227,2029.6335,898.6700,3240.8964,0.0000,0.0000
58.6500,19.7091,-20.7700,29087.9221,2001.7112,897.9200,3291.5502,0.0000,0.0000
58.6667,19.7120,-20.7333,28798.6491,1973.4117,897.1708,3342.2040,0.0000,0.0000
58.6833,19.7149,-20.6967,28505.6312,1944.7378,896.4225,3392.8578,0.0000,0.0000
58.7000,19.7179,-20.6600,28208.8963,1915.6922,895.6749,3443.5116,0.0000,0.0000
58.7167,19.7209,-20.6233,27908.4726,1886.2779,894.9282,3494.1654,0.0000,0.0000
58.7333,19.7240,-20.5867,27604.3883,1856.4976,894.1823,3544.8192,0.0000,0.0000
58.7500,19.7270,-20.5500,27296.6723,1826.3542,893.4372,3595.4730,0.0000,0.0000
58.7667,19.7301,-20.5133,26985.3534,1795.8507,892.6929,3646.1268,0.0000,0.0000
58.7833,19.7333,-20.4767,26670.4609,1764.9900,891.9494,3696.7806,0.0000,0.0000
58.8000,19.7365,-20.4400,26352.0243,1733.7751,891.2067,3747.4344,0.0000,0.0000
58.8167,19.7397,-20.4033,26030.0732,1702.2089,890.4648,3798.0882,0.0000,0.0000
58.8333,19.7430,-20.3667,25704.6378,1670.2944,889.7236,3848.7420,0.0000,0.0000
58.8500,19.7462,-20.3300,25375.7481,1638.0348,888.9832,3899.3958,0.0000,0.0000
58.8667,19.7496,-20.2933,25043.4345,1605.4329,888.2436,3950.0496,0.0000,0.0000
58.8833,19.7529,-20.2567,24707.7276,1572.4920,887.5047,4000.7034,0.0000,0.0000
58.9000,19.7563,-20.2200,24368.6581,1539.2151,886.7666,4051.3572,0.0000,0.0000
58.9167,19.7597,-20.1833,24026.2571,1505.6053,886.0292,4102.0110,0.0000,0.0000
58.9333,19.7632,-20.1467,23680.5554,1471.6656,885.2925,4152.6648,0.0000,0.0000
58.9500,19.7667,-20.1100,23331.5844,1437.3994,884.5566,4203.3186,0.0000,0.0000
58.9667,19.7702,-20.0733,22979.3753,1402.8096,883.8213,4253.9724,0.0000,0.0000
58.9833,19.7738,-20.0367,22623.9595,1367.8994,883.0868,4304.6262,0.0000,0.0000
59.0000,19.7773,-20.0000,22265.3686,1332.6721,882.3530,4355.2800,0.0000,0.0000
59.0167,19.7807,-19.9817,21930.4980,1300.2780,882.0206,4353.2286,0.0000,0.0000
59.0333,19.7839,-19.9633,21613.6899,1269.5122,881.6842,4351.1772,0.0000,0.0000
59.0500,19.7869,-19.9450,21310.9217,1240.0250,881.3447,4349.1258,0.0000,0.0000
59.0667,19.7898,-19.9267,21019.4261,1211.5790,881.0027,4347.0744,0.0000,0.0000
59.0833,19.7926,-19.9083,20737.2598,1184.0060,880.6586,4345.0230,0.0000,0.0000
59.1000,19.7954,-19.8900,20463.0118,1157.1814,880.3128,4342.9716,0.0000,0.0000
59.1167,19.7980,-19.8717,20195.6230,1131.0103,879.9654,4340.9202,0.0000,0.0000
59.1333,19.8007,-19.8533,19934.2750,1105.4185,879.6167,4338.8688,0.0000,0.0000
59.1500,19.8032,-19.8350,19678.3212,1080.3465,879.2668,4336.8174,0.0000,0.0000
59.1667,19.8057,-19.8167,19427.2407,1055.7462,878.9158,4334.7660,0.0000,0.0000
59.1833,19.8082,-19.7983,19180.6081,1031.5780,878.5639,4332.7146,0.0000,0.0000
59.2000,19.8106,-19.7800,18938.0718,1007.8091,878.2110,4330.6632,0.0000,0.0000
59.2167,19.8130,-19.7617,18699.3390,984.4119,877.8573,4328.6118,0.0000,0.0000
59.2333,19.8154,-19.7433,18464.1638,961.3635,877.5028,4326.5604,0.0000,0.0000
59.2500,19.8177,-19.7250,18232.3386,938.6440,877.1475,4324.5090,0.0000,0.0000
59.2667,19.8200,-19.7067,18003.6873,916.2371,876.7916,4322.4576,0.0000,0.0000
59.2833,19.8222,-19.6883,17778.0596,894.1283,876.4349,4320.4062,0.0000,0.0000
59.3000,19.8244,-19.6700,17555.3269,872.3055,876.0777,4318.3548,0.0000,0.0000
59.3167,19.8266,-19.6517,17335.3785,850.7583,875.7198,4316.3034,0.0000,0.0000
59.3333,19.8288,-19.6333,17118.1189,829.4774,875.3613,4314.2520,0.0000,0.0000
59.3500,19.8310,-19.6150,16903.4651,808.4550,875.0022,4312.2006,0.0000,0.0000
59.3667,19.8331,-19.5967,16691.3446,787.6842,874.6426,4310.1492,0.0000,0.0000
59.3833,19.8352,-19.5783,16481.6941,767.1589,874.2824,4308.0978,0.0000,0.0000
59.4000,19.8373,-19.5600,16274.4575,746.8737,873.9217,4306.0464,0.0000,0.0000
59.4167,19.8393,-19.5417,16069.5849,726.8238,873.5605,4303.9950,0.0000,0.0000
59.4333,19.8413,-19.5233,15867.0320,707.0050,873.1988,4301.9436,0.0000,0.0000
59.4500,19.8433,-19.5050,15666.7588,687.4134,872.8365,4299.8922,0.0000,0.0000
59.4667,19.8453,-19.4867,15468.7287,668.0454,872.4738,4297.8408,0.0000,0.0000
59.4833,19.8473,-19.4683,15272.9088,648.8979,872.1105,4295.7894,0.0000,0.0000
59.5000,19.8492,-19.4500,15079.2684,629.9678,871.7468,4293.7380,0.0000,0.0000
59.5167,19.8511,-19.4317,14887.7791,611.2523,871.3826,4291.6866,0.0000,0.0000
59.5333,19.8530,-19.4133,14698.4144,592.7490,871.0179,4289.6352,0.0000,0.0000
59.5500,19.8549,-19.3950,14511.1493,574.4552,870.6528,4287.5838,0.0000,0.0000
59.5667,19.8567,-19.3767,14325.9602,556.3688,870.2872,4285.5324,0.0000,0.0000
59.5833,19.8586,-19.3583,14142.8243,538.4874,869.9212,4283.4810,0.0000,0.0000
59.6000,19.8604,-19.3400,13961.7201,520.8089,869.5547,4281.4296,0.0000,0.0000
59.6167,19.8622,-19.3217,13782.6265,503.3313,869.1877,4279.3782,0.0000,0.0000
59.6333,19.8639,-19.3033,13605.5232,486.0525,868.8203,4277.3268,0.0000,0.0000
59.6500,19.8657,-19.2850,13430.3905,468.9705,868.4525,4275.2754,0.0000,0.0000
59.6667,19.8674,-19.2667,13257.2091,452.0835,868.0842,4273.2240,0.0000,0.0000
59.6833,19.8691,-19.2483,13085.9599,435.3895,867.7155,4271.1726,0.0000,0.0000
59.7000,19.8708,-19.2300,12916.6245,418.8867,867.3464,4269.1212,0.0000,0.0000
59.7167,19.8725,-19.2117,12749.1843,402.5733,866.9769,4267.0698,0.0000,0.0000
59.7333,19.8742,-19.1933,12583.6213,386.4474,866.6069,4265.0184,0.0000,0.0000
59.7500,19.8758,-19.1750,12419.9175,370.5072,866.2366,4262.9670,0.0000,0.0000
59.7667,19.8774,-19.1567,12258.0553,354.7511,865.8658,4260.9156,0.0000,0.0000
59.7833,19.8790,-19.1383,12098.0168,339.1772,865.4946,4258.8642,0.0000,0.0000
59.8000,19.8806,-19.1200,11939.7848,323.7837,865.1231,4256.8128,0.0000,0.0000
59.8167,19.8822,-19.1017,11783.3419,308.5690,864.7511,4254.7614,0.0000,0.0000
59.8333,19.8837,-19.0833,11628.6707,293.5313,864.3787,4252.7100,0.0000,0.0000
59.8500,19.8852,-19.0650,11475.7541,278.6689,864.0060,4250.6586,0.0000,0.0000
59.8667,19.8868,-19.0467,11324.5752,263.9802,863.6328,4248.6072,0.0000,0.0000
59.8833,19.8882,-19.0283,11175.1169,249.4633,863.2593,4246.5558,0.0000,0.0000
59.9000,19.8897,-19.0100,11027.3624,235.1166,862.8854,4244.5044,0.0000,0.0000
59.9167,19.8912,-18.9917,10881.2948,220.9384,862.5111,4242.4530,0.0000,0.0000
59.9333,19.8926,-18.9733,10736.8976,206.9271,862.1365,4240.4016,0.0000,0.0000
59.9500,19.8941,-18.9550,10594.1540,193.0810,861.7615,4238.3502,0.0000,0.0000
59.9667,19.8955,-18.9367,10453.0475,179.3985,861.3861,4236.2988,0.0000,0.0000
59.9833,19.8969,-18.9183,10313.5618,165.8778,861.0104,4234.2474,0.0000,0.0000
60.0000,19.8982,-18.9000,10175.6804,152.5174,860.6343,4232.1960,0.0000,0.0000
60.0167,19.8994,-18.9000,10055.6523,141.0516,860.6609,4208.9994,0.0000,0.0000
60.0333,19.9005,-18.9000,9947.4396,130.5829,860.6849,4185.8028,0.0000,0.0000
60.0500,19.9015,-18.9000,9848.3950,120.9500,860.7069,4162.6062,0.0000,0.0000
60.0667,19.9024,-18.9000,9757.0374,112.0405,860.7271,4139.4096,0.0000,0.0000
60.0833,19.9033,-18.9000,9672.3995,103.7737,860.7459,4116.2130,0.0000,0.0000
60.1000,19.9041,-18.9000,9593.7908,96.0890,860.7633,4093.0164,0.0000,0.0000
60.1167,19.9048,-18.9000,9520.6919,88.9400,860.7796,4069.8198,0.0000,0.0000
60.1333,19.9055,-18.9000,9452.6972,82.2895,860.7946,4046.6232,0.0000,0.0000
60.1500,19.9061,-18.9000,9389.4812,76.1075,860.8087,4023.4266,0.0000,0.0000
60.1667,19.9067,-18.9000,9330.7799,70.3695,860.8217,4000.2300,0.0000,0.0000
60.1833,19.9072,-18.9000,9276.3768,65.0554,860.8338,3977.0334,0.0000,0.0000
60.2000,19.9077,-18.9000,9226.0925,60.1483,860.8449,3953.8368,0.0000,0.0000
60.2167,19.9082,-18.9000,9179.7746,55.6338,860.8552,3930.6402,0.0000,0.0000
60.2333,19.9086,-18.9000,9137.2907,51.4993,860.8646,3907.4436,0.0000,0.0000
60.2500,19.9090,-18.9000,9098.5236,47.7336,860.8732,3884.2470,0.0000,0.0000
60.2667,19.9094,-18.9000,9063.3676,44.3264,860.8810,3861.0504,0.0000,0.0000
60.2833,19.9097,-18.9000,9031.7265,41.2683,860.8880,3837.8538,0.0000,0.0000
60.3000,19.9100,-18.9000,9003.5121,38.5509,860.8943,3814.6572,0.0000,0.0000
60.3167,19.9102,-18.9000,8978.6433,36.1662,860.8998,3791.4606,0.0000,0.0000
60.3333,19.9104,-18.9000,8957.0452,34.1068,860.9046,3768.2640,0.0000,0.0000
60.3500,19.9106,-18.9000,8938.6480,32.3660,860.9087,3745.0674,0.0000,0.0000
60.3667,19.9108,-18.9000,8923.3871,30.9374,860.9121,3721.8708,0.0000,0.0000
60.3833,19.9109,-18.9000,8911.2018,29.8151,860.9148,3698.6742,0.0000,0.0000
60.4000,19.9110,-18.9000,8902.0352,28.9936,860.9168,3675.4776,0.0000,0.0000
60.4167,19.9110,-18.9000,8895.8337,28.4675,860.9182,3652.2810,0.0000,0.0000
60.4333,19.9111,-18.9000,8892.5465,28.2318,860.9189,3629.0844,0.0000,0.0000
60.4500,19.9111,-18.9000,8892.1253,28.2818,860.9190,3605.8878,0.0000,0.0000
60.4667,19.9111,-18.9000,8894.5255,28.6132,860.9185,3582.6912,0.0000,0.0000
60.4833,19.9110,-18.9000,8899.7066,29.2219,860.9173,3559.4946,0.0000,0.0000
60.5000,19.9109,-18.9000,8907.6314,30.1045,860.9156,3536.2980,0.0000,0.0000
60.5167,19.9108,-18.9000,8918.2641,31.2572,860.9132,3513.1014,0.0000,0.0000
60.5333,19.9107,-18.9000,8931.5691,32.6767,860.9102,3489.9048,0.0000,0.0000
60.5500,19.9105,-18.9000,8947.5105,34.3592,860.9067,3466.7082,0.0000,0.0000
60.5667,19.9103,-18.9000,8966.0519,36.3011,860.9026,3443.5116,0.0000,0.0000
60.5833,19.9101,-18.9000,8987.1563,38.4987,860.8979,3420.3150,0.0000,0.0000
60.6000,19.9099,-18.9000,9010.7864,40.9482,860.8927,3397.1184,0.0000,0.0000
60.6167,19.9096,-18.9000,9036.9053,43.6460,860.8869,3373.9218,0.0000,0.0000
60.6333,19.9093,-18.9000,9065.4761,46.5883,860.8805,3350.7252,0.0000,0.0000
60.6500,19.9090,-18.9000,9096.4625,49.7716,860.8737,3327.5286,0.0000,0.0000
60.6667,19.9087,-18.9000,9129.8288,53.1922,860.8663,3304.3320,0.0000,0.0000
60.6833,19.9083,-18.9000,9165.5400,56.8467,860.8583,3281.1354,0.0000,0.0000
60.7000,19.9080,-18.9000,9203.5616,60.7316,860.8499,3257.9388,0.0000,0.0000
60.7167,19.9076,-18.9000,9239.3974,64.6030,860.8420,3234.7422,0.0000,0.0000
60.7333,19.9072,-18.9000,9279.0594,68.7348,860.8332,3211.5456,0.0000,0.0000
60.7500,19.9068,-18.9000,9321.5711,73.1135,860.8237,3188.3490,0.0000,0.0000
60.7667,19.9063,-18.9000,9366.5743,77.7276,860.8137,3165.1524,0.0000,0.0000
60.7833,19.9058,-18.9000,9419.6565,82.8687,860.8020,3141.9558,0.0000,0.0000
60.8000,19.9053,-18.9000,9472.7209,88.1901,860.7902,3118.7592,0.0000,0.0000
60.8167,19.9048,-18.9000,9521.1801,93.3727,860.7795,3095.5626,0.0000,0.0000
60.8333,19.9043,-18.9000,9573.5441,98.7796,860.7678,3072.3660,0.0000,0.0000
60.8500,19.9037,-18.9000,9628.5722,104.4047,860.7556,3049.1694,0.0000,0.0000
60.8667,19.9031,-18.9000,9685.8627,110.2406,860.7429,3025.9728,0.0000,0.0000
60.8833,19.9025,-18.9000,9745.2545,116.2806,860.7297,3002.7762,0.0000,0.0000
60.9000,19.9019,-18.9000,9806.6607,122.5190,860.7161,2979.5796,0.0000,0.0000
60.9167,19.9013,-18.9000,9870.0209,128.9507,860.7021,2956.3830,0.0000,0.0000
60.9333,19.9006,-18.9000,9935.2860,135.5712,860.6876,2933.1864,0.0000,0.0000
60.9500,19.9000,-18.9000,10002.4130,142.3766,860.6727,2909.9898,0.0000,0.0000
60.9667,19.8993,-18.9000,10071.3630,149.3630,860.6574,2886.7932,0.0000,0.0000
60.9833,19.8986,-18.9000,10142.1002,156.5271,860.6417,2863.5966,0.0000,0.0000
61.0000,19.8979,-18.9000,10214.5909,163.8655,860.6256,2840.4000,0.0000,0.0000
61.0167,19.8971,-18.9083,10287.7206,171.0225,860.7943,2829.9852,0.0000,0.0000
61.0333,19.8964,-18.9167,10358.6936,177.8578,860.9634,2819.5704,0.0000,0.0000
61.0500,19.8957,-18.9250,10427.4179,184.4666,861.1330,2809.1556,0.0000,0.0000
61.0667,19.8951,-18.9333,10494.3227,190.9115,861.3030,2798.7408,0.0000,0.0000
61.0833,19.8944,-18.9417,10559.8484,197.2366,861.4733,2788.3260,0.0000,0.0000
61.1000,19.8938,-18.9500,10624.3534,203.4743,861.6439,2777.9112,0.0000,0.0000
61.1167,19.8931,-18.9583,10688.1167,209.6492,861.8146,2767.4964,0.0000,0.0000
61.1333,19.8925,-18.9667,10751.3552,215.7806,861.9854,2757.0816,0.0000,0.0000
61.1500,19.8919,-18.9750,10814.2400,221.8835,862.1563,2746.6668,0.0000,0.0000
61.1667,19.8912,-18.9833,10876.9073,227.9704,862.3272,2736.2520,0.0000,0.0000
61.1833,19.8906,-18.9917,10939.4676,234.0511,862.4982,2725.8372,0.0000,0.0000
61.2000,19.8900,-19.0000,11002.0105,240.1338,862.6692,2715.4224,0.0000,0.0000
61.2167,19.8894,-19.0083,11064.6101,246.2252,862.8402,2705.0076,0.0000,0.0000
61.2333,19.8887,-19.0167,11134.6473,252.6925,863.0095,2694.5928,0.0000,0.0000
61.2500,19.8880,-19.0250,11201.9123,259.1656,863.1794,2684.1780,0.0000,0.0000
61.2667,19.8873,-19.0333,11268.5791,265.6443,863.3495,2673.7632,0.0000,0.0000
61.2833,19.8867,-19.0417,11328.0888,271.7719,863.5211,2663.3484,0.0000,0.0000
61.3000,19.8861,-19.0500,11390.3052,277.9294,863.6922,2652.9336,0.0000,0.0000
61.3167,19.8855,-19.0583,11453.5556,284.1252,863.8630,2642.5188,0.0000,0.0000
61.3333,19.8848,-19.0667,11517.3852,290.3612,864.0337,2632.1040,0.0000,0.0000
61.3500,19.8842,-19.0750,11581.6694,296.6379,864.2043,2621.6892,0.0000,0.0000
61.3667,19.8835,-19.0833,11646.3739,302.9554,864.3748,2611.2744,0.0000,0.0000
61.3833,19.8829,-19.0917,11711.4889,309.3136,864.5452,2600.8596,0.0000,0.0000
61.4000,19.8822,-19.1000,11777.0113,315.7126,864.7155,2590.4448,0.0000,0.0000
61.4167,19.8816,-19.1083,11842.9397,322.1522,864.8857,2580.0300,0.0000,0.0000
61.4333,19.8809,-19.1167,11909.2725,328.6322,865.0559,2569.6152,0.0000,0.0000
61.4500,19.8802,-19.1250,11976.0079,335.1525,865.2259,2559.2004,0.0000,0.0000
61.4667,19.8796,-19.1333,12043.1440,341.7129,865.3959,2548.7856,0.0000,0.0000
61.4833,19.8789,-19.1417,12110.6782,348.3131,865.5658,2538.3708,0.0000,0.0000
61.5000,19.8782,-19.1500,12178.6078,354.9528,865.7355,2527.9560,0.0000,0.0000
61.5167,19.8775,-19.1583,12246.9296,361.6317,865.9052,2517.5412,0.0000,0.0000
61.5333,19.8768,-19.1667,12315.6405,368.3495,866.0749,2507.1264,0.0000,0.0000
61.5500,19.8761,-19.1750,12392.8348,375.5081,866.2426,2496.7116,0.0000,0.0000
61.5667,19.8753,-19.1833,12467.2410,382.6970,866.4109,2486.2968,0.0000,0.0000
61.5833,19.8746,-19.1917,12541.1825,389.9091,866.5794,2475.8820,0.0000,0.0000
61.6000,19.8738,-19.2000,12615.2068,397.1461,866.7478,2465.4672,0.0000,0.0000
61.6167,19.8731,-19.2083,12689.4582,404.4103,866.9162,2455.0524,0.0000,0.0000
61.6333,19.8724,-19.2167,12755.9996,411.2932,867.0863,2444.6376,0.0000,0.0000
61.6500,19.8717,-19.2250,12825.6688,418.2143,867.2557,2434.2228,0.0000,0.0000
61.6667,19.8710,-19.2333,12896.5373,425.1802,867.4248,2423.8080,0.0000,0.0000
61.6833,19.8703,-19.2417,12968.0614,432.1905,867.5938,2413.3932,0.0000,0.0000
61.7000,19.8696,-19.2500,13040.0762,439.2435,867.7627,2402.9784,0.0000,0.0000
61.7167,19.8689,-19.2583,13112.5227,446.3373,867.9315,2392.5636,0.0000,0.0000
61.7333,19.8681,-19.2667,13185.3734,453.4706,868.1002,2382.1488,0.0000,0.0000
61.7500,19.8674,-19.2750,13258.6107,460.6418,868.2688,2371.7340,0.0000,0.0000
61.7667,19.8667,-19.2833,13332.2213,467.8500,868.4373,2361.3192,0.0000,0.0000
61.7833,19.8659,-19.2917,13406.1942,475.0940,868.6057,2350.9044,0.0000,0.0000
61.8000,19.8652,-19.3000,13480.5195,482.3728,868.7741,2340.4896,0.0000,0.0000
61.8167,19.8644,-19.3083,13555.1883,489.6858,868.9424,2330.0748,0.0000,0.0000
61.8333,19.8637,-19.3167,13630.1926,497.0320,869.1106,2319.6600,0.0000,0.0000
61.8500,19.8629,-19.3250,13714.3772,504.8525,869.2768,2309.2452,0.0000,0.0000
61.8667,19.8620,-19.3333,13795.4423,512.6986,869.4437,2298.8304,0.0000,0.0000
61.8833,19.8612,-19.3417,13875.9186,520.5619,869.6107,2288.4156,0.0000,0.0000
61.9000,19.8605,-19.3500,13947.7592,527.9980,869.7796,2278.0008,0.0000,0.0000
61.9167,19.8598,-19.3583,14022.8117,535.4617,869.9478,2267.5860,0.0000,0.0000
61.9333,19.8590,-19.3667,14099.0233,542.9613,870.1157,2257.1712,0.0000,0.0000
61.9500,19.8582,-19.3750,14175.8221,550.4974,870.2835,2246.7564,0.0000,0.0000
61.9667,19.8575,-19.3833,14253.0397,558.0687,870.4513,2236.3416,0.0000,0.0000
61.9833,19.8567,-19.3917,14330.6187,565.6740,870.6189,2225.9268,0.0000,0.0000
62.0000,19.8559,-19.4000,14408.5337,573.3120,870.7865,2215.5120,0.0000,0.0000
62.0167,19.8551,-19.4200,14491.7190,581.4131,871.2117,2204.3082,0.0000,0.0000
62.0333,19.8542,-19.4400,14576.7683,589.5677,871.6364,2193.1044,0.0000,0.0000
62.0500,19.8534,-19.4600,14662.7182,597.7748,872.0610,2181.9006,0.0000,0.0000
62.0667,19.8525,-19.4800,14749.2763,606.0313,872.4855,2170.6968,0.0000,0.0000
62.0833,19.8516,-19.5000,14836.3399,614.3344,872.9098,2159.4930,0.0000,0.0000
62.1000,19.8508,-19.5200,14923.8636,622.6817,873.3340,2148.2892,0.0000,0.0000
62.1167,19.8499,-19.5400,15011.8218,631.0715,873.7582,2137.0854,0.0000,0.0000
62.1333,19.8490,-19.5600,15100.1974,639.5025,874.1822,2125.8816,0.0000,0.0000
62.1500,19.8481,-19.5800,15188.9775,647.9734,874.6062,2114.6778,0.0000,0.0000
62.1667,19.8471,-19.6000,15288.3315,656.9699,875.0278,2103.4740,0.0000,0.0000
62.1833,19.8462,-19.6200,15383.9762,666.0008,875.4502,2092.2702,0.0000,0.0000
62.2000,19.8452,-19.6400,15478.9408,675.0547,875.8728,2081.0664,0.0000,0.0000
62.2167,19.8444,-19.6600,15563.9942,683.6406,876.2976,2069.8626,0.0000,0.0000
62.2333,19.8435,-19.6800,15652.8831,692.2567,876.7215,2058.6588,0.0000,0.0000
62.2500,19.8426,-19.7000,15743.1408,700.9136,877.1451,2047.4550,0.0000,0.0000
62.2667,19.8417,-19.7200,15834.0837,709.6124,877.5686,2036.2512,0.0000,0.0000
62.2833,19.8407,-19.7400,15925.5136,718.3521,877.9920,2025.0474,0.0000,0.0000
62.3000,19.8398,-19.7600,16017.3661,727.1317,878.4152,2013.8436,0.0000,0.0000
62.3167,19.8389,-19.7800,16109.6156,735.9501,878.8384,2002.6398,0.0000,0.0000
62.3333,19.8380,-19.8000,16202.2480,744.8062,879.2615,1991.4360,0.0000,0.0000
62.3500,19.8370,-19.8200,16295.2540,753.6994,879.6845,1980.2322,0.0000,0.0000
62.3667,19.8361,-19.8400,16388.6258,762.6289,880.1075,1969.0284,0.0000,0.0000
62.3833,19.8352,-19.8600,16482.3568,771.5942,880.5303,1957.8246,0.0000,0.0000
62.4000,19.8342,-19.8800,16576.4414,780.5947,880.9531,1946.6208,0.0000,0.0000
62.4167,19.8333,-19.9000,16670.8741,789.6298,881.3758,1935.4170,0.0000,0.0000
62.4333,19.8323,-19.9200,16765.6501,798.6991,881.7984,1924.2132,0.0000,0.0000
62.4500,19.8314,-19.9400,16860.7648,807.8022,882.2210,1913.0094,0.0000,0.0000
62.4667,19.8303,-19.9600,16967.1535,817.4647,882.6410,1901.8056,0.0000,0.0000
62.4833,19.8293,-19.9800,17069.5073,827.1581,883.0619,1890.6018,0.0000,0.0000
62.5000,19.8283,-20.0000,17171.0716,836.8700,883.4831,1879.3980,0.0000,0.0000
62.5167,19.8273,-20.0200,17272.5968,846.6006,883.9042,1868.1942,0.0000,0.0000
62.5333,19.8263,-20.0400,17374.2714,856.3519,884.3253,1856.9904,0.0000,0.0000
62.5500,19.8252,-20.0600,17476.1528,866.1257,884.7463,1845.7866,0.0000,0.0000
62.5667,19.8242,-20.0800,17578.2638,875.9232,885.1673,1834.5828,0.0000,0.0000
62.5833,19.8232,-20.1000,17680.6158,885.7453,885.5883,1823.3790,0.0000,0.0000
62.6000,19.8222,-20.1200,17783.2151,895.5923,886.0091,1812.1752,0.0000,0.0000
62.6167,19.8211,-20.1400,17886.0647,905.4645,886.4300,1800.9714,0.0000,0.0000
62.6333,19.8201,-20.1600,17989.1658,915.3619,886.8508,1789.7676,0.0000,0.0000
62.6500,19.8191,-20.1800,18092.5181,925.2845,887.2715,1778.5638,0.0000,0.0000
62.6667,19.8180,-20.2000,18196.1202,935.2321,887.6921,1767.3600,0.0000,0.0000
62.6833,19.8171,-20.2200,18289.0544,944.6599,888.1152,1756.1562,0.0000,0.0000
62.7000,19.8161,-20.2400,18386.1729,954.1145,888.5373,1744.9524,0.0000,0.0000
62.7167,19.8152,-20.2600,18484.7331,963.6062,888.9591,1733.7486,0.0000,0.0000
62.7333,19.8142,-20.2800,18583.9686,973.1356,889.3807,1722.5448,0.0000,0.0000
62.7500,19.8132,-20.3000,18683.6518,982.7008,889.8022,1711.3410,0.0000,0.0000
62.7667,19.8122,-20.3200,18783.7053,992.3001,890.2237,1700.1372,0.0000,0.0000
62.7833,19.8110,-20.3400,18895.6364,1002.4895,890.6425,1688.9334,0.0000,0.0000
62.8000,19.8100,-20.3600,19003.3137,1012.7099,891.0623,1677.7296,0.0000,0.0000
62.8167,19.8089,-20.3800,19110.1371,1022.9469,891.4822,1666.5258,0.0000,0.0000
62.8333,19.8078,-20.4000,19216.8852,1033.1998,891.9022,1655.3220,0.0000,0.0000
62.8500,19.8068,-20.4200,19323.7488,1043.4700,892.3221,1644.1182,0.0000,0.0000
62.8667,19.8057,-20.4400,19430.7821,1053.7590,892.7420,1632.9144,0.0000,0.0000
62.8833,19.8046,-20.4600,19538.0040,1064.0674,893.1619,1621.7106,0.0000,0.0000
62.9000,19.8035,-20.4800,19645.4222,1074.3957,893.5817,1610.5068,0.0000,0.0000
62.9167,19.8025,-20.5000,19753.0394,1084.7441,894.0015,1599.3030,0.0000,0.0000
62.9333,19.8014,-20.5200,19860.8554,1095.1124,894.4212,1588.0992,0.0000,0.0000
62.9500,19.8003,-20.5400,19968.8685,1105.5003,894.8409,1576.8954,0.0000,0.0000
62.9667,19.7993,-20.5600,20065.6770,1115.3370,895.2631,1565.6916,0.0000,0.0000
62.9833,19.7983,-20.5800,20166.7721,1125.1938,895.6843,1554.4878,0.0000,0.0000
63.0000,19.7973,-20.6000,20269.2967,1135.0823,896.1052,1543.2840,0.0000,0.0000
63.0167,19.7963,-20.6000,20367.9778,1144.8367,896.0833,1520.8764,0.0000,0.0000
63.0333,19.7952,-20.6000,20480.9299,1155.6617,896.0582,1498.4688,0.0000,0.0000
63.0500,19.7941,-20.6000,20592.7306,1166.8390,896.0334,1476.0612,0.0000,0.0000
63.0667,19.7929,-20.6000,20706.4306,1178.2973,896.0082,1453.6536,0.0000,0.0000
63.0833,19.7918,-20.6000,20822.4121,1189.9948,895.9825,1431.2460,0.0000,0.0000
63.1000,19.7906,-20.6000,20940.5377,1201.9026,895.9563,1408.8384,0.0000,0.0000
63.1167,19.7894,-20.6000,21060.6017,1213.9979,895.9297,1386.4308,0.0000,0.0000
63.1333,19.7882,-20.6000,21182.4170,1226.2627,895.9026,1364.0232,0.0000,0.0000
63.1500,19.7869,-20.6000,21305.8250,1238.6821,895.8753,1341.6156,0.0000,0.0000
63.1667,19.7857,-20.6000,21430.6923,1251.2434,895.8476,1319.2080,0.0000,0.0000
63.1833,19.7844,-20.6000,21556.9058,1263.9361,895.8196,1296.8004,0.0000,0.0000
63.2000,19.7832,-20.6000,21684.3689,1276.7508,895.7913,1274.3928,0.0000,0.0000
63.2167,19.7819,-20.6000,21812.9978,1289.6798,895.7628,1251.9852,0.0000,0.0000
63.2333,19.7806,-20.6000,21942.7199,1302.7159,895.7340,1229.5776,0.0000,0.0000
63.2500,19.7793,-20.6000,22073.4716,1315.8532,895.7050,1207.1700,0.0000,0.0000
63.2667,19.7779,-20.6000,22205.1965,1329.0863,895.6758,1184.7624,0.0000,0.0000
63.2833,19.7766,-20.6000,22337.8450,1342.4103,895.6463,1162.3548,0.0000,0.0000
63.3000,19.7753,-20.6000,22471.3726,1355.8209,895.6167,1139.9472,0.0000,0.0000
63.3167,19.7739,-20.6000,22605.7394,1369.3144,895.5869,1117.5396,0.0000,0.0000
63.3333,19.7726,-20.6000,22740.9096,1382.8873,895.5569,1095.1320,0.0000,0.0000
63.3500,19.7712,-20.6000,22876.8506,1396.5364,895.5268,1072.7244,0.0000,0.0000
63.3667,19.7699,-20.6000,23013.5328,1410.2588,895.4964,1050.3168,0.0000,0.0000
63.3833,19.7685,-20.6000,23150.9292,1424.0519,895.4660,1027.9092,0.0000,0.0000
63.4000,19.7671,-20.6000,23289.0147,1437.9133,895.4353,1005.5016,0.0000,0.0000
63.4167,19.7657,-20.6000,23427.7664,1451.8407,895.4046,983.0940,0.0000,0.0000
63.4333,19.7643,-20.6000,23567.1628,1465.8320,895.3736,960.6864,0.0000,0.0000
63.4500,19.7629,-20.6000,23707.1840,1479.8853,895.3426,938.2788,0.0000,0.0000
63.4667,19.7615,-20.6000,23847.8112,1493.9988,895.3114,915.8712,0.0000,0.0000
63.4833,19.7601,-20.6000,23989.0269,1508.1706,895.2801,893.4636,0.0000,0.0000
63.5000,19.7587,-20.6000,24130.8144,1522.3993,895.2486,871.0560,0.0000,0.0000
63.5167,19.7573,-20.6000,24273.1579,1536.6831,895.2170,848.6484,0.0000,0.0000
63.5333,19.7558,-20.6000,24416.0423,1551.0207,895.1853,826.2408,0.0000,0.0000
63.5500,19.7544,-20.6000,24559.4533,1565.4106,895.1535,803.8332,0.0000,0.0000
63.5667,19.7530,-20.6000,24703.3770,1579.8514,895.1216,781.4256,0.0000,0.0000
63.5833,19.7515,-20.6000,24847.8002,1594.3419,895.0896,759.0180,0.0000,0.0000
63.6000,19.7501,-20.6000,24992.7101,1608.8807,895.0574,736.6104,0.0000,0.0000
63.6167,19.7486,-20.6000,25138.0942,1623.4666,895.0252,714.2028,0.0000,0.0000
63.6333,19.7472,-20.6000,25283.9405,1638.0985,894.9928,691.7952,0.0000,0.0000
63.6500,19.7457,-20.6000,25430.2374,1652.7752,894.9604,669.3876,0.0000,0.0000
63.6667,19.7442,-20.6000,25576.9733,1667.4955,894.9278,646.9800,0.0000,0.0000
63.6833,19.7428,-20.6000,25724.1371,1682.2583,894.8952,624.5724,0.0000,0.0000
63.7000,19.7413,-20.6000,25871.7180,1697.0626,894.8624,602.1648,0.0000,0.0000
63.7167,19.7398,-20.6000,26019.7051,1711.9072,894.8296,579.7572,0.0000,0.0000
63.7333,19.7383,-20.6000,26168.0880,1726.7912,894.7967,557.3496,0.0000,0.0000
63.7500,19.7368,-20.6000,26316.8563,1741.7135,894.7637,534.9420,0.0000,0.0000
63.7667,19.7353,-20.6000,26465.9997,1756.6730,894.7306,512.5344,0.0000,0.0000
63.7833,19.7338,-20.6000,26615.5083,1771.6688,894.6974,490.1268,0.0000,0.0000
63.8000,19.7323,-20.6000,26765.3720,1786.6999,894.6642,467.7192,0.0000,0.0000
63.8167,19.7308,-20.6000,26915.5809,1801.7652,894.6309,445.3116,0.0000,0.0000
63.8333,19.7293,-20.6000,27066.1253,1816.8639,894.5975,422.9040,0.0000,0.0000
63.8500,19.7278,-20.6000,27216.9955,1831.9949,894.5640,400.4964,0.0000,0.0000
63.8667,19.7263,-20.6000,27368.1818,1847.1572,894.5305,378.0888,0.0000,0.0000
63.8833,19.7248,-20.6000,27519.6748,1862.3500,894.4969,355.6812,0.0000,0.0000
63.9000,19.7233,-20.6000,27671.4647,1877.5723,894.4632,333.2736,0.0000,0.0000
63.9167,19.7218,-20.6000,27823.5422,1892.8231,894.4295,310.8660,0.0000,0.0000
63.9333,19.7202,-20.6000,27975.8978,1908.1014,894.3957,288.4584,0.0000,0.0000
63.9500,19.7187,-20.6000,28128.5220,1923.4063,894.3618,266.0508,0.0000,0.0000
63.9667,19.7172,-20.6000,28281.4054,1938.7370,894.3279,243.6432,0.0000,0.0000
63.9833,19.7157,-20.6000,28434.5386,1954.0923,894.2939,221.2356,0.0000,0.0000
64.0000,19.7141,-20.6000,28587.9121,1969.4715,894.2599,198.8280,0.0000,0.0000
64.0167,19.7126,-20.6083,28738.9287,1984.3341,894.4113,195.5142,0.0000,0.0000
64.0333,19.7112,-20.6167,28884.7481,1998.5945,894.5638,192.2004,0.0000,0.0000
64.0500,19.7097,-20.6250,29025.7000,2012.3797,894.7174,188.8866,0.0000,0.0000
64.0667,19.7084,-20.6333,29162.5112,2025.7735,894.8719,185.5728,0.0000,0.0000
64.0833,19.7070,-20.6417,29295.8104,2038.8354,895.0272,182.2590,0.0000,0.0000
64.1000,19.7057,-20.6500,29426.0851,2051.6099,895.1831,178.9452,0.0000,0.0000
64.1167,19.7045,-20.6583,29553.7120,2064.1310,895.3397,175.6314,0.0000,0.0000
64.1333,19.7032,-20.6667,29678.9870,2076.4260,895.4967,172.3176,0.0000,0.0000
64.1500,19.7020,-20.6750,29802.1474,2088.5165,895.6543,169.0038,0.0000,0.0000
64.1667,19.7008,-20.6833,29923.3872,2100.4209,895.8122,165.6900,0.0000,0.0000
64.1833,19.6996,-20.6917,30042.8669,2112.1539,895.9706,162.3762,0.0000,0.0000
64.2000,19.6984,-20.7000,30160.7214,2123.7284,896.1293,159.0624,0.0000,0.0000
64.2167,19.6972,-20.7083,30277.0647,2135.1551,896.2883,155.7486,0.0000,0.0000
64.2333,19.6961,-20.7167,30391.9941,2146.4433,896.4477,152.4348,0.0000,0.0000
64.2500,19.6949,-20.7250,30505.5936,2157.6008,896.6073,149.1210,0.0000,0.0000
64.2667,19.6938,-20.7333,30617.9353,2168.6346,896.7673,145.8072,0.0000,0.0000
64.2833,19.6927,-20.7417,30729.0824,2179.5507,896.9275,142.4934,0.0000,0.0000
64.3000,19.6916,-20.7500,30839.0900,2190.3544,897.0879,139.1796,0.0000,0.0000
64.3167,19.6905,-20.7583,30948.0066,2201.0502,897.2486,135.8658,0.0000,0.0000
64.3333,19.6894,-20.7667,31055.8749,2211.6424,897.4095,132.5520,0.0000,0.0000
64.3500,19.6884,-20.7750,31162.7330,2222.1346,897.5707,129.2382,0.0000,0.0000
64.3667,19.6873,-20.7833,31268.6150,2232.5300,897.7320,125.9244,0.0000,0.0000
64.3833,19.6863,-20.7917,31373.5513,2242.8317,897.8936,122.6106,0.0000,0.0000
64.4000,19.6852,-20.8000,31477.5696,2253.0422,898.0554,119.2968,0.0000,0.0000
64.4167,19.6842,-20.8083,31580.6948,2263.1640,898.2174,115.9830,0.0000,0.0000
64.4333,19.6832,-20.8167,31682.9497,2273.1993,898.3795,112.6692,0.0000,0.0000
64.4500,19.6822,-20.8250,31784.3552,2283.1502,898.5419,109.3554,0.0000,0.0000
64.4667,19.6812,-20.8333,31884.9307,2293.0185,898.7044,106.0416,0.0000,0.0000
64.4833,19.6802,-20.8417,31984.6940,2302.8059,898.8672,102.7278,0.0000,0.0000
64.5000,19.6792,-20.8500,32083.6617,2312.5142,899.0301,99.4140,0.0000,0.0000
64.5167,19.6782,-20.8583,32181.8493,2322.1448,899.1931,96.1002,0.0000,0.0000
64.5333,19.6772,-20.8667,32279.2715,2331.6991,899.3564,92.7864,0.0000,0.0000
64.5500,19.6762,-20.8750,32375.9419,2341.1786,899.5198,89.4726,0.0000,0.0000
64.5667,19.6753,-20.8833,32471.8737,2350.5844,899.6834,86.1588,0.0000,0.0000
64.5833,19.6743,-20.8917,32567.0791,2359.9179,899.8471,82.8450,0.0000,0.0000
64.6000,19.6734,-20.9000,32661.5700,2369.1801,900.0110,79.5312,0.0000,0.0000
64.6167,19.6724,-20.9083,32755.3577,2378.3721,900.1750,76.2174,0.0000,0.0000
64.6333,19.6715,-20.9167,32848.4529,2387.4952,900.3392,72.9036,0.0000,0.0000
64.6500,19.6706,-20.9250,32940.8660,2396.5502,900.5036,69.5898,0.0000,0.0000
64.6667,19.6697,-20.9333,33032.6071,2405.5382,900.6681,66.2760,0.0000,0.0000
64.6833,19.6688,-20.9417,33123.6859,2414.4601,900.8327,62.9622,0.0000,0.0000
64.7000,19.6679,-20.9500,33214.1115,2423.3168,900.9975,59.6484,0.0000,0.0000
64.7167,19.6670,-20.9583,33303.8932,2432.1093,901.1625,56.3346,0.0000,0.0000
64.7333,19.6661,-20.9667,33393.0397,2440.8385,901.3275,53.0208,0.0000,0.0000
64.7500,19.6652,-20.9750,33481.5596,2449.5051,901.4928,49.7070,0.0000,0.0000
64.7667,19.6643,-20.9833,33569.4611,2458.1100,901.6581,46.3932,0.0000,0.0000
64.7833,19.6634,-20.9917,33656.7524,2466.6540,901.8236,43.0794,0.0000,0.0000
64.8000,19.6626,-21.0000,33743.4413,2475.1379,901.9892,39.7656,0.0000,0.0000
64.8167,19.6617,-21.0083,33829.5356,2483.5624,902.1550,36.4518,0.0000,0.0000
64.8333,19.6608,-21.0167,33915.0428,2491.9283,902.3209,33.1380,0.0000,0.0000
64.8500,19.6600,-21.0250,33999.9702,2500.2364,902.4869,29.8242,0.0000,0.0000
64.8667,19.6592,-21.0333,34084.3251,2508.4873,902.6530,26.5104,0.0000,0.0000
64.8833,19.6583,-21.0417,34168.1144,2516.6818,902.8193,23.1966,0.0000,0.0000
64.9000,19.6575,-21.0500,34251.3452,2524.8205,902.9857,19.8828,0.0000,0.0000
64.9167,19.6567,-21.0583,34334.0240,2532.9041,903.1522,16.5690,0.0000,0.0000
64.9333,19.6558,-21.0667,34416.1576,2540.9333,903.3188,13.2552,0.0000,0.0000
64.9500,19.6550,-21.0750,34497.7524,2548.9087,903.4856,9.9414,0.0000,0.0000
64.9667,19.6542,-21.0833,34578.8149,2556.8309,903.6524,6.6276,0.0000,0.0000
64.9833,19.6534,-21.0917,34659.3512,2564.7006,903.8194,3.3138,0.0000,0.0000
65.0000,19.6526,-21.1000,34739.3675,2572.5184,903.9865,0.0000,0.0000,0.0000
65.0167,19.6518,-21.1100,34818.6591,2580.2178,904.1908,0.0000,0.0000,0.0000
65.0333,19.6510,-21.1200,34896.6624,2587.7718,904.3953,0.0000,0.0000,0.0000
65.0500,19.6503,-21.1300,34973.4000,2595.2000,904.6001,0.0000,0.0000,0.0000
65.0667,19.6495,-21.1400,35048.9803,2602.5158,904.8052,0.0000,0.0000,0.0000
65.0833,19.6488,-21.1500,35123.5038,2609.7289,905.0104,0.0000,0.0000,0.0000
65.1000,19.6480,-21.1600,35197.0519,2616.8468,905.2160,0.0000,0.0000,0.0000
65.1167,19.6473,-21.1700,35269.6900,2623.8756,905.4217,0.0000,0.0000,0.0000
65.1333,19.6466,-21.1800,35341.4718,2630.8204,905.6276,0.0000,0.0000,0.0000
65.1500,19.6459,-21.1900,35412.4422,2637.6852,905.8336,0.0000,0.0000,0.0000
65.1667,19.6452,-21.2000,35482.6396,2644.4738,906.0399,0.0000,0.0000,0.0000
65.1833,19.6445,-21.2100,35552.0972,2651.1894,906.2463,0.0000,0.0000,0.0000
65.2000,19.6438,-21.2200,35620.8439,2657.8346,906.4529,0.0000,0.0000,0.0000
65.2167,19.6432,-21.2300,35681.6388,2664.0393,906.6612,0.0000,0.0000,0.0000
65.2333,19.6426,-21.2400,35744.3124,2670.1705,906.8691,0.0000,0.0000,0.0000
65.2500,19.6419,-21.2500,35807.0728,2676.2404,907.0770,0.0000,0.0000,0.0000
65.2667,19.6413,-21.2600,35869.4509,2682.2538,907.2850,0.0000,0.0000,0.0000
65.2833,19.6407,-21.2700,35931.3328,2688.2130,907.4931,0.0000,0.0000,0.0000
65.3000,19.6401,-21.2800,35992.6988,2694.1198,907.7013,0.0000,0.0000,0.0000
65.3167,19.6395,-21.2900,36053.5535,2699.9756,907.9097,0.0000,0.0000,0.0000
65.3333,19.6389,-21.3000,36113.9072,2705.7816,908.1181,0.0000,0.0000,0.0000
65.3500,19.6383,-21.3100,36173.7708,2711.5389,908.3266,0.0000,0.0000,0.0000
65.3667,19.6377,-21.3200,36233.1548,2717.2486,908.5353,0.0000,0.0000,0.0000
65.3833,19.6371,-21.3300,36292.0691,2722.9117,908.7440,0.0000,0.0000,0.0000
65.4000,19.6365,-21.3400,36350.5230,2728.5290,908.9529,0.0000,0.0000,0.0000
65.4167,19.6359,-21.3500,36408.5252,2734.1014,909.1619,0.0000,0.0000,0.0000
65.4333,19.6353,-21.3600,36466.0837,2739.6296,909.3709,0.0000,0.0000,0.0000
65.4500,19.6348,-21.3700,36523.2064,2745.1145,909.5801,0.0000,0.0000,0.0000
65.4667,19.6342,-21.3800,36579.9004,2750.5568,909.7893,0.0000,0.0000,0.0000
65.4833,19.6336,-21.3900,36636.1728,2755.9570,909.9987,0.0000,0.0000,0.0000
65.5000,19.6331,-21.4000,36692.0301,2761.3160,910.2081,0.0000,0.0000,0.0000
65.5167,19.6325,-21.4100,36747.4786,2766.6342,910.4176,0.0000,0.0000,0.0000
65.5333,19.6320,-21.4200,36802.5244,2771.9124,910.6272,0.0000,0.0000,0.0000
65.5500,19.6314,-21.4300,36857.1733,2777.1510,910.8369,0.0000,0.0000,0.0000
65.5667,19.6309,-21.4400,36911.4308,2782.3506,911.0467,0.0000,0.0000,0.0000
65.5833,19.6303,-21.4500,36965.3022,2787.5117,911.2566,0.0000,0.0000,0.0000
65.6000,19.6298,-21.4600,37018.7928,2792.6349,911.4665,0.0000,0.0000,0.0000
65.6167,19.6293,-21.4700,37071.9074,2797.7206,911.6766,0.0000,0.0000,0.0000
65.6333,19.6288,-21.4800,37124.6510,2802.7693,911.8867,0.0000,0.0000,0.0000
65.6500,19.6282,-21.4900,37177.0282,2807.7815,912.0969,0.0000,0.0000,0.0000
65.6667,19.6277,-21.5000,37229.0435,2812.7576,912.3072,0.0000,0.0000,0.0000
65.6833,19.6272,-21.5100,37280.7013,2817.6981,912.5176,0.0000,0.0000,0.0000
65.7000,19.6267,-21.5200,37332.0059,2822.6034,912.7280,0.0000,0.0000,0.0000
65.7167,19.6262,-21.5300,37382.9614,2827.4738,912.9385,0.0000,0.0000,0.0000
65.7333,19.6257,-21.5400,37433.5719,2832.3098,913.1491,0.0000,0.0000,0.0000
65.7500,19.6252,-21.5500,37483.8414,2837.1118,913.3598,0.0000,0.0000,0.0000
65.7667,19.6247,-21.5600,37533.7736,2841.8802,913.5705,0.0000,0.0000,0.0000
65.7833,19.6242,-21.5700,37583.3725,2846.6153,913.7814,0.0000,0.0000,0.0000
65.8000,19.6237,-21.5800,37632.6415,2851.3176,913.9922,0.0000,0.0000,0.0000
65.8167,19.6232,-21.5900,37681.5844,2855.9873,914.2032,0.0000,0.0000,0.0000
65.8333,19.6227,-21.6000,37730.2046,2860.6248,914.4143,0.0000,0.0000,0.0000
65.8500,19.6222,-21.6100,37778.5056,2865.2304,914.6254,0.0000,0.0000,0.0000
65.8667,19.6217,-21.6200,37826.4908,2869.8045,914.8365,0.0000,0.0000,0.0000
65.8833,19.6213,-21.6300,37874.1634,2874.3475,915.0478,0.0000,0.0000,0.0000
65.9000,19.6208,-21.6400,37921.5268,2878.8596,915.2591,0.0000,0.0000,0.0000
65.9167,19.6203,-21.6500,37968.5841,2883.3411,915.4705,0.0000,0.0000,0.0000
65.9333,19.6198,-21.6600,38015.3385,2887.7924,915.6819,0.0000,0.0000,0.0000
65.9500,19.6194,-21.6700,38061.7930,2892.2138,915.8935,0.0000,0.0000,0.0000
65.9667,19.6189,-21.6800,38107.9506,2896.6056,916.1050,0.0000,0.0000,0.0000
65.9833,19.6185,-21.6900,38153.8143,2900.9680,916.3167,0.0000,0.0000,0.0000
66.0000,19.6180,-21.7000,38199.3871,2905.3014,916.5284,0.0000,0.0000,0.0000
66.0167,19.6176,-21.7000,38240.6340,2909.2654,916.5193,0.0000,0.0000,0.0000
66.0333,19.6172,-21.7000,38280.4951,2913.2054,916.5104,0.0000,0.0000,0.0000
66.0500,19.6168,-21.7000,38319.7681,2917.1176,916.5017,0.0000,0.0000,0.0000
66.0667,19.6164,-21.7000,38358.6696,2921.0011,916.4931,0.0000,0.0000,0.0000
66.0833,19.6160,-21.7000,38397.2586,2924.8556,916.4845,0.0000,0.0000,0.0000
66.1000,19.6156,-21.7000,38435.5504,2928.6808,916.4760,0.0000,0.0000,0.0000
66.1167,19.6153,-21.7000,38473.5484,2932.4768,916.4676,0.0000,0.0000,0.0000
66.1333,19.6149,-21.7000,38511.2523,2936.2432,916.4592,0.0000,0.0000,0.0000
66.1500,19.6145,-21.7000,38548.6610,2939.9800,916.4509,0.0000,0.0000,0.0000
66.1667,19.6141,-21.7000,38585.7730,2943.6871,916.4427,0.0000,0.0000,0.0000
66.1833,19.6138,-21.7000,38622.5868,2947.3641,916.4345,0.0000,0.0000,0.0000
66.2000,19.6134,-21.7000,38659.1008,2951.0111,916.4264,0.0000,0.0000,0.0000
66.2167,19.6130,-21.7000,38695.3140,2954.6279,916.4184,0.0000,0.0000,0.0000
66.2333,19.6127,-21.7000,38731.2251,2958.2143,916.4104,0.0000,0.0000,0.0000
66.2500,19.6123,-21.7000,38766.8334,2961.7704,916.4025,0.0000,0.0000,0.0000
66.2667,19.6120,-21.7000,38802.1382,2965.2960,916.3947,0.0000,0.0000,0.0000
66.2833,19.6116,-21.7000,38837.1390,2968.7911,916.3869,0.0000,0.0000,0.0000
66.3000,19.6113,-21.7000,38871.8358,2972.2558,916.3792,0.0000,0.0000,0.0000
66.3167,19.6109,-21.7000,38906.2286,2975.6900,916.3716,0.0000,0.0000,0.0000
66.3333,19.6106,-21.7000,38940.3174,2979.0937,916.3641,0.0000,0.0000,0.0000
66.3500,19.6103,-21.7000,38974.1029,2982.4671,916.3566,0.0000,0.0000,0.0000
66.3667,19.6099,-21.7000,39007.5855,2985.8101,916.3491,0.0000,0.0000,0.0000
66.3833,19.6096,-21.7000,39040.7661,2989.1229,916.3418,0.0000,0.0000,0.0000
66.4000,19.6093,-21.7000,39073.6455,2992.4055,916.3345,0.0000,0.0000,0.0000
66.4167,19.6089,-21.7000,39106.2249,2995.6581,916.3272,0.0000,0.0000,0.0000
66.4333,19.6086,-21.7000,39138.5056,2998.8809,916.3201,0.0000,0.0000,0.0000
66.4500,19.6083,-21.7000,39170.4888,3002.0739,916.3130,0.0000,0.0000,0.0000
66.4667,19.6080,-21.7000,39202.1761,3005.2372,916.3060,0.0000,0.0000,0.0000
66.4833,19.6077,-21.7000,39233.5691,3008.3712,916.2990,0.0000,0.0000,0.0000
66.5000,19.6074,-21.7000,39264.6695,3011.4759,916.2921,0.0000,0.0000,0.0000
66.5167,19.6070,-21.7000,39295.4791,3014.5515,916.2853,0.0000,0.0000,0.0000
66.5333,19.6067,-21.7000,39325.9998,3017.5983,916.2785,0.0000,0.0000,0.0000
66.5500,19.6064,-21.7000,39356.2336,3020.6164,916.2718,0.0000,0.0000,0.0000
66.5667,19.6061,-21.7000,39386.1825,3023.6060,916.2651,0.0000,0.0000,0.0000
66.5833,19.6058,-21.7000,39415.8487,3026.5674,916.2586,0.0000,0.0000,0.0000
66.6000,19.6055,-21.7000,39448.8149,3029.6893,916.2513,0.0000,0.0000,0.0000
66.6167,19.6052,-21.7000,39480.2142,3032.7885,916.2443,0.0000,0.0000,0.0000
66.6333,19.6049,-21.7000,39511.0440,3035.8605,916.2375,0.0000,0.0000,0.0000
66.6500,19.6046,-21.7000,39541.5328,3038.9053,916.2307,0.0000,0.0000,0.0000
66.6667,19.6043,-21.7000,39571.7376,3041.9234,916.2240,0.0000,0.0000,0.0000
66.6833,19.6040,-21.7000,39601.6760,3044.9153,916.2173,0.0000,0.0000,0.0000
66.7000,19.6037,-21.7000,39628.0609,3047.7025,916.2115,0.0000,0.0000,0.0000
66.7167,19.6034,-21.7000,39655.2675,3050.4606,916.2055,0.0000,0.0000,0.0000
66.7333,19.6032,-21.7000,39682.5277,3053.1942,916.1994,0.0000,0.0000,0.0000
66.7500,19.6029,-21.7000,39709.6350,3055.9043,916.1934,0.0000,0.0000,0.0000
66.7667,19.6026,-21.7000,39736.5341,3058.5914,916.1874,0.0000,0.0000,0.0000
66.7833,19.6024,-21.7000,39763.2099,3061.2556,916.1815,0.0000,0.0000,0.0000
66.8000,19.6021,-21.7000,39789.6580,3063.8967,916.1756,0.0000,0.0000,0.0000
66.8167,19.6018,-21.7000,39815.8767,3066.5148,916.1698,0.0000,0.0000,0.0000
66.8333,19.6016,-21.7000,39841.8652,3069.1098,916.1641,0.0000,0.0000,0.0000
66.8500,19.6013,-21.7000,39867.6231,3071.6816,916.1584,0.0000,0.0000,0.0000
66.8667,19.6011,-21.7000,39893.1498,3074.2303,916.1527,0.0000,0.0000,0.0000
66.8833,19.6008,-21.7000,39918.4453,3076.7558,916.1471,0.0000,0.0000,0.0000
66.9000,19.6006,-21.7000,39943.5096,3079.2581,916.1415,0.0000,0.0000,0.0000
66.9167,19.6003,-21.7000,39968.3430,3081.7373,916.1360,0.0000,0.0000,0.0000
66.9333,19.6001,-21.7000,39992.9458,3084.1934,916.1306,0.0000,0.0000,0.0000
66.9500,19.5998,-21.7000,40017.3188,3086.6265,916.1251,0.0000,0.0000,0.0000
66.9667,19.5996,-21.7000,40041.4625,3089.0366,916.1198,0.0000,0.0000,0.0000
66.9833,19.5993,-21.7000,40065.3780,3091.4239,916.1145,0.0000,0.0000,0.0000
67.0000,19.5991,-21.7000,40089.0664,3093.7885,916.1092,0.0000,0.0000,0.0000
67.0167,19.5989,-21.6817,40105.1184,3095.5048,915.6990,0.0000,0.0000,0.0000
67.0333,19.5988,-21.6633,40118.9249,3097.2068,915.2893,0.0000,0.0000,0.0000
67.0500,19.5987,-21.6450,40131.9494,3098.8876,914.8797,0.0000,0.0000,0.0000
67.0667,19.5986,-21.6267,40144.5895,3100.5454,914.4702,0.0000,0.0000,0.0000
67.0833,19.5984,-21.6083,40156.9538,3102.1799,914.0608,0.0000,0.0000,0.0000
67.1000,19.5983,-21.5900,40169.0716,3103.7907,913.6514,0.0000,0.0000,0.0000
67.1167,19.5982,-21.5717,40180.9506,3105.3780,913.2421,0.0000,0.0000,0.0000
67.1333,19.5981,-21.5533,40192.5926,3106.9415,912.8329,0.0000,0.0000,0.0000
67.1500,19.5980,-21.5350,40203.9974,3108.4813,912.4237,0.0000,0.0000,0.0000
67.1667,19.5978,-21.5167,40215.1646,3109.9972,912.0145,0.0000,0.0000,0.0000
67.1833,19.5977,-21.4983,40226.0935,3111.4892,911.6054,0.0000,0.0000,0.0000
67.2000,19.5976,-21.4800,40236.7834,3112.9573,911.1964,0.0000,0.0000,0.0000
67.2167,19.5975,-21.4617,40247.2337,3114.4013,910.7874,0.0000,0.0000,0.0000
67.2333,19.5974,-21.4433,40257.4441,3115.8212,910.3784,0.0000,0.0000,0.0000
67.2500,19.5973,-21.4250,40267.4143,3117.2171,909.9695,0.0000,0.0000,0.0000
67.2667,19.5972,-21.4067,40277.1439,3118.5888,909.5607,0.0000,0.0000,0.0000
67.2833,19.5971,-21.3883,40286.6330,3119.9364,909.1519,0.0000,0.0000,0.0000
67.3000,19.5970,-21.3700,40295.8817,3121.2600,908.7432,0.0000,0.0000,0.0000
67.3167,19.5970,-21.3517,40304.8901,3122.5594,908.3345,0.0000,0.0000,0.0000
67.3333,19.5969,-21.3333,40313.6586,3123.8349,907.9259,0.0000,0.0000,0.0000
67.3500,19.5968,-21.3150,40322.1876,3125.0863,907.5173,0.0000,0.0000,0.0000
67.3667,19.5967,-21.2967,40330.4777,3126.3139,907.1088,0.0000,0.0000,0.0000
67.3833,19.5966,-21.2783,40338.5297,3127.5176,906.7004,0.0000,0.0000,0.0000
67.4000,19.5965,-21.2600,40346.3442,3128.6975,906.2920,0.0000,0.0000,0.0000
67.4167,19.5965,-21.2417,40353.9222,3129.8537,905.8836,0.0000,0.0000,0.0000
67.4333,19.5964,-21.2233,40361.2647,3130.9865,905.4753,0.0000,0.0000,0.0000
67.4500,19.5963,-21.2050,40368.3727,3132.0957,905.0670,0.0000,0.0000,0.0000
67.4667,19.5962,-21.1867,40375.2475,3133.1816,904.6588,0.0000,0.0000,0.0000
67.4833,19.5962,-21.1683,40381.8902,3134.2443,904.2507,0.0000,0.0000,0.0000
67.5000,19.5961,-21.1500,40388.3023,3135.2840,903.8426,0.0000,0.0000,0.0000
67.5167,19.5961,-21.1317,40394.4850,3136.3007,903.4345,0.0000,0.0000,0.0000
67.5333,19.5960,-21.1133,40400.4398,3137.2947,903.0265,0.0000,0.0000,0.0000
67.5500,19.5959,-21.0950,40406.1683,3138.2660,902.6186,0.0000,0.0000,0.0000
67.5667,19.5959,-21.0767,40411.6719,3139.2149,902.2107,0.0000,0.0000,0.0000
67.5833,19.5958,-21.0583,40416.9523,3140.1414,901.8029,0.0000,0.0000,0.0000
67.6000,19.5958,-21.0400,40422.0111,3141.0458,901.3951,0.0000,0.0000,0.0000
67.6167,19.5957,-21.0217,40426.8501,3141.9283,900.9873,0.0000,0.0000,0.0000
67.6333,19.5957,-21.0033,40431.4709,3142.7889,900.5796,0.0000,0.0000,0.0000
67.6500,19.5956,-20.9850,40435.8752,3143.6280,900.1720,0.0000,0.0000,0.0000
67.6667,19.5956,-20.9667,40440.0650,3144.4456,899.7644,0.0000,0.0000,0.0000
67.6833,19.5956,-20.9483,40444.0420,3145.2419,899.3568,0.0000,0.0000,0.0000
67.7000,19.5955,-20.9300,40447.8079,3146.0172,898.9493,0.0000,0.0000,0.0000
67.7167,19.5955,-20.9117,40451.3648,3146.7716,898.5418,0.0000,0.0000,0.0000
67.7333,19.5955,-20.8933,40454.7143,3147.5053,898.1344,0.0000,0.0000,0.0000
67.7500,19.5954,-20.8750,40457.8585,3148.2185,897.7270,0.0000,0.0000,0.0000
67.7667,19.5954,-20.8567,40460.7992,3148.9114,897.3197,0.0000,0.0000,0.0000
67.7833,19.5954,-20.8383,40463.5383,3149.5842,896.9124,0.0000,0.0000,0.0000
67.8000,19.5953,-20.8200,40466.0777,3150.2370,896.5052,0.0000,0.0000,0.0000
67.8167,19.5953,-20.8017,40468.4193,3150.8701,896.0980,0.0000,0.0000,0.0000
67.8333,19.5953,-20.7833,40470.5650,3151.4836,895.6908,0.0000,0.0000,0.0000
67.8500,19.5953,-20.7650,40472.5168,3152.0778,895.2837,0.0000,0.0000,0.0000
67.8667,19.5953,-20.7467,40474.2765,3152.6528,894.8767,0.0000,0.0000,0.0000
67.8833,19.5952,-20.7283,40475.8461,3153.2088,894.4696,0.0000,0.0000,0.0000
67.9000,19.5952,-20.7100,40477.2274,3153.7461,894.0627,0.0000,0.0000,0.0000
67.9167,19.5952,-20.6917,40478.4224,3154.2647,893.6557,0.0000,0.0000,0.0000
67.9333,19.5952,-20.6733,40479.4329,3154.7649,893.2488,0.0000,0.0000,0.0000
67.9500,19.5952,-20.6550,40480.2609,3155.2470,892.8420,0.0000,0.0000,0.0000
67.9667,19.5952,-20.6367,40480.9082,3155.7110,892.4351,0.0000,0.0000,0.0000
67.9833,19.5952,-20.6183,40481.3767,3156.1571,892.0284,0.0000,0.0000,0.0000
68.0000,19.5952,-20.6000,40481.6682,3156.5856,891.6216,0.0000,0.0000,0.0000
68.0167,19.5951,-20.6000,40489.2030,3157.6234,891.6199,0.0000,0.0000,0.0000
68.0333,19.5950,-20.6000,40498.5896,3158.6361,891.6179,0.0000,0.0000,0.0000
68.0500,19.5949,-20.6000,40508.3658,3159.6307,891.6157,0.0000,0.0000,0.0000
68.0667,19.5948,-20.6000,40518.1364,3160.6093,891.6135,0.0000,0.0000,0.0000
68.0833,19.5947,-20.6000,40527.7970,3161.5728,891.6114,0.0000,0.0000,0.0000
68.1000,19.5946,-20.6000,40537.3224,3162.5217,891.6093,0.0000,0.0000,0.0000
68.1167,19.5945,-20.6000,40546.7094,3163.4567,891.6072,0.0000,0.0000,0.0000
68.1333,19.5944,-20.6000,40555.9609,3164.3783,891.6051,0.0000,0.0000,0.0000
68.1500,19.5943,-20.6000,40565.0817,3165.2869,891.6031,0.0000,0.0000,0.0000
68.1667,19.5943,-20.6000,40574.0769,3166.1832,891.6011,0.0000,0.0000,0.0000
68.1833,19.5942,-20.6000,40582.9518,3167.0676,891.5991,0.0000,0.0000,0.0000
68.2000,19.5941,-20.6000,40591.7115,3167.9407,891.5972,0.0000,0.0000,0.0000
68.2167,19.5940,-20.6000,40600.3612,3168.8030,891.5953,0.0000,0.0000,0.0000
68.2333,19.5939,-20.6000,40608.9055,3169.6549,891.5934,0.0000,0.0000,0.0000
68.2500,19.5938,-20.6000,40617.3491,3170.4969,891.5915,0.0000,0.0000,0.0000
68.2667,19.5937,-20.6000,40625.6963,3171.3295,891.5897,0.0000,0.0000,0.0000
68.2833,19.5937,-20.6000,40633.9513,3172.1530,891.5878,0.0000,0.0000,0.0000
68.3000,19.5936,-20.6000,40642.1181,3172.9677,891.5860,0.0000,0.0000,0.0000
68.3167,19.5935,-20.6000,40650.2002,3173.7742,891.5842,0.0000,0.0000,0.0000
68.3333,19.5934,-20.6000,40658.2013,3174.5727,891.5825,0.0000,0.0000,0.0000
68.3500,19.5933,-20.6000,40666.1245,3175.3635,891.5807,0.0000,0.0000,0.0000
68.3667,19.5933,-20.6000,40673.9730,3176.1470,891.5790,0.0000,0.0000,0.0000
68.3833,19.5932,-20.6000,40681.7495,3176.9234,891.5772,0.0000,0.0000,0.0000
68.4000,19.5931,-20.6000,40687.0697,3177.5191,891.5761,0.0000,0.0000,0.0000
68.4167,19.5931,-20.6000,40692.7019,3178.1092,891.5748,0.0000,0.0000,0.0000
68.4333,19.5930,-20.6000,40698.4487,3178.6948,891.5735,0.0000,0.0000,0.0000
68.4500,19.5930,-20.6000,40704.2244,3179.2763,891.5722,0.0000,0.0000,0.0000
68.4667,19.5929,-20.6000,40709.9919,3179.8540,891.5710,0.0000,0.0000,0.0000
68.4833,19.5928,-20.6000,40715.7357,3180.4280,891.5697,0.0000,0.0000,0.0000
68.5000,19.5928,-20.6000,40724.8875,3181.2138,891.5677,0.0000,0.0000,0.0000
68.5167,19.5927,-20.6000,40733.0200,3181.9981,891.5659,0.0000,0.0000,0.0000
68.5333,19.5926,-20.6000,40740.8877,3182.7785,891.5641,0.0000,0.0000,0.0000
68.5500,19.5925,-20.6000,40748.6647,3183.5551,891.5624,0.0000,0.0000,0.0000
68.5667,19.5924,-20.6000,40755.5279,3184.2804,891.5609,0.0000,0.0000,0.0000
68.5833,19.5924,-20.6000,40762.6318,3185.0017,891.5593,0.0000,0.0000,0.0000
68.6000,19.5923,-20.6000,40769.7815,3185.7200,891.5577,0.0000,0.0000,0.0000
68.6167,19.5922,-20.6000,40776.9243,3186.4355,891.5561,0.0000,0.0000,0.0000
68.6333,19.5922,-20.6000,40784.0457,3187.1483,891.5545,0.0000,0.0000,0.0000
68.6500,19.5921,-20.6000,40791.1409,3187.8583,891.5530,0.0000,0.0000,0.0000
68.6667,19.5920,-20.6000,40798.2078,3188.5653,891.5514,0.0000,0.0000,0.0000
68.6833,19.5919,-20.6000,40805.2446,3189.2693,891.5498,0.0000,0.0000,0.0000
68.7000,19.5919,-20.6000,40812.2497,3189.9700,891.5483,0.0000,0.0000,0.0000
68.7167,19.5918,-20.6000,40819.2215,3190.6674,891.5467,0.0000,0.0000,0.0000
68.7333,19.5917,-20.6000,40826.1584,3191.3611,891.5452,0.0000,0.0000,0.0000
68.7500,19.5917,-20.6000,40833.0591,3192.0512,891.5437,0.0000,0.0000,0.0000
68.7667,19.5916,-20.6000,40839.9220,3192.7374,891.5421,0.0000,0.0000,0.0000
68.7833,19.5915,-20.6000,40846.7460,3193.4197,891.5406,0.0000,0.0000,0.0000
68.8000,19.5915,-20.6000,40853.5300,3194.0980,891.5391,0.0000,0.0000,0.0000
68.8167,19.5914,-20.6000,40860.2729,3194.7720,891.5376,0.0000,0.0000,0.0000
68.8333,19.5913,-20.6000,40866.9739,3195.4419,891.5361,0.0000,0.0000,0.0000
68.8500,19.5913,-20.6000,40873.6322,3196.1074,891.5347,0.0000,0.0000,0.0000
68.8667,19.5912,-20.6000,40880.2472,3196.7685,891.5332,0.0000,0.0000,0.0000
68.8833,19.5911,-20.6000,40886.8183,3197.4253,891.5317,0.0000,0.0000,0.0000
68.9000,19.5911,-20.6000,40893.3451,3198.0775,891.5303,0.0000,0.0000,0.0000
68.9167,19.5910,-20.6000,40899.8271,3198.7253,891.5289,0.0000,0.0000,0.0000
68.9333,19.5909,-20.6000,40906.2641,3199.3685,891.5274,0.0000,0.0000,0.0000
68.9500,19.5909,-20.6000,40912.6557,3200.0072,891.5260,0.0000,0.0000,0.0000
68.9667,19.5908,-20.6000,40919.0019,3200.6413,891.5246,0.0000,0.0000,0.0000
68.9833,19.5907,-20.6000,40925.3025,3201.2709,891.5232,0.0000,0.0000,0.0000
69.0000,19.5907,-20.6000,40931.5574,3201.8958,891.5218,0.0000,0.0000,0.0000
69.0167,19.5906,-20.6000,40937.7667,3202.5162,891.5204,0.0000,0.0000,0.0000
69.0333,19.5906,-20.6000,40943.9306,3203.1321,891.5191,0.0000,0.0000,0.0000
69.0500,19.5905,-20.6000,40950.0498,3203.7435,891.5177,0.0000,0.0000,0.0000
69.0667,19.5904,-20.6000,40956.1249,3204.3505,891.5164,0.0000,0.0000,0.0000
69.0833,19.5904,-20.6000,40962.1573,3204.9533,891.5150,0.0000,0.0000,0.0000
69.1000,19.5903,-20.6000,40968.1483,3205.5520,891.5137,0.0000,0.0000,0.0000
69.1167,19.5903,-20.6000,40974.0995,3206.1468,891.5124,0.0000,0.0000,0.0000
69.1333,19.5902,-20.6000,40980.0124,3206.7378,891.5111,0.0000,0.0000,0.0000
69.1500,19.5902,-20.6000,40984.0686,3207.1926,891.5102,0.0000,0.0000,0.0000
69.1667,19.5901,-20.6000,40988.3716,3207.6441,891.5092,0.0000,0.0000,0.0000
69.1833,19.5901,-20.6000,40992.7712,3208.0930,891.5082,0.0000,0.0000,0.0000
69.2000,19.5900,-20.6000,40997.2022,3208.5398,891.5073,0.0000,0.0000,0.0000
69.2167,19.5900,-20.6000,41001.6367,3208.9847,891.5063,0.0000,0.0000,0.0000
69.2333,19.5899,-20.6000,41006.0627,3209.4277,891.5053,0.0000,0.0000,0.0000
69.2500,19.5899,-20.6000,41010.4755,3209.8690,891.5043,0.0000,0.0000,0.0000
69.2667,19.5899,-20.6000,41014.8737,3210.3087,891.5033,0.0000,0.0000,0.0000
69.2833,19.5898,-20.6000,41019.2567,3210.7469,891.5024,0.0000,0.0000,0.0000
69.3000,19.5898,-20.6000,41023.6251,3211.1836,891.5014,0.0000,0.0000,0.0000
69.3167,19.5897,-20.6000,41027.9792,3211.6189,891.5004,0.0000,0.0000,0.0000
69.3333,19.5897,-20.6000,41032.3196,3212.0529,891.4995,0.0000,0.0000,0.0000
69.3500,19.5896,-20.6000,41036.6469,3212.4856,891.4985,0.0000,0.0000,0.0000
69.3667,19.5896,-20.6000,41040.9617,3212.9172,891.4976,0.0000,0.0000,0.0000
69.3833,19.5895,-20.6000,41045.2646,3213.3475,891.4966,0.0000,0.0000,0.0000
69.4000,19.5895,-20.6000,41049.5560,3213.7768,891.4956,0.0000,0.0000,0.0000
69.4167,19.5895,-20.6000,41053.8365,3214.2049,891.4947,0.0000,0.0000,0.0000
69.4333,19.5894,-20.6000,41058.1065,3214.6321,891.4937,0.0000,0.0000,0.0000
69.4500,19.5894,-20.6000,41062.3664,3215.0583,891.4928,0.0000,0.0000,0.0000
69.4667,19.5893,-20.6000,41066.6167,3215.4836,891.4919,0.0000,0.0000,0.0000
69.4833,19.5893,-20.6000,41070.8576,3215.9079,891.4909,0.0000,0.0000,0.0000
69.5000,19.5892,-20.6000,41075.0896,3216.3314,891.4900,0.0000,0.0000,0.0000
69.5167,19.5892,-20.6000,41079.3130,3216.7540,891.4890,0.0000,0.0000,0.0000
69.5333,19.5892,-20.6000,41083.5280,3217.1758,891.4881,0.0000,0.0000,0.0000
69.5500,19.5891,-20.6000,41087.7349,3217.5969,891.4872,0.0000,0.0000,0.0000
69.5667,19.5891,-20.6000,41091.9339,3218.0171,891.4862,0.0000,0.0000,0.0000
69.5833,19.5890,-20.6000,41096.1253,3218.4366,891.4853,0.0000,0.0000,0.0000
69.6000,19.5890,-20.6000,41100.3092,3218.8554,891.4844,0.0000,0.0000,0.0000
69.6167,19.5890,-20.6000,41104.4859,3219.2734,891.4835,0.0000,0.0000,0.0000
69.6333,19.5889,-20.6000,41108.6555,3219.6908,891.4825,0.0000,0.0000,0.0000
69.6500,19.5889,-20.6000,41112.8181,3220.1075,891.4816,0.0000,0.0000,0.0000
69.6667,19.5888,-20.6000,41116.9739,3220.5235,891.4807,0.0000,0.0000,0.0000
69.6833,19.5888,-20.6000,41121.1230,3220.9388,891.4798,0.0000,0.0000,0.0000
69.7000,19.5887,-20.6000,41125.2654,3221.3535,891.4789,0.0000,0.0000,0.0000
69.7167,19.5887,-20.6000,41129.4013,3221.7675,891.4779,0.0000,0.0000,0.0000
69.7333,19.5887,-20.6000,41133.5307,3222.1809,891.4770,0.0000,0.0000,0.0000
69.7500,19.5886,-20.6000,41137.6536,3222.5936,891.4761,0.0000,0.0000,0.0000
69.7667,19.5886,-20.6000,41141.7702,3223.0057,891.4752,0.0000,0.0000,0.0000
69.7833,19.5885,-20.6000,41145.8804,3223.4172,891.4743,0.0000,0.0000,0.0000
69.8000,19.5885,-20.6000,41149.9843,3223.8280,891.4734,0.0000,0.0000,0.0000
69.8167,19.5885,-20.6000,41154.0818,3224.2382,891.4725,0.0000,0.0000,0.0000
69.8333,19.5884,-20.6000,41158.1730,3224.6478,891.4716,0.0000,0.0000,0.0000
69.8500,19.5884,-20.6000,41162.2579,3225.0567,891.4706,0.0000,0.0000,0.0000
69.8667,19.5883,-20.6000,41166.3364,3225.4650,891.4697,0.0000,0.0000,0.0000
69.8833,19.5883,-20.6000,41170.4086,3225.8726,891.4688,0.0000,0.0000,0.0000
69.9000,19.5883,-20.6000,41174.4743,3226.2796,891.4679,0.0000,0.0000,0.0000
69.9167,19.5882,-20.6000,41178.5336,3226.6860,891.4670,0.0000,0.0000,0.0000
69.9333,19.5882,-20.6000,41182.5864,3227.0917,891.4661,0.0000,0.0000,0.0000
69.9500,19.5881,-20.6000,41186.6327,3227.4967,891.4652,0.0000,0.0000,0.0000
69.9667,19.5881,-20.6000,41190.6724,3227.9011,891.4643,0.0000,0.0000,0.0000
69.9833,19.5881,-20.6000,41194.7054,3228.3048,891.4634,0.0000,0.0000,0.0000
70.0000,19.5880,-20.6000,41201.1559,3228.8598,891.4620,0.0000,0.0000,0.0000
70.0167,19.5878,-20.6267,41218.4712,3230.3304,892.0497,0.0000,0.0000,0.0000
70.0333,19.5876,-20.6533,41238.2434,3231.7944,892.6368,0.0000,0.0000,0.0000
70.0500,19.5874,-20.6800,41258.5993,3233.2606,893.2239,0.0000,0.0000,0.0000
70.0667,19.5872,-20.7067,41279.1231,3234.7312,893.8108,0.0000,0.0000,0.0000
70.0833,19.5870,-20.7333,41299.7236,3236.2067,894.3978,0.0000,0.0000,0.0000
70.1000,19.5868,-20.7600,41320.3818,3237.6874,894.9847,0.0000,0.0000,0.0000
70.1167,19.5866,-20.7867,41341.0944,3239.1735,895.5717,0.0000,0.0000,0.0000
70.1333,19.5864,-20.8133,41361.8620,3240.6651,896.1586,0.0000,0.0000,0.0000
70.1500,19.5862,-20.8400,41381.0834,3242.1295,896.7459,0.0000,0.0000,0.0000
70.1667,19.5860,-20.8667,41401.2431,3243.5952,897.3329,0.0000,0.0000,0.0000
70.1833,19.5858,-20.8933,41421.6977,3245.0654,897.9199,0.0000,0.0000,0.0000
70.2000,19.5856,-20.9200,41442.2737,3246.5409,898.5069,0.0000,0.0000,0.0000
70.2167,19.5854,-20.9467,41462.9256,3248.0223,899.0938,0.0000,0.0000,0.0000
70.2333,19.5852,-20.9733,41483.6426,3249.5098,899.6807,0.0000,0.0000,0.0000
70.2500,19.5850,-21.0000,41504.4232,3251.0036,900.2677,0.0000,0.0000,0.0000
70.2667,19.5847,-21.0267,41525.2687,3252.5039,900.8546,0.0000,0.0000,0.0000
70.2833,19.5845,-21.0533,41546.1808,3254.0110,901.4415,0.0000,0.0000,0.0000
70.3000,19.5843,-21.0800,41567.1612,3255.5250,902.0283,0.0000,0.0000,0.0000
70.3167,19.5841,-21.1067,41588.2116,3257.0462,902.6152,0.0000,0.0000,0.0000
70.3333,19.5839,-21.1333,41609.3336,3258.5745,903.2020,0.0000,0.0000,0.0000
70.3500,19.5837,-21.1600,41630.5286,3260.1102,903.7889,0.0000,0.0000,0.0000
70.3667,19.5835,-21.1867,41651.7976,3261.6534,904.3757,0.0000,0.0000,0.0000
70.3833,19.5833,-21.2133,41673.1416,3263.2042,904.9625,0.0000,0.0000,0.0000
70.4000,19.5831,-21.2400,41694.5615,3264.7625,905.5492,0.0000,0.0000,0.0000
70.4167,19.5828,-21.2667,41716.0579,3266.3286,906.1360,0.0000,0.0000,0.0000
70.4333,19.5826,-21.2933,41737.6313,3267.9024,906.7227,0.0000,0.0000,0.0000
70.4500,19.5824,-21.3200,41759.2819,3269.4840,907.3095,0.0000,0.0000,0.0000
70.4667,19.5822,-21.3467,41781.0100,3271.0733,907.8962,0.0000,0.0000,0.0000
70.4833,19.5820,-21.3733,41802.8155,3272.6704,908.4829,0.0000,0.0000,0.0000
70.5000,19.5818,-21.4000,41824.6982,3274.2753,909.0695,0.0000,0.0000,0.0000
70.5167,19.5815,-21.4267,41846.6580,3275.8878,909.6562,0.0000,0.0000,0.0000
70.5333,19.5813,-21.4533,41868.6945,3277.5080,910.2428,0.0000,0.0000,0.0000
70.5500,19.5811,-21.4800,41890.8071,3279.1358,910.8295,0.0000,0.0000,0.0000
70.5667,19.5809,-21.5067,41912.9953,3280.7712,911.4161,0.0000,0.0000,0.0000
70.5833,19.5806,-21.5333,41935.2584,3282.4140,912.0027,0.0000,0.0000,0.0000
70.6000,19.5804,-21.5600,41957.5955,3284.0643,912.5892,0.0000,0.0000,0.0000
70.6167,19.5802,-21.5867,41980.0059,3285.7218,913.1758,0.0000,0.0000,0.0000
70.6333,19.5800,-21.6133,42002.4885,3287.3866,913.7623,0.0000,0.0000,0.0000
70.6500,19.5797,-21.6400,42025.0424,3289.0584,914.3489,0.0000,0.0000,0.0000
70.6667,19.5795,-21.6667,42049.6246,3290.7848,914.9349,0.0000,0.0000,0.0000
70.6833,19.5793,-21.6933,42073.2132,3292.5277,915.5212,0.0000,0.0000,0.0000
70.7000,19.5790,-21.7200,42096.6819,3294.2849,916.1075,0.0000,0.0000,0.0000
70.7167,19.5788,-21.7467,42120.2324,3296.0564,916.6938,0.0000,0.0000,0.0000
70.7333,19.5786,-21.7733,42143.9099,3297.8420,917.2801,0.0000,0.0000,0.0000
70.7500,19.5783,-21.8000,42167.7204,3299.6411,917.8664,0.0000,0.0000,0.0000
70.7667,19.5781,-21.8267,42191.6582,3301.4528,918.4526,0.0000,0.0000,0.0000
70.7833,19.5778,-21.8533,42215.7137,3303.2759,919.0388,0.0000,0.0000,0.0000
70.8000,19.5776,-21.8800,42239.8766,3305.1095,919.6249,0.0000,0.0000,0.0000
70.8167,19.5774,-21.9067,42264.1364,3306.9524,920.2111,0.0000,0.0000,0.0000
70.8333,19.5771,-21.9333,42288.4833,3308.8038,920.7972,0.0000,0.0000,0.0000
70.8500,19.5769,-21.9600,42312.9083,3310.6627,921.3833,0.0000,0.0000,0.0000
70.8667,19.5766,-21.9867,42337.4032,3312.5283,921.9694,0.0000,0.0000,0.0000
70.8833,19.5764,-22.0133,42361.9605,3314.4000,922.5555,0.0000,0.0000,0.0000
70.9000,19.5761,-22.0400,42386.5734,3316.2770,923.1416,0.0000,0.0000,0.0000
70.9167,19.5759,-22.0667,42409.2122,3318.1035,923.7281,0.0000,0.0000,0.0000
70.9333,19.5757,-22.0933,42432.9122,3319.9288,924.3144,0.0000,0.0000,0.0000
70.9500,19.5754,-22.1200,42456.9240,3321.7561,924.9006,0.0000,0.0000,0.0000
70.9667,19.5752,-22.1467,42481.0419,3323.5859,925.4867,0.0000,0.0000,0.0000
70.9833,19.5749,-22.1733,42505.2076,3325.4182,926.0729,0.0000,0.0000,0.0000
71.0000,19.5747,-22.2000,42529.4035,3327.2529,926.6591,0.0000,0.0000,0.0000
71.0167,19.5745,-22.2183,42550.2409,3328.8033,927.0611,0.0000,0.0000,0.0000
71.0333,19.5743,-22.2367,42570.1730,3330.3589,927.4634,0.0000,0.0000,0.0000
71.0500,19.5741,-22.2550,42589.8673,3331.9168,927.8657,0.0000,0.0000,0.0000
71.0667,19.5739,-22.2733,42609.5053,3333.4761,928.2680,0.0000,0.0000,0.0000
71.0833,19.5737,-22.2917,42629.1366,3335.0367,928.6703,0.0000,0.0000,0.0000
71.1000,19.5735,-22.3100,42648.7749,3336.5985,929.0726,0.0000,0.0000,0.0000
71.1167,19.5733,-22.3283,42668.4241,3338.1615,929.4750,0.0000,0.0000,0.0000
71.1333,19.5731,-22.3467,42688.0858,3339.7259,929.8773,0.0000,0.0000,0.0000
71.1500,19.5729,-22.3650,42707.7611,3341.2917,930.2796,0.0000,0.0000,0.0000
71.1667,19.5727,-22.3833,42727.4506,3342.8590,930.6819,0.0000,0.0000,0.0000
71.1833,19.5725,-22.4017,42747.1553,3344.4278,931.0842,0.0000,0.0000,0.0000
71.2000,19.5723,-22.4200,42766.8760,3345.9982,931.4865,0.0000,0.0000,0.0000
71.2167,19.5721,-22.4383,42786.6133,3347.5703,931.8888,0.0000,0.0000,0.0000
71.2333,19.5719,-22.4567,42806.3680,3349.1442,932.2911,0.0000,0.0000,0.0000
71.2500,19.5717,-22.4750,42826.1408,3350.7200,932.6934,0.0000,0.0000,0.0000
71.2667,19.5715,-22.4933,42845.9322,3352.2976,933.0957,0.0000,0.0000,0.0000
71.2833,19.5713,-22.5117,42865.7428,3353.8772,933.4979,0.0000,0.0000,0.0000
71.3000,19.5711,-22.5300,42885.5731,3355.4587,933.9002,0.0000,0.0000,0.0000
71.3167,19.5709,-22.5483,42905.4234,3357.0424,934.3025,0.0000,0.0000,0.0000
71.3333,19.5707,-22.5667,42925.2943,3358.6280,934.7048,0.0000,0.0000,0.0000
71.3500,19.5705,-22.5850,42945.1858,3360.2158,935.1070,0.0000,0.0000,0.0000
71.3667,19.5703,-22.6033,42965.0983,3361.8056,935.5093,0.0000,0.0000,0.0000
71.3833,19.5701,-22.6217,42985.0320,3363.3976,935.9115,0.0000,0.0000,0.0000
71.4000,19.5700,-22.6400,43004.9870,3364.9918,936.3138,0.0000,0.0000,0.0000
71.4167,19.5698,-22.6583,43024.9633,3366.5881,936.7160,0.0000,0.0000,0.0000
71.4333,19.5696,-22.6767,43044.9610,3368.1865,937.1183,0.0000,0.0000,0.0000
71.4500,19.5694,-22.6950,43064.9801,3369.7870,937.5205,0.0000,0.0000,0.0000
71.4667,19.5691,-22.7133,43085.0205,3371.3897,937.9227,0.0000,0.0000,0.0000
71.4833,19.5689,-22.7317,43105.0821,3372.9946,938.3250,0.0000,0.0000,0.0000
71.5000,19.5687,-22.7500,43125.1647,3374.6015,938.7272,0.0000,0.0000,0.0000
71.5167,19.5685,-22.7683,43145.2682,3376.2105,939.1294,0.0000,0.0000,0.0000
71.5333,19.5683,-22.7867,43165.3924,3377.8215,939.5316,0.0000,0.0000,0.0000
71.5500,19.5681,-22.8050,43185.5369,3379.4346,939.9338,0.0000,0.0000,0.0000
71.5667,19.5679,-22.8233,43205.7016,3381.0497,940.3360,0.0000,0.0000,0.0000
71.5833,19.5677,-22.8417,43225.8860,3382.6668,940.7382,0.0000,0.0000,0.0000
71.6000,19.5675,-22.8600,43246.0899,3384.2858,941.1404,0.0000,0.0000,0.0000
71.6167,19.5673,-22.8783,43266.3128,3385.9067,941.5426,0.0000,0.0000,0.0000
71.6333,19.5671,-22.8967,43286.5544,3387.5295,941.9448,0.0000,0.0000,0.0000
71.6500,19.5669,-22.9150,43306.8141,3389.1540,942.3470,0.0000,0.0000,0.0000
71.6667,19.5667,-22.9333,43327.0915,3390.7803,942.7491,0.0000,0.0000,0.0000
71.6833,19.5665,-22.9517,43347.3862,3392.4083,943.1513,0.0000,0.0000,0.0000
71.7000,19.5663,-22.9700,43367.6976,3394.0380,943.5535,0.0000,0.0000,0.0000
71.7167,19.5661,-22.9883,43388.0251,3395.6692,943.9556,0.0000,0.0000,0.0000
71.7333,19.5659,-23.0067,43408.3682,3397.3020,944.3578,0.0000,0.0000,0.0000
71.7500,19.5657,-23.0250,43428.7263,3398.9363,944.7600,0.0000,0.0000,0.0000
71.7667,19.5655,-23.0433,43449.0988,3400.5720,945.1621,0.0000,0.0000,0.0000
71.7833,19.5653,-23.0617,43469.4850,3402.2090,945.5643,0.0000,0.0000,0.0000
71.8000,19.5651,-23.0800,43489.8842,3403.8473,945.9664,0.0000,0.0000,0.0000
71.8167,19.5649,-23.0983,43510.2958,3405.4869,946.3686,0.0000,0.0000,0.0000
71.8333,19.5647,-23.1167,43530.7189,3407.1275,946.7707,0.0000,0.0000,0.0000
71.8500,19.5645,-23.1350,43551.1530,3408.7692,947.1729,0.0000,0.0000,0.0000
71.8667,19.5643,-23.1533,43571.5971,3410.4119,947.5750,0.0000,0.0000,0.0000
71.8833,19.5641,-23.1717,43592.0504,3412.0555,947.9771,0.0000,0.0000,0.0000
71.9000,19.5639,-23.1900,43612.5122,3413.6999,948.3793,0.0000,0.0000,0.0000
71.9167,19.5637,-23.2083,43632.9815,3415.3450,948.7814,0.0000,0.0000,0.0000
71.9333,19.5635,-23.2267,43653.4574,3416.9907,949.1835,0.0000,0.0000,0.0000
71.9500,19.5633,-23.2450,43673.9389,3418.6369,949.5857,0.0000,0.0000,0.0000
71.9667,19.5631,-23.2633,43694.4251,3420.2836,949.9878,0.0000,0.0000,0.0000
71.9833,19.5629,-23.2817,43714.9149,3421.9306,950.3899,0.0000,0.0000,0.0000
72.0000,19.5626,-23.3000,43735.4072,3423.5778,950.7921,0.0000,0.0000,0.0000
72.0167,19.5624,-23.3183,43755.9006,3425.2250,951.1942,0.0000,0.0000,0.0000
72.0333,19.5622,-23.3367,43776.3937,3426.8722,951.5963,0.0000,0.0000,0.0000
72.0500,19.5620,-23.3550,43796.8844,3428.5190,951.9985,0.0000,0.0000,0.0000
72.0667,19.5618,-23.3733,43817.3701,3430.1652,952.4006,0.0000,0.0000,0.0000
72.0833,19.5616,-23.3917,43837.8481,3431.8105,952.8027,0.0000,0.0000,0.0000
72.1000,19.5614,-23.4100,43858.3148,3433.4546,953.2049,0.0000,0.0000,0.0000
72.1167,19.5612,-23.4283,43878.7666,3435.0970,953.6070,0.0000,0.0000,0.0000
72.1333,19.5610,-23.4467,43899.1995,3436.7373,954.0091,0.0000,0.0000,0.0000
72.1500,19.5608,-23.4650,43919.6093,3438.3751,954.4113,0.0000,0.0000,0.0000
72.1667,19.5606,-23.4833,43941.9128,3440.0721,954.8130,0.0000,0.0000,0.0000
72.1833,19.5604,-23.5017,43963.2214,3441.7710,955.2150,0.0000,0.0000,0.0000
72.2000,19.5602,-23.5200,43984.2907,3443.4687,955.6170,0.0000,0.0000,0.0000
72.2167,19.5599,-23.5383,44005.2906,3445.1645,956.0190,0.0000,0.0000,0.0000
72.2333,19.5597,-23.5567,44026.2580,3446.8582,956.4210,0.0000,0.0000,0.0000
72.2500,19.5595,-23.5750,44047.1971,3448.5491,956.8230,0.0000,0.0000,0.0000
72.2667,19.5593,-23.5933,44068.1009,3450.2363,957.2251,0.0000,0.0000,0.0000
72.2833,19.5591,-23.6117,44088.9549,3451.9179,957.6271,0.0000,0.0000,0.0000
72.3000,19.5589,-23.6300,44109.7364,3453.5916,958.0292,0.0000,0.0000,0.0000
72.3167,19.5587,-23.6483,44130.4069,3455.2527,958.4313,0.0000,0.0000,0.0000
72.3333,19.5585,-23.6667,44150.8615,3456.8875,958.8334,0.0000,0.0000,0.0000
72.3500,19.5583,-23.6850,44171.0470,3458.4985,959.2356,0.0000,0.0000,0.0000
72.3667,19.5581,-23.7033,44191.3098,3460.1245,959.6378,0.0000,0.0000,0.0000
72.3833,19.5579,-23.7217,44211.6489,3461.7586,960.0400,0.0000,0.0000,0.0000
72.4000,19.5577,-23.7400,44232.0487,3463.3983,960.4421,0.0000,0.0000,0.0000
72.4167,19.5575,-23.7583,44252.4937,3465.0421,960.8443,0.0000,0.0000,0.0000
72.4333,19.5573,-23.7767,44271.1892,3466.6299,961.2468,0.0000,0.0000,0.0000
72.4500,19.5571,-23.7950,44290.7359,3468.2155,961.6491,0.0000,0.0000,0.0000
72.4667,19.5569,-23.8133,44310.5212,3469.8011,962.0514,0.0000,0.0000,0.0000
72.4833,19.5567,-23.8317,44330.3752,3471.3869,962.4537,0.0000,0.0000,0.0000
72.5000,19.5565,-23.8500,44350.2490,3472.9728,962.8559,0.0000,0.0000,0.0000
72.5167,19.5563,-23.8683,44370.1267,3474.5584,963.2582,0.0000,0.0000,0.0000
72.5333,19.5561,-23.8867,44390.0020,3476.1436,963.6605,0.0000,0.0000,0.0000
72.5500,19.5559,-23.9050,44409.8710,3477.7279,964.0628,0.0000,0.0000,0.0000
72.5667,19.5557,-23.9233,44429.7313,3479.3113,964.4650,0.0000,0.0000,0.0000
72.5833,19.5555,-23.9417,44449.5807,3480.8935,964.8673,0.0000,0.0000,0.0000
72.6000,19.5553,-23.9600,44469.4174,3482.4744,965.2696,0.0000,0.0000,0.0000
72.6167,19.5551,-23.9783,44489.2401,3484.0538,965.6718,0.0000,0.0000,0.0000
72.6333,19.5549,-23.9967,44509.0474,3485.6316,966.0741,0.0000,0.0000,0.0000
72.6500,19.5547,-24.0150,44528.8384,3487.2077,966.4764,0.0000,0.0000,0.0000
72.6667,19.5545,-24.0333,44548.6120,3488.7820,966.8787,0.0000,0.0000,0.0000
72.6833,19.5543,-24.0517,44568.3678,3490.3545,967.2810,0.0000,0.0000,0.0000
72.7000,19.5541,-24.0700,44588.1050,3491.9252,967.6833,0.0000,0.0000,0.0000
72.7167,19.5539,-24.0883,44607.8232,3493.4939,968.0856,0.0000,0.0000,0.0000
72.7333,19.5537,-24.1067,44627.5221,3495.0607,968.4879,0.0000,0.0000,0.0000
72.7500,19.5535,-24.1250,44647.2015,3496.6255,968.8902,0.0000,0.0000,0.0000
72.7667,19.5533,-24.1433,44666.8613,3498.1883,969.2925,0.0000,0.0000,0.0000
72.7833,19.5531,-24.1617,44686.5013,3499.7492,969.6948,0.0000,0.0000,0.0000
72.8000,19.5529,-24.1800,44706.1217,3501.3081,970.0972,0.0000,0.0000,0.0000
72.8167,19.5527,-24.1983,44725.7223,3502.8650,970.4995,0.0000,0.0000,0.0000
72.8333,19.5525,-24.2167,44747.7537,3504.4933,970.9013,0.0000,0.0000,0.0000
72.8500,19.5523,-24.2350,44767.8707,3506.1100,971.3035,0.0000,0.0000,0.0000
72.8667,19.5521,-24.2533,44788.0362,3507.7258,971.7057,0.0000,0.0000,0.0000
72.8833,19.5519,-24.2717,44808.2115,3509.3414,972.1079,0.0000,0.0000,0.0000
72.9000,19.5517,-24.2900,44828.3913,3510.9574,972.5101,0.0000,0.0000,0.0000
72.9167,19.5515,-24.3083,44848.5765,3512.5739,972.9123,0.0000,0.0000,0.0000
72.9333,19.5513,-24.3267,44868.7680,3514.1910,973.3145,0.0000,0.0000,0.0000
72.9500,19.5511,-24.3450,44888.9653,3515.8087,973.7167,0.0000,0.0000,0.0000
72.9667,19.5509,-24.3633,44909.1668,3517.4268,974.1189,0.0000,0.0000,0.0000
72.9833,19.5507,-24.3817,44929.3704,3519.0451,974.5211,0.0000,0.0000,0.0000
73.0000,19.5505,-24.4000,44949.5732,3520.6631,974.9233,0.0000,0.0000,0.0000
73.0167,19.5505,-24.3817,44953.8463,3521.0189,974.5156,0.0000,0.0000,0.0000
73.0333,19.5505,-24.3633,44954.5189,3521.3846,974.1088,0.0000,0.0000,0.0000
73.0500,19.5505,-24.3450,44954.3524,3521.7493,973.7022,0.0000,0.0000,0.0000
73.0667,19.5505,-24.3267,44953.9594,3522.1096,973.2956,0.0000,0.0000,0.0000
73.0833,19.5505,-24.3083,44953.0350,3522.4034,972.8891,0.0000,0.0000,0.0000
73.1000,19.5505,-24.2900,44951.9155,3522.6900,972.4827,0.0000,0.0000,0.0000
73.1167,19.5505,-24.2717,44950.6831,3522.9685,972.0763,0.0000,0.0000,0.0000
73.1333,19.5505,-24.2533,44949.3528,3523.2378,971.6699,0.0000,0.0000,0.0000
73.1500,19.5505,-24.2350,44947.9203,3523.4966,971.2636,0.0000,0.0000,0.0000
73.1667,19.5505,-24.2167,44946.3760,3523.7438,970.8572,0.0000,0.0000,0.0000
73.1833,19.5506,-24.1983,44944.7089,3523.9783,970.4509,0.0000,0.0000,0.0000
73.2000,19.5506,-24.1800,44942.9083,3524.1989,970.0446,0.0000,0.0000,0.0000
73.2167,19.5506,-24.1617,44940.9638,3524.4047,969.6384,0.0000,0.0000,0.0000
73.2333,19.5506,-24.1433,44938.8657,3524.5946,969.2322,0.0000,0.0000,0.0000
73.2500,19.5506,-24.1250,44936.6052,3524.7680,968.8260,0.0000,0.0000,0.0000
73.2667,19.5507,-24.1067,44934.1740,3524.9238,968.4199,0.0000,0.0000,0.0000
73.2833,19.5507,-24.0883,44931.5647,3525.0615,968.0138,0.0000,0.0000,0.0000
73.3000,19.5507,-24.0700,44928.7708,3525.1805,967.6077,0.0000,0.0000,0.0000
73.3167,19.5507,-24.0517,44925.7862,3525.2800,967.2017,0.0000,0.0000,0.0000
73.3333,19.5508,-24.0333,44922.6057,3525.3598,966.7957,0.0000,0.0000,0.0000
73.3500,19.5508,-24.0150,44919.2248,3525.4192,966.3898,0.0000,0.0000,0.0000
73.3667,19.5508,-23.9967,44915.6394,3525.4580,965.9839,0.0000,0.0000,0.0000
73.3833,19.5509,-23.9783,44911.8461,3525.4758,965.5781,0.0000,0.0000,0.0000
73.4000,19.5509,-23.9600,44907.8421,3525.4724,965.1723,0.0000,0.0000,0.0000
73.4167,19.5510,-23.9417,44903.6251,3525.4475,964.7666,0.0000,0.0000,0.0000
73.4333,19.5510,-23.9233,44899.1931,3525.4010,964.3609,0.0000,0.0000,0.0000
73.4500,19.5511,-23.9050,44894.5448,3525.3328,963.9552,0.0000,0.0000,0.0000
73.4667,19.5511,-23.8867,44889.6791,3525.2427,963.5496,0.0000,0.0000,0.0000
73.4833,19.5512,-23.8683,44884.5955,3525.1308,963.1441,0.0000,0.0000,0.0000
73.5000,19.5512,-23.8500,44879.2936,3524.9970,962.7386,0.0000,0.0000,0.0000
73.5167,19.5513,-23.8317,44873.7735,3524.8413,962.3331,0.0000,0.0000,0.0000
73.5333,19.5513,-23.8133,44868.0356,3524.6638,961.9277,0.0000,0.0000,0.0000
73.5500,19.5514,-23.7950,44862.0804,3524.4645,961.5224,0.0000,0.0000,0.0000
73.5667,19.5514,-23.7767,44855.9090,3524.2437,961.1171,0.0000,0.0000,0.0000
73.5833,19.5515,-23.7583,44849.5224,3524.0013,960.7118,0.0000,0.0000,0.0000
73.6000,19.5516,-23.7400,44842.9220,3523.7375,960.3066,0.0000,0.0000,0.0000
73.6167,19.5516,-23.7217,44836.1092,3523.4525,959.9014,0.0000,0.0000,0.0000
73.6333,19.5517,-23.7033,44829.0858,3523.1465,959.4963,0.0000,0.0000,0.0000
73.6500,19.5518,-23.6850,44821.8536,3522.8196,959.0913,0.0000,0.0000,0.0000
73.6667,19.5519,-23.6667,44814.4147,3522.4721,958.6862,0.0000,0.0000,0.0000
73.6833,19.5519,-23.6483,44806.7711,3522.1041,958.2813,0.0000,0.0000,0.0000
73.7000,19.5520,-23.6300,44798.9252,3521.7160,957.8763,0.0000,0.0000,0.0000
73.7167,19.5521,-23.6117,44790.8792,3521.3079,957.4714,0.0000,0.0000,0.0000
73.7333,19.5522,-23.5933,44782.6356,3520.8802,957.0666,0.0000,0.0000,0.0000
73.7500,19.5523,-23.5750,44774.1968,3520.4329,956.6618,0.0000,0.0000,0.0000
73.7667,19.5523,-23.5567,44765.5656,3519.9665,956.2570,0.0000,0.0000,0.0000
73.7833,19.5524,-23.5383,44756.7445,3519.4812,955.8523,0.0000,0.0000,0.0000
73.8000,19.5525,-23.5200,44747.7361,3518.9772,955.4476,0.0000,0.0000,0.0000
73.8167,19.5526,-23.5017,44738.5433,3518.4549,955.0430,0.0000,0.0000,0.0000
73.8333,19.5527,-23.4833,44729.1687,3517.9144,954.6384,0.0000,0.0000,0.0000
73.8500,19.5528,-23.4650,44719.6152,3517.3561,954.2338,0.0000,0.0000,0.0000
73.8667,19.5529,-23.4467,44709.8856,3516.7803,953.8293,0.0000,0.0000,0.0000
73.8833,19.5530,-23.4283,44699.9826,3516.1872,953.4248,0.0000,0.0000,0.0000
73.9000,19.5531,-23.4100,44689.9091,3515.5772,953.0204,0.0000,0.0000,0.0000
73.9167,19.5532,-23.3917,44679.6680,3514.9505,952.6160,0.0000,0.0000,0.0000
73.9333,19.5533,-23.3733,44669.2620,3514.3074,952.2116,0.0000,0.0000,0.0000
73.9500,19.5534,-23.3550,44658.6939,3513.6481,951.8073,0.0000,0.0000,0.0000
73.9667,19.5535,-23.3367,44647.9666,3512.9730,951.4030,0.0000,0.0000,0.0000
73.9833,19.5536,-23.3183,44637.0828,3512.2824,950.9987,0.0000,0.0000,0.0000
74.0000,19.5537,-23.3000,44625.2679,3511.5752,950.5947,0.0000,0.0000,0.0000
74.0167,19.5538,-23.3000,44621.8169,3511.4805,950.5954,0.0000,0.0000,0.0000
74.0333,19.5538,-23.3000,44620.3042,3511.3729,950.5958,0.0000,0.0000,0.0000
74.0500,19.5538,-23.3000,44619.0467,3511.2566,950.5961,0.0000,0.0000,0.0000
74.0667,19.5538,-23.3000,44617.8193,3511.1346,950.5963,0.0000,0.0000,0.0000
74.0833,19.5538,-23.3000,44616.5747,3511.0091,950.5966,0.0000,0.0000,0.0000
74.1000,19.5538,-23.3000,44615.3126,3510.8819,950.5969,0.0000,0.0000,0.0000
74.1167,19.5539,-23.3000,44614.0444,3510.7545,950.5972,0.0000,0.0000,0.0000
74.1333,19.5539,-23.3000,44612.7831,3510.6284,950.5974,0.0000,0.0000,0.0000
74.1500,19.5539,-23.3000,44611.5408,3510.5047,950.5977,0.0000,0.0000,0.0000
74.1667,19.5539,-23.3000,44610.3283,3510.3845,950.5980,0.0000,0.0000,0.0000
74.1833,19.5539,-23.3000,44609.1549,3510.2685,950.5983,0.0000,0.0000,0.0000
74.2000,19.5539,-23.3000,44608.0289,3510.1576,950.5985,0.0000,0.0000,0.0000
74.2167,19.5539,-23.3000,44606.9576,3510.0526,950.5987,0.0000,0.0000,0.0000
74.2333,19.5539,-23.3000,44605.9475,3509.9539,950.5990,0.0000,0.0000,0.0000
74.2500,19.5539,-23.3000,44605.0042,3509.8621,950.5992,0.0000,0.0000,0.0000
74.2667,19.5540,-23.3000,44604.1327,3509.7778,950.5994,0.0000,0.0000,0.0000
74.2833,19.5540,-23.3000,44603.3378,3509.7013,950.5995,0.0000,0.0000,0.0000
74.3000,19.5540,-23.3000,44602.6232,3509.6331,950.5997,0.0000,0.0000,0.0000
74.3167,19.5540,-23.3000,44601.9926,3509.5734,950.5998,0.0000,0.0000,0.0000
74.3333,19.5540,-23.3000,44601.4490,3509.5226,950.6000,0.0000,0.0000,0.0000
74.3500,19.5540,-23.3000,44600.9952,3509.4808,950.6001,0.0000,0.0000,0.0000
74.3667,19.5540,-23.3000,44600.6335,3509.4484,950.6001,0.0000,0.0000,0.0000
74.3833,19.5540,-23.3000,44600.3658,3509.4255,950.6002,0.0000,0.0000,0.0000
74.4000,19.5540,-23.3000,44600.1938,3509.4123,950.6002,0.0000,0.0000,0.0000
74.4167,19.5540,-23.3000,44600.1187,3509.4088,950.6003,0.0000,0.0000,0.0000
74.4333,19.5540,-23.3000,44600.1418,3509.4152,950.6003,0.0000,0.0000,0.0000
74.4500,19.5540,-23.3000,44600.2637,3509.4316,950.6002,0.0000,0.0000,0.0000
74.4667,19.5540,-23.3000,44600.4850,3509.4579,950.6002,0.0000,0.0000,0.0000
74.4833,19.5540,-23.3000,44600.8060,3509.4942,950.6001,0.0000,0.0000,0.0000
74.5000,19.5540,-23.3000,44601.2267,3509.5406,950.6000,0.0000,0.0000,0.0000
74.5167,19.5540,-23.3000,44601.7471,3509.5969,950.5999,0.0000,0.0000,0.0000
74.5333,19.5540,-23.3000,44602.3668,3509.6632,950.5998,0.0000,0.0000,0.0000
74.5500,19.5540,-23.3000,44603.0853,3509.7393,950.5996,0.0000,0.0000,0.0000
74.5667,19.5540,-23.3000,44603.9021,3509.8253,950.5994,0.0000,0.0000,0.0000
74.5833,19.5540,-23.3000,44604.8163,3509.9210,950.5992,0.0000,0.0000,0.0000
74.6000,19.5539,-23.3000,44605.8271,3510.0263,950.5990,0.0000,0.0000,0.0000
74.6167,19.5539,-23.3000,44606.9333,3510.1412,950.5987,0.0000,0.0000,0.0000
74.6333,19.5539,-23.3000,44608.1339,3510.2654,950.5985,0.0000,0.0000,0.0000
74.6500,19.5539,-23.3000,44609.4276,3510.3990,950.5982,0.0000,0.0000,0.0000
74.6667,19.5539,-23.3000,44610.8130,3510.5416,950.5979,0.0000,0.0000,0.0000
74.6833,19.5539,-23.3000,44612.2887,3510.6933,950.5976,0.0000,0.0000,0.0000
74.7000,19.5539,-23.3000,44613.8533,3510.8538,950.5972,0.0000,0.0000,0.0000
74.7167,19.5538,-23.3000,44615.5051,3511.0230,950.5968,0.0000,0.0000,0.0000
74.7333,19.5538,-23.3000,44617.2427,3511.2008,950.5965,0.0000,0.0000,0.0000
74.7500,19.5538,-23.3000,44619.0642,3511.3868,950.5961,0.0000,0.0000,0.0000
74.7667,19.5538,-23.3000,44620.9680,3511.5811,950.5956,0.0000,0.0000,0.0000
74.7833,19.5538,-23.3000,44622.3342,3511.7378,950.5953,0.0000,0.0000,0.0000
74.8000,19.5538,-23.3000,44623.8346,3511.8988,950.5950,0.0000,0.0000,0.0000
74.8167,19.5537,-23.3000,44625.4192,3512.0641,950.5946,0.0000,0.0000,0.0000
74.8333,19.5537,-23.3000,44627.0658,3512.2338,950.5943,0.0000,0.0000,0.0000
74.8500,19.5537,-23.3000,44628.7645,3512.4080,950.5939,0.0000,0.0000,0.0000
74.8667,19.5537,-23.3000,44630.5105,3512.5865,950.5935,0.0000,0.0000,0.0000
74.8833,19.5537,-23.3000,44632.3016,3512.7693,950.5931,0.0000,0.0000,0.0000
74.9000,19.5537,-23.3000,44634.1366,3512.9565,950.5927,0.0000,0.0000,0.0000
74.9167,19.5536,-23.3000,44636.0147,3513.1479,950.5923,0.0000,0.0000,0.0000
74.9333,19.5536,-23.3000,44637.9352,3513.3435,950.5919,0.0000,0.0000,0.0000
74.9500,19.5536,-23.3000,44639.8977,3513.5433,950.5914,0.0000,0.0000,0.0000
74.9667,19.5536,-23.3000,44641.9018,3513.7473,950.5910,0.0000,0.0000,0.0000
74.9833,19.5536,-23.3000,44643.9471,3513.9553,950.5905,0.0000,0.0000,0.0000
75.0000,19.5535,-23.3000,44646.0330,3514.1673,950.5901,0.0000,0.0000,0.0000
75.0167,19.5535,-23.3000,44649.4349,3514.4630,950.5893,0.0000,0.0000,0.0000
75.0333,19.5535,-23.3000,44652.5461,3514.7662,950.5886,0.0000,0.0000,0.0000
75.0500,19.5534,-23.3000,44655.6215,3515.0734,950.5879,0.0000,0.0000,0.0000
75.0667,19.5534,-23.3000,44658.3572,3515.3634,950.5873,0.0000,0.0000,0.0000
75.0833,19.5534,-23.3000,44661.1982,3515.6522,950.5867,0.0000,0.0000,0.0000
75.1000,19.5534,-23.3000,44664.0539,3515.9389,950.5861,0.0000,0.0000,0.0000
75.1167,19.5533,-23.3000,44666.8929,3516.2227,950.5854,0.0000,0.0000,0.0000
75.1333,19.5533,-23.3000,44669.7020,3516.5030,950.5848,0.0000,0.0000,0.0000
75.1500,19.5533,-23.3000,44672.4744,3516.7793,950.5842,0.0000,0.0000,0.0000
75.1667,19.5532,-23.3000,44675.2068,3517.0515,950.5836,0.0000,0.0000,0.0000
75.1833,19.5532,-23.3000,44677.8978,3517.3194,950.5830,0.0000,0.0000,0.0000
75.2000,19.5532,-23.3000,44680.5474,3517.5833,950.5824,0.0000,0.0000,0.0000
75.2167,19.5532,-23.3000,44683.1561,3517.8430,950.5818,0.0000,0.0000,0.0000
75.2333,19.5531,-23.3000,44685.7254,3518.0989,950.5813,0.0000,0.0000,0.0000
75.2500,19.5531,-23.3000,44688.2568,3518.3510,950.5807,0.0000,0.0000,0.0000
75.2667,19.5531,-23.3000,44690.7522,3518.5996,950.5802,0.0000,0.0000,0.0000
75.2833,19.5531,-23.3000,44693.2135,3518.8448,950.5796,0.0000,0.0000,0.0000
75.3000,19.5530,-23.3000,44695.6427,3519.0869,950.5791,0.0000,0.0000,0.0000
75.3167,19.5530,-23.3000,44698.0416,3519.3261,950.5785,0.0000,0.0000,0.0000
75.3333,19.5530,-23.3000,44700.4122,3519.5625,950.5780,0.0000,0.0000,0.0000
75.3500,19.5530,-23.3000,44702.7563,3519.7963,950.5775,0.0000,0.0000,0.0000
75.3667,19.5529,-23.3000,44705.0755,3520.0277,950.5770,0.0000,0.0000,0.0000
75.3833,19.5529,-23.3000,44707.3716,3520.2569,950.5765,0.0000,0.0000,0.0000
75.4000,19.5529,-23.3000,44709.6460,3520.4839,950.5760,0.0000,0.0000,0.0000
75.4167,19.5529,-23.3000,44711.9003,3520.7090,950.5755,0.0000,0.0000,0.0000
75.4333,19.5529,-23.3000,44714.1357,3520.9323,950.5750,0.0000,0.0000,0.0000
75.4500,19.5528,-23.3000,44716.3538,3521.1538,950.5745,0.0000,0.0000,0.0000
75.4667,19.5528,-23.3000,44718.5555,3521.3738,950.5740,0.0000,0.0000,0.0000
75.4833,19.5528,-23.3000,44720.7422,3521.5923,950.5735,0.0000,0.0000,0.0000
75.5000,19.5528,-23.3000,44722.2419,3521.7607,950.5732,0.0000,0.0000,0.0000
75.5167,19.5528,-23.3000,44723.8335,3521.9278,950.5728,0.0000,0.0000,0.0000
75.5333,19.5527,-23.3000,44725.4612,3522.0939,950.5725,0.0000,0.0000,0.0000
75.5500,19.5527,-23.3000,44727.1007,3522.2592,950.5721,0.0000,0.0000,0.0000
75.5667,19.5527,-23.3000,44728.7419,3522.4239,950.5717,0.0000,0.0000,0.0000
75.5833,19.5527,-23.3000,44730.3805,3522.5879,950.5714,0.0000,0.0000,0.0000
75.6000,19.5527,-23.3000,44732.0149,3522.7514,950.5710,0.0000,0.0000,0.0000
75.6167,19.5527,-23.3000,44733.6446,3522.9144,950.5706,0.0000,0.0000,0.0000
75.6333,19.5526,-23.3000,44735.2698,3523.0770,950.5703,0.0000,0.0000,0.0000
75.6500,19.5526,-23.3000,44736.8907,3523.2391,950.5699,0.0000,0.0000,0.0000
75.6667,19.5526,-23.3000,44738.5076,3523.4009,950.5696,0.0000,0.0000,0.0000
75.6833,19.5526,-23.3000,44740.1209,3523.5623,950.5692,0.0000,0.0000,0.0000
75.7000,19.5526,-23.3000,44741.7309,3523.7234,950.5688,0.0000,0.0000,0.0000
75.7167,19.5526,-23.3000,44743.3379,3523.8842,950.5685,0.0000,0.0000,0.0000
75.7333,19.5526,-23.3000,44744.9423,3524.0448,950.5681,0.0000,0.0000,0.0000
75.7500,19.5525,-23.3000,44746.5445,3524.2052,950.5678,0.0000,0.0000,0.0000
75.7667,19.5525,-23.3000,44748.1446,3524.3654,950.5674,0.0000,0.0000,0.0000
75.7833,19.5525,-23.3000,44749.7431,3524.5255,950.5671,0.0000,0.0000,0.0000
75.8000,19.5525,-23.3000,44751.3401,3524.6855,950.5667,0.0000,0.0000,0.0000
75.8167,19.5525,-23.3000,44752.9359,3524.8453,950.5664,0.0000,0.0000,0.0000
75.8333,19.5525,-23.3000,44754.5308,3525.0051,950.5660,0.0000,0.0000,0.0000
75.8500,19.5524,-23.3000,44756.1249,3525.1648,950.5657,0.0000,0.0000,0.0000
75.8667,19.5524,-23.3000,44757.7185,3525.3245,950.5653,0.0000,0.0000,0.0000
75.8833,19.5524,-23.3000,44759.3118,3525.4841,950.5649,0.0000,0.0000,0.0000
75.9000,19.5524,-23.3000,44760.9049,3525.6438,950.5646,0.0000,0.0000,0.0000
75.9167,19.5524,-23.3000,44762.4981,3525.8034,950.5642,0.0000,0.0000,0.0000
75.9333,19.5524,-23.3000,44764.0914,3525.9631,950.5639,0.0000,0.0000,0.0000
75.9500,19.5523,-23.3000,44765.6850,3526.1229,950.5635,0.0000,0.0000,0.0000
75.9667,19.5523,-23.3000,44767.2791,3526.2827,950.5632,0.0000,0.0000,0.0000
75.9833,19.5523,-23.3000,44768.8737,3526.4425,950.5628,0.0000,0.0000,0.0000
76.0000,19.5523,-23.3000,44770.4691,3526.6025,950.5625,0.0000,0.0000,0.0000
76.0167,19.5523,-23.3000,44772.0651,3526.7625,950.5621,0.0000,0.0000,0.0000
76.0333,19.5523,-23.3000,44773.6618,3526.9225,950.5618,0.0000,0.0000,0.0000
76.0500,19.5522,-23.3000,44775.2588,3527.0826,950.5614,0.0000,0.0000,0.0000
76.0667,19.5522,-23.3000,44776.8558,3527.2427,950.5611,0.0000,0.0000,0.0000
76.0833,19.5522,-23.3000,44778.4521,3527.4026,950.5607,0.0000,0.0000,0.0000
76.1000,19.5522,-23.3000,44780.0470,3527.5624,950.5603,0.0000,0.0000,0.0000
76.1167,19.5522,-23.3000,44781.6395,3527.7218,950.5600,0.0000,0.0000,0.0000
76.1333,19.5522,-23.3000,44783.2288,3527.8808,950.5596,0.0000,0.0000,0.0000
76.1500,19.5522,-23.3000,44784.8138,3528.0394,950.5593,0.0000,0.0000,0.0000
76.1667,19.5521,-23.3000,44786.3932,3528.1973,950.5589,0.0000,0.0000,0.0000
76.1833,19.5521,-23.3000,44787.9660,3528.3544,950.5586,0.0000,0.0000,0.0000
76.2000,19.5521,-23.3000,44789.5311,3528.5107,950.5582,0.0000,0.0000,0.0000
76.2167,19.5521,-23.3000,44791.0872,3528.6660,950.5579,0.0000,0.0000,0.0000
76.2333,19.5521,-23.3000,44792.6332,3528.8202,950.5576,0.0000,0.0000,0.0000
76.2500,19.5521,-23.3000,44794.1681,3528.9732,950.5572,0.0000,0.0000,0.0000
76.2667,19.5520,-23.3000,44795.6909,3529.1249,950.5569,0.0000,0.0000,0.0000
76.2833,19.5520,-23.3000,44797.2005,3529.2753,950.5565,0.0000,0.0000,0.0000
76.3000,19.5520,-23.3000,44798.6960,3529.4241,950.5562,0.0000,0.0000,0.0000
76.3167,19.5520,-23.3000,44800.1765,3529.5714,950.5559,0.0000,0.0000,0.0000
76.3333,19.5520,-23.3000,44801.6411,3529.7170,950.5556,0.0000,0.0000,0.0000
76.3500,19.5520,-23.3000,44803.0891,3529.8609,950.5552,0.0000,0.0000,0.0000
76.3667,19.5520,-23.3000,44804.5197,3530.0030,950.5549,0.0000,0.0000,0.0000
76.3833,19.5519,-23.3000,44805.9322,3530.1432,950.5546,0.0000,0.0000,0.0000
76.4000,19.5519,-23.3000,44807.3261,3530.2815,950.5543,0.0000,0.0000,0.0000
76.4167,19.5519,-23.3000,44808.7006,3530.4179,950.5540,0.0000,0.0000,0.0000
76.4333,19.5519,-23.3000,44810.0554,3530.5522,950.5537,0.0000,0.0000,0.0000
76.4500,19.5519,-23.3000,44811.3898,3530.6844,950.5534,0.0000,0.0000,0.0000
76.4667,19.5519,-23.3000,44812.7035,3530.8145,950.5531,0.0000,0.0000,0.0000
76.4833,19.5519,-23.3000,44813.9959,3530.9425,950.5528,0.0000,0.0000,0.0000
76.5000,19.5518,-23.3000,44815.2669,3531.0683,950.5525,0.0000,0.0000,0.0000
76.5167,19.5518,-23.3000,44816.5159,3531.1919,950.5523,0.0000,0.0000,0.0000
76.5333,19.5518,-23.3000,44817.7427,3531.3132,950.5520,0.0000,0.0000,0.0000
76.5500,19.5518,-23.3000,44818.9470,3531.4322,950.5517,0.0000,0.0000,0.0000
76.5667,19.5518,-23.3000,44820.1287,3531.5490,950.5515,0.0000,0.0000,0.0000
76.5833,19.5518,-23.3000,44821.2874,3531.6634,950.5512,0.0000,0.0000,0.0000
76.6000,19.5518,-23.3000,44822.4230,3531.7755,950.5509,0.0000,0.0000,0.0000
76.6167,19.5518,-23.3000,44823.5354,3531.8853,950.5507,0.0000,0.0000,0.0000
76.6333,19.5518,-23.3000,44824.6244,3531.9927,950.5505,0.0000,0.0000,0.0000
76.6500,19.5517,-23.3000,44825.6899,3532.0977,950.5502,0.0000,0.0000,0.0000
76.6667,19.5517,-23.3000,44826.7319,3532.2004,950.5500,0.0000,0.0000,0.0000
76.6833,19.5517,-23.3000,44827.7502,3532.3007,950.5498,0.0000,0.0000,0.0000
76.7000,19.5517,-23.3000,44828.7448,3532.3987,950.5495,0.0000,0.0000,0.0000
76.7167,19.5517,-23.3000,44829.7157,3532.4942,950.5493,0.0000,0.0000,0.0000
76.7333,19.5517,-23.3000,44830.6629,3532.5874,950.5491,0.0000,0.0000,0.0000
76.7500,19.5517,-23.3000,44831.5864,3532.6782,950.5489,0.0000,0.0000,0.0000
76.7667,19.5517,-23.3000,44832.4861,3532.7666,950.5487,0.0000,0.0000,0.0000
76.7833,19.5517,-23.3000,44833.3622,3532.8527,950.5485,0.0000,0.0000,0.0000
76.8000,19.5517,-23.3000,44834.2147,3532.9363,950.5483,0.0000,0.0000,0.0000
76.8167,19.5516,-23.3000,44835.0436,3533.0177,950.5481,0.0000,0.0000,0.0000
76.8333,19.5516,-23.3000,44835.8490,3533.0967,950.5480,0.0000,0.0000,0.0000
76.8500,19.5516,-23.3000,44836.6310,3533.1733,950.5478,0.0000,0.0000,0.0000
76.8667,19.5516,-23.3000,44837.3896,3533.2476,950.5476,0.0000,0.0000,0.0000
76.8833,19.5516,-23.3000,44838.1250,3533.3196,950.5475,0.0000,0.0000,0.0000
76.9000,19.5516,-23.3000,44838.8373,3533.3893,950.5473,0.0000,0.0000,0.0000
76.9167,19.5516,-23.3000,44839.5265,3533.4566,950.5472,0.0000,0.0000,0.0000
76.9333,19.5516,-23.3000,44840.1928,3533.5217,950.5470,0.0000,0.0000,0.0000
76.9500,19.5516,-23.3000,44840.8363,3533.5845,950.5469,0.0000,0.0000,0.0000
76.9667,19.5516,-23.3000,44841.4572,3533.6451,950.5467,0.0000,0.0000,0.0000
76.9833,19.5516,-23.3000,44842.0555,3533.7034,950.5466,0.0000,0.0000,0.0000
77.0000,19.5516,-23.3000,44842.9874,3533.7822,950.5464,0.0000,0.0000,0.0000
77.0167,19.5516,-23.3000,44843.7960,3533.8595,950.5462,0.0000,0.0000,0.0000
77.0333,19.5516,-23.3000,44844.5804,3533.9374,950.5460,0.0000,0.0000,0.0000
77.0500,19.5515,-23.3000,44845.3819,3534.0183,950.5459,0.0000,0.0000,0.0000
77.0667,19.5515,-23.3000,44846.2259,3534.1043,950.5457,0.0000,0.0000,0.0000
77.0833,19.5515,-23.3000,44847.0265,3534.1910,950.5455,0.0000,0.0000,0.0000
77.1000,19.5515,-23.3000,44847.9196,3534.2843,950.5453,0.0000,0.0000,0.0000
77.1167,19.5515,-23.3000,44848.8896,3534.3847,950.5451,0.0000,0.0000,0.0000
77.1333,19.5515,-23.3000,44849.9332,3534.4924,950.5448,0.0000,0.0000,0.0000
77.1500,19.5515,-23.3000,44851.0489,3534.6072,950.5446,0.0000,0.0000,0.0000
77.1667,19.5515,-23.3000,44852.2346,3534.7289,950.5443,0.0000,0.0000,0.0000
77.1833,19.5515,-23.3000,44853.4874,3534.8573,950.5441,0.0000,0.0000,0.0000
77.2000,19.5515,-23.3000,44854.8038,3534.9919,950.5438,0.0000,0.0000,0.0000
77.2167,19.5514,-23.3000,44856.1799,3535.1323,950.5435,0.0000,0.0000,0.0000
77.2333,19.5514,-23.3000,44857.6115,3535.2781,950.5431,0.0000,0.0000,0.0000
77.2500,19.5514,-23.3000,44859.0945,3535.4289,950.5428,0.0000,0.0000,0.0000
77.2667,19.5514,-23.3000,44860.6250,3535.5842,950.5425,0.0000,0.0000,0.0000
77.2833,19.5514,-23.3000,44862.1990,3535.7438,950.5421,0.0000,0.0000,0.0000
77.3000,19.5514,-23.3000,44863.8129,3535.9072,950.5418,0.0000,0.0000,0.0000
77.3167,19.5513,-23.3000,44865.4632,3536.0741,950.5414,0.0000,0.0000,0.0000
77.3333,19.5513,-23.3000,44867.1467,3536.2442,950.5410,0.0000,0.0000,0.0000
77.3500,19.5513,-23.3000,44868.8604,3536.4172,950.5406,0.0000,0.0000,0.0000
77.3667,19.5513,-23.3000,44870.6014,3536.5929,950.5403,0.0000,0.0000,0.0000
77.3833,19.5513,-23.3000,44872.3671,3536.7708,950.5399,0.0000,0.0000,0.0000
77.4000,19.5513,-23.3000,44874.1550,3536.9510,950.5395,0.0000,0.0000,0.0000
77.4167,19.5512,-23.3000,44875.9631,3537.1330,950.5391,0.0000,0.0000,0.0000
77.4333,19.5512,-23.3000,44877.7891,3537.3168,950.5387,0.0000,0.0000,0.0000
77.4500,19.5512,-23.3000,44879.6312,3537.5021,950.5383,0.0000,0.0000,0.0000
77.4667,19.5512,-23.3000,44881.4876,3537.6887,950.5378,0.0000,0.0000,0.0000
77.4833,19.5512,-23.3000,44883.3567,3537.8766,950.5374,0.0000,0.0000,0.0000
77.5000,19.5511,-23.3000,44885.2370,3538.0655,950.5370,0.0000,0.0000,0.0000
77.5167,19.5511,-23.3000,44887.1271,3538.2553,950.5366,0.0000,0.0000,0.0000
77.5333,19.5511,-23.3000,44889.0257,3538.4459,950.5362,0.0000,0.0000,0.0000
77.5500,19.5511,-23.3000,44890.9317,3538.6373,950.5357,0.0000,0.0000,0.0000
77.5667,19.5511,-23.3000,44892.2517,3538.7862,950.5355,0.0000,0.0000,0.0000
77.5833,19.5511,-23.3000,44893.6622,3538.9349,950.5351,0.0000,0.0000,0.0000
77.6000,19.5510,-23.3000,44895.1134,3539.0836,950.5348,0.0000,0.0000,0.0000
77.6167,19.5510,-23.3000,44896.5834,3539.2325,950.5345,0.0000,0.0000,0.0000
77.6333,19.5510,-23.3000,44898.0625,3539.3814,950.5342,0.0000,0.0000,0.0000
77.6500,19.5510,-23.3000,44899.5465,3539.5306,950.5338,0.0000,0.0000,0.0000
77.6667,19.5510,-23.3000,44901.0334,3539.6798,950.5335,0.0000,0.0000,0.0000
77.6833,19.5510,-23.3000,44902.5222,3539.8292,950.5332,0.0000,0.0000,0.0000
77.7000,19.5510,-23.3000,44904.0124,3539.9786,950.5328,0.0000,0.0000,0.0000
77.7167,19.5509,-23.3000,44905.5038,3540.1282,950.5325,0.0000,0.0000,0.0000
77.7333,19.5509,-23.3000,44906.9961,3540.2778,950.5322,0.0000,0.0000,0.0000
77.7500,19.5509,-23.3000,44908.4893,3540.4275,950.5319,0.0000,0.0000,0.0000
77.7667,19.5509,-23.3000,44909.9832,3540.5773,950.5315,0.0000,0.0000,0.0000
77.7833,19.5509,-23.3000,44911.4777,3540.7271,950.5312,0.0000,0.0000,0.0000
77.8000,19.5509,-23.3000,44912.9728,3540.8770,950.5309,0.0000,0.0000,0.0000
77.8167,19.5509,-23.3000,44914.4684,3541.0269,950.5305,0.0000,0.0000,0.0000
77.8333,19.5508,-23.3000,44915.9645,3541.1769,950.5302,0.0000,0.0000,0.0000
77.8500,19.5508,-23.3000,44917.4609,3541.3269,950.5299,0.0000,0.0000,0.0000
77.8667,19.5508,-23.3000,44918.9578,3541.4770,950.5295,0.0000,0.0000,0.0000
77.8833,19.5508,-23.3000,44920.4549,3541.6270,950.5292,0.0000,0.0000,0.0000
77.9000,19.5508,-23.3000,44921.9524,3541.7771,950.5289,0.0000,0.0000,0.0000
77.9167,19.5508,-23.3000,44923.4501,3541.9273,950.5285,0.0000,0.0000,0.0000
77.9333,19.5508,-23.3000,44924.9480,3542.0774,950.5282,0.0000,0.0000,0.0000
77.9500,19.5507,-23.3000,44926.4461,3542.2276,950.5279,0.0000,0.0000,0.0000
77.9667,19.5507,-23.3000,44927.9444,3542.3777,950.5275,0.0000,0.0000,0.0000
77.9833,19.5507,-23.3000,44929.4429,3542.5279,950.5272,0.0000,0.0000,0.0000
78.0000,19.5507,-23.3000,44930.9415,3542.6781,950.5269,0.0000,0.0000,0.0000
78.0167,19.5506,-23.3100,44935.4084,3543.1476,950.7477,3.4716,0.0000,0.0000
78.0333,19.5506,-23.3200,44941.0465,3543.5879,950.9683,6.9432,0.0000,0.0000
78.0500,19.5505,-23.3300,44947.0844,3544.0053,951.1888,10.4148,0.0000,0.0000
78.0667,19.5505,-23.3400,44953.1961,3544.4034,951.4092,13.8864,0.0000,0.0000
78.0833,19.5504,-23.3500,44959.2483,3544.7845,951.6297,17.3580,0.0000,0.0000
78.1000,19.5503,-23.3600,44965.1902,3545.1503,951.8502,20.8296,0.0000,0.0000
78.1167,19.5503,-23.3700,44971.0054,3545.5021,952.0707,24.3012,0.0000,0.0000
78.1333,19.5502,-23.3800,44976.6918,3545.8406,952.2913,27.7728,0.0000,0.0000
78.1500,19.5502,-23.3900,44982.2526,3546.1668,952.5119,31.2444,0.0000,0.0000
78.1667,19.5501,-23.4000,44987.6926,3546.4813,952.7325,34.7160,0.0000,0.0000
78.1833,19.5501,-23.4100,44993.0167,3546.7844,952.9532,38.1876,0.0000,0.0000
78.2000,19.5500,-23.4200,44998.2296,3547.0768,953.1738,41.6592,0.0000,0.0000
78.2167,19.5500,-23.4300,45003.3354,3547.3588,953.3945,45.1308,0.0000,0.0000
78.2333,19.5499,-23.4400,45008.3378,3547.6306,953.6152,48.6024,0.0000,0.0000
78.2500,19.5499,-23.4500,45013.2399,3547.8927,953.8360,52.0740,0.0000,0.0000
78.2667,19.5498,-23.4600,45018.0444,3548.1452,954.0567,55.5456,0.0000,0.0000
78.2833,19.5498,-23.4700,45022.7537,3548.3883,954.2775,59.0172,0.0000,0.0000
78.3000,19.5497,-23.4800,45027.3699,3548.6222,954.4983,62.4888,0.0000,0.0000
78.3167,19.5497,-23.4900,45031.8948,3548.8471,954.7191,65.9604,0.0000,0.0000
78.3333,19.5496,-23.5000,45036.3300,3549.0632,954.9400,69.4320,0.0000,0.0000
78.3500,19.5496,-23.5100,45040.6769,3549.2705,955.1608,72.9036,0.0000,0.0000
78.3667,19.5496,-23.5200,45044.9367,3549.4691,955.3817,76.3752,0.0000,0.0000
78.3833,19.5495,-23.5300,45049.1104,3549.6593,955.6026,79.8468,0.0000,0.0000
78.4000,19.5495,-23.5400,45053.1990,3549.8409,955.8235,83.3184,0.0000,0.0000
78.4167,19.5494,-23.5500,45057.2032,3550.0142,956.0444,86.7900,0.0000,0.0000
78.4333,19.5494,-23.5600,45061.1239,3550.1791,956.2654,90.2616,0.0000,0.0000
78.4500,19.5494,-23.5700,45064.9615,3550.3358,956.4864,93.7332,0.0000,0.0000
78.4667,19.5493,-23.5800,45068.7167,3550.4842,956.7074,97.2048,0.0000,0.0000
78.4833,19.5493,-23.5900,45072.3899,3550.6245,956.9284,100.6764,0.0000,0.0000
78.5000,19.5492,-23.6000,45075.9815,3550.7566,957.1494,104.1480,0.0000,0.0000
78.5167,19.5492,-23.6100,45079.4918,3550.8806,957.3704,107.6196,0.0000,0.0000
78.5333,19.5492,-23.6200,45082.9211,3550.9965,957.5915,111.0912,0.0000,0.0000
78.5500,19.5491,-23.6300,45086.2696,3551.1043,957.8126,114.5628,0.0000,0.0000
78.5667,19.5491,-23.6400,45089.5375,3551.2040,958.0337,118.0344,0.0000,0.0000
78.5833,19.5491,-23.6500,45092.7249,3551.2957,958.2548,121.5060,0.0000,0.0000
78.6000,19.5490,-23.6600,45095.8320,3551.3794,958.4759,124.9776,0.0000,0.0000
78.6167,19.5490,-23.6700,45098.8589,3551.4550,958.6971,128.4492,0.0000,0.0000
78.6333,19.5490,-23.6800,45101.8056,3551.5226,958.9182,131.9208,0.0000,0.0000
78.6500,19.5490,-23.6900,45104.6720,3551.5821,959.1394,135.3924,0.0000,0.0000
78.6667,19.5489,-23.7000,45107.4583,3551.6336,959.3606,138.8640,0.0000,0.0000
78.6833,19.5489,-23.7100,45110.1643,3551.6771,959.5819,142.3356,0.0000,0.0000
78.7000,19.5489,-23.7200,45112.7901,3551.7125,959.8031,145.8072,0.0000,0.0000
78.7167,19.5488,-23.7300,45115.3355,3551.7399,960.0244,149.2788,0.0000,0.0000
78.7333,19.5488,-23.7400,45117.8004,3551.7592,960.2456,152.7504,0.0000,0.0000
78.7500,19.5488,-23.7500,45120.1848,3551.7704,960.4669,156.2220,0.0000,0.0000
78.7667,19.5488,-23.7600,45122.4884,3551.7735,960.6882,159.6936,0.0000,0.0000
78.7833,19.5488,-23.7700,45124.7112,3551.7685,960.9096,163.1652,0.0000,0.0000
78.8000,19.5487,-23.7800,45126.8530,3551.7553,961.1309,166.6368,0.0000,0.0000
78.8167,19.5487,-23.7900,45128.9136,3551.7340,961.3523,170.1084,0.0000,0.0000
78.8333,19.5487,-23.8000,45130.8927,3551.7046,961.5737,173.5800,0.0000,0.0000
78.8500,19.5487,-23.8100,45132.7901,3551.6669,961.7951,177.0516,0.0000,0.0000
78.8667,19.5487,-23.8200,45134.6057,3551.6210,962.0165,180.5232,0.0000,0.0000
78.8833,19.5486,-23.8300,45136.3391,3551.5669,962.2379,183.9948,0.0000,0.0000
78.9000,19.5486,-23.8400,45137.9901,3551.5044,962.4594,187.4664,0.0000,0.0000
78.9167,19.5486,-23.8500,45139.5583,3551.4337,962.6809,190.9380,0.0000,0.0000
78.9333,19.5486,-23.8600,45141.0434,3551.3546,962.9024,194.4096,0.0000,0.0000
78.9500,19.5486,-23.8700,45142.4451,3551.2671,963.1239,197.8812,0.0000,0.0000
78.9667,19.5486,-23.8800,45143.7630,3551.1712,963.3454,201.3528,0.0000,0.0000
78.9833,19.5486,-23.8900,45144.9967,3551.0669,963.5669,204.8244,0.0000,0.0000
79.0000,19.5485,-23.9000,45146.1458,3550.9540,963.7885,208.2960,0.0000,0.0000
79.0167,19.5487,-23.8817,45133.2185,3549.5312,963.3847,226.4430,0.0000,0.0000
79.0333,19.5488,-23.8633,45115.3964,3548.0019,962.9820,244.5900,0.0000,0.0000
79.0500,19.5490,-23.8450,45095.6753,3546.3727,962.5797,262.7370,0.0000,0.0000
79.0667,19.5493,-23.8267,45074.8257,3544.6540,962.1776,280.8840,0.0000,0.0000
79.0833,19.5494,-23.8083,45055.0386,3542.9251,961.7753,299.0310,0.0000,0.0000
79.1000,19.5497,-23.7900,45033.6662,3541.1259,961.3734,317.1780,0.0000,0.0000
79.1167,19.5499,-23.7717,45011.3852,3539.2625,960.9717,335.3250,0.0000,0.0000
79.1333,19.5501,-23.7533,44988.4336,3537.3413,960.5701,353.4720,0.0000,0.0000
79.1500,19.5504,-23.7350,44964.9256,3535.3691,960.1686,371.6190,0.0000,0.0000
79.1667,19.5506,-23.7167,44940.9390,3533.3521,959.7673,389.7660,0.0000,0.0000
79.1833,19.5508,-23.6983,44916.5408,3531.2967,959.3660,407.9130,0.0000,0.0000
79.2000,19.5511,-23.6800,44891.7951,3529.2092,958.9648,426.0600,0.0000,0.0000
79.2167,19.5513,-23.6617,44866.7662,3527.0961,958.5637,444.2070,0.0000,0.0000
79.2333,19.5516,-23.6433,44841.5206,3524.9641,958.1626,462.3540,0.0000,0.0000
79.2500,19.5518,-23.6250,44816.1290,3522.8205,957.7616,480.5010,0.0000,0.0000
79.2667,19.5521,-23.6067,44790.6683,3520.6733,957.3606,498.6480,0.0000,0.0000
79.2833,19.5523,-23.5883,44765.2251,3518.5317,956.9595,516.7950,0.0000,0.0000
79.3000,19.5526,-23.5700,44739.9000,3516.4064,956.5585,534.9420,0.0000,0.0000
79.3167,19.5529,-23.5517,44714.8150,3514.3106,956.1574,553.0890,0.0000,0.0000
79.3333,19.5531,-23.5333,44690.1264,3512.2618,955.7562,571.2360,0.0000,0.0000
79.3500,19.5534,-23.5150,44663.7728,3510.2025,955.3553,589.3830,0.0000,0.0000
79.3667,19.5536,-23.4967,44639.7585,3508.2782,954.9540,607.5300,0.0000,0.0000
79.3833,19.5538,-23.4783,44618.3888,3506.6429,954.5520,625.6770,0.0000,0.0000
79.4000,19.5541,-23.4600,44593.5317,3504.3563,954.1509,643.8240,0.0000,0.0000
79.4167,19.5544,-23.4417,44561.3281,3501.3433,953.7514,661.9710,0.0000,0.0000
79.4333,19.5548,-23.4233,44524.4288,3497.9062,953.3529,680.1180,0.0000,0.0000
79.4500,19.5552,-23.4050,44483.8516,3494.1304,952.9552,698.2650,0.0000,0.0000
79.4667,19.5556,-23.3867,44440.1688,3490.0606,952.5582,716.4120,0.0000,0.0000
79.4833,19.5561,-23.3683,44393.7278,3485.7250,952.1618,734.5590,0.0000,0.0000
79.5000,19.5566,-23.3500,44344.7582,3481.1431,951.7660,752.7060,0.0000,0.0000
79.5167,19.5571,-23.3317,44293.4236,3476.3292,951.3707,770.8530,0.0000,0.0000
79.5333,19.5576,-23.3133,44239.8467,3471.2945,950.9759,789.0000,0.0000,0.0000
79.5500,19.5582,-23.2950,44184.1233,3466.0476,950.5816,807.1470,0.0000,0.0000
79.5667,19.5587,-23.2767,44126.3309,3460.5958,950.1878,825.2940,0.0000,0.0000
79.5833,19.5593,-23.2583,44066.5333,3454.9451,949.7944,843.4410,0.0000,0.0000
79.6000,19.5600,-23.2400,44004.7843,3449.1005,949.4014,861.5880,0.0000,0.0000
79.6167,19.5606,-23.2217,43941.1299,3443.0664,949.0088,879.7350,0.0000,0.0000
79.6333,19.5612,-23.2033,43875.6104,3436.8466,948.6167,897.8820,0.0000,0.0000
79.6500,19.5619,-23.1850,43808.2612,3430.4446,948.2249,916.0290,0.0000,0.0000
79.6667,19.5626,-23.1667,43739.1223,3423.8645,947.8336,934.1760,0.0000,0.0000
79.6833,19.5633,-23.1483,43668.2371,3417.1107,947.4427,952.3230,0.0000,0.0000
79.7000,19.5640,-23.1300,43595.6462,3410.1874,947.0521,970.4700,0.0000,0.0000
79.7167,19.5648,-23.1117,43521.3833,3403.0975,946.6619,988.6170,0.0000,0.0000
79.7333,19.5655,-23.0933,43445.4742,3395.8434,946.2720,1006.7640,0.0000,0.0000
79.7500,19.5663,-23.0750,43367.9386,3388.4270,945.8826,1024.9110,0.0000,0.0000
79.7667,19.5671,-23.0567,43288.7917,3380.8496,945.4934,1043.0580,0.0000,0.0000
79.7833,19.5679,-23.0383,43208.0462,3373.1123,945.1047,1061.2050,0.0000,0.0000
79.8000,19.5687,-23.0200,43125.7134,3365.2164,944.7163,1079.3520,0.0000,0.0000
79.8167,19.5696,-23.0017,43041.8038,3357.1627,944.3282,1097.4990,0.0000,0.0000
79.8333,19.5704,-22.9833,42956.3282,3348.9525,943.9405,1115.6460,0.0000,0.0000
79.8500,19.5713,-22.9650,42869.2968,3340.5866,943.5531,1133.7930,0.0000,0.0000
79.8667,19.5722,-22.9467,42780.7205,3332.0663,943.1661,1151.9400,0.0000,0.0000
79.8833,19.5731,-22.9283,42690.6100,3323.3925,942.7794,1170.0870,0.0000,0.0000
79.9000,19.5740,-22.9100,42598.9760,3314.5665,942.3931,1188.2340,0.0000,0.0000
79.9167,19.5749,-22.8917,42505.8297,3305.5892,942.0070,1206.3810,0.0000,0.0000
79.9333,19.5759,-22.8733,42411.1821,3296.4618,941.6214,1224.5280,0.0000,0.0000
79.9500,19.5768,-22.8550,42315.0443,3287.1854,941.2360,1242.6750,0.0000,0.0000
79.9667,19.5778,-22.8367,42217.4275,3277.7611,940.8510,1260.8220,0.0000,0.0000
79.9833,19.5788,-22.8183,42118.3431,3268.1901,940.4663,1278.9690,0.0000,0.0000
80.0000,19.5798,-22.8000,42017.8024,3258.4735,940.0819,1297.1160,0.0000,0.0000
80.0167,19.5810,-22.7533,41903.6983,3247.6625,939.0721,1314.7896,0.0000,0.0000
80.0333,19.5821,-22.7067,41785.5311,3236.7298,938.0631,1332.4632,0.0000,0.0000
80.0500,19.5833,-22.6600,41665.4095,3225.6645,937.0546,1350.1368,0.0000,0.0000
80.0667,19.5846,-22.6133,41543.8002,3214.4642,936.0464,1367.8104,0.0000,0.0000
80.0833,19.5858,-22.5667,41420.8049,3203.1280,935.0385,1385.4840,0.0000,0.0000
80.1000,19.5870,-22.5200,41296.4443,3191.6556,934.0309,1403.1576,0.0000,0.0000
80.1167,19.5883,-22.4733,41170.7216,3180.0468,933.0236,1420.8312,0.0000,0.0000
80.1333,19.5896,-22.4267,41043.6360,3168.3014,932.0166,1438.5048,0.0000,0.0000
80.1500,19.5908,-22.3800,40915.1867,3156.4192,931.0099,1456.1784,0.0000,0.0000
80.1667,19.5921,-22.3333,40785.3733,3144.4004,930.0036,1473.8520,0.0000,0.0000
80.1833,19.5935,-22.2867,40654.1959,3132.2448,928.9975,1491.5256,0.0000,0.0000
80.2000,19.5948,-22.2400,40521.6557,3119.9527,927.9917,1509.1992,0.0000,0.0000
80.2167,19.5961,-22.1933,40387.7546,3107.5243,926.9862,1526.8728,0.0000,0.0000
80.2333,19.5975,-22.1467,40252.4952,3094.9598,925.9811,1544.5464,0.0000,0.0000
80.2500,19.5988,-22.1000,40115.8811,3082.2597,924.9762,1562.2200,0.0000,0.0000
80.2667,19.6002,-22.0533,39977.9166,3069.4244,923.9716,1579.8936,0.0000,0.0000
80.2833,19.6016,-22.0067,39838.6067,3056.4543,922.9674,1597.5672,0.0000,0.0000
80.3000,19.6030,-21.9600,39697.9571,3043.3503,921.9634,1615.2408,0.0000,0.0000
80.3167,19.6044,-21.9133,39555.9741,3030.1127,920.9597,1632.9144,0.0000,0.0000
80.3333,19.6059,-21.8667,39412.6648,3016.7425,919.9563,1650.5880,0.0000,0.0000
80.3500,19.6073,-21.8200,39268.0367,3003.2404,918.9532,1668.2616,0.0000,0.0000
80.3667,19.6088,-21.7733,39122.0977,2989.6071,917.9504,1685.9352,0.0000,0.0000
80.3833,19.6103,-21.7267,38974.8565,2975.8436,916.9479,1703.6088,0.0000,0.0000
80.4000,19.6117,-21.6800,38826.3221,2961.9508,915.9457,1721.2824,0.0000,0.0000
80.4167,19.6132,-21.6333,38676.5038,2947.9296,914.9438,1738.9560,0.0000,0.0000
80.4333,19.6147,-21.5867,38525.4115,2933.7811,913.9421,1756.6296,0.0000,0.0000
80.4500,19.6163,-21.5400,38373.0551,2919.5061,912.9407,1774.3032,0.0000,0.0000
80.4667,19.6178,-21.4933,38219.4453,2905.1059,911.9396,1791.9768,0.0000,0.0000
80.4833,19.6194,-21.4467,38064.5927,2890.5815,910.9388,1809.6504,0.0000,0.0000
80.5000,19.6209,-21.4000,37908.5083,2875.9340,909.9382,1827.3240,0.0000,0.0000
80.5167,19.6225,-21.3533,37751.2033,2861.1646,908.9380,1844.9976,0.0000,0.0000
80.5333,19.6241,-21.3067,37592.6891,2846.2743,907.9379,1862.6712,0.0000,0.0000
80.5500,19.6257,-21.2600,37432.9774,2831.2643,906.9382,1880.3448,0.0000,0.0000
80.5667,19.6273,-21.2133,37272.0799,2816.1359,905.9387,1898.0184,0.0000,0.0000
80.5833,19.6289,-21.1667,37110.0086,2800.8903,904.9395,1915.6920,0.0000,0.0000
80.6000,19.6305,-21.1200,36946.7756,2785.5286,903.9405,1933.3656,0.0000,0.0000
80.6167,19.6322,-21.0733,36782.3929,2770.0521,902.9418,1951.0392,0.0000,0.0000
80.6333,19.6338,-21.0267,36616.8729,2754.4620,901.9434,1968.7128,0.0000,0.0000
80.6500,19.6355,-20.9800,36450.2279,2738.7595,900.9452,1986.3864,0.0000,0.0000
80.6667,19.6372,-20.9333,36282.4719,2722.9461,899.9472,2004.0600,0.0000,0.0000
80.6833,19.6389,-20.8867,36113.6208,2707.0236,898.9495,2021.7336,0.0000,0.0000
80.7000,19.6406,-20.8400,35943.6924,2690.9936,897.9520,2039.4072,0.0000,0.0000
80.7167,19.6423,-20.7933,35772.7045,2674.8580,896.9547,2057.0808,0.0000,0.0000
80.7333,19.6440,-20.7467,35600.6740,2658.6184,895.9577,2074.7544,0.0000,0.0000
80.7500,19.6457,-20.7000,35427.6165,2642.2764,894.9609,2092.4280,0.0000,0.0000
80.7667,19.6475,-20.6533,35253.5459,2625.8334,893.9644,2110.1016,0.0000,0.0000
80.7833,19.6492,-20.6067,35078.4748,2609.2904,892.9680,2127.7752,0.0000,0.0000
80.8000,19.6510,-20.5600,34902.4148,2592.6488,891.9719,2145.4488,0.0000,0.0000
80.8167,19.6527,-20.5133,34725.3765,2575.9094,890.9760,2163.1224,0.0000,0.0000
80.8333,19.6545,-20.4667,34547.3702,2559.0734,889.9803,2180.7960,0.0000,0.0000
80.8500,19.6563,-20.4200,34368.4061,2542.1416,888.9849,2198.4696,0.0000,0.0000
80.8667,19.6581,-20.3733,34188.4939,2525.1152,887.9896,2216.1432,0.0000,0.0000
80.8833,19.6599,-20.3267,34007.6435,2507.9951,886.9945,2233.8168,0.0000,0.0000
80.9000,19.6617,-20.2800,33825.8649,2490.7822,885.9997,2251.4904,0.0000,0.0000
80.9167,19.6636,-20.2333,33643.1680,2473.4777,885.0050,2269.1640,0.0000,0.0000
80.9333,19.6654,-20.1867,33459.5629,2456.0824,884.0106,2286.8376,0.0000,0.0000
80.9500,19.6672,-20.1400,33275.0598,2438.5975,883.0163,2304.5112,0.0000,0.0000
80.9667,19.6691,-20.0933,33089.6690,2421.0240,882.0223,2322.1848,0.0000,0.0000
80.9833,19.6710,-20.0467,32903.4008,2403.3628,881.0284,2339.8584,0.0000,0.0000
81.0000,19.6728,-20.0000,32716.2656,2385.6151,880.0348,2357.5320,0.0000,0.0000
81.0167,19.6748,-19.9450,32521.5430,2367.0808,878.8579,2385.6204,0.0000,0.0000
81.0333,19.6768,-19.8900,32321.9313,2348.1395,877.6822,2413.7088,0.0000,0.0000
81.0500,19.6788,-19.8350,32118.4848,2328.8468,876.5073,2441.7972,0.0000,0.0000
81.0667,19.6809,-19.7800,31911.7494,2309.2419,875.3331,2469.8856,0.0000,0.0000
81.0833,19.6830,-19.7250,31702.0699,2289.3528,874.1596,2497.9740,0.0000,0.0000
81.1000,19.6851,-19.6700,31489.6902,2269.2010,872.9867,2526.0624,0.0000,0.0000
81.1167,19.6873,-19.6150,31274.7938,2248.8027,871.8143,2554.1508,0.0000,0.0000
81.1333,19.6894,-19.5600,31057.5245,2228.1714,870.6425,2582.2392,0.0000,0.0000
81.1500,19.6916,-19.5050,30837.9988,2207.3175,869.4712,2610.3276,0.0000,0.0000
81.1667,19.6938,-19.4500,30616.3125,2186.2503,868.3003,2638.4160,0.0000,0.0000
81.1833,19.6961,-19.3950,30392.5465,2164.9772,867.1299,2666.5044,0.0000,0.0000
81.2000,19.6983,-19.3400,30166.7696,2143.5047,865.9600,2694.5928,0.0000,0.0000
81.2167,19.7006,-19.2850,29939.0415,2121.8387,864.7905,2722.6812,0.0000,0.0000
81.2333,19.7029,-19.2300,29709.4144,2099.9840,863.6214,2750.7696,0.0000,0.0000
81.2500,19.7052,-19.1750,29477.9344,2077.9451,862.4527,2778.8580,0.0000,0.0000
81.2667,19.7076,-19.1200,29244.6427,2055.7259,861.2844,2806.9464,0.0000,0.0000
81.2833,19.7099,-19.0650,29009.5762,2033.3301,860.1166,2835.0348,0.0000,0.0000
81.3000,19.7123,-19.0100,28772.7688,2010.7608,858.9491,2863.1232,0.0000,0.0000
81.3167,19.7147,-18.9550,28534.2510,1988.0212,857.7819,2891.2116,0.0000,0.0000
81.3333,19.7171,-18.9000,28294.0513,1965.1139,856.6152,2919.3000,0.0000,0.0000
81.3500,19.7195,-18.8450,28052.1961,1942.0415,855.4488,2947.3884,0.0000,0.0000
81.3667,19.7219,-18.7900,27808.7101,1918.8065,854.2828,2975.4768,0.0000,0.0000
81.3833,19.7244,-18.7350,27563.6166,1895.4111,853.1171,3003.5652,0.0000,0.0000
81.4000,19.7268,-18.6800,27316.9375,1871.8575,851.9518,3031.6536,0.0000,0.0000
81.4167,19.7293,-18.6250,27068.6940,1848.1478,850.7869,3059.7420,0.0000,0.0000
81.4333,19.7318,-18.5700,26818.9063,1824.2840,849.6223,3087.8304,0.0000,0.0000
81.4500,19.7343,-18.5150,26567.5938,1800.2680,848.4580,3115.9188,0.0000,0.0000
81.4667,19.7369,-18.4600,26314.7754,1776.1017,847.2940,3144.0072,0.0000,0.0000
81.4833,19.7394,-18.4050,26060.4694,1751.7869,846.1304,3172.0956,0.0000,0.0000
81.5000,19.7420,-18.3500,25804.6936,1727.3253,844.9671,3200.1840,0.0000,0.0000
81.5167,19.7445,-18.2950,25547.4655,1702.7188,843.8042,3228.2724,0.0000,0.0000
81.5333,19.7471,-18.2400,25288.8023,1677.9690,842.6415,3256.3608,0.0000,0.0000
81.5500,19.7497,-18.1850,25028.7209,1653.0776,841.4792,3284.4492,0.0000,0.0000
81.5667,19.7523,-18.1300,24767.2377,1628.0463,840.3172,3312.5376,0.0000,0.0000
81.5833,19.7550,-18.0750,24504.3693,1602.8766,839.1554,3340.6260,0.0000,0.0000
81.6000,19.7576,-18.0200,24240.1318,1577.5703,837.9940,3368.7144,0.0000,0.0000
81.6167,19.7603,-17.9650,23974.5412,1552.1289,836.8329,3396.8028,0.0000,0.0000
81.6333,19.7629,-17.9100,23707.6134,1526.5539,835.6721,3424.8912,0.0000,0.0000
81.6500,19.7656,-17.8550,23439.3640,1500.8470,834.5116,3452.9796,0.0000,0.0000
81.6667,19.7683,-17.8000,23169.8087,1475.0098,833.3513,3481.0680,0.0000,0.0000
81.6833,19.7710,-17.7450,22898.9630,1449.0437,832.1914,3509.1564,0.0000,0.0000
81.7000,19.7737,-17.6900,22626.8421,1422.9503,831.0317,3537.2448,0.0000,0.0000
81.7167,19.7765,-17.6350,22353.4613,1396.7311,829.8723,3565.3332,0.0000,0.0000
81.7333,19.7792,-17.5800,22078.8357,1370.3877,828.7132,3593.4216,0.0000,0.0000
81.7500,19.7820,-17.5250,21802.9813,1343.9216,827.5544,3621.5100,0.0000,0.0000
81.7667,19.7847,-17.4700,21525.9157,1317.3347,826.3958,3649.5984,0.0000,0.0000
81.7833,19.7875,-17.4150,21247.6570,1290.6288,825.2375,3677.6868,0.0000,0.0000
81.8000,19.7903,-17.3600,20968.2236,1263.8058,824.0795,3705.7752,0.0000,0.0000
81.8167,19.7931,-17.3050,20687.6330,1236.8673,822.9217,3733.8636,0.0000,0.0000
81.8333,19.7959,-17.2500,20405.9019,1209.8151,821.7642,3761.9520,0.0000,0.0000
81.8500,19.7988,-17.1950,20123.0456,1182.6506,820.6069,3790.0404,0.0000,0.0000
81.8667,19.8016,-17.1400,19839.0783,1155.3752,819.4499,3818.1288,0.0000,0.0000
81.8833,19.8045,-17.0850,19554.0135,1127.9903,818.2931,3846.2172,0.0000,0.0000
81.9000,19.8073,-17.0300,19267.8640,1100.4971,817.1365,3874.3056,0.0000,0.0000
81.9167,19.8102,-16.9750,18980.6425,1072.8968,815.9802,3902.3940,0.0000,0.0000
81.9333,19.8131,-16.9200,18692.3610,1045.1907,814.8241,3930.4824,0.0000,0.0000
81.9500,19.8160,-16.8650,18403.0317,1017.3800,813.6683,3958.5708,0.0000,0.0000
81.9667,19.8189,-16.8100,18112.6666,989.4658,812.5127,3986.6592,0.0000,0.0000
81.9833,19.8218,-16.7550,17821.2777,961.4494,811.3573,4014.7476,0.0000,0.0000
82.0000,19.8247,-16.7000,17528.8770,933.3320,810.2021,4042.8360,0.0000,0.0000
82.0167,19.8274,-16.6900,17261.7947,907.5651,810.0395,4051.8306,0.0000,0.0000
82.0333,19.8299,-16.6800,17005.1818,882.3968,809.8746,4060.8252,0.0000,0.0000
82.0500,19.8325,-16.6700,16754.7162,857.7120,809.7084,4069.8198,0.0000,0.0000
82.0667,19.8349,-16.6600,16508.7413,833.4254,809.5411,4078.8144,0.0000,0.0000
82.0833,19.8373,-16.6500,16266.3979,809.4757,809.3730,4087.8090,0.0000,0.0000
82.1000,19.8397,-16.6400,16027.1374,785.8174,809.2043,4096.8036,0.0000,0.0000
82.1167,19.8421,-16.6300,15790.5694,762.4165,809.0349,4105.7982,0.0000,0.0000
82.1333,19.8444,-16.6200,15556.4005,739.2467,808.8651,4114.7928,0.0000,0.0000
82.1500,19.8468,-16.6100,15324.4032,716.2872,808.6947,4123.7874,0.0000,0.0000
82.1667,19.8491,-16.6000,15094.3979,693.5216,808.5239,4132.7820,0.0000,0.0000
82.1833,19.8513,-16.5900,14866.2403,670.9365,808.3527,4141.7766,0.0000,0.0000
82.2000,19.8536,-16.5800,14639.8134,648.5212,808.1811,4150.7712,0.0000,0.0000
82.2167,19.8558,-16.5700,14415.0213,626.2665,808.0091,4159.7658,0.0000,0.0000
82.2333,19.8581,-16.5600,14191.7849,604.1653,807.8368,4168.7604,0.0000,0.0000
82.2500,19.8603,-16.5500,13970.0385,582.2113,807.6642,4177.7550,0.0000,0.0000
82.2667,19.8625,-16.5400,13749.7274,560.3994,807.4912,4186.7496,0.0000,0.0000
82.2833,19.8647,-16.5300,13530.8056,538.7253,807.3180,4195.7442,0.0000,0.0000
82.3000,19.8669,-16.5200,13313.2343,517.1852,807.1444,4204.7388,0.0000,0.0000
82.3167,19.8690,-16.5100,13096.9805,495.7762,806.9706,4213.7334,0.0000,0.0000
82.3333,19.8712,-16.5000,12882.0163,474.4954,806.7964,4222.7280,0.0000,0.0000
82.3500,19.8733,-16.4900,12668.3173,453.3407,806.6220,4231.7226,0.0000,0.0000
82.3667,19.8754,-16.4800,12455.8626,432.3101,806.4473,4240.7172,0.0000,0.0000
82.3833,19.8776,-16.4700,12244.6339,411.4017,806.2723,4249.7118,0.0000,0.0000
82.4000,19.8797,-16.4600,12034.6150,390.6140,806.0971,4258.7064,0.0000,0.0000
82.4167,19.8817,-16.4500,11825.7913,369.9457,805.9216,4267.7010,0.0000,0.0000
82.4333,19.8838,-16.4400,11618.1515,349.3956,805.7458,4276.6956,0.0000,0.0000
82.4500,19.8859,-16.4300,11411.6880,328.9632,805.5698,4285.6902,0.0000,0.0000
82.4667,19.8879,-16.4200,11206.3959,308.6480,805.3935,4294.6848,0.0000,0.0000
82.4833,19.8900,-16.4100,11002.2712,288.4497,805.2170,4303.6794,0.0000,0.0000
82.5000,19.8920,-16.4000,10799.3093,268.3678,805.0402,4312.6740,0.0000,0.0000
82.5167,19.8940,-16.3900,10597.5042,248.4017,804.8631,4321.6686,0.0000,0.0000
82.5333,19.8960,-16.3800,10396.8483,228.5504,804.6858,4330.6632,0.0000,0.0000
82.5500,19.8980,-16.3700,10197.3327,208.8132,804.5082,4339.6578,0.0000,0.0000
82.5667,19.9000,-16.3600,9998.9471,189.1889,804.3304,4348.6524,0.0000,0.0000
82.5833,19.9020,-16.3500,9801.6806,169.6763,804.1524,4357.6470,0.0000,0.0000
82.6000,19.9039,-16.3400,9605.5216,150.2744,803.9741,4366.6416,0.0000,0.0000
82.6167,19.9059,-16.3300,9410.4584,130.9820,803.7955,4375.6362,0.0000,0.0000
82.6333,19.9078,-16.3200,9216.4792,111.7978,803.6167,4384.6308,0.0000,0.0000
82.6500,19.9098,-16.3100,9023.5720,92.7206,803.4377,4393.6254,0.0000,0.0000
82.6667,19.9117,-16.3000,8831.7252,73.7494,803.2584,4402.6200,0.0000,0.0000
82.6833,19.9136,-16.2900,8640.9269,54.8829,803.0789,4411.6146,0.0000,0.0000
82.7000,19.9155,-16.2800,8451.1659,36.1199,802.8992,4420.6092,0.0000,0.0000
82.7167,19.9174,-16.2700,8262.4306,17.4594,802.7192,4429.6038,0.0000,0.0000
82.7333,19.9193,-16.2600,8074.7098,-1.0998,802.5390,4438.5984,0.0000,0.0000
82.7500,19.9211,-16.2500,7887.9925,-19.5588,802.3586,4447.5930,0.0000,0.0000
82.7667,19.9230,-16.2400,7702.2677,-37.9187,802.1780,4456.5876,0.0000,0.0000
82.7833,19.9248,-16.2300,7517.5247,-56.1805,801.9972,4465.5822,0.0000,0.0000
82.8000,19.9267,-16.2200,7333.7525,-74.3454,801.8161,4474.5768,0.0000,0.0000
82.8167,19.9285,-16.2100,7150.9408,-92.4143,801.6348,4483.5714,0.0000,0.0000
82.8333,19.9303,-16.2000,6969.0791,-110.3884,801.4534,4492.5660,0.0000,0.0000
82.8500,19.9321,-16.1900,6788.1569,-128.2687,801.2717,4501.5606,0.0000,0.0000
82.8667,19.9339,-16.1800,6608.1640,-146.0561,801.0898,4510.5552,0.0000,0.0000
82.8833,19.9357,-16.1700,6429.0903,-163.7518,800.9077,4519.5498,0.0000,0.0000
82.9000,19.9375,-16.1600,6250.9256,-181.3566,800.7254,4528.5444,0.0000,0.0000
82.9167,19.9393,-16.1500,6073.6600,-198.8717,800.5429,4537.5390,0.0000,0.0000
82.9333,19.9410,-16.1400,5897.2835,-216.2980,800.3602,4546.5336,0.0000,0.0000
82.9500,19.9428,-16.1300,5721.7865,-233.6365,800.1773,4555.5282,0.0000,0.0000
82.9667,19.9445,-16.1200,5547.1592,-250.8881,799.9942,4564.5228,0.0000,0.0000
82.9833,19.9463,-16.1100,5373.3919,-268.0539,799.8109,4573.5174,0.0000,0.0000
83.0000,19.9480,-16.1000,5200.4797,-285.1341,799.6274,4582.5120,0.0000,0.0000
83.0167,19.9497,-16.0817,5028.2374,-301.9583,799.2590,4583.1432,0.0000,0.0000
83.0333,19.9514,-16.0633,4859.4629,-318.3531,798.8897,4583.7744,0.0000,0.0000
83.0500,19.9531,-16.0450,4694.2416,-334.3908,798.5197,4584.4056,0.0000,0.0000
83.0667,19.9547,-16.0267,4532.2251,-350.1187,798.1490,4585.0368,0.0000,0.0000
83.0833,19.9563,-16.0083,4373.0693,-365.5710,797.7776,4585.6680,0.0000,0.0000
83.1000,19.9578,-15.9900,4216.4956,-380.7735,797.4057,4586.2992,0.0000,0.0000
83.1167,19.9594,-15.9717,4062.2838,-395.7463,797.0332,4586.9304,0.0000,0.0000
83.1333,19.9609,-15.9533,3910.2573,-410.5057,796.6602,4587.5616,0.0000,0.0000
83.1500,19.9624,-15.9350,3760.2721,-425.0652,796.2868,4588.1928,0.0000,0.0000
83.1667,19.9639,-15.9167,3612.2084,-439.4359,795.9130,4588.8240,0.0000,0.0000
83.1833,19.9653,-15.8983,3465.9656,-453.6274,795.5388,4589.4552,0.0000,0.0000
83.2000,19.9668,-15.8800,3321.4576,-467.6478,795.1641,4590.0864,0.0000,0.0000
83.2167,19.9682,-15.8617,3178.6099,-481.5041,794.7892,4590.7176,0.0000,0.0000
83.2333,19.9696,-15.8433,3037.3581,-495.2026,794.4138,4591.3488,0.0000,0.0000
83.2500,19.9710,-15.8250,2897.6452,-508.7487,794.0381,4591.9800,0.0000,0.0000
83.2667,19.9724,-15.8067,2759.4208,-522.1472,793.6621,4592.6112,0.0000,0.0000
83.2833,19.9738,-15.7883,2622.6403,-535.4024,793.2858,4593.2424,0.0000,0.0000
83.3000,19.9751,-15.7700,2487.2651,-548.5181,792.9091,4593.8736,0.0000,0.0000
83.3167,19.9765,-15.7517,2353.2635,-561.4971,792.5322,4594.5048,0.0000,0.0000
83.3333,19.9778,-15.7333,2220.6086,-574.3420,792.1549,4595.1360,0.0000,0.0000
83.3500,19.9791,-15.7150,2089.2768,-587.0550,791.7774,4595.7672,0.0000,0.0000
83.3667,19.9804,-15.6967,1959.2455,-599.6384,791.3996,4596.3984,0.0000,0.0000
83.3833,19.9817,-15.6783,1830.4926,-612.0945,791.0214,4597.0296,0.0000,0.0000
83.4000,19.9830,-15.6600,1702.9956,-624.4253,790.6431,4597.6608,0.0000,0.0000
83.4167,19.9842,-15.6417,1576.7321,-636.6333,790.2644,4598.2920,0.0000,0.0000
83.4333,19.9855,-15.6233,1451.6799,-648.7206,789.8855,4598.9232,0.0000,0.0000
83.4500,19.9867,-15.6050,1327.8169,-660.6894,789.5063,4599.5544,0.0000,0.0000
83.4667,19.9879,-15.5867,1205.1216,-672.5419,789.1268,4600.1856,0.0000,0.0000
83.4833,19.9892,-15.5683,1083.5734,-684.2801,788.7471,4600.8168,0.0000,0.0000
83.5000,19.9904,-15.5500,963.1523,-695.9059,788.3671,4601.4480,0.0000,0.0000
83.5167,19.9916,-15.5317,843.8392,-707.4214,787.9869,4602.0792,0.0000,0.0000
83.5333,19.9927,-15.5133,725.6157,-718.8282,787.6065,4602.7104,0.0000,0.0000
83.5500,19.9939,-15.4950,608.4643,-730.1282,787.2258,4603.3416,0.0000,0.0000
83.5667,19.9951,-15.4767,492.3681,-741.3229,786.8448,4603.9728,0.0000,0.0000
83.5833,19.9962,-15.4583,377.3124,-752.4138,786.4637,4604.6040,0.0000,0.0000
83.6000,19.9974,-15.4400,263.2847,-763.4021,786.0823,4605.2352,0.0000,0.0000
83.6167,19.9985,-15.4217,150.2745,-774.2887,785.7007,4605.8664,0.0000,0.0000
83.6333,19.9996,-15.4033,38.2717,-785.0748,785.3189,4606.4976,0.0000,0.0000
83.6500,20.0029,-15.3850,0.0000,-794.5007,784.9854,4607.1288,0.0000,0.0000
83.6667,20.0092,-15.3667,0.0000,-802.1449,784.7188,4607.7600,0.0000,0.0000
83.6833,20.0179,-15.3483,0.0000,-808.4304,784.5052,4608.3912,0.0000,0.0000
83.7000,20.0286,-15.3300,0.0000,-813.6325,784.3352,4609.0224,0.0000,0.0000
83.7167,20.0409,-15.3117,0.0000,-817.9664,784.2016,4609.6536,0.0000,0.0000
83.7333,20.0546,-15.2933,0.0000,-821.6017,784.0983,4610.2848,0.0000,0.0000
83.7500,20.0694,-15.2750,0.0000,-824.6731,784.0206,4610.9160,0.0000,0.0000
83.7667,20.0852,-15.2567,0.0000,-827.2874,783.9646,4611.5472,0.0000,0.0000
83.7833,20.1019,-15.2383,0.0000,-829.5301,783.9272,4612.1784,0.0000,0.0000
83.8000,20.1192,-15.2200,0.0000,-831.4695,783.9057,4612.8096,0.0000,0.0000
83.8167,20.1372,-15.2017,0.0000,-833.1606,783.8980,4613.4408,0.0000,0.0000
83.8333,20.1558,-15.1833,0.0000,-834.6476,783.9023,4614.0720,0.0000,0.0000
83.8500,20.1748,-15.1650,0.0000,-835.9662,783.9172,4614.7032,0.0000,0.0000
83.8667,20.1942,-15.1467,0.0000,-837.1452,783.9415,4615.3344,0.0000,0.0000
83.8833,20.2140,-15.1283,0.0000,-838.2076,783.9741,4615.9656,0.0000,0.0000
83.9000,20.2341,-15.1100,0.0000,-839.1724,784.0143,4616.5968,0.0000,0.0000
83.9167,20.2546,-15.0917,0.0000,-840.0547,784.0612,4617.2280,0.0000,0.0000
83.9333,20.2753,-15.0733,0.0000,-840.8672,784.1143,4617.8592,0.0000,0.0000
83.9500,20.2963,-15.0550,0.0000,-841.6203,784.1731,4618.4904,0.0000,0.0000
83.9667,20.3175,-15.0367,0.0000,-842.3227,784.2370,4619.1216,0.0000,0.0000
83.9833,20.3389,-15.0183,0.0000,-842.9815,784.3057,4619.7528,0.0000,0.0000
84.0000,20.3606,-15.0000,0.0000,-843.6029,784.3788,4620.3840,0.0000,0.0000
84.0167,20.3829,-14.9450,0.0000,-844.6693,783.6533,4611.2316,0.0000,0.0000
84.0333,20.4056,-14.8900,0.0000,-845.1349,782.9374,4602.0792,0.0000,0.0000
84.0500,20.4286,-14.8350,0.0000,-845.1800,782.2276,4592.9268,0.0000,0.0000
84.0667,20.4518,-14.7800,0.0000,-844.9267,781.5216,4583.7744,0.0000,0.0000
84.0833,20.4750,-14.7250,0.0000,-844.4598,780.8176,4574.6220,0.0000,0.0000
84.1000,20.4983,-14.6700,0.0000,-843.8394,780.1142,4565.4696,0.0000,0.0000
84.1167,20.5216,-14.6150,0.0000,-843.1083,779.4106,4556.3172,0.0000,0.0000
84.1333,20.5448,-14.5600,0.0000,-842.2976,778.7062,4547.1648,0.0000,0.0000
84.1500,20.5680,-14.5050,0.0000,-841.4298,778.0005,4538.0124,0.0000,0.0000
84.1667,20.5911,-14.4500,0.0000,-840.5213,777.2931,4528.8600,0.0000,0.0000
84.1833,20.6142,-14.3950,0.0000,-839.5840,776.5839,4519.7076,0.0000,0.0000
84.2000,20.6371,-14.3400,0.0000,-838.6267,775.8727,4510.5552,0.0000,0.0000
84.2167,20.6600,-14.2850,0.0000,-837.6554,775.1594,4501.4028,0.0000,0.0000
84.2333,20.6827,-14.2300,0.0000,-836.6745,774.4440,4492.2504,0.0000,0.0000
84.2500,20.7054,-14.1750,0.0000,-835.6873,773.7264,4483.0980,0.0000,0.0000
84.2667,20.7279,-14.1200,0.0000,-834.6958,773.0066,4473.9456,0.0000,0.0000
84.2833,20.7504,-14.0650,0.0000,-833.7014,772.2846,4464.7932,0.0000,0.0000
84.3000,20.7727,-14.0100,0.0000,-832.7050,771.5604,4455.6408,0.0000,0.0000
84.3167,20.7950,-13.9550,0.0000,-831.7072,770.8339,4446.4884,0.0000,0.0000
84.3333,20.8171,-13.9000,0.0000,-830.7081,770.1053,4437.3360,0.0000,0.0000
84.3500,20.8392,-13.8450,0.0000,-829.7078,769.3745,4428.1836,0.0000,0.0000
84.3667,20.8611,-13.7900,0.0000,-828.7063,768.6416,4419.0312,0.0000,0.0000
84.3833,20.8830,-13.7350,0.0000,-827.7034,767.9064,4409.8788,0.0000,0.0000
84.4000,20.9047,-13.6800,0.0000,-826.6990,767.1691,4400.7264,0.0000,0.0000
84.4167,20.9264,-13.6250,0.0000,-825.6927,766.4297,4391.5740,0.0000,0.0000
84.4333,20.9480,-13.5700,0.0000,-824.6844,765.6881,4382.4216,0.0000,0.0000
84.4500,20.9694,-13.5150,0.0000,-823.6738,764.9443,4373.2692,0.0000,0.0000
84.4667,20.9908,-13.4600,0.0000,-822.6608,764.1983,4364.1168,0.0000,0.0000
84.4833,21.0121,-13.4050,0.0000,-821.6450,763.4502,4354.9644,0.0000,0.0000
84.5000,21.0333,-13.3500,0.0000,-820.6263,762.6999,4345.8120,0.0000,0.0000
84.5167,21.0543,-13.2950,0.0000,-819.6046,761.9474,4336.6596,0.0000,0.0000
84.5333,21.0753,-13.2400,0.0000,-818.5796,761.1928,4327.5072,0.0000,0.0000
84.5500,21.0962,-13.1850,0.0000,-817.5513,760.4359,4318.3548,0.0000,0.0000
84.5667,21.1170,-13.1300,0.0000,-816.5195,759.6768,4309.2024,0.0000,0.0000
84.5833,21.1377,-13.0750,0.0000,-815.4841,758.9156,4300.0500,0.0000,0.0000
84.6000,21.1582,-13.0200,0.0000,-814.4450,758.1520,4290.8976,0.0000,0.0000
84.6167,21.1787,-12.9650,0.0000,-813.4021,757.3863,4281.7452,0.0000,0.0000
84.6333,21.1991,-12.9100,0.0000,-812.3555,756.6183,4272.5928,0.0000,0.0000
84.6500,21.2194,-12.8550,0.0000,-811.3050,755.8480,4263.4404,0.0000,0.0000
84.6667,21.2395,-12.8000,0.0000,-810.2506,755.0754,4254.2880,0.0000,0.0000
84.6833,21.2596,-12.7450,0.0000,-809.1923,754.3005,4245.1356,0.0000,0.0000
84.7000,21.2796,-12.6900,0.0000,-808.1301,753.5233,4235.9832,0.0000,0.0000
84.7167,21.2994,-12.6350,0.0000,-807.0640,752.7438,4226.8308,0.0000,0.0000
84.7333,21.3192,-12.5800,0.0000,-805.9939,751.9620,4217.6784,0.0000,0.0000
84.7500,21.3388,-12.5250,0.0000,-804.9199,751.1778,4208.5260,0.0000,0.0000
84.7667,21.3584,-12.4700,0.0000,-803.8419,750.3913,4199.3736,0.0000,0.0000
84.7833,21.3778,-12.4150,0.0000,-802.7600,749.6024,4190.2212,0.0000,0.0000
84.8000,21.3971,-12.3600,0.0000,-801.6743,748.8111,4181.0688,0.0000,0.0000
84.8167,21.4164,-12.3050,0.0000,-800.5846,748.0174,4171.9164,0.0000,0.0000
84.8333,21.4355,-12.2500,0.0000,-799.4911,747.2212,4162.7640,0.0000,0.0000
84.8500,21.4545,-12.1950,0.0000,-798.3938,746.4227,4153.6116,0.0000,0.0000
84.8667,21.4734,-12.1400,0.0000,-797.2927,745.6218,4144.4592,0.0000,0.0000
84.8833,21.4921,-12.0850,0.0000,-796.1878,744.8184,4135.3068,0.0000,0.0000
84.9000,21.5108,-12.0300,0.0000,-795.0792,744.0125,4126.1544,0.0000,0.0000
84.9167,21.5294,-11.9750,0.0000,-793.9669,743.2042,4117.0020,0.0000,0.0000
84.9333,21.5478,-11.9200,0.0000,-792.8509,742.3934,4107.8496,0.0000,0.0000
84.9500,21.5662,-11.8650,0.0000,-791.7312,741.5801,4098.6972,0.0000,0.0000
84.9667,21.5844,-11.8100,0.0000,-790.6080,740.7644,4089.5448,0.0000,0.0000
84.9833,21.6025,-11.7550,0.0000,-789.4812,739.9461,4080.3924,0.0000,0.0000
85.0000,21.6205,-11.7000,0.0000,-788.3509,739.1253,4071.2400,0.0000,0.0000
85.0167,21.6370,-11.7183,0.0000,-784.9245,739.8972,4053.8820,0.0000,0.0000
85.0333,21.6520,-11.7367,0.0000,-781.8414,740.6381,4036.5240,0.0000,0.0000
85.0500,21.6658,-11.7550,0.0000,-779.0757,741.3507,4019.1660,0.0000,0.0000
85.0667,21.6785,-11.7733,0.0000,-776.5920,742.0376,4001.8080,0.0000,0.0000
85.0833,21.6893,-11.7917,0.0000,-774.4385,742.6848,3984.4500,0.0000,0.0000
85.1000,21.6992,-11.8100,0.0000,-772.4334,743.3120,3967.0920,0.0000,0.0000
85.1167,21.7083,-11.8283,0.0000,-770.5661,743.9205,3949.7340,0.0000,0.0000
85.1333,21.7166,-11.8467,0.0000,-768.8221,744.5113,3932.3760,0.0000,0.0000
85.1500,21.7242,-11.8650,0.0000,-767.1862,745.0854,3915.0180,0.0000,0.0000
85.1667,21.7310,-11.8833,0.0000,-765.6435,745.6435,3897.6600,0.0000,0.0000
85.1833,21.7372,-11.9017,0.0000,-764.1804,746.1865,3880.3020,0.0000,0.0000
85.2000,21.7426,-11.9200,0.0000,-762.7848,746.7149,3862.9440,0.0000,0.0000
85.2167,21.7475,-11.9383,0.0000,-761.4457,747.2293,3845.5860,0.0000,0.0000
85.2333,21.7517,-11.9567,0.0000,-760.1538,747.7301,3828.2280,0.0000,0.0000
85.2500,21.7554,-11.9750,0.0000,-758.9008,748.2177,3810.8700,0.0000,0.0000
85.2667,21.7585,-11.9933,0.0000,-757.6797,748.6924,3793.5120,0.0000,0.0000
85.2833,21.7610,-12.0117,0.0000,-756.4843,749.1547,3776.1540,0.0000,0.0000
85.3000,21.7629,-12.0300,0.0000,-755.3095,749.6046,3758.7960,0.0000,0.0000
85.3167,21.7643,-12.0483,0.0000,-754.1507,750.0424,3741.4380,0.0000,0.0000
85.3333,21.7652,-12.0667,0.0000,-753.0042,750.4684,3724.0800,0.0000,0.0000
85.3500,21.7655,-12.0850,0.0000,-751.8667,750.8826,3706.7220,0.0000,0.0000
85.3667,21.7653,-12.1033,0.0000,-750.7355,751.2852,3689.3640,0.0000,0.0000
85.3833,21.7646,-12.1217,0.0000,-749.6082,751.6763,3672.0060,0.0000,0.0000
85.4000,21.7634,-12.1400,0.0000,-748.4829,752.0560,3654.6480,0.0000,0.0000
85.4167,21.7617,-12.1583,0.0000,-747.3578,752.4244,3637.2900,0.0000,0.0000
85.4333,21.7595,-12.1767,0.0000,-746.2317,752.7816,3619.9320,0.0000,0.0000
85.4500,21.7567,-12.1950,0.0000,-745.1033,753.1277,3602.5740,0.0000,0.0000
85.4667,21.7535,-12.2133,0.0000,-743.9716,753.4626,3585.2160,0.0000,0.0000
85.4833,21.7498,-12.2317,0.0000,-742.8359,753.7865,3567.8580,0.0000,0.0000
85.5000,21.7455,-12.2500,0.0000,-741.6954,754.0994,3550.5000,0.0000,0.0000
85.5167,21.7408,-12.2683,0.0000,-740.5497,754.4014,3533.1420,0.0000,0.0000
85.5333,21.7356,-12.2867,0.0000,-739.3982,754.6924,3515.7840,0.0000,0.0000
85.5500,21.7299,-12.3050,0.0000,-738.2405,754.9726,3498.4260,0.0000,0.0000
85.5667,21.7237,-12.3233,0.0000,-737.0766,755.2419,3481.0680,0.0000,0.0000
85.5833,21.7170,-12.3417,0.0000,-735.9060,755.5004,3463.7100,0.0000,0.0000
85.6000,21.7099,-12.3600,0.0000,-734.7286,755.7481,3446.3520,0.0000,0.0000
85.6167,21.7022,-12.3783,0.0000,-733.5444,755.9851,3428.9940,0.0000,0.0000
85.6333,21.6941,-12.3967,0.0000,-732.3532,756.2114,3411.6360,0.0000,0.0000
85.6500,21.6855,-12.4150,0.0000,-731.1550,756.4269,3394.2780,0.0000,0.0000
85.6667,21.6764,-12.4333,0.0000,-729.9497,756.6318,3376.9200,0.0000,0.0000
85.6833,21.6668,-12.4517,0.0000,-728.7374,756.8260,3359.5620,0.0000,0.0000
85.7000,21.6567,-12.4700,0.0000,-727.5180,757.0097,3342.2040,0.0000,0.0000
85.7167,21.6462,-12.4883,0.0000,-726.2917,757.1827,3324.8460,0.0000,0.0000
85.7333,21.6352,-12.5067,0.0000,-725.0584,757.3452,3307.4880,0.0000,0.0000
85.7500,21.6237,-12.5250,0.0000,-723.8182,757.4971,3290.1300,0.0000,0.0000
85.7667,21.6118,-12.5433,0.0000,-722.5712,757.6386,3272.7720,0.0000,0.0000
85.7833,21.5993,-12.5617,0.0000,-721.3175,757.7696,3255.4140,0.0000,0.0000
85.8000,21.5864,-12.5800,0.0000,-720.0570,757.8901,3238.0560,0.0000,0.0000
85.8167,21.5731,-12.5983,0.0000,-718.7899,758.0002,3220.6980,0.0000,0.0000
85.8333,21.5592,-12.6167,0.0000,-717.5164,758.0999,3203.3400,0.0000,0.0000
85.8500,21.5449,-12.6350,0.0000,-716.2363,758.1892,3185.9820,0.0000,0.0000
85.8667,21.5301,-12.6533,0.0000,-714.9499,758.2683,3168.6240,0.0000,0.0000
85.8833,21.5149,-12.6717,0.0000,-713.6573,758.3370,3151.2660,0.0000,0.0000
85.9000,21.4992,-12.6900,0.0000,-712.3584,758.3954,3133.9080,0.0000,0.0000
85.9167,21.4831,-12.7083,0.0000,-711.0535,758.4437,3116.5500,0.0000,0.0000
85.9333,21.4664,-12.7267,0.0000,-709.7425,758.4817,3099.1920,0.0000,0.0000
85.9500,21.4494,-12.7450,0.0000,-708.4256,758.5095,3081.8340,0.0000,0.0000
85.9667,21.4318,-12.7633,0.0000,-707.1029,758.5272,3064.4760,0.0000,0.0000
85.9833,21.4138,-12.7817,0.0000,-705.7743,758.5348,3047.1180,0.0000,0.0000
86.0000,21.3954,-12.8000,0.0000,-704.4401,758.5323,3029.7600,0.0000,0.0000
86.0167,21.3749,-12.8267,0.0000,-702.5986,758.6697,3006.8790,0.0000,0.0000
86.0333,21.3537,-12.8533,0.0000,-700.6976,758.7907,2983.9980,0.0000,0.0000
86.0500,21.3317,-12.8800,0.0000,-698.7678,758.8952,2961.1170,0.0000,0.0000
86.0667,21.3091,-12.9067,0.0000,-696.8271,758.9833,2938.2360,0.0000,0.0000
86.0833,21.2856,-12.9333,0.0000,-694.8854,759.0551,2915.3550,0.0000,0.0000
86.1000,21.2615,-12.9600,0.0000,-692.9480,759.1108,2892.4740,0.0000,0.0000
86.1167,21.2366,-12.9867,0.0000,-691.0170,759.1504,2869.5930,0.0000,0.0000
86.1333,21.2110,-13.0133,0.0000,-689.0926,759.1743,2846.7120,0.0000,0.0000
86.1500,21.1847,-13.0400,0.0000,-687.1741,759.1826,2823.8310,0.0000,0.0000
86.1667,21.1577,-13.0667,0.0000,-685.2596,759.1754,2800.9500,0.0000,0.0000
86.1833,21.1300,-13.0933,0.0000,-683.3473,759.1529,2778.0690,0.0000,0.0000
86.2000,21.1017,-13.1200,0.0000,-681.4351,759.1152,2755.1880,0.0000,0.0000
86.2167,21.0726,-13.1467,0.0000,-679.5212,759.0625,2732.3070,0.0000,0.0000
86.2333,21.0429,-13.1733,0.0000,-677.6042,758.9948,2709.4260,0.0000,0.0000
86.2500,21.0125,-13.2000,0.0000,-675.6828,758.9121,2686.5450,0.0000,0.0000
86.2667,20.9814,-13.2267,0.0000,-673.7560,758.8147,2663.6640,0.0000,0.0000
86.2833,20.9497,-13.2533,0.0000,-671.8231,758.7025,2640.7830,0.0000,0.0000
86.3000,20.9173,-13.2800,0.0000,-669.8835,758.5756,2617.9020,0.0000,0.0000
86.3167,20.8843,-13.3067,0.0000,-667.9367,758.4341,2595.0210,0.0000,0.0000
86.3333,20.8506,-13.3333,0.0000,-665.9822,758.2780,2572.1400,0.0000,0.0000
86.3500,20.8162,-13.3600,0.0000,-664.0198,758.1074,2549.2590,0.0000,0.0000
86.3667,20.7812,-13.3867,0.0000,-662.0491,757.9223,2526.3780,0.0000,0.0000
86.3833,20.7456,-13.4133,0.0000,-660.0699,757.7229,2503.4970,0.0000,0.0000
86.4000,20.7093,-13.4400,0.0000,-658.0821,757.5090,2480.6160,0.0000,0.0000
86.4167,20.6723,-13.4667,0.0000,-656.0854,757.2808,2457.7350,0.0000,0.0000
86.4333,20.6340,-13.4933,0.0000,-654.0758,757.0217,2434.8540,0.0000,0.0000
86.4500,20.5957,-13.5200,0.0000,-652.0720,756.7652,2411.9730,0.0000,0.0000
86.4667,20.5569,-13.5467,0.0000,-650.0518,756.4945,2389.0920,0.0000,0.0000
86.4833,20.5173,-13.5733,0.0000,-648.0179,756.2097,2366.2110,0.0000,0.0000
86.5000,20.4772,-13.6000,0.0000,-645.9717,755.9107,2343.3300,0.0000,0.0000
86.5167,20.4364,-13.6267,0.0000,-643.9140,755.5975,2320.4490,0.0000,0.0000
86.5333,20.3950,-13.6533,0.0000,-641.8455,755.2703,2297.5680,0.0000,0.0000
86.5500,20.3529,-13.6800,0.0000,-639.7667,754.9290,2274.6870,0.0000,0.0000
86.5667,20.3103,-13.7067,0.0000,-637.6780,754.5736,2251.8060,0.0000,0.0000
86.5833,20.2669,-13.7333,0.0000,-635.5799,754.2043,2228.9250,0.0000,0.0000
86.6000,20.2230,-13.7600,0.0000,-633.4726,753.8209,2206.0440,0.0000,0.0000
86.6167,20.1784,-13.7867,0.0000,-631.3566,753.4237,2183.1630,0.0000,0.0000
86.6333,20.1332,-13.8133,0.0000,-629.2319,753.0125,2160.2820,0.0000,0.0000
86.6500,20.0874,-13.8400,0.0000,-627.0990,752.5876,2137.4010,0.0000,0.0000
86.6667,20.0409,-13.8667,0.0000,-624.9578,752.1488,2114.5200,0.0000,0.0000
86.6833,19.9979,-13.8933,214.2610,-620.6124,751.7846,2091.6390,0.0000,0.0000
86.7000,19.9877,-13.9200,1230.1593,-598.0615,752.1507,2068.7580,0.0000,0.0000
86.7167,19.9834,-13.9467,1663.0931,-572.7878,752.6462,2045.8770,0.0000,0.0000
86.7333,19.9804,-13.9733,1963.6136,-547.2482,753.1711,2022.9960,0.0000,0.0000
86.7500,19.9777,-14.0000,2231.9659,-521.9193,753.7031,2000.1150,0.0000,0.0000
86.7667,19.9751,-14.0267,2490.7996,-496.8625,754.2372,1977.2340,0.0000,0.0000
86.7833,19.9725,-14.0533,2745.4798,-472.0599,754.7722,1954.3530,0.0000,0.0000
86.8000,19.9700,-14.0800,2997.4619,-447.4833,755.3079,1931.4720,0.0000,0.0000
86.8167,19.9675,-14.1067,3247.2779,-423.1072,755.8440,1908.5910,0.0000,0.0000
86.8333,19.9650,-14.1333,3495.2145,-398.9103,756.3805,1885.7100,0.0000,0.0000
86.8500,19.9626,-14.1600,3741.4749,-374.8750,756.9174,1862.8290,0.0000,0.0000
86.8667,19.9601,-14.1867,3986.2217,-350.9862,757.4547,1839.9480,0.0000,0.0000
86.8833,19.9577,-14.2133,4229.5912,-327.2310,757.9922,1817.0670,0.0000,0.0000
86.9000,19.9553,-14.2400,4471.7007,-303.5983,758.5300,1794.1860,0.0000,0.0000
86.9167,19.9529,-14.2667,4712.6523,-280.0784,759.0681,1771.3050,0.0000,0.0000
86.9333,19.9505,-14.2933,4952.5358,-256.6627,759.6064,1748.4240,0.0000,0.0000
86.9500,19.9481,-14.3200,5191.4307,-233.3434,760.1450,1725.5430,0.0000,0.0000
86.9667,19.9457,-14.3467,5429.4084,-210.1139,760.6837,1702.6620,0.0000,0.0000
86.9833,19.9433,-14.3733,5666.5326,-186.9678,761.2226,1679.7810,0.0000,0.0000
87.0000,19.9409,-14.4000,5912.1250,-163.5316,761.7597,1656.9000,0.0000,0.0000
87.0167,19.9385,-14.4383,6148.8576,-140.0843,762.5575,1633.0722,0.0000,0.0000
87.0333,19.9361,-14.4767,6389.5968,-116.6874,763.3544,1609.2444,0.0000,0.0000
87.0500,19.9337,-14.5150,6630.9934,-93.3254,764.1512,1585.4166,0.0000,0.0000
87.0667,19.9313,-14.5533,6872.2914,-69.9960,764.9480,1561.5888,0.0000,0.0000
87.0833,19.9289,-14.5917,7113.3157,-46.6993,765.7448,1537.7610,0.0000,0.0000
87.1000,19.9265,-14.6300,7354.0254,-23.4354,766.5418,1513.9332,0.0000,0.0000
87.1167,19.9241,-14.6683,7594.4133,-0.2039,767.3388,1490.1054,0.0000,0.0000
87.1333,19.9217,-14.7067,7834.4827,22.9957,768.1358,1466.2776,0.0000,0.0000
87.1500,19.9193,-14.7450,8074.2414,46.1645,768.9330,1442.4498,0.0000,0.0000
87.1667,19.9169,-14.7833,8313.6994,69.3034,769.7302,1418.6220,0.0000,0.0000
87.1833,19.9145,-14.8217,8552.8684,92.4138,770.5274,1394.7942,0.0000,0.0000
87.2000,19.9121,-14.8600,8791.7608,115.4969,771.3248,1370.9664,0.0000,0.0000
87.2167,19.9097,-14.8983,9030.3893,138.5539,772.1222,1347.1386,0.0000,0.0000
87.2333,19.9073,-14.9367,9268.7669,161.5862,772.9196,1323.3108,0.0000,0.0000
87.2500,19.9049,-14.9750,9506.9064,184.5950,773.7171,1299.4830,0.0000,0.0000
87.2667,19.9026,-15.0133,9744.8202,207.5816,774.5146,1275.6552,0.0000,0.0000
87.2833,19.9002,-15.0517,9982.5226,230.5475,775.3122,1251.8274,0.0000,0.0000
87.3000,19.8978,-15.0900,10220.0305,253.4944,776.1099,1227.9996,0.0000,0.0000
87.3167,19.8954,-15.1283,10457.3624,276.4243,776.9075,1204.1718,0.0000,0.0000
87.3333,19.8931,-15.1667,10694.5363,299.3390,777.7053,1180.3440,0.0000,0.0000
87.3500,19.8907,-15.2050,10931.5683,322.2399,778.5030,1156.5162,0.0000,0.0000
87.3667,19.8883,-15.2433,11168.4715,345.1284,779.3008,1132.6884,0.0000,0.0000
87.3833,19.8859,-15.2817,11405.2566,368.0053,780.0986,1108.8606,0.0000,0.0000
87.4000,19.8836,-15.3200,11641.9314,390.8715,780.8964,1085.0328,0.0000,0.0000
87.4167,19.8812,-15.3583,11878.5021,413.7274,781.6942,1061.2050,0.0000,0.0000
87.4333,19.8789,-15.3967,12114.9731,436.5734,782.4921,1037.3772,0.0000,0.0000
87.4500,19.8765,-15.4350,12351.3478,459.4100,783.2900,1013.5494,0.0000,0.0000
87.4667,19.8741,-15.4733,12587.6291,482.2372,784.0879,989.7216,0.0000,0.0000
87.4833,19.8718,-15.5117,12823.8190,505.0554,784.8858,965.8938,0.0000,0.0000
87.5000,19.8694,-15.5500,13059.9196,527.8646,785.6838,942.0660,0.0000,0.0000
87.5167,19.8670,-15.5883,13295.9323,550.6652,786.4817,918.2382,0.0000,0.0000
87.5333,19.8647,-15.6267,13531.8586,573.4571,787.2797,894.4104,0.0000,0.0000
87.5500,19.8622,-15.6650,13776.8230,596.5987,788.0757,870.5826,0.0000,0.0000
87.5667,19.8599,-15.7033,14008.3805,619.3825,788.8747,846.7548,0.0000,0.0000
87.5833,19.8576,-15.7417,14243.0445,642.1439,789.6729,822.9270,0.0000,0.0000
87.6000,19.8552,-15.7800,14478.3612,664.8970,790.4711,799.0992,0.0000,0.0000
87.6167,19.8529,-15.8183,14713.7886,687.6449,791.2692,775.2714,0.0000,0.0000
87.6333,19.8505,-15.8567,14949.2065,710.3883,792.0673,751.4436,0.0000,0.0000
87.6500,19.8482,-15.8950,15184.5872,733.1270,792.8654,727.6158,0.0000,0.0000
87.6667,19.8458,-15.9333,15419.9225,755.8610,793.6635,703.7880,0.0000,0.0000
87.6833,19.8434,-15.9717,15655.2080,778.5899,794.4616,679.9602,0.0000,0.0000
87.7000,19.8411,-16.0100,15890.4401,801.3133,795.2598,656.1324,0.0000,0.0000
87.7167,19.8387,-16.0483,16125.6146,824.0307,796.0579,632.3046,0.0000,0.0000
87.7333,19.8364,-16.0867,16360.7278,846.7420,796.8561,608.4768,0.0000,0.0000
87.7500,19.8340,-16.1250,16595.7754,869.4465,797.6543,584.6490,0.0000,0.0000
87.7667,19.8317,-16.1633,16830.7535,892.1439,798.4525,560.8212,0.0000,0.0000
87.7833,19.8293,-16.2017,17065.6584,914.8338,799.2507,536.9934,0.0000,0.0000
87.8000,19.8270,-16.2400,17300.4863,937.5160,800.0489,513.1656,0.0000,0.0000
87.8167,19.8246,-16.2783,17535.2356,960.1901,800.8472,489.3378,0.0000,0.0000
87.8333,19.8223,-16.3167,17769.9076,982.8566,801.6454,465.5100,0.0000,0.0000
87.8500,19.8200,-16.3550,18004.5055,1005.5158,802.4437,441.6822,0.0000,0.0000
87.8667,19.8176,-16.3933,18239.0327,1028.1680,803.2420,417.8544,0.0000,0.0000
87.8833,19.8153,-16.4317,18473.4912,1050.8134,804.0403,394.0266,0.0000,0.0000
87.9000,19.8129,-16.4700,18707.8812,1073.4519,804.8386,370.1988,0.0000,0.0000
87.9167,19.8106,-16.5083,18942.2008,1096.0832,805.6370,346.3710,0.0000,0.0000
87.9333,19.8082,-16.5467,19176.4462,1118.7071,806.4353,322.5432,0.0000,0.0000
87.9500,19.8059,-16.5850,19410.6125,1141.3228,807.2337,298.7154,0.0000,0.0000
87.9667,19.8036,-16.6233,19644.6939,1163.9299,808.0321,274.8876,0.0000,0.0000
87.9833,19.8012,-16.6617,19878.6838,1186.5275,808.8305,251.0598,0.0000,0.0000
88.0000,19.7989,-16.7000,20112.5757,1209.1152,809.6290,227.2320,0.0000,0.0000
88.0167,19.7965,-16.7550,20346.6711,1231.3433,810.7971,223.4448,0.0000,0.0000
88.0333,19.7942,-16.8100,20575.3623,1252.8658,811.9664,219.6576,0.0000,0.0000
88.0500,19.7920,-16.8650,20798.4835,1273.8281,813.1369,215.8704,0.0000,0.0000
88.0667,19.7898,-16.9200,21016.7325,1294.3250,814.3085,212.0832,0.0000,0.0000
88.0833,19.7877,-16.9750,21230.7896,1314.4236,815.4811,208.2960,0.0000,0.0000
88.1000,19.7856,-17.0300,21441.1983,1334.1741,816.6544,204.5088,0.0000,0.0000
88.1167,19.7835,-17.0850,21648.3824,1353.6149,817.8285,200.7216,0.0000,0.0000
88.1333,19.7815,-17.1400,21852.6766,1372.7768,819.0032,196.9344,0.0000,0.0000
88.1500,19.7795,-17.1950,22054.3504,1391.6847,820.1785,193.1472,0.0000,0.0000
88.1667,19.7775,-17.2500,22253.6249,1410.3593,821.3543,189.3600,0.0000,0.0000
88.1833,19.7755,-17.3050,22450.6842,1428.8177,822.5306,185.5728,0.0000,0.0000
88.2000,19.7735,-17.3600,22645.6846,1447.0748,823.7074,181.7856,0.0000,0.0000
88.2167,19.7716,-17.4150,22838.7616,1465.1435,824.8846,177.9984,0.0000,0.0000
88.2333,19.7697,-17.4700,23030.0333,1483.0350,826.0622,174.2112,0.0000,0.0000
88.2500,19.7678,-17.5250,23219.6022,1500.7592,827.2402,170.4240,0.0000,0.0000
88.2667,19.7659,-17.5800,23407.5574,1518.3245,828.4185,166.6368,0.0000,0.0000
88.2833,19.7641,-17.6350,23593.9759,1535.7383,829.5972,162.8496,0.0000,0.0000
88.3000,19.7622,-17.6900,23778.9242,1553.0068,830.7762,159.0624,0.0000,0.0000
88.3167,19.7604,-17.7450,23962.4604,1570.1357,831.9555,155.2752,0.0000,0.0000
88.3333,19.7586,-17.8000,24144.6349,1587.1298,833.1351,151.4880,0.0000,0.0000
88.3500,19.7567,-17.8550,24325.4925,1603.9933,834.3150,147.7008,0.0000,0.0000
88.3667,19.7549,-17.9100,24505.0727,1620.7300,835.4952,143.9136,0.0000,0.0000
88.3833,19.7532,-17.9650,24683.4113,1637.3435,836.6757,140.1264,0.0000,0.0000
88.4000,19.7514,-18.0200,24860.5404,1653.8367,837.8564,136.3392,0.0000,0.0000
88.4167,19.7496,-18.0750,25036.4895,1670.2127,839.0374,132.5520,0.0000,0.0000
88.4333,19.7479,-18.1300,25211.2856,1686.4739,840.2187,128.7648,0.0000,0.0000
88.4500,19.7462,-18.1850,25384.9536,1702.6230,841.4002,124.9776,0.0000,0.0000
88.4667,19.7444,-18.2400,25563.8810,1718.9001,842.5805,121.1904,0.0000,0.0000
88.4833,19.7427,-18.2950,25732.4145,1734.8471,843.7631,117.4032,0.0000,0.0000
88.5000,19.7410,-18.3500,25902.1809,1750.6762,844.9455,113.6160,0.0000,0.0000
88.5167,19.7393,-18.4050,26071.4238,1766.4001,846.1280,109.8288,0.0000,0.0000
88.5333,19.7376,-18.4600,26239.7731,1782.0233,847.3107,106.0416,0.0000,0.0000
88.5500,19.7359,-18.5150,26407.1626,1797.5485,848.4936,102.2544,0.0000,0.0000
88.5667,19.7343,-18.5700,26573.5913,1812.9773,849.6767,98.4672,0.0000,0.0000
88.5833,19.7326,-18.6250,26739.0703,1828.3113,850.8600,94.6800,0.0000,0.0000
88.6000,19.7310,-18.6800,26903.6128,1843.5519,852.0435,90.8928,0.0000,0.0000
88.6167,19.7293,-18.7350,27067.2310,1858.7003,853.2273,87.1056,0.0000,0.0000
88.6333,19.7277,-18.7900,27229.9365,1873.7575,854.4112,83.3184,0.0000,0.0000
88.6500,19.7261,-18.8450,27391.7402,1888.7247,855.5953,79.5312,0.0000,0.0000
88.6667,19.7245,-18.9000,27552.6526,1903.6030,856.7797,75.7440,0.0000,0.0000
88.6833,19.7229,-18.9550,27712.6841,1918.3932,857.9642,71.9568,0.0000,0.0000
88.7000,19.7213,-19.0100,27871.8447,1933.0965,859.1489,68.1696,0.0000,0.0000
88.7167,19.7197,-19.0650,28030.1444,1947.7139,860.3338,64.3824,0.0000,0.0000
88.7333,19.7181,-19.1200,28193.3468,1962.4595,861.5176,60.5952,0.0000,0.0000
88.7500,19.7165,-19.1750,28347.2754,1976.9223,862.7035,56.8080,0.0000,0.0000
88.7667,19.7150,-19.2300,28502.4644,1991.2917,863.8891,53.0208,0.0000,0.0000
88.7833,19.7134,-19.2850,28657.3104,2005.5786,865.0748,49.2336,0.0000,0.0000
88.8000,19.7119,-19.3400,28811.4711,2019.7866,866.2606,45.4464,0.0000,0.0000
88.8167,19.7104,-19.3950,28964.8808,2033.9174,867.4466,41.6592,0.0000,0.0000
88.8333,19.7088,-19.4500,29117.5332,2047.9721,868.6328,37.8720,0.0000,0.0000
88.8500,19.7073,-19.5050,29269.4336,2061.9516,869.8191,34.0848,0.0000,0.0000
88.8667,19.7058,-19.5600,29420.5885,2075.8566,871.0056,30.2976,0.0000,0.0000
88.8833,19.7043,-19.6150,29571.0044,2089.6877,872.1923,26.5104,0.0000,0.0000
88.9000,19.7028,-19.6700,29720.6872,2103.4456,873.3791,22.7232,0.0000,0.0000
88.9167,19.7013,-19.7250,29869.6424,2117.1307,874.5661,18.9360,0.0000,0.0000
88.9333,19.6998,-19.7800,30017.8754,2130.7436,875.7532,15.1488,0.0000,0.0000
88.9500,19.6983,-19.8350,30165.3918,2144.2849,876.9405,11.3616,0.0000,0.0000
88.9667,19.6969,-19.8900,30312.1971,2157.7551,878.1280,7.5744,0.0000,0.0000
88.9833,19.6954,-19.9450,30458.2970,2171.1547,879.3156,3.7872,0.0000,0.0000
89.0000,19.6939,-20.0000,30608.9679,2184.6783,880.5022,0.0000,0.0000,0.0000
89.0167,19.6927,-20.0000,30726.4436,2195.9425,880.4762,0.0000,0.0000,0.0000
89.0333,19.6916,-20.0000,30838.7421,2207.0377,880.4513,0.0000,0.0000,0.0000
89.0500,19.6905,-20.0000,30948.6218,2217.9738,880.4269,0.0000,0.0000,0.0000
89.0667,19.6894,-20.0000,31056.8114,2228.7628,880.4029,0.0000,0.0000,0.0000
89.0833,19.6884,-20.0000,31163.5496,2239.4137,880.3792,0.0000,0.0000,0.0000
89.1000,19.6873,-20.0000,31268.9417,2249.9330,880.3558,0.0000,0.0000,0.0000
89.1167,19.6863,-20.0000,31373.0476,2260.3254,880.3327,0.0000,0.0000,0.0000
89.1333,19.6852,-20.0000,31475.9076,2270.5941,880.3099,0.0000,0.0000,0.0000
89.1500,19.6842,-20.0000,31577.5508,2280.7418,880.2874,0.0000,0.0000,0.0000
89.1667,19.6832,-20.0000,31677.9993,2290.7704,880.2651,0.0000,0.0000,0.0000
89.1833,19.6822,-20.0000,31777.2709,2300.6817,880.2431,0.0000,0.0000,0.0000
89.2000,19.6812,-20.0000,31875.3801,2310.4770,880.2213,0.0000,0.0000,0.0000
89.2167,19.6803,-20.0000,31972.3394,2320.1574,880.1998,0.0000,0.0000,0.0000
89.2333,19.6793,-20.0000,32068.1597,2329.7240,880.1785,0.0000,0.0000,0.0000
89.2500,19.6784,-20.0000,32162.8506,2339.1778,880.1575,0.0000,0.0000,0.0000
89.2667,19.6774,-20.0000,32256.4213,2348.5195,880.1368,0.0000,0.0000,0.0000
89.2833,19.6765,-20.0000,32348.8803,2357.7502,880.1163,0.0000,0.0000,0.0000
89.3000,19.6756,-20.0000,32440.2359,2366.8705,880.0960,0.0000,0.0000,0.0000
89.3167,19.6747,-20.0000,32530.4963,2375.8813,880.0760,0.0000,0.0000,0.0000
89.3333,19.6738,-20.0000,32619.6696,2384.7834,880.0562,0.0000,0.0000,0.0000
89.3500,19.6729,-20.0000,32707.7641,2393.5776,880.0367,0.0000,0.0000,0.0000
89.3667,19.6721,-20.0000,32794.7880,2402.2649,880.0174,0.0000,0.0000,0.0000
89.3833,19.6712,-20.0000,32880.7498,2410.8459,879.9983,0.0000,0.0000,0.0000
89.4000,19.6703,-20.0000,32965.6677,2419.3229,879.9795,0.0000,0.0000,0.0000
89.4167,19.6695,-20.0000,33049.5666,2427.6987,879.9608,0.0000,0.0000,0.0000
89.4333,19.6687,-20.0000,33132.4709,2435.9754,879.9425,0.0000,0.0000,0.0000
89.4500,19.6679,-20.0000,33214.3986,2444.1550,879.9243,0.0000,0.0000,0.0000
89.4667,19.6670,-20.0000,33295.3617,2452.2382,879.9063,0.0000,0.0000,0.0000
89.4833,19.6662,-20.0000,33375.3669,2460.2256,879.8886,0.0000,0.0000,0.0000
89.5000,19.6655,-20.0000,33454.4180,2468.1175,879.8710,0.0000,0.0000,0.0000
89.5167,19.6647,-20.0000,33532.5181,2475.9142,879.8537,0.0000,0.0000,0.0000
89.5333,19.6639,-20.0000,33609.6700,2483.6160,879.8366,0.0000,0.0000,0.0000
89.5500,19.6631,-20.0000,33685.8776,2491.2233,879.8197,0.0000,0.0000,0.0000
89.5667,19.6624,-20.0000,33761.1456,2498.7365,879.8030,0.0000,0.0000,0.0000
89.5833,19.6616,-20.0000,33835.4798,2506.1563,879.7865,0.0000,0.0000,0.0000
89.6000,19.6609,-20.0000,33908.8868,2513.4835,879.7702,0.0000,0.0000,0.0000
89.6167,19.6602,-20.0000,33981.3741,2520.7187,879.7541,0.0000,0.0000,0.0000
89.6333,19.6595,-20.0000,34052.9496,2527.8627,879.7383,0.0000,0.0000,0.0000
89.6500,19.6588,-20.0000,34123.6220,2534.9166,879.7226,0.0000,0.0000,0.0000
89.6667,19.6581,-20.0000,34193.4001,2541.8811,879.7071,0.0000,0.0000,0.0000
89.6833,19.6574,-20.0000,34262.2934,2548.7572,879.6918,0.0000,0.0000,0.0000
89.7000,19.6567,-20.0000,34330.3114,2555.5459,879.6767,0.0000,0.0000,0.0000
89.7167,19.6560,-20.0000,34397.4639,2562.2482,879.6619,0.0000,0.0000,0.0000
89.7333,19.6554,-20.0000,34463.7609,2568.8651,879.6471,0.0000,0.0000,0.0000
89.7500,19.6547,-20.0000,34529.2126,2575.3975,879.6326,0.0000,0.0000,0.0000
89.7667,19.6541,-20.0000,34593.8292,2581.8466,879.6183,0.0000,0.0000,0.0000
89.7833,19.6534,-20.0000,34657.6209,2588.2134,879.6041,0.0000,0.0000,0.0000
89.8000,19.6528,-20.0000,34720.6031,2594.4995,879.5902,0.0000,0.0000,0.0000
89.8167,19.6522,-20.0000,34782.7947,2600.7070,879.5764,0.0000,0.0000,0.0000
89.8333,19.6516,-20.0000,34844.2145,2606.8378,879.5628,0.0000,0.0000,0.0000
89.8500,19.6510,-20.0000,34904.8791,2612.8934,879.5493,0.0000,0.0000,0.0000
89.8667,19.6504,-20.0000,34964.8012,2618.8750,879.5360,0.0000,0.0000,0.0000
89.8833,19.6498,-20.0000,35023.9908,2624.7835,879.5229,0.0000,0.0000,0.0000
89.9000,19.6492,-20.0000,35082.4559,2630.6196,879.5099,0.0000,0.0000,0.0000
89.9167,19.6486,-20.0000,35140.2035,2636.3841,879.4971,0.0000,0.0000,0.0000
89.9333,19.6480,-20.0000,35197.2400,2642.0775,879.4844,0.0000,0.0000,0.0000
89.9500,19.6475,-20.0000,35253.5719,2647.7005,879.4719,0.0000,0.0000,0.0000
89.9667,19.6469,-20.0000,35309.2057,2653.2537,879.4596,0.0000,0.0000,0.0000
89.9833,19.6464,-20.0000,35364.1481,2658.7379,879.4474,0.0000,0.0000,0.0000
90.0000,19.6459,-20.0000,35412.3968,2663.8283,879.4367,0.0000,0.0000,0.0000
90.0167,19.6454,-19.9900,35457.9348,2668.5064,879.2048,0.0000,0.0000,0.0000
90.0333,19.6450,-19.9800,35502.2938,2673.1262,878.9731,0.0000,0.0000,0.0000
90.0500,19.6445,-19.9700,35545.8976,2677.6870,878.7416,0.0000,0.0000,0.0000
90.0667,19.6441,-19.9600,35588.8692,2682.1892,878.5103,0.0000,0.0000,0.0000
90.0833,19.6437,-19.9500,35631.2484,2686.6336,878.2791,0.0000,0.0000,0.0000
90.1000,19.6433,-19.9400,35673.0524,2691.0211,878.0480,0.0000,0.0000,0.0000
90.1167,19.6429,-19.9300,35714.2920,2695.3524,877.8170,0.0000,0.0000,0.0000
90.1333,19.6425,-19.9200,35754.9756,2699.6284,877.5861,0.0000,0.0000,0.0000
90.1500,19.6420,-19.9100,35795.1112,2703.8498,877.3554,0.0000,0.0000,0.0000
90.1667,19.6417,-19.9000,35834.7064,2708.0173,877.1248,0.0000,0.0000,0.0000
90.1833,19.6413,-19.8900,35873.7686,2712.1317,876.8943,0.0000,0.0000,0.0000
90.2000,19.6409,-19.8800,35912.3049,2716.1937,876.6639,0.0000,0.0000,0.0000
90.2167,19.6405,-19.8700,35950.3226,2720.2041,876.4337,0.0000,0.0000,0.0000
90.2333,19.6401,-19.8600,35987.8286,2724.1634,876.2035,0.0000,0.0000,0.0000
90.2500,19.6398,-19.8500,36024.8297,2728.0725,875.9735,0.0000,0.0000,0.0000
90.2667,19.6394,-19.8400,36061.3329,2731.9319,875.7436,0.0000,0.0000,0.0000
90.2833,19.6390,-19.8300,36097.3446,2735.7423,875.5138,0.0000,0.0000,0.0000
90.3000,19.6387,-19.8200,36132.8717,2739.5045,875.2841,0.0000,0.0000,0.0000
90.3167,19.6383,-19.8100,36167.9204,2743.2189,875.0545,0.0000,0.0000,0.0000
90.3333,19.6380,-19.8000,36202.4972,2746.8864,874.8250,0.0000,0.0000,0.0000
90.3500,19.6376,-19.7900,36236.6083,2750.5074,874.5956,0.0000,0.0000,0.0000
90.3667,19.6373,-19.7800,36270.2601,2754.0827,874.3663,0.0000,0.0000,0.0000
90.3833,19.6370,-19.7700,36303.4585,2757.6128,874.1371,0.0000,0.0000,0.0000
90.4000,19.6366,-19.7600,36336.2097,2761.0983,873.9080,0.0000,0.0000,0.0000
90.4167,19.6363,-19.7500,36368.5195,2764.5398,873.6791,0.0000,0.0000,0.0000
90.4333,19.6360,-19.7400,36400.3938,2767.9379,873.4502,0.0000,0.0000,0.0000
90.4500,19.6357,-19.7300,36431.8383,2771.2932,873.2214,0.0000,0.0000,0.0000
90.4667,19.6354,-19.7200,36462.8588,2774.6062,872.9927,0.0000,0.0000,0.0000
90.4833,19.6351,-19.7100,36493.4609,2777.8775,872.7640,0.0000,0.0000,0.0000
90.5000,19.6348,-19.7000,36523.6499,2781.1077,872.5355,0.0000,0.0000,0.0000
90.5167,19.6345,-19.6900,36553.4315,2784.2972,872.3071,0.0000,0.0000,0.0000
90.5333,19.6342,-19.6800,36582.8108,2787.4467,872.0788,0.0000,0.0000,0.0000
90.5500,19.6339,-19.6700,36611.7932,2790.5566,871.8505,0.0000,0.0000,0.0000
90.5667,19.6336,-19.6600,36640.3839,2793.6274,871.6223,0.0000,0.0000,0.0000
90.5833,19.6333,-19.6500,36668.5879,2796.6598,871.3943,0.0000,0.0000,0.0000
90.6000,19.6330,-19.6400,36696.4104,2799.6540,871.1663,0.0000,0.0000,0.0000
90.6167,19.6328,-19.6300,36723.8562,2802.6108,870.9384,0.0000,0.0000,0.0000
90.6333,19.6325,-19.6200,36750.9301,2805.5305,870.7105,0.0000,0.0000,0.0000
90.6500,19.6322,-19.6100,36777.6371,2808.4136,870.4828,0.0000,0.0000,0.0000
90.6667,19.6320,-19.6000,36803.9819,2811.2606,870.2551,0.0000,0.0000,0.0000
90.6833,19.6317,-19.5900,36829.9690,2814.0719,870.0275,0.0000,0.0000,0.0000
90.7000,19.6314,-19.5800,36855.6031,2816.8481,869.8000,0.0000,0.0000,0.0000
90.7167,19.6312,-19.5700,36880.8886,2819.5895,869.5726,0.0000,0.0000,0.0000
90.7333,19.6309,-19.5600,36905.8300,2822.2966,869.3452,0.0000,0.0000,0.0000
90.7500,19.6307,-19.5500,36930.4317,2824.9698,869.1179,0.0000,0.0000,0.0000
90.7667,19.6305,-19.5400,36954.6979,2827.6096,868.8907,0.0000,0.0000,0.0000
90.7833,19.6302,-19.5300,36978.6329,2830.2164,868.6636,0.0000,0.0000,0.0000
90.8000,19.6300,-19.5200,37002.2407,2832.7906,868.4365,0.0000,0.0000,0.0000
90.8167,19.6297,-19.5100,37025.5257,2835.3325,868.2096,0.0000,0.0000,0.0000
90.8333,19.6295,-19.5000,37048.4916,2837.8427,867.9826,0.0000,0.0000,0.0000
90.8500,19.6293,-19.4900,37071.1426,2840.3215,867.7558,0.0000,0.0000,0.0000
90.8667,19.6291,-19.4800,37093.4824,2842.7692,867.5290,0.0000,0.0000,0.0000
90.8833,19.6288,-19.4700,37115.5150,2845.1864,867.3023,0.0000,0.0000,0.0000
90.9000,19.6286,-19.4600,37137.2441,2847.5732,867.0757,0.0000,0.0000,0.0000
90.9167,19.6284,-19.4500,37158.6734,2849.9302,866.8491,0.0000,0.0000,0.0000
90.9333,19.6282,-19.4400,37179.8066,2852.2576,866.6226,0.0000,0.0000,0.0000
90.9500,19.6280,-19.4300,37200.6472,2854.5559,866.3961,0.0000,0.0000,0.0000
90.9667,19.6278,-19.4200,37221.1989,2856.8254,866.1697,0.0000,0.0000,0.0000
90.9833,19.6276,-19.4100,37241.4651,2859.0664,865.9434,0.0000,0.0000,0.0000
91.0000,19.6274,-19.4000,37264.1975,2861.4460,865.7166,0.0000,0.0000,0.0000
91.0167,19.6271,-19.4100,37294.4420,2864.4805,865.9317,0.0000,0.0000,0.0000
91.0333,19.6267,-19.4200,37326.1537,2867.4804,866.1465,0.0000,0.0000,0.0000
91.0500,19.6264,-19.4300,37357.9939,2870.4530,866.3612,0.0000,0.0000,0.0000
91.0667,19.6261,-19.4400,37386.4155,2873.2434,866.5767,0.0000,0.0000,0.0000
91.0833,19.6258,-19.4500,37415.8187,2876.0062,866.7920,0.0000,0.0000,0.0000
91.1000,19.6255,-19.4600,37445.3361,2878.7465,867.0073,0.0000,0.0000,0.0000
91.1167,19.6253,-19.4700,37474.7387,2881.4664,867.2226,0.0000,0.0000,0.0000
91.1333,19.6250,-19.4800,37503.9707,2884.1671,867.4380,0.0000,0.0000,0.0000
91.1500,19.6247,-19.4900,37533.0232,2886.8495,867.6533,0.0000,0.0000,0.0000
91.1667,19.6244,-19.5000,37561.9000,2889.5144,867.8688,0.0000,0.0000,0.0000
91.1833,19.6241,-19.5100,37590.6081,2892.1627,868.0842,0.0000,0.0000,0.0000
91.2000,19.6238,-19.5200,37619.1554,2894.7952,868.2997,0.0000,0.0000,0.0000
91.2167,19.6235,-19.5300,37647.5498,2897.4127,868.5152,0.0000,0.0000,0.0000
91.2333,19.6232,-19.5400,37675.7990,2900.0160,868.7308,0.0000,0.0000,0.0000
91.2500,19.6230,-19.5500,37703.9104,2902.6058,868.9464,0.0000,0.0000,0.0000
91.2667,19.6227,-19.5600,37731.8912,2905.1828,869.1620,0.0000,0.0000,0.0000
91.2833,19.6224,-19.5700,37759.7481,2907.7477,869.3776,0.0000,0.0000,0.0000
91.3000,19.6221,-19.5800,37787.4873,2910.3010,869.5933,0.0000,0.0000,0.0000
91.3167,19.6218,-19.5900,37815.1150,2912.8434,869.8090,0.0000,0.0000,0.0000
91.3333,19.6216,-19.6000,37842.6366,2915.3754,870.0247,0.0000,0.0000,0.0000
91.3500,19.6213,-19.6100,37870.0576,2917.8976,870.2405,0.0000,0.0000,0.0000
91.3667,19.6210,-19.6200,37897.3827,2920.4103,870.4562,0.0000,0.0000,0.0000
91.3833,19.6208,-19.6300,37924.6167,2922.9141,870.6720,0.0000,0.0000,0.0000
91.4000,19.6205,-19.6400,37951.7637,2925.4094,870.8878,0.0000,0.0000,0.0000
91.4167,19.6202,-19.6500,37978.8278,2927.8965,871.1036,0.0000,0.0000,0.0000
91.4333,19.6199,-19.6600,38005.8126,2930.3758,871.3195,0.0000,0.0000,0.0000
91.4500,19.6197,-19.6700,38032.7214,2932.8477,871.5353,0.0000,0.0000,0.0000
91.4667,19.6194,-19.6800,38059.5575,2935.3124,871.7512,0.0000,0.0000,0.0000
91.4833,19.6191,-19.6900,38086.3237,2937.7702,871.9671,0.0000,0.0000,0.0000
91.5000,19.6189,-19.7000,38113.0226,2940.2214,872.1830,0.0000,0.0000,0.0000
91.5167,19.6186,-19.7100,38139.6567,2942.6661,872.3989,0.0000,0.0000,0.0000
91.5333,19.6183,-19.7200,38166.2282,2945.1047,872.6148,0.0000,0.0000,0.0000
91.5500,19.6181,-19.7300,38192.7390,2947.5373,872.8308,0.0000,0.0000,0.0000
91.5667,19.6178,-19.7400,38219.1910,2949.9641,873.0467,0.0000,0.0000,0.0000
91.5833,19.6175,-19.7500,38245.5859,2952.3852,873.2627,0.0000,0.0000,0.0000
91.6000,19.6173,-19.7600,38271.9251,2954.8009,873.4787,0.0000,0.0000,0.0000
91.6167,19.6170,-19.7700,38298.2099,2957.2111,873.6946,0.0000,0.0000,0.0000
91.6333,19.6168,-19.7800,38324.4416,2959.6160,873.9107,0.0000,0.0000,0.0000
91.6500,19.6165,-19.7900,38350.6211,2962.0158,874.1267,0.0000,0.0000,0.0000
91.6667,19.6162,-19.8000,38376.7494,2964.4104,874.3427,0.0000,0.0000,0.0000
91.6833,19.6160,-19.8100,38402.8273,2966.8001,874.5587,0.0000,0.0000,0.0000
91.7000,19.6157,-19.8200,38428.8555,2969.1847,874.7748,0.0000,0.0000,0.0000
91.7167,19.6155,-19.8300,38454.8346,2971.5645,874.9908,0.0000,0.0000,0.0000
91.7333,19.6152,-19.8400,38480.7651,2973.9395,875.2069,0.0000,0.0000,0.0000
91.7500,19.6149,-19.8500,38506.6474,2976.3096,875.4230,0.0000,0.0000,0.0000
91.7667,19.6147,-19.8600,38532.4818,2978.6749,875.6391,0.0000,0.0000,0.0000
91.7833,19.6144,-19.8700,38558.2685,2981.0355,875.8552,0.0000,0.0000,0.0000
91.8000,19.6142,-19.8800,38584.0079,2983.3914,876.0713,0.0000,0.0000,0.0000
91.8167,19.6139,-19.8900,38609.6999,2985.7425,876.2874,0.0000,0.0000,0.0000
91.8333,19.6136,-19.9000,38635.3447,2988.0888,876.5036,0.0000,0.0000,0.0000
91.8500,19.6134,-19.9100,38660.9423,2990.4305,876.7197,0.0000,0.0000,0.0000
91.8667,19.6131,-19.9200,38686.4926,2992.7673,876.9359,0.0000,0.0000,0.0000
91.8833,19.6129,-19.9300,38711.9956,2995.0995,877.1520,0.0000,0.0000,0.0000
91.9000,19.6126,-19.9400,38737.4511,2997.4269,877.3682,0.0000,0.0000,0.0000
91.9167,19.6124,-19.9500,38762.8590,2999.7495,877.5844,0.0000,0.0000,0.0000
91.9333,19.6121,-19.9600,38788.2191,3002.0673,877.8006,0.0000,0.0000,0.0000
91.9500,19.6119,-19.9700,38813.5312,3004.3803,878.0168,0.0000,0.0000,0.0000
91.9667,19.6116,-19.9800,38838.7950,3006.6884,878.2330,0.0000,0.0000,0.0000
91.9833,19.6114,-19.9900,38864.0103,3008.9917,878.4492,0.0000,0.0000,0.0000
92.0000,19.6111,-20.0000,38889.1768,3011.2901,878.6655,0.0000,0.0000,0.0000
92.0167,19.6109,-19.9900,38906.2028,3012.8999,878.4399,0.0000,0.0000,0.0000
92.0333,19.6108,-19.9800,38920.9703,3014.5133,878.2148,0.0000,0.0000,0.0000
92.0500,19.6106,-19.9700,38935.0745,3016.1225,877.9898,0.0000,0.0000,0.0000
92.0667,19.6105,-19.9600,38948.9458,3017.7253,877.7649,0.0000,0.0000,0.0000
92.0833,19.6104,-19.9500,38962.6975,3019.3204,877.5401,0.0000,0.0000,0.0000
92.1000,19.6102,-19.9400,38976.3556,3020.9072,877.3152,0.0000,0.0000,0.0000
92.1167,19.6101,-19.9300,38989.9218,3022.4848,877.0904,0.0000,0.0000,0.0000
92.1333,19.6100,-19.9200,39003.3911,3024.0525,876.8656,0.0000,0.0000,0.0000
92.1500,19.6098,-19.9100,39016.7564,3025.6094,876.6408,0.0000,0.0000,0.0000
92.1667,19.6097,-19.9000,39030.0099,3027.1549,876.4160,0.0000,0.0000,0.0000
92.1833,19.6096,-19.8900,39043.1442,3028.6880,876.1913,0.0000,0.0000,0.0000
92.2000,19.6094,-19.8800,39056.1518,3030.2082,875.9666,0.0000,0.0000,0.0000
92.2167,19.6093,-19.8700,39069.0259,3031.7147,875.7419,0.0000,0.0000,0.0000
92.2333,19.6092,-19.8600,39081.7599,3033.2069,875.5172,0.0000,0.0000,0.0000
92.2500,19.6091,-19.8500,39094.3476,3034.6841,875.2926,0.0000,0.0000,0.0000
92.2667,19.6089,-19.8400,39106.7834,3036.1459,875.0680,0.0000,0.0000,0.0000
92.2833,19.6088,-19.8300,39119.0622,3037.5918,874.8435,0.0000,0.0000,0.0000
92.3000,19.6087,-19.8200,39131.1792,3039.0212,874.6190,0.0000,0.0000,0.0000
92.3167,19.6086,-19.8100,39143.1303,3040.4339,874.3945,0.0000,0.0000,0.0000
92.3333,19.6085,-19.8000,39154.9114,3041.8293,874.1701,0.0000,0.0000,0.0000
92.3500,19.6083,-19.7900,39166.5192,3043.2072,873.9457,0.0000,0.0000,0.0000
92.3667,19.6082,-19.7800,39177.9507,3044.5673,873.7213,0.0000,0.0000,0.0000
92.3833,19.6081,-19.7700,39189.2032,3045.9094,873.4970,0.0000,0.0000,0.0000
92.4000,19.6080,-19.7600,39200.2743,3047.2332,873.2727,0.0000,0.0000,0.0000
92.4167,19.6079,-19.7500,39211.1621,3048.5386,873.0485,0.0000,0.0000,0.0000
92.4333,19.6078,-19.7400,39221.8649,3049.8253,872.8243,0.0000,0.0000,0.0000
92.4500,19.6077,-19.7300,39232.3813,3051.0933,872.6001,0.0000,0.0000,0.0000
92.4667,19.6076,-19.7200,39242.7102,3052.3425,872.3760,0.0000,0.0000,0.0000
92.4833,19.6075,-19.7100,39252.8507,3053.5727,872.1519,0.0000,0.0000,0.0000
92.5000,19.6074,-19.7000,39262.8023,3054.7840,871.9279,0.0000,0.0000,0.0000
92.5167,19.6073,-19.6900,39272.5645,3055.9763,871.7039,0.0000,0.0000,0.0000
92.5333,19.6072,-19.6800,39282.1372,3057.1496,871.4800,0.0000,0.0000,0.0000
92.5500,19.6071,-19.6700,39291.5203,3058.3039,871.2561,0.0000,0.0000,0.0000
92.5667,19.6070,-19.6600,39300.7141,3059.4392,871.0322,0.0000,0.0000,0.0000
92.5833,19.6069,-19.6500,39309.7190,3060.5556,870.8084,0.0000,0.0000,0.0000
92.6000,19.6068,-19.6400,39318.5353,3061.6531,870.5846,0.0000,0.0000,0.0000
92.6167,19.6067,-19.6300,39327.1638,3062.7319,870.3609,0.0000,0.0000,0.0000
92.6333,19.6066,-19.6200,39335.6053,3063.7919,870.1372,0.0000,0.0000,0.0000
92.6500,19.6066,-19.6100,39343.8606,3064.8333,869.9135,0.0000,0.0000,0.0000
92.6667,19.6065,-19.6000,39351.9308,3065.8562,869.6899,0.0000,0.0000,0.0000
92.6833,19.6064,-19.5900,39359.8170,3066.8607,869.4663,0.0000,0.0000,0.0000
92.7000,19.6063,-19.5800,39367.5204,3067.8469,869.2428,0.0000,0.0000,0.0000
92.7167,19.6062,-19.5700,39375.0422,3068.8150,869.0193,0.0000,0.0000,0.0000
92.7333,19.6062,-19.5600,39382.3838,3069.7650,868.7959,0.0000,0.0000,0.0000
92.7500,19.6061,-19.5500,39389.5467,3070.6973,868.5725,0.0000,0.0000,0.0000
92.7667,19.6060,-19.5400,39396.5323,3071.6118,868.3491,0.0000,0.0000,0.0000
92.7833,19.6060,-19.5300,39403.3422,3072.5088,868.1258,0.0000,0.0000,0.0000
92.8000,19.6059,-19.5200,39409.9780,3073.3883,867.9025,0.0000,0.0000,0.0000
92.8167,19.6058,-19.5100,39416.4412,3074.2507,867.6792,0.0000,0.0000,0.0000
92.8333,19.6058,-19.5000,39422.7337,3075.0960,867.4560,0.0000,0.0000,0.0000
92.8500,19.6057,-19.4900,39428.8570,3075.9245,867.2328,0.0000,0.0000,0.0000
92.8667,19.6057,-19.4800,39434.8129,3076.7362,867.0097,0.0000,0.0000,0.0000
92.8833,19.6056,-19.4700,39440.6032,3077.5314,866.7865,0.0000,0.0000,0.0000
92.9000,19.6055,-19.4600,39446.2297,3078.3103,866.5635,0.0000,0.0000,0.0000
92.9167,19.6055,-19.4500,39451.6941,3079.0730,866.3404,0.0000,0.0000,0.0000
92.9333,19.6054,-19.4400,39456.9982,3079.8197,866.1174,0.0000,0.0000,0.0000
92.9500,19.6054,-19.4300,39462.1438,3080.5506,865.8945,0.0000,0.0000,0.0000
92.9667,19.6053,-19.4200,39467.1329,3081.2659,865.6715,0.0000,0.0000,0.0000
92.9833,19.6053,-19.4100,39471.9671,3081.9657,865.4487,0.0000,0.0000,0.0000
93.0000,19.6052,-19.4000,39476.6483,3082.6503,865.2258,0.0000,0.0000,0.0000
93.0167,19.6052,-19.3917,39481.8531,3083.3769,865.0398,0.0000,0.0000,0.0000
93.0333,19.6051,-19.3833,39487.0922,3084.0877,864.8538,0.0000,0.0000,0.0000
93.0500,19.6051,-19.3750,39492.2329,3084.7835,864.6678,0.0000,0.0000,0.0000
93.0667,19.6050,-19.3667,39497.2392,3085.4644,864.4818,0.0000,0.0000,0.0000
93.0833,19.6050,-19.3583,39502.1006,3086.1304,864.2959,0.0000,0.0000,0.0000
93.1000,19.6049,-19.3500,39506.8136,3086.7814,864.1100,0.0000,0.0000,0.0000
93.1167,19.6049,-19.3417,39511.3765,3087.4173,863.9241,0.0000,0.0000,0.0000
93.1333,19.6048,-19.3333,39515.7877,3088.0379,863.7383,0.0000,0.0000,0.0000
93.1500,19.6048,-19.3250,39520.0457,3088.6431,863.5525,0.0000,0.0000,0.0000
93.1667,19.6048,-19.3167,39524.1493,3089.2328,863.3667,0.0000,0.0000,0.0000
93.1833,19.6047,-19.3083,39526.4994,3089.6101,863.1814,0.0000,0.0000,0.0000
93.2000,19.6047,-19.3000,39528.5598,3089.9786,862.9960,0.0000,0.0000,0.0000
93.2167,19.6047,-19.2917,39530.4387,3090.3377,862.8108,0.0000,0.0000,0.0000
93.2333,19.6047,-19.2833,39532.1834,3090.6872,862.6255,0.0000,0.0000,0.0000
93.2500,19.6047,-19.2750,39533.8143,3091.0270,862.4403,0.0000,0.0000,0.0000
93.2667,19.6046,-19.2667,39535.3402,3091.3570,862.2551,0.0000,0.0000,0.0000
93.2833,19.6046,-19.2583,39536.7646,3091.6771,862.0700,0.0000,0.0000,0.0000
93.3000,19.6046,-19.2500,39538.0886,3091.9872,861.8848,0.0000,0.0000,0.0000
93.3167,19.6046,-19.2417,39539.3126,3092.2873,861.6997,0.0000,0.0000,0.0000
93.3333,19.6046,-19.2333,39541.5525,3092.7490,861.5143,0.0000,0.0000,0.0000
93.3500,19.6046,-19.2250,39542.8799,3093.0247,861.3292,0.0000,0.0000,0.0000
93.3667,19.6046,-19.2167,39544.9797,3093.4559,861.1439,0.0000,0.0000,0.0000
93.3833,19.6045,-19.2083,39547.2099,3093.8689,860.9585,0.0000,0.0000,0.0000
93.4000,19.6045,-19.2000,39549.3526,3094.2646,860.7732,0.0000,0.0000,0.0000
93.4167,19.6045,-19.1917,39551.3481,3094.6433,860.5879,0.0000,0.0000,0.0000
93.4333,19.6045,-19.1833,39553.1802,3095.0049,860.4026,0.0000,0.0000,0.0000
93.4500,19.6045,-19.1750,39554.8448,3095.3496,860.2174,0.0000,0.0000,0.0000
93.4667,19.6044,-19.1667,39556.3415,3095.6774,860.0322,0.0000,0.0000,0.0000
93.4833,19.6044,-19.1583,39557.6709,3095.9885,859.8471,0.0000,0.0000,0.0000
93.5000,19.6044,-19.1500,39558.8343,3096.2830,859.6620,0.0000,0.0000,0.0000
93.5167,19.6044,-19.1417,39559.8332,3096.5611,859.4769,0.0000,0.0000,0.0000
93.5333,19.6044,-19.1333,39560.6690,3096.8229,859.2919,0.0000,0.0000,0.0000
93.5500,19.6044,-19.1250,39561.3436,3097.0686,859.1069,0.0000,0.0000,0.0000
93.5667,19.6044,-19.1167,39561.8587,3097.2984,858.9219,0.0000,0.0000,0.0000
93.5833,19.6044,-19.1083,39562.2161,3097.5125,858.7370,0.0000,0.0000,0.0000
93.6000,19.6044,-19.1000,39562.4177,3097.7110,858.5521,0.0000,0.0000,0.0000
93.6167,19.6044,-19.0917,39562.4652,3097.8942,858.3672,0.0000,0.0000,0.0000
93.6333,19.6044,-19.0833,39562.3605,3098.0622,858.1824,0.0000,0.0000,0.0000
93.6500,19.6044,-19.0750,39562.1054,3098.2152,857.9976,0.0000,0.0000,0.0000
93.6667,19.6044,-19.0667,39561.7016,3098.3533,857.8128,0.0000,0.0000,0.0000
93.6833,19.6044,-19.0583,39561.1509,3098.4769,857.6281,0.0000,0.0000,0.0000
93.7000,19.6044,-19.0500,39560.4551,3098.5859,857.4434,0.0000,0.0000,0.0000
93.7167,19.6044,-19.0417,39559.6158,3098.6806,857.2587,0.0000,0.0000,0.0000
93.7333,19.6044,-19.0333,39558.6346,3098.7612,857.0741,0.0000,0.0000,0.0000
93.7500,19.6044,-19.0250,39557.5133,3098.8278,856.8895,0.0000,0.0000,0.0000
93.7667,19.6044,-19.0167,39556.2534,3098.8806,856.7049,0.0000,0.0000,0.0000
93.7833,19.6045,-19.0083,39554.8564,3098.9197,856.5204,0.0000,0.0000,0.0000
93.8000,19.6045,-19.0000,39553.3239,3098.9453,856.3359,0.0000,0.0000,0.0000
93.8167,19.6045,-18.9917,39551.6574,3098.9575,856.1514,0.0000,0.0000,0.0000
93.8333,19.6045,-18.9833,39549.8582,3098.9565,855.9669,0.0000,0.0000,0.0000
93.8500,19.6045,-18.9750,39547.9277,3098.9424,855.7825,0.0000,0.0000,0.0000
93.8667,19.6045,-18.9667,39545.8674,3098.9154,855.5981,0.0000,0.0000,0.0000
93.8833,19.6046,-18.9583,39543.6784,3098.8754,855.4137,0.0000,0.0000,0.0000
93.9000,19.6046,-18.9500,39541.3622,3098.8228,855.2294,0.0000,0.0000,0.0000
93.9167,19.6046,-18.9417,39538.9198,3098.7576,855.0451,0.0000,0.0000,0.0000
93.9333,19.6046,-18.9333,39536.3526,3098.6800,854.8608,0.0000,0.0000,0.0000
93.9500,19.6047,-18.9250,39533.6616,3098.5899,854.6766,0.0000,0.0000,0.0000
93.9667,19.6047,-18.9167,39530.8479,3098.4877,854.4923,0.0000,0.0000,0.0000
93.9833,19.6047,-18.9083,39527.9125,3098.3733,854.3081,0.0000,0.0000,0.0000
94.0000,19.6048,-18.9000,39524.8566,3098.2468,854.1239,0.0000,0.0000,0.0000
94.0167,19.6047,-18.9000,39525.0590,3098.3942,854.1239,0.0000,0.0000,0.0000
94.0333,19.6047,-18.9000,39526.0675,3098.5264,854.1237,0.0000,0.0000,0.0000
94.0500,19.6047,-18.9000,39527.2169,3098.6468,854.1234,0.0000,0.0000,0.0000
94.0667,19.6047,-18.9000,39528.3295,3098.7566,854.1232,0.0000,0.0000,0.0000
94.0833,19.6047,-18.9000,39529.3610,3098.8566,854.1229,0.0000,0.0000,0.0000
94.1000,19.6047,-18.9000,39530.3041,3098.9474,854.1227,0.0000,0.0000,0.0000
94.1167,19.6047,-18.9000,39531.1619,3099.0298,854.1225,0.0000,0.0000,0.0000
94.1333,19.6047,-18.9000,39531.6928,3099.0854,854.1224,0.0000,0.0000,0.0000
94.1500,19.6047,-18.9000,39532.2155,3099.1374,854.1223,0.0000,0.0000,0.0000
94.1667,19.6047,-18.9000,39532.7153,3099.1859,854.1222,0.0000,0.0000,0.0000
94.1833,19.6047,-18.9000,39533.1871,3099.2311,854.1221,0.0000,0.0000,0.0000
94.2000,19.6047,-18.9000,39533.6300,3099.2734,854.1220,0.0000,0.0000,0.0000
94.2167,19.6047,-18.9000,39534.0453,3099.3129,854.1219,0.0000,0.0000,0.0000
94.2333,19.6047,-18.9000,39534.4353,3099.3501,854.1218,0.0000,0.0000,0.0000
94.2500,19.6047,-18.9000,39534.8024,3099.3852,854.1217,0.0000,0.0000,0.0000
94.2667,19.6046,-18.9000,39535.1496,3099.4185,854.1217,0.0000,0.0000,0.0000
94.2833,19.6046,-18.9000,39535.4793,3099.4503,854.1216,0.0000,0.0000,0.0000
94.3000,19.6046,-18.9000,39535.7944,3099.4808,854.1215,0.0000,0.0000,0.0000
94.3167,19.6046,-18.9000,39536.0973,3099.5102,854.1215,0.0000,0.0000,0.0000
94.3333,19.6046,-18.9000,39536.3904,3099.5389,854.1214,0.0000,0.0000,0.0000
94.3500,19.6046,-18.9000,39536.6759,3099.5669,854.1213,0.0000,0.0000,0.0000
94.3667,19.6046,-18.9000,39536.9561,3099.5946,854.1213,0.0000,0.0000,0.0000
94.3833,19.6046,-18.9000,39537.2330,3099.6221,854.1212,0.0000,0.0000,0.0000
94.4000,19.6046,-18.9000,39537.5084,3099.6496,854.1211,0.0000,0.0000,0.0000
94.4167,19.6046,-18.9000,39537.7841,3099.6772,854.1211,0.0000,0.0000,0.0000
94.4333,19.6046,-18.9000,39538.0619,3099.7052,854.1210,0.0000,0.0000,0.0000
94.4500,19.6046,-18.9000,39538.3433,3099.7336,854.1210,0.0000,0.0000,0.0000
94.4667,19.6046,-18.9000,39538.6297,3099.7627,854.1209,0.0000,0.0000,0.0000
94.4833,19.6046,-18.9000,39538.9226,3099.7925,854.1208,0.0000,0.0000,0.0000
94.5000,19.6046,-18.9000,39539.2232,3099.8232,854.1208,0.0000,0.0000,0.0000
94.5167,19.6046,-18.9000,39539.5326,3099.8549,854.1207,0.0000,0.0000,0.0000
94.5333,19.6046,-18.9000,39539.8521,3099.8876,854.1206,0.0000,0.0000,0.0000
94.5500,19.6046,-18.9000,39540.1825,3099.9216,854.1205,0.0000,0.0000,0.0000
94.5667,19.6046,-18.9000,39540.5248,3099.9567,854.1205,0.0000,0.0000,0.0000
94.5833,19.6046,-18.9000,39540.8798,3099.9933,854.1204,0.0000,0.0000,0.0000
94.6000,19.6046,-18.9000,39541.2484,3100.0312,854.1203,0.0000,0.0000,0.0000
94.6167,19.6046,-18.9000,39541.6313,3100.0706,854.1202,0.0000,0.0000,0.0000
94.6333,19.6046,-18.9000,39542.0291,3100.1116,854.1201,0.0000,0.0000,0.0000
94.6500,19.6046,-18.9000,39542.4423,3100.1542,854.1200,0.0000,0.0000,0.0000
94.6667,19.6046,-18.9000,39542.8716,3100.1984,854.1200,0.0000,0.0000,0.0000
94.6833,19.6046,-18.9000,39543.3174,3100.2443,854.1199,0.0000,0.0000,0.0000
94.7000,19.6046,-18.9000,39543.7801,3100.2919,854.1198,0.0000,0.0000,0.0000
94.7167,19.6046,-18.9000,39544.2600,3100.3413,854.1196,0.0000,0.0000,0.0000
94.7333,19.6046,-18.9000,39544.7576,3100.3924,854.1195,0.0000,0.0000,0.0000
94.7500,19.6045,-18.9000,39545.2731,3100.4454,854.1194,0.0000,0.0000,0.0000
94.7667,19.6045,-18.9000,39545.8066,3100.5002,854.1193,0.0000,0.0000,0.0000
94.7833,19.6045,-18.9000,39546.3585,3100.5569,854.1192,0.0000,0.0000,0.0000
94.8000,19.6045,-18.9000,39546.9288,3100.6154,854.1191,0.0000,0.0000,0.0000
94.8167,19.6045,-18.9000,39547.5178,3100.6758,854.1189,0.0000,0.0000,0.0000
94.8333,19.6045,-18.9000,39548.1254,3100.7381,854.1188,0.0000,0.0000,0.0000
94.8500,19.6045,-18.9000,39548.7517,3100.8022,854.1186,0.0000,0.0000,0.0000
94.8667,19.6045,-18.9000,39549.3968,3100.8683,854.1185,0.0000,0.0000,0.0000
94.8833,19.6045,-18.9000,39550.0607,3100.9362,854.1184,0.0000,0.0000,0.0000
94.9000,19.6045,-18.9000,39550.7432,3101.0060,854.1182,0.0000,0.0000,0.0000
94.9167,19.6045,-18.9000,39551.4445,3101.0777,854.1180,0.0000,0.0000,0.0000
94.9333,19.6045,-18.9000,39552.1644,3101.1512,854.1179,0.0000,0.0000,0.0000
94.9500,19.6045,-18.9000,39552.9027,3101.2265,854.1177,0.0000,0.0000,0.0000
94.9667,19.6045,-18.9000,39553.6595,3101.3037,854.1176,0.0000,0.0000,0.0000
94.9833,19.6045,-18.9000,39554.4345,3101.3828,854.1174,0.0000,0.0000,0.0000
95.0000,19.6044,-18.9000,39555.7285,3101.4974,854.1171,0.0000,0.0000,0.0000
95.0167,19.6045,-18.8817,39549.3625,3100.9787,853.7118,0.0000,0.0000,0.0000
95.0333,19.6046,-18.8633,39541.0179,3100.4718,853.3070,0.0000,0.0000,0.0000
95.0500,19.6047,-18.8450,39532.1583,3099.9705,852.9023,0.0000,0.0000,0.0000
95.0667,19.6048,-18.8267,39523.1803,3099.4728,852.4976,0.0000,0.0000,0.0000
95.0833,19.6049,-18.8083,39514.1883,3098.9778,852.0929,0.0000,0.0000,0.0000
95.1000,19.6049,-18.7900,39505.2066,3098.4848,851.6883,0.0000,0.0000,0.0000
95.1167,19.6050,-18.7717,39496.2375,3097.9931,851.2836,0.0000,0.0000,0.0000
95.1333,19.6051,-18.7533,39487.2775,3097.5022,850.8789,0.0000,0.0000,0.0000
95.1500,19.6052,-18.7350,39478.3223,3097.0115,850.4742,0.0000,0.0000,0.0000
95.1667,19.6053,-18.7167,39469.3671,3096.5207,850.0695,0.0000,0.0000,0.0000
95.1833,19.6054,-18.6983,39460.4080,3096.0293,849.6648,0.0000,0.0000,0.0000
95.2000,19.6055,-18.6800,39451.4412,3095.5370,849.2601,0.0000,0.0000,0.0000
95.2167,19.6056,-18.6617,39442.4634,3095.0434,848.8554,0.0000,0.0000,0.0000
95.2333,19.6057,-18.6433,39433.4715,3094.5483,848.4508,0.0000,0.0000,0.0000
95.2500,19.6058,-18.6250,39424.4627,3094.0514,848.0461,0.0000,0.0000,0.0000
95.2667,19.6058,-18.6067,39415.4344,3093.5524,847.6414,0.0000,0.0000,0.0000
95.2833,19.6059,-18.5883,39406.3842,3093.0511,847.2367,0.0000,0.0000,0.0000
95.3000,19.6060,-18.5700,39397.3096,3092.5473,846.8321,0.0000,0.0000,0.0000
95.3167,19.6061,-18.5517,39388.2085,3092.0407,846.4274,0.0000,0.0000,0.0000
95.3333,19.6062,-18.5333,39379.0786,3091.5312,846.0228,0.0000,0.0000,0.0000
95.3500,19.6063,-18.5150,39369.9180,3091.0185,845.6181,0.0000,0.0000,0.0000
95.3667,19.6064,-18.4967,39360.7247,3090.5024,845.2135,0.0000,0.0000,0.0000
95.3833,19.6065,-18.4783,39351.4968,3089.9828,844.8089,0.0000,0.0000,0.0000
95.4000,19.6066,-18.4600,39342.2326,3089.4595,844.4042,0.0000,0.0000,0.0000
95.4167,19.6067,-18.4417,39332.9301,3088.9323,843.9996,0.0000,0.0000,0.0000
95.4333,19.6068,-18.4233,39323.5879,3088.4010,843.5950,0.0000,0.0000,0.0000
95.4500,19.6069,-18.4050,39314.2044,3087.8655,843.1904,0.0000,0.0000,0.0000
95.4667,19.6070,-18.3867,39304.7779,3087.3256,842.7859,0.0000,0.0000,0.0000
95.4833,19.6070,-18.3683,39295.3071,3086.7812,842.3813,0.0000,0.0000,0.0000
95.5000,19.6071,-18.3500,39285.7905,3086.2322,841.9767,0.0000,0.0000,0.0000
95.5167,19.6072,-18.3317,39276.2270,3085.6785,841.5722,0.0000,0.0000,0.0000
95.5333,19.6073,-18.3133,39266.6151,3085.1198,841.1676,0.0000,0.0000,0.0000
95.5500,19.6074,-18.2950,39256.9537,3084.5561,840.7631,0.0000,0.0000,0.0000
95.5667,19.6075,-18.2767,39247.2417,3083.9873,840.3586,0.0000,0.0000,0.0000
95.5833,19.6076,-18.2583,39237.4780,3083.4133,839.9541,0.0000,0.0000,0.0000
95.6000,19.6077,-18.2400,39227.6616,3082.8339,839.5496,0.0000,0.0000,0.0000
95.6167,19.6078,-18.2217,39217.7915,3082.2492,839.1451,0.0000,0.0000,0.0000
95.6333,19.6079,-18.2033,39207.8668,3081.6589,838.7406,0.0000,0.0000,0.0000
95.6500,19.6080,-18.1850,39197.8867,3081.0630,838.3361,0.0000,0.0000,0.0000
95.6667,19.6081,-18.1667,39187.8502,3080.4615,837.9317,0.0000,0.0000,0.0000
95.6833,19.6082,-18.1483,39177.7567,3079.8541,837.5272,0.0000,0.0000,0.0000
95.7000,19.6083,-18.1300,39167.6055,3079.2410,837.1228,0.0000,0.0000,0.0000
95.7167,19.6084,-18.1117,39157.3958,3078.6220,836.7184,0.0000,0.0000,0.0000
95.7333,19.6085,-18.0933,39147.1270,3077.9971,836.3140,0.0000,0.0000,0.0000
95.7500,19.6086,-18.0750,39136.7986,3077.3661,835.9096,0.0000,0.0000,0.0000
95.7667,19.6087,-18.0567,39126.4099,3076.7291,835.5053,0.0000,0.0000,0.0000
95.7833,19.6088,-18.0383,39115.9604,3076.0860,835.1009,0.0000,0.0000,0.0000
95.8000,19.6089,-18.0200,39105.4497,3075.4367,834.6966,0.0000,0.0000,0.0000
95.8167,19.6091,-18.0017,39094.8774,3074.7812,834.2922,0.0000,0.0000,0.0000
95.8333,19.6092,-17.9833,39084.2429,3074.1194,833.8879,0.0000,0.0000,0.0000
95.8500,19.6093,-17.9650,39073.5459,3073.4514,833.4836,0.0000,0.0000,0.0000
95.8667,19.6094,-17.9467,39062.7861,3072.7771,833.0793,0.0000,0.0000,0.0000
95.8833,19.6095,-17.9283,39051.9630,3072.0964,832.6750,0.0000,0.0000,0.0000
95.9000,19.6096,-17.9100,39041.0765,3071.4094,832.2708,0.0000,0.0000,0.0000
95.9167,19.6097,-17.8917,39030.1261,3070.7159,831.8665,0.0000,0.0000,0.0000
95.9333,19.6098,-17.8733,39019.1118,3070.0160,831.4623,0.0000,0.0000,0.0000
95.9500,19.6099,-17.8550,39008.0331,3069.3097,831.0581,0.0000,0.0000,0.0000
95.9667,19.6100,-17.8367,38996.8900,3068.5969,830.6539,0.0000,0.0000,0.0000
95.9833,19.6101,-17.8183,38985.6821,3067.8776,830.2497,0.0000,0.0000,0.0000
96.0000,19.6103,-17.8000,38974.4094,3067.1517,829.8455,0.0000,0.0000,0.0000
96.0167,19.6103,-17.8083,38974.1068,3067.3615,830.0304,0.0000,0.0000,0.0000
96.0333,19.6102,-17.8167,38976.0798,3067.5598,830.2149,0.0000,0.0000,0.0000
96.0500,19.6102,-17.8250,38979.0371,3067.7517,830.3991,0.0000,0.0000,0.0000
96.0667,19.6102,-17.8333,38982.4126,3067.9393,830.5832,0.0000,0.0000,0.0000
96.0833,19.6101,-17.8417,38985.9581,3068.1238,830.7672,0.0000,0.0000,0.0000
96.1000,19.6101,-17.8500,38989.5657,3068.3057,830.9513,0.0000,0.0000,0.0000
96.1167,19.6101,-17.8583,38993.1886,3068.4854,831.1353,0.0000,0.0000,0.0000
96.1333,19.6100,-17.8667,38996.8077,3068.6630,831.3194,0.0000,0.0000,0.0000
96.1500,19.6100,-17.8750,39000.4153,3068.8390,831.5034,0.0000,0.0000,0.0000
96.1667,19.6100,-17.8833,39004.0096,3069.0134,831.6875,0.0000,0.0000,0.0000
96.1833,19.6099,-17.8917,39007.5909,3069.1865,831.8715,0.0000,0.0000,0.0000
96.2000,19.6099,-17.9000,39011.1604,3069.3585,832.0556,0.0000,0.0000,0.0000
96.2167,19.6099,-17.9083,39014.7201,3069.5296,832.2397,0.0000,0.0000,0.0000
96.2333,19.6098,-17.9167,39018.2717,3069.7001,832.4237,0.0000,0.0000,0.0000
96.2500,19.6098,-17.9250,39021.8174,3069.8702,832.6078,0.0000,0.0000,0.0000
96.2667,19.6097,-17.9333,39025.3591,3070.0399,832.7919,0.0000,0.0000,0.0000
96.2833,19.6097,-17.9417,39028.8985,3070.2096,832.9759,0.0000,0.0000,0.0000
96.3000,19.6097,-17.9500,39032.4375,3070.3794,833.1600,0.0000,0.0000,0.0000
96.3167,19.6096,-17.9583,39035.9778,3070.5495,833.3441,0.0000,0.0000,0.0000
96.3333,19.6096,-17.9667,39039.5209,3070.7199,833.5281,0.0000,0.0000,0.0000
96.3500,19.6096,-17.9750,39043.0682,3070.8909,833.7122,0.0000,0.0000,0.0000
96.3667,19.6095,-17.9833,39046.6211,3071.0625,833.8963,0.0000,0.0000,0.0000
96.3833,19.6095,-17.9917,39050.1808,3071.2349,834.0803,0.0000,0.0000,0.0000
96.4000,19.6095,-18.0000,39053.7485,3071.4082,834.2644,0.0000,0.0000,0.0000
96.4167,19.6094,-18.0083,39057.3250,3071.5824,834.4484,0.0000,0.0000,0.0000
96.4333,19.6094,-18.0167,39060.9114,3071.7577,834.6325,0.0000,0.0000,0.0000
96.4500,19.6094,-18.0250,39064.5084,3071.9341,834.8166,0.0000,0.0000,0.0000
96.4667,19.6093,-18.0333,39068.1167,3072.1117,835.0006,0.0000,0.0000,0.0000
96.4833,19.6093,-18.0417,39071.7369,3072.2905,835.1847,0.0000,0.0000,0.0000
96.5000,19.6092,-18.0500,39075.3695,3072.4707,835.3687,0.0000,0.0000,0.0000
96.5167,19.6092,-18.0583,39079.0149,3072.6521,835.5527,0.0000,0.0000,0.0000
96.5333,19.6092,-18.0667,39082.6734,3072.8349,835.7368,0.0000,0.0000,0.0000
96.5500,19.6091,-18.0750,39086.3453,3073.0190,835.9208,0.0000,0.0000,0.0000
96.5667,19.6091,-18.0833,39090.0307,3073.2045,836.1049,0.0000,0.0000,0.0000
96.5833,19.6091,-18.0917,39093.7296,3073.3913,836.2889,0.0000,0.0000,0.0000
96.6000,19.6090,-18.1000,39097.4421,3073.5795,836.4729,0.0000,0.0000,0.0000
96.6167,19.6090,-18.1083,39101.1681,3073.7691,836.6569,0.0000,0.0000,0.0000
96.6333,19.6090,-18.1167,39104.9073,3073.9599,836.8410,0.0000,0.0000,0.0000
96.6500,19.6089,-18.1250,39108.6595,3074.1521,837.0250,0.0000,0.0000,0.0000
96.6667,19.6089,-18.1333,39112.4244,3074.3455,837.2090,0.0000,0.0000,0.0000
96.6833,19.6088,-18.1417,39116.2017,3074.5401,837.3930,0.0000,0.0000,0.0000
96.7000,19.6088,-18.1500,39119.9907,3074.7358,837.5770,0.0000,0.0000,0.0000
96.7167,19.6088,-18.1583,39123.7911,3074.9327,837.7610,0.0000,0.0000,0.0000
96.7333,19.6087,-18.1667,39127.6021,3075.1305,837.9450,0.0000,0.0000,0.0000
96.7500,19.6087,-18.1750,39131.4232,3075.3293,838.1291,0.0000,0.0000,0.0000
96.7667,19.6086,-18.1833,39135.2534,3075.5290,838.3131,0.0000,0.0000,0.0000
96.7833,19.6086,-18.1917,39139.0920,3075.7295,838.4971,0.0000,0.0000,0.0000
96.8000,19.6086,-18.2000,39142.9381,3075.9306,838.6811,0.0000,0.0000,0.0000
96.8167,19.6085,-18.2083,39146.7905,3076.1323,838.8651,0.0000,0.0000,0.0000
96.8333,19.6085,-18.2167,39150.6483,3076.3344,839.0491,0.0000,0.0000,0.0000
96.8500,19.6085,-18.2250,39154.5101,3076.5368,839.2330,0.0000,0.0000,0.0000
96.8667,19.6084,-18.2333,39158.3746,3076.7394,839.4170,0.0000,0.0000,0.0000
96.8833,19.6084,-18.2417,39162.2404,3076.9421,839.6010,0.0000,0.0000,0.0000
96.9000,19.6083,-18.2500,39166.1059,3077.1445,839.7850,0.0000,0.0000,0.0000
96.9167,19.6083,-18.2583,39169.9692,3077.3466,839.9690,0.0000,0.0000,0.0000
96.9333,19.6083,-18.2667,39173.8283,3077.5482,840.1530,0.0000,0.0000,0.0000
96.9500,19.6082,-18.2750,39177.6810,3077.7489,840.3370,0.0000,0.0000,0.0000
96.9667,19.6082,-18.2833,39181.5247,3077.9484,840.5210,0.0000,0.0000,0.0000
96.9833,19.6081,-18.2917,39185.3565,3078.1466,840.7050,0.0000,0.0000,0.0000
97.0000,19.6081,-18.3000,39190.4394,3078.3053,840.8887,0.0000,0.0000,0.0000
97.0167,19.6083,-18.2633,39174.6922,3076.9137,840.0789,0.0000,0.0000,0.0000
97.0333,19.6085,-18.2267,39154.2062,3075.5310,839.2701,0.0000,0.0000,0.0000
97.0500,19.6087,-18.1900,39132.5752,3074.1416,838.4615,0.0000,0.0000,0.0000
97.0667,19.6089,-18.1533,39112.0072,3072.7327,837.6527,0.0000,0.0000,0.0000
97.0833,19.6091,-18.1167,39090.1868,3071.3189,836.8442,0.0000,0.0000,0.0000
97.1000,19.6093,-18.0800,39068.2313,3069.9256,836.0358,0.0000,0.0000,0.0000
97.1167,19.6095,-18.0433,39046.3366,3068.5471,835.2273,0.0000,0.0000,0.0000
97.1333,19.6098,-18.0067,39024.5466,3067.1810,834.4187,0.0000,0.0000,0.0000
97.1500,19.6100,-17.9700,39002.8617,3065.8253,833.6102,0.0000,0.0000,0.0000
97.1667,19.6102,-17.9333,38981.2708,3064.4787,832.8016,0.0000,0.0000,0.0000
97.1833,19.6104,-17.8967,38959.7605,3063.1395,831.9931,0.0000,0.0000,0.0000
97.2000,19.6106,-17.8600,38938.3168,3061.8065,831.1845,0.0000,0.0000,0.0000
97.2167,19.6108,-17.8233,38916.9260,3060.4782,830.3759,0.0000,0.0000,0.0000
97.2333,19.6110,-17.7867,38895.5750,3059.1533,829.5672,0.0000,0.0000,0.0000
97.2500,19.6113,-17.7500,38874.2510,3057.8307,828.7586,0.0000,0.0000,0.0000
97.2667,19.6115,-17.7133,38852.9418,3056.5089,827.9500,0.0000,0.0000,0.0000
97.2833,19.6117,-17.6767,38831.6356,3055.1871,827.1414,0.0000,0.0000,0.0000
97.3000,19.6119,-17.6400,38810.3214,3053.8639,826.3328,0.0000,0.0000,0.0000
97.3167,19.6121,-17.6033,38788.9886,3052.5384,825.5241,0.0000,0.0000,0.0000
97.3333,19.6123,-17.5667,38767.6271,3051.2097,824.7155,0.0000,0.0000,0.0000
97.3500,19.6125,-17.5300,38746.2274,3049.8767,823.9069,0.0000,0.0000,0.0000
97.3667,19.6128,-17.4933,38724.7806,3048.5386,823.0983,0.0000,0.0000,0.0000
97.3833,19.6130,-17.4567,38703.2782,3047.1946,822.2897,0.0000,0.0000,0.0000
97.4000,19.6132,-17.4200,38681.7121,3045.8439,821.4812,0.0000,0.0000,0.0000
97.4167,19.6134,-17.3833,38660.0750,3044.4858,820.6726,0.0000,0.0000,0.0000
97.4333,19.6136,-17.3467,38638.3597,3043.1195,819.8641,0.0000,0.0000,0.0000
97.4500,19.6138,-17.3100,38616.5597,3041.7445,819.0556,0.0000,0.0000,0.0000
97.4667,19.6141,-17.2733,38594.6687,3040.3600,818.2471,0.0000,0.0000,0.0000
97.4833,19.6143,-17.2367,38572.6810,3038.9657,817.4386,0.0000,0.0000,0.0000
97.5000,19.6145,-17.2000,38550.5912,3037.5609,816.6302,0.0000,0.0000,0.0000
97.5167,19.6147,-17.1633,38528.3944,3036.1451,815.8217,0.0000,0.0000,0.0000
97.5333,19.6149,-17.1267,38506.0857,3034.7180,815.0133,0.0000,0.0000,0.0000
97.5500,19.6152,-17.0900,38483.6611,3033.2790,814.2049,0.0000,0.0000,0.0000
97.5667,19.6154,-17.0533,38461.1165,3031.8279,813.3966,0.0000,0.0000,0.0000
97.5833,19.6156,-17.0167,38438.4482,3030.3642,812.5883,0.0000,0.0000,0.0000
97.6000,19.6158,-16.9800,38415.6530,3028.8877,811.7800,0.0000,0.0000,0.0000
97.6167,19.6161,-16.9433,38392.7277,3027.3980,810.9717,0.0000,0.0000,0.0000
97.6333,19.6163,-16.9067,38369.6697,3025.8949,810.1635,0.0000,0.0000,0.0000
97.6500,19.6165,-16.8700,38346.4765,3024.3781,809.3553,0.0000,0.0000,0.0000
97.6667,19.6168,-16.8333,38323.1457,3022.8474,808.5471,0.0000,0.0000,0.0000
97.6833,19.6170,-16.7967,38299.6754,3021.3027,807.7390,0.0000,0.0000,0.0000
97.7000,19.6172,-16.7600,38276.0638,3019.7437,806.9308,0.0000,0.0000,0.0000
97.7167,19.6175,-16.7233,38252.3094,3018.1704,806.1228,0.0000,0.0000,0.0000
97.7333,19.6177,-16.6867,38228.4107,3016.5826,805.3147,0.0000,0.0000,0.0000
97.7500,19.6180,-16.6500,38204.3668,3014.9801,804.5067,0.0000,0.0000,0.0000
97.7667,19.6182,-16.6133,38180.1765,3013.3629,803.6987,0.0000,0.0000,0.0000
97.7833,19.6184,-16.5767,38155.8391,3011.7310,802.8908,0.0000,0.0000,0.0000
97.8000,19.6187,-16.5400,38131.3540,3010.0842,802.0828,0.0000,0.0000,0.0000
97.8167,19.6189,-16.5033,38106.7208,3008.4226,801.2749,0.0000,0.0000,0.0000
97.8333,19.6192,-16.4667,38081.9391,3006.7461,800.4671,0.0000,0.0000,0.0000
97.8500,19.6194,-16.4300,38057.0087,3005.0546,799.6593,0.0000,0.0000,0.0000
97.8667,19.6197,-16.3933,38031.9297,3003.3483,798.8515,0.0000,0.0000,0.0000
97.8833,19.6199,-16.3567,38006.7020,3001.6271,798.0437,0.0000,0.0000,0.0000
97.9000,19.6202,-16.3200,37981.3261,2999.8910,797.2360,0.0000,0.0000,0.0000
97.9167,19.6204,-16.2833,37955.8020,2998.1401,796.4283,0.0000,0.0000,0.0000
97.9333,19.6207,-16.2467,37930.1304,2996.3744,795.6207,0.0000,0.0000,0.0000
97.9500,19.6210,-16.2100,37904.3116,2994.5940,794.8130,0.0000,0.0000,0.0000
97.9667,19.6212,-16.1733,37878.3464,2992.7989,794.0054,0.0000,0.0000,0.0000
97.9833,19.6215,-16.1367,37852.2354,2990.9893,793.1979,0.0000,0.0000,0.0000
98.0000,19.6217,-16.1000,37825.9794,2989.1651,792.3904,0.0000,0.0000,0.0000
98.0167,19.6230,-15.8500,37702.3699,2979.9435,786.8722,0.0000,0.0000,0.0000
98.0333,19.6244,-15.6000,37560.4105,2970.7544,781.3581,0.0000,0.0000,0.0000
98.0500,19.6259,-15.3500,37414.3110,2961.5429,775.8450,0.0000,0.0000,0.0000
98.0667,19.6273,-15.1000,37267.0161,2952.2929,770.3320,0.0000,0.0000,0.0000
98.0833,19.6288,-14.8500,37119.0871,2942.9947,764.8193,0.0000,0.0000,0.0000
98.1000,19.6303,-14.6000,36970.5733,2933.6392,759.3067,0.0000,0.0000,0.0000
98.1167,19.6318,-14.3500,36821.4110,2924.2169,753.7942,0.0000,0.0000,0.0000
98.1333,19.6333,-14.1000,36671.5110,2914.7180,748.2818,0.0000,0.0000,0.0000
98.1500,19.6348,-13.8500,36520.7811,2905.1334,742.7697,0.0000,0.0000,0.0000
98.1667,19.6363,-13.6000,36369.1320,2895.4540,737.2578,0.0000,0.0000,0.0000
98.1833,19.6378,-13.3500,36216.4810,2885.6719,731.7461,0.0000,0.0000,0.0000
98.2000,19.6394,-13.1000,36062.7521,2875.7796,726.2346,0.0000,0.0000,0.0000
98.2167,19.6409,-12.8500,35907.8772,2865.7705,720.7234,0.0000,0.0000,0.0000
98.2333,19.6425,-12.6000,35751.7957,2855.6387,715.2124,0.0000,0.0000,0.0000
98.2500,19.6441,-12.3500,35594.4540,2845.3790,709.7017,0.0000,0.0000,0.0000
98.2667,19.6456,-12.1000,35435.8054,2834.9871,704.1914,0.0000,0.0000,0.0000
98.2833,19.6472,-11.8500,35275.8094,2824.4590,698.6813,0.0000,0.0000,0.0000
98.3000,19.6489,-11.6000,35114.4318,2813.7914,693.1715,0.0000,0.0000,0.0000
98.3167,19.6505,-11.3500,34951.6438,2802.9816,687.6620,0.0000,0.0000,0.0000
98.3333,19.6521,-11.1000,34787.4215,2792.0274,682.1529,0.0000,0.0000,0.0000
98.3500,19.6538,-10.8500,34621.7455,2780.9270,676.6441,0.0000,0.0000,0.0000
98.3667,19.6555,-10.6000,34454.6004,2769.6789,671.1356,0.0000,0.0000,0.0000
98.3833,19.6571,-10.3500,34285.9746,2758.2820,665.6274,0.0000,0.0000,0.0000
98.4000,19.6588,-10.1000,34115.8595,2746.7356,660.1195,0.0000,0.0000,0.0000
98.4167,19.6606,-9.8500,33944.2500,2735.0394,654.6120,0.0000,0.0000,0.0000
98.4333,19.6623,-9.6000,33771.1437,2723.1930,649.1049,0.0000,0.0000,0.0000
98.4500,19.6640,-9.3500,33596.5410,2711.1967,643.5980,0.0000,0.0000,0.0000
98.4667,19.6658,-9.1000,33420.4445,2699.0508,638.0915,0.0000,0.0000,0.0000
98.4833,19.6676,-8.8500,33242.8596,2686.7558,632.5853,0.0000,0.0000,0.0000
98.5000,19.6694,-8.6000,33063.7936,2674.3126,627.0795,0.0000,0.0000,0.0000
98.5167,19.6712,-8.3500,32883.2559,2661.7222,621.5739,0.0000,0.0000,0.0000
98.5333,19.6730,-8.1000,32701.2576,2648.9857,616.0687,0.0000,0.0000,0.0000
98.5500,19.6748,-7.8500,32517.8116,2636.1045,610.5639,0.0000,0.0000,0.0000
98.5667,19.6767,-7.6000,32332.9325,2623.0801,605.0593,0.0000,0.0000,0.0000
98.5833,19.6785,-7.3500,32146.6359,2609.9140,599.5550,0.0000,0.0000,0.0000
98.6000,19.6804,-7.1000,31958.9391,2596.6082,594.0511,0.0000,0.0000,0.0000
98.6167,19.6823,-6.8500,31769.8602,2583.1643,588.5475,0.0000,0.0000,0.0000
98.6333,19.6842,-6.6000,31579.4185,2569.5844,583.0441,0.0000,0.0000,0.0000
98.6500,19.6861,-6.3500,31387.6340,2555.8705,577.5411,0.0000,0.0000,0.0000
98.6667,19.6881,-6.1000,31194.5276,2542.0247,572.0384,0.0000,0.0000,0.0000
98.6833,19.6900,-5.8500,31000.1208,2528.0492,566.5359,0.0000,0.0000,0.0000
98.7000,19.6920,-5.6000,30804.4357,2513.9462,561.0337,0.0000,0.0000,0.0000
98.7167,19.6939,-5.3500,30607.4950,2499.7181,555.5319,0.0000,0.0000,0.0000
98.7333,19.6959,-5.1000,30409.3215,2485.3670,550.0302,0.0000,0.0000,0.0000
98.7500,19.6979,-4.8500,30209.9386,2470.8954,544.5289,0.0000,0.0000,0.0000
98.7667,19.6999,-4.6000,30009.3698,2456.3056,539.0278,0.0000,0.0000,0.0000
98.7833,19.7019,-4.3500,29807.6389,2441.6000,533.5270,0.0000,0.0000,0.0000
98.8000,19.7040,-4.1000,29604.7696,2426.7810,528.0264,0.0000,0.0000,0.0000
98.8167,19.7060,-3.8500,29400.7858,2411.8510,522.5261,0.0000,0.0000,0.0000
98.8333,19.7080,-3.6000,29195.7114,2396.8124,517.0260,0.0000,0.0000,0.0000
98.8500,19.7101,-3.3500,28989.5704,2381.6676,511.5262,0.0000,0.0000,0.0000
98.8667,19.7122,-3.1000,28782.3865,2366.4189,506.0265,0.0000,0.0000,0.0000
98.8833,19.7143,-2.8500,28574.1834,2351.0688,500.5271,0.0000,0.0000,0.0000
98.9000,19.7164,-2.6000,28364.9846,2335.6195,495.0280,0.0000,0.0000,0.0000
98.9167,19.7185,-2.3500,28154.8134,2320.0735,489.5290,0.0000,0.0000,0.0000
98.9333,19.7206,-2.1000,27943.6929,2304.4330,484.0303,0.0000,0.0000,0.0000
98.9500,19.7227,-1.8500,27731.6462,2288.7003,478.5317,0.0000,0.0000,0.0000
98.9667,19.7248,-1.6000,27518.6957,2272.8777,473.0334,0.0000,0.0000,0.0000
98.9833,19.7270,-1.3500,27304.8638,2256.9674,467.5353,0.0000,0.0000,0.0000
99.0000,19.7291,-1.1000,27090.1727,2240.9716,462.0373,0.0000,0.0000,0.0000
99.0167,19.7294,-1.2767,27063.5312,2239.5766,465.9621,0.0000,0.0000,0.0000
99.0333,19.7292,-1.4533,27076.0014,2237.9874,469.8782,0.0000,0.0000,0.0000
99.0500,19.7290,-1.6300,27096.3759,2236.3284,473.7925,0.0000,0.0000,0.0000
99.0667,19.7288,-1.8067,27118.1971,2234.6362,477.7066,0.0000,0.0000,0.0000
99.0833,19.7286,-1.9833,27140.2305,2232.9313,481.6206,0.0000,0.0000,0.0000
99.1000,19.7284,-2.1600,27162.3535,2231.2321,485.5345,0.0000,0.0000,0.0000
99.1167,19.7282,-2.3367,27184.6832,2229.5571,489.4485,0.0000,0.0000,0.0000
99.1333,19.7279,-2.5133,27207.3867,2227.9244,493.3623,0.0000,0.0000,0.0000
99.1500,19.7277,-2.6900,27230.6363,2226.3513,497.2760,0.0000,0.0000,0.0000
99.1667,19.7275,-2.8667,27254.5978,2224.8543,501.1896,0.0000,0.0000,0.0000
99.1833,19.7272,-3.0433,27279.4257,2223.4486,505.1029,0.0000,0.0000,0.0000
99.2000,19.7269,-3.2200,27305.2619,2222.1480,509.0161,0.0000,0.0000,0.0000
99.2167,19.7267,-3.3967,27332.2358,2220.9651,512.9290,0.0000,0.0000,0.0000
99.2333,19.7264,-3.5733,27360.4643,2219.9113,516.8416,0.0000,0.0000,0.0000
99.2500,19.7261,-3.7500,27390.0529,2218.9968,520.7539,0.0000,0.0000,0.0000
99.2667,19.7258,-3.9267,27421.0973,2218.2310,524.6659,0.0000,0.0000,0.0000
99.2833,19.7255,-4.1033,27453.6836,2217.6222,528.5775,0.0000,0.0000,0.0000
99.3000,19.7251,-4.2800,27487.8904,2217.1781,532.4888,0.0000,0.0000,0.0000
99.3167,19.7248,-4.4567,27523.7888,2216.9055,536.3997,0.0000,0.0000,0.0000
99.3333,19.7244,-4.6333,27561.4433,2216.8107,540.3102,0.0000,0.0000,0.0000
99.3500,19.7240,-4.8100,27600.9123,2216.8995,544.2203,0.0000,0.0000,0.0000
99.3667,19.7236,-4.9867,27642.2482,2217.1769,548.1300,0.0000,0.0000,0.0000
99.3833,19.7231,-5.1633,27685.4980,2217.6475,552.0393,0.0000,0.0000,0.0000
99.4000,19.7227,-5.3400,27730.7032,2218.3152,555.9482,0.0000,0.0000,0.0000
99.4167,19.7222,-5.5167,27777.9002,2219.1836,559.8566,0.0000,0.0000,0.0000
99.4333,19.7217,-5.6933,27827.1206,2220.2557,563.7645,0.0000,0.0000,0.0000
99.4500,19.7212,-5.8700,27878.3910,2221.5340,567.6720,0.0000,0.0000,0.0000
99.4667,19.7207,-6.0467,27931.7340,2223.0206,571.5791,0.0000,0.0000,0.0000
99.4833,19.7201,-6.2233,27987.1674,2224.7173,575.4856,0.0000,0.0000,0.0000
99.5000,19.7196,-6.4000,28044.7055,2226.6254,579.3918,0.0000,0.0000,0.0000
99.5167,19.7190,-6.5767,28104.3585,2228.7456,583.2974,0.0000,0.0000,0.0000
99.5333,19.7183,-6.7533,28166.1331,2231.0787,587.2026,0.0000,0.0000,0.0000
99.5500,19.7177,-6.9300,28230.0328,2233.6249,591.1073,0.0000,0.0000,0.0000
99.5667,19.7170,-7.1067,28296.0579,2236.3841,595.0115,0.0000,0.0000,0.0000
99.5833,19.7164,-7.2833,28364.2057,2239.3560,598.9153,0.0000,0.0000,0.0000
99.6000,19.7157,-7.4600,28434.4712,2242.5399,602.8185,0.0000,0.0000,0.0000
99.6167,19.7149,-7.6367,28506.8464,2245.9351,606.7214,0.0000,0.0000,0.0000
99.6333,19.7142,-7.8133,28581.3214,2249.5405,610.6237,0.0000,0.0000,0.0000
99.6500,19.7134,-7.9900,28657.8839,2253.3547,614.5256,0.0000,0.0000,0.0000
99.6667,19.7126,-8.1667,28736.5200,2257.3763,618.4270,0.0000,0.0000,0.0000
99.6833,19.7118,-8.3433,28817.2136,2261.6036,622.3280,0.0000,0.0000,0.0000
99.7000,19.7110,-8.5200,28899.9473,2266.0350,626.2285,0.0000,0.0000,0.0000
99.7167,19.7102,-8.6967,28984.7021,2270.6683,630.1286,0.0000,0.0000,0.0000
99.7333,19.7093,-8.8733,29071.4576,2275.5016,634.0282,0.0000,0.0000,0.0000
99.7500,19.7084,-9.0500,29160.1924,2280.5326,637.9274,0.0000,0.0000,0.0000
99.7667,19.7075,-9.2267,29250.8838,2285.7591,641.8262,0.0000,0.0000,0.0000
99.7833,19.7066,-9.4033,29343.5082,2291.1786,645.7245,0.0000,0.0000,0.0000
99.8000,19.7056,-9.5800,29438.0411,2296.7887,649.6224,0.0000,0.0000,0.0000
99.8167,19.7047,-9.7567,29534.4575,2302.5868,653.5199,0.0000,0.0000,0.0000
99.8333,19.7037,-9.9333,29632.7314,2308.5704,657.4170,0.0000,0.0000,0.0000
99.8500,19.7027,-10.1100,29732.8364,2314.7367,661.3136,0.0000,0.0000,0.0000
99.8667,19.7017,-10.2867,29834.7455,2321.0831,665.2099,0.0000,0.0000,0.0000
99.8833,19.7006,-10.4633,29938.4315,2327.6067,669.1058,0.0000,0.0000,0.0000
99.9000,19.6996,-10.6400,30043.8667,2334.3049,673.0013,0.0000,0.0000,0.0000
99.9167,19.6985,-10.8167,30151.0230,2341.1748,676.8964,0.0000,0.0000,0.0000
99.9333,19.6974,-10.9933,30259.8724,2348.2135,680.7911,0.0000,0.0000,0.0000
99.9500,19.6963,-11.1700,30370.3866,2355.4183,684.6854,0.0000,0.0000,0.0000
99.9667,19.6952,-11.3467,30482.5371,2362.7863,688.5794,0.0000,0.0000,0.0000
99.9833,19.6940,-11.5233,30596.2954,2370.3145,692.4731,0.0000,0.0000,0.0000
100.0000,19.6929,-11.7000,30711.6331,2378.0003,696.3664,0.0000,0.0000,0.0000
100.0167,19.6927,-11.6617,30732.4964,2378.4037,695.5114,0.0000,0.0000,0.0000
100.0333,19.6926,-11.6233,30735.4012,2379.0077,694.6604,0.0000,0.0000,0.0000
100.0500,19.6926,-11.5850,30735.2499,2379.7537,693.8102,0.0000,0.0000,0.0000
100.0667,19.6926,-11.5467,30735.3341,2380.6221,692.9598,0.0000,0.0000,0.0000
100.0833,19.6926,-11.5083,30736.3215,2381.6009,692.1093,0.0000,0.0000,0.0000
100.1000,19.6926,-11.4700,30738.2792,2382.6787,691.2585,0.0000,0.0000,0.0000
100.1167,19.6926,-11.4317,30741.1333,2383.8439,690.4076,0.0000,0.0000,0.0000
100.1333,19.6926,-11.3933,30744.7758,2385.0846,689.5564,0.0000,0.0000,0.0000
100.1500,19.6925,-11.3550,30749.0909,2386.3890,688.7052,0.0000,0.0000,0.0000
100.1667,19.6925,-11.3167,30753.9637,2387.7456,687.8538,0.0000,0.0000,0.0000
100.1833,19.6924,-11.2783,30759.2826,2389.1433,687.0023,0.0000,0.0000,0.0000
100.2000,19.6924,-11.2400,30764.9415,2390.5717,686.1507,0.0000,0.0000,0.0000
100.2167,19.6923,-11.2017,30770.8399,2392.0208,685.2991,0.0000,0.0000,0.0000
100.2333,19.6922,-11.1633,30776.8840,2393.4815,684.4474,0.0000,0.0000,0.0000
100.2500,19.6922,-11.1250,30782.9863,2394.9452,683.5957,0.0000,0.0000,0.0000
100.2667,19.6921,-11.0867,30789.0659,2396.4041,682.7440,0.0000,0.0000,0.0000
100.2833,19.6920,-11.0483,30795.0479,2397.8508,681.8924,0.0000,0.0000,0.0000
100.3000,19.6920,-11.0100,30799.2116,2399.1125,681.0411,0.0000,0.0000,0.0000
100.3167,19.6920,-10.9717,30803.1567,2400.3490,680.1900,0.0000,0.0000,0.0000
100.3333,19.6919,-10.9333,30806.8406,2401.5575,679.3388,0.0000,0.0000,0.0000
100.3500,19.6919,-10.8950,30810.2262,2402.7347,678.4877,0.0000,0.0000,0.0000
100.3667,19.6919,-10.8567,30813.2776,2403.8768,677.6367,0.0000,0.0000,0.0000
100.3833,19.6918,-10.8183,30815.9604,2404.9805,676.7858,0.0000,0.0000,0.0000
100.4000,19.6918,-10.7800,30818.2425,2406.0427,675.9350,0.0000,0.0000,0.0000
100.4167,19.6918,-10.7417,30820.0944,2407.0607,675.0843,0.0000,0.0000,0.0000
100.4333,19.6918,-10.7033,30821.4896,2408.0317,674.2336,0.0000,0.0000,0.0000
100.4500,19.6918,-10.6650,30822.4040,2408.9535,673.3831,0.0000,0.0000,0.0000
100.4667,19.6918,-10.6267,30822.8163,2409.8241,672.5327,0.0000,0.0000,0.0000
100.4833,19.6918,-10.5883,30822.7077,2410.6417,671.6824,0.0000,0.0000,0.0000
100.5000,19.6918,-10.5500,30822.0616,2411.4048,670.8322,0.0000,0.0000,0.0000
100.5167,19.6918,-10.5117,30820.8638,2412.1120,669.9822,0.0000,0.0000,0.0000
100.5333,19.6918,-10.4733,30819.1020,2412.7621,669.1322,0.0000,0.0000,0.0000
100.5500,19.6918,-10.4350,30816.7659,2413.3543,668.2824,0.0000,0.0000,0.0000
100.5667,19.6919,-10.3967,30813.8468,2413.8877,667.4328,0.0000,0.0000,0.0000
100.5833,19.6919,-10.3583,30810.3380,2414.3616,666.5832,0.0000,0.0000,0.0000
100.6000,19.6919,-10.3200,30806.2340,2414.7757,665.7338,0.0000,0.0000,0.0000
100.6167,19.6920,-10.2817,30801.5310,2415.1297,664.8845,0.0000,0.0000,0.0000
100.6333,19.6920,-10.2433,30796.2262,2415.4231,664.0354,0.0000,0.0000,0.0000
100.6500,19.6921,-10.2050,30790.3182,2415.6561,663.1864,0.0000,0.0000,0.0000
100.6667,19.6922,-10.1667,30783.8069,2415.8286,662.3375,0.0000,0.0000,0.0000
100.6833,19.6922,-10.1283,30776.6928,2415.9407,661.4888,0.0000,0.0000,0.0000
100.7000,19.6923,-10.0900,30768.9775,2415.9927,660.6401,0.0000,0.0000,0.0000
100.7167,19.6924,-10.0517,30760.6637,2415.9847,659.7917,0.0000,0.0000,0.0000
100.7333,19.6925,-10.0133,30751.7545,2415.9173,658.9433,0.0000,0.0000,0.0000
100.7500,19.6926,-9.9750,30742.2539,2415.7907,658.0951,0.0000,0.0000,0.0000
100.7667,19.6927,-9.9367,30732.1666,2415.6055,657.2470,0.0000,0.0000,0.0000
100.7833,19.6928,-9.8983,30721.4977,2415.3623,656.3991,0.0000,0.0000,0.0000
100.8000,19.6929,-9.8600,30710.2529,2415.0615,655.5512,0.0000,0.0000,0.0000
100.8167,19.6930,-9.8217,30698.4384,2414.7039,654.7035,0.0000,0.0000,0.0000
100.8333,19.6931,-9.7833,30686.0608,2414.2902,653.8560,0.0000,0.0000,0.0000
100.8500,19.6933,-9.7450,30673.1270,2413.8210,653.0085,0.0000,0.0000,0.0000
100.8667,19.6934,-9.7067,30659.6444,2413.2971,652.1612,0.0000,0.0000,0.0000
100.8833,19.6935,-9.6683,30645.6204,2412.7193,651.3140,0.0000,0.0000,0.0000
100.9000,19.6937,-9.6300,30631.0628,2412.0883,650.4669,0.0000,0.0000,0.0000
100.9167,19.6938,-9.5917,30615.9798,2411.4050,649.6199,0.0000,0.0000,0.0000
100.9333,19.6940,-9.5533,30600.3795,2410.6702,648.7730,0.0000,0.0000,0.0000
100.9500,19.6942,-9.5150,30584.2702,2409.8848,647.9263,0.0000,0.0000,0.0000
100.9667,19.6943,-9.4767,30567.6604,2409.0495,647.0797,0.0000,0.0000,0.0000
100.9833,19.6945,-9.4383,30550.5587,2408.1653,646.2331,0.0000,0.0000,0.0000
101.0000,19.6947,-9.4000,30532.9737,2407.2330,645.3867,0.0000,0.0000,0.0000
101.0167,19.6946,-9.4283,30542.0545,2408.5563,646.0132,0.0000,0.0000,0.0000
101.0333,19.6944,-9.4567,30558.1216,2409.8102,646.6381,0.0000,0.0000,0.0000
101.0500,19.6942,-9.4850,30575.8051,2411.0161,647.2627,0.0000,0.0000,0.0000
101.0667,19.6941,-9.5133,30593.6507,2412.1814,647.8872,0.0000,0.0000,0.0000
101.0833,19.6939,-9.5417,30611.2779,2413.3100,648.5118,0.0000,0.0000,0.0000
101.1000,19.6937,-9.5700,30628.6030,2414.4052,649.1365,0.0000,0.0000,0.0000
101.1167,19.6935,-9.5983,30645.6247,2415.4699,649.7612,0.0000,0.0000,0.0000
101.1333,19.6934,-9.6267,30662.3656,2416.5075,650.3860,0.0000,0.0000,0.0000
101.1500,19.6932,-9.6550,30678.8547,2417.5211,651.0108,0.0000,0.0000,0.0000
101.1667,19.6930,-9.6833,30695.1229,2418.5138,651.6357,0.0000,0.0000,0.0000
101.1833,19.6929,-9.7117,30711.2009,2419.4887,652.2607,0.0000,0.0000,0.0000
101.2000,19.6927,-9.7400,30727.1185,2420.4489,652.8856,0.0000,0.0000,0.0000
101.2167,19.6926,-9.7683,30742.9046,2421.3970,653.5106,0.0000,0.0000,0.0000
101.2333,19.6924,-9.7967,30758.5865,2422.3358,654.1356,0.0000,0.0000,0.0000
101.2500,19.6923,-9.8250,30774.1902,2423.2679,654.7607,0.0000,0.0000,0.0000
101.2667,19.6921,-9.8533,30789.7401,2424.1956,655.3857,0.0000,0.0000,0.0000
101.2833,19.6919,-9.8817,30805.2592,2425.1212,656.0108,0.0000,0.0000,0.0000
101.3000,19.6918,-9.9100,30820.7690,2426.0468,656.6358,0.0000,0.0000,0.0000
101.3167,19.6916,-9.9383,30836.2896,2426.9742,657.2609,0.0000,0.0000,0.0000
101.3333,19.6915,-9.9667,30851.8395,2427.9054,657.8859,0.0000,0.0000,0.0000
101.3500,19.6913,-9.9950,30867.4362,2428.8420,658.5110,0.0000,0.0000,0.0000
101.3667,19.6912,-10.0233,30883.0955,2429.7856,659.1360,0.0000,0.0000,0.0000
101.3833,19.6910,-10.0517,30898.8324,2430.7375,659.7610,0.0000,0.0000,0.0000
101.4000,19.6909,-10.0800,30914.6603,2431.6991,660.3860,0.0000,0.0000,0.0000
101.4167,19.6907,-10.1083,30930.5919,2432.6717,661.0110,0.0000,0.0000,0.0000
101.4333,19.6905,-10.1367,30946.6385,2433.6562,661.6359,0.0000,0.0000,0.0000
101.4500,19.6904,-10.1650,30962.8106,2434.6538,662.2608,0.0000,0.0000,0.0000
101.4667,19.6902,-10.1933,30979.1177,2435.6653,662.8857,0.0000,0.0000,0.0000
101.4833,19.6900,-10.2217,30995.5684,2436.6915,663.5105,0.0000,0.0000,0.0000
101.5000,19.6899,-10.2500,31012.1705,2437.7332,664.1354,0.0000,0.0000,0.0000
101.5167,19.6897,-10.2783,31028.9310,2438.7911,664.7601,0.0000,0.0000,0.0000
101.5333,19.6895,-10.3067,31045.8560,2439.8658,665.3849,0.0000,0.0000,0.0000
101.5500,19.6894,-10.3350,31062.9511,2440.9577,666.0096,0.0000,0.0000,0.0000
101.5667,19.6892,-10.3633,31080.2213,2442.0674,666.6343,0.0000,0.0000,0.0000
101.5833,19.6890,-10.3917,31097.6708,2443.1952,667.2589,0.0000,0.0000,0.0000
101.6000,19.6888,-10.4200,31115.3033,2444.3415,667.8835,0.0000,0.0000,0.0000
101.6167,19.6887,-10.4483,31133.1220,2445.5067,668.5080,0.0000,0.0000,0.0000
101.6333,19.6885,-10.4767,31151.1295,2446.6908,669.1325,0.0000,0.0000,0.0000
101.6500,19.6883,-10.5050,31169.3282,2447.8942,669.7570,0.0000,0.0000,0.0000
101.6667,19.6881,-10.5333,31187.7197,2449.1170,670.3814,0.0000,0.0000,0.0000
101.6833,19.6879,-10.5617,31206.3054,2450.3593,671.0058,0.0000,0.0000,0.0000
101.7000,19.6877,-10.5900,31225.0864,2451.6213,671.6301,0.0000,0.0000,0.0000
101.7167,19.6876,-10.6183,31244.0632,2452.9029,672.2544,0.0000,0.0000,0.0000
101.7333,19.6874,-10.6467,31263.2364,2454.2041,672.8786,0.0000,0.0000,0.0000
101.7500,19.6872,-10.6750,31282.6058,2455.5251,673.5029,0.0000,0.0000,0.0000
101.7667,19.6870,-10.7033,31302.1712,2456.8657,674.1270,0.0000,0.0000,0.0000
101.7833,19.6868,-10.7317,31321.9322,2458.2258,674.7511,0.0000,0.0000,0.0000
101.8000,19.6866,-10.7600,31341.8881,2459.6055,675.3752,0.0000,0.0000,0.0000
101.8167,19.6864,-10.7883,31362.0379,2461.0046,675.9992,0.0000,0.0000,0.0000
101.8333,19.6862,-10.8167,31382.3806,2462.4229,676.6232,0.0000,0.0000,0.0000
101.8500,19.6860,-10.8450,31402.9147,2463.8604,677.2472,0.0000,0.0000,0.0000
101.8667,19.6858,-10.8733,31423.6389,2465.3169,677.8711,0.0000,0.0000,0.0000
101.8833,19.6856,-10.9017,31444.5515,2466.7921,678.4949,0.0000,0.0000,0.0000
101.9000,19.6853,-10.9300,31465.6508,2468.2861,679.1187,0.0000,0.0000,0.0000
101.9167,19.6851,-10.9583,31486.9349,2469.7984,679.7425,0.0000,0.0000,0.0000
101.9333,19.6849,-10.9867,31508.4019,2471.3290,680.3662,0.0000,0.0000,0.0000
101.9500,19.6847,-11.0150,31530.0497,2472.8777,680.9899,0.0000,0.0000,0.0000
101.9667,19.6845,-11.0433,31551.8760,2474.4441,681.6136,0.0000,0.0000,0.0000
101.9833,19.6843,-11.0717,31573.8788,2476.0282,682.2372,0.0000,0.0000,0.0000
102.0000,19.6840,-11.1000,31596.0556,2477.6295,682.8608,0.0000,0.0000,0.0000
102.0167,19.6843,-11.0083,31567.8427,2475.1160,680.8337,3.4716,0.0000,0.0000
102.0333,19.6847,-10.9167,31526.6646,2472.6321,678.8094,6.9432,0.0000,0.0000
102.0500,19.6852,-10.8250,31482.4582,2470.1435,676.7859,10.4148,0.0000,0.0000
102.0667,19.6856,-10.7333,31437.4572,2467.6426,674.7625,13.8864,0.0000,0.0000
102.0833,19.6861,-10.6417,31392.1518,2465.1259,672.7391,17.3580,0.0000,0.0000
102.1000,19.6865,-10.5500,31346.6304,2462.5901,670.7159,20.8296,0.0000,0.0000
102.1167,19.6870,-10.4583,31300.8847,2460.0315,668.6926,24.3012,0.0000,0.0000
102.1333,19.6875,-10.3667,31254.8810,2457.4460,666.6695,27.7728,0.0000,0.0000
102.1500,19.6879,-10.2750,31208.5784,2454.8292,664.6464,31.2444,0.0000,0.0000
102.1667,19.6884,-10.1833,31161.9341,2452.1767,662.6233,34.7160,0.0000,0.0000
102.1833,19.6889,-10.0917,31114.9056,2449.4844,660.6004,38.1876,0.0000,0.0000
102.2000,19.6893,-10.0000,31067.4522,2446.7482,658.5775,41.6592,0.0000,0.0000
102.2167,19.6898,-9.9083,31019.5353,2443.9643,656.5548,45.1308,0.0000,0.0000
102.2333,19.6903,-9.8167,30971.1187,2441.1291,654.5321,48.6024,0.0000,0.0000
102.2500,19.6908,-9.7250,30922.1692,2438.2395,652.5096,52.0740,0.0000,0.0000
102.2667,19.6913,-9.6333,30872.6561,2435.2924,650.4872,55.5456,0.0000,0.0000
102.2833,19.6918,-9.5417,30822.5520,2432.2852,648.4650,59.0172,0.0000,0.0000
102.3000,19.6923,-9.4500,30771.8319,2429.2154,646.4428,62.4888,0.0000,0.0000
102.3167,19.6928,-9.3583,30720.4735,2426.0810,644.4208,65.9604,0.0000,0.0000
102.3333,19.6933,-9.2667,30668.4573,2422.8800,642.3990,69.4320,0.0000,0.0000
102.3500,19.6938,-9.1750,30615.7662,2419.6109,640.3773,72.9036,0.0000,0.0000
102.3667,19.6944,-9.0833,30562.3853,2416.2721,638.3558,76.3752,0.0000,0.0000
102.3833,19.6949,-8.9917,30508.3020,2412.8625,636.3344,79.8468,0.0000,0.0000
102.4000,19.6955,-8.9000,30453.5057,2409.3811,634.3132,83.3184,0.0000,0.0000
102.4167,19.6960,-8.8083,30397.9879,2405.8271,632.2921,86.7900,0.0000,0.0000
102.4333,19.6966,-8.7167,30341.7418,2402.1999,630.2712,90.2616,0.0000,0.0000
102.4500,19.6972,-8.6250,30284.7624,2398.4991,628.2505,93.7332,0.0000,0.0000
102.4667,19.6977,-8.5333,30227.0460,2394.7243,626.2299,97.2048,0.0000,0.0000
102.4833,19.6983,-8.4417,30168.5908,2390.8754,624.2095,100.6764,0.0000,0.0000
102.5000,19.6989,-8.3500,30109.3960,2386.9523,622.1892,104.1480,0.0000,0.0000
102.5167,19.6995,-8.2583,30049.4622,2382.9552,620.1692,107.6196,0.0000,0.0000
102.5333,19.7001,-8.1667,29988.7912,2378.8843,618.1492,111.0912,0.0000,0.0000
102.5500,19.7007,-8.0750,29927.3858,2374.7398,616.1295,114.5628,0.0000,0.0000
102.5667,19.7013,-7.9833,29865.2497,2370.5223,614.1099,118.0344,0.0000,0.0000
102.5833,19.7020,-7.8917,29802.3875,2366.2321,612.0905,121.5060,0.0000,0.0000
102.6000,19.7026,-7.8000,29738.8048,2361.8699,610.0712,124.9776,0.0000,0.0000
102.6167,19.7033,-7.7083,29674.5075,2357.4363,608.0521,128.4492,0.0000,0.0000
102.6333,19.7039,-7.6167,29609.5027,2352.9319,606.0331,131.9208,0.0000,0.0000
102.6500,19.7046,-7.5250,29543.7976,2348.3577,604.0143,135.3924,0.0000,0.0000
102.6667,19.7052,-7.4333,29477.4001,2343.7143,601.9957,138.8640,0.0000,0.0000
102.6833,19.7059,-7.3417,29410.3188,2339.0026,599.9772,142.3356,0.0000,0.0000
102.7000,19.7066,-7.2500,29342.5625,2334.2236,597.9588,145.8072,0.0000,0.0000
102.7167,19.7073,-7.1583,29274.1402,2329.3781,595.9406,149.2788,0.0000,0.0000
102.7333,19.7079,-7.0667,29205.0617,2324.4672,593.9226,152.7504,0.0000,0.0000
102.7500,19.7086,-6.9750,29135.3366,2319.4917,591.9047,156.2220,0.0000,0.0000
102.7667,19.7094,-6.8833,29064.9752,2314.4529,589.8869,159.6936,0.0000,0.0000
102.7833,19.7101,-6.7917,28993.9877,2309.3516,587.8693,163.1652,0.0000,0.0000
102.8000,19.7108,-6.7000,28922.3847,2304.1889,585.8518,166.6368,0.0000,0.0000
102.8167,19.7115,-6.6083,28850.1768,2298.9660,583.8344,170.1084,0.0000,0.0000
102.8333,19.7122,-6.5167,28777.3748,2293.6839,581.8172,173.5800,0.0000,0.0000
102.8500,19.7130,-6.4250,28703.9897,2288.3437,579.8001,177.0516,0.0000,0.0000
102.8667,19.7137,-6.3333,28630.0325,2282.9466,577.7831,180.5232,0.0000,0.0000
102.8833,19.7144,-6.2417,28555.5144,2277.4935,575.7663,183.9948,0.0000,0.0000
102.9000,19.7152,-6.1500,28480.4465,2271.9858,573.7495,187.4664,0.0000,0.0000
102.9167,19.7160,-6.0583,28404.8401,2266.4244,571.7329,190.9380,0.0000,0.0000
102.9333,19.7167,-5.9667,28328.7064,2260.8105,569.7164,194.4096,0.0000,0.0000
102.9500,19.7175,-5.8750,28252.0568,2255.1453,567.7001,197.8812,0.0000,0.0000
102.9667,19.7183,-5.7833,28174.9026,2249.4299,565.6838,201.3528,0.0000,0.0000
102.9833,19.7190,-5.6917,28097.2551,2243.6654,563.6676,204.8244,0.0000,0.0000
103.0000,19.7198,-5.6000,28019.1262,2237.8531,561.6516,208.2960,0.0000,0.0000
103.0167,19.7205,-5.5350,27950.8677,2232.7463,560.2249,231.0192,0.0000,0.0000
103.0333,19.7212,-5.4700,27883.4943,2227.4588,558.7980,253.7424,0.0000,0.0000
103.0500,19.7218,-5.4050,27815.2078,2222.0264,557.3713,276.4656,0.0000,0.0000
103.0667,19.7225,-5.3400,27745.7741,2216.4725,555.9448,299.1888,0.0000,0.0000
103.0833,19.7232,-5.2750,27675.2826,2210.8156,554.5186,321.9120,0.0000,0.0000
103.1000,19.7240,-5.2100,27603.8796,2205.0722,553.0926,344.6352,0.0000,0.0000
103.1167,19.7247,-5.1450,27531.7168,2199.2575,551.6668,367.3584,0.0000,0.0000
103.1333,19.7254,-5.0800,27458.9456,2193.3869,550.2411,390.0816,0.0000,0.0000
103.1500,19.7261,-5.0150,27385.7220,2187.4759,548.8155,412.8048,0.0000,0.0000
103.1667,19.7269,-4.9500,27312.2146,2181.5421,547.3899,435.5280,0.0000,0.0000
103.1833,19.7276,-4.8850,27238.6170,2175.6057,545.9644,458.2512,0.0000,0.0000
103.2000,19.7283,-4.8200,27165.1701,2169.6924,544.5388,480.9744,0.0000,0.0000
103.2167,19.7291,-4.7550,27092.2109,2163.8396,543.1132,503.6976,0.0000,0.0000
103.2333,19.7298,-4.6900,27020.3255,2158.1154,541.6873,526.4208,0.0000,0.0000
103.2500,19.7305,-4.6250,26950.1322,2152.5527,540.2610,549.1440,0.0000,0.0000
103.2667,19.7313,-4.5600,26873.1111,2146.0387,538.8362,571.8672,0.0000,0.0000
103.2833,19.7321,-4.4950,26789.8910,2138.9525,537.4128,594.5904,0.0000,0.0000
103.3000,19.7330,-4.4300,26702.0716,2131.4488,535.9905,617.3136,0.0000,0.0000
103.3167,19.7339,-4.3650,26610.4669,2123.5900,534.5689,640.0368,0.0000,0.0000
103.3333,19.7348,-4.3000,26515.5335,2115.4114,533.1481,662.7600,0.0000,0.0000
103.3500,19.7358,-4.2350,26417.5549,2106.9364,531.7280,685.4832,0.0000,0.0000
103.3667,19.7368,-4.1700,26316.7242,2098.1815,530.3085,708.2064,0.0000,0.0000
103.3833,19.7379,-4.1050,26213.1826,2089.1593,528.8897,730.9296,0.0000,0.0000
103.4000,19.7389,-4.0400,26107.0386,2079.8796,527.4714,753.6528,0.0000,0.0000
103.4167,19.7400,-3.9750,25998.3787,2070.3506,526.0536,776.3760,0.0000,0.0000
103.4333,19.7411,-3.9100,25887.2737,2060.5787,524.6364,799.0992,0.0000,0.0000
103.4500,19.7423,-3.8450,25773.7831,2050.5696,523.2197,821.8224,0.0000,0.0000
103.4667,19.7434,-3.7800,25657.9575,2040.3281,521.8036,844.5456,0.0000,0.0000
103.4833,19.7446,-3.7150,25539.8408,2029.8584,520.3879,867.2688,0.0000,0.0000
103.5000,19.7458,-3.6500,25419.4716,2019.1641,518.9728,889.9920,0.0000,0.0000
103.5167,19.7470,-3.5850,25296.8839,2008.2486,517.5581,912.7152,0.0000,0.0000
103.5333,19.7483,-3.5200,25172.1087,1997.1148,516.1439,935.4384,0.0000,0.0000
103.5500,19.7495,-3.4550,25045.1735,1985.7655,514.7303,958.1616,0.0000,0.0000
103.5667,19.7508,-3.3900,24916.1040,1974.2030,513.3170,980.8848,0.0000,0.0000
103.5833,19.7522,-3.3250,24784.9235,1962.4298,511.9043,1003.6080,0.0000,0.0000
103.6000,19.7535,-3.2600,24651.6539,1950.4478,510.4920,1026.3312,0.0000,0.0000
103.6167,19.7548,-3.1950,24516.3157,1938.2592,509.0802,1049.0544,0.0000,0.0000
103.6333,19.7562,-3.1300,24378.9281,1925.8659,507.6688,1071.7776,0.0000,0.0000
103.6500,19.7576,-3.0650,24239.5094,1913.2695,506.2579,1094.5008,0.0000,0.0000
103.6667,19.7590,-3.0000,24098.0771,1900.4719,504.8474,1117.2240,0.0000,0.0000
103.6833,19.7605,-2.9350,23954.6481,1887.4747,503.4374,1139.9472,0.0000,0.0000
103.7000,19.7619,-2.8700,23809.2384,1874.2796,502.0278,1162.6704,0.0000,0.0000
103.7167,19.7634,-2.8050,23661.8637,1860.8880,500.6186,1185.3936,0.0000,0.0000
103.7333,19.7649,-2.7400,23512.5395,1847.3015,499.2099,1208.1168,0.0000,0.0000
103.7500,19.7664,-2.6750,23361.2805,1833.5216,497.8016,1230.8400,0.0000,0.0000
103.7667,19.7679,-2.6100,23208.1015,1819.5498,496.3937,1253.5632,0.0000,0.0000
103.7833,19.7695,-2.5450,23053.0169,1805.3874,494.9863,1276.2864,0.0000,0.0000
103.8000,19.7710,-2.4800,22896.0407,1791.0359,493.5792,1299.0096,0.0000,0.0000
103.8167,19.7726,-2.4150,22737.1872,1776.4967,492.1726,1321.7328,0.0000,0.0000
103.8333,19.7742,-2.3500,22576.4701,1761.7712,490.7664,1344.4560,0.0000,0.0000
103.8500,19.7759,-2.2850,22413.9034,1746.8607,489.3606,1367.1792,0.0000,0.0000
103.8667,19.7775,-2.2200,22249.5006,1731.7667,487.9553,1389.9024,0.0000,0.0000
103.8833,19.7792,-2.1550,22083.2755,1716.4905,486.5503,1412.6256,0.0000,0.0000
103.9000,19.7808,-2.0900,21915.2417,1701.0335,485.1457,1435.3488,0.0000,0.0000
103.9167,19.7825,-2.0250,21745.4127,1685.3970,483.7415,1458.0720,0.0000,0.0000
103.9333,19.7843,-1.9600,21573.8021,1669.5823,482.3377,1480.7952,0.0000,0.0000
103.9500,19.7860,-1.8950,21400.4234,1653.5909,480.9344,1503.5184,0.0000,0.0000
103.9667,19.7877,-1.8300,21225.2903,1637.4241,479.5314,1526.2416,0.0000,0.0000
103.9833,19.7895,-1.7650,21048.4161,1621.0833,478.1287,1548.9648,0.0000,0.0000
104.0000,19.7913,-1.7000,20869.8145,1604.5698,476.7265,1571.6880,0.0000,0.0000
104.0167,19.7931,-1.6350,20689.8343,1587.9296,475.3246,1592.9910,0.0000,0.0000
104.0333,19.7949,-1.5700,20508.5062,1571.1550,473.9230,1614.2940,0.0000,0.0000
104.0500,19.7967,-1.5050,20325.8043,1554.2420,472.5216,1635.5970,0.0000,0.0000
104.0667,19.7986,-1.4400,20141.7039,1537.1879,471.1206,1656.9000,0.0000,0.0000
104.0833,19.8004,-1.3750,19956.1894,1519.9917,469.7199,1678.2030,0.0000,0.0000
104.1000,19.8023,-1.3100,19769.2521,1502.6525,468.3195,1699.5060,0.0000,0.0000
104.1167,19.8042,-1.2450,19580.8889,1485.1704,466.9195,1720.8090,0.0000,0.0000
104.1333,19.8061,-1.1800,19391.1003,1467.5454,465.5197,1742.1120,0.0000,0.0000
104.1500,19.8080,-1.1150,19199.8895,1449.7780,464.1203,1763.4150,0.0000,0.0000
104.1667,19.8099,-1.0500,19007.2615,1431.8687,462.7212,1784.7180,0.0000,0.0000
104.1833,19.8119,-0.9850,18813.2231,1413.8183,461.3224,1806.0210,0.0000,0.0000
104.2000,19.8138,-0.9200,18617.7820,1395.6276,459.9239,1827.3240,0.0000,0.0000
104.2167,19.8158,-0.8550,18420.9469,1377.2974,458.5257,1848.6270,0.0000,0.0000
104.2333,19.8178,-0.7900,18222.7272,1358.8288,457.1278,1869.9300,0.0000,0.0000
104.2500,19.8198,-0.7250,18023.1332,1340.2227,455.7302,1891.2330,0.0000,0.0000
104.2667,19.8218,-0.6600,17822.1754,1321.4804,454.3329,1912.5360,0.0000,0.0000
104.2833,19.8238,-0.5950,17619.8648,1302.6028,452.9360,1933.8390,0.0000,0.0000
104.3000,19.8258,-0.5300,17416.2128,1283.5911,451.5393,1955.1420,0.0000,0.0000
104.3167,19.8279,-0.4650,17211.2311,1264.4465,450.1429,1976.4450,0.0000,0.0000
104.3333,19.8300,-0.4000,17004.9317,1245.1703,448.7468,1997.7480,0.0000,0.0000
104.3500,19.8320,-0.3350,16797.3266,1225.7636,447.3510,2019.0510,0.0000,0.0000
104.3667,19.8341,-0.2700,16588.4283,1206.2277,445.9555,2040.3540,0.0000,0.0000
104.3833,19.8362,-0.2050,16378.2492,1186.5638,444.5603,2061.6570,0.0000,0.0000
104.4000,19.8383,-0.1400,16166.8017,1166.7732,443.1654,2082.9600,0.0000,0.0000
104.4167,19.8405,-0.0750,15954.0987,1146.8572,441.7707,2104.2630,0.0000,0.0000
104.4333,19.8426,-0.0100,15740.1529,1126.8170,440.3763,2125.5660,0.0000,0.0000
104.4500,19.8448,0.0550,15524.9769,1106.6540,438.9822,2146.8690,0.0000,0.0000
104.4667,19.8469,0.1200,15308.5838,1086.3694,437.5883,2168.1720,0.0000,0.0000
104.4833,19.8491,0.1850,15090.9864,1065.9645,436.1947,2189.4750,0.0000,0.0000
104.5000,19.8513,0.2500,14872.1975,1045.4406,434.8014,2210.7780,0.0000,0.0000
104.5167,19.8535,0.3150,14652.2300,1024.7991,433.4084,2232.0810,0.0000,0.0000
104.5333,19.8557,0.3800,14431.0969,1004.0411,432.0156,2253.3840,0.0000,0.0000
104.5500,19.8579,0.4450,14208.8111,983.1680,430.6230,2274.6870,0.0000,0.0000
104.5667,19.8601,0.5100,13985.3853,962.1810,429.2307,2295.9900,0.0000,0.0000
104.5833,19.8624,0.5750,13760.8324,941.0815,427.8387,2317.2930,0.0000,0.0000
104.6000,19.8646,0.6400,13535.1652,919.8708,426.4469,2338.5960,0.0000,0.0000
104.6167,19.8669,0.7050,13308.3965,898.5501,425.0554,2359.8990,0.0000,0.0000
104.6333,19.8692,0.7700,13080.5391,877.1206,423.6641,2381.2020,0.0000,0.0000
104.6500,19.8715,0.8350,12851.6055,855.5837,422.2730,2402.5050,0.0000,0.0000
104.6667,19.8738,0.9000,12621.6084,833.9407,420.8822,2423.8080,0.0000,0.0000
104.6833,19.8761,0.9650,12390.5604,812.1927,419.4916,2445.1110,0.0000,0.0000
104.7000,19.8784,1.0300,12158.4741,790.3411,418.1012,2466.4140,0.0000,0.0000
104.7167,19.8807,1.0950,11925.3618,768.3870,416.7111,2487.7170,0.0000,0.0000
104.7333,19.8831,1.1600,11691.2360,746.3318,415.3211,2509.0200,0.0000,0.0000
104.7500,19.8854,1.2250,11456.1091,724.1766,413.9315,2530.3230,0.0000,0.0000
104.7667,19.8878,1.2900,11219.9932,701.9227,412.5420,2551.6260,0.0000,0.0000
104.7833,19.8902,1.3550,10982.9007,679.5713,411.1527,2572.9290,0.0000,0.0000
104.8000,19.8926,1.4200,10744.8436,657.1237,409.7637,2594.2320,0.0000,0.0000
104.8167,19.8949,1.4850,10505.8338,634.5809,408.3748,2615.5350,0.0000,0.0000
104.8333,19.8973,1.5500,10265.8835,611.9443,406.9862,2636.8380,0.0000,0.0000
104.8500,19.8997,1.6150,10025.0045,589.2150,405.5978,2658.1410,0.0000,0.0000
104.8667,19.9022,1.6800,9783.2085,566.3941,404.2096,2679.4440,0.0000,0.0000
104.8833,19.9046,1.7450,9540.5073,543.4830,402.8216,2700.7470,0.0000,0.0000
104.9000,19.9070,1.8100,9296.9124,520.4826,401.4338,2722.0500,0.0000,0.0000
104.9167,19.9095,1.8750,9052.4356,497.3942,400.0461,2743.3530,0.0000,0.0000
104.9333,19.9119,1.9400,8807.0881,474.2189,398.6587,2764.6560,0.0000,0.0000
104.9500,19.9144,2.0050,8560.8815,450.9579,397.2715,2785.9590,0.0000,0.0000
104.9667,19.9169,2.0700,8313.8269,427.6122,395.8844,2807.2620,0.0000,0.0000
104.9833,19.9193,2.1350,8065.9357,404.1831,394.4976,2828.5650,0.0000,0.0000
105.0000,19.9218,2.2000,7817.2190,380.6716,393.1109,2849.8680,0.0000,0.0000
105.0167,19.9242,2.2367,7582.6498,358.4075,392.3496,2862.6498,0.0000,0.0000
105.0333,19.9265,2.2733,7352.8408,336.3367,391.5872,2875.4316,0.0000,0.0000
105.0500,19.9287,2.3100,7125.3155,314.4192,390.8243,2888.2134,0.0000,0.0000
105.0667,19.9310,2.3467,6899.2620,292.6241,390.0611,2900.9952,0.0000,0.0000
105.0833,19.9333,2.3833,6674.3181,270.9287,389.2977,2913.7770,0.0000,0.0000
105.1000,19.9355,2.4200,6450.2727,249.3168,388.5340,2926.5588,0.0000,0.0000
105.1167,19.9377,2.4567,6226.9822,227.7759,387.7702,2939.3406,0.0000,0.0000
105.1333,19.9400,2.4933,6004.3419,206.2968,387.0062,2952.1224,0.0000,0.0000
105.1500,19.9422,2.5300,5782.2726,184.8724,386.2421,2964.9042,0.0000,0.0000
105.1667,19.9444,2.5667,5560.7132,163.4971,385.4779,2977.6860,0.0000,0.0000
105.1833,19.9466,2.6033,5339.6159,142.1666,384.7136,2990.4678,0.0000,0.0000
105.2000,19.9488,2.6400,5118.9432,120.8775,383.9492,3003.2496,0.0000,0.0000
105.2167,19.9510,2.6767,4898.6656,99.6270,383.1847,3016.0314,0.0000,0.0000
105.2333,19.9532,2.7133,4678.7599,78.4130,382.4202,3028.8132,0.0000,0.0000
105.2500,19.9554,2.7500,4459.2076,57.2339,381.6555,3041.5950,0.0000,0.0000
105.2667,19.9576,2.7867,4239.9947,36.0883,380.8908,3054.3768,0.0000,0.0000
105.2833,19.9598,2.8233,4021.1100,14.9753,380.1260,3067.1586,0.0000,0.0000
105.3000,19.9620,2.8600,3802.5450,-6.1060,379.3611,3079.9404,0.0000,0.0000
105.3167,19.9642,2.8967,3584.2935,-27.1560,378.5962,3092.7222,0.0000,0.0000
105.3333,19.9663,2.9333,3366.3508,-48.1753,377.8312,3105.5040,0.0000,0.0000
105.3500,19.9685,2.9700,3148.7135,-69.1640,377.0661,3118.2858,0.0000,0.0000
105.3667,19.9707,3.0067,2931.3794,-90.1225,376.3010,3131.0676,0.0000,0.0000
105.3833,19.9729,3.0433,2714.3471,-111.0507,375.5358,3143.8494,0.0000,0.0000
105.4000,19.9750,3.0800,2497.6159,-131.9488,374.7705,3156.6312,0.0000,0.0000
105.4167,19.9772,3.1167,2281.1855,-152.8167,374.0051,3169.4130,0.0000,0.0000
105.4333,19.9793,3.1533,2065.0561,-173.6545,373.2397,3182.1948,0.0000,0.0000
105.4500,19.9815,3.1900,1849.2280,-194.4621,372.4743,3194.9766,0.0000,0.0000
105.4667,19.9837,3.2267,1633.7020,-215.2393,371.7087,3207.7584,0.0000,0.0000
105.4833,19.9858,3.2633,1418.4788,-235.9862,370.9431,3220.5402,0.0000,0.0000
105.5000,19.9880,3.3000,1203.5591,-256.7027,370.1774,3233.3220,0.0000,0.0000
105.5167,19.9901,3.3367,988.9437,-277.3886,369.4117,3246.1038,0.0000,0.0000
105.5333,19.9923,3.3733,774.6335,-298.0439,368.6459,3258.8856,0.0000,0.0000
105.5500,19.9944,3.4100,560.6293,-318.6686,367.8800,3271.6674,0.0000,0.0000
105.5667,19.9965,3.4467,346.9317,-339.2625,367.1140,3284.4492,0.0000,0.0000
105.5833,19.9987,3.4833,133.5414,-359.8255,366.3480,3297.2310,0.0000,0.0000
105.6000,20.0028,3.5200,0.0000,-379.3379,365.6271,3310.0128,0.0000,0.0000
105.6167,20.0138,3.5567,0.0000,-395.4643,365.0579,3322.7946,0.0000,0.0000
105.6333,20.0300,3.5933,0.0000,-409.1267,364.6034,3335.5764,0.0000,0.0000
105.6500,20.0506,3.6300,0.0000,-420.7700,364.2464,3348.3582,0.0000,0.0000
105.6667,20.0749,3.6667,0.0000,-430.7520,363.9728,3361.1400,0.0000,0.0000
105.6833,20.1025,3.7033,0.0000,-439.3631,363.7708,3373.9218,0.0000,0.0000
105.7000,20.1328,3.7400,0.0000,-446.8399,363.6306,3386.7036,0.0000,0.0000
105.7167,20.1656,3.7767,0.0000,-453.3758,363.5443,3399.4854,0.0000,0.0000
105.7333,20.2005,3.8133,0.0000,-459.1298,363.5050,3412.2672,0.0000,0.0000
105.7500,20.2373,3.8500,0.0000,-464.2326,363.5071,3425.0490,0.0000,0.0000
105.7667,20.2757,3.8867,0.0000,-468.7919,363.5459,3437.8308,0.0000,0.0000
105.7833,20.3156,3.9233,0.0000,-472.8967,363.6175,3450.6126,0.0000,0.0000
105.8000,20.3568,3.9600,0.0000,-476.6208,363.7185,3463.3944,0.0000,0.0000
105.8167,20.3992,3.9967,0.0000,-480.0252,363.8460,3476.1762,0.0000,0.0000
105.8333,20.4427,4.0333,0.0000,-483.1608,363.9978,3488.9580,0.0000,0.0000
105.8500,20.4872,4.0700,0.0000,-486.0697,364.1718,3501.7398,0.0000,0.0000
105.8667,20.5327,4.1067,0.0000,-488.7871,364.3663,3514.5216,0.0000,0.0000
105.8833,20.5789,4.1433,0.0000,-491.3423,364.5797,3527.3034,0.0000,0.0000
105.9000,20.6260,4.1800,0.0000,-493.7600,364.8109,3540.0852,0.0000,0.0000
105.9167,20.6739,4.2167,0.0000,-496.0606,365.0587,3552.8670,0.0000,0.0000
105.9333,20.7224,4.2533,0.0000,-498.2614,365.3223,3565.6488,0.0000,0.0000
105.9500,20.7716,4.2900,0.0000,-500.3768,365.6007,3578.4306,0.0000,0.0000
105.9667,20.8215,4.3267,0.0000,-502.4192,365.8933,3591.2124,0.0000,0.0000
105.9833,20.8720,4.3633,0.0000,-504.3986,366.1995,3603.9942,0.0000,0.0000
106.0000,20.9230,4.4000,0.0000,-506.3239,366.5187,3616.7760,0.0000,0.0000
106.0167,20.9747,4.4467,0.0000,-508.1201,366.6298,3621.3522,0.0000,0.0000
106.0333,21.0269,4.4933,0.0000,-509.5847,366.7519,3625.9284,0.0000,0.0000
106.0500,21.0794,4.5400,0.0000,-510.8198,366.8829,3630.5046,0.0000,0.0000
106.0667,21.1324,4.5867,0.0000,-511.8943,367.0215,3635.0808,0.0000,0.0000
106.0833,21.1856,4.6333,0.0000,-512.8555,367.1668,3639.6570,0.0000,0.0000
106.1000,21.2391,4.6800,0.0000,-513.7365,367.3179,3644.2332,0.0000,0.0000
106.1167,21.2928,4.7267,0.0000,-514.5612,367.4745,3648.8094,0.0000,0.0000
106.1333,21.3467,4.7733,0.0000,-515.3463,367.6362,3653.3856,0.0000,0.0000
106.1500,21.4009,4.8200,0.0000,-516.1043,367.8026,3657.9618,0.0000,0.0000
106.1667,21.4553,4.8667,0.0000,-516.8440,367.9737,3662.5380,0.0000,0.0000
106.1833,21.5099,4.9133,0.0000,-517.5716,368.1492,3667.1142,0.0000,0.0000
106.2000,21.5646,4.9600,0.0000,-518.2917,368.3292,3671.6904,0.0000,0.0000
106.2167,21.6196,5.0067,0.0000,-519.0075,368.5134,3676.2666,0.0000,0.0000
106.2333,21.6748,5.0533,0.0000,-519.7211,368.7018,3680.8428,0.0000,0.0000
106.2500,21.7301,5.1000,0.0000,-520.4339,368.8945,3685.4190,0.0000,0.0000
106.2667,21.7857,5.1467,0.0000,-521.1469,369.0914,3689.9952,0.0000,0.0000
106.2833,21.8414,5.1933,0.0000,-521.8606,369.2924,3694.5714,0.0000,0.0000
106.3000,21.8973,5.2400,0.0000,-522.5752,369.4976,3699.1476,0.0000,0.0000
106.3167,21.9534,5.2867,0.0000,-523.2907,369.7068,3703.7238,0.0000,0.0000
106.3333,22.0097,5.3333,0.0000,-524.0071,369.9201,3708.3000,0.0000,0.0000
106.3500,22.0662,5.3800,0.0000,-524.7243,370.1375,3712.8762,0.0000,0.0000
106.3667,22.1228,5.4267,0.0000,-525.4419,370.3589,3717.4524,0.0000,0.0000
106.3833,22.1796,5.4733,0.0000,-526.1598,370.5843,3722.0286,0.0000,0.0000
106.4000,22.2366,5.5200,0.0000,-526.8777,370.8136,3726.6048,0.0000,0.0000
106.4167,22.2938,5.5667,0.0000,-527.5953,371.0469,3731.1810,0.0000,0.0000
106.4333,22.3512,5.6133,0.0000,-528.3123,371.2841,3735.7572,0.0000,0.0000
106.4500,22.4087,5.6600,0.0000,-529.0287,371.5251,3740.3334,0.0000,0.0000
106.4667,22.4664,5.7067,0.0000,-529.7441,371.7699,3744.9096,0.0000,0.0000
106.4833,22.5243,5.7533,0.0000,-530.4584,372.0185,3749.4858,0.0000,0.0000
106.5000,22.5823,5.8000,0.0000,-531.1714,372.2708,3754.0620,0.0000,0.0000
106.5167,22.6405,5.8467,0.0000,-531.8830,372.5268,3758.6382,0.0000,0.0000
106.5333,22.6989,5.8933,0.0000,-532.5930,372.7865,3763.2144,0.0000,0.0000
106.5500,22.7575,5.9400,0.0000,-533.3014,373.0498,3767.7906,0.0000,0.0000
106.5667,22.8161,5.9867,0.0000,-534.0081,373.3166,3772.3668,0.0000,0.0000
106.5833,22.8750,6.0333,0.0000,-534.7130,373.5870,3776.9430,0.0000,0.0000
106.6000,22.9340,6.0800,0.0000,-535.4161,373.8608,3781.5192,0.0000,0.0000
106.6167,22.9932,6.1267,0.0000,-536.1173,374.1381,3786.0954,0.0000,0.0000
106.6333,23.0525,6.1733,0.0000,-536.8167,374.4187,3790.6716,0.0000,0.0000
106.6500,23.1120,6.2200,0.0000,-537.5143,374.7027,3795.2478,0.0000,0.0000
106.6667,23.1716,6.2667,0.0000,-538.2099,374.9901,3799.8240,0.0000,0.0000
106.6833,23.2314,6.3133,0.0000,-538.9037,375.2806,3804.4002,0.0000,0.0000
106.7000,23.2913,6.3600,0.0000,-539.5957,375.5745,3808.9764,0.0000,0.0000
106.7167,23.3513,6.4067,0.0000,-540.2859,375.8715,3813.5526,0.0000,0.0000
106.7333,23.4115,6.4533,0.0000,-540.9743,376.1716,3818.1288,0.0000,0.0000
106.7500,23.4719,6.5000,0.0000,-541.6610,376.4749,3822.7050,0.0000,0.0000
106.7667,23.5323,6.5467,0.0000,-542.3460,376.7812,3827.2812,0.0000,0.0000
106.7833,23.5929,6.5933,0.0000,-543.0293,377.0905,3831.8574,0.0000,0.0000
106.8000,23.6537,6.6400,0.0000,-543.7110,377.4029,3836.4336,0.0000,0.0000
106.8167,23.7146,6.6867,0.0000,-544.3912,377.7182,3841.0098,0.0000,0.0000
106.8333,23.7756,6.7333,0.0000,-545.0699,378.0364,3845.5860,0.0000,0.0000
106.8500,23.8367,6.7800,0.0000,-545.7471,378.3575,3850.1622,0.0000,0.0000
106.8667,23.8980,6.8267,0.0000,-546.4230,378.6815,3854.7384,0.0000,0.0000
106.8833,23.9594,6.8733,0.0000,-547.0975,379.0082,3859.3146,0.0000,0.0000
106.9000,24.0209,6.9200,0.0000,-547.7707,379.3378,3863.8908,0.0000,0.0000
106.9167,24.0826,6.9667,0.0000,-548.4427,379.6701,3868.4670,0.0000,0.0000
106.9333,24.1443,7.0133,0.0000,-549.1135,380.0051,3873.0432,0.0000,0.0000
106.9500,24.2062,7.0600,0.0000,-549.7832,380.3428,3877.6194,0.0000,0.0000
106.9667,24.2682,7.1067,0.0000,-550.4518,380.6832,3882.1956,0.0000,0.0000
106.9833,24.3304,7.1533,0.0000,-551.1194,381.0262,3886.7718,0.0000,0.0000
107.0000,24.3926,7.2000,0.0000,-551.7861,381.3718,3891.3480,0.0000,0.0000
107.0167,24.4547,7.2283,0.0000,-551.9441,382.1193,3895.4508,0.0000,0.0000
107.0333,24.5165,7.2567,0.0000,-552.2269,382.8631,3899.5536,0.0000,0.0000
107.0500,24.5782,7.2850,0.0000,-552.6126,383.6039,3903.6564,0.0000,0.0000
107.0667,24.6399,7.3133,0.0000,-553.0828,384.3426,3907.7592,0.0000,0.0000
107.0833,24.7014,7.3417,0.0000,-553.6222,385.0796,3911.8620,0.0000,0.0000
107.1000,24.7629,7.3700,0.0000,-554.2183,385.8155,3915.9648,0.0000,0.0000
107.1167,24.8244,7.3983,0.0000,-554.8606,386.5507,3920.0676,0.0000,0.0000
107.1333,24.8859,7.4267,0.0000,-555.5405,387.2854,3924.1704,0.0000,0.0000
107.1500,24.9473,7.4550,0.0000,-556.2510,388.0199,3928.2732,0.0000,0.0000
107.1667,25.0088,7.4833,0.0000,-556.9862,388.7543,3932.3760,0.0000,0.0000
107.1833,25.0702,7.5117,0.0000,-557.7413,389.4890,3936.4788,0.0000,0.0000
107.2000,25.1317,7.5400,0.0000,-558.5124,390.2240,3940.5816,0.0000,0.0000
107.2167,25.1932,7.5683,0.0000,-559.2962,390.9593,3944.6844,0.0000,0.0000
107.2333,25.2547,7.5967,0.0000,-560.0901,391.6951,3948.7872,0.0000,0.0000
107.2500,25.3162,7.6250,0.0000,-560.8919,392.4315,3952.8900,0.0000,0.0000
107.2667,25.3778,7.6533,0.0000,-561.6998,393.1684,3956.9928,0.0000,0.0000
107.2833,25.4393,7.6817,0.0000,-562.5123,393.9059,3961.0956,0.0000,0.0000
107.3000,25.5009,7.7100,0.0000,-563.3283,394.6440,3965.1984,0.0000,0.0000
107.3167,25.5626,7.7383,0.0000,-564.1468,395.3828,3969.3012,0.0000,0.0000
107.3333,25.6243,7.7667,0.0000,-564.9670,396.1223,3973.4040,0.0000,0.0000
107.3500,25.6859,7.7950,0.0000,-565.7883,396.8624,3977.5068,0.0000,0.0000
107.3667,25.7477,7.8233,0.0000,-566.6102,397.6032,3981.6096,0.0000,0.0000
107.3833,25.8094,7.8517,0.0000,-567.4322,398.3446,3985.7124,0.0000,0.0000
107.4000,25.8712,7.8800,0.0000,-568.2541,399.0866,3989.8152,0.0000,0.0000
107.4167,25.9330,7.9083,0.0000,-569.0755,399.8293,3993.9180,0.0000,0.0000
107.4333,25.9949,7.9367,0.0000,-569.8964,400.5727,3998.0208,0.0000,0.0000
107.4500,26.0567,7.9650,0.0000,-570.7165,401.3166,4002.1236,0.0000,0.0000
107.4667,26.1186,7.9933,0.0000,-571.5357,402.0612,4006.2264,0.0000,0.0000
107.4833,26.1806,8.0217,0.0000,-572.3540,402.8063,4010.3292,0.0000,0.0000
107.5000,26.2425,8.0500,0.0000,-573.1713,403.5520,4014.4320,0.0000,0.0000
107.5167,26.3045,8.0783,0.0000,-573.9875,404.2983,4018.5348,0.0000,0.0000
107.5333,26.3665,8.1067,0.0000,-574.8028,405.0452,4022.6376,0.0000,0.0000
107.5500,26.4285,8.1350,0.0000,-575.6170,405.7926,4026.7404,0.0000,0.0000
107.5667,26.4906,8.1633,0.0000,-576.4301,406.5405,4030.8432,0.0000,0.0000
107.5833,26.5527,8.1917,0.0000,-577.2423,407.2889,4034.9460,0.0000,0.0000
107.6000,26.6147,8.2200,0.0000,-578.0535,408.0379,4039.0488,0.0000,0.0000
107.6167,26.6769,8.2483,0.0000,-578.8637,408.7873,4043.1516,0.0000,0.0000
107.6333,26.7390,8.2767,0.0000,-579.6730,409.5372,4047.2544,0.0000,0.0000
107.6500,26.8012,8.3050,0.0000,-580.4814,410.2876,4051.3572,0.0000,0.0000
107.6667,26.8634,8.3333,0.0000,-581.2890,411.0384,4055.4600,0.0000,0.0000
107.6833,26.9256,8.3617,0.0000,-582.0958,411.7897,4059.5628,0.0000,0.0000
107.7000,26.9878,8.3900,0.0000,-582.9019,412.5414,4063.6656,0.0000,0.0000
107.7167,27.0143,8.4183,-1425.7231,-603.1456,412.5004,4067.7684,0.0000,0.0000
107.7333,27.0203,8.4467,-2028.6715,-633.6568,412.0056,4071.8712,0.0000,0.0000
107.7500,27.0241,8.4750,-2408.4759,-664.3681,411.4614,4075.9740,0.0000,0.0000
107.7667,27.0273,8.5033,-2732.2320,-694.4848,410.9047,4080.0768,0.0000,0.0000
107.7833,27.0304,8.5317,-3037.6727,-723.9016,410.3439,4084.1796,0.0000,0.0000
107.8000,27.0333,8.5600,-3333.7243,-752.6471,409.7811,4088.2824,0.0000,0.0000
107.8167,27.0362,8.5883,-3622.8099,-780.7686,409.2167,4092.3852,0.0000,0.0000
107.8333,27.0391,8.6167,-3905.8264,-808.3097,408.6510,4096.4880,0.0000,0.0000
107.8500,27.0418,8.6450,-4183.2727,-835.3084,408.0841,4100.5908,0.0000,0.0000
107.8667,27.0446,8.6733,-4455.5157,-861.7973,407.5160,4104.6936,0.0000,0.0000
107.8833,27.0472,8.7017,-4722.8592,-887.8050,406.9468,4108.7964,0.0000,0.0000
107.9000,27.0499,8.7300,-4985.5672,-913.3565,406.3765,4112.8992,0.0000,0.0000
107.9167,27.0524,8.7583,-5243.8734,-938.4744,405.8053,4117.0020,0.0000,0.0000
107.9333,27.0550,8.7867,-5497.9874,-963.1788,405.2332,4121.1048,0.0000,0.0000
107.9500,27.0575,8.8150,-5748.0988,-987.4882,404.6602,4125.2076,0.0000,0.0000
107.9667,27.0599,8.8433,-5994.3802,-1011.4193,404.0863,4129.3104,0.0000,0.0000
107.9833,27.0624,8.8717,-6236.9897,-1034.9874,403.5116,4133.4132,0.0000,0.0000
108.0000,27.0648,8.9000,-6476.0728,-1058.2068,402.9362,4137.5160,0.0000,0.0000
108.0167,27.0671,8.9283,-6707.6585,-1080.5442,402.3590,4131.2040,0.0000,0.0000
108.0333,27.0693,8.9567,-6931.8271,-1102.1436,401.7803,4124.8920,0.0000,0.0000
108.0500,27.0715,8.9850,-7149.3178,-1123.0978,401.2000,4118.5800,0.0000,0.0000
108.0667,27.0736,9.0133,-7360.8067,-1143.4723,400.6184,4112.2680,0.0000,0.0000
108.0833,27.0757,9.0417,-7566.8275,-1163.3159,400.0356,4105.9560,0.0000,0.0000
108.1000,27.0777,9.0700,-7767.7984,-1182.6667,399.4517,4099.6440,0.0000,0.0000
108.1167,27.0796,9.0983,-7964.0552,-1201.5559,398.8668,4093.3320,0.0000,0.0000
108.1333,27.0816,9.1267,-8155.8748,-1220.0092,398.2808,4087.0200,0.0000,0.0000
108.1500,27.0834,9.1550,-8343.4909,-1238.0487,397.6939,4080.7080,0.0000,0.0000
108.1667,27.0853,9.1833,-8527.1045,-1255.6935,397.1062,4074.3960,0.0000,0.0000
108.1833,27.0871,9.2117,-8706.8914,-1272.9605,396.5175,4068.0840,0.0000,0.0000
108.2000,27.0888,9.2400,-8883.0070,-1289.8645,395.9281,4061.7720,0.0000,0.0000
108.2167,27.0906,9.2683,-9055.5900,-1306.4190,395.3379,4055.4600,0.0000,0.0000
108.2333,27.0922,9.2967,-9224.7656,-1322.6359,394.7469,4049.1480,0.0000,0.0000
108.2500,27.0939,9.3250,-9390.6475,-1338.5264,394.1552,4042.8360,0.0000,0.0000
108.2667,27.0955,9.3533,-9553.3395,-1354.1005,393.5628,4036.5240,0.0000,0.0000
108.2833,27.0971,9.3817,-9712.9370,-1369.3676,392.9697,4030.2120,0.0000,0.0000
108.3000,27.0987,9.4100,-9869.5283,-1384.3362,392.3759,4023.9000,0.0000,0.0000
108.3167,27.1002,9.4383,-10023.1953,-1399.0144,391.7815,4017.5880,0.0000,0.0000
108.3333,27.1017,9.4667,-10174.0145,-1413.4096,391.1865,4011.2760,0.0000,0.0000
108.3500,27.1032,9.4950,-10322.0575,-1427.5289,390.5908,4004.9640,0.0000,0.0000
108.3667,27.1047,9.5233,-10467.3917,-1441.3789,389.9946,3998.6520,0.0000,0.0000
108.3833,27.1061,9.5517,-10610.0806,-1454.9658,389.3977,3992.3400,0.0000,0.0000
108.4000,27.1075,9.5800,-10750.1843,-1468.2956,388.8003,3986.0280,0.0000,0.0000
108.4167,27.1089,9.6083,-10887.7601,-1481.3738,388.2023,3979.7160,0.0000,0.0000
108.4333,27.1102,9.6367,-11022.8624,-1494.2059,387.6038,3973.4040,0.0000,0.0000
108.4500,27.1116,9.6650,-11155.5431,-1506.7969,387.0047,3967.0920,0.0000,0.0000
108.4667,27.1129,9.6933,-11285.8519,-1519.1519,386.4051,3960.7800,0.0000,0.0000
108.4833,27.1141,9.7217,-11413.8366,-1531.2754,385.8050,3954.4680,0.0000,0.0000
108.5000,27.1154,9.7500,-11539.5428,-1543.1721,385.2044,3948.1560,0.0000,0.0000
108.5167,27.1166,9.7783,-11663.0148,-1554.8463,384.6033,3941.8440,0.0000,0.0000
108.5333,27.1178,9.8067,-11784.2949,-1566.3021,384.0017,3935.5320,0.0000,0.0000
108.5500,27.1190,9.8350,-11903.4243,-1577.5438,383.3996,3929.2200,0.0000,0.0000
108.5667,27.1202,9.8633,-12020.4426,-1588.5751,382.7971,3922.9080,0.0000,0.0000
108.5833,27.1214,9.8917,-12135.3882,-1599.3999,382.1941,3916.5960,0.0000,0.0000
108.6000,27.1225,9.9200,-12248.2982,-1610.0220,381.5906,3910.2840,0.0000,0.0000
108.6167,27.1236,9.9483,-12359.2088,-1620.4448,380.9867,3903.9720,0.0000,0.0000
108.6333,27.1247,9.9767,-12468.1551,-1630.6718,380.3824,3897.6600,0.0000,0.0000
108.6500,27.1258,10.0050,-12575.1709,-1640.7065,379.7777,3891.3480,0.0000,0.0000
108.6667,27.1268,10.0333,-12680.2895,-1650.5521,379.1725,3885.0360,0.0000,0.0000
108.6833,27.1278,10.0617,-12783.5431,-1660.2118,378.5669,3878.7240,0.0000,0.0000
108.7000,27.1288,10.0900,-12884.9629,-1669.6888,377.9609,3872.4120,0.0000,0.0000
108.7167,27.1298,10.1183,-12984.5796,-1678.9860,377.3545,3866.1000,0.0000,0.0000
108.7333,27.1308,10.1467,-13082.4229,-1688.1065,376.7477,3859.7880,0.0000,0.0000
108.7500,27.1318,10.1750,-13178.5219,-1697.0530,376.1405,3853.4760,0.0000,0.0000
108.7667,27.1327,10.2033,-13272.9050,-1705.8285,375.5329,3847.1640,0.0000,0.0000
108.7833,27.1337,10.2317,-13365.5998,-1714.4357,374.9250,3840.8520,0.0000,0.0000
108.8000,27.1346,10.2600,-13456.6333,-1722.8773,374.3167,3834.5400,0.0000,0.0000
108.8167,27.1355,10.2883,-13546.0320,-1731.1559,373.7080,3828.2280,0.0000,0.0000
108.8333,27.1363,10.3167,-13633.8216,-1739.2740,373.0990,3821.9160,0.0000,0.0000
108.8500,27.1372,10.3450,-13720.0275,-1747.2342,372.4896,3815.6040,0.0000,0.0000
108.8667,27.1380,10.3733,-13804.6743,-1755.0390,371.8799,3809.2920,0.0000,0.0000
108.8833,27.1389,10.4017,-13887.7861,-1762.6907,371.2698,3802.9800,0.0000,0.0000
108.9000,27.1397,10.4300,-13969.3866,-1770.1917,370.6594,3796.6680,0.0000,0.0000
108.9167,27.1405,10.4583,-14049.4990,-1777.5443,370.0487,3790.3560,0.0000,0.0000
108.9333,27.1413,10.4867,-14128.1459,-1784.7508,369.4377,3784.0440,0.0000,0.0000
108.9500,27.1421,10.5150,-14205.3495,-1791.8133,368.8263,3777.7320,0.0000,0.0000
108.9667,27.1428,10.5433,-14281.1316,-1798.7341,368.2146,3771.4200,0.0000,0.0000
108.9833,27.1436,10.5717,-14355.5134,-1805.5152,367.6026,3765.1080,0.0000,0.0000
109.0000,27.1443,10.6000,-14428.5149,-1812.1586,366.9903,3758.7960,0.0000,0.0000
109.0167,27.1445,10.5250,-14452.5923,-1814.7533,368.6593,3744.5940,0.0000,0.0000
109.0333,27.1446,10.4500,-14462.1933,-1816.9342,370.3251,3730.3920,0.0000,0.0000
109.0500,27.1447,10.3750,-14465.4571,-1818.7260,371.9895,3716.1900,0.0000,0.0000
109.0667,27.1446,10.3000,-14464.5352,-1820.1638,373.6530,3701.9880,0.0000,0.0000
109.0833,27.1446,10.2250,-14460.1485,-1821.2767,375.3157,3687.7860,0.0000,0.0000
109.1000,27.1445,10.1500,-14452.6334,-1822.0867,376.9777,3673.5840,0.0000,0.0000
109.1167,27.1444,10.0750,-14442.1950,-1822.6103,378.6390,3659.3820,0.0000,0.0000
109.1333,27.1443,10.0000,-14428.9783,-1822.8600,380.2998,3645.1800,0.0000,0.0000
109.1500,27.1441,9.9250,-14413.0924,-1822.8456,381.9599,3630.9780,0.0000,0.0000
109.1667,27.1439,9.8500,-14394.6225,-1822.5751,383.6195,3616.7760,0.0000,0.0000
109.1833,27.1437,9.7750,-14373.6368,-1822.0546,385.2785,3602.5740,0.0000,0.0000
109.2000,27.1435,9.7000,-14350.1909,-1821.2893,386.9370,3588.3720,0.0000,0.0000
109.2167,27.1432,9.6250,-14324.3313,-1820.2836,388.5949,3574.1700,0.0000,0.0000
109.2333,27.1430,9.5500,-14296.0972,-1819.0411,390.2523,3559.9680,0.0000,0.0000
109.2500,27.1427,9.4750,-14265.5227,-1817.5652,391.9092,3545.7660,0.0000,0.0000
109.2667,27.1423,9.4000,-14232.6379,-1815.8588,393.5656,3531.5640,0.0000,0.0000
109.2833,27.1420,9.3250,-14197.4695,-1813.9243,395.2215,3517.3620,0.0000,0.0000
109.3000,27.1416,9.2500,-14160.0426,-1811.7643,396.8768,3503.1600,0.0000,0.0000
109.3167,27.1412,9.1750,-14120.3799,-1809.3809,398.5317,3488.9580,0.0000,0.0000
109.3333,27.1408,9.1000,-14078.5035,-1806.7764,400.1861,3474.7560,0.0000,0.0000
109.3500,27.1403,9.0250,-14034.4343,-1803.9528,401.8400,3460.5540,0.0000,0.0000
109.3667,27.1399,8.9500,-13988.1926,-1800.9121,403.4934,3446.3520,0.0000,0.0000
109.3833,27.1394,8.8750,-13939.7986,-1797.6563,405.1464,3432.1500,0.0000,0.0000
109.4000,27.1389,8.8000,-13889.2721,-1794.1875,406.7988,3417.9480,0.0000,0.0000
109.4167,27.1384,8.7250,-13836.6328,-1790.5075,408.4508,3403.7460,0.0000,0.0000
109.4333,27.1378,8.6500,-13781.9008,-1786.6185,410.1023,3389.5440,0.0000,0.0000
109.4500,27.1373,8.5750,-13725.0959,-1782.5223,411.7534,3375.3420,0.0000,0.0000
109.4667,27.1367,8.5000,-13666.2383,-1778.2211,413.4040,3361.1400,0.0000,0.0000
109.4833,27.1361,8.4250,-13605.3484,-1773.7168,415.0542,3346.9380,0.0000,0.0000
109.5000,27.1354,8.3500,-13542.4466,-1769.0116,416.7039,3332.7360,0.0000,0.0000
109.5167,27.1348,8.2750,-13477.5538,-1764.1075,418.3532,3318.5340,0.0000,0.0000
109.5333,27.1341,8.2000,-13410.6911,-1759.0066,420.0020,3304.3320,0.0000,0.0000
109.5500,27.1334,8.1250,-13341.8795,-1753.7112,421.6504,3290.1300,0.0000,0.0000
109.5667,27.1327,8.0500,-13271.1406,-1748.2232,423.2984,3275.9280,0.0000,0.0000
109.5833,27.1320,7.9750,-13198.4945,-1742.5447,424.9460,3261.7260,0.0000,0.0000
109.6000,27.1312,7.9000,-13123.9596,-1736.6776,426.5931,3247.5240,0.0000,0.0000
109.6167,27.1305,7.8250,-13047.5527,-1730.6233,428.2398,3233.3220,0.0000,0.0000
109.6333,27.1297,7.7500,-12969.2911,-1724.3838,429.8862,3219.1200,0.0000,0.0000
109.6500,27.1289,7.6750,-12889.1928,-1717.9607,431.5321,3204.9180,0.0000,0.0000
109.6667,27.1281,7.6000,-12807.2774,-1711.3562,433.1776,3190.7160,0.0000,0.0000
109.6833,27.1272,7.5250,-12723.5662,-1704.5723,434.8227,3176.5140,0.0000,0.0000
109.7000,27.1264,7.4500,-12638.0815,-1697.6115,436.4674,3162.3120,0.0000,0.0000
109.7167,27.1255,7.3750,-12550.8471,-1690.4760,438.1117,3148.1100,0.0000,0.0000
109.7333,27.1246,7.3000,-12461.8871,-1683.1684,439.7556,3133.9080,0.0000,0.0000
109.7500,27.1237,7.2250,-12371.2261,-1675.6911,441.3992,3119.7060,0.0000,0.0000
109.7667,27.1228,7.1500,-12278.8889,-1668.0466,443.0424,3105.5040,0.0000,0.0000
109.7833,27.1218,7.0750,-12184.9001,-1660.2374,444.6852,3091.3020,0.0000,0.0000
109.8000,27.1209,7.0000,-12089.2844,-1652.2659,446.3277,3077.1000,0.0000,0.0000
109.8167,27.1199,6.9250,-11992.0661,-1644.1346,447.9698,3062.8980,0.0000,0.0000
109.8333,27.1189,6.8500,-11893.2693,-1635.8458,449.6115,3048.6960,0.0000,0.0000
109.8500,27.1179,6.7750,-11792.9180,-1627.4021,451.2530,3034.4940,0.0000,0.0000
109.8667,27.1169,6.7000,-11691.0355,-1618.8056,452.8940,3020.2920,0.0000,0.0000
109.8833,27.1159,6.6250,-11587.6453,-1610.0588,454.5348,3006.0900,0.0000,0.0000
109.9000,27.1148,6.5500,-11482.7700,-1601.1638,456.1752,2991.8880,0.0000,0.0000
109.9167,27.1138,6.4750,-11376.4325,-1592.1231,457.8153,2977.6860,0.0000,0.0000
109.9333,27.1127,6.4000,-11268.6548,-1582.9387,459.4550,2963.4840,0.0000,0.0000
109.9500,27.1116,6.3250,-11159.4591,-1573.6129,461.0945,2949.2820,0.0000,0.0000
109.9667,27.1105,6.2500,-11048.8669,-1564.1479,462.7336,2935.0800,0.0000,0.0000
109.9833,27.1094,6.1750,-10936.8996,-1554.5457,464.3725,2920.8780,0.0000,0.0000
110.0000,27.1082,6.1000,-10823.5782,-1544.8085,466.0110,2906.6760,0.0000,0.0000
110.0167,27.1073,6.0917,-10734.5195,-1536.7854,466.1761,2884.8996,0.0000,0.0000
110.0333,27.1065,6.0833,-10647.4895,-1528.2997,466.3416,2863.1232,0.0000,0.0000
110.0500,27.1056,6.0750,-10558.0601,-1519.4419,466.5066,2841.3468,0.0000,0.0000
110.0667,27.1047,6.0667,-10465.5966,-1510.2618,466.6710,2819.5704,0.0000,0.0000
110.0833,27.1037,6.0583,-10370.2151,-1500.7935,466.8347,2797.7940,0.0000,0.0000
110.1000,27.1027,6.0500,-10272.1412,-1491.0626,466.9978,2776.0176,0.0000,0.0000
110.1167,27.1017,6.0417,-10171.5872,-1481.0900,467.1603,2754.2412,0.0000,0.0000
110.1333,27.1007,6.0333,-10068.7353,-1470.8930,467.3224,2732.4648,0.0000,0.0000
110.1500,27.0996,6.0250,-9963.7411,-1460.4863,467.4839,2710.6884,0.0000,0.0000
110.1667,27.0986,6.0167,-9856.7389,-1449.8826,467.6450,2688.9120,0.0000,0.0000
110.1833,27.0976,6.0083,-9759.6386,-1439.7091,467.8084,2667.1356,0.0000,0.0000
110.2000,27.0966,6.0000,-9656.6801,-1429.3405,467.9704,2645.3592,0.0000,0.0000
110.2167,27.0955,5.9917,-9550.7101,-1418.7818,468.1317,2623.5828,0.0000,0.0000
110.2333,27.0944,5.9833,-9442.6089,-1408.0444,468.2926,2601.8064,0.0000,0.0000
110.2500,27.0933,5.9750,-9332.7037,-1397.1393,468.4531,2580.0300,0.0000,0.0000
110.2667,27.0922,5.9667,-9221.1568,-1386.0762,468.6132,2558.2536,0.0000,0.0000
110.2833,27.0911,5.9583,-9108.0743,-1374.8637,468.7729,2536.4772,0.0000,0.0000
110.3000,27.0899,5.9500,-8993.5389,-1363.5089,468.9324,2514.7008,0.0000,0.0000
110.3167,27.0888,5.9417,-8877.6199,-1352.0184,469.0915,2492.9244,0.0000,0.0000
110.3333,27.0876,5.9333,-8760.3780,-1340.3978,469.2504,2471.1480,0.0000,0.0000
110.3500,27.0864,5.9250,-8641.8671,-1328.6523,469.4089,2449.3716,0.0000,0.0000
110.3667,27.0851,5.9167,-8507.9015,-1316.0642,469.5641,2427.5952,0.0000,0.0000
110.3833,27.0838,5.9083,-8378.2560,-1303.3842,469.7202,2405.8188,0.0000,0.0000
110.4000,27.0825,5.9000,-8248.9899,-1290.6235,469.8763,2384.0424,0.0000,0.0000
110.4167,27.0812,5.8917,-8119.1871,-1277.7814,470.0324,2362.2660,0.0000,0.0000
110.4333,27.0799,5.8833,-7988.6216,-1264.8561,470.1883,2340.4896,0.0000,0.0000
110.4500,27.0786,5.8750,-7857.2319,-1251.8462,470.3440,2318.7132,0.0000,0.0000
110.4667,27.0773,5.8667,-7725.0012,-1238.7516,470.4995,2296.9368,0.0000,0.0000
110.4833,27.0759,5.8583,-7591.9270,-1225.5723,470.6549,2275.1604,0.0000,0.0000
110.5000,27.0746,5.8500,-7458.0132,-1212.3090,470.8100,2253.3840,0.0000,0.0000
110.5167,27.0732,5.8417,-7323.2672,-1198.9626,470.9650,2231.6076,0.0000,0.0000
110.5333,27.0719,5.8333,-7187.6986,-1185.5340,471.1197,2209.8312,0.0000,0.0000
110.5500,27.0705,5.8250,-7051.3181,-1172.0244,471.2743,2188.0548,0.0000,0.0000
110.5667,27.0691,5.8167,-6914.1375,-1158.4350,471.4288,2166.2784,0.0000,0.0000
110.5833,27.0678,5.8083,-6776.1691,-1144.7670,471.5830,2144.5020,0.0000,0.0000
110.6000,27.0664,5.8000,-6637.4253,-1131.0217,471.7371,2122.7256,0.0000,0.0000
110.6167,27.0650,5.7917,-6497.9189,-1117.2005,471.8910,2100.9492,0.0000,0.0000
110.6333,27.0636,5.7833,-6357.6628,-1103.3044,472.0447,2079.1728,0.0000,0.0000
110.6500,27.0622,5.7750,-6216.6695,-1089.3349,472.1983,2057.3964,0.0000,0.0000
110.6667,27.0607,5.7667,-6074.9518,-1075.2932,472.3517,2035.6200,0.0000,0.0000
110.6833,27.0593,5.7583,-5932.5221,-1061.1806,472.5050,2013.8436,0.0000,0.0000
110.7000,27.0579,5.7500,-5789.3928,-1046.9982,472.6581,1992.0672,0.0000,0.0000
110.7167,27.0565,5.7417,-5645.5759,-1032.7474,472.8110,1970.2908,0.0000,0.0000
110.7333,27.0550,5.7333,-5501.0833,-1018.4291,472.9638,1948.5144,0.0000,0.0000
110.7500,27.0536,5.7250,-5355.9267,-1004.0447,473.1165,1926.7380,0.0000,0.0000
110.7667,27.0521,5.7167,-5210.1176,-989.5953,473.2690,1904.9616,0.0000,0.0000
110.7833,27.0506,5.7083,-5063.6672,-975.0820,473.4214,1883.1852,0.0000,0.0000
110.8000,27.0492,5.7000,-4916.5864,-960.5058,473.5736,1861.4088,0.0000,0.0000
110.8167,27.0477,5.6917,-4768.8860,-945.8679,473.7257,1839.6324,0.0000,0.0000
110.8333,27.0462,5.6833,-4620.5766,-931.1693,473.8776,1817.8560,0.0000,0.0000
110.8500,27.0447,5.6750,-4471.6685,-916.4110,474.0295,1796.0796,0.0000,0.0000
110.8667,27.0432,5.6667,-4322.1717,-901.5941,474.1812,1774.3032,0.0000,0.0000
110.8833,27.0417,5.6583,-4172.0964,-886.7194,474.3327,1752.5268,0.0000,0.0000
110.9000,27.0402,5.6500,-4021.4520,-871.7881,474.4842,1730.7504,0.0000,0.0000
110.9167,27.0387,5.6417,-3870.2483,-856.8010,474.6355,1708.9740,0.0000,0.0000
110.9333,27.0372,5.6333,-3718.4946,-841.7591,474.7867,1687.1976,0.0000,0.0000
110.9500,27.0357,5.6250,-3566.2000,-826.6633,474.9377,1665.4212,0.0000,0.0000
110.9667,27.0341,5.6167,-3413.3737,-811.5145,475.0887,1643.6448,0.0000,0.0000
110.9833,27.0326,5.6083,-3260.0245,-796.3135,475.2395,1621.8684,0.0000,0.0000
111.0000,27.0311,5.6000,-3106.1611,-781.0614,475.3902,1600.0920,0.0000,0.0000
111.0167,27.0294,5.5617,-2938.4802,-764.6889,476.2034,1577.2110,0.0000,0.0000
111.0333,27.0277,5.5233,-2766.9998,-748.2369,477.0156,1554.3300,0.0000,0.0000
111.0500,27.0259,5.4850,-2594.0121,-731.7029,477.8276,1531.4490,0.0000,0.0000
111.0667,27.0242,5.4467,-2420.0738,-715.0906,478.6393,1508.5680,0.0000,0.0000
111.0833,27.0225,5.4083,-2245.3426,-698.4035,479.4509,1485.6870,0.0000,0.0000
111.1000,27.0207,5.3700,-2069.8773,-681.6448,480.2623,1462.8060,0.0000,0.0000
111.1167,27.0189,5.3317,-1893.7086,-664.8165,481.0735,1439.9250,0.0000,0.0000
111.1333,27.0172,5.2933,-1716.8566,-647.9204,481.8846,1417.0440,0.0000,0.0000
111.1500,27.0154,5.2550,-1539.3357,-630.9577,482.6956,1394.1630,0.0000,0.0000
111.1667,27.0136,5.2167,-1361.1555,-613.9292,483.5064,1371.2820,0.0000,0.0000
111.1833,27.0118,5.1783,-1182.3216,-596.8354,484.3170,1348.4010,0.0000,0.0000
111.2000,27.0100,5.1400,-1002.8364,-579.6764,485.1275,1325.5200,0.0000,0.0000
111.2167,27.0082,5.1017,-822.7010,-562.4523,485.9379,1302.6390,0.0000,0.0000
111.2333,27.0064,5.0633,-641.9169,-545.1632,486.7481,1279.7580,0.0000,0.0000
111.2500,27.0046,5.0250,-460.4865,-527.8094,487.5582,1256.8770,0.0000,0.0000
111.2667,27.0028,4.9867,-278.4136,-510.3913,488.3681,1233.9960,0.0000,0.0000
111.2833,27.0010,4.9483,-95.7030,-492.9095,489.1779,1211.1150,0.0000,0.0000
111.3000,26.9964,4.9100,0.0000,-476.7515,489.9267,1188.2340,0.0000,0.0000
111.3167,26.9865,4.8717,0.0000,-463.1651,490.5569,1165.3530,0.0000,0.0000
111.3333,26.9721,4.8333,0.0000,-451.6014,491.0889,1142.4720,0.0000,0.0000
111.3500,26.9540,4.7950,0.0000,-441.6809,491.5365,1119.5910,0.0000,0.0000
111.3667,26.9325,4.7567,0.0000,-433.1003,491.9115,1096.7100,0.0000,0.0000
111.3833,26.9082,4.7183,0.0000,-425.6156,492.2231,1073.8290,0.0000,0.0000
111.4000,26.8814,4.6800,0.0000,-419.0296,492.4791,1050.9480,0.0000,0.0000
111.4167,26.8524,4.6417,0.0000,-413.1821,492.6860,1028.0670,0.0000,0.0000
111.4333,26.8215,4.6033,0.0000,-407.9429,492.8490,1005.1860,0.0000,0.0000
111.4500,26.7887,4.5650,0.0000,-403.2057,492.9726,982.3050,0.0000,0.0000
111.4667,26.7543,4.5267,0.0000,-398.8833,493.0603,959.4240,0.0000,0.0000
111.4833,26.7185,4.4883,0.0000,-394.9044,493.1154,936.5430,0.0000,0.0000
111.5000,26.6812,4.4500,0.0000,-391.2102,493.1402,913.6620,0.0000,0.0000
111.5167,26.6428,4.4117,0.0000,-387.7521,493.1371,890.7810,0.0000,0.0000
111.5333,26.6031,4.3733,0.0000,-384.4905,493.1077,867.9000,0.0000,0.0000
111.5500,26.5623,4.3350,0.0000,-381.3924,493.0536,845.0190,0.0000,0.0000
111.5667,26.5205,4.2967,0.0000,-378.4308,492.9762,822.1380,0.0000,0.0000
111.5833,26.4777,4.2583,0.0000,-375.5832,492.8765,799.2570,0.0000,0.0000
111.6000,26.4339,4.2200,0.0000,-372.8311,492.7554,776.3760,0.0000,0.0000
111.6167,26.3892,4.1817,0.0000,-370.1590,492.6138,753.4950,0.0000,0.0000
111.6333,26.3436,4.1433,0.0000,-367.5540,492.4525,730.6140,0.0000,0.0000
111.6500,26.2971,4.1050,0.0000,-365.0054,492.2719,707.7330,0.0000,0.0000
111.6667,26.2498,4.0667,0.0000,-362.5042,492.0727,684.8520,0.0000,0.0000
111.6833,26.2017,4.0283,0.0000,-360.0427,491.8553,661.9710,0.0000,0.0000
111.7000,26.1527,3.9900,0.0000,-357.6145,491.6201,639.0900,0.0000,0.0000
111.7167,26.1030,3.9517,0.0000,-355.2143,491.3675,616.2090,0.0000,0.0000
111.7333,26.0525,3.9133,0.0000,-352.8375,491.0978,593.3280,0.0000,0.0000
111.7500,26.0013,3.8750,0.0000,-350.4802,490.8114,570.4470,0.0000,0.0000
111.7667,25.9493,3.8367,0.0000,-348.1390,490.5084,547.5660,0.0000,0.0000
111.7833,25.8965,3.7983,0.0000,-345.8110,490.1892,524.6850,0.0000,0.0000
111.8000,25.8431,3.7600,0.0000,-343.4937,489.8539,501.8040,0.0000,0.0000
111.8167,25.7889,3.7217,0.0000,-341.1846,489.5027,478.9230,0.0000,0.0000
111.8333,25.7341,3.6833,0.0000,-338.8818,489.1359,456.0420,0.0000,0.0000
111.8500,25.6785,3.6450,0.0000,-336.5835,488.7535,433.1610,0.0000,0.0000
111.8667,25.6222,3.6067,0.0000,-334.2886,488.3558,410.2800,0.0000,0.0000
111.8833,25.5653,3.5683,0.0000,-331.9958,487.9428,387.3990,0.0000,0.0000
111.9000,25.5076,3.5300,0.0000,-329.7042,487.5148,364.5180,0.0000,0.0000
111.9167,25.4493,3.4917,0.0000,-327.4131,487.0717,341.6370,0.0000,0.0000
111.9333,25.3904,3.4533,0.0000,-325.1218,486.6139,318.7560,0.0000,0.0000
111.9500,25.3307,3.4150,0.0000,-322.8297,486.1412,295.8750,0.0000,0.0000
111.9667,25.2704,3.3767,0.0000,-320.5363,485.6540,272.9940,0.0000,0.0000
111.9833,25.2095,3.3383,0.0000,-318.2412,485.1522,250.1130,0.0000,0.0000
112.0000,25.1479,3.3000,0.0000,-315.9440,484.6360,227.2320,0.0000,0.0000
112.0167,25.0853,3.2267,0.0000,-313.4688,484.8740,223.4448,0.0000,0.0000
112.0333,25.0219,3.1533,0.0000,-311.7257,485.0960,219.6576,0.0000,0.0000
112.0500,24.9581,3.0800,0.0000,-310.4871,485.3061,215.8704,0.0000,0.0000
112.0667,24.8938,3.0067,0.0000,-309.5994,485.5075,212.0832,0.0000,0.0000
112.0833,24.8293,2.9333,0.0000,-308.9565,485.7019,208.2960,0.0000,0.0000
112.1000,24.7644,2.8600,0.0000,-308.4836,485.8910,204.5088,0.0000,0.0000
112.1167,24.6994,2.7867,0.0000,-308.1272,486.0757,200.7216,0.0000,0.0000
112.1333,24.6343,2.7133,0.0000,-307.8485,486.2567,196.9344,0.0000,0.0000
112.1500,24.5689,2.6400,0.0000,-307.6195,486.4343,193.1472,0.0000,0.0000
112.1667,24.5035,2.5667,0.0000,-307.4198,486.6089,189.3600,0.0000,0.0000
112.1833,24.4379,2.4933,0.0000,-307.2349,486.7807,185.5728,0.0000,0.0000
112.2000,24.3722,2.4200,0.0000,-307.0541,486.9496,181.7856,0.0000,0.0000
112.2167,24.3063,2.3467,0.0000,-306.8701,487.1156,177.9984,0.0000,0.0000
112.2333,24.2403,2.2733,0.0000,-306.6778,487.2788,174.2112,0.0000,0.0000
112.2500,24.1742,2.2000,0.0000,-306.4739,487.4390,170.4240,0.0000,0.0000
112.2667,24.1080,2.1267,0.0000,-306.2562,487.5962,166.6368,0.0000,0.0000
112.2833,24.0416,2.0533,0.0000,-306.0236,487.7503,162.8496,0.0000,0.0000
112.3000,23.9751,1.9800,0.0000,-305.7753,487.9011,159.0624,0.0000,0.0000
112.3167,23.9084,1.9067,0.0000,-305.5112,488.0486,155.2752,0.0000,0.0000
112.3333,23.8415,1.8333,0.0000,-305.2313,488.1927,151.4880,0.0000,0.0000
112.3500,23.7745,1.7600,0.0000,-304.9362,488.3332,147.7008,0.0000,0.0000
112.3667,23.7074,1.6867,0.0000,-304.6265,488.4701,143.9136,0.0000,0.0000
112.3833,23.6401,1.6133,0.0000,-304.3032,488.6034,140.1264,0.0000,0.0000
112.4000,23.5726,1.5400,0.0000,-303.9672,488.7328,136.3392,0.0000,0.0000
112.4167,23.5049,1.4667,0.0000,-303.6196,488.8585,132.5520,0.0000,0.0000
112.4333,23.4370,1.3933,0.0000,-303.2612,488.9802,128.7648,0.0000,0.0000
112.4500,23.3690,1.3200,0.0000,-302.8930,489.0980,124.9776,0.0000,0.0000
112.4667,23.3008,1.2467,0.0000,-302.5161,489.2118,121.1904,0.0000,0.0000
112.4833,23.2324,1.1733,0.0000,-302.1310,489.3216,117.4032,0.0000,0.0000
112.5000,23.1639,1.1000,0.0000,-301.7387,489.4274,113.6160,0.0000,0.0000
112.5167,23.0951,1.0267,0.0000,-301.3399,489.5292,109.8288,0.0000,0.0000
112.5333,23.0262,0.9533,0.0000,-300.9350,489.6268,106.0416,0.0000,0.0000
112.5500,22.9571,0.8800,0.0000,-300.5248,489.7204,102.2544,0.0000,0.0000
112.5667,22.8878,0.8067,0.0000,-300.1096,489.8099,98.4672,0.0000,0.0000
112.5833,22.8183,0.7333,0.0000,-299.6899,489.8953,94.6800,0.0000,0.0000
112.6000,22.7486,0.6600,0.0000,-299.2661,489.9766,90.8928,0.0000,0.0000
112.6167,22.6788,0.5867,0.0000,-298.8385,490.0538,87.1056,0.0000,0.0000
112.6333,22.6087,0.5133,0.0000,-298.4075,490.1270,83.3184,0.0000,0.0000
112.6500,22.5372,0.4400,0.0000,-298.0189,490.1657,79.5312,0.0000,0.0000
112.6667,22.4668,0.3667,0.0000,-297.5718,490.2312,75.7440,0.0000,0.0000
112.6833,22.3962,0.2933,0.0000,-297.1222,490.2926,71.9568,0.0000,0.0000
112.7000,22.3255,0.2200,0.0000,-296.6703,490.3499,68.1696,0.0000,0.0000
112.7167,22.2545,0.1467,0.0000,-296.2160,490.4030,64.3824,0.0000,0.0000
112.7333,22.1834,0.0733,0.0000,-295.7592,490.4521,60.5952,0.0000,0.0000
112.7500,22.1121,-0.0000,0.0000,-295.3000,490.4971,56.8080,0.0000,0.0000
112.7667,22.0406,-0.0733,0.0000,-294.8383,490.5380,53.0208,0.0000,0.0000
112.7833,21.9689,-0.1467,0.0000,-294.3744,490.5748,49.2336,0.0000,0.0000
112.8000,21.8971,-0.2200,0.0000,-293.9082,490.6076,45.4464,0.0000,0.0000
112.8167,21.8250,-0.2933,0.0000,-293.4398,490.6364,41.6592,0.0000,0.0000
112.8333,21.7528,-0.3667,0.0000,-292.9693,490.6611,37.8720,0.0000,0.0000
112.8500,21.6804,-0.4400,0.0000,-292.4968,490.6819,34.0848,0.0000,0.0000
112.8667,21.6078,-0.5133,0.0000,-292.0221,490.6987,30.2976,0.0000,0.0000
112.8833,21.5351,-0.5867,0.0000,-291.5453,490.7115,26.5104,0.0000,0.0000
112.9000,21.4622,-0.6600,0.0000,-291.0664,490.7203,22.7232,0.0000,0.0000
112.9167,21.3890,-0.7333,0.0000,-290.5852,490.7253,18.9360,0.0000,0.0000
112.9333,21.3158,-0.8067,0.0000,-290.1016,490.7263,15.1488,0.0000,0.0000
112.9500,21.2423,-0.8800,0.0000,-289.6156,490.7234,11.3616,0.0000,0.0000
112.9667,21.1687,-0.9533,0.0000,-289.1270,490.7166,7.5744,0.0000,0.0000
112.9833,21.0948,-1.0267,0.0000,-288.6356,490.7058,3.7872,0.0000,0.0000
113.0000,21.0194,-1.1000,0.0000,-288.1858,490.6593,0.0000,0.0000,0.0000
113.0167,20.9467,-1.1000,0.0000,-289.8983,489.0456,0.0000,0.0000,0.0000
113.0333,20.8750,-1.1000,0.0000,-291.2324,487.4557,0.0000,0.0000,0.0000
113.0500,20.8043,-1.1000,0.0000,-292.2335,485.8866,0.0000,0.0000,0.0000
113.0667,20.7343,-1.1000,0.0000,-292.9449,484.3360,0.0000,0.0000,0.0000
113.0833,20.6652,-1.1000,0.0000,-293.4061,482.8015,0.0000,0.0000,0.0000
113.1000,20.5966,-1.1000,0.0000,-293.6521,481.2814,0.0000,0.0000,0.0000
113.1167,20.5287,-1.1000,0.0000,-293.7138,479.7740,0.0000,0.0000,0.0000
113.1333,20.4612,-1.1000,0.0000,-293.6178,478.2780,0.0000,0.0000,0.0000
113.1500,20.3943,-1.1000,0.0000,-293.3870,476.7922,0.0000,0.0000,0.0000
113.1667,20.3277,-1.1000,0.0000,-293.0413,475.3155,0.0000,0.0000,0.0000
113.1833,20.2615,-1.1000,0.0000,-292.5975,473.8472,0.0000,0.0000,0.0000
113.2000,20.1956,-1.1000,0.0000,-292.0701,472.3864,0.0000,0.0000,0.0000
113.2167,20.1301,-1.1000,0.0000,-291.4716,470.9326,0.0000,0.0000,0.0000
113.2333,20.0649,-1.1000,0.0000,-290.8126,469.4852,0.0000,0.0000,0.0000
113.2500,19.9999,-1.1000,12.8486,-290.1022,468.0437,0.0000,0.0000,0.0000
113.2667,19.9847,-1.1000,1527.4846,-268.8424,467.7077,0.0000,0.0000,0.0000
113.2833,19.9793,-1.1000,2066.1444,-244.2179,467.5882,0.0000,0.0000,0.0000
113.3000,19.9762,-1.1000,2381.4759,-219.3443,467.5183,0.0000,0.0000,0.0000
113.3167,19.9736,-1.1000,2642.2676,-194.8602,467.4604,0.0000,0.0000,0.0000
113.3333,19.9711,-1.1000,2886.6789,-170.8692,467.4062,0.0000,0.0000,0.0000
113.3500,19.9688,-1.1000,3123.5611,-147.3657,467.3537,0.0000,0.0000,0.0000
113.3667,19.9664,-1.1000,3355.1396,-124.3262,467.3023,0.0000,0.0000,0.0000
113.3833,19.9642,-1.1000,3582.1086,-101.7272,467.2519,0.0000,0.0000,0.0000
113.4000,19.9620,-1.1000,3804.7856,-79.5484,467.2025,0.0000,0.0000,0.0000
113.4167,19.9598,-1.1000,4023.3797,-57.7720,467.1541,0.0000,0.0000,0.0000
113.4333,19.9576,-1.1000,4238.0572,-36.3829,467.1064,0.0000,0.0000,0.0000
113.4500,19.9555,-1.1000,4448.9612,-15.3673,467.0596,0.0000,0.0000,0.0000
113.4667,19.9534,-1.1000,4656.2185,5.2869,467.0137,0.0000,0.0000,0.0000
113.4833,19.9514,-1.1000,4859.9434,25.5907,466.9685,0.0000,0.0000,0.0000
113.5000,19.9494,-1.1000,5060.2403,45.5543,466.9241,0.0000,0.0000,0.0000
113.5167,19.9474,-1.1000,5257.2051,65.1871,466.8804,0.0000,0.0000,0.0000
113.5333,19.9455,-1.1000,5450.9272,84.4978,466.8374,0.0000,0.0000,0.0000
113.5500,19.9436,-1.1000,5641.4901,103.4946,466.7951,0.0000,0.0000,0.0000
113.5667,19.9417,-1.1000,5828.9722,122.1851,466.7535,0.0000,0.0000,0.0000
113.5833,19.9399,-1.1000,6013.4478,140.5767,466.7126,0.0000,0.0000,0.0000
113.6000,19.9381,-1.1000,6194.9874,158.6763,466.6723,0.0000,0.0000,0.0000
113.6167,19.9363,-1.1000,6373.6585,176.4906,466.6327,0.0000,0.0000,0.0000
113.6333,19.9345,-1.1000,6549.5254,194.0260,466.5937,0.0000,0.0000,0.0000
113.6500,19.9328,-1.1000,6722.6501,211.2885,466.5553,0.0000,0.0000,0.0000
113.6667,19.9311,-1.1000,6893.0922,228.2840,466.5175,0.0000,0.0000,0.0000
113.6833,19.9294,-1.1000,7060.9091,245.0184,466.4803,0.0000,0.0000,0.0000
113.7000,19.9277,-1.1000,7226.1567,261.4970,466.4436,0.0000,0.0000,0.0000
113.7167,19.9261,-1.1000,7388.8886,277.7252,466.4075,0.0000,0.0000,0.0000
113.7333,19.9245,-1.1000,7549.1572,293.7083,466.3720,0.0000,0.0000,0.0000
113.7500,19.9229,-1.1000,7707.0134,309.4512,466.3369,0.0000,0.0000,0.0000
113.7667,19.9214,-1.1000,7862.5063,324.9589,466.3024,0.0000,0.0000,0.0000
113.7833,19.9198,-1.1000,8015.6841,340.2360,466.2685,0.0000,0.0000,0.0000
113.8000,19.9183,-1.1000,8166.5934,355.2874,466.2350,0.0000,0.0000,0.0000
113.8167,19.9168,-1.1000,8315.2799,370.1174,466.2020,0.0000,0.0000,0.0000
113.8333,19.9154,-1.1000,8461.7879,384.7305,466.1695,0.0000,0.0000,0.0000
113.8500,19.9139,-1.1000,8606.1607,399.1310,466.1375,0.0000,0.0000,0.0000
113.8667,19.9125,-1.1000,8748.4406,413.3231,466.1059,0.0000,0.0000,0.0000
113.8833,19.9111,-1.1000,8888.6686,427.3110,466.0748,0.0000,0.0000,0.0000
113.9000,19.9097,-1.1000,9026.8851,441.0985,466.0442,0.0000,0.0000,0.0000
113.9167,19.9084,-1.1000,9163.1292,454.6896,466.0139,0.0000,0.0000,0.0000
113.9333,19.9070,-1.1000,9297.4392,468.0880,465.9841,0.0000,0.0000,0.0000
113.9500,19.9057,-1.1000,9429.8525,481.2977,465.9548,0.0000,0.0000,0.0000
113.9667,19.9044,-1.1000,9560.4056,494.3220,465.9258,0.0000,0.0000,0.0000
113.9833,19.9031,-1.1000,9689.1342,507.1646,465.8973,0.0000,0.0000,0.0000
114.0000,19.9018,-1.1000,9816.0763,519.8295,465.8691,0.0000,0.0000,0.0000
114.0167,19.9006,-1.1000,9941.2708,532.3204,465.8413,0.0000,0.0000,0.0000
114.0333,19.8994,-1.1000,10064.7546,544.6411,465.8139,0.0000,0.0000,0.0000
114.0500,19.8981,-1.1000,10186.5605,556.7946,465.7869,0.0000,0.0000,0.0000
114.0667,19.8969,-1.1000,10306.7180,568.7839,465.7603,0.0000,0.0000,0.0000
114.0833,19.8957,-1.1000,10425.2540,580.6116,465.7340,0.0000,0.0000,0.0000
114.1000,19.8946,-1.1000,10542.1939,592.2801,465.7080,0.0000,0.0000,0.0000
114.1167,19.8934,-1.1000,10657.5626,603.7919,465.6824,0.0000,0.0000,0.0000
114.1333,19.8923,-1.1000,10771.3847,615.1496,465.6572,0.0000,0.0000,0.0000
114.1500,19.8912,-1.1000,10883.6850,626.3555,465.6323,0.0000,0.0000,0.0000
114.1667,19.8901,-1.1000,10994.4879,637.4121,465.6077,0.0000,0.0000,0.0000
114.1833,19.8890,-1.1000,11103.8180,648.3220,465.5834,0.0000,0.0000,0.0000
114.2000,19.8879,-1.1000,11211.6998,659.0874,465.5595,0.0000,0.0000,0.0000
114.2167,19.8868,-1.1000,11318.1574,669.7109,465.5359,0.0000,0.0000,0.0000
114.2333,19.8858,-1.1000,11423.2147,680.1948,465.5126,0.0000,0.0000,0.0000
114.2500,19.8847,-1.1000,11526.8954,690.5416,465.4896,0.0000,0.0000,0.0000
114.2667,19.8837,-1.1000,11629.2227,700.7534,465.4669,0.0000,0.0000,0.0000
114.2833,19.8827,-1.1000,11730.2193,710.8326,465.4445,0.0000,0.0000,0.0000
114.3000,19.8817,-1.1000,11829.9078,720.7814,465.4224,0.0000,0.0000,0.0000
114.3167,19.8807,-1.1000,11928.3103,730.6021,465.4006,0.0000,0.0000,0.0000
114.3333,19.8797,-1.1000,12025.4483,740.2967,465.3790,0.0000,0.0000,0.0000
114.3500,19.8788,-1.1000,12121.3431,749.8674,465.3577,0.0000,0.0000,0.0000
114.3667,19.8778,-1.1000,12216.0155,759.3163,465.3367,0.0000,0.0000,0.0000
114.3833,19.8769,-1.1000,12309.4861,768.6453,465.3160,0.0000,0.0000,0.0000
114.4000,19.8760,-1.1000,12401.7748,777.8566,465.2955,0.0000,0.0000,0.0000
114.4167,19.8751,-1.1000,12492.9012,786.9520,465.2753,0.0000,0.0000,0.0000
114.4333,19.8742,-1.1000,12582.8848,795.9335,465.2554,0.0000,0.0000,0.0000
114.4500,19.8733,-1.1000,12671.7443,804.8030,465.2356,0.0000,0.0000,0.0000
114.4667,19.8724,-1.1000,12759.4983,813.5622,465.2162,0.0000,0.0000,0.0000
114.4833,19.8715,-1.1000,12846.1650,822.2131,465.1970,0.0000,0.0000,0.0000
114.5000,19.8707,-1.1000,12931.7620,830.7573,465.1780,0.0000,0.0000,0.0000
114.5167,19.8698,-1.1000,13016.3070,839.1967,465.1592,0.0000,0.0000,0.0000
114.5333,19.8690,-1.1000,13099.8170,847.5329,465.1407,0.0000,0.0000,0.0000
114.5500,19.8682,-1.1000,13182.3087,855.7675,465.1224,0.0000,0.0000,0.0000
114.5667,19.8674,-1.1000,13263.7985,863.9023,465.1043,0.0000,0.0000,0.0000
114.5833,19.8666,-1.1000,13344.3026,871.9388,465.0865,0.0000,0.0000,0.0000
114.6000,19.8658,-1.1000,13423.8367,879.8786,465.0688,0.0000,0.0000,0.0000
114.6167,19.8650,-1.1000,13502.4163,887.7233,465.0514,0.0000,0.0000,0.0000
114.6333,19.8642,-1.1000,13580.0565,895.4742,465.0342,0.0000,0.0000,0.0000
114.6500,19.8634,-1.1000,13656.7721,903.1330,465.0171,0.0000,0.0000,0.0000
114.6667,19.8627,-1.1000,13732.5777,910.7011,465.0003,0.0000,0.0000,0.0000
114.6833,19.8619,-1.1000,13807.4876,918.1798,464.9837,0.0000,0.0000,0.0000
114.7000,19.8612,-1.1000,13881.5156,925.5706,464.9673,0.0000,0.0000,0.0000
114.7167,19.8605,-1.1000,13954.6755,932.8749,464.9511,0.0000,0.0000,0.0000
114.7333,19.8597,-1.1000,14026.9808,940.0939,464.9350,0.0000,0.0000,0.0000
114.7500,19.8590,-1.1000,14098.4445,947.2290,464.9192,0.0000,0.0000,0.0000
114.7667,19.8583,-1.1000,14169.0795,954.2815,464.9035,0.0000,0.0000,0.0000
114.7833,19.8576,-1.1000,14238.8984,961.2526,464.8880,0.0000,0.0000,0.0000
114.8000,19.8569,-1.1000,14307.9137,968.1435,464.8727,0.0000,0.0000,0.0000
114.8167,19.8562,-1.1000,14376.1375,974.9555,464.8576,0.0000,0.0000,0.0000
114.8333,19.8556,-1.1000,14443.5816,981.6898,464.8426,0.0000,0.0000,0.0000
114.8500,19.8549,-1.1000,14510.2577,988.3474,464.8278,0.0000,0.0000,0.0000
114.8667,19.8542,-1.1000,14576.1773,994.9296,464.8132,0.0000,0.0000,0.0000
114.8833,19.8536,-1.1000,14641.3515,1001.4375,464.7987,0.0000,0.0000,0.0000
114.9000,19.8529,-1.1000,14705.7913,1007.8721,464.7844,0.0000,0.0000,0.0000
114.9167,19.8523,-1.1000,14769.5076,1014.2346,464.7703,0.0000,0.0000,0.0000
114.9333,19.8517,-1.1000,14825.5137,1020.1457,464.7579,0.0000,0.0000,0.0000
114.9500,19.8512,-1.1000,14883.1361,1025.9821,464.7451,0.0000,0.0000,0.0000
114.9667,19.8506,-1.1000,14940.7441,1031.7534,464.7323,0.0000,0.0000,0.0000
114.9833,19.8500,-1.1000,14997.9047,1037.4630,464.7196,0.0000,0.0000,0.0000
115.0000,19.8495,-1.1000,15054.5089,1043.1125,464.7071,0.0000,0.0000,0.0000
115.0167,19.8487,-1.1367,15125.3856,1049.9589,465.5047,0.0000,0.0000,0.0000
115.0333,19.8480,-1.1733,15199.7412,1056.7321,466.3016,0.0000,0.0000,0.0000
115.0500,19.8473,-1.2100,15274.6495,1063.4463,467.0983,0.0000,0.0000,0.0000
115.0667,19.8465,-1.2467,15349.3241,1070.1064,467.8951,0.0000,0.0000,0.0000
115.0833,19.8458,-1.2833,15423.5613,1076.7147,468.6920,0.0000,0.0000,0.0000
115.1000,19.8450,-1.3200,15497.3173,1083.2732,469.4890,0.0000,0.0000,0.0000
115.1167,19.8443,-1.3567,15570.5926,1089.7835,470.2861,0.0000,0.0000,0.0000
115.1333,19.8436,-1.3933,15643.3998,1096.2474,471.0833,0.0000,0.0000,0.0000
115.1500,19.8428,-1.4300,15715.7549,1102.6667,471.8806,0.0000,0.0000,0.0000
115.1667,19.8421,-1.4667,15787.6748,1109.0431,472.6780,0.0000,0.0000,0.0000
115.1833,19.8414,-1.5033,15859.1763,1115.3783,473.4755,0.0000,0.0000,0.0000
115.2000,19.8407,-1.5400,15930.2756,1121.6739,474.2730,0.0000,0.0000,0.0000
115.2167,19.8400,-1.5767,16000.9885,1127.9313,475.0707,0.0000,0.0000,0.0000
115.2333,19.8393,-1.6133,16071.3299,1134.1522,475.8685,0.0000,0.0000,0.0000
115.2500,19.8386,-1.6500,16141.3140,1140.3378,476.6663,0.0000,0.0000,0.0000
115.2667,19.8379,-1.6867,16210.9545,1146.4896,477.4642,0.0000,0.0000,0.0000
115.2833,19.8372,-1.7233,16280.2641,1152.6088,478.2622,0.0000,0.0000,0.0000
115.3000,19.8365,-1.7600,16349.2549,1158.6965,479.0602,0.0000,0.0000,0.0000
115.3167,19.8358,-1.7967,16417.9382,1164.7538,479.8583,0.0000,0.0000,0.0000
115.3333,19.8351,-1.8333,16486.3246,1170.7819,480.6565,0.0000,0.0000,0.0000
115.3500,19.8345,-1.8700,16554.4243,1176.7816,481.4547,0.0000,0.0000,0.0000
115.3667,19.8338,-1.9067,16622.2465,1182.7539,482.2531,0.0000,0.0000,0.0000
115.3833,19.8331,-1.9433,16689.8002,1188.6997,483.0514,0.0000,0.0000,0.0000
115.4000,19.8324,-1.9800,16757.0936,1194.6197,483.8498,0.0000,0.0000,0.0000
115.4167,19.8318,-2.0167,16824.1344,1200.5147,484.6483,0.0000,0.0000,0.0000
115.4333,19.8311,-2.0533,16890.9299,1206.3855,485.4469,0.0000,0.0000,0.0000
115.4500,19.8304,-2.0900,16957.4868,1212.2326,486.2454,0.0000,0.0000,0.0000
115.4667,19.8298,-2.1267,17023.8113,1218.0567,487.0441,0.0000,0.0000,0.0000
115.4833,19.8291,-2.1633,17089.9095,1223.8584,487.8428,0.0000,0.0000,0.0000
115.5000,19.8284,-2.2000,17155.7867,1229.6381,488.6415,0.0000,0.0000,0.0000
115.5167,19.8278,-2.2367,17221.4482,1235.3965,489.4403,0.0000,0.0000,0.0000
115.5333,19.8271,-2.2733,17286.8986,1241.1338,490.2391,0.0000,0.0000,0.0000
115.5500,19.8265,-2.3100,17352.1425,1246.8507,491.0380,0.0000,0.0000,0.0000
115.5667,19.8258,-2.3467,17417.1840,1252.5475,491.8369,0.0000,0.0000,0.0000
115.5833,19.8252,-2.3833,17482.0269,1258.2245,492.6359,0.0000,0.0000,0.0000
115.6000,19.8245,-2.4200,17546.6750,1263.8821,493.4349,0.0000,0.0000,0.0000
115.6167,19.8239,-2.4567,17611.1314,1269.5207,494.2340,0.0000,0.0000,0.0000
115.6333,19.8232,-2.4933,17675.3993,1275.1405,495.0331,0.0000,0.0000,0.0000
115.6500,19.8226,-2.5300,17739.4817,1280.7418,495.8322,0.0000,0.0000,0.0000
115.6667,19.8220,-2.5667,17803.3812,1286.3250,496.6314,0.0000,0.0000,0.0000
115.6833,19.8213,-2.6033,17867.1004,1291.8901,497.4306,0.0000,0.0000,0.0000
115.7000,19.8207,-2.6400,17930.6416,1297.4375,498.2298,0.0000,0.0000,0.0000
115.7167,19.8201,-2.6767,17994.0070,1302.9674,499.0291,0.0000,0.0000,0.0000
115.7333,19.8194,-2.7133,18057.1985,1308.4800,499.8285,0.0000,0.0000,0.0000
115.7500,19.8188,-2.7500,18120.2182,1313.9754,500.6278,0.0000,0.0000,0.0000
115.7667,19.8182,-2.7867,18183.0678,1319.4538,501.4273,0.0000,0.0000,0.0000
115.7833,19.8175,-2.8233,18245.7488,1324.9154,502.2267,0.0000,0.0000,0.0000
115.8000,19.8169,-2.8600,18308.2629,1330.3603,503.0262,0.0000,0.0000,0.0000
115.8167,19.8163,-2.8967,18370.6116,1335.7888,503.8257,0.0000,0.0000,0.0000
115.8333,19.8157,-2.9333,18432.7960,1341.2008,504.6253,0.0000,0.0000,0.0000
115.8500,19.8151,-2.9700,18494.8175,1346.5965,505.4249,0.0000,0.0000,0.0000
115.8667,19.8144,-3.0067,18556.6773,1351.9761,506.2245,0.0000,0.0000,0.0000
115.8833,19.8138,-3.0433,18618.3765,1357.3396,507.0241,0.0000,0.0000,0.0000
115.9000,19.8132,-3.0800,18679.9161,1362.6872,507.8238,0.0000,0.0000,0.0000
115.9167,19.8126,-3.1167,18741.2971,1368.0189,508.6236,0.0000,0.0000,0.0000
115.9333,19.8120,-3.1533,18802.5204,1373.3349,509.4234,0.0000,0.0000,0.0000
115.9500,19.8114,-3.1900,18863.5869,1378.6352,510.2232,0.0000,0.0000,0.0000
115.9667,19.8108,-3.2267,18924.4974,1383.9199,511.0230,0.0000,0.0000,0.0000
115.9833,19.8101,-3.2633,18985.2527,1389.1890,511.8229,0.0000,0.0000,0.0000
116.0000,19.8095,-3.3000,19052.1380,1394.6968,512.6214,0.0000,0.0000,0.0000
116.0167,19.8091,-3.2817,19092.2981,1398.3245,512.2058,0.0000,0.0000,0.0000
116.0333,19.8087,-3.2633,19126.3618,1401.9615,511.7916,0.0000,0.0000,0.0000
116.0500,19.8084,-3.2450,19158.9351,1405.5875,511.3777,0.0000,0.0000,0.0000
116.0667,19.8081,-3.2267,19191.0409,1409.1975,510.9639,0.0000,0.0000,0.0000
116.0833,19.8078,-3.2083,19222.8964,1412.7888,510.5501,0.0000,0.0000,0.0000
116.1000,19.8075,-3.1900,19254.5345,1416.3593,510.1364,0.0000,0.0000,0.0000
116.1167,19.8071,-3.1717,19285.9448,1419.9067,509.7228,0.0000,0.0000,0.0000
116.1333,19.8068,-3.1533,19317.1063,1423.4284,509.3092,0.0000,0.0000,0.0000
116.1500,19.8065,-3.1350,19347.9958,1426.9221,508.8957,0.0000,0.0000,0.0000
116.1667,19.8063,-3.1167,19374.6984,1430.1362,508.4831,0.0000,0.0000,0.0000
116.1833,19.8060,-3.0983,19402.0976,1433.3153,508.0703,0.0000,0.0000,0.0000
116.2000,19.8057,-3.0800,19429.4584,1436.4618,507.6576,0.0000,0.0000,0.0000
116.2167,19.8054,-3.0617,19456.5731,1439.5754,507.2449,0.0000,0.0000,0.0000
116.2333,19.8052,-3.0433,19483.3762,1442.6552,506.8323,0.0000,0.0000,0.0000
116.2500,19.8049,-3.0250,19509.8415,1445.7002,506.4197,0.0000,0.0000,0.0000
116.2667,19.8046,-3.0067,19535.9536,1448.7090,506.0073,0.0000,0.0000,0.0000
116.2833,19.8044,-2.9883,19561.7008,1451.6809,505.5949,0.0000,0.0000,0.0000
116.3000,19.8041,-2.9700,19587.0730,1454.6147,505.1826,0.0000,0.0000,0.0000
116.3167,19.8039,-2.9517,19612.0613,1457.5097,504.7703,0.0000,0.0000,0.0000
116.3333,19.8036,-2.9333,19636.6576,1460.3650,504.3582,0.0000,0.0000,0.0000
116.3500,19.8034,-2.9150,19660.8550,1463.1801,503.9462,0.0000,0.0000,0.0000
116.3667,19.8032,-2.8967,19684.6471,1465.9543,503.5342,0.0000,0.0000,0.0000
116.3833,19.8029,-2.8783,19708.0286,1468.6871,503.1224,0.0000,0.0000,0.0000
116.4000,19.8027,-2.8600,19730.9949,1471.3781,502.7106,0.0000,0.0000,0.0000
116.4167,19.8025,-2.8417,19753.5422,1474.0270,502.2989,0.0000,0.0000,0.0000
116.4333,19.8022,-2.8233,19775.6674,1476.6334,501.8873,0.0000,0.0000,0.0000
116.4500,19.8020,-2.8050,19797.3679,1479.1972,501.4758,0.0000,0.0000,0.0000
116.4667,19.8018,-2.7867,19818.6419,1481.7182,501.0644,0.0000,0.0000,0.0000
116.4833,19.8016,-2.7683,19839.4882,1484.1962,500.6531,0.0000,0.0000,0.0000
116.5000,19.8014,-2.7500,19859.9059,1486.6312,500.2419,0.0000,0.0000,0.0000
116.5167,19.8012,-2.7317,19879.8949,1489.0233,499.8308,0.0000,0.0000,0.0000
116.5333,19.8010,-2.7133,19899.4554,1491.3724,499.4198,0.0000,0.0000,0.0000
116.5500,19.8008,-2.6950,19918.5880,1493.6787,499.0089,0.0000,0.0000,0.0000
116.5667,19.8006,-2.6767,19937.2939,1495.9423,498.5981,0.0000,0.0000,0.0000
116.5833,19.8004,-2.6583,19955.5743,1498.1632,498.1873,0.0000,0.0000,0.0000
116.6000,19.8003,-2.6400,19973.4312,1500.3418,497.7767,0.0000,0.0000,0.0000
116.6167,19.8001,-2.6217,19990.8665,1502.4783,497.3662,0.0000,0.0000,0.0000
116.6333,19.7999,-2.6033,20007.8828,1504.5728,496.9557,0.0000,0.0000,0.0000
116.6500,19.7998,-2.5850,20024.4825,1506.6257,496.5454,0.0000,0.0000,0.0000
116.6667,19.7996,-2.5667,20040.6685,1508.6373,496.1351,0.0000,0.0000,0.0000
116.6833,19.7994,-2.5483,20056.4441,1510.6078,495.7249,0.0000,0.0000,0.0000
116.7000,19.7993,-2.5300,20071.8123,1512.5377,495.3148,0.0000,0.0000,0.0000
116.7167,19.7991,-2.5117,20086.7768,1514.4273,494.9048,0.0000,0.0000,0.0000
116.7333,19.7990,-2.4933,20101.3411,1516.2768,494.4949,0.0000,0.0000,0.0000
116.7500,19.7988,-2.4750,20115.5090,1518.0869,494.0851,0.0000,0.0000,0.0000
116.7667,19.7987,-2.4567,20129.2843,1519.8577,493.6754,0.0000,0.0000,0.0000
116.7833,19.7986,-2.4383,20142.6712,1521.5898,493.2657,0.0000,0.0000,0.0000
116.8000,19.7984,-2.4200,20155.6737,1523.2835,492.8562,0.0000,0.0000,0.0000
116.8167,19.7983,-2.4017,20168.2959,1524.9393,492.4467,0.0000,0.0000,0.0000
116.8333,19.7982,-2.3833,20180.5422,1526.5576,492.0373,0.0000,0.0000,0.0000
116.8500,19.7981,-2.3650,20192.4169,1528.1388,491.6280,0.0000,0.0000,0.0000
116.8667,19.7980,-2.3467,20203.9244,1529.6835,491.2188,0.0000,0.0000,0.0000
116.8833,19.7978,-2.3283,20215.0690,1531.1919,490.8096,0.0000,0.0000,0.0000
116.9000,19.7977,-2.3100,20225.8553,1532.6646,490.4006,0.0000,0.0000,0.0000
116.9167,19.7976,-2.2917,20236.2877,1534.1020,489.9916,0.0000,0.0000,0.0000
116.9333,19.7975,-2.2733,20246.3707,1535.5046,489.5827,0.0000,0.0000,0.0000
116.9500,19.7974,-2.2550,20256.1088,1536.8728,489.1738,0.0000,0.0000,0.0000
116.9667,19.7973,-2.2367,20265.5066,1538.2071,488.7651,0.0000,0.0000,0.0000
116.9833,19.7973,-2.2183,20274.5686,1539.5080,488.3564,0.0000,0.0000,0.0000
117.0000,19.7972,-2.2000,20283.2992,1540.7758,487.9478,0.0000,0.0000,0.0000
117.0167,19.7970,-2.2100,20303.1942,1542.9835,488.1652,0.0000,0.0000,0.0000
117.0333,19.7967,-2.2200,20325.9101,1545.1478,488.3820,0.0000,0.0000,0.0000
117.0500,19.7965,-2.2300,20349.1803,1547.2790,488.5986,0.0000,0.0000,0.0000
117.0667,19.7963,-2.2400,20372.3936,1549.3806,488.8153,0.0000,0.0000,0.0000
117.0833,19.7960,-2.2500,20395.3913,1551.4545,489.0320,0.0000,0.0000,0.0000
117.1000,19.7958,-2.2600,20418.1388,1553.5020,489.2488,0.0000,0.0000,0.0000
117.1167,19.7956,-2.2700,20440.6362,1555.5244,489.4656,0.0000,0.0000,0.0000
117.1333,19.7954,-2.2800,20462.8932,1557.5232,489.6825,0.0000,0.0000,0.0000
117.1500,19.7952,-2.2900,20484.9226,1559.4997,489.8994,0.0000,0.0000,0.0000
117.1667,19.7949,-2.3000,20506.7378,1561.4552,490.1164,0.0000,0.0000,0.0000
117.1833,19.7947,-2.3100,20528.3521,1563.3912,490.3335,0.0000,0.0000,0.0000
117.2000,19.7945,-2.3200,20549.7786,1565.3090,490.5505,0.0000,0.0000,0.0000
117.2167,19.7943,-2.3300,20571.0299,1567.2097,490.7676,0.0000,0.0000,0.0000
117.2333,19.7941,-2.3400,20592.1182,1569.0946,490.9848,0.0000,0.0000,0.0000
117.2500,19.7939,-2.3500,20613.0549,1570.9647,491.2020,0.0000,0.0000,0.0000
117.2667,19.7937,-2.3600,20633.8511,1572.8212,491.4192,0.0000,0.0000,0.0000
117.2833,19.7935,-2.3700,20654.5169,1574.6651,491.6364,0.0000,0.0000,0.0000
117.3000,19.7932,-2.3800,20675.0623,1576.4974,491.8537,0.0000,0.0000,0.0000
117.3167,19.7930,-2.3900,20695.4963,1578.3188,492.0710,0.0000,0.0000,0.0000
117.3333,19.7928,-2.4000,20715.8275,1580.1303,492.2883,0.0000,0.0000,0.0000
117.3500,19.7926,-2.4100,20738.2390,1582.0270,492.5051,0.0000,0.0000,0.0000
117.3667,19.7924,-2.4200,20759.6368,1583.9191,492.7222,0.0000,0.0000,0.0000
117.3833,19.7922,-2.4300,20778.6671,1585.7112,492.9398,0.0000,0.0000,0.0000
117.4000,19.7920,-2.4400,20798.4004,1587.4945,493.1572,0.0000,0.0000,0.0000
117.4167,19.7918,-2.4500,20818.2907,1589.2721,493.3747,0.0000,0.0000,0.0000
117.4333,19.7916,-2.4600,20838.1947,1591.0455,493.5921,0.0000,0.0000,0.0000
117.4500,19.7914,-2.4700,20858.0780,1592.8155,493.8095,0.0000,0.0000,0.0000
117.4667,19.7912,-2.4800,20877.9346,1594.5826,494.0269,0.0000,0.0000,0.0000
117.4833,19.7910,-2.4900,20897.7651,1596.3471,494.2443,0.0000,0.0000,0.0000
117.5000,19.7908,-2.5000,20917.5716,1598.1094,494.4618,0.0000,0.0000,0.0000
117.5167,19.7906,-2.5100,20937.3561,1599.8694,494.6792,0.0000,0.0000,0.0000
117.5333,19.7904,-2.5200,20957.1199,1601.6275,494.8966,0.0000,0.0000,0.0000
117.5500,19.7902,-2.5300,20976.8642,1603.3837,495.1141,0.0000,0.0000,0.0000
117.5667,19.7900,-2.5400,20996.5897,1605.1380,495.3315,0.0000,0.0000,0.0000
117.5833,19.7898,-2.5500,21016.2973,1606.8906,495.5490,0.0000,0.0000,0.0000
117.6000,19.7896,-2.5600,21035.9872,1608.6413,495.7664,0.0000,0.0000,0.0000
117.6167,19.7894,-2.5700,21055.6598,1610.3904,495.9839,0.0000,0.0000,0.0000
117.6333,19.7892,-2.5800,21075.3155,1612.1378,496.2013,0.0000,0.0000,0.0000
117.6500,19.7891,-2.5900,21094.9543,1613.8835,496.4188,0.0000,0.0000,0.0000
117.6667,19.7889,-2.6000,21114.5766,1615.6276,496.6363,0.0000,0.0000,0.0000
117.6833,19.7887,-2.6100,21134.1823,1617.3700,496.8538,0.0000,0.0000,0.0000
117.7000,19.7885,-2.6200,21153.7715,1619.1107,497.0712,0.0000,0.0000,0.0000
117.7167,19.7883,-2.6300,21173.3443,1620.8498,497.2887,0.0000,0.0000,0.0000
117.7333,19.7881,-2.6400,21192.9007,1622.5873,497.5062,0.0000,0.0000,0.0000
117.7500,19.7879,-2.6500,21212.4406,1624.3231,497.7237,0.0000,0.0000,0.0000
117.7667,19.7877,-2.6600,21231.9639,1626.0573,497.9412,0.0000,0.0000,0.0000
117.7833,19.7875,-2.6700,21251.4706,1627.7897,498.1587,0.0000,0.0000,0.0000
117.8000,19.7873,-2.6800,21270.9607,1629.5205,498.3762,0.0000,0.0000,0.0000
117.8167,19.7871,-2.6900,21290.4338,1631.2496,498.5937,0.0000,0.0000,0.0000
117.8333,19.7869,-2.7000,21309.8900,1632.9770,498.8112,0.0000,0.0000,0.0000
117.8500,19.7867,-2.7100,21329.3289,1634.7027,499.0287,0.0000,0.0000,0.0000
117.8667,19.7865,-2.7200,21348.7505,1636.4266,499.2462,0.0000,0.0000,0.0000
117.8833,19.7863,-2.7300,21368.1546,1638.1488,499.4637,0.0000,0.0000,0.0000
117.9000,19.7861,-2.7400,21387.5408,1639.8691,499.6813,0.0000,0.0000,0.0000
117.9167,19.7859,-2.7500,21406.9090,1641.5876,499.8988,0.0000,0.0000,0.0000
117.9333,19.7857,-2.7600,21426.2589,1643.3043,500.1163,0.0000,0.0000,0.0000
117.9500,19.7855,-2.7700,21445.5903,1645.0192,500.3338,0.0000,0.0000,0.0000
117.9667,19.7854,-2.7800,21464.9029,1646.7321,500.5514,0.0000,0.0000,0.0000
117.9833,19.7852,-2.7900,21484.1964,1648.4431,500.7689,0.0000,0.0000,0.0000
118.0000,19.7850,-2.8000,21503.4705,1650.1522,500.9865,0.0000,0.0000,0.0000
118.0167,19.7849,-2.7900,21514.6070,1651.1718,500.7622,0.0000,0.0000,0.0000
118.0333,19.7848,-2.7800,21523.5008,1652.1972,500.5384,0.0000,0.0000,0.0000
118.0500,19.7847,-2.7700,21531.7559,1653.2213,500.3147,0.0000,0.0000,0.0000
118.0667,19.7846,-2.7600,21539.8062,1654.2418,500.0911,0.0000,0.0000,0.0000
118.0833,19.7845,-2.7500,21547.7648,1655.2575,499.8675,0.0000,0.0000,0.0000
118.1000,19.7844,-2.7400,21555.6569,1656.2676,499.6440,0.0000,0.0000,0.0000
118.1167,19.7844,-2.7300,21563.4826,1657.2709,499.4204,0.0000,0.0000,0.0000
118.1333,19.7843,-2.7200,21571.2352,1658.2667,499.1969,0.0000,0.0000,0.0000
118.1500,19.7842,-2.7100,21578.9060,1659.2538,498.9733,0.0000,0.0000,0.0000
118.1667,19.7841,-2.7000,21586.4855,1660.2314,498.7498,0.0000,0.0000,0.0000
118.1833,19.7841,-2.6900,21593.9647,1661.1986,498.5263,0.0000,0.0000,0.0000
118.2000,19.7840,-2.6800,21601.3347,1662.1545,498.3029,0.0000,0.0000,0.0000
118.2167,19.7839,-2.6700,21608.5873,1663.0983,498.0795,0.0000,0.0000,0.0000
118.2333,19.7838,-2.6600,21615.7146,1664.0292,497.8561,0.0000,0.0000,0.0000
118.2500,19.7838,-2.6500,21622.7094,1664.9465,497.6327,0.0000,0.0000,0.0000
118.2667,19.7837,-2.6400,21629.5650,1665.8495,497.4093,0.0000,0.0000,0.0000
118.2833,19.7836,-2.6300,21636.2754,1666.7378,497.1860,0.0000,0.0000,0.0000
118.3000,19.7836,-2.6200,21642.8351,1667.6107,496.9627,0.0000,0.0000,0.0000
118.3167,19.7835,-2.6100,21649.2391,1668.4679,496.7395,0.0000,0.0000,0.0000
118.3333,19.7834,-2.6000,21655.4830,1669.3088,496.5163,0.0000,0.0000,0.0000
118.3500,19.7834,-2.5900,21661.5628,1670.1330,496.2931,0.0000,0.0000,0.0000
118.3667,19.7833,-2.5800,21667.4749,1670.9404,496.0700,0.0000,0.0000,0.0000
118.3833,19.7833,-2.5700,21673.2164,1671.7305,495.8469,0.0000,0.0000,0.0000
118.4000,19.7832,-2.5600,21678.7845,1672.5031,495.6238,0.0000,0.0000,0.0000
118.4167,19.7832,-2.5500,21682.0575,1673.0077,495.4013,0.0000,0.0000,0.0000
118.4333,19.7831,-2.5400,21685.0192,1673.5018,495.1788,0.0000,0.0000,0.0000
118.4500,19.7831,-2.5300,21687.7817,1673.9851,494.9564,0.0000,0.0000,0.0000
118.4667,19.7831,-2.5200,21692.2738,1674.6985,494.7336,0.0000,0.0000,0.0000
118.4833,19.7830,-2.5100,21695.0270,1675.1560,494.5111,0.0000,0.0000,0.0000
118.5000,19.7830,-2.5000,21697.4951,1675.6028,494.2887,0.0000,0.0000,0.0000
118.5167,19.7830,-2.4900,21699.7747,1676.0386,494.0664,0.0000,0.0000,0.0000
118.5333,19.7830,-2.4800,21703.5819,1676.6907,493.8438,0.0000,0.0000,0.0000
118.5500,19.7829,-2.4700,21705.8933,1677.1000,493.6214,0.0000,0.0000,0.0000
118.5667,19.7829,-2.4600,21707.8976,1677.4985,493.3991,0.0000,0.0000,0.0000
118.5833,19.7829,-2.4500,21711.2298,1678.1028,493.1766,0.0000,0.0000,0.0000
118.6000,19.7829,-2.4400,21713.2104,1678.4746,492.9543,0.0000,0.0000,0.0000
118.6167,19.7829,-2.4300,21714.8606,1678.8358,492.7321,0.0000,0.0000,0.0000
118.6333,19.7828,-2.4200,21717.6702,1679.3919,492.5097,0.0000,0.0000,0.0000
118.6500,19.7828,-2.4100,21719.3086,1679.7262,492.2875,0.0000,0.0000,0.0000
118.6667,19.7828,-2.4000,21720.5990,1680.0499,492.0654,0.0000,0.0000,0.0000
118.6833,19.7828,-2.3900,21722.8822,1680.5579,491.8431,0.0000,0.0000,0.0000
118.7000,19.7828,-2.3800,21724.1780,1680.8546,491.6210,0.0000,0.0000,0.0000
118.7167,19.7827,-2.3700,21725.1090,1681.1409,491.3989,0.0000,0.0000,0.0000
118.7333,19.7827,-2.3600,21726.8678,1681.6009,491.1767,0.0000,0.0000,0.0000
118.7500,19.7827,-2.3500,21727.8229,1681.8604,490.9547,0.0000,0.0000,0.0000
118.7667,19.7827,-2.3400,21729.3748,1682.2869,490.7325,0.0000,0.0000,0.0000
118.7833,19.7827,-2.3300,21731.1394,1682.6933,490.5103,0.0000,0.0000,0.0000
118.8000,19.7827,-2.3200,21732.8292,1683.0811,490.2881,0.0000,0.0000,0.0000
118.8167,19.7827,-2.3100,21734.3663,1683.4505,490.0659,0.0000,0.0000,0.0000
118.8333,19.7826,-2.3000,21735.7306,1683.8018,489.8438,0.0000,0.0000,0.0000
118.8500,19.7826,-2.2900,21736.9176,1684.1352,489.6217,0.0000,0.0000,0.0000
118.8667,19.7826,-2.2800,21737.9275,1684.4508,489.3997,0.0000,0.0000,0.0000
118.8833,19.7826,-2.2700,21738.7620,1684.7489,489.1777,0.0000,0.0000,0.0000
118.9000,19.7826,-2.2600,21739.4229,1685.0297,488.9557,0.0000,0.0000,0.0000
118.9167,19.7826,-2.2500,21739.9125,1685.2934,488.7338,0.0000,0.0000,0.0000
118.9333,19.7826,-2.2400,21740.2331,1685.5403,488.5119,0.0000,0.0000,0.0000
118.9500,19.7826,-2.2300,21740.3870,1685.7706,488.2900,0.0000,0.0000,0.0000
118.9667,19.7826,-2.2200,21740.3765,1685.9845,488.0682,0.0000,0.0000,0.0000
118.9833,19.7826,-2.2100,21740.2040,1686.1822,487.8464,0.0000,0.0000,0.0000
119.0000,19.7826,-2.2000,21739.8716,1686.3641,487.6247,0.0000,0.0000,0.0000
119.0167,19.7825,-2.2183,21747.9620,1687.3959,488.0295,0.0000,0.0000,0.0000
119.0333,19.7824,-2.2367,21763.2867,1688.5090,488.4328,0.0000,0.0000,0.0000
119.0500,19.7822,-2.2550,21778.4048,1689.6090,488.8361,0.0000,0.0000,0.0000
119.0667,19.7821,-2.2733,21793.3746,1690.6965,489.2395,0.0000,0.0000,0.0000
119.0833,19.7819,-2.2917,21808.2178,1691.7722,489.6429,0.0000,0.0000,0.0000
119.1000,19.7818,-2.3100,21822.9474,1692.8370,490.0463,0.0000,0.0000,0.0000
119.1167,19.7816,-2.3283,21837.5745,1693.8920,490.4497,0.0000,0.0000,0.0000
119.1333,19.7815,-2.3467,21852.1102,1694.9383,490.8532,0.0000,0.0000,0.0000
119.1500,19.7813,-2.3650,21866.5657,1695.9770,491.2566,0.0000,0.0000,0.0000
119.1667,19.7812,-2.3833,21880.9524,1697.0093,491.6601,0.0000,0.0000,0.0000
119.1833,19.7810,-2.4017,21895.2814,1698.0363,492.0636,0.0000,0.0000,0.0000
119.2000,19.7809,-2.4200,21909.5634,1699.0591,492.4671,0.0000,0.0000,0.0000
119.2167,19.7808,-2.4383,21923.8089,1700.0786,492.8706,0.0000,0.0000,0.0000
119.2333,19.7806,-2.4567,21938.0276,1701.0958,493.2742,0.0000,0.0000,0.0000
119.2500,19.7805,-2.4750,21952.2291,1702.1117,493.6777,0.0000,0.0000,0.0000
119.2667,19.7803,-2.4933,21966.4219,1703.1271,494.0812,0.0000,0.0000,0.0000
119.2833,19.7802,-2.5117,21980.6144,1704.1428,494.4847,0.0000,0.0000,0.0000
119.3000,19.7801,-2.5300,21994.8143,1705.1596,494.8883,0.0000,0.0000,0.0000
119.3167,19.7799,-2.5483,22009.0287,1706.1781,495.2918,0.0000,0.0000,0.0000
119.3333,19.7798,-2.5667,22023.2641,1707.1990,495.6953,0.0000,0.0000,0.0000
119.3500,19.7796,-2.5850,22037.5268,1708.2229,496.0988,0.0000,0.0000,0.0000
119.3667,19.7795,-2.6033,22051.8223,1709.2504,496.5023,0.0000,0.0000,0.0000
119.3833,19.7793,-2.6217,22066.1557,1710.2818,496.9058,0.0000,0.0000,0.0000
119.4000,19.7792,-2.6400,22080.5318,1711.3177,497.3093,0.0000,0.0000,0.0000
119.4167,19.7791,-2.6583,22094.9549,1712.3585,497.7128,0.0000,0.0000,0.0000
119.4333,19.7789,-2.6767,22109.4289,1713.4046,498.1162,0.0000,0.0000,0.0000
119.4500,19.7788,-2.6950,22123.9573,1714.4562,498.5197,0.0000,0.0000,0.0000
119.4667,19.7786,-2.7133,22138.5433,1715.5138,498.9231,0.0000,0.0000,0.0000
119.4833,19.7785,-2.7317,22153.1897,1716.5775,499.3266,0.0000,0.0000,0.0000
119.5000,19.7783,-2.7500,22167.8990,1717.6477,499.7300,0.0000,0.0000,0.0000
119.5167,19.7782,-2.7683,22182.6735,1718.7245,500.1334,0.0000,0.0000,0.0000
119.5333,19.7780,-2.7867,22197.5151,1719.8081,500.5368,0.0000,0.0000,0.0000
119.5500,19.7779,-2.8050,22212.4255,1720.8986,500.9401,0.0000,0.0000,0.0000
119.5667,19.7777,-2.8233,22227.4061,1721.9963,501.3435,0.0000,0.0000,0.0000
119.5833,19.7776,-2.8417,22242.4582,1723.1011,501.7468,0.0000,0.0000,0.0000
119.6000,19.7774,-2.8600,22257.5827,1724.2133,502.1501,0.0000,0.0000,0.0000
119.6167,19.7773,-2.8783,22272.7806,1725.3328,502.5534,0.0000,0.0000,0.0000
119.6333,19.7771,-2.8967,22288.0523,1726.4598,502.9567,0.0000,0.0000,0.0000
119.6500,19.7770,-2.9150,22303.3984,1727.5942,503.3600,0.0000,0.0000,0.0000
119.6667,19.7768,-2.9333,22318.8190,1728.7362,503.7633,0.0000,0.0000,0.0000
119.6833,19.7767,-2.9517,22334.3145,1729.8856,504.1665,0.0000,0.0000,0.0000
119.7000,19.7765,-2.9700,22349.8847,1731.0425,504.5697,0.0000,0.0000,0.0000
119.7167,19.7763,-2.9883,22365.5296,1732.2069,504.9729,0.0000,0.0000,0.0000
119.7333,19.7762,-3.0067,22381.2488,1733.3788,505.3761,0.0000,0.0000,0.0000
119.7500,19.7760,-3.0250,22397.0421,1734.5580,505.7793,0.0000,0.0000,0.0000
119.7667,19.7759,-3.0433,22412.9090,1735.7447,506.1824,0.0000,0.0000,0.0000
119.7833,19.7757,-3.0617,22428.8490,1736.9386,506.5856,0.0000,0.0000,0.0000
119.8000,19.7756,-3.0800,22444.8613,1738.1397,506.9887,0.0000,0.0000,0.0000
119.8167,19.7754,-3.0983,22460.9454,1739.3480,507.3918,0.0000,0.0000,0.0000
119.8333,19.7752,-3.1167,22477.1004,1740.5634,507.7949,0.0000,0.0000,0.0000
119.8500,19.7751,-3.1350,22493.3254,1741.7857,508.1980,0.0000,0.0000,0.0000
119.8667,19.7749,-3.1533,22509.6197,1743.0150,508.6010,0.0000,0.0000,0.0000
119.8833,19.7747,-3.1717,22525.9822,1744.2510,509.0041,0.0000,0.0000,0.0000
119.9000,19.7746,-3.1900,22542.4120,1745.4938,509.4071,0.0000,0.0000,0.0000
119.9167,19.7744,-3.2083,22558.9079,1746.7431,509.8101,0.0000,0.0000,0.0000
119.9333,19.7742,-3.2267,22575.4689,1747.9990,510.2131,0.0000,0.0000,0.0000
119.9500,19.7741,-3.2450,22592.0940,1749.2612,510.6161,0.0000,0.0000,0.0000
119.9667,19.7739,-3.2633,22608.7819,1750.5296,511.0191,0.0000,0.0000,0.0000
119.9833,19.7737,-3.2817,22625.5314,1751.8042,511.4221,0.0000,0.0000,0.0000
120.0000,19.7736,-3.3000,22642.3415,1753.0848,511.8250,0.0000,0.0000,0.0000
120.0167,19.7735,-3.3000,22651.7588,1753.7396,511.8229,0.0000,0.0000,0.0000
120.0333,19.7734,-3.3000,22659.1921,1754.4072,511.8213,0.0000,0.0000,0.0000
120.0500,19.7734,-3.3000,22663.9890,1754.9301,511.8202,0.0000,0.0000,0.0000
120.0667,19.7733,-3.3000,22669.0264,1755.4544,511.8191,0.0000,0.0000,0.0000
120.0833,19.7733,-3.3000,22674.1814,1755.9805,511.8179,0.0000,0.0000,0.0000
120.1000,19.7732,-3.3000,22679.3998,1756.5085,511.8168,0.0000,0.0000,0.0000
120.1167,19.7732,-3.3000,22684.6571,1757.0384,511.8156,0.0000,0.0000,0.0000
120.1333,19.7731,-3.3000,22689.9417,1757.5701,511.8144,0.0000,0.0000,0.0000
120.1500,19.7730,-3.3000,22695.2476,1758.1035,511.8133,0.0000,0.0000,0.0000
120.1667,19.7730,-3.3000,22700.5712,1758.6383,511.8121,0.0000,0.0000,0.0000
120.1833,19.7729,-3.3000,22705.9099,1759.1745,511.8109,0.0000,0.0000,0.0000
120.2000,19.7729,-3.3000,22711.2615,1759.7118,511.8097,0.0000,0.0000,0.0000
120.2167,19.7728,-3.3000,22716.6242,1760.2501,511.8085,0.0000,0.0000,0.0000
120.2333,19.7728,-3.3000,22721.9961,1760.7892,511.8073,0.0000,0.0000,0.0000
120.2500,19.7727,-3.3000,22727.3754,1761.3289,511.8061,0.0000,0.0000,0.0000
120.2667,19.7727,-3.3000,22732.7605,1761.8690,511.8049,0.0000,0.0000,0.0000
120.2833,19.7726,-3.3000,22738.1496,1762.4094,511.8037,0.0000,0.0000,0.0000
120.3000,19.7726,-3.3000,22743.5411,1762.9500,511.8025,0.0000,0.0000,0.0000
120.3167,19.7725,-3.3000,22748.9335,1763.4905,511.8014,0.0000,0.0000,0.0000
120.3333,19.7725,-3.3000,22754.3253,1764.0308,511.8002,0.0000,0.0000,0.0000
120.3500,19.7724,-3.3000,22759.7151,1764.5709,511.7990,0.0000,0.0000,0.0000
120.3667,19.7723,-3.3000,22765.1013,1765.1104,511.7978,0.0000,0.0000,0.0000
120.3833,19.7723,-3.3000,22770.4829,1765.6494,511.7966,0.0000,0.0000,0.0000
120.4000,19.7722,-3.3000,22775.8583,1766.1877,511.7954,0.0000,0.0000,0.0000
120.4167,19.7722,-3.3000,22781.2265,1766.7252,511.7942,0.0000,0.0000,0.0000
120.4333,19.7721,-3.3000,22786.5862,1767.2618,511.7930,0.0000,0.0000,0.0000
120.4500,19.7721,-3.3000,22791.9364,1767.7973,511.7918,0.0000,0.0000,0.0000
120.4667,19.7720,-3.3000,22797.2760,1768.3316,511.7906,0.0000,0.0000,0.0000
120.4833,19.7720,-3.3000,22802.6040,1768.8647,511.7894,0.0000,0.0000,0.0000
120.5000,19.7719,-3.3000,22807.9194,1769.3965,511.7883,0.0000,0.0000,0.0000
120.5167,19.7719,-3.3000,22813.2213,1769.9269,511.7871,0.0000,0.0000,0.0000
120.5333,19.7718,-3.3000,22818.5088,1770.4558,511.7859,0.0000,0.0000,0.0000
120.5500,19.7718,-3.3000,22823.7812,1770.9831,511.7848,0.0000,0.0000,0.0000
120.5667,19.7717,-3.3000,22829.0377,1771.5087,511.7836,0.0000,0.0000,0.0000
120.5833,19.7717,-3.3000,22834.2774,1772.0326,511.7824,0.0000,0.0000,0.0000
120.6000,19.7716,-3.3000,22839.4998,1772.5547,511.7813,0.0000,0.0000,0.0000
120.6167,19.7716,-3.3000,22844.7042,1773.0750,511.7801,0.0000,0.0000,0.0000
120.6333,19.7715,-3.3000,22849.8899,1773.5934,511.7790,0.0000,0.0000,0.0000
120.6500,19.7714,-3.3000,22855.0565,1774.1097,511.7778,0.0000,0.0000,0.0000
120.6667,19.7714,-3.3000,22860.2032,1774.6241,511.7767,0.0000,0.0000,0.0000
120.6833,19.7713,-3.3000,22865.3297,1775.1364,511.7755,0.0000,0.0000,0.0000
120.7000,19.7713,-3.3000,22870.4355,1775.6466,511.7744,0.0000,0.0000,0.0000
120.7167,19.7712,-3.3000,22875.5201,1776.1546,511.7733,0.0000,0.0000,0.0000
120.7333,19.7712,-3.3000,22880.5830,1776.6604,511.7722,0.0000,0.0000,0.0000
120.7500,19.7711,-3.3000,22885.6240,1777.1640,511.7710,0.0000,0.0000,0.0000
120.7667,19.7711,-3.3000,22890.6426,1777.6653,511.7699,0.0000,0.0000,0.0000
120.7833,19.7710,-3.3000,22895.6385,1778.1644,511.7688,0.0000,0.0000,0.0000
120.8000,19.7710,-3.3000,22900.6115,1778.6611,511.7677,0.0000,0.0000,0.0000
120.8167,19.7709,-3.3000,22905.5611,1779.1554,511.7666,0.0000,0.0000,0.0000
120.8333,19.7709,-3.3000,22910.4872,1779.6474,511.7655,0.0000,0.0000,0.0000
120.8500,19.7708,-3.3000,22915.3895,1780.1369,511.7644,0.0000,0.0000,0.0000
120.8667,19.7708,-3.3000,22920.2678,1780.6241,511.7633,0.0000,0.0000,0.0000
120.8833,19.7707,-3.3000,22925.1219,1781.1088,511.7623,0.0000,0.0000,0.0000
120.9000,19.7707,-3.3000,22929.9516,1781.5910,511.7612,0.0000,0.0000,0.0000
120.9167,19.7707,-3.3000,22934.7567,1782.0708,511.7601,0.0000,0.0000,0.0000
120.9333,19.7706,-3.3000,22939.5372,1782.5480,511.7591,0.0000,0.0000,0.0000
120.9500,19.7706,-3.3000,22944.2929,1783.0228,511.7580,0.0000,0.0000,0.0000
120.9667,19.7705,-3.3000,22949.0236,1783.4951,511.7570,0.0000,0.0000,0.0000
120.9833,19.7705,-3.3000,22953.7293,1783.9649,511.7559,0.0000,0.0000,0.0000
121.0000,19.7704,-3.3000,22958.4099,1784.4321,511.7549,0.0000,0.0000,0.0000
121.0167,19.7706,-3.2450,22942.7057,1783.1346,510.5383,0.0000,0.0000,0.0000
121.0333,19.7708,-3.1900,22919.1814,1781.9009,509.3235,0.0000,0.0000,0.0000
121.0500,19.7711,-3.1350,22894.8792,1780.6617,508.1089,0.0000,0.0000,0.0000
121.0667,19.7713,-3.0800,22870.3318,1779.4140,506.8943,0.0000,0.0000,0.0000
121.0833,19.7715,-3.0250,22845.6491,1778.1560,505.6798,0.0000,0.0000,0.0000
121.1000,19.7718,-2.9700,22820.8444,1776.8861,504.4652,0.0000,0.0000,0.0000
121.1167,19.7720,-2.9150,22795.9083,1775.6027,503.2507,0.0000,0.0000,0.0000
121.1333,19.7723,-2.8600,22770.8260,1774.3042,502.0363,0.0000,0.0000,0.0000
121.1500,19.7725,-2.8050,22745.5810,1772.9889,500.8219,0.0000,0.0000,0.0000
121.1667,19.7728,-2.7500,22720.1570,1771.6551,499.6075,0.0000,0.0000,0.0000
121.1833,19.7731,-2.6950,22694.5379,1770.3013,498.3931,0.0000,0.0000,0.0000
121.2000,19.7733,-2.6400,22668.7084,1768.9258,497.1788,0.0000,0.0000,0.0000
121.2167,19.7736,-2.5850,22642.6542,1767.5274,495.9646,0.0000,0.0000,0.0000
121.2333,19.7738,-2.5300,22616.3616,1766.1046,494.7504,0.0000,0.0000,0.0000
121.2500,19.7741,-2.4750,22589.8183,1764.6564,493.5363,0.0000,0.0000,0.0000
121.2667,19.7744,-2.4200,22563.0125,1763.1814,492.3222,0.0000,0.0000,0.0000
121.2833,19.7746,-2.3650,22535.9338,1761.6788,491.1082,0.0000,0.0000,0.0000
121.3000,19.7749,-2.3100,22508.5726,1760.1475,489.8942,0.0000,0.0000,0.0000
121.3167,19.7752,-2.2550,22480.9202,1758.5867,488.6803,0.0000,0.0000,0.0000
121.3333,19.7755,-2.2000,22452.9688,1756.9958,487.4665,0.0000,0.0000,0.0000
121.3500,19.7758,-2.1450,22424.7114,1755.3739,486.2527,0.0000,0.0000,0.0000
121.3667,19.7760,-2.0900,22396.1420,1753.7206,485.0390,0.0000,0.0000,0.0000
121.3833,19.7763,-2.0350,22367.2551,1752.0353,483.8254,0.0000,0.0000,0.0000
121.4000,19.7766,-1.9800,22338.0461,1750.3176,482.6119,0.0000,0.0000,0.0000
121.4167,19.7769,-1.9250,22308.5111,1748.5671,481.3984,0.0000,0.0000,0.0000
121.4333,19.7772,-1.8700,22278.6466,1746.7834,480.1850,0.0000,0.0000,0.0000
121.4500,19.7775,-1.8150,22248.4502,1744.9664,478.9717,0.0000,0.0000,0.0000
121.4667,19.7778,-1.7600,22217.9194,1743.1158,477.7584,0.0000,0.0000,0.0000
121.4833,19.7781,-1.7050,22187.0529,1741.2315,476.5452,0.0000,0.0000,0.0000
121.5000,19.7784,-1.6500,22155.8493,1739.3134,475.3321,0.0000,0.0000,0.0000
121.5167,19.7788,-1.5950,22124.3081,1737.3614,474.1191,0.0000,0.0000,0.0000
121.5333,19.7791,-1.5400,22092.4291,1735.3756,472.9061,0.0000,0.0000,0.0000
121.5500,19.7794,-1.4850,22060.2125,1733.3559,471.6933,0.0000,0.0000,0.0000
121.5667,19.7797,-1.4300,22027.6587,1731.3025,470.4804,0.0000,0.0000,0.0000
121.5833,19.7801,-1.3750,21994.7686,1729.2154,469.2677,0.0000,0.0000,0.0000
121.6000,19.7804,-1.3200,21961.5436,1727.0947,468.0551,0.0000,0.0000,0.0000
121.6167,19.7807,-1.2650,21927.9850,1724.9407,466.8425,0.0000,0.0000,0.0000
121.6333,19.7811,-1.2100,21894.0947,1722.7535,465.6300,0.0000,0.0000,0.0000
121.6500,19.7814,-1.1550,21859.8747,1720.5333,464.4175,0.0000,0.0000,0.0000
121.6667,19.7817,-1.1000,21825.3272,1718.2804,463.2052,0.0000,0.0000,0.0000
121.6833,19.7821,-1.0450,21790.4548,1715.9949,461.9929,0.0000,0.0000,0.0000
121.7000,19.7824,-0.9900,21755.2601,1713.6773,460.7807,0.0000,0.0000,0.0000
121.7167,19.7828,-0.9350,21719.7458,1711.3277,459.5685,0.0000,0.0000,0.0000
121.7333,19.7832,-0.8800,21683.9151,1708.9465,458.3564,0.0000,0.0000,0.0000
121.7500,19.7835,-0.8250,21647.7710,1706.5340,457.1444,0.0000,0.0000,0.0000
121.7667,19.7839,-0.7700,21611.3168,1704.0906,455.9325,0.0000,0.0000,0.0000
121.7833,19.7843,-0.7150,21574.5558,1701.6164,454.7206,0.0000,0.0000,0.0000
121.8000,19.7846,-0.6600,21537.4914,1699.1120,453.5088,0.0000,0.0000,0.0000
121.8167,19.7850,-0.6050,21500.1273,1696.5777,452.2971,0.0000,0.0000,0.0000
121.8333,19.7854,-0.5500,21462.4670,1694.0138,451.0854,0.0000,0.0000,0.0000
121.8500,19.7858,-0.4950,21424.5141,1691.4207,449.8738,0.0000,0.0000,0.0000
121.8667,19.7861,-0.4400,21386.2724,1688.7988,448.6622,0.0000,0.0000,0.0000
121.8833,19.7865,-0.3850,21347.7457,1686.1484,447.4508,0.0000,0.0000,0.0000
121.9000,19.7869,-0.3300,21308.9377,1683.4699,446.2393,0.0000,0.0000,0.0000
121.9167,19.7873,-0.2750,21269.8523,1680.7638,445.0280,0.0000,0.0000,0.0000
121.9333,19.7877,-0.2200,21230.4933,1678.0304,443.8167,0.0000,0.0000,0.0000
121.9500,19.7881,-0.1650,21190.8645,1675.2701,442.6055,0.0000,0.0000,0.0000
121.9667,19.7885,-0.1100,21150.9697,1672.4832,441.3943,0.0000,0.0000,0.0000
121.9833,19.7889,-0.0550,21110.8130,1669.6702,440.1832,0.0000,0.0000,0.0000
122.0000,19.7893,0.0000,21070.3980,1666.8314,438.9721,0.0000,0.0000,0.0000
122.0167,19.7895,0.0183,21047.6952,1665.2858,438.5705,0.0000,0.0000,0.0000
122.0333,19.7897,0.0367,21027.1180,1663.7128,438.1684,0.0000,0.0000,0.0000
122.0500,19.7899,0.0550,21006.9848,1662.1185,437.7661,0.0000,0.0000,0.0000
122.0667,19.7901,0.0733,20986.8390,1660.5052,437.3639,0.0000,0.0000,0.0000
122.0833,19.7903,0.0917,20966.5613,1658.8739,436.9618,0.0000,0.0000,0.0000
122.1000,19.7905,0.1100,20946.1260,1657.2259,436.5596,0.0000,0.0000,0.0000
122.1167,19.7907,0.1283,20925.5337,1655.5622,436.1575,0.0000,0.0000,0.0000
122.1333,19.7910,0.1467,20904.7929,1653.8840,435.7554,0.0000,0.0000,0.0000
122.1500,19.7912,0.1650,20883.9140,1652.1924,435.3534,0.0000,0.0000,0.0000
122.1667,19.7914,0.1833,20862.9083,1650.4885,434.9514,0.0000,0.0000,0.0000
122.1833,19.7916,0.2017,20841.7866,1648.7735,434.5494,0.0000,0.0000,0.0000
122.2000,19.7918,0.2200,20820.5600,1647.0484,434.1474,0.0000,0.0000,0.0000
122.2167,19.7920,0.2383,20799.2388,1645.3143,433.7455,0.0000,0.0000,0.0000
122.2333,19.7922,0.2567,20777.8330,1643.5721,433.3435,0.0000,0.0000,0.0000
122.2500,19.7924,0.2750,20756.3521,1641.8228,432.9416,0.0000,0.0000,0.0000
122.2667,19.7927,0.2933,20734.8051,1640.0673,432.5397,0.0000,0.0000,0.0000
122.2833,19.7929,0.3117,20713.2006,1638.3063,432.1379,0.0000,0.0000,0.0000
122.3000,19.7931,0.3300,20691.5464,1636.5407,431.7360,0.0000,0.0000,0.0000
122.3167,19.7933,0.3483,20669.8500,1634.7711,431.3341,0.0000,0.0000,0.0000
122.3333,19.7935,0.3667,20648.1184,1632.9984,430.9323,0.0000,0.0000,0.0000
122.3500,19.7937,0.3850,20626.3582,1631.2230,430.5304,0.0000,0.0000,0.0000
122.3667,19.7940,0.4033,20604.5754,1629.4456,430.1286,0.0000,0.0000,0.0000
122.3833,19.7942,0.4217,20582.7756,1627.6668,429.7267,0.0000,0.0000,0.0000
122.4000,19.7944,0.4400,20560.9642,1625.8870,429.3249,0.0000,0.0000,0.0000
122.4167,19.7946,0.4583,20539.1458,1624.1067,428.9231,0.0000,0.0000,0.0000
122.4333,19.7948,0.4767,20517.3251,1622.3263,428.5212,0.0000,0.0000,0.0000
122.4500,19.7950,0.4950,20495.5062,1620.5464,428.1194,0.0000,0.0000,0.0000
122.4667,19.7953,0.5133,20473.6927,1618.7671,427.7176,0.0000,0.0000,0.0000
122.4833,19.7955,0.5317,20451.8884,1616.9889,427.3157,0.0000,0.0000,0.0000
122.5000,19.7957,0.5500,20430.0962,1615.2120,426.9139,0.0000,0.0000,0.0000
122.5167,19.7959,0.5683,20408.3192,1613.4368,426.5120,0.0000,0.0000,0.0000
122.5333,19.7961,0.5867,20386.5600,1611.6634,426.1102,0.0000,0.0000,0.0000
122.5500,19.7964,0.6050,20364.8210,1609.8922,425.7083,0.0000,0.0000,0.0000
122.5667,19.7966,0.6233,20343.1044,1608.1234,425.3065,0.0000,0.0000,0.0000
122.5833,19.7968,0.6417,20321.4121,1606.3570,424.9046,0.0000,0.0000,0.0000
122.6000,19.7970,0.6600,20299.7460,1604.5934,424.5027,0.0000,0.0000,0.0000
122.6167,19.7972,0.6783,20278.1076,1602.8326,424.1009,0.0000,0.0000,0.0000
122.6333,19.7974,0.6967,20256.4983,1601.0747,423.6990,0.0000,0.0000,0.0000
122.6500,19.7977,0.7150,20234.9194,1599.3200,423.2971,0.0000,0.0000,0.0000
122.6667,19.7979,0.7333,20213.3718,1597.5685,422.8952,0.0000,0.0000,0.0000
122.6833,19.7981,0.7517,20191.8566,1595.8202,422.4933,0.0000,0.0000,0.0000
122.7000,19.7983,0.7700,20170.3746,1594.0753,422.0914,0.0000,0.0000,0.0000
122.7167,19.7985,0.7883,20148.9263,1592.3338,421.6895,0.0000,0.0000,0.0000
122.7333,19.7987,0.8067,20127.5123,1590.5957,421.2875,0.0000,0.0000,0.0000
122.7500,19.7989,0.8250,20106.1332,1588.8612,420.8856,0.0000,0.0000,0.0000
122.7667,19.7992,0.8433,20084.7892,1587.1302,420.4837,0.0000,0.0000,0.0000
122.7833,19.7994,0.8617,20063.4805,1585.4028,420.0817,0.0000,0.0000,0.0000
122.8000,19.7996,0.8800,20042.2074,1583.6789,419.6798,0.0000,0.0000,0.0000
122.8167,19.7998,0.8983,20020.9698,1581.9586,419.2778,0.0000,0.0000,0.0000
122.8333,19.8000,0.9167,19999.7678,1580.2418,418.8758,0.0000,0.0000,0.0000
122.8500,19.8002,0.9350,19978.6013,1578.5286,418.4738,0.0000,0.0000,0.0000
122.8667,19.8004,0.9533,19957.4701,1576.8190,418.0718,0.0000,0.0000,0.0000
122.8833,19.8006,0.9717,19936.3740,1575.1129,417.6699,0.0000,0.0000,0.0000
122.9000,19.8008,0.9900,19915.3128,1573.4102,417.2678,0.0000,0.0000,0.0000
122.9167,19.8011,1.0083,19894.2862,1571.7110,416.8658,0.0000,0.0000,0.0000
122.9333,19.8013,1.0267,19873.2938,1570.0152,416.4638,0.0000,0.0000,0.0000
122.9500,19.8015,1.0450,19852.3351,1568.3228,416.0618,0.0000,0.0000,0.0000
122.9667,19.8017,1.0633,19831.4098,1566.6336,415.6598,0.0000,0.0000,0.0000
122.9833,19.8019,1.0817,19810.5173,1564.9478,415.2577,0.0000,0.0000,0.0000
123.0000,19.8021,1.1000,19789.6572,1563.2652,414.8557,0.0000,0.0000,0.0000
123.0167,19.8020,1.0350,19802.8043,1564.4714,416.2946,0.0000,0.0000,0.0000
123.0333,19.8017,0.9700,19826.2831,1565.5796,417.7312,0.0000,0.0000,0.0000
123.0500,19.8015,0.9050,19851.2958,1566.6909,419.1675,0.0000,0.0000,0.0000
123.0667,19.8012,0.8400,19876.7296,1567.8109,420.6038,0.0000,0.0000,0.0000
123.0833,19.8010,0.7750,19902.3492,1568.9426,422.0399,0.0000,0.0000,0.0000
123.1000,19.8007,0.7100,19928.1186,1570.0882,423.4761,0.0000,0.0000,0.0000
123.1167,19.8005,0.6450,19954.0481,1571.2502,424.9121,0.0000,0.0000,0.0000
123.1333,19.8002,0.5800,19980.1600,1572.4312,426.3482,0.0000,0.0000,0.0000
123.1500,19.7999,0.5150,20006.4790,1573.6338,427.7842,0.0000,0.0000,0.0000
123.1667,19.7997,0.4500,20033.0304,1574.8605,429.2202,0.0000,0.0000,0.0000
123.1833,19.7994,0.3850,20059.8390,1576.1137,430.6561,0.0000,0.0000,0.0000
123.2000,19.7991,0.3200,20086.9289,1577.3960,432.0919,0.0000,0.0000,0.0000
123.2167,19.7989,0.2550,20114.3226,1578.7094,433.5277,0.0000,0.0000,0.0000
123.2333,19.7986,0.1900,20142.0415,1580.0560,434.9634,0.0000,0.0000,0.0000
123.2500,19.7983,0.1250,20170.1055,1581.4379,436.3990,0.0000,0.0000,0.0000
123.2667,19.7980,0.0600,20198.5330,1582.8569,437.8346,0.0000,0.0000,0.0000
123.2833,19.7977,-0.0050,20227.3412,1584.3145,439.2700,0.0000,0.0000,0.0000
123.3000,19.7974,-0.0700,20256.5454,1585.8123,440.7054,0.0000,0.0000,0.0000
123.3167,19.7971,-0.1350,20286.1599,1587.3517,442.1407,0.0000,0.0000,0.0000
123.3333,19.7968,-0.2000,20316.1975,1588.9339,443.5759,0.0000,0.0000,0.0000
123.3500,19.7965,-0.2650,20346.6697,1590.5601,445.0110,0.0000,0.0000,0.0000
123.3667,19.7962,-0.3300,20377.5869,1592.2311,446.4459,0.0000,0.0000,0.0000
123.3833,19.7959,-0.3950,20408.9580,1593.9480,447.8808,0.0000,0.0000,0.0000
123.4000,19.7956,-0.4600,20440.7912,1595.7114,449.3156,0.0000,0.0000,0.0000
123.4167,19.7953,-0.5250,20473.0932,1597.5221,450.7503,0.0000,0.0000,0.0000
123.4333,19.7949,-0.5900,20505.8701,1599.3805,452.1849,0.0000,0.0000,0.0000
123.4500,19.7946,-0.6550,20539.1266,1601.2871,453.6194,0.0000,0.0000,0.0000
123.4667,19.7943,-0.7200,20572.8670,1603.2424,455.0537,0.0000,0.0000,0.0000
123.4833,19.7939,-0.7850,20607.0943,1605.2466,456.4880,0.0000,0.0000,0.0000
123.5000,19.7936,-0.8500,20641.8110,1607.2998,457.9221,0.0000,0.0000,0.0000
123.5167,19.7932,-0.9150,20677.0187,1609.4024,459.3562,0.0000,0.0000,0.0000
123.5333,19.7929,-0.9800,20712.7184,1611.5543,460.7901,0.0000,0.0000,0.0000
123.5500,19.7925,-1.0450,20748.9104,1613.7555,462.2239,0.0000,0.0000,0.0000
123.5667,19.7921,-1.1100,20785.5943,1616.0061,463.6576,0.0000,0.0000,0.0000
123.5833,19.7918,-1.1750,20822.7693,1618.3058,465.0912,0.0000,0.0000,0.0000
123.6000,19.7914,-1.2400,20860.4339,1620.6545,466.5247,0.0000,0.0000,0.0000
123.6167,19.7910,-1.3050,20898.5862,1623.0521,467.9581,0.0000,0.0000,0.0000
123.6333,19.7906,-1.3700,20937.2237,1625.4982,469.3914,0.0000,0.0000,0.0000
123.6500,19.7902,-1.4350,20976.3438,1627.9926,470.8246,0.0000,0.0000,0.0000
123.6667,19.7898,-1.5000,21015.9431,1630.5349,472.2576,0.0000,0.0000,0.0000
123.6833,19.7894,-1.5650,21056.0179,1633.1248,473.6906,0.0000,0.0000,0.0000
123.7000,19.7890,-1.6300,21096.5645,1635.7617,475.1234,0.0000,0.0000,0.0000
123.7167,19.7886,-1.6950,21137.5783,1638.4454,476.5562,0.0000,0.0000,0.0000
123.7333,19.7882,-1.7600,21179.0549,1641.1754,477.9888,0.0000,0.0000,0.0000
123.7500,19.7878,-1.8250,21220.9893,1643.9510,479.4214,0.0000,0.0000,0.0000
123.7667,19.7874,-1.8900,21263.3763,1646.7718,480.8538,0.0000,0.0000,0.0000
123.7833,19.7869,-1.9550,21306.2104,1649.6373,482.2862,0.0000,0.0000,0.0000
123.8000,19.7865,-2.0200,21349.4858,1652.5468,483.7184,0.0000,0.0000,0.0000
123.8167,19.7861,-2.0850,21393.1966,1655.4998,485.1506,0.0000,0.0000,0.0000
123.8333,19.7856,-2.1500,21437.3364,1658.4955,486.5827,0.0000,0.0000,0.0000
123.8500,19.7852,-2.2150,21481.8985,1661.5334,488.0146,0.0000,0.0000,0.0000
123.8667,19.7847,-2.2800,21526.8758,1664.6126,489.4465,0.0000,0.0000,0.0000
123.8833,19.7843,-2.3450,21572.2608,1667.7324,490.8783,0.0000,0.0000,0.0000
123.9000,19.7838,-2.4100,21618.0453,1670.8921,492.3100,0.0000,0.0000,0.0000
123.9167,19.7834,-2.4750,21664.2201,1674.0905,493.7416,0.0000,0.0000,0.0000
123.9333,19.7829,-2.5400,21710.7742,1677.3266,495.1731,0.0000,0.0000,0.0000
123.9500,19.7824,-2.6050,21757.6932,1680.5987,496.6045,0.0000,0.0000,0.0000
123.9667,19.7820,-2.6700,21804.9514,1683.9040,498.0359,0.0000,0.0000,0.0000
123.9833,19.7815,-2.7350,21852.4953,1687.2363,499.4672,0.0000,0.0000,0.0000
124.0000,19.7810,-2.8000,21900.4244,1690.6109,500.8984,0.0000,0.0000,0.0000
124.0167,19.7808,-2.7900,21916.0166,1691.4231,500.6731,0.0000,0.0000,0.0000
124.0333,19.7808,-2.7800,21924.5930,1692.2941,500.4494,0.0000,0.0000,0.0000
124.0500,19.7807,-2.7700,21931.8545,1693.2048,500.2260,0.0000,0.0000,0.0000
124.0667,19.7806,-2.7600,21939.0726,1694.1495,500.0026,0.0000,0.0000,0.0000
124.0833,19.7805,-2.7500,21946.5164,1695.1247,499.7791,0.0000,0.0000,0.0000
124.1000,19.7805,-2.7400,21953.1001,1696.0463,499.5558,0.0000,0.0000,0.0000
124.1167,19.7804,-2.7300,21960.1095,1696.9878,499.3324,0.0000,0.0000,0.0000
124.1333,19.7803,-2.7200,21967.3739,1697.9482,499.1090,0.0000,0.0000,0.0000
124.1500,19.7803,-2.7100,21974.8316,1698.9255,498.8855,0.0000,0.0000,0.0000
124.1667,19.7802,-2.7000,21982.4494,1699.9174,498.6620,0.0000,0.0000,0.0000
124.1833,19.7801,-2.6900,21990.2023,1700.9219,498.4385,0.0000,0.0000,0.0000
124.2000,19.7800,-2.6800,21998.0676,1701.9367,498.2149,0.0000,0.0000,0.0000
124.2167,19.7799,-2.6700,22006.0236,1702.9596,497.9913,0.0000,0.0000,0.0000
124.2333,19.7799,-2.6600,22014.0500,1703.9888,497.7677,0.0000,0.0000,0.0000
124.2500,19.7798,-2.6500,22022.1272,1705.0222,497.5441,0.0000,0.0000,0.0000
124.2667,19.7797,-2.6400,22030.2365,1706.0581,497.3205,0.0000,0.0000,0.0000
124.2833,19.7796,-2.6300,22038.3601,1707.0947,497.0968,0.0000,0.0000,0.0000
124.3000,19.7795,-2.6200,22046.4815,1708.1303,496.8732,0.0000,0.0000,0.0000
124.3167,19.7795,-2.6100,22054.5849,1709.1635,496.6496,0.0000,0.0000,0.0000
124.3333,19.7794,-2.6000,22062.6554,1710.1928,496.4260,0.0000,0.0000,0.0000
124.3500,19.7793,-2.5900,22070.6790,1711.2168,496.2024,0.0000,0.0000,0.0000
124.3667,19.7792,-2.5800,22078.6427,1712.2342,495.9788,0.0000,0.0000,0.0000
124.3833,19.7791,-2.5700,22086.5344,1713.2439,495.7552,0.0000,0.0000,0.0000
124.4000,19.7791,-2.5600,22094.3425,1714.2448,495.5317,0.0000,0.0000,0.0000
124.4167,19.7790,-2.5500,22102.0565,1715.2357,495.3081,0.0000,0.0000,0.0000
124.4333,19.7789,-2.5400,22109.6665,1716.2159,495.0846,0.0000,0.0000,0.0000
124.4500,19.7788,-2.5300,22117.1633,1717.1843,494.8611,0.0000,0.0000,0.0000
124.4667,19.7788,-2.5200,22124.5385,1718.1402,494.6377,0.0000,0.0000,0.0000
124.4833,19.7787,-2.5100,22131.7842,1719.0828,494.4142,0.0000,0.0000,0.0000
124.5000,19.7786,-2.5000,22138.8934,1720.0114,494.1908,0.0000,0.0000,0.0000
124.5167,19.7785,-2.4900,22145.8593,1720.9253,493.9675,0.0000,0.0000,0.0000
124.5333,19.7785,-2.4800,22152.6761,1721.8241,493.7441,0.0000,0.0000,0.0000
124.5500,19.7784,-2.4700,22159.3381,1722.7071,493.5208,0.0000,0.0000,0.0000
124.5667,19.7783,-2.4600,22165.8405,1723.5739,493.2976,0.0000,0.0000,0.0000
124.5833,19.7783,-2.4500,22172.1787,1724.4241,493.0743,0.0000,0.0000,0.0000
124.6000,19.7782,-2.4400,22178.3487,1725.2572,492.8511,0.0000,0.0000,0.0000
124.6167,19.7782,-2.4300,22184.3470,1726.0730,492.6280,0.0000,0.0000,0.0000
124.6333,19.7781,-2.4200,22190.1703,1726.8712,492.4049,0.0000,0.0000,0.0000
124.6500,19.7780,-2.4100,22195.8159,1727.6513,492.1818,0.0000,0.0000,0.0000
124.6667,19.7780,-2.4000,22199.1455,1728.1633,491.9592,0.0000,0.0000,0.0000
124.6833,19.7780,-2.3900,22202.1658,1728.6636,491.7367,0.0000,0.0000,0.0000
124.7000,19.7780,-2.3800,22204.9843,1729.1523,491.5143,0.0000,0.0000,0.0000
124.7167,19.7779,-2.3700,22207.6494,1729.6296,491.2919,0.0000,0.0000,0.0000
124.7333,19.7779,-2.3600,22210.1831,1730.0955,491.0695,0.0000,0.0000,0.0000
124.7500,19.7779,-2.3500,22212.5951,1730.5500,490.8471,0.0000,0.0000,0.0000
124.7667,19.7779,-2.3400,22214.8898,1730.9931,490.6248,0.0000,0.0000,0.0000
124.7833,19.7778,-2.3300,22217.0690,1731.4248,490.4025,0.0000,0.0000,0.0000
124.8000,19.7778,-2.3200,22219.1335,1731.8450,490.1802,0.0000,0.0000,0.0000
124.8167,19.7778,-2.3100,22221.0833,1732.2538,489.9580,0.0000,0.0000,0.0000
124.8333,19.7778,-2.3000,22222.9187,1732.6511,489.7357,0.0000,0.0000,0.0000
124.8500,19.7778,-2.2900,22224.6395,1733.0369,489.5135,0.0000,0.0000,0.0000
124.8667,19.7777,-2.2800,22226.2457,1733.4112,489.2914,0.0000,0.0000,0.0000
124.8833,19.7777,-2.2700,22227.7372,1733.7740,489.0692,0.0000,0.0000,0.0000
124.9000,19.7777,-2.2600,22229.1142,1734.1254,488.8471,0.0000,0.0000,0.0000
124.9167,19.7777,-2.2500,22230.3765,1734.4652,488.6250,0.0000,0.0000,0.0000
124.9333,19.7777,-2.2400,22231.5244,1734.7936,488.4029,0.0000,0.0000,0.0000
124.9500,19.7777,-2.2300,22232.5580,1735.1106,488.1808,0.0000,0.0000,0.0000
124.9667,19.7777,-2.2200,22233.4776,1735.4161,487.9588,0.0000,0.0000,0.0000
124.9833,19.7777,-2.2100,22234.2833,1735.7103,487.7368,0.0000,0.0000,0.0000
125.0000,19.7777,-2.2000,22234.9754,1735.9931,487.5148,0.0000,0.0000,0.0000
125.0167,19.7776,-2.2100,22241.8537,1736.9646,487.7351,0.0000,0.0000,0.0000
125.0333,19.7775,-2.2200,22251.3958,1737.9165,487.9548,0.0000,0.0000,0.0000
125.0500,19.7774,-2.2300,22262.0524,1738.8541,488.1743,0.0000,0.0000,0.0000
125.0667,19.7773,-2.2400,22273.1427,1739.7798,488.3937,0.0000,0.0000,0.0000
125.0833,19.7772,-2.2500,22284.3681,1740.6948,488.6130,0.0000,0.0000,0.0000
125.1000,19.7770,-2.2600,22295.5989,1741.5997,488.8323,0.0000,0.0000,0.0000
125.1167,19.7769,-2.2700,22306.7796,1742.4950,489.0517,0.0000,0.0000,0.0000
125.1333,19.7768,-2.2800,22317.8877,1743.3812,489.2710,0.0000,0.0000,0.0000
125.1500,19.7767,-2.2900,22328.9153,1744.2587,489.4904,0.0000,0.0000,0.0000
125.1667,19.7766,-2.3000,22339.8611,1745.1278,489.7098,0.0000,0.0000,0.0000
125.1833,19.7765,-2.3100,22350.7265,1745.9890,489.9292,0.0000,0.0000,0.0000
125.2000,19.7764,-2.3200,22361.5145,1746.8426,490.1486,0.0000,0.0000,0.0000
125.2167,19.7763,-2.3300,22372.2283,1747.6891,490.3681,0.0000,0.0000,0.0000
125.2333,19.7762,-2.3400,22382.8717,1748.5287,490.5875,0.0000,0.0000,0.0000
125.2500,19.7761,-2.3500,22393.4483,1749.3619,490.8070,0.0000,0.0000,0.0000
125.2667,19.7760,-2.3600,22403.9617,1750.1891,491.0265,0.0000,0.0000,0.0000
125.2833,19.7759,-2.3700,22414.4156,1751.0106,491.2460,0.0000,0.0000,0.0000
125.3000,19.7758,-2.3800,22424.8135,1751.8267,491.4655,0.0000,0.0000,0.0000
125.3167,19.7756,-2.3900,22435.1588,1752.6378,491.6851,0.0000,0.0000,0.0000
125.3333,19.7755,-2.4000,22445.4547,1753.4442,491.9046,0.0000,0.0000,0.0000
125.3500,19.7754,-2.4100,22455.7045,1754.2461,492.1242,0.0000,0.0000,0.0000
125.3667,19.7753,-2.4200,22465.9111,1755.0440,492.3437,0.0000,0.0000,0.0000
125.3833,19.7752,-2.4300,22476.0775,1755.8381,492.5633,0.0000,0.0000,0.0000
125.4000,19.7751,-2.4400,22486.2065,1756.6287,492.7829,0.0000,0.0000,0.0000
125.4167,19.7750,-2.4500,22496.3009,1757.4159,493.0024,0.0000,0.0000,0.0000
125.4333,19.7749,-2.4600,22506.3631,1758.2002,493.2220,0.0000,0.0000,0.0000
125.4500,19.7748,-2.4700,22516.3956,1758.9816,493.4416,0.0000,0.0000,0.0000
125.4667,19.7747,-2.4800,22526.4009,1759.7605,493.6612,0.0000,0.0000,0.0000
125.4833,19.7746,-2.4900,22536.3810,1760.5371,493.8808,0.0000,0.0000,0.0000
125.5000,19.7745,-2.5000,22546.3382,1761.3115,494.1005,0.0000,0.0000,0.0000
125.5167,19.7744,-2.5100,22556.2744,1762.0839,494.3201,0.0000,0.0000,0.0000
125.5333,19.7743,-2.5200,22566.1916,1762.8546,494.5397,0.0000,0.0000,0.0000
125.5500,19.7742,-2.5300,22576.0917,1763.6237,494.7593,0.0000,0.0000,0.0000
125.5667,19.7741,-2.5400,22585.9764,1764.3914,494.9790,0.0000,0.0000,0.0000
125.5833,19.7740,-2.5500,22595.8473,1765.1578,495.1986,0.0000,0.0000,0.0000
125.6000,19.7739,-2.5600,22605.7059,1765.9231,495.4182,0.0000,0.0000,0.0000
125.6167,19.7738,-2.5700,22615.5539,1766.6875,495.6379,0.0000,0.0000,0.0000
125.6333,19.7737,-2.5800,22625.3926,1767.4510,495.8575,0.0000,0.0000,0.0000
125.6500,19.7736,-2.5900,22635.2234,1768.2138,496.0771,0.0000,0.0000,0.0000
125.6667,19.7735,-2.6000,22645.0474,1768.9761,496.2968,0.0000,0.0000,0.0000
125.6833,19.7735,-2.6100,22654.8659,1769.7379,496.5164,0.0000,0.0000,0.0000
125.7000,19.7734,-2.6200,22664.6800,1770.4993,496.7361,0.0000,0.0000,0.0000
125.7167,19.7733,-2.6300,22674.4909,1771.2605,496.9557,0.0000,0.0000,0.0000
125.7333,19.7732,-2.6400,22684.2994,1772.0215,497.1754,0.0000,0.0000,0.0000
125.7500,19.7731,-2.6500,22694.1065,1772.7825,497.3950,0.0000,0.0000,0.0000
125.7667,19.7730,-2.6600,22703.9132,1773.5435,497.6147,0.0000,0.0000,0.0000
125.7833,19.7729,-2.6700,22713.7202,1774.3046,497.8343,0.0000,0.0000,0.0000
125.8000,19.7728,-2.6800,22723.5284,1775.0658,498.0540,0.0000,0.0000,0.0000
125.8167,19.7727,-2.6900,22733.3385,1775.8273,498.2736,0.0000,0.0000,0.0000
125.8333,19.7726,-2.7000,22743.1511,1776.5891,498.4933,0.0000,0.0000,0.0000
125.8500,19.7725,-2.7100,22752.9670,1777.3513,498.7129,0.0000,0.0000,0.0000
125.8667,19.7724,-2.7200,22762.7867,1778.1139,498.9325,0.0000,0.0000,0.0000
125.8833,19.7723,-2.7300,22772.6109,1778.8770,499.1522,0.0000,0.0000,0.0000
125.9000,19.7722,-2.7400,22782.4399,1779.6406,499.3718,0.0000,0.0000,0.0000
125.9167,19.7721,-2.7500,22792.2744,1780.4048,499.5915,0.0000,0.0000,0.0000
125.9333,19.7720,-2.7600,22802.1148,1781.1697,499.8111,0.0000,0.0000,0.0000
125.9500,19.7719,-2.7700,22811.9615,1781.9351,500.0308,0.0000,0.0000,0.0000
125.9667,19.7718,-2.7800,22821.8149,1782.7013,500.2504,0.0000,0.0000,0.0000
125.9833,19.7717,-2.7900,22831.6754,1783.4683,500.4700,0.0000,0.0000,0.0000
126.0000,19.7716,-2.8000,22841.5433,1784.2360,500.6897,0.0000,0.0000,0.0000
126.0167,19.7715,-2.8000,22848.1628,1784.6364,500.6882,3.7872,0.0000,0.0000
126.0333,19.7715,-2.8000,22853.2696,1785.0263,500.6871,7.5744,0.0000,0.0000
126.0500,19.7714,-2.8000,22857.6372,1785.4049,500.6861,11.3616,0.0000,0.0000
126.0667,19.7714,-2.8000,22861.6136,1785.7724,500.6852,15.1488,0.0000,0.0000
126.0833,19.7713,-2.8000,22865.3576,1786.1296,500.6844,18.9360,0.0000,0.0000
126.1000,19.7713,-2.8000,22868.9435,1786.4769,500.6836,22.7232,0.0000,0.0000
126.1167,19.7713,-2.8000,22872.4074,1786.8148,500.6828,26.5104,0.0000,0.0000
126.1333,19.7712,-2.8000,22875.7679,1787.1439,500.6821,30.2976,0.0000,0.0000
126.1500,19.7712,-2.8000,22879.0350,1787.4644,500.6813,34.0848,0.0000,0.0000
126.1667,19.7712,-2.8000,22882.2149,1787.7766,500.6806,37.8720,0.0000,0.0000
126.1833,19.7711,-2.8000,22885.3114,1788.0808,500.6800,41.6592,0.0000,0.0000
126.2000,19.7711,-2.8000,22888.3273,1788.3771,500.6793,45.4464,0.0000,0.0000
126.2167,19.7711,-2.8000,22891.2647,1788.6658,500.6786,49.2336,0.0000,0.0000
126.2333,19.7711,-2.8000,22894.1251,1788.9468,500.6780,53.0208,0.0000,0.0000
126.2500,19.7710,-2.8000,22896.9098,1789.2203,500.6774,56.8080,0.0000,0.0000
126.2667,19.7710,-2.8000,22899.6200,1789.4864,500.6768,60.5952,0.0000,0.0000
126.2833,19.7710,-2.8000,22902.2567,1789.7453,500.6762,64.3824,0.0000,0.0000
126.3000,19.7710,-2.8000,22904.8208,1789.9970,500.6756,68.1696,0.0000,0.0000
126.3167,19.7709,-2.8000,22907.3134,1790.2415,500.6751,71.9568,0.0000,0.0000
126.3333,19.7709,-2.8000,22909.7353,1790.4791,500.6745,75.7440,0.0000,0.0000
126.3500,19.7709,-2.8000,22912.0876,1790.7098,500.6740,79.5312,0.0000,0.0000
126.3667,19.7709,-2.8000,22914.3714,1790.9337,500.6735,83.3184,0.0000,0.0000
126.3833,19.7708,-2.8000,22916.5878,1791.1509,500.6730,87.1056,0.0000,0.0000
126.4000,19.7708,-2.8000,22918.7382,1791.3616,500.6725,90.8928,0.0000,0.0000
126.4167,19.7708,-2.8000,22920.8238,1791.5659,500.6721,94.6800,0.0000,0.0000
126.4333,19.7708,-2.8000,22922.8464,1791.7640,500.6716,98.4672,0.0000,0.0000
126.4500,19.7708,-2.8000,22924.8076,1791.9561,500.6712,102.2544,0.0000,0.0000
126.4667,19.7707,-2.8000,22926.7093,1792.1424,500.6708,106.0416,0.0000,0.0000
126.4833,19.7707,-2.8000,22928.5538,1792.3232,500.6704,109.8288,0.0000,0.0000
126.5000,19.7707,-2.8000,22930.3434,1792.4986,500.6700,113.6160,0.0000,0.0000
126.5167,19.7707,-2.8000,22932.0808,1792.6690,500.6696,117.4032,0.0000,0.0000
126.5333,19.7707,-2.8000,22933.7692,1792.8347,500.6692,121.1904,0.0000,0.0000
126.5500,19.7706,-2.8000,22935.4119,1792.9961,500.6688,124.9776,0.0000,0.0000
126.5667,19.7706,-2.8000,22937.0128,1793.1537,500.6685,128.7648,0.0000,0.0000
126.5833,19.7706,-2.8000,22938.5766,1793.3079,500.6681,132.5520,0.0000,0.0000
126.6000,19.7706,-2.8000,22940.1084,1793.4593,500.6678,136.3392,0.0000,0.0000
126.6167,19.7706,-2.8000,22941.6143,1793.6086,500.6675,140.1264,0.0000,0.0000
126.6333,19.7706,-2.8000,22943.1017,1793.7567,500.6671,143.9136,0.0000,0.0000
126.6500,19.7706,-2.8000,22944.5796,1793.9046,500.6668,147.7008,0.0000,0.0000
126.6667,19.7705,-2.8000,22946.0591,1794.0537,500.6665,151.4880,0.0000,0.0000
126.6833,19.7705,-2.8000,22947.5550,1794.2058,500.6661,155.2752,0.0000,0.0000
126.7000,19.7705,-2.8000,22949.0880,1794.3636,500.6658,159.0624,0.0000,0.0000
126.7167,19.7705,-2.8000,22950.6899,1794.5321,500.6654,162.8496,0.0000,0.0000
126.7333,19.7705,-2.8000,22952.4213,1794.7243,500.6651,166.6368,0.0000,0.0000
126.7500,19.7705,-2.8000,22954.5172,1794.8606,500.6646,170.4240,0.0000,0.0000
126.7667,19.7704,-2.8000,22955.3896,1794.9120,500.6644,174.2112,0.0000,0.0000
126.7833,19.7704,-2.8000,22955.7240,1794.9148,500.6643,177.9984,0.0000,0.0000
126.8000,19.7704,-2.8000,22955.6338,1794.8782,500.6644,181.7856,0.0000,0.0000
126.8167,19.7704,-2.8000,22955.1737,1794.8070,500.6645,185.5728,0.0000,0.0000
126.8333,19.7705,-2.8000,22954.3787,1794.7039,500.6646,189.3600,0.0000,0.0000
126.8500,19.7705,-2.8000,22953.2731,1794.5711,500.6649,193.1472,0.0000,0.0000
126.8667,19.7705,-2.8000,22951.8743,1794.4100,500.6652,196.9344,0.0000,0.0000
126.8833,19.7705,-2.8000,22949.3638,1794.1619,500.6657,200.7216,0.0000,0.0000
126.9000,19.7705,-2.8000,22946.6444,1793.8807,500.6663,204.5088,0.0000,0.0000
126.9167,19.7706,-2.8000,22943.6337,1793.5669,500.6670,208.2960,0.0000,0.0000
126.9333,19.7706,-2.8000,22940.3120,1793.2211,500.6678,212.0832,0.0000,0.0000
126.9500,19.7706,-2.8000,22936.6770,1792.8438,500.6686,215.8704,0.0000,0.0000
126.9667,19.7707,-2.8000,22932.7309,1792.4354,500.6694,219.6576,0.0000,0.0000
126.9833,19.7707,-2.8000,22928.4768,1791.9963,500.6704,223.4448,0.0000,0.0000
127.0000,19.7708,-2.8000,22923.9181,1791.5267,500.6714,227.2320,0.0000,0.0000
127.0167,19.7712,-2.7167,22880.2996,1787.8665,498.8325,250.7442,0.0000,0.0000
127.0333,19.7717,-2.6333,22826.2588,1783.9794,496.9960,274.2564,0.0000,0.0000
127.0500,19.7723,-2.5500,22768.0206,1779.8593,495.1604,297.7686,0.0000,0.0000
127.0667,19.7729,-2.4667,22707.0493,1775.5096,493.3254,321.2808,0.0000,0.0000
127.0833,19.7736,-2.3833,22643.7069,1770.9333,491.4909,344.7930,0.0000,0.0000
127.1000,19.7742,-2.3000,22578.0889,1766.1319,489.6570,368.3052,0.0000,0.0000
127.1167,19.7749,-2.2167,22510.2205,1761.1058,487.8235,391.8174,0.0000,0.0000
127.1333,19.7756,-2.1333,22440.1043,1755.8545,485.9905,415.3296,0.0000,0.0000
127.1500,19.7763,-2.0500,22367.7348,1750.3772,484.1580,438.8418,0.0000,0.0000
127.1667,19.7771,-1.9667,22293.1029,1744.6729,482.3261,462.3540,0.0000,0.0000
127.1833,19.7778,-1.8833,22216.1979,1738.7405,480.4946,485.8662,0.0000,0.0000
127.2000,19.7786,-1.8000,22137.0087,1732.5788,478.6636,509.3784,0.0000,0.0000
127.2167,19.7794,-1.7167,22055.5244,1726.1867,476.8332,532.8906,0.0000,0.0000
127.2333,19.7803,-1.6333,21971.7346,1719.5632,475.0033,556.4028,0.0000,0.0000
127.2500,19.7811,-1.5500,21885.6296,1712.7074,473.1738,579.9150,0.0000,0.0000
127.2667,19.7820,-1.4667,21797.2007,1705.6185,471.3449,603.4272,0.0000,0.0000
127.2833,19.7829,-1.3833,21706.4400,1698.2956,469.5165,626.9394,0.0000,0.0000
127.3000,19.7839,-1.3000,21613.3407,1690.7381,467.6887,650.4516,0.0000,0.0000
127.3167,19.7848,-1.2167,21517.8970,1682.9454,465.8613,673.9638,0.0000,0.0000
127.3333,19.7858,-1.1333,21420.1040,1674.9172,464.0345,697.4760,0.0000,0.0000
127.3500,19.7868,-1.0500,21319.9578,1666.6530,462.2082,720.9882,0.0000,0.0000
127.3667,19.7878,-0.9667,21217.4556,1658.1526,460.3824,744.5004,0.0000,0.0000
127.3833,19.7889,-0.8833,21112.5956,1649.4158,458.5571,768.0126,0.0000,0.0000
127.4000,19.7899,-0.8000,21005.3767,1640.4426,456.7324,791.5248,0.0000,0.0000
127.4167,19.7910,-0.7167,20895.7991,1631.2330,454.9081,815.0370,0.0000,0.0000
127.4333,19.7922,-0.6333,20783.8637,1621.7871,453.0845,838.5492,0.0000,0.0000
127.4500,19.7933,-0.5500,20669.5724,1612.1052,451.2613,862.0614,0.0000,0.0000
127.4667,19.7945,-0.4667,20552.9279,1602.1876,449.4386,885.5736,0.0000,0.0000
127.4833,19.7957,-0.3833,20433.9337,1592.0345,447.6165,909.0858,0.0000,0.0000
127.5000,19.7969,-0.3000,20312.5944,1581.6466,445.7949,932.5980,0.0000,0.0000
127.5167,19.7981,-0.2167,20188.9152,1571.0244,443.9738,956.1102,0.0000,0.0000
127.5333,19.7994,-0.1333,20062.9020,1560.1684,442.1532,979.6224,0.0000,0.0000
127.5500,19.8007,-0.0500,19934.5617,1549.0794,440.3332,1003.1346,0.0000,0.0000
127.5667,19.8020,0.0333,19803.9015,1537.7582,438.5136,1026.6468,0.0000,0.0000
127.5833,19.8033,0.1167,19670.9298,1526.2055,436.6946,1050.1590,0.0000,0.0000
127.6000,19.8046,0.2000,19535.6553,1514.4224,434.8761,1073.6712,0.0000,0.0000
127.6167,19.8060,0.2833,19398.0874,1502.4097,433.0581,1097.1834,0.0000,0.0000
127.6333,19.8074,0.3667,19258.2361,1490.1685,431.2406,1120.6956,0.0000,0.0000
127.6500,19.8088,0.4500,19116.1119,1477.6998,429.4236,1144.2078,0.0000,0.0000
127.6667,19.8103,0.5333,18971.7258,1465.0048,427.6071,1167.7200,0.0000,0.0000
127.6833,19.8117,0.6167,18825.0895,1452.0847,425.7911,1191.2322,0.0000,0.0000
127.7000,19.8132,0.7000,18676.2147,1438.9406,423.9756,1214.7444,0.0000,0.0000
127.7167,19.8147,0.7833,18525.1140,1425.5738,422.1606,1238.2566,0.0000,0.0000
127.7333,19.8163,0.8667,18371.8001,1411.9856,420.3461,1261.7688,0.0000,0.0000
127.7500,19.8178,0.9500,18216.2860,1398.1774,418.5320,1285.2810,0.0000,0.0000
127.7667,19.8194,1.0333,18058.5853,1384.1504,416.7185,1308.7932,0.0000,0.0000
127.7833,19.8210,1.1167,17898.7118,1369.9061,414.9054,1332.3054,0.0000,0.0000
127.8000,19.8226,1.2000,17736.6797,1355.4459,413.0928,1355.8176,0.0000,0.0000
127.8167,19.8243,1.2833,17572.5033,1340.7714,411.2807,1379.3298,0.0000,0.0000
127.8333,19.8259,1.3667,17406.1975,1325.8838,409.4691,1402.8420,0.0000,0.0000
127.8500,19.8276,1.4500,17237.7772,1310.7848,407.6579,1426.3542,0.0000,0.0000
127.8667,19.8293,1.5333,17067.2575,1295.4760,405.8472,1449.8664,0.0000,0.0000
127.8833,19.8311,1.6167,16894.6540,1279.9587,404.0370,1473.3786,0.0000,0.0000
127.9000,19.8328,1.7000,16719.9823,1264.2347,402.2272,1496.8908,0.0000,0.0000
127.9167,19.8346,1.7833,16543.2582,1248.3055,400.4179,1520.4030,0.0000,0.0000
127.9333,19.8364,1.8667,16364.4976,1232.1728,398.6090,1543.9152,0.0000,0.0000
127.9500,19.8382,1.9500,16183.7165,1215.8380,396.8006,1567.4274,0.0000,0.0000
127.9667,19.8400,2.0333,16000.9310,1199.3029,394.9926,1590.9396,0.0000,0.0000
127.9833,19.8418,2.1167,15816.1574,1182.5691,393.1851,1614.4518,0.0000,0.0000
128.0000,19.8437,2.2000,15629.4119,1165.6381,391.3780,1637.9640,0.0000,0.0000
128.0167,19.8456,2.2833,15441.6992,1148.6434,389.5711,1657.5312,0.0000,0.0000
128.0333,19.8475,2.3667,15253.0806,1131.5592,387.7644,1677.0984,0.0000,0.0000
128.0500,19.8494,2.4500,15063.4507,1114.3701,385.9579,1696.6656,0.0000,0.0000
128.0667,19.8513,2.5333,14872.7094,1097.0664,384.1517,1716.2328,0.0000,0.0000
128.0833,19.8532,2.6167,14680.7834,1079.6416,382.3458,1735.8000,0.0000,0.0000
128.1000,19.8551,2.7000,14487.6220,1062.0914,380.5401,1755.3672,0.0000,0.0000
128.1167,19.8571,2.7833,14293.1904,1044.4127,378.7347,1774.9344,0.0000,0.0000
128.1333,19.8590,2.8667,14097.4652,1026.6037,376.9296,1794.5016,0.0000,0.0000
128.1500,19.8610,2.9500,13900.4312,1008.6630,375.1248,1814.0688,0.0000,0.0000
128.1667,19.8630,3.0333,13702.0789,990.5898,373.3203,1833.6360,0.0000,0.0000
128.1833,19.8650,3.1167,13502.4035,972.3840,371.5160,1853.2032,0.0000,0.0000
128.2000,19.8670,3.2000,13301.4038,954.0453,369.7121,1872.7704,0.0000,0.0000
128.2167,19.8690,3.2833,13099.0812,935.5741,367.9084,1892.3376,0.0000,0.0000
128.2333,19.8710,3.3667,12895.4395,916.9709,366.1051,1911.9048,0.0000,0.0000
128.2500,19.8731,3.4500,12690.4843,898.2362,364.3020,1931.4720,0.0000,0.0000
128.2667,19.8752,3.5333,12484.2228,879.3708,362.4993,1951.0392,0.0000,0.0000
128.2833,19.8772,3.6167,12276.6633,860.3756,360.6968,1970.6064,0.0000,0.0000
128.3000,19.8793,3.7000,12067.8153,841.2515,358.8946,1990.1736,0.0000,0.0000
128.3167,19.8814,3.7833,11857.6891,821.9997,357.0927,2009.7408,0.0000,0.0000
128.3333,19.8835,3.8667,11646.2957,802.6212,355.2910,2029.3080,0.0000,0.0000
128.3500,19.8857,3.9500,11433.6466,783.1172,353.4897,2048.8752,0.0000,0.0000
128.3667,19.8878,4.0333,11219.7539,763.4891,351.6886,2068.4424,0.0000,0.0000
128.3833,19.8900,4.1167,11004.6303,743.7379,349.8878,2088.0096,0.0000,0.0000
128.4000,19.8921,4.2000,10788.2883,723.8651,348.0872,2107.5768,0.0000,0.0000
128.4167,19.8943,4.2833,10570.7413,703.8719,346.2870,2127.1440,0.0000,0.0000
128.4333,19.8965,4.3667,10352.0023,683.7596,344.4870,2146.7112,0.0000,0.0000
128.4500,19.8987,4.4500,10132.0850,663.5297,342.6872,2166.2784,0.0000,0.0000
128.4667,19.9009,4.5333,9911.0027,643.1835,340.8878,2185.8456,0.0000,0.0000
128.4833,19.9031,4.6167,9688.7693,622.7224,339.0885,2205.4128,0.0000,0.0000
128.5000,19.9053,4.7000,9465.3983,602.1477,337.2895,2224.9800,0.0000,0.0000
128.5167,19.9076,4.7833,9240.9036,581.4608,335.4908,2244.5472,0.0000,0.0000
128.5333,19.9098,4.8667,9015.2988,560.6631,333.6923,2264.1144,0.0000,0.0000
128.5500,19.9121,4.9500,8788.5977,539.7560,331.8941,2283.6816,0.0000,0.0000
128.5667,19.9144,5.0333,8560.8140,518.7408,330.0961,2303.2488,0.0000,0.0000
128.5833,19.9167,5.1167,8331.9614,497.6189,328.2983,2322.8160,0.0000,0.0000
128.6000,19.9190,5.2000,8102.0534,476.3917,326.5008,2342.3832,0.0000,0.0000
128.6167,19.9213,5.2833,7871.1037,455.0606,324.7035,2361.9504,0.0000,0.0000
128.6333,19.9236,5.3667,7639.1257,433.6268,322.9065,2381.5176,0.0000,0.0000
128.6500,19.9259,5.4500,7406.1328,412.0917,321.1096,2401.0848,0.0000,0.0000
128.6667,19.9283,5.5333,7172.1383,390.4567,319.3130,2420.6520,0.0000,0.0000
128.6833,19.9306,5.6167,6937.1555,368.7230,317.5166,2440.2192,0.0000,0.0000
128.7000,19.9330,5.7000,6701.1975,346.8921,315.7204,2459.7864,0.0000,0.0000
128.7167,19.9354,5.7833,6464.2774,324.9651,313.9244,2479.3536,0.0000,0.0000
128.7333,19.9377,5.8667,6226.4080,302.9434,312.1287,2498.9208,0.0000,0.0000
128.7500,19.9401,5.9500,5987.6022,280.8283,310.3331,2518.4880,0.0000,0.0000
128.7667,19.9425,6.0333,5747.8728,258.6210,308.5378,2538.0552,0.0000,0.0000
128.7833,19.9449,6.1167,5507.2323,236.3228,306.7426,2557.6224,0.0000,0.0000
128.8000,19.9473,6.2000,5265.6933,213.9350,304.9477,2577.1896,0.0000,0.0000
128.8167,19.9498,6.2833,5023.2682,191.4587,303.1529,2596.7568,0.0000,0.0000
128.8333,19.9522,6.3667,4779.9692,168.8953,301.3584,2616.3240,0.0000,0.0000
128.8500,19.9546,6.4500,4535.8086,146.2459,299.5640,2635.8912,0.0000,0.0000
128.8667,19.9571,6.5333,4290.7984,123.5118,297.7698,2655.4584,0.0000,0.0000
128.8833,19.9596,6.6167,4044.9505,100.6941,295.9759,2675.0256,0.0000,0.0000
128.9000,19.9620,6.7000,3798.2768,77.7940,294.1820,2694.5928,0.0000,0.0000
128.9167,19.9645,6.7833,3550.7890,54.8126,292.3884,2714.1600,0.0000,0.0000
128.9333,19.9670,6.8667,3302.4988,31.7513,290.5950,2733.7272,0.0000,0.0000
128.9500,19.9695,6.9500,3053.4175,8.6110,288.8017,2753.2944,0.0000,0.0000
128.9667,19.9720,7.0333,2803.5567,-14.6070,287.0086,2772.8616,0.0000,0.0000
128.9833,19.9745,7.1167,2552.9275,-37.9017,285.2157,2792.4288,0.0000,0.0000
129.0000,19.9770,7.2000,2301.5412,-61.2719,283.4229,2811.9960,0.0000,0.0000
129.0167,19.9793,7.2367,2070.0384,-83.0626,282.6609,2829.9852,0.0000,0.0000
129.0333,19.9816,7.2733,1842.8336,-104.8912,281.8980,2847.9744,0.0000,0.0000
129.0500,19.9838,7.3100,1616.3959,-126.7492,281.1348,2865.9636,0.0000,0.0000
129.0667,19.9861,7.3467,1389.9011,-148.6379,280.3717,2883.9528,0.0000,0.0000
129.0833,19.9884,7.3833,1163.1442,-170.5590,279.6087,2901.9420,0.0000,0.0000
129.1000,19.9906,7.4200,936.0696,-192.5137,278.8457,2919.9312,0.0000,0.0000
129.1167,19.9929,7.4567,708.6622,-214.5022,278.0828,2937.9204,0.0000,0.0000
129.1333,19.9952,7.4933,480.9207,-236.5242,277.3200,2955.9096,0.0000,0.0000
129.1500,19.9975,7.5300,252.8504,-258.5790,276.5572,2973.8988,0.0000,0.0000
129.1667,19.9998,7.5667,24.4600,-280.6656,275.7945,2991.8880,0.0000,0.0000
129.1833,20.0083,7.6033,0.0000,-299.8076,275.1700,3009.8772,0.0000,0.0000
129.2000,20.0233,7.6400,0.0000,-315.9970,274.6890,3027.8664,0.0000,0.0000
129.2167,20.0435,7.6767,0.0000,-329.8939,274.3240,3045.8556,0.0000,0.0000
129.2333,20.0682,7.7133,0.0000,-341.8939,274.0586,3063.8448,0.0000,0.0000
129.2500,20.0968,7.7500,0.0000,-352.3187,273.8794,3081.8340,0.0000,0.0000
129.2667,20.1287,7.7867,0.0000,-361.4324,273.7750,3099.8232,0.0000,0.0000
129.2833,20.1636,7.8233,0.0000,-369.4521,273.7361,3117.8124,0.0000,0.0000
129.3000,20.2011,7.8600,0.0000,-376.5572,273.7547,3135.8016,0.0000,0.0000
129.3167,20.2409,7.8967,0.0000,-382.8960,273.8243,3153.7908,0.0000,0.0000
129.3333,20.2828,7.9333,0.0000,-388.5919,273.9391,3171.7800,0.0000,0.0000
129.3500,20.3265,7.9700,0.0000,-393.7472,274.0946,3189.7692,0.0000,0.0000
129.3667,20.3718,8.0067,0.0000,-398.4473,274.2866,3207.7584,0.0000,0.0000
129.3833,20.4186,8.0433,0.0000,-402.7634,274.5119,3225.7476,0.0000,0.0000
129.4000,20.4668,8.0800,0.0000,-406.7548,274.7674,3243.7368,0.0000,0.0000
129.4167,20.5162,8.1167,0.0000,-410.4716,275.0508,3261.7260,0.0000,0.0000
129.4333,20.5668,8.1533,0.0000,-413.9552,275.3600,3279.7152,0.0000,0.0000
129.4500,20.6185,8.1900,0.0000,-417.2409,275.6931,3297.7044,0.0000,0.0000
129.4667,20.6712,8.2267,0.0000,-420.3580,276.0487,3315.6936,0.0000,0.0000
129.4833,20.7249,8.2633,0.0000,-423.3314,276.4252,3333.6828,0.0000,0.0000
129.5000,20.7794,8.3000,0.0000,-426.1819,276.8217,3351.6720,0.0000,0.0000
129.5167,20.8348,8.3367,0.0000,-428.9273,277.2371,3369.6612,0.0000,0.0000
129.5333,20.8910,8.3733,0.0000,-431.5824,277.6705,3387.6504,0.0000,0.0000
129.5500,20.9480,8.4100,0.0000,-434.1600,278.1211,3405.6396,0.0000,0.0000
129.5667,21.0057,8.4467,0.0000,-436.6707,278.5883,3423.6288,0.0000,0.0000
129.5833,21.0641,8.4833,0.0000,-439.1238,279.0714,3441.6180,0.0000,0.0000
129.6000,21.1233,8.5200,0.0000,-441.5271,279.5700,3459.6072,0.0000,0.0000
129.6167,21.1831,8.5567,0.0000,-443.8871,280.0836,3477.5964,0.0000,0.0000
129.6333,21.2436,8.5933,0.0000,-446.2097,280.6117,3495.5856,0.0000,0.0000
129.6500,21.3047,8.6300,0.0000,-448.4996,281.1540,3513.5748,0.0000,0.0000
129.6667,21.3664,8.6667,0.0000,-450.7611,281.7101,3531.5640,0.0000,0.0000
129.6833,21.4288,8.7033,0.0000,-452.9979,282.2797,3549.5532,0.0000,0.0000
129.7000,21.4917,8.7400,0.0000,-455.2130,282.8625,3567.5424,0.0000,0.0000
129.7167,21.5552,8.7767,0.0000,-457.4091,283.4583,3585.5316,0.0000,0.0000
129.7333,21.6193,8.8133,0.0000,-459.5886,284.0669,3603.5208,0.0000,0.0000
129.7500,21.6840,8.8500,0.0000,-461.7536,284.6879,3621.5100,0.0000,0.0000
129.7667,21.7492,8.8867,0.0000,-463.9059,285.3213,3639.4992,0.0000,0.0000
129.7833,21.8150,8.9233,0.0000,-466.0469,285.9667,3657.4884,0.0000,0.0000
129.8000,21.8813,8.9600,0.0000,-468.1782,286.6241,3675.4776,0.0000,0.0000
129.8167,21.9481,8.9967,0.0000,-470.3008,287.2933,3693.4668,0.0000,0.0000
129.8333,22.0155,9.0333,0.0000,-472.4160,287.9741,3711.4560,0.0000,0.0000
129.8500,22.0834,9.0700,0.0000,-474.5246,288.6664,3729.4452,0.0000,0.0000
129.8667,22.1518,9.1067,0.0000,-476.6276,289.3700,3747.4344,0.0000,0.0000
129.8833,22.2206,9.1433,0.0000,-478.7256,290.0849,3765.4236,0.0000,0.0000
129.9000,22.2900,9.1800,0.0000,-480.8193,290.8108,3783.4128,0.0000,0.0000
129.9167,22.3599,9.2167,0.0000,-482.9095,291.5477,3801.4020,0.0000,0.0000
129.9333,22.4303,9.2533,0.0000,-484.9965,292.2954,3819.3912,0.0000,0.0000
129.9500,22.5012,9.2900,0.0000,-487.0810,293.0539,3837.3804,0.0000,0.0000
129.9667,22.5725,9.3267,0.0000,-489.1634,293.8230,3855.3696,0.0000,0.0000
129.9833,22.6443,9.3633,0.0000,-491.2440,294.6026,3873.3588,0.0000,0.0000
130.0000,22.7166,9.4000,0.0000,-493.3234,295.3927,3891.3480,0.0000,0.0000
130.0167,22.7889,9.4200,0.0000,-494.5592,296.5532,3900.0270,0.0000,0.0000
130.0333,22.8612,9.4400,0.0000,-495.6726,297.7133,3908.7060,0.0000,0.0000
130.0500,22.9335,9.4600,0.0000,-496.7338,298.8726,3917.3850,0.0000,0.0000
130.0667,23.0057,9.4800,0.0000,-497.7844,300.0310,3926.0640,0.0000,0.0000
130.0833,23.0779,9.5000,0.0000,-498.8480,301.1887,3934.7430,0.0000,0.0000
130.1000,23.1500,9.5200,0.0000,-499.9381,302.3458,3943.4220,0.0000,0.0000
130.1167,23.2222,9.5400,0.0000,-501.0615,303.5026,3952.1010,0.0000,0.0000
130.1333,23.2944,9.5600,0.0000,-502.2210,304.6595,3960.7800,0.0000,0.0000
130.1500,23.3665,9.5800,0.0000,-503.4169,305.8167,3969.4590,0.0000,0.0000
130.1667,23.4387,9.6000,0.0000,-504.6482,306.9744,3978.1380,0.0000,0.0000
130.1833,23.5109,9.6200,0.0000,-505.9127,308.1330,3986.8170,0.0000,0.0000
130.2000,23.5832,9.6400,0.0000,-507.2079,309.2927,3995.4960,0.0000,0.0000
130.2167,23.6556,9.6600,0.0000,-508.5311,310.4537,4004.1750,0.0000,0.0000
130.2333,23.7280,9.6800,0.0000,-509.8795,311.6163,4012.8540,0.0000,0.0000
130.2500,23.8005,9.7000,0.0000,-511.2504,312.7804,4021.5330,0.0000,0.0000
130.2667,23.8730,9.7200,0.0000,-512.6413,313.9465,4030.2120,0.0000,0.0000
130.2833,23.9457,9.7400,0.0000,-514.0498,315.1144,4038.8910,0.0000,0.0000
130.3000,24.0184,9.7600,0.0000,-515.4736,316.2844,4047.5700,0.0000,0.0000
130.3167,24.0913,9.7800,0.0000,-516.9109,317.4566,4056.2490,0.0000,0.0000
130.3333,24.1642,9.8000,0.0000,-518.3597,318.6309,4064.9280,0.0000,0.0000
130.3500,24.2372,9.8200,0.0000,-519.8186,319.8076,4073.6070,0.0000,0.0000
130.3667,24.3104,9.8400,0.0000,-521.2860,320.9866,4082.2860,0.0000,0.0000
130.3833,24.3837,9.8600,0.0000,-522.7606,322.1680,4090.9650,0.0000,0.0000
130.4000,24.4570,9.8800,0.0000,-524.2414,323.3517,4099.6440,0.0000,0.0000
130.4167,24.5305,9.9000,0.0000,-525.7274,324.5380,4108.3230,0.0000,0.0000
130.4333,24.6041,9.9200,0.0000,-527.2177,325.7266,4117.0020,0.0000,0.0000
130.4500,24.6778,9.9400,0.0000,-528.7116,326.9177,4125.6810,0.0000,0.0000
130.4667,24.7516,9.9600,0.0000,-530.2084,328.1113,4134.3600,0.0000,0.0000
130.4833,24.8255,9.9800,0.0000,-531.7076,329.3073,4143.0390,0.0000,0.0000
130.5000,24.8995,10.0000,0.0000,-533.2087,330.5057,4151.7180,0.0000,0.0000
130.5167,24.9737,10.0200,0.0000,-534.7113,331.7066,4160.3970,0.0000,0.0000
130.5333,25.0479,10.0400,0.0000,-536.2151,332.9100,4169.0760,0.0000,0.0000
130.5500,25.1223,10.0600,0.0000,-537.7198,334.1157,4177.7550,0.0000,0.0000
130.5667,25.1967,10.0800,0.0000,-539.2251,335.3239,4186.4340,0.0000,0.0000
130.5833,25.2713,10.1000,0.0000,-540.7309,336.5345,4195.1130,0.0000,0.0000
130.6000,25.3460,10.1200,0.0000,-542.2369,337.7474,4203.7920,0.0000,0.0000
130.6167,25.4208,10.1400,0.0000,-543.7431,338.9627,4212.4710,0.0000,0.0000
130.6333,25.4957,10.1600,0.0000,-545.2494,340.1803,4221.1500,0.0000,0.0000
130.6500,25.5707,10.1800,0.0000,-546.7557,341.4003,4229.8290,0.0000,0.0000
130.6667,25.6458,10.2000,0.0000,-548.2619,342.6225,4238.5080,0.0000,0.0000
130.6833,25.7210,10.2200,0.0000,-549.7680,343.8471,4247.1870,0.0000,0.0000
130.7000,25.7963,10.2400,0.0000,-551.2740,345.0739,4255.8660,0.0000,0.0000
130.7167,25.8717,10.2600,0.0000,-552.7798,346.3029,4264.5450,0.0000,0.0000
130.7333,25.9472,10.2800,0.0000,-554.2854,347.5342,4273.2240,0.0000,0.0000
130.7500,26.0228,10.3000,0.0000,-555.7909,348.7676,4281.9030,0.0000,0.0000
130.7667,26.0985,10.3200,0.0000,-557.2962,350.0033,4290.5820,0.0000,0.0000
130.7833,26.1743,10.3400,0.0000,-558.8014,351.2411,4299.2610,0.0000,0.0000
130.8000,26.2502,10.3600,0.0000,-560.3065,352.4811,4307.9400,0.0000,0.0000
130.8167,26.3262,10.3800,0.0000,-561.8115,353.7232,4316.6190,0.0000,0.0000
130.8333,26.4023,10.4000,0.0000,-563.3164,354.9674,4325.2980,0.0000,0.0000
130.8500,26.4785,10.4200,0.0000,-564.8214,356.2137,4333.9770,0.0000,0.0000
130.8667,26.5547,10.4400,0.0000,-566.3263,357.4621,4342.6560,0.0000,0.0000
130.8833,26.6311,10.4600,0.0000,-567.8313,358.7125,4351.3350,0.0000,0.0000
130.9000,26.7076,10.4800,0.0000,-569.3363,359.9650,4360.0140,0.0000,0.0000
130.9167,26.7841,10.5000,0.0000,-570.8414,361.2195,4368.6930,0.0000,0.0000
130.9333,26.8608,10.5200,0.0000,-572.3467,362.4760,4377.3720,0.0000,0.0000
130.9500,26.9375,10.5400,0.0000,-573.8522,363.7346,4386.0510,0.0000,0.0000
130.9667,27.0055,10.5600,-552.2348,-580.1311,364.7995,4394.7300,0.0000,0.0000
130.9833,27.0204,10.5800,-2043.3917,-614.6843,364.6866,4403.4090,0.0000,0.0000
131.0000,27.0268,10.6000,-2682.3844,-652.6537,364.3847,4412.0880,0.0000,0.0000
131.0167,27.0313,10.6367,-3129.8005,-690.8974,363.6706,4416.1908,0.0000,0.0000
131.0333,27.0353,10.6733,-3526.0963,-728.2416,362.9452,4420.2936,0.0000,0.0000
131.0500,27.0390,10.7100,-3903.4376,-764.6556,362.2155,4424.3964,0.0000,0.0000
131.0667,27.0427,10.7467,-4269.7446,-800.2038,361.4834,4428.4992,0.0000,0.0000
131.0833,27.0463,10.7833,-4627.3869,-834.9565,360.7494,4432.6020,0.0000,0.0000
131.1000,27.0498,10.8200,-4977.3826,-868.9748,360.0137,4436.7048,0.0000,0.0000
131.1167,27.0532,10.8567,-5320.3652,-902.3104,359.2764,4440.8076,0.0000,0.0000
131.1333,27.0566,10.8933,-5656.8203,-935.0073,358.5377,4444.9104,0.0000,0.0000
131.1500,27.0599,10.9300,-5987.1538,-967.1038,357.7976,4449.0132,0.0000,0.0000
131.1667,27.0631,10.9667,-6311.7164,-998.6331,357.0563,4453.1160,0.0000,0.0000
131.1833,27.0663,11.0033,-6630.8169,-1029.6249,356.3137,4457.2188,0.0000,0.0000
131.2000,27.0694,11.0400,-6944.7301,-1060.1057,355.5700,4461.3216,0.0000,0.0000
131.2167,27.0725,11.0767,-7253.7026,-1090.0992,354.8252,4465.4244,0.0000,0.0000
131.2333,27.0756,11.1133,-7557.9574,-1119.6270,354.0793,4469.5272,0.0000,0.0000
131.2500,27.0786,11.1500,-7857.6973,-1148.7089,353.3325,4473.6300,0.0000,0.0000
131.2667,27.0815,11.1867,-8153.1075,-1177.3628,352.5847,4477.7328,0.0000,0.0000
131.2833,27.0844,11.2233,-8444.3582,-1205.6053,351.8359,4481.8356,0.0000,0.0000
131.3000,27.0873,11.2600,-8731.6063,-1233.4517,351.0863,4485.9384,0.0000,0.0000
131.3167,27.0901,11.2967,-9014.9970,-1260.9161,350.3358,4490.0412,0.0000,0.0000
131.3333,27.0929,11.3333,-9294.6652,-1288.0119,349.5845,4494.1440,0.0000,0.0000
131.3500,27.0957,11.3700,-9570.7364,-1314.7511,348.8324,4498.2468,0.0000,0.0000
131.3667,27.0984,11.4067,-9843.3281,-1341.1454,348.0795,4502.3496,0.0000,0.0000
131.3833,27.1011,11.4433,-10112.5504,-1367.2056,347.3258,4506.4524,0.0000,0.0000
131.4000,27.1038,11.4800,-10378.5064,-1392.9417,346.5715,4510.5552,0.0000,0.0000
131.4167,27.1064,11.5167,-10641.2935,-1418.3633,345.8164,4514.6580,0.0000,0.0000
131.4333,27.1090,11.5533,-10901.0037,-1443.4796,345.0607,4518.7608,0.0000,0.0000
131.4500,27.1116,11.5900,-11157.7237,-1468.2989,344.3043,4522.8636,0.0000,0.0000
131.4667,27.1141,11.6267,-11411.5357,-1492.8295,343.5472,4526.9664,0.0000,0.0000
131.4833,27.1166,11.6633,-11662.5181,-1517.0789,342.7896,4531.0692,0.0000,0.0000
131.5000,27.1191,11.7000,-11910.7449,-1541.0546,342.0313,4535.1720,0.0000,0.0000
131.5167,27.1216,11.7367,-12156.2870,-1564.7635,341.2724,4539.2748,0.0000,0.0000
131.5333,27.1240,11.7733,-12399.2118,-1588.2123,340.5129,4543.3776,0.0000,0.0000
131.5500,27.1264,11.8100,-12639.5837,-1611.4073,339.7529,4547.4804,0.0000,0.0000
131.5667,27.1288,11.8467,-12877.4643,-1634.3545,338.9923,4551.5832,0.0000,0.0000
131.5833,27.1311,11.8833,-13112.9126,-1657.0599,338.2312,4555.6860,0.0000,0.0000
131.6000,27.1335,11.9200,-13345.9851,-1679.5290,337.4695,4559.7888,0.0000,0.0000
131.6167,27.1358,11.9567,-13576.7360,-1701.7672,336.7074,4563.8916,0.0000,0.0000
131.6333,27.1381,11.9933,-13805.2174,-1723.7796,335.9447,4567.9944,0.0000,0.0000
131.6500,27.1403,12.0300,-14031.4793,-1745.5712,335.1815,4572.0972,0.0000,0.0000
131.6667,27.1426,12.0667,-14255.5700,-1767.1467,334.4179,4576.2000,0.0000,0.0000
131.6833,27.1448,12.1033,-14477.5357,-1788.5107,333.6538,4580.3028,0.0000,0.0000
131.7000,27.1470,12.1400,-14697.4211,-1809.6677,332.8892,4584.4056,0.0000,0.0000
131.7167,27.1492,12.1767,-14915.2693,-1830.6219,332.1242,4588.5084,0.0000,0.0000
131.7333,27.1513,12.2133,-15131.1220,-1851.3775,331.3587,4592.6112,0.0000,0.0000
131.7500,27.1535,12.2500,-15345.0193,-1871.9383,330.5928,4596.7140,0.0000,0.0000
131.7667,27.1556,12.2867,-15556.9999,-1892.3084,329.8265,4600.8168,0.0000,0.0000
131.7833,27.1577,12.3233,-15767.1013,-1912.4912,329.0597,4604.9196,0.0000,0.0000
131.8000,27.1598,12.3600,-15975.3600,-1932.4906,328.2926,4609.0224,0.0000,0.0000
131.8167,27.1618,12.3967,-16181.8110,-1952.3100,327.5250,4613.1252,0.0000,0.0000
131.8333,27.1639,12.4333,-16386.4884,-1971.9526,326.7571,4617.2280,0.0000,0.0000
131.8500,27.1659,12.4700,-16589.4251,-1991.4219,325.9887,4621.3308,0.0000,0.0000
131.8667,27.1679,12.5067,-16790.6531,-2010.7210,325.2200,4625.4336,0.0000,0.0000
131.8833,27.1699,12.5433,-16990.2035,-2029.8529,324.4509,4629.5364,0.0000,0.0000
131.9000,27.1719,12.5800,-17188.1064,-2048.8207,323.6815,4633.6392,0.0000,0.0000
131.9167,27.1738,12.6167,-17384.3910,-2067.6272,322.9117,4637.7420,0.0000,0.0000
131.9333,27.1758,12.6533,-17579.0857,-2086.2754,322.1415,4641.8448,0.0000,0.0000
131.9500,27.1777,12.6900,-17772.2181,-2104.7678,321.3710,4645.9476,0.0000,0.0000
131.9667,27.1796,12.7267,-17963.8152,-2123.1072,320.6001,4650.0504,0.0000,0.0000
131.9833,27.1815,12.7633,-18153.9029,-2141.2962,319.8290,4654.1532,0.0000,0.0000
132.0000,27.1834,12.8000,-18342.5067,-2159.3373,319.0574,4658.2560,0.0000,0.0000
132.0167,27.1850,12.7817,-18500.5671,-2174.6487,319.4992,4649.1036,0.0000,0.0000
132.0333,27.1865,12.7633,-18646.4012,-2189.2887,319.9382,4639.9512,0.0000,0.0000
132.0500,27.1878,12.7450,-18784.9348,-2203.3475,320.3756,4630.7988,0.0000,0.0000
132.0667,27.1892,12.7267,-18917.8532,-2216.8957,320.8118,4621.6464,0.0000,0.0000
132.0833,27.1905,12.7083,-19045.9544,-2229.9863,321.2469,4612.4940,0.0000,0.0000
132.1000,27.1917,12.6900,-19169.7296,-2242.6590,321.6810,4603.3416,0.0000,0.0000
132.1167,27.1929,12.6717,-19289.5294,-2254.9444,322.1142,4594.1892,0.0000,0.0000
132.1333,27.1941,12.6533,-19405.6217,-2266.8669,322.5467,4585.0368,0.0000,0.0000
132.1500,27.1952,12.6350,-19518.2194,-2278.4459,322.9783,4575.8844,0.0000,0.0000
132.1667,27.1963,12.6167,-19627.4962,-2289.6977,323.4092,4566.7320,0.0000,0.0000
132.1833,27.1973,12.5983,-19733.5962,-2300.6357,323.8395,4557.5796,0.0000,0.0000
132.2000,27.1984,12.5800,-19836.6407,-2311.2714,324.2690,4548.4272,0.0000,0.0000
132.2167,27.1994,12.5617,-19936.7336,-2321.6146,324.6979,4539.2748,0.0000,0.0000
132.2333,27.2003,12.5433,-20033.9645,-2331.6738,325.1261,4530.1224,0.0000,0.0000
132.2500,27.2013,12.5250,-20128.4116,-2341.4565,325.5537,4520.9700,0.0000,0.0000
132.2667,27.2022,12.5067,-20220.1441,-2350.9694,325.9808,4511.8176,0.0000,0.0000
132.2833,27.2031,12.4883,-20309.2233,-2360.2184,326.4072,4502.6652,0.0000,0.0000
132.3000,27.2040,12.4700,-20395.7047,-2369.2088,326.8331,4493.5128,0.0000,0.0000
132.3167,27.2048,12.4517,-20479.6382,-2377.9454,327.2583,4484.3604,0.0000,0.0000
132.3333,27.2056,12.4333,-20561.0698,-2386.4328,327.6831,4475.2080,0.0000,0.0000
132.3500,27.2064,12.4150,-20640.0417,-2394.6750,328.1073,4466.0556,0.0000,0.0000
132.3667,27.2072,12.3967,-20716.5934,-2402.6759,328.5309,4456.9032,0.0000,0.0000
132.3833,27.2079,12.3783,-20790.7616,-2410.4392,328.9541,4447.7508,0.0000,0.0000
132.4000,27.2086,12.3600,-20862.5812,-2417.9681,329.3767,4438.5984,0.0000,0.0000
132.4167,27.2093,12.3417,-20932.0852,-2425.2661,329.7988,4429.4460,0.0000,0.0000
132.4333,27.2100,12.3233,-20999.3052,-2432.3361,330.2204,4420.2936,0.0000,0.0000
132.4500,27.2106,12.3050,-21064.2715,-2439.1813,330.6414,4411.1412,0.0000,0.0000
132.4667,27.2113,12.2867,-21127.0135,-2445.8045,331.0620,4401.9888,0.0000,0.0000
132.4833,27.2119,12.2683,-21187.5595,-2452.2085,331.4821,4392.8364,0.0000,0.0000
132.5000,27.2125,12.2500,-21245.9368,-2458.3961,331.9018,4383.6840,0.0000,0.0000
132.5167,27.2130,12.2317,-21302.1711,-2464.3697,332.3209,4374.5316,0.0000,0.0000
132.5333,27.2136,12.2133,-21356.2872,-2470.1317,332.7396,4365.3792,0.0000,0.0000
132.5500,27.2141,12.1950,-21408.3090,-2475.6847,333.1578,4356.2268,0.0000,0.0000
132.5667,27.2146,12.1767,-21458.2606,-2481.0310,333.5756,4347.0744,0.0000,0.0000
132.5833,27.2151,12.1583,-21506.1662,-2486.1730,333.9929,4337.9220,0.0000,0.0000
132.6000,27.2155,12.1400,-21552.0501,-2491.1132,334.4097,4328.7696,0.0000,0.0000
132.6167,27.2160,12.1217,-21595.9369,-2495.8540,334.8261,4319.6172,0.0000,0.0000
132.6333,27.2164,12.1033,-21637.8510,-2500.3978,335.2421,4310.4648,0.0000,0.0000
132.6500,27.2168,12.0850,-21677.8171,-2504.7473,335.6576,4301.3124,0.0000,0.0000
132.6667,27.2172,12.0667,-21715.8599,-2508.9048,336.0728,4292.1600,0.0000,0.0000
132.6833,27.2175,12.0483,-21752.0035,-2512.8727,336.4875,4283.0076,0.0000,0.0000
132.7000,27.2179,12.0300,-21786.2724,-2516.6535,336.9017,4273.8552,0.0000,0.0000
132.7167,27.2182,12.0117,-21818.6904,-2520.2496,337.3156,4264.7028,0.0000,0.0000
132.7333,27.2185,11.9933,-21849.2814,-2523.6633,337.7291,4255.5504,0.0000,0.0000
132.7500,27.2188,11.9750,-21878.0689,-2526.8971,338.1421,4246.3980,0.0000,0.0000
132.7667,27.2191,11.9567,-21905.0761,-2529.9532,338.5548,4237.2456,0.0000,0.0000
132.7833,27.2193,11.9383,-21930.3261,-2532.8339,338.9671,4228.0932,0.0000,0.0000
132.8000,27.2195,11.9200,-21953.8417,-2535.5415,339.3790,4218.9408,0.0000,0.0000
132.8167,27.2198,11.9017,-21975.6454,-2538.0783,339.7905,4209.7884,0.0000,0.0000
132.8333,27.2200,11.8833,-21995.7596,-2540.4464,340.2016,4200.6360,0.0000,0.0000
132.8500,27.2201,11.8650,-22014.2061,-2542.6482,340.6124,4191.4836,0.0000,0.0000
132.8667,27.2203,11.8467,-22031.0069,-2544.6857,341.0228,4182.3312,0.0000,0.0000
132.8833,27.2205,11.8283,-22046.1835,-2546.5611,341.4328,4173.1788,0.0000,0.0000
132.9000,27.2206,11.8100,-22059.7573,-2548.2766,341.8425,4164.0264,0.0000,0.0000
132.9167,27.2207,11.7917,-22071.7492,-2549.8342,342.2518,4154.8740,0.0000,0.0000
132.9333,27.2208,11.7733,-22082.1802,-2551.2360,342.6608,4145.7216,0.0000,0.0000
132.9500,27.2209,11.7550,-22091.0709,-2552.4841,343.0695,4136.5692,0.0000,0.0000
132.9667,27.2210,11.7367,-22098.4416,-2553.5806,343.4778,4127.4168,0.0000,0.0000
132.9833,27.2210,11.7183,-22104.3124,-2554.5274,343.8858,4118.2644,0.0000,0.0000
133.0000,27.2211,11.7000,-22108.7034,-2555.3265,344.2934,4109.1120,0.0000,0.0000
133.0167,27.2211,11.7000,-22114.6735,-2556.0146,344.2947,4090.3338,0.0000,0.0000
133.0333,27.2212,11.7000,-22117.4037,-2556.1468,344.2953,4071.5556,0.0000,0.0000
133.0500,27.2212,11.7000,-22115.8854,-2555.8160,344.2950,4052.7774,0.0000,0.0000
133.0667,27.2211,11.7000,-22110.2739,-2555.0827,344.2938,4033.9992,0.0000,0.0000
133.0833,27.2210,11.7000,-22100.9238,-2553.9897,344.2917,4015.2210,0.0000,0.0000
133.1000,27.2209,11.7000,-22088.1679,-2552.5693,344.2889,3996.4428,0.0000,0.0000
133.1167,27.2207,11.7000,-22072.2823,-2550.8466,344.2853,3977.6646,0.0000,0.0000
133.1333,27.2205,11.7000,-22053.4919,-2548.8422,344.2812,3958.8864,0.0000,0.0000
133.1500,27.2203,11.7000,-22031.9813,-2546.5728,344.2764,3940.1082,0.0000,0.0000
133.1667,27.2201,11.7000,-22007.9049,-2544.0528,344.2710,3921.3300,0.0000,0.0000
133.1833,27.2198,11.7000,-21981.3934,-2541.2941,344.2652,3902.5518,0.0000,0.0000
133.2000,27.2195,11.7000,-21952.5594,-2538.3073,344.2588,3883.7736,0.0000,0.0000
133.2167,27.2192,11.7000,-21921.5007,-2535.1016,344.2519,3864.9954,0.0000,0.0000
133.2333,27.2189,11.7000,-21888.3032,-2531.6852,344.2445,3846.2172,0.0000,0.0000
133.2500,27.2185,11.7000,-21853.0432,-2528.0652,344.2367,3827.4390,0.0000,0.0000
133.2667,27.2182,11.7000,-21815.7888,-2524.2482,344.2284,3808.6608,0.0000,0.0000
133.2833,27.2178,11.7000,-21776.6013,-2520.2400,344.2197,3789.8826,0.0000,0.0000
133.3000,27.2174,11.7000,-21735.5363,-2516.0460,344.2106,3771.1044,0.0000,0.0000
133.3167,27.2169,11.7000,-21692.6445,-2511.6710,344.2011,3752.3262,0.0000,0.0000
133.3333,27.2165,11.7000,-21647.9722,-2507.1194,344.1912,3733.5480,0.0000,0.0000
133.3500,27.2160,11.7000,-21601.5623,-2502.3956,344.1809,3714.7698,0.0000,0.0000
133.3667,27.2155,11.7000,-21553.4545,-2497.5032,344.1702,3695.9916,0.0000,0.0000
133.3833,27.2150,11.7000,-21503.6858,-2492.4459,344.1592,3677.2134,0.0000,0.0000
133.4000,27.2145,11.7000,-21452.2908,-2487.2270,344.1478,3658.4352,0.0000,0.0000
133.4167,27.2140,11.7000,-21399.3021,-2481.8498,344.1360,3639.6570,0.0000,0.0000
133.4333,27.2134,11.7000,-21344.7504,-2476.3172,344.1239,3620.8788,0.0000,0.0000
133.4500,27.2129,11.7000,-21288.6647,-2470.6321,344.1115,3602.1006,0.0000,0.0000
133.4667,27.2123,11.7000,-21231.0729,-2464.7972,344.0987,3583.3224,0.0000,0.0000
133.4833,27.2117,11.7000,-21172.0014,-2458.8151,344.0856,3564.5442,0.0000,0.0000
133.5000,27.2111,11.7000,-21111.4754,-2452.6883,344.0722,3545.7660,0.0000,0.0000
133.5167,27.2105,11.7000,-21049.5193,-2446.4192,344.0585,3526.9878,0.0000,0.0000
133.5333,27.2099,11.7000,-20986.1566,-2440.0101,344.0444,3508.2096,0.0000,0.0000
133.5500,27.2092,11.7000,-20921.4097,-2433.4632,344.0300,3489.4314,0.0000,0.0000
133.5667,27.2086,11.7000,-20855.3006,-2426.7807,344.0154,3470.6532,0.0000,0.0000
133.5833,27.2079,11.7000,-20787.8504,-2419.9647,344.0004,3451.8750,0.0000,0.0000
133.6000,27.2072,11.7000,-20719.0797,-2413.0171,343.9852,3433.0968,0.0000,0.0000
133.6167,27.2065,11.7000,-20649.0085,-2405.9401,343.9696,3414.3186,0.0000,0.0000
133.6333,27.2058,11.7000,-20577.6562,-2398.7355,343.9538,3395.5404,0.0000,0.0000
133.6500,27.2051,11.7000,-20505.0417,-2391.4052,343.9377,3376.7622,0.0000,0.0000
133.6667,27.2043,11.7000,-20431.1837,-2383.9511,343.9213,3357.9840,0.0000,0.0000
133.6833,27.2036,11.7000,-20356.1003,-2376.3749,343.9046,3339.2058,0.0000,0.0000
133.7000,27.2028,11.7000,-20279.8090,-2368.6783,343.8877,3320.4276,0.0000,0.0000
133.7167,27.2020,11.7000,-20202.3273,-2360.8632,343.8705,3301.6494,0.0000,0.0000
133.7333,27.2012,11.7000,-20123.6722,-2352.9312,343.8531,3282.8712,0.0000,0.0000
133.7500,27.2004,11.7000,-20043.8602,-2344.8840,343.8354,3264.0930,0.0000,0.0000
133.7667,27.1996,11.7000,-19962.9077,-2336.7231,343.8174,3245.3148,0.0000,0.0000
133.7833,27.1988,11.7000,-19880.8307,-2328.4502,343.7992,3226.5366,0.0000,0.0000
133.8000,27.1980,11.7000,-19797.6451,-2320.0669,343.7808,3207.7584,0.0000,0.0000
133.8167,27.1971,11.7000,-19713.3661,-2311.5746,343.7621,3188.9802,0.0000,0.0000
133.8333,27.1963,11.7000,-19628.0091,-2302.9749,343.7431,3170.2020,0.0000,0.0000
133.8500,27.1954,11.7000,-19541.5889,-2294.2693,343.7240,3151.4238,0.0000,0.0000
133.8667,27.1945,11.7000,-19454.1203,-2285.4592,343.7046,3132.6456,0.0000,0.0000
133.8833,27.1937,11.7000,-19365.6178,-2276.5461,343.6849,3113.8674,0.0000,0.0000
133.9000,27.1928,11.7000,-19276.0955,-2267.5314,343.6651,3095.0892,0.0000,0.0000
133.9167,27.1919,11.7000,-19185.5674,-2258.4164,343.6450,3076.3110,0.0000,0.0000
133.9333,27.1909,11.7000,-19094.0474,-2249.2027,343.6247,3057.5328,0.0000,0.0000
133.9500,27.1900,11.7000,-19001.5490,-2239.8914,343.6042,3038.7546,0.0000,0.0000
133.9667,27.1891,11.7000,-18908.0856,-2230.4840,343.5834,3019.9764,0.0000,0.0000
133.9833,27.1881,11.7000,-18813.6704,-2220.9818,343.5625,3001.1982,0.0000,0.0000
134.0000,27.1872,11.7000,-18718.3164,-2211.3860,343.5413,2982.4200,0.0000,0.0000
134.0167,27.1861,11.6717,-18608.8106,-2200.4772,344.1456,2958.5922,0.0000,0.0000
134.0333,27.1849,11.6433,-18493.3426,-2189.2924,344.7484,2934.7644,0.0000,0.0000
134.0500,27.1837,11.6150,-18374.4145,-2177.8596,345.3506,2910.9366,0.0000,0.0000
134.0667,27.1824,11.5867,-18239.0367,-2165.5408,345.9490,2887.1088,0.0000,0.0000
134.0833,27.1811,11.5583,-18107.0528,-2153.0402,346.5482,2863.2810,0.0000,0.0000
134.1000,27.1797,11.5300,-17974.6234,-2140.3797,347.1474,2839.4532,0.0000,0.0000
134.1167,27.1784,11.5017,-17840.9166,-2127.5662,347.7462,2815.6254,0.0000,0.0000
134.1333,27.1771,11.4733,-17705.7713,-2114.6038,348.3447,2791.7976,0.0000,0.0000
134.1500,27.1757,11.4450,-17569.1755,-2101.4957,348.9429,2767.9698,0.0000,0.0000
134.1667,27.1743,11.4167,-17431.1497,-2088.2449,349.5408,2744.1420,0.0000,0.0000
134.1833,27.1729,11.3883,-17291.7202,-2074.8544,350.1384,2720.3142,0.0000,0.0000
134.2000,27.1715,11.3600,-17150.9128,-2061.3265,350.7356,2696.4864,0.0000,0.0000
134.2167,27.1701,11.3317,-17008.7511,-2047.6637,351.3326,2672.6586,0.0000,0.0000
134.2333,27.1687,11.3033,-16865.2554,-2033.8679,351.9293,2648.8308,0.0000,0.0000
134.2500,27.1672,11.2750,-16720.4437,-2019.9407,352.5256,2625.0030,0.0000,0.0000
134.2667,27.1657,11.2467,-16574.3323,-2005.8838,353.1217,2601.1752,0.0000,0.0000
134.2833,27.1643,11.2183,-16426.9373,-1991.6988,353.7175,2577.3474,0.0000,0.0000
134.3000,27.1628,11.1900,-16278.2743,-1977.3872,354.3131,2553.5196,0.0000,0.0000
134.3167,27.1613,11.1617,-16128.3595,-1962.9506,354.9083,2529.6918,0.0000,0.0000
134.3333,27.1598,11.1333,-15977.2093,-1948.3908,355.5033,2505.8640,0.0000,0.0000
134.3500,27.1582,11.1050,-15824.8400,-1933.7093,356.0980,2482.0362,0.0000,0.0000
134.3667,27.1567,11.0767,-15671.2682,-1918.9078,356.6924,2458.2084,0.0000,0.0000
134.3833,27.1552,11.0483,-15516.5106,-1903.9880,357.2866,2434.3806,0.0000,0.0000
134.4000,27.1536,11.0200,-15360.5835,-1888.9516,357.8805,2410.5528,0.0000,0.0000
134.4167,27.1520,10.9917,-15203.5032,-1873.8001,358.4741,2386.7250,0.0000,0.0000
134.4333,27.1505,10.9633,-15045.2858,-1858.5351,359.0675,2362.8972,0.0000,0.0000
134.4500,27.1489,10.9350,-14885.9473,-1843.1583,359.6607,2339.0694,0.0000,0.0000
134.4667,27.1473,10.9067,-14725.5033,-1827.6712,360.2536,2315.2416,0.0000,0.0000
134.4833,27.1456,10.8783,-14563.9693,-1812.0754,360.8463,2291.4138,0.0000,0.0000
134.5000,27.1440,10.8500,-14401.3608,-1796.3723,361.4387,2267.5860,0.0000,0.0000
134.5167,27.1424,10.8217,-14237.6923,-1780.5635,362.0309,2243.7582,0.0000,0.0000
134.5333,27.1407,10.7933,-14072.9771,-1764.6503,362.6229,2219.9304,0.0000,0.0000
134.5500,27.1391,10.7650,-13907.2279,-1748.6338,363.2146,2196.1026,0.0000,0.0000
134.5667,27.1374,10.7367,-13740.4570,-1732.5153,363.8061,2172.2748,0.0000,0.0000
134.5833,27.1357,10.7083,-13572.6770,-1716.2960,364.3974,2148.4470,0.0000,0.0000
134.6000,27.1340,10.6800,-13403.9012,-1699.9774,364.9884,2124.6192,0.0000,0.0000
134.6167,27.1323,10.6517,-13234.1433,-1683.5609,365.5793,2100.7914,0.0000,0.0000
134.6333,27.1306,10.6233,-13063.4175,-1667.0477,366.1699,2076.9636,0.0000,0.0000
134.6500,27.1289,10.5950,-12891.7384,-1650.4395,366.7603,2053.1358,0.0000,0.0000
134.6667,27.1272,10.5667,-12719.1208,-1633.7377,367.3505,2029.3080,0.0000,0.0000
134.6833,27.1255,10.5383,-12545.5796,-1616.9439,367.9405,2005.4802,0.0000,0.0000
134.7000,27.1237,10.5100,-12371.1297,-1600.0594,368.5303,1981.6524,0.0000,0.0000
134.7167,27.1220,10.4817,-12195.7859,-1583.0858,369.1199,1957.8246,0.0000,0.0000
134.7333,27.1202,10.4533,-12019.5628,-1566.0246,369.7093,1933.9968,0.0000,0.0000
134.7500,27.1184,10.4250,-11842.4749,-1548.8772,370.2986,1910.1690,0.0000,0.0000
134.7667,27.1166,10.3967,-11664.5367,-1531.6450,370.8876,1886.3412,0.0000,0.0000
134.7833,27.1149,10.3683,-11485.7622,-1514.3294,371.4764,1862.5134,0.0000,0.0000
134.8000,27.1131,10.3400,-11306.1648,-1496.9318,372.0651,1838.6856,0.0000,0.0000
134.8167,27.1113,10.3117,-11125.7565,-1479.4533,372.6536,1814.8578,0.0000,0.0000
134.8333,27.1094,10.2833,-10944.5488,-1461.8951,373.2419,1791.0300,0.0000,0.0000
134.8500,27.1076,10.2550,-10762.5525,-1444.2582,373.8300,1767.2022,0.0000,0.0000
134.8667,27.1058,10.2267,-10579.7790,-1426.5437,374.4180,1743.3744,0.0000,0.0000
134.8833,27.1040,10.1983,-10396.2400,-1408.7530,375.0057,1719.5466,0.0000,0.0000
134.9000,27.1021,10.1700,-10211.9479,-1390.8871,375.5934,1695.7188,0.0000,0.0000
134.9167,27.1003,10.1417,-10026.9155,-1372.9475,376.1808,1671.8910,0.0000,0.0000
134.9333,27.0984,10.1133,-9841.1558,-1354.9353,376.7681,1648.0632,0.0000,0.0000
134.9500,27.0965,10.0850,-9654.6821,-1336.8521,377.3552,1624.2354,0.0000,0.0000
134.9667,27.0947,10.0567,-9467.5077,-1318.6990,377.9422,1600.4076,0.0000,0.0000
134.9833,27.0928,10.0283,-9279.6458,-1300.4775,378.5290,1576.5798,0.0000,0.0000
135.0000,27.0909,10.0000,-9091.1095,-1282.1888,379.1157,1552.7520,0.0000,0.0000
135.0167,27.0888,9.9167,-8878.9744,-1262.0682,380.9172,1530.8178,0.0000,0.0000
135.0333,27.0866,9.8333,-8661.6266,-1241.9771,382.7175,1508.8836,0.0000,0.0000
135.0500,27.0844,9.7500,-8443.0402,-1221.8810,384.5175,1486.9494,0.0000,0.0000
135.0667,27.0822,9.6667,-8224.0255,-1201.7661,386.3175,1465.0152,0.0000,0.0000
135.0833,27.0800,9.5833,-8004.7098,-1181.6248,388.1174,1443.0810,0.0000,0.0000
135.1000,27.0779,9.5000,-7785.0806,-1161.4515,389.9172,1421.1468,0.0000,0.0000
135.1167,27.0757,9.4167,-7565.1021,-1141.2421,391.7169,1399.2126,0.0000,0.0000
135.1333,27.0734,9.3333,-7344.7389,-1120.9930,393.5165,1377.2784,0.0000,0.0000
135.1500,27.0712,9.2500,-7123.9601,-1100.7012,395.3161,1355.3442,0.0000,0.0000
135.1667,27.0690,9.1667,-6902.7393,-1080.3643,397.1155,1333.4100,0.0000,0.0000
135.1833,27.0668,9.0833,-6681.0539,-1059.9801,398.9149,1311.4758,0.0000,0.0000
135.2000,27.0646,9.0000,-6458.8847,-1039.5468,400.7141,1289.5416,0.0000,0.0000
135.2167,27.0624,8.9167,-6236.2154,-1019.0628,402.5133,1267.6074,0.0000,0.0000
135.2333,27.0601,8.8333,-6013.0323,-998.5270,404.3123,1245.6732,0.0000,0.0000
135.2500,27.0579,8.7500,-5789.3239,-977.9381,406.1112,1223.7390,0.0000,0.0000
135.2667,27.0557,8.6667,-5565.0809,-957.2953,407.9100,1201.8048,0.0000,0.0000
135.2833,27.0534,8.5833,-5340.2955,-936.5979,409.7086,1179.8706,0.0000,0.0000
135.3000,27.0511,8.5000,-5114.9619,-915.8454,411.5072,1157.9364,0.0000,0.0000
135.3167,27.0489,8.4167,-4889.0753,-895.0373,413.3056,1136.0022,0.0000,0.0000
135.3333,27.0466,8.3333,-4662.6327,-874.1734,415.1039,1114.0680,0.0000,0.0000
135.3500,27.0444,8.2500,-4435.6319,-853.2535,416.9021,1092.1338,0.0000,0.0000
135.3667,27.0421,8.1667,-4208.0720,-832.2775,418.7001,1070.1996,0.0000,0.0000
135.3833,27.0398,8.0833,-3979.9530,-811.2455,420.4980,1048.2654,0.0000,0.0000
135.4000,27.0375,8.0000,-3751.2758,-790.1576,422.2958,1026.3312,0.0000,0.0000
135.4167,27.0352,7.9167,-3522.0422,-769.0139,424.0935,1004.3970,0.0000,0.0000
135.4333,27.0329,7.8333,-3292.2545,-747.8148,425.8910,982.4628,0.0000,0.0000
135.4500,27.0306,7.7500,-3061.9161,-726.5606,427.6885,960.5286,0.0000,0.0000
135.4667,27.0283,7.6667,-2831.0306,-705.2517,429.4858,938.5944,0.0000,0.0000
135.4833,27.0260,7.5833,-2599.6023,-683.8886,431.2830,916.6602,0.0000,0.0000
135.5000,27.0237,7.5000,-2367.6362,-662.4717,433.0800,894.7260,0.0000,0.0000
135.5167,27.0214,7.4167,-2135.1375,-641.0016,434.8770,872.7918,0.0000,0.0000
135.5333,27.0190,7.3333,-1902.1120,-619.4789,436.6738,850.8576,0.0000,0.0000
135.5500,27.0167,7.2500,-1668.5660,-597.9042,438.4706,828.9234,0.0000,0.0000
135.5667,27.0143,7.1667,-1434.5058,-576.2782,440.2672,806.9892,0.0000,0.0000
135.5833,27.0120,7.0833,-1199.9384,-554.6016,442.0636,785.0550,0.0000,0.0000
135.6000,27.0096,7.0000,-964.8710,-532.8751,443.8600,763.1208,0.0000,0.0000
135.6167,27.0073,6.9167,-729.3109,-511.0994,445.6563,741.1866,0.0000,0.0000
135.6333,27.0049,6.8333,-493.2659,-489.2755,447.4525,719.2524,0.0000,0.0000
135.6500,27.0026,6.7500,-256.7439,-467.4039,449.2485,697.3182,0.0000,0.0000
135.6667,27.0002,6.6667,-19.7530,-445.4857,451.0445,675.3840,0.0000,0.0000
135.6833,26.9912,6.5833,0.0000,-426.7236,452.6938,653.4498,0.0000,0.0000
135.7000,26.9755,6.5000,0.0000,-411.0234,454.1944,631.5156,0.0000,0.0000
135.7167,26.9545,6.4167,0.0000,-397.6699,455.5754,609.5814,0.0000,0.0000
135.7333,26.9287,6.3333,0.0000,-386.2410,456.8531,587.6472,0.0000,0.0000
135.7500,26.8989,6.2500,0.0000,-376.3955,458.0412,565.7130,0.0000,0.0000
135.7667,26.8656,6.1667,0.0000,-367.8561,459.1509,543.7788,0.0000,0.0000
135.7833,26.8292,6.0833,0.0000,-360.3965,460.1916,521.8446,0.0000,0.0000
135.8000,26.7900,6.0000,0.0000,-353.8314,461.1710,499.9104,0.0000,0.0000
135.8167,26.7484,5.9167,0.0000,-348.0090,462.0957,477.9762,0.0000,0.0000
135.8333,26.7045,5.8333,0.0000,-342.8043,462.9710,456.0420,0.0000,0.0000
135.8500,26.6586,5.7500,0.0000,-338.1142,463.8015,434.1078,0.0000,0.0000
135.8667,26.6109,5.6667,0.0000,-333.8538,464.5910,412.1736,0.0000,0.0000
135.8833,26.5614,5.5833,0.0000,-329.9526,465.3428,390.2394,0.0000,0.0000
135.9000,26.5104,5.5000,0.0000,-326.3524,466.0596,368.3052,0.0000,0.0000
135.9167,26.4579,5.4167,0.0000,-323.0047,466.7436,346.3710,0.0000,0.0000
135.9333,26.4041,5.3333,0.0000,-319.8692,467.3970,324.4368,0.0000,0.0000
135.9500,26.3489,5.2500,0.0000,-316.9123,468.0213,302.5026,0.0000,0.0000
135.9667,26.2924,5.1667,0.0000,-314.1059,468.6180,280.5684,0.0000,0.0000
135.9833,26.2348,5.0833,0.0000,-311.4265,469.1883,258.6342,0.0000,0.0000
136.0000,26.1760,5.0000,0.0000,-308.8545,469.7334,236.7000,0.0000,0.0000
136.0167,26.1178,4.9900,0.0000,-309.1304,468.6627,232.7550,0.0000,0.0000
136.0333,26.0600,4.9800,0.0000,-309.4415,467.6030,228.8100,0.0000,0.0000
136.0500,26.0027,4.9700,0.0000,-309.6963,466.5540,224.8650,0.0000,0.0000
136.0667,25.9459,4.9600,0.0000,-309.8489,465.5146,220.9200,0.0000,0.0000
136.0833,25.8894,4.9500,0.0000,-309.8793,464.4838,216.9750,0.0000,0.0000
136.1000,25.8333,4.9400,0.0000,-309.7819,463.4605,213.0300,0.0000,0.0000
136.1167,25.7774,4.9300,0.0000,-309.5596,462.4437,209.0850,0.0000,0.0000
136.1333,25.7218,4.9200,0.0000,-309.2195,461.4324,205.1400,0.0000,0.0000
136.1500,25.6664,4.9100,0.0000,-308.7711,460.4256,201.1950,0.0000,0.0000
136.1667,25.6112,4.9000,0.0000,-308.2248,459.4225,197.2500,0.0000,0.0000
136.1833,25.5561,4.8900,0.0000,-307.5911,458.4224,193.3050,0.0000,0.0000
136.2000,25.5012,4.8800,0.0000,-306.8801,457.4246,189.3600,0.0000,0.0000
136.2167,25.4463,4.8700,0.0000,-306.1014,456.4286,185.4150,0.0000,0.0000
136.2333,25.3914,4.8600,0.0000,-305.2637,455.4339,181.4700,0.0000,0.0000
136.2500,25.3366,4.8500,0.0000,-304.3750,454.4400,177.5250,0.0000,0.0000
136.2667,25.2818,4.8400,0.0000,-303.4420,453.4466,173.5800,0.0000,0.0000
136.2833,25.2270,4.8300,0.0000,-302.4707,452.4534,169.6350,0.0000,0.0000
136.3000,25.1723,4.8200,0.0000,-301.4664,451.4602,165.6900,0.0000,0.0000
136.3167,25.1175,4.8100,0.0000,-300.4342,450.4666,161.7450,0.0000,0.0000
136.3333,25.0627,4.8000,0.0000,-299.3784,449.4725,157.8000,0.0000,0.0000
136.3500,25.0078,4.7900,0.0000,-298.3030,448.4778,153.8550,0.0000,0.0000
136.3667,24.9529,4.7800,0.0000,-297.2119,447.4823,149.9100,0.0000,0.0000
136.3833,24.8980,4.7700,0.0000,-296.1082,446.4859,145.9650,0.0000,0.0000
136.4000,24.8431,4.7600,0.0000,-294.9949,445.4886,142.0200,0.0000,0.0000
136.4167,24.7881,4.7500,0.0000,-293.8746,444.4903,138.0750,0.0000,0.0000
136.4333,24.7330,4.7400,0.0000,-292.7494,443.4910,134.1300,0.0000,0.0000
136.4500,24.6779,4.7300,0.0000,-291.6213,442.4907,130.1850,0.0000,0.0000
136.4667,24.6228,4.7200,0.0000,-290.4918,441.4893,126.2400,0.0000,0.0000
136.4833,24.5676,4.7100,0.0000,-289.3625,440.4869,122.2950,0.0000,0.0000
136.5000,24.5123,4.7000,0.0000,-288.2343,439.4835,118.3500,0.0000,0.0000
136.5167,24.4571,4.6900,0.0000,-287.1083,438.4791,114.4050,0.0000,0.0000
136.5333,24.4017,4.6800,0.0000,-285.9852,437.4737,110.4600,0.0000,0.0000
136.5500,24.3464,4.6700,0.0000,-284.8657,436.4675,106.5150,0.0000,0.0000
136.5667,24.2910,4.6600,0.0000,-283.7502,435.4603,102.5700,0.0000,0.0000
136.5833,24.2355,4.6500,0.0000,-282.6391,434.4523,98.6250,0.0000,0.0000
136.6000,24.1801,4.6400,0.0000,-281.5329,433.4435,94.6800,0.0000,0.0000
136.6167,24.1246,4.6300,0.0000,-280.4315,432.4340,90.7350,0.0000,0.0000
136.6333,24.0690,4.6200,0.0000,-279.3353,431.4238,86.7900,0.0000,0.0000
136.6500,24.0134,4.6100,0.0000,-278.2443,430.4129,82.8450,0.0000,0.0000
136.6667,23.9578,4.6000,0.0000,-277.1585,429.4014,78.9000,0.0000,0.0000
136.6833,23.9022,4.5900,0.0000,-276.0779,428.3894,74.9550,0.0000,0.0000
136.7000,23.8466,4.5800,0.0000,-275.0026,427.3769,71.0100,0.0000,0.0000
136.7167,23.7909,4.5700,0.0000,-273.9324,426.3639,67.0650,0.0000,0.0000
136.7333,23.7352,4.5600,0.0000,-272.8672,425.3504,63.1200,0.0000,0.0000
136.7500,23.6795,4.5500,0.0000,-271.8071,424.3366,59.1750,0.0000,0.0000
136.7667,23.6238,4.5400,0.0000,-270.7517,423.3225,55.2300,0.0000,0.0000
136.7833,23.5681,4.5300,0.0000,-269.7011,422.3081,51.2850,0.0000,0.0000
136.8000,23.5123,4.5200,0.0000,-268.6550,421.2934,47.3400,0.0000,0.0000
136.8167,23.4566,4.5100,0.0000,-267.6134,420.2785,43.3950,0.0000,0.0000
136.8333,23.4008,4.5000,0.0000,-266.5760,419.2634,39.4500,0.0000,0.0000
136.8500,23.3450,4.4900,0.0000,-265.5428,418.2482,35.5050,0.0000,0.0000
136.8667,23.2893,4.4800,0.0000,-264.5135,417.2328,31.5600,0.0000,0.0000
136.8833,23.2335,4.4700,0.0000,-263.4880,416.2174,27.6150,0.0000,0.0000
136.9000,23.1777,4.4600,0.0000,-262.4662,415.2019,23.6700,0.0000,0.0000
136.9167,23.1219,4.4500,0.0000,-261.4478,414.1864,19.7250,0.0000,0.0000
136.9333,23.0662,4.4400,0.0000,-260.4328,413.1709,15.7800,0.0000,0.0000
136.9500,23.0104,4.4300,0.0000,-259.4210,412.1555,11.8350,0.0000,0.0000
136.9667,22.9546,4.4200,0.0000,-258.4122,411.1401,7.8900,0.0000,0.0000
136.9833,22.8988,4.4100,0.0000,-257.4063,410.1247,3.9450,0.0000,0.0000
137.0000,22.8431,4.4000,0.0000,-256.4031,409.1095,0.0000,0.0000,0.0000
137.0167,22.7867,4.3550,0.0000,-254.5708,408.8578,0.0000,0.0000,0.0000
137.0333,22.7299,4.3100,0.0000,-253.0665,408.5959,0.0000,0.0000,0.0000
137.0500,22.6727,4.2650,0.0000,-251.8167,408.3261,0.0000,0.0000,0.0000
137.0667,22.6153,4.2200,0.0000,-250.7668,408.0500,0.0000,0.0000,0.0000
137.0833,22.5576,4.1750,0.0000,-249.8753,407.7689,0.0000,0.0000,0.0000
137.1000,22.4998,4.1300,0.0000,-249.1101,407.4839,0.0000,0.0000,0.0000
137.1167,22.4418,4.0850,0.0000,-248.4457,407.1958,0.0000,0.0000,0.0000
137.1333,22.3837,4.0400,0.0000,-247.8620,406.9054,0.0000,0.0000,0.0000
137.1500,22.3255,3.9950,0.0000,-247.3427,406.6131,0.0000,0.0000,0.0000
137.1667,22.2673,3.9500,0.0000,-246.8748,406.3193,0.0000,0.0000,0.0000
137.1833,22.2090,3.9050,0.0000,-246.4475,406.0245,0.0000,0.0000,0.0000
137.2000,22.1507,3.8600,0.0000,-246.0521,405.7289,0.0000,0.0000,0.0000
137.2167,22.0923,3.8150,0.0000,-245.6816,405.4327,0.0000,0.0000,0.0000
137.2333,22.0339,3.7700,0.0000,-245.3302,405.1360,0.0000,0.0000,0.0000
137.2500,21.9755,3.7250,0.0000,-244.9935,404.8391,0.0000,0.0000,0.0000
137.2667,21.9171,3.6800,0.0000,-244.6678,404.5418,0.0000,0.0000,0.0000
137.2833,21.8587,3.6350,0.0000,-244.3503,404.2444,0.0000,0.0000,0.0000
137.3000,21.8003,3.5900,0.0000,-244.0387,403.9469,0.0000,0.0000,0.0000
137.3167,21.7419,3.5450,0.0000,-243.7314,403.6494,0.0000,0.0000,0.0000
137.3333,21.6835,3.5000,0.0000,-243.4269,403.3517,0.0000,0.0000,0.0000
137.3500,21.6251,3.4550,0.0000,-243.1241,403.0541,0.0000,0.0000,0.0000
137.3667,21.5667,3.4100,0.0000,-242.8222,402.7563,0.0000,0.0000,0.0000
137.3833,21.5082,3.3650,0.0000,-242.5204,402.4586,0.0000,0.0000,0.0000
137.4000,21.4498,3.3200,0.0000,-242.2182,402.1608,0.0000,0.0000,0.0000
137.4167,21.3914,3.2750,0.0000,-241.9151,401.8630,0.0000,0.0000,0.0000
137.4333,21.3330,3.2300,0.0000,-241.6109,401.5651,0.0000,0.0000,0.0000
137.4500,21.2745,3.1850,0.0000,-241.3052,401.2672,0.0000,0.0000,0.0000
137.4667,21.2161,3.1400,0.0000,-240.9977,400.9692,0.0000,0.0000,0.0000
137.4833,21.1576,3.0950,0.0000,-240.6884,400.6711,0.0000,0.0000,0.0000
137.5000,21.0992,3.0500,0.0000,-240.3769,400.3729,0.0000,0.0000,0.0000
137.5167,21.0408,3.0050,0.0000,-240.0633,400.0745,0.0000,0.0000,0.0000
137.5333,20.9823,2.9600,0.0000,-239.7472,399.7761,0.0000,0.0000,0.0000
137.5500,20.9238,2.9150,0.0000,-239.4287,399.4774,0.0000,0.0000,0.0000
137.5667,20.8654,2.8700,0.0000,-239.1076,399.1786,0.0000,0.0000,0.0000
137.5833,20.8069,2.8250,0.0000,-238.7837,398.8796,0.0000,0.0000,0.0000
137.6000,20.7484,2.7800,0.0000,-238.4569,398.5803,0.0000,0.0000,0.0000
137.6167,20.6899,2.7350,0.0000,-238.1270,398.2809,0.0000,0.0000,0.0000
137.6333,20.6314,2.6900,0.0000,-237.7938,397.9811,0.0000,0.0000,0.0000
137.6500,20.5729,2.6450,0.0000,-237.4571,397.6811,0.0000,0.0000,0.0000
137.6667,20.5143,2.6000,0.0000,-237.1167,397.3807,0.0000,0.0000,0.0000
137.6833,20.4558,2.5550,0.0000,-236.7721,397.0800,0.0000,0.0000,0.0000
137.7000,20.3972,2.5100,0.0000,-236.4231,396.7788,0.0000,0.0000,0.0000
137.7167,20.3386,2.4650,0.0000,-236.0691,396.4773,0.0000,0.0000,0.0000
137.7333,20.2800,2.4200,0.0000,-235.7095,396.1753,0.0000,0.0000,0.0000
137.7500,20.2213,2.3750,0.0000,-235.3437,395.8728,0.0000,0.0000,0.0000
137.7667,20.1627,2.3300,0.0000,-234.9706,395.5697,0.0000,0.0000,0.0000
137.7833,20.1040,2.2850,0.0000,-234.5890,395.2660,0.0000,0.0000,0.0000
137.8000,20.0453,2.2400,0.0000,-234.1971,394.9616,0.0000,0.0000,0.0000
137.8167,19.9947,2.1950,534.0186,-230.6075,394.8374,0.0000,0.0000,0.0000
137.8333,19.9846,2.1500,1536.2266,-211.4006,395.6133,0.0000,0.0000,0.0000
137.8500,19.9806,2.1050,1936.8189,-190.3542,396.5226,0.0000,0.0000,0.0000
137.8667,19.9780,2.0600,2199.0474,-169.2427,397.4627,0.0000,0.0000,0.0000
137.8833,19.9757,2.0150,2427.0684,-148.4262,398.4103,0.0000,0.0000,0.0000
137.9000,19.9736,1.9700,2644.5082,-127.9588,399.3603,0.0000,0.0000,0.0000
137.9167,19.9714,1.9250,2856.8814,-107.8326,400.3114,0.0000,0.0000,0.0000
137.9333,19.9693,1.8800,3065.5959,-88.0303,401.2633,0.0000,0.0000,0.0000
137.9500,19.9673,1.8350,3271.1056,-68.5351,402.2159,0.0000,0.0000,0.0000
137.9667,19.9653,1.7900,3473.6279,-49.3325,403.1692,0.0000,0.0000,0.0000
137.9833,19.9633,1.7450,3673.3097,-30.4098,404.1231,0.0000,0.0000,0.0000
138.0000,19.9613,1.7000,3870.2700,-11.7561,405.0776,0.0000,0.0000,0.0000
138.0167,19.9596,1.7083,4041.5141,4.8122,404.8547,0.0000,0.0000,0.0000
138.0333,19.9579,1.7167,4205.0398,21.1482,404.6336,0.0000,0.0000,0.0000
138.0500,19.9564,1.7250,4364.9299,37.2428,404.4133,0.0000,0.0000,0.0000
138.0667,19.9548,1.7333,4522.1474,53.0987,404.1936,0.0000,0.0000,0.0000
138.0833,19.9532,1.7417,4676.9499,68.7204,403.9744,0.0000,0.0000,0.0000
138.1000,19.9517,1.7500,4829.4311,84.1124,403.7557,0.0000,0.0000,0.0000
138.1167,19.9502,1.7583,4979.6434,99.2786,403.5375,0.0000,0.0000,0.0000
138.1333,19.9487,1.7667,5127.6264,114.2227,403.3198,0.0000,0.0000,0.0000
138.1500,19.9473,1.7750,5273.4144,128.9479,403.1027,0.0000,0.0000,0.0000
138.1667,19.9458,1.7833,5417.0387,143.4573,402.8859,0.0000,0.0000,0.0000
138.1833,19.9444,1.7917,5558.5289,157.7538,402.6697,0.0000,0.0000,0.0000
138.2000,19.9430,1.8000,5697.9130,171.8400,402.4539,0.0000,0.0000,0.0000
138.2167,19.9416,1.8083,5835.2184,185.7189,402.2386,0.0000,0.0000,0.0000
138.2333,19.9403,1.8167,5970.4720,199.3929,402.0238,0.0000,0.0000,0.0000
138.2500,19.9390,1.8250,6103.7001,212.8649,401.8094,0.0000,0.0000,0.0000
138.2667,19.9377,1.8333,6234.9292,226.1373,401.5954,0.0000,0.0000,0.0000
138.2833,19.9364,1.8417,6364.1852,239.2128,401.3819,0.0000,0.0000,0.0000
138.3000,19.9351,1.8500,6491.4945,252.0941,401.1688,0.0000,0.0000,0.0000
138.3167,19.9338,1.8583,6616.8829,264.7837,400.9561,0.0000,0.0000,0.0000
138.3333,19.9326,1.8667,6740.3768,277.2843,400.7439,0.0000,0.0000,0.0000
138.3500,19.9314,1.8750,6862.0022,289.5984,400.5320,0.0000,0.0000,0.0000
138.3667,19.9302,1.8833,6981.7853,301.7288,400.3206,0.0000,0.0000,0.0000
138.3833,19.9290,1.8917,7099.7523,313.6780,400.1096,0.0000,0.0000,0.0000
138.4000,19.9278,1.9000,7215.9293,325.4486,399.8990,0.0000,0.0000,0.0000
138.4167,19.9267,1.9083,7330.3425,337.0433,399.6887,0.0000,0.0000,0.0000
138.4333,19.9256,1.9167,7443.0179,348.4647,399.4789,0.0000,0.0000,0.0000
138.4500,19.9245,1.9250,7553.9815,359.7154,399.2694,0.0000,0.0000,0.0000
138.4667,19.9234,1.9333,7663.2593,370.7979,399.0603,0.0000,0.0000,0.0000
138.4833,19.9223,1.9417,7770.8771,381.7149,398.8516,0.0000,0.0000,0.0000
138.5000,19.9212,1.9500,7876.8606,392.4690,398.6432,0.0000,0.0000,0.0000
138.5167,19.9202,1.9583,7981.2352,403.0626,398.4352,0.0000,0.0000,0.0000
138.5333,19.9192,1.9667,8084.0263,413.4983,398.2276,0.0000,0.0000,0.0000
138.5500,19.9181,1.9750,8185.2590,423.7787,398.0203,0.0000,0.0000,0.0000
138.5667,19.9172,1.9833,8284.9583,433.9062,397.8133,0.0000,0.0000,0.0000
138.5833,19.9162,1.9917,8383.1488,443.8833,397.6067,0.0000,0.0000,0.0000
138.6000,19.9152,2.0000,8479.8549,453.7123,397.4004,0.0000,0.0000,0.0000
138.6167,19.9142,2.0083,8575.1008,463.3959,397.1944,0.0000,0.0000,0.0000
138.6333,19.9133,2.0167,8668.9104,472.9362,396.9887,0.0000,0.0000,0.0000
138.6500,19.9124,2.0250,8761.3073,482.3357,396.7834,0.0000,0.0000,0.0000
138.6667,19.9115,2.0333,8852.3147,491.5967,396.5783,0.0000,0.0000,0.0000
138.6833,19.9106,2.0417,8941.9556,500.7215,396.3736,0.0000,0.0000,0.0000
138.7000,19.9097,2.0500,9030.2526,509.7124,396.1692,0.0000,0.0000,0.0000
138.7167,19.9088,2.0583,9117.2281,518.5715,395.9650,0.0000,0.0000,0.0000
138.7333,19.9080,2.0667,9202.9039,527.3011,395.7612,0.0000,0.0000,0.0000
138.7500,19.9071,2.0750,9287.3018,535.9032,395.5576,0.0000,0.0000,0.0000
138.7667,19.9063,2.0833,9370.4430,544.3802,395.3543,0.0000,0.0000,0.0000
138.7833,19.9055,2.0917,9452.3485,552.7339,395.1513,0.0000,0.0000,0.0000
138.8000,19.9047,2.1000,9533.0387,560.9665,394.9485,0.0000,0.0000,0.0000
138.8167,19.9039,2.1083,9612.5339,569.0800,394.7460,0.0000,0.0000,0.0000
138.8333,19.9031,2.1167,9690.8541,577.0764,394.5438,0.0000,0.0000,0.0000
138.8500,19.9023,2.1250,9768.0185,584.9576,394.3418,0.0000,0.0000,0.0000
138.8667,19.9016,2.1333,9844.0465,592.7255,394.1401,0.0000,0.0000,0.0000
138.8833,19.9008,2.1417,9918.9568,600.3820,393.9387,0.0000,0.0000,0.0000
138.9000,19.9001,2.1500,9992.7678,607.9289,393.7374,0.0000,0.0000,0.0000
138.9167,19.8993,2.1583,10065.4976,615.3680,393.5364,0.0000,0.0000,0.0000
138.9333,19.8986,2.1667,10137.1640,622.7011,393.3357,0.0000,0.0000,0.0000
138.9500,19.8979,2.1750,10207.7842,629.9300,393.1352,0.0000,0.0000,0.0000
138.9667,19.8972,2.1833,10277.3753,637.0562,392.9349,0.0000,0.0000,0.0000
138.9833,19.8965,2.1917,10345.9540,644.0815,392.7348,0.0000,0.0000,0.0000
139.0000,19.8959,2.2000,10413.5367,651.0076,392.5350,0.0000,0.0000,0.0000
139.0167,19.8952,2.2100,10479.4184,657.7789,392.2985,0.0000,0.0000,0.0000
139.0333,19.8946,2.2200,10544.1746,664.4548,392.0624,0.0000,0.0000,0.0000
139.0500,19.8939,2.2300,10607.9463,671.0363,391.8264,0.0000,0.0000,0.0000
139.0667,19.8933,2.2400,10670.7784,677.5250,391.5906,0.0000,0.0000,0.0000
139.0833,19.8927,2.2500,10732.6938,683.9226,391.3551,0.0000,0.0000,0.0000
139.1000,19.8921,2.2600,10793.7109,690.2307,391.1197,0.0000,0.0000,0.0000
139.1167,19.8915,2.2700,10853.8469,696.4511,390.8845,0.0000,0.0000,0.0000
139.1333,19.8909,2.2800,10913.1188,702.5854,390.6496,0.0000,0.0000,0.0000
139.1500,19.8903,2.2900,10971.5430,708.6353,390.4148,0.0000,0.0000,0.0000
139.1667,19.8897,2.3000,11029.1358,714.6024,390.1802,0.0000,0.0000,0.0000
139.1833,19.8892,2.3100,11079.3355,720.1100,389.9472,0.0000,0.0000,0.0000
139.2000,19.8887,2.3200,11130.7932,725.5362,389.7140,0.0000,0.0000,0.0000
139.2167,19.8882,2.3300,11182.0813,730.8896,389.4808,0.0000,0.0000,0.0000
139.2333,19.8877,2.3400,11232.8243,736.1738,389.2477,0.0000,0.0000,0.0000
139.2500,19.8872,2.3500,11282.9312,741.3907,389.0148,0.0000,0.0000,0.0000
139.2667,19.8867,2.3600,11332.3870,746.5418,388.7820,0.0000,0.0000,0.0000
139.2833,19.8862,2.3700,11381.1967,751.6284,388.5493,0.0000,0.0000,0.0000
139.3000,19.8857,2.3800,11429.3702,756.6517,388.3168,0.0000,0.0000,0.0000
139.3167,19.8852,2.3900,11476.9182,761.6127,388.0845,0.0000,0.0000,0.0000
139.3333,19.8848,2.4000,11523.8515,766.5125,387.8522,0.0000,0.0000,0.0000
139.3500,19.8843,2.4100,11570.1804,771.3522,387.6201,0.0000,0.0000,0.0000
139.3667,19.8838,2.4200,11615.9148,776.1328,387.3882,0.0000,0.0000,0.0000
139.3833,19.8834,2.4300,11661.0645,780.8551,387.1563,0.0000,0.0000,0.0000
139.4000,19.8829,2.4400,11705.6387,785.5202,386.9246,0.0000,0.0000,0.0000
139.4167,19.8825,2.4500,11749.6467,790.1288,386.6930,0.0000,0.0000,0.0000
139.4333,19.8821,2.4600,11793.0970,794.6820,386.4616,0.0000,0.0000,0.0000
139.4500,19.8816,2.4700,11835.9984,799.1805,386.2302,0.0000,0.0000,0.0000
139.4667,19.8812,2.4800,11878.3590,803.6252,385.9990,0.0000,0.0000,0.0000
139.4833,19.8808,2.4900,11920.1870,808.0168,385.7679,0.0000,0.0000,0.0000
139.5000,19.8804,2.5000,11961.4903,812.3562,385.5369,0.0000,0.0000,0.0000
139.5167,19.8800,2.5100,12002.2766,816.6440,385.3060,0.0000,0.0000,0.0000
139.5333,19.8796,2.5200,12042.5532,820.8811,385.0753,0.0000,0.0000,0.0000
139.5500,19.8792,2.5300,12082.3274,825.0682,384.8446,0.0000,0.0000,0.0000
139.5667,19.8788,2.5400,12121.6065,829.2059,384.6141,0.0000,0.0000,0.0000
139.5833,19.8784,2.5500,12160.3972,833.2950,384.3837,0.0000,0.0000,0.0000
139.6000,19.8780,2.5600,12198.7064,837.3361,384.1534,0.0000,0.0000,0.0000
139.6167,19.8776,2.5700,12236.5406,841.3298,383.9231,0.0000,0.0000,0.0000
139.6333,19.8773,2.5800,12273.9063,845.2769,383.6930,0.0000,0.0000,0.0000
139.6500,19.8769,2.5900,12310.8099,849.1779,383.4630,0.0000,0.0000,0.0000
139.6667,19.8765,2.6000,12347.2573,853.0335,383.2331,0.0000,0.0000,0.0000
139.6833,19.8762,2.6100,12383.2547,856.8442,383.0033,0.0000,0.0000,0.0000
139.7000,19.8758,2.6200,12418.8079,860.6107,382.7736,0.0000,0.0000,0.0000
139.7167,19.8755,2.6300,12453.9227,864.3334,382.5440,0.0000,0.0000,0.0000
139.7333,19.8751,2.6400,12488.6047,868.0130,382.3145,0.0000,0.0000,0.0000
139.7500,19.8748,2.6500,12522.8594,871.6501,382.0850,0.0000,0.0000,0.0000
139.7667,19.8744,2.6600,12556.6923,875.2450,381.8557,0.0000,0.0000,0.0000
139.7833,19.8741,2.6700,12590.1085,878.7984,381.6265,0.0000,0.0000,0.0000
139.8000,19.8738,2.6800,12623.1133,882.3108,381.3973,0.0000,0.0000,0.0000
139.8167,19.8734,2.6900,12655.7118,885.7827,381.1683,0.0000,0.0000,0.0000
139.8333,19.8731,2.7000,12687.9088,889.2146,380.9393,0.0000,0.0000,0.0000
139.8500,19.8728,2.7100,12719.7093,892.6070,380.7104,0.0000,0.0000,0.0000
139.8667,19.8725,2.7200,12751.1181,895.9602,380.4817,0.0000,0.0000,0.0000
139.8833,19.8722,2.7300,12782.1398,899.2749,380.2529,0.0000,0.0000,0.0000
139.9000,19.8719,2.7400,12812.7790,902.5514,380.0243,0.0000,0.0000,0.0000
139.9167,19.8716,2.7500,12843.0402,905.7903,379.7958,0.0000,0.0000,0.0000
139.9333,19.8713,2.7600,12872.9279,908.9919,379.5673,0.0000,0.0000,0.0000
139.9500,19.8710,2.7700,12902.4464,912.1567,379.3390,0.0000,0.0000,0.0000
139.9667,19.8707,2.7800,12931.6000,915.2850,379.1107,0.0000,0.0000,0.0000
139.9833,19.8704,2.7900,12960.3928,918.3774,378.8825,0.0000,0.0000,0.0000
140.0000,19.8701,2.8000,12988.8318,921.4347,378.6543,0.0000,0.0000,0.0000
140.0167,19.8696,2.7533,13039.9107,926.4030,379.6782,0.0000,0.0000,0.0000
140.0333,19.8690,2.7067,13096.9372,931.3148,380.7007,0.0000,0.0000,0.0000
140.0500,19.8684,2.6600,13155.3707,936.1901,381.7229,0.0000,0.0000,0.0000
140.0667,19.8679,2.6133,13213.9798,941.0350,382.7451,0.0000,0.0000,0.0000
140.0833,19.8673,2.5667,13272.4359,945.8516,383.7673,0.0000,0.0000,0.0000
140.1000,19.8667,2.5200,13330.6576,950.6416,384.7896,0.0000,0.0000,0.0000
140.1167,19.8661,2.4733,13388.6324,955.4065,385.8119,0.0000,0.0000,0.0000
140.1333,19.8655,2.4267,13451.9977,960.3461,386.8330,0.0000,0.0000,0.0000
140.1500,19.8649,2.3800,13506.9550,965.0754,387.8560,0.0000,0.0000,0.0000
140.1667,19.8644,2.3333,13563.5511,969.7758,388.8786,0.0000,0.0000,0.0000
140.1833,19.8637,2.2867,13625.9936,974.6495,389.8999,0.0000,0.0000,0.0000
140.2000,19.8632,2.2400,13680.3387,979.3211,390.9230,0.0000,0.0000,0.0000
140.2167,19.8626,2.1933,13736.3810,983.9685,391.9458,0.0000,0.0000,0.0000
140.2333,19.8620,2.1467,13798.2579,988.7905,392.9672,0.0000,0.0000,0.0000
140.2500,19.8615,2.1000,13852.1659,993.4181,393.9904,0.0000,0.0000,0.0000
140.2667,19.8609,2.0533,13913.2133,998.2157,395.0121,0.0000,0.0000,0.0000
140.2833,19.8603,2.0067,13966.7850,1002.8213,396.0354,0.0000,0.0000,0.0000
140.3000,19.8597,1.9600,14027.5677,1007.5977,397.0571,0.0000,0.0000,0.0000
140.3167,19.8592,1.9133,14080.9564,1012.1858,398.0804,0.0000,0.0000,0.0000
140.3333,19.8586,1.8667,14141.5570,1016.9457,399.1021,0.0000,0.0000,0.0000
140.3500,19.8581,1.8200,14194.8109,1021.5205,400.1255,0.0000,0.0000,0.0000
140.3667,19.8574,1.7733,14255.2766,1026.2682,401.1472,0.0000,0.0000,0.0000
140.3833,19.8569,1.7267,14308.4326,1030.8334,402.1706,0.0000,0.0000,0.0000
140.4000,19.8563,1.6800,14368.8028,1035.5726,403.1924,0.0000,0.0000,0.0000
140.4167,19.8558,1.6333,14421.8923,1040.1314,404.2158,0.0000,0.0000,0.0000
140.4333,19.8552,1.5867,14482.2007,1044.8652,405.2376,0.0000,0.0000,0.0000
140.4500,19.8546,1.5400,14535.2505,1049.4204,406.2610,0.0000,0.0000,0.0000
140.4667,19.8540,1.4933,14595.5258,1054.1514,407.2828,0.0000,0.0000,0.0000
140.4833,19.8535,1.4467,14648.5585,1058.7053,408.3062,0.0000,0.0000,0.0000
140.5000,19.8529,1.4000,14708.8249,1063.4358,409.3280,0.0000,0.0000,0.0000
140.5167,19.8524,1.3533,14761.8594,1067.9902,410.3514,0.0000,0.0000,0.0000
140.5333,19.8518,1.3067,14822.1367,1072.7221,411.3732,0.0000,0.0000,0.0000
140.5500,19.8512,1.2600,14875.1886,1077.2787,412.3966,0.0000,0.0000,0.0000
140.5667,19.8506,1.2133,14935.4933,1082.0135,413.4184,0.0000,0.0000,0.0000
140.5833,19.8501,1.1667,14988.5753,1086.5734,414.4418,0.0000,0.0000,0.0000
140.6000,19.8495,1.1200,15048.9205,1091.3123,415.4636,0.0000,0.0000,0.0000
140.6167,19.8490,1.0733,15102.0426,1095.8766,416.4870,0.0000,0.0000,0.0000
140.6333,19.8484,1.0267,15162.4387,1100.6206,417.5088,0.0000,0.0000,0.0000
140.6500,19.8478,0.9800,15215.6087,1105.1901,418.5322,0.0000,0.0000,0.0000
140.6667,19.8472,0.9333,15276.0634,1109.9398,419.5539,0.0000,0.0000,0.0000
140.6833,19.8467,0.8867,15329.2871,1114.5151,420.5773,0.0000,0.0000,0.0000
140.7000,19.8461,0.8400,15389.8062,1119.2710,421.5991,0.0000,0.0000,0.0000
140.7167,19.8456,0.7933,15443.0876,1123.8524,422.6224,0.0000,0.0000,0.0000
140.7333,19.8450,0.7467,15503.6749,1128.6150,423.6441,0.0000,0.0000,0.0000
140.7500,19.8444,0.7000,15557.0165,1133.2028,424.6675,0.0000,0.0000,0.0000
140.7667,19.8438,0.6533,15617.6742,1137.9721,425.6892,0.0000,0.0000,0.0000
140.7833,19.8433,0.6067,15671.0772,1142.5663,426.7125,0.0000,0.0000,0.0000
140.8000,19.8427,0.5600,15731.8060,1147.3425,427.7342,0.0000,0.0000,0.0000
140.8167,19.8421,0.5133,15785.2705,1151.9432,428.7575,0.0000,0.0000,0.0000
140.8333,19.8415,0.4667,15846.0701,1156.7262,429.7792,0.0000,0.0000,0.0000
140.8500,19.8410,0.4200,15899.5953,1161.3333,430.8025,0.0000,0.0000,0.0000
140.8667,19.8404,0.3733,15960.4642,1166.1228,431.8242,0.0000,0.0000,0.0000
140.8833,19.8399,0.3267,16014.0484,1170.7361,432.8475,0.0000,0.0000,0.0000
140.9000,19.8393,0.2800,16074.9843,1175.5320,433.8692,0.0000,0.0000,0.0000
140.9167,19.8387,0.2333,16128.6253,1180.1512,434.8924,0.0000,0.0000,0.0000
140.9333,19.8381,0.1867,16189.6251,1184.9533,435.9141,0.0000,0.0000,0.0000
140.9500,19.8376,0.1400,16243.3201,1189.5781,436.9373,0.0000,0.0000,0.0000
140.9667,19.8370,0.0933,16304.3803,1194.3858,437.9590,0.0000,0.0000,0.0000
140.9833,19.8364,0.0467,16358.1258,1199.0159,438.9822,0.0000,0.0000,0.0000
141.0000,19.8358,0.0000,16419.2423,1203.8289,440.0038,0.0000,0.0000,0.0000
141.0167,19.8355,0.0183,16446.6505,1206.2298,439.5911,0.0000,0.0000,0.0000
141.0333,19.8353,0.0367,16468.7906,1208.6493,439.1795,0.0000,0.0000,0.0000
141.0500,19.8351,0.0550,16489.4752,1211.0720,438.7682,0.0000,0.0000,0.0000
141.0667,19.8349,0.0733,16509.7408,1213.4933,438.3571,0.0000,0.0000,0.0000
141.0833,19.8347,0.0917,16529.8640,1215.9111,437.9459,0.0000,0.0000,0.0000
141.1000,19.8345,0.1100,16549.9122,1218.3239,437.5348,0.0000,0.0000,0.0000
141.1167,19.8343,0.1283,16569.8938,1220.7304,437.1237,0.0000,0.0000,0.0000
141.1333,19.8341,0.1467,16589.8006,1223.1291,436.7126,0.0000,0.0000,0.0000
141.1500,19.8339,0.1650,16609.6194,1225.5183,436.3015,0.0000,0.0000,0.0000
141.1667,19.8337,0.1833,16629.3354,1227.8966,435.8905,0.0000,0.0000,0.0000
141.1833,19.8335,0.2017,16648.9333,1230.2625,435.4795,0.0000,0.0000,0.0000
141.2000,19.8333,0.2200,16668.3982,1232.6144,435.0685,0.0000,0.0000,0.0000
141.2167,19.8331,0.2383,16687.7156,1234.9509,434.6575,0.0000,0.0000,0.0000
141.2333,19.8329,0.2567,16706.8714,1237.2706,434.2466,0.0000,0.0000,0.0000
141.2500,19.8327,0.2750,16725.8524,1239.5723,433.8357,0.0000,0.0000,0.0000
141.2667,19.8326,0.2933,16744.6458,1241.8546,433.4248,0.0000,0.0000,0.0000
141.2833,19.8324,0.3117,16763.2396,1244.1164,433.0140,0.0000,0.0000,0.0000
141.3000,19.8322,0.3300,16781.6227,1246.3567,432.6033,0.0000,0.0000,0.0000
141.3167,19.8320,0.3483,16799.7844,1248.5743,432.1926,0.0000,0.0000,0.0000
141.3333,19.8318,0.3667,16817.7150,1250.7683,431.7819,0.0000,0.0000,0.0000
141.3500,19.8316,0.3850,16835.4052,1252.9378,431.3713,0.0000,0.0000,0.0000
141.3667,19.8315,0.4033,16852.8467,1255.0821,430.9608,0.0000,0.0000,0.0000
141.3833,19.8313,0.4217,16870.0316,1257.2003,430.5503,0.0000,0.0000,0.0000
141.4000,19.8311,0.4400,16886.9527,1259.2918,430.1399,0.0000,0.0000,0.0000
141.4167,19.8310,0.4583,16903.6033,1261.3559,429.7295,0.0000,0.0000,0.0000
141.4333,19.8308,0.4767,16919.9776,1263.3921,429.3192,0.0000,0.0000,0.0000
141.4500,19.8306,0.4950,16936.0700,1265.3998,428.9090,0.0000,0.0000,0.0000
141.4667,19.8305,0.5133,16951.8756,1267.3785,428.4988,0.0000,0.0000,0.0000
141.4833,19.8303,0.5317,16967.3900,1269.3279,428.0887,0.0000,0.0000,0.0000
141.5000,19.8302,0.5500,16982.6092,1271.2475,427.6786,0.0000,0.0000,0.0000
141.5167,19.8300,0.5683,16997.5297,1273.1370,427.2686,0.0000,0.0000,0.0000
141.5333,19.8299,0.5867,17012.1485,1274.9962,426.8587,0.0000,0.0000,0.0000
141.5500,19.8297,0.6050,17026.4630,1276.8248,426.4488,0.0000,0.0000,0.0000
141.5667,19.8296,0.6233,17040.4709,1278.6225,426.0391,0.0000,0.0000,0.0000
141.5833,19.8295,0.6417,17054.1703,1280.3892,425.6294,0.0000,0.0000,0.0000
141.6000,19.8293,0.6600,17067.5597,1282.1248,425.2197,0.0000,0.0000,0.0000
141.6167,19.8292,0.6783,17080.6379,1283.8292,424.8101,0.0000,0.0000,0.0000
141.6333,19.8291,0.6967,17093.4041,1285.5023,424.4006,0.0000,0.0000,0.0000
141.6500,19.8289,0.7150,17105.8576,1287.1440,423.9912,0.0000,0.0000,0.0000
141.6667,19.8288,0.7333,17117.9981,1288.7543,423.5818,0.0000,0.0000,0.0000
141.6833,19.8287,0.7517,17129.8257,1290.3333,423.1725,0.0000,0.0000,0.0000
141.7000,19.8286,0.7700,17141.3404,1291.8809,422.7633,0.0000,0.0000,0.0000
141.7167,19.8285,0.7883,17152.5427,1293.3972,422.3541,0.0000,0.0000,0.0000
141.7333,19.8284,0.8067,17163.4333,1294.8823,421.9450,0.0000,0.0000,0.0000
141.7500,19.8283,0.8250,17174.0131,1296.3363,421.5360,0.0000,0.0000,0.0000
141.7667,19.8282,0.8433,17184.2829,1297.7593,421.1271,0.0000,0.0000,0.0000
141.7833,19.8281,0.8617,17194.2441,1299.1513,420.7182,0.0000,0.0000,0.0000
141.8000,19.8280,0.8800,17203.8980,1300.5127,420.3094,0.0000,0.0000,0.0000
141.8167,19.8279,0.8983,17213.2462,1301.8435,419.9006,0.0000,0.0000,0.0000
141.8333,19.8278,0.9167,17222.2902,1303.1438,419.4919,0.0000,0.0000,0.0000
141.8500,19.8277,0.9350,17231.0320,1304.4140,419.0833,0.0000,0.0000,0.0000
141.8667,19.8276,0.9533,17239.4734,1305.6541,418.6748,0.0000,0.0000,0.0000
141.8833,19.8275,0.9717,17247.6164,1306.8644,418.2663,0.0000,0.0000,0.0000
141.9000,19.8274,0.9900,17255.4633,1308.0451,417.8579,0.0000,0.0000,0.0000
141.9167,19.8274,1.0083,17263.0161,1309.1964,417.4495,0.0000,0.0000,0.0000
141.9333,19.8273,1.0267,17270.2772,1310.3186,417.0412,0.0000,0.0000,0.0000
141.9500,19.8272,1.0450,17277.2491,1311.4119,416.6330,0.0000,0.0000,0.0000
141.9667,19.8272,1.0633,17283.9341,1312.4766,416.2248,0.0000,0.0000,0.0000
141.9833,19.8271,1.0817,17290.3348,1313.5128,415.8168,0.0000,0.0000,0.0000
142.0000,19.8270,1.1000,17297.7659,1314.6296,415.4084,0.0000,0.0000,0.0000
142.0167,19.8271,1.1550,17288.5538,1314.3490,414.1904,0.0000,0.0000,0.0000
142.0333,19.8272,1.2100,17275.0674,1314.1644,412.9734,0.0000,0.0000,0.0000
142.0500,19.8274,1.2650,17260.9404,1313.9486,411.7565,0.0000,0.0000,0.0000
142.0667,19.8275,1.3200,17246.4137,1313.7000,410.5397,0.0000,0.0000,0.0000
142.0833,19.8277,1.3750,17231.5337,1313.4174,409.3230,0.0000,0.0000,0.0000
142.1000,19.8278,1.4300,17216.3026,1313.0996,408.1063,0.0000,0.0000,0.0000
142.1167,19.8280,1.4850,17200.7117,1312.7455,406.8898,0.0000,0.0000,0.0000
142.1333,19.8282,1.5400,17184.7500,1312.3538,405.6733,0.0000,0.0000,0.0000
142.1500,19.8283,1.5950,17168.4067,1311.9236,404.4569,0.0000,0.0000,0.0000
142.1667,19.8285,1.6500,17151.6712,1311.4537,403.2406,0.0000,0.0000,0.0000
142.1833,19.8287,1.7050,17134.5340,1310.9433,402.0243,0.0000,0.0000,0.0000
142.2000,19.8288,1.7600,17116.9866,1310.3914,400.8082,0.0000,0.0000,0.0000
142.2167,19.8290,1.8150,17099.0212,1309.7975,399.5922,0.0000,0.0000,0.0000
142.2333,19.8292,1.8700,17080.6315,1309.1608,398.3762,0.0000,0.0000,0.0000
142.2500,19.8294,1.9250,17061.8118,1308.4808,397.1604,0.0000,0.0000,0.0000
142.2667,19.8296,1.9800,17042.5574,1307.7571,395.9446,0.0000,0.0000,0.0000
142.2833,19.8298,2.0350,17022.8646,1306.9893,394.7290,0.0000,0.0000,0.0000
142.3000,19.8300,2.0900,17002.7317,1306.1774,393.5134,0.0000,0.0000,0.0000
142.3167,19.8302,2.1450,16982.1599,1305.3215,392.2979,0.0000,0.0000,0.0000
142.3333,19.8304,2.2000,16961.1522,1304.4221,391.0826,0.0000,0.0000,0.0000
142.3500,19.8306,2.2550,16939.7128,1303.4795,389.8673,0.0000,0.0000,0.0000
142.3667,19.8308,2.3100,16917.8458,1302.4942,388.6521,0.0000,0.0000,0.0000
142.3833,19.8310,2.3650,16895.5543,1301.4665,387.4370,0.0000,0.0000,0.0000
142.4000,19.8313,2.4200,16872.8408,1300.3965,386.2220,0.0000,0.0000,0.0000
142.4167,19.8315,2.4750,16849.7072,1299.2845,385.0072,0.0000,0.0000,0.0000
142.4333,19.8317,2.5300,16826.1545,1298.1305,383.7924,0.0000,0.0000,0.0000
142.4500,19.8320,2.5850,16802.1839,1296.9347,382.5776,0.0000,0.0000,0.0000
142.4667,19.8322,2.6400,16777.7961,1295.6971,381.3630,0.0000,0.0000,0.0000
142.4833,19.8325,2.6950,16752.9922,1294.4178,380.1485,0.0000,0.0000,0.0000
142.5000,19.8327,2.7500,16727.7735,1293.0970,378.9341,0.0000,0.0000,0.0000
142.5167,19.8330,2.8050,16702.1415,1291.7348,377.7197,0.0000,0.0000,0.0000
142.5333,19.8332,2.8600,16676.0982,1290.3315,376.5055,0.0000,0.0000,0.0000
142.5500,19.8335,2.9150,16649.6456,1288.8872,375.2913,0.0000,0.0000,0.0000
142.5667,19.8338,2.9700,16622.7864,1287.4022,374.0773,0.0000,0.0000,0.0000
142.5833,19.8340,3.0250,16595.5240,1285.8770,372.8633,0.0000,0.0000,0.0000
142.6000,19.8343,3.0800,16567.8626,1284.3119,371.6494,0.0000,0.0000,0.0000
142.6167,19.8346,3.1350,16539.8073,1282.7074,370.4356,0.0000,0.0000,0.0000
142.6333,19.8349,3.1900,16511.3634,1281.0643,369.2219,0.0000,0.0000,0.0000
142.6500,19.8352,3.2450,16482.5365,1279.3828,368.0082,0.0000,0.0000,0.0000
142.6667,19.8355,3.3000,16453.3314,1277.6637,366.7947,0.0000,0.0000,0.0000
142.6833,19.8358,3.3550,16423.7532,1275.9073,365.5812,0.0000,0.0000,0.0000
142.7000,19.8361,3.4100,16393.8062,1274.1141,364.3678,0.0000,0.0000,0.0000
142.7167,19.8364,3.4650,16363.4949,1272.2846,363.1545,0.0000,0.0000,0.0000
142.7333,19.8367,3.5200,16332.8234,1270.4190,361.9413,0.0000,0.0000,0.0000
142.7500,19.8370,3.5750,16301.7961,1268.5180,360.7282,0.0000,0.0000,0.0000
142.7667,19.8373,3.6300,16270.4171,1266.5818,359.5151,0.0000,0.0000,0.0000
142.7833,19.8376,3.6850,16238.6907,1264.6109,358.3021,0.0000,0.0000,0.0000
142.8000,19.8379,3.7400,16206.6212,1262.6059,357.0892,0.0000,0.0000,0.0000
142.8167,19.8383,3.7950,16174.2130,1260.5670,355.8764,0.0000,0.0000,0.0000
142.8333,19.8386,3.8500,16141.4707,1258.4947,354.6636,0.0000,0.0000,0.0000
142.8500,19.8389,3.9050,16108.3988,1256.3896,353.4509,0.0000,0.0000,0.0000
142.8667,19.8392,3.9600,16075.0018,1254.2520,352.2383,0.0000,0.0000,0.0000
142.8833,19.8396,4.0150,16041.2842,1252.0825,351.0257,0.0000,0.0000,0.0000
142.9000,19.8399,4.0700,16007.2502,1249.8814,349.8133,0.0000,0.0000,0.0000
142.9167,19.8403,4.1250,15972.9043,1247.6491,348.6009,0.0000,0.0000,0.0000
142.9333,19.8406,4.1800,15938.2506,1245.3862,347.3885,0.0000,0.0000,0.0000
142.9500,19.8410,4.2350,15903.2939,1243.0930,346.1762,0.0000,0.0000,0.0000
142.9667,19.8413,4.2900,15868.0388,1240.7701,344.9640,0.0000,0.0000,0.0000
142.9833,19.8417,4.3450,15832.4900,1238.4179,343.7519,0.0000,0.0000,0.0000
143.0000,19.8420,4.4000,15796.6524,1236.0369,342.5398,0.0000,0.0000,0.0000
143.0167,19.8419,4.3367,15811.1630,1237.7287,343.9415,0.0000,0.0000,0.0000
143.0333,19.8416,4.2733,15838.4912,1239.3191,345.3403,0.0000,0.0000,0.0000
143.0500,19.8413,4.2100,15867.5799,1240.8821,346.7387,0.0000,0.0000,0.0000
143.0667,19.8410,4.1467,15896.9272,1242.4258,348.1371,0.0000,0.0000,0.0000
143.0833,19.8407,4.0833,15926.2183,1243.9545,349.5355,0.0000,0.0000,0.0000
143.1000,19.8404,4.0200,15955.4075,1245.4717,350.9339,0.0000,0.0000,0.0000
143.1167,19.8402,3.9567,15984.5125,1246.9811,352.3323,0.0000,0.0000,0.0000
143.1333,19.8399,3.8933,16013.5667,1248.4865,353.7307,0.0000,0.0000,0.0000
143.1500,19.8396,3.8300,16042.6070,1249.9916,355.1292,0.0000,0.0000,0.0000
143.1667,19.8393,3.7667,16071.6713,1251.5004,356.5276,0.0000,0.0000,0.0000
143.1833,19.8390,3.7033,16100.7966,1253.0165,357.9260,0.0000,0.0000,0.0000
143.2000,19.8387,3.6400,16130.0212,1254.5438,359.3244,0.0000,0.0000,0.0000
143.2167,19.8384,3.5767,16159.3834,1256.0861,360.7228,0.0000,0.0000,0.0000
143.2333,19.8381,3.5133,16188.9189,1257.6469,362.1211,0.0000,0.0000,0.0000
143.2500,19.8378,3.4500,16218.6597,1259.2294,363.5194,0.0000,0.0000,0.0000
143.2667,19.8375,3.3867,16248.6339,1260.8361,364.9176,0.0000,0.0000,0.0000
143.2833,19.8372,3.3233,16278.8662,1262.4695,366.3158,0.0000,0.0000,0.0000
143.3000,19.8369,3.2600,16309.3787,1264.1316,367.7139,0.0000,0.0000,0.0000
143.3167,19.8366,3.1967,16340.1912,1265.8245,369.1120,0.0000,0.0000,0.0000
143.3333,19.8363,3.1333,16371.3220,1267.5499,370.5099,0.0000,0.0000,0.0000
143.3500,19.8360,3.0700,16402.7875,1269.3093,371.9078,0.0000,0.0000,0.0000
143.3667,19.8357,3.0067,16434.6028,1271.1043,373.3056,0.0000,0.0000,0.0000
143.3833,19.8353,2.9433,16466.7818,1272.9362,374.7034,0.0000,0.0000,0.0000
143.4000,19.8350,2.8800,16499.3368,1274.8062,376.1010,0.0000,0.0000,0.0000
143.4167,19.8347,2.8167,16532.2788,1276.7153,377.4986,0.0000,0.0000,0.0000
143.4333,19.8343,2.7533,16565.6177,1278.6645,378.8961,0.0000,0.0000,0.0000
143.4500,19.8340,2.6900,16599.3620,1280.6546,380.2935,0.0000,0.0000,0.0000
143.4667,19.8337,2.6267,16633.5192,1282.6863,381.6908,0.0000,0.0000,0.0000
143.4833,19.8333,2.5633,16668.0955,1284.7602,383.0880,0.0000,0.0000,0.0000
143.5000,19.8330,2.5000,16703.0963,1286.8769,384.4851,0.0000,0.0000,0.0000
143.5167,19.8326,2.4367,16738.5257,1289.0366,385.8821,0.0000,0.0000,0.0000
143.5333,19.8323,2.3733,16774.3870,1291.2397,387.2791,0.0000,0.0000,0.0000
143.5500,19.8319,2.3100,16810.6828,1293.4865,388.6759,0.0000,0.0000,0.0000
143.5667,19.8315,2.2467,16847.4147,1295.7770,390.0726,0.0000,0.0000,0.0000
143.5833,19.8312,2.1833,16884.5835,1298.1113,391.4693,0.0000,0.0000,0.0000
143.6000,19.8308,2.1200,16922.1923,1300.4898,392.8658,0.0000,0.0000,0.0000
143.6167,19.8304,2.0567,16960.2450,1302.9130,394.2622,0.0000,0.0000,0.0000
143.6333,19.8300,1.9933,16998.7450,1305.3810,395.6586,0.0000,0.0000,0.0000
143.6500,19.8296,1.9300,17037.6932,1307.8941,397.0548,0.0000,0.0000,0.0000
143.6667,19.8292,1.8667,17077.0882,1310.4518,398.4509,0.0000,0.0000,0.0000
143.6833,19.8288,1.8033,17116.9264,1313.0539,399.8470,0.0000,0.0000,0.0000
143.7000,19.8284,1.7400,17157.2031,1315.6997,401.2429,0.0000,0.0000,0.0000
143.7167,19.8280,1.6767,17197.9127,1318.3888,402.6388,0.0000,0.0000,0.0000
143.7333,19.8276,1.6133,17239.0493,1321.1204,404.0345,0.0000,0.0000,0.0000
143.7500,19.8272,1.5500,17280.6068,1323.8941,405.4302,0.0000,0.0000,0.0000
143.7667,19.8268,1.4867,17322.5792,1326.7091,406.8258,0.0000,0.0000,0.0000
143.7833,19.8264,1.4233,17364.9603,1329.5649,408.2212,0.0000,0.0000,0.0000
143.8000,19.8259,1.3600,17407.7440,1332.4609,409.6166,0.0000,0.0000,0.0000
143.8167,19.8255,1.2967,17450.9241,1335.3963,411.0119,0.0000,0.0000,0.0000
143.8333,19.8251,1.2333,17494.4943,1338.3707,412.4071,0.0000,0.0000,0.0000
143.8500,19.8246,1.1700,17538.4486,1341.3834,413.8023,0.0000,0.0000,0.0000
143.8667,19.8242,1.1067,17582.7806,1344.4337,415.1973,0.0000,0.0000,0.0000
143.8833,19.8237,1.0433,17627.4841,1347.5211,416.5923,0.0000,0.0000,0.0000
143.9000,19.8233,0.9800,17672.5527,1350.6448,417.9872,0.0000,0.0000,0.0000
143.9167,19.8228,0.9167,17717.9800,1353.8043,419.3820,0.0000,0.0000,0.0000
143.9333,19.8224,0.8533,17763.7597,1356.9989,420.7767,0.0000,0.0000,0.0000
143.9500,19.8219,0.7900,17809.8853,1360.2280,422.1713,0.0000,0.0000,0.0000
143.9667,19.8214,0.7267,17856.3505,1363.4908,423.5659,0.0000,0.0000,0.0000
143.9833,19.8210,0.6633,17903.1487,1366.7869,424.9604,0.0000,0.0000,0.0000
144.0000,19.8205,0.6000,17950.2792,1370.1162,426.3548,0.0000,0.0000,0.0000
144.0167,19.8202,0.5800,17978.9239,1371.9881,426.7921,0.0000,0.0000,0.0000
144.0333,19.8200,0.5600,18003.6626,1373.9070,427.2303,0.0000,0.0000,0.0000
144.0500,19.8197,0.5400,18027.7615,1375.8600,427.6686,0.0000,0.0000,0.0000
144.0667,19.8195,0.5200,18051.9449,1377.8432,428.1069,0.0000,0.0000,0.0000
144.0833,19.8192,0.5000,18076.3637,1379.8546,428.5451,0.0000,0.0000,0.0000
144.1000,19.8190,0.4800,18101.0391,1381.8922,428.9833,0.0000,0.0000,0.0000
144.1167,19.8187,0.4600,18125.9629,1383.9545,429.4214,0.0000,0.0000,0.0000
144.1333,19.8185,0.4400,18148.8580,1385.9575,429.8600,0.0000,0.0000,0.0000
144.1500,19.8183,0.4200,18172.9425,1387.9746,430.2983,0.0000,0.0000,0.0000
144.1667,19.8180,0.4000,18197.4781,1390.0081,430.7365,0.0000,0.0000,0.0000
144.1833,19.8178,0.3800,18222.2568,1392.0578,431.1746,0.0000,0.0000,0.0000
144.2000,19.8175,0.3600,18247.2150,1394.1230,431.6127,0.0000,0.0000,0.0000
144.2167,19.8173,0.3400,18272.3291,1396.2028,432.0508,0.0000,0.0000,0.0000
144.2333,19.8170,0.3200,18297.5864,1398.2965,432.4888,0.0000,0.0000,0.0000
144.2500,19.8168,0.3000,18322.9775,1400.4031,432.9269,0.0000,0.0000,0.0000
144.2667,19.8165,0.2800,18348.4943,1402.5221,433.3648,0.0000,0.0000,0.0000
144.2833,19.8163,0.2600,18374.1293,1404.6526,433.8028,0.0000,0.0000,0.0000
144.3000,19.8160,0.2400,18399.8754,1406.7939,434.2407,0.0000,0.0000,0.0000
144.3167,19.8157,0.2200,18425.7256,1408.9454,434.6786,0.0000,0.0000,0.0000
144.3333,19.8155,0.2000,18451.6735,1411.1063,435.1165,0.0000,0.0000,0.0000
144.3500,19.8152,0.1800,18477.7129,1413.2762,435.5544,0.0000,0.0000,0.0000
144.3667,19.8150,0.1600,18503.8376,1415.4544,435.9923,0.0000,0.0000,0.0000
144.3833,19.8147,0.1400,18530.0421,1417.6404,436.4301,0.0000,0.0000,0.0000
144.4000,19.8144,0.1200,18556.3208,1419.8335,436.8679,0.0000,0.0000,0.0000
144.4167,19.8142,0.1000,18582.6685,1422.0334,437.3057,0.0000,0.0000,0.0000
144.4333,19.8139,0.0800,18609.0800,1424.2394,437.7435,0.0000,0.0000,0.0000
144.4500,19.8136,0.0600,18635.5506,1426.4512,438.1813,0.0000,0.0000,0.0000
144.4667,19.8134,0.0400,18662.0756,1428.6682,438.6190,0.0000,0.0000,0.0000
144.4833,19.8131,0.0200,18688.6507,1430.8900,439.0568,0.0000,0.0000,0.0000
144.5000,19.8128,-0.0000,18715.2715,1433.1163,439.4945,0.0000,0.0000,0.0000
144.5167,19.8126,-0.0200,18741.9340,1435.3465,439.9323,0.0000,0.0000,0.0000
144.5333,19.8123,-0.0400,18768.6344,1437.5804,440.3700,0.0000,0.0000,0.0000
144.5500,19.8120,-0.0600,18795.3689,1439.8176,440.8077,0.0000,0.0000,0.0000
144.5667,19.8118,-0.0800,18822.1341,1442.0577,441.2454,0.0000,0.0000,0.0000
144.5833,19.8115,-0.1000,18848.9265,1444.3003,441.6831,0.0000,0.0000,0.0000
144.6000,19.8112,-0.1200,18875.7430,1446.5453,442.1208,0.0000,0.0000,0.0000
144.6167,19.8110,-0.1400,18902.5805,1448.7922,442.5585,0.0000,0.0000,0.0000
144.6333,19.8107,-0.1600,18929.4361,1451.0409,442.9962,0.0000,0.0000,0.0000
144.6500,19.8104,-0.1800,18956.3069,1453.2909,443.4339,0.0000,0.0000,0.0000
144.6667,19.8102,-0.2000,18983.1904,1455.5421,443.8716,0.0000,0.0000,0.0000
144.6833,19.8099,-0.2200,19010.0841,1457.7942,444.3092,0.0000,0.0000,0.0000
144.7000,19.8096,-0.2400,19036.9855,1460.0470,444.7469,0.0000,0.0000,0.0000
144.7167,19.8094,-0.2600,19063.8924,1462.3002,445.1846,0.0000,0.0000,0.0000
144.7333,19.8091,-0.2800,19090.8025,1464.5537,445.6223,0.0000,0.0000,0.0000
144.7500,19.8088,-0.3000,19117.7139,1466.8072,446.0599,0.0000,0.0000,0.0000
144.7667,19.8086,-0.3200,19144.6246,1469.0606,446.4976,0.0000,0.0000,0.0000
144.7833,19.8083,-0.3400,19171.5328,1471.3136,446.9353,0.0000,0.0000,0.0000
144.8000,19.8080,-0.3600,19198.4366,1473.5661,447.3730,0.0000,0.0000,0.0000
144.8167,19.8077,-0.3800,19225.3345,1475.8180,447.8107,0.0000,0.0000,0.0000
144.8333,19.8075,-0.4000,19252.2248,1478.0690,448.2483,0.0000,0.0000,0.0000
144.8500,19.8072,-0.4200,19279.1062,1480.3191,448.6860,0.0000,0.0000,0.0000
144.8667,19.8069,-0.4400,19305.9771,1482.5681,449.1237,0.0000,0.0000,0.0000
144.8833,19.8067,-0.4600,19332.8362,1484.8158,449.5614,0.0000,0.0000,0.0000
144.9000,19.8064,-0.4800,19359.6823,1487.0622,449.9991,0.0000,0.0000,0.0000
144.9167,19.8061,-0.5000,19386.5143,1489.3071,450.4368,0.0000,0.0000,0.0000
144.9333,19.8059,-0.5200,19413.3309,1491.5504,450.8745,0.0000,0.0000,0.0000
144.9500,19.8056,-0.5400,19440.1312,1493.7920,451.3122,0.0000,0.0000,0.0000
144.9667,19.8053,-0.5600,19466.9141,1496.0319,451.7499,0.0000,0.0000,0.0000
144.9833,19.8051,-0.5800,19493.6788,1498.2699,452.1876,0.0000,0.0000,0.0000
145.0000,19.8048,-0.6000,19520.4243,1500.5059,452.6253,0.0000,0.0000,0.0000
145.0167,19.8046,-0.6083,19542.4017,1502.3371,452.8053,0.0000,0.0000,0.0000
145.0333,19.8044,-0.6167,19563.0550,1504.1703,452.9855,0.0000,0.0000,0.0000
145.0500,19.8042,-0.6250,19583.3243,1506.0018,453.1659,0.0000,0.0000,0.0000
145.0667,19.8040,-0.6333,19603.4641,1507.8302,453.3463,0.0000,0.0000,0.0000
145.0833,19.8038,-0.6417,19623.5409,1509.6550,453.5267,0.0000,0.0000,0.0000
145.1000,19.8036,-0.6500,19643.5694,1511.4754,453.7071,0.0000,0.0000,0.0000
145.1167,19.8034,-0.6583,19663.5495,1513.2910,453.8875,0.0000,0.0000,0.0000
145.1333,19.8032,-0.6667,19683.4774,1515.1011,454.0680,0.0000,0.0000,0.0000
145.1500,19.8030,-0.6750,19703.3476,1516.9053,454.2484,0.0000,0.0000,0.0000
145.1667,19.8028,-0.6833,19723.1547,1518.7029,454.4289,0.0000,0.0000,0.0000
145.1833,19.8026,-0.6917,19742.8932,1520.4934,454.6093,0.0000,0.0000,0.0000
145.2000,19.8024,-0.7000,19762.5581,1522.2763,454.7898,0.0000,0.0000,0.0000
145.2167,19.8022,-0.7083,19782.1442,1524.0511,454.9703,0.0000,0.0000,0.0000
145.2333,19.8020,-0.7167,19801.6470,1525.8174,455.1509,0.0000,0.0000,0.0000
145.2500,19.8018,-0.7250,19821.0623,1527.5747,455.3314,0.0000,0.0000,0.0000
145.2667,19.8016,-0.7333,19840.3861,1529.3226,455.5120,0.0000,0.0000,0.0000
145.2833,19.8014,-0.7417,19859.6147,1531.0609,455.6926,0.0000,0.0000,0.0000
145.3000,19.8012,-0.7500,19878.7450,1532.7892,455.8732,0.0000,0.0000,0.0000
145.3167,19.8010,-0.7583,19897.7739,1534.5073,456.0538,0.0000,0.0000,0.0000
145.3333,19.8008,-0.7667,19916.6990,1536.2148,456.2344,0.0000,0.0000,0.0000
145.3500,19.8006,-0.7750,19935.5178,1537.9115,456.4151,0.0000,0.0000,0.0000
145.3667,19.8005,-0.7833,19954.2283,1539.5973,456.5958,0.0000,0.0000,0.0000
145.3833,19.8003,-0.7917,19972.8287,1541.2720,456.7766,0.0000,0.0000,0.0000
145.4000,19.8001,-0.8000,19991.3176,1542.9355,456.9573,0.0000,0.0000,0.0000
145.4167,19.7999,-0.8083,20009.6935,1544.5876,457.1381,0.0000,0.0000,0.0000
145.4333,19.7997,-0.8167,20027.9555,1546.2282,457.3189,0.0000,0.0000,0.0000
145.4500,19.7995,-0.8250,20046.1028,1547.8573,457.4997,0.0000,0.0000,0.0000
145.4667,19.7994,-0.8333,20064.1346,1549.4748,457.6806,0.0000,0.0000,0.0000
145.4833,19.7992,-0.8417,20082.0505,1551.0807,457.8614,0.0000,0.0000,0.0000
145.5000,19.7990,-0.8500,20099.8502,1552.6749,458.0423,0.0000,0.0000,0.0000
145.5167,19.7988,-0.8583,20117.5336,1554.2574,458.2233,0.0000,0.0000,0.0000
145.5333,19.7986,-0.8667,20135.1007,1555.8283,458.4042,0.0000,0.0000,0.0000
145.5500,19.7985,-0.8750,20152.5516,1557.3875,458.5852,0.0000,0.0000,0.0000
145.5667,19.7983,-0.8833,20169.8866,1558.9352,458.7662,0.0000,0.0000,0.0000
145.5833,19.7981,-0.8917,20187.1062,1560.4713,458.9473,0.0000,0.0000,0.0000
145.6000,19.7980,-0.9000,20204.2107,1561.9959,459.1283,0.0000,0.0000,0.0000
145.6167,19.7978,-0.9083,20221.2009,1563.5090,459.3094,0.0000,0.0000,0.0000
145.6333,19.7976,-0.9167,20238.0775,1565.0108,459.4905,0.0000,0.0000,0.0000
145.6500,19.7975,-0.9250,20254.8411,1566.5013,459.6716,0.0000,0.0000,0.0000
145.6667,19.7973,-0.9333,20266.7260,1567.7172,459.8539,0.0000,0.0000,0.0000
145.6833,19.7972,-0.9417,20279.6963,1568.9211,460.0358,0.0000,0.0000,0.0000
145.7000,19.7971,-0.9500,20293.1038,1570.1161,460.2177,0.0000,0.0000,0.0000
145.7167,19.7969,-0.9583,20306.6655,1571.3035,460.3996,0.0000,0.0000,0.0000
145.7333,19.7968,-0.9667,20320.2582,1572.4839,460.5814,0.0000,0.0000,0.0000
145.7500,19.7967,-0.9750,20333.8285,1573.6578,460.7632,0.0000,0.0000,0.0000
145.7667,19.7965,-0.9833,20347.3536,1574.8252,460.9451,0.0000,0.0000,0.0000
145.7833,19.7964,-0.9917,20360.8243,1575.9864,461.1269,0.0000,0.0000,0.0000
145.8000,19.7963,-1.0000,20374.2368,1577.1415,461.3088,0.0000,0.0000,0.0000
145.8167,19.7961,-1.0083,20387.5903,1578.2906,461.4907,0.0000,0.0000,0.0000
145.8333,19.7960,-1.0167,20400.8849,1579.4338,461.6726,0.0000,0.0000,0.0000
145.8500,19.7959,-1.0250,20414.1212,1580.5712,461.8545,0.0000,0.0000,0.0000
145.8667,19.7957,-1.0333,20427.2999,1581.7029,462.0365,0.0000,0.0000,0.0000
145.8833,19.7956,-1.0417,20440.4221,1582.8290,462.2184,0.0000,0.0000,0.0000
145.9000,19.7955,-1.0500,20453.4886,1583.9496,462.4004,0.0000,0.0000,0.0000
145.9167,19.7953,-1.0583,20466.5005,1585.0648,462.5823,0.0000,0.0000,0.0000
145.9333,19.7952,-1.0667,20479.4586,1586.1746,462.7643,0.0000,0.0000,0.0000
145.9500,19.7951,-1.0750,20492.3639,1587.2792,462.9463,0.0000,0.0000,0.0000
145.9667,19.7949,-1.0833,20505.2173,1588.3787,463.1283,0.0000,0.0000,0.0000
145.9833,19.7948,-1.0917,20518.0198,1589.4732,463.3103,0.0000,0.0000,0.0000
146.0000,19.7947,-1.1000,20530.7723,1590.5627,463.4923,0.0000,0.0000,0.0000
146.0167,19.7944,-1.1283,20556.4603,1592.5641,464.1151,0.0000,0.0000,0.0000
146.0333,19.7942,-1.1567,20582.4972,1594.5586,464.7379,0.0000,0.0000,0.0000
146.0500,19.7939,-1.1850,20608.5860,1596.5466,465.3606,0.0000,0.0000,0.0000
146.0667,19.7937,-1.2133,20634.6465,1598.5287,465.9833,0.0000,0.0000,0.0000
146.0833,19.7934,-1.2417,20660.6594,1600.5052,466.6060,0.0000,0.0000,0.0000
146.1000,19.7931,-1.2700,20686.6235,1602.4769,467.2288,0.0000,0.0000,0.0000
146.1167,19.7929,-1.2983,20712.5431,1604.4442,467.8515,0.0000,0.0000,0.0000
146.1333,19.7926,-1.3267,20738.4241,1606.4080,468.4743,0.0000,0.0000,0.0000
146.1500,19.7924,-1.3550,20764.2732,1608.3688,469.0970,0.0000,0.0000,0.0000
146.1667,19.7921,-1.3833,20790.0970,1610.3273,469.7198,0.0000,0.0000,0.0000
146.1833,19.7918,-1.4117,20815.9021,1612.2843,470.3426,0.0000,0.0000,0.0000
146.2000,19.7916,-1.4400,20841.6950,1614.2403,470.9653,0.0000,0.0000,0.0000
146.2167,19.7913,-1.4683,20867.4817,1616.1959,471.5881,0.0000,0.0000,0.0000
146.2333,19.7911,-1.4967,20893.2682,1618.1518,472.2109,0.0000,0.0000,0.0000
146.2500,19.7908,-1.5250,20919.0599,1620.1084,472.8337,0.0000,0.0000,0.0000
146.2667,19.7906,-1.5533,20944.8620,1622.0663,473.4565,0.0000,0.0000,0.0000
146.2833,19.7903,-1.5817,20970.6793,1624.0259,474.0792,0.0000,0.0000,0.0000
146.3000,19.7900,-1.6100,20996.5163,1625.9877,474.7020,0.0000,0.0000,0.0000
146.3167,19.7898,-1.6383,21022.3773,1627.9520,475.3248,0.0000,0.0000,0.0000
146.3333,19.7895,-1.6667,21048.2660,1629.9193,475.9475,0.0000,0.0000,0.0000
146.3500,19.7893,-1.6950,21074.1860,1631.8898,476.5703,0.0000,0.0000,0.0000
146.3667,19.7890,-1.7233,21100.1407,1633.8640,477.1930,0.0000,0.0000,0.0000
146.3833,19.7887,-1.7517,21126.1328,1635.8421,477.8157,0.0000,0.0000,0.0000
146.4000,19.7885,-1.7800,21152.1653,1637.8243,478.4385,0.0000,0.0000,0.0000
146.4167,19.7882,-1.8083,21178.2406,1639.8109,479.0612,0.0000,0.0000,0.0000
146.4333,19.7880,-1.8367,21204.3609,1641.8021,479.6839,0.0000,0.0000,0.0000
146.4500,19.7877,-1.8650,21230.5282,1643.7981,480.3066,0.0000,0.0000,0.0000
146.4667,19.7874,-1.8933,21256.7443,1645.7991,480.9293,0.0000,0.0000,0.0000
146.4833,19.7872,-1.9217,21283.0109,1647.8052,481.5519,0.0000,0.0000,0.0000
146.5000,19.7869,-1.9500,21309.3294,1649.8165,482.1746,0.0000,0.0000,0.0000
146.5167,19.7866,-1.9783,21335.7009,1651.8333,482.7972,0.0000,0.0000,0.0000
146.5333,19.7864,-2.0067,21362.1267,1653.8555,483.4199,0.0000,0.0000,0.0000
146.5500,19.7861,-2.0350,21388.6075,1655.8832,484.0425,0.0000,0.0000,0.0000
146.5667,19.7858,-2.0633,21415.1443,1657.9166,484.6651,0.0000,0.0000,0.0000
146.5833,19.7856,-2.0917,21441.7376,1659.9557,485.2877,0.0000,0.0000,0.0000
146.6000,19.7853,-2.1200,21468.3880,1662.0006,485.9103,0.0000,0.0000,0.0000
146.6167,19.7850,-2.1483,21495.0958,1664.0512,486.5329,0.0000,0.0000,0.0000
146.6333,19.7848,-2.1767,21521.8613,1666.1076,487.1554,0.0000,0.0000,0.0000
146.6500,19.7845,-2.2050,21548.6849,1668.1698,487.7780,0.0000,0.0000,0.0000
146.6667,19.7842,-2.2333,21575.5664,1670.2379,488.4005,0.0000,0.0000,0.0000
146.6833,19.7840,-2.2617,21602.5060,1672.3117,489.0230,0.0000,0.0000,0.0000
146.7000,19.7837,-2.2900,21629.5036,1674.3914,489.6455,0.0000,0.0000,0.0000
146.7167,19.7834,-2.3183,21656.5591,1676.4769,490.2680,0.0000,0.0000,0.0000
146.7333,19.7832,-2.3467,21683.6721,1678.5681,490.8905,0.0000,0.0000,0.0000
146.7500,19.7829,-2.3750,21710.8426,1680.6651,491.5130,0.0000,0.0000,0.0000
146.7667,19.7826,-2.4033,21738.0700,1682.7678,492.1355,0.0000,0.0000,0.0000
146.7833,19.7823,-2.4317,21765.3540,1684.8761,492.7579,0.0000,0.0000,0.0000
146.8000,19.7821,-2.4600,21792.6943,1686.9900,493.3803,0.0000,0.0000,0.0000
146.8167,19.7818,-2.4883,21820.0902,1689.1095,494.0028,0.0000,0.0000,0.0000
146.8333,19.7815,-2.5167,21847.5413,1691.2345,494.6252,0.0000,0.0000,0.0000
146.8500,19.7812,-2.5450,21875.0470,1693.3650,495.2476,0.0000,0.0000,0.0000
146.8667,19.7810,-2.5733,21902.6067,1695.5008,495.8700,0.0000,0.0000,0.0000
146.8833,19.7807,-2.6017,21930.2199,1697.6420,496.4923,0.0000,0.0000,0.0000
146.9000,19.7804,-2.6300,21957.8858,1699.7885,497.1147,0.0000,0.0000,0.0000
146.9167,19.7801,-2.6583,21985.6037,1701.9401,497.7370,0.0000,0.0000,0.0000
146.9333,19.7799,-2.6867,22013.3731,1704.0968,498.3594,0.0000,0.0000,0.0000
146.9500,19.7796,-2.7150,22041.1931,1706.2586,498.9817,0.0000,0.0000,0.0000
146.9667,19.7793,-2.7433,22069.0630,1708.4254,499.6040,0.0000,0.0000,0.0000
146.9833,19.7790,-2.7717,22096.9821,1710.5970,500.2263,0.0000,0.0000,0.0000
147.0000,19.7788,-2.8000,22124.9497,1712.7735,500.8486,0.0000,0.0000,0.0000
147.0167,19.7786,-2.7900,22137.3509,1713.6295,500.6240,0.0000,0.0000,0.0000
147.0333,19.7785,-2.7800,22145.5102,1714.5032,500.4004,0.0000,0.0000,0.0000
147.0500,19.7785,-2.7700,22152.5230,1715.3830,500.1770,0.0000,0.0000,0.0000
147.0667,19.7784,-2.7600,22159.2311,1716.2653,499.9537,0.0000,0.0000,0.0000
147.0833,19.7783,-2.7500,22165.8581,1717.1481,499.7304,0.0000,0.0000,0.0000
147.1000,19.7783,-2.7400,22172.4567,1718.0301,499.5071,0.0000,0.0000,0.0000
147.1167,19.7782,-2.7300,22179.0321,1718.9100,499.2839,0.0000,0.0000,0.0000
147.1333,19.7781,-2.7200,22185.5758,1719.7863,499.0606,0.0000,0.0000,0.0000
147.1500,19.7781,-2.7100,22192.0755,1720.6577,498.8373,0.0000,0.0000,0.0000
147.1667,19.7780,-2.7000,22198.5179,1721.5227,498.6141,0.0000,0.0000,0.0000
147.1833,19.7780,-2.6900,22204.8897,1722.3802,498.3908,0.0000,0.0000,0.0000
147.2000,19.7779,-2.6800,22211.1781,1723.2287,498.1676,0.0000,0.0000,0.0000
147.2167,19.7778,-2.6700,22217.3707,1724.0672,497.9444,0.0000,0.0000,0.0000
147.2333,19.7778,-2.6600,22223.4560,1724.8944,497.7212,0.0000,0.0000,0.0000
147.2500,19.7777,-2.6500,22229.4231,1725.7093,497.4981,0.0000,0.0000,0.0000
147.2667,19.7776,-2.6400,22235.2622,1726.5109,497.2750,0.0000,0.0000,0.0000
147.2833,19.7776,-2.6300,22240.9638,1727.2984,497.0519,0.0000,0.0000,0.0000
147.3000,19.7775,-2.6200,22246.5195,1728.0709,496.8288,0.0000,0.0000,0.0000
147.3167,19.7775,-2.6100,22251.9216,1728.8277,496.6058,0.0000,0.0000,0.0000
147.3333,19.7774,-2.6000,22255.0949,1729.3224,496.3833,0.0000,0.0000,0.0000
147.3500,19.7774,-2.5900,22257.9568,1729.8066,496.1608,0.0000,0.0000,0.0000
147.3667,19.7774,-2.5800,22260.6200,1730.2799,495.9384,0.0000,0.0000,0.0000
147.3833,19.7774,-2.5700,22263.1340,1730.7424,495.7160,0.0000,0.0000,0.0000
147.4000,19.7773,-2.5600,22265.5200,1731.1938,495.4937,0.0000,0.0000,0.0000
147.4167,19.7773,-2.5500,22267.7863,1731.6338,495.2714,0.0000,0.0000,0.0000
147.4333,19.7773,-2.5400,22269.9357,1732.0624,495.0491,0.0000,0.0000,0.0000
147.4500,19.7773,-2.5300,22271.9686,1732.4793,494.8268,0.0000,0.0000,0.0000
147.4667,19.7773,-2.5200,22273.8842,1732.8845,494.6045,0.0000,0.0000,0.0000
147.4833,19.7772,-2.5100,22275.6812,1733.2776,494.3823,0.0000,0.0000,0.0000
147.5000,19.7772,-2.5000,22277.3582,1733.6586,494.1601,0.0000,0.0000,0.0000
147.5167,19.7772,-2.4900,22278.9139,1734.0274,493.9380,0.0000,0.0000,0.0000
147.5333,19.7772,-2.4800,22280.3471,1734.3838,493.7158,0.0000,0.0000,0.0000
147.5500,19.7772,-2.4700,22281.6566,1734.7277,493.4937,0.0000,0.0000,0.0000
147.5667,19.7772,-2.4600,22282.8412,1735.0591,493.2716,0.0000,0.0000,0.0000
147.5833,19.7772,-2.4500,22283.9002,1735.3777,493.0496,0.0000,0.0000,0.0000
147.6000,19.7772,-2.4400,22284.8326,1735.6836,492.8275,0.0000,0.0000,0.0000
147.6167,19.7771,-2.4300,22285.6378,1735.9768,492.6055,0.0000,0.0000,0.0000
147.6333,19.7771,-2.4200,22286.3153,1736.2570,492.3835,0.0000,0.0000,0.0000
147.6500,19.7771,-2.4100,22286.8646,1736.5244,492.1616,0.0000,0.0000,0.0000
147.6667,19.7771,-2.4000,22287.2854,1736.7789,491.9397,0.0000,0.0000,0.0000
147.6833,19.7771,-2.3900,22287.5774,1737.0205,491.7178,0.0000,0.0000,0.0000
147.7000,19.7771,-2.3800,22288.5599,1737.4189,491.4958,0.0000,0.0000,0.0000
147.7167,19.7771,-2.3700,22289.0498,1737.6299,491.2738,0.0000,0.0000,0.0000
147.7333,19.7771,-2.3600,22289.1371,1737.8287,491.0520,0.0000,0.0000,0.0000
147.7500,19.7771,-2.3500,22288.9747,1738.0149,490.8302,0.0000,0.0000,0.0000
147.7667,19.7771,-2.3400,22288.6303,1738.1884,490.6085,0.0000,0.0000,0.0000
147.7833,19.7771,-2.3300,22288.1343,1738.3491,490.3867,0.0000,0.0000,0.0000
147.8000,19.7771,-2.3200,22287.9756,1738.6438,490.1650,0.0000,0.0000,0.0000
147.8167,19.7771,-2.3100,22287.7271,1738.7741,489.9432,0.0000,0.0000,0.0000
147.8333,19.7771,-2.3000,22287.0423,1738.8928,489.7215,0.0000,0.0000,0.0000
147.8500,19.7771,-2.2900,22286.0952,1738.9993,489.4999,0.0000,0.0000,0.0000
147.8667,19.7772,-2.2800,22284.9630,1739.0935,489.2783,0.0000,0.0000,0.0000
147.8833,19.7772,-2.2700,22283.8750,1739.3033,489.0567,0.0000,0.0000,0.0000
147.9000,19.7772,-2.2600,22283.0244,1739.3678,488.8351,0.0000,0.0000,0.0000
147.9167,19.7772,-2.2500,22281.7110,1739.4212,488.6136,0.0000,0.0000,0.0000
147.9333,19.7772,-2.2400,22280.1264,1739.4631,488.3921,0.0000,0.0000,0.0000
147.9500,19.7772,-2.2300,22278.3558,1739.4932,488.1707,0.0000,0.0000,0.0000
147.9667,19.7772,-2.2200,22276.3581,1739.6212,487.9493,0.0000,0.0000,0.0000
147.9833,19.7773,-2.2100,22274.9257,1739.6226,487.7278,0.0000,0.0000,0.0000
148.0000,19.7773,-2.2000,22273.0078,1739.6135,487.5064,0.0000,0.0000,0.0000
148.0167,19.7773,-2.2000,22273.9571,1739.9428,487.5062,0.0000,0.0000,0.0000
148.0333,19.7772,-2.2000,22276.1058,1740.2565,487.5057,0.0000,0.0000,0.0000
148.0500,19.7772,-2.2000,22278.7221,1740.5576,487.5051,0.0000,0.0000,0.0000
148.0667,19.7772,-2.2000,22281.4859,1740.8473,487.5045,0.0000,0.0000,0.0000
148.0833,19.7772,-2.2000,22284.2582,1741.1266,487.5039,0.0000,0.0000,0.0000
148.1000,19.7771,-2.2000,22286.9799,1741.3960,487.5033,0.0000,0.0000,0.0000
148.1167,19.7771,-2.2000,22289.6270,1741.6559,487.5027,0.0000,0.0000,0.0000
148.1333,19.7771,-2.2000,22292.1912,1741.9068,487.5021,0.0000,0.0000,0.0000
148.1500,19.7771,-2.2000,22294.6712,1742.1491,487.5016,0.0000,0.0000,0.0000
148.1667,19.7770,-2.2000,22297.0689,1742.3833,487.5011,0.0000,0.0000,0.0000
148.1833,19.7770,-2.2000,22299.3874,1742.6098,487.5005,0.0000,0.0000,0.0000
148.2000,19.7770,-2.2000,22301.6305,1742.8290,487.5000,0.0000,0.0000,0.0000
148.2167,19.7770,-2.2000,22303.8022,1743.0414,487.4996,0.0000,0.0000,0.0000
148.2333,19.7769,-2.2000,22305.9066,1743.2473,487.4991,0.0000,0.0000,0.0000
148.2500,19.7769,-2.2000,22307.9478,1743.4472,487.4986,0.0000,0.0000,0.0000
148.2667,19.7769,-2.2000,22309.9297,1743.6414,487.4982,0.0000,0.0000,0.0000
148.2833,19.7769,-2.2000,22311.8561,1743.8303,487.4978,0.0000,0.0000,0.0000
148.3000,19.7769,-2.2000,22313.7309,1744.0144,487.4974,0.0000,0.0000,0.0000
148.3167,19.7768,-2.2000,22315.5576,1744.1939,487.4970,0.0000,0.0000,0.0000
148.3333,19.7768,-2.2000,22317.3396,1744.3691,487.4966,0.0000,0.0000,0.0000
148.3500,19.7768,-2.2000,22319.0802,1744.5405,487.4962,0.0000,0.0000,0.0000
148.3667,19.7768,-2.2000,22320.7825,1744.7083,487.4958,0.0000,0.0000,0.0000
148.3833,19.7768,-2.2000,22322.4497,1744.8727,487.4954,0.0000,0.0000,0.0000
148.4000,19.7768,-2.2000,22324.0844,1745.0342,487.4951,0.0000,0.0000,0.0000
148.4167,19.7767,-2.2000,22325.6895,1745.1928,487.4947,0.0000,0.0000,0.0000
148.4333,19.7767,-2.2000,22327.2675,1745.3489,487.4944,0.0000,0.0000,0.0000
148.4500,19.7767,-2.2000,22328.8209,1745.5028,487.4940,0.0000,0.0000,0.0000
148.4667,19.7767,-2.2000,22330.3518,1745.6545,487.4937,0.0000,0.0000,0.0000
148.4833,19.7767,-2.2000,22331.8625,1745.8044,487.4933,0.0000,0.0000,0.0000
148.5000,19.7767,-2.2000,22333.3551,1745.9527,487.4930,0.0000,0.0000,0.0000
148.5167,19.7767,-2.2000,22334.8315,1746.0994,487.4927,0.0000,0.0000,0.0000
148.5333,19.7766,-2.2000,22336.2934,1746.2448,487.4924,0.0000,0.0000,0.0000
148.5500,19.7766,-2.2000,22337.7426,1746.3891,487.4920,0.0000,0.0000,0.0000
148.5667,19.7766,-2.2000,22339.1806,1746.5324,487.4917,0.0000,0.0000,0.0000
148.5833,19.7766,-2.2000,22340.6089,1746.6748,487.4914,0.0000,0.0000,0.0000
148.6000,19.7766,-2.2000,22342.0289,1746.8165,487.4911,0.0000,0.0000,0.0000
148.6167,19.7766,-2.2000,22343.4418,1746.9576,487.4908,0.0000,0.0000,0.0000
148.6333,19.7766,-2.2000,22344.8489,1747.0982,487.4905,0.0000,0.0000,0.0000
148.6500,19.7765,-2.2000,22346.2512,1747.2383,487.4901,0.0000,0.0000,0.0000
148.6667,19.7765,-2.2000,22347.6498,1747.3782,487.4898,0.0000,0.0000,0.0000
148.6833,19.7765,-2.2000,22349.0455,1747.5179,487.4895,0.0000,0.0000,0.0000
148.7000,19.7765,-2.2000,22350.4392,1747.6574,487.4892,0.0000,0.0000,0.0000
148.7167,19.7765,-2.2000,22351.8316,1747.7968,487.4889,0.0000,0.0000,0.0000
148.7333,19.7765,-2.2000,22353.2234,1747.9363,487.4886,0.0000,0.0000,0.0000
148.7500,19.7765,-2.2000,22354.6152,1748.0757,487.4883,0.0000,0.0000,0.0000
148.7667,19.7764,-2.2000,22356.0076,1748.2153,487.4880,0.0000,0.0000,0.0000
148.7833,19.7764,-2.2000,22357.4010,1748.3550,487.4877,0.0000,0.0000,0.0000
148.8000,19.7764,-2.2000,22358.7958,1748.4949,487.4874,0.0000,0.0000,0.0000
148.8167,19.7764,-2.2000,22360.1924,1748.6350,487.4871,0.0000,0.0000,0.0000
148.8333,19.7764,-2.2000,22361.5909,1748.7753,487.4867,0.0000,0.0000,0.0000
148.8500,19.7764,-2.2000,22362.9916,1748.9158,487.4864,0.0000,0.0000,0.0000
148.8667,19.7764,-2.2000,22364.3945,1749.0566,487.4861,0.0000,0.0000,0.0000
148.8833,19.7763,-2.2000,22365.7999,1749.1976,487.4858,0.0000,0.0000,0.0000
148.9000,19.7763,-2.2000,22367.2076,1749.3388,487.4855,0.0000,0.0000,0.0000
148.9167,19.7763,-2.2000,22368.6176,1749.4803,487.4852,0.0000,0.0000,0.0000
148.9333,19.7763,-2.2000,22370.0297,1749.6219,487.4849,0.0000,0.0000,0.0000
148.9500,19.7763,-2.2000,22371.4438,1749.7638,487.4846,0.0000,0.0000,0.0000
148.9667,19.7763,-2.2000,22372.8594,1749.9057,487.4842,0.0000,0.0000,0.0000
148.9833,19.7763,-2.2000,22374.2763,1750.0478,487.4839,0.0000,0.0000,0.0000
149.0000,19.7762,-2.2000,22375.6939,1750.1899,487.4836,0.0000,0.0000,0.0000
149.0167,19.7762,-2.2000,22377.1117,1750.3320,487.4833,0.0000,0.0000,0.0000
149.0333,19.7762,-2.2000,22378.5288,1750.4739,487.4830,0.0000,0.0000,0.0000
149.0500,19.7762,-2.2000,22379.9443,1750.6156,487.4827,0.0000,0.0000,0.0000
149.0667,19.7762,-2.2000,22381.3568,1750.7569,487.4824,0.0000,0.0000,0.0000
149.0833,19.7762,-2.2000,22382.7649,1750.8976,487.4820,0.0000,0.0000,0.0000
149.1000,19.7762,-2.2000,22384.1665,1751.0375,487.4817,0.0000,0.0000,0.0000
149.1167,19.7761,-2.2000,22385.5592,1751.1762,487.4814,0.0000,0.0000,0.0000
149.1333,19.7761,-2.2000,22386.9399,1751.3135,487.4811,0.0000,0.0000,0.0000
149.1500,19.7761,-2.2000,22388.3042,1751.4488,487.4808,0.0000,0.0000,0.0000
149.1667,19.7761,-2.2000,22389.6454,1751.5809,487.4805,0.0000,0.0000,0.0000
149.1833,19.7761,-2.2000,22390.9518,1751.7077,487.4802,0.0000,0.0000,0.0000
149.2000,19.7761,-2.2000,22392.1881,1751.8245,487.4800,0.0000,0.0000,0.0000
149.2167,19.7761,-2.2000,22393.3653,1751.9456,487.4797,0.0000,0.0000,0.0000
149.2333,19.7761,-2.2000,22394.5822,1752.0698,487.4794,0.0000,0.0000,0.0000
149.2500,19.7760,-2.2000,22395.8280,1752.1965,487.4792,0.0000,0.0000,0.0000
149.2667,19.7760,-2.2000,22397.0972,1752.3253,487.4789,0.0000,0.0000,0.0000
149.2833,19.7760,-2.2000,22398.3865,1752.4560,487.4786,0.0000,0.0000,0.0000
149.3000,19.7760,-2.2000,22399.6934,1752.5882,487.4783,0.0000,0.0000,0.0000
149.3167,19.7760,-2.2000,22401.0159,1752.7218,487.4780,0.0000,0.0000,0.0000
149.3333,19.7760,-2.2000,22402.3526,1752.8568,487.4777,0.0000,0.0000,0.0000
149.3500,19.7760,-2.2000,22403.7020,1752.9930,487.4774,0.0000,0.0000,0.0000
149.3667,19.7759,-2.2000,22405.0630,1753.1302,487.4771,0.0000,0.0000,0.0000
149.3833,19.7759,-2.2000,22406.4346,1753.2684,487.4768,0.0000,0.0000,0.0000
149.4000,19.7759,-2.2000,22407.8159,1753.4076,487.4765,0.0000,0.0000,0.0000
149.4167,19.7759,-2.2000,22409.2061,1753.5475,487.4762,0.0000,0.0000,0.0000
149.4333,19.7759,-2.2000,22410.6044,1753.6883,487.4759,0.0000,0.0000,0.0000
149.4500,19.7759,-2.2000,22412.0101,1753.8297,487.4756,0.0000,0.0000,0.0000
149.4667,19.7759,-2.2000,22413.4226,1753.9717,487.4752,0.0000,0.0000,0.0000
149.4833,19.7759,-2.2000,22414.8413,1754.1144,487.4749,0.0000,0.0000,0.0000
149.5000,19.7758,-2.2000,22416.2657,1754.2575,487.4746,0.0000,0.0000,0.0000
149.5167,19.7758,-2.2000,22417.6951,1754.4012,487.4743,0.0000,0.0000,0.0000
149.5333,19.7758,-2.2000,22419.1292,1754.5452,487.4740,0.0000,0.0000,0.0000
149.5500,19.7758,-2.2000,22420.5674,1754.6897,487.4737,0.0000,0.0000,0.0000
149.5667,19.7758,-2.2000,22422.0094,1754.8345,487.4733,0.0000,0.0000,0.0000
149.5833,19.7758,-2.2000,22423.4547,1754.9795,487.4730,0.0000,0.0000,0.0000
149.6000,19.7758,-2.2000,22424.9030,1755.1249,487.4727,0.0000,0.0000,0.0000
149.6167,19.7757,-2.2000,22426.3538,1755.2705,487.4724,0.0000,0.0000,0.0000
149.6333,19.7757,-2.2000,22427.8069,1755.4163,487.4721,0.0000,0.0000,0.0000
149.6500,19.7757,-2.2000,22429.2620,1755.5623,487.4717,0.0000,0.0000,0.0000
149.6667,19.7757,-2.2000,22430.7186,1755.7084,487.4714,0.0000,0.0000,0.0000
149.6833,19.7757,-2.2000,22432.1766,1755.8546,487.4711,0.0000,0.0000,0.0000
149.7000,19.7757,-2.2000,22433.6357,1756.0009,487.4708,0.0000,0.0000,0.0000
149.7167,19.7756,-2.2000,22435.0955,1756.1473,487.4704,0.0000,0.0000,0.0000
149.7333,19.7756,-2.2000,22436.5560,1756.2937,487.4701,0.0000,0.0000,0.0000
149.7500,19.7756,-2.2000,22438.0167,1756.4401,487.4698,0.0000,0.0000,0.0000
149.7667,19.7756,-2.2000,22439.4776,1756.5865,487.4695,0.0000,0.0000,0.0000
149.7833,19.7756,-2.2000,22440.9383,1756.7329,487.4691,0.0000,0.0000,0.0000
149.8000,19.7756,-2.2000,22442.3988,1756.8792,487.4688,0.0000,0.0000,0.0000
149.8167,19.7756,-2.2000,22443.8588,1757.0255,487.4685,0.0000,0.0000,0.0000
149.8333,19.7755,-2.2000,22445.3182,1757.1717,487.4682,0.0000,0.0000,0.0000
149.8500,19.7755,-2.2000,22446.7767,1757.3178,487.4678,0.0000,0.0000,0.0000
149.8667,19.7755,-2.2000,22448.2342,1757.4638,487.4675,0.0000,0.0000,0.0000
149.8833,19.7755,-2.2000,22449.6906,1757.6097,487.4672,0.0000,0.0000,0.0000
149.9000,19.7755,-2.2000,22451.1458,1757.7555,487.4669,0.0000,0.0000,0.0000
149.9167,19.7755,-2.2000,22452.5995,1757.9011,487.4666,0.0000,0.0000,0.0000
149.9333,19.7755,-2.2000,22454.0517,1758.0465,487.4662,0.0000,0.0000,0.0000
149.9500,19.7754,-2.2000,22455.5023,1758.1917,487.4659,0.0000,0.0000,0.0000
149.9667,19.7754,-2.2000,22456.9511,1758.3368,487.4656,0.0000,0.0000,0.0000
149.9833,19.7754,-2.2000,22458.3980,1758.4817,487.4653,0.0000,0.0000,0.0000
150.0000,19.7754,-2.2000,22459.8430,1758.6264,487.4650,0.0000,0.0000,0.0000
150.0167,19.7754,-2.1817,22455.4313,1758.1155,487.0593,3.7872,0.0000,0.0000
150.0333,19.7755,-2.1633,22446.4402,1757.6419,486.6546,7.5744,0.0000,0.0000
150.0500,19.7756,-2.1450,22437.4992,1757.1541,486.2499,11.3616,0.0000,0.0000
150.0667,19.7757,-2.1267,22428.4797,1756.6533,485.8452,15.1488,0.0000,0.0000
150.0833,19.7758,-2.1083,22419.3507,1756.1405,485.4406,18.9360,0.0000,0.0000
150.1000,19.7759,-2.0900,22410.1060,1755.6158,485.0359,22.7232,0.0000,0.0000
150.1167,19.7760,-2.0717,22400.7446,1755.0794,484.6313,26.5104,0.0000,0.0000
150.1333,19.7761,-2.0533,22391.2660,1754.5312,484.2268,30.2976,0.0000,0.0000
150.1500,19.7762,-2.0350,22381.6693,1753.9711,483.8222,34.0848,0.0000,0.0000
150.1667,19.7763,-2.0167,22371.9533,1753.3990,483.4177,37.8720,0.0000,0.0000
150.1833,19.7764,-1.9983,22362.1164,1752.8148,483.0132,41.6592,0.0000,0.0000
150.2000,19.7765,-1.9800,22352.1573,1752.2183,482.6087,45.4464,0.0000,0.0000
150.2167,19.7766,-1.9617,22342.0745,1751.6093,482.2043,49.2336,0.0000,0.0000
150.2333,19.7767,-1.9433,22331.8672,1750.9877,481.7999,53.0208,0.0000,0.0000
150.2500,19.7768,-1.9250,22321.5348,1750.3537,481.3955,56.8080,0.0000,0.0000
150.2667,19.7769,-1.9067,22311.0772,1749.7071,480.9911,60.5952,0.0000,0.0000
150.2833,19.7770,-1.8883,22300.4951,1749.0480,480.5868,64.3824,0.0000,0.0000
150.3000,19.7771,-1.8700,22289.7896,1748.3766,480.1825,68.1696,0.0000,0.0000
150.3167,19.7772,-1.8517,22278.9631,1747.6932,479.7782,71.9568,0.0000,0.0000
150.3333,19.7773,-1.8333,22268.0186,1746.9982,479.3740,75.7440,0.0000,0.0000
150.3500,19.7774,-1.8150,22256.9608,1746.2919,478.9698,79.5312,0.0000,0.0000
150.3667,19.7775,-1.7967,22245.7960,1745.5753,478.5656,83.3184,0.0000,0.0000
150.3833,19.7777,-1.7783,22234.5327,1744.8491,478.1614,87.1056,0.0000,0.0000
150.4000,19.7778,-1.7600,22223.1835,1744.1150,477.7572,90.8928,0.0000,0.0000
150.4167,19.7779,-1.7417,22211.7677,1743.3751,477.3531,94.6800,0.0000,0.0000
150.4333,19.7780,-1.7233,22200.3197,1742.6338,476.9490,98.4672,0.0000,0.0000
150.4500,19.7781,-1.7050,22188.9461,1741.8976,476.5448,102.2544,0.0000,0.0000
150.4667,19.7782,-1.6867,22177.0303,1741.0839,476.1408,106.0416,0.0000,0.0000
150.4833,19.7784,-1.6683,22164.5176,1740.2151,475.7369,109.8288,0.0000,0.0000
150.5000,19.7785,-1.6500,22151.5453,1739.3034,475.3331,113.6160,0.0000,0.0000
150.5167,19.7786,-1.6317,22138.1704,1738.3532,474.9294,117.4032,0.0000,0.0000
150.5333,19.7788,-1.6133,22124.4240,1737.3669,474.5257,121.1904,0.0000,0.0000
150.5500,19.7789,-1.5950,22110.3247,1736.3459,474.1222,124.9776,0.0000,0.0000
150.5667,19.7790,-1.5767,22095.8849,1735.2913,473.7187,128.7648,0.0000,0.0000
150.5833,19.7792,-1.5583,22081.1127,1734.2036,473.3153,132.5520,0.0000,0.0000
150.6000,19.7793,-1.5400,22066.0144,1733.0835,472.9120,136.3392,0.0000,0.0000
150.6167,19.7795,-1.5217,22050.5945,1731.9314,472.5087,140.1264,0.0000,0.0000
150.6333,19.7797,-1.5033,22034.8566,1730.7475,472.1056,143.9136,0.0000,0.0000
150.6500,19.7798,-1.4850,22018.8037,1729.5322,471.7024,147.7008,0.0000,0.0000
150.6667,19.7800,-1.4667,22002.4384,1728.2857,471.2994,151.4880,0.0000,0.0000
150.6833,19.7801,-1.4483,21985.7627,1727.0081,470.8964,155.2752,0.0000,0.0000
150.7000,19.7803,-1.4300,21968.7787,1725.6997,470.4935,159.0624,0.0000,0.0000
150.7167,19.7805,-1.4117,21951.4878,1724.3606,470.0907,162.8496,0.0000,0.0000
150.7333,19.7807,-1.3933,21933.8919,1722.9910,469.6879,166.6368,0.0000,0.0000
150.7500,19.7808,-1.3750,21915.9922,1721.5911,469.2852,170.4240,0.0000,0.0000
150.7667,19.7810,-1.3567,21897.7903,1720.1609,468.8826,174.2112,0.0000,0.0000
150.7833,19.7812,-1.3383,21879.2874,1718.7006,468.4800,177.9984,0.0000,0.0000
150.8000,19.7814,-1.3200,21860.4849,1717.2103,468.0775,181.7856,0.0000,0.0000
150.8167,19.7816,-1.3017,21841.3840,1715.6901,467.6750,185.5728,0.0000,0.0000
150.8333,19.7818,-1.2833,21821.9859,1714.1403,467.2727,189.3600,0.0000,0.0000
150.8500,19.7820,-1.2650,21802.2920,1712.5608,466.8704,193.1472,0.0000,0.0000
150.8667,19.7822,-1.2467,21782.3034,1710.9518,466.4681,196.9344,0.0000,0.0000
150.8833,19.7824,-1.2283,21762.0214,1709.3135,466.0659,200.7216,0.0000,0.0000
150.9000,19.7826,-1.2100,21741.4472,1707.6460,465.6638,204.5088,0.0000,0.0000
150.9167,19.7828,-1.1917,21720.5820,1705.9493,465.2618,208.2960,0.0000,0.0000
150.9333,19.7830,-1.1733,21699.4271,1704.2237,464.8598,212.0832,0.0000,0.0000
150.9500,19.7832,-1.1550,21677.9837,1702.4692,464.4579,215.8704,0.0000,0.0000
150.9667,19.7834,-1.1367,21656.2531,1700.6860,464.0560,219.6576,0.0000,0.0000
150.9833,19.7837,-1.1183,21634.2364,1698.8741,463.6542,223.4448,0.0000,0.0000
151.0000,19.7839,-1.1000,21611.9350,1697.0338,463.2525,227.2320,0.0000,0.0000
151.0167,19.7842,-1.0717,21583.2062,1694.5216,462.6304,251.8488,0.0000,0.0000
151.0333,19.7845,-1.0433,21550.6768,1691.7325,462.0091,276.4656,0.0000,0.0000
151.0500,19.7848,-1.0150,21515.2597,1688.6905,461.3885,301.0824,0.0000,0.0000
151.0667,19.7852,-0.9867,21477.3278,1685.4117,460.7684,325.6992,0.0000,0.0000
151.0833,19.7856,-0.9583,21437.0640,1681.9067,460.1488,350.3160,0.0000,0.0000
151.1000,19.7861,-0.9300,21394.5735,1678.1829,459.5297,374.9328,0.0000,0.0000
151.1167,19.7865,-0.9017,21349.9234,1674.2456,458.9111,399.5496,0.0000,0.0000
151.1333,19.7870,-0.8733,21298.1908,1669.8917,458.2941,424.1664,0.0000,0.0000
151.1500,19.7875,-0.8450,21246.4036,1665.3238,457.6771,448.7832,0.0000,0.0000
151.1667,19.7880,-0.8167,21198.2792,1660.7796,457.0593,473.4000,0.0000,0.0000
151.1833,19.7885,-0.7883,21146.2429,1656.0339,456.4423,498.0168,0.0000,0.0000
151.2000,19.7891,-0.7600,21091.6498,1651.0850,455.8259,522.6336,0.0000,0.0000
151.2167,19.7897,-0.7317,21034.8890,1645.9342,455.2100,547.2504,0.0000,0.0000
151.2333,19.7903,-0.7033,20969.6230,1640.2974,454.5960,571.8672,0.0000,0.0000
151.2500,19.7910,-0.6750,20904.9395,1634.4564,453.9819,596.4840,0.0000,0.0000
151.2667,19.7916,-0.6467,20838.8568,1628.4156,453.3680,621.1008,0.0000,0.0000
151.2833,19.7923,-0.6183,20770.9143,1622.1744,452.7546,645.7176,0.0000,0.0000
151.3000,19.7930,-0.5900,20700.9982,1615.7321,452.1416,670.3344,0.0000,0.0000
151.3167,19.7937,-0.5617,20629.0766,1609.0877,451.5291,694.9512,0.0000,0.0000
151.3333,19.7944,-0.5333,20555.1382,1602.2409,450.9170,719.5680,0.0000,0.0000
151.3500,19.7952,-0.5050,20479.1776,1595.1913,450.3053,744.1848,0.0000,0.0000
151.3667,19.7960,-0.4767,20401.1921,1587.9386,449.6941,768.8016,0.0000,0.0000
151.3833,19.7968,-0.4483,20321.1802,1580.4828,449.0834,793.4184,0.0000,0.0000
151.4000,19.7976,-0.4200,20239.1414,1572.8238,448.4731,818.0352,0.0000,0.0000
151.4167,19.7984,-0.3917,20155.0756,1564.9617,447.8632,842.6520,0.0000,0.0000
151.4333,19.7993,-0.3633,20068.9836,1556.8966,447.2538,867.2688,0.0000,0.0000
151.4500,19.8002,-0.3350,19980.8666,1548.6285,446.6449,891.8856,0.0000,0.0000
151.4667,19.8011,-0.3067,19890.7260,1540.1577,446.0364,916.5024,0.0000,0.0000
151.4833,19.8020,-0.2783,19798.5642,1531.4844,445.4283,941.1192,0.0000,0.0000
151.5000,19.8030,-0.2500,19704.3835,1522.6089,444.8207,965.7360,0.0000,0.0000
151.5167,19.8039,-0.2217,19608.1870,1513.5314,444.2135,990.3528,0.0000,0.0000
151.5333,19.8049,-0.1933,19509.9781,1504.2524,443.6068,1014.9696,0.0000,0.0000
151.5500,19.8059,-0.1650,19409.7606,1494.7721,443.0005,1039.5864,0.0000,0.0000
151.5667,19.8069,-0.1367,19307.5388,1485.0912,442.3947,1064.2032,0.0000,0.0000
151.5833,19.8080,-0.1083,19203.3172,1475.2099,441.7893,1088.8200,0.0000,0.0000
151.6000,19.8090,-0.0800,19097.1011,1465.1289,441.1844,1113.4368,0.0000,0.0000
151.6167,19.8101,-0.0517,18988.8957,1454.8488,440.5799,1138.0536,0.0000,0.0000
151.6333,19.8112,-0.0233,18878.7083,1444.3702,439.9759,1162.6704,0.0000,0.0000
151.6500,19.8123,0.0050,18766.5482,1433.6943,439.3722,1187.2872,0.0000,0.0000
151.6667,19.8135,0.0333,18652.4263,1422.8221,438.7691,1211.9040,0.0000,0.0000
151.6833,19.8146,0.0617,18536.3543,1411.7548,438.1663,1236.5208,0.0000,0.0000
151.7000,19.8158,0.0900,18418.3431,1400.4935,437.5640,1261.1376,0.0000,0.0000
151.7167,19.8170,0.1183,18298.4029,1389.0392,436.9621,1285.7544,0.0000,0.0000
151.7333,19.8182,0.1467,18176.5429,1377.3928,436.3606,1310.3712,0.0000,0.0000
151.7500,19.8195,0.1750,18052.7714,1365.5551,435.7596,1334.9880,0.0000,0.0000
151.7667,19.8207,0.2033,17927.0961,1353.5269,435.1590,1359.6048,0.0000,0.0000
151.7833,19.8220,0.2317,17799.5244,1341.3088,434.5588,1384.2216,0.0000,0.0000
151.8000,19.8233,0.2600,17670.0635,1328.9016,433.9590,1408.8384,0.0000,0.0000
151.8167,19.8246,0.2883,17538.7209,1316.3061,433.3596,1433.4552,0.0000,0.0000
151.8333,19.8259,0.3167,17405.5041,1303.5230,432.7607,1458.0720,0.0000,0.0000
151.8500,19.8273,0.3450,17270.4211,1290.5531,432.1621,1482.6888,0.0000,0.0000
151.8667,19.8287,0.3733,17133.4800,1277.3973,431.5640,1507.3056,0.0000,0.0000
151.8833,19.8301,0.4017,16994.6895,1264.0564,430.9663,1531.9224,0.0000,0.0000
151.9000,19.8315,0.4300,16854.0586,1250.5314,430.3690,1556.5392,0.0000,0.0000
151.9167,19.8329,0.4583,16711.5967,1236.8231,429.7721,1581.1560,0.0000,0.0000
151.9333,19.8343,0.4867,16567.3134,1222.9326,429.1756,1605.7728,0.0000,0.0000
151.9500,19.8358,0.5150,16421.2189,1208.8609,428.5795,1630.3896,0.0000,0.0000
151.9667,19.8373,0.5433,16273.3235,1194.6091,427.9838,1655.0064,0.0000,0.0000
151.9833,19.8388,0.5717,16123.6379,1180.1782,427.3885,1679.6232,0.0000,0.0000
152.0000,19.8403,0.6000,15972.1733,1165.5693,426.7936,1704.2400,0.0000,0.0000
152.0167,19.8420,0.6633,15804.2628,1149.6490,425.4260,1727.1210,0.0000,0.0000
152.0333,19.8437,0.7267,15631.6684,1133.6126,424.0594,1750.0020,0.0000,0.0000
152.0500,19.8454,0.7900,15456.9606,1117.4415,422.6933,1772.8830,0.0000,0.0000
152.0667,19.8472,0.8533,15280.6778,1101.1286,421.3275,1795.7640,0.0000,0.0000
152.0833,19.8490,0.9167,15102.9146,1084.6702,419.9621,1818.6450,0.0000,0.0000
152.1000,19.8508,0.9800,14923.6728,1068.0635,418.5969,1841.5260,0.0000,0.0000
152.1167,19.8526,1.0433,14742.9376,1051.3067,417.2321,1864.4070,0.0000,0.0000
152.1333,19.8544,1.1067,14560.6938,1034.3982,415.8677,1887.2880,0.0000,0.0000
152.1500,19.8562,1.1700,14376.9283,1017.3368,414.5036,1910.1690,0.0000,0.0000
152.1667,19.8581,1.2333,14191.6313,1000.1216,413.1398,1933.0500,0.0000,0.0000
152.1833,19.8600,1.2967,14004.7951,982.7519,411.7764,1955.9310,0.0000,0.0000
152.2000,19.8618,1.3600,13816.4145,965.2272,410.4133,1978.8120,0.0000,0.0000
152.2167,19.8637,1.4233,13626.4863,947.5473,409.0505,2001.6930,0.0000,0.0000
152.2333,19.8656,1.4867,13435.0092,929.7122,407.6881,2024.5740,0.0000,0.0000
152.2500,19.8676,1.5500,13241.9836,911.7219,406.3261,2047.4550,0.0000,0.0000
152.2667,19.8695,1.6133,13047.4114,893.5766,404.9643,2070.3360,0.0000,0.0000
152.2833,19.8715,1.6767,12851.2961,875.2768,403.6030,2093.2170,0.0000,0.0000
152.3000,19.8735,1.7400,12653.6421,856.8229,402.2419,2116.0980,0.0000,0.0000
152.3167,19.8755,1.8033,12454.4552,838.2156,400.8812,2138.9790,0.0000,0.0000
152.3333,19.8775,1.8667,12253.7423,819.4556,399.5209,2161.8600,0.0000,0.0000
152.3500,19.8795,1.9300,12051.5110,800.5436,398.1609,2184.7410,0.0000,0.0000
152.3667,19.8815,1.9933,11847.7700,781.4806,396.8012,2207.6220,0.0000,0.0000
152.3833,19.8836,2.0567,11642.5286,762.2676,395.4418,2230.5030,0.0000,0.0000
152.4000,19.8856,2.1200,11435.7969,742.9055,394.0828,2253.3840,0.0000,0.0000
152.4167,19.8877,2.1833,11227.5856,723.3954,392.7241,2276.2650,0.0000,0.0000
152.4333,19.8898,2.2467,11017.9058,703.7386,391.3657,2299.1460,0.0000,0.0000
152.4500,19.8919,2.3100,10806.7695,683.9362,390.0077,2322.0270,0.0000,0.0000
152.4667,19.8941,2.3733,10594.1887,663.9894,388.6500,2344.9080,0.0000,0.0000
152.4833,19.8962,2.4367,10380.1763,643.8995,387.2926,2367.7890,0.0000,0.0000
152.5000,19.8984,2.5000,10164.7451,623.6678,385.9355,2390.6700,0.0000,0.0000
152.5167,19.9005,2.5633,9947.9085,603.2957,384.5787,2413.5510,0.0000,0.0000
152.5333,19.9027,2.6267,9729.6802,582.7846,383.2222,2436.4320,0.0000,0.0000
152.5500,19.9049,2.6900,9510.0740,562.1359,381.8661,2459.3130,0.0000,0.0000
152.5667,19.9071,2.7533,9289.1042,541.3509,380.5102,2482.1940,0.0000,0.0000
152.5833,19.9093,2.8167,9066.7848,520.4311,379.1546,2505.0750,0.0000,0.0000
152.6000,19.9116,2.8800,8843.1309,499.3781,377.7994,2527.9560,0.0000,0.0000
152.6167,19.9138,2.9433,8618.1577,478.1933,376.4444,2550.8370,0.0000,0.0000
152.6333,19.9161,3.0067,8391.8809,456.8784,375.0897,2573.7180,0.0000,0.0000
152.6500,19.9184,3.0700,8164.3167,435.4350,373.7353,2596.5990,0.0000,0.0000
152.6667,19.9206,3.1333,7935.4807,413.8646,372.3812,2619.4800,0.0000,0.0000
152.6833,19.9229,3.1967,7705.3888,392.1689,371.0273,2642.3610,0.0000,0.0000
152.7000,19.9253,3.2600,7474.0563,370.3493,369.6738,2665.2420,0.0000,0.0000
152.7167,19.9276,3.3233,7241.4983,348.4074,368.3205,2688.1230,0.0000,0.0000
152.7333,19.9299,3.3867,7007.7299,326.3447,366.9675,2711.0040,0.0000,0.0000
152.7500,19.9323,3.4500,6772.7659,304.1626,365.6147,2733.8850,0.0000,0.0000
152.7667,19.9346,3.5133,6536.6209,281.8626,364.2622,2756.7660,0.0000,0.0000
152.7833,19.9370,3.5767,6299.3095,259.4463,362.9100,2779.6470,0.0000,0.0000
152.8000,19.9394,3.6400,6060.8463,236.9149,361.5580,2802.5280,0.0000,0.0000
152.8167,19.9418,3.7033,5821.2457,214.2700,360.2063,2825.4090,0.0000,0.0000
152.8333,19.9442,3.7667,5580.5223,191.5131,358.8548,2848.2900,0.0000,0.0000
152.8500,19.9466,3.8300,5338.6902,168.6455,357.5035,2871.1710,0.0000,0.0000
152.8667,19.9490,3.8933,5095.7639,145.6687,356.1526,2894.0520,0.0000,0.0000
152.8833,19.9515,3.9567,4851.7576,122.5841,354.8018,2916.9330,0.0000,0.0000
152.9000,19.9539,4.0200,4606.6853,99.3931,353.4513,2939.8140,0.0000,0.0000
152.9167,19.9564,4.0833,4360.5612,76.0972,352.1010,2962.6950,0.0000,0.0000
152.9333,19.9589,4.1467,4113.3992,52.6977,350.7509,2985.5760,0.0000,0.0000
152.9500,19.9613,4.2100,3865.2131,29.1960,349.4011,3008.4570,0.0000,0.0000
152.9667,19.9638,4.2733,3616.0168,5.5935,348.0515,3031.3380,0.0000,0.0000
152.9833,19.9663,4.3367,3365.8239,-18.1084,346.7021,3054.2190,0.0000,0.0000
153.0000,19.9689,4.4000,3114.6481,-41.9084,345.3530,3077.1000,0.0000,0.0000
153.0167,19.9712,4.4383,2875.2302,-64.6960,344.5558,3094.1424,0.0000,0.0000
153.0333,19.9736,4.4767,2639.2729,-87.3872,343.7578,3111.1848,0.0000,0.0000
153.0500,19.9760,4.5150,2404.6563,-110.0086,342.9595,3128.2272,0.0000,0.0000
153.0667,19.9783,4.5533,2170.7261,-132.5814,342.1611,3145.2696,0.0000,0.0000
153.0833,19.9806,4.5917,1937.2108,-155.1211,341.3626,3162.3120,0.0000,0.0000
153.1000,19.9830,4.6300,1703.9609,-177.6390,340.5640,3179.3544,0.0000,0.0000
153.1167,19.9853,4.6683,1470.8781,-200.1432,339.7654,3196.3968,0.0000,0.0000
153.1333,19.9876,4.7067,1237.8929,-222.6399,338.9667,3213.4392,0.0000,0.0000
153.1500,19.9900,4.7450,1004.9540,-245.1336,338.1681,3230.4816,0.0000,0.0000
153.1667,19.9923,4.7833,772.0232,-267.6277,337.3694,3247.5240,0.0000,0.0000
153.1833,19.9946,4.8217,539.0720,-290.1248,336.5708,3264.5664,0.0000,0.0000
153.2000,19.9969,4.8600,306.0789,-312.6268,335.7721,3281.6088,0.0000,0.0000
153.2167,19.9993,4.8983,73.0283,-335.1350,334.9735,3298.6512,0.0000,0.0000
153.2333,20.0065,4.9367,0.0000,-355.2447,334.2841,3315.6936,0.0000,0.0000
153.2500,20.0205,4.9750,0.0000,-372.1915,333.7430,3332.7360,0.0000,0.0000
153.2667,20.0399,5.0133,0.0000,-386.6533,333.3227,3349.7784,0.0000,0.0000
153.2833,20.0639,5.0517,0.0000,-399.0692,333.0060,3366.8208,0.0000,0.0000
153.3000,20.0920,5.0900,0.0000,-409.7947,332.7782,3383.8632,0.0000,0.0000
153.3167,20.1235,5.1283,0.0000,-419.1195,332.6274,3400.9056,0.0000,0.0000
153.3333,20.1581,5.1667,0.0000,-427.2811,332.5436,3417.9480,0.0000,0.0000
153.3500,20.1953,5.2050,0.0000,-434.4745,332.5184,3434.9904,0.0000,0.0000
153.3667,20.2348,5.2433,0.0000,-440.8605,332.5449,3452.0328,0.0000,0.0000
153.3833,20.2764,5.2817,0.0000,-446.5720,332.6171,3469.0752,0.0000,0.0000
153.4000,20.3198,5.3200,0.0000,-451.7190,332.7302,3486.1176,0.0000,0.0000
153.4167,20.3649,5.3583,0.0000,-456.3925,332.8801,3503.1600,0.0000,0.0000
153.4333,20.4115,5.3967,0.0000,-460.6685,333.0631,3520.2024,0.0000,0.0000
153.4500,20.4594,5.4350,0.0000,-464.6100,333.2764,3537.2448,0.0000,0.0000
153.4667,20.5086,5.4733,0.0000,-468.2693,333.5175,3554.2872,0.0000,0.0000
153.4833,20.5590,5.5117,0.0000,-471.6905,333.7841,3571.3296,0.0000,0.0000
153.5000,20.6104,5.5500,0.0000,-474.9101,334.0745,3588.3720,0.0000,0.0000
153.5167,20.6628,5.5883,0.0000,-477.9587,334.3871,3605.4144,0.0000,0.0000
153.5333,20.7162,5.6267,0.0000,-480.8621,334.7206,3622.4568,0.0000,0.0000
153.5500,20.7705,5.6650,0.0000,-483.6419,335.0737,3639.4992,0.0000,0.0000
153.5667,20.8255,5.7033,0.0000,-486.3162,335.4455,3656.5416,0.0000,0.0000
153.5833,20.8814,5.7417,0.0000,-488.9003,335.8350,3673.5840,0.0000,0.0000
153.6000,20.9381,5.7800,0.0000,-491.4070,336.2416,3690.6264,0.0000,0.0000
153.6167,20.9955,5.8183,0.0000,-493.8474,336.6646,3707.6688,0.0000,0.0000
153.6333,21.0536,5.8567,0.0000,-496.2305,337.1033,3724.7112,0.0000,0.0000
153.6500,21.1124,5.8950,0.0000,-498.5642,337.5573,3741.7536,0.0000,0.0000
153.6667,21.1719,5.9333,0.0000,-500.8553,338.0260,3758.7960,0.0000,0.0000
153.6833,21.2320,5.9717,0.0000,-503.1093,338.5091,3775.8384,0.0000,0.0000
153.7000,21.2927,6.0100,0.0000,-505.3311,339.0061,3792.8808,0.0000,0.0000
153.7167,21.3541,6.0483,0.0000,-507.5249,339.5168,3809.9232,0.0000,0.0000
153.7333,21.4160,6.0867,0.0000,-509.6941,340.0409,3826.9656,0.0000,0.0000
153.7500,21.4786,6.1250,0.0000,-511.8420,340.5779,3844.0080,0.0000,0.0000
153.7667,21.5417,6.1633,0.0000,-513.9710,341.1278,3861.0504,0.0000,0.0000
153.7833,21.6054,6.2017,0.0000,-516.0835,341.6903,3878.0928,0.0000,0.0000
153.8000,21.6696,6.2400,0.0000,-518.1815,342.2650,3895.1352,0.0000,0.0000
153.8167,21.7344,6.2783,0.0000,-520.2667,342.8520,3912.1776,0.0000,0.0000
153.8333,21.7998,6.3167,0.0000,-522.3406,343.4508,3929.2200,0.0000,0.0000
153.8500,21.8656,6.3550,0.0000,-524.4046,344.0615,3946.2624,0.0000,0.0000
153.8667,21.9320,6.3933,0.0000,-526.4597,344.6838,3963.3048,0.0000,0.0000
153.8833,21.9989,6.4317,0.0000,-528.5071,345.3175,3980.3472,0.0000,0.0000
153.9000,22.0663,6.4700,0.0000,-530.5476,345.9625,3997.3896,0.0000,0.0000
153.9167,22.1342,6.5083,0.0000,-532.5820,346.6187,4014.4320,0.0000,0.0000
153.9333,22.2027,6.5467,0.0000,-534.6111,347.2859,4031.4744,0.0000,0.0000
153.9500,22.2716,6.5850,0.0000,-536.6355,347.9640,4048.5168,0.0000,0.0000
153.9667,22.3410,6.6233,0.0000,-538.6558,348.6530,4065.5592,0.0000,0.0000
153.9833,22.4108,6.6617,0.0000,-540.6725,349.3526,4082.6016,0.0000,0.0000
154.0000,22.4812,6.7000,0.0000,-542.6861,350.0627,4099.6440,0.0000,0.0000
154.0167,22.5512,6.7000,0.0000,-543.3303,351.6158,4108.7964,0.0000,0.0000
154.0333,22.6209,6.7000,0.0000,-544.0473,353.1622,4117.9488,0.0000,0.0000
154.0500,22.6903,6.7000,0.0000,-544.8641,354.7027,4127.1012,0.0000,0.0000
154.0667,22.7596,6.7000,0.0000,-545.7893,356.2382,4136.2536,0.0000,0.0000
154.0833,22.8286,6.7000,0.0000,-546.8212,357.7697,4145.4060,0.0000,0.0000
154.1000,22.8975,6.7000,0.0000,-547.9535,359.2980,4154.5584,0.0000,0.0000
154.1167,22.9663,6.7000,0.0000,-549.1772,360.8237,4163.7108,0.0000,0.0000
154.1333,23.0350,6.7000,0.0000,-550.4828,362.3478,4172.8632,0.0000,0.0000
154.1500,23.1036,6.7000,0.0000,-551.8607,363.8706,4182.0156,0.0000,0.0000
154.1667,23.1723,6.7000,0.0000,-553.3019,365.3927,4191.1680,0.0000,0.0000
154.1833,23.2409,6.7000,0.0000,-554.7979,366.9147,4200.3204,0.0000,0.0000
154.2000,23.3095,6.7000,0.0000,-556.3412,368.4368,4209.4728,0.0000,0.0000
154.2167,23.3781,6.7000,0.0000,-557.9252,369.9594,4218.6252,0.0000,0.0000
154.2333,23.4468,6.7000,0.0000,-559.5437,371.4828,4227.7776,0.0000,0.0000
154.2500,23.5155,6.7000,0.0000,-561.1916,373.0071,4236.9300,0.0000,0.0000
154.2667,23.5843,6.7000,0.0000,-562.8642,374.5327,4246.0824,0.0000,0.0000
154.2833,23.6531,6.7000,0.0000,-564.5576,376.0596,4255.2348,0.0000,0.0000
154.3000,23.7220,6.7000,0.0000,-566.2683,377.5879,4264.3872,0.0000,0.0000
154.3167,23.7910,6.7000,0.0000,-567.9933,379.1179,4273.5396,0.0000,0.0000
154.3333,23.8601,6.7000,0.0000,-569.7299,380.6495,4282.6920,0.0000,0.0000
154.3500,23.9292,6.7000,0.0000,-571.4759,382.1828,4291.8444,0.0000,0.0000
154.3667,23.9984,6.7000,0.0000,-573.2292,383.7179,4300.9968,0.0000,0.0000
154.3833,24.0677,6.7000,0.0000,-574.9881,385.2548,4310.1492,0.0000,0.0000
154.4000,24.1370,6.7000,0.0000,-576.7515,386.7935,4319.3016,0.0000,0.0000
154.4167,24.2065,6.7000,0.0000,-578.5182,388.3341,4328.4540,0.0000,0.0000
154.4333,24.2760,6.7000,0.0000,-580.2873,389.8764,4337.6064,0.0000,0.0000
154.4500,24.3456,6.7000,0.0000,-582.0582,391.4206,4346.7588,0.0000,0.0000
154.4667,24.4153,6.7000,0.0000,-583.8303,392.9667,4355.9112,0.0000,0.0000
154.4833,24.4851,6.7000,0.0000,-585.6029,394.5146,4365.0636,0.0000,0.0000
154.5000,24.5550,6.7000,0.0000,-587.3758,396.0642,4374.2160,0.0000,0.0000
154.5167,24.6249,6.7000,0.0000,-589.1484,397.6157,4383.3684,0.0000,0.0000
154.5333,24.6949,6.7000,0.0000,-590.9207,399.1690,4392.5208,0.0000,0.0000
154.5500,24.7650,6.7000,0.0000,-592.6922,400.7240,4401.6732,0.0000,0.0000
154.5667,24.8352,6.7000,0.0000,-594.4629,402.2807,4410.8256,0.0000,0.0000
154.5833,24.9055,6.7000,0.0000,-596.2326,403.8391,4419.9780,0.0000,0.0000
154.6000,24.9758,6.7000,0.0000,-598.0012,405.3993,4429.1304,0.0000,0.0000
154.6167,25.0462,6.7000,0.0000,-599.7686,406.9611,4438.2828,0.0000,0.0000
154.6333,25.1167,6.7000,0.0000,-601.5347,408.5245,4447.4352,0.0000,0.0000
154.6500,25.1872,6.7000,0.0000,-603.2996,410.0896,4456.5876,0.0000,0.0000
154.6667,25.2579,6.7000,0.0000,-605.0629,411.6562,4465.7400,0.0000,0.0000
154.6833,25.3286,6.7000,0.0000,-606.8243,413.2244,4474.8924,0.0000,0.0000
154.7000,25.3993,6.7000,0.0000,-608.5835,414.7942,4484.0448,0.0000,0.0000
154.7167,25.4702,6.7000,0.0000,-610.3405,416.3654,4493.1972,0.0000,0.0000
154.7333,25.5411,6.7000,0.0000,-612.0955,417.9382,4502.3496,0.0000,0.0000
154.7500,25.6120,6.7000,0.0000,-613.8487,419.5124,4511.5020,0.0000,0.0000
154.7667,25.6831,6.7000,0.0000,-615.6005,421.0880,4520.6544,0.0000,0.0000
154.7833,25.7542,6.7000,0.0000,-617.3510,422.6650,4529.8068,0.0000,0.0000
154.8000,25.8253,6.7000,0.0000,-619.1007,424.2434,4538.9592,0.0000,0.0000
154.8167,25.8965,6.7000,0.0000,-620.8496,425.8232,4548.1116,0.0000,0.0000
154.8333,25.9678,6.7000,0.0000,-622.5979,427.4043,4557.2640,0.0000,0.0000
154.8500,26.0391,6.7000,0.0000,-624.3458,428.9868,4566.4164,0.0000,0.0000
154.8667,26.1105,6.7000,0.0000,-626.0933,430.5706,4575.5688,0.0000,0.0000
154.8833,26.1820,6.7000,0.0000,-627.8405,432.1557,4584.7212,0.0000,0.0000
154.9000,26.2535,6.7000,0.0000,-629.5875,433.7421,4593.8736,0.0000,0.0000
154.9167,26.3251,6.7000,0.0000,-631.3344,435.3298,4603.0260,0.0000,0.0000
154.9333,26.3967,6.7000,0.0000,-633.0813,436.9188,4612.1784,0.0000,0.0000
154.9500,26.4684,6.7000,0.0000,-634.8280,438.5090,4621.3308,0.0000,0.0000
154.9667,26.5402,6.7000,0.0000,-636.5748,440.1006,4630.4832,0.0000,0.0000
154.9833,26.6120,6.7000,0.0000,-638.3216,441.6933,4639.6356,0.0000,0.0000
155.0000,26.6838,6.7000,0.0000,-640.0683,443.2873,4648.7880,0.0000,0.0000
155.0167,26.7556,6.7000,0.0000,-641.4298,444.8795,4649.4192,0.0000,0.0000
155.0333,26.8272,6.7000,0.0000,-642.5567,446.4680,4650.0504,0.0000,0.0000
155.0500,26.8986,6.7000,0.0000,-643.5420,448.0516,4650.6816,0.0000,0.0000
155.0667,26.9698,6.7000,0.0000,-644.4440,449.6298,4651.3128,0.0000,0.0000
155.0833,27.0112,6.7000,-1120.0934,-661.4747,450.5492,4651.9440,0.0000,0.0000
155.1000,27.0213,6.7000,-2129.3372,-694.8213,450.7730,4652.5752,0.0000,0.0000
155.1167,27.0263,6.7000,-2629.6958,-729.6526,450.8840,4653.2064,0.0000,0.0000
155.1333,27.0301,6.7000,-3008.5329,-763.9448,450.9681,4653.8376,0.0000,0.0000
155.1500,27.0335,6.7000,-3352.5177,-797.3506,451.0444,4654.4688,0.0000,0.0000
155.1667,27.0368,6.7000,-3681.6080,-829.8653,451.1174,4655.1000,0.0000,0.0000
155.1833,27.0400,6.7000,-4000.8325,-861.5441,451.1882,4655.7312,0.0000,0.0000
155.2000,27.0431,6.7000,-4311.7957,-892.4444,451.2571,4656.3624,0.0000,0.0000
155.2167,27.0462,6.7000,-4615.2593,-922.6171,451.3245,4656.9936,0.0000,0.0000
155.2333,27.0491,6.7000,-4911.7361,-952.1060,451.3902,4657.6248,0.0000,0.0000
155.2500,27.0520,6.7000,-5201.6372,-980.9490,451.4545,4658.2560,0.0000,0.0000
155.2667,27.0549,6.7000,-5485.3139,-1009.1794,451.5175,4658.8872,0.0000,0.0000
155.2833,27.0576,6.7000,-5763.0744,-1036.8268,451.5791,4659.5184,0.0000,0.0000
155.3000,27.0604,6.7000,-6035.1921,-1063.9175,451.6394,4660.1496,0.0000,0.0000
155.3167,27.0630,6.7000,-6301.9118,-1090.4750,451.6986,4660.7808,0.0000,0.0000
155.3333,27.0656,6.7000,-6563.4553,-1116.5208,451.7566,4661.4120,0.0000,0.0000
155.3500,27.0682,6.7000,-6820.0246,-1142.0747,451.8135,4662.0432,0.0000,0.0000
155.3667,27.0707,6.7000,-7071.8056,-1167.1546,451.8694,4662.6744,0.0000,0.0000
155.3833,27.0732,6.7000,-7318.9699,-1191.7773,451.9242,4663.3056,0.0000,0.0000
155.4000,27.0756,6.7000,-7561.6766,-1215.9584,451.9780,4663.9368,0.0000,0.0000
155.4167,27.0780,6.7000,-7800.0741,-1239.7123,452.0309,4664.5680,0.0000,0.0000
155.4333,27.0803,6.7000,-8034.3009,-1263.0528,452.0829,4665.1992,0.0000,0.0000
155.4500,27.0826,6.7000,-8264.4869,-1285.9924,452.1339,4665.8304,0.0000,0.0000
155.4667,27.0849,6.7000,-8490.7539,-1308.5432,452.1841,4666.4616,0.0000,0.0000
155.4833,27.0871,6.7000,-8713.2165,-1330.7164,452.2335,4667.0928,0.0000,0.0000
155.5000,27.0893,6.7000,-8931.9831,-1352.5226,452.2820,4667.7240,0.0000,0.0000
155.5167,27.0915,6.7000,-9147.1560,-1373.9720,452.3297,4668.3552,0.0000,0.0000
155.5333,27.0936,6.7000,-9358.8321,-1395.0740,452.3767,4668.9864,0.0000,0.0000
155.5500,27.0957,6.7000,-9567.1029,-1415.8377,452.4229,4669.6176,0.0000,0.0000
155.5667,27.0977,6.7000,-9772.0542,-1436.2714,452.4684,4670.2488,0.0000,0.0000
155.5833,27.0997,6.7000,-9973.7671,-1456.3833,452.5131,4670.8800,0.0000,0.0000
155.6000,27.1017,6.7000,-10172.3190,-1476.1807,452.5571,4671.5112,0.0000,0.0000
155.6167,27.1037,6.7000,-10367.7840,-1495.6712,452.6005,4672.1424,0.0000,0.0000
155.6333,27.1056,6.7000,-10560.2337,-1514.8619,452.6432,4672.7736,0.0000,0.0000
155.6500,27.1075,6.7000,-10749.7375,-1533.7594,452.6852,4673.4048,0.0000,0.0000
155.6667,27.1094,6.7000,-10936.3624,-1552.3707,452.7266,4674.0360,0.0000,0.0000
155.6833,27.1112,6.7000,-11120.1733,-1570.7019,452.7674,4674.6672,0.0000,0.0000
155.7000,27.1130,6.7000,-11301.2330,-1588.7595,452.8076,4675.2984,0.0000,0.0000
155.7167,27.1148,6.7000,-11479.6022,-1606.5494,452.8471,4675.9296,0.0000,0.0000
155.7333,27.1166,6.7000,-11655.3394,-1624.0774,452.8861,4676.5608,0.0000,0.0000
155.7500,27.1183,6.7000,-11828.5012,-1641.3491,452.9245,4677.1920,0.0000,0.0000
155.7667,27.1200,6.7000,-11999.1420,-1658.3699,452.9624,4677.8232,0.0000,0.0000
155.7833,27.1217,6.7000,-12167.3148,-1675.1450,452.9997,4678.4544,0.0000,0.0000
155.8000,27.1233,6.7000,-12333.0702,-1691.6795,453.0364,4679.0856,0.0000,0.0000
155.8167,27.1250,6.7000,-12496.4568,-1707.9781,453.0727,4679.7168,0.0000,0.0000
155.8333,27.1266,6.7000,-12657.5200,-1724.0454,453.1084,4680.3480,0.0000,0.0000
155.8500,27.1282,6.7000,-12816.3030,-1739.8855,453.1436,4680.9792,0.0000,0.0000
155.8667,27.1297,6.7000,-12972.8472,-1755.5026,453.1784,4681.6104,0.0000,0.0000
155.8833,27.1313,6.7000,-13127.1935,-1770.9007,453.2126,4682.2416,0.0000,0.0000
155.9000,27.1328,6.7000,-13279.3821,-1786.0838,453.2464,4682.8728,0.0000,0.0000
155.9167,27.1343,6.7000,-13429.4529,-1801.0560,453.2797,4683.5040,0.0000,0.0000
155.9333,27.1358,6.7000,-13577.4452,-1815.8212,453.3125,4684.1352,0.0000,0.0000
155.9500,27.1372,6.7000,-13723.3979,-1830.3832,453.3449,4684.7664,0.0000,0.0000
155.9667,27.1387,6.7000,-13867.3492,-1844.7458,453.3768,4685.3976,0.0000,0.0000
155.9833,27.1401,6.7000,-14009.3364,-1858.9128,453.4083,4686.0288,0.0000,0.0000
156.0000,27.1415,6.7000,-14149.3958,-1872.8877,453.4394,4686.6600,0.0000,0.0000
156.0167,27.1429,6.7183,-14291.2875,-1886.7410,453.0642,4677.3498,0.0000,0.0000
156.0333,27.1443,6.7367,-14428.9100,-1899.9860,452.6880,4668.0396,0.0000,0.0000
156.0500,27.1456,6.7550,-14561.5874,-1912.7169,452.3108,4658.7294,0.0000,0.0000
156.0667,27.1469,6.7733,-14689.6359,-1924.9946,451.9325,4649.4192,0.0000,0.0000
156.0833,27.1481,6.7917,-14813.4647,-1936.8627,451.5533,4640.1090,0.0000,0.0000
156.1000,27.1493,6.8100,-14933.4236,-1948.3541,451.1732,4630.7988,0.0000,0.0000
156.1167,27.1505,6.8283,-15049.7949,-1959.4951,450.7924,4621.4886,0.0000,0.0000
156.1333,27.1516,6.8467,-15162.8082,-1970.3068,450.4107,4612.1784,0.0000,0.0000
156.1500,27.1527,6.8650,-15272.6538,-1980.8072,450.0284,4602.8682,0.0000,0.0000
156.1667,27.1538,6.8833,-15379.4923,-1991.0114,449.6455,4593.5580,0.0000,0.0000
156.1833,27.1548,6.9017,-15483.4616,-2000.9324,449.2618,4584.2478,0.0000,0.0000
156.2000,27.1558,6.9200,-15584.6816,-2010.5817,448.8776,4574.9376,0.0000,0.0000
156.2167,27.1568,6.9383,-15683.2577,-2019.9695,448.4928,4565.6274,0.0000,0.0000
156.2333,27.1578,6.9567,-15779.2834,-2029.1046,448.1074,4556.3172,0.0000,0.0000
156.2500,27.1587,6.9750,-15872.8424,-2037.9952,447.7215,4547.0070,0.0000,0.0000
156.2667,27.1596,6.9933,-15964.0101,-2046.6486,447.3351,4537.6968,0.0000,0.0000
156.2833,27.1605,7.0117,-16052.8549,-2055.0713,446.9481,4528.3866,0.0000,0.0000
156.3000,27.1614,7.0300,-16139.4395,-2063.2696,446.5606,4519.0764,0.0000,0.0000
156.3167,27.1622,7.0483,-16223.8212,-2071.2489,446.1727,4509.7662,0.0000,0.0000
156.3333,27.1631,7.0667,-16306.0531,-2079.0145,445.7842,4500.4560,0.0000,0.0000
156.3500,27.1639,7.0850,-16386.1843,-2086.5711,445.3953,4491.1458,0.0000,0.0000
156.3667,27.1646,7.1033,-16464.2609,-2093.9233,445.0060,4481.8356,0.0000,0.0000
156.3833,27.1654,7.1217,-16540.3258,-2101.0752,444.6162,4472.5254,0.0000,0.0000
156.4000,27.1661,7.1400,-16614.4195,-2108.0309,444.2259,4463.2152,0.0000,0.0000
156.4167,27.1669,7.1583,-16686.5804,-2114.7941,443.8353,4453.9050,0.0000,0.0000
156.4333,27.1676,7.1767,-16756.8445,-2121.3684,443.4442,4444.5948,0.0000,0.0000
156.4500,27.1683,7.1950,-16825.2465,-2127.7572,443.0527,4435.2846,0.0000,0.0000
156.4667,27.1689,7.2133,-16891.8193,-2133.9637,442.6608,4425.9744,0.0000,0.0000
156.4833,27.1696,7.2317,-16956.5943,-2139.9910,442.2685,4416.6642,0.0000,0.0000
156.5000,27.1702,7.2500,-17019.6019,-2145.8422,441.8758,4407.3540,0.0000,0.0000
156.5167,27.1708,7.2683,-17080.8711,-2151.5201,441.4827,4398.0438,0.0000,0.0000
156.5333,27.1714,7.2867,-17140.4301,-2157.0274,441.0892,4388.7336,0.0000,0.0000
156.5500,27.1720,7.3050,-17198.3058,-2162.3670,440.6954,4379.4234,0.0000,0.0000
156.5667,27.1725,7.3233,-17254.5245,-2167.5413,440.3012,4370.1132,0.0000,0.0000
156.5833,27.1731,7.3417,-17309.1117,-2172.5530,439.9066,4360.8030,0.0000,0.0000
156.6000,27.1736,7.3600,-17362.0920,-2177.4044,439.5117,4351.4928,0.0000,0.0000
156.6167,27.1741,7.3783,-17413.4895,-2182.0979,439.1164,4342.1826,0.0000,0.0000
156.6333,27.1746,7.3967,-17463.3275,-2186.6359,438.7208,4332.8724,0.0000,0.0000
156.6500,27.1751,7.4150,-17511.6287,-2191.0206,438.3248,4323.5622,0.0000,0.0000
156.6667,27.1756,7.4333,-17558.4155,-2195.2542,437.9285,4314.2520,0.0000,0.0000
156.6833,27.1760,7.4517,-17603.7094,-2199.3389,437.5319,4304.9418,0.0000,0.0000
156.7000,27.1765,7.4700,-17647.5317,-2203.2768,437.1349,4295.6316,0.0000,0.0000
156.7167,27.1769,7.4883,-17689.9031,-2207.0700,436.7377,4286.3214,0.0000,0.0000
156.7333,27.1773,7.5067,-17730.8439,-2210.7205,436.3401,4277.0112,0.0000,0.0000
156.7500,27.1777,7.5250,-17770.3740,-2214.2301,435.9422,4267.7010,0.0000,0.0000
156.7667,27.1781,7.5433,-17808.5128,-2217.6010,435.5440,4258.3908,0.0000,0.0000
156.7833,27.1784,7.5617,-17841.7213,-2220.6822,435.1446,4249.0806,0.0000,0.0000
156.8000,27.1787,7.5800,-17874.9557,-2223.6032,434.7453,4239.7704,0.0000,0.0000
156.8167,27.1791,7.5983,-17907.1592,-2226.3798,434.3458,4230.4602,0.0000,0.0000
156.8333,27.1794,7.6167,-17938.0953,-2229.0204,433.9460,4221.1500,0.0000,0.0000
156.8500,27.1797,7.6350,-17967.7364,-2231.5302,433.5459,4211.8398,0.0000,0.0000
156.8667,27.1800,7.6533,-17996.1038,-2233.9134,433.1455,4202.5296,0.0000,0.0000
156.8833,27.1802,7.6717,-18023.2274,-2236.1731,432.7449,4193.2194,0.0000,0.0000
156.9000,27.1805,7.6900,-18049.1359,-2238.3123,432.3439,4183.9092,0.0000,0.0000
156.9167,27.1807,7.7083,-18073.8554,-2240.3333,431.9427,4174.5990,0.0000,0.0000
156.9333,27.1810,7.7267,-18097.4097,-2242.2386,431.5413,4165.2888,0.0000,0.0000
156.9500,27.1812,7.7450,-18119.8203,-2244.0302,431.1396,4155.9786,0.0000,0.0000
156.9667,27.1814,7.7633,-18141.1075,-2245.7100,430.7376,4146.6684,0.0000,0.0000
156.9833,27.1816,7.7817,-18161.2900,-2247.2799,430.3354,4137.3582,0.0000,0.0000
157.0000,27.1818,7.8000,-18180.3856,-2248.7416,429.9330,4128.0480,0.0000,0.0000
157.0167,27.1818,7.7900,-18184.0480,-2248.7132,430.1556,4110.6900,0.0000,0.0000
157.0333,27.1818,7.7800,-18180.3750,-2248.2685,430.3766,4093.3320,0.0000,0.0000
157.0500,27.1817,7.7700,-18172.0190,-2247.4598,430.5966,4075.9740,0.0000,0.0000
157.0667,27.1816,7.7600,-18160.0234,-2246.3284,430.8158,4058.6160,0.0000,0.0000
157.0833,27.1814,7.7500,-18144.9083,-2244.9054,431.0342,4041.2580,0.0000,0.0000
157.1000,27.1813,7.7400,-18126.9929,-2243.2150,431.2521,4023.9000,0.0000,0.0000
157.1167,27.1811,7.7300,-18106.5020,-2241.2758,431.4694,4006.5420,0.0000,0.0000
157.1333,27.1808,7.7200,-18083.6064,-2239.1026,431.6861,3989.1840,0.0000,0.0000
157.1500,27.1806,7.7100,-18058.4415,-2236.7077,431.9023,3971.8260,0.0000,0.0000
157.1667,27.1803,7.7000,-18031.1179,-2234.1009,432.1181,3954.4680,0.0000,0.0000
157.1833,27.1800,7.6900,-18001.7277,-2231.2909,432.3334,3937.1100,0.0000,0.0000
157.2000,27.1797,7.6800,-17970.3488,-2228.2849,432.5483,3919.7520,0.0000,0.0000
157.2167,27.1794,7.6700,-17937.0481,-2225.0890,432.7627,3902.3940,0.0000,0.0000
157.2333,27.1790,7.6600,-17901.8838,-2221.7087,432.9767,3885.0360,0.0000,0.0000
157.2500,27.1786,7.6500,-17864.9069,-2218.1489,433.1904,3867.6780,0.0000,0.0000
157.2667,27.1783,7.6400,-17826.1628,-2214.4139,433.4036,3850.3200,0.0000,0.0000
157.2833,27.1779,7.6300,-17785.6920,-2210.5075,433.6164,3832.9620,0.0000,0.0000
157.3000,27.1774,7.6200,-17743.5314,-2206.4333,433.8289,3815.6040,0.0000,0.0000
157.3167,27.1770,7.6100,-17699.7143,-2202.1945,434.0410,3798.2460,0.0000,0.0000
157.3333,27.1765,7.6000,-17654.2715,-2197.7941,434.2527,3780.8880,0.0000,0.0000
157.3500,27.1761,7.5900,-17607.2315,-2193.2347,434.4641,3763.5300,0.0000,0.0000
157.3667,27.1756,7.5800,-17558.6209,-2188.5191,434.6752,3746.1720,0.0000,0.0000
157.3833,27.1751,7.5700,-17508.4647,-2183.6496,434.8859,3728.8140,0.0000,0.0000
157.4000,27.1746,7.5600,-17456.7865,-2178.6285,435.0962,3711.4560,0.0000,0.0000
157.4167,27.1740,7.5500,-17403.6089,-2173.4581,435.3063,3694.0980,0.0000,0.0000
157.4333,27.1735,7.5400,-17348.9533,-2168.1405,435.5160,3676.7400,0.0000,0.0000
157.4500,27.1729,7.5300,-17292.8405,-2162.6777,435.7253,3659.3820,0.0000,0.0000
157.4667,27.1724,7.5200,-17235.2903,-2157.0717,435.9344,3642.0240,0.0000,0.0000
157.4833,27.1718,7.5100,-17176.3222,-2151.3243,436.1431,3624.6660,0.0000,0.0000
157.5000,27.1712,7.5000,-17115.9551,-2145.4376,436.3516,3607.3080,0.0000,0.0000
157.5167,27.1705,7.4900,-17054.2072,-2139.4132,436.5597,3589.9500,0.0000,0.0000
157.5333,27.1699,7.4800,-16991.0965,-2133.2530,436.7675,3572.5920,0.0000,0.0000
157.5500,27.1693,7.4700,-16926.6408,-2126.9588,436.9750,3555.2340,0.0000,0.0000
157.5667,27.1686,7.4600,-16860.8572,-2120.5322,437.1823,3537.8760,0.0000,0.0000
157.5833,27.1679,7.4500,-16793.7630,-2113.9749,437.3892,3520.5180,0.0000,0.0000
157.6000,27.1673,7.4400,-16725.3747,-2107.2886,437.5959,3503.1600,0.0000,0.0000
157.6167,27.1666,7.4300,-16655.7090,-2100.4751,437.8022,3485.8020,0.0000,0.0000
157.6333,27.1658,7.4200,-16584.7823,-2093.5358,438.0083,3468.4440,0.0000,0.0000
157.6500,27.1651,7.4100,-16512.6107,-2086.4724,438.2141,3451.0860,0.0000,0.0000
157.6667,27.1644,7.4000,-16439.2101,-2079.2865,438.4197,3433.7280,0.0000,0.0000
157.6833,27.1636,7.3900,-16364.5963,-2071.9797,438.6249,3416.3700,0.0000,0.0000
157.7000,27.1629,7.3800,-16288.7850,-2064.5535,438.8300,3399.0120,0.0000,0.0000
157.7167,27.1621,7.3700,-16211.7916,-2057.0095,439.0347,3381.6540,0.0000,0.0000
157.7333,27.1613,7.3600,-16133.6314,-2049.3492,439.2392,3364.2960,0.0000,0.0000
157.7500,27.1605,7.3500,-16054.3196,-2041.5742,439.4434,3346.9380,0.0000,0.0000
157.7667,27.1597,7.3400,-15973.8711,-2033.6858,439.6474,3329.5800,0.0000,0.0000
157.7833,27.1589,7.3300,-15892.3008,-2025.6856,439.8511,3312.2220,0.0000,0.0000
157.8000,27.1581,7.3200,-15809.6234,-2017.5751,440.0546,3294.8640,0.0000,0.0000
157.8167,27.1573,7.3100,-15725.8535,-2009.3557,440.2578,3277.5060,0.0000,0.0000
157.8333,27.1564,7.3000,-15641.0054,-2001.0288,440.4608,3260.1480,0.0000,0.0000
157.8500,27.1556,7.2900,-15555.0934,-1992.5959,440.6636,3242.7900,0.0000,0.0000
157.8667,27.1547,7.2800,-15468.1317,-1984.0584,440.8661,3225.4320,0.0000,0.0000
157.8833,27.1538,7.2700,-15380.1341,-1975.4176,441.0684,3208.0740,0.0000,0.0000
157.9000,27.1529,7.2600,-15291.1146,-1966.6751,441.2705,3190.7160,0.0000,0.0000
157.9167,27.1520,7.2500,-15201.0869,-1957.8320,441.4724,3173.3580,0.0000,0.0000
157.9333,27.1511,7.2400,-15110.0644,-1948.8898,441.6740,3156.0000,0.0000,0.0000
157.9500,27.1502,7.2300,-15018.0605,-1939.8498,441.8754,3138.6420,0.0000,0.0000
157.9667,27.1493,7.2200,-14925.0886,-1930.7134,442.0766,3121.2840,0.0000,0.0000
157.9833,27.1483,7.2100,-14831.1617,-1921.4817,442.2776,3103.9260,0.0000,0.0000
158.0000,27.1474,7.2000,-14736.2928,-1912.1563,442.4784,3086.5680,0.0000,0.0000
158.0167,27.1464,7.1817,-14635.1513,-1902.1711,442.8626,3063.6870,0.0000,0.0000
158.0333,27.1453,7.1633,-14530.0473,-1891.8808,443.2460,3040.8060,0.0000,0.0000
158.0500,27.1442,7.1450,-14421.9213,-1881.3256,443.6287,3017.9250,0.0000,0.0000
158.0667,27.1431,7.1267,-14311.2508,-1870.5348,444.0108,2995.0440,0.0000,0.0000
158.0833,27.1420,7.1083,-14198.3282,-1859.5303,444.3924,2972.1630,0.0000,0.0000
158.1000,27.1407,7.0900,-14069.9973,-1847.6733,444.7706,2949.2820,0.0000,0.0000
158.1167,27.1395,7.0717,-13945.0447,-1835.6556,445.1496,2926.4010,0.0000,0.0000
158.1333,27.1382,7.0533,-13819.7671,-1823.4940,445.5285,2903.5200,0.0000,0.0000
158.1500,27.1369,7.0350,-13693.3411,-1811.1925,445.9071,2880.6390,0.0000,0.0000
158.1667,27.1357,7.0167,-13565.5927,-1798.7533,446.2855,2857.7580,0.0000,0.0000
158.1833,27.1344,6.9983,-13436.4985,-1786.1786,446.6635,2834.8770,0.0000,0.0000
158.2000,27.1331,6.9800,-13306.0707,-1773.4706,447.0412,2811.9960,0.0000,0.0000
158.2167,27.1317,6.9617,-13174.3307,-1760.6318,447.4187,2789.1150,0.0000,0.0000
158.2333,27.1304,6.9433,-13041.3020,-1747.6646,447.7959,2766.2340,0.0000,0.0000
158.2500,27.1291,6.9250,-12907.0082,-1734.5714,448.1727,2743.3530,0.0000,0.0000
158.2667,27.1277,6.9067,-12771.4724,-1721.3544,448.5494,2720.4720,0.0000,0.0000
158.2833,27.1263,6.8883,-12634.7170,-1708.0160,448.9257,2697.5910,0.0000,0.0000
158.3000,27.1250,6.8700,-12496.7635,-1694.5581,449.3018,2674.7100,0.0000,0.0000
158.3167,27.1236,6.8517,-12357.6329,-1680.9830,449.6776,2651.8290,0.0000,0.0000
158.3333,27.1222,6.8333,-12217.3453,-1667.2925,450.0531,2628.9480,0.0000,0.0000
158.3500,27.1208,6.8150,-12075.9201,-1653.4887,450.4284,2606.0670,0.0000,0.0000
158.3667,27.1193,6.7967,-11933.3765,-1639.5734,450.8035,2583.1860,0.0000,0.0000
158.3833,27.1179,6.7783,-11789.7326,-1625.5484,451.1783,2560.3050,0.0000,0.0000
158.4000,27.1165,6.7600,-11645.0066,-1611.4155,451.5529,2537.4240,0.0000,0.0000
158.4167,27.1150,6.7417,-11499.2159,-1597.1765,451.9272,2514.5430,0.0000,0.0000
158.4333,27.1135,6.7233,-11352.3776,-1582.8330,452.3013,2491.6620,0.0000,0.0000
158.4500,27.1120,6.7050,-11204.5086,-1568.3868,452.6752,2468.7810,0.0000,0.0000
158.4667,27.1106,6.6867,-11055.6254,-1553.8395,453.0488,2445.9000,0.0000,0.0000
158.4833,27.1091,6.6683,-10905.7440,-1539.1926,453.4223,2423.0190,0.0000,0.0000
158.5000,27.1075,6.6500,-10754.8805,-1524.4478,453.7955,2400.1380,0.0000,0.0000
158.5167,27.1060,6.6317,-10603.0504,-1509.6067,454.1685,2377.2570,0.0000,0.0000
158.5333,27.1045,6.6133,-10450.2693,-1494.6707,454.5413,2354.3760,0.0000,0.0000
158.5500,27.1030,6.5950,-10296.5523,-1479.6415,454.9138,2331.4950,0.0000,0.0000
158.5667,27.1014,6.5767,-10141.9144,-1464.5204,455.2862,2308.6140,0.0000,0.0000
158.5833,27.0999,6.5583,-9986.3704,-1449.3090,455.6584,2285.7330,0.0000,0.0000
158.6000,27.0983,6.5400,-9829.9350,-1434.0087,456.0304,2262.8520,0.0000,0.0000
158.6167,27.0967,6.5217,-9672.6225,-1418.6210,456.4021,2239.9710,0.0000,0.0000
158.6333,27.0951,6.5033,-9514.4471,-1403.1473,456.7737,2217.0900,0.0000,0.0000
158.6500,27.0936,6.4850,-9355.4230,-1387.5889,457.1451,2194.2090,0.0000,0.0000
158.6667,27.0920,6.4667,-9195.5639,-1371.9473,457.5163,2171.3280,0.0000,0.0000
158.6833,27.0903,6.4483,-9034.8837,-1356.2239,457.8874,2148.4470,0.0000,0.0000
158.7000,27.0887,6.4300,-8873.3959,-1340.4199,458.2582,2125.5660,0.0000,0.0000
158.7167,27.0871,6.4117,-8711.1138,-1324.5368,458.6289,2102.6850,0.0000,0.0000
158.7333,27.0855,6.3933,-8548.0508,-1308.5759,458.9994,2079.8040,0.0000,0.0000
158.7500,27.0838,6.3750,-8384.2199,-1292.5384,459.3698,2056.9230,0.0000,0.0000
158.7667,27.0822,6.3567,-8219.6340,-1276.4256,459.7399,2034.0420,0.0000,0.0000
158.7833,27.0805,6.3383,-8054.3059,-1260.2389,460.1099,2011.1610,0.0000,0.0000
158.8000,27.0789,6.3200,-7888.2482,-1243.9795,460.4798,1988.2800,0.0000,0.0000
158.8167,27.0772,6.3017,-7721.4735,-1227.6486,460.8494,1965.3990,0.0000,0.0000
158.8333,27.0755,6.2833,-7553.9940,-1211.2475,461.2190,1942.5180,0.0000,0.0000
158.8500,27.0739,6.2650,-7385.8221,-1194.7773,461.5883,1919.6370,0.0000,0.0000
158.8667,27.0722,6.2467,-7216.9697,-1178.2394,461.9576,1896.7560,0.0000,0.0000
158.8833,27.0705,6.2283,-7047.4487,-1161.6348,462.3266,1873.8750,0.0000,0.0000
158.9000,27.0688,6.2100,-6877.2711,-1144.9648,462.6956,1850.9940,0.0000,0.0000
158.9167,27.0671,6.1917,-6706.4484,-1128.2305,463.0643,1828.1130,0.0000,0.0000
158.9333,27.0653,6.1733,-6534.9921,-1111.4331,463.4330,1805.2320,0.0000,0.0000
158.9500,27.0636,6.1550,-6362.9137,-1094.5737,463.8015,1782.3510,0.0000,0.0000
158.9667,27.0619,6.1367,-6190.2245,-1077.6535,464.1699,1759.4700,0.0000,0.0000
158.9833,27.0602,6.1183,-6016.9356,-1060.6735,464.5381,1736.5890,0.0000,0.0000
159.0000,27.0584,6.1000,-5843.0580,-1043.6349,464.9062,1713.7080,0.0000,0.0000
159.0167,27.0566,6.0717,-5663.7575,-1026.1278,465.4949,1689.4068,0.0000,0.0000
159.0333,27.0548,6.0433,-5482.3785,-1008.5133,466.0832,1665.1056,0.0000,0.0000
159.0500,27.0530,6.0150,-5299.7568,-990.7996,466.6712,1640.8044,0.0000,0.0000
159.0667,27.0512,5.9867,-5116.1437,-972.9942,467.2589,1616.5032,0.0000,0.0000
159.0833,27.0493,5.9583,-4931.6433,-955.1032,467.8465,1592.2020,0.0000,0.0000
159.1000,27.0475,5.9300,-4746.3157,-937.1312,468.4339,1567.9008,0.0000,0.0000
159.1167,27.0456,5.9017,-4560.2033,-919.0819,469.0211,1543.5996,0.0000,0.0000
159.1333,27.0437,5.8733,-4373.3394,-900.9584,469.6082,1519.2984,0.0000,0.0000
159.1500,27.0419,5.8450,-4185.7516,-882.7632,470.1951,1494.9972,0.0000,0.0000
159.1667,27.0400,5.8167,-3997.4631,-864.4985,470.7818,1470.6960,0.0000,0.0000
159.1833,27.0381,5.7883,-3808.4942,-846.1663,471.3684,1446.3948,0.0000,0.0000
159.2000,27.0362,5.7600,-3618.8631,-827.7682,471.9548,1422.0936,0.0000,0.0000
159.2167,27.0343,5.7317,-3428.5861,-809.3060,472.5411,1397.7924,0.0000,0.0000
159.2333,27.0324,5.7033,-3237.6782,-790.7810,473.1272,1373.4912,0.0000,0.0000
159.2500,27.0305,5.6750,-3046.1532,-772.1947,473.7133,1349.1900,0.0000,0.0000
159.2667,27.0285,5.6467,-2854.0244,-753.5482,474.2991,1324.8888,0.0000,0.0000
159.2833,27.0266,5.6183,-2661.3040,-734.8428,474.8849,1300.5876,0.0000,0.0000
159.3000,27.0247,5.5900,-2468.0039,-716.0798,475.4705,1276.2864,0.0000,0.0000
159.3167,27.0227,5.5617,-2274.1355,-697.2601,476.0560,1251.9852,0.0000,0.0000
159.3333,27.0208,5.5333,-2079.7099,-678.3849,476.6414,1227.6840,0.0000,0.0000
159.3500,27.0188,5.5050,-1884.7379,-659.4554,477.2266,1203.3828,0.0000,0.0000
159.3667,27.0169,5.4767,-1689.2299,-640.4724,477.8117,1179.0816,0.0000,0.0000
159.3833,27.0149,5.4483,-1493.1964,-621.4371,478.3968,1154.7804,0.0000,0.0000
159.4000,27.0130,5.4200,-1296.6475,-602.3505,478.9817,1130.4792,0.0000,0.0000
159.4167,27.0110,5.3917,-1099.5933,-583.2136,479.5664,1106.1780,0.0000,0.0000
159.4333,27.0090,5.3633,-902.0438,-564.0273,480.1511,1081.8768,0.0000,0.0000
159.4500,27.0070,5.3350,-704.0088,-544.7927,480.7357,1057.5756,0.0000,0.0000
159.4667,27.0051,5.3067,-505.4982,-525.5108,481.3202,1033.2744,0.0000,0.0000
159.4833,27.0031,5.2783,-306.5217,-506.1825,481.9045,1008.9732,0.0000,0.0000
159.5000,27.0011,5.2500,-107.0891,-486.8088,482.4888,984.6720,0.0000,0.0000
159.5167,26.9962,5.2217,0.0000,-468.8597,483.0083,960.3708,0.0000,0.0000
159.5333,26.9854,5.1933,0.0000,-453.7318,483.3986,936.0696,0.0000,0.0000
159.5500,26.9698,5.1650,0.0000,-440.8279,483.6816,911.7684,0.0000,0.0000
159.5667,26.9501,5.1367,0.0000,-429.7316,483.8730,887.4672,0.0000,0.0000
159.5833,26.9269,5.1083,0.0000,-420.1104,483.9853,863.1660,0.0000,0.0000
159.6000,26.9005,5.0800,0.0000,-411.6963,484.0289,838.8648,0.0000,0.0000
159.6167,26.8714,5.0517,0.0000,-404.2731,484.0123,814.5636,0.0000,0.0000
159.6333,26.8399,5.0233,0.0000,-397.6649,483.9426,790.2624,0.0000,0.0000
159.6500,26.8063,4.9950,0.0000,-391.7286,483.8257,765.9612,0.0000,0.0000
159.6667,26.7708,4.9667,0.0000,-386.3475,483.6664,741.6600,0.0000,0.0000
159.6833,26.7336,4.9383,0.0000,-381.4261,483.4688,717.3588,0.0000,0.0000
159.7000,26.6948,4.9100,0.0000,-376.8861,483.2362,693.0576,0.0000,0.0000
159.7167,26.6545,4.8817,0.0000,-372.6630,482.9715,668.7564,0.0000,0.0000
159.7333,26.6129,4.8533,0.0000,-368.7040,482.6771,644.4552,0.0000,0.0000
159.7500,26.5700,4.8250,0.0000,-364.9652,482.3549,620.1540,0.0000,0.0000
159.7667,26.5260,4.7967,0.0000,-361.4106,482.0068,595.8528,0.0000,0.0000
159.7833,26.4809,4.7683,0.0000,-358.0102,481.6341,571.5516,0.0000,0.0000
159.8000,26.4347,4.7400,0.0000,-354.7391,481.2381,547.2504,0.0000,0.0000
159.8167,26.3875,4.7117,0.0000,-351.5767,480.8198,522.9492,0.0000,0.0000
159.8333,26.3393,4.6833,0.0000,-348.5056,480.3802,498.6480,0.0000,0.0000
159.8500,26.2903,4.6550,0.0000,-345.5117,479.9201,474.3468,0.0000,0.0000
159.8667,26.2403,4.6267,0.0000,-342.5826,479.4401,450.0456,0.0000,0.0000
159.8833,26.1895,4.5983,0.0000,-339.7084,478.9409,425.7444,0.0000,0.0000
159.9000,26.1378,4.5700,0.0000,-336.8805,478.4229,401.4432,0.0000,0.0000
159.9167,26.0853,4.5417,0.0000,-334.0916,477.8867,377.1420,0.0000,0.0000
159.9333,26.0320,4.5133,0.0000,-331.3358,477.3327,352.8408,0.0000,0.0000
159.9500,25.9779,4.4850,0.0000,-328.6079,476.7611,328.5396,0.0000,0.0000
159.9667,25.9230,4.4567,0.0000,-325.9035,476.1725,304.2384,0.0000,0.0000
159.9833,25.8674,4.4283,0.0000,-323.2188,475.5669,279.9372,0.0000,0.0000
160.0000,25.8110,4.4000,0.0000,-320.5506,474.9448,255.6360,0.0000,0.0000
160.0167,25.7539,4.3550,0.0000,-318.2692,474.6760,251.3754,0.0000,0.0000
160.0333,25.6962,4.3100,0.0000,-316.6333,474.3961,247.1148,0.0000,0.0000
160.0500,25.6383,4.2650,0.0000,-315.4253,474.1086,242.8542,0.0000,0.0000
160.0667,25.5801,4.2200,0.0000,-314.5023,473.8160,238.5936,0.0000,0.0000
160.0833,25.5217,4.1750,0.0000,-313.7677,473.5199,234.3330,0.0000,0.0000
160.1000,25.4633,4.1300,0.0000,-313.1553,473.2211,230.0724,0.0000,0.0000
160.1167,25.4047,4.0850,0.0000,-312.6191,472.9205,225.8118,0.0000,0.0000
160.1333,25.3461,4.0400,0.0000,-312.1271,472.6183,221.5512,0.0000,0.0000
160.1500,25.2874,3.9950,0.0000,-311.6569,472.3147,217.2906,0.0000,0.0000
160.1667,25.2287,3.9500,0.0000,-311.1931,472.0099,213.0300,0.0000,0.0000
160.1833,25.1699,3.9050,0.0000,-310.7250,471.7037,208.7694,0.0000,0.0000
160.2000,25.1110,3.8600,0.0000,-310.2457,471.3962,204.5088,0.0000,0.0000
160.2167,25.0521,3.8150,0.0000,-309.7507,471.0871,200.2482,0.0000,0.0000
160.2333,24.9931,3.7700,0.0000,-309.2376,470.7764,195.9876,0.0000,0.0000
160.2500,24.9340,3.7250,0.0000,-308.7049,470.4640,191.7270,0.0000,0.0000
160.2667,24.8748,3.6800,0.0000,-308.1524,470.1496,187.4664,0.0000,0.0000
160.2833,24.8155,3.6350,0.0000,-307.5803,469.8331,183.2058,0.0000,0.0000
160.3000,24.7562,3.5900,0.0000,-306.9896,469.5144,178.9452,0.0000,0.0000
160.3167,24.6967,3.5450,0.0000,-306.3811,469.1934,174.6846,0.0000,0.0000
160.3333,24.6371,3.5000,0.0000,-305.7561,468.8700,170.4240,0.0000,0.0000
160.3500,24.5774,3.4550,0.0000,-305.1160,468.5440,166.1634,0.0000,0.0000
160.3667,24.5176,3.4100,0.0000,-304.4619,468.2154,161.9028,0.0000,0.0000
160.3833,24.4577,3.3650,0.0000,-303.7953,467.8841,157.6422,0.0000,0.0000
160.4000,24.3976,3.3200,0.0000,-303.1174,467.5500,153.3816,0.0000,0.0000
160.4167,24.3374,3.2750,0.0000,-302.4293,467.2131,149.1210,0.0000,0.0000
160.4333,24.2771,3.2300,0.0000,-301.7322,466.8732,144.8604,0.0000,0.0000
160.4500,24.2167,3.1850,0.0000,-301.0271,466.5304,140.5998,0.0000,0.0000
160.4667,24.1561,3.1400,0.0000,-300.3149,466.1847,136.3392,0.0000,0.0000
160.4833,24.0953,3.0950,0.0000,-299.5966,465.8360,132.0786,0.0000,0.0000
160.5000,24.0345,3.0500,0.0000,-298.8729,465.4842,127.8180,0.0000,0.0000
160.5167,23.9735,3.0050,0.0000,-298.1445,465.1294,123.5574,0.0000,0.0000
160.5333,23.9124,2.9600,0.0000,-297.4121,464.7716,119.2968,0.0000,0.0000
160.5500,23.8511,2.9150,0.0000,-296.6761,464.4108,115.0362,0.0000,0.0000
160.5667,23.7897,2.8700,0.0000,-295.9372,464.0469,110.7756,0.0000,0.0000
160.5833,23.7282,2.8250,0.0000,-295.1957,463.6800,106.5150,0.0000,0.0000
160.6000,23.6665,2.7800,0.0000,-294.4520,463.3100,102.2544,0.0000,0.0000
160.6167,23.6047,2.7350,0.0000,-293.7065,462.9371,97.9938,0.0000,0.0000
160.6333,23.5427,2.6900,0.0000,-292.9594,462.5611,93.7332,0.0000,0.0000
160.6500,23.4806,2.6450,0.0000,-292.2111,462.1821,89.4726,0.0000,0.0000
160.6667,23.4184,2.6000,0.0000,-291.4617,461.8002,85.2120,0.0000,0.0000
160.6833,23.3561,2.5550,0.0000,-290.7114,461.4153,80.9514,0.0000,0.0000
160.7000,23.2936,2.5100,0.0000,-289.9604,461.0274,76.6908,0.0000,0.0000
160.7167,23.2310,2.4650,0.0000,-289.2088,460.6367,72.4302,0.0000,0.0000
160.7333,23.1682,2.4200,0.0000,-288.4567,460.2430,68.1696,0.0000,0.0000
160.7500,23.1053,2.3750,0.0000,-287.7043,459.8465,63.9090,0.0000,0.0000
160.7667,23.0423,2.3300,0.0000,-286.9516,459.4471,59.6484,0.0000,0.0000
160.7833,22.9792,2.2850,0.0000,-286.1986,459.0448,55.3878,0.0000,0.0000
160.8000,22.9159,2.2400,0.0000,-285.4455,458.6397,51.1272,0.0000,0.0000
160.8167,22.8525,2.1950,0.0000,-284.6922,458.2318,46.8666,0.0000,0.0000
160.8333,22.7890,2.1500,0.0000,-283.9387,457.8212,42.6060,0.0000,0.0000
160.8500,22.7254,2.1050,0.0000,-283.1851,457.4078,38.3454,0.0000,0.0000
160.8667,22.6616,2.0600,0.0000,-282.4313,456.9917,34.0848,0.0000,0.0000
160.8833,22.5978,2.0150,0.0000,-281.6775,456.5728,29.8242,0.0000,0.0000
160.9000,22.5337,1.9700,0.0000,-280.9234,456.1512,25.5636,0.0000,0.0000
160.9167,22.4696,1.9250,0.0000,-280.1692,455.7270,21.3030,0.0000,0.0000
160.9333,22.4054,1.8800,0.0000,-279.4148,455.3001,17.0424,0.0000,0.0000
160.9500,22.3410,1.8350,0.0000,-278.6602,454.8706,12.7818,0.0000,0.0000
160.9667,22.2765,1.7900,0.0000,-277.9053,454.4385,8.5212,0.0000,0.0000
160.9833,22.2119,1.7450,0.0000,-277.1500,454.0038,4.2606,0.0000,0.0000
161.0000,22.1472,1.7000,0.0000,-276.3938,453.5665,0.0000,0.0000,0.0000
161.0167,22.0828,1.6717,0.0000,-276.2729,452.7650,0.0000,0.0000,0.0000
161.0333,22.0185,1.6433,0.0000,-276.1485,451.9689,0.0000,0.0000,0.0000
161.0500,21.9546,1.6150,0.0000,-276.0004,451.1781,0.0000,0.0000,0.0000
161.0667,21.8908,1.5867,0.0000,-275.8190,450.3921,0.0000,0.0000,0.0000
161.0833,21.8272,1.5583,0.0000,-275.6003,449.6108,0.0000,0.0000,0.0000
161.1000,21.7639,1.5300,0.0000,-275.3441,448.8336,0.0000,0.0000,0.0000
161.1167,21.7007,1.5017,0.0000,-275.0516,448.0604,0.0000,0.0000,0.0000
161.1333,21.6376,1.4733,0.0000,-274.7253,447.2907,0.0000,0.0000,0.0000
161.1500,21.5748,1.4450,0.0000,-274.3678,446.5244,0.0000,0.0000,0.0000
161.1667,21.5120,1.4167,0.0000,-273.9823,445.7611,0.0000,0.0000,0.0000
161.1833,21.4494,1.3883,0.0000,-273.5714,445.0006,0.0000,0.0000,0.0000
161.2000,21.3869,1.3600,0.0000,-273.1381,444.2428,0.0000,0.0000,0.0000
161.2167,21.3245,1.3317,0.0000,-272.6849,443.4875,0.0000,0.0000,0.0000
161.2333,21.2622,1.3033,0.0000,-272.2142,442.7344,0.0000,0.0000,0.0000
161.2500,21.2001,1.2750,0.0000,-271.7282,441.9835,0.0000,0.0000,0.0000
161.2667,21.1380,1.2467,0.0000,-271.2288,441.2346,0.0000,0.0000,0.0000
161.2833,21.0760,1.2183,0.0000,-270.7177,440.4876,0.0000,0.0000,0.0000
161.3000,21.0140,1.1900,0.0000,-270.1967,439.7425,0.0000,0.0000,0.0000
161.3167,20.9522,1.1617,0.0000,-269.6671,438.9990,0.0000,0.0000,0.0000
161.3333,20.8904,1.1333,0.0000,-269.1301,438.2573,0.0000,0.0000,0.0000
161.3500,20.8287,1.1050,0.0000,-268.5869,437.5171,0.0000,0.0000,0.0000
161.3667,20.7671,1.0767,0.0000,-268.0384,436.7785,0.0000,0.0000,0.0000
161.3833,20.7055,1.0483,0.0000,-267.4855,436.0413,0.0000,0.0000,0.0000
161.4000,20.6440,1.0200,0.0000,-266.9290,435.3057,0.0000,0.0000,0.0000
161.4167,20.5826,0.9917,0.0000,-266.3694,434.5714,0.0000,0.0000,0.0000
161.4333,20.5212,0.9633,0.0000,-265.8073,433.8385,0.0000,0.0000,0.0000
161.4500,20.4599,0.9350,0.0000,-265.2433,433.1070,0.0000,0.0000,0.0000
161.4667,20.3986,0.9067,0.0000,-264.6776,432.3768,0.0000,0.0000,0.0000
161.4833,20.3374,0.8783,0.0000,-264.1107,431.6479,0.0000,0.0000,0.0000
161.5000,20.2763,0.8500,0.0000,-263.5428,430.9203,0.0000,0.0000,0.0000
161.5167,20.2152,0.8217,0.0000,-262.9741,430.1940,0.0000,0.0000,0.0000
161.5333,20.1542,0.7933,0.0000,-262.4048,429.4690,0.0000,0.0000,0.0000
161.5500,20.0933,0.7650,0.0000,-261.8350,428.7452,0.0000,0.0000,0.0000
161.5667,20.0323,0.7367,0.0000,-261.2648,428.0226,0.0000,0.0000,0.0000
161.5833,19.9926,0.7083,744.7072,-252.0523,427.7683,0.0000,0.0000,0.0000
161.6000,19.9831,0.6800,1686.5000,-230.7148,428.1879,0.0000,0.0000,0.0000
161.6167,19.9791,0.6517,2085.0251,-207.7511,428.7280,0.0000,0.0000,0.0000
161.6333,19.9764,0.6233,2357.7321,-184.8438,429.2960,0.0000,0.0000,0.0000
161.6500,19.9740,0.5950,2598.4133,-162.3247,429.8711,0.0000,0.0000,0.0000
161.6667,19.9717,0.5667,2828.3864,-140.2368,430.4486,0.0000,0.0000,0.0000
161.6833,19.9695,0.5383,3052.6802,-118.5662,431.0274,0.0000,0.0000,0.0000
161.7000,19.9673,0.5100,3272.6245,-97.2910,431.6071,0.0000,0.0000,0.0000
161.7167,19.9651,0.4817,3488.6838,-76.3906,432.1877,0.0000,0.0000,0.0000
161.7333,19.9630,0.4533,3701.1025,-55.8474,432.7690,0.0000,0.0000,0.0000
161.7500,19.9609,0.4250,3910.0563,-35.6458,433.3512,0.0000,0.0000,0.0000
161.7667,19.9588,0.3967,4115.6905,-15.7722,433.9341,0.0000,0.0000,0.0000
161.7833,19.9568,0.3683,4318.1326,3.7855,434.5177,0.0000,0.0000,0.0000
161.8000,19.9548,0.3400,4517.4963,23.0384,435.1019,0.0000,0.0000,0.0000
161.8167,19.9529,0.3117,4713.8853,41.9965,435.6869,0.0000,0.0000,0.0000
161.8333,19.9509,0.2833,4907.3944,60.6691,436.2724,0.0000,0.0000,0.0000
161.8500,19.9490,0.2550,5098.1114,79.0646,436.8586,0.0000,0.0000,0.0000
161.8667,19.9471,0.2267,5286.1179,97.1911,437.4454,0.0000,0.0000,0.0000
161.8833,19.9453,0.1983,5471.4904,115.0561,438.0328,0.0000,0.0000,0.0000
161.9000,19.9435,0.1700,5654.3008,132.6666,438.6208,0.0000,0.0000,0.0000
161.9167,19.9417,0.1417,5834.6173,150.0294,439.2093,0.0000,0.0000,0.0000
161.9333,19.9399,0.1133,6012.5043,167.1508,439.7983,0.0000,0.0000,0.0000
161.9500,19.9381,0.0850,6188.0234,184.0368,440.3879,0.0000,0.0000,0.0000
161.9667,19.9364,0.0567,6361.2333,200.6933,440.9779,0.0000,0.0000,0.0000
161.9833,19.9347,0.0283,6532.1904,217.1259,441.5685,0.0000,0.0000,0.0000
162.0000,19.9330,0.0000,6700.9520,233.3402,442.1596,0.0000,0.0000,0.0000
162.0167,19.9314,-0.0183,6863.2525,249.0008,442.5302,0.0000,0.0000,0.0000
162.0333,19.9298,-0.0367,7022.5020,264.4581,442.9016,0.0000,0.0000,0.0000
162.0500,19.9282,-0.0550,7179.5018,279.7143,443.2734,0.0000,0.0000,0.0000
162.0667,19.9267,-0.0733,7334.4674,294.7731,443.6457,0.0000,0.0000,0.0000
162.0833,19.9251,-0.0917,7487.4804,309.6388,444.0185,0.0000,0.0000,0.0000
162.1000,19.9236,-0.1100,7638.5899,324.3152,444.3916,0.0000,0.0000,0.0000
162.1167,19.9221,-0.1283,7787.8359,338.8062,444.7652,0.0000,0.0000,0.0000
162.1333,19.9206,-0.1467,7935.2550,353.1153,445.1392,0.0000,0.0000,0.0000
162.1500,19.9192,-0.1650,8080.8820,367.2459,445.5136,0.0000,0.0000,0.0000
162.1667,19.9178,-0.1833,8224.7505,381.2013,445.8883,0.0000,0.0000,0.0000
162.1833,19.9163,-0.2017,8366.8932,394.9848,446.2635,0.0000,0.0000,0.0000
162.2000,19.9149,-0.2200,8507.3419,408.5996,446.6390,0.0000,0.0000,0.0000
162.2167,19.9135,-0.2383,8646.1276,422.0487,447.0149,0.0000,0.0000,0.0000
162.2333,19.9122,-0.2567,8783.2809,435.3352,447.3911,0.0000,0.0000,0.0000
162.2500,19.9108,-0.2750,8918.8315,448.4620,447.7677,0.0000,0.0000,0.0000
162.2667,19.9095,-0.2933,9052.8084,461.4321,448.1447,0.0000,0.0000,0.0000
162.2833,19.9081,-0.3117,9185.2403,474.2482,448.5220,0.0000,0.0000,0.0000
162.3000,19.9068,-0.3300,9316.1550,486.9131,448.8996,0.0000,0.0000,0.0000
162.3167,19.9055,-0.3483,9445.5799,499.4297,449.2776,0.0000,0.0000,0.0000
162.3333,19.9043,-0.3667,9573.5418,511.8004,449.6559,0.0000,0.0000,0.0000
162.3500,19.9030,-0.3850,9700.0669,524.0280,450.0345,0.0000,0.0000,0.0000
162.3667,19.9017,-0.4033,9825.1808,536.1151,450.4134,0.0000,0.0000,0.0000
162.3833,19.9005,-0.4217,9948.9088,548.0640,450.7926,0.0000,0.0000,0.0000
162.4000,19.8993,-0.4400,10071.2754,559.8772,451.1722,0.0000,0.0000,0.0000
162.4167,19.8981,-0.4583,10192.3047,571.5573,451.5520,0.0000,0.0000,0.0000
162.4333,19.8969,-0.4767,10312.0204,583.1064,451.9321,0.0000,0.0000,0.0000
162.4500,19.8957,-0.4950,10430.4455,594.5269,452.3125,0.0000,0.0000,0.0000
162.4667,19.8945,-0.5133,10547.6027,605.8211,452.6932,0.0000,0.0000,0.0000
162.4833,19.8934,-0.5317,10663.5141,616.9912,453.0742,0.0000,0.0000,0.0000
162.5000,19.8922,-0.5500,10778.2014,628.0392,453.4554,0.0000,0.0000,0.0000
162.5167,19.8911,-0.5683,10891.6857,638.9674,453.8369,0.0000,0.0000,0.0000
162.5333,19.8900,-0.5867,11003.9879,649.7778,454.2187,0.0000,0.0000,0.0000
162.5500,19.8888,-0.6050,11115.1283,660.4723,454.6007,0.0000,0.0000,0.0000
162.5667,19.8877,-0.6233,11225.1268,671.0531,454.9830,0.0000,0.0000,0.0000
162.5833,19.8867,-0.6417,11334.0028,681.5220,455.3655,0.0000,0.0000,0.0000
162.6000,19.8856,-0.6600,11441.7754,691.8810,455.7483,0.0000,0.0000,0.0000
162.6167,19.8845,-0.6783,11548.4632,702.1318,456.1313,0.0000,0.0000,0.0000
162.6333,19.8835,-0.6967,11654.0846,712.2763,456.5145,0.0000,0.0000,0.0000
162.6500,19.8824,-0.7150,11758.6573,722.3163,456.8980,0.0000,0.0000,0.0000
162.6667,19.8814,-0.7333,11862.1988,732.2536,457.2817,0.0000,0.0000,0.0000
162.6833,19.8804,-0.7517,11964.7263,742.0897,457.6656,0.0000,0.0000,0.0000
162.7000,19.8793,-0.7700,12066.2565,751.8265,458.0498,0.0000,0.0000,0.0000
162.7167,19.8783,-0.7883,12166.8058,761.4654,458.4342,0.0000,0.0000,0.0000
162.7333,19.8773,-0.8067,12266.3902,771.0082,458.8188,0.0000,0.0000,0.0000
162.7500,19.8763,-0.8250,12365.0253,780.4563,459.2036,0.0000,0.0000,0.0000
162.7667,19.8754,-0.8433,12462.7267,789.8114,459.5886,0.0000,0.0000,0.0000
162.7833,19.8744,-0.8617,12559.5093,799.0748,459.9738,0.0000,0.0000,0.0000
162.8000,19.8734,-0.8800,12655.3878,808.2481,460.3592,0.0000,0.0000,0.0000
162.8167,19.8725,-0.8983,12750.3766,817.3327,460.7448,0.0000,0.0000,0.0000
162.8333,19.8716,-0.9167,12844.4898,826.3301,461.1306,0.0000,0.0000,0.0000
162.8500,19.8706,-0.9350,12937.7413,835.2414,461.5166,0.0000,0.0000,0.0000
162.8667,19.8697,-0.9533,13030.1446,844.0683,461.9027,0.0000,0.0000,0.0000
162.8833,19.8688,-0.9717,13121.7128,852.8118,462.2891,0.0000,0.0000,0.0000
162.9000,19.8679,-0.9900,13212.4589,861.4734,462.6756,0.0000,0.0000,0.0000
162.9167,19.8670,-1.0083,13302.3957,870.0543,463.0624,0.0000,0.0000,0.0000
162.9333,19.8661,-1.0267,13391.5355,878.5557,463.4493,0.0000,0.0000,0.0000
162.9500,19.8652,-1.0450,13479.8905,886.9788,463.8364,0.0000,0.0000,0.0000
162.9667,19.8643,-1.0633,13567.4726,895.3249,464.2236,0.0000,0.0000,0.0000
162.9833,19.8635,-1.0817,13654.2935,903.5950,464.6110,0.0000,0.0000,0.0000
163.0000,19.8626,-1.1000,13740.3646,911.7904,464.9986,0.0000,0.0000,0.0000
163.0167,19.8617,-1.1183,13825.6970,919.9121,465.3863,0.0000,0.0000,0.0000
163.0333,19.8609,-1.1367,13910.3012,927.9611,465.7743,0.0000,0.0000,0.0000
163.0500,19.8601,-1.1550,13994.1872,935.9385,466.1623,0.0000,0.0000,0.0000
163.0667,19.8592,-1.1733,14077.3643,943.8452,466.5505,0.0000,0.0000,0.0000
163.0833,19.8584,-1.1917,14159.8412,951.6819,466.9389,0.0000,0.0000,0.0000
163.1000,19.8576,-1.2100,14241.6259,959.4495,467.3275,0.0000,0.0000,0.0000
163.1167,19.8568,-1.2283,14322.7263,967.1488,467.7161,0.0000,0.0000,0.0000
163.1333,19.8560,-1.2467,14403.1498,974.7805,468.1050,0.0000,0.0000,0.0000
163.1500,19.8552,-1.2650,14482.9037,982.3454,468.4940,0.0000,0.0000,0.0000
163.1667,19.8544,-1.2833,14561.9951,989.8440,468.8831,0.0000,0.0000,0.0000
163.1833,19.8536,-1.3017,14640.4311,997.2772,469.2724,0.0000,0.0000,0.0000
163.2000,19.8528,-1.3200,14718.2187,1004.6457,469.6618,0.0000,0.0000,0.0000
163.2167,19.8520,-1.3383,14795.3648,1011.9501,470.0514,0.0000,0.0000,0.0000
163.2333,19.8513,-1.3567,14871.8765,1019.1911,470.4411,0.0000,0.0000,0.0000
163.2500,19.8505,-1.3750,14947.7606,1026.3694,470.8309,0.0000,0.0000,0.0000
163.2667,19.8498,-1.3933,15015.1565,1033.0959,471.2226,0.0000,0.0000,0.0000
163.2833,19.8492,-1.4117,15084.7833,1039.7530,471.6139,0.0000,0.0000,0.0000
163.3000,19.8485,-1.4300,15154.6171,1046.3518,472.0050,0.0000,0.0000,0.0000
163.3167,19.8478,-1.4483,15224.1169,1052.8960,472.3963,0.0000,0.0000,0.0000
163.3333,19.8471,-1.4667,15293.1426,1059.3872,472.7877,0.0000,0.0000,0.0000
163.3500,19.8464,-1.4850,15361.6620,1065.8264,473.1791,0.0000,0.0000,0.0000
163.3667,19.8457,-1.5033,15429.6715,1072.2145,473.5707,0.0000,0.0000,0.0000
163.3833,19.8450,-1.5217,15497.1753,1078.5520,473.9624,0.0000,0.0000,0.0000
163.4000,19.8444,-1.5400,15564.1793,1084.8397,474.3542,0.0000,0.0000,0.0000
163.4167,19.8437,-1.5583,15630.6897,1091.0781,474.7462,0.0000,0.0000,0.0000
163.4333,19.8430,-1.5767,15696.7127,1097.2680,475.1382,0.0000,0.0000,0.0000
163.4500,19.8424,-1.5950,15762.2543,1103.4099,475.5303,0.0000,0.0000,0.0000
163.4667,19.8417,-1.6133,15827.3207,1109.5044,475.9226,0.0000,0.0000,0.0000
163.4833,19.8411,-1.6317,15891.9176,1115.5521,476.3149,0.0000,0.0000,0.0000
163.5000,19.8404,-1.6500,15956.0508,1121.5536,476.7074,0.0000,0.0000,0.0000
163.5167,19.8398,-1.6683,16019.7260,1127.5094,477.0999,0.0000,0.0000,0.0000
163.5333,19.8392,-1.6867,16082.9488,1133.4201,477.4926,0.0000,0.0000,0.0000
163.5500,19.8385,-1.7050,16145.7247,1139.2863,477.8853,0.0000,0.0000,0.0000
163.5667,19.8379,-1.7233,16208.0591,1145.1084,478.2782,0.0000,0.0000,0.0000
163.5833,19.8373,-1.7417,16269.9574,1150.8870,478.6711,0.0000,0.0000,0.0000
163.6000,19.8367,-1.7600,16331.4248,1156.6227,479.0642,0.0000,0.0000,0.0000
163.6167,19.8361,-1.7783,16392.4665,1162.3159,479.4573,0.0000,0.0000,0.0000
163.6333,19.8355,-1.7967,16453.0875,1167.9672,479.8505,0.0000,0.0000,0.0000
163.6500,19.8349,-1.8150,16513.2930,1173.5770,480.2438,0.0000,0.0000,0.0000
163.6667,19.8343,-1.8333,16573.0879,1179.1459,480.6373,0.0000,0.0000,0.0000
163.6833,19.8337,-1.8517,16632.4771,1184.6744,481.0308,0.0000,0.0000,0.0000
163.7000,19.8331,-1.8700,16691.4654,1190.1628,481.4244,0.0000,0.0000,0.0000
163.7167,19.8325,-1.8883,16750.0575,1195.6118,481.8180,0.0000,0.0000,0.0000
163.7333,19.8319,-1.9067,16808.2581,1201.0217,482.2118,0.0000,0.0000,0.0000
163.7500,19.8313,-1.9250,16866.0718,1206.3930,482.6056,0.0000,0.0000,0.0000
163.7667,19.8308,-1.9433,16923.5032,1211.7263,482.9996,0.0000,0.0000,0.0000
163.7833,19.8302,-1.9617,16980.5568,1217.0218,483.3936,0.0000,0.0000,0.0000
163.8000,19.8296,-1.9800,17037.2369,1222.2801,483.7877,0.0000,0.0000,0.0000
163.8167,19.8291,-1.9983,17093.5480,1227.5015,484.1819,0.0000,0.0000,0.0000
163.8333,19.8285,-2.0167,17149.4942,1232.6866,484.5762,0.0000,0.0000,0.0000
163.8500,19.8279,-2.0350,17205.0799,1237.8358,484.9705,0.0000,0.0000,0.0000
163.8667,19.8274,-2.0533,17260.3091,1242.9494,485.3649,0.0000,0.0000,0.0000
163.8833,19.8268,-2.0717,17315.1860,1248.0278,485.7594,0.0000,0.0000,0.0000
163.9000,19.8263,-2.0900,17369.7147,1253.0715,486.1540,0.0000,0.0000,0.0000
163.9167,19.8258,-2.1083,17423.8991,1258.0809,486.5487,0.0000,0.0000,0.0000
163.9333,19.8252,-2.1267,17477.7432,1263.0563,486.9434,0.0000,0.0000,0.0000
163.9500,19.8247,-2.1450,17531.2508,1267.9982,487.3382,0.0000,0.0000,0.0000
163.9667,19.8242,-2.1633,17584.4257,1272.9069,487.7331,0.0000,0.0000,0.0000
163.9833,19.8236,-2.1817,17637.2717,1277.7828,488.1280,0.0000,0.0000,0.0000
164.0000,19.8230,-2.2000,17695.6457,1282.8962,488.5218,0.0000,0.0000,0.0000
164.0167,19.8225,-2.2183,17745.6509,1287.7186,488.9173,0.0000,0.0000,0.0000
164.0333,19.8220,-2.2367,17796.9470,1292.5025,489.3126,0.0000,0.0000,0.0000
164.0500,19.8215,-2.2550,17848.3728,1297.2541,489.7079,0.0000,0.0000,0.0000
164.0667,19.8210,-2.2733,17899.6162,1301.9751,490.1032,0.0000,0.0000,0.0000
164.0833,19.8205,-2.2917,17950.5947,1306.6665,490.4986,0.0000,0.0000,0.0000
164.1000,19.8200,-2.3100,18001.2881,1311.3284,490.8940,0.0000,0.0000,0.0000
164.1167,19.8195,-2.3283,18051.6929,1315.9613,491.2895,0.0000,0.0000,0.0000
164.1333,19.8190,-2.3467,18101.8107,1320.5655,491.6851,0.0000,0.0000,0.0000
164.1500,19.8185,-2.3650,18151.6446,1325.1414,492.0807,0.0000,0.0000,0.0000
164.1667,19.8180,-2.3833,18201.1985,1329.6894,492.4764,0.0000,0.0000,0.0000
164.1833,19.8175,-2.4017,18250.4767,1334.2099,492.8721,0.0000,0.0000,0.0000
164.2000,19.8170,-2.4200,18299.4836,1338.7035,493.2679,0.0000,0.0000,0.0000
164.2167,19.8165,-2.4383,18348.2237,1343.1705,493.6638,0.0000,0.0000,0.0000
164.2333,19.8160,-2.4567,18396.7017,1347.6114,494.0597,0.0000,0.0000,0.0000
164.2500,19.8156,-2.4750,18444.9221,1352.0267,494.4557,0.0000,0.0000,0.0000
164.2667,19.8151,-2.4933,18492.8894,1356.4168,494.8517,0.0000,0.0000,0.0000
164.2833,19.8146,-2.5117,18540.6080,1360.7821,495.2478,0.0000,0.0000,0.0000
164.3000,19.8141,-2.5300,18588.0821,1365.1232,495.6440,0.0000,0.0000,0.0000
164.3167,19.8136,-2.5483,18635.3160,1369.4403,496.0402,0.0000,0.0000,0.0000
164.3333,19.8132,-2.5667,18682.3135,1373.7339,496.4364,0.0000,0.0000,0.0000
164.3500,19.8127,-2.5850,18729.0786,1378.0044,496.8327,0.0000,0.0000,0.0000
164.3667,19.8122,-2.6033,18775.6150,1382.2521,497.2291,0.0000,0.0000,0.0000
164.3833,19.8118,-2.6217,18821.9262,1386.4774,497.6255,0.0000,0.0000,0.0000
164.4000,19.8113,-2.6400,18868.0157,1390.6806,498.0219,0.0000,0.0000,0.0000
164.4167,19.8109,-2.6583,18913.8869,1394.8621,498.4184,0.0000,0.0000,0.0000
164.4333,19.8104,-2.6767,18959.5429,1399.0222,498.8150,0.0000,0.0000,0.0000
164.4500,19.8100,-2.6950,19004.9869,1403.1611,499.2116,0.0000,0.0000,0.0000
164.4667,19.8095,-2.7133,19050.2218,1407.2792,499.6082,0.0000,0.0000,0.0000
164.4833,19.8090,-2.7317,19095.2505,1411.3768,500.0049,0.0000,0.0000,0.0000
164.5000,19.8086,-2.7500,19140.0758,1415.4540,500.4016,0.0000,0.0000,0.0000
164.5167,19.8082,-2.7683,19184.7003,1419.5113,500.7984,0.0000,0.0000,0.0000
164.5333,19.8077,-2.7867,19229.1266,1423.5488,501.1952,0.0000,0.0000,0.0000
164.5500,19.8073,-2.8050,19273.3573,1427.5669,501.5921,0.0000,0.0000,0.0000
164.5667,19.8068,-2.8233,19317.3948,1431.5656,501.9890,0.0000,0.0000,0.0000
164.5833,19.8064,-2.8417,19361.2414,1435.5453,502.3859,0.0000,0.0000,0.0000
164.6000,19.8060,-2.8600,19404.8993,1439.5062,502.7829,0.0000,0.0000,0.0000
164.6167,19.8055,-2.8783,19448.3708,1443.4485,503.1800,0.0000,0.0000,0.0000
164.6333,19.8051,-2.8967,19491.6579,1447.3725,503.5770,0.0000,0.0000,0.0000
164.6500,19.8047,-2.9150,19534.7628,1451.2782,503.9741,0.0000,0.0000,0.0000
164.6667,19.8042,-2.9333,19577.6875,1455.1660,504.3713,0.0000,0.0000,0.0000
164.6833,19.8038,-2.9517,19620.4339,1459.0360,504.7685,0.0000,0.0000,0.0000
164.7000,19.8034,-2.9700,19663.0039,1462.8884,505.1657,0.0000,0.0000,0.0000
164.7167,19.8029,-2.9883,19705.3993,1466.7233,505.5630,0.0000,0.0000,0.0000
164.7333,19.8025,-3.0067,19747.6219,1470.5411,505.9603,0.0000,0.0000,0.0000
164.7500,19.8021,-3.0250,19789.6735,1474.3417,506.3577,0.0000,0.0000,0.0000
164.7667,19.8017,-3.0433,19831.5558,1478.1255,506.7550,0.0000,0.0000,0.0000
164.7833,19.8013,-3.0617,19873.2704,1481.8925,507.1525,0.0000,0.0000,0.0000
164.8000,19.8009,-3.0800,19914.8190,1485.6429,507.5499,0.0000,0.0000,0.0000
164.8167,19.8004,-3.0983,19956.2031,1489.3770,507.9474,0.0000,0.0000,0.0000
164.8333,19.8000,-3.1167,19997.4243,1493.0947,508.3449,0.0000,0.0000,0.0000
164.8500,19.7996,-3.1350,20038.4841,1496.7964,508.7425,0.0000,0.0000,0.0000
164.8667,19.7992,-3.1533,20079.3839,1500.4821,509.1401,0.0000,0.0000,0.0000
164.8833,19.7988,-3.1717,20120.1253,1504.1519,509.5378,0.0000,0.0000,0.0000
164.9000,19.7984,-3.1900,20160.7096,1507.8061,509.9354,0.0000,0.0000,0.0000
164.9167,19.7980,-3.2083,20201.1383,1511.4448,510.3331,0.0000,0.0000,0.0000
164.9333,19.7976,-3.2267,20241.4127,1515.0680,510.7309,0.0000,0.0000,0.0000
164.9500,19.7972,-3.2450,20281.5340,1518.6760,511.1287,0.0000,0.0000,0.0000
164.9667,19.7968,-3.2633,20321.5038,1522.2688,511.5265,0.0000,0.0000,0.0000
164.9833,19.7964,-3.2817,20361.3232,1525.8466,511.9243,0.0000,0.0000,0.0000
165.0000,19.7960,-3.3000,20400.9935,1529.4095,512.3222,0.0000,0.0000,0.0000
165.0167,19.7957,-3.3000,20433.0809,1532.3285,512.3151,0.0000,0.0000,0.0000
165.0333,19.7954,-3.3000,20462.9877,1535.2401,512.3084,0.0000,0.0000,0.0000
165.0500,19.7951,-3.3000,20492.1839,1538.1380,512.3020,0.0000,0.0000,0.0000
165.0667,19.7948,-3.3000,20521.0681,1541.0201,512.2955,0.0000,0.0000,0.0000
165.0833,19.7945,-3.3000,20549.7456,1543.8857,512.2892,0.0000,0.0000,0.0000
165.1000,19.7942,-3.3000,20578.2413,1546.7340,512.2829,0.0000,0.0000,0.0000
165.1167,19.7939,-3.3000,20606.5575,1549.5644,512.2766,0.0000,0.0000,0.0000
165.1333,19.7937,-3.3000,20634.6901,1552.3762,512.2703,0.0000,0.0000,0.0000
165.1500,19.7934,-3.3000,20662.6330,1555.1688,512.2641,0.0000,0.0000,0.0000
165.1667,19.7931,-3.3000,20690.3798,1557.9414,512.2580,0.0000,0.0000,0.0000
165.1833,19.7928,-3.3000,20717.9239,1560.6934,512.2519,0.0000,0.0000,0.0000
165.2000,19.7925,-3.3000,20745.2594,1563.4243,512.2458,0.0000,0.0000,0.0000
165.2167,19.7923,-3.3000,20772.3802,1566.1334,512.2398,0.0000,0.0000,0.0000
165.2333,19.7920,-3.3000,20799.2812,1568.8202,512.2338,0.0000,0.0000,0.0000
165.2500,19.7917,-3.3000,20825.9573,1571.4844,512.2279,0.0000,0.0000,0.0000
165.2667,19.7915,-3.3000,20852.4041,1574.1253,512.2220,0.0000,0.0000,0.0000
165.2833,19.7912,-3.3000,20878.6176,1576.7427,512.2162,0.0000,0.0000,0.0000
165.3000,19.7910,-3.3000,20904.5944,1579.3362,512.2105,0.0000,0.0000,0.0000
165.3167,19.7907,-3.3000,20930.3313,1581.9056,512.2048,0.0000,0.0000,0.0000
165.3333,19.7904,-3.3000,20955.8257,1584.4505,512.1991,0.0000,0.0000,0.0000
165.3500,19.7902,-3.3000,20981.0753,1586.9708,512.1935,0.0000,0.0000,0.0000
165.3667,19.7899,-3.3000,21006.0782,1589.4664,512.1880,0.0000,0.0000,0.0000
165.3833,19.7897,-3.3000,21030.8329,1591.9369,512.1825,0.0000,0.0000,0.0000
165.4000,19.7894,-3.3000,21055.3384,1594.3825,512.1770,0.0000,0.0000,0.0000
165.4167,19.7892,-3.3000,21079.5936,1596.8029,512.1717,0.0000,0.0000,0.0000
165.4333,19.7890,-3.3000,21103.5981,1599.1982,512.1663,0.0000,0.0000,0.0000
165.4500,19.7887,-3.3000,21127.3515,1601.5683,512.1611,0.0000,0.0000,0.0000
165.4667,19.7885,-3.3000,21150.8540,1603.9133,512.1558,0.0000,0.0000,0.0000
165.4833,19.7883,-3.3000,21174.1055,1606.2331,512.1507,0.0000,0.0000,0.0000
165.5000,19.7880,-3.3000,21197.1068,1608.5278,512.1456,0.0000,0.0000,0.0000
165.5167,19.7878,-3.3000,21219.8582,1610.7976,512.1405,0.0000,0.0000,0.0000
165.5333,19.7876,-3.3000,21242.3608,1613.0424,512.1355,0.0000,0.0000,0.0000
165.5500,19.7874,-3.3000,21264.6156,1615.2624,512.1306,0.0000,0.0000,0.0000
165.5667,19.7871,-3.3000,21286.6237,1617.4578,512.1257,0.0000,0.0000,0.0000
165.5833,19.7869,-3.3000,21308.3864,1619.6286,512.1209,0.0000,0.0000,0.0000
165.6000,19.7867,-3.3000,21329.9052,1621.7751,512.1161,0.0000,0.0000,0.0000
165.6167,19.7865,-3.3000,21351.1817,1623.8973,512.1114,0.0000,0.0000,0.0000
165.6333,19.7863,-3.3000,21372.2176,1625.9955,512.1067,0.0000,0.0000,0.0000
165.6500,19.7861,-3.3000,21393.0146,1628.0698,512.1021,0.0000,0.0000,0.0000
165.6667,19.7859,-3.3000,21413.5748,1630.1205,512.0976,0.0000,0.0000,0.0000
165.6833,19.7857,-3.3000,21433.9000,1632.1477,512.0931,0.0000,0.0000,0.0000
165.7000,19.7855,-3.3000,21453.9923,1634.1516,512.0886,0.0000,0.0000,0.0000
165.7167,19.7853,-3.3000,21473.8539,1636.1325,512.0842,0.0000,0.0000,0.0000
165.7333,19.7851,-3.3000,21493.4867,1638.0906,512.0798,0.0000,0.0000,0.0000
165.7500,19.7849,-3.3000,21512.8932,1640.0261,512.0755,0.0000,0.0000,0.0000
165.7667,19.7847,-3.3000,21532.0756,1641.9392,512.0713,0.0000,0.0000,0.0000
165.7833,19.7845,-3.3000,21551.0361,1643.8302,512.0671,0.0000,0.0000,0.0000
165.8000,19.7843,-3.3000,21569.7770,1645.6993,512.0629,0.0000,0.0000,0.0000
165.8167,19.7841,-3.3000,21588.3008,1647.5467,512.0588,0.0000,0.0000,0.0000
165.8333,19.7839,-3.3000,21606.6099,1649.3726,512.0547,0.0000,0.0000,0.0000
165.8500,19.7838,-3.3000,21624.7065,1651.1774,512.0507,0.0000,0.0000,0.0000
165.8667,19.7836,-3.3000,21642.5932,1652.9613,512.0468,0.0000,0.0000,0.0000
165.8833,19.7834,-3.3000,21660.2723,1654.7244,512.0428,0.0000,0.0000,0.0000
165.9000,19.7832,-3.3000,21677.7462,1656.4671,512.0390,0.0000,0.0000,0.0000
165.9167,19.7830,-3.3000,21695.0175,1658.1896,512.0351,0.0000,0.0000,0.0000
165.9333,19.7829,-3.3000,21712.0884,1659.8921,512.0313,0.0000,0.0000,0.0000
165.9500,19.7827,-3.3000,21728.9614,1661.5748,512.0276,0.0000,0.0000,0.0000
165.9667,19.7825,-3.3000,21745.6389,1663.2381,512.0239,0.0000,0.0000,0.0000
165.9833,19.7824,-3.3000,21762.1234,1664.8821,512.0203,0.0000,0.0000,0.0000
166.0000,19.7822,-3.3000,21778.4171,1666.5071,512.0166,0.0000,0.0000,0.0000
166.0167,19.7820,-3.3100,21798.5805,1668.4569,512.2340,0.0000,0.0000,0.0000
166.0333,19.7818,-3.3200,21819.6687,1670.3843,512.4511,0.0000,0.0000,0.0000
166.0500,19.7816,-3.3300,21840.8820,1672.2929,512.6682,0.0000,0.0000,0.0000
166.0667,19.7814,-3.3400,21862.0056,1674.1842,512.8854,0.0000,0.0000,0.0000
166.0833,19.7812,-3.3500,21882.9850,1676.0588,513.1026,0.0000,0.0000,0.0000
166.1000,19.7810,-3.3600,21903.8093,1677.9175,513.3198,0.0000,0.0000,0.0000
166.1167,19.7808,-3.3700,21924.4802,1679.7610,513.5370,0.0000,0.0000,0.0000
166.1333,19.7805,-3.3800,21945.0030,1681.5898,513.7543,0.0000,0.0000,0.0000
166.1500,19.7803,-3.3900,21965.3838,1683.4046,513.9716,0.0000,0.0000,0.0000
166.1667,19.7801,-3.4000,21985.6291,1685.2062,514.1889,0.0000,0.0000,0.0000
166.1833,19.7799,-3.4100,22005.7453,1686.9950,514.4063,0.0000,0.0000,0.0000
166.2000,19.7797,-3.4200,22025.7386,1688.7718,514.6237,0.0000,0.0000,0.0000
166.2167,19.7795,-3.4300,22045.6151,1690.5372,514.8411,0.0000,0.0000,0.0000
166.2333,19.7793,-3.4400,22065.3805,1692.2916,515.0585,0.0000,0.0000,0.0000
166.2500,19.7791,-3.4500,22085.0404,1694.0358,515.2760,0.0000,0.0000,0.0000
166.2667,19.7790,-3.4600,22104.6000,1695.7700,515.4934,0.0000,0.0000,0.0000
166.2833,19.7788,-3.4700,22124.0643,1697.4950,515.7110,0.0000,0.0000,0.0000
166.3000,19.7786,-3.4800,22143.4379,1699.2110,515.9285,0.0000,0.0000,0.0000
166.3167,19.7784,-3.4900,22162.7254,1700.9186,516.1460,0.0000,0.0000,0.0000
166.3333,19.7782,-3.5000,22181.9308,1702.6182,516.3636,0.0000,0.0000,0.0000
166.3500,19.7780,-3.5100,22201.0581,1704.3101,516.5812,0.0000,0.0000,0.0000
166.3667,19.7778,-3.5200,22220.1110,1705.9946,516.7988,0.0000,0.0000,0.0000
166.3833,19.7776,-3.5300,22239.0929,1707.6722,517.0164,0.0000,0.0000,0.0000
166.4000,19.7774,-3.5400,22258.0070,1709.3432,517.2340,0.0000,0.0000,0.0000
166.4167,19.7772,-3.5500,22276.8565,1711.0078,517.4516,0.0000,0.0000,0.0000
166.4333,19.7770,-3.5600,22295.6440,1712.6663,517.6693,0.0000,0.0000,0.0000
166.4500,19.7769,-3.5700,22314.3723,1714.3190,517.8870,0.0000,0.0000,0.0000
166.4667,19.7767,-3.5800,22333.0438,1715.9661,518.1047,0.0000,0.0000,0.0000
166.4833,19.7765,-3.5900,22351.6609,1717.6078,518.3223,0.0000,0.0000,0.0000
166.5000,19.7763,-3.6000,22370.2255,1719.2444,518.5400,0.0000,0.0000,0.0000
166.5167,19.7761,-3.6100,22388.7398,1720.8760,518.7578,0.0000,0.0000,0.0000
166.5333,19.7759,-3.6200,22407.2057,1722.5028,518.9755,0.0000,0.0000,0.0000
166.5500,19.7757,-3.6300,22425.6247,1724.1250,519.1932,0.0000,0.0000,0.0000
166.5667,19.7756,-3.6400,22443.9985,1725.7428,519.4110,0.0000,0.0000,0.0000
166.5833,19.7754,-3.6500,22462.3286,1727.3562,519.6287,0.0000,0.0000,0.0000
166.6000,19.7752,-3.6600,22480.6163,1728.9654,519.8465,0.0000,0.0000,0.0000
166.6167,19.7750,-3.6700,22498.8629,1730.5706,520.0643,0.0000,0.0000,0.0000
166.6333,19.7748,-3.6800,22517.0696,1732.1718,520.2821,0.0000,0.0000,0.0000
166.6500,19.7746,-3.6900,22535.2375,1733.7692,520.4999,0.0000,0.0000,0.0000
166.6667,19.7745,-3.7000,22553.3675,1735.3628,520.7177,0.0000,0.0000,0.0000
166.6833,19.7743,-3.7100,22571.4605,1736.9527,520.9355,0.0000,0.0000,0.0000
166.7000,19.7741,-3.7200,22589.5173,1738.5391,521.1533,0.0000,0.0000,0.0000
166.7167,19.7739,-3.7300,22607.5388,1740.1219,521.3711,0.0000,0.0000,0.0000
166.7333,19.7737,-3.7400,22625.5257,1741.7013,521.5889,0.0000,0.0000,0.0000
166.7500,19.7736,-3.7500,22643.4785,1743.2773,521.8068,0.0000,0.0000,0.0000
166.7667,19.7734,-3.7600,22661.3979,1744.8500,522.0246,0.0000,0.0000,0.0000
166.7833,19.7732,-3.7700,22679.2844,1746.4194,522.2425,0.0000,0.0000,0.0000
166.8000,19.7730,-3.7800,22697.1384,1747.9856,522.4603,0.0000,0.0000,0.0000
166.8167,19.7729,-3.7900,22714.9604,1749.5486,522.6782,0.0000,0.0000,0.0000
166.8333,19.7727,-3.8000,22732.7509,1751.1084,522.8961,0.0000,0.0000,0.0000
166.8500,19.7725,-3.8100,22750.5101,1752.6652,523.1140,0.0000,0.0000,0.0000
166.8667,19.7723,-3.8200,22768.2383,1754.2188,523.3319,0.0000,0.0000,0.0000
166.8833,19.7721,-3.8300,22785.9360,1755.7694,523.5498,0.0000,0.0000,0.0000
166.9000,19.7720,-3.8400,22803.6032,1757.3169,523.7677,0.0000,0.0000,0.0000
166.9167,19.7718,-3.8500,22821.2403,1758.8615,523.9856,0.0000,0.0000,0.0000
166.9333,19.7716,-3.8600,22838.8474,1760.4030,524.2035,0.0000,0.0000,0.0000
166.9500,19.7714,-3.8700,22856.4248,1761.9416,524.4214,0.0000,0.0000,0.0000
166.9667,19.7713,-3.8800,22873.9725,1763.4772,524.6394,0.0000,0.0000,0.0000
166.9833,19.7711,-3.8900,22891.4907,1765.0098,524.8573,0.0000,0.0000,0.0000
167.0000,19.7709,-3.9000,22908.9796,1766.5395,525.0752,0.0000,0.0000,0.0000
167.0167,19.7708,-3.9000,22922.3784,1767.7224,525.0723,0.0000,0.0000,0.0000
167.0333,19.7707,-3.9000,22934.6358,1768.9061,525.0695,0.0000,0.0000,0.0000
167.0500,19.7705,-3.9000,22946.5547,1770.0873,525.0669,0.0000,0.0000,0.0000
167.0667,19.7704,-3.9000,22958.3526,1771.2648,525.0643,0.0000,0.0000,0.0000
167.0833,19.7703,-3.9000,22970.0866,1772.4382,525.0617,0.0000,0.0000,0.0000
167.1000,19.7702,-3.9000,22981.7696,1773.6070,525.0591,0.0000,0.0000,0.0000
167.1167,19.7701,-3.9000,22993.4022,1774.7707,525.0565,0.0000,0.0000,0.0000
167.1333,19.7700,-3.9000,23004.9814,1775.9290,525.0539,0.0000,0.0000,0.0000
167.1500,19.7698,-3.9000,23016.5031,1777.0813,525.0514,0.0000,0.0000,0.0000
167.1667,19.7697,-3.9000,23027.9630,1778.2272,525.0488,0.0000,0.0000,0.0000
167.1833,19.7696,-3.9000,23039.3567,1779.3664,525.0463,0.0000,0.0000,0.0000
167.2000,19.7695,-3.9000,23050.6802,1780.4983,525.0438,0.0000,0.0000,0.0000
167.2167,19.7694,-3.9000,23058.4511,1781.3706,525.0421,0.0000,0.0000,0.0000
167.2333,19.7693,-3.9000,23066.6930,1782.2354,525.0402,0.0000,0.0000,0.0000
167.2500,19.7692,-3.9000,23075.1116,1783.0939,525.0384,0.0000,0.0000,0.0000
167.2667,19.7692,-3.9000,23083.5777,1783.9467,525.0365,0.0000,0.0000,0.0000
167.2833,19.7691,-3.9000,23092.0346,1784.7939,525.0346,0.0000,0.0000,0.0000
167.3000,19.7690,-3.9000,23100.4568,1785.6355,525.0328,0.0000,0.0000,0.0000
167.3167,19.7689,-3.9000,23108.8325,1786.4716,525.0309,0.0000,0.0000,0.0000
167.3333,19.7688,-3.9000,23117.1562,1787.3020,525.0291,0.0000,0.0000,0.0000
167.3500,19.7687,-3.9000,23125.4249,1788.1266,525.0272,0.0000,0.0000,0.0000
167.3667,19.7687,-3.9000,23133.6366,1788.9454,525.0254,0.0000,0.0000,0.0000
167.3833,19.7686,-3.9000,23141.7901,1789.7583,525.0236,0.0000,0.0000,0.0000
167.4000,19.7685,-3.9000,23149.8844,1790.5652,525.0218,0.0000,0.0000,0.0000
167.4167,19.7684,-3.9000,23157.9185,1791.3659,525.0200,0.0000,0.0000,0.0000
167.4333,19.7683,-3.9000,23165.8917,1792.1605,525.0182,0.0000,0.0000,0.0000
167.4500,19.7683,-3.9000,23173.8032,1792.9488,525.0165,0.0000,0.0000,0.0000
167.4667,19.7682,-3.9000,23181.6525,1793.7309,525.0147,0.0000,0.0000,0.0000
167.4833,19.7681,-3.9000,23189.4388,1794.5066,525.0130,0.0000,0.0000,0.0000
167.5000,19.7680,-3.9000,23197.1618,1795.2760,525.0113,0.0000,0.0000,0.0000
167.5167,19.7680,-3.9000,23204.8209,1796.0388,525.0096,0.0000,0.0000,0.0000
167.5333,19.7679,-3.9000,23212.4158,1796.7953,525.0079,0.0000,0.0000,0.0000
167.5500,19.7678,-3.9000,23219.9460,1797.5452,525.0063,0.0000,0.0000,0.0000
167.5667,19.7677,-3.9000,23227.4113,1798.2886,525.0046,0.0000,0.0000,0.0000
167.5833,19.7677,-3.9000,23234.8114,1799.0254,525.0030,0.0000,0.0000,0.0000
167.6000,19.7676,-3.9000,23242.1461,1799.7557,525.0013,0.0000,0.0000,0.0000
167.6167,19.7675,-3.9000,23249.4152,1800.4793,524.9997,0.0000,0.0000,0.0000
167.6333,19.7674,-3.9000,23256.6187,1801.1964,524.9981,0.0000,0.0000,0.0000
167.6500,19.7674,-3.9000,23263.7564,1801.9069,524.9965,0.0000,0.0000,0.0000
167.6667,19.7673,-3.9000,23270.8282,1802.6108,524.9950,0.0000,0.0000,0.0000
167.6833,19.7672,-3.9000,23277.8343,1803.3081,524.9934,0.0000,0.0000,0.0000
167.7000,19.7672,-3.9000,23284.7745,1803.9988,524.9919,0.0000,0.0000,0.0000
167.7167,19.7671,-3.9000,23291.6490,1804.6829,524.9903,0.0000,0.0000,0.0000
167.7333,19.7670,-3.9000,23298.4579,1805.3605,524.9888,0.0000,0.0000,0.0000
167.7500,19.7669,-3.9000,23305.2012,1806.0314,524.9873,0.0000,0.0000,0.0000
167.7667,19.7669,-3.9000,23311.8791,1806.6959,524.9859,0.0000,0.0000,0.0000
167.7833,19.7668,-3.9000,23318.4917,1807.3538,524.9844,0.0000,0.0000,0.0000
167.8000,19.7667,-3.9000,23325.0393,1808.0052,524.9829,0.0000,0.0000,0.0000
167.8167,19.7667,-3.9000,23331.5221,1808.6501,524.9815,0.0000,0.0000,0.0000
167.8333,19.7666,-3.9000,23337.9403,1809.2886,524.9801,0.0000,0.0000,0.0000
167.8500,19.7666,-3.9000,23344.2941,1809.9206,524.9787,0.0000,0.0000,0.0000
167.8667,19.7665,-3.9000,23350.5838,1810.5462,524.9773,0.0000,0.0000,0.0000
167.8833,19.7664,-3.9000,23356.8097,1811.1655,524.9759,0.0000,0.0000,0.0000
167.9000,19.7664,-3.9000,23362.9721,1811.7784,524.9745,0.0000,0.0000,0.0000
167.9167,19.7663,-3.9000,23369.0713,1812.3850,524.9732,0.0000,0.0000,0.0000
167.9333,19.7662,-3.9000,23375.1075,1812.9853,524.9718,0.0000,0.0000,0.0000
167.9500,19.7662,-3.9000,23381.0813,1813.5794,524.9705,0.0000,0.0000,0.0000
167.9667,19.7661,-3.9000,23386.9928,1814.1672,524.9692,0.0000,0.0000,0.0000
167.9833,19.7661,-3.9000,23392.8425,1814.7489,524.9679,0.0000,0.0000,0.0000
