Time (hrs),Zone Temp (C),Outside Temp (C),HVAC Power (W),Fabric Loss (W),Air Exchange Loss (W),Solar Gains (W),Internal Gains (W),Window State (0-1)
0.0000,19.7714,0.0000,22858.1252,1781.3268,438.5755,0.0000,0.0000,0.0000
0.0167,19.7764,0.0000,22364.9986,1784.5486,438.6849,0.0000,0.0000,0.0000
0.0333,19.7773,0.0000,22274.2822,1786.2875,438.7051,0.0000,0.0000,0.0000
0.0500,19.7773,0.0000,22265.5245,1787.6168,438.7070,0.0000,0.0000,0.0000
0.0667,19.7773,0.0000,22272.3740,1788.7328,438.7055,0.0000,0.0000,0.0000
0.0833,19.7772,0.0000,22281.0648,1789.6528,438.7035,0.0000,0.0000,0.0000
0.1000,19.7771,0.0000,22288.5560,1790.3683,438.7019,0.0000,0.0000,0.0000
0.1167,19.7771,0.0000,22294.1376,1790.8728,438.7006,0.0000,0.0000,0.0000
0.1333,19.7770,0.0000,22297.5147,1791.1597,438.6999,0.0000,0.0000,0.0000
0.1500,19.7770,0.0000,22298.9845,1791.2453,438.6996,0.0000,0.0000,0.0000
0.1667,19.7770,0.0000,22298.5221,1791.1367,438.6997,0.0000,0.0000,0.0000
0.1833,19.7770,0.0000,22296.1889,1790.8427,438.7002,0.0000,0.0000,0.0000
0.2000,19.7771,0.0000,22292.0747,1790.3730,438.7011,0.0000,0.0000,0.0000
0.2167,19.7771,0.0000,22286.2809,1789.7383,438.7024,0.0000,0.0000,0.0000
0.2333,19.7772,0.0000,22278.9129,1788.9492,438.7040,0.0000,0.0000,0.0000
0.2500,19.7773,0.0000,22270.0770,1788.0164,438.7060,0.0000,0.0000,0.0000
0.2667,19.7774,0.0000,22259.8781,1786.9504,438.7082,0.0000,0.0000,0.0000
0.2833,19.7775,0.0000,22248.4183,1785.7613,438.7108,0.0000,0.0000,0.0000
0.3000,19.7776,0.0000,22235.7957,1784.4589,438.7136,0.0000,0.0000,0.0000
0.3167,19.7778,0.0000,22222.1048,1783.0524,438.7166,0.0000,0.0000,0.0000
0.3333,19.7779,0.0000,22207.4353,1781.5507,438.7199,0.0000,0.0000,0.0000
0.3500,19.7781,0.0000,22191.8725,1779.9622,438.7233,0.0000,0.0000,0.0000
0.3667,19.7782,0.0000,22175.4971,1778.2949,438.7270,0.0000,0.0000,0.0000
0.3833,19.7784,0.0000,22158.3853,1776.5563,438.7308,0.0000,0.0000,0.0000
0.4000,19.7786,0.0000,22140.6090,1774.7533,438.7347,0.0000,0.0000,0.0000
0.4167,19.7788,0.0000,22122.2354,1772.8927,438.7388,0.0000,0.0000,0.0000
0.4333,19.7790,0.0000,22103.3278,1770.9805,438.7430,0.0000,0.0000,0.0000
0.4500,19.7792,0.0000,22083.9455,1769.0227,438.7473,0.0000,0.0000,0.0000
0.4667,19.7794,0.0000,22064.1438,1767.0247,438.7517,0.0000,0.0000,0.0000
0.4833,19.7796,0.0000,22043.9747,1764.9915,438.7561,0.0000,0.0000,0.0000
0.5000,19.7798,0.0000,22023.4867,1762.9279,438.7607,0.0000,0.0000,0.0000
0.5167,19.7800,0.0000,22002.7251,1760.8383,438.7653,0.0000,0.0000,0.0000
0.5333,19.7802,0.0000,21981.7323,1758.7270,438.7699,0.0000,0.0000,0.0000
0.5500,19.7804,0.0000,21960.5478,1756.5976,438.7746,0.0000,0.0000,0.0000
0.5667,19.7806,0.0000,21939.2083,1754.4540,438.7794,0.0000,0.0000,0.0000
0.5833,19.7808,0.0000,21917.7482,1752.2993,438.7841,0.0000,0.0000,0.0000
0.6000,19.7810,0.0000,21896.1989,1750.1368,438.7889,0.0000,0.0000,0.0000
0.6167,19.7813,0.0000,21874.5899,1747.9692,438.7937,0.0000,0.0000,0.0000
0.6333,19.7815,0.0000,21852.9480,1745.7991,438.7985,0.0000,0.0000,0.0000
0.6500,19.7817,0.0000,21831.2987,1743.6291,438.8033,0.0000,0.0000,0.0000
0.6667,19.7819,0.0000,21809.6651,1741.4615,438.8081,0.0000,0.0000,0.0000
0.6833,19.7821,0.0000,21788.0692,1739.2983,438.8129,0.0000,0.0000,0.0000
0.7000,19.7823,0.0000,21766.5314,1737.1417,438.8177,0.0000,0.0000,0.0000
0.7167,19.7825,0.0000,21745.0706,1734.9933,438.8224,0.0000,0.0000,0.0000
0.7333,19.7828,0.0000,21723.7046,1732.8550,438.8272,0.0000,0.0000,0.0000
0.7500,19.7830,0.0000,21702.4500,1730.7284,438.8319,0.0000,0.0000,0.0000
0.7667,19.7832,0.0000,21681.3222,1728.6150,438.8366,0.0000,0.0000,0.0000
0.7833,19.7834,0.0000,21660.3354,1726.5163,438.8412,0.0000,0.0000,0.0000
0.8000,19.7836,0.0000,21641.8039,1724.5572,438.8454,0.0000,0.0000,0.0000
0.8167,19.7838,0.0000,21622.6807,1722.6179,438.8496,0.0000,0.0000,0.0000
0.8333,19.7840,0.0000,21603.5171,1720.6962,438.8538,0.0000,0.0000,0.0000
0.8500,19.7842,0.0000,21584.4666,1718.7918,438.8581,0.0000,0.0000,0.0000
0.8667,19.7843,0.0000,21565.5754,1716.9052,438.8623,0.0000,0.0000,0.0000
0.8833,19.7845,0.0000,21546.8607,1715.0370,438.8664,0.0000,0.0000,0.0000
0.9000,19.7847,0.0000,21528.3314,1713.1877,438.8705,0.0000,0.0000,0.0000
0.9167,19.7849,0.0000,21509.9942,1711.3579,438.8746,0.0000,0.0000,0.0000
0.9333,19.7851,0.0000,21491.8544,1709.5482,438.8786,0.0000,0.0000,0.0000
0.9500,19.7853,0.0000,21473.9169,1707.7589,438.8826,0.0000,0.0000,0.0000
0.9667,19.7854,0.0000,21456.1862,1705.9906,438.8865,0.0000,0.0000,0.0000
0.9833,19.7856,0.0000,21438.6660,1704.2435,438.8904,0.0000,0.0000,0.0000
1.0000,19.7858,0.0000,21421.3598,1702.5179,438.8942,0.0000,0.0000,0.0000
1.0167,19.7860,0.0000,21404.2706,1700.8143,438.8980,0.0000,0.0000,0.0000
1.0333,19.7861,0.0000,21387.4010,1699.1328,438.9018,0.0000,0.0000,0.0000
1.0500,19.7863,0.0000,21370.7533,1697.4736,438.9055,0.0000,0.0000,0.0000
1.0667,19.7865,0.0000,21354.3294,1695.8369,438.9091,0.0000,0.0000,0.0000
1.0833,19.7866,0.0000,21338.1307,1694.2229,438.9127,0.0000,0.0000,0.0000
1.1000,19.7868,0.0000,21322.1584,1692.6316,438.9163,0.0000,0.0000,0.0000
1.1167,19.7869,0.0000,21306.4136,1691.0631,438.9197,0.0000,0.0000,0.0000
1.1333,19.7871,0.0000,21290.8968,1689.5175,438.9232,0.0000,0.0000,0.0000
1.1500,19.7872,0.0000,21275.6083,1687.9948,438.9266,0.0000,0.0000,0.0000
1.1667,19.7874,0.0000,21260.5483,1686.4951,438.9299,0.0000,0.0000,0.0000
1.1833,19.7875,0.0000,21245.7168,1685.0182,438.9332,0.0000,0.0000,0.0000
1.2000,19.7877,0.0000,21231.1132,1683.5641,438.9365,0.0000,0.0000,0.0000
1.2167,19.7878,0.0000,21216.7372,1682.1328,438.9396,0.0000,0.0000,0.0000
1.2333,19.7880,0.0000,21202.5880,1680.7243,438.9428,0.0000,0.0000,0.0000
1.2500,19.7881,0.0000,21188.6647,1679.3383,438.9459,0.0000,0.0000,0.0000
1.2667,19.7883,0.0000,21174.9662,1677.9748,438.9489,0.0000,0.0000,0.0000
1.2833,19.7884,0.0000,21161.4914,1676.6337,438.9519,0.0000,0.0000,0.0000
1.3000,19.7885,0.0000,21148.2388,1675.3148,438.9548,0.0000,0.0000,0.0000
1.3167,19.7886,0.0000,21135.2071,1674.0179,438.9577,0.0000,0.0000,0.0000
1.3333,19.7888,0.0000,21122.3945,1672.7430,438.9606,0.0000,0.0000,0.0000
1.3500,19.7889,0.0000,21109.7995,1671.4898,438.9634,0.0000,0.0000,0.0000
1.3667,19.7890,0.0000,21097.4201,1670.2581,438.9661,0.0000,0.0000,0.0000
1.3833,19.7891,0.0000,21085.2545,1669.0478,438.9688,0.0000,0.0000,0.0000
1.4000,19.7893,0.0000,21073.3006,1667.8586,438.9715,0.0000,0.0000,0.0000
1.4167,19.7894,0.0000,21061.5564,1666.6904,438.9741,0.0000,0.0000,0.0000
1.4333,19.7895,0.0000,21050.0198,1665.5428,438.9766,0.0000,0.0000,0.0000
1.4500,19.7896,0.0000,21038.6885,1664.4158,438.9791,0.0000,0.0000,0.0000
1.4667,19.7897,0.0000,21027.5602,1663.3090,438.9816,0.0000,0.0000,0.0000
1.4833,19.7898,0.0000,21016.6326,1662.2222,438.9840,0.0000,0.0000,0.0000
1.5000,19.7899,0.0000,21005.9033,1661.1552,438.9864,0.0000,0.0000,0.0000
1.5167,19.7900,0.0000,20995.3700,1660.1077,438.9887,0.0000,0.0000,0.0000
1.5333,19.7901,0.0000,20985.0302,1659.0795,438.9910,0.0000,0.0000,0.0000
1.5500,19.7903,0.0000,20974.8813,1658.0703,438.9933,0.0000,0.0000,0.0000
1.5667,19.7904,0.0000,20964.9209,1657.0800,438.9955,0.0000,0.0000,0.0000
1.5833,19.7904,0.0000,20958.1583,1656.3244,438.9970,0.0000,0.0000,0.0000
1.6000,19.7905,0.0000,20951.0472,1655.5825,438.9986,0.0000,0.0000,0.0000
1.6167,19.7906,0.0000,20943.8464,1654.8527,439.0002,0.0000,0.0000,0.0000
1.6333,19.7906,0.0000,20936.6676,1654.1342,439.0018,0.0000,0.0000,0.0000
1.6500,19.7907,0.0000,20929.5585,1653.4265,439.0033,0.0000,0.0000,0.0000
1.6667,19.7908,0.0000,20922.5389,1652.7295,439.0049,0.0000,0.0000,0.0000
1.6833,19.7908,0.0000,20915.6169,1652.0429,439.0064,0.0000,0.0000,0.0000
1.7000,19.7909,0.0000,20908.7949,1651.3666,439.0079,0.0000,0.0000,0.0000
1.7167,19.7910,0.0000,20902.0736,1650.7004,439.0094,0.0000,0.0000,0.0000
1.7333,19.7910,0.0000,20895.4522,1650.0442,439.0109,0.0000,0.0000,0.0000
1.7500,19.7911,0.0000,20888.9300,1649.3979,439.0124,0.0000,0.0000,0.0000
1.7667,19.7912,0.0000,20882.5059,1648.7613,439.0138,0.0000,0.0000,0.0000
1.7833,19.7912,0.0000,20876.1786,1648.1343,439.0152,0.0000,0.0000,0.0000
1.8000,19.7913,0.0000,20869.9471,1647.5169,439.0166,0.0000,0.0000,0.0000
1.8167,19.7914,0.0000,20863.8102,1646.9088,439.0179,0.0000,0.0000,0.0000
1.8333,19.7914,0.0000,20857.7667,1646.3101,439.0193,0.0000,0.0000,0.0000
1.8500,19.7915,0.0000,20851.8154,1645.7204,439.0206,0.0000,0.0000,0.0000
1.8667,19.7915,0.0000,20845.9552,1645.1399,439.0219,0.0000,0.0000,0.0000
1.8833,19.7916,0.0000,20840.1850,1644.5682,439.0232,0.0000,0.0000,0.0000
1.9000,19.7917,0.0000,20834.5035,1644.0054,439.0244,0.0000,0.0000,0.0000
1.9167,19.7917,0.0000,20828.9097,1643.4512,439.0257,0.0000,0.0000,0.0000
1.9333,19.7918,0.0000,20823.4024,1642.9057,439.0269,0.0000,0.0000,0.0000
1.9500,19.7918,0.0000,20817.9806,1642.3686,439.0281,0.0000,0.0000,0.0000
1.9667,19.7919,0.0000,20812.6430,1641.8399,439.0293,0.0000,0.0000,0.0000
1.9833,19.7919,0.0000,20807.3887,1641.3195,439.0304,0.0000,0.0000,0.0000
2.0000,19.7920,0.0000,20799.1416,1640.6186,439.0323,0.0000,0.0000,0.0000
2.0167,19.7921,0.0000,20792.7294,1639.9707,439.0337,0.0000,0.0000,0.0000
2.0333,19.7921,0.0000,20786.3886,1639.3385,439.0351,0.0000,0.0000,0.0000
2.0500,19.7922,0.0000,20780.1846,1638.7225,439.0365,0.0000,0.0000,0.0000
2.0667,19.7923,0.0000,20774.1399,1638.1233,439.0378,0.0000,0.0000,0.0000
2.0833,19.7923,0.0000,20768.2641,1637.5415,439.0391,0.0000,0.0000,0.0000
2.1000,19.7924,0.0000,20762.5610,1636.9772,439.0404,0.0000,0.0000,0.0000
2.1167,19.7924,0.0000,20757.0316,1636.4303,439.0416,0.0000,0.0000,0.0000
2.1333,19.7925,0.0000,20751.6748,1635.9006,439.0428,0.0000,0.0000,0.0000
2.1500,19.7925,0.0000,20748.0850,1635.5022,439.0436,0.0000,0.0000,0.0000
2.1667,19.7926,0.0000,20744.3485,1635.1150,439.0444,0.0000,0.0000,0.0000
2.1833,19.7926,0.0000,20740.6025,1634.7381,439.0453,0.0000,0.0000,0.0000
2.2000,19.7926,0.0000,20736.9054,1634.3709,439.0461,0.0000,0.0000,0.0000
2.2167,19.7927,0.0000,20733.2812,1634.0129,439.0469,0.0000,0.0000,0.0000
2.2333,19.7927,0.0000,20729.7387,1633.6638,439.0477,0.0000,0.0000,0.0000
2.2500,19.7927,0.0000,20726.2806,1633.3235,439.0484,0.0000,0.0000,0.0000
2.2667,19.7928,0.0000,20722.9063,1632.9915,439.0492,0.0000,0.0000,0.0000
2.2833,19.7928,0.0000,20719.6144,1632.6677,439.0499,0.0000,0.0000,0.0000
2.3000,19.7928,0.0000,20716.4028,1632.3518,439.0506,0.0000,0.0000,0.0000
2.3167,19.7929,0.0000,20713.2694,1632.0435,439.0513,0.0000,0.0000,0.0000
2.3333,19.7929,0.0000,20710.2119,1631.7427,439.0520,0.0000,0.0000,0.0000
2.3500,19.7929,0.0000,20707.2281,1631.4491,439.0527,0.0000,0.0000,0.0000
2.3667,19.7930,0.0000,20704.3159,1631.1626,439.0533,0.0000,0.0000,0.0000
2.3833,19.7930,0.0000,20701.4731,1630.8828,439.0539,0.0000,0.0000,0.0000
2.4000,19.7930,0.0000,20698.6978,1630.6097,439.0546,0.0000,0.0000,0.0000
2.4167,19.7930,0.0000,20695.9880,1630.3429,439.0552,0.0000,0.0000,0.0000
2.4333,19.7931,0.0000,20693.3418,1630.0824,439.0557,0.0000,0.0000,0.0000
2.4500,19.7931,0.0000,20690.7574,1629.8280,439.0563,0.0000,0.0000,0.0000
2.4667,19.7931,0.0000,20688.2329,1629.5794,439.0569,0.0000,0.0000,0.0000
2.4833,19.7931,0.0000,20685.7667,1629.3366,439.0574,0.0000,0.0000,0.0000
2.5000,19.7932,0.0000,20683.3571,1629.0993,439.0580,0.0000,0.0000,0.0000
2.5167,19.7932,0.0000,20681.0025,1628.8674,439.0585,0.0000,0.0000,0.0000
2.5333,19.7932,0.0000,20678.7014,1628.6407,439.0590,0.0000,0.0000,0.0000
2.5500,19.7932,0.0000,20676.4522,1628.4191,439.0595,0.0000,0.0000,0.0000
2.5667,19.7933,0.0000,20674.2536,1628.2025,439.0600,0.0000,0.0000,0.0000
2.5833,19.7933,0.0000,20672.1041,1627.9908,439.0605,0.0000,0.0000,0.0000
2.6000,19.7933,0.0000,20670.0023,1627.7837,439.0609,0.0000,0.0000,0.0000
2.6167,19.7933,0.0000,20667.9471,1627.5811,439.0614,0.0000,0.0000,0.0000
2.6333,19.7933,0.0000,20665.9370,1627.3830,439.0618,0.0000,0.0000,0.0000
2.6500,19.7934,0.0000,20663.9710,1627.1892,439.0623,0.0000,0.0000,0.0000
2.6667,19.7934,0.0000,20662.0477,1626.9997,439.0627,0.0000,0.0000,0.0000
2.6833,19.7934,0.0000,20660.1662,1626.8142,439.0631,0.0000,0.0000,0.0000
2.7000,19.7934,0.0000,20658.3252,1626.6327,439.0635,0.0000,0.0000,0.0000
2.7167,19.7934,0.0000,20656.5237,1626.4550,439.0639,0.0000,0.0000,0.0000
2.7333,19.7935,0.0000,20654.7607,1626.2812,439.0643,0.0000,0.0000,0.0000
2.7500,19.7935,0.0000,20653.0352,1626.1110,439.0647,0.0000,0.0000,0.0000
2.7667,19.7935,0.0000,20651.3462,1625.9445,439.0651,0.0000,0.0000,0.0000
2.7833,19.7935,0.0000,20649.6927,1625.7814,439.0654,0.0000,0.0000,0.0000
2.8000,19.7935,0.0000,20648.0740,1625.6217,439.0658,0.0000,0.0000,0.0000
2.8167,19.7935,0.0000,20646.4890,1625.4654,439.0661,0.0000,0.0000,0.0000
2.8333,19.7936,0.0000,20644.9370,1625.3123,439.0665,0.0000,0.0000,0.0000
2.8500,19.7936,0.0000,20643.4171,1625.1623,439.0668,0.0000,0.0000,0.0000
2.8667,19.7936,0.0000,20641.9285,1625.0155,439.0671,0.0000,0.0000,0.0000
2.8833,19.7936,0.0000,20640.4705,1624.8716,439.0675,0.0000,0.0000,0.0000
2.9000,19.7936,0.0000,20639.0423,1624.7307,439.0678,0.0000,0.0000,0.0000
2.9167,19.7936,0.0000,20637.6433,1624.5926,439.0681,0.0000,0.0000,0.0000
2.9333,19.7936,0.0000,20636.2726,1624.4574,439.0684,0.0000,0.0000,0.0000
2.9500,19.7937,0.0000,20634.9296,1624.3248,439.0687,0.0000,0.0000,0.0000
2.9667,19.7937,0.0000,20633.6138,1624.1949,439.0690,0.0000,0.0000,0.0000
2.9833,19.7937,0.0000,20632.3243,1624.0677,439.0693,0.0000,0.0000,0.0000
3.0000,19.7937,0.0000,20631.0606,1623.9429,439.0696,0.0000,0.0000,0.0000
3.0167,19.7937,0.0000,20629.2871,1623.7850,439.0699,0.0000,0.0000,0.0000
3.0333,19.7937,0.0000,20627.6731,1623.6296,439.0703,0.0000,0.0000,0.0000
3.0500,19.7937,0.0000,20626.1178,1623.4760,439.0707,0.0000,0.0000,0.0000
3.0667,19.7938,0.0000,20624.5869,1623.3236,439.0710,0.0000,0.0000,0.0000
3.0833,19.7938,0.0000,20623.0648,1623.1714,439.0713,0.0000,0.0000,0.0000
3.1000,19.7938,0.0000,20621.5422,1623.0188,439.0717,0.0000,0.0000,0.0000
3.1167,19.7938,0.0000,20620.0130,1622.8652,439.0720,0.0000,0.0000,0.0000
3.1333,19.7938,0.0000,20618.4732,1622.7105,439.0723,0.0000,0.0000,0.0000
3.1500,19.7938,0.0000,20616.9207,1622.5543,439.0727,0.0000,0.0000,0.0000
3.1667,19.7938,0.0000,20615.3546,1622.3968,439.0730,0.0000,0.0000,0.0000
3.1833,19.7939,0.0000,20613.7751,1622.2380,439.0734,0.0000,0.0000,0.0000
3.2000,19.7939,0.0000,20612.6763,1622.1137,439.0736,0.0000,0.0000,0.0000
3.2167,19.7939,0.0000,20611.4982,1621.9893,439.0739,0.0000,0.0000,0.0000
3.2333,19.7939,0.0000,20610.2826,1621.8644,439.0742,0.0000,0.0000,0.0000
3.2500,19.7939,0.0000,20609.0482,1621.7392,439.0744,0.0000,0.0000,0.0000
3.2667,19.7939,0.0000,20607.8037,1621.6137,439.0747,0.0000,0.0000,0.0000
3.2833,19.7939,0.0000,20606.5534,1621.4879,439.0750,0.0000,0.0000,0.0000
3.3000,19.7939,0.0000,20605.2995,1621.3620,439.0753,0.0000,0.0000,0.0000
3.3167,19.7940,0.0000,20604.0437,1621.2360,439.0755,0.0000,0.0000,0.0000
3.3333,19.7940,0.0000,20602.7871,1621.1100,439.0758,0.0000,0.0000,0.0000
3.3500,19.7940,0.0000,20601.5306,1620.9840,439.0761,0.0000,0.0000,0.0000
3.3667,19.7940,0.0000,20600.2751,1620.8583,439.0764,0.0000,0.0000,0.0000
3.3833,19.7940,0.0000,20599.0215,1620.7328,439.0767,0.0000,0.0000,0.0000
3.4000,19.7940,0.0000,20597.7705,1620.6076,439.0769,0.0000,0.0000,0.0000
3.4167,19.7940,0.0000,20596.5229,1620.4828,439.0772,0.0000,0.0000,0.0000
3.4333,19.7940,0.0000,20595.2794,1620.3585,439.0775,0.0000,0.0000,0.0000
3.4500,19.7941,0.0000,20594.0406,1620.2347,439.0778,0.0000,0.0000,0.0000
3.4667,19.7941,0.0000,20592.8073,1620.1115,439.0780,0.0000,0.0000,0.0000
3.4833,19.7941,0.0000,20591.5800,1619.9889,439.0783,0.0000,0.0000,0.0000
3.5000,19.7941,0.0000,20590.3592,1619.8670,439.0786,0.0000,0.0000,0.0000
3.5167,19.7941,0.0000,20589.1457,1619.7459,439.0789,0.0000,0.0000,0.0000
3.5333,19.7941,0.0000,20587.9397,1619.6256,439.0791,0.0000,0.0000,0.0000
3.5500,19.7941,0.0000,20586.7420,1619.5062,439.0794,0.0000,0.0000,0.0000
3.5667,19.7941,0.0000,20585.5528,1619.3877,439.0797,0.0000,0.0000,0.0000
3.5833,19.7942,0.0000,20584.3727,1619.2700,439.0799,0.0000,0.0000,0.0000
3.6000,19.7942,0.0000,20583.2020,1619.1534,439.0802,0.0000,0.0000,0.0000
3.6167,19.7942,0.0000,20582.0411,1619.0378,439.0804,0.0000,0.0000,0.0000
3.6333,19.7942,0.0000,20580.8904,1618.9232,439.0807,0.0000,0.0000,0.0000
3.6500,19.7942,0.0000,20579.7502,1618.8097,439.0809,0.0000,0.0000,0.0000
3.6667,19.7942,0.0000,20578.6209,1618.6973,439.0812,0.0000,0.0000,0.0000
3.6833,19.7942,0.0000,20577.5026,1618.5861,439.0814,0.0000,0.0000,0.0000
3.7000,19.7942,0.0000,20576.3956,1618.4760,439.0817,0.0000,0.0000,0.0000
3.7167,19.7942,0.0000,20575.3003,1618.3670,439.0819,0.0000,0.0000,0.0000
3.7333,19.7943,0.0000,20574.2167,1618.2593,439.0822,0.0000,0.0000,0.0000
3.7500,19.7943,0.0000,20573.1452,1618.1528,439.0824,0.0000,0.0000,0.0000
3.7667,19.7943,0.0000,20572.0860,1618.0476,439.0826,0.0000,0.0000,0.0000
3.7833,19.7943,0.0000,20571.0390,1617.9436,439.0829,0.0000,0.0000,0.0000
3.8000,19.7943,0.0000,20570.0047,1617.8408,439.0831,0.0000,0.0000,0.0000
3.8167,19.7943,0.0000,20568.9830,1617.7394,439.0833,0.0000,0.0000,0.0000
3.8333,19.7943,0.0000,20567.9741,1617.6392,439.0836,0.0000,0.0000,0.0000
3.8500,19.7943,0.0000,20566.9781,1617.5403,439.0838,0.0000,0.0000,0.0000
3.8667,19.7943,0.0000,20565.9952,1617.4428,439.0840,0.0000,0.0000,0.0000
3.8833,19.7943,0.0000,20565.0253,1617.3465,439.0842,0.0000,0.0000,0.0000
3.9000,19.7944,0.0000,20564.0686,1617.2516,439.0844,0.0000,0.0000,0.0000
3.9167,19.7944,0.0000,20563.1251,1617.1581,439.0846,0.0000,0.0000,0.0000
3.9333,19.7944,0.0000,20562.1950,1617.0658,439.0848,0.0000,0.0000,0.0000
3.9500,19.7944,0.0000,20561.2781,1616.9749,439.0850,0.0000,0.0000,0.0000
3.9667,19.7944,0.0000,20560.3745,1616.8853,439.0852,0.0000,0.0000,0.0000
3.9833,19.7944,0.0000,20559.4844,1616.7971,439.0854,0.0000,0.0000,0.0000
4.0000,19.7944,0.0000,20558.6076,1616.7102,439.0856,0.0000,0.0000,0.0000
4.0167,19.7944,0.0000,20557.7442,1616.6247,439.0858,0.0000,0.0000,0.0000
4.0333,19.7944,0.0000,20556.8942,1616.5405,439.0860,0.0000,0.0000,0.0000
4.0500,19.7944,0.0000,20556.0575,1616.4576,439.0862,0.0000,0.0000,0.0000
4.0667,19.7944,0.0000,20555.2341,1616.3761,439.0864,0.0000,0.0000,0.0000
4.0833,19.7945,0.0000,20554.4240,1616.2959,439.0866,0.0000,0.0000,0.0000
4.1000,19.7945,0.0000,20553.6271,1616.2170,439.0867,0.0000,0.0000,0.0000
4.1167,19.7945,0.0000,20552.8433,1616.1394,439.0869,0.0000,0.0000,0.0000
4.1333,19.7945,0.0000,20552.0726,1616.0631,439.0871,0.0000,0.0000,0.0000
4.1500,19.7945,0.0000,20551.3149,1615.9882,439.0872,0.0000,0.0000,0.0000
4.1667,19.7945,0.0000,20550.5702,1615.9145,439.0874,0.0000,0.0000,0.0000
4.1833,19.7945,0.0000,20549.8382,1615.8421,439.0876,0.0000,0.0000,0.0000
4.2000,19.7945,0.0000,20549.1190,1615.7709,439.0877,0.0000,0.0000,0.0000
4.2167,19.7945,0.0000,20548.4123,1615.7010,439.0879,0.0000,0.0000,0.0000
4.2333,19.7945,0.0000,20547.7182,1615.6324,439.0880,0.0000,0.0000,0.0000
4.2500,19.7945,0.0000,20547.0365,1615.5650,439.0882,0.0000,0.0000,0.0000
4.2667,19.7945,0.0000,20546.3671,1615.4988,439.0883,0.0000,0.0000,0.0000
4.2833,19.7945,0.0000,20545.7098,1615.4338,439.0885,0.0000,0.0000,0.0000
4.3000,19.7945,0.0000,20545.0647,1615.3701,439.0886,0.0000,0.0000,0.0000
4.3167,19.7946,0.0000,20544.4315,1615.3075,439.0888,0.0000,0.0000,0.0000
4.3333,19.7946,0.0000,20543.8101,1615.2461,439.0889,0.0000,0.0000,0.0000
4.3500,19.7946,0.0000,20543.2004,1615.1859,439.0890,0.0000,0.0000,0.0000
4.3667,19.7946,0.0000,20542.6024,1615.1268,439.0892,0.0000,0.0000,0.0000
4.3833,19.7946,0.0000,20542.0158,1615.0688,439.0893,0.0000,0.0000,0.0000
4.4000,19.7946,0.0000,20541.4406,1615.0120,439.0894,0.0000,0.0000,0.0000
4.4167,19.7946,0.0000,20540.8766,1614.9563,439.0896,0.0000,0.0000,0.0000
4.4333,19.7946,0.0000,20540.3238,1614.9018,439.0897,0.0000,0.0000,0.0000
4.4500,19.7946,0.0000,20539.7819,1614.8483,439.0898,0.0000,0.0000,0.0000
4.4667,19.7946,0.0000,20539.2510,1614.7959,439.0899,0.0000,0.0000,0.0000
4.4833,19.7946,0.0000,20538.7307,1614.7445,439.0900,0.0000,0.0000,0.0000
4.5000,19.7946,0.0000,20538.2212,1614.6942,439.0902,0.0000,0.0000,0.0000
4.5167,19.7946,0.0000,20537.7221,1614.6450,439.0903,0.0000,0.0000,0.0000
4.5333,19.7946,0.0000,20537.2334,1614.5968,439.0904,0.0000,0.0000,0.0000
4.5500,19.7946,0.0000,20536.7550,1614.5496,439.0905,0.0000,0.0000,0.0000
4.5667,19.7946,0.0000,20536.2868,1614.5034,439.0906,0.0000,0.0000,0.0000
4.5833,19.7946,0.0000,20535.8286,1614.4582,439.0907,0.0000,0.0000,0.0000
4.6000,19.7946,0.0000,20535.3803,1614.4140,439.0908,0.0000,0.0000,0.0000
4.6167,19.7947,0.0000,20534.9418,1614.3708,439.0909,0.0000,0.0000,0.0000
4.6333,19.7947,0.0000,20534.5129,1614.3286,439.0910,0.0000,0.0000,0.0000
4.6500,19.7947,0.0000,20534.0937,1614.2872,439.0911,0.0000,0.0000,0.0000
4.6667,19.7947,0.0000,20533.6838,1614.2469,439.0912,0.0000,0.0000,0.0000
4.6833,19.7947,0.0000,20533.2833,1614.2074,439.0912,0.0000,0.0000,0.0000
4.7000,19.7947,0.0000,20532.8920,1614.1689,439.0913,0.0000,0.0000,0.0000
4.7167,19.7947,0.0000,20532.5098,1614.1313,439.0914,0.0000,0.0000,0.0000
4.7333,19.7947,0.0000,20532.1366,1614.0945,439.0915,0.0000,0.0000,0.0000
4.7500,19.7947,0.0000,20531.5579,1614.0457,439.0916,0.0000,0.0000,0.0000
4.7667,19.7947,0.0000,20531.0703,1613.9996,439.0917,0.0000,0.0000,0.0000
4.7833,19.7947,0.0000,20530.6836,1613.9603,439.0918,0.0000,0.0000,0.0000
4.8000,19.7947,0.0000,20530.3275,1613.9260,439.0919,0.0000,0.0000,0.0000
4.8167,19.7947,0.0000,20530.0208,1613.8973,439.0920,0.0000,0.0000,0.0000
4.8333,19.7947,0.0000,20529.7731,1613.8750,439.0920,0.0000,0.0000,0.0000
4.8500,19.7947,0.0000,20529.5895,1613.8593,439.0921,0.0000,0.0000,0.0000
4.8667,19.7947,0.0000,20529.4722,1613.8503,439.0921,0.0000,0.0000,0.0000
4.8833,19.7947,0.0000,20529.4213,1613.8480,439.0921,0.0000,0.0000,0.0000
4.9000,19.7947,0.0000,20529.4354,1613.8521,439.0921,0.0000,0.0000,0.0000
4.9167,19.7947,0.0000,20529.5120,1613.8624,439.0921,0.0000,0.0000,0.0000
4.9333,19.7947,0.0000,20529.6477,1613.8784,439.0921,0.0000,0.0000,0.0000
4.9500,19.7947,0.0000,20529.8390,1613.8999,439.0920,0.0000,0.0000,0.0000
4.9667,19.7947,0.0000,20530.0818,1613.9264,439.0920,0.0000,0.0000,0.0000
4.9833,19.7947,0.0000,20530.3722,1613.9575,439.0919,0.0000,0.0000,0.0000
5.0000,19.7947,0.0000,20530.7064,1613.9928,439.0918,0.0000,0.0000,0.0000
5.0167,19.7949,0.0550,20508.6519,1612.1268,437.8767,0.0000,0.0000,0.0000
5.0333,19.7952,0.1100,20478.5811,1610.2910,436.6633,0.0000,0.0000,0.0000
5.0500,19.7955,0.1650,20448.1945,1608.4561,435.4500,0.0000,0.0000,0.0000
5.0667,19.7958,0.2200,20417.7250,1606.6199,434.2368,0.0000,0.0000,0.0000
5.0833,19.7961,0.2750,20387.2110,1604.7803,433.0235,0.0000,0.0000,0.0000
5.1000,19.7964,0.3300,20356.6449,1602.9353,431.8103,0.0000,0.0000,0.0000
5.1167,19.7967,0.3850,20326.0077,1601.0825,430.5970,0.0000,0.0000,0.0000
5.1333,19.7970,0.4400,20295.2773,1599.2196,429.3838,0.0000,0.0000,0.0000
5.1500,19.7974,0.4950,20264.4313,1597.3445,428.1706,0.0000,0.0000,0.0000
5.1667,19.7977,0.5500,20233.4473,1595.4548,426.9575,0.0000,0.0000,0.0000
5.1833,19.7980,0.6050,20202.3044,1593.5485,425.7444,0.0000,0.0000,0.0000
5.2000,19.7983,0.6600,20170.9824,1591.6236,424.5313,0.0000,0.0000,0.0000
5.2167,19.7986,0.7150,20139.4630,1589.6783,423.3183,0.0000,0.0000,0.0000
5.2333,19.7989,0.7700,20107.7289,1587.7109,422.1053,0.0000,0.0000,0.0000
5.2500,19.7992,0.8250,20075.7645,1585.7200,420.8923,0.0000,0.0000,0.0000
5.2667,19.7996,0.8800,20043.5557,1583.7041,419.6795,0.0000,0.0000,0.0000
5.2833,19.7999,0.9350,20011.0897,1581.6620,418.4666,0.0000,0.0000,0.0000
5.3000,19.8002,0.9900,19978.3550,1579.5927,417.2539,0.0000,0.0000,0.0000
5.3167,19.8005,1.0450,19945.3415,1577.4950,416.0412,0.0000,0.0000,0.0000
5.3333,19.8009,1.1000,19912.0404,1575.3683,414.8285,0.0000,0.0000,0.0000
5.3500,19.8012,1.1550,19878.4439,1573.2117,413.6159,0.0000,0.0000,0.0000
5.3667,19.8016,1.2100,19844.5453,1571.0246,412.4034,0.0000,0.0000,0.0000
5.3833,19.8019,1.2650,19810.3390,1568.8065,411.1910,0.0000,0.0000,0.0000
5.4000,19.8022,1.3200,19775.8203,1566.5569,409.9786,0.0000,0.0000,0.0000
5.4167,19.8026,1.3750,19740.9853,1564.2755,408.7663,0.0000,0.0000,0.0000
5.4333,19.8029,1.4300,19705.8312,1561.9620,407.5541,0.0000,0.0000,0.0000
5.4500,19.8033,1.4850,19670.3556,1559.6163,406.3419,0.0000,0.0000,0.0000
5.4667,19.8037,1.5400,19634.5571,1557.2381,405.1299,0.0000,0.0000,0.0000
5.4833,19.8040,1.5950,19598.4348,1554.8275,403.9178,0.0000,0.0000,0.0000
5.5000,19.8044,1.6500,19561.9885,1552.3843,402.7059,0.0000,0.0000,0.0000
5.5167,19.8047,1.7050,19525.2184,1549.9087,401.4940,0.0000,0.0000,0.0000
5.5333,19.8051,1.7600,19488.1254,1547.4008,400.2822,0.0000,0.0000,0.0000
5.5500,19.8055,1.8150,19450.7106,1544.8607,399.0705,0.0000,0.0000,0.0000
5.5667,19.8059,1.8700,19412.9758,1542.2886,397.8589,0.0000,0.0000,0.0000
5.5833,19.8063,1.9250,19374.9230,1539.6846,396.6473,0.0000,0.0000,0.0000
5.6000,19.8066,1.9800,19336.5547,1537.0492,395.4358,0.0000,0.0000,0.0000
5.6167,19.8070,2.0350,19297.8735,1534.3824,394.2243,0.0000,0.0000,0.0000
5.6333,19.8074,2.0900,19258.8824,1531.6847,393.0129,0.0000,0.0000,0.0000
5.6500,19.8078,2.1450,19219.5847,1528.9563,391.8016,0.0000,0.0000,0.0000
5.6667,19.8082,2.2000,19179.9839,1526.1977,390.5904,0.0000,0.0000,0.0000
5.6833,19.8086,2.2550,19140.0835,1523.4092,389.3792,0.0000,0.0000,0.0000
5.7000,19.8090,2.3100,19099.8875,1520.5912,388.1681,0.0000,0.0000,0.0000
5.7167,19.8094,2.3650,19059.3997,1517.7441,386.9570,0.0000,0.0000,0.0000
5.7333,19.8098,2.4200,19018.6245,1514.8683,385.7461,0.0000,0.0000,0.0000
5.7500,19.8102,2.4750,18977.5659,1511.9642,384.5351,0.0000,0.0000,0.0000
5.7667,19.8106,2.5300,18936.2283,1509.0323,383.3243,0.0000,0.0000,0.0000
5.7833,19.8111,2.5850,18894.6161,1506.0730,382.1135,0.0000,0.0000,0.0000
5.8000,19.8115,2.6400,18852.7339,1503.0868,380.9028,0.0000,0.0000,0.0000
5.8167,19.8119,2.6950,18810.5862,1500.0742,379.6921,0.0000,0.0000,0.0000
5.8333,19.8123,2.7500,18768.1774,1497.0355,378.4815,0.0000,0.0000,0.0000
5.8500,19.8127,2.8050,18725.5124,1493.9713,377.2709,0.0000,0.0000,0.0000
5.8667,19.8132,2.8600,18682.5957,1490.8820,376.0604,0.0000,0.0000,0.0000
5.8833,19.8136,2.9150,18639.4319,1487.7682,374.8499,0.0000,0.0000,0.0000
5.9000,19.8140,2.9700,18596.0257,1484.6301,373.6395,0.0000,0.0000,0.0000
5.9167,19.8145,3.0250,18552.3818,1481.4684,372.4292,0.0000,0.0000,0.0000
5.9333,19.8149,3.0800,18508.5049,1478.2835,371.2189,0.0000,0.0000,0.0000
5.9500,19.8154,3.1350,18464.3994,1475.0759,370.0087,0.0000,0.0000,0.0000
5.9667,19.8158,3.1900,18420.0701,1471.8459,368.7985,0.0000,0.0000,0.0000
5.9833,19.8162,3.2450,18375.5216,1468.5941,367.5883,0.0000,0.0000,0.0000
6.0000,19.8167,3.3000,18330.7582,1465.3210,366.3782,0.0000,0.0000,0.0000
6.0167,19.8168,3.2817,18319.1344,1464.6348,366.7875,1.1046,0.0000,0.0000
6.0333,19.8169,3.2633,18313.5562,1463.9049,367.1954,2.2092,0.0000,0.0000
6.0500,19.8169,3.2450,18309.4837,1463.1484,367.6030,3.3138,0.0000,0.0000
6.0667,19.8169,3.2267,18305.6860,1462.3714,368.0105,4.4184,0.0000,0.0000
6.0833,19.8170,3.2083,18301.8404,1461.5769,368.4180,5.5230,0.0000,0.0000
6.1000,19.8170,3.1900,18297.8744,1460.7676,368.8256,6.6276,0.0000,0.0000
6.1167,19.8171,3.1717,18293.7844,1459.9459,369.2332,7.7322,0.0000,0.0000
6.1333,19.8171,3.1533,18289.5862,1459.1139,369.6408,8.8368,0.0000,0.0000
6.1500,19.8171,3.1350,18285.3010,1458.2741,370.0484,9.9414,0.0000,0.0000
6.1667,19.8172,3.1167,18280.9508,1457.4288,370.4560,11.0460,0.0000,0.0000
6.1833,19.8172,3.0983,18276.5575,1456.5800,370.8637,12.1506,0.0000,0.0000
6.2000,19.8173,3.0800,18272.1426,1455.7300,371.2713,13.2552,0.0000,0.0000
6.2167,19.8173,3.0617,18267.7264,1454.8807,371.6790,14.3598,0.0000,0.0000
6.2333,19.8174,3.0433,18263.3284,1454.0340,372.0866,15.4644,0.0000,0.0000
6.2500,19.8174,3.0250,18258.9683,1453.1919,372.4943,16.5690,0.0000,0.0000
6.2667,19.8175,3.0067,18254.6642,1452.3563,372.9019,17.6736,0.0000,0.0000
6.2833,19.8175,2.9883,18250.4323,1451.5285,373.3095,18.7782,0.0000,0.0000
6.3000,19.8175,2.9700,18246.2866,1450.7099,373.7171,19.8828,0.0000,0.0000
6.3167,19.8176,2.9517,18242.2388,1449.9017,374.1247,20.9874,0.0000,0.0000
6.3333,19.8176,2.9333,18238.2996,1449.1048,374.5322,22.0920,0.0000,0.0000
6.3500,19.8177,2.9150,18234.4784,1448.3201,374.9398,23.1966,0.0000,0.0000
6.3667,19.8177,2.8967,18230.7843,1447.5485,375.3473,24.3012,0.0000,0.0000
6.3833,19.8177,2.8783,18227.2259,1446.7909,375.7547,25.4058,0.0000,0.0000
6.4000,19.8178,2.8600,18223.8114,1446.0480,376.1622,26.5104,0.0000,0.0000
6.4167,19.8178,2.8417,18220.5486,1445.3207,376.5696,27.6150,0.0000,0.0000
6.4333,19.8178,2.8233,18217.4451,1444.6096,376.9769,28.7196,0.0000,0.0000
6.4500,19.8179,2.8050,18214.5080,1443.9156,377.3843,29.8242,0.0000,0.0000
6.4667,19.8179,2.7867,18211.7440,1443.2391,377.7915,30.9288,0.0000,0.0000
6.4833,19.8179,2.7683,18209.1594,1442.5809,378.1988,32.0334,0.0000,0.0000
6.5000,19.8179,2.7500,18206.7598,1441.9415,378.6060,33.1380,0.0000,0.0000
6.5167,19.8180,2.7317,18204.5506,1441.3214,379.0132,34.2426,0.0000,0.0000
6.5333,19.8180,2.7133,18202.5367,1440.7210,379.4203,35.3472,0.0000,0.0000
6.5500,19.8180,2.6950,18200.7223,1440.1409,379.8274,36.4518,0.0000,0.0000
6.5667,19.8180,2.6767,18199.1114,1439.5813,380.2344,37.5564,0.0000,0.0000
6.5833,19.8180,2.6583,18197.7074,1439.0425,380.6414,38.6610,0.0000,0.0000
6.6000,19.8180,2.6400,18196.5135,1438.5250,381.0483,39.7656,0.0000,0.0000
6.6167,19.8180,2.6217,18195.5322,1438.0289,381.4552,40.8702,0.0000,0.0000
6.6333,19.8181,2.6033,18194.7660,1437.5544,381.8621,41.9748,0.0000,0.0000
6.6500,19.8181,2.5850,18194.2167,1437.1018,382.2689,43.0794,0.0000,0.0000
6.6667,19.8181,2.5667,18193.8860,1436.6711,382.6756,44.1840,0.0000,0.0000
6.6833,19.8181,2.5483,18193.7751,1436.2625,383.0823,45.2886,0.0000,0.0000
6.7000,19.8181,2.5300,18193.8851,1435.8761,383.4890,46.3932,0.0000,0.0000
6.7167,19.8181,2.5117,18194.2167,1435.5119,383.8956,47.4978,0.0000,0.0000
6.7333,19.8181,2.4933,18194.7703,1435.1700,384.3021,48.6024,0.0000,0.0000
6.7500,19.8180,2.4750,18195.0854,1434.7875,384.7087,49.7070,0.0000,0.0000
6.7667,19.8180,2.4567,18195.9861,1434.4934,385.1152,50.8116,0.0000,0.0000
6.7833,19.8180,2.4383,18197.2107,1434.2227,385.5216,51.9162,0.0000,0.0000
6.8000,19.8180,2.4200,18198.6961,1433.9758,385.9279,53.0208,0.0000,0.0000
6.8167,19.8180,2.4017,18200.4246,1433.7525,386.3342,54.1254,0.0000,0.0000
6.8333,19.8180,2.3833,18202.3901,1433.5527,386.7405,55.2300,0.0000,0.0000
6.8500,19.8180,2.3650,18204.5891,1433.3762,387.1467,56.3346,0.0000,0.0000
6.8667,19.8179,2.3467,18207.0185,1433.2226,387.5528,57.4392,0.0000,0.0000
6.8833,19.8179,2.3283,18209.6751,1433.0917,387.9589,58.5438,0.0000,0.0000
6.9000,19.8179,2.3100,18212.5559,1432.9831,388.3649,59.6484,0.0000,0.0000
6.9167,19.8178,2.2917,18215.6576,1432.8965,388.7709,60.7530,0.0000,0.0000
6.9333,19.8178,2.2733,18218.9771,1432.8317,389.1768,61.8576,0.0000,0.0000
6.9500,19.8178,2.2550,18222.5112,1432.7882,389.5827,62.9622,0.0000,0.0000
6.9667,19.8177,2.2367,18226.2570,1432.7658,389.9886,64.0668,0.0000,0.0000
6.9833,19.8177,2.2183,18230.2116,1432.7641,390.3944,65.1714,0.0000,0.0000
7.0000,19.8177,2.2000,18234.3719,1432.7830,390.8001,66.2760,0.0000,0.0000
7.0167,19.8178,2.2183,18222.9251,1431.4291,390.3960,79.8468,0.0000,0.0000
7.0333,19.8179,2.2367,18206.6228,1430.0098,389.9929,93.4176,0.0000,0.0000
7.0500,19.8181,2.2550,18188.5264,1428.5310,389.5903,106.9884,0.0000,0.0000
7.0667,19.8183,2.2733,18169.5555,1427.0007,389.1878,120.5592,0.0000,0.0000
7.0833,19.8185,2.2917,18150.0195,1425.4262,388.7855,134.1300,0.0000,0.0000
7.1000,19.8187,2.3100,18130.0459,1423.8129,388.3832,147.7008,0.0000,0.0000
7.1167,19.8189,2.3283,18109.7021,1422.1653,387.9811,161.2716,0.0000,0.0000
7.1333,19.8191,2.3467,18089.0319,1420.4868,387.5790,174.8424,0.0000,0.0000
7.1500,19.8193,2.3650,18068.0677,1418.7802,387.1769,188.4132,0.0000,0.0000
7.1667,19.8195,2.3833,18046.8355,1417.0479,386.7750,201.9840,0.0000,0.0000
7.1833,19.8197,2.4017,18025.3568,1415.2917,386.3731,215.5548,0.0000,0.0000
7.2000,19.8200,2.4200,18003.6506,1413.5135,385.9712,229.1256,0.0000,0.0000
7.2167,19.8202,2.4383,17981.7341,1411.7150,385.5694,242.6964,0.0000,0.0000
7.2333,19.8204,2.4567,17959.6231,1409.8977,385.1676,256.2672,0.0000,0.0000
7.2500,19.8206,2.4750,17937.3334,1408.0631,384.7659,269.8380,0.0000,0.0000
7.2667,19.8209,2.4933,17914.8803,1406.2128,384.3642,283.4088,0.0000,0.0000
7.2833,19.8211,2.5117,17892.2799,1404.3484,383.9625,296.9796,0.0000,0.0000
7.3000,19.8213,2.5300,17869.5490,1402.4717,383.5609,310.5504,0.0000,0.0000
7.3167,19.8215,2.5483,17846.7055,1400.5844,383.1593,324.1212,0.0000,0.0000
7.3333,19.8218,2.5667,17823.7691,1398.6887,382.7577,337.6920,0.0000,0.0000
7.3500,19.8220,2.5850,17800.7615,1396.7868,382.3561,351.2628,0.0000,0.0000
7.3667,19.8222,2.6033,17777.7072,1394.8813,381.9546,364.8336,0.0000,0.0000
7.3833,19.8225,2.6217,17754.6340,1392.9751,381.5530,378.4044,0.0000,0.0000
7.4000,19.8227,2.6400,17731.5739,1391.0716,381.1515,391.9752,0.0000,0.0000
7.4167,19.8229,2.6583,17708.5641,1389.1748,380.7499,405.5460,0.0000,0.0000
7.4333,19.8231,2.6767,17685.6492,1387.2895,380.3483,419.1168,0.0000,0.0000
7.4500,19.8234,2.6950,17662.8830,1385.4215,379.9467,432.6876,0.0000,0.0000
7.4667,19.8236,2.7133,17640.3325,1383.5781,379.5450,446.2584,0.0000,0.0000
7.4833,19.8238,2.7317,17618.0840,1381.7689,379.1433,459.8292,0.0000,0.0000
7.5000,19.8240,2.7500,17596.2549,1380.0072,378.7414,473.4000,0.0000,0.0000
7.5167,19.8242,2.7683,17575.0174,1378.3131,378.3395,486.9708,0.0000,0.0000
7.5333,19.8245,2.7867,17554.6630,1376.7226,377.9373,500.5416,0.0000,0.0000
7.5500,19.8246,2.8050,17535.9140,1375.3448,377.5348,514.1124,0.0000,0.0000
7.5667,19.8248,2.8233,17515.9670,1373.4967,377.1325,527.6832,0.0000,0.0000
7.5833,19.8251,2.8417,17489.6154,1371.1091,376.7317,541.2540,0.0000,0.0000
7.6000,19.8254,2.8600,17459.8871,1368.4076,376.3316,554.8248,0.0000,0.0000
7.6167,19.8257,2.8783,17427.4529,1365.4563,375.9321,568.3956,0.0000,0.0000
7.6333,19.8261,2.8967,17392.7165,1362.2889,375.5332,581.9664,0.0000,0.0000
7.6500,19.8264,2.9150,17355.9364,1358.9262,375.1346,595.5372,0.0000,0.0000
7.6667,19.8268,2.9333,17317.2872,1355.3829,374.7365,609.1080,0.0000,0.0000
7.6833,19.8272,2.9517,17276.8955,1351.6698,374.3388,622.6788,0.0000,0.0000
7.7000,19.8277,2.9700,17230.1109,1347.5796,373.9425,636.2496,0.0000,0.0000
7.7167,19.8282,2.9883,17183.5423,1343.3224,373.5462,649.8204,0.0000,0.0000
7.7333,19.8286,3.0067,17135.8250,1338.9091,373.1501,663.3912,0.0000,0.0000
7.7500,19.8291,3.0250,17086.6905,1334.3458,372.7543,676.9620,0.0000,0.0000
7.7667,19.8296,3.0433,17036.1113,1329.6369,372.3589,690.5328,0.0000,0.0000
7.7833,19.8302,3.0617,16984.1084,1324.7860,371.9637,704.1036,0.0000,0.0000
7.8000,19.8307,3.0800,16930.7100,1319.7961,371.5689,717.6744,0.0000,0.0000
7.8167,19.8312,3.0983,16875.9418,1314.6698,371.1744,731.2452,0.0000,0.0000
7.8333,19.8318,3.1167,16819.8266,1309.4092,370.7801,744.8160,0.0000,0.0000
7.8500,19.8324,3.1350,16762.3843,1304.0162,370.3862,758.3868,0.0000,0.0000
7.8667,19.8330,3.1533,16703.6323,1298.4925,369.9926,771.9576,0.0000,0.0000
7.8833,19.8336,3.1717,16643.5865,1292.8396,369.5992,785.5284,0.0000,0.0000
7.9000,19.8342,3.1900,16582.2612,1287.0590,369.2061,799.0992,0.0000,0.0000
7.9167,19.8348,3.2083,16519.6698,1281.1519,368.8133,812.6700,0.0000,0.0000
7.9333,19.8354,3.2267,16455.8248,1275.1196,368.4208,826.2408,0.0000,0.0000
7.9500,19.8361,3.2450,16390.7381,1268.9632,368.0286,839.8116,0.0000,0.0000
7.9667,19.8368,3.2633,16324.4211,1262.6838,367.6366,853.3824,0.0000,0.0000
7.9833,19.8374,3.2817,16256.8849,1256.2826,367.2449,866.9532,0.0000,0.0000
8.0000,19.8381,3.3000,16188.1402,1249.7607,366.8535,880.5240,0.0000,0.0000
8.0167,19.8390,3.3650,16099.7026,1241.7497,365.4313,884.3112,0.0000,0.0000
8.0333,19.8399,3.4300,16007.3983,1233.8261,364.0099,888.0984,0.0000,0.0000
8.0500,19.8409,3.4950,15914.5733,1225.9503,362.5886,891.8856,0.0000,0.0000
8.0667,19.8418,3.5600,15821.8408,1218.1019,361.1674,895.6728,0.0000,0.0000
8.0833,19.8427,3.6250,15729.2390,1210.2674,359.7461,899.4600,0.0000,0.0000
8.1000,19.8436,3.6900,15636.7004,1202.4370,358.3247,903.2472,0.0000,0.0000
8.1167,19.8446,3.7550,15544.1488,1194.6028,356.9034,907.0344,0.0000,0.0000
8.1333,19.8455,3.8200,15451.5174,1186.7585,355.4821,910.8216,0.0000,0.0000
8.1500,19.8464,3.8850,15358.7503,1178.8987,354.0608,914.6088,0.0000,0.0000
8.1667,19.8473,3.9500,15265.8009,1171.0192,352.6396,918.3960,0.0000,0.0000
8.1833,19.8483,4.0150,15172.6304,1163.1162,351.2184,922.1832,0.0000,0.0000
8.2000,19.8492,4.0800,15079.2068,1155.1869,349.7973,925.9704,0.0000,0.0000
8.2167,19.8501,4.1450,14985.5035,1147.2286,348.3762,929.7576,0.0000,0.0000
8.2333,19.8511,4.2100,14891.4982,1139.2394,346.9552,933.5448,0.0000,0.0000
8.2500,19.8520,4.2750,14797.1726,1131.2175,345.5343,937.3320,0.0000,0.0000
8.2667,19.8530,4.3400,14702.5116,1123.1615,344.1135,941.1192,0.0000,0.0000
8.2833,19.8539,4.4050,14607.5026,1115.0702,342.6927,944.9064,0.0000,0.0000
8.3000,19.8549,4.4700,14512.1356,1106.9427,341.2720,948.6936,0.0000,0.0000
8.3167,19.8558,4.5350,14416.4023,1098.7782,339.8514,952.4808,0.0000,0.0000
8.3333,19.8568,4.6000,14320.2961,1090.5762,338.4308,956.2680,0.0000,0.0000
8.3500,19.8578,4.6650,14223.8121,1082.3361,337.0104,960.0552,0.0000,0.0000
8.3667,19.8587,4.7300,14126.9466,1074.0576,335.5900,963.8424,0.0000,0.0000
8.3833,19.8597,4.7950,14029.6969,1065.7406,334.1698,967.6296,0.0000,0.0000
8.4000,19.8607,4.8600,13932.0615,1057.3849,332.7496,971.4168,0.0000,0.0000
8.4167,19.8617,4.9250,13834.0402,1048.9904,331.3295,975.2040,0.0000,0.0000
8.4333,19.8626,4.9900,13735.6347,1040.5576,329.9094,978.9912,0.0000,0.0000
8.4500,19.8636,5.0550,13636.8476,1032.0865,328.4895,982.7784,0.0000,0.0000
8.4667,19.8646,5.1200,13537.6828,1023.5778,327.0697,986.5656,0.0000,0.0000
8.4833,19.8656,5.1850,13438.1440,1015.0317,325.6499,990.3528,0.0000,0.0000
8.5000,19.8666,5.2500,13338.2351,1006.4486,324.2302,994.1400,0.0000,0.0000
8.5167,19.8676,5.3150,13237.9596,997.8288,322.8106,997.9272,0.0000,0.0000
8.5333,19.8686,5.3800,13137.3212,989.1729,321.3911,1001.7144,0.0000,0.0000
8.5500,19.8696,5.4450,13036.3230,980.4809,319.9716,1005.5016,0.0000,0.0000
8.5667,19.8707,5.5100,12934.9686,971.7534,318.5523,1009.2888,0.0000,0.0000
8.5833,19.8717,5.5750,12833.2612,962.9906,317.1330,1013.0760,0.0000,0.0000
8.6000,19.8727,5.6400,12731.2043,954.1929,315.7138,1016.8632,0.0000,0.0000
8.6167,19.8737,5.7050,12628.8015,945.3607,314.2946,1020.6504,0.0000,0.0000
8.6333,19.8747,5.7700,12526.0566,936.4942,312.8756,1024.4376,0.0000,0.0000
8.6500,19.8758,5.8350,12422.9737,927.5941,311.4566,1028.2248,0.0000,0.0000
8.6667,19.8768,5.9000,12319.5568,918.6605,310.0377,1032.0120,0.0000,0.0000
8.6833,19.8778,5.9650,12215.8102,909.6941,308.6188,1035.7992,0.0000,0.0000
8.7000,19.8789,6.0300,12111.7385,900.6953,307.2001,1039.5864,0.0000,0.0000
8.7167,19.8799,6.0950,12007.3462,891.6645,305.7814,1043.3736,0.0000,0.0000
8.7333,19.8810,6.1600,11902.6380,882.6021,304.3628,1047.1608,0.0000,0.0000
8.7500,19.8820,6.2250,11797.6185,873.5087,302.9442,1050.9480,0.0000,0.0000
8.7667,19.8831,6.2900,11692.2925,864.3847,301.5257,1054.7352,0.0000,0.0000
8.7833,19.8841,6.3550,11586.6645,855.2307,300.1073,1058.5224,0.0000,0.0000
8.8000,19.8852,6.4200,11480.7391,846.0469,298.6889,1062.3096,0.0000,0.0000
8.8167,19.8863,6.4850,11374.5207,836.8339,297.2707,1066.0968,0.0000,0.0000
8.8333,19.8873,6.5500,11268.0137,827.5922,295.8524,1069.8840,0.0000,0.0000
8.8500,19.8884,6.6150,11161.2224,818.3221,294.4343,1073.6712,0.0000,0.0000
8.8667,19.8895,6.6800,11054.1511,809.0241,293.0162,1077.4584,0.0000,0.0000
8.8833,19.8905,6.7450,10946.8043,799.6986,291.5981,1081.2456,0.0000,0.0000
8.9000,19.8916,6.8100,10839.1861,790.3460,290.1802,1085.0328,0.0000,0.0000
8.9167,19.8927,6.8750,10731.3012,780.9669,288.7622,1088.8200,0.0000,0.0000
8.9333,19.8938,6.9400,10623.1540,771.5616,287.3444,1092.6072,0.0000,0.0000
8.9500,19.8949,7.0050,10514.7490,762.1306,285.9266,1096.3944,0.0000,0.0000
8.9667,19.8959,7.0700,10406.0909,752.6744,284.5088,1100.1816,0.0000,0.0000
8.9833,19.8970,7.1350,10297.1843,743.1935,283.0911,1103.9688,0.0000,0.0000
9.0000,19.8981,7.2000,10188.0341,733.6883,281.6735,1107.7560,0.0000,0.0000
9.0167,19.8991,7.2100,10093.9013,724.9021,281.4726,1145.6280,0.0000,0.0000
9.0333,19.9000,7.2200,9996.0265,715.1822,281.2724,1183.5000,0.0000,0.0000
9.0500,19.9011,7.2300,9891.4099,704.6997,281.0738,1221.3720,0.0000,0.0000
9.0667,19.9022,7.2400,9780.1927,693.5622,280.8767,1259.2440,0.0000,0.0000
9.0833,19.9034,7.2500,9662.9882,681.8448,280.6809,1297.1160,0.0000,0.0000
9.1000,19.9046,7.2600,9540.3693,669.6031,280.4862,1334.9880,0.0000,0.0000
9.1167,19.9059,7.2700,9412.8023,656.8806,280.2927,1372.8600,0.0000,0.0000
9.1333,19.9072,7.2800,9280.6616,643.7117,280.1002,1410.7320,0.0000,0.0000
9.1500,19.9086,7.2900,9144.2512,630.1247,279.9086,1448.6040,0.0000,0.0000
9.1667,19.9100,7.3000,9003.8220,616.1430,279.7180,1486.4760,0.0000,0.0000
9.1833,19.9114,7.3100,8859.5841,601.7863,279.5281,1524.3480,0.0000,0.0000
9.2000,19.9129,7.3200,8711.7149,587.0714,279.3391,1562.2200,0.0000,0.0000
9.2167,19.9144,7.3300,8560.3661,572.0126,279.1509,1600.0920,0.0000,0.0000
9.2333,19.9159,7.3400,8405.6681,556.6224,278.9633,1637.9640,0.0000,0.0000
9.2500,19.9175,7.3500,8247.7337,540.9114,278.7766,1675.8360,0.0000,0.0000
9.2667,19.9191,7.3600,8086.6610,524.8891,278.5905,1713.7080,0.0000,0.0000
9.2833,19.9208,7.3700,7922.5360,508.5637,278.4050,1751.5800,0.0000,0.0000
9.3000,19.9224,7.3800,7755.4339,491.9423,278.2203,1789.4520,0.0000,0.0000
9.3167,19.9241,7.3900,7585.4213,475.0314,278.0362,1827.3240,0.0000,0.0000
9.3333,19.9259,7.4000,7412.5573,457.8366,277.8527,1865.1960,0.0000,0.0000
9.3500,19.9276,7.4100,7236.8943,440.3629,277.6698,1903.0680,0.0000,0.0000
9.3667,19.9294,7.4200,7058.4796,422.6150,277.4876,1940.9400,0.0000,0.0000
9.3833,19.9312,7.4300,6877.3552,404.5970,277.3060,1978.8120,0.0000,0.0000
9.4000,19.9331,7.4400,6693.5596,386.3124,277.1249,2016.6840,0.0000,0.0000
9.4167,19.9349,7.4500,6507.1273,367.7647,276.9444,2054.5560,0.0000,0.0000
9.4333,19.9368,7.4600,6318.0903,348.9570,276.7645,2092.4280,0.0000,0.0000
9.4500,19.9387,7.4700,6126.4775,329.8920,276.5852,2130.3000,0.0000,0.0000
9.4667,19.9407,7.4800,5932.3159,310.5725,276.4065,2168.1720,0.0000,0.0000
9.4833,19.9426,7.4900,5735.6307,291.0009,276.2283,2206.0440,0.0000,0.0000
9.5000,19.9446,7.5000,5536.4451,271.1794,276.0506,2243.9160,0.0000,0.0000
9.5167,19.9467,7.5100,5334.7813,251.1103,275.8735,2281.7880,0.0000,0.0000
9.5333,19.9487,7.5200,5130.6600,230.7956,275.6970,2319.6600,0.0000,0.0000
9.5500,19.9508,7.5300,4924.1011,210.2372,275.5210,2357.5320,0.0000,0.0000
9.5667,19.9528,7.5400,4715.1237,189.4371,275.3455,2395.4040,0.0000,0.0000
9.5833,19.9550,7.5500,4503.7459,168.3969,275.1706,2433.2760,0.0000,0.0000
9.6000,19.9571,7.5600,4289.9854,147.1186,274.9962,2471.1480,0.0000,0.0000
9.6167,19.9593,7.5700,4073.8595,125.6037,274.8223,2509.0200,0.0000,0.0000
9.6333,19.9614,7.5800,3855.3848,103.8540,274.6490,2546.8920,0.0000,0.0000
9.6500,19.9637,7.5900,3634.5778,81.8710,274.4761,2584.7640,0.0000,0.0000
9.6667,19.9659,7.6000,3411.4547,59.6565,274.3038,2622.6360,0.0000,0.0000
9.6833,19.9681,7.6100,3186.0313,37.2119,274.1320,2660.5080,0.0000,0.0000
9.7000,19.9704,7.6200,2958.3236,14.5389,273.9606,2698.3800,0.0000,0.0000
9.7167,19.9727,7.6300,2728.3470,-8.3610,273.7898,2736.2520,0.0000,0.0000
9.7333,19.9750,7.6400,2496.1172,-31.4861,273.6195,2774.1240,0.0000,0.0000
9.7500,19.9774,7.6500,2261.6497,-54.8351,273.4497,2811.9960,0.0000,0.0000
9.7667,19.9798,7.6600,2024.9600,-78.4063,273.2804,2849.8680,0.0000,0.0000
9.7833,19.9821,7.6700,1786.0635,-102.1981,273.1116,2887.7400,0.0000,0.0000
9.8000,19.9846,7.6800,1544.9759,-126.2090,272.9432,2925.6120,0.0000,0.0000
9.8167,19.9870,7.6900,1301.7125,-150.4375,272.7754,2963.4840,0.0000,0.0000
9.8333,19.9894,7.7000,1056.2890,-174.8820,272.6080,3001.3560,0.0000,0.0000
9.8500,19.9919,7.7100,808.7209,-199.5409,272.4411,3039.2280,0.0000,0.0000
9.8667,19.9944,7.7200,559.0241,-224.4126,272.2746,3077.1000,0.0000,0.0000
9.8833,19.9969,7.7300,307.2142,-249.4956,272.1087,3114.9720,0.0000,0.0000
9.9000,19.9995,7.7400,53.3071,-274.7883,271.9432,3152.8440,0.0000,0.0000
9.9167,20.0083,7.7500,0.0000,-297.4105,271.9167,3190.7160,0.0000,0.0000
9.9333,20.0245,7.7600,0.0000,-316.9130,272.0554,3228.5880,0.0000,0.0000
9.9500,20.0469,7.7700,0.0000,-333.9583,272.3303,3266.4600,0.0000,0.0000
9.9667,20.0747,7.7800,0.0000,-348.9569,272.7239,3304.3320,0.0000,0.0000
9.9833,20.1071,7.7900,0.0000,-362.2453,273.2213,3342.2040,0.0000,0.0000
10.0000,20.1436,7.8000,0.0000,-374.1018,273.8103,3380.0760,0.0000,0.0000
10.0167,20.1837,7.8183,0.0000,-384.1648,274.2923,3397.2762,0.0000,0.0000
10.0333,20.2267,7.8367,0.0000,-392.6363,274.8388,3414.4764,0.0000,0.0000
10.0500,20.2721,7.8550,0.0000,-399.8751,275.4392,3431.6766,0.0000,0.0000
10.0667,20.3195,7.8733,0.0000,-406.1467,276.0854,3448.8768,0.0000,0.0000
10.0833,20.3688,7.8917,0.0000,-411.6523,276.7708,3466.0770,0.0000,0.0000
10.1000,20.4195,7.9100,0.0000,-416.5472,277.4900,3483.2772,0.0000,0.0000
10.1167,20.4716,7.9283,0.0000,-420.9530,278.2390,3500.4774,0.0000,0.0000
10.1333,20.5249,7.9467,0.0000,-424.9660,279.0143,3517.6776,0.0000,0.0000
10.1500,20.5792,7.9650,0.0000,-428.6626,279.8131,3534.8778,0.0000,0.0000
10.1667,20.6346,7.9833,0.0000,-432.1039,280.6331,3552.0780,0.0000,0.0000
10.1833,20.6907,8.0017,0.0000,-435.3390,281.4726,3569.2782,0.0000,0.0000
10.2000,20.7477,8.0200,0.0000,-438.4075,282.3301,3586.4784,0.0000,0.0000
10.2167,20.8055,8.0383,0.0000,-441.3412,283.2042,3603.6786,0.0000,0.0000
10.2333,20.8639,8.0567,0.0000,-444.1656,284.0940,3620.8788,0.0000,0.0000
10.2500,20.9230,8.0750,0.0000,-446.9017,284.9987,3638.0790,0.0000,0.0000
10.2667,20.9828,8.0933,0.0000,-449.5660,285.9176,3655.2792,0.0000,0.0000
10.2833,21.0431,8.1117,0.0000,-452.1722,286.8500,3672.4794,0.0000,0.0000
10.3000,21.1041,8.1300,0.0000,-454.7310,287.7955,3689.6796,0.0000,0.0000
10.3167,21.1656,8.1483,0.0000,-457.2515,288.7536,3706.8798,0.0000,0.0000
10.3333,21.2277,8.1667,0.0000,-459.7406,289.7241,3724.0800,0.0000,0.0000
10.3500,21.2903,8.1850,0.0000,-462.2041,290.7065,3741.2802,0.0000,0.0000
10.3667,21.3535,8.2033,0.0000,-464.6466,291.7007,3758.4804,0.0000,0.0000
10.3833,21.4172,8.2217,0.0000,-467.0720,292.7064,3775.6806,0.0000,0.0000
10.4000,21.4813,8.2400,0.0000,-469.4831,293.7234,3792.8808,0.0000,0.0000
10.4167,21.5460,8.2583,0.0000,-471.8826,294.7516,3810.0810,0.0000,0.0000
10.4333,21.6112,8.2767,0.0000,-474.2723,295.7906,3827.2812,0.0000,0.0000
10.4500,21.6769,8.2950,0.0000,-476.6538,296.8405,3844.4814,0.0000,0.0000
10.4667,21.7430,8.3133,0.0000,-479.0285,297.9010,3861.6816,0.0000,0.0000
10.4833,21.8096,8.3317,0.0000,-481.3973,298.9720,3878.8818,0.0000,0.0000
10.5000,21.8767,8.3500,0.0000,-483.7612,300.0534,3896.0820,0.0000,0.0000
10.5167,21.9442,8.3683,0.0000,-486.1209,301.1450,3913.2822,0.0000,0.0000
10.5333,22.0123,8.3867,0.0000,-488.4770,302.2469,3930.4824,0.0000,0.0000
10.5500,22.0807,8.4050,0.0000,-490.8299,303.3588,3947.6826,0.0000,0.0000
10.5667,22.1496,8.4233,0.0000,-493.1800,304.4806,3964.8828,0.0000,0.0000
10.5833,22.2190,8.4417,0.0000,-495.5277,305.6123,3982.0830,0.0000,0.0000
10.6000,22.2888,8.4600,0.0000,-497.8733,306.7538,3999.2832,0.0000,0.0000
10.6167,22.3590,8.4783,0.0000,-500.2170,307.9049,4016.4834,0.0000,0.0000
10.6333,22.4296,8.4967,0.0000,-502.5590,309.0656,4033.6836,0.0000,0.0000
10.6500,22.5007,8.5150,0.0000,-504.8997,310.2357,4050.8838,0.0000,0.0000
10.6667,22.5722,8.5333,0.0000,-507.2390,311.4153,4068.0840,0.0000,0.0000
10.6833,22.6442,8.5517,0.0000,-509.5772,312.6042,4085.2842,0.0000,0.0000
10.7000,22.7165,8.5700,0.0000,-511.9145,313.8023,4102.4844,0.0000,0.0000
10.7167,22.7893,8.5883,0.0000,-514.2509,315.0095,4119.6846,0.0000,0.0000
10.7333,22.8624,8.6067,0.0000,-516.5866,316.2259,4136.8848,0.0000,0.0000
10.7500,22.9360,8.6250,0.0000,-518.9218,317.4512,4154.0850,0.0000,0.0000
10.7667,23.0100,8.6433,0.0000,-521.2565,318.6854,4171.2852,0.0000,0.0000
10.7833,23.0844,8.6617,0.0000,-523.5908,319.9285,4188.4854,0.0000,0.0000
10.8000,23.1591,8.6800,0.0000,-525.9250,321.1803,4205.6856,0.0000,0.0000
10.8167,23.2343,8.6983,0.0000,-528.2590,322.4409,4222.8858,0.0000,0.0000
10.8333,23.3098,8.7167,0.0000,-530.5929,323.7100,4240.0860,0.0000,0.0000
10.8500,23.3858,8.7350,0.0000,-532.9270,324.9878,4257.2862,0.0000,0.0000
10.8667,23.4621,8.7533,0.0000,-535.2612,326.2740,4274.4864,0.0000,0.0000
10.8833,23.5388,8.7717,0.0000,-537.5958,327.5686,4291.6866,0.0000,0.0000
10.9000,23.6159,8.7900,0.0000,-539.9307,328.8716,4308.8868,0.0000,0.0000
10.9167,23.6933,8.8083,0.0000,-542.2660,330.1829,4326.0870,0.0000,0.0000
10.9333,23.7711,8.8267,0.0000,-544.6019,331.5024,4343.2872,0.0000,0.0000
10.9500,23.8493,8.8450,0.0000,-546.9384,332.8301,4360.4874,0.0000,0.0000
10.9667,23.9279,8.8633,0.0000,-549.2757,334.1660,4377.6876,0.0000,0.0000
10.9833,24.0068,8.8817,0.0000,-551.6138,335.5098,4394.8878,0.0000,0.0000
11.0000,24.0861,8.9000,0.0000,-553.9527,336.8617,4412.0880,0.0000,0.0000
11.0167,24.1653,8.9083,0.0000,-555.3019,338.4337,4412.5614,0.0000,0.0000
11.0333,24.2442,8.9167,0.0000,-556.2803,340.0009,4413.0348,0.0000,0.0000
11.0500,24.3229,8.9250,0.0000,-557.0455,341.5618,4413.5082,0.0000,0.0000
11.0667,24.4013,8.9333,0.0000,-557.6957,343.1153,4413.9816,0.0000,0.0000
11.0833,24.4793,8.9417,0.0000,-558.2922,344.6612,4414.4550,0.0000,0.0000
11.1000,24.5570,8.9500,0.0000,-558.8738,346.1993,4414.9284,0.0000,0.0000
11.1167,24.6343,8.9583,0.0000,-559.4645,347.7298,4415.4018,0.0000,0.0000
11.1333,24.7113,8.9667,0.0000,-560.0788,349.2530,4415.8752,0.0000,0.0000
11.1500,24.7880,8.9750,0.0000,-560.7247,350.7690,4416.3486,0.0000,0.0000
11.1667,24.8644,8.9833,0.0000,-561.4062,352.2784,4416.8220,0.0000,0.0000
11.1833,24.9405,8.9917,0.0000,-562.1246,353.7814,4417.2954,0.0000,0.0000
11.2000,25.0163,9.0000,0.0000,-562.8792,355.2784,4417.7688,0.0000,0.0000
11.2167,25.0919,9.0083,0.0000,-563.6685,356.7697,4418.2422,0.0000,0.0000
11.2333,25.1672,9.0167,0.0000,-564.4900,358.2556,4418.7156,0.0000,0.0000
11.2500,25.2423,9.0250,0.0000,-565.3409,359.7364,4419.1890,0.0000,0.0000
11.2667,25.3171,9.0333,0.0000,-566.2184,361.2124,4419.6624,0.0000,0.0000
11.2833,25.3918,9.0417,0.0000,-567.1195,362.6837,4420.1358,0.0000,0.0000
11.3000,25.4663,9.0500,0.0000,-568.0415,364.1506,4420.6092,0.0000,0.0000
11.3167,25.5405,9.0583,0.0000,-568.9816,365.6133,4421.0826,0.0000,0.0000
11.3333,25.6146,9.0667,0.0000,-569.9373,367.0719,4421.5560,0.0000,0.0000
11.3500,25.6885,9.0750,0.0000,-570.9062,368.5265,4422.0294,0.0000,0.0000
11.3667,25.7623,9.0833,0.0000,-571.8864,369.9774,4422.5028,0.0000,0.0000
11.3833,25.8358,9.0917,0.0000,-572.8757,371.4245,4422.9762,0.0000,0.0000
11.4000,25.9093,9.1000,0.0000,-573.8726,372.8680,4423.4496,0.0000,0.0000
11.4167,25.9825,9.1083,0.0000,-574.8755,374.3080,4423.9230,0.0000,0.0000
11.4333,26.0556,9.1167,0.0000,-575.8830,375.7445,4424.3964,0.0000,0.0000
11.4500,26.1285,9.1250,0.0000,-576.8939,377.1775,4424.8698,0.0000,0.0000
11.4667,26.2013,9.1333,0.0000,-577.9071,378.6072,4425.3432,0.0000,0.0000
11.4833,26.2740,9.1417,0.0000,-578.9218,380.0336,4425.8166,0.0000,0.0000
11.5000,26.3464,9.1500,0.0000,-579.9371,381.4567,4426.2900,0.0000,0.0000
11.5167,26.4188,9.1583,0.0000,-580.9523,382.8764,4426.7634,0.0000,0.0000
11.5333,26.4910,9.1667,0.0000,-581.9668,384.2930,4427.2368,0.0000,0.0000
11.5500,26.5630,9.1750,0.0000,-582.9801,385.7063,4427.7102,0.0000,0.0000
11.5667,26.6349,9.1833,0.0000,-583.9918,387.1163,4428.1836,0.0000,0.0000
11.5833,26.7067,9.1917,0.0000,-585.0014,388.5231,4428.6570,0.0000,0.0000
11.6000,26.7783,9.2000,0.0000,-586.0086,389.9268,4429.1304,0.0000,0.0000
11.6167,26.8498,9.2083,0.0000,-587.0132,391.3272,4429.6038,0.0000,0.0000
11.6333,26.9211,9.2167,0.0000,-588.0149,392.7244,4430.0772,0.0000,0.0000
11.6500,26.9922,9.2250,0.0000,-589.0136,394.1184,4430.5506,0.0000,0.0000
11.6667,27.0182,9.2333,-1817.1720,-614.3522,394.5086,4431.0240,0.0000,0.0000
11.6833,27.0238,9.2417,-2375.4362,-649.5386,394.4476,4431.4974,0.0000,0.0000
11.7000,27.0277,9.2500,-2773.1723,-684.3674,394.3510,4431.9708,0.0000,0.0000
11.7167,27.0313,9.2583,-3127.3822,-718.3524,394.2447,4432.4442,0.0000,0.0000
11.7333,27.0346,9.2667,-3464.8189,-751.4625,394.1347,4432.9176,0.0000,0.0000
11.7500,27.0379,9.2750,-3792.0452,-783.7481,394.0224,4433.3910,0.0000,0.0000
11.7667,27.0411,9.2833,-4111.0134,-815.2662,393.9083,4433.8644,0.0000,0.0000
11.7833,27.0442,9.2917,-4422.5612,-846.0669,393.7926,4434.3378,0.0000,0.0000
11.8000,27.0473,9.3000,-4727.2132,-876.1931,393.6753,4434.8112,0.0000,0.0000
11.8167,27.0503,9.3083,-5025.3767,-905.6821,393.5566,4435.2846,0.0000,0.0000
11.8333,27.0532,9.3167,-5317.3959,-934.5664,393.4365,4435.7580,0.0000,0.0000
11.8500,27.0560,9.3250,-5603.5721,-962.8747,393.3152,4436.2314,0.0000,0.0000
11.8667,27.0588,9.3333,-5884.1732,-990.6329,393.1925,4436.7048,0.0000,0.0000
11.8833,27.0616,9.3417,-6159.4404,-1017.8642,393.0688,4437.1782,0.0000,0.0000
11.9000,27.0643,9.3500,-6429.5921,-1044.5899,392.9438,4437.6516,0.0000,0.0000
11.9167,27.0669,9.3583,-6694.8280,-1070.8293,392.8178,4438.1250,0.0000,0.0000
11.9333,27.0696,9.3667,-6955.3313,-1096.6003,392.6907,4438.5984,0.0000,0.0000
11.9500,27.0721,9.3750,-7211.2712,-1121.9194,392.5627,4439.0718,0.0000,0.0000
11.9667,27.0746,9.3833,-7462.8043,-1146.8018,392.4336,4439.5452,0.0000,0.0000
11.9833,27.0771,9.3917,-7710.0764,-1171.2619,392.3036,4440.0186,0.0000,0.0000
12.0000,27.0795,9.4000,-7953.2236,-1195.3130,392.1727,4440.4920,0.0000,0.0000
12.0167,27.0819,9.4200,-8194.3819,-1218.9619,391.7825,4433.3910,0.0000,0.0000
12.0333,27.0843,9.4400,-8429.7489,-1241.9184,391.3911,4426.2900,0.0000,0.0000
12.0500,27.0866,9.4600,-8659.0317,-1264.2578,390.9983,4419.1890,0.0000,0.0000
12.0667,27.0888,9.4800,-8882.5613,-1286.0316,390.6043,4412.0880,0.0000,0.0000
12.0833,27.0910,9.5000,-9100.7133,-1307.2786,390.2090,4404.9870,0.0000,0.0000
12.1000,27.0931,9.5200,-9313.8125,-1328.0297,389.8126,4397.8860,0.0000,0.0000
12.1167,27.0952,9.5400,-9522.1303,-1348.3102,389.4152,4390.7850,0.0000,0.0000
12.1333,27.0973,9.5600,-9725.8967,-1368.1420,389.0167,4383.6840,0.0000,0.0000
12.1500,27.0993,9.5800,-9925.3099,-1387.5438,388.6173,4376.5830,0.0000,0.0000
12.1667,27.1012,9.6000,-10120.5437,-1406.5324,388.2170,4369.4820,0.0000,0.0000
12.1833,27.1031,9.6200,-10311.7528,-1425.1225,387.8158,4362.3810,0.0000,0.0000
12.2000,27.1050,9.6400,-10499.0761,-1443.3277,387.4137,4355.2800,0.0000,0.0000
12.2167,27.1068,9.6600,-10682.6399,-1461.1602,387.0107,4348.1790,0.0000,0.0000
12.2333,27.1086,9.6800,-10862.5594,-1478.6311,386.6070,4341.0780,0.0000,0.0000
12.2500,27.1104,9.7000,-11038.9408,-1495.7509,386.2025,4333.9770,0.0000,0.0000
12.2667,27.1121,9.7200,-11211.8822,-1512.5290,385.7972,4326.8760,0.0000,0.0000
12.2833,27.1138,9.7400,-11381.4750,-1528.9745,385.3912,4319.7750,0.0000,0.0000
12.3000,27.1155,9.7600,-11547.8044,-1545.0956,384.9844,4312.6740,0.0000,0.0000
12.3167,27.1171,9.7800,-11710.9506,-1560.9003,384.5770,4305.5730,0.0000,0.0000
12.3333,27.1187,9.8000,-11870.9888,-1576.3960,384.1688,4298.4720,0.0000,0.0000
12.3500,27.1203,9.8200,-12027.9902,-1591.5896,383.7600,4291.3710,0.0000,0.0000
12.3667,27.1218,9.8400,-12182.0223,-1606.4877,383.3505,4284.2700,0.0000,0.0000
12.3833,27.1233,9.8600,-12333.1491,-1621.0967,382.9404,4277.1690,0.0000,0.0000
12.4000,27.1248,9.8800,-12481.4316,-1635.4227,382.5296,4270.0680,0.0000,0.0000
12.4167,27.1263,9.9000,-12626.9282,-1649.4713,382.1183,4262.9670,0.0000,0.0000
12.4333,27.1277,9.9200,-12769.6946,-1663.2481,381.7063,4255.8660,0.0000,0.0000
12.4500,27.1291,9.9400,-12909.7844,-1676.7583,381.2937,4248.7650,0.0000,0.0000
12.4667,27.1305,9.9600,-13047.2490,-1690.0071,380.8806,4241.6640,0.0000,0.0000
12.4833,27.1318,9.9800,-13182.1378,-1702.9993,380.4668,4234.5630,0.0000,0.0000
12.5000,27.1331,10.0000,-13314.4986,-1715.7398,380.0526,4227.4620,0.0000,0.0000
12.5167,27.1344,10.0200,-13444.3774,-1728.2329,379.6377,4220.3610,0.0000,0.0000
12.5333,27.1357,10.0400,-13571.8187,-1740.4832,379.2223,4213.2600,0.0000,0.0000
12.5500,27.1370,10.0600,-13696.8656,-1752.4949,378.8064,4206.1590,0.0000,0.0000
12.5667,27.1382,10.0800,-13819.5599,-1764.2721,378.3900,4199.0580,0.0000,0.0000
12.5833,27.1394,10.1000,-13939.9419,-1775.8190,377.9731,4191.9570,0.0000,0.0000
12.6000,27.1406,10.1200,-14058.0509,-1787.1393,377.5556,4184.8560,0.0000,0.0000
12.6167,27.1417,10.1400,-14173.9253,-1798.2368,377.1377,4177.7550,0.0000,0.0000
12.6333,27.1429,10.1600,-14287.6019,-1809.1153,376.7193,4170.6540,0.0000,0.0000
12.6500,27.1440,10.1800,-14399.1170,-1819.7783,376.3003,4163.5530,0.0000,0.0000
12.6667,27.1451,10.2000,-14508.5058,-1830.2294,375.8810,4156.4520,0.0000,0.0000
12.6833,27.1462,10.2200,-14615.8024,-1840.4718,375.4611,4149.3510,0.0000,0.0000
12.7000,27.1472,10.2400,-14721.0403,-1850.5090,375.0408,4142.2500,0.0000,0.0000
12.7167,27.1482,10.2600,-14824.2521,-1860.3442,374.6201,4135.1490,0.0000,0.0000
12.7333,27.1493,10.2800,-14925.4695,-1869.9806,374.1989,4128.0480,0.0000,0.0000
12.7500,27.1502,10.3000,-15024.7237,-1879.4212,373.7772,4120.9470,0.0000,0.0000
12.7667,27.1512,10.3200,-15122.0449,-1888.6690,373.3552,4113.8460,0.0000,0.0000
12.7833,27.1522,10.3400,-15217.4628,-1897.7270,372.9327,4106.7450,0.0000,0.0000
12.8000,27.1531,10.3600,-15311.0065,-1906.5982,372.5098,4099.6440,0.0000,0.0000
12.8167,27.1540,10.3800,-15402.7042,-1915.2852,372.0865,4092.5430,0.0000,0.0000
12.8333,27.1549,10.4000,-15492.5837,-1923.7909,371.6628,4085.4420,0.0000,0.0000
12.8500,27.1558,10.4200,-15580.6721,-1932.1180,371.2387,4078.3410,0.0000,0.0000
12.8667,27.1567,10.4400,-15666.9961,-1940.2691,370.8142,4071.2400,0.0000,0.0000
12.8833,27.1575,10.4600,-15751.5818,-1948.2468,370.3893,4064.1390,0.0000,0.0000
12.9000,27.1583,10.4800,-15834.4546,-1956.0537,369.9640,4057.0380,0.0000,0.0000
12.9167,27.1592,10.5000,-15915.6395,-1963.6922,369.5384,4049.9370,0.0000,0.0000
12.9333,27.1600,10.5200,-15995.1611,-1971.1648,369.1124,4042.8360,0.0000,0.0000
12.9500,27.1607,10.5400,-16073.0435,-1978.4739,368.6860,4035.7350,0.0000,0.0000
12.9667,27.1615,10.5600,-16149.3101,-1985.6219,368.2593,4028.6340,0.0000,0.0000
12.9833,27.1622,10.5800,-16223.9843,-1992.6109,367.8322,4021.5330,0.0000,0.0000
13.0000,27.1630,10.6000,-16297.0886,-1999.4434,367.4048,4014.4320,0.0000,0.0000
13.0167,27.1635,10.5900,-16351.0342,-2004.4794,367.6386,3995.8116,0.0000,0.0000
13.0333,27.1640,10.5800,-16395.8130,-2008.9001,367.8703,3977.1912,0.0000,0.0000
13.0500,27.1643,10.5700,-16434.3945,-2012.7909,368.1007,3958.5708,0.0000,0.0000
13.0667,27.1647,10.5600,-16467.9539,-2016.2152,368.3300,3939.9504,0.0000,0.0000
13.0833,27.1650,10.5500,-16497.1217,-2019.2193,368.5583,3921.3300,0.0000,0.0000
13.1000,27.1652,10.5400,-16522.3133,-2021.8381,368.7857,3902.7096,0.0000,0.0000
13.1167,27.1654,10.5300,-16543.8329,-2024.0986,369.0123,3884.0892,0.0000,0.0000
13.1333,27.1656,10.5200,-16561.9166,-2026.0224,369.2381,3865.4688,0.0000,0.0000
13.1500,27.1658,10.5100,-16576.7533,-2027.6267,369.4632,3846.8484,0.0000,0.0000
13.1667,27.1659,10.5000,-16588.4985,-2028.9262,369.6877,3828.2280,0.0000,0.0000
13.1833,27.1660,10.4900,-16597.2822,-2029.9331,369.9114,3809.6076,0.0000,0.0000
13.2000,27.1660,10.4800,-16603.2151,-2030.6578,370.1346,3790.9872,0.0000,0.0000
13.2167,27.1661,10.4700,-16606.3927,-2031.1095,370.3571,3772.3668,0.0000,0.0000
13.2333,27.1661,10.4600,-16606.8984,-2031.2960,370.5790,3753.7464,0.0000,0.0000
13.2500,27.1660,10.4500,-16604.8058,-2031.2245,370.8004,3735.1260,0.0000,0.0000
13.2667,27.1660,10.4400,-16600.1808,-2030.9013,371.0212,3716.5056,0.0000,0.0000
13.2833,27.1659,10.4300,-16593.0825,-2030.3321,371.2414,3697.8852,0.0000,0.0000
13.3000,27.1658,10.4200,-16583.5647,-2029.5222,371.4612,3679.2648,0.0000,0.0000
13.3167,27.1657,10.4100,-16571.6770,-2028.4763,371.6803,3660.6444,0.0000,0.0000
13.3333,27.1656,10.4000,-16557.4650,-2027.1990,371.8990,3642.0240,0.0000,0.0000
13.3500,27.1654,10.3900,-16540.9714,-2025.6944,372.1172,3623.4036,0.0000,0.0000
13.3667,27.1652,10.3800,-16522.2360,-2023.9663,372.3348,3604.7832,0.0000,0.0000
13.3833,27.1650,10.3700,-16501.2968,-2022.0187,372.5520,3586.1628,0.0000,0.0000
13.4000,27.1648,10.3600,-16480.4859,-2019.9584,372.7692,3567.5424,0.0000,0.0000
13.4167,27.1646,10.3500,-16456.5727,-2017.6557,372.9857,3548.9220,0.0000,0.0000
13.4333,27.1643,10.3400,-16430.1431,-2015.1240,373.2017,3530.3016,0.0000,0.0000
13.4500,27.1640,10.3300,-16401.4387,-2012.3742,373.4172,3511.6812,0.0000,0.0000
13.4667,27.1637,10.3200,-16370.5883,-2009.4146,373.6321,3493.0608,0.0000,0.0000
13.4833,27.1634,10.3100,-16337.6771,-2006.2519,373.8467,3474.4404,0.0000,0.0000
13.5000,27.1630,10.3000,-16302.7701,-2002.8919,374.0607,3455.8200,0.0000,0.0000
13.5167,27.1627,10.2900,-16265.9210,-1999.3395,374.2744,3437.1996,0.0000,0.0000
13.5333,27.1623,10.2800,-16227.1759,-1995.5990,374.4876,3418.5792,0.0000,0.0000
13.5500,27.1619,10.2700,-16186.5763,-1991.6744,374.7004,3399.9588,0.0000,0.0000
13.5667,27.1614,10.2600,-16144.1593,-1987.5691,374.9128,3381.3384,0.0000,0.0000
13.5833,27.1610,10.2500,-16099.9594,-1983.2867,375.1249,3362.7180,0.0000,0.0000
13.6000,27.1605,10.2400,-16054.0088,-1978.8301,375.3365,3344.0976,0.0000,0.0000
13.6167,27.1601,10.2300,-16006.3377,-1974.2023,375.5477,3325.4772,0.0000,0.0000
13.6333,27.1596,10.2200,-15956.9748,-1969.4062,375.7586,3306.8568,0.0000,0.0000
13.6500,27.1591,10.2100,-15905.9475,-1964.4444,375.9691,3288.2364,0.0000,0.0000
13.6667,27.1585,10.2000,-15853.2820,-1959.3195,376.1793,3269.6160,0.0000,0.0000
13.6833,27.1580,10.1900,-15799.0037,-1954.0341,376.3890,3250.9956,0.0000,0.0000
13.7000,27.1574,10.1800,-15743.1370,-1948.5905,376.5985,3232.3752,0.0000,0.0000
13.7167,27.1569,10.1700,-15685.7059,-1942.9910,376.8076,3213.7548,0.0000,0.0000
13.7333,27.1563,10.1600,-15626.7333,-1937.2381,377.0163,3195.1344,0.0000,0.0000
13.7500,27.1557,10.1500,-15566.2418,-1931.3339,377.2247,3176.5140,0.0000,0.0000
13.7667,27.1550,10.1400,-15504.2535,-1925.2806,377.4328,3157.8936,0.0000,0.0000
13.7833,27.1544,10.1300,-15440.7899,-1919.0803,377.6405,3139.2732,0.0000,0.0000
13.8000,27.1538,10.1200,-15375.8722,-1912.7352,377.8479,3120.6528,0.0000,0.0000
13.8167,27.1531,10.1100,-15309.5212,-1906.2473,378.0551,3102.0324,0.0000,0.0000
13.8333,27.1524,10.1000,-15241.7571,-1899.6186,378.2618,3083.4120,0.0000,0.0000
13.8500,27.1517,10.0900,-15172.6001,-1892.8512,378.4683,3064.7916,0.0000,0.0000
13.8667,27.1510,10.0800,-15102.0698,-1885.9469,378.6745,3046.1712,0.0000,0.0000
13.8833,27.1503,10.0700,-15030.1857,-1878.9078,378.8804,3027.5508,0.0000,0.0000
13.9000,27.1496,10.0600,-14956.9670,-1871.7357,379.0860,3008.9304,0.0000,0.0000
13.9167,27.1488,10.0500,-14882.4324,-1864.4326,379.2913,2990.3100,0.0000,0.0000
13.9333,27.1481,10.0400,-14806.6005,-1857.0002,379.4963,2971.6896,0.0000,0.0000
13.9500,27.1473,10.0300,-14729.4898,-1849.4404,379.7010,2953.0692,0.0000,0.0000
13.9667,27.1465,10.0200,-14651.1183,-1841.7549,379.9054,2934.4488,0.0000,0.0000
13.9833,27.1457,10.0100,-14571.5039,-1833.9457,380.1096,2915.8284,0.0000,0.0000
14.0000,27.1449,10.0000,-14490.6642,-1826.0144,380.3135,2897.2080,0.0000,0.0000
14.0167,27.1441,9.9900,-14407.6683,-1817.8271,380.5169,2875.9050,0.0000,0.0000
14.0333,27.1432,9.9800,-14322.4626,-1809.4170,380.7198,2854.6020,0.0000,0.0000
14.0500,27.1424,9.9700,-14235.1903,-1800.8060,380.9223,2833.2990,0.0000,0.0000
14.0667,27.1415,9.9600,-14146.0024,-1792.0093,381.1243,2811.9960,0.0000,0.0000
14.0833,27.1406,9.9500,-14055.0233,-1783.0383,381.3259,2790.6930,0.0000,0.0000
14.1000,27.1396,9.9400,-13962.3511,-1773.9017,381.5272,2769.3900,0.0000,0.0000
14.1167,27.1387,9.9300,-13868.0639,-1764.6064,381.7281,2748.0870,0.0000,0.0000
14.1333,27.1377,9.9200,-13772.2252,-1755.1583,381.9287,2726.7840,0.0000,0.0000
14.1500,27.1367,9.9100,-13674.8879,-1745.5622,382.1289,2705.4810,0.0000,0.0000
14.1667,27.1358,9.9000,-13576.0971,-1735.8223,382.3288,2684.1780,0.0000,0.0000
14.1833,27.1348,9.8900,-13475.8917,-1725.9423,382.5284,2662.8750,0.0000,0.0000
14.2000,27.1337,9.8800,-13374.3066,-1715.9254,382.7277,2641.5720,0.0000,0.0000
14.2167,27.1327,9.8700,-13271.3725,-1705.7746,382.9267,2620.2690,0.0000,0.0000
14.2333,27.1317,9.8600,-13167.1176,-1695.4927,383.1254,2598.9660,0.0000,0.0000
14.2500,27.1305,9.8500,-13049.1023,-1684.4554,383.3210,2577.6630,0.0000,0.0000
14.2667,27.1293,9.8400,-12934.6995,-1673.3184,383.5175,2556.3600,0.0000,0.0000
14.2833,27.1282,9.8300,-12820.4123,-1662.0878,383.7140,2535.0570,0.0000,0.0000
14.3000,27.1271,9.8200,-12705.4075,-1650.7599,383.9103,2513.7540,0.0000,0.0000
14.3167,27.1259,9.8100,-12589.4646,-1639.3314,384.1064,2492.4510,0.0000,0.0000
14.3333,27.1247,9.8000,-12472.5131,-1627.7996,384.3023,2471.1480,0.0000,0.0000
14.3500,27.1235,9.7900,-12354.5248,-1616.1630,384.4979,2449.8450,0.0000,0.0000
14.3667,27.1224,9.7800,-12235.4872,-1604.4209,384.6933,2428.5420,0.0000,0.0000
14.3833,27.1212,9.7700,-12115.3951,-1592.5729,384.8885,2407.2390,0.0000,0.0000
14.4000,27.1199,9.7600,-11994.2481,-1580.6191,385.0835,2385.9360,0.0000,0.0000
14.4167,27.1187,9.7500,-11872.0493,-1568.5601,385.2782,2364.6330,0.0000,0.0000
14.4333,27.1175,9.7400,-11748.8039,-1556.3963,385.4727,2343.3300,0.0000,0.0000
14.4500,27.1162,9.7300,-11624.5189,-1544.1286,385.6669,2322.0270,0.0000,0.0000
14.4667,27.1150,9.7200,-11499.2030,-1531.7578,385.8609,2300.7240,0.0000,0.0000
14.4833,27.1137,9.7100,-11372.8656,-1519.2850,386.0547,2279.4210,0.0000,0.0000
14.5000,27.1125,9.7000,-11245.5174,-1506.7112,386.2483,2258.1180,0.0000,0.0000
14.5167,27.1112,9.6900,-11117.1695,-1494.0375,386.4417,2236.8150,0.0000,0.0000
14.5333,27.1099,9.6800,-10987.8336,-1481.2652,386.6348,2215.5120,0.0000,0.0000
14.5500,27.1086,9.6700,-10857.5217,-1468.3955,386.8277,2194.2090,0.0000,0.0000
14.5667,27.1073,9.6600,-10726.2464,-1455.4297,387.0204,2172.9060,0.0000,0.0000
14.5833,27.1059,9.6500,-10594.0205,-1442.3690,387.2129,2151.6030,0.0000,0.0000
14.6000,27.1046,9.6400,-10460.8567,-1429.2147,387.4052,2130.3000,0.0000,0.0000
14.6167,27.1033,9.6300,-10326.7682,-1415.9681,387.5973,2108.9970,0.0000,0.0000
14.6333,27.1019,9.6200,-10191.7682,-1402.6306,387.7891,2087.6940,0.0000,0.0000
14.6500,27.1006,9.6100,-10055.8697,-1389.2035,387.9808,2066.3910,0.0000,0.0000
14.6667,27.0992,9.6000,-9919.0861,-1375.6881,388.1723,2045.0880,0.0000,0.0000
14.6833,27.0978,9.5900,-9781.4306,-1362.0858,388.3636,2023.7850,0.0000,0.0000
14.7000,27.0964,9.5800,-9642.9164,-1348.3978,388.5547,2002.4820,0.0000,0.0000
14.7167,27.0950,9.5700,-9503.5567,-1334.6255,388.7456,1981.1790,0.0000,0.0000
14.7333,27.0936,9.5600,-9363.3646,-1320.7702,388.9363,1959.8760,0.0000,0.0000
14.7500,27.0922,9.5500,-9222.3531,-1306.8332,389.1269,1938.5730,0.0000,0.0000
14.7667,27.0908,9.5400,-9080.5352,-1292.8158,389.3172,1917.2700,0.0000,0.0000
14.7833,27.0894,9.5300,-8937.9238,-1278.7193,389.5074,1895.9670,0.0000,0.0000
14.8000,27.0879,9.5200,-8794.5317,-1264.5449,389.6974,1874.6640,0.0000,0.0000
14.8167,27.0865,9.5100,-8650.3714,-1250.2940,389.8873,1853.3610,0.0000,0.0000
14.8333,27.0851,9.5000,-8505.4557,-1235.9677,390.0770,1832.0580,0.0000,0.0000
14.8500,27.0836,9.4900,-8359.7969,-1221.5674,390.2665,1810.7550,0.0000,0.0000
14.8667,27.0821,9.4800,-8213.4073,-1207.0943,390.4558,1789.4520,0.0000,0.0000
14.8833,27.0807,9.4700,-8066.2993,-1192.5495,390.6450,1768.1490,0.0000,0.0000
14.9000,27.0792,9.4600,-7918.4847,-1177.9343,390.8340,1746.8460,0.0000,0.0000
14.9167,27.0777,9.4500,-7769.9758,-1163.2499,391.0229,1725.5430,0.0000,0.0000
14.9333,27.0762,9.4400,-7620.7841,-1148.4975,391.2117,1704.2400,0.0000,0.0000
14.9500,27.0747,9.4300,-7470.9216,-1133.6782,391.4002,1682.9370,0.0000,0.0000
14.9667,27.0732,9.4200,-7320.3997,-1118.7932,391.5887,1661.6340,0.0000,0.0000
14.9833,27.0717,9.4100,-7169.2299,-1103.8436,391.7770,1640.3310,0.0000,0.0000
15.0000,27.0702,9.4000,-7017.4209,-1088.8303,391.9651,1619.0280,0.0000,0.0000
15.0167,27.0685,9.3550,-6849.0296,-1072.4498,392.9260,1595.3580,0.0000,0.0000
15.0333,27.0668,9.3100,-6675.7474,-1055.9310,393.8857,1571.6880,0.0000,0.0000
15.0500,27.0650,9.2650,-6500.3205,-1039.2802,394.8450,1548.0180,0.0000,0.0000
15.0667,27.0632,9.2200,-6323.4659,-1022.5081,395.8040,1524.3480,0.0000,0.0000
15.0833,27.0615,9.1750,-6145.4211,-1005.6242,396.7627,1500.6780,0.0000,0.0000
15.1000,27.0597,9.1300,-5966.2976,-988.6356,397.7212,1477.0080,0.0000,0.0000
15.1167,27.0579,9.0850,-5786.1645,-971.5481,398.6794,1453.3380,0.0000,0.0000
15.1333,27.0561,9.0400,-5605.0719,-954.3659,399.6374,1429.6680,0.0000,0.0000
15.1500,27.0542,8.9950,-5423.0579,-937.0927,400.5953,1405.9980,0.0000,0.0000
15.1667,27.0524,8.9500,-5240.1529,-919.7311,401.5529,1382.3280,0.0000,0.0000
15.1833,27.0506,8.9050,-5056.3815,-902.2835,402.5103,1358.6580,0.0000,0.0000
15.2000,27.0487,8.8600,-4871.7639,-884.7517,403.4676,1334.9880,0.0000,0.0000
15.2167,27.0469,8.8150,-4686.3176,-867.1375,404.4247,1311.3180,0.0000,0.0000
15.2333,27.0450,8.7700,-4500.0575,-849.4421,405.3815,1287.6480,0.0000,0.0000
15.2500,27.0431,8.7250,-4312.9969,-831.6670,406.3383,1263.9780,0.0000,0.0000
15.2667,27.0413,8.6800,-4125.1479,-813.8132,407.2948,1240.3080,0.0000,0.0000
15.2833,27.0394,8.6350,-3936.5217,-795.8819,408.2512,1216.6380,0.0000,0.0000
15.3000,27.0375,8.5900,-3747.1288,-777.8741,409.2073,1192.9680,0.0000,0.0000
15.3167,27.0356,8.5450,-3556.9793,-759.7908,410.1634,1169.2980,0.0000,0.0000
15.3333,27.0337,8.5000,-3366.0830,-741.6329,411.1192,1145.6280,0.0000,0.0000
15.3500,27.0317,8.4550,-3174.4494,-723.4015,412.0749,1121.9580,0.0000,0.0000
15.3667,27.0298,8.4100,-2982.0866,-705.0972,413.0305,1098.2880,0.0000,0.0000
15.3833,27.0279,8.3650,-2789.0001,-686.7206,413.9858,1074.6180,0.0000,0.0000
15.4000,27.0260,8.3200,-2595.1943,-668.2721,414.9410,1050.9480,0.0000,0.0000
15.4167,27.0240,8.2750,-2400.6733,-649.7519,415.8961,1027.2780,0.0000,0.0000
15.4333,27.0221,8.2300,-2205.4424,-631.1609,416.8510,1003.6080,0.0000,0.0000
15.4500,27.0201,8.1850,-2009.5087,-612.4996,417.8057,979.9380,0.0000,0.0000
15.4667,27.0181,8.1400,-1812.8806,-593.7690,418.7603,956.2680,0.0000,0.0000
15.4833,27.0162,8.0950,-1615.5686,-574.9701,419.7148,932.5980,0.0000,0.0000
15.5000,27.0142,8.0500,-1417.5839,-556.1043,420.6690,908.9280,0.0000,0.0000
15.5167,27.0122,8.0050,-1218.9387,-537.1726,421.6232,885.2580,0.0000,0.0000
15.5333,27.0102,7.9600,-1019.6457,-518.1764,422.5772,861.5880,0.0000,0.0000
15.5500,27.0082,7.9150,-819.7179,-499.1170,423.5310,837.9180,0.0000,0.0000
15.5667,27.0062,7.8700,-619.1684,-479.9957,424.4847,814.2480,0.0000,0.0000
15.5833,27.0042,7.8250,-418.0103,-460.8139,425.4383,790.5780,0.0000,0.0000
15.6000,27.0022,7.7800,-216.2568,-441.5728,426.3918,766.9080,0.0000,0.0000
15.6167,27.0001,7.7350,-13.9208,-422.2737,427.3451,743.2380,0.0000,0.0000
15.6333,26.9924,7.6900,0.0000,-405.7218,428.1712,719.5680,0.0000,0.0000
15.6500,26.9789,7.6450,0.0000,-391.7812,428.8708,695.8980,0.0000,0.0000
15.6667,26.9609,7.6000,0.0000,-379.8364,429.4684,672.2280,0.0000,0.0000
15.6833,26.9388,7.5550,0.0000,-369.5255,429.9781,648.5580,0.0000,0.0000
15.7000,26.9134,7.5100,0.0000,-360.5566,430.4115,624.8880,0.0000,0.0000
15.7167,26.8849,7.4650,0.0000,-352.6927,430.7780,601.2180,0.0000,0.0000
15.7333,26.8538,7.4200,0.0000,-345.7404,431.0856,577.5480,0.0000,0.0000
15.7500,26.8203,7.3750,0.0000,-339.5409,431.3407,553.8780,0.0000,0.0000
15.7667,26.7847,7.3300,0.0000,-333.9638,431.5489,530.2080,0.0000,0.0000
15.7833,26.7471,7.2850,0.0000,-328.9017,431.7147,506.5380,0.0000,0.0000
15.8000,26.7079,7.2400,0.0000,-324.2667,431.8418,482.8680,0.0000,0.0000
15.8167,26.6670,7.1950,0.0000,-319.9867,431.9335,459.1980,0.0000,0.0000
15.8333,26.6246,7.1500,0.0000,-316.0023,431.9923,435.5280,0.0000,0.0000
15.8500,26.5809,7.1050,0.0000,-312.2650,432.0206,411.8580,0.0000,0.0000
15.8667,26.5359,7.0600,0.0000,-308.7345,432.0203,388.1880,0.0000,0.0000
15.8833,26.4897,7.0150,0.0000,-305.3777,431.9930,364.5180,0.0000,0.0000
15.9000,26.4423,6.9700,0.0000,-302.1671,431.9401,340.8480,0.0000,0.0000
15.9167,26.3938,6.9250,0.0000,-299.0798,431.8627,317.1780,0.0000,0.0000
15.9333,26.3443,6.8800,0.0000,-296.0968,431.7620,293.5080,0.0000,0.0000
15.9500,26.2937,6.8350,0.0000,-293.2021,431.6389,269.8380,0.0000,0.0000
15.9667,26.2422,6.7900,0.0000,-290.3823,431.4940,246.1680,0.0000,0.0000
15.9833,26.1897,6.7450,0.0000,-287.6260,431.3282,222.4980,0.0000,0.0000
16.0000,26.1363,6.7000,0.0000,-284.9239,431.1419,198.8280,0.0000,0.0000
16.0167,26.0828,6.6817,0.0000,-283.8280,430.3615,195.5142,0.0000,0.0000
16.0333,26.0293,6.6633,0.0000,-283.1057,429.5815,192.2004,0.0000,0.0000
16.0500,25.9759,6.6450,0.0000,-282.5925,428.8036,188.8866,0.0000,0.0000
16.0667,25.9226,6.6267,0.0000,-282.1874,428.0287,185.5728,0.0000,0.0000
16.0833,25.8695,6.6083,0.0000,-281.8274,427.2571,182.2590,0.0000,0.0000
16.1000,25.8165,6.5900,0.0000,-281.4738,426.4889,178.9452,0.0000,0.0000
16.1167,25.7637,6.5717,0.0000,-281.1027,425.7239,175.6314,0.0000,0.0000
16.1333,25.7110,6.5533,0.0000,-280.7002,424.9618,172.3176,0.0000,0.0000
16.1500,25.6585,6.5350,0.0000,-280.2588,424.2022,169.0038,0.0000,0.0000
16.1667,25.6060,6.5167,0.0000,-279.7751,423.4449,165.6900,0.0000,0.0000
16.1833,25.5536,6.4983,0.0000,-279.2485,422.6895,162.3762,0.0000,0.0000
16.2000,25.5013,6.4800,0.0000,-278.6802,421.9356,159.0624,0.0000,0.0000
16.2167,25.4490,6.4617,0.0000,-278.0725,421.1828,155.7486,0.0000,0.0000
16.2333,25.3968,6.4433,0.0000,-277.4282,420.4309,152.4348,0.0000,0.0000
16.2500,25.3446,6.4250,0.0000,-276.7505,419.6796,149.1210,0.0000,0.0000
16.2667,25.2924,6.4067,0.0000,-276.0429,418.9287,145.8072,0.0000,0.0000
16.2833,25.2402,6.3883,0.0000,-275.3086,418.1779,142.4934,0.0000,0.0000
16.3000,25.1880,6.3700,0.0000,-274.5507,417.4271,139.1796,0.0000,0.0000
16.3167,25.1358,6.3517,0.0000,-273.7724,416.6760,135.8658,0.0000,0.0000
16.3333,25.0836,6.3333,0.0000,-272.9764,415.9246,132.5520,0.0000,0.0000
16.3500,25.0314,6.3150,0.0000,-272.1654,415.1727,129.2382,0.0000,0.0000
16.3667,24.9791,6.2967,0.0000,-271.3416,414.4203,125.9244,0.0000,0.0000
16.3833,24.9269,6.2783,0.0000,-270.5071,413.6672,122.6106,0.0000,0.0000
16.4000,24.8745,6.2600,0.0000,-269.6640,412.9133,119.2968,0.0000,0.0000
16.4167,24.8222,6.2417,0.0000,-268.8139,412.1587,115.9830,0.0000,0.0000
16.4333,24.7698,6.2233,0.0000,-267.9582,411.4033,112.6692,0.0000,0.0000
16.4500,24.7174,6.2050,0.0000,-267.0983,410.6470,109.3554,0.0000,0.0000
16.4667,24.6649,6.1867,0.0000,-266.2354,409.8899,106.0416,0.0000,0.0000
16.4833,24.6124,6.1683,0.0000,-265.3704,409.1319,102.7278,0.0000,0.0000
16.5000,24.5599,6.1500,0.0000,-264.5042,408.3730,99.4140,0.0000,0.0000
16.5167,24.5073,6.1317,0.0000,-263.6376,407.6133,96.1002,0.0000,0.0000
16.5333,24.4547,6.1133,0.0000,-262.7712,406.8527,92.7864,0.0000,0.0000
16.5500,24.4020,6.0950,0.0000,-261.9056,406.0913,89.4726,0.0000,0.0000
16.5667,24.3493,6.0767,0.0000,-261.0411,405.3290,86.1588,0.0000,0.0000
16.5833,24.2966,6.0583,0.0000,-260.1782,404.5660,82.8450,0.0000,0.0000
16.6000,24.2438,6.0400,0.0000,-259.3172,403.8021,79.5312,0.0000,0.0000
16.6167,24.1910,6.0217,0.0000,-258.4584,403.0375,76.2174,0.0000,0.0000
16.6333,24.1382,6.0033,0.0000,-257.6019,402.2722,72.9036,0.0000,0.0000
16.6500,24.0853,5.9850,0.0000,-256.7479,401.5061,69.5898,0.0000,0.0000
16.6667,24.0324,5.9667,0.0000,-255.8966,400.7394,66.2760,0.0000,0.0000
16.6833,23.9795,5.9483,0.0000,-255.0480,399.9719,62.9622,0.0000,0.0000
16.7000,23.9265,5.9300,0.0000,-254.2021,399.2039,59.6484,0.0000,0.0000
16.7167,23.8735,5.9117,0.0000,-253.3591,398.4353,56.3346,0.0000,0.0000
16.7333,23.8205,5.8933,0.0000,-252.5190,397.6660,53.0208,0.0000,0.0000
16.7500,23.7675,5.8750,0.0000,-251.6817,396.8963,49.7070,0.0000,0.0000
16.7667,23.7144,5.8567,0.0000,-250.8472,396.1260,46.3932,0.0000,0.0000
16.7833,23.6613,5.8383,0.0000,-250.0155,395.3552,43.0794,0.0000,0.0000
16.8000,23.6082,5.8200,0.0000,-249.1866,394.5840,39.7656,0.0000,0.0000
16.8167,23.5551,5.8017,0.0000,-248.3605,393.8123,36.4518,0.0000,0.0000
16.8333,23.5020,5.7833,0.0000,-247.5369,393.0402,33.1380,0.0000,0.0000
16.8500,23.4488,5.7650,0.0000,-246.7160,392.2677,29.8242,0.0000,0.0000
16.8667,23.3956,5.7467,0.0000,-245.8977,391.4948,26.5104,0.0000,0.0000
16.8833,23.3424,5.7283,0.0000,-245.0818,390.7216,23.1966,0.0000,0.0000
16.9000,23.2892,5.7100,0.0000,-244.2683,389.9481,19.8828,0.0000,0.0000
16.9167,23.2360,5.6917,0.0000,-243.4572,389.1742,16.5690,0.0000,0.0000
16.9333,23.1828,5.6733,0.0000,-242.6483,388.4001,13.2552,0.0000,0.0000
16.9500,23.1296,5.6550,0.0000,-241.8417,387.6257,9.9414,0.0000,0.0000
16.9667,23.0763,5.6367,0.0000,-241.0371,386.8511,6.6276,0.0000,0.0000
16.9833,23.0230,5.6183,0.0000,-240.2346,386.0763,3.3138,0.0000,0.0000
17.0000,22.9698,5.6000,0.0000,-239.4341,385.3012,0.0000,0.0000,0.0000
17.0167,22.9160,5.5533,0.0000,-237.9658,385.1440,0.0000,0.0000,0.0000
17.0333,22.8619,5.5067,0.0000,-236.7652,384.9783,0.0000,0.0000,0.0000
17.0500,22.8074,5.4600,0.0000,-235.7721,384.8060,0.0000,0.0000,0.0000
17.0667,22.7528,5.4133,0.0000,-234.9419,384.6283,0.0000,0.0000,0.0000
17.0833,22.6979,5.3667,0.0000,-234.2407,384.4465,0.0000,0.0000,0.0000
17.1000,22.6429,5.3200,0.0000,-233.6423,384.2612,0.0000,0.0000,0.0000
17.1167,22.5877,5.2733,0.0000,-233.1261,384.0733,0.0000,0.0000,0.0000
17.1333,22.5325,5.2267,0.0000,-232.6756,383.8833,0.0000,0.0000,0.0000
17.1500,22.4772,5.1800,0.0000,-232.2778,383.6916,0.0000,0.0000,0.0000
17.1667,22.4218,5.1333,0.0000,-231.9221,383.4985,0.0000,0.0000,0.0000
17.1833,22.3664,5.0867,0.0000,-231.6001,383.3045,0.0000,0.0000,0.0000
17.2000,22.3110,5.0400,0.0000,-231.3050,383.1096,0.0000,0.0000,0.0000
17.2167,22.2555,4.9933,0.0000,-231.0313,382.9140,0.0000,0.0000,0.0000
17.2333,22.2000,4.9467,0.0000,-230.7745,382.7180,0.0000,0.0000,0.0000
17.2500,22.1445,4.9000,0.0000,-230.5311,382.5216,0.0000,0.0000,0.0000
17.2667,22.0889,4.8533,0.0000,-230.2981,382.3249,0.0000,0.0000,0.0000
17.2833,22.0334,4.8067,0.0000,-230.0733,382.1280,0.0000,0.0000,0.0000
17.3000,21.9778,4.7600,0.0000,-229.8548,381.9309,0.0000,0.0000,0.0000
17.3167,21.9223,4.7133,0.0000,-229.6411,381.7337,0.0000,0.0000,0.0000
17.3333,21.8667,4.6667,0.0000,-229.4310,381.5363,0.0000,0.0000,0.0000
17.3500,21.8111,4.6200,0.0000,-229.2235,381.3389,0.0000,0.0000,0.0000
17.3667,21.7556,4.5733,0.0000,-229.0180,381.1414,0.0000,0.0000,0.0000
17.3833,21.7000,4.5267,0.0000,-228.8137,380.9439,0.0000,0.0000,0.0000
17.4000,21.6444,4.4800,0.0000,-228.6103,380.7463,0.0000,0.0000,0.0000
17.4167,21.5888,4.4333,0.0000,-228.4073,380.5486,0.0000,0.0000,0.0000
17.4333,21.5333,4.3867,0.0000,-228.2045,380.3510,0.0000,0.0000,0.0000
17.4500,21.4777,4.3400,0.0000,-228.0017,380.1533,0.0000,0.0000,0.0000
17.4667,21.4221,4.2933,0.0000,-227.7987,379.9555,0.0000,0.0000,0.0000
17.4833,21.3665,4.2467,0.0000,-227.5953,379.7577,0.0000,0.0000,0.0000
17.5000,21.3109,4.2000,0.0000,-227.3917,379.5598,0.0000,0.0000,0.0000
17.5167,21.2553,4.1533,0.0000,-227.1880,379.3620,0.0000,0.0000,0.0000
17.5333,21.1998,4.1067,0.0000,-226.9845,379.1640,0.0000,0.0000,0.0000
17.5500,21.1442,4.0600,0.0000,-226.7815,378.9660,0.0000,0.0000,0.0000
17.5667,21.0886,4.0133,0.0000,-226.5792,378.7680,0.0000,0.0000,0.0000
17.5833,21.0330,3.9667,0.0000,-226.3779,378.5700,0.0000,0.0000,0.0000
17.6000,20.9774,3.9200,0.0000,-226.1776,378.3719,0.0000,0.0000,0.0000
17.6167,20.9218,3.8733,0.0000,-225.9782,378.1738,0.0000,0.0000,0.0000
17.6333,20.8662,3.8267,0.0000,-225.7795,377.9758,0.0000,0.0000,0.0000
17.6500,20.8106,3.7800,0.0000,-225.5816,377.7777,0.0000,0.0000,0.0000
17.6667,20.7550,3.7333,0.0000,-225.3841,377.5796,0.0000,0.0000,0.0000
17.6833,20.6994,3.6867,0.0000,-225.1867,377.3816,0.0000,0.0000,0.0000
17.7000,20.6438,3.6400,0.0000,-224.9894,377.1835,0.0000,0.0000,0.0000
17.7167,20.5882,3.5933,0.0000,-224.7918,376.9854,0.0000,0.0000,0.0000
17.7333,20.5326,3.5467,0.0000,-224.5937,376.7874,0.0000,0.0000,0.0000
17.7500,20.4770,3.5000,0.0000,-224.3947,376.5893,0.0000,0.0000,0.0000
17.7667,20.4214,3.4533,0.0000,-224.1947,376.3913,0.0000,0.0000,0.0000
17.7833,20.3658,3.4067,0.0000,-223.9932,376.1932,0.0000,0.0000,0.0000
17.8000,20.3102,3.3600,0.0000,-223.7899,375.9950,0.0000,0.0000,0.0000
17.8167,20.2546,3.3133,0.0000,-223.5844,375.7968,0.0000,0.0000,0.0000
17.8333,20.1990,3.2667,0.0000,-223.3764,375.5985,0.0000,0.0000,0.0000
17.8500,20.1434,3.2200,0.0000,-223.1652,375.4001,0.0000,0.0000,0.0000
17.8667,20.0878,3.1733,0.0000,-222.9503,375.2016,0.0000,0.0000,0.0000
17.8833,20.0322,3.1267,0.0000,-222.7308,375.0029,0.0000,0.0000,0.0000
17.9000,19.9940,3.0800,599.9397,-215.7272,375.1914,0.0000,0.0000,0.0000
17.9167,19.9849,3.0333,1506.7168,-197.6671,376.0255,0.0000,0.0000,0.0000
17.9333,19.9812,2.9867,1875.0410,-177.9917,376.9789,0.0000,0.0000,0.0000
17.9500,19.9788,2.9400,2119.2841,-158.2897,377.9599,0.0000,0.0000,0.0000
17.9667,19.9767,2.8933,2332.6255,-138.8815,378.9478,0.0000,0.0000,0.0000
17.9833,19.9746,2.8467,2536.2128,-119.8142,379.9378,0.0000,0.0000,0.0000
18.0000,19.9727,2.8000,2734.9914,-101.0795,380.9289,0.0000,0.0000,0.0000
18.0167,19.9709,2.7900,2914.3429,-83.9176,381.1109,0.0000,0.0000,0.0000
18.0333,19.9691,2.7800,3087.0023,-67.0430,381.2944,0.0000,0.0000,0.0000
18.0500,19.9674,2.7700,3255.9312,-50.4530,381.4788,0.0000,0.0000,0.0000
18.0667,19.9658,2.7600,3421.8885,-34.1377,381.6638,0.0000,0.0000,0.0000
18.0833,19.9641,2.7500,3585.1278,-18.0869,381.8494,0.0000,0.0000,0.0000
18.1000,19.9625,2.7400,3745.7805,-2.2912,382.0356,0.0000,0.0000,0.0000
18.1167,19.9610,2.7300,3903.9428,13.2580,382.2223,0.0000,0.0000,0.0000
18.1333,19.9594,2.7200,4059.6970,28.5685,382.4096,0.0000,0.0000,0.0000
18.1500,19.9579,2.7100,4213.1174,43.6476,382.5974,0.0000,0.0000,0.0000
18.1667,19.9564,2.7000,4364.2723,58.5017,382.7857,0.0000,0.0000,0.0000
18.1833,19.9549,2.6900,4513.2249,73.1372,382.9745,0.0000,0.0000,0.0000
18.2000,19.9534,2.6800,4660.0344,87.5598,383.1637,0.0000,0.0000,0.0000
18.2167,19.9520,2.6700,4804.7564,101.7750,383.3535,0.0000,0.0000,0.0000
18.2333,19.9505,2.6600,4947.4433,115.7879,383.5436,0.0000,0.0000,0.0000
18.2500,19.9491,2.6500,5088.1449,129.6035,383.7342,0.0000,0.0000,0.0000
18.2667,19.9477,2.6400,5226.9085,143.2263,383.9253,0.0000,0.0000,0.0000
18.2833,19.9464,2.6300,5363.7793,156.6610,384.1167,0.0000,0.0000,0.0000
18.3000,19.9450,2.6200,5498.8006,169.9116,384.3086,0.0000,0.0000,0.0000
18.3167,19.9437,2.6100,5632.0139,182.9824,384.5009,0.0000,0.0000,0.0000
18.3333,19.9424,2.6000,5763.4591,195.8773,384.6936,0.0000,0.0000,0.0000
18.3500,19.9411,2.5900,5893.1746,208.6000,384.8866,0.0000,0.0000,0.0000
18.3667,19.9398,2.5800,6021.1978,221.1544,385.0800,0.0000,0.0000,0.0000
18.3833,19.9385,2.5700,6147.5643,233.5438,385.2738,0.0000,0.0000,0.0000
18.4000,19.9373,2.5600,6272.3091,245.7719,385.4680,0.0000,0.0000,0.0000
18.4167,19.9360,2.5500,6395.4658,257.8419,385.6625,0.0000,0.0000,0.0000
18.4333,19.9348,2.5400,6517.0670,269.7570,385.8573,0.0000,0.0000,0.0000
18.4500,19.9336,2.5300,6637.1443,281.5205,386.0525,0.0000,0.0000,0.0000
18.4667,19.9324,2.5200,6755.7287,293.1353,386.2480,0.0000,0.0000,0.0000
18.4833,19.9313,2.5100,6872.8498,304.6044,386.4439,0.0000,0.0000,0.0000
18.5000,19.9301,2.5000,6988.5369,315.9307,386.6400,0.0000,0.0000,0.0000
18.5167,19.9290,2.4900,7102.8182,327.1171,386.8365,0.0000,0.0000,0.0000
18.5333,19.9278,2.4800,7215.7211,338.1662,387.0333,0.0000,0.0000,0.0000
18.5500,19.9267,2.4700,7327.2725,349.0807,387.2304,0.0000,0.0000,0.0000
18.5667,19.9256,2.4600,7437.4983,359.8632,387.4277,0.0000,0.0000,0.0000
18.5833,19.9245,2.4500,7546.4239,370.5162,387.6254,0.0000,0.0000,0.0000
18.6000,19.9235,2.4400,7654.0741,381.0422,387.8233,0.0000,0.0000,0.0000
18.6167,19.9224,2.4300,7760.4728,391.4435,388.0216,0.0000,0.0000,0.0000
18.6333,19.9213,2.4200,7865.6436,401.7225,388.2201,0.0000,0.0000,0.0000
18.6500,19.9203,2.4100,7969.6092,411.8815,388.4188,0.0000,0.0000,0.0000
18.6667,19.9193,2.4000,8072.3919,421.9226,388.6178,0.0000,0.0000,0.0000
18.6833,19.9183,2.3900,8174.0133,431.8481,388.8171,0.0000,0.0000,0.0000
18.7000,19.9173,2.3800,8274.4947,441.6599,389.0167,0.0000,0.0000,0.0000
18.7167,19.9163,2.3700,8373.8565,451.3602,389.2164,0.0000,0.0000,0.0000
18.7333,19.9153,2.3600,8472.1190,460.9510,389.4165,0.0000,0.0000,0.0000
18.7500,19.9143,2.3500,8569.3016,470.4342,389.6167,0.0000,0.0000,0.0000
18.7667,19.9133,2.3400,8665.4235,479.8118,389.8172,0.0000,0.0000,0.0000
18.7833,19.9124,2.3300,8760.5033,489.0854,390.0180,0.0000,0.0000,0.0000
18.8000,19.9115,2.3200,8854.5591,498.2571,390.2189,0.0000,0.0000,0.0000
18.8167,19.9105,2.3100,8947.6087,507.3284,390.4201,0.0000,0.0000,0.0000
18.8333,19.9096,2.3000,9039.6694,516.3012,390.6215,0.0000,0.0000,0.0000
18.8500,19.9087,2.2900,9130.7580,525.1771,390.8231,0.0000,0.0000,0.0000
18.8667,19.9078,2.2800,9220.8910,533.9578,391.0250,0.0000,0.0000,0.0000
18.8833,19.9069,2.2700,9310.0844,542.6448,391.2270,0.0000,0.0000,0.0000
18.9000,19.9060,2.2600,9398.3539,551.2398,391.4292,0.0000,0.0000,0.0000
18.9167,19.9051,2.2500,9485.7148,559.7441,391.6317,0.0000,0.0000,0.0000
18.9333,19.9043,2.2400,9572.1821,568.1594,391.8343,0.0000,0.0000,0.0000
18.9500,19.9034,2.2300,9657.7703,576.4871,392.0372,0.0000,0.0000,0.0000
18.9667,19.9026,2.2200,9742.4936,584.7285,392.2402,0.0000,0.0000,0.0000
18.9833,19.9017,2.2100,9826.3660,592.8851,392.4434,0.0000,0.0000,0.0000
19.0000,19.9009,2.2000,9909.4011,600.9582,392.6468,0.0000,0.0000,0.0000
19.0167,19.9001,2.1917,9990.8907,608.8922,392.8136,0.0000,0.0000,0.0000
19.0333,19.8993,2.1833,10071.4066,616.7457,392.9806,0.0000,0.0000,0.0000
19.0500,19.8985,2.1750,10151.0856,624.5196,393.1478,0.0000,0.0000,0.0000
19.0667,19.8977,2.1667,10229.9663,632.2146,393.3151,0.0000,0.0000,0.0000
19.0833,19.8969,2.1583,10308.0653,639.8318,393.4826,0.0000,0.0000,0.0000
19.1000,19.8961,2.1500,10385.3933,647.3720,393.6503,0.0000,0.0000,0.0000
19.1167,19.8954,2.1417,10461.9594,654.8362,393.8182,0.0000,0.0000,0.0000
19.1333,19.8946,2.1333,10537.7724,662.2252,393.9862,0.0000,0.0000,0.0000
19.1500,19.8939,2.1250,10612.8402,669.5398,394.1544,0.0000,0.0000,0.0000
19.1667,19.8931,2.1167,10687.1710,676.7807,394.3228,0.0000,0.0000,0.0000
19.1833,19.8925,2.1083,10752.8182,683.5336,394.4931,0.0000,0.0000,0.0000
19.2000,19.8918,2.1000,10820.4899,690.2082,394.6629,0.0000,0.0000,0.0000
19.2167,19.8911,2.0917,10888.2438,696.8152,394.8328,0.0000,0.0000,0.0000
19.2333,19.8904,2.0833,10955.5615,703.3583,395.0027,0.0000,0.0000,0.0000
19.2500,19.8898,2.0750,11022.3091,709.8390,395.1727,0.0000,0.0000,0.0000
19.2667,19.8891,2.0667,11088.4567,716.2584,395.3429,0.0000,0.0000,0.0000
19.2833,19.8885,2.0583,11154.0018,722.6174,395.5132,0.0000,0.0000,0.0000
19.3000,19.8878,2.0500,11218.9492,728.9167,395.6837,0.0000,0.0000,0.0000
19.3167,19.8872,2.0417,11283.3053,735.1570,395.8542,0.0000,0.0000,0.0000
19.3333,19.8865,2.0333,11347.0769,741.3390,396.0249,0.0000,0.0000,0.0000
19.3500,19.8859,2.0250,11410.2707,747.4633,396.1958,0.0000,0.0000,0.0000
19.3667,19.8853,2.0167,11472.8932,753.5307,396.3667,0.0000,0.0000,0.0000
19.3833,19.8847,2.0083,11534.9510,759.5418,396.5378,0.0000,0.0000,0.0000
19.4000,19.8840,2.0000,11596.4506,765.4972,396.7090,0.0000,0.0000,0.0000
19.4167,19.8834,1.9917,11657.3982,771.3975,396.8804,0.0000,0.0000,0.0000
19.4333,19.8828,1.9833,11717.8001,777.2434,397.0518,0.0000,0.0000,0.0000
19.4500,19.8822,1.9750,11777.6626,783.0355,397.2234,0.0000,0.0000,0.0000
19.4667,19.8816,1.9667,11836.9917,788.7744,397.3951,0.0000,0.0000,0.0000
19.4833,19.8810,1.9583,11895.7935,794.4607,397.5669,0.0000,0.0000,0.0000
19.5000,19.8805,1.9500,11954.0741,800.0951,397.7388,0.0000,0.0000,0.0000
19.5167,19.8798,1.9417,12018.6372,806.0189,397.9094,0.0000,0.0000,0.0000
19.5333,19.8792,1.9333,12080.1026,811.8999,398.0806,0.0000,0.0000,0.0000
19.5500,19.8787,1.9250,12133.9825,817.3950,398.2535,0.0000,0.0000,0.0000
19.5667,19.8781,1.9167,12189.4701,822.8328,398.4260,0.0000,0.0000,0.0000
19.5833,19.8775,1.9083,12245.0590,828.2218,398.5985,0.0000,0.0000,0.0000
19.6000,19.8770,1.9000,12300.3500,833.5655,398.7711,0.0000,0.0000,0.0000
19.6167,19.8764,1.8917,12355.2421,838.8652,398.9438,0.0000,0.0000,0.0000
19.6333,19.8759,1.8833,12409.7137,844.1220,399.1166,0.0000,0.0000,0.0000
19.6500,19.8754,1.8750,12463.7632,849.3364,399.2894,0.0000,0.0000,0.0000
19.6667,19.8748,1.8667,12517.3933,854.5089,399.4624,0.0000,0.0000,0.0000
19.6833,19.8743,1.8583,12570.6076,859.6399,399.6354,0.0000,0.0000,0.0000
19.7000,19.8738,1.8500,12623.4089,864.7296,399.8086,0.0000,0.0000,0.0000
19.7167,19.8732,1.8417,12675.7999,869.7783,399.9818,0.0000,0.0000,0.0000
19.7333,19.8727,1.8333,12727.7828,874.7862,400.1551,0.0000,0.0000,0.0000
19.7500,19.8722,1.8250,12779.3599,879.7535,400.3285,0.0000,0.0000,0.0000
19.7667,19.8717,1.8167,12830.5330,884.6804,400.5020,0.0000,0.0000,0.0000
19.7833,19.8712,1.8083,12881.3044,889.5671,400.6756,0.0000,0.0000,0.0000
19.8000,19.8707,1.8000,12931.6762,894.4139,400.8493,0.0000,0.0000,0.0000
19.8167,19.8702,1.7917,12981.6504,899.2209,401.0231,0.0000,0.0000,0.0000
19.8333,19.8697,1.7833,13031.2292,903.9884,401.1969,0.0000,0.0000,0.0000
19.8500,19.8692,1.7750,13080.4152,908.7166,401.3709,0.0000,0.0000,0.0000
19.8667,19.8687,1.7667,13129.2105,913.4057,401.5449,0.0000,0.0000,0.0000
19.8833,19.8682,1.7583,13177.6177,918.0561,401.7190,0.0000,0.0000,0.0000
19.9000,19.8677,1.7500,13225.6393,922.6679,401.8932,0.0000,0.0000,0.0000
19.9167,19.8673,1.7417,13273.2781,927.2415,402.0675,0.0000,0.0000,0.0000
19.9333,19.8668,1.7333,13320.5366,931.7771,402.2419,0.0000,0.0000,0.0000
19.9500,19.8663,1.7250,13367.4176,936.2749,402.4163,0.0000,0.0000,0.0000
19.9667,19.8659,1.7167,13413.9240,940.7354,402.5909,0.0000,0.0000,0.0000
19.9833,19.8654,1.7083,13460.0586,945.1586,402.7655,0.0000,0.0000,0.0000
20.0000,19.8649,1.7000,13505.8244,949.5451,402.9402,0.0000,0.0000,0.0000
20.0167,19.8644,1.6817,13555.2809,954.2383,403.3359,0.0000,0.0000,0.0000
20.0333,19.8639,1.6633,13605.4843,958.8914,403.7314,0.0000,0.0000,0.0000
20.0500,19.8634,1.6450,13655.6359,963.5080,404.1270,0.0000,0.0000,0.0000
20.0667,19.8629,1.6267,13705.5217,968.0896,404.5226,0.0000,0.0000,0.0000
20.0833,19.8624,1.6083,13755.0874,972.6370,404.9183,0.0000,0.0000,0.0000
20.1000,19.8620,1.5900,13804.3229,977.1510,405.3140,0.0000,0.0000,0.0000
20.1167,19.8615,1.5717,13853.2302,981.6322,405.7099,0.0000,0.0000,0.0000
20.1333,19.8610,1.5533,13901.8153,986.0813,406.1058,0.0000,0.0000,0.0000
20.1500,19.8605,1.5350,13950.0848,990.4991,406.5017,0.0000,0.0000,0.0000
20.1667,19.8600,1.5167,13998.0458,994.8862,406.8978,0.0000,0.0000,0.0000
20.1833,19.8595,1.4983,14045.7054,999.2435,407.2939,0.0000,0.0000,0.0000
20.2000,19.8591,1.4800,14093.0708,1003.5715,407.6900,0.0000,0.0000,0.0000
20.2167,19.8586,1.4617,14140.1488,1007.8711,408.0863,0.0000,0.0000,0.0000
20.2333,19.8581,1.4433,14186.9462,1012.1428,408.4826,0.0000,0.0000,0.0000
20.2500,19.8577,1.4250,14233.4695,1016.3873,408.8789,0.0000,0.0000,0.0000
20.2667,19.8572,1.4067,14279.7250,1020.6052,409.2753,0.0000,0.0000,0.0000
20.2833,19.8567,1.3883,14325.7189,1024.7972,409.6718,0.0000,0.0000,0.0000
20.3000,19.8563,1.3700,14371.4570,1028.9638,410.0683,0.0000,0.0000,0.0000
20.3167,19.8558,1.3517,14416.9450,1033.1055,410.4649,0.0000,0.0000,0.0000
20.3333,19.8554,1.3333,14462.1884,1037.2230,410.8616,0.0000,0.0000,0.0000
20.3500,19.8549,1.3150,14507.1925,1041.3167,411.2582,0.0000,0.0000,0.0000
20.3667,19.8545,1.2967,14551.9622,1045.3871,411.6550,0.0000,0.0000,0.0000
20.3833,19.8540,1.2783,14596.5025,1049.4348,412.0518,0.0000,0.0000,0.0000
20.4000,19.8536,1.2600,14640.8180,1053.4601,412.4486,0.0000,0.0000,0.0000
20.4167,19.8532,1.2417,14684.9132,1057.4635,412.8455,0.0000,0.0000,0.0000
20.4333,19.8527,1.2233,14728.7925,1061.4454,413.2425,0.0000,0.0000,0.0000
20.4500,19.8523,1.2050,14772.4599,1065.4063,413.6395,0.0000,0.0000,0.0000
20.4667,19.8518,1.1867,14815.9194,1069.3465,414.0365,0.0000,0.0000,0.0000
20.4833,19.8514,1.1683,14859.1750,1073.2665,414.4336,0.0000,0.0000,0.0000
20.5000,19.8510,1.1500,14902.2302,1077.1665,414.8307,0.0000,0.0000,0.0000
20.5167,19.8505,1.1317,14945.0885,1081.0469,415.2279,0.0000,0.0000,0.0000
20.5333,19.8501,1.1133,14987.7535,1084.9081,415.6251,0.0000,0.0000,0.0000
20.5500,19.8497,1.0950,15030.2283,1088.7504,416.0223,0.0000,0.0000,0.0000
20.5667,19.8493,1.0767,15072.5161,1092.5740,416.4196,0.0000,0.0000,0.0000
20.5833,19.8489,1.0583,15114.6199,1096.3794,416.8170,0.0000,0.0000,0.0000
20.6000,19.8484,1.0400,15156.5427,1100.1667,417.2143,0.0000,0.0000,0.0000
20.6167,19.8480,1.0217,15198.2871,1103.9363,417.6118,0.0000,0.0000,0.0000
20.6333,19.8476,1.0033,15239.8561,1107.6884,418.0092,0.0000,0.0000,0.0000
20.6500,19.8472,0.9850,15281.2520,1111.4232,418.4067,0.0000,0.0000,0.0000
20.6667,19.8468,0.9667,15322.4775,1115.1411,418.8042,0.0000,0.0000,0.0000
20.6833,19.8464,0.9483,15363.5349,1118.8422,419.2018,0.0000,0.0000,0.0000
20.7000,19.8460,0.9300,15404.4266,1122.5269,419.5994,0.0000,0.0000,0.0000
20.7167,19.8455,0.9117,15445.1548,1126.1952,419.9970,0.0000,0.0000,0.0000
20.7333,19.8451,0.8933,15485.7217,1129.8475,420.3947,0.0000,0.0000,0.0000
20.7500,19.8447,0.8750,15526.1294,1133.4839,420.7924,0.0000,0.0000,0.0000
20.7667,19.8443,0.8567,15566.3799,1137.1046,421.1902,0.0000,0.0000,0.0000
20.7833,19.8439,0.8383,15606.4752,1140.7098,421.5880,0.0000,0.0000,0.0000
20.8000,19.8435,0.8200,15646.4171,1144.2998,421.9858,0.0000,0.0000,0.0000
20.8167,19.8431,0.8017,15686.2076,1147.8746,422.3836,0.0000,0.0000,0.0000
20.8333,19.8427,0.7833,15725.8483,1151.4346,422.7815,0.0000,0.0000,0.0000
20.8500,19.8423,0.7650,15765.3410,1154.9797,423.1794,0.0000,0.0000,0.0000
20.8667,19.8420,0.7467,15804.6873,1158.5103,423.5774,0.0000,0.0000,0.0000
20.8833,19.8416,0.7283,15843.8890,1162.0264,423.9754,0.0000,0.0000,0.0000
20.9000,19.8412,0.7100,15882.9474,1165.5283,424.3734,0.0000,0.0000,0.0000
20.9167,19.8408,0.6917,15921.8642,1169.0160,424.7714,0.0000,0.0000,0.0000
20.9333,19.8404,0.6733,15960.6409,1172.4897,425.1695,0.0000,0.0000,0.0000
20.9500,19.8400,0.6550,15999.2788,1175.9496,425.5676,0.0000,0.0000,0.0000
20.9667,19.8396,0.6367,16037.7795,1179.3958,425.9657,0.0000,0.0000,0.0000
20.9833,19.8392,0.6183,16076.1441,1182.8284,426.3639,0.0000,0.0000,0.0000
21.0000,19.8389,0.6000,16114.3741,1186.2475,426.7621,0.0000,0.0000,0.0000
21.0167,19.8385,0.5900,16149.0887,1189.3670,426.9762,0.0000,0.0000,0.0000
21.0333,19.8382,0.5800,16182.7470,1192.4768,427.1906,0.0000,0.0000,0.0000
21.0500,19.8378,0.5700,16216.0215,1195.5745,427.4050,0.0000,0.0000,0.0000
21.0667,19.8375,0.5600,16249.0986,1198.6596,427.6195,0.0000,0.0000,0.0000
21.0833,19.8372,0.5500,16282.0324,1201.7326,427.8340,0.0000,0.0000,0.0000
21.1000,19.8369,0.5400,16314.8413,1204.7937,428.0486,0.0000,0.0000,0.0000
21.1167,19.8365,0.5300,16347.5340,1207.8435,428.2631,0.0000,0.0000,0.0000
21.1333,19.8362,0.5200,16380.1167,1210.8826,428.4777,0.0000,0.0000,0.0000
21.1500,19.8359,0.5100,16412.5945,1213.9114,428.6923,0.0000,0.0000,0.0000
21.1667,19.8356,0.5000,16444.9723,1216.9303,428.9070,0.0000,0.0000,0.0000
21.1833,19.8352,0.4900,16477.2545,1219.9399,429.1216,0.0000,0.0000,0.0000
21.2000,19.8349,0.4800,16509.4451,1222.9404,429.3363,0.0000,0.0000,0.0000
21.2167,19.8346,0.4700,16541.5479,1225.9323,429.5510,0.0000,0.0000,0.0000
21.2333,19.8343,0.4600,16573.5661,1228.9159,429.7657,0.0000,0.0000,0.0000
21.2500,19.8339,0.4500,16605.5025,1231.8914,429.9805,0.0000,0.0000,0.0000
21.2667,19.8336,0.4400,16637.3596,1234.8590,430.1952,0.0000,0.0000,0.0000
21.2833,19.8333,0.4300,16669.1394,1237.8190,430.4100,0.0000,0.0000,0.0000
21.3000,19.8330,0.4200,16700.8437,1240.7715,430.6248,0.0000,0.0000,0.0000
21.3167,19.8327,0.4100,16732.4739,1243.7166,430.8396,0.0000,0.0000,0.0000
21.3333,19.8324,0.4000,16764.0309,1246.6544,431.0544,0.0000,0.0000,0.0000
21.3500,19.8320,0.3900,16795.5155,1249.5850,431.2693,0.0000,0.0000,0.0000
21.3667,19.8317,0.3800,16826.9284,1252.5084,431.4841,0.0000,0.0000,0.0000
21.3833,19.8314,0.3700,16858.2696,1255.4247,431.6990,0.0000,0.0000,0.0000
21.4000,19.8311,0.3600,16889.5393,1258.3337,431.9139,0.0000,0.0000,0.0000
21.4167,19.8308,0.3500,16920.7373,1261.2356,432.1288,0.0000,0.0000,0.0000
21.4333,19.8305,0.3400,16951.8631,1264.1303,432.3437,0.0000,0.0000,0.0000
21.4500,19.8302,0.3300,16982.9165,1267.0176,432.5586,0.0000,0.0000,0.0000
21.4667,19.8299,0.3200,17013.8966,1269.8976,432.7736,0.0000,0.0000,0.0000
21.4833,19.8296,0.3100,17044.8026,1272.7702,432.9886,0.0000,0.0000,0.0000
21.5000,19.8292,0.3000,17075.6338,1275.6352,433.2035,0.0000,0.0000,0.0000
21.5167,19.8289,0.2900,17106.3891,1278.4925,433.4185,0.0000,0.0000,0.0000
21.5333,19.8286,0.2800,17137.0674,1281.3421,433.6336,0.0000,0.0000,0.0000
21.5500,19.8283,0.2700,17167.6676,1284.1838,433.8486,0.0000,0.0000,0.0000
21.5667,19.8280,0.2600,17198.1884,1287.0175,434.0636,0.0000,0.0000,0.0000
21.5833,19.8277,0.2500,17228.6288,1289.8431,434.2787,0.0000,0.0000,0.0000
21.6000,19.8274,0.2400,17258.9872,1292.6604,434.4938,0.0000,0.0000,0.0000
21.6167,19.8271,0.2300,17289.2625,1295.4694,434.7089,0.0000,0.0000,0.0000
21.6333,19.8268,0.2200,17319.4533,1298.2698,434.9240,0.0000,0.0000,0.0000
21.6500,19.8265,0.2100,17349.5582,1301.0615,435.1392,0.0000,0.0000,0.0000
21.6667,19.8262,0.2000,17379.5759,1303.8445,435.3544,0.0000,0.0000,0.0000
21.6833,19.8259,0.1900,17409.5050,1306.6185,435.5695,0.0000,0.0000,0.0000
21.7000,19.8256,0.1800,17439.3442,1309.3835,435.7847,0.0000,0.0000,0.0000
21.7167,19.8253,0.1700,17469.0923,1312.1392,436.0000,0.0000,0.0000,0.0000
21.7333,19.8250,0.1600,17498.7477,1314.8856,436.2152,0.0000,0.0000,0.0000
21.7500,19.8247,0.1500,17528.3094,1317.6226,436.4305,0.0000,0.0000,0.0000
21.7667,19.8244,0.1400,17557.7759,1320.3500,436.6458,0.0000,0.0000,0.0000
21.7833,19.8241,0.1300,17587.1462,1323.0677,436.8611,0.0000,0.0000,0.0000
21.8000,19.8238,0.1200,17616.4189,1325.7755,437.0764,0.0000,0.0000,0.0000
21.8167,19.8235,0.1100,17645.5930,1328.4735,437.2917,0.0000,0.0000,0.0000
21.8333,19.8233,0.1000,17674.6673,1331.1613,437.5071,0.0000,0.0000,0.0000
21.8500,19.8230,0.0900,17703.6408,1333.8391,437.7225,0.0000,0.0000,0.0000
21.8667,19.8227,0.0800,17732.5124,1336.5065,437.9379,0.0000,0.0000,0.0000
21.8833,19.8224,0.0700,17761.2811,1339.1637,438.1534,0.0000,0.0000,0.0000
21.9000,19.8221,0.0600,17789.9460,1341.8103,438.3688,0.0000,0.0000,0.0000
21.9167,19.8218,0.0500,17818.5062,1344.4465,438.5843,0.0000,0.0000,0.0000
21.9333,19.8215,0.0400,17846.9609,1347.0720,438.7998,0.0000,0.0000,0.0000
21.9500,19.8212,0.0300,17875.3093,1349.6869,439.0154,0.0000,0.0000,0.0000
21.9667,19.8210,0.0200,17903.5505,1352.2910,439.2309,0.0000,0.0000,0.0000
21.9833,19.8207,0.0100,17931.6840,1354.8842,439.4465,0.0000,0.0000,0.0000
22.0000,19.8204,0.0000,17959.7091,1357.4666,439.6621,0.0000,0.0000,0.0000
22.0167,19.8198,-0.0733,18018.1810,1362.3525,441.2759,0.0000,0.0000,0.0000
22.0333,19.8192,-0.1467,18081.4577,1367.2119,442.8885,0.0000,0.0000,0.0000
22.0500,19.8185,-0.2200,18145.7552,1372.0597,444.5010,0.0000,0.0000,0.0000
22.0667,19.8179,-0.2933,18210.2318,1376.9002,446.1134,0.0000,0.0000,0.0000
22.0833,19.8173,-0.3667,18274.7094,1381.7355,447.7258,0.0000,0.0000,0.0000
22.1000,19.8166,-0.4400,18339.1619,1386.5675,449.3382,0.0000,0.0000,0.0000
22.1167,19.8160,-0.5133,18403.5989,1391.3983,450.9506,0.0000,0.0000,0.0000
22.1333,19.8153,-0.5867,18468.0391,1396.2300,452.5630,0.0000,0.0000,0.0000
22.1500,19.8147,-0.6600,18532.5032,1401.0648,454.1754,0.0000,0.0000,0.0000
22.1667,19.8140,-0.7333,18597.0122,1405.9048,455.7878,0.0000,0.0000,0.0000
22.1833,19.8134,-0.8067,18661.5864,1410.7519,457.4002,0.0000,0.0000,0.0000
22.2000,19.8127,-0.8800,18726.2451,1415.6082,459.0125,0.0000,0.0000,0.0000
22.2167,19.8121,-0.9533,18791.0064,1420.4753,460.6248,0.0000,0.0000,0.0000
22.2333,19.8114,-1.0267,18855.8872,1425.3549,462.2372,0.0000,0.0000,0.0000
22.2500,19.8108,-1.1000,18920.9028,1430.2485,463.8494,0.0000,0.0000,0.0000
22.2667,19.8101,-1.1733,18986.0674,1435.1576,465.4617,0.0000,0.0000,0.0000
22.2833,19.8095,-1.2467,19051.3937,1440.0832,467.0739,0.0000,0.0000,0.0000
22.3000,19.8088,-1.3200,19116.8931,1445.0265,468.6861,0.0000,0.0000,0.0000
22.3167,19.8082,-1.3933,19182.5760,1449.9886,470.2982,0.0000,0.0000,0.0000
22.3333,19.8075,-1.4667,19248.4512,1454.9703,471.9103,0.0000,0.0000,0.0000
22.3500,19.8069,-1.5400,19314.5269,1459.9722,473.5223,0.0000,0.0000,0.0000
22.3667,19.8062,-1.6133,19380.8100,1464.9952,475.1343,0.0000,0.0000,0.0000
22.3833,19.8055,-1.6867,19447.3063,1470.0398,476.7463,0.0000,0.0000,0.0000
22.4000,19.8049,-1.7600,19514.0209,1475.1064,478.3582,0.0000,0.0000,0.0000
22.4167,19.8042,-1.8333,19580.9580,1480.1954,479.9700,0.0000,0.0000,0.0000
22.4333,19.8035,-1.9067,19648.1210,1485.3072,481.5818,0.0000,0.0000,0.0000
22.4500,19.8028,-1.9800,19715.5125,1490.4419,483.1936,0.0000,0.0000,0.0000
22.4667,19.8022,-2.0533,19783.1346,1495.5999,484.8053,0.0000,0.0000,0.0000
22.4833,19.8015,-2.1267,19850.9887,1500.7811,486.4170,0.0000,0.0000,0.0000
22.5000,19.8008,-2.2000,19919.0754,1505.9857,488.0286,0.0000,0.0000,0.0000
22.5167,19.8001,-2.2733,19987.3951,1511.2136,489.6401,0.0000,0.0000,0.0000
22.5333,19.7994,-2.3467,20055.9475,1516.4648,491.2516,0.0000,0.0000,0.0000
22.5500,19.7988,-2.4200,20124.7320,1521.7393,492.8630,0.0000,0.0000,0.0000
22.5667,19.7981,-2.4933,20193.7476,1527.0369,494.4744,0.0000,0.0000,0.0000
22.5833,19.7974,-2.5667,20262.9927,1532.3575,496.0858,0.0000,0.0000,0.0000
22.6000,19.7967,-2.6400,20332.4657,1537.7008,497.6971,0.0000,0.0000,0.0000
22.6167,19.7960,-2.7133,20402.1645,1543.0667,499.3083,0.0000,0.0000,0.0000
22.6333,19.7953,-2.7867,20472.0867,1548.4550,500.9195,0.0000,0.0000,0.0000
22.6500,19.7946,-2.8600,20542.2298,1553.8652,502.5306,0.0000,0.0000,0.0000
22.6667,19.7939,-2.9333,20612.5910,1559.2973,504.1417,0.0000,0.0000,0.0000
22.6833,19.7932,-3.0067,20683.1673,1564.7508,505.7528,0.0000,0.0000,0.0000
22.7000,19.7925,-3.0800,20753.9556,1570.2255,507.3638,0.0000,0.0000,0.0000
22.7167,19.7918,-3.1533,20824.9527,1575.7209,508.9747,0.0000,0.0000,0.0000
22.7333,19.7910,-3.2267,20896.1550,1581.2369,510.5856,0.0000,0.0000,0.0000
22.7500,19.7903,-3.3000,20967.5591,1586.7729,512.1965,0.0000,0.0000,0.0000
22.7667,19.7896,-3.3733,21039.1613,1592.3287,513.8073,0.0000,0.0000,0.0000
22.7833,19.7889,-3.4467,21110.9580,1597.9039,515.4181,0.0000,0.0000,0.0000
22.8000,19.7882,-3.5200,21182.9454,1603.4980,517.0288,0.0000,0.0000,0.0000
22.8167,19.7874,-3.5933,21255.1197,1609.1108,518.6395,0.0000,0.0000,0.0000
22.8333,19.7867,-3.6667,21327.4770,1614.7417,520.2502,0.0000,0.0000,0.0000
22.8500,19.7860,-3.7400,21400.0135,1620.3905,521.8608,0.0000,0.0000,0.0000
22.8667,19.7853,-3.8133,21472.7253,1626.0568,523.4714,0.0000,0.0000,0.0000
22.8833,19.7845,-3.8867,21545.6084,1631.7401,525.0819,0.0000,0.0000,0.0000
22.9000,19.7838,-3.9600,21618.6590,1637.4400,526.6924,0.0000,0.0000,0.0000
22.9167,19.7831,-4.0333,21691.8732,1643.1563,528.3029,0.0000,0.0000,0.0000
22.9333,19.7823,-4.1067,21765.2471,1648.8884,529.9133,0.0000,0.0000,0.0000
22.9500,19.7816,-4.1800,21838.7767,1654.6359,531.5237,0.0000,0.0000,0.0000
22.9667,19.7809,-4.2533,21912.4584,1660.3986,533.1340,0.0000,0.0000,0.0000
22.9833,19.7801,-4.3267,21986.2882,1666.1761,534.7444,0.0000,0.0000,0.0000
23.0000,19.7794,-4.4000,22060.2625,1671.9679,536.3546,0.0000,0.0000,0.0000
23.0167,19.7789,-4.4200,22111.2535,1675.9437,536.7870,0.0000,0.0000,0.0000
23.0333,19.7784,-4.4400,22157.1759,1679.9503,537.2204,0.0000,0.0000,0.0000
23.0500,19.7780,-4.4600,22202.0335,1683.9705,537.6541,0.0000,0.0000,0.0000
23.0667,19.7775,-4.4800,22246.7122,1687.9994,538.0879,0.0000,0.0000,0.0000
23.0833,19.7771,-4.5000,22291.3964,1692.0344,538.5216,0.0000,0.0000,0.0000
23.1000,19.7766,-4.5200,22336.1108,1696.0731,538.9553,0.0000,0.0000,0.0000
23.1167,19.7762,-4.5400,22380.8433,1700.1132,539.3891,0.0000,0.0000,0.0000
23.1333,19.7757,-4.5600,22425.5725,1704.1523,539.8228,0.0000,0.0000,0.0000
23.1500,19.7753,-4.5800,22470.2753,1708.1880,540.2565,0.0000,0.0000,0.0000
23.1667,19.7749,-4.6000,22514.9285,1712.2179,540.6903,0.0000,0.0000,0.0000
23.1833,19.7744,-4.6200,22559.5096,1716.2399,541.1240,0.0000,0.0000,0.0000
23.2000,19.7740,-4.6400,22599.5951,1720.0543,541.5588,0.0000,0.0000,0.0000
23.2167,19.7736,-4.6600,22641.2672,1723.8488,541.9932,0.0000,0.0000,0.0000
23.2333,19.7732,-4.6800,22683.2778,1727.6284,542.4275,0.0000,0.0000,0.0000
23.2500,19.7727,-4.7000,22725.2802,1731.3936,542.8618,0.0000,0.0000,0.0000
23.2667,19.7723,-4.7200,22767.1726,1735.1437,543.2962,0.0000,0.0000,0.0000
23.2833,19.7719,-4.7400,22808.9196,1738.8779,543.7306,0.0000,0.0000,0.0000
23.3000,19.7715,-4.7600,22850.5047,1742.5952,544.1650,0.0000,0.0000,0.0000
23.3167,19.7711,-4.7800,22891.9167,1746.2947,544.5994,0.0000,0.0000,0.0000
23.3333,19.7707,-4.8000,22933.1468,1749.9756,545.0339,0.0000,0.0000,0.0000
23.3500,19.7703,-4.8200,22974.1874,1753.6372,545.4685,0.0000,0.0000,0.0000
23.3667,19.7698,-4.8400,23015.0317,1757.2788,545.9031,0.0000,0.0000,0.0000
23.3833,19.7694,-4.8600,23055.6737,1760.8999,546.3377,0.0000,0.0000,0.0000
23.4000,19.7690,-4.8800,23096.1082,1764.5000,546.7724,0.0000,0.0000,0.0000
23.4167,19.7686,-4.9000,23136.3307,1768.0786,547.2071,0.0000,0.0000,0.0000
23.4333,19.7682,-4.9200,23176.3372,1771.6355,547.6419,0.0000,0.0000,0.0000
23.4500,19.7678,-4.9400,23216.1245,1775.1702,548.0767,0.0000,0.0000,0.0000
23.4667,19.7674,-4.9600,23255.6897,1778.6826,548.5116,0.0000,0.0000,0.0000
23.4833,19.7670,-4.9800,23295.0308,1782.1724,548.9465,0.0000,0.0000,0.0000
23.5000,19.7667,-5.0000,23334.1458,1785.6394,549.3814,0.0000,0.0000,0.0000
23.5167,19.7663,-5.0200,23373.0336,1789.0837,549.8165,0.0000,0.0000,0.0000
23.5333,19.7659,-5.0400,23411.6933,1792.5050,550.2515,0.0000,0.0000,0.0000
23.5500,19.7655,-5.0600,23450.1243,1795.9034,550.6867,0.0000,0.0000,0.0000
23.5667,19.7651,-5.0800,23488.3266,1799.2789,551.1218,0.0000,0.0000,0.0000
23.5833,19.7647,-5.1000,23526.3003,1802.6315,551.5571,0.0000,0.0000,0.0000
23.6000,19.7644,-5.1200,23564.0459,1805.9613,551.9923,0.0000,0.0000,0.0000
23.6167,19.7640,-5.1400,23601.5642,1809.2683,552.4277,0.0000,0.0000,0.0000
23.6333,19.7636,-5.1600,23638.8563,1812.5526,552.8630,0.0000,0.0000,0.0000
23.6500,19.7632,-5.1800,23675.9233,1815.8145,553.2984,0.0000,0.0000,0.0000
23.6667,19.7629,-5.2000,23712.7668,1819.0540,553.7339,0.0000,0.0000,0.0000
23.6833,19.7625,-5.2200,23749.3884,1822.2713,554.1694,0.0000,0.0000,0.0000
23.7000,19.7621,-5.2400,23785.7899,1825.4667,554.6050,0.0000,0.0000,0.0000
23.7167,19.7618,-5.2600,23821.9734,1828.6403,555.0406,0.0000,0.0000,0.0000
23.7333,19.7614,-5.2800,23857.9409,1831.7924,555.4763,0.0000,0.0000,0.0000
23.7500,19.7611,-5.3000,23893.6948,1834.9231,555.9120,0.0000,0.0000,0.0000
23.7667,19.7607,-5.3200,23929.2374,1838.0328,556.3478,0.0000,0.0000,0.0000
23.7833,19.7604,-5.3400,23964.5712,1841.1216,556.7836,0.0000,0.0000,0.0000
23.8000,19.7600,-5.3600,23999.6987,1844.1899,557.2194,0.0000,0.0000,0.0000
23.8167,19.7597,-5.3800,24034.6226,1847.2378,557.6553,0.0000,0.0000,0.0000
23.8333,19.7593,-5.4000,24069.3456,1850.2658,558.0913,0.0000,0.0000,0.0000
23.8500,19.7590,-5.4200,24103.8703,1853.2740,558.5273,0.0000,0.0000,0.0000
23.8667,19.7586,-5.4400,24138.1998,1856.2627,558.9633,0.0000,0.0000,0.0000
23.8833,19.7583,-5.4600,24172.3367,1859.2323,559.3994,0.0000,0.0000,0.0000
23.9000,19.7579,-5.4800,24206.2840,1862.1830,559.8355,0.0000,0.0000,0.0000
23.9167,19.7576,-5.5000,24240.0445,1865.1151,560.2717,0.0000,0.0000,0.0000
23.9333,19.7573,-5.5200,24273.6212,1868.0288,560.7078,0.0000,0.0000,0.0000
23.9500,19.7569,-5.5400,24307.0170,1870.9246,561.1441,0.0000,0.0000,0.0000
23.9667,19.7566,-5.5600,24340.2348,1873.8027,561.5804,0.0000,0.0000,0.0000
23.9833,19.7563,-5.5800,24373.2776,1876.6633,562.0167,0.0000,0.0000,0.0000
24.0000,19.7559,-5.6000,24406.1483,1879.5068,562.4530,0.0000,0.0000,0.0000
24.0167,19.7556,-5.6267,24441.5582,1882.5630,563.0367,0.0000,0.0000,0.0000
24.0333,19.7552,-5.6533,24477.5441,1885.6001,563.6203,0.0000,0.0000,0.0000
24.0500,19.7549,-5.6800,24513.5728,1888.6207,564.2038,0.0000,0.0000,0.0000
24.0667,19.7545,-5.7067,24549.5022,1891.6258,564.7873,0.0000,0.0000,0.0000
24.0833,19.7541,-5.7333,24585.2967,1894.6159,565.3709,0.0000,0.0000,0.0000
24.1000,19.7538,-5.7600,24620.9504,1897.5918,565.9546,0.0000,0.0000,0.0000
24.1167,19.7534,-5.7867,24656.4654,1900.5538,566.5382,0.0000,0.0000,0.0000
24.1333,19.7531,-5.8133,24691.8464,1903.5027,567.1219,0.0000,0.0000,0.0000
24.1500,19.7527,-5.8400,24727.0984,1906.4388,567.7056,0.0000,0.0000,0.0000
24.1667,19.7524,-5.8667,24762.2269,1909.3627,568.2893,0.0000,0.0000,0.0000
24.1833,19.7520,-5.8933,24797.2371,1912.2750,568.8731,0.0000,0.0000,0.0000
24.2000,19.7517,-5.9200,24832.1341,1915.1762,569.4569,0.0000,0.0000,0.0000
24.2167,19.7513,-5.9467,24866.9229,1918.0667,570.0407,0.0000,0.0000,0.0000
24.2333,19.7510,-5.9733,24901.6082,1920.9471,570.6245,0.0000,0.0000,0.0000
24.2500,19.7506,-6.0000,24936.1945,1923.8177,571.2084,0.0000,0.0000,0.0000
24.2667,19.7503,-6.0267,24970.6862,1926.6791,571.7923,0.0000,0.0000,0.0000
24.2833,19.7499,-6.0533,25005.0875,1929.5315,572.3762,0.0000,0.0000,0.0000
24.3000,19.7496,-6.0800,25039.4023,1932.3755,572.9601,0.0000,0.0000,0.0000
24.3167,19.7493,-6.1067,25073.6343,1935.2113,573.5440,0.0000,0.0000,0.0000
24.3333,19.7489,-6.1333,25107.7870,1938.0393,574.1280,0.0000,0.0000,0.0000
24.3500,19.7486,-6.1600,25141.8639,1940.8598,574.7119,0.0000,0.0000,0.0000
24.3667,19.7482,-6.1867,25175.8680,1943.6732,575.2959,0.0000,0.0000,0.0000
24.3833,19.7479,-6.2133,25209.8025,1946.4797,575.8799,0.0000,0.0000,0.0000
24.4000,19.7476,-6.2400,25243.6700,1949.2797,576.4639,0.0000,0.0000,0.0000
24.4167,19.7472,-6.2667,25277.4734,1952.0733,577.0480,0.0000,0.0000,0.0000
24.4333,19.7469,-6.2933,25311.2152,1954.8609,577.6320,0.0000,0.0000,0.0000
24.4500,19.7466,-6.3200,25344.8977,1957.6426,578.2161,0.0000,0.0000,0.0000
24.4667,19.7462,-6.3467,25378.5232,1960.4187,578.8001,0.0000,0.0000,0.0000
24.4833,19.7459,-6.3733,25412.0939,1963.1894,579.3842,0.0000,0.0000,0.0000
24.5000,19.7455,-6.4000,25445.6118,1965.9549,579.9683,0.0000,0.0000,0.0000
24.5167,19.7452,-6.4267,25479.0788,1968.7153,580.5524,0.0000,0.0000,0.0000
24.5333,19.7449,-6.4533,25512.4966,1971.4709,581.1365,0.0000,0.0000,0.0000
24.5500,19.7445,-6.4800,25545.8670,1974.2219,581.7206,0.0000,0.0000,0.0000
24.5667,19.7442,-6.5067,25579.1916,1976.9683,582.3048,0.0000,0.0000,0.0000
24.5833,19.7439,-6.5333,25612.4719,1979.7103,582.8889,0.0000,0.0000,0.0000
24.6000,19.7435,-6.5600,25645.7092,1982.4481,583.4731,0.0000,0.0000,0.0000
24.6167,19.7432,-6.5867,25678.9050,1985.1818,584.0572,0.0000,0.0000,0.0000
24.6333,19.7429,-6.6133,25712.0605,1987.9114,584.6414,0.0000,0.0000,0.0000
24.6500,19.7425,-6.6400,25745.1768,1990.6373,585.2256,0.0000,0.0000,0.0000
24.6667,19.7422,-6.6667,25778.2552,1993.3593,585.8098,0.0000,0.0000,0.0000
24.6833,19.7419,-6.6933,25811.2966,1996.0777,586.3940,0.0000,0.0000,0.0000
24.7000,19.7416,-6.7200,25844.3021,1998.7926,586.9782,0.0000,0.0000,0.0000
24.7167,19.7412,-6.7467,25877.2725,2001.5039,587.5624,0.0000,0.0000,0.0000
24.7333,19.7409,-6.7733,25910.2089,2004.2119,588.1466,0.0000,0.0000,0.0000
24.7500,19.7406,-6.8000,25943.1120,2006.9166,588.7309,0.0000,0.0000,0.0000
24.7667,19.7402,-6.8267,25975.9826,2009.6181,589.3151,0.0000,0.0000,0.0000
24.7833,19.7399,-6.8533,26008.8214,2012.3164,589.8993,0.0000,0.0000,0.0000
24.8000,19.7396,-6.8800,26041.6293,2015.0116,590.4836,0.0000,0.0000,0.0000
24.8167,19.7393,-6.9067,26074.4067,2017.7038,591.0678,0.0000,0.0000,0.0000
24.8333,19.7389,-6.9333,26107.1544,2020.3931,591.6521,0.0000,0.0000,0.0000
24.8500,19.7386,-6.9600,26139.8729,2023.0794,592.2364,0.0000,0.0000,0.0000
24.8667,19.7383,-6.9867,26172.5628,2025.7629,592.8207,0.0000,0.0000,0.0000
24.8833,19.7379,-7.0133,26205.2246,2028.4437,593.4049,0.0000,0.0000,0.0000
24.9000,19.7376,-7.0400,26237.8589,2031.1217,593.9892,0.0000,0.0000,0.0000
24.9167,19.7373,-7.0667,26270.4661,2033.7969,594.5735,0.0000,0.0000,0.0000
24.9333,19.7370,-7.0933,26303.0466,2036.4696,595.1578,0.0000,0.0000,0.0000
24.9500,19.7366,-7.1200,26335.6008,2039.1396,595.7421,0.0000,0.0000,0.0000
24.9667,19.7363,-7.1467,26368.1293,2041.8070,596.3264,0.0000,0.0000,0.0000
24.9833,19.7360,-7.1733,26400.6322,2044.4720,596.9108,0.0000,0.0000,0.0000
25.0000,19.7357,-7.2000,26433.1101,2047.1344,597.4951,0.0000,0.0000,0.0000
25.0167,19.7353,-7.2283,26466.2405,2049.8517,598.1162,0.0000,0.0000,0.0000
25.0333,19.7350,-7.2567,26499.5318,2052.5659,598.7374,0.0000,0.0000,0.0000
25.0500,19.7347,-7.2850,26532.8497,2055.2776,599.3585,0.0000,0.0000,0.0000
25.0667,19.7343,-7.3133,26566.1574,2057.9868,599.9796,0.0000,0.0000,0.0000
25.0833,19.7340,-7.3417,26599.4445,2060.6935,600.6007,0.0000,0.0000,0.0000
25.1000,19.7337,-7.3700,26632.7076,2063.3977,601.2218,0.0000,0.0000,0.0000
25.1167,19.7333,-7.3983,26665.9455,2066.0993,601.8429,0.0000,0.0000,0.0000
25.1333,19.7330,-7.4267,26699.1573,2068.7983,602.4641,0.0000,0.0000,0.0000
25.1500,19.7327,-7.4550,26732.3421,2071.4945,603.0852,0.0000,0.0000,0.0000
25.1667,19.7323,-7.4833,26765.4994,2074.1879,603.7063,0.0000,0.0000,0.0000
25.1833,19.7320,-7.5117,26798.6283,2076.8785,604.3275,0.0000,0.0000,0.0000
25.2000,19.7317,-7.5400,26831.7284,2079.5661,604.9486,0.0000,0.0000,0.0000
25.2167,19.7314,-7.5683,26864.7988,2082.2507,605.5698,0.0000,0.0000,0.0000
25.2333,19.7310,-7.5967,26897.8392,2084.9323,606.1910,0.0000,0.0000,0.0000
25.2500,19.7307,-7.6250,26930.8490,2087.6109,606.8122,0.0000,0.0000,0.0000
25.2667,19.7304,-7.6533,26963.8276,2090.2862,607.4333,0.0000,0.0000,0.0000
25.2833,19.7300,-7.6817,26996.7747,2092.9584,608.0545,0.0000,0.0000,0.0000
25.3000,19.7297,-7.7100,27029.6898,2095.6274,608.6757,0.0000,0.0000,0.0000
25.3167,19.7294,-7.7383,27062.5727,2098.2932,609.2969,0.0000,0.0000,0.0000
25.3333,19.7290,-7.7667,27095.4231,2100.9556,609.9181,0.0000,0.0000,0.0000
25.3500,19.7287,-7.7950,27128.2406,2103.6148,610.5394,0.0000,0.0000,0.0000
25.3667,19.7284,-7.8233,27161.0250,2106.2706,611.1606,0.0000,0.0000,0.0000
25.3833,19.7281,-7.8517,27193.7762,2108.9231,611.7818,0.0000,0.0000,0.0000
25.4000,19.7277,-7.8800,27226.4940,2111.5722,612.4031,0.0000,0.0000,0.0000
25.4167,19.7274,-7.9083,27259.1783,2114.2180,613.0243,0.0000,0.0000,0.0000
25.4333,19.7271,-7.9367,27291.8289,2116.8604,613.6456,0.0000,0.0000,0.0000
25.4500,19.7268,-7.9650,27324.4457,2119.4994,614.2668,0.0000,0.0000,0.0000
25.4667,19.7264,-7.9933,27357.0288,2122.1350,614.8881,0.0000,0.0000,0.0000
25.4833,19.7261,-8.0217,27389.5780,2124.7673,615.5094,0.0000,0.0000,0.0000
25.5000,19.7258,-8.0500,27422.0935,2127.3961,616.1307,0.0000,0.0000,0.0000
25.5167,19.7255,-8.0783,27454.5750,2130.0215,616.7520,0.0000,0.0000,0.0000
25.5333,19.7251,-8.1067,27487.0228,2132.6436,617.3733,0.0000,0.0000,0.0000
25.5500,19.7248,-8.1350,27519.4367,2135.2623,617.9946,0.0000,0.0000,0.0000
25.5667,19.7245,-8.1633,27551.8170,2137.8776,618.6159,0.0000,0.0000,0.0000
25.5833,19.7242,-8.1917,27584.1635,2140.4895,619.2372,0.0000,0.0000,0.0000
25.6000,19.7238,-8.2200,27616.4765,2143.0980,619.8585,0.0000,0.0000,0.0000
25.6167,19.7235,-8.2483,27648.7559,2145.7032,620.4799,0.0000,0.0000,0.0000
25.6333,19.7232,-8.2767,27681.0019,2148.3051,621.1012,0.0000,0.0000,0.0000
25.6500,19.7229,-8.3050,27713.2146,2150.9036,621.7226,0.0000,0.0000,0.0000
25.6667,19.7225,-8.3333,27745.3941,2153.4988,622.3439,0.0000,0.0000,0.0000
25.6833,19.7222,-8.3617,27777.5404,2156.0907,622.9653,0.0000,0.0000,0.0000
25.7000,19.7219,-8.3900,27809.6538,2158.6793,623.5867,0.0000,0.0000,0.0000
25.7167,19.7216,-8.4183,27841.7343,2161.2646,624.2081,0.0000,0.0000,0.0000
25.7333,19.7213,-8.4467,27873.7821,2163.8466,624.8294,0.0000,0.0000,0.0000
25.7500,19.7209,-8.4750,27905.7973,2166.4254,625.4508,0.0000,0.0000,0.0000
25.7667,19.7206,-8.5033,27937.7800,2169.0009,626.0722,0.0000,0.0000,0.0000
25.7833,19.7203,-8.5317,27969.7305,2171.5731,626.6937,0.0000,0.0000,0.0000
25.8000,19.7200,-8.5600,28001.6487,2174.1422,627.3151,0.0000,0.0000,0.0000
25.8167,19.7197,-8.5883,28033.5349,2176.7081,627.9365,0.0000,0.0000,0.0000
25.8333,19.7193,-8.6167,28065.3893,2179.2707,628.5579,0.0000,0.0000,0.0000
25.8500,19.7190,-8.6450,28097.2118,2181.8302,629.1794,0.0000,0.0000,0.0000
25.8667,19.7187,-8.6733,28129.0028,2184.3865,629.8008,0.0000,0.0000,0.0000
25.8833,19.7184,-8.7017,28160.7624,2186.9397,630.4223,0.0000,0.0000,0.0000
25.9000,19.7181,-8.7300,28192.4906,2189.4898,631.0437,0.0000,0.0000,0.0000
25.9167,19.7178,-8.7583,28224.1877,2192.0367,631.6652,0.0000,0.0000,0.0000
25.9333,19.7174,-8.7867,28255.8538,2194.5805,632.2867,0.0000,0.0000,0.0000
25.9500,19.7171,-8.8150,28287.4889,2197.1213,632.9082,0.0000,0.0000,0.0000
25.9667,19.7168,-8.8433,28319.0934,2199.6590,633.5296,0.0000,0.0000,0.0000
25.9833,19.7165,-8.8717,28350.6673,2202.1936,634.1511,0.0000,0.0000,0.0000
26.0000,19.7162,-8.9000,28382.2107,2204.7251,634.7726,0.0000,0.0000,0.0000
26.0167,19.7159,-8.9083,28405.5919,2206.5643,634.9523,0.0000,0.0000,0.0000
26.0333,19.7157,-8.9167,28426.7132,2208.4078,635.1325,0.0000,0.0000,0.0000
26.0500,19.7155,-8.9250,28447.1853,2210.2491,635.3128,0.0000,0.0000,0.0000
26.0667,19.7153,-8.9333,28467.4463,2212.0865,635.4931,0.0000,0.0000,0.0000
26.0833,19.7151,-8.9417,28487.6135,2213.9190,635.6735,0.0000,0.0000,0.0000
26.1000,19.7149,-8.9500,28507.7158,2215.7462,635.8539,0.0000,0.0000,0.0000
26.1167,19.7147,-8.9583,28527.7576,2217.5674,636.0343,0.0000,0.0000,0.0000
26.1333,19.7145,-8.9667,28547.7364,2219.3823,636.2147,0.0000,0.0000,0.0000
26.1500,19.7143,-8.9750,28567.6476,2221.1901,636.3952,0.0000,0.0000,0.0000
26.1667,19.7141,-8.9833,28587.4862,2222.9905,636.5756,0.0000,0.0000,0.0000
26.1833,19.7139,-8.9917,28607.2472,2224.7828,636.7561,0.0000,0.0000,0.0000
26.2000,19.7137,-9.0000,28626.9257,2226.5668,636.9366,0.0000,0.0000,0.0000
26.2167,19.7135,-9.0083,28646.5171,2228.3417,637.1171,0.0000,0.0000,0.0000
26.2333,19.7133,-9.0167,28666.0172,2230.1074,637.2976,0.0000,0.0000,0.0000
26.2500,19.7131,-9.0250,28685.4220,2231.8633,637.4782,0.0000,0.0000,0.0000
26.2667,19.7130,-9.0333,28704.7279,2233.6092,637.6587,0.0000,0.0000,0.0000
26.2833,19.7128,-9.0417,28723.9317,2235.3447,637.8393,0.0000,0.0000,0.0000
26.3000,19.7126,-9.0500,28743.0304,2237.0696,638.0199,0.0000,0.0000,0.0000
26.3167,19.7124,-9.0583,28762.0213,2238.7835,638.2006,0.0000,0.0000,0.0000
26.3333,19.7122,-9.0667,28780.9023,2240.4863,638.3813,0.0000,0.0000,0.0000
26.3500,19.7120,-9.0750,28799.6712,2242.1779,638.5619,0.0000,0.0000,0.0000
26.3667,19.7118,-9.0833,28818.3263,2243.8579,638.7427,0.0000,0.0000,0.0000
26.3833,19.7116,-9.0917,28836.8662,2245.5263,638.9234,0.0000,0.0000,0.0000
26.4000,19.7114,-9.1000,28855.2897,2247.1830,639.1042,0.0000,0.0000,0.0000
26.4167,19.7113,-9.1083,28873.5957,2248.8279,639.2850,0.0000,0.0000,0.0000
26.4333,19.7111,-9.1167,28891.7834,2250.4609,639.4658,0.0000,0.0000,0.0000
26.4500,19.7109,-9.1250,28909.8524,2252.0820,639.6466,0.0000,0.0000,0.0000
26.4667,19.7107,-9.1333,28927.8021,2253.6911,639.8275,0.0000,0.0000,0.0000
26.4833,19.7105,-9.1417,28945.6325,2255.2883,640.0084,0.0000,0.0000,0.0000
26.5000,19.7104,-9.1500,28963.3435,2256.8734,640.1893,0.0000,0.0000,0.0000
26.5167,19.7102,-9.1583,28980.9351,2258.4467,640.3703,0.0000,0.0000,0.0000
26.5333,19.7100,-9.1667,28998.4077,2260.0080,640.5512,0.0000,0.0000,0.0000
26.5500,19.7098,-9.1750,29015.7617,2261.5574,640.7322,0.0000,0.0000,0.0000
26.5667,19.7097,-9.1833,29032.9974,2263.0950,640.9133,0.0000,0.0000,0.0000
26.5833,19.7095,-9.1917,29050.1156,2264.6208,641.0943,0.0000,0.0000,0.0000
26.6000,19.7093,-9.2000,29067.1169,2266.1350,641.2754,0.0000,0.0000,0.0000
26.6167,19.7092,-9.2083,29084.0021,2267.6375,641.4565,0.0000,0.0000,0.0000
26.6333,19.7090,-9.2167,29100.7722,2269.1286,641.6376,0.0000,0.0000,0.0000
26.6500,19.7088,-9.2250,29117.4280,2270.6082,641.8188,0.0000,0.0000,0.0000
26.6667,19.7087,-9.2333,29133.9706,2272.0766,642.0000,0.0000,0.0000,0.0000
26.6833,19.7085,-9.2417,29150.4010,2273.5337,642.1812,0.0000,0.0000,0.0000
26.7000,19.7083,-9.2500,29166.7204,2274.9798,642.3624,0.0000,0.0000,0.0000
26.7167,19.7082,-9.2583,29182.9300,2276.4149,642.5437,0.0000,0.0000,0.0000
26.7333,19.7080,-9.2667,29199.0310,2277.8392,642.7250,0.0000,0.0000,0.0000
26.7500,19.7078,-9.2750,29215.0247,2279.2527,642.9063,0.0000,0.0000,0.0000
26.7667,19.7077,-9.2833,29230.9122,2280.6557,643.0876,0.0000,0.0000,0.0000
26.7833,19.7075,-9.2917,29246.6950,2282.0483,643.2689,0.0000,0.0000,0.0000
26.8000,19.7074,-9.3000,29262.3744,2283.4305,643.4503,0.0000,0.0000,0.0000
26.8167,19.7072,-9.3083,29277.9517,2284.8026,643.6317,0.0000,0.0000,0.0000
26.8333,19.7071,-9.3167,29293.4284,2286.1646,643.8131,0.0000,0.0000,0.0000
26.8500,19.7069,-9.3250,29308.8057,2287.5167,643.9946,0.0000,0.0000,0.0000
26.8667,19.7068,-9.3333,29324.0851,2288.8591,644.1760,0.0000,0.0000,0.0000
26.8833,19.7066,-9.3417,29339.2679,2290.1919,644.3575,0.0000,0.0000,0.0000
26.9000,19.7065,-9.3500,29354.3556,2291.5152,644.5390,0.0000,0.0000,0.0000
26.9167,19.7063,-9.3583,29369.3496,2292.8291,644.7206,0.0000,0.0000,0.0000
26.9333,19.7062,-9.3667,29384.2512,2294.1339,644.9021,0.0000,0.0000,0.0000
26.9500,19.7060,-9.3750,29399.0619,2295.4296,645.0837,0.0000,0.0000,0.0000
26.9667,19.7059,-9.3833,29413.7830,2296.7163,645.2653,0.0000,0.0000,0.0000
26.9833,19.7057,-9.3917,29428.4159,2297.9943,645.4469,0.0000,0.0000,0.0000
27.0000,19.7056,-9.4000,29442.9620,2299.2637,645.6285,0.0000,0.0000,0.0000
27.0167,19.7054,-9.4200,29462.1697,2300.9272,646.0679,0.0000,0.0000,0.0000
27.0333,19.7052,-9.4400,29482.5961,2302.5781,646.5070,0.0000,0.0000,0.0000
27.0500,19.7050,-9.4600,29503.3023,2304.2204,646.9460,0.0000,0.0000,0.0000
27.0667,19.7048,-9.4800,29524.0336,2305.8553,647.3851,0.0000,0.0000,0.0000
27.0833,19.7046,-9.5000,29544.7233,2307.4834,647.8242,0.0000,0.0000,0.0000
27.1000,19.7043,-9.5200,29565.3563,2309.1053,648.2632,0.0000,0.0000,0.0000
27.1167,19.7041,-9.5400,29585.9319,2310.7213,648.7023,0.0000,0.0000,0.0000
27.1333,19.7039,-9.5600,29606.4536,2312.3322,649.1414,0.0000,0.0000,0.0000
27.1500,19.7037,-9.5800,29626.9258,2313.9382,649.5805,0.0000,0.0000,0.0000
27.1667,19.7035,-9.6000,29647.3534,2315.5400,650.0196,0.0000,0.0000,0.0000
27.1833,19.7033,-9.6200,29667.7412,2317.1380,650.4587,0.0000,0.0000,0.0000
27.2000,19.7031,-9.6400,29688.0938,2318.7326,650.8979,0.0000,0.0000,0.0000
27.2167,19.7029,-9.6600,29708.4156,2320.3244,651.3370,0.0000,0.0000,0.0000
27.2333,19.7027,-9.6800,29728.7107,2321.9136,651.7762,0.0000,0.0000,0.0000
27.2500,19.7025,-9.7000,29748.9833,2323.5008,652.2153,0.0000,0.0000,0.0000
27.2667,19.7023,-9.7200,29769.2368,2325.0862,652.6545,0.0000,0.0000,0.0000
27.2833,19.7021,-9.7400,29789.4748,2326.6702,653.0936,0.0000,0.0000,0.0000
27.3000,19.7019,-9.7600,29809.7005,2328.2531,653.5328,0.0000,0.0000,0.0000
27.3167,19.7017,-9.7800,29829.9167,2329.8352,653.9719,0.0000,0.0000,0.0000
27.3333,19.7015,-9.8000,29850.1263,2331.4167,654.4111,0.0000,0.0000,0.0000
27.3500,19.7013,-9.8200,29870.3316,2332.9979,654.8503,0.0000,0.0000,0.0000
27.3667,19.7011,-9.8400,29890.5349,2334.5790,655.2894,0.0000,0.0000,0.0000
27.3833,19.7009,-9.8600,29910.7383,2336.1601,655.7286,0.0000,0.0000,0.0000
27.4000,19.7007,-9.8800,29930.9437,2337.7416,656.1678,0.0000,0.0000,0.0000
27.4167,19.7005,-9.9000,29951.1528,2339.3235,656.6069,0.0000,0.0000,0.0000
27.4333,19.7003,-9.9200,29971.3670,2340.9060,657.0461,0.0000,0.0000,0.0000
27.4500,19.7001,-9.9400,29991.5878,2342.4891,657.4852,0.0000,0.0000,0.0000
27.4667,19.6999,-9.9600,30011.8162,2344.0732,657.9244,0.0000,0.0000,0.0000
27.4833,19.6997,-9.9800,30032.0535,2345.6581,658.3636,0.0000,0.0000,0.0000
27.5000,19.6995,-10.0000,30052.3004,2347.2440,658.8027,0.0000,0.0000,0.0000
27.5167,19.6993,-10.0200,30072.5577,2348.8310,659.2419,0.0000,0.0000,0.0000
27.5333,19.6991,-10.0400,30092.8263,2350.4192,659.6810,0.0000,0.0000,0.0000
27.5500,19.6989,-10.0600,30113.1064,2352.0086,660.1202,0.0000,0.0000,0.0000
27.5667,19.6987,-10.0800,30133.3987,2353.5992,660.5593,0.0000,0.0000,0.0000
27.5833,19.6985,-10.1000,30153.7035,2355.1910,660.9984,0.0000,0.0000,0.0000
27.6000,19.6983,-10.1200,30174.0210,2356.7842,661.4376,0.0000,0.0000,0.0000
27.6167,19.6981,-10.1400,30194.3514,2358.3786,661.8767,0.0000,0.0000,0.0000
27.6333,19.6979,-10.1600,30214.6947,2359.9743,662.3159,0.0000,0.0000,0.0000
27.6500,19.6976,-10.1800,30235.0510,2361.5714,662.7550,0.0000,0.0000,0.0000
27.6667,19.6974,-10.2000,30255.4202,2363.1697,663.1941,0.0000,0.0000,0.0000
27.6833,19.6972,-10.2200,30275.8020,2364.7693,663.6332,0.0000,0.0000,0.0000
27.7000,19.6970,-10.2400,30296.1964,2366.3701,664.0724,0.0000,0.0000,0.0000
27.7167,19.6968,-10.2600,30316.6030,2367.9722,664.5115,0.0000,0.0000,0.0000
27.7333,19.6966,-10.2800,30337.0215,2369.5754,664.9506,0.0000,0.0000,0.0000
27.7500,19.6964,-10.3000,30357.4515,2371.1797,665.3897,0.0000,0.0000,0.0000
27.7667,19.6962,-10.3200,30377.8925,2372.7852,665.8288,0.0000,0.0000,0.0000
27.7833,19.6960,-10.3400,30398.3440,2374.3916,666.2679,0.0000,0.0000,0.0000
27.8000,19.6958,-10.3600,30418.8053,2375.9991,666.7070,0.0000,0.0000,0.0000
27.8167,19.6956,-10.3800,30439.2760,2377.6074,667.1461,0.0000,0.0000,0.0000
27.8333,19.6954,-10.4000,30459.7552,2379.2166,667.5852,0.0000,0.0000,0.0000
27.8500,19.6952,-10.4200,30480.2423,2380.8265,668.0243,0.0000,0.0000,0.0000
27.8667,19.6950,-10.4400,30500.7363,2382.4371,668.4634,0.0000,0.0000,0.0000
27.8833,19.6948,-10.4600,30521.2364,2384.0483,668.9025,0.0000,0.0000,0.0000
27.9000,19.6946,-10.4800,30541.7417,2385.6599,669.3416,0.0000,0.0000,0.0000
27.9167,19.6944,-10.5000,30562.2511,2387.2719,669.7807,0.0000,0.0000,0.0000
27.9333,19.6942,-10.5200,30582.7634,2388.8841,670.2198,0.0000,0.0000,0.0000
27.9500,19.6940,-10.5400,30603.2775,2390.4965,670.6589,0.0000,0.0000,0.0000
27.9667,19.6938,-10.5600,30623.7918,2392.1089,671.0980,0.0000,0.0000,0.0000
27.9833,19.6936,-10.5800,30644.3050,2393.7210,671.5371,0.0000,0.0000,0.0000
28.0000,19.6934,-10.6000,30664.8154,2395.3328,671.9762,0.0000,0.0000,0.0000
28.0167,19.6932,-10.6183,30684.6416,2396.8864,672.3785,0.0000,0.0000,0.0000
28.0333,19.6930,-10.6367,30704.2740,2398.4396,672.7808,0.0000,0.0000,0.0000
28.0500,19.6928,-10.6550,30723.8446,2399.9919,673.1832,0.0000,0.0000,0.0000
28.0667,19.6926,-10.6733,30743.3870,2401.5426,673.5855,0.0000,0.0000,0.0000
28.0833,19.6924,-10.6917,30762.9071,2403.0913,673.9878,0.0000,0.0000,0.0000
28.1000,19.6922,-10.7100,30782.4023,2404.6373,674.3902,0.0000,0.0000,0.0000
28.1167,19.6920,-10.7283,30801.8662,2406.1800,674.7925,0.0000,0.0000,0.0000
28.1333,19.6918,-10.7467,30821.2886,2407.7179,675.1949,0.0000,0.0000,0.0000
28.1500,19.6916,-10.7650,30840.6522,2409.2491,675.5973,0.0000,0.0000,0.0000
28.1667,19.6914,-10.7833,30859.9139,2410.7669,675.9997,0.0000,0.0000,0.0000
28.1833,19.6912,-10.8017,30879.0100,2412.2709,676.4021,0.0000,0.0000,0.0000
28.2000,19.6910,-10.8200,30898.1476,2413.7837,676.8046,0.0000,0.0000,0.0000
28.2167,19.6908,-10.8383,30917.3329,2415.3016,677.2070,0.0000,0.0000,0.0000
28.2333,19.6906,-10.8567,30936.5595,2416.8235,677.6094,0.0000,0.0000,0.0000
28.2500,19.6904,-10.8750,30955.8215,2418.3487,678.0118,0.0000,0.0000,0.0000
28.2667,19.6902,-10.8933,30975.1139,2419.8768,678.4142,0.0000,0.0000,0.0000
28.2833,19.6901,-10.9117,30994.4330,2421.4074,678.8166,0.0000,0.0000,0.0000
28.3000,19.6899,-10.9300,31013.7759,2422.9403,679.2190,0.0000,0.0000,0.0000
28.3167,19.6897,-10.9483,31033.1401,2424.4752,679.6214,0.0000,0.0000,0.0000
28.3333,19.6895,-10.9667,31052.5235,2426.0120,680.0237,0.0000,0.0000,0.0000
28.3500,19.6893,-10.9850,31071.9244,2427.5504,680.4261,0.0000,0.0000,0.0000
28.3667,19.6891,-11.0033,31091.3411,2429.0904,680.8285,0.0000,0.0000,0.0000
28.3833,19.6889,-11.0217,31110.7724,2430.6317,681.2308,0.0000,0.0000,0.0000
28.4000,19.6887,-11.0400,31130.2170,2432.1744,681.6332,0.0000,0.0000,0.0000
28.4167,19.6885,-11.0583,31149.6737,2433.7182,682.0356,0.0000,0.0000,0.0000
28.4333,19.6883,-11.0767,31169.1416,2435.2631,682.4379,0.0000,0.0000,0.0000
28.4500,19.6881,-11.0950,31188.6197,2436.8090,682.8403,0.0000,0.0000,0.0000
28.4667,19.6879,-11.1133,31208.1072,2438.3557,683.2426,0.0000,0.0000,0.0000
28.4833,19.6877,-11.1317,31227.6034,2439.9034,683.6450,0.0000,0.0000,0.0000
28.5000,19.6875,-11.1500,31247.1075,2441.4518,684.0473,0.0000,0.0000,0.0000
28.5167,19.6873,-11.1683,31266.6188,2443.0008,684.4497,0.0000,0.0000,0.0000
28.5333,19.6871,-11.1867,31286.1369,2444.5506,684.8520,0.0000,0.0000,0.0000
28.5500,19.6869,-11.2050,31305.6610,2446.1009,685.2544,0.0000,0.0000,0.0000
28.5667,19.6867,-11.2233,31325.1907,2447.6517,685.6567,0.0000,0.0000,0.0000
28.5833,19.6866,-11.2417,31344.7255,2449.2031,686.0590,0.0000,0.0000,0.0000
28.6000,19.6864,-11.2600,31364.2650,2450.7549,686.4614,0.0000,0.0000,0.0000
28.6167,19.6862,-11.2783,31383.8087,2452.3071,686.8637,0.0000,0.0000,0.0000
28.6333,19.6860,-11.2967,31403.3563,2453.8597,687.2661,0.0000,0.0000,0.0000
28.6500,19.6858,-11.3150,31422.9074,2455.4126,687.6684,0.0000,0.0000,0.0000
28.6667,19.6856,-11.3333,31442.4617,2456.9658,688.0707,0.0000,0.0000,0.0000
28.6833,19.6854,-11.3517,31462.0188,2458.5193,688.4731,0.0000,0.0000,0.0000
28.7000,19.6852,-11.3700,31481.5785,2460.0731,688.8754,0.0000,0.0000,0.0000
28.7167,19.6850,-11.3883,31501.1406,2461.6270,689.2777,0.0000,0.0000,0.0000
28.7333,19.6848,-11.4067,31520.7046,2463.1812,689.6801,0.0000,0.0000,0.0000
28.7500,19.6846,-11.4250,31540.2706,2464.7355,690.0824,0.0000,0.0000,0.0000
28.7667,19.6844,-11.4433,31559.8381,2466.2900,690.4848,0.0000,0.0000,0.0000
28.7833,19.6842,-11.4617,31579.4070,2467.8446,690.8871,0.0000,0.0000,0.0000
28.8000,19.6840,-11.4800,31598.9771,2469.3993,691.2894,0.0000,0.0000,0.0000
28.8167,19.6838,-11.4983,31618.5483,2470.9542,691.6918,0.0000,0.0000,0.0000
28.8333,19.6836,-11.5167,31638.1203,2472.5091,692.0941,0.0000,0.0000,0.0000
28.8500,19.6834,-11.5350,31657.6931,2474.0640,692.4964,0.0000,0.0000,0.0000
28.8667,19.6832,-11.5533,31677.2664,2475.6191,692.8988,0.0000,0.0000,0.0000
28.8833,19.6830,-11.5717,31696.8402,2477.1741,693.3011,0.0000,0.0000,0.0000
28.9000,19.6828,-11.5900,31716.4143,2478.7292,693.7034,0.0000,0.0000,0.0000
28.9167,19.6826,-11.6083,31735.9886,2480.2843,694.1058,0.0000,0.0000,0.0000
28.9333,19.6824,-11.6267,31755.5630,2481.8394,694.5081,0.0000,0.0000,0.0000
28.9500,19.6822,-11.6450,31775.1374,2483.3945,694.9104,0.0000,0.0000,0.0000
28.9667,19.6821,-11.6633,31794.7117,2484.9496,695.3128,0.0000,0.0000,0.0000
28.9833,19.6819,-11.6817,31814.2858,2486.5047,695.7151,0.0000,0.0000,0.0000
29.0000,19.6817,-11.7000,31833.8596,2488.0597,696.1174,0.0000,0.0000,0.0000
29.0167,19.6815,-11.7083,31849.3570,2489.2686,696.2988,0.0000,0.0000,0.0000
29.0333,19.6814,-11.7167,31863.7336,2490.4807,696.4805,0.0000,0.0000,0.0000
29.0500,19.6812,-11.7250,31877.7986,2491.6933,696.6622,0.0000,0.0000,0.0000
29.0667,19.6811,-11.7333,31891.7731,2492.9054,696.8440,0.0000,0.0000,0.0000
29.0833,19.6809,-11.7417,31905.7167,2494.1168,697.0258,0.0000,0.0000,0.0000
29.1000,19.6808,-11.7500,31919.6448,2495.3272,697.2075,0.0000,0.0000,0.0000
29.1167,19.6807,-11.7583,31933.5604,2496.5365,697.3893,0.0000,0.0000,0.0000
29.1333,19.6805,-11.7667,31947.4630,2497.7444,697.5710,0.0000,0.0000,0.0000
29.1500,19.6804,-11.7750,31961.3512,2498.9508,697.7528,0.0000,0.0000,0.0000
29.1667,19.6802,-11.7833,31975.2232,2500.1556,697.9346,0.0000,0.0000,0.0000
29.1833,19.6801,-11.7917,31989.0772,2501.3585,698.1164,0.0000,0.0000,0.0000
29.2000,19.6800,-11.8000,32002.9116,2502.5593,698.2982,0.0000,0.0000,0.0000
29.2167,19.6798,-11.8083,32016.7247,2503.7579,698.4799,0.0000,0.0000,0.0000
29.2333,19.6797,-11.8167,32030.5150,2504.9542,698.6617,0.0000,0.0000,0.0000
29.2500,19.6796,-11.8250,32044.2808,2506.1480,698.8435,0.0000,0.0000,0.0000
29.2667,19.6794,-11.8333,32058.0210,2507.3391,699.0253,0.0000,0.0000,0.0000
29.2833,19.6793,-11.8417,32071.7342,2508.5275,699.2072,0.0000,0.0000,0.0000
29.3000,19.6791,-11.8500,32085.4194,2509.7130,699.3890,0.0000,0.0000,0.0000
29.3167,19.6790,-11.8583,32095.2334,2510.6989,699.5716,0.0000,0.0000,0.0000
29.3333,19.6789,-11.8667,32106.0418,2511.6784,699.7541,0.0000,0.0000,0.0000
29.3500,19.6788,-11.8750,32121.5296,2512.8477,699.9355,0.0000,0.0000,0.0000
29.3667,19.6787,-11.8833,32131.6835,2513.8255,700.1181,0.0000,0.0000,0.0000
29.3833,19.6786,-11.8917,32142.6055,2514.7980,700.3005,0.0000,0.0000,0.0000
29.4000,19.6784,-11.9000,32158.1036,2515.9589,700.4820,0.0000,0.0000,0.0000
29.4167,19.6783,-11.9083,32168.2211,2516.9303,700.6646,0.0000,0.0000,0.0000
29.4333,19.6782,-11.9167,32179.0924,2517.8965,700.8470,0.0000,0.0000,0.0000
29.4500,19.6781,-11.9250,32194.5090,2519.0495,701.0284,0.0000,0.0000,0.0000
29.4667,19.6780,-11.9333,32204.5716,2520.0149,701.2111,0.0000,0.0000,0.0000
29.4833,19.6778,-11.9417,32215.3853,2520.9751,701.3935,0.0000,0.0000,0.0000
29.5000,19.6777,-11.9500,32226.5176,2521.9320,701.5759,0.0000,0.0000,0.0000
29.5167,19.6776,-11.9583,32237.7793,2522.8865,701.7583,0.0000,0.0000,0.0000
29.5333,19.6775,-11.9667,32253.3355,2524.0261,701.9397,0.0000,0.0000,0.0000
29.5500,19.6774,-11.9750,32263.3701,2524.9819,702.1223,0.0000,0.0000,0.0000
29.5667,19.6773,-11.9833,32274.1206,2525.9329,702.3048,0.0000,0.0000,0.0000
29.5833,19.6771,-11.9917,32285.1753,2526.8809,702.4872,0.0000,0.0000,0.0000
29.6000,19.6770,-12.0000,32296.3542,2527.8266,702.6695,0.0000,0.0000,0.0000
29.6167,19.6769,-12.0083,32307.5786,2528.7705,702.8519,0.0000,0.0000,0.0000
29.6333,19.6768,-12.0167,32323.0270,2529.8970,703.0333,0.0000,0.0000,0.0000
29.6500,19.6767,-12.0250,32332.9782,2530.8430,703.2160,0.0000,0.0000,0.0000
29.6667,19.6766,-12.0333,32343.6386,2531.7844,703.3984,0.0000,0.0000,0.0000
29.6833,19.6765,-12.0417,32354.6014,2532.7230,703.5809,0.0000,0.0000,0.0000
29.7000,19.6763,-12.0500,32365.6889,2533.6596,703.7633,0.0000,0.0000,0.0000
29.7167,19.6762,-12.0583,32376.8233,2534.5946,703.9456,0.0000,0.0000,0.0000
29.7333,19.6761,-12.0667,32387.9709,2535.5281,704.1280,0.0000,0.0000,0.0000
29.7500,19.6760,-12.0750,32399.1172,2536.4603,704.3104,0.0000,0.0000,0.0000
29.7667,19.6759,-12.0833,32410.2559,2537.3913,704.4928,0.0000,0.0000,0.0000
29.7833,19.6757,-12.0917,32425.5489,2538.5017,704.6742,0.0000,0.0000,0.0000
29.8000,19.6756,-12.1000,32435.3928,2539.4356,704.8569,0.0000,0.0000,0.0000
29.8167,19.6755,-12.1083,32445.9408,2540.3653,705.0394,0.0000,0.0000,0.0000
29.8333,19.6754,-12.1167,32456.7906,2541.2925,705.2219,0.0000,0.0000,0.0000
29.8500,19.6753,-12.1250,32467.7665,2542.2180,705.4043,0.0000,0.0000,0.0000
29.8667,19.6752,-12.1333,32478.7915,2543.1422,705.5867,0.0000,0.0000,0.0000
29.8833,19.6751,-12.1417,32489.8322,2544.0652,705.7691,0.0000,0.0000,0.0000
29.9000,19.6750,-12.1500,32500.8742,2544.9872,705.9515,0.0000,0.0000,0.0000
29.9167,19.6749,-12.1583,32511.9112,2545.9082,706.1339,0.0000,0.0000,0.0000
29.9333,19.6748,-12.1667,32522.9408,2546.8282,706.3163,0.0000,0.0000,0.0000
29.9500,19.6746,-12.1750,32538.0800,2547.9249,706.4978,0.0000,0.0000,0.0000
29.9667,19.6745,-12.1833,32547.8276,2548.8484,706.6805,0.0000,0.0000,0.0000
29.9833,19.6744,-12.1917,32558.2770,2549.7681,706.8630,0.0000,0.0000,0.0000
30.0000,19.6743,-12.2000,32569.0288,2550.6854,707.0455,0.0000,0.0000,0.0000
30.0167,19.6742,-12.2000,32577.2735,2551.3080,707.0437,0.4734,0.0000,0.0000
30.0333,19.6742,-12.2000,32584.3978,2551.9311,707.0421,0.9468,0.0000,0.0000
30.0500,19.6741,-12.2000,32591.0120,2552.5527,707.0406,1.4202,0.0000,0.0000
30.0667,19.6740,-12.2000,32597.3849,2553.1720,707.0392,1.8936,0.0000,0.0000
30.0833,19.6740,-12.2000,32603.6350,2553.7887,707.0378,2.3670,0.0000,0.0000
30.1000,19.6739,-12.2000,32609.8144,2554.4024,707.0365,2.8404,0.0000,0.0000
30.1167,19.6738,-12.2000,32615.9454,2555.0132,707.0351,3.3138,0.0000,0.0000
30.1333,19.6738,-12.2000,32622.0376,2555.6208,707.0337,3.7872,0.0000,0.0000
30.1500,19.6737,-12.2000,32628.0944,2556.2252,707.0324,4.2606,0.0000,0.0000
30.1667,19.6737,-12.2000,32634.1167,2556.8262,707.0311,4.7340,0.0000,0.0000
30.1833,19.6736,-12.2000,32640.1041,2557.4237,707.0297,5.2074,0.0000,0.0000
30.2000,19.6735,-12.2000,32646.0555,2558.0175,707.0284,5.6808,0.0000,0.0000
30.2167,19.6735,-12.2000,32651.9698,2558.6075,707.0271,6.1542,0.0000,0.0000
30.2333,19.6734,-12.2000,32657.8455,2559.1935,707.0258,6.6276,0.0000,0.0000
30.2500,19.6734,-12.2000,32663.6812,2559.7754,707.0245,7.1010,0.0000,0.0000
30.2667,19.6733,-12.2000,32669.4756,2560.3531,707.0232,7.5744,0.0000,0.0000
30.2833,19.6732,-12.2000,32675.2274,2560.9264,707.0219,8.0478,0.0000,0.0000
30.3000,19.6732,-12.2000,32680.9351,2561.4952,707.0207,8.5212,0.0000,0.0000
30.3167,19.6731,-12.2000,32686.5977,2562.0594,707.0194,8.9946,0.0000,0.0000
30.3333,19.6731,-12.2000,32692.2138,2562.6188,707.0182,9.4680,0.0000,0.0000
30.3500,19.6730,-12.2000,32697.7826,2563.1734,707.0169,9.9414,0.0000,0.0000
30.3667,19.6730,-12.2000,32703.3028,2563.7231,707.0157,10.4148,0.0000,0.0000
30.3833,19.6729,-12.2000,32708.7737,2564.2677,707.0145,10.8882,0.0000,0.0000
30.4000,19.6729,-12.2000,32714.1943,2564.8073,707.0133,11.3616,0.0000,0.0000
30.4167,19.6728,-12.2000,32719.5639,2565.3417,707.0121,11.8350,0.0000,0.0000
30.4333,19.6728,-12.2000,32724.8817,2565.8708,707.0109,12.3084,0.0000,0.0000
30.4500,19.6727,-12.2000,32730.1471,2566.3946,707.0098,12.7818,0.0000,0.0000
30.4667,19.6726,-12.2000,32735.3596,2566.9131,707.0086,13.2552,0.0000,0.0000
30.4833,19.6726,-12.2000,32740.5185,2567.4262,707.0075,13.7286,0.0000,0.0000
30.5000,19.6725,-12.2000,32745.6236,2567.9339,707.0063,14.2020,0.0000,0.0000
30.5167,19.6725,-12.2000,32750.6743,2568.4360,707.0052,14.6754,0.0000,0.0000
30.5333,19.6724,-12.2000,32755.6704,2568.9327,707.0041,15.1488,0.0000,0.0000
30.5500,19.6724,-12.2000,32760.6117,2569.4239,707.0030,15.6222,0.0000,0.0000
30.5667,19.6723,-12.2000,32765.4978,2569.9095,707.0019,16.0956,0.0000,0.0000
30.5833,19.6723,-12.2000,32770.3286,2570.3896,707.0008,16.5690,0.0000,0.0000
30.6000,19.6722,-12.2000,32775.1041,2570.8641,706.9998,17.0424,0.0000,0.0000
30.6167,19.6722,-12.2000,32779.8241,2571.3330,706.9987,17.5158,0.0000,0.0000
30.6333,19.6722,-12.2000,32784.4886,2571.7964,706.9977,17.9892,0.0000,0.0000
30.6500,19.6721,-12.2000,32789.0977,2572.2542,706.9967,18.4626,0.0000,0.0000
30.6667,19.6721,-12.2000,32793.6513,2572.7065,706.9957,18.9360,0.0000,0.0000
30.6833,19.6720,-12.2000,32798.1497,2573.1533,706.9947,19.4094,0.0000,0.0000
30.7000,19.6720,-12.2000,32802.5928,2573.5945,706.9937,19.8828,0.0000,0.0000
30.7167,19.6719,-12.2000,32806.9809,2574.0302,706.9927,20.3562,0.0000,0.0000
30.7333,19.6719,-12.2000,32811.3142,2574.4604,706.9918,20.8296,0.0000,0.0000
30.7500,19.6718,-12.2000,32815.5928,2574.8852,706.9908,21.3030,0.0000,0.0000
30.7667,19.6718,-12.2000,32819.8171,2575.3045,706.9899,21.7764,0.0000,0.0000
30.7833,19.6718,-12.2000,32823.9872,2575.7185,706.9889,22.2498,0.0000,0.0000
30.8000,19.6717,-12.2000,32828.1035,2576.1270,706.9880,22.7232,0.0000,0.0000
30.8167,19.6717,-12.2000,32832.1663,2576.5302,706.9871,23.1966,0.0000,0.0000
30.8333,19.6716,-12.2000,32836.1758,2576.9282,706.9862,23.6700,0.0000,0.0000
30.8500,19.6716,-12.2000,32840.1326,2577.3208,706.9854,24.1434,0.0000,0.0000
30.8667,19.6716,-12.2000,32844.0369,2577.7082,706.9845,24.6168,0.0000,0.0000
30.8833,19.6715,-12.2000,32847.8890,2578.0904,706.9836,25.0902,0.0000,0.0000
30.9000,19.6715,-12.2000,32851.6895,2578.4675,706.9828,25.5636,0.0000,0.0000
30.9167,19.6714,-12.2000,32855.4388,2578.8394,706.9820,26.0370,0.0000,0.0000
30.9333,19.6714,-12.2000,32859.1371,2579.2063,706.9811,26.5104,0.0000,0.0000
30.9500,19.6714,-12.2000,32862.7851,2579.5682,706.9803,26.9838,0.0000,0.0000
30.9667,19.6713,-12.2000,32866.3830,2579.9251,706.9795,27.4572,0.0000,0.0000
30.9833,19.6713,-12.2000,32869.9314,2580.2771,706.9788,27.9306,0.0000,0.0000
31.0000,19.6713,-12.2000,32873.4308,2580.6242,706.9780,28.4040,0.0000,0.0000
31.0167,19.6712,-12.2100,32879.9188,2581.2974,707.1984,32.0334,0.0000,0.0000
31.0333,19.6711,-12.2200,32887.6117,2581.9460,707.4185,35.6628,0.0000,0.0000
31.0500,19.6710,-12.2300,32895.7373,2582.5751,707.6385,39.2922,0.0000,0.0000
31.0667,19.6710,-12.2400,32903.9648,2583.1873,707.8585,42.9216,0.0000,0.0000
31.0833,19.6709,-12.2500,32912.1565,2583.7847,708.0785,46.5510,0.0000,0.0000
31.1000,19.6708,-12.2600,32920.2578,2584.3684,708.2985,50.1804,0.0000,0.0000
31.1167,19.6707,-12.2700,32928.2503,2584.9397,708.5186,53.8098,0.0000,0.0000
31.1333,19.6706,-12.2800,32936.1306,2585.4994,708.7387,57.4392,0.0000,0.0000
31.1500,19.6706,-12.2900,32943.9016,2586.0484,708.9588,61.0686,0.0000,0.0000
31.1667,19.6705,-12.3000,32951.5685,2586.5872,709.1789,64.6980,0.0000,0.0000
31.1833,19.6704,-12.3100,32959.1371,2587.1167,709.3990,68.3274,0.0000,0.0000
31.2000,19.6703,-12.3200,32966.6136,2587.6373,709.6192,71.9568,0.0000,0.0000
31.2167,19.6703,-12.3300,32974.0037,2588.1498,709.8394,75.5862,0.0000,0.0000
31.2333,19.6702,-12.3400,32981.3129,2588.6545,710.0596,79.2156,0.0000,0.0000
31.2500,19.6701,-12.3500,32988.5464,2589.1520,710.2798,82.8450,0.0000,0.0000
31.2667,19.6700,-12.3600,32995.7090,2589.6429,710.5000,86.4744,0.0000,0.0000
31.2833,19.6700,-12.3700,33002.8055,2590.1274,710.7203,90.1038,0.0000,0.0000
31.3000,19.6699,-12.3800,33009.8401,2590.6060,710.9405,93.7332,0.0000,0.0000
31.3167,19.6698,-12.3900,33016.8170,2591.0792,711.1608,97.3626,0.0000,0.0000
31.3333,19.6698,-12.4000,33023.7403,2591.5473,711.3811,100.9920,0.0000,0.0000
31.3500,19.6697,-12.4100,33030.6135,2592.0106,711.6014,104.6214,0.0000,0.0000
31.3667,19.6696,-12.4200,33037.4404,2592.4696,711.8217,108.2508,0.0000,0.0000
31.3833,19.6696,-12.4300,33044.2244,2592.9245,712.0420,111.8802,0.0000,0.0000
31.4000,19.6695,-12.4400,33050.9687,2593.3757,712.2623,115.5096,0.0000,0.0000
31.4167,19.6694,-12.4500,33057.6767,2593.8235,712.4827,119.1390,0.0000,0.0000
31.4333,19.6694,-12.4600,33064.3514,2594.2682,712.7030,122.7684,0.0000,0.0000
31.4500,19.6693,-12.4700,33070.9958,2594.7101,712.9234,126.3978,0.0000,0.0000
31.4667,19.6692,-12.4800,33077.6129,2595.1495,713.1437,130.0272,0.0000,0.0000
31.4833,19.6692,-12.4900,33084.2055,2595.5866,713.3641,133.6566,0.0000,0.0000
31.5000,19.6691,-12.5000,33090.7766,2596.0218,713.5845,137.2860,0.0000,0.0000
31.5167,19.6690,-12.5100,33097.3289,2596.4554,713.8048,140.9154,0.0000,0.0000
31.5333,19.6690,-12.5200,33103.8653,2596.8875,714.0252,144.5448,0.0000,0.0000
31.5500,19.6689,-12.5300,33110.3885,2597.3185,714.2456,148.1742,0.0000,0.0000
31.5667,19.6688,-12.5400,33116.9013,2597.7488,714.4660,151.8036,0.0000,0.0000
31.5833,19.6688,-12.5500,33123.4067,2598.1784,714.6863,155.4330,0.0000,0.0000
31.6000,19.6687,-12.5600,33129.9075,2598.6079,714.9067,159.0624,0.0000,0.0000
31.6167,19.6686,-12.5700,33136.4067,2599.0374,715.1271,162.6918,0.0000,0.0000
31.6333,19.6686,-12.5800,33142.9073,2599.4673,715.3475,166.3212,0.0000,0.0000
31.6500,19.6685,-12.5900,33149.4126,2599.8979,715.5679,169.9506,0.0000,0.0000
31.6667,19.6684,-12.6000,33155.9259,2600.3295,715.7882,173.5800,0.0000,0.0000
31.6833,19.6684,-12.6100,33162.4506,2600.7626,716.0086,177.2094,0.0000,0.0000
31.7000,19.6683,-12.6200,33168.9906,2601.1975,716.2290,180.8388,0.0000,0.0000
31.7167,19.6682,-12.6300,33175.5497,2601.6346,716.4493,184.4682,0.0000,0.0000
31.7333,19.6682,-12.6400,33182.1323,2602.0744,716.6697,188.0976,0.0000,0.0000
31.7500,19.6681,-12.6500,33188.7431,2602.5175,716.8901,191.7270,0.0000,0.0000
31.7667,19.6680,-12.6600,33195.3873,2602.9642,717.1104,195.3564,0.0000,0.0000
31.7833,19.6680,-12.6700,33202.0707,2603.4154,717.3308,198.9858,0.0000,0.0000
31.8000,19.6679,-12.6800,33208.7999,2603.8717,717.5511,202.6152,0.0000,0.0000
31.8167,19.6678,-12.6900,33215.5825,2604.3340,717.7714,206.2446,0.0000,0.0000
31.8333,19.6678,-12.7000,33222.4274,2604.8033,717.9917,209.8740,0.0000,0.0000
31.8500,19.6677,-12.7100,33229.3455,2605.2808,718.2120,213.5034,0.0000,0.0000
31.8667,19.6676,-12.7200,33238.6564,2605.8054,718.4318,217.1328,0.0000,0.0000
31.8833,19.6675,-12.7300,33246.8362,2606.3604,718.6518,220.7622,0.0000,0.0000
31.9000,19.6675,-12.7400,33254.9290,2606.9482,718.8718,224.3916,0.0000,0.0000
31.9167,19.6674,-12.7500,33263.3334,2607.5859,719.0918,228.0210,0.0000,0.0000
31.9333,19.6673,-12.7600,33271.6954,2608.1708,719.3117,231.6504,0.0000,0.0000
31.9500,19.6672,-12.7700,33278.7418,2608.6098,719.5320,235.2798,0.0000,0.0000
31.9667,19.6672,-12.7800,33284.9425,2608.9778,719.7524,238.9092,0.0000,0.0000
31.9833,19.6671,-12.7900,33290.5338,2609.2925,719.9730,242.5386,0.0000,0.0000
32.0000,19.6670,-12.8000,33295.6365,2609.5626,720.1937,246.1680,0.0000,0.0000
32.0167,19.6670,-12.8000,33296.2589,2609.4492,720.1936,249.6396,0.0000,0.0000
32.0333,19.6670,-12.8000,33295.4023,2609.3050,720.1938,253.1112,0.0000,0.0000
32.0500,19.6671,-12.8000,33293.9038,2609.1291,720.1941,256.5828,0.0000,0.0000
32.0667,19.6671,-12.8000,33292.0034,2608.9223,720.1945,260.0544,0.0000,0.0000
32.0833,19.6671,-12.8000,33289.7743,2608.6854,720.1950,263.5260,0.0000,0.0000
32.1000,19.6671,-12.8000,33287.2414,2608.4190,720.1956,266.9976,0.0000,0.0000
32.1167,19.6672,-12.8000,33284.4146,2608.1235,720.1962,270.4692,0.0000,0.0000
32.1333,19.6672,-12.8000,33281.2984,2607.7992,720.1969,273.9408,0.0000,0.0000
32.1500,19.6672,-12.8000,33277.8950,2607.4461,720.1976,277.4124,0.0000,0.0000
32.1667,19.6673,-12.8000,33274.2050,2607.0644,720.1985,280.8840,0.0000,0.0000
32.1833,19.6673,-12.8000,33270.2286,2606.6539,720.1993,284.3556,0.0000,0.0000
32.2000,19.6673,-12.8000,33265.9654,2606.2147,720.2003,287.8272,0.0000,0.0000
32.2167,19.6674,-12.8000,33261.4148,2605.7467,720.2013,291.2988,0.0000,0.0000
32.2333,19.6674,-12.8000,33256.5759,2605.2497,720.2024,294.7704,0.0000,0.0000
32.2500,19.6675,-12.8000,33251.4480,2604.7237,720.2035,298.2420,0.0000,0.0000
32.2667,19.6675,-12.8000,33246.0303,2604.1686,720.2047,301.7136,0.0000,0.0000
32.2833,19.6676,-12.8000,33240.3219,2603.5844,720.2060,305.1852,0.0000,0.0000
32.3000,19.6677,-12.8000,33234.3224,2602.9710,720.2073,308.6568,0.0000,0.0000
32.3167,19.6677,-12.8000,33228.0312,2602.3283,720.2087,312.1284,0.0000,0.0000
32.3333,19.6678,-12.8000,33221.4478,2601.6563,720.2102,315.6000,0.0000,0.0000
32.3500,19.6679,-12.8000,33214.5722,2600.9550,720.2117,319.0716,0.0000,0.0000
32.3667,19.6679,-12.8000,33207.4042,2600.2244,720.2133,322.5432,0.0000,0.0000
32.3833,19.6680,-12.8000,33199.9439,2599.4645,720.2149,326.0148,0.0000,0.0000
32.4000,19.6681,-12.8000,33192.1915,2598.6753,720.2166,329.4864,0.0000,0.0000
32.4167,19.6682,-12.8000,33184.1473,2597.8569,720.2184,332.9580,0.0000,0.0000
32.4333,19.6682,-12.8000,33175.8119,2597.0093,720.2203,336.4296,0.0000,0.0000
32.4500,19.6683,-12.8000,33167.1858,2596.1327,720.2222,339.9012,0.0000,0.0000
32.4667,19.6684,-12.8000,33158.2698,2595.2270,720.2242,343.3728,0.0000,0.0000
32.4833,19.6685,-12.8000,33149.0648,2594.2923,720.2262,346.8444,0.0000,0.0000
32.5000,19.6686,-12.8000,33139.5717,2593.3289,720.2283,350.3160,0.0000,0.0000
32.5167,19.6687,-12.8000,33129.7916,2592.3367,720.2305,353.7876,0.0000,0.0000
32.5333,19.6688,-12.8000,33119.7257,2591.3159,720.2327,357.2592,0.0000,0.0000
32.5500,19.6689,-12.8000,33109.3752,2590.2667,720.2350,360.7308,0.0000,0.0000
32.5667,19.6690,-12.8000,33098.7415,2589.1891,720.2374,364.2024,0.0000,0.0000
32.5833,19.6691,-12.8000,33087.8259,2588.0834,720.2398,367.6740,0.0000,0.0000
32.6000,19.6692,-12.8000,33076.6300,2586.9496,720.2423,371.1456,0.0000,0.0000
32.6167,19.6693,-12.8000,33065.1554,2585.7879,720.2448,374.6172,0.0000,0.0000
32.6333,19.6695,-12.8000,33053.4035,2584.5985,720.2474,378.0888,0.0000,0.0000
32.6500,19.6696,-12.8000,33041.3762,2583.3816,720.2501,381.5604,0.0000,0.0000
32.6667,19.6697,-12.8000,33029.0751,2582.1373,720.2528,385.0320,0.0000,0.0000
32.6833,19.6698,-12.8000,33016.5019,2580.8658,720.2556,388.5036,0.0000,0.0000
32.7000,19.6700,-12.8000,33003.6586,2579.5673,720.2585,391.9752,0.0000,0.0000
32.7167,19.6701,-12.8000,32990.5468,2578.2420,720.2614,395.4468,0.0000,0.0000
32.7333,19.6702,-12.8000,32977.1685,2576.8901,720.2643,398.9184,0.0000,0.0000
32.7500,19.6704,-12.8000,32963.5255,2575.5117,720.2674,402.3900,0.0000,0.0000
32.7667,19.6705,-12.8000,32949.6198,2574.1070,720.2705,405.8616,0.0000,0.0000
32.7833,19.6706,-12.8000,32935.4532,2572.6763,720.2736,409.3332,0.0000,0.0000
32.8000,19.6708,-12.8000,32921.0278,2571.2198,720.2768,412.8048,0.0000,0.0000
32.8167,19.6709,-12.8000,32906.3455,2569.7376,720.2801,416.2764,0.0000,0.0000
32.8333,19.6711,-12.8000,32891.4083,2568.2299,720.2834,419.7480,0.0000,0.0000
32.8500,19.6712,-12.8000,32876.2182,2566.6969,720.2867,423.2196,0.0000,0.0000
32.8667,19.6714,-12.8000,32860.7771,2565.1389,720.2902,426.6912,0.0000,0.0000
32.8833,19.6715,-12.8000,32845.0870,2563.5560,720.2936,430.1628,0.0000,0.0000
32.9000,19.6717,-12.8000,32829.1500,2561.9484,720.2972,433.6344,0.0000,0.0000
32.9167,19.6719,-12.8000,32812.9680,2560.3164,720.3008,437.1060,0.0000,0.0000
32.9333,19.6720,-12.8000,32796.5430,2558.6601,720.3044,440.5776,0.0000,0.0000
32.9500,19.6722,-12.8000,32779.8771,2556.9797,720.3081,444.0492,0.0000,0.0000
32.9667,19.6724,-12.8000,32762.9722,2555.2755,720.3119,447.5208,0.0000,0.0000
32.9833,19.6725,-12.8000,32745.8303,2553.5476,720.3157,450.9924,0.0000,0.0000
33.0000,19.6727,-12.8000,32726.3063,2551.6819,720.3200,454.4640,0.0000,0.0000
33.0167,19.6729,-12.8000,32709.5464,2549.9254,720.3237,457.1466,0.0000,0.0000
33.0333,19.6731,-12.8000,32692.1886,2548.1622,720.3276,459.8292,0.0000,0.0000
33.0500,19.6733,-12.8000,32674.5932,2546.3892,720.3315,462.5118,0.0000,0.0000
33.0667,19.6734,-12.8000,32656.8493,2544.6048,720.3354,465.1944,0.0000,0.0000
33.0833,19.6736,-12.8000,32638.9743,2542.8078,720.3394,467.8770,0.0000,0.0000
33.1000,19.6738,-12.8000,32620.9673,2540.9976,720.3434,470.5596,0.0000,0.0000
33.1167,19.6740,-12.8000,32602.8239,2539.1736,720.3474,473.2422,0.0000,0.0000
33.1333,19.6742,-12.8000,32584.5400,2537.3353,720.3514,475.9248,0.0000,0.0000
33.1500,19.6743,-12.8000,32566.1126,2535.4824,720.3555,478.6074,0.0000,0.0000
33.1667,19.6745,-12.8000,32547.5398,2533.6150,720.3596,481.2900,0.0000,0.0000
33.1833,19.6747,-12.8000,32528.8207,2531.7328,720.3638,483.9726,0.0000,0.0000
33.2000,19.6749,-12.8000,32509.9553,2529.8360,720.3680,486.6552,0.0000,0.0000
33.2167,19.6751,-12.8000,32490.9441,2527.9245,720.3722,489.3378,0.0000,0.0000
33.2333,19.6753,-12.8000,32471.7880,2525.9986,720.3765,492.0204,0.0000,0.0000
33.2500,19.6755,-12.8000,32452.4882,2524.0584,720.3807,494.7030,0.0000,0.0000
33.2667,19.6757,-12.8000,32433.0464,2522.1039,720.3850,497.3856,0.0000,0.0000
33.2833,19.6759,-12.8000,32413.4640,2520.1355,720.3894,500.0682,0.0000,0.0000
33.3000,19.6761,-12.8000,32393.7430,2518.1532,720.3938,502.7508,0.0000,0.0000
33.3167,19.6763,-12.8000,32373.8850,2516.1573,720.3982,505.4334,0.0000,0.0000
33.3333,19.6765,-12.8000,32353.8921,2514.1479,720.4026,508.1160,0.0000,0.0000
33.3500,19.6767,-12.8000,32333.7659,2512.1253,720.4071,510.7986,0.0000,0.0000
33.3667,19.6769,-12.8000,32313.5085,2510.0896,720.4116,513.4812,0.0000,0.0000
33.3833,19.6771,-12.8000,32293.1217,2508.0410,720.4161,516.1638,0.0000,0.0000
33.4000,19.6773,-12.8000,32272.6074,2505.9796,720.4206,518.8464,0.0000,0.0000
33.4167,19.6775,-12.8000,32251.9673,2503.9058,720.4252,521.5290,0.0000,0.0000
33.4333,19.6777,-12.8000,32231.2033,2501.8196,720.4298,524.2116,0.0000,0.0000
33.4500,19.6779,-12.8000,32210.3173,2499.7213,720.4345,526.8942,0.0000,0.0000
33.4667,19.6781,-12.8000,32189.3108,2497.6110,720.4391,529.5768,0.0000,0.0000
33.4833,19.6783,-12.8000,32168.1857,2495.4888,720.4438,532.2594,0.0000,0.0000
33.5000,19.6785,-12.8000,32146.9437,2493.3550,720.4485,534.9420,0.0000,0.0000
33.5167,19.6787,-12.8000,32125.5863,2491.2097,720.4532,537.6246,0.0000,0.0000
33.5333,19.6790,-12.8000,32104.1152,2489.0531,720.4580,540.3072,0.0000,0.0000
33.5500,19.6792,-12.8000,32082.5319,2486.8853,720.4628,542.9898,0.0000,0.0000
33.5667,19.6794,-12.8000,32060.8381,2484.7065,720.4676,545.6724,0.0000,0.0000
33.5833,19.6796,-12.8000,32039.0351,2482.5168,720.4724,548.3550,0.0000,0.0000
33.6000,19.6798,-12.8000,32017.1246,2480.3164,720.4773,551.0376,0.0000,0.0000
33.6167,19.6800,-12.8000,31995.1078,2478.1054,720.4822,553.7202,0.0000,0.0000
33.6333,19.6803,-12.8000,31972.9863,2475.8840,720.4871,556.4028,0.0000,0.0000
33.6500,19.6805,-12.8000,31950.7614,2473.6522,720.4920,559.0854,0.0000,0.0000
33.6667,19.6807,-12.8000,31928.4345,2471.4103,720.4970,561.7680,0.0000,0.0000
33.6833,19.6809,-12.8000,31906.0069,2469.1584,720.5020,564.4506,0.0000,0.0000
33.7000,19.6812,-12.8000,31883.4798,2466.8965,720.5070,567.1332,0.0000,0.0000
33.7167,19.6814,-12.8000,31860.8546,2464.6249,720.5120,569.8158,0.0000,0.0000
33.7333,19.6816,-12.8000,31838.1324,2462.3436,720.5170,572.4984,0.0000,0.0000
33.7500,19.6818,-12.8000,31815.3146,2460.0527,720.5221,575.1810,0.0000,0.0000
33.7667,19.6821,-12.8000,31792.4022,2457.7525,720.5272,577.8636,0.0000,0.0000
33.7833,19.6823,-12.8000,31769.3964,2455.4429,720.5323,580.5462,0.0000,0.0000
33.8000,19.6825,-12.8000,31746.2984,2453.1241,720.5374,583.2288,0.0000,0.0000
33.8167,19.6828,-12.8000,31723.1093,2450.7963,720.5425,585.9114,0.0000,0.0000
33.8333,19.6830,-12.8000,31699.8303,2448.4594,720.5477,588.5940,0.0000,0.0000
33.8500,19.6832,-12.8000,31676.4623,2446.1137,720.5529,591.2766,0.0000,0.0000
33.8667,19.6835,-12.8000,31653.0064,2443.7593,720.5581,593.9592,0.0000,0.0000
33.8833,19.6837,-12.8000,31629.4637,2441.3961,720.5633,596.6418,0.0000,0.0000
33.9000,19.6839,-12.8000,31605.8352,2439.0245,720.5685,599.3244,0.0000,0.0000
33.9167,19.6842,-12.8000,31582.1219,2436.6443,720.5738,602.0070,0.0000,0.0000
33.9333,19.6844,-12.8000,31558.3248,2434.2559,720.5791,604.6896,0.0000,0.0000
33.9500,19.6847,-12.8000,31534.4449,2431.8591,720.5844,607.3722,0.0000,0.0000
33.9667,19.6849,-12.8000,31510.4831,2429.4542,720.5897,610.0548,0.0000,0.0000
33.9833,19.6851,-12.8000,31486.4404,2427.0412,720.5950,612.7374,0.0000,0.0000
34.0000,19.6854,-12.8000,31462.3177,2424.6203,720.6004,615.4200,0.0000,0.0000
34.0167,19.6855,-12.8183,31445.7693,2422.8519,721.0107,616.8402,0.0000,0.0000
34.0333,19.6857,-12.8367,31431.4270,2421.0946,721.4206,618.2604,0.0000,0.0000
34.0500,19.6858,-12.8550,31417.8043,2419.3513,721.8303,619.6806,0.0000,0.0000
34.0667,19.6860,-12.8733,31404.4798,2417.6212,722.2399,621.1008,0.0000,0.0000
34.0833,19.6861,-12.8917,31391.3292,2415.9038,722.6495,622.5210,0.0000,0.0000
34.1000,19.6862,-12.9100,31378.3139,2414.1983,723.0591,623.9412,0.0000,0.0000
34.1167,19.6863,-12.9283,31365.4222,2412.5048,723.4686,625.3614,0.0000,0.0000
34.1333,19.6865,-12.9467,31352.6517,2410.8233,723.8781,626.7816,0.0000,0.0000
34.1500,19.6866,-12.9650,31340.0045,2409.1543,724.2876,628.2018,0.0000,0.0000
34.1667,19.6867,-12.9833,31327.4844,2407.4982,724.6970,629.6220,0.0000,0.0000
34.1833,19.6868,-13.0017,31315.0967,2405.8555,725.1065,631.0422,0.0000,0.0000
34.2000,19.6870,-13.0200,31302.8469,2404.2269,725.5159,632.4624,0.0000,0.0000
34.2167,19.6871,-13.0383,31290.7410,2402.6130,725.9252,633.8826,0.0000,0.0000
34.2333,19.6872,-13.0567,31278.7849,2401.0144,726.3345,635.3028,0.0000,0.0000
34.2500,19.6873,-13.0750,31266.9845,2399.4316,726.7438,636.7230,0.0000,0.0000
34.2667,19.6874,-13.0933,31255.3451,2397.8651,727.1531,638.1432,0.0000,0.0000
34.2833,19.6876,-13.1117,31243.8720,2396.3156,727.5623,639.5634,0.0000,0.0000
34.3000,19.6877,-13.1300,31232.5701,2394.7834,727.9715,640.9836,0.0000,0.0000
34.3167,19.6878,-13.1483,31221.4437,2393.2689,728.3806,642.4038,0.0000,0.0000
34.3333,19.6879,-13.1667,31210.4969,2391.7727,728.7897,643.8240,0.0000,0.0000
34.3500,19.6880,-13.1850,31199.7332,2390.2949,729.1988,645.2442,0.0000,0.0000
34.3667,19.6881,-13.2033,31189.1559,2388.8360,729.6078,646.6644,0.0000,0.0000
34.3833,19.6882,-13.2217,31178.7678,2387.3961,730.0168,648.0846,0.0000,0.0000
34.4000,19.6883,-13.2400,31168.5711,2385.9755,730.4257,649.5048,0.0000,0.0000
34.4167,19.6884,-13.2583,31158.5680,2384.5744,730.8346,650.9250,0.0000,0.0000
34.4333,19.6885,-13.2767,31148.7600,2383.1929,731.2435,652.3452,0.0000,0.0000
34.4500,19.6886,-13.2950,31139.1483,2381.8312,731.6523,653.7654,0.0000,0.0000
34.4667,19.6887,-13.3133,31129.7340,2380.4893,732.0611,655.1856,0.0000,0.0000
34.4833,19.6888,-13.3317,31120.5176,2379.1672,732.4698,656.6058,0.0000,0.0000
34.5000,19.6889,-13.3500,31111.4994,2377.8650,732.8785,658.0260,0.0000,0.0000
34.5167,19.6890,-13.3683,31102.6794,2376.5826,733.2871,659.4462,0.0000,0.0000
34.5333,19.6891,-13.3867,31094.0574,2375.3201,733.6957,660.8664,0.0000,0.0000
34.5500,19.6891,-13.4050,31085.6329,2374.0774,734.1042,662.2866,0.0000,0.0000
34.5667,19.6892,-13.4233,31077.4051,2372.8544,734.5127,663.7068,0.0000,0.0000
34.5833,19.6893,-13.4417,31069.3731,2371.6509,734.9212,665.1270,0.0000,0.0000
34.6000,19.6894,-13.4600,31061.5357,2370.4669,735.3296,666.5472,0.0000,0.0000
34.6167,19.6895,-13.4783,31053.8916,2369.3022,735.7380,667.9674,0.0000,0.0000
34.6333,19.6895,-13.4967,31046.4392,2368.1567,736.1463,669.3876,0.0000,0.0000
34.6500,19.6896,-13.5150,31039.1769,2367.0301,736.5546,670.8078,0.0000,0.0000
34.6667,19.6897,-13.5333,31032.1029,2365.9223,736.9628,672.2280,0.0000,0.0000
34.6833,19.6897,-13.5517,31025.2152,2364.8332,737.3710,673.6482,0.0000,0.0000
34.7000,19.6898,-13.5700,31018.5118,2363.7624,737.7792,675.0684,0.0000,0.0000
34.7167,19.6899,-13.5883,31011.9905,2362.7098,738.1873,676.4886,0.0000,0.0000
34.7333,19.6899,-13.6067,31005.6491,2361.6751,738.5954,677.9088,0.0000,0.0000
34.7500,19.6900,-13.6250,30999.4851,2360.6580,739.0034,679.3290,0.0000,0.0000
34.7667,19.6901,-13.6433,30993.4963,2359.6585,739.4114,680.7492,0.0000,0.0000
34.7833,19.6901,-13.6617,30987.6800,2358.6761,739.8194,682.1694,0.0000,0.0000
34.8000,19.6902,-13.6800,30982.0338,2357.7107,740.2273,683.5896,0.0000,0.0000
34.8167,19.6902,-13.6983,30976.5550,2356.7619,740.6352,685.0098,0.0000,0.0000
34.8333,19.6903,-13.7167,30971.2411,2355.8296,741.0431,686.4300,0.0000,0.0000
34.8500,19.6903,-13.7350,30966.0894,2354.9134,741.4509,687.8502,0.0000,0.0000
34.8667,19.6904,-13.7533,30961.0973,2354.0130,741.8587,689.2704,0.0000,0.0000
34.8833,19.6904,-13.7717,30956.2619,2353.1283,742.2664,690.6906,0.0000,0.0000
34.9000,19.6905,-13.7900,30951.5806,2352.2589,742.6741,692.1108,0.0000,0.0000
34.9167,19.6905,-13.8083,30947.0507,2351.4046,743.0818,693.5310,0.0000,0.0000
34.9333,19.6906,-13.8267,30942.6694,2350.5650,743.4895,694.9512,0.0000,0.0000
34.9500,19.6906,-13.8450,30938.4341,2349.7400,743.8971,696.3714,0.0000,0.0000
34.9667,19.6907,-13.8633,30934.3420,2348.9292,744.3047,697.7916,0.0000,0.0000
34.9833,19.6907,-13.8817,30930.3905,2348.1324,744.7122,699.2118,0.0000,0.0000
35.0000,19.6907,-13.9000,30926.5767,2347.3493,745.1197,700.6320,0.0000,0.0000
35.0167,19.6908,-13.9183,30923.1928,2346.6218,745.5272,700.6320,0.0000,0.0000
35.0333,19.6908,-13.9367,30920.2648,2345.9408,745.9345,700.6320,0.0000,0.0000
35.0500,19.6908,-13.9550,30917.7556,2345.3001,746.3417,700.6320,0.0000,0.0000
35.0667,19.6908,-13.9733,30915.6226,2344.6954,746.7489,700.6320,0.0000,0.0000
35.0833,19.6909,-13.9917,30913.8293,2344.1232,747.1559,700.6320,0.0000,0.0000
35.1000,19.6909,-14.0100,30912.3452,2343.5807,747.5630,700.6320,0.0000,0.0000
35.1167,19.6909,-14.0283,30911.1454,2343.0657,747.9699,700.6320,0.0000,0.0000
35.1333,19.6909,-14.0467,30910.2084,2342.5761,748.3768,700.6320,0.0000,0.0000
35.1500,19.6909,-14.0650,30909.5157,2342.1102,748.7836,700.6320,0.0000,0.0000
35.1667,19.6909,-14.0833,30909.0513,2341.6665,749.1904,700.6320,0.0000,0.0000
35.1833,19.6909,-14.1017,30908.8007,2341.2437,749.5971,700.6320,0.0000,0.0000
35.2000,19.6909,-14.1200,30908.7513,2340.8404,750.0038,700.6320,0.0000,0.0000
35.2167,19.6909,-14.1383,30908.8917,2340.4558,750.4104,700.6320,0.0000,0.0000
35.2333,19.6909,-14.1567,30909.2115,2340.0887,750.8171,700.6320,0.0000,0.0000
35.2500,19.6909,-14.1750,30909.7016,2339.7382,751.2236,700.6320,0.0000,0.0000
35.2667,19.6909,-14.1933,30910.3537,2339.4037,751.6302,700.6320,0.0000,0.0000
35.2833,19.6909,-14.2117,30911.1601,2339.0843,752.0366,700.6320,0.0000,0.0000
35.3000,19.6909,-14.2300,30912.1142,2338.7794,752.4431,700.6320,0.0000,0.0000
35.3167,19.6909,-14.2483,30913.2096,2338.4885,752.8495,700.6320,0.0000,0.0000
35.3333,19.6909,-14.2667,30914.4408,2338.2109,753.2559,700.6320,0.0000,0.0000
35.3500,19.6908,-14.2850,30915.8027,2337.9462,753.6623,700.6320,0.0000,0.0000
35.3667,19.6908,-14.3033,30917.2907,2337.6939,754.0687,700.6320,0.0000,0.0000
35.3833,19.6908,-14.3217,30918.9005,2337.4536,754.4750,700.6320,0.0000,0.0000
35.4000,19.6908,-14.3400,30920.6283,2337.2251,754.8813,700.6320,0.0000,0.0000
35.4167,19.6908,-14.3583,30922.4706,2337.0078,755.2875,700.6320,0.0000,0.0000
35.4333,19.6908,-14.3767,30924.4243,2336.8016,755.6938,700.6320,0.0000,0.0000
35.4500,19.6907,-14.3950,30926.4864,2336.6062,756.1000,700.6320,0.0000,0.0000
35.4667,19.6907,-14.4133,30928.6542,2336.4212,756.5062,700.6320,0.0000,0.0000
35.4833,19.6907,-14.4317,30930.9254,2336.2465,756.9124,700.6320,0.0000,0.0000
35.5000,19.6907,-14.4500,30933.2978,2336.0818,757.3185,700.6320,0.0000,0.0000
35.5167,19.6906,-14.4683,30935.7693,2335.9270,757.7246,700.6320,0.0000,0.0000
35.5333,19.6906,-14.4867,30938.3381,2335.7818,758.1308,700.6320,0.0000,0.0000
35.5500,19.6906,-14.5050,30941.0026,2335.6462,758.5368,700.6320,0.0000,0.0000
35.5667,19.6906,-14.5233,30943.7611,2335.5199,758.9429,700.6320,0.0000,0.0000
35.5833,19.6905,-14.5417,30946.6123,2335.4029,759.3489,700.6320,0.0000,0.0000
35.6000,19.6905,-14.5600,30949.5549,2335.2950,759.7550,700.6320,0.0000,0.0000
35.6167,19.6905,-14.5783,30952.5877,2335.1960,760.1610,700.6320,0.0000,0.0000
35.6333,19.6904,-14.5967,30955.7096,2335.1060,760.5670,700.6320,0.0000,0.0000
35.6500,19.6904,-14.6150,30958.9197,2335.0247,760.9729,700.6320,0.0000,0.0000
35.6667,19.6904,-14.6333,30962.2170,2334.9521,761.3789,700.6320,0.0000,0.0000
35.6833,19.6903,-14.6517,30965.6007,2334.8882,761.7848,700.6320,0.0000,0.0000
35.7000,19.6903,-14.6700,30969.0700,2334.8328,762.1907,700.6320,0.0000,0.0000
35.7167,19.6903,-14.6883,30972.6242,2334.7859,762.5966,700.6320,0.0000,0.0000
35.7333,19.6902,-14.7067,30976.2627,2334.7474,763.0024,700.6320,0.0000,0.0000
35.7500,19.6902,-14.7250,30979.9848,2334.7173,763.4083,700.6320,0.0000,0.0000
35.7667,19.6902,-14.7433,30983.7901,2334.6955,763.8141,700.6320,0.0000,0.0000
35.7833,19.6901,-14.7617,30987.6779,2334.6819,764.2199,700.6320,0.0000,0.0000
35.8000,19.6901,-14.7800,30991.6478,2334.6765,764.6257,700.6320,0.0000,0.0000
35.8167,19.6900,-14.7983,30995.6994,2334.6794,765.0315,700.6320,0.0000,0.0000
35.8333,19.6900,-14.8167,30999.8322,2334.6903,765.4373,700.6320,0.0000,0.0000
35.8500,19.6900,-14.8350,31004.0459,2334.7093,765.8430,700.6320,0.0000,0.0000
35.8667,19.6899,-14.8533,31008.3400,2334.7364,766.2487,700.6320,0.0000,0.0000
35.8833,19.6899,-14.8717,31012.7142,2334.7714,766.6544,700.6320,0.0000,0.0000
35.9000,19.6898,-14.8900,31017.1683,2334.8145,767.0601,700.6320,0.0000,0.0000
35.9167,19.6898,-14.9083,31021.7018,2334.8655,767.4658,700.6320,0.0000,0.0000
35.9333,19.6897,-14.9267,31026.3145,2334.9244,767.8714,700.6320,0.0000,0.0000
35.9500,19.6897,-14.9450,31031.0061,2334.9913,768.2771,700.6320,0.0000,0.0000
35.9667,19.6896,-14.9633,31035.7763,2335.0660,768.6827,700.6320,0.0000,0.0000
35.9833,19.6896,-14.9817,31040.6248,2335.1485,769.0883,700.6320,0.0000,0.0000
36.0000,19.6895,-15.0000,31045.5514,2335.2389,769.4939,700.6320,0.0000,0.0000
36.0167,19.6896,-15.0000,31043.4625,2334.7568,769.4943,699.2118,0.0000,0.0000
36.0333,19.6896,-15.0000,31039.7756,2334.3260,769.4952,697.7916,0.0000,0.0000
36.0500,19.6896,-15.0000,31035.9136,2333.9331,769.4960,696.3714,0.0000,0.0000
36.0667,19.6897,-15.0000,31032.2290,2333.5716,769.4968,694.9512,0.0000,0.0000
36.0833,19.6897,-15.0000,31028.7919,2333.2376,769.4976,693.5310,0.0000,0.0000
36.1000,19.6897,-15.0000,31026.5887,2332.9989,769.4981,692.1108,0.0000,0.0000
36.1167,19.6898,-15.0000,31024.4145,2332.7819,769.4986,690.6906,0.0000,0.0000
36.1333,19.6898,-15.0000,31022.3576,2332.5839,769.4990,689.2704,0.0000,0.0000
36.1500,19.6898,-15.0000,31020.4471,2332.4031,769.4995,687.8502,0.0000,0.0000
36.1667,19.6898,-15.0000,31018.6878,2332.2379,769.4998,686.4300,0.0000,0.0000
36.1833,19.6898,-15.0000,31017.0746,2332.0871,769.5002,685.0098,0.0000,0.0000
36.2000,19.6898,-15.0000,31015.5995,2331.9495,769.5005,683.5896,0.0000,0.0000
36.2167,19.6899,-15.0000,31014.2533,2331.8242,769.5008,682.1694,0.0000,0.0000
36.2333,19.6899,-15.0000,31013.0276,2331.7103,769.5011,680.7492,0.0000,0.0000
36.2500,19.6899,-15.0000,31011.9144,2331.6071,769.5013,679.3290,0.0000,0.0000
36.2667,19.6899,-15.0000,31010.9064,2331.5139,769.5016,677.9088,0.0000,0.0000
36.2833,19.6899,-15.0000,31009.9971,2331.4301,769.5018,676.4886,0.0000,0.0000
36.3000,19.6899,-15.0000,31009.1806,2331.3552,769.5020,675.0684,0.0000,0.0000
36.3167,19.6899,-15.0000,31008.4516,2331.2886,769.5021,673.6482,0.0000,0.0000
36.3333,19.6899,-15.0000,31007.8052,2331.2300,769.5023,672.2280,0.0000,0.0000
36.3500,19.6899,-15.0000,31007.2371,2331.1788,769.5024,670.8078,0.0000,0.0000
36.3667,19.6899,-15.0000,31006.7433,2331.1349,769.5025,669.3876,0.0000,0.0000
36.3833,19.6899,-15.0000,31006.3202,2331.0977,769.5026,667.9674,0.0000,0.0000
36.4000,19.6899,-15.0000,31005.9645,2331.0671,769.5027,666.5472,0.0000,0.0000
36.4167,19.6899,-15.0000,31005.6732,2331.0426,769.5027,665.1270,0.0000,0.0000
36.4333,19.6899,-15.0000,31005.4436,2331.0242,769.5028,663.7068,0.0000,0.0000
36.4500,19.6899,-15.0000,31005.2734,2331.0116,769.5028,662.2866,0.0000,0.0000
36.4667,19.6899,-15.0000,31005.1601,2331.0044,769.5028,660.8664,0.0000,0.0000
36.4833,19.6899,-15.0000,31005.1018,2331.0027,769.5029,659.4462,0.0000,0.0000
36.5000,19.6899,-15.0000,31005.0967,2331.0061,769.5029,658.0260,0.0000,0.0000
36.5167,19.6899,-15.0000,31005.1430,2331.0146,769.5028,656.6058,0.0000,0.0000
36.5333,19.6899,-15.0000,31005.2393,2331.0279,769.5028,655.1856,0.0000,0.0000
36.5500,19.6899,-15.0000,31005.3842,2331.0461,769.5028,653.7654,0.0000,0.0000
36.5667,19.6899,-15.0000,31005.5765,2331.0688,769.5028,652.3452,0.0000,0.0000
36.5833,19.6899,-15.0000,31005.8150,2331.0962,769.5027,650.9250,0.0000,0.0000
36.6000,19.6899,-15.0000,31006.0988,2331.1280,769.5026,649.5048,0.0000,0.0000
36.6167,19.6899,-15.0000,31006.4269,2331.1641,769.5026,648.0846,0.0000,0.0000
36.6333,19.6899,-15.0000,31006.7986,2331.2046,769.5025,646.6644,0.0000,0.0000
36.6500,19.6899,-15.0000,31007.2132,2331.2493,769.5024,645.2442,0.0000,0.0000
36.6667,19.6899,-15.0000,31007.6699,2331.2982,769.5023,643.8240,0.0000,0.0000
36.6833,19.6899,-15.0000,31008.1684,2331.3513,769.5022,642.4038,0.0000,0.0000
36.7000,19.6899,-15.0000,31008.7081,2331.4084,769.5021,640.9836,0.0000,0.0000
36.7167,19.6899,-15.0000,31009.2886,2331.4696,769.5019,639.5634,0.0000,0.0000
36.7333,19.6899,-15.0000,31009.9094,2331.5348,769.5018,638.1432,0.0000,0.0000
36.7500,19.6899,-15.0000,31010.5704,2331.6041,769.5016,636.7230,0.0000,0.0000
36.7667,19.6899,-15.0000,31011.2713,2331.6772,769.5015,635.3028,0.0000,0.0000
36.7833,19.6899,-15.0000,31012.0118,2331.7544,769.5013,633.8826,0.0000,0.0000
36.8000,19.6899,-15.0000,31012.7918,2331.8355,769.5011,632.4624,0.0000,0.0000
36.8167,19.6899,-15.0000,31013.6111,2331.9205,769.5010,631.0422,0.0000,0.0000
36.8333,19.6899,-15.0000,31014.4697,2332.0095,769.5008,629.6220,0.0000,0.0000
36.8500,19.6898,-15.0000,31015.3674,2332.1023,769.5006,628.2018,0.0000,0.0000
36.8667,19.6898,-15.0000,31016.3043,2332.1991,769.5004,626.7816,0.0000,0.0000
36.8833,19.6898,-15.0000,31017.2802,2332.2998,769.5002,625.3614,0.0000,0.0000
36.9000,19.6898,-15.0000,31018.2954,2332.4045,769.4999,623.9412,0.0000,0.0000
36.9167,19.6898,-15.0000,31019.3496,2332.5130,769.4997,622.5210,0.0000,0.0000
36.9333,19.6898,-15.0000,31020.4431,2332.6255,769.4995,621.1008,0.0000,0.0000
36.9500,19.6898,-15.0000,31021.5758,2332.7419,769.4992,619.6806,0.0000,0.0000
36.9667,19.6898,-15.0000,31022.7479,2332.8623,769.4989,618.2604,0.0000,0.0000
36.9833,19.6898,-15.0000,31023.9595,2332.9867,769.4987,616.8402,0.0000,0.0000
37.0000,19.6897,-15.0000,31025.2106,2333.1150,769.4984,615.4200,0.0000,0.0000
37.0167,19.6897,-15.0000,31026.6873,2333.2788,769.4981,612.7374,0.0000,0.0000
37.0333,19.6897,-15.0000,31028.4293,2333.4727,769.4977,610.0548,0.0000,0.0000
37.0500,19.6897,-15.0000,31030.4339,2333.6930,769.4972,607.3722,0.0000,0.0000
37.0667,19.6897,-15.0000,31032.6847,2333.9369,769.4967,604.6896,0.0000,0.0000
37.0833,19.6896,-15.0000,31035.1631,2334.2022,769.4962,602.0070,0.0000,0.0000
37.1000,19.6896,-15.0000,31037.8515,2334.4873,769.4956,599.3244,0.0000,0.0000
37.1167,19.6896,-15.0000,31040.7349,2334.7907,769.4950,596.6418,0.0000,0.0000
37.1333,19.6896,-15.0000,31043.8008,2335.1116,769.4943,593.9592,0.0000,0.0000
37.1500,19.6895,-15.0000,31047.0388,2335.4489,769.4936,591.2766,0.0000,0.0000
37.1667,19.6895,-15.0000,31050.4401,2335.8019,769.4928,588.5940,0.0000,0.0000
37.1833,19.6895,-15.0000,31053.9975,2336.1700,769.4920,585.9114,0.0000,0.0000
37.2000,19.6894,-15.0000,31057.7048,2336.5527,769.4912,583.2288,0.0000,0.0000
37.2167,19.6894,-15.0000,31061.5569,2336.9495,769.4903,580.5462,0.0000,0.0000
37.2333,19.6893,-15.0000,31065.5493,2337.3600,769.4894,577.8636,0.0000,0.0000
37.2500,19.6893,-15.0000,31069.6781,2337.7839,769.4885,575.1810,0.0000,0.0000
37.2667,19.6893,-15.0000,31073.9400,2338.2209,769.4876,572.4984,0.0000,0.0000
37.2833,19.6892,-15.0000,31078.3319,2338.6707,769.4866,569.8158,0.0000,0.0000
37.3000,19.6892,-15.0000,31082.8515,2339.1331,769.4856,567.1332,0.0000,0.0000
37.3167,19.6891,-15.0000,31087.4963,2339.6078,769.4846,564.4506,0.0000,0.0000
37.3333,19.6891,-15.0000,31092.2643,2340.0948,769.4835,561.7680,0.0000,0.0000
37.3500,19.6890,-15.0000,31097.1538,2340.5938,769.4824,559.0854,0.0000,0.0000
37.3667,19.6890,-15.0000,31102.1630,2341.1047,769.4813,556.4028,0.0000,0.0000
37.3833,19.6889,-15.0000,31107.2905,2341.6274,769.4802,553.7202,0.0000,0.0000
37.4000,19.6889,-15.0000,31112.5351,2342.1617,769.4790,551.0376,0.0000,0.0000
37.4167,19.6888,-15.0000,31117.8953,2342.7074,769.4778,548.3550,0.0000,0.0000
37.4333,19.6888,-15.0000,31123.3703,2343.2646,769.4766,545.6724,0.0000,0.0000
37.4500,19.6887,-15.0000,31128.9588,2343.8331,769.4754,542.9898,0.0000,0.0000
37.4667,19.6887,-15.0000,31134.6600,2344.4128,769.4741,540.3072,0.0000,0.0000
37.4833,19.6886,-15.0000,31140.4730,2345.0037,769.4728,537.6246,0.0000,0.0000
37.5000,19.6885,-15.0000,31146.3970,2345.6056,769.4715,534.9420,0.0000,0.0000
37.5167,19.6885,-15.0000,31152.4312,2346.2185,769.4702,532.2594,0.0000,0.0000
37.5333,19.6884,-15.0000,31158.5747,2346.8423,769.4688,529.5768,0.0000,0.0000
37.5500,19.6884,-15.0000,31164.8271,2347.4770,769.4674,526.8942,0.0000,0.0000
37.5667,19.6883,-15.0000,31171.1875,2348.1224,769.4660,524.2116,0.0000,0.0000
37.5833,19.6882,-15.0000,31177.6554,2348.7786,769.4646,521.5290,0.0000,0.0000
37.6000,19.6882,-15.0000,31184.2300,2349.4454,769.4631,518.8464,0.0000,0.0000
37.6167,19.6881,-15.0000,31190.9110,2350.1229,769.4616,516.1638,0.0000,0.0000
37.6333,19.6880,-15.0000,31197.6975,2350.8108,769.4601,513.4812,0.0000,0.0000
37.6500,19.6880,-15.0000,31204.5891,2351.5093,769.4586,510.7986,0.0000,0.0000
37.6667,19.6879,-15.0000,31211.5852,2352.2182,769.4571,508.1160,0.0000,0.0000
37.6833,19.6878,-15.0000,31218.6853,2352.9375,769.4555,505.4334,0.0000,0.0000
37.7000,19.6877,-15.0000,31225.8889,2353.6671,769.4539,502.7508,0.0000,0.0000
37.7167,19.6877,-15.0000,31233.1953,2354.4069,769.4523,500.0682,0.0000,0.0000
37.7333,19.6876,-15.0000,31240.6040,2355.1570,769.4506,497.3856,0.0000,0.0000
37.7500,19.6875,-15.0000,31248.1146,2355.9173,769.4489,494.7030,0.0000,0.0000
37.7667,19.6874,-15.0000,31255.7265,2356.6876,769.4473,492.0204,0.0000,0.0000
37.7833,19.6874,-15.0000,31263.4392,2357.4681,769.4456,489.3378,0.0000,0.0000
37.8000,19.6873,-15.0000,31271.2521,2358.2585,769.4438,486.6552,0.0000,0.0000
37.8167,19.6872,-15.0000,31279.1648,2359.0589,769.4421,483.9726,0.0000,0.0000
37.8333,19.6871,-15.0000,31287.1767,2359.8692,769.4403,481.2900,0.0000,0.0000
37.8500,19.6870,-15.0000,31295.2873,2360.6894,769.4385,478.6074,0.0000,0.0000
37.8667,19.6870,-15.0000,31303.4961,2361.5193,769.4367,475.9248,0.0000,0.0000
37.8833,19.6869,-15.0000,31311.8025,2362.3590,769.4348,473.2422,0.0000,0.0000
37.9000,19.6868,-15.0000,31320.2060,2363.2084,769.4330,470.5596,0.0000,0.0000
37.9167,19.6867,-15.0000,31328.7062,2364.0675,769.4311,467.8770,0.0000,0.0000
37.9333,19.6866,-15.0000,31337.3024,2364.9361,769.4292,465.1944,0.0000,0.0000
37.9500,19.6865,-15.0000,31345.9941,2365.8142,769.4272,462.5118,0.0000,0.0000
37.9667,19.6865,-15.0000,31354.7809,2366.7019,769.4253,459.8292,0.0000,0.0000
37.9833,19.6864,-15.0000,31363.6622,2367.5990,769.4233,457.1466,0.0000,0.0000
38.0000,19.6863,-15.0000,31372.6373,2368.5054,769.4213,454.4640,0.0000,0.0000
38.0167,19.6861,-15.0183,31387.5423,2370.0734,769.8247,450.9924,0.0000,0.0000
38.0333,19.6859,-15.0367,31411.6853,2371.9205,770.2260,447.5208,0.0000,0.0000
38.0500,19.6857,-15.0550,31434.7430,2373.7826,770.6276,444.0492,0.0000,0.0000
38.0667,19.6854,-15.0733,31457.5900,2375.6577,771.0292,440.5776,0.0000,0.0000
38.0833,19.6852,-15.0917,31480.4765,2377.5467,771.4308,437.1060,0.0000,0.0000
38.1000,19.6850,-15.1100,31503.4797,2379.4504,771.8324,433.6344,0.0000,0.0000
38.1167,19.6847,-15.1283,31526.6282,2381.3698,772.2339,430.1628,0.0000,0.0000
38.1333,19.6845,-15.1467,31549.9360,2383.3058,772.6354,426.6912,0.0000,0.0000
38.1500,19.6843,-15.1650,31573.4122,2385.2590,773.0369,423.2196,0.0000,0.0000
38.1667,19.6840,-15.1833,31597.0639,2387.2301,773.4383,419.7480,0.0000,0.0000
38.1833,19.6838,-15.2017,31620.8971,2389.2196,773.8397,416.2764,0.0000,0.0000
38.2000,19.6836,-15.2200,31644.9169,2391.2281,774.2410,412.8048,0.0000,0.0000
38.2167,19.6833,-15.2383,31669.1277,2393.2558,774.6423,409.3332,0.0000,0.0000
38.2333,19.6831,-15.2567,31693.5336,2395.3033,775.0436,405.8616,0.0000,0.0000
38.2500,19.6828,-15.2750,31718.1378,2397.3708,775.4448,402.3900,0.0000,0.0000
38.2667,19.6826,-15.2933,31742.9432,2399.4586,775.8460,398.9184,0.0000,0.0000
38.2833,19.6823,-15.3117,31767.9524,2401.5669,776.2471,395.4468,0.0000,0.0000
38.3000,19.6821,-15.3300,31793.1672,2403.6960,776.6482,391.9752,0.0000,0.0000
38.3167,19.6818,-15.3483,31818.5894,2405.8458,777.0492,388.5036,0.0000,0.0000
38.3333,19.6816,-15.3667,31844.2202,2408.0166,777.4502,385.0320,0.0000,0.0000
38.3500,19.6813,-15.3850,31870.0605,2410.2085,777.8512,381.5604,0.0000,0.0000
38.3667,19.6810,-15.4033,31896.1110,2412.4214,778.2521,378.0888,0.0000,0.0000
38.3833,19.6808,-15.4217,31922.3721,2414.6555,778.6529,374.6172,0.0000,0.0000
38.4000,19.6805,-15.4400,31948.8438,2416.9107,779.0537,371.1456,0.0000,0.0000
38.4167,19.6802,-15.4583,31975.5259,2419.1869,779.4545,367.6740,0.0000,0.0000
38.4333,19.6800,-15.4767,32002.4182,2421.4842,779.8552,364.2024,0.0000,0.0000
38.4500,19.6797,-15.4950,32029.5200,2423.8025,780.2559,360.7308,0.0000,0.0000
38.4667,19.6794,-15.5133,32056.8305,2426.1417,780.6565,357.2592,0.0000,0.0000
38.4833,19.6792,-15.5317,32084.3488,2428.5016,781.0570,353.7876,0.0000,0.0000
38.5000,19.6789,-15.5500,32112.0738,2430.8823,781.4576,350.3160,0.0000,0.0000
38.5167,19.6786,-15.5683,32140.0042,2433.2834,781.8580,346.8444,0.0000,0.0000
38.5333,19.6783,-15.5867,32168.1386,2435.7050,782.2585,343.3728,0.0000,0.0000
38.5500,19.6780,-15.6050,32196.4755,2438.1467,782.6589,339.9012,0.0000,0.0000
38.5667,19.6777,-15.6233,32225.0134,2440.6086,783.0592,336.4296,0.0000,0.0000
38.5833,19.6775,-15.6417,32253.7504,2443.0903,783.4595,332.9580,0.0000,0.0000
38.6000,19.6772,-15.6600,32282.6848,2445.5917,783.8598,329.4864,0.0000,0.0000
38.6167,19.6769,-15.6783,32311.8147,2448.1127,784.2600,326.0148,0.0000,0.0000
38.6333,19.6766,-15.6967,32341.1381,2450.6530,784.6602,322.5432,0.0000,0.0000
38.6500,19.6763,-15.7150,32370.6530,2453.2123,785.0603,319.0716,0.0000,0.0000
38.6667,19.6760,-15.7333,32400.3574,2455.7906,785.4604,315.6000,0.0000,0.0000
38.6833,19.6757,-15.7517,32430.2490,2458.3876,785.8604,312.1284,0.0000,0.0000
38.7000,19.6754,-15.7700,32460.3258,2461.0030,786.2604,308.6568,0.0000,0.0000
38.7167,19.6751,-15.7883,32490.5854,2463.6366,786.6604,305.1852,0.0000,0.0000
38.7333,19.6748,-15.8067,32521.0257,2466.2883,787.0603,301.7136,0.0000,0.0000
38.7500,19.6745,-15.8250,32551.6444,2468.9577,787.4602,298.2420,0.0000,0.0000
38.7667,19.6742,-15.8433,32582.4392,2471.6447,787.8600,294.7704,0.0000,0.0000
38.7833,19.6739,-15.8617,32613.4078,2474.3490,788.2598,291.2988,0.0000,0.0000
38.8000,19.6736,-15.8800,32644.5478,2477.0705,788.6596,287.8272,0.0000,0.0000
38.8167,19.6732,-15.8983,32675.8569,2479.8087,789.0593,284.3556,0.0000,0.0000
38.8333,19.6729,-15.9167,32707.3329,2482.5636,789.4590,280.8840,0.0000,0.0000
38.8500,19.6726,-15.9350,32738.9732,2485.3348,789.8587,277.4124,0.0000,0.0000
38.8667,19.6723,-15.9533,32770.7756,2488.1222,790.2583,273.9408,0.0000,0.0000
38.8833,19.6720,-15.9717,32802.7378,2490.9255,790.6579,270.4692,0.0000,0.0000
38.9000,19.6717,-15.9900,32834.8573,2493.7445,791.0575,266.9976,0.0000,0.0000
38.9167,19.6713,-16.0083,32867.1319,2496.5790,791.4570,263.5260,0.0000,0.0000
38.9333,19.6710,-16.0267,32899.5592,2499.4286,791.8564,260.0544,0.0000,0.0000
38.9500,19.6707,-16.0450,32932.1368,2502.2932,792.2559,256.5828,0.0000,0.0000
38.9667,19.6704,-16.0633,32964.8626,2505.1726,792.6553,253.1112,0.0000,0.0000
38.9833,19.6700,-16.0817,32997.7341,2508.0664,793.0547,249.6396,0.0000,0.0000
39.0000,19.6697,-16.1000,33030.7491,2510.9746,793.4541,246.1680,0.0000,0.0000
39.0167,19.6694,-16.1183,33063.9386,2513.9015,793.8534,242.5386,0.0000,0.0000
39.0333,19.6690,-16.1367,33097.3039,2516.8461,794.2526,238.9092,0.0000,0.0000
39.0500,19.6687,-16.1550,33130.8397,2519.8076,794.6519,235.2798,0.0000,0.0000
39.0667,19.6684,-16.1733,33164.5410,2522.7855,795.0511,231.6504,0.0000,0.0000
39.0833,19.6680,-16.1917,33198.4039,2525.7794,795.4502,228.0210,0.0000,0.0000
39.1000,19.6677,-16.2100,33232.4260,2528.7891,795.8494,224.3916,0.0000,0.0000
39.1167,19.6673,-16.2283,33266.6057,2531.8146,796.2485,220.7622,0.0000,0.0000
39.1333,19.6670,-16.2467,33300.9419,2534.8557,796.6475,217.1328,0.0000,0.0000
39.1500,19.6666,-16.2650,33335.4342,2537.9124,797.0465,213.5034,0.0000,0.0000
39.1667,19.6663,-16.2833,33370.0824,2540.9848,797.4455,209.8740,0.0000,0.0000
39.1833,19.6660,-16.3017,33404.8862,2544.0727,797.8445,206.2446,0.0000,0.0000
39.2000,19.6656,-16.3200,33439.8457,2547.1762,798.2434,202.6152,0.0000,0.0000
39.2167,19.6653,-16.3383,33474.9607,2550.2954,798.6423,198.9858,0.0000,0.0000
39.2333,19.6649,-16.3567,33510.2311,2553.4300,799.0411,195.3564,0.0000,0.0000
39.2500,19.6645,-16.3750,33545.6566,2556.5803,799.4400,191.7270,0.0000,0.0000
39.2667,19.6642,-16.3933,33581.2370,2559.7460,799.8387,188.0976,0.0000,0.0000
39.2833,19.6638,-16.4117,33616.9718,2562.9272,800.2375,184.4682,0.0000,0.0000
39.3000,19.6635,-16.4300,33652.8604,2566.1238,800.6362,180.8388,0.0000,0.0000
39.3167,19.6631,-16.4483,33688.9024,2569.3357,801.0349,177.2094,0.0000,0.0000
39.3333,19.6627,-16.4667,33725.0968,2572.5629,801.4335,173.5800,0.0000,0.0000
39.3500,19.6624,-16.4850,33761.4428,2575.8052,801.8322,169.9506,0.0000,0.0000
39.3667,19.6620,-16.5033,33797.9395,2579.0626,802.2307,166.3212,0.0000,0.0000
39.3833,19.6617,-16.5217,33834.5859,2582.3349,802.6293,162.6918,0.0000,0.0000
39.4000,19.6613,-16.5400,33871.3807,2585.6221,803.0278,159.0624,0.0000,0.0000
39.4167,19.6609,-16.5583,33908.3227,2588.9240,803.4263,155.4330,0.0000,0.0000
39.4333,19.6605,-16.5767,33945.4107,2592.2405,803.8247,151.8036,0.0000,0.0000
39.4500,19.6602,-16.5950,33982.6433,2595.5713,804.2231,148.1742,0.0000,0.0000
39.4667,19.6598,-16.6133,34020.0190,2598.9165,804.6215,144.5448,0.0000,0.0000
39.4833,19.6594,-16.6317,34057.5362,2602.2758,805.0199,140.9154,0.0000,0.0000
39.5000,19.6590,-16.6500,34095.1934,2605.6491,805.4182,137.2860,0.0000,0.0000
39.5167,19.6587,-16.6683,34132.9890,2609.0361,805.8165,133.6566,0.0000,0.0000
39.5333,19.6583,-16.6867,34170.9213,2612.4368,806.2147,130.0272,0.0000,0.0000
39.5500,19.6579,-16.7050,34208.9885,2615.8509,806.6130,126.3978,0.0000,0.0000
39.5667,19.6575,-16.7233,34247.1890,2619.2783,807.0112,122.7684,0.0000,0.0000
39.5833,19.6571,-16.7417,34285.5207,2622.7188,807.4094,119.1390,0.0000,0.0000
39.6000,19.6568,-16.7600,34323.9820,2626.1722,807.8075,115.5096,0.0000,0.0000
39.6167,19.6564,-16.7783,34362.5710,2629.6384,808.2056,111.8802,0.0000,0.0000
39.6333,19.6560,-16.7967,34401.2857,2633.1170,808.6037,108.2508,0.0000,0.0000
39.6500,19.6556,-16.8150,34440.1243,2636.6080,809.0018,104.6214,0.0000,0.0000
39.6667,19.6552,-16.8333,34479.0848,2640.1111,809.3998,100.9920,0.0000,0.0000
39.6833,19.6548,-16.8517,34518.1653,2643.6261,809.7978,97.3626,0.0000,0.0000
39.7000,19.6544,-16.8700,34557.3637,2647.1529,810.1958,93.7332,0.0000,0.0000
39.7167,19.6540,-16.8883,34596.6781,2650.6913,810.5937,90.1038,0.0000,0.0000
39.7333,19.6536,-16.9067,34636.1066,2654.2410,810.9917,86.4744,0.0000,0.0000
39.7500,19.6532,-16.9250,34675.6471,2657.8018,811.3896,82.8450,0.0000,0.0000
39.7667,19.6528,-16.9433,34715.2975,2661.3735,811.7875,79.2156,0.0000,0.0000
39.7833,19.6524,-16.9617,34755.0560,2664.9561,812.1853,75.5862,0.0000,0.0000
39.8000,19.6521,-16.9800,34794.9205,2668.5491,812.5831,71.9568,0.0000,0.0000
39.8167,19.6517,-16.9983,34834.8890,2672.1525,812.9809,68.3274,0.0000,0.0000
39.8333,19.6513,-17.0167,34874.9594,2675.7660,813.3787,64.6980,0.0000,0.0000
39.8500,19.6508,-17.0350,34915.1299,2679.3895,813.7765,61.0686,0.0000,0.0000
39.8667,19.6504,-17.0533,34955.3983,2683.0227,814.1742,57.4392,0.0000,0.0000
39.8833,19.6500,-17.0717,34995.7627,2686.6654,814.5720,53.8098,0.0000,0.0000
39.9000,19.6496,-17.0900,35036.2210,2690.3175,814.9697,50.1804,0.0000,0.0000
39.9167,19.6492,-17.1083,35076.7714,2693.9787,815.3673,46.5510,0.0000,0.0000
39.9333,19.6488,-17.1267,35117.4118,2697.6488,815.7650,42.9216,0.0000,0.0000
39.9500,19.6484,-17.1450,35158.1402,2701.3277,816.1626,39.2922,0.0000,0.0000
39.9667,19.6480,-17.1633,35198.9548,2705.0151,816.5603,35.6628,0.0000,0.0000
39.9833,19.6476,-17.1817,35239.8534,2708.7109,816.9579,32.0334,0.0000,0.0000
40.0000,19.6472,-17.2000,35280.8342,2712.4148,817.3555,28.4040,0.0000,0.0000
40.0167,19.6468,-17.2100,35317.9265,2715.7564,817.5691,27.9306,0.0000,0.0000
40.0333,19.6465,-17.2200,35353.5243,2719.0422,817.7830,27.4572,0.0000,0.0000
40.0500,19.6461,-17.2300,35388.3621,2722.2808,817.9971,26.9838,0.0000,0.0000
40.0667,19.6458,-17.2400,35422.6977,2725.4794,818.2113,26.5104,0.0000,0.0000
40.0833,19.6454,-17.2500,35456.6425,2728.6434,818.4256,26.0370,0.0000,0.0000
40.1000,19.6451,-17.2600,35490.2572,2731.7767,818.6399,25.5636,0.0000,0.0000
40.1167,19.6448,-17.2700,35523.5808,2734.8825,818.8544,25.0902,0.0000,0.0000
40.1333,19.6444,-17.2800,35556.6410,2737.9631,819.0689,24.6168,0.0000,0.0000
40.1500,19.6441,-17.2900,35589.4587,2741.0202,819.2834,24.1434,0.0000,0.0000
40.1667,19.6438,-17.3000,35622.0500,2744.0553,819.4980,23.6700,0.0000,0.0000
40.1833,19.6435,-17.3100,35654.4275,2747.0694,819.7126,23.1966,0.0000,0.0000
40.2000,19.6431,-17.3200,35686.6014,2750.0636,819.9273,22.7232,0.0000,0.0000
40.2167,19.6428,-17.3300,35718.5797,2753.0386,820.1421,22.2498,0.0000,0.0000
40.2333,19.6425,-17.3400,35750.3691,2755.9948,820.3568,21.7764,0.0000,0.0000
40.2500,19.6422,-17.3500,35781.9750,2758.9329,820.5716,21.3030,0.0000,0.0000
40.2667,19.6419,-17.3600,35813.4018,2761.8533,820.7865,20.8296,0.0000,0.0000
40.2833,19.6416,-17.3700,35844.6534,2764.7562,821.0014,20.3562,0.0000,0.0000
40.3000,19.6412,-17.3800,35875.7328,2767.6420,821.2163,19.8828,0.0000,0.0000
40.3167,19.6409,-17.3900,35906.6429,2770.5110,821.4313,19.4094,0.0000,0.0000
40.3333,19.6406,-17.4000,35937.3858,2773.3633,821.6463,18.9360,0.0000,0.0000
40.3500,19.6403,-17.4100,35967.9637,2776.1991,821.8613,18.4626,0.0000,0.0000
40.3667,19.6400,-17.4200,35998.3783,2779.0187,822.0764,17.9892,0.0000,0.0000
40.3833,19.6397,-17.4300,36028.6312,2781.8221,822.2915,17.5158,0.0000,0.0000
40.4000,19.6394,-17.4400,36058.7240,2784.6096,822.5067,17.0424,0.0000,0.0000
40.4167,19.6391,-17.4500,36088.6581,2787.3811,822.7218,16.5690,0.0000,0.0000
40.4333,19.6388,-17.4600,36118.4346,2790.1370,822.9371,16.0956,0.0000,0.0000
40.4500,19.6385,-17.4700,36148.0550,2792.8773,823.1523,15.6222,0.0000,0.0000
40.4667,19.6382,-17.4800,36177.5205,2795.6020,823.3676,15.1488,0.0000,0.0000
40.4833,19.6379,-17.4900,36206.8322,2798.3114,823.5829,14.6754,0.0000,0.0000
40.5000,19.6376,-17.5000,36235.9913,2801.0056,823.7983,14.2020,0.0000,0.0000
40.5167,19.6374,-17.5100,36264.9990,2803.6847,824.0137,13.7286,0.0000,0.0000
40.5333,19.6371,-17.5200,36293.8566,2806.3487,824.2291,13.2552,0.0000,0.0000
40.5500,19.6368,-17.5300,36322.5653,2808.9979,824.4445,12.7818,0.0000,0.0000
40.5667,19.6365,-17.5400,36351.1262,2811.6323,824.6600,12.3084,0.0000,0.0000
40.5833,19.6362,-17.5500,36379.5407,2814.2522,824.8755,11.8350,0.0000,0.0000
40.6000,19.6359,-17.5600,36407.8099,2816.8575,825.0911,11.3616,0.0000,0.0000
40.6167,19.6356,-17.5700,36435.9353,2819.4484,825.3067,10.8882,0.0000,0.0000
40.6333,19.6354,-17.5800,36463.9180,2822.0251,825.5223,10.4148,0.0000,0.0000
40.6500,19.6351,-17.5900,36491.7594,2824.5877,825.7379,9.9414,0.0000,0.0000
40.6667,19.6348,-17.6000,36519.4609,2827.1363,825.9536,9.4680,0.0000,0.0000
40.6833,19.6345,-17.6100,36547.0237,2829.6710,826.1693,8.9946,0.0000,0.0000
40.7000,19.6343,-17.6200,36574.4493,2832.1921,826.3851,8.5212,0.0000,0.0000
40.7167,19.6340,-17.6300,36601.7390,2834.6996,826.6008,8.0478,0.0000,0.0000
40.7333,19.6337,-17.6400,36628.8943,2837.1938,826.8166,7.5744,0.0000,0.0000
40.7500,19.6334,-17.6500,36655.9165,2839.6746,827.0325,7.1010,0.0000,0.0000
40.7667,19.6332,-17.6600,36682.8070,2842.1423,827.2483,6.6276,0.0000,0.0000
40.7833,19.6329,-17.6700,36709.5673,2844.5970,827.4642,6.1542,0.0000,0.0000
40.8000,19.6326,-17.6800,36736.1988,2847.0388,827.6801,5.6808,0.0000,0.0000
40.8167,19.6324,-17.6900,36762.7030,2849.4680,827.8961,5.2074,0.0000,0.0000
40.8333,19.6321,-17.7000,36789.0811,2851.8845,828.1120,4.7340,0.0000,0.0000
40.8500,19.6318,-17.7100,36815.3348,2854.2887,828.3280,4.2606,0.0000,0.0000
40.8667,19.6316,-17.7200,36841.4654,2856.6806,828.5441,3.7872,0.0000,0.0000
40.8833,19.6313,-17.7300,36867.4742,2859.0603,828.7601,3.3138,0.0000,0.0000
40.9000,19.6311,-17.7400,36893.3629,2861.4281,828.9762,2.8404,0.0000,0.0000
40.9167,19.6308,-17.7500,36919.1326,2863.7840,829.1923,2.3670,0.0000,0.0000
40.9333,19.6306,-17.7600,36944.7850,2866.1282,829.4084,1.8936,0.0000,0.0000
40.9500,19.6303,-17.7700,36970.3213,2868.4608,829.6246,1.4202,0.0000,0.0000
40.9667,19.6300,-17.7800,36995.7430,2870.7820,829.8408,0.9468,0.0000,0.0000
40.9833,19.6298,-17.7900,37021.0514,2873.0919,830.0570,0.4734,0.0000,0.0000
41.0000,19.6296,-17.8000,37038.9190,2874.9577,830.2749,0.0000,0.0000,0.0000
41.0167,19.6294,-17.8000,37055.1671,2876.4554,830.2713,0.0000,0.0000,0.0000
41.0333,19.6293,-17.8000,37070.6322,2877.9426,830.2678,0.0000,0.0000,0.0000
41.0500,19.6291,-17.8000,37085.6862,2879.4188,830.2645,0.0000,0.0000,0.0000
41.0667,19.6290,-17.8000,37100.4956,2880.8840,830.2612,0.0000,0.0000,0.0000
41.0833,19.6288,-17.8000,37115.1363,2882.3384,830.2579,0.0000,0.0000,0.0000
41.1000,19.6287,-17.8000,37129.6438,2883.7823,830.2547,0.0000,0.0000,0.0000
41.1167,19.6286,-17.8000,37144.0349,2885.2159,830.2515,0.0000,0.0000,0.0000
41.1333,19.6284,-17.8000,37158.3182,2886.6394,830.2484,0.0000,0.0000,0.0000
41.1500,19.6283,-17.8000,37172.4981,2888.0529,830.2452,0.0000,0.0000,0.0000
41.1667,19.6281,-17.8000,37186.5770,2889.4564,830.2421,0.0000,0.0000,0.0000
41.1833,19.6280,-17.8000,37200.5565,2890.8501,830.2390,0.0000,0.0000,0.0000
41.2000,19.6279,-17.8000,37214.4372,2892.2340,830.2359,0.0000,0.0000,0.0000
41.2167,19.6277,-17.8000,37228.2197,2893.6080,830.2329,0.0000,0.0000,0.0000
41.2333,19.6276,-17.8000,37241.9041,2894.9722,830.2298,0.0000,0.0000,0.0000
41.2500,19.6274,-17.8000,37255.4906,2896.3267,830.2268,0.0000,0.0000,0.0000
41.2667,19.6273,-17.8000,37268.9793,2897.6713,830.2238,0.0000,0.0000,0.0000
41.2833,19.6272,-17.8000,37282.3700,2899.0061,830.2209,0.0000,0.0000,0.0000
41.3000,19.6270,-17.8000,37295.6628,2900.3311,830.2179,0.0000,0.0000,0.0000
41.3167,19.6269,-17.8000,37308.8575,2901.6462,830.2150,0.0000,0.0000,0.0000
41.3333,19.6268,-17.8000,37321.9543,2902.9516,830.2121,0.0000,0.0000,0.0000
41.3500,19.6267,-17.8000,37334.9529,2904.2471,830.2092,0.0000,0.0000,0.0000
41.3667,19.6265,-17.8000,37347.8534,2905.5327,830.2063,0.0000,0.0000,0.0000
41.3833,19.6264,-17.8000,37360.6558,2906.8086,830.2035,0.0000,0.0000,0.0000
41.4000,19.6263,-17.8000,37373.3602,2908.0746,830.2007,0.0000,0.0000,0.0000
41.4167,19.6261,-17.8000,37385.9666,2909.3308,830.1979,0.0000,0.0000,0.0000
41.4333,19.6260,-17.8000,37398.4752,2910.5772,830.1951,0.0000,0.0000,0.0000
41.4500,19.6259,-17.8000,37410.8862,2911.8138,830.1923,0.0000,0.0000,0.0000
41.4667,19.6258,-17.8000,37423.1996,2913.0407,830.1896,0.0000,0.0000,0.0000
41.4833,19.6256,-17.8000,37435.4158,2914.2578,830.1869,0.0000,0.0000,0.0000
41.5000,19.6255,-17.8000,37447.5350,2915.4653,830.1842,0.0000,0.0000,0.0000
41.5167,19.6254,-17.8000,37459.5575,2916.6630,830.1815,0.0000,0.0000,0.0000
41.5333,19.6253,-17.8000,37471.4837,2917.8512,830.1789,0.0000,0.0000,0.0000
41.5500,19.6252,-17.8000,37483.3138,2919.0297,830.1763,0.0000,0.0000,0.0000
41.5667,19.6250,-17.8000,37495.0484,2920.1987,830.1737,0.0000,0.0000,0.0000
41.5833,19.6249,-17.8000,37506.6878,2921.3582,830.1711,0.0000,0.0000,0.0000
41.6000,19.6248,-17.8000,37518.2325,2922.5082,830.1685,0.0000,0.0000,0.0000
41.6167,19.6247,-17.8000,37529.6830,2923.6488,830.1660,0.0000,0.0000,0.0000
41.6333,19.6246,-17.8000,37541.0398,2924.7801,830.1635,0.0000,0.0000,0.0000
41.6500,19.6245,-17.8000,37552.3034,2925.9021,830.1610,0.0000,0.0000,0.0000
41.6667,19.6244,-17.8000,37563.4744,2927.0148,830.1585,0.0000,0.0000,0.0000
41.6833,19.6243,-17.8000,37574.5534,2928.1183,830.1560,0.0000,0.0000,0.0000
41.7000,19.6241,-17.8000,37585.5409,2929.2128,830.1536,0.0000,0.0000,0.0000
41.7167,19.6240,-17.8000,37596.4376,2930.2982,830.1512,0.0000,0.0000,0.0000
41.7333,19.6239,-17.8000,37607.2442,2931.3745,830.1488,0.0000,0.0000,0.0000
41.7500,19.6238,-17.8000,37617.9612,2932.4420,830.1464,0.0000,0.0000,0.0000
41.7667,19.6237,-17.8000,37628.5894,2933.5006,830.1441,0.0000,0.0000,0.0000
41.7833,19.6236,-17.8000,37639.1294,2934.5504,830.1417,0.0000,0.0000,0.0000
41.8000,19.6235,-17.8000,37649.5819,2935.5915,830.1394,0.0000,0.0000,0.0000
41.8167,19.6234,-17.8000,37659.9477,2936.6240,830.1371,0.0000,0.0000,0.0000
41.8333,19.6233,-17.8000,37670.2273,2937.6479,830.1348,0.0000,0.0000,0.0000
41.8500,19.6232,-17.8000,37680.4217,2938.6632,830.1326,0.0000,0.0000,0.0000
41.8667,19.6231,-17.8000,37690.5314,2939.6702,830.1303,0.0000,0.0000,0.0000
41.8833,19.6230,-17.8000,37700.5573,2940.6688,830.1281,0.0000,0.0000,0.0000
41.9000,19.6229,-17.8000,37710.5000,2941.6591,830.1259,0.0000,0.0000,0.0000
41.9167,19.6228,-17.8000,37720.3604,2942.6413,830.1237,0.0000,0.0000,0.0000
41.9333,19.6227,-17.8000,37730.1391,2943.6153,830.1215,0.0000,0.0000,0.0000
41.9500,19.6226,-17.8000,37739.8369,2944.5812,830.1194,0.0000,0.0000,0.0000
41.9667,19.6225,-17.8000,37749.4547,2945.5392,830.1172,0.0000,0.0000,0.0000
41.9833,19.6224,-17.8000,37758.9930,2946.4893,830.1151,0.0000,0.0000,0.0000
42.0000,19.6223,-17.8000,37768.4528,2947.4316,830.1130,0.0000,0.0000,0.0000
42.0167,19.6222,-17.8083,37780.4418,2948.6548,830.2952,0.0000,0.0000,0.0000
42.0333,19.6221,-17.8167,37793.4970,2949.8657,830.4772,0.0000,0.0000,0.0000
42.0500,19.6219,-17.8250,37806.9788,2951.0673,830.6590,0.0000,0.0000,0.0000
42.0667,19.6218,-17.8333,37820.6083,2952.2609,830.8409,0.0000,0.0000,0.0000
42.0833,19.6217,-17.8417,37834.2637,2953.4473,831.0227,0.0000,0.0000,0.0000
42.1000,19.6215,-17.8500,37847.8927,2954.6267,831.2045,0.0000,0.0000,0.0000
42.1167,19.6214,-17.8583,37861.4733,2955.7995,831.3864,0.0000,0.0000,0.0000
42.1333,19.6213,-17.8667,37874.9964,2956.9658,831.5682,0.0000,0.0000,0.0000
42.1500,19.6211,-17.8750,37888.4593,2958.1257,831.7501,0.0000,0.0000,0.0000
42.1667,19.6210,-17.8833,37901.8614,2959.2796,831.9320,0.0000,0.0000,0.0000
42.1833,19.6208,-17.8917,37915.2036,2960.4275,832.1139,0.0000,0.0000,0.0000
42.2000,19.6207,-17.9000,37928.4872,2961.5696,832.2958,0.0000,0.0000,0.0000
42.2167,19.6206,-17.9083,37941.7135,2962.7061,832.4777,0.0000,0.0000,0.0000
42.2333,19.6205,-17.9167,37954.8841,2963.8371,832.6596,0.0000,0.0000,0.0000
42.2500,19.6203,-17.9250,37968.0005,2964.9627,832.8416,0.0000,0.0000,0.0000
42.2667,19.6202,-17.9333,37981.0642,2966.0833,833.0235,0.0000,0.0000,0.0000
42.2833,19.6201,-17.9417,37994.0768,2967.1988,833.2055,0.0000,0.0000,0.0000
42.3000,19.6199,-17.9500,38007.0395,2968.3094,833.3874,0.0000,0.0000,0.0000
42.3167,19.6198,-17.9583,38019.9539,2969.4152,833.5694,0.0000,0.0000,0.0000
42.3333,19.6197,-17.9667,38032.8211,2970.5165,833.7514,0.0000,0.0000,0.0000
42.3500,19.6195,-17.9750,38045.6425,2971.6132,833.9334,0.0000,0.0000,0.0000
42.3667,19.6194,-17.9833,38058.4193,2972.7056,834.1155,0.0000,0.0000,0.0000
42.3833,19.6193,-17.9917,38071.1526,2973.7936,834.2975,0.0000,0.0000,0.0000
42.4000,19.6192,-18.0000,38083.8435,2974.8776,834.4795,0.0000,0.0000,0.0000
42.4167,19.6190,-18.0083,38096.4930,2975.9574,834.6616,0.0000,0.0000,0.0000
42.4333,19.6189,-18.0167,38109.1021,2977.0333,834.8436,0.0000,0.0000,0.0000
42.4500,19.6188,-18.0250,38121.6719,2978.1053,835.0257,0.0000,0.0000,0.0000
42.4667,19.6187,-18.0333,38134.2031,2979.1735,835.2078,0.0000,0.0000,0.0000
42.4833,19.6185,-18.0417,38146.6966,2980.2379,835.3898,0.0000,0.0000,0.0000
42.5000,19.6184,-18.0500,38159.1532,2981.2988,835.5719,0.0000,0.0000,0.0000
42.5167,19.6183,-18.0583,38171.5737,2982.3561,835.7540,0.0000,0.0000,0.0000
42.5333,19.6182,-18.0667,38183.9587,2983.4098,835.9361,0.0000,0.0000,0.0000
42.5500,19.6180,-18.0750,38196.3091,2984.4602,836.1183,0.0000,0.0000,0.0000
42.5667,19.6179,-18.0833,38208.6253,2985.5072,836.3004,0.0000,0.0000,0.0000
42.5833,19.6178,-18.0917,38220.9080,2986.5508,836.4825,0.0000,0.0000,0.0000
42.6000,19.6177,-18.1000,38233.1577,2987.5912,836.6646,0.0000,0.0000,0.0000
42.6167,19.6175,-18.1083,38245.3751,2988.6284,836.8468,0.0000,0.0000,0.0000
42.6333,19.6174,-18.1167,38257.5606,2989.6625,837.0289,0.0000,0.0000,0.0000
42.6500,19.6173,-18.1250,38269.7146,2990.6934,837.2111,0.0000,0.0000,0.0000
42.6667,19.6172,-18.1333,38281.8376,2991.7212,837.3932,0.0000,0.0000,0.0000
42.6833,19.6171,-18.1417,38293.9300,2992.7460,837.5754,0.0000,0.0000,0.0000
42.7000,19.6169,-18.1500,38305.9922,2993.7679,837.7576,0.0000,0.0000,0.0000
42.7167,19.6168,-18.1583,38318.0246,2994.7867,837.9398,0.0000,0.0000,0.0000
42.7333,19.6167,-18.1667,38330.0275,2995.8026,838.1220,0.0000,0.0000,0.0000
42.7500,19.6166,-18.1750,38342.0012,2996.8156,838.3042,0.0000,0.0000,0.0000
42.7667,19.6165,-18.1833,38353.9460,2997.8258,838.4864,0.0000,0.0000,0.0000
42.7833,19.6163,-18.1917,38365.8622,2998.8331,838.6686,0.0000,0.0000,0.0000
42.8000,19.6162,-18.2000,38377.7501,2999.8375,838.8508,0.0000,0.0000,0.0000
42.8167,19.6161,-18.2083,38389.6098,3000.8392,839.0330,0.0000,0.0000,0.0000
42.8333,19.6160,-18.2167,38401.4416,3001.8381,839.2152,0.0000,0.0000,0.0000
42.8500,19.6159,-18.2250,38413.2457,3002.8342,839.3975,0.0000,0.0000,0.0000
42.8667,19.6157,-18.2333,38425.0223,3003.8276,839.5797,0.0000,0.0000,0.0000
42.8833,19.6156,-18.2417,38436.7716,3004.8183,839.7620,0.0000,0.0000,0.0000
42.9000,19.6155,-18.2500,38448.4936,3005.8062,839.9442,0.0000,0.0000,0.0000
42.9167,19.6154,-18.2583,38460.1886,3006.7915,840.1265,0.0000,0.0000,0.0000
42.9333,19.6153,-18.2667,38471.8567,3007.7740,840.3087,0.0000,0.0000,0.0000
42.9500,19.6152,-18.2750,38483.4981,3008.7539,840.4910,0.0000,0.0000,0.0000
42.9667,19.6150,-18.2833,38495.1127,3009.7311,840.6733,0.0000,0.0000,0.0000
42.9833,19.6149,-18.2917,38506.7007,3010.7057,840.8556,0.0000,0.0000,0.0000
43.0000,19.6148,-18.3000,38518.2623,3011.6776,841.0379,0.0000,0.0000,0.0000
43.0167,19.6147,-18.3000,38527.1888,3012.3579,841.0359,0.0000,0.0000,0.0000
43.0333,19.6147,-18.3000,38534.9448,3013.0401,841.0342,0.0000,0.0000,0.0000
43.0500,19.6146,-18.3000,38542.1711,3013.7215,841.0325,0.0000,0.0000,0.0000
43.0667,19.6145,-18.3000,38549.1483,3014.4007,841.0310,0.0000,0.0000,0.0000
43.0833,19.6144,-18.3000,38555.9996,3015.0773,841.0295,0.0000,0.0000,0.0000
43.1000,19.6144,-18.3000,38562.7787,3015.7511,841.0280,0.0000,0.0000,0.0000
43.1167,19.6143,-18.3000,38569.5092,3016.4219,841.0265,0.0000,0.0000,0.0000
43.1333,19.6142,-18.3000,38576.2014,3017.0897,841.0250,0.0000,0.0000,0.0000
43.1500,19.6142,-18.3000,38582.8598,3017.7545,841.0235,0.0000,0.0000,0.0000
43.1667,19.6141,-18.3000,38589.4863,3018.4163,841.0221,0.0000,0.0000,0.0000
43.1833,19.6140,-18.3000,38596.0817,3019.0749,841.0206,0.0000,0.0000,0.0000
43.2000,19.6140,-18.3000,38602.6461,3019.7306,841.0191,0.0000,0.0000,0.0000
43.2167,19.6139,-18.3000,38609.1797,3020.3831,841.0177,0.0000,0.0000,0.0000
43.2333,19.6138,-18.3000,38615.6823,3021.0325,841.0162,0.0000,0.0000,0.0000
43.2500,19.6138,-18.3000,38622.1539,3021.6788,841.0148,0.0000,0.0000,0.0000
43.2667,19.6137,-18.3000,38628.5942,3022.3220,841.0134,0.0000,0.0000,0.0000
43.2833,19.6136,-18.3000,38635.0032,3022.9620,841.0120,0.0000,0.0000,0.0000
43.3000,19.6136,-18.3000,38641.3808,3023.5988,841.0105,0.0000,0.0000,0.0000
43.3167,19.6135,-18.3000,38647.7268,3024.2325,841.0091,0.0000,0.0000,0.0000
43.3333,19.6135,-18.3000,38654.0411,3024.8630,841.0077,0.0000,0.0000,0.0000
43.3500,19.6134,-18.3000,38660.3235,3025.4903,841.0063,0.0000,0.0000,0.0000
43.3667,19.6133,-18.3000,38666.5741,3026.1143,841.0050,0.0000,0.0000,0.0000
43.3833,19.6133,-18.3000,38672.7927,3026.7352,841.0036,0.0000,0.0000,0.0000
43.4000,19.6132,-18.3000,38678.9792,3027.3529,841.0022,0.0000,0.0000,0.0000
43.4167,19.6131,-18.3000,38685.1336,3027.9673,841.0008,0.0000,0.0000,0.0000
43.4333,19.6131,-18.3000,38691.2559,3028.5785,840.9995,0.0000,0.0000,0.0000
43.4500,19.6130,-18.3000,38697.3459,3029.1865,840.9981,0.0000,0.0000,0.0000
43.4667,19.6130,-18.3000,38703.4036,3029.7912,840.9968,0.0000,0.0000,0.0000
43.4833,19.6129,-18.3000,38709.4291,3030.3927,840.9954,0.0000,0.0000,0.0000
43.5000,19.6128,-18.3000,38715.4223,3030.9910,840.9941,0.0000,0.0000,0.0000
43.5167,19.6128,-18.3000,38721.3833,3031.5860,840.9928,0.0000,0.0000,0.0000
43.5333,19.6127,-18.3000,38727.3119,3032.1778,840.9915,0.0000,0.0000,0.0000
43.5500,19.6127,-18.3000,38733.2083,3032.7664,840.9902,0.0000,0.0000,0.0000
43.5667,19.6126,-18.3000,38739.0725,3033.3517,840.9889,0.0000,0.0000,0.0000
43.5833,19.6126,-18.3000,38744.9045,3033.9338,840.9876,0.0000,0.0000,0.0000
43.6000,19.6125,-18.3000,38750.7043,3034.5127,840.9863,0.0000,0.0000,0.0000
43.6167,19.6124,-18.3000,38756.4721,3035.0884,840.9850,0.0000,0.0000,0.0000
43.6333,19.6124,-18.3000,38762.2078,3035.6609,840.9837,0.0000,0.0000,0.0000
43.6500,19.6123,-18.3000,38767.9116,3036.2302,840.9825,0.0000,0.0000,0.0000
43.6667,19.6123,-18.3000,38773.5835,3036.7962,840.9812,0.0000,0.0000,0.0000
43.6833,19.6122,-18.3000,38779.2235,3037.3591,840.9800,0.0000,0.0000,0.0000
43.7000,19.6122,-18.3000,38784.8319,3037.9189,840.9787,0.0000,0.0000,0.0000
43.7167,19.6121,-18.3000,38790.4086,3038.4755,840.9775,0.0000,0.0000,0.0000
43.7333,19.6120,-18.3000,38795.9538,3039.0289,840.9763,0.0000,0.0000,0.0000
43.7500,19.6120,-18.3000,38801.4676,3039.5792,840.9750,0.0000,0.0000,0.0000
43.7667,19.6119,-18.3000,38806.9501,3040.1263,840.9738,0.0000,0.0000,0.0000
43.7833,19.6119,-18.3000,38812.4014,3040.6703,840.9726,0.0000,0.0000,0.0000
43.8000,19.6118,-18.3000,38817.8216,3041.2113,840.9714,0.0000,0.0000,0.0000
43.8167,19.6118,-18.3000,38823.2109,3041.7491,840.9702,0.0000,0.0000,0.0000
43.8333,19.6117,-18.3000,38828.5693,3042.2838,840.9690,0.0000,0.0000,0.0000
43.8500,19.6117,-18.3000,38833.8970,3042.8155,840.9678,0.0000,0.0000,0.0000
43.8667,19.6116,-18.3000,38839.1942,3043.3442,840.9667,0.0000,0.0000,0.0000
43.8833,19.6116,-18.3000,38844.4609,3043.8697,840.9655,0.0000,0.0000,0.0000
43.9000,19.6115,-18.3000,38849.6974,3044.3923,840.9643,0.0000,0.0000,0.0000
43.9167,19.6115,-18.3000,38854.9037,3044.9119,840.9632,0.0000,0.0000,0.0000
43.9333,19.6114,-18.3000,38860.0800,3045.4284,840.9620,0.0000,0.0000,0.0000
43.9500,19.6113,-18.3000,38865.2265,3045.9420,840.9609,0.0000,0.0000,0.0000
43.9667,19.6113,-18.3000,38870.3432,3046.4526,840.9598,0.0000,0.0000,0.0000
43.9833,19.6112,-18.3000,38875.4304,3046.9603,840.9586,0.0000,0.0000,0.0000
44.0000,19.6112,-18.3000,38880.4882,3047.4650,840.9575,0.0000,0.0000,0.0000
44.0167,19.6111,-18.3100,38888.6491,3048.3139,841.1775,0.0000,0.0000,0.0000
44.0333,19.6110,-18.3200,38898.1559,3049.1546,841.3972,0.0000,0.0000,0.0000
44.0500,19.6109,-18.3300,38908.2395,3049.9905,841.6168,0.0000,0.0000,0.0000
44.0667,19.6108,-18.3400,38918.5636,3050.8232,841.8363,0.0000,0.0000,0.0000
44.0833,19.6107,-18.3500,38928.9815,3051.6532,842.0559,0.0000,0.0000,0.0000
44.1000,19.6106,-18.3600,38939.4295,3052.4811,842.2754,0.0000,0.0000,0.0000
44.1167,19.6105,-18.3700,38949.8809,3053.3071,842.4949,0.0000,0.0000,0.0000
44.1333,19.6104,-18.3800,38960.3246,3054.1315,842.7144,0.0000,0.0000,0.0000
44.1500,19.6103,-18.3900,38970.7571,3054.9544,842.9339,0.0000,0.0000,0.0000
44.1667,19.6102,-18.4000,38981.1777,3055.7761,843.1534,0.0000,0.0000,0.0000
44.1833,19.6101,-18.4100,38991.5873,3056.5967,843.3729,0.0000,0.0000,0.0000
44.2000,19.6100,-18.4200,39001.9873,3057.4165,843.5924,0.0000,0.0000,0.0000
44.2167,19.6099,-18.4300,39012.3793,3058.2356,843.8119,0.0000,0.0000,0.0000
44.2333,19.6098,-18.4400,39022.7653,3059.0542,844.0315,0.0000,0.0000,0.0000
44.2500,19.6097,-18.4500,39033.1470,3059.8725,844.2510,0.0000,0.0000,0.0000
44.2667,19.6096,-18.4600,39043.5260,3060.6907,844.4705,0.0000,0.0000,0.0000
44.2833,19.6095,-18.4700,39053.9041,3061.5089,844.6900,0.0000,0.0000,0.0000
44.3000,19.6094,-18.4800,39064.2830,3062.3274,844.9095,0.0000,0.0000,0.0000
44.3167,19.6093,-18.4900,39074.6640,3063.1461,845.1291,0.0000,0.0000,0.0000
44.3333,19.6091,-18.5000,39085.0488,3063.9653,845.3486,0.0000,0.0000,0.0000
44.3500,19.6090,-18.5100,39095.4386,3064.7851,845.5681,0.0000,0.0000,0.0000
44.3667,19.6089,-18.5200,39105.8347,3065.6057,845.7876,0.0000,0.0000,0.0000
44.3833,19.6088,-18.5300,39116.2384,3066.4271,846.0071,0.0000,0.0000,0.0000
44.4000,19.6087,-18.5400,39126.6508,3067.2495,846.2267,0.0000,0.0000,0.0000
44.4167,19.6086,-18.5500,39137.0728,3068.0729,846.4462,0.0000,0.0000,0.0000
44.4333,19.6085,-18.5600,39147.5055,3068.8974,846.6657,0.0000,0.0000,0.0000
44.4500,19.6084,-18.5700,39157.9498,3069.7232,846.8852,0.0000,0.0000,0.0000
44.4667,19.6083,-18.5800,39168.4065,3070.5503,847.1047,0.0000,0.0000,0.0000
44.4833,19.6082,-18.5900,39178.8763,3071.3787,847.3242,0.0000,0.0000,0.0000
44.5000,19.6081,-18.6000,39189.3599,3072.2086,847.5437,0.0000,0.0000,0.0000
44.5167,19.6080,-18.6100,39199.8579,3073.0400,847.7632,0.0000,0.0000,0.0000
44.5333,19.6079,-18.6200,39210.3710,3073.8729,847.9827,0.0000,0.0000,0.0000
44.5500,19.6078,-18.6300,39220.8996,3074.7074,848.2022,0.0000,0.0000,0.0000
44.5667,19.6077,-18.6400,39231.4442,3075.5436,848.4216,0.0000,0.0000,0.0000
44.5833,19.6076,-18.6500,39242.0051,3076.3814,848.6411,0.0000,0.0000,0.0000
44.6000,19.6075,-18.6600,39252.5828,3077.2209,848.8606,0.0000,0.0000,0.0000
44.6167,19.6074,-18.6700,39263.1774,3078.0622,849.0801,0.0000,0.0000,0.0000
44.6333,19.6073,-18.6800,39273.7894,3078.9052,849.2995,0.0000,0.0000,0.0000
44.6500,19.6072,-18.6900,39284.4188,3079.7499,849.5190,0.0000,0.0000,0.0000
44.6667,19.6070,-18.7000,39295.0660,3080.5965,849.7385,0.0000,0.0000,0.0000
44.6833,19.6069,-18.7100,39305.7309,3081.4448,849.9579,0.0000,0.0000,0.0000
44.7000,19.6068,-18.7200,39316.4138,3082.2950,850.1774,0.0000,0.0000,0.0000
44.7167,19.6067,-18.7300,39327.1147,3083.1470,850.3968,0.0000,0.0000,0.0000
44.7333,19.6066,-18.7400,39337.8336,3084.0008,850.6163,0.0000,0.0000,0.0000
44.7500,19.6065,-18.7500,39348.5706,3084.8563,850.8357,0.0000,0.0000,0.0000
44.7667,19.6064,-18.7600,39359.3256,3085.7137,851.0551,0.0000,0.0000,0.0000
44.7833,19.6063,-18.7700,39370.0986,3086.5729,851.2746,0.0000,0.0000,0.0000
44.8000,19.6062,-18.7800,39380.8895,3087.4339,851.4940,0.0000,0.0000,0.0000
44.8167,19.6061,-18.7900,39391.6983,3088.2967,851.7134,0.0000,0.0000,0.0000
44.8333,19.6060,-18.8000,39402.5248,3089.1612,851.9329,0.0000,0.0000,0.0000
44.8500,19.6059,-18.8100,39413.3688,3090.0275,852.1523,0.0000,0.0000,0.0000
44.8667,19.6058,-18.8200,39424.2303,3090.8955,852.3717,0.0000,0.0000,0.0000
44.8833,19.6056,-18.8300,39435.1091,3091.7653,852.5911,0.0000,0.0000,0.0000
44.9000,19.6055,-18.8400,39446.0050,3092.6367,852.8105,0.0000,0.0000,0.0000
44.9167,19.6054,-18.8500,39456.9177,3093.5099,853.0299,0.0000,0.0000,0.0000
44.9333,19.6053,-18.8600,39467.8472,3094.3846,853.2493,0.0000,0.0000,0.0000
44.9500,19.6052,-18.8700,39478.7931,3095.2611,853.4687,0.0000,0.0000,0.0000
44.9667,19.6051,-18.8800,39489.7552,3096.1391,853.6881,0.0000,0.0000,0.0000
44.9833,19.6050,-18.8900,39500.7333,3097.0187,853.9075,0.0000,0.0000,0.0000
45.0000,19.6049,-18.9000,39511.7271,3097.8998,854.1269,0.0000,0.0000,0.0000
45.0167,19.6048,-18.9083,39522.2140,3098.7246,854.3094,0.0000,0.0000,0.0000
45.0333,19.6047,-18.9167,39532.4865,3099.5517,854.4920,0.0000,0.0000,0.0000
45.0500,19.6046,-18.9250,39542.6728,3100.3807,854.6746,0.0000,0.0000,0.0000
45.0667,19.6045,-18.9333,39552.8286,3101.2111,854.8572,0.0000,0.0000,0.0000
45.0833,19.6044,-18.9417,39562.9782,3102.0428,855.0398,0.0000,0.0000,0.0000
45.1000,19.6043,-18.9500,39573.1319,3102.8758,855.2224,0.0000,0.0000,0.0000
45.1167,19.6042,-18.9583,39583.2939,3103.7100,855.4050,0.0000,0.0000,0.0000
45.1333,19.6041,-18.9667,39593.4656,3104.5453,855.5875,0.0000,0.0000,0.0000
45.1500,19.6040,-18.9750,39603.6474,3105.3816,855.7701,0.0000,0.0000,0.0000
45.1667,19.6039,-18.9833,39613.8389,3106.2189,855.9527,0.0000,0.0000,0.0000
45.1833,19.6038,-18.9917,39624.0397,3107.0571,856.1353,0.0000,0.0000,0.0000
45.2000,19.6037,-19.0000,39634.2493,3107.8961,856.3179,0.0000,0.0000,0.0000
45.2167,19.6036,-19.0083,39644.4669,3108.7359,856.5005,0.0000,0.0000,0.0000
45.2333,19.6035,-19.0167,39654.6919,3109.5763,856.6831,0.0000,0.0000,0.0000
45.2500,19.6034,-19.0250,39664.9237,3110.4174,856.8657,0.0000,0.0000,0.0000
45.2667,19.6032,-19.0333,39675.1616,3111.2591,857.0482,0.0000,0.0000,0.0000
45.2833,19.6031,-19.0417,39685.4050,3112.1013,857.2308,0.0000,0.0000,0.0000
45.3000,19.6030,-19.0500,39695.6534,3112.9439,857.4134,0.0000,0.0000,0.0000
45.3167,19.6029,-19.0583,39705.9060,3113.7869,857.5960,0.0000,0.0000,0.0000
45.3333,19.6028,-19.0667,39716.1623,3114.6302,857.7786,0.0000,0.0000,0.0000
45.3500,19.6027,-19.0750,39726.4218,3115.4738,857.9611,0.0000,0.0000,0.0000
45.3667,19.6026,-19.0833,39736.6838,3116.3177,858.1437,0.0000,0.0000,0.0000
45.3833,19.6025,-19.0917,39746.9480,3117.1616,858.3263,0.0000,0.0000,0.0000
45.4000,19.6024,-19.1000,39757.2136,3118.0057,858.5089,0.0000,0.0000,0.0000
45.4167,19.6023,-19.1083,39767.4804,3118.8499,858.6914,0.0000,0.0000,0.0000
45.4333,19.6022,-19.1167,39777.7476,3119.6941,858.8740,0.0000,0.0000,0.0000
45.4500,19.6021,-19.1250,39788.0150,3120.5383,859.0566,0.0000,0.0000,0.0000
45.4667,19.6020,-19.1333,39798.2821,3121.3824,859.2392,0.0000,0.0000,0.0000
45.4833,19.6019,-19.1417,39808.5484,3122.2264,859.4217,0.0000,0.0000,0.0000
45.5000,19.6018,-19.1500,39818.8134,3123.0702,859.6043,0.0000,0.0000,0.0000
45.5167,19.6017,-19.1583,39829.0769,3123.9139,859.7869,0.0000,0.0000,0.0000
45.5333,19.6016,-19.1667,39839.3383,3124.7573,859.9695,0.0000,0.0000,0.0000
45.5500,19.6015,-19.1750,39849.5974,3125.6005,860.1520,0.0000,0.0000,0.0000
45.5667,19.6014,-19.1833,39859.8537,3126.4433,860.3346,0.0000,0.0000,0.0000
45.5833,19.6013,-19.1917,39870.1068,3127.2858,860.5172,0.0000,0.0000,0.0000
45.6000,19.6012,-19.2000,39880.3565,3128.1279,860.6998,0.0000,0.0000,0.0000
45.6167,19.6011,-19.2083,39890.6024,3128.9697,860.8824,0.0000,0.0000,0.0000
45.6333,19.6010,-19.2167,39900.8442,3129.8110,861.0649,0.0000,0.0000,0.0000
45.6500,19.6009,-19.2250,39911.0815,3130.6518,861.2475,0.0000,0.0000,0.0000
45.6667,19.6008,-19.2333,39921.3141,3131.4921,861.4301,0.0000,0.0000,0.0000
45.6833,19.6007,-19.2417,39931.5416,3132.3319,861.6127,0.0000,0.0000,0.0000
45.7000,19.6006,-19.2500,39941.7638,3133.1711,861.7953,0.0000,0.0000,0.0000
45.7167,19.6005,-19.2583,39951.9804,3134.0098,861.9779,0.0000,0.0000,0.0000
45.7333,19.6004,-19.2667,39962.1910,3134.8478,862.1604,0.0000,0.0000,0.0000
45.7500,19.6003,-19.2750,39972.3955,3135.6852,862.3430,0.0000,0.0000,0.0000
45.7667,19.6002,-19.2833,39982.5935,3136.5219,862.5256,0.0000,0.0000,0.0000
45.7833,19.6001,-19.2917,39992.7848,3137.3580,862.7082,0.0000,0.0000,0.0000
45.8000,19.6000,-19.3000,40002.9691,3138.1933,862.8908,0.0000,0.0000,0.0000
45.8167,19.5999,-19.3083,40013.1463,3139.0279,863.0734,0.0000,0.0000,0.0000
45.8333,19.5998,-19.3167,40023.3160,3139.8617,863.2560,0.0000,0.0000,0.0000
45.8500,19.5997,-19.3250,40033.4780,3140.6947,863.4386,0.0000,0.0000,0.0000
45.8667,19.5996,-19.3333,40043.6321,3141.5269,863.6212,0.0000,0.0000,0.0000
45.8833,19.5995,-19.3417,40053.7780,3142.3583,863.8038,0.0000,0.0000,0.0000
45.9000,19.5994,-19.3500,40063.9155,3143.1888,863.9864,0.0000,0.0000,0.0000
45.9167,19.5993,-19.3583,40074.0443,3144.0185,864.1690,0.0000,0.0000,0.0000
45.9333,19.5992,-19.3667,40084.1643,3144.8472,864.3516,0.0000,0.0000,0.0000
45.9500,19.5991,-19.3750,40094.2753,3145.6750,864.5342,0.0000,0.0000,0.0000
45.9667,19.5990,-19.3833,40104.3768,3146.5019,864.7168,0.0000,0.0000,0.0000
45.9833,19.5989,-19.3917,40114.4689,3147.3277,864.8995,0.0000,0.0000,0.0000
46.0000,19.5988,-19.4000,40124.5511,3148.1526,865.0821,0.0000,0.0000,0.0000
46.0167,19.5987,-19.3917,40129.3940,3148.3965,864.8961,0.0000,0.0000,0.0000
46.0333,19.5987,-19.3833,40131.9276,3148.6474,864.7107,0.0000,0.0000,0.0000
46.0500,19.5987,-19.3750,40133.4361,3148.9002,864.5255,0.0000,0.0000,0.0000
46.0667,19.5987,-19.3667,40134.4819,3149.1524,864.3405,0.0000,0.0000,0.0000
46.0833,19.5986,-19.3583,40135.3104,3149.4027,864.1554,0.0000,0.0000,0.0000
46.1000,19.5986,-19.3500,40136.0276,3149.6506,863.9704,0.0000,0.0000,0.0000
46.1167,19.5986,-19.3417,40136.6784,3149.8955,863.7854,0.0000,0.0000,0.0000
46.1333,19.5986,-19.3333,40137.2806,3150.1370,863.6004,0.0000,0.0000,0.0000
46.1500,19.5986,-19.3250,40137.8398,3150.3747,863.4155,0.0000,0.0000,0.0000
46.1667,19.5986,-19.3167,40138.3565,3150.6081,863.2305,0.0000,0.0000,0.0000
46.1833,19.5986,-19.3083,40138.8285,3150.8370,863.0455,0.0000,0.0000,0.0000
46.2000,19.5986,-19.3000,40139.2530,3151.0609,862.8606,0.0000,0.0000,0.0000
46.2167,19.5986,-19.2917,40139.6265,3151.2794,862.6756,0.0000,0.0000,0.0000
46.2333,19.5986,-19.2833,40139.9454,3151.4921,862.4907,0.0000,0.0000,0.0000
46.2500,19.5986,-19.2750,40140.2060,3151.6988,862.3058,0.0000,0.0000,0.0000
46.2667,19.5986,-19.2667,40140.4049,3151.8990,862.1209,0.0000,0.0000,0.0000
46.2833,19.5986,-19.2583,40140.5386,3152.0925,861.9360,0.0000,0.0000,0.0000
46.3000,19.5986,-19.2500,40140.6039,3152.2788,861.7512,0.0000,0.0000,0.0000
46.3167,19.5986,-19.2417,40140.5976,3152.4577,861.5663,0.0000,0.0000,0.0000
46.3333,19.5986,-19.2333,40140.5166,3152.6289,861.3815,0.0000,0.0000,0.0000
46.3500,19.5986,-19.2250,40140.3581,3152.7921,861.1967,0.0000,0.0000,0.0000
46.3667,19.5986,-19.2167,40140.1193,3152.9471,861.0119,0.0000,0.0000,0.0000
46.3833,19.5986,-19.2083,40139.7975,3153.0935,860.8271,0.0000,0.0000,0.0000
46.4000,19.5986,-19.2000,40139.3901,3153.2312,860.6423,0.0000,0.0000,0.0000
46.4167,19.5986,-19.1917,40138.8948,3153.3599,860.4576,0.0000,0.0000,0.0000
46.4333,19.5986,-19.1833,40138.3091,3153.4793,860.2729,0.0000,0.0000,0.0000
46.4500,19.5986,-19.1750,40137.6307,3153.5893,860.0882,0.0000,0.0000,0.0000
46.4667,19.5986,-19.1667,40136.8574,3153.6895,859.9035,0.0000,0.0000,0.0000
46.4833,19.5986,-19.1583,40135.9868,3153.7799,859.7188,0.0000,0.0000,0.0000
46.5000,19.5986,-19.1500,40135.0167,3153.8601,859.5342,0.0000,0.0000,0.0000
46.5167,19.5987,-19.1417,40133.9447,3153.9299,859.3496,0.0000,0.0000,0.0000
46.5333,19.5987,-19.1333,40132.7684,3153.9890,859.1650,0.0000,0.0000,0.0000
46.5500,19.5987,-19.1250,40131.4852,3154.0372,858.9804,0.0000,0.0000,0.0000
46.5667,19.5987,-19.1167,40130.0921,3154.0742,858.7959,0.0000,0.0000,0.0000
46.5833,19.5987,-19.1083,40128.5858,3154.0996,858.6113,0.0000,0.0000,0.0000
46.6000,19.5987,-19.1000,40126.9625,3154.1128,858.4268,0.0000,0.0000,0.0000
46.6167,19.5987,-19.0917,40125.2173,3154.1135,858.2424,0.0000,0.0000,0.0000
46.6333,19.5988,-19.0833,40123.3440,3154.1006,858.0579,0.0000,0.0000,0.0000
46.6500,19.5988,-19.0750,40121.3335,3154.0732,857.8735,0.0000,0.0000,0.0000
46.6667,19.5988,-19.0667,40119.1722,3154.0289,857.6892,0.0000,0.0000,0.0000
46.6833,19.5988,-19.0583,40116.8334,3153.9623,857.5048,0.0000,0.0000,0.0000
46.7000,19.5989,-19.0500,40114.2242,3153.8657,857.3206,0.0000,0.0000,0.0000
46.7167,19.5989,-19.0417,40111.4352,3153.7703,857.1363,0.0000,0.0000,0.0000
46.7333,19.5989,-19.0333,40108.6347,3153.6723,856.9521,0.0000,0.0000,0.0000
46.7500,19.5989,-19.0250,40105.8031,3153.5706,856.7679,0.0000,0.0000,0.0000
46.7667,19.5990,-19.0167,40102.9312,3153.4643,856.5837,0.0000,0.0000,0.0000
46.7833,19.5990,-19.0083,40100.0134,3153.3532,856.3994,0.0000,0.0000,0.0000
46.8000,19.5990,-19.0000,40097.0460,3153.2368,856.2153,0.0000,0.0000,0.0000
46.8167,19.5991,-18.9917,40094.0267,3153.1151,856.0311,0.0000,0.0000,0.0000
46.8333,19.5991,-18.9833,40090.9534,3152.9879,855.8469,0.0000,0.0000,0.0000
46.8500,19.5991,-18.9750,40087.8251,3152.8551,855.6627,0.0000,0.0000,0.0000
46.8667,19.5992,-18.9667,40084.6407,3152.7166,855.4786,0.0000,0.0000,0.0000
46.8833,19.5992,-18.9583,40081.3997,3152.5723,855.2945,0.0000,0.0000,0.0000
46.9000,19.5992,-18.9500,40078.1015,3152.4224,855.1103,0.0000,0.0000,0.0000
46.9167,19.5993,-18.9417,40074.7460,3152.2667,854.9262,0.0000,0.0000,0.0000
46.9333,19.5993,-18.9333,40071.3331,3152.1052,854.7421,0.0000,0.0000,0.0000
46.9500,19.5993,-18.9250,40067.8627,3151.9379,854.5581,0.0000,0.0000,0.0000
46.9667,19.5994,-18.9167,40064.3349,3151.7650,854.3740,0.0000,0.0000,0.0000
46.9833,19.5994,-18.9083,40060.7499,3151.5863,854.1899,0.0000,0.0000,0.0000
47.0000,19.5994,-18.9000,40055.9432,3151.4468,854.0061,0.0000,0.0000,0.0000
47.0167,19.5994,-18.9083,40059.4879,3151.8682,854.1902,0.0000,0.0000,0.0000
47.0333,19.5994,-18.9167,40064.8458,3152.2747,854.3739,0.0000,0.0000,0.0000
47.0500,19.5993,-18.9250,40070.5443,3152.6710,854.5575,0.0000,0.0000,0.0000
47.0667,19.5992,-18.9333,40075.8323,3153.0519,854.7411,0.0000,0.0000,0.0000
47.0833,19.5992,-18.9417,40081.3078,3153.4229,854.9248,0.0000,0.0000,0.0000
47.1000,19.5991,-18.9500,40086.7673,3153.7843,855.1084,0.0000,0.0000,0.0000
47.1167,19.5991,-18.9583,40092.1543,3154.1362,855.2921,0.0000,0.0000,0.0000
47.1333,19.5990,-18.9667,40097.4540,3154.4789,855.4758,0.0000,0.0000,0.0000
47.1500,19.5990,-18.9750,40102.6647,3154.8125,855.6594,0.0000,0.0000,0.0000
47.1667,19.5989,-18.9833,40107.7897,3155.1377,855.8432,0.0000,0.0000,0.0000
47.1833,19.5989,-18.9917,40112.8342,3155.4551,856.0269,0.0000,0.0000,0.0000
47.2000,19.5988,-19.0000,40117.8048,3155.7653,856.2106,0.0000,0.0000,0.0000
47.2167,19.5988,-19.0083,40122.7088,3156.0691,856.3944,0.0000,0.0000,0.0000
47.2333,19.5987,-19.0167,40127.5535,3156.3674,856.5782,0.0000,0.0000,0.0000
47.2500,19.5987,-19.0250,40132.3467,3156.6607,856.7620,0.0000,0.0000,0.0000
47.2667,19.5986,-19.0333,40137.0959,3156.9500,856.9458,0.0000,0.0000,0.0000
47.2833,19.5986,-19.0417,40141.8085,3157.2360,857.1296,0.0000,0.0000,0.0000
47.3000,19.5985,-19.0500,40146.4916,3157.5192,857.3134,0.0000,0.0000,0.0000
47.3167,19.5985,-19.0583,40151.1520,3157.8005,857.4972,0.0000,0.0000,0.0000
47.3333,19.5984,-19.0667,40155.7962,3158.0804,857.6810,0.0000,0.0000,0.0000
47.3500,19.5984,-19.0750,40160.4306,3158.3596,857.8649,0.0000,0.0000,0.0000
47.3667,19.5983,-19.0833,40165.0607,3158.6387,858.0487,0.0000,0.0000,0.0000
47.3833,19.5983,-19.0917,40169.6922,3158.9180,858.2325,0.0000,0.0000,0.0000
47.4000,19.5983,-19.1000,40174.3303,3159.1983,858.4163,0.0000,0.0000,0.0000
47.4167,19.5982,-19.1083,40178.9796,3159.4799,858.6002,0.0000,0.0000,0.0000
47.4333,19.5982,-19.1167,40183.6448,3159.7632,858.7840,0.0000,0.0000,0.0000
47.4500,19.5981,-19.1250,40188.3299,3160.0488,858.9678,0.0000,0.0000,0.0000
47.4667,19.5981,-19.1333,40193.0390,3160.3369,859.1516,0.0000,0.0000,0.0000
47.4833,19.5980,-19.1417,40197.7756,3160.6279,859.3354,0.0000,0.0000,0.0000
47.5000,19.5980,-19.1500,40202.5430,3160.9221,859.5192,0.0000,0.0000,0.0000
47.5167,19.5979,-19.1583,40207.3443,3161.2199,859.7030,0.0000,0.0000,0.0000
47.5333,19.5979,-19.1667,40212.1824,3161.5215,859.8868,0.0000,0.0000,0.0000
47.5500,19.5978,-19.1750,40217.0599,3161.8271,860.0705,0.0000,0.0000,0.0000
47.5667,19.5978,-19.1833,40221.9790,3162.1370,860.2543,0.0000,0.0000,0.0000
47.5833,19.5977,-19.1917,40226.9421,3162.4514,860.4380,0.0000,0.0000,0.0000
47.6000,19.5977,-19.2000,40230.7736,3162.7653,860.6220,0.0000,0.0000,0.0000
47.6167,19.5976,-19.2083,40235.2432,3163.0801,860.8059,0.0000,0.0000,0.0000
47.6333,19.5976,-19.2167,40240.0106,3163.3970,860.9897,0.0000,0.0000,0.0000
47.6500,19.5976,-19.2250,40244.9265,3163.7167,861.1735,0.0000,0.0000,0.0000
47.6667,19.5975,-19.2333,40249.9258,3164.0394,861.3572,0.0000,0.0000,0.0000
47.6833,19.5975,-19.2417,40254.9799,3164.3654,861.5409,0.0000,0.0000,0.0000
47.7000,19.5974,-19.2500,40260.0770,3164.6946,861.7247,0.0000,0.0000,0.0000
47.7167,19.5973,-19.2583,40265.2119,3165.0272,861.9084,0.0000,0.0000,0.0000
47.7333,19.5973,-19.2667,40270.3829,3165.3633,862.0921,0.0000,0.0000,0.0000
47.7500,19.5972,-19.2750,40275.5896,3165.7029,862.2758,0.0000,0.0000,0.0000
47.7667,19.5972,-19.2833,40280.8321,3166.0461,862.4595,0.0000,0.0000,0.0000
47.7833,19.5971,-19.2917,40286.1106,3166.3929,862.6432,0.0000,0.0000,0.0000
47.8000,19.5971,-19.3000,40291.4258,3166.7435,862.8268,0.0000,0.0000,0.0000
47.8167,19.5970,-19.3083,40296.7780,3167.0977,863.0105,0.0000,0.0000,0.0000
47.8333,19.5970,-19.3167,40302.1678,3167.4558,863.1941,0.0000,0.0000,0.0000
47.8500,19.5969,-19.3250,40307.5954,3167.8177,863.3778,0.0000,0.0000,0.0000
47.8667,19.5969,-19.3333,40313.0613,3168.1835,863.5614,0.0000,0.0000,0.0000
47.8833,19.5968,-19.3417,40318.5658,3168.5532,863.7451,0.0000,0.0000,0.0000
47.9000,19.5968,-19.3500,40324.1093,3168.9268,863.9287,0.0000,0.0000,0.0000
47.9167,19.5967,-19.3583,40329.6919,3169.3043,864.1123,0.0000,0.0000,0.0000
47.9333,19.5966,-19.3667,40335.3139,3169.6858,864.2959,0.0000,0.0000,0.0000
47.9500,19.5966,-19.3750,40340.9754,3170.0713,864.4795,0.0000,0.0000,0.0000
47.9667,19.5965,-19.3833,40346.6765,3170.4608,864.6631,0.0000,0.0000,0.0000
47.9833,19.5965,-19.3917,40352.4175,3170.8542,864.8467,0.0000,0.0000,0.0000
48.0000,19.5964,-19.4000,40358.1983,3171.2517,865.0302,0.0000,0.0000,0.0000
48.0167,19.5964,-19.3917,40358.7843,3171.0723,864.8453,0.0000,0.0000,0.0000
48.0333,19.5964,-19.3833,40357.1077,3170.9047,864.6608,0.0000,0.0000,0.0000
48.0500,19.5965,-19.3750,40354.4546,3170.7440,864.4765,0.0000,0.0000,0.0000
48.0667,19.5965,-19.3667,40351.3893,3170.5879,864.2923,0.0000,0.0000,0.0000
48.0833,19.5965,-19.3583,40348.1582,3170.4352,864.1082,0.0000,0.0000,0.0000
48.1000,19.5966,-19.3500,40344.8686,3170.2854,863.9241,0.0000,0.0000,0.0000
48.1167,19.5966,-19.3417,40341.5660,3170.1380,863.7400,0.0000,0.0000,0.0000
48.1333,19.5966,-19.3333,40338.2689,3169.9927,863.5558,0.0000,0.0000,0.0000
48.1500,19.5967,-19.3250,40334.9836,3169.8492,863.3717,0.0000,0.0000,0.0000
48.1667,19.5967,-19.3167,40331.7113,3169.7070,863.1876,0.0000,0.0000,0.0000
48.1833,19.5967,-19.3083,40328.4506,3169.5659,863.0035,0.0000,0.0000,0.0000
48.2000,19.5967,-19.3000,40325.1991,3169.4256,862.8193,0.0000,0.0000,0.0000
48.2167,19.5968,-19.2917,40321.9541,3169.2857,862.6352,0.0000,0.0000,0.0000
48.2333,19.5968,-19.2833,40318.7125,3169.1460,862.4511,0.0000,0.0000,0.0000
48.2500,19.5968,-19.2750,40315.4713,3169.0060,862.2669,0.0000,0.0000,0.0000
48.2667,19.5969,-19.2667,40312.2277,3168.8656,862.0828,0.0000,0.0000,0.0000
48.2833,19.5969,-19.2583,40308.9787,3168.7245,861.8987,0.0000,0.0000,0.0000
48.3000,19.5969,-19.2500,40305.7217,3168.5823,861.7145,0.0000,0.0000,0.0000
48.3167,19.5970,-19.2417,40302.4539,3168.4389,861.5304,0.0000,0.0000,0.0000
48.3333,19.5970,-19.2333,40299.1728,3168.2940,861.3463,0.0000,0.0000,0.0000
48.3500,19.5970,-19.2250,40295.8762,3168.1473,861.1622,0.0000,0.0000,0.0000
48.3667,19.5971,-19.2167,40292.5618,3167.9986,860.9780,0.0000,0.0000,0.0000
48.3833,19.5971,-19.2083,40289.2274,3167.8479,860.7939,0.0000,0.0000,0.0000
48.4000,19.5971,-19.2000,40285.8711,3167.6947,860.6098,0.0000,0.0000,0.0000
48.4167,19.5972,-19.1917,40282.4911,3167.5391,860.4257,0.0000,0.0000,0.0000
48.4333,19.5972,-19.1833,40279.0854,3167.3807,860.2416,0.0000,0.0000,0.0000
48.4500,19.5972,-19.1750,40275.6527,3167.2195,860.0575,0.0000,0.0000,0.0000
48.4667,19.5973,-19.1667,40272.1913,3167.0554,859.8735,0.0000,0.0000,0.0000
48.4833,19.5973,-19.1583,40268.6998,3166.8881,859.6894,0.0000,0.0000,0.0000
48.5000,19.5973,-19.1500,40265.1770,3166.7176,859.5053,0.0000,0.0000,0.0000
48.5167,19.5974,-19.1417,40261.6216,3166.5437,859.3212,0.0000,0.0000,0.0000
48.5333,19.5974,-19.1333,40258.0326,3166.3664,859.1372,0.0000,0.0000,0.0000
48.5500,19.5975,-19.1250,40254.4090,3166.1855,858.9531,0.0000,0.0000,0.0000
48.5667,19.5975,-19.1167,40250.7497,3166.0010,858.7691,0.0000,0.0000,0.0000
48.5833,19.5975,-19.1083,40247.0541,3165.8128,858.5851,0.0000,0.0000,0.0000
48.6000,19.5976,-19.1000,40243.3213,3165.6208,858.4010,0.0000,0.0000,0.0000
48.6167,19.5976,-19.0917,40239.5507,3165.4249,858.2170,0.0000,0.0000,0.0000
48.6333,19.5976,-19.0833,40235.7416,3165.2252,858.0330,0.0000,0.0000,0.0000
48.6500,19.5977,-19.0750,40231.8935,3165.0215,857.8490,0.0000,0.0000,0.0000
48.6667,19.5977,-19.0667,40228.0060,3164.8138,857.6650,0.0000,0.0000,0.0000
48.6833,19.5978,-19.0583,40224.0786,3164.6021,857.4810,0.0000,0.0000,0.0000
48.7000,19.5978,-19.0500,40220.1109,3164.3863,857.2971,0.0000,0.0000,0.0000
48.7167,19.5978,-19.0417,40216.1027,3164.1665,857.1131,0.0000,0.0000,0.0000
48.7333,19.5979,-19.0333,40212.0537,3163.9425,856.9292,0.0000,0.0000,0.0000
48.7500,19.5979,-19.0250,40207.9637,3163.7144,856.7452,0.0000,0.0000,0.0000
48.7667,19.5980,-19.0167,40203.8326,3163.4822,856.5613,0.0000,0.0000,0.0000
48.7833,19.5980,-19.0083,40199.6601,3163.2458,856.3773,0.0000,0.0000,0.0000
48.8000,19.5980,-19.0000,40195.4464,3163.0053,856.1934,0.0000,0.0000,0.0000
48.8167,19.5981,-18.9917,40191.1913,3162.7607,856.0095,0.0000,0.0000,0.0000
48.8333,19.5981,-18.9833,40186.8948,3162.5118,855.8256,0.0000,0.0000,0.0000
48.8500,19.5982,-18.9750,40182.5569,3162.2589,855.6417,0.0000,0.0000,0.0000
48.8667,19.5982,-18.9667,40178.1779,3162.0018,855.4578,0.0000,0.0000,0.0000
48.8833,19.5983,-18.9583,40173.7576,3161.7406,855.2740,0.0000,0.0000,0.0000
48.9000,19.5983,-18.9500,40169.2963,3161.4753,855.0901,0.0000,0.0000,0.0000
48.9167,19.5984,-18.9417,40164.7941,3161.2059,854.9063,0.0000,0.0000,0.0000
48.9333,19.5984,-18.9333,40160.2511,3160.9325,854.7224,0.0000,0.0000,0.0000
48.9500,19.5984,-18.9250,40155.6677,3160.6549,854.5386,0.0000,0.0000,0.0000
48.9667,19.5985,-18.9167,40151.0439,3160.3734,854.3547,0.0000,0.0000,0.0000
48.9833,19.5985,-18.9083,40146.3800,3160.0879,854.1709,0.0000,0.0000,0.0000
49.0000,19.5986,-18.9000,40141.6763,3159.7984,853.9871,0.0000,0.0000,0.0000
49.0167,19.5986,-18.9000,40139.5495,3159.7952,853.9876,0.0000,0.0000,0.0000
49.0333,19.5986,-18.9000,40138.5340,3159.7841,853.9878,0.0000,0.0000,0.0000
49.0500,19.5986,-18.9000,40137.9870,3159.7677,853.9879,0.0000,0.0000,0.0000
49.0667,19.5986,-18.9000,40137.6268,3159.7470,853.9880,0.0000,0.0000,0.0000
49.0833,19.5986,-18.9000,40137.3300,3159.7227,853.9881,0.0000,0.0000,0.0000
49.1000,19.5986,-18.9000,40137.0433,3159.6950,853.9882,0.0000,0.0000,0.0000
49.1167,19.5986,-18.9000,40136.7437,3159.6642,853.9882,0.0000,0.0000,0.0000
49.1333,19.5986,-18.9000,40136.4219,3159.6303,853.9883,0.0000,0.0000,0.0000
49.1500,19.5986,-18.9000,40136.0745,3159.5936,853.9884,0.0000,0.0000,0.0000
49.1667,19.5986,-18.9000,40135.7007,3159.5542,853.9884,0.0000,0.0000,0.0000
49.1833,19.5986,-18.9000,40135.3011,3159.5123,853.9885,0.0000,0.0000,0.0000
49.2000,19.5987,-18.9000,40134.8764,3159.4678,853.9886,0.0000,0.0000,0.0000
49.2167,19.5987,-18.9000,40134.4280,3159.4211,853.9887,0.0000,0.0000,0.0000
49.2333,19.5987,-18.9000,40133.9571,3159.3723,853.9888,0.0000,0.0000,0.0000
49.2500,19.5987,-18.9000,40133.4649,3159.3214,853.9889,0.0000,0.0000,0.0000
49.2667,19.5987,-18.9000,40132.9528,3159.2686,853.9891,0.0000,0.0000,0.0000
49.2833,19.5987,-18.9000,40132.4220,3159.2140,853.9892,0.0000,0.0000,0.0000
49.3000,19.5987,-18.9000,40131.8736,3159.1577,853.9893,0.0000,0.0000,0.0000
49.3167,19.5987,-18.9000,40131.3089,3159.0999,853.9894,0.0000,0.0000,0.0000
49.3333,19.5987,-18.9000,40130.7289,3159.0406,853.9896,0.0000,0.0000,0.0000
49.3500,19.5987,-18.9000,40130.1347,3158.9800,853.9897,0.0000,0.0000,0.0000
49.3667,19.5987,-18.9000,40129.5273,3158.9182,853.9898,0.0000,0.0000,0.0000
49.3833,19.5987,-18.9000,40128.9077,3158.8552,853.9900,0.0000,0.0000,0.0000
49.4000,19.5987,-18.9000,40128.2768,3158.7911,853.9901,0.0000,0.0000,0.0000
49.4167,19.5987,-18.9000,40127.6355,3158.7260,853.9902,0.0000,0.0000,0.0000
49.4333,19.5987,-18.9000,40126.9845,3158.6601,853.9904,0.0000,0.0000,0.0000
49.4500,19.5987,-18.9000,40126.3248,3158.5933,853.9905,0.0000,0.0000,0.0000
49.4667,19.5987,-18.9000,40125.6569,3158.5258,853.9907,0.0000,0.0000,0.0000
49.4833,19.5988,-18.9000,40124.9817,3158.4575,853.9908,0.0000,0.0000,0.0000
49.5000,19.5988,-18.9000,40124.2997,3158.3887,853.9910,0.0000,0.0000,0.0000
49.5167,19.5988,-18.9000,40123.2201,3158.2965,853.9912,0.0000,0.0000,0.0000
49.5333,19.5988,-18.9000,40122.2657,3158.2047,853.9914,0.0000,0.0000,0.0000
49.5500,19.5988,-18.9000,40121.3690,3158.1166,853.9916,0.0000,0.0000,0.0000
49.5667,19.5988,-18.9000,40120.5359,3158.0352,853.9918,0.0000,0.0000,0.0000
49.5833,19.5988,-18.9000,40119.8630,3157.9663,853.9920,0.0000,0.0000,0.0000
49.6000,19.5988,-18.9000,40119.2460,3157.9069,853.9921,0.0000,0.0000,0.0000
49.6167,19.5988,-18.9000,40118.7157,3157.8574,853.9922,0.0000,0.0000,0.0000
49.6333,19.5988,-18.9000,40118.2819,3157.8180,853.9923,0.0000,0.0000,0.0000
49.6500,19.5988,-18.9000,40117.9465,3157.7885,853.9924,0.0000,0.0000,0.0000
49.6667,19.5988,-18.9000,40117.7079,3157.7686,853.9924,0.0000,0.0000,0.0000
49.6833,19.5988,-18.9000,40117.5618,3157.7579,853.9925,0.0000,0.0000,0.0000
49.7000,19.5988,-18.9000,40117.5028,3157.7556,853.9925,0.0000,0.0000,0.0000
49.7167,19.5988,-18.9000,40117.5246,3157.7612,853.9925,0.0000,0.0000,0.0000
49.7333,19.5988,-18.9000,40117.6206,3157.7739,853.9925,0.0000,0.0000,0.0000
49.7500,19.5988,-18.9000,40117.7841,3157.7931,853.9924,0.0000,0.0000,0.0000
49.7667,19.5988,-18.9000,40118.0085,3157.8181,853.9924,0.0000,0.0000,0.0000
49.7833,19.5988,-18.9000,40118.2872,3157.8483,853.9923,0.0000,0.0000,0.0000
49.8000,19.5988,-18.9000,40118.6143,3157.8831,853.9922,0.0000,0.0000,0.0000
49.8167,19.5988,-18.9000,40118.9838,3157.9219,853.9922,0.0000,0.0000,0.0000
49.8333,19.5988,-18.9000,40119.3905,3157.9642,853.9921,0.0000,0.0000,0.0000
49.8500,19.5988,-18.9000,40119.8291,3158.0095,853.9920,0.0000,0.0000,0.0000
49.8667,19.5988,-18.9000,40120.2951,3158.0573,853.9919,0.0000,0.0000,0.0000
49.8833,19.5988,-18.9000,40120.7840,3158.1073,853.9918,0.0000,0.0000,0.0000
49.9000,19.5988,-18.9000,40121.2917,3158.1589,853.9916,0.0000,0.0000,0.0000
49.9167,19.5988,-18.9000,40121.8145,3158.2120,853.9915,0.0000,0.0000,0.0000
49.9333,19.5988,-18.9000,40122.3489,3158.2660,853.9914,0.0000,0.0000,0.0000
49.9500,19.5988,-18.9000,40122.8918,3158.3208,853.9913,0.0000,0.0000,0.0000
49.9667,19.5988,-18.9000,40123.4402,3158.3760,853.9912,0.0000,0.0000,0.0000
49.9833,19.5988,-18.9000,40123.9915,3158.4313,853.9910,0.0000,0.0000,0.0000
50.0000,19.5988,-18.9000,40124.5431,3158.4866,853.9909,0.0000,0.0000,0.0000
50.0167,19.5987,-18.9083,40128.4820,3158.8290,854.1749,0.0000,0.0000,0.0000
50.0333,19.5987,-18.9167,40133.3469,3159.1679,854.3587,0.0000,0.0000,0.0000
50.0500,19.5986,-18.9250,40138.4651,3159.5059,854.5424,0.0000,0.0000,0.0000
50.0667,19.5986,-18.9333,40143.6529,3159.8437,854.7261,0.0000,0.0000,0.0000
50.0833,19.5985,-18.9417,40148.8608,3160.1816,854.9098,0.0000,0.0000,0.0000
50.1000,19.5985,-18.9500,40154.0762,3160.5198,855.0935,0.0000,0.0000,0.0000
50.1167,19.5984,-18.9583,40159.2973,3160.8584,855.2772,0.0000,0.0000,0.0000
50.1333,19.5984,-18.9667,40163.2839,3161.1885,855.4611,0.0000,0.0000,0.0000
50.1500,19.5983,-18.9750,40167.8970,3161.5169,855.6450,0.0000,0.0000,0.0000
50.1667,19.5983,-18.9833,40172.7899,3161.8451,855.8287,0.0000,0.0000,0.0000
50.1833,19.5982,-18.9917,40177.8109,3162.1739,856.0125,0.0000,0.0000,0.0000
50.2000,19.5982,-19.0000,40182.8944,3162.5035,856.1962,0.0000,0.0000,0.0000
50.2167,19.5981,-19.0083,40188.0120,3162.8342,856.3799,0.0000,0.0000,0.0000
50.2333,19.5981,-19.0167,40193.1520,3163.1662,856.5636,0.0000,0.0000,0.0000
50.2500,19.5980,-19.0250,40198.3101,3163.4997,856.7473,0.0000,0.0000,0.0000
50.2667,19.5980,-19.0333,40203.4850,3163.8347,856.9311,0.0000,0.0000,0.0000
50.2833,19.5979,-19.0417,40208.6768,3164.1715,857.1148,0.0000,0.0000,0.0000
50.3000,19.5979,-19.0500,40213.8861,3164.5100,857.2985,0.0000,0.0000,0.0000
50.3167,19.5978,-19.0583,40219.1140,3164.8505,857.4821,0.0000,0.0000,0.0000
50.3333,19.5978,-19.0667,40224.3614,3165.1929,857.6658,0.0000,0.0000,0.0000
50.3500,19.5977,-19.0750,40229.6293,3165.5376,857.8495,0.0000,0.0000,0.0000
50.3667,19.5977,-19.0833,40234.9186,3165.8844,858.0332,0.0000,0.0000,0.0000
50.3833,19.5976,-19.0917,40240.2304,3166.2335,858.2169,0.0000,0.0000,0.0000
50.4000,19.5975,-19.1000,40245.5654,3166.5851,858.4005,0.0000,0.0000,0.0000
50.4167,19.5975,-19.1083,40250.9244,3166.9391,858.5842,0.0000,0.0000,0.0000
50.4333,19.5974,-19.1167,40256.3082,3167.2957,858.7679,0.0000,0.0000,0.0000
50.4500,19.5974,-19.1250,40261.7176,3167.6548,858.9515,0.0000,0.0000,0.0000
50.4667,19.5973,-19.1333,40267.1530,3168.0166,859.1352,0.0000,0.0000,0.0000
50.4833,19.5973,-19.1417,40272.6152,3168.3812,859.3188,0.0000,0.0000,0.0000
50.5000,19.5972,-19.1500,40278.1047,3168.7485,859.5024,0.0000,0.0000,0.0000
50.5167,19.5972,-19.1583,40283.6218,3169.1187,859.6861,0.0000,0.0000,0.0000
50.5333,19.5971,-19.1667,40289.1672,3169.4916,859.8697,0.0000,0.0000,0.0000
50.5500,19.5971,-19.1750,40294.7411,3169.8675,860.0533,0.0000,0.0000,0.0000
50.5667,19.5970,-19.1833,40300.3438,3170.2463,860.2369,0.0000,0.0000,0.0000
50.5833,19.5969,-19.1917,40305.9758,3170.6281,860.4205,0.0000,0.0000,0.0000
50.6000,19.5969,-19.2000,40311.6372,3171.0128,860.6041,0.0000,0.0000,0.0000
50.6167,19.5968,-19.2083,40317.3283,3171.4005,860.7877,0.0000,0.0000,0.0000
50.6333,19.5968,-19.2167,40323.0493,3171.7912,860.9713,0.0000,0.0000,0.0000
50.6500,19.5967,-19.2250,40328.8002,3172.1850,861.1549,0.0000,0.0000,0.0000
50.6667,19.5967,-19.2333,40334.5813,3172.5817,861.3384,0.0000,0.0000,0.0000
50.6833,19.5966,-19.2417,40340.3925,3172.9815,861.5220,0.0000,0.0000,0.0000
50.7000,19.5965,-19.2500,40346.2341,3173.3844,861.7056,0.0000,0.0000,0.0000
50.7167,19.5965,-19.2583,40352.1058,3173.7902,861.8891,0.0000,0.0000,0.0000
50.7333,19.5964,-19.2667,40358.0079,3174.1991,862.0726,0.0000,0.0000,0.0000
50.7500,19.5964,-19.2750,40363.9402,3174.6110,862.2562,0.0000,0.0000,0.0000
50.7667,19.5963,-19.2833,40369.9027,3175.0260,862.4397,0.0000,0.0000,0.0000
50.7833,19.5962,-19.2917,40375.8953,3175.4440,862.6232,0.0000,0.0000,0.0000
50.8000,19.5962,-19.3000,40381.9180,3175.8649,862.8068,0.0000,0.0000,0.0000
50.8167,19.5961,-19.3083,40387.9705,3176.2889,862.9903,0.0000,0.0000,0.0000
50.8333,19.5961,-19.3167,40394.0528,3176.7158,863.1738,0.0000,0.0000,0.0000
50.8500,19.5960,-19.3250,40400.1648,3177.1457,863.3573,0.0000,0.0000,0.0000
50.8667,19.5959,-19.3333,40406.3062,3177.5785,863.5408,0.0000,0.0000,0.0000
50.8833,19.5959,-19.3417,40412.4769,3178.0143,863.7242,0.0000,0.0000,0.0000
50.9000,19.5958,-19.3500,40418.6767,3178.4529,863.9077,0.0000,0.0000,0.0000
50.9167,19.5958,-19.3583,40424.9053,3178.8945,864.0912,0.0000,0.0000,0.0000
50.9333,19.5957,-19.3667,40431.1626,3179.3389,864.2746,0.0000,0.0000,0.0000
50.9500,19.5956,-19.3750,40437.4483,3179.7861,864.4581,0.0000,0.0000,0.0000
50.9667,19.5956,-19.3833,40443.7622,3180.2361,864.6416,0.0000,0.0000,0.0000
50.9833,19.5955,-19.3917,40450.1040,3180.6889,864.8250,0.0000,0.0000,0.0000
51.0000,19.5954,-19.4000,40456.4734,3181.1444,865.0084,0.0000,0.0000,0.0000
51.0167,19.5954,-19.4100,40463.3934,3181.6608,865.2287,0.0000,0.0000,0.0000
51.0333,19.5953,-19.4200,40470.5709,3182.1790,865.4490,0.0000,0.0000,0.0000
51.0500,19.5952,-19.4300,40480.2834,3182.7460,865.6686,0.0000,0.0000,0.0000
51.0667,19.5951,-19.4400,40486.6187,3183.2747,865.8890,0.0000,0.0000,0.0000
51.0833,19.5951,-19.4500,40493.5940,3183.8038,866.1093,0.0000,0.0000,0.0000
51.1000,19.5950,-19.4600,40503.2770,3184.3842,866.3290,0.0000,0.0000,0.0000
51.1167,19.5949,-19.4700,40509.6700,3184.9234,866.5494,0.0000,0.0000,0.0000
51.1333,19.5948,-19.4800,40516.7307,3185.4633,866.7697,0.0000,0.0000,0.0000
51.1500,19.5947,-19.4900,40526.5579,3186.0580,866.9893,0.0000,0.0000,0.0000
51.1667,19.5947,-19.5000,40533.0536,3186.6089,867.2097,0.0000,0.0000,0.0000
51.1833,19.5946,-19.5100,40540.2274,3187.1610,867.4299,0.0000,0.0000,0.0000
51.2000,19.5945,-19.5200,40550.2269,3187.7719,867.6495,0.0000,0.0000,0.0000
51.2167,19.5944,-19.5300,40556.8399,3188.3360,867.8699,0.0000,0.0000,0.0000
51.2333,19.5944,-19.5400,40564.1411,3188.9016,868.0901,0.0000,0.0000,0.0000
51.2500,19.5943,-19.5500,40574.3321,3189.5303,868.3096,0.0000,0.0000,0.0000
51.2667,19.5942,-19.5600,40581.0744,3190.1088,868.5300,0.0000,0.0000,0.0000
51.2833,19.5941,-19.5700,40588.5145,3190.6891,868.7501,0.0000,0.0000,0.0000
51.3000,19.5940,-19.5800,40598.9131,3191.3370,868.9697,0.0000,0.0000,0.0000
51.3167,19.5939,-19.5900,40605.7940,3191.9309,869.1900,0.0000,0.0000,0.0000
51.3333,19.5939,-19.6000,40613.3821,3192.5268,869.4101,0.0000,0.0000,0.0000
51.3500,19.5938,-19.6100,40624.0003,3193.1949,869.6296,0.0000,0.0000,0.0000
51.3667,19.5937,-19.6200,40631.0268,3193.8049,869.8498,0.0000,0.0000,0.0000
51.3833,19.5936,-19.6300,40638.7694,3194.4170,870.0699,0.0000,0.0000,0.0000
51.4000,19.5935,-19.6400,40649.6156,3195.1062,870.2894,0.0000,0.0000,0.0000
51.4167,19.5934,-19.6500,40656.7921,3195.7327,870.5096,0.0000,0.0000,0.0000
51.4333,19.5933,-19.6600,40667.4166,3196.4383,870.7290,0.0000,0.0000,0.0000
51.4500,19.5932,-19.6700,40677.1442,3197.1566,870.9487,0.0000,0.0000,0.0000
51.4667,19.5931,-19.6800,40686.6890,3197.8844,871.1684,0.0000,0.0000,0.0000
51.4833,19.5930,-19.6900,40696.2451,3198.6210,871.3881,0.0000,0.0000,0.0000
51.5000,19.5929,-19.7000,40705.8649,3199.3660,871.6078,0.0000,0.0000,0.0000
51.5167,19.5928,-19.7100,40715.5620,3200.1193,871.8275,0.0000,0.0000,0.0000
51.5333,19.5927,-19.7200,40725.3392,3200.8807,872.0471,0.0000,0.0000,0.0000
51.5500,19.5926,-19.7300,40735.1965,3201.6502,872.2668,0.0000,0.0000,0.0000
51.5667,19.5925,-19.7400,40745.1326,3202.4275,872.4864,0.0000,0.0000,0.0000
51.5833,19.5924,-19.7500,40755.1464,3203.2125,872.7060,0.0000,0.0000,0.0000
51.6000,19.5923,-19.7600,40765.2361,3204.0050,872.9256,0.0000,0.0000,0.0000
51.6167,19.5922,-19.7700,40775.4003,3204.8050,873.1451,0.0000,0.0000,0.0000
51.6333,19.5921,-19.7800,40785.6372,3205.6122,873.3647,0.0000,0.0000,0.0000
51.6500,19.5920,-19.7900,40795.9454,3206.4264,873.5842,0.0000,0.0000,0.0000
51.6667,19.5919,-19.8000,40806.3230,3207.2476,873.8038,0.0000,0.0000,0.0000
51.6833,19.5918,-19.8100,40816.7685,3208.0755,874.0233,0.0000,0.0000,0.0000
51.7000,19.5917,-19.8200,40827.2803,3208.9099,874.2428,0.0000,0.0000,0.0000
51.7167,19.5916,-19.8300,40837.8567,3209.7508,874.4622,0.0000,0.0000,0.0000
51.7333,19.5915,-19.8400,40848.4962,3210.5979,874.6817,0.0000,0.0000,0.0000
51.7500,19.5914,-19.8500,40859.1971,3211.4511,874.9011,0.0000,0.0000,0.0000
51.7667,19.5913,-19.8600,40869.9579,3212.3103,875.1206,0.0000,0.0000,0.0000
51.7833,19.5912,-19.8700,40880.7772,3213.1752,875.3400,0.0000,0.0000,0.0000
51.8000,19.5911,-19.8800,40891.6533,3214.0458,875.5594,0.0000,0.0000,0.0000
51.8167,19.5910,-19.8900,40902.5848,3214.9219,875.7788,0.0000,0.0000,0.0000
51.8333,19.5909,-19.9000,40913.5703,3215.8033,875.9982,0.0000,0.0000,0.0000
51.8500,19.5908,-19.9100,40924.6084,3216.6899,876.2176,0.0000,0.0000,0.0000
51.8667,19.5906,-19.9200,40935.6976,3217.5816,876.4369,0.0000,0.0000,0.0000
51.8833,19.5905,-19.9300,40946.8366,3218.4782,876.6563,0.0000,0.0000,0.0000
51.9000,19.5904,-19.9400,40958.0241,3219.3797,876.8756,0.0000,0.0000,0.0000
51.9167,19.5903,-19.9500,40969.2587,3220.2858,877.0950,0.0000,0.0000,0.0000
51.9333,19.5902,-19.9600,40980.5392,3221.1964,877.3143,0.0000,0.0000,0.0000
51.9500,19.5901,-19.9700,40991.8643,3222.1115,877.5336,0.0000,0.0000,0.0000
51.9667,19.5900,-19.9800,41003.2328,3223.0308,877.7529,0.0000,0.0000,0.0000
51.9833,19.5899,-19.9900,41014.6435,3223.9544,877.9722,0.0000,0.0000,0.0000
52.0000,19.5897,-20.0000,41026.0952,3224.8820,878.1915,0.0000,0.0000,0.0000
52.0167,19.5896,-20.0100,41037.5868,3225.8135,878.4107,0.0000,0.0000,0.0000
52.0333,19.5895,-20.0200,41049.1171,3226.7489,878.6300,0.0000,0.0000,0.0000
52.0500,19.5894,-20.0300,41060.6850,3227.6880,878.8493,0.0000,0.0000,0.0000
52.0667,19.5893,-20.0400,41072.2895,3228.6308,879.0685,0.0000,0.0000,0.0000
52.0833,19.5892,-20.0500,41083.9296,3229.5770,879.2878,0.0000,0.0000,0.0000
52.1000,19.5890,-20.0600,41095.6041,3230.5267,879.5070,0.0000,0.0000,0.0000
52.1167,19.5889,-20.0700,41107.3122,3231.4797,879.7262,0.0000,0.0000,0.0000
52.1333,19.5888,-20.0800,41119.0528,3232.4359,879.9454,0.0000,0.0000,0.0000
52.1500,19.5887,-20.0900,41130.8250,3233.3952,880.1646,0.0000,0.0000,0.0000
52.1667,19.5886,-20.1000,41142.6279,3234.3576,880.3838,0.0000,0.0000,0.0000
52.1833,19.5885,-20.1100,41154.4605,3235.3229,880.6030,0.0000,0.0000,0.0000
52.2000,19.5883,-20.1200,41166.3220,3236.2910,880.8222,0.0000,0.0000,0.0000
52.2167,19.5882,-20.1300,41178.2116,3237.2620,881.0414,0.0000,0.0000,0.0000
52.2333,19.5881,-20.1400,41190.1283,3238.2356,881.2606,0.0000,0.0000,0.0000
52.2500,19.5880,-20.1500,41202.0713,3239.2118,881.4798,0.0000,0.0000,0.0000
52.2667,19.5879,-20.1600,41214.0400,3240.1906,881.6989,0.0000,0.0000,0.0000
52.2833,19.5877,-20.1700,41226.0334,3241.1718,881.9181,0.0000,0.0000,0.0000
52.3000,19.5876,-20.1800,41238.0508,3242.1554,882.1373,0.0000,0.0000,0.0000
52.3167,19.5875,-20.1900,41250.0915,3243.1413,882.3564,0.0000,0.0000,0.0000
52.3333,19.5874,-20.2000,41262.1548,3244.1294,882.5756,0.0000,0.0000,0.0000
52.3500,19.5873,-20.2100,41274.2400,3245.1197,882.7947,0.0000,0.0000,0.0000
52.3667,19.5871,-20.2200,41286.3463,3246.1121,883.0138,0.0000,0.0000,0.0000
52.3833,19.5870,-20.2300,41298.4731,3247.1065,883.2330,0.0000,0.0000,0.0000
52.4000,19.5869,-20.2400,41310.6198,3248.1029,883.4521,0.0000,0.0000,0.0000
52.4167,19.5868,-20.2500,41322.7858,3249.1011,883.6712,0.0000,0.0000,0.0000
52.4333,19.5867,-20.2600,41334.9703,3250.1012,883.8904,0.0000,0.0000,0.0000
52.4500,19.5865,-20.2700,41347.1728,3251.1031,884.1095,0.0000,0.0000,0.0000
52.4667,19.5864,-20.2800,41359.3928,3252.1067,884.3286,0.0000,0.0000,0.0000
52.4833,19.5863,-20.2900,41371.6296,3253.1120,884.5477,0.0000,0.0000,0.0000
52.5000,19.5862,-20.3000,41383.8828,3254.1189,884.7668,0.0000,0.0000,0.0000
52.5167,19.5860,-20.3100,41396.1517,3255.1274,884.9859,0.0000,0.0000,0.0000
52.5333,19.5859,-20.3200,41408.4358,3256.1373,885.2050,0.0000,0.0000,0.0000
52.5500,19.5858,-20.3300,41420.7346,3257.1487,885.4241,0.0000,0.0000,0.0000
52.5667,19.5857,-20.3400,41433.0477,3258.1615,885.6432,0.0000,0.0000,0.0000
52.5833,19.5855,-20.3500,41445.3745,3259.1757,885.8623,0.0000,0.0000,0.0000
52.6000,19.5854,-20.3600,41457.7146,3260.1912,886.0814,0.0000,0.0000,0.0000
52.6167,19.5853,-20.3700,41466.7054,3261.0621,886.3012,0.0000,0.0000,0.0000
52.6333,19.5852,-20.3800,41480.3965,3262.0736,886.5200,0.0000,0.0000,0.0000
52.6500,19.5851,-20.3900,41493.1315,3263.0908,886.7390,0.0000,0.0000,0.0000
52.6667,19.5849,-20.4000,41505.6158,3264.1104,886.9580,0.0000,0.0000,0.0000
52.6833,19.5848,-20.4100,41518.0408,3265.1315,887.1771,0.0000,0.0000,0.0000
52.7000,19.5847,-20.4200,41530.4582,3266.1539,887.3962,0.0000,0.0000,0.0000
52.7167,19.5846,-20.4300,41542.8818,3267.1775,887.6152,0.0000,0.0000,0.0000
52.7333,19.5844,-20.4400,41555.3152,3268.2022,887.8343,0.0000,0.0000,0.0000
52.7500,19.5844,-20.4500,41564.3690,3269.0802,888.0541,0.0000,0.0000,0.0000
52.7667,19.5842,-20.4600,41578.1547,3270.1005,888.2729,0.0000,0.0000,0.0000
52.7833,19.5841,-20.4700,41590.9786,3271.1263,888.4918,0.0000,0.0000,0.0000
52.8000,19.5840,-20.4800,41603.5489,3272.1544,888.7109,0.0000,0.0000,0.0000
52.8167,19.5838,-20.4900,41616.0579,3273.1839,888.9299,0.0000,0.0000,0.0000
52.8333,19.5837,-20.5000,41628.5574,3274.2145,889.1490,0.0000,0.0000,0.0000
52.8500,19.5836,-20.5100,41637.6530,3275.0970,889.3688,0.0000,0.0000,0.0000
52.8667,19.5835,-20.5200,41651.5005,3276.1230,889.5875,0.0000,0.0000,0.0000
52.8833,19.5834,-20.5300,41664.3820,3277.1544,889.8065,0.0000,0.0000,0.0000
52.9000,19.5832,-20.5400,41677.0081,3278.1880,890.0255,0.0000,0.0000,0.0000
52.9167,19.5831,-20.5500,41689.5716,3279.2229,890.2446,0.0000,0.0000,0.0000
52.9333,19.5830,-20.5600,41702.1246,3280.2588,890.4636,0.0000,0.0000,0.0000
52.9500,19.5829,-20.5700,41711.2566,3281.1454,890.6834,0.0000,0.0000,0.0000
52.9667,19.5827,-20.5800,41725.1589,3282.1765,890.9021,0.0000,0.0000,0.0000
52.9833,19.5826,-20.5900,41738.0919,3283.2130,891.1211,0.0000,0.0000,0.0000
53.0000,19.5825,-20.6000,41750.7679,3284.2515,891.3401,0.0000,0.0000,0.0000
53.0167,19.5824,-20.6000,41756.8031,3284.7924,891.3388,0.0000,0.0000,0.0000
53.0333,19.5824,-20.6000,41762.4888,3285.3339,891.3375,0.0000,0.0000,0.0000
53.0500,19.5823,-20.6000,41768.0184,3285.8754,891.3363,0.0000,0.0000,0.0000
53.0667,19.5823,-20.6000,41773.4773,3286.4168,891.3351,0.0000,0.0000,0.0000
53.0833,19.5822,-20.6000,41778.9027,3286.9578,891.3339,0.0000,0.0000,0.0000
53.1000,19.5822,-20.6000,41784.3103,3287.4984,891.3327,0.0000,0.0000,0.0000
53.1167,19.5821,-20.6000,41789.7062,3288.0383,891.3315,0.0000,0.0000,0.0000
53.1333,19.5820,-20.6000,41795.0922,3288.5773,891.3303,0.0000,0.0000,0.0000
53.1500,19.5820,-20.6000,41800.4682,3289.1154,891.3291,0.0000,0.0000,0.0000
53.1667,19.5819,-20.6000,41805.8328,3289.6522,891.3279,0.0000,0.0000,0.0000
53.1833,19.5819,-20.6000,41811.1845,3290.1876,891.3267,0.0000,0.0000,0.0000
53.2000,19.5818,-20.6000,41816.5216,3290.7214,891.3255,0.0000,0.0000,0.0000
53.2167,19.5818,-20.6000,41821.8423,3291.2535,891.3243,0.0000,0.0000,0.0000
53.2333,19.5817,-20.6000,41827.1447,3291.7835,891.3232,0.0000,0.0000,0.0000
53.2500,19.5817,-20.6000,41832.4270,3292.3115,891.3220,0.0000,0.0000,0.0000
53.2667,19.5816,-20.6000,41837.6876,3292.8371,891.3208,0.0000,0.0000,0.0000
53.2833,19.5816,-20.6000,41842.9248,3293.3603,891.3197,0.0000,0.0000,0.0000
53.3000,19.5815,-20.6000,41848.1370,3293.8808,891.3185,0.0000,0.0000,0.0000
53.3167,19.5815,-20.6000,41853.3228,3294.3986,891.3174,0.0000,0.0000,0.0000
53.3333,19.5814,-20.6000,41858.4807,3294.9135,891.3162,0.0000,0.0000,0.0000
53.3500,19.5814,-20.6000,41863.6096,3295.4253,891.3151,0.0000,0.0000,0.0000
53.3667,19.5813,-20.6000,41868.7081,3295.9341,891.3139,0.0000,0.0000,0.0000
53.3833,19.5813,-20.6000,41873.7752,3296.4396,891.3128,0.0000,0.0000,0.0000
53.4000,19.5812,-20.6000,41878.8099,3296.9418,891.3117,0.0000,0.0000,0.0000
53.4167,19.5812,-20.6000,41883.8111,3297.4406,891.3106,0.0000,0.0000,0.0000
53.4333,19.5811,-20.6000,41888.7780,3297.9358,891.3095,0.0000,0.0000,0.0000
53.4500,19.5811,-20.6000,41893.7098,3298.4275,891.3084,0.0000,0.0000,0.0000
53.4667,19.5810,-20.6000,41898.6059,3298.9156,891.3073,0.0000,0.0000,0.0000
53.4833,19.5810,-20.6000,41903.4654,3299.3999,891.3062,0.0000,0.0000,0.0000
53.5000,19.5809,-20.6000,41908.2880,3299.8805,891.3052,0.0000,0.0000,0.0000
53.5167,19.5809,-20.6000,41913.0730,3300.3573,891.3041,0.0000,0.0000,0.0000
53.5333,19.5808,-20.6000,41917.8199,3300.8302,891.3030,0.0000,0.0000,0.0000
53.5500,19.5808,-20.6000,41922.5285,3301.2993,891.3020,0.0000,0.0000,0.0000
53.5667,19.5807,-20.6000,41927.1982,3301.7644,891.3010,0.0000,0.0000,0.0000
53.5833,19.5807,-20.6000,41931.8290,3302.2256,891.2999,0.0000,0.0000,0.0000
53.6000,19.5806,-20.6000,41936.4204,3302.6829,891.2989,0.0000,0.0000,0.0000
53.6167,19.5806,-20.6000,41940.9724,3303.1362,891.2979,0.0000,0.0000,0.0000
53.6333,19.5805,-20.6000,41945.4848,3303.5855,891.2969,0.0000,0.0000,0.0000
53.6500,19.5805,-20.6000,41949.9574,3304.0308,891.2959,0.0000,0.0000,0.0000
53.6667,19.5805,-20.6000,41954.3902,3304.4721,891.2949,0.0000,0.0000,0.0000
53.6833,19.5804,-20.6000,41958.7832,3304.9095,891.2940,0.0000,0.0000,0.0000
53.7000,19.5804,-20.6000,41963.1364,3305.3428,891.2930,0.0000,0.0000,0.0000
53.7167,19.5803,-20.6000,41967.4499,3305.7722,891.2920,0.0000,0.0000,0.0000
53.7333,19.5803,-20.6000,41971.7236,3306.1975,891.2911,0.0000,0.0000,0.0000
53.7500,19.5802,-20.6000,41975.9577,3306.6190,891.2901,0.0000,0.0000,0.0000
53.7667,19.5802,-20.6000,41980.1523,3307.0364,891.2892,0.0000,0.0000,0.0000
53.7833,19.5802,-20.6000,41984.3076,3307.4500,891.2883,0.0000,0.0000,0.0000
53.8000,19.5801,-20.6000,41988.4238,3307.8596,891.2874,0.0000,0.0000,0.0000
53.8167,19.5801,-20.6000,41992.5010,3308.2654,891.2865,0.0000,0.0000,0.0000
53.8333,19.5800,-20.6000,41996.5394,3308.6672,891.2856,0.0000,0.0000,0.0000
53.8500,19.5800,-20.6000,42000.5394,3309.0653,891.2847,0.0000,0.0000,0.0000
53.8667,19.5800,-20.6000,42004.5012,3309.4595,891.2838,0.0000,0.0000,0.0000
53.8833,19.5799,-20.6000,42008.4250,3309.8499,891.2829,0.0000,0.0000,0.0000
53.9000,19.5799,-20.6000,42012.3111,3310.2366,891.2821,0.0000,0.0000,0.0000
53.9167,19.5798,-20.6000,42016.1599,3310.6196,891.2812,0.0000,0.0000,0.0000
53.9333,19.5798,-20.6000,42019.9715,3310.9989,891.2804,0.0000,0.0000,0.0000
53.9500,19.5798,-20.6000,42023.7465,3311.3745,891.2795,0.0000,0.0000,0.0000
53.9667,19.5797,-20.6000,42027.4851,3311.7465,891.2787,0.0000,0.0000,0.0000
53.9833,19.5797,-20.6000,42031.1876,3312.1149,891.2779,0.0000,0.0000,0.0000
54.0000,19.5796,-20.6000,42037.2675,3312.6235,891.2765,0.0000,0.0000,0.0000
54.0167,19.5796,-20.6000,42042.2530,3313.1103,891.2754,1.1046,0.0000,0.0000
54.0333,19.5795,-20.6000,42047.0297,3313.5824,891.2744,2.2092,0.0000,0.0000
54.0500,19.5795,-20.6000,42051.6473,3314.0401,891.2734,3.3138,0.0000,0.0000
54.0667,19.5794,-20.6000,42056.1119,3314.4826,891.2724,4.4184,0.0000,0.0000
54.0833,19.5794,-20.6000,42060.4166,3314.9089,891.2714,5.5230,0.0000,0.0000
54.1000,19.5794,-20.6000,42064.5508,3315.3177,891.2705,6.6276,0.0000,0.0000
54.1167,19.5793,-20.6000,42068.5043,3315.7081,891.2696,7.7322,0.0000,0.0000
54.1333,19.5793,-20.6000,42072.2688,3316.0793,891.2688,8.8368,0.0000,0.0000
54.1500,19.5792,-20.6000,42075.4457,3316.4098,891.2681,9.9414,0.0000,0.0000
54.1667,19.5792,-20.6000,42078.5753,3316.7211,891.2674,11.0460,0.0000,0.0000
54.1833,19.5792,-20.6000,42081.5584,3317.0138,891.2667,12.1506,0.0000,0.0000
54.2000,19.5792,-20.6000,42084.3694,3317.2883,891.2661,13.2552,0.0000,0.0000
54.2167,19.5791,-20.6000,42087.0025,3317.5447,891.2655,14.3598,0.0000,0.0000
54.2333,19.5791,-20.6000,42089.4575,3317.7833,891.2650,15.4644,0.0000,0.0000
54.2500,19.5791,-20.6000,42091.7359,3318.0043,891.2645,16.5690,0.0000,0.0000
54.2667,19.5791,-20.6000,42093.8402,3318.2079,891.2640,17.6736,0.0000,0.0000
54.2833,19.5790,-20.6000,42095.7726,3318.3944,891.2636,18.7782,0.0000,0.0000
54.3000,19.5790,-20.6000,42097.5359,3318.5640,891.2632,19.8828,0.0000,0.0000
54.3167,19.5790,-20.6000,42099.1327,3318.7171,891.2628,20.9874,0.0000,0.0000
54.3333,19.5790,-20.6000,42100.7455,3318.8638,891.2625,22.0920,0.0000,0.0000
54.3500,19.5790,-20.6000,42102.1372,3318.9963,891.2622,23.1966,0.0000,0.0000
54.3667,19.5790,-20.6000,42103.3798,3319.1161,891.2619,24.3012,0.0000,0.0000
54.3833,19.5790,-20.6000,42104.4985,3319.2242,891.2616,25.4058,0.0000,0.0000
54.4000,19.5789,-20.6000,42105.5034,3319.3213,891.2614,26.5104,0.0000,0.0000
54.4167,19.5789,-20.6000,42106.3000,3319.4021,891.2612,27.6150,0.0000,0.0000
54.4333,19.5789,-20.6000,42107.0291,3319.4723,891.2611,28.7196,0.0000,0.0000
54.4500,19.5789,-20.6000,42107.6625,3319.5317,891.2609,29.8242,0.0000,0.0000
54.4667,19.5789,-20.6000,42108.1910,3319.5803,891.2608,30.9288,0.0000,0.0000
54.4833,19.5789,-20.6000,42108.6106,3319.6178,891.2607,32.0334,0.0000,0.0000
54.5000,19.5789,-20.6000,42108.9187,3319.6440,891.2607,33.1380,0.0000,0.0000
54.5167,19.5789,-20.6000,42109.1132,3319.6588,891.2606,34.2426,0.0000,0.0000
54.5333,19.5789,-20.6000,42109.1924,3319.6619,891.2606,35.3472,0.0000,0.0000
54.5500,19.5789,-20.6000,42109.1550,3319.6532,891.2606,36.4518,0.0000,0.0000
54.5667,19.5789,-20.6000,42109.0000,3319.6328,891.2606,37.5564,0.0000,0.0000
54.5833,19.5789,-20.6000,42108.7267,3319.6004,891.2607,38.6610,0.0000,0.0000
54.6000,19.5789,-20.6000,42108.3346,3319.5562,891.2608,39.7656,0.0000,0.0000
54.6167,19.5789,-20.6000,42107.8238,3319.5000,891.2609,40.8702,0.0000,0.0000
54.6333,19.5789,-20.6000,42107.1943,3319.4319,891.2610,41.9748,0.0000,0.0000
54.6500,19.5789,-20.6000,42106.4463,3319.3520,891.2612,43.0794,0.0000,0.0000
54.6667,19.5789,-20.6000,42105.4825,3319.2558,891.2614,44.1840,0.0000,0.0000
54.6833,19.5790,-20.6000,42104.4521,3319.1503,891.2616,45.2886,0.0000,0.0000
54.7000,19.5790,-20.6000,42103.3555,3319.0383,891.2619,46.3932,0.0000,0.0000
54.7167,19.5790,-20.6000,42102.2102,3318.9219,891.2621,47.4978,0.0000,0.0000
54.7333,19.5790,-20.6000,42101.0326,3318.8029,891.2624,48.6024,0.0000,0.0000
54.7500,19.5790,-20.6000,42099.9668,3318.6893,891.2626,49.7070,0.0000,0.0000
54.7667,19.5790,-20.6000,42098.8405,3318.5740,891.2629,50.8116,0.0000,0.0000
54.7833,19.5790,-20.6000,42097.6844,3318.4569,891.2631,51.9162,0.0000,0.0000
54.8000,19.5790,-20.6000,42096.5053,3318.3378,891.2634,53.0208,0.0000,0.0000
54.8167,19.5790,-20.6000,42095.3025,3318.2162,891.2637,54.1254,0.0000,0.0000
54.8333,19.5791,-20.6000,42094.0723,3318.0918,891.2639,55.2300,0.0000,0.0000
54.8500,19.5791,-20.6000,42092.8099,3317.9639,891.2642,56.3346,0.0000,0.0000
54.8667,19.5791,-20.6000,42091.5101,3317.8321,891.2645,57.4392,0.0000,0.0000
54.8833,19.5791,-20.6000,42090.1675,3317.6957,891.2648,58.5438,0.0000,0.0000
54.9000,19.5791,-20.6000,42088.7768,3317.5543,891.2651,59.6484,0.0000,0.0000
54.9167,19.5791,-20.6000,42087.3331,3317.4074,891.2654,60.7530,0.0000,0.0000
54.9333,19.5791,-20.6000,42085.8316,3317.2545,891.2658,61.8576,0.0000,0.0000
54.9500,19.5792,-20.6000,42084.2678,3317.0951,891.2661,62.9622,0.0000,0.0000
54.9667,19.5792,-20.6000,42082.6379,3316.9290,891.2665,64.0668,0.0000,0.0000
54.9833,19.5792,-20.6000,42080.9379,3316.7557,891.2669,65.1714,0.0000,0.0000
55.0000,19.5792,-20.6000,42078.9530,3316.5642,891.2673,66.2760,0.0000,0.0000
55.0167,19.5792,-20.6000,42076.1077,3316.2504,891.2679,77.7954,0.0000,0.0000
55.0333,19.5793,-20.6000,42072.7679,3315.8670,891.2687,89.3148,0.0000,0.0000
55.0500,19.5793,-20.6000,42068.5632,3315.4097,891.2696,100.8342,0.0000,0.0000
55.0667,19.5794,-20.6000,42063.6725,3314.8910,891.2707,112.3536,0.0000,0.0000
55.0833,19.5794,-20.6000,42058.2158,3314.3206,891.2719,123.8730,0.0000,0.0000
55.1000,19.5795,-20.6000,42052.2815,3313.7059,891.2732,135.3924,0.0000,0.0000
55.1167,19.5795,-20.6000,42045.9384,3313.0532,891.2746,146.9118,0.0000,0.0000
55.1333,19.5796,-20.6000,42039.2413,3312.3672,891.2761,158.4312,0.0000,0.0000
55.1500,19.5797,-20.6000,42032.2346,3311.6521,891.2777,169.9506,0.0000,0.0000
55.1667,19.5798,-20.6000,42024.9553,3310.9112,891.2793,181.4700,0.0000,0.0000
55.1833,19.5798,-20.6000,42017.4344,3310.1474,891.2809,192.9894,0.0000,0.0000
55.2000,19.5799,-20.6000,42009.6985,3309.3632,891.2827,204.5088,0.0000,0.0000
55.2167,19.5800,-20.6000,42001.7706,3308.5606,891.2844,216.0282,0.0000,0.0000
55.2333,19.5801,-20.6000,41993.6710,3307.7417,891.2862,227.5476,0.0000,0.0000
55.2500,19.5801,-20.6000,41985.4180,3306.9082,891.2880,239.0670,0.0000,0.0000
55.2667,19.5802,-20.6000,41977.0280,3306.0617,891.2899,250.5864,0.0000,0.0000
55.2833,19.5803,-20.6000,41968.5163,3305.2036,891.2918,262.1058,0.0000,0.0000
55.3000,19.5804,-20.6000,41959.8971,3304.3354,891.2937,273.6252,0.0000,0.0000
55.3167,19.5805,-20.6000,41951.1838,3303.4582,891.2956,285.1446,0.0000,0.0000
55.3333,19.5806,-20.6000,41942.3894,3302.5735,891.2976,296.6640,0.0000,0.0000
55.3500,19.5807,-20.6000,41933.5264,3301.6825,891.2996,308.1834,0.0000,0.0000
55.3667,19.5808,-20.6000,41924.6071,3300.7863,891.3015,319.7028,0.0000,0.0000
55.3833,19.5808,-20.6000,41915.6441,3299.8863,891.3035,331.2222,0.0000,0.0000
55.4000,19.5809,-20.6000,41906.6498,3298.9836,891.3055,342.7416,0.0000,0.0000
55.4167,19.5810,-20.6000,41897.6370,3298.0797,891.3075,354.2610,0.0000,0.0000
55.4333,19.5811,-20.6000,41888.6192,3297.1758,891.3095,365.7804,0.0000,0.0000
55.4500,19.5812,-20.6000,41879.6102,3296.2735,891.3115,377.2998,0.0000,0.0000
55.4667,19.5813,-20.6000,41870.6249,3295.3741,891.3135,388.8192,0.0000,0.0000
55.4833,19.5814,-20.6000,41861.6791,3294.4794,891.3155,400.3386,0.0000,0.0000
55.5000,19.5815,-20.6000,41852.7902,3293.5911,891.3175,411.8580,0.0000,0.0000
55.5167,19.5816,-20.6000,41843.9767,3292.7111,891.3194,423.3774,0.0000,0.0000
55.5333,19.5816,-20.6000,41835.2596,3291.8418,891.3214,434.8968,0.0000,0.0000
55.5500,19.5817,-20.6000,41826.6620,3290.9854,891.3233,446.4162,0.0000,0.0000
55.5667,19.5818,-20.6000,41818.2102,3290.1448,891.3251,457.9356,0.0000,0.0000
55.5833,19.5819,-20.6000,41809.9341,3289.3231,891.3270,469.4550,0.0000,0.0000
55.6000,19.5820,-20.6000,41801.8685,3288.5240,891.3288,480.9744,0.0000,0.0000
55.6167,19.5821,-20.6000,41794.0546,3287.7520,891.3305,492.4938,0.0000,0.0000
55.6333,19.5821,-20.6000,41786.5420,3287.0124,891.3322,504.0132,0.0000,0.0000
55.6500,19.5822,-20.6000,41779.3920,3286.3118,891.3337,515.5326,0.0000,0.0000
55.6667,19.5823,-20.6000,41772.6835,3285.6592,891.3352,527.0520,0.0000,0.0000
55.6833,19.5823,-20.6000,41766.5227,3285.0663,891.3366,538.5714,0.0000,0.0000
55.7000,19.5824,-20.6000,41761.0640,3284.5512,891.3378,550.0908,0.0000,0.0000
55.7167,19.5824,-20.6000,41756.5628,3284.1452,891.3388,561.6102,0.0000,0.0000
55.7333,19.5825,-20.6000,41753.5980,3283.9296,891.3395,573.1296,0.0000,0.0000
55.7500,19.5825,-20.6000,41750.2982,3283.4551,891.3402,584.6490,0.0000,0.0000
55.7667,19.5826,-20.6000,41741.4684,3282.3866,891.3422,596.1684,0.0000,0.0000
55.7833,19.5827,-20.6000,41729.1269,3281.0178,891.3449,607.6878,0.0000,0.0000
55.8000,19.5829,-20.6000,41714.1899,3279.4187,891.3482,619.2072,0.0000,0.0000
55.8167,19.5830,-20.6000,41697.1380,3277.6251,891.3520,630.7266,0.0000,0.0000
55.8333,19.5832,-20.6000,41678.2572,3275.6587,891.3562,642.2460,0.0000,0.0000
55.8500,19.5834,-20.6000,41657.7340,3273.5349,891.3607,653.7654,0.0000,0.0000
55.8667,19.5836,-20.6000,41635.6994,3271.2646,891.3656,665.2848,0.0000,0.0000
55.8833,19.5839,-20.6000,41612.2502,3268.8563,891.3708,676.8042,0.0000,0.0000
55.9000,19.5841,-20.6000,41587.4616,3266.3168,891.3763,688.3236,0.0000,0.0000
55.9167,19.5844,-20.6000,41561.3934,3263.6513,891.3821,699.8430,0.0000,0.0000
55.9333,19.5847,-20.6000,41534.0948,3260.8645,891.3882,711.3624,0.0000,0.0000
55.9500,19.5849,-20.6000,41505.6065,3257.9600,891.3945,722.8818,0.0000,0.0000
55.9667,19.5852,-20.6000,41475.9633,3254.9412,891.4011,734.4012,0.0000,0.0000
55.9833,19.5856,-20.6000,41441.3021,3251.6014,891.4087,745.9206,0.0000,0.0000
56.0000,19.5859,-20.6000,41406.8039,3248.1466,891.4164,757.4400,0.0000,0.0000
56.0167,19.5862,-20.6083,41376.2194,3245.0155,891.6080,761.2272,0.0000,0.0000
56.0333,19.5865,-20.6167,41346.6348,3241.8963,891.7995,765.0144,0.0000,0.0000
56.0500,19.5868,-20.6250,41317.2729,3238.7757,891.9908,768.8016,0.0000,0.0000
56.0667,19.5871,-20.6333,41291.4389,3235.8562,892.1814,772.5888,0.0000,0.0000
56.0833,19.5874,-20.6417,41264.4304,3232.9184,892.3722,776.3760,0.0000,0.0000
56.1000,19.5876,-20.6500,41236.9092,3229.9549,892.5632,780.1632,0.0000,0.0000
56.1167,19.5879,-20.6583,41209.0326,3226.9618,892.7542,783.9504,0.0000,0.0000
56.1333,19.5882,-20.6667,41180.8276,3223.9367,892.9453,787.7376,0.0000,0.0000
56.1500,19.5885,-20.6750,41152.2910,3220.8782,893.1365,791.5248,0.0000,0.0000
56.1667,19.5888,-20.6833,41123.4161,3217.7855,893.3278,795.3120,0.0000,0.0000
56.1833,19.5891,-20.6917,41094.1980,3214.6582,893.5191,799.0992,0.0000,0.0000
56.2000,19.5894,-20.7000,41064.6351,3211.4962,893.7105,802.8864,0.0000,0.0000
56.2167,19.5897,-20.7083,41034.7280,3208.2998,893.9020,806.6736,0.0000,0.0000
56.2333,19.5900,-20.7167,41004.4797,3205.0693,894.0936,810.4608,0.0000,0.0000
56.2500,19.5903,-20.7250,40973.8944,3201.8051,894.2852,814.2480,0.0000,0.0000
56.2667,19.5906,-20.7333,40942.9776,3198.5080,894.4769,818.0352,0.0000,0.0000
56.2833,19.5909,-20.7417,40911.7355,3195.1785,894.6687,821.8224,0.0000,0.0000
56.3000,19.5912,-20.7500,40880.1748,3191.8174,894.8606,825.6096,0.0000,0.0000
56.3167,19.5915,-20.7583,40848.3027,3188.4254,895.0525,829.3968,0.0000,0.0000
56.3333,19.5918,-20.7667,40816.1267,3185.0031,895.2445,833.1840,0.0000,0.0000
56.3500,19.5922,-20.7750,40783.6542,3181.5516,895.4365,836.9712,0.0000,0.0000
56.3667,19.5925,-20.7833,40750.8931,3178.0713,895.6286,840.7584,0.0000,0.0000
56.3833,19.5928,-20.7917,40717.8511,3174.5633,895.8208,844.5456,0.0000,0.0000
56.4000,19.5932,-20.8000,40684.5358,3171.0282,896.0131,848.3328,0.0000,0.0000
56.4167,19.5935,-20.8083,40650.9549,3167.4668,896.2054,852.1200,0.0000,0.0000
56.4333,19.5938,-20.8167,40617.1161,3163.8798,896.3977,855.9072,0.0000,0.0000
56.4500,19.5942,-20.8250,40583.0267,3160.2681,896.5901,859.6944,0.0000,0.0000
56.4667,19.5945,-20.8333,40548.6942,3156.6322,896.7826,863.4816,0.0000,0.0000
56.4833,19.5949,-20.8417,40514.1256,3152.9731,896.9751,867.2688,0.0000,0.0000
56.5000,19.5952,-20.8500,40479.3283,3149.2913,897.1677,871.0560,0.0000,0.0000
56.5167,19.5956,-20.8583,40444.3089,3145.5875,897.3603,874.8432,0.0000,0.0000
56.5333,19.5959,-20.8667,40409.0743,3141.8624,897.5530,878.6304,0.0000,0.0000
56.5500,19.5963,-20.8750,40373.6310,3138.1167,897.7457,882.4176,0.0000,0.0000
56.5667,19.5966,-20.8833,40337.9855,3134.3510,897.9385,886.2048,0.0000,0.0000
56.5833,19.5970,-20.8917,40302.1440,3130.5659,898.1313,889.9920,0.0000,0.0000
56.6000,19.5973,-20.9000,40266.1124,3126.7620,898.3241,893.7792,0.0000,0.0000
56.6167,19.5977,-20.9083,40229.8968,3122.9400,898.5170,897.5664,0.0000,0.0000
56.6333,19.5981,-20.9167,40193.5029,3119.1002,898.7099,901.3536,0.0000,0.0000
56.6500,19.5984,-20.9250,40156.9361,3115.2434,898.9029,905.1408,0.0000,0.0000
56.6667,19.5988,-20.9333,40120.2018,3111.3700,899.0959,908.9280,0.0000,0.0000
56.6833,19.5992,-20.9417,40083.3054,3107.4806,899.2889,912.7152,0.0000,0.0000
56.7000,19.5995,-20.9500,40046.2517,3103.5757,899.4820,916.5024,0.0000,0.0000
56.7167,19.5999,-20.9583,40009.0458,3099.6556,899.6751,920.2896,0.0000,0.0000
56.7333,19.6003,-20.9667,39971.6923,3095.7210,899.8682,924.0768,0.0000,0.0000
56.7500,19.6007,-20.9750,39934.1959,3091.7723,900.0614,927.8640,0.0000,0.0000
56.7667,19.6010,-20.9833,39896.5610,3087.8099,900.2546,931.6512,0.0000,0.0000
56.7833,19.6014,-20.9917,39858.7920,3083.8342,900.4479,935.4384,0.0000,0.0000
56.8000,19.6018,-21.0000,39820.8930,3079.8456,900.6411,939.2256,0.0000,0.0000
56.8167,19.6022,-21.0083,39782.8681,3075.8446,900.8344,943.0128,0.0000,0.0000
56.8333,19.6026,-21.0167,39744.7212,3071.8316,901.0277,946.8000,0.0000,0.0000
56.8500,19.6029,-21.0250,39706.4561,3067.8068,901.2211,950.5872,0.0000,0.0000
56.8667,19.6033,-21.0333,39668.0766,3063.7707,901.4144,954.3744,0.0000,0.0000
56.8833,19.6037,-21.0417,39629.5861,3059.7237,901.6078,958.1616,0.0000,0.0000
56.9000,19.6041,-21.0500,39590.9881,3055.6660,901.8012,961.9488,0.0000,0.0000
56.9167,19.6045,-21.0583,39552.2861,3051.5981,901.9947,965.7360,0.0000,0.0000
56.9333,19.6049,-21.0667,39513.4832,3047.5202,902.1881,969.5232,0.0000,0.0000
56.9500,19.6053,-21.0750,39474.5826,3043.4326,902.3816,973.3104,0.0000,0.0000
56.9667,19.6056,-21.0833,39435.5874,3039.3356,902.5751,977.0976,0.0000,0.0000
56.9833,19.6060,-21.0917,39396.5006,3035.2296,902.7686,980.8848,0.0000,0.0000
57.0000,19.6064,-21.1000,39357.3250,3031.1149,902.9622,984.6720,0.0000,0.0000
57.0167,19.6068,-21.1183,39321.7576,3027.2830,903.3767,990.1950,0.0000,0.0000
57.0333,19.6071,-21.1367,39286.8250,3023.3988,903.7912,995.7180,0.0000,0.0000
57.0500,19.6075,-21.1550,39251.7706,3019.4730,904.2056,1001.2410,0.0000,0.0000
57.0667,19.6078,-21.1733,39216.4250,3015.5116,904.6201,1006.7640,0.0000,0.0000
57.0833,19.6082,-21.1917,39180.7704,3011.5186,905.0347,1012.2870,0.0000,0.0000
57.1000,19.6086,-21.2100,39144.8241,3007.4972,905.4494,1017.8100,0.0000,0.0000
57.1167,19.6089,-21.2283,39108.6097,3003.4498,905.8641,1023.3330,0.0000,0.0000
57.1333,19.6093,-21.2467,39072.1499,2999.3789,906.2788,1028.8560,0.0000,0.0000
57.1500,19.6096,-21.2650,39035.4649,2995.2862,906.6936,1034.3790,0.0000,0.0000
57.1667,19.6100,-21.2833,38998.5726,2991.1734,907.1085,1039.9020,0.0000,0.0000
57.1833,19.6104,-21.3017,38961.4891,2987.0422,907.5234,1045.4250,0.0000,0.0000
57.2000,19.6108,-21.3200,38924.2286,2982.8939,907.9383,1050.9480,0.0000,0.0000
57.2167,19.6111,-21.3383,38886.8041,2978.7296,908.3533,1056.4710,0.0000,0.0000
57.2333,19.6115,-21.3567,38849.2270,2974.5505,908.7683,1061.9940,0.0000,0.0000
57.2500,19.6119,-21.3750,38811.5080,2970.3577,909.1834,1067.5170,0.0000,0.0000
57.2667,19.6123,-21.3933,38773.6565,2966.1519,909.5984,1073.0400,0.0000,0.0000
57.2833,19.6126,-21.4117,38735.6810,2961.9341,910.0135,1078.5630,0.0000,0.0000
57.3000,19.6130,-21.4300,38697.5893,2957.7050,910.4287,1084.0860,0.0000,0.0000
57.3167,19.6134,-21.4483,38659.3887,2953.4653,910.8438,1089.6090,0.0000,0.0000
57.3333,19.6138,-21.4667,38621.0854,2949.2155,911.2590,1095.1320,0.0000,0.0000
57.3500,19.6142,-21.4850,38582.6854,2944.9563,911.6742,1100.6550,0.0000,0.0000
57.3667,19.6146,-21.5033,38544.1941,2940.6881,912.0894,1106.1780,0.0000,0.0000
57.3833,19.6149,-21.5217,38505.6163,2936.4115,912.5046,1111.7010,0.0000,0.0000
57.4000,19.6153,-21.5400,38466.9564,2932.1269,912.9199,1117.2240,0.0000,0.0000
57.4167,19.6157,-21.5583,38428.2185,2927.8346,913.3352,1122.7470,0.0000,0.0000
57.4333,19.6161,-21.5767,38389.4063,2923.5350,913.7504,1128.2700,0.0000,0.0000
57.4500,19.6165,-21.5950,38350.5233,2919.2285,914.1657,1133.7930,0.0000,0.0000
57.4667,19.6169,-21.6133,38311.5725,2914.9152,914.5811,1139.3160,0.0000,0.0000
57.4833,19.6173,-21.6317,38272.5567,2910.5956,914.9964,1144.8390,0.0000,0.0000
57.5000,19.6177,-21.6500,38233.4785,2906.2699,915.4117,1150.3620,0.0000,0.0000
57.5167,19.6181,-21.6683,38194.3403,2901.9382,915.8271,1155.8850,0.0000,0.0000
57.5333,19.6184,-21.6867,38155.1442,2897.6009,916.2425,1161.4080,0.0000,0.0000
57.5500,19.6188,-21.7050,38115.8924,2893.2580,916.6578,1166.9310,0.0000,0.0000
57.5667,19.6192,-21.7233,38076.5864,2888.9097,917.0732,1172.4540,0.0000,0.0000
57.5833,19.6196,-21.7417,38037.2281,2884.5563,917.4886,1177.9770,0.0000,0.0000
57.6000,19.6200,-21.7600,37997.8190,2880.1979,917.9041,1183.5000,0.0000,0.0000
57.6167,19.6204,-21.7783,37958.3605,2875.8346,918.3195,1189.0230,0.0000,0.0000
57.6333,19.6208,-21.7967,37918.8538,2871.4665,918.7349,1194.5460,0.0000,0.0000
57.6500,19.6212,-21.8150,37879.3002,2867.0937,919.1504,1200.0690,0.0000,0.0000
57.6667,19.6216,-21.8333,37839.7008,2862.7164,919.5658,1205.5920,0.0000,0.0000
57.6833,19.6220,-21.8517,37800.0565,2858.3347,919.9813,1211.1150,0.0000,0.0000
57.7000,19.6224,-21.8700,37760.3683,2853.9486,920.3968,1216.6380,0.0000,0.0000
57.7167,19.6228,-21.8883,37720.6371,2849.5582,920.8123,1222.1610,0.0000,0.0000
57.7333,19.6232,-21.9067,37680.8637,2845.1636,921.2278,1227.6840,0.0000,0.0000
57.7500,19.6236,-21.9250,37641.0488,2840.7649,921.6433,1233.2070,0.0000,0.0000
57.7667,19.6240,-21.9433,37601.1930,2836.3621,922.0588,1238.7300,0.0000,0.0000
57.7833,19.6244,-21.9617,37561.2971,2831.9553,922.4743,1244.2530,0.0000,0.0000
57.8000,19.6248,-21.9800,37521.3617,2827.5446,922.8899,1249.7760,0.0000,0.0000
57.8167,19.6252,-21.9983,37481.3872,2823.1300,923.3054,1255.2990,0.0000,0.0000
57.8333,19.6256,-22.0167,37441.3743,2818.7116,923.7209,1260.8220,0.0000,0.0000
57.8500,19.6260,-22.0350,37401.3234,2814.2893,924.1365,1266.3450,0.0000,0.0000
57.8667,19.6264,-22.0533,37361.2350,2809.8634,924.5521,1271.8680,0.0000,0.0000
57.8833,19.6268,-22.0717,37321.1096,2805.4337,924.9677,1277.3910,0.0000,0.0000
57.9000,19.6272,-22.0900,37280.9475,2801.0004,925.3832,1282.9140,0.0000,0.0000
57.9167,19.6276,-22.1083,37240.7493,2796.5635,925.7988,1288.4370,0.0000,0.0000
57.9333,19.6280,-22.1267,37200.5152,2792.1230,926.2144,1293.9600,0.0000,0.0000
57.9500,19.6284,-22.1450,37160.2456,2787.6790,926.6300,1299.4830,0.0000,0.0000
57.9667,19.6288,-22.1633,37119.9410,2783.2315,927.0457,1305.0060,0.0000,0.0000
57.9833,19.6292,-22.1817,37079.6016,2778.7805,927.4613,1310.5290,0.0000,0.0000
58.0000,19.6296,-22.2000,37039.2279,2774.3261,927.8769,1316.0520,0.0000,0.0000
58.0167,19.6304,-22.1633,36957.3697,2766.0410,927.0817,1366.7058,0.0000,0.0000
58.0333,19.6314,-22.1267,36859.2451,2756.5033,926.2901,1417.3596,0.0000,0.0000
58.0500,19.6325,-22.0900,36749.3035,2745.9198,925.5012,1468.0134,0.0000,0.0000
58.0667,19.6337,-22.0533,36629.6887,2734.4345,924.7143,1518.6672,0.0000,0.0000
58.0833,19.6350,-22.0167,36501.6898,2722.1500,923.9294,1569.3210,0.0000,0.0000
58.1000,19.6363,-21.9800,36366.1871,2709.1416,923.1461,1619.9748,0.0000,0.0000
58.1167,19.6378,-21.9433,36223.8239,2695.4662,922.3643,1670.6286,0.0000,0.0000
58.1333,19.6392,-21.9067,36075.0901,2681.1681,921.5840,1721.2824,0.0000,0.0000
58.1500,19.6408,-21.8700,35920.3685,2666.2821,920.8049,1771.9362,0.0000,0.0000
58.1667,19.6424,-21.8333,35759.9651,2650.8365,920.0272,1822.5900,0.0000,0.0000
58.1833,19.6441,-21.7967,35594.1278,2634.8543,919.2506,1873.2438,0.0000,0.0000
58.2000,19.6458,-21.7600,35423.0607,2618.3546,918.4752,1923.8976,0.0000,0.0000
58.2167,19.6475,-21.7233,35246.9331,2601.3531,917.7009,1974.5514,0.0000,0.0000
58.2333,19.6493,-21.6867,35065.8870,2583.8632,916.9277,2025.2052,0.0000,0.0000
58.2500,19.6512,-21.6500,34880.0423,2565.8963,916.1556,2075.8590,0.0000,0.0000
58.2667,19.6531,-21.6133,34689.5013,2547.4620,915.3845,2126.5128,0.0000,0.0000
58.2833,19.6551,-21.5767,34494.3518,2528.5686,914.6145,2177.1666,0.0000,0.0000
58.3000,19.6571,-21.5400,34294.6695,2509.2235,913.8454,2227.8204,0.0000,0.0000
58.3167,19.6591,-21.5033,34090.5206,2489.4328,913.0773,2278.4742,0.0000,0.0000
58.3333,19.6612,-21.4667,33881.9632,2469.2021,912.3102,2329.1280,0.0000,0.0000
58.3500,19.6633,-21.4300,33669.0489,2448.5365,911.5441,2379.7818,0.0000,0.0000
58.3667,19.6655,-21.3933,33451.8239,2427.4403,910.7790,2430.4356,0.0000,0.0000
58.3833,19.6677,-21.3567,33230.3300,2405.9177,910.0147,2481.0894,0.0000,0.0000
58.4000,19.6700,-21.3200,33004.6055,2383.9723,909.2515,2531.7432,0.0000,0.0000
58.4167,19.6723,-21.2833,32774.6858,2361.6076,908.4891,2582.3970,0.0000,0.0000
58.4333,19.6746,-21.2467,32540.6041,2338.8268,907.7277,2633.0508,0.0000,0.0000
58.4500,19.6770,-21.2100,32302.3915,2315.6331,906.9672,2683.7046,0.0000,0.0000
58.4667,19.6794,-21.1733,32060.0781,2292.0293,906.2076,2734.3584,0.0000,0.0000
58.4833,19.6819,-21.1367,31813.6925,2268.0183,905.4489,2785.0122,0.0000,0.0000
58.5000,19.6844,-21.1000,31563.2628,2243.6029,904.6911,2835.6660,0.0000,0.0000
58.5167,19.6869,-21.0633,31308.8163,2218.7859,903.9342,2886.3198,0.0000,0.0000
58.5333,19.6895,-21.0267,31050.3801,2193.5699,903.1781,2936.9736,0.0000,0.0000
58.5500,19.6921,-20.9900,30787.9810,2167.9575,902.4230,2987.6274,0.0000,0.0000
58.5667,19.6948,-20.9533,30521.6454,2141.9516,901.6687,3038.2812,0.0000,0.0000
58.5833,19.6975,-20.9167,30251.4001,2115.5546,900.9153,3088.9350,0.0000,0.0000
58.6000,19.7002,-20.8800,29977.2717,2088.7693,900.1628,3139.5888,0.0000,0.0000
58.6167,19.7030,-20.8433,29699.2871,2061.5985,899.4111,3190.2426,0.0000,0.0000
58.6333,19.7058,-20.8067,29417.4732,2034.0447,898.6602,3240.8964,0.0000,0.0000
58.6500,19.7087,-20.7700,29131.8572,2006.1107,897.9103,3291.5502,0.0000,0.0000
58.6667,19.7116,-20.7333,28842.4665,1977.7994,897.1611,3342.2040,0.0000,0.0000
58.6833,19.7145,-20.6967,28549.3288,1949.1134,896.4128,3392.8578,0.0000,0.0000
58.7000,19.7175,-20.6600,28252.4722,1920.0555,895.6653,3443.5116,0.0000,0.0000
58.7167,19.7205,-20.6233,27951.9247,1890.6287,894.9186,3494.1654,0.0000,0.0000
58.7333,19.7235,-20.5867,27647.7151,1860.8358,894.1727,3544.8192,0.0000,0.0000
58.7500,19.7266,-20.5500,27339.8719,1830.6797,893.4277,3595.4730,0.0000,0.0000
58.7667,19.7297,-20.5133,27028.4244,1800.1633,892.6834,3646.1268,0.0000,0.0000
58.7833,19.7329,-20.4767,26713.4019,1769.2895,891.9399,3696.7806,0.0000,0.0000
58.8000,19.7361,-20.4400,26394.8339,1738.0613,891.1972,3747.4344,0.0000,0.0000
58.8167,19.7393,-20.4033,26072.7504,1706.4818,890.4553,3798.0882,0.0000,0.0000
58.8333,19.7425,-20.3667,25747.1812,1674.5539,889.7142,3848.7420,0.0000,0.0000
58.8500,19.7458,-20.3300,25418.1569,1642.2807,888.9738,3899.3958,0.0000,0.0000
58.8667,19.7491,-20.2933,25085.7078,1609.6653,888.2342,3950.0496,0.0000,0.0000
58.8833,19.7525,-20.2567,24749.8646,1576.7107,887.4954,4000.7034,0.0000,0.0000
58.9000,19.7559,-20.2200,24410.6581,1543.4200,886.7573,4051.3572,0.0000,0.0000
58.9167,19.7593,-20.1833,24068.1194,1509.7964,886.0199,4102.0110,0.0000,0.0000
58.9333,19.7628,-20.1467,23722.2797,1475.8429,885.2833,4152.6648,0.0000,0.0000
58.9500,19.7663,-20.1100,23373.1702,1441.5627,884.5473,4203.3186,0.0000,0.0000
58.9667,19.7698,-20.0733,23020.8223,1406.9590,883.8122,4253.9724,0.0000,0.0000
58.9833,19.7733,-20.0367,22665.2675,1372.0349,883.0777,4304.6262,0.0000,0.0000
59.0000,19.7769,-20.0000,22306.5374,1336.7936,882.3439,4355.2800,0.0000,0.0000
59.0167,19.7803,-19.9817,21971.5274,1304.3856,882.0115,4353.2286,0.0000,0.0000
59.0333,19.7835,-19.9633,21654.5798,1273.6058,881.6752,4351.1772,0.0000,0.0000
59.0500,19.7865,-19.9450,21351.6723,1244.1046,881.3357,4349.1258,0.0000,0.0000
59.0667,19.7894,-19.9267,21060.0376,1215.6447,880.9937,4347.0744,0.0000,0.0000
59.0833,19.7922,-19.9083,20777.7326,1188.0578,880.6496,4345.0230,0.0000,0.0000
59.1000,19.7950,-19.8900,20503.3466,1161.2194,880.3038,4342.9716,0.0000,0.0000
59.1167,19.7976,-19.8717,20235.8205,1135.0346,879.9565,4340.9202,0.0000,0.0000
59.1333,19.8003,-19.8533,19974.3364,1109.4291,879.6078,4338.8688,0.0000,0.0000
59.1500,19.8028,-19.8350,19718.2476,1084.3436,879.2580,4336.8174,0.0000,0.0000
59.1667,19.8053,-19.8167,19467.0336,1059.7300,878.9070,4334.7660,0.0000,0.0000
59.1833,19.8078,-19.7983,19220.2690,1035.5486,878.5551,4332.7146,0.0000,0.0000
59.2000,19.8102,-19.7800,18977.6025,1011.7667,878.2022,4330.6632,0.0000,0.0000
59.2167,19.8126,-19.7617,18738.7413,988.3568,877.8485,4328.6118,0.0000,0.0000
59.2333,19.8150,-19.7433,18503.4398,965.2957,877.4941,4326.5604,0.0000,0.0000
59.2500,19.8173,-19.7250,18271.4905,942.5639,877.1388,4324.5090,0.0000,0.0000
59.2667,19.8196,-19.7067,18042.7172,920.1448,876.7829,4322.4576,0.0000,0.0000
59.2833,19.8218,-19.6883,17816.9699,898.0241,876.4263,4320.4062,0.0000,0.0000
59.3000,19.8241,-19.6700,17594.1200,876.1897,876.0691,4318.3548,0.0000,0.0000
59.3167,19.8263,-19.6517,17374.0569,854.6310,875.7112,4316.3034,0.0000,0.0000
59.3333,19.8284,-19.6333,17156.6851,833.3390,875.3527,4314.2520,0.0000,0.0000
59.3500,19.8306,-19.6150,16941.9217,812.3057,874.9937,4312.2006,0.0000,0.0000
59.3667,19.8327,-19.5967,16729.6943,791.5242,874.6341,4310.1492,0.0000,0.0000
59.3833,19.8348,-19.5783,16519.9394,770.9885,874.2740,4308.0978,0.0000,0.0000
59.4000,19.8369,-19.5600,16312.6010,750.6932,873.9133,4306.0464,0.0000,0.0000
59.4167,19.8389,-19.5417,16107.6295,730.6335,873.5521,4303.9950,0.0000,0.0000
59.4333,19.8410,-19.5233,15904.9802,710.8052,873.1903,4301.9436,0.0000,0.0000
59.4500,19.8430,-19.5050,15704.6132,691.2042,872.8281,4299.8922,0.0000,0.0000
59.4667,19.8449,-19.4867,15506.4922,671.8272,872.4654,4297.8408,0.0000,0.0000
59.4833,19.8469,-19.4683,15310.5839,652.6709,872.1022,4295.7894,0.0000,0.0000
59.5000,19.8488,-19.4500,15116.8577,633.7323,871.7385,4293.7380,0.0000,0.0000
59.5167,19.8507,-19.4317,14925.2853,615.0086,871.3743,4291.6866,0.0000,0.0000
59.5333,19.8526,-19.4133,14735.8401,596.4973,871.0096,4289.6352,0.0000,0.0000
59.5500,19.8545,-19.3950,14548.4970,578.1958,870.6445,4287.5838,0.0000,0.0000
59.5667,19.8564,-19.3767,14363.2323,560.1019,870.2789,4285.5324,0.0000,0.0000
59.5833,19.8582,-19.3583,14180.0235,542.2132,869.9129,4283.4810,0.0000,0.0000
59.6000,19.8600,-19.3400,13998.8487,524.5278,869.5464,4281.4296,0.0000,0.0000
59.6167,19.8618,-19.3217,13819.6869,507.0434,869.1795,4279.3782,0.0000,0.0000
59.6333,19.8636,-19.3033,13642.5178,489.7580,868.8121,4277.3268,0.0000,0.0000
59.6500,19.8653,-19.2850,13467.3217,472.6698,868.4443,4275.2754,0.0000,0.0000
59.6667,19.8671,-19.2667,13294.0790,455.7767,868.0760,4273.2240,0.0000,0.0000
59.6833,19.8688,-19.2483,13122.7708,439.0769,867.7074,4271.1726,0.0000,0.0000
59.7000,19.8705,-19.2300,12953.3785,422.5684,867.3383,4269.1212,0.0000,0.0000
59.7167,19.8721,-19.2117,12785.8835,406.2496,866.9688,4267.0698,0.0000,0.0000
59.7333,19.8738,-19.1933,12620.2678,390.1185,866.5988,4265.0184,0.0000,0.0000
59.7500,19.8754,-19.1750,12456.5134,374.1733,866.2285,4262.9670,0.0000,0.0000
59.7667,19.8771,-19.1567,12294.6024,358.4124,865.8577,4260.9156,0.0000,0.0000
59.7833,19.8787,-19.1383,12134.5171,342.8338,865.4865,4258.8642,0.0000,0.0000
59.8000,19.8802,-19.1200,11976.2401,327.4359,865.1150,4256.8128,0.0000,0.0000
59.8167,19.8818,-19.1017,11819.7539,312.2169,864.7430,4254.7614,0.0000,0.0000
59.8333,19.8833,-19.0833,11665.0413,297.1751,864.3707,4252.7100,0.0000,0.0000
59.8500,19.8849,-19.0650,11512.0850,282.3088,863.9979,4250.6586,0.0000,0.0000
59.8667,19.8864,-19.0467,11360.8679,267.6162,863.6248,4248.6072,0.0000,0.0000
59.8833,19.8879,-19.0283,11211.3730,253.0957,863.2513,4246.5558,0.0000,0.0000
59.9000,19.8894,-19.0100,11063.5834,238.7456,862.8774,4244.5044,0.0000,0.0000
59.9167,19.8908,-18.9917,10917.4823,224.5641,862.5031,4242.4530,0.0000,0.0000
59.9333,19.8923,-18.9733,10773.0530,210.5497,862.1285,4240.4016,0.0000,0.0000
59.9500,19.8937,-18.9550,10630.2786,196.7005,861.7535,4238.3502,0.0000,0.0000
59.9667,19.8951,-18.9367,10489.1427,183.0151,861.3781,4236.2988,0.0000,0.0000
59.9833,19.8965,-18.9183,10349.6289,169.4916,861.0024,4234.2474,0.0000,0.0000
60.0000,19.8979,-18.9000,10211.7205,156.1286,860.6263,4232.1960,0.0000,0.0000
60.0167,19.8991,-18.9000,10091.6666,144.6602,860.6529,4208.9994,0.0000,0.0000
60.0333,19.9002,-18.9000,9983.4291,134.1891,860.6769,4185.8028,0.0000,0.0000
60.0500,19.9012,-18.9000,9884.3608,124.5538,860.6989,4162.6062,0.0000,0.0000
60.0667,19.9021,-18.9000,9792.9807,115.6421,860.7192,4139.4096,0.0000,0.0000
60.0833,19.9029,-18.9000,9708.3214,107.3731,860.7379,4116.2130,0.0000,0.0000
60.1000,19.9037,-18.9000,9629.6927,99.6865,860.7554,4093.0164,0.0000,0.0000
60.1167,19.9044,-18.9000,9556.5751,92.5357,860.7716,4069.8198,0.0000,0.0000
60.1333,19.9051,-18.9000,9488.5631,85.8835,860.7867,4046.6232,0.0000,0.0000
60.1500,19.9057,-18.9000,9425.3315,79.7000,860.8007,4023.4266,0.0000,0.0000
60.1667,19.9063,-18.9000,9366.6117,73.9601,860.8137,4000.2300,0.0000,0.0000
60.1833,19.9069,-18.9000,9312.1769,68.6423,860.8258,3977.0334,0.0000,0.0000
60.2000,19.9074,-18.9000,9261.8319,63.7282,860.8370,3953.8368,0.0000,0.0000
60.2167,19.9078,-18.9000,9215.4072,59.2015,860.8473,3930.6402,0.0000,0.0000
60.2333,19.9083,-18.9000,9172.7552,55.0482,860.8567,3907.4436,0.0000,0.0000
60.2500,19.9087,-18.9000,9133.7466,51.2559,860.8654,3884.2470,0.0000,0.0000
60.2667,19.9090,-18.9000,9098.2680,47.8137,860.8733,3861.0504,0.0000,0.0000
60.2833,19.9093,-18.9000,9066.2197,44.7122,860.8804,3837.8538,0.0000,0.0000
60.3000,19.9096,-18.9000,9037.5129,41.9426,860.8867,3814.6572,0.0000,0.0000
60.3167,19.9099,-18.9000,9012.0685,39.4975,860.8924,3791.4606,0.0000,0.0000
60.3333,19.9101,-18.9000,8989.8150,37.3699,860.8973,3768.2640,0.0000,0.0000
60.3500,19.9103,-18.9000,8970.6878,35.5535,860.9016,3745.0674,0.0000,0.0000
60.3667,19.9105,-18.9000,8954.6273,34.0426,860.9051,3721.8708,0.0000,0.0000
60.3833,19.9106,-18.9000,8941.5788,32.8318,860.9080,3698.6742,0.0000,0.0000
60.4000,19.9107,-18.9000,8931.4909,31.9160,860.9103,3675.4776,0.0000,0.0000
60.4167,19.9108,-18.9000,8924.3159,31.2907,860.9119,3652.2810,0.0000,0.0000
60.4333,19.9108,-18.9000,8920.0083,30.9512,860.9128,3629.0844,0.0000,0.0000
60.4500,19.9108,-18.9000,8918.5252,30.8935,860.9131,3605.8878,0.0000,0.0000
60.4667,19.9108,-18.9000,8919.8273,31.1136,860.9128,3582.6912,0.0000,0.0000
60.4833,19.9108,-18.9000,8923.8802,31.6083,860.9119,3559.4946,0.0000,0.0000
60.5000,19.9107,-18.9000,8930.6525,32.3746,860.9104,3536.2980,0.0000,0.0000
60.5167,19.9106,-18.9000,8940.1147,33.4095,860.9083,3513.1014,0.0000,0.0000
60.5333,19.9105,-18.9000,8952.2364,34.7099,860.9057,3489.9048,0.0000,0.0000
60.5500,19.9103,-18.9000,8966.9867,36.2728,860.9024,3466.7082,0.0000,0.0000
60.5667,19.9102,-18.9000,8984.3329,38.0948,860.8985,3443.5116,0.0000,0.0000
60.5833,19.9100,-18.9000,9004.2413,40.1725,860.8941,3420.3150,0.0000,0.0000
60.6000,19.9097,-18.9000,9026.6774,42.5025,860.8891,3397.1184,0.0000,0.0000
60.6167,19.9095,-18.9000,9051.6062,45.0811,860.8836,3373.9218,0.0000,0.0000
60.6333,19.9092,-18.9000,9078.9928,47.9049,860.8775,3350.7252,0.0000,0.0000
60.6500,19.9089,-18.9000,9108.8023,50.9704,860.8709,3327.5286,0.0000,0.0000
60.6667,19.9086,-18.9000,9141.0003,54.2743,860.8638,3304.3320,0.0000,0.0000
60.6833,19.9082,-18.9000,9175.5528,57.8129,860.8561,3281.1354,0.0000,0.0000
60.7000,19.9079,-18.9000,9212.4263,61.5832,860.8479,3257.9388,0.0000,0.0000
60.7167,19.9075,-18.9000,9247.2497,65.3476,860.8402,3234.7422,0.0000,0.0000
60.7333,19.9071,-18.9000,9285.8700,69.3738,860.8317,3211.5456,0.0000,0.0000
60.7500,19.9067,-18.9000,9327.3408,73.6483,860.8225,3188.3490,0.0000,0.0000
60.7667,19.9063,-18.9000,9371.3121,78.1593,860.8127,3165.1524,0.0000,0.0000
60.7833,19.9058,-18.9000,9423.2555,83.1929,860.8012,3141.9558,0.0000,0.0000
60.8000,19.9052,-18.9000,9475.2519,88.4094,860.7896,3118.7592,0.0000,0.0000
60.8167,19.9047,-18.9000,9528.7022,93.8140,860.7778,3095.5626,0.0000,0.0000
60.8333,19.9042,-18.9000,9577.8717,99.0845,860.7669,3072.3660,0.0000,0.0000
60.8500,19.9037,-18.9000,9631.1260,104.5880,860.7551,3049.1694,0.0000,0.0000
60.8667,19.9031,-18.9000,9687.1539,110.3178,860.7426,3025.9728,0.0000,0.0000
60.8833,19.9025,-18.9000,9745.5311,116.2662,860.7297,3002.7762,0.0000,0.0000
60.9000,19.9019,-18.9000,9806.0873,122.4262,860.7163,2979.5796,0.0000,0.0000
60.9167,19.9013,-18.9000,9868.7305,128.7915,860.7024,2956.3830,0.0000,0.0000
60.9333,19.9007,-18.9000,9933.3955,135.3568,860.6880,2933.1864,0.0000,0.0000
60.9500,19.9000,-18.9000,10000.0288,142.1171,860.6732,2909.9898,0.0000,0.0000
60.9667,19.8993,-18.9000,10068.5829,149.0680,860.6580,2886.7932,0.0000,0.0000
60.9833,19.8986,-18.9000,10139.0142,156.2051,860.6424,2863.5966,0.0000,0.0000
61.0000,19.8979,-18.9000,10211.2824,163.5247,860.6264,2840.4000,0.0000,0.0000
61.0167,19.8972,-18.9083,10284.2665,170.6703,860.7950,2829.9852,0.0000,0.0000
61.0333,19.8964,-18.9167,10355.1647,177.5011,860.9642,2819.5704,0.0000,0.0000
61.0500,19.8958,-18.9250,10423.8796,184.1117,861.1338,2809.1556,0.0000,0.0000
61.0667,19.8951,-18.9333,10490.8352,190.5642,861.3038,2798.7408,0.0000,0.0000
61.0833,19.8944,-18.9417,10556.4670,196.9022,861.4741,2788.3260,0.0000,0.0000
61.1000,19.8938,-18.9500,10621.1288,203.1577,861.6446,2777.9112,0.0000,0.0000
61.1167,19.8931,-18.9583,10685.0955,209.3550,861.8152,2767.4964,0.0000,0.0000
61.1333,19.8925,-18.9667,10748.5801,215.5128,861.9860,2757.0816,0.0000,0.0000
61.1500,19.8919,-18.9750,10811.7498,221.6459,862.1568,2746.6668,0.0000,0.0000
61.1667,19.8913,-18.9833,10874.7378,227.7664,862.3277,2736.2520,0.0000,0.0000
61.1833,19.8906,-18.9917,10937.6511,233.8838,862.4986,2725.8372,0.0000,0.0000
61.2000,19.8900,-19.0000,11000.5766,240.0061,862.6695,2715.4224,0.0000,0.0000
61.2167,19.8894,-19.0083,11063.5853,246.1396,862.8404,2705.0076,0.0000,0.0000
61.2333,19.8887,-19.0167,11134.1040,252.6535,863.0096,2694.5928,0.0000,0.0000
61.2500,19.8880,-19.0250,11201.8430,259.1739,863.1794,2684.1780,0.0000,0.0000
61.2667,19.8873,-19.0333,11268.9717,265.6985,863.3494,2673.7632,0.0000,0.0000
61.2833,19.8867,-19.0417,11328.8677,271.8662,863.5210,2663.3484,0.0000,0.0000
61.3000,19.8861,-19.0500,11391.4474,278.0590,863.6919,2652.9336,0.0000,0.0000
61.3167,19.8854,-19.0583,11455.0148,284.2846,863.8627,2642.5188,0.0000,0.0000
61.3333,19.8848,-19.0667,11519.1034,290.5441,864.0333,2632.1040,0.0000,0.0000
61.3500,19.8842,-19.0750,11583.5828,296.8377,864.2039,2621.6892,0.0000,0.0000
61.3667,19.8835,-19.0833,11648.4159,303.1653,864.3743,2611.2744,0.0000,0.0000
61.3833,19.8829,-19.0917,11713.5923,309.5269,864.5447,2600.8596,0.0000,0.0000
61.4000,19.8822,-19.1000,11779.1102,315.9227,864.7151,2590.4448,0.0000,0.0000
61.4167,19.8816,-19.1083,11844.9703,322.3527,864.8853,2580.0300,0.0000,0.0000
61.4333,19.8809,-19.1167,11911.1739,328.8173,865.0555,2569.6152,0.0000,0.0000
61.4500,19.8802,-19.1250,11977.7229,335.3166,865.2256,2559.2004,0.0000,0.0000
61.4667,19.8796,-19.1333,12044.6187,341.8506,865.3956,2548.7856,0.0000,0.0000
61.4833,19.8789,-19.1417,12111.8627,348.4197,865.5655,2538.3708,0.0000,0.0000
61.5000,19.8782,-19.1500,12179.4559,355.0237,865.7354,2527.9560,0.0000,0.0000
61.5167,19.8775,-19.1583,12247.3987,361.6629,865.9051,2517.5412,0.0000,0.0000
61.5333,19.8768,-19.1667,12315.6916,368.3371,866.0748,2507.1264,0.0000,0.0000
61.5500,19.8761,-19.1750,12392.3774,375.4460,866.2427,2496.7116,0.0000,0.0000
61.5667,19.8753,-19.1833,12466.2573,382.5814,866.4112,2486.2968,0.0000,0.0000
61.5833,19.8746,-19.1917,12539.6457,389.7373,866.5797,2475.8820,0.0000,0.0000
61.6000,19.8739,-19.2000,12613.0921,396.9156,866.7483,2465.4672,0.0000,0.0000
61.6167,19.8732,-19.2083,12678.8566,403.7140,866.9186,2455.0524,0.0000,0.0000
61.6333,19.8725,-19.2167,12747.6861,410.5485,867.0881,2444.6376,0.0000,0.0000
61.6500,19.8718,-19.2250,12817.6846,417.4259,867.2575,2434.2228,0.0000,0.0000
61.6667,19.8711,-19.2333,12888.3208,424.3465,867.4266,2423.8080,0.0000,0.0000
61.6833,19.8704,-19.2417,12959.4362,431.3088,867.5957,2413.3932,0.0000,0.0000
61.7000,19.8697,-19.2500,13030.9758,438.3115,867.7647,2402.9784,0.0000,0.0000
61.7167,19.8690,-19.2583,13102.9149,445.3532,867.9336,2392.5636,0.0000,0.0000
61.7333,19.8682,-19.2667,13175.2382,452.4328,868.1024,2382.1488,0.0000,0.0000
61.7500,19.8675,-19.2750,13247.9344,459.5492,868.2711,2371.7340,0.0000,0.0000
61.7667,19.8668,-19.2833,13320.9937,466.7017,868.4398,2361.3192,0.0000,0.0000
61.7833,19.8661,-19.2917,13394.4077,473.8893,868.6083,2350.9044,0.0000,0.0000
61.8000,19.8653,-19.3000,13468.1685,481.1114,868.7768,2340.4896,0.0000,0.0000
61.8167,19.8646,-19.3083,13542.2690,488.3672,868.9453,2330.0748,0.0000,0.0000
61.8333,19.8638,-19.3167,13616.7026,495.6562,869.1136,2319.6600,0.0000,0.0000
61.8500,19.8630,-19.3250,13700.2505,503.4163,869.2799,2309.2452,0.0000,0.0000
61.8667,19.8622,-19.3333,13780.7158,511.2034,869.4469,2298.8304,0.0000,0.0000
61.8833,19.8614,-19.3417,13860.6248,519.0109,869.6140,2288.4156,0.0000,0.0000
61.9000,19.8607,-19.3500,13931.9990,526.3990,869.7831,2278.0008,0.0000,0.0000
61.9167,19.8599,-19.3583,14006.6156,533.8203,869.9514,2267.5860,0.0000,0.0000
61.9333,19.8592,-19.3667,14082.4454,541.2840,870.1194,2257.1712,0.0000,0.0000
61.9500,19.8584,-19.3750,14158.9269,548.7909,870.2873,2246.7564,0.0000,0.0000
61.9667,19.8576,-19.3833,14235.8965,556.3403,870.4551,2236.3416,0.0000,0.0000
61.9833,19.8569,-19.3917,14313.2988,563.9309,870.6227,2225.9268,0.0000,0.0000
62.0000,19.8561,-19.4000,14391.1082,571.5612,870.7903,2215.5120,0.0000,0.0000
62.0167,19.8553,-19.4200,14474.2574,579.6616,871.2155,2204.3082,0.0000,0.0000
62.0333,19.8544,-19.4400,14559.3377,587.8222,871.6403,2193.1044,0.0000,0.0000
62.0500,19.8535,-19.4600,14645.3825,596.0414,872.0649,2181.9006,0.0000,0.0000
62.0667,19.8527,-19.4800,14732.0959,604.3160,872.4893,2170.6968,0.0000,0.0000
62.0833,19.8518,-19.5000,14819.3717,612.6427,872.9136,2159.4930,0.0000,0.0000
62.1000,19.8509,-19.5200,14907.1609,621.0189,873.3377,2148.2892,0.0000,0.0000
62.1167,19.8500,-19.5400,14995.4341,629.4423,873.7618,2137.0854,0.0000,0.0000
62.1333,19.8492,-19.5600,15084.1707,637.9114,874.1858,2125.8816,0.0000,0.0000
62.1500,19.8483,-19.5800,15173.3545,646.4246,874.6096,2114.6778,0.0000,0.0000
62.1667,19.8473,-19.6000,15273.2016,655.4694,875.0311,2103.4740,0.0000,0.0000
62.1833,19.8463,-19.6200,15369.3490,664.5510,875.4535,2092.2702,0.0000,0.0000
62.2000,19.8454,-19.6400,15464.8212,673.6559,875.8759,2081.0664,0.0000,0.0000
62.2167,19.8444,-19.6600,15560.3019,682.7822,876.2984,2069.8626,0.0000,0.0000
62.2333,19.8435,-19.6800,15645.9432,691.4348,876.7230,2058.6588,0.0000,0.0000
62.2500,19.8426,-19.7000,15735.4545,700.1146,877.1468,2047.4550,0.0000,0.0000
62.2667,19.8417,-19.7200,15826.3157,708.8311,877.5703,2036.2512,0.0000,0.0000
62.2833,19.8408,-19.7400,15917.8231,717.5848,877.9937,2025.0474,0.0000,0.0000
62.3000,19.8399,-19.7600,16009.7694,726.3743,878.4169,2013.8436,0.0000,0.0000
62.3167,19.8390,-19.7800,16102.0865,735.1983,878.8401,2002.6398,0.0000,0.0000
62.3333,19.8381,-19.8000,16194.7470,744.0556,879.2632,1991.4360,0.0000,0.0000
62.3500,19.8371,-19.8200,16287.7372,752.9453,879.6862,1980.2322,0.0000,0.0000
62.3667,19.8362,-19.8400,16381.0486,761.8670,880.1091,1969.0284,0.0000,0.0000
62.3833,19.8353,-19.8600,16474.6755,770.8200,880.5320,1957.8246,0.0000,0.0000
62.4000,19.8343,-19.8800,16568.6135,779.8040,880.9548,1946.6208,0.0000,0.0000
62.4167,19.8334,-19.9000,16662.8593,788.8187,881.3776,1935.4170,0.0000,0.0000
62.4333,19.8324,-19.9200,16757.4102,797.8639,881.8002,1924.2132,0.0000,0.0000
62.4500,19.8315,-19.9400,16852.2639,806.9393,882.2228,1913.0094,0.0000,0.0000
62.4667,19.8304,-19.9600,16958.3222,816.5690,882.6430,1901.8056,0.0000,0.0000
62.4833,19.8294,-19.9800,17060.3223,826.2262,883.0640,1890.6018,0.0000,0.0000
62.5000,19.8284,-20.0000,17161.5046,835.8989,883.4852,1879.3980,0.0000,0.0000
62.5167,19.8274,-20.0200,17262.6213,845.5877,883.9064,1868.1942,0.0000,0.0000
62.5333,19.8264,-20.0400,17363.8643,855.2950,884.3276,1856.9904,0.0000,0.0000
62.5500,19.8253,-20.0600,17465.2939,865.0229,884.7487,1845.7866,0.0000,0.0000
62.5667,19.8243,-20.0800,17566.9357,874.7728,885.1698,1834.5828,0.0000,0.0000
62.5833,19.8233,-20.1000,17668.8036,884.5458,885.5909,1823.3790,0.0000,0.0000
62.6000,19.8223,-20.1200,17770.9057,894.3426,886.0119,1812.1752,0.0000,0.0000
62.6167,19.8213,-20.1400,17873.2471,904.1635,886.4328,1800.9714,0.0000,0.0000
62.6333,19.8203,-20.1600,17965.0543,913.4717,886.8561,1789.7676,0.0000,0.0000
62.6500,19.8194,-20.1800,18061.0002,922.8069,887.2785,1778.5638,0.0000,0.0000
62.6667,19.8184,-20.2000,18158.3770,932.1796,887.7005,1767.3600,0.0000,0.0000
62.6833,19.8174,-20.2200,18256.4286,941.5903,888.1224,1756.1562,0.0000,0.0000
62.7000,19.8165,-20.2400,18354.9312,951.0374,888.5442,1744.9524,0.0000,0.0000
62.7167,19.8155,-20.2600,18453.8090,960.5191,888.9659,1733.7486,0.0000,0.0000
62.7333,19.8145,-20.2800,18553.0293,970.0338,889.3876,1722.5448,0.0000,0.0000
62.7500,19.8135,-20.3000,18652.5732,979.5801,889.8091,1711.3410,0.0000,0.0000
62.7667,19.8125,-20.3200,18752.4272,989.1570,890.2306,1700.1372,0.0000,0.0000
62.7833,19.8114,-20.3400,18864.0966,999.3202,890.6495,1688.9334,0.0000,0.0000
62.8000,19.8103,-20.3600,18971.5053,1009.5133,891.0693,1677.7296,0.0000,0.0000
62.8167,19.8092,-20.3800,19078.0682,1019.7245,891.4893,1666.5258,0.0000,0.0000
62.8333,19.8082,-20.4000,19184.5836,1029.9550,891.9093,1655.3220,0.0000,0.0000
62.8500,19.8071,-20.4200,19291.2607,1040.2081,892.3293,1644.1182,0.0000,0.0000
62.8667,19.8060,-20.4400,19398.1681,1050.4863,892.7493,1632.9144,0.0000,0.0000
62.8833,19.8049,-20.4600,19505.3347,1060.7915,893.1691,1621.7106,0.0000,0.0000
62.9000,19.8039,-20.4800,19612.7742,1071.1244,893.5889,1610.5068,0.0000,0.0000
62.9167,19.8028,-20.5000,19720.4918,1081.4854,894.0087,1599.3030,0.0000,0.0000
62.9333,19.8017,-20.5200,19828.4876,1091.8743,894.4284,1588.0992,0.0000,0.0000
62.9500,19.8006,-20.5400,19936.7578,1102.2905,894.8480,1576.8954,0.0000,0.0000
62.9667,19.7997,-20.5600,20033.8604,1112.1606,895.2701,1565.6916,0.0000,0.0000
62.9833,19.7986,-20.5800,20135.3206,1122.0570,895.6913,1554.4878,0.0000,0.0000
63.0000,19.7976,-20.6000,20238.2711,1131.9907,896.1121,1543.2840,0.0000,0.0000
63.0167,19.7966,-20.6000,20337.4339,1141.7958,896.0901,1520.8764,0.0000,0.0000
63.0333,19.7955,-20.6000,20450.9842,1152.6797,896.0649,1498.4688,0.0000,0.0000
63.0500,19.7944,-20.6000,20563.4166,1163.9215,896.0399,1476.0612,0.0000,0.0000
63.0667,19.7932,-20.6000,20677.7930,1175.4490,896.0146,1453.6536,0.0000,0.0000
63.0833,19.7921,-20.6000,20794.4949,1187.2201,895.9887,1431.2460,0.0000,0.0000
63.1000,19.7909,-20.6000,20913.3812,1199.2054,895.9623,1408.8384,0.0000,0.0000
63.1167,19.7897,-20.6000,21034.2422,1211.3818,895.9355,1386.4308,0.0000,0.0000
63.1333,19.7884,-20.6000,21156.8870,1223.7308,895.9083,1364.0232,0.0000,0.0000
63.1500,19.7872,-20.6000,21281.1532,1236.2371,895.8807,1341.6156,0.0000,0.0000
63.1667,19.7859,-20.6000,21406.9041,1248.8878,895.8528,1319.2080,0.0000,0.0000
63.1833,19.7847,-20.6000,21534.0232,1261.6719,895.8246,1296.8004,0.0000,0.0000
63.2000,19.7834,-20.6000,21662.4109,1274.5799,895.7962,1274.3928,0.0000,0.0000
63.2167,19.7821,-20.6000,21791.9806,1287.6037,895.7674,1251.9852,0.0000,0.0000
63.2333,19.7808,-20.6000,21922.6570,1300.7359,895.7384,1229.5776,0.0000,0.0000
63.2500,19.7795,-20.6000,22054.3739,1313.9703,895.7092,1207.1700,0.0000,0.0000
63.2667,19.7781,-20.6000,22187.0728,1327.3012,895.6798,1184.7624,0.0000,0.0000
63.2833,19.7768,-20.6000,22320.7018,1340.7237,895.6501,1162.3548,0.0000,0.0000
63.3000,19.7754,-20.6000,22455.2143,1354.2332,895.6203,1139.9472,0.0000,0.0000
63.3167,19.7741,-20.6000,22590.5689,1367.8258,895.5903,1117.5396,0.0000,0.0000
63.3333,19.7727,-20.6000,22726.7278,1381.4978,895.5601,1095.1320,0.0000,0.0000
63.3500,19.7714,-20.6000,22863.6569,1395.2459,895.5297,1072.7244,0.0000,0.0000
63.3667,19.7700,-20.6000,23001.3252,1409.0671,895.4992,1050.3168,0.0000,0.0000
63.3833,19.7686,-20.6000,23139.7043,1422.9586,895.4685,1027.9092,0.0000,0.0000
63.4000,19.7672,-20.6000,23278.7680,1436.9178,895.4376,1005.5016,0.0000,0.0000
63.4167,19.7658,-20.6000,23418.4920,1450.9425,895.4066,983.0940,0.0000,0.0000
63.4333,19.7644,-20.6000,23558.8541,1465.0304,895.3755,960.6864,0.0000,0.0000
63.4500,19.7630,-20.6000,23699.8333,1479.1795,895.3442,938.2788,0.0000,0.0000
63.4667,19.7616,-20.6000,23841.4100,1493.3878,895.3128,915.8712,0.0000,0.0000
63.4833,19.7602,-20.6000,23983.5658,1507.6536,895.2813,893.4636,0.0000,0.0000
63.5000,19.7587,-20.6000,24126.2835,1521.9751,895.2496,871.0560,0.0000,0.0000
63.5167,19.7573,-20.6000,24269.5465,1536.3508,895.2178,848.6484,0.0000,0.0000
63.5333,19.7559,-20.6000,24413.3393,1550.7790,895.1859,826.2408,0.0000,0.0000
63.5500,19.7544,-20.6000,24557.6470,1565.2584,895.1539,803.8332,0.0000,0.0000
63.5667,19.7530,-20.6000,24702.4552,1579.7875,895.1218,781.4256,0.0000,0.0000
63.5833,19.7515,-20.6000,24847.7505,1594.3649,895.0896,759.0180,0.0000,0.0000
63.6000,19.7501,-20.6000,24993.5196,1608.9894,895.0572,736.6104,0.0000,0.0000
63.6167,19.7486,-20.6000,25139.7497,1623.6598,895.0248,714.2028,0.0000,0.0000
63.6333,19.7471,-20.6000,25286.4287,1638.3747,894.9923,691.7952,0.0000,0.0000
63.6500,19.7457,-20.6000,25433.5446,1653.1330,894.9596,669.3876,0.0000,0.0000
63.6667,19.7442,-20.6000,25581.0859,1667.9335,894.9269,646.9800,0.0000,0.0000
63.6833,19.7427,-20.6000,25729.0411,1682.7752,894.8941,624.5724,0.0000,0.0000
63.7000,19.7412,-20.6000,25877.3993,1697.6570,894.8612,602.1648,0.0000,0.0000
63.7167,19.7397,-20.6000,26026.1498,1712.5777,894.8282,579.7572,0.0000,0.0000
63.7333,19.7382,-20.6000,26175.2818,1727.5363,894.7951,557.3496,0.0000,0.0000
63.7500,19.7368,-20.6000,26324.7851,1742.5317,894.7619,534.9420,0.0000,0.0000
63.7667,19.7353,-20.6000,26474.6494,1757.5631,894.7287,512.5344,0.0000,0.0000
63.7833,19.7338,-20.6000,26624.8647,1772.6292,894.6954,490.1268,0.0000,0.0000
63.8000,19.7322,-20.6000,26775.4211,1787.7293,894.6620,467.7192,0.0000,0.0000
63.8167,19.7307,-20.6000,26926.3087,1802.8622,894.6285,445.3116,0.0000,0.0000
63.8333,19.7292,-20.6000,27077.5178,1818.0270,894.5950,422.9040,0.0000,0.0000
63.8500,19.7277,-20.6000,27229.0388,1833.2228,894.5614,400.4964,0.0000,0.0000
63.8667,19.7262,-20.6000,27380.8623,1848.4486,894.5277,378.0888,0.0000,0.0000
63.8833,19.7247,-20.6000,27532.9787,1863.7034,894.4939,355.6812,0.0000,0.0000
63.9000,19.7231,-20.6000,27685.3786,1878.9864,894.4601,333.2736,0.0000,0.0000
63.9167,19.7216,-20.6000,27838.0528,1894.2965,894.4263,310.8660,0.0000,0.0000
63.9333,19.7201,-20.6000,27990.9918,1909.6329,894.3923,288.4584,0.0000,0.0000
63.9500,19.7186,-20.6000,28144.1865,1924.9946,894.3584,266.0508,0.0000,0.0000
63.9667,19.7170,-20.6000,28297.6274,1940.3807,894.3243,243.6432,0.0000,0.0000
63.9833,19.7155,-20.6000,28451.3055,1955.7903,894.2902,221.2356,0.0000,0.0000
64.0000,19.7139,-20.6000,28605.2114,1971.2224,894.2561,198.8280,0.0000,0.0000
64.0167,19.7124,-20.6083,28756.7475,1986.1366,894.4073,195.5142,0.0000,0.0000
64.0333,19.7110,-20.6167,28903.0738,2000.4475,894.5597,192.2004,0.0000,0.0000
64.0500,19.7096,-20.6250,29044.5203,2014.2818,894.7132,188.8866,0.0000,0.0000
64.0667,19.7082,-20.6333,29181.8141,2027.7236,894.8676,185.5728,0.0000,0.0000
64.0833,19.7068,-20.6417,29315.5841,2040.8323,895.0228,182.2590,0.0000,0.0000
64.1000,19.7055,-20.6500,29446.3183,2053.6525,895.1786,178.9452,0.0000,0.0000
64.1167,19.7043,-20.6583,29574.3934,2066.2182,895.3351,175.6314,0.0000,0.0000
64.1333,19.7030,-20.6667,29700.1058,2078.5566,895.4920,172.3176,0.0000,0.0000
64.1500,19.7018,-20.6750,29823.6929,2090.6896,895.6495,169.0038,0.0000,0.0000
64.1667,19.7005,-20.6833,29945.3489,2102.6353,895.8073,165.6900,0.0000,0.0000
64.1833,19.6993,-20.6917,30065.2349,2114.4087,895.9656,162.3762,0.0000,0.0000
64.2000,19.6982,-20.7000,30183.4856,2126.0226,896.1242,159.0624,0.0000,0.0000
64.2167,19.6970,-20.7083,30300.2155,2137.4878,896.2832,155.7486,0.0000,0.0000
64.2333,19.6958,-20.7167,30415.5222,2148.8134,896.4425,152.4348,0.0000,0.0000
64.2500,19.6947,-20.7250,30529.4896,2160.0075,896.6020,149.1210,0.0000,0.0000
64.2667,19.6936,-20.7333,30642.1904,2171.0770,896.7619,145.8072,0.0000,0.0000
64.2833,19.6925,-20.7417,30753.6878,2182.0280,896.9220,142.4934,0.0000,0.0000
64.3000,19.6914,-20.7500,30864.0371,2192.8656,897.0824,139.1796,0.0000,0.0000
64.3167,19.6903,-20.7583,30973.2871,2203.5946,897.2430,135.8658,0.0000,0.0000
64.3333,19.6892,-20.7667,31081.4806,2214.2191,897.4038,132.5520,0.0000,0.0000
64.3500,19.6881,-20.7750,31188.6561,2224.7429,897.5649,129.2382,0.0000,0.0000
64.3667,19.6871,-20.7833,31294.8477,2235.1691,897.7262,125.9244,0.0000,0.0000
64.3833,19.6860,-20.7917,31400.0860,2245.5007,897.8877,122.6106,0.0000,0.0000
64.4000,19.6850,-20.8000,31504.3989,2255.7405,898.0494,119.2968,0.0000,0.0000
64.4167,19.6839,-20.8083,31607.8116,2265.8909,898.2114,115.9830,0.0000,0.0000
64.4333,19.6829,-20.8167,31710.3469,2275.9541,898.3735,112.6692,0.0000,0.0000
64.4500,19.6819,-20.8250,31812.0260,2285.9322,898.5358,109.3554,0.0000,0.0000
64.4667,19.6809,-20.8333,31912.8684,2295.8270,898.6982,106.0416,0.0000,0.0000
64.4833,19.6799,-20.8417,32012.8920,2305.6404,898.8609,102.7278,0.0000,0.0000
64.5000,19.6789,-20.8500,32112.1136,2315.3739,899.0237,99.4140,0.0000,0.0000
64.5167,19.6779,-20.8583,32210.5489,2325.0291,899.1868,96.1002,0.0000,0.0000
64.5333,19.6769,-20.8667,32308.2127,2334.6075,899.3500,92.7864,0.0000,0.0000
64.5500,19.6759,-20.8750,32405.1189,2344.1103,899.5133,89.4726,0.0000,0.0000
64.5667,19.6750,-20.8833,32501.2805,2353.5390,899.6768,86.1588,0.0000,0.0000
64.5833,19.6740,-20.8917,32596.7102,2362.8947,899.8405,82.8450,0.0000,0.0000
64.6000,19.6731,-20.9000,32691.4198,2372.1787,900.0044,79.5312,0.0000,0.0000
64.6167,19.6721,-20.9083,32785.4207,2381.3920,900.1684,76.2174,0.0000,0.0000
64.6333,19.6712,-20.9167,32878.7240,2390.5357,900.3325,72.9036,0.0000,0.0000
64.6500,19.6703,-20.9250,32971.3400,2399.6109,900.4968,69.5898,0.0000,0.0000
64.6667,19.6694,-20.9333,33063.2790,2408.6185,900.6613,66.2760,0.0000,0.0000
64.6833,19.6685,-20.9417,33154.5507,2417.5596,900.8259,62.9622,0.0000,0.0000
64.7000,19.6675,-20.9500,33245.1645,2426.4351,900.9906,59.6484,0.0000,0.0000
64.7167,19.6666,-20.9583,33335.1297,2435.2458,901.1555,56.3346,0.0000,0.0000
64.7333,19.6658,-20.9667,33424.4551,2443.9927,901.3206,53.0208,0.0000,0.0000
64.7500,19.6649,-20.9750,33513.1494,2452.6767,901.4858,49.7070,0.0000,0.0000
64.7667,19.6640,-20.9833,33601.2210,2461.2985,901.6511,46.3932,0.0000,0.0000
64.7833,19.6631,-20.9917,33688.6781,2469.8589,901.8165,43.0794,0.0000,0.0000
64.8000,19.6622,-21.0000,33775.5286,2478.3589,901.9821,39.7656,0.0000,0.0000
64.8167,19.6614,-21.0083,33861.7805,2486.7991,902.1478,36.4518,0.0000,0.0000
64.8333,19.6605,-21.0167,33947.4413,2495.1803,902.3137,33.1380,0.0000,0.0000
64.8500,19.6597,-21.0250,34032.5184,2503.5032,902.4797,29.8242,0.0000,0.0000
64.8667,19.6588,-21.0333,34117.0192,2511.7687,902.6458,26.5104,0.0000,0.0000
64.8833,19.6580,-21.0417,34200.9507,2519.9773,902.8120,23.1966,0.0000,0.0000
64.9000,19.6572,-21.0500,34284.3200,2528.1297,902.9784,19.8828,0.0000,0.0000
64.9167,19.6563,-21.0583,34367.1339,2536.2268,903.1448,16.5690,0.0000,0.0000
64.9333,19.6555,-21.0667,34449.3991,2544.2690,903.3115,13.2552,0.0000,0.0000
64.9500,19.6547,-21.0750,34531.1221,2552.2571,903.4782,9.9414,0.0000,0.0000
64.9667,19.6539,-21.0833,34612.3094,2560.1918,903.6450,6.6276,0.0000,0.0000
64.9833,19.6531,-21.0917,34692.9673,2568.0736,903.8120,3.3138,0.0000,0.0000
65.0000,19.6523,-21.1000,34773.1021,2575.9031,903.9791,0.0000,0.0000,0.0000
65.0167,19.6515,-21.1100,34852.5090,2583.6140,904.1833,0.0000,0.0000,0.0000
65.0333,19.6507,-21.1200,34930.6245,2591.1791,904.3878,0.0000,0.0000,0.0000
65.0500,19.6499,-21.1300,35007.4714,2598.6182,904.5925,0.0000,0.0000,0.0000
65.0667,19.6492,-21.1400,35083.1582,2605.9446,904.7976,0.0000,0.0000,0.0000
65.0833,19.6484,-21.1500,35157.7854,2613.1680,905.0028,0.0000,0.0000,0.0000
65.1000,19.6477,-21.1600,35231.4347,2620.2960,905.2083,0.0000,0.0000,0.0000
65.1167,19.6470,-21.1700,35304.1717,2627.3346,905.4140,0.0000,0.0000,0.0000
65.1333,19.6462,-21.1800,35376.0502,2634.2890,905.6199,0.0000,0.0000,0.0000
65.1500,19.6455,-21.1900,35447.1152,2641.1632,905.8260,0.0000,0.0000,0.0000
65.1667,19.6448,-21.2000,35517.4053,2647.9611,906.0322,0.0000,0.0000,0.0000
65.1833,19.6441,-21.2100,35586.9537,2654.6857,906.2386,0.0000,0.0000,0.0000
65.2000,19.6434,-21.2200,35655.7897,2661.3398,906.4451,0.0000,0.0000,0.0000
65.2167,19.6428,-21.2300,35716.6628,2667.5527,906.6535,0.0000,0.0000,0.0000
65.2333,19.6422,-21.2400,35779.4165,2673.6920,906.8614,0.0000,0.0000,0.0000
65.2500,19.6416,-21.2500,35842.2567,2679.7699,907.0692,0.0000,0.0000,0.0000
65.2667,19.6410,-21.2600,35904.7137,2685.7912,907.2772,0.0000,0.0000,0.0000
65.2833,19.6403,-21.2700,35966.6736,2691.7582,907.4853,0.0000,0.0000,0.0000
65.3000,19.6397,-21.2800,36028.1168,2697.6727,907.6935,0.0000,0.0000,0.0000
65.3167,19.6391,-21.2900,36089.0480,2703.5361,907.9018,0.0000,0.0000,0.0000
65.3333,19.6385,-21.3000,36149.4773,2709.3497,908.1102,0.0000,0.0000,0.0000
65.3500,19.6379,-21.3100,36209.4158,2715.1145,908.3187,0.0000,0.0000,0.0000
65.3667,19.6373,-21.3200,36268.8742,2720.8316,908.5274,0.0000,0.0000,0.0000
65.3833,19.6367,-21.3300,36327.8623,2726.5020,908.7361,0.0000,0.0000,0.0000
65.4000,19.6361,-21.3400,36386.3895,2732.1267,908.9449,0.0000,0.0000,0.0000
65.4167,19.6356,-21.3500,36444.4645,2737.7063,909.1539,0.0000,0.0000,0.0000
65.4333,19.6350,-21.3600,36502.0955,2743.2418,909.3629,0.0000,0.0000,0.0000
65.4500,19.6344,-21.3700,36559.2902,2748.7339,909.5721,0.0000,0.0000,0.0000
65.4667,19.6338,-21.3800,36616.0560,2754.1833,909.7813,0.0000,0.0000,0.0000
65.4833,19.6333,-21.3900,36672.3998,2759.5908,909.9906,0.0000,0.0000,0.0000
65.5000,19.6327,-21.4000,36728.3282,2764.9568,910.2000,0.0000,0.0000,0.0000
65.5167,19.6322,-21.4100,36783.8476,2770.2822,910.4095,0.0000,0.0000,0.0000
65.5333,19.6316,-21.4200,36838.9641,2775.5674,910.6191,0.0000,0.0000,0.0000
65.5500,19.6311,-21.4300,36893.6834,2780.8130,910.8288,0.0000,0.0000,0.0000
65.5667,19.6305,-21.4400,36948.0111,2786.0197,911.0386,0.0000,0.0000,0.0000
65.5833,19.6300,-21.4500,37001.9526,2791.1878,911.2485,0.0000,0.0000,0.0000
65.6000,19.6294,-21.4600,37055.5130,2796.3180,911.4584,0.0000,0.0000,0.0000
65.6167,19.6289,-21.4700,37108.6974,2801.4107,911.6684,0.0000,0.0000,0.0000
65.6333,19.6284,-21.4800,37161.5106,2806.4664,911.8785,0.0000,0.0000,0.0000
65.6500,19.6279,-21.4900,37213.9572,2811.4855,912.0887,0.0000,0.0000,0.0000
65.6667,19.6273,-21.5000,37266.0418,2816.4686,912.2990,0.0000,0.0000,0.0000
65.6833,19.6268,-21.5100,37317.7688,2821.4160,912.5093,0.0000,0.0000,0.0000
65.7000,19.6263,-21.5200,37369.1425,2826.3281,912.7198,0.0000,0.0000,0.0000
65.7167,19.6258,-21.5300,37420.1669,2831.2055,912.9303,0.0000,0.0000,0.0000
65.7333,19.6253,-21.5400,37470.8463,2836.0484,913.1408,0.0000,0.0000,0.0000
65.7500,19.6248,-21.5500,37521.1844,2840.8573,913.3515,0.0000,0.0000,0.0000
65.7667,19.6243,-21.5600,37571.1853,2845.6326,913.5622,0.0000,0.0000,0.0000
65.7833,19.6238,-21.5700,37620.8525,2850.3745,913.7730,0.0000,0.0000,0.0000
65.8000,19.6233,-21.5800,37670.1899,2855.0836,913.9839,0.0000,0.0000,0.0000
65.8167,19.6228,-21.5900,37719.2009,2859.7601,914.1949,0.0000,0.0000,0.0000
65.8333,19.6223,-21.6000,37767.8892,2864.4044,914.4059,0.0000,0.0000,0.0000
65.8500,19.6218,-21.6100,37816.2581,2869.0169,914.6170,0.0000,0.0000,0.0000
65.8667,19.6214,-21.6200,37864.3111,2873.5978,914.8282,0.0000,0.0000,0.0000
65.8833,19.6209,-21.6300,37912.0514,2878.1475,915.0394,0.0000,0.0000,0.0000
65.9000,19.6204,-21.6400,37959.4822,2882.6664,915.2507,0.0000,0.0000,0.0000
65.9167,19.6199,-21.6500,38006.6068,2887.1546,915.4621,0.0000,0.0000,0.0000
65.9333,19.6195,-21.6600,38053.4283,2891.6127,915.6735,0.0000,0.0000,0.0000
65.9500,19.6190,-21.6700,38099.9498,2896.0408,915.8850,0.0000,0.0000,0.0000
65.9667,19.6185,-21.6800,38146.1742,2900.4392,916.0966,0.0000,0.0000,0.0000
65.9833,19.6181,-21.6900,38192.1045,2904.8083,916.3082,0.0000,0.0000,0.0000
66.0000,19.6176,-21.7000,38237.7437,2909.1484,916.5199,0.0000,0.0000,0.0000
66.0167,19.6172,-21.7000,38279.0569,2913.1190,916.5107,0.0000,0.0000,0.0000
66.0333,19.6168,-21.7000,38318.9841,2917.0656,916.5019,0.0000,0.0000,0.0000
66.0500,19.6164,-21.7000,38358.3228,2920.9844,916.4932,0.0000,0.0000,0.0000
66.0667,19.6160,-21.7000,38397.2898,2924.8744,916.4845,0.0000,0.0000,0.0000
66.0833,19.6156,-21.7000,38435.9439,2928.7354,916.4759,0.0000,0.0000,0.0000
66.1000,19.6153,-21.7000,38474.3004,2932.5671,916.4674,0.0000,0.0000,0.0000
66.1167,19.6149,-21.7000,38512.3626,2936.3695,916.4590,0.0000,0.0000,0.0000
66.1333,19.6145,-21.7000,38550.1301,2940.1423,916.4506,0.0000,0.0000,0.0000
66.1500,19.6141,-21.7000,38587.6016,2943.8854,916.4423,0.0000,0.0000,0.0000
66.1667,19.6138,-21.7000,38624.7757,2947.5986,916.4340,0.0000,0.0000,0.0000
66.1833,19.6134,-21.7000,38661.6507,2951.2817,916.4259,0.0000,0.0000,0.0000
66.2000,19.6130,-21.7000,38698.2251,2954.9347,916.4178,0.0000,0.0000,0.0000
66.2167,19.6127,-21.7000,38734.4976,2958.5574,916.4097,0.0000,0.0000,0.0000
66.2333,19.6123,-21.7000,38770.4670,2962.1496,916.4017,0.0000,0.0000,0.0000
66.2500,19.6119,-21.7000,38806.1324,2965.7114,916.3938,0.0000,0.0000,0.0000
66.2667,19.6116,-21.7000,38841.4932,2969.2426,916.3860,0.0000,0.0000,0.0000
66.2833,19.6112,-21.7000,38876.5489,2972.7431,916.3782,0.0000,0.0000,0.0000
66.3000,19.6109,-21.7000,38911.2992,2976.2131,916.3705,0.0000,0.0000,0.0000
66.3167,19.6105,-21.7000,38945.7443,2979.6525,916.3628,0.0000,0.0000,0.0000
66.3333,19.6102,-21.7000,38979.8841,2983.0613,916.3553,0.0000,0.0000,0.0000
66.3500,19.6099,-21.7000,39013.7192,2986.4396,916.3478,0.0000,0.0000,0.0000
66.3667,19.6095,-21.7000,39047.2502,2989.7874,916.3403,0.0000,0.0000,0.0000
66.3833,19.6092,-21.7000,39080.4777,2993.1048,916.3330,0.0000,0.0000,0.0000
66.4000,19.6089,-21.7000,39113.4028,2996.3920,916.3257,0.0000,0.0000,0.0000
66.4167,19.6085,-21.7000,39146.0264,2999.6490,916.3184,0.0000,0.0000,0.0000
66.4333,19.6082,-21.7000,39178.3499,3002.8759,916.3113,0.0000,0.0000,0.0000
66.4500,19.6079,-21.7000,39210.3746,3006.0730,916.3041,0.0000,0.0000,0.0000
66.4667,19.6076,-21.7000,39242.1020,3009.2404,916.2971,0.0000,0.0000,0.0000
66.4833,19.6073,-21.7000,39273.5337,3012.3781,916.2901,0.0000,0.0000,0.0000
66.5000,19.6070,-21.7000,39304.6715,3015.4865,916.2832,0.0000,0.0000,0.0000
66.5167,19.6066,-21.7000,39335.5171,3018.5657,916.2764,0.0000,0.0000,0.0000
66.5333,19.6063,-21.7000,39366.0725,3021.6159,916.2696,0.0000,0.0000,0.0000
66.5500,19.6060,-21.7000,39396.3396,3024.6373,916.2629,0.0000,0.0000,0.0000
66.5667,19.6057,-21.7000,39426.3206,3027.6301,916.2562,0.0000,0.0000,0.0000
66.5833,19.6054,-21.7000,39456.0175,3030.5945,916.2497,0.0000,0.0000,0.0000
66.6000,19.6051,-21.7000,39489.0123,3033.7188,916.2423,0.0000,0.0000,0.0000
66.6167,19.6048,-21.7000,39520.4218,3036.8185,916.2354,0.0000,0.0000,0.0000
66.6333,19.6045,-21.7000,39551.2283,3039.8871,916.2285,0.0000,0.0000,0.0000
66.6500,19.6042,-21.7000,39581.6426,3042.9228,916.2218,0.0000,0.0000,0.0000
66.6667,19.6039,-21.7000,39611.7058,3045.9245,916.2151,0.0000,0.0000,0.0000
66.6833,19.6036,-21.7000,39641.4229,3048.8917,916.2085,0.0000,0.0000,0.0000
66.7000,19.6033,-21.7000,39670.7931,3051.8240,916.2020,0.0000,0.0000,0.0000
66.7167,19.6030,-21.7000,39699.8153,3054.7215,916.1956,0.0000,0.0000,0.0000
66.7333,19.6027,-21.7000,39728.4902,3057.5841,916.1892,0.0000,0.0000,0.0000
66.7500,19.6025,-21.7000,39753.6758,3060.2414,916.1836,0.0000,0.0000,0.0000
66.7667,19.6022,-21.7000,39779.5633,3062.8625,916.1779,0.0000,0.0000,0.0000
66.7833,19.6019,-21.7000,39805.4195,3065.4518,916.1722,0.0000,0.0000,0.0000
66.8000,19.6017,-21.7000,39831.0504,3068.0110,916.1665,0.0000,0.0000,0.0000
66.8167,19.6014,-21.7000,39856.4072,3070.5408,916.1608,0.0000,0.0000,0.0000
66.8333,19.6012,-21.7000,39881.4806,3073.0418,916.1553,0.0000,0.0000,0.0000
66.8500,19.6009,-21.7000,39906.2714,3075.5146,916.1498,0.0000,0.0000,0.0000
66.8667,19.6007,-21.7000,39930.7836,3077.9596,916.1443,0.0000,0.0000,0.0000
66.8833,19.6004,-21.7000,39955.0216,3080.3773,916.1390,0.0000,0.0000,0.0000
66.9000,19.6002,-21.7000,39978.9899,3082.7682,916.1337,0.0000,0.0000,0.0000
66.9167,19.6000,-21.7000,40002.6932,3085.1327,916.1284,0.0000,0.0000,0.0000
66.9333,19.5997,-21.7000,40026.1360,3087.4713,916.1232,0.0000,0.0000,0.0000
66.9500,19.5995,-21.7000,40049.3228,3089.7844,916.1180,0.0000,0.0000,0.0000
66.9667,19.5993,-21.7000,40072.2579,3092.0724,916.1130,0.0000,0.0000,0.0000
66.9833,19.5991,-21.7000,40094.9457,3094.3359,916.1079,0.0000,0.0000,0.0000
67.0000,19.5988,-21.7000,40117.3904,3096.5752,916.1030,0.0000,0.0000,0.0000
67.0167,19.5987,-21.6817,40132.1857,3098.1650,915.6930,0.0000,0.0000,0.0000
67.0333,19.5986,-21.6633,40144.7254,3099.7396,915.2835,0.0000,0.0000,0.0000
67.0500,19.5984,-21.6450,40156.4753,3101.2924,914.8743,0.0000,0.0000,0.0000
67.0667,19.5983,-21.6267,40167.8355,3102.8217,914.4651,0.0000,0.0000,0.0000
67.0833,19.5982,-21.6083,40178.9168,3104.3274,914.0559,0.0000,0.0000,0.0000
67.1000,19.5981,-21.5900,40189.7504,3105.8095,913.6468,0.0000,0.0000,0.0000
67.1167,19.5980,-21.5717,40200.3460,3107.2682,913.2378,0.0000,0.0000,0.0000
67.1333,19.5979,-21.5533,40210.7069,3108.7034,912.8288,0.0000,0.0000,0.0000
67.1500,19.5978,-21.5350,40220.8347,3110.1154,912.4199,0.0000,0.0000,0.0000
67.1667,19.5977,-21.5167,40230.7304,3111.5041,912.0111,0.0000,0.0000,0.0000
67.1833,19.5976,-21.4983,40240.3945,3112.8696,911.6022,0.0000,0.0000,0.0000
67.2000,19.5975,-21.4800,40249.8277,3114.2121,911.1935,0.0000,0.0000,0.0000
67.2167,19.5974,-21.4617,40259.0306,3115.5314,910.7847,0.0000,0.0000,0.0000
67.2333,19.5973,-21.4433,40268.0038,3116.8278,910.3761,0.0000,0.0000,0.0000
67.2500,19.5972,-21.4250,40276.7480,3118.1013,909.9675,0.0000,0.0000,0.0000
67.2667,19.5971,-21.4067,40285.2637,3119.3519,909.5589,0.0000,0.0000,0.0000
67.2833,19.5971,-21.3883,40293.5518,3120.5797,909.1504,0.0000,0.0000,0.0000
67.3000,19.5970,-21.3700,40301.6131,3121.7848,908.7419,0.0000,0.0000,0.0000
67.3167,19.5969,-21.3517,40309.4484,3122.9673,908.3335,0.0000,0.0000,0.0000
67.3333,19.5968,-21.3333,40317.0587,3124.1272,907.9251,0.0000,0.0000,0.0000
67.3500,19.5968,-21.3150,40324.4449,3125.2648,907.5168,0.0000,0.0000,0.0000
67.3667,19.5967,-21.2967,40331.6081,3126.3801,907.1086,0.0000,0.0000,0.0000
67.3833,19.5966,-21.2783,40338.5495,3127.4731,906.7004,0.0000,0.0000,0.0000
67.4000,19.5965,-21.2600,40345.2701,3128.5441,906.2922,0.0000,0.0000,0.0000
67.4167,19.5965,-21.2417,40351.7712,3129.5932,905.8841,0.0000,0.0000,0.0000
67.4333,19.5964,-21.2233,40358.0540,3130.6204,905.4760,0.0000,0.0000,0.0000
67.4500,19.5964,-21.2050,40364.1200,3131.6259,905.0680,0.0000,0.0000,0.0000
67.4667,19.5963,-21.1867,40369.9704,3132.6099,904.6600,0.0000,0.0000,0.0000
67.4833,19.5962,-21.1683,40375.6066,3133.5725,904.2521,0.0000,0.0000,0.0000
67.5000,19.5962,-21.1500,40381.0302,3134.5139,903.8442,0.0000,0.0000,0.0000
67.5167,19.5961,-21.1317,40386.2425,3135.4341,903.4364,0.0000,0.0000,0.0000
67.5333,19.5961,-21.1133,40391.2451,3136.3334,903.0286,0.0000,0.0000,0.0000
67.5500,19.5960,-21.0950,40396.0395,3137.2119,902.6208,0.0000,0.0000,0.0000
67.5667,19.5960,-21.0767,40400.6273,3138.0697,902.2132,0.0000,0.0000,0.0000
67.5833,19.5959,-21.0583,40405.0100,3138.9070,901.8055,0.0000,0.0000,0.0000
67.6000,19.5959,-21.0400,40409.1893,3139.7241,901.3979,0.0000,0.0000,0.0000
67.6167,19.5959,-21.0217,40413.1669,3140.5209,900.9903,0.0000,0.0000,0.0000
67.6333,19.5958,-21.0033,40416.9442,3141.2978,900.5828,0.0000,0.0000,0.0000
67.6500,19.5958,-20.9850,40420.5231,3142.0549,900.1754,0.0000,0.0000,0.0000
67.6667,19.5958,-20.9667,40423.9051,3142.7922,899.7679,0.0000,0.0000,0.0000
67.6833,19.5957,-20.9483,40427.0919,3143.5102,899.3606,0.0000,0.0000,0.0000
67.7000,19.5957,-20.9300,40430.0853,3144.2087,898.9532,0.0000,0.0000,0.0000
67.7167,19.5957,-20.9117,40432.8869,3144.8882,898.5459,0.0000,0.0000,0.0000
67.7333,19.5956,-20.8933,40435.4984,3145.5486,898.1387,0.0000,0.0000,0.0000
67.7500,19.5956,-20.8750,40437.9215,3146.1903,897.7315,0.0000,0.0000,0.0000
67.7667,19.5956,-20.8567,40440.1579,3146.8133,897.3243,0.0000,0.0000,0.0000
67.7833,19.5956,-20.8383,40442.2093,3147.4178,896.9171,0.0000,0.0000,0.0000
67.8000,19.5956,-20.8200,40444.0774,3148.0040,896.5101,0.0000,0.0000,0.0000
67.8167,19.5955,-20.8017,40445.7638,3148.5721,896.1030,0.0000,0.0000,0.0000
67.8333,19.5955,-20.7833,40447.2704,3149.1223,895.6960,0.0000,0.0000,0.0000
67.8500,19.5955,-20.7650,40448.5987,3149.6546,895.2890,0.0000,0.0000,0.0000
67.8667,19.5955,-20.7467,40449.7504,3150.1693,894.8821,0.0000,0.0000,0.0000
67.8833,19.5955,-20.7283,40450.7272,3150.6666,894.4752,0.0000,0.0000,0.0000
67.9000,19.5955,-20.7100,40451.5308,3151.1466,894.0684,0.0000,0.0000,0.0000
67.9167,19.5955,-20.6917,40452.1628,3151.6094,893.6615,0.0000,0.0000,0.0000
67.9333,19.5955,-20.6733,40452.6249,3152.0553,893.2548,0.0000,0.0000,0.0000
67.9500,19.5955,-20.6550,40452.9187,3152.4844,892.8480,0.0000,0.0000,0.0000
67.9667,19.5955,-20.6367,40453.0458,3152.8968,892.4413,0.0000,0.0000,0.0000
67.9833,19.5955,-20.6183,40453.0078,3153.2928,892.0346,0.0000,0.0000,0.0000
68.0000,19.5955,-20.6000,40452.8064,3153.6724,891.6280,0.0000,0.0000,0.0000
68.0167,19.5954,-20.6000,40459.8615,3154.6627,891.6265,0.0000,0.0000,0.0000
68.0333,19.5953,-20.6000,40468.7815,3155.6292,891.6245,0.0000,0.0000,0.0000
68.0500,19.5952,-20.6000,40478.1038,3156.5788,891.6224,0.0000,0.0000,0.0000
68.0667,19.5951,-20.6000,40487.4331,3157.5137,891.6203,0.0000,0.0000,0.0000
68.0833,19.5950,-20.6000,40496.6644,3158.4347,891.6183,0.0000,0.0000,0.0000
68.1000,19.5949,-20.6000,40505.7724,3159.3423,891.6163,0.0000,0.0000,0.0000
68.1167,19.5949,-20.6000,40514.7535,3160.2371,891.6143,0.0000,0.0000,0.0000
68.1333,19.5948,-20.6000,40523.6105,3161.1196,891.6123,0.0000,0.0000,0.0000
68.1500,19.5947,-20.6000,40532.3477,3161.9902,891.6104,0.0000,0.0000,0.0000
68.1667,19.5946,-20.6000,40540.9701,3162.8496,891.6085,0.0000,0.0000,0.0000
68.1833,19.5945,-20.6000,40549.4826,3163.6981,891.6066,0.0000,0.0000,0.0000
68.2000,19.5944,-20.6000,40557.8901,3164.5363,891.6047,0.0000,0.0000,0.0000
68.2167,19.5943,-20.6000,40566.1973,3165.3647,891.6029,0.0000,0.0000,0.0000
68.2333,19.5943,-20.6000,40574.4088,3166.1837,891.6010,0.0000,0.0000,0.0000
68.2500,19.5942,-20.6000,40582.5288,3166.9937,891.5992,0.0000,0.0000,0.0000
68.2667,19.5941,-20.6000,40590.5616,3167.7951,891.5975,0.0000,0.0000,0.0000
68.2833,19.5940,-20.6000,40598.5110,3168.5883,891.5957,0.0000,0.0000,0.0000
68.3000,19.5939,-20.6000,40606.3806,3169.3737,891.5940,0.0000,0.0000,0.0000
68.3167,19.5939,-20.6000,40614.1739,3170.1515,891.5922,0.0000,0.0000,0.0000
68.3333,19.5938,-20.6000,40621.8942,3170.9222,891.5905,0.0000,0.0000,0.0000
68.3500,19.5937,-20.6000,40629.5445,3171.6860,891.5888,0.0000,0.0000,0.0000
68.3667,19.5936,-20.6000,40637.1276,3172.4432,891.5871,0.0000,0.0000,0.0000
68.3833,19.5936,-20.6000,40644.6462,3173.1940,891.5855,0.0000,0.0000,0.0000
68.4000,19.5935,-20.6000,40649.7925,3173.7704,891.5843,0.0000,0.0000,0.0000
68.4167,19.5934,-20.6000,40655.2431,3174.3417,891.5831,0.0000,0.0000,0.0000
68.4333,19.5934,-20.6000,40660.8074,3174.9089,891.5819,0.0000,0.0000,0.0000
68.4500,19.5933,-20.6000,40666.4023,3175.4723,891.5806,0.0000,0.0000,0.0000
68.4667,19.5933,-20.6000,40671.9920,3176.0324,891.5794,0.0000,0.0000,0.0000
68.4833,19.5932,-20.6000,40677.5614,3176.5892,891.5782,0.0000,0.0000,0.0000
68.5000,19.5931,-20.6000,40686.4423,3177.3521,891.5762,0.0000,0.0000,0.0000
68.5167,19.5931,-20.6000,40694.3419,3178.1142,891.5744,0.0000,0.0000,0.0000
68.5333,19.5930,-20.6000,40701.9932,3178.8735,891.5727,0.0000,0.0000,0.0000
68.5500,19.5929,-20.6000,40709.5672,3179.6302,891.5711,0.0000,0.0000,0.0000
68.5667,19.5928,-20.6000,40716.2621,3180.3380,891.5696,0.0000,0.0000,0.0000
68.5833,19.5928,-20.6000,40723.2033,3181.0433,891.5680,0.0000,0.0000,0.0000
68.6000,19.5927,-20.6000,40730.2019,3181.7469,891.5665,0.0000,0.0000,0.0000
68.6167,19.5926,-20.6000,40737.2064,3182.4491,891.5649,0.0000,0.0000,0.0000
68.6333,19.5926,-20.6000,40744.2024,3183.1499,891.5634,0.0000,0.0000,0.0000
68.6500,19.5925,-20.6000,40751.1847,3183.8491,891.5618,0.0000,0.0000,0.0000
68.6667,19.5924,-20.6000,40758.1506,3184.5465,891.5603,0.0000,0.0000,0.0000
68.6833,19.5923,-20.6000,40765.0975,3185.2420,891.5587,0.0000,0.0000,0.0000
68.7000,19.5923,-20.6000,40772.0231,3185.9351,891.5572,0.0000,0.0000,0.0000
68.7167,19.5922,-20.6000,40778.9249,3186.6259,891.5557,0.0000,0.0000,0.0000
68.7333,19.5921,-20.6000,40785.8004,3187.3138,891.5542,0.0000,0.0000,0.0000
68.7500,19.5921,-20.6000,40792.6475,3187.9989,891.5526,0.0000,0.0000,0.0000
68.7667,19.5920,-20.6000,40799.4640,3188.6807,891.5511,0.0000,0.0000,0.0000
68.7833,19.5919,-20.6000,40806.2478,3189.3593,891.5496,0.0000,0.0000,0.0000
68.8000,19.5919,-20.6000,40812.9973,3190.0343,891.5481,0.0000,0.0000,0.0000
68.8167,19.5918,-20.6000,40819.7107,3190.7056,891.5466,0.0000,0.0000,0.0000
68.8333,19.5917,-20.6000,40826.3866,3191.3731,891.5451,0.0000,0.0000,0.0000
68.8500,19.5917,-20.6000,40833.0236,3192.0366,891.5437,0.0000,0.0000,0.0000
68.8667,19.5916,-20.6000,40839.6206,3192.6961,891.5422,0.0000,0.0000,0.0000
68.8833,19.5915,-20.6000,40846.1765,3193.3514,891.5408,0.0000,0.0000,0.0000
68.9000,19.5915,-20.6000,40852.6904,3194.0025,891.5393,0.0000,0.0000,0.0000
68.9167,19.5914,-20.6000,40859.1616,3194.6493,891.5379,0.0000,0.0000,0.0000
68.9333,19.5913,-20.6000,40865.5892,3195.2916,891.5365,0.0000,0.0000,0.0000
68.9500,19.5913,-20.6000,40871.9727,3195.9295,891.5350,0.0000,0.0000,0.0000
68.9667,19.5912,-20.6000,40878.3117,3196.5630,891.5336,0.0000,0.0000,0.0000
68.9833,19.5912,-20.6000,40884.6057,3197.1919,891.5322,0.0000,0.0000,0.0000
69.0000,19.5911,-20.6000,40890.8544,3197.8162,891.5308,0.0000,0.0000,0.0000
69.0167,19.5910,-20.6000,40897.0575,3198.4360,891.5295,0.0000,0.0000,0.0000
69.0333,19.5910,-20.6000,40903.2152,3199.0513,891.5281,0.0000,0.0000,0.0000
69.0500,19.5909,-20.6000,40909.3277,3199.6620,891.5268,0.0000,0.0000,0.0000
69.0667,19.5908,-20.6000,40915.3958,3200.2683,891.5254,0.0000,0.0000,0.0000
69.0833,19.5908,-20.6000,40921.4204,3200.8703,891.5241,0.0000,0.0000,0.0000
69.1000,19.5907,-20.6000,40927.4027,3201.4680,891.5227,0.0000,0.0000,0.0000
69.1167,19.5907,-20.6000,40933.3442,3202.0618,891.5214,0.0000,0.0000,0.0000
69.1333,19.5906,-20.6000,40939.2462,3202.6517,891.5201,0.0000,0.0000,0.0000
69.1500,19.5905,-20.6000,40945.1104,3203.2378,891.5188,0.0000,0.0000,0.0000
69.1667,19.5905,-20.6000,40949.1330,3203.6888,891.5179,0.0000,0.0000,0.0000
69.1833,19.5905,-20.6000,40953.4004,3204.1366,891.5170,0.0000,0.0000,0.0000
69.2000,19.5904,-20.6000,40957.7634,3204.5818,891.5160,0.0000,0.0000,0.0000
69.2167,19.5904,-20.6000,40962.1574,3205.0248,891.5150,0.0000,0.0000,0.0000
69.2333,19.5903,-20.6000,40966.5545,3205.4659,891.5141,0.0000,0.0000,0.0000
69.2500,19.5903,-20.6000,40970.9428,3205.9051,891.5131,0.0000,0.0000,0.0000
69.2667,19.5902,-20.6000,40975.3178,3206.3426,891.5121,0.0000,0.0000,0.0000
69.2833,19.5902,-20.6000,40979.6776,3206.7785,891.5111,0.0000,0.0000,0.0000
69.3000,19.5902,-20.6000,40984.0221,3207.2128,891.5102,0.0000,0.0000,0.0000
69.3167,19.5901,-20.6000,40988.3513,3207.6455,891.5092,0.0000,0.0000,0.0000
69.3333,19.5901,-20.6000,40992.6658,3208.0768,891.5083,0.0000,0.0000,0.0000
69.3500,19.5900,-20.6000,40996.9660,3208.5068,891.5073,0.0000,0.0000,0.0000
69.3667,19.5900,-20.6000,41001.2526,3208.9354,891.5064,0.0000,0.0000,0.0000
69.3833,19.5899,-20.6000,41005.5260,3209.3627,891.5054,0.0000,0.0000,0.0000
69.4000,19.5899,-20.6000,41009.7868,3209.7888,891.5045,0.0000,0.0000,0.0000
69.4167,19.5899,-20.6000,41014.0355,3210.2137,891.5035,0.0000,0.0000,0.0000
69.4333,19.5898,-20.6000,41018.2725,3210.6374,891.5026,0.0000,0.0000,0.0000
69.4500,19.5898,-20.6000,41022.4982,3211.0601,891.5016,0.0000,0.0000,0.0000
69.4667,19.5897,-20.6000,41026.7130,3211.4817,891.5007,0.0000,0.0000,0.0000
69.4833,19.5897,-20.6000,41030.9174,3211.9023,891.4998,0.0000,0.0000,0.0000
69.5000,19.5896,-20.6000,41035.1117,3212.3219,891.4988,0.0000,0.0000,0.0000
69.5167,19.5896,-20.6000,41039.2961,3212.7406,891.4979,0.0000,0.0000,0.0000
69.5333,19.5896,-20.6000,41043.4711,3213.1583,891.4970,0.0000,0.0000,0.0000
69.5500,19.5895,-20.6000,41047.6368,3213.5751,891.4961,0.0000,0.0000,0.0000
69.5667,19.5895,-20.6000,41051.7936,3213.9911,891.4951,0.0000,0.0000,0.0000
69.5833,19.5894,-20.6000,41055.9417,3214.4062,891.4942,0.0000,0.0000,0.0000
69.6000,19.5894,-20.6000,41060.0813,3214.8204,891.4933,0.0000,0.0000,0.0000
69.6167,19.5894,-20.6000,41064.2126,3215.2338,891.4924,0.0000,0.0000,0.0000
69.6333,19.5893,-20.6000,41068.3357,3215.6465,891.4915,0.0000,0.0000,0.0000
69.6500,19.5893,-20.6000,41072.4509,3216.0583,891.4906,0.0000,0.0000,0.0000
69.6667,19.5892,-20.6000,41076.5583,3216.4694,891.4897,0.0000,0.0000,0.0000
69.6833,19.5892,-20.6000,41080.6580,3216.8797,891.4887,0.0000,0.0000,0.0000
69.7000,19.5892,-20.6000,41084.7502,3217.2893,891.4878,0.0000,0.0000,0.0000
69.7167,19.5891,-20.6000,41088.8350,3217.6981,891.4869,0.0000,0.0000,0.0000
69.7333,19.5891,-20.6000,41092.9123,3218.1062,891.4860,0.0000,0.0000,0.0000
69.7500,19.5890,-20.6000,41096.9825,3218.5136,891.4851,0.0000,0.0000,0.0000
69.7667,19.5890,-20.6000,41101.0454,3218.9202,891.4842,0.0000,0.0000,0.0000
69.7833,19.5889,-20.6000,41105.1012,3219.3262,891.4833,0.0000,0.0000,0.0000
69.8000,19.5889,-20.6000,41109.1498,3219.7314,891.4824,0.0000,0.0000,0.0000
69.8167,19.5889,-20.6000,41113.1915,3220.1360,891.4815,0.0000,0.0000,0.0000
69.8333,19.5888,-20.6000,41117.2261,3220.5398,891.4806,0.0000,0.0000,0.0000
69.8500,19.5888,-20.6000,41121.2537,3220.9429,891.4797,0.0000,0.0000,0.0000
69.8667,19.5887,-20.6000,41125.2743,3221.3454,891.4788,0.0000,0.0000,0.0000
69.8833,19.5887,-20.6000,41129.2879,3221.7471,891.4780,0.0000,0.0000,0.0000
69.9000,19.5887,-20.6000,41133.2945,3222.1481,891.4771,0.0000,0.0000,0.0000
69.9167,19.5886,-20.6000,41137.2942,3222.5485,891.4762,0.0000,0.0000,0.0000
69.9333,19.5886,-20.6000,41141.2868,3222.9481,891.4753,0.0000,0.0000,0.0000
69.9500,19.5885,-20.6000,41145.2724,3223.3470,891.4744,0.0000,0.0000,0.0000
69.9667,19.5885,-20.6000,41149.2509,3223.7452,891.4735,0.0000,0.0000,0.0000
69.9833,19.5885,-20.6000,41153.2223,3224.1427,891.4726,0.0000,0.0000,0.0000
70.0000,19.5884,-20.6000,41159.5762,3224.6895,891.4712,0.0000,0.0000,0.0000
70.0167,19.5882,-20.6267,41176.8112,3226.1526,892.0589,0.0000,0.0000,0.0000
70.0333,19.5880,-20.6533,41196.5148,3227.6101,892.6461,0.0000,0.0000,0.0000
70.0500,19.5878,-20.6800,41216.8145,3229.0711,893.2331,0.0000,0.0000,0.0000
70.0667,19.5876,-20.7067,41237.2948,3230.5377,893.8201,0.0000,0.0000,0.0000
70.0833,19.5874,-20.7333,41257.8640,3232.0104,894.4071,0.0000,0.0000,0.0000
70.1000,19.5872,-20.7600,41276.9187,3233.4575,894.9944,0.0000,0.0000,0.0000
70.1167,19.5870,-20.7867,41296.9096,3234.9063,895.5815,0.0000,0.0000,0.0000
70.1333,19.5868,-20.8133,41317.1952,3236.3595,896.1685,0.0000,0.0000,0.0000
70.1500,19.5866,-20.8400,41337.6015,3237.8180,896.7555,0.0000,0.0000,0.0000
70.1667,19.5864,-20.8667,41358.0818,3239.2821,897.3425,0.0000,0.0000,0.0000
70.1833,19.5862,-20.8933,41378.6241,3240.7519,897.9295,0.0000,0.0000,0.0000
70.2000,19.5860,-20.9200,41399.2262,3242.2277,898.5164,0.0000,0.0000,0.0000
70.2167,19.5858,-20.9467,41419.8888,3243.7095,899.1034,0.0000,0.0000,0.0000
70.2333,19.5856,-20.9733,41440.6133,3245.1976,899.6903,0.0000,0.0000,0.0000
70.2500,19.5854,-21.0000,41461.4011,3246.6921,900.2772,0.0000,0.0000,0.0000
70.2667,19.5852,-21.0267,41482.2540,3248.1932,900.8641,0.0000,0.0000,0.0000
70.2833,19.5850,-21.0533,41503.1734,3249.7010,901.4510,0.0000,0.0000,0.0000
70.3000,19.5848,-21.0800,41524.1609,3251.2158,902.0379,0.0000,0.0000,0.0000
70.3167,19.5845,-21.1067,41545.2177,3252.7375,902.6247,0.0000,0.0000,0.0000
70.3333,19.5843,-21.1333,41566.3450,3254.2663,903.2116,0.0000,0.0000,0.0000
70.3500,19.5841,-21.1600,41587.5439,3255.8024,903.7984,0.0000,0.0000,0.0000
70.3667,19.5839,-21.1867,41608.8153,3257.3457,904.3852,0.0000,0.0000,0.0000
70.3833,19.5837,-21.2133,41630.1599,3258.8965,904.9720,0.0000,0.0000,0.0000
70.4000,19.5835,-21.2400,41651.5784,3260.4546,905.5588,0.0000,0.0000,0.0000
70.4167,19.5833,-21.2667,41673.0711,3262.0202,906.1455,0.0000,0.0000,0.0000
70.4333,19.5831,-21.2933,41694.6383,3263.5933,906.7323,0.0000,0.0000,0.0000
70.4500,19.5828,-21.3200,41716.2803,3265.1739,907.3190,0.0000,0.0000,0.0000
70.4667,19.5826,-21.3467,41737.9970,3266.7620,907.9057,0.0000,0.0000,0.0000
70.4833,19.5824,-21.3733,41759.7885,3268.3576,908.4924,0.0000,0.0000,0.0000
70.5000,19.5822,-21.4000,41781.6544,3269.9606,909.0791,0.0000,0.0000,0.0000
70.5167,19.5820,-21.4267,41803.5946,3271.5711,909.6657,0.0000,0.0000,0.0000
70.5333,19.5817,-21.4533,41825.6085,3273.1889,910.2524,0.0000,0.0000,0.0000
70.5500,19.5815,-21.4800,41847.6957,3274.8141,910.8390,0.0000,0.0000,0.0000
70.5667,19.5813,-21.5067,41869.8556,3276.4465,911.4256,0.0000,0.0000,0.0000
70.5833,19.5811,-21.5333,41892.0874,3278.0861,912.0122,0.0000,0.0000,0.0000
70.6000,19.5809,-21.5600,41914.3905,3279.7328,912.5988,0.0000,0.0000,0.0000
70.6167,19.5806,-21.5867,41936.7640,3281.3865,913.1854,0.0000,0.0000,0.0000
70.6333,19.5804,-21.6133,41959.2070,3283.0472,913.7719,0.0000,0.0000,0.0000
70.6500,19.5802,-21.6400,41981.7185,3284.7146,914.3585,0.0000,0.0000,0.0000
70.6667,19.5799,-21.6667,42006.2502,3286.4361,914.9445,0.0000,0.0000,0.0000
70.6833,19.5797,-21.6933,42029.7910,3288.1743,915.5309,0.0000,0.0000,0.0000
70.7000,19.5795,-21.7200,42053.2234,3289.9283,916.1172,0.0000,0.0000,0.0000
70.7167,19.5792,-21.7467,42076.7633,3291.6995,916.7035,0.0000,0.0000,0.0000
70.7333,19.5790,-21.7733,42100.4720,3293.4896,917.2898,0.0000,0.0000,0.0000
70.7500,19.5788,-21.8000,42124.3701,3295.2993,917.8760,0.0000,0.0000,0.0000
70.7667,19.5785,-21.8267,42148.4633,3297.1287,918.4622,0.0000,0.0000,0.0000
70.7833,19.5783,-21.8533,42172.7499,3298.9775,919.0483,0.0000,0.0000,0.0000
70.8000,19.5780,-21.8800,42197.2232,3300.8447,919.6344,0.0000,0.0000,0.0000
70.8167,19.5778,-21.9067,42221.8737,3302.7294,920.2205,0.0000,0.0000,0.0000
70.8333,19.5775,-21.9333,42246.6903,3304.6304,920.8065,0.0000,0.0000,0.0000
70.8500,19.5773,-21.9600,42271.6610,3306.5464,921.3925,0.0000,0.0000,0.0000
70.8667,19.5770,-21.9867,42296.7734,3308.4762,921.9784,0.0000,0.0000,0.0000
70.8833,19.5768,-22.0133,42322.0154,3310.4187,922.5644,0.0000,0.0000,0.0000
70.9000,19.5765,-22.0400,42347.3753,3312.3726,923.1503,0.0000,0.0000,0.0000
70.9167,19.5763,-22.0667,42370.7289,3314.2767,923.7366,0.0000,0.0000,0.0000
70.9333,19.5760,-22.0933,42395.2160,3316.1838,924.3227,0.0000,0.0000,0.0000
70.9500,19.5758,-22.1200,42420.0637,3318.0968,924.9087,0.0000,0.0000,0.0000
70.9667,19.5755,-22.1467,42445.0571,3320.0161,925.4947,0.0000,0.0000,0.0000
70.9833,19.5753,-22.1733,42470.1331,3321.9411,926.0807,0.0000,0.0000,0.0000
71.0000,19.5750,-22.2000,42495.2699,3323.8713,926.6666,0.0000,0.0000,0.0000
71.0167,19.5748,-22.2183,42517.0756,3325.5199,927.0685,0.0000,0.0000,0.0000
71.0333,19.5746,-22.2367,42538.0001,3327.1760,927.4705,0.0000,0.0000,0.0000
71.0500,19.5744,-22.2550,42558.7080,3328.8363,927.8726,0.0000,0.0000,0.0000
71.0667,19.5742,-22.2733,42579.3783,3330.4999,928.2747,0.0000,0.0000,0.0000
71.0833,19.5740,-22.2917,42600.0578,3332.1662,928.6768,0.0000,0.0000,0.0000
71.1000,19.5738,-22.3100,42620.7579,3333.8350,929.0788,0.0000,0.0000,0.0000
71.1167,19.5736,-22.3283,42641.4805,3335.5061,929.4809,0.0000,0.0000,0.0000
71.1333,19.5734,-22.3467,42662.2251,3337.1794,929.8830,0.0000,0.0000,0.0000
71.1500,19.5732,-22.3650,42682.9908,3338.8548,930.2851,0.0000,0.0000,0.0000
71.1667,19.5730,-22.3833,42703.7767,3340.5321,930.6871,0.0000,0.0000,0.0000
71.1833,19.5728,-22.4017,42724.5819,3342.2114,931.0892,0.0000,0.0000,0.0000
71.2000,19.5725,-22.4200,42745.4058,3343.8925,931.4913,0.0000,0.0000,0.0000
71.2167,19.5723,-22.4383,42766.2478,3345.5754,931.8933,0.0000,0.0000,0.0000
71.2333,19.5721,-22.4567,42787.1071,3347.2600,932.2954,0.0000,0.0000,0.0000
71.2500,19.5719,-22.4750,42807.9833,3348.9463,932.6974,0.0000,0.0000,0.0000
71.2667,19.5717,-22.4933,42828.8759,3350.6342,933.0994,0.0000,0.0000,0.0000
71.2833,19.5715,-22.5117,42849.7843,3352.3237,933.5015,0.0000,0.0000,0.0000
71.3000,19.5713,-22.5300,42870.7080,3354.0146,933.9035,0.0000,0.0000,0.0000
71.3167,19.5711,-22.5483,42891.6465,3355.7071,934.3055,0.0000,0.0000,0.0000
71.3333,19.5709,-22.5667,42912.5995,3357.4010,934.7076,0.0000,0.0000,0.0000
71.3500,19.5707,-22.5850,42933.5663,3359.0962,935.1096,0.0000,0.0000,0.0000
71.3667,19.5705,-22.6033,42954.5465,3360.7927,935.5116,0.0000,0.0000,0.0000
71.3833,19.5702,-22.6217,42975.5396,3362.4906,935.9136,0.0000,0.0000,0.0000
71.4000,19.5700,-22.6400,42996.5453,3364.1896,936.3156,0.0000,0.0000,0.0000
71.4167,19.5698,-22.6583,43017.5629,3365.8899,936.7177,0.0000,0.0000,0.0000
71.4333,19.5696,-22.6767,43038.5921,3367.5913,937.1197,0.0000,0.0000,0.0000
71.4500,19.5694,-22.6950,43059.6323,3369.2938,937.5217,0.0000,0.0000,0.0000
71.4667,19.5692,-22.7133,43080.6830,3370.9973,937.9237,0.0000,0.0000,0.0000
71.4833,19.5690,-22.7317,43101.7439,3372.7018,938.3257,0.0000,0.0000,0.0000
71.5000,19.5688,-22.7500,43122.8144,3374.4072,938.7277,0.0000,0.0000,0.0000
71.5167,19.5686,-22.7683,43143.8940,3376.1136,939.1297,0.0000,0.0000,0.0000
71.5333,19.5684,-22.7867,43164.9822,3377.8207,939.5317,0.0000,0.0000,0.0000
71.5500,19.5681,-22.8050,43186.0786,3379.5287,939.9337,0.0000,0.0000,0.0000
71.5667,19.5679,-22.8233,43207.1827,3381.2374,940.3357,0.0000,0.0000,0.0000
71.5833,19.5677,-22.8417,43228.2939,3382.9469,940.7377,0.0000,0.0000,0.0000
71.6000,19.5675,-22.8600,43249.4117,3384.6569,941.1397,0.0000,0.0000,0.0000
71.6167,19.5673,-22.8783,43270.5357,3386.3676,941.5417,0.0000,0.0000,0.0000
71.6333,19.5671,-22.8967,43291.6653,3388.0788,941.9436,0.0000,0.0000,0.0000
71.6500,19.5669,-22.9150,43312.7999,3389.7905,942.3456,0.0000,0.0000,0.0000
71.6667,19.5667,-22.9333,43333.9392,3391.5026,942.7476,0.0000,0.0000,0.0000
71.6833,19.5664,-22.9517,43355.0824,3393.2151,943.1496,0.0000,0.0000,0.0000
71.7000,19.5662,-22.9700,43376.2291,3394.9279,943.5516,0.0000,0.0000,0.0000
71.7167,19.5660,-22.9883,43397.3787,3396.6410,943.9536,0.0000,0.0000,0.0000
71.7333,19.5658,-23.0067,43418.5307,3398.3543,944.3556,0.0000,0.0000,0.0000
71.7500,19.5656,-23.0250,43439.6844,3400.0678,944.7575,0.0000,0.0000,0.0000
71.7667,19.5654,-23.0433,43460.8393,3401.7813,945.1595,0.0000,0.0000,0.0000
71.7833,19.5652,-23.0617,43481.9947,3403.4949,945.5615,0.0000,0.0000,0.0000
71.8000,19.5650,-23.0800,43503.1501,3405.2085,945.9635,0.0000,0.0000,0.0000
71.8167,19.5648,-23.0983,43524.3048,3406.9219,946.3655,0.0000,0.0000,0.0000
71.8333,19.5645,-23.1167,43545.4582,3408.6352,946.7675,0.0000,0.0000,0.0000
71.8500,19.5643,-23.1350,43566.6095,3410.3483,947.1694,0.0000,0.0000,0.0000
71.8667,19.5641,-23.1533,43587.7581,3412.0610,947.5714,0.0000,0.0000,0.0000
71.8833,19.5639,-23.1717,43608.9034,3413.7734,947.9734,0.0000,0.0000,0.0000
71.9000,19.5637,-23.1900,43630.0444,3415.4854,948.3754,0.0000,0.0000,0.0000
71.9167,19.5635,-23.2083,43651.1806,3417.1968,948.7774,0.0000,0.0000,0.0000
71.9333,19.5633,-23.2267,43672.3110,3418.9076,949.1794,0.0000,0.0000,0.0000
71.9500,19.5631,-23.2450,43693.4348,3420.6177,949.5814,0.0000,0.0000,0.0000
71.9667,19.5629,-23.2633,43714.5512,3422.3270,949.9833,0.0000,0.0000,0.0000
71.9833,19.5626,-23.2817,43735.6592,3424.0355,950.3853,0.0000,0.0000,0.0000
72.0000,19.5624,-23.3000,43756.7579,3425.7429,950.7873,0.0000,0.0000,0.0000
72.0167,19.5622,-23.3183,43777.8461,3427.4493,951.1893,0.0000,0.0000,0.0000
72.0333,19.5620,-23.3367,43798.9224,3429.1544,951.5913,0.0000,0.0000,0.0000
72.0500,19.5618,-23.3550,43819.9848,3430.8581,951.9933,0.0000,0.0000,0.0000
72.0667,19.5616,-23.3733,43841.0311,3432.5600,952.3953,0.0000,0.0000,0.0000
72.0833,19.5614,-23.3917,43862.0582,3434.2599,952.7974,0.0000,0.0000,0.0000
72.1000,19.5612,-23.4100,43883.0630,3435.9574,953.1994,0.0000,0.0000,0.0000
72.1167,19.5610,-23.4283,43904.0417,3437.6521,953.6014,0.0000,0.0000,0.0000
72.1333,19.5608,-23.4467,43924.9906,3439.3437,954.0034,0.0000,0.0000,0.0000
72.1500,19.5605,-23.4650,43945.9054,3441.0317,954.4055,0.0000,0.0000,0.0000
72.1667,19.5603,-23.4833,43969.4353,3442.7986,954.8069,0.0000,0.0000,0.0000
72.1833,19.5601,-23.5017,43990.8744,3444.5474,955.2088,0.0000,0.0000,0.0000
72.2000,19.5599,-23.5200,44012.3042,3446.2880,955.6108,0.0000,0.0000,0.0000
72.2167,19.5597,-23.5383,44033.6558,3448.0186,956.0127,0.0000,0.0000,0.0000
72.2333,19.5595,-23.5567,44054.8992,3449.7375,956.4147,0.0000,0.0000,0.0000
72.2500,19.5592,-23.5750,44076.0133,3451.4427,956.8166,0.0000,0.0000,0.0000
72.2667,19.5590,-23.5933,44096.9793,3453.1324,957.2187,0.0000,0.0000,0.0000
72.2833,19.5588,-23.6117,44117.7775,3454.8047,957.6207,0.0000,0.0000,0.0000
72.3000,19.5586,-23.6300,44138.3837,3456.4569,958.0228,0.0000,0.0000,0.0000
72.3167,19.5584,-23.6483,44158.7588,3458.0846,958.4250,0.0000,0.0000,0.0000
72.3333,19.5582,-23.6667,44178.7724,3459.6706,958.8272,0.0000,0.0000,0.0000
72.3500,19.5580,-23.6850,44198.4815,3461.2323,959.2295,0.0000,0.0000,0.0000
72.3667,19.5578,-23.7033,44218.1704,3462.7979,959.6318,0.0000,0.0000,0.0000
72.3833,19.5576,-23.7217,44237.8465,3464.3627,960.0342,0.0000,0.0000,0.0000
72.4000,19.5574,-23.7400,44257.5009,3465.9251,960.4365,0.0000,0.0000,0.0000
72.4167,19.5572,-23.7583,44277.1257,3467.4843,960.8388,0.0000,0.0000,0.0000
72.4333,19.5570,-23.7767,44296.7158,3469.0398,961.2411,0.0000,0.0000,0.0000
72.4500,19.5568,-23.7950,44316.2681,3470.5915,961.6435,0.0000,0.0000,0.0000
72.4667,19.5567,-23.8133,44334.1065,3472.0862,962.0462,0.0000,0.0000,0.0000
72.4833,19.5565,-23.8317,44352.7085,3473.5736,962.4487,0.0000,0.0000,0.0000
72.5000,19.5563,-23.8500,44371.4919,3475.0564,962.8512,0.0000,0.0000,0.0000
72.5167,19.5561,-23.8683,44390.2990,3476.5354,963.2537,0.0000,0.0000,0.0000
72.5333,19.5559,-23.8867,44409.0879,3478.0109,963.6562,0.0000,0.0000,0.0000
72.5500,19.5557,-23.9050,44427.8482,3479.4832,964.0588,0.0000,0.0000,0.0000
72.5667,19.5555,-23.9233,44446.5779,3480.9524,964.4613,0.0000,0.0000,0.0000
72.5833,19.5553,-23.9417,44465.2777,3482.4186,964.8638,0.0000,0.0000,0.0000
72.6000,19.5552,-23.9600,44483.9487,3483.8820,965.2663,0.0000,0.0000,0.0000
72.6167,19.5550,-23.9783,44502.5925,3485.3427,965.6689,0.0000,0.0000,0.0000
72.6333,19.5548,-23.9967,44521.2106,3486.8008,966.0714,0.0000,0.0000,0.0000
72.6500,19.5546,-24.0150,44539.8045,3488.2567,966.4740,0.0000,0.0000,0.0000
72.6667,19.5544,-24.0333,44558.3758,3489.7103,966.8765,0.0000,0.0000,0.0000
72.6833,19.5542,-24.0517,44576.9261,3491.1619,967.2791,0.0000,0.0000,0.0000
72.7000,19.5540,-24.0700,44595.4567,3492.6115,967.6817,0.0000,0.0000,0.0000
72.7167,19.5539,-24.0883,44613.9693,3494.0595,968.0842,0.0000,0.0000,0.0000
72.7333,19.5537,-24.1067,44632.4653,3495.5058,968.4868,0.0000,0.0000,0.0000
72.7500,19.5535,-24.1250,44650.9461,3496.9507,968.8894,0.0000,0.0000,0.0000
72.7667,19.5533,-24.1433,44669.4130,3498.3942,969.2920,0.0000,0.0000,0.0000
72.7833,19.5531,-24.1617,44687.8674,3499.8365,969.6945,0.0000,0.0000,0.0000
72.8000,19.5529,-24.1800,44706.3105,3501.2778,970.0971,0.0000,0.0000,0.0000
72.8167,19.5528,-24.1983,44724.7436,3502.7181,970.4997,0.0000,0.0000,0.0000
72.8333,19.5526,-24.2167,44744.8569,3504.2075,970.9019,0.0000,0.0000,0.0000
72.8500,19.5524,-24.2350,44764.0838,3505.7012,971.3043,0.0000,0.0000,0.0000
72.8667,19.5522,-24.2533,44783.1219,3507.1969,971.7068,0.0000,0.0000,0.0000
72.8833,19.5520,-24.2717,44802.1334,3508.6948,972.1092,0.0000,0.0000,0.0000
72.9000,19.5518,-24.2900,44821.1597,3510.1955,972.5117,0.0000,0.0000,0.0000
72.9167,19.5516,-24.3083,44840.2133,3511.6993,972.9142,0.0000,0.0000,0.0000
72.9333,19.5514,-24.3267,44859.2984,3513.2064,973.3166,0.0000,0.0000,0.0000
72.9500,19.5512,-24.3450,44878.4160,3514.7167,973.7190,0.0000,0.0000,0.0000
72.9667,19.5510,-24.3633,44897.5650,3516.2302,974.1215,0.0000,0.0000,0.0000
72.9833,19.5508,-24.3817,44916.7431,3517.7465,974.5239,0.0000,0.0000,0.0000
73.0000,19.5506,-24.4000,44935.9474,3519.2654,974.9263,0.0000,0.0000,0.0000
73.0167,19.5506,-24.3817,44939.2483,3519.5246,974.5189,0.0000,0.0000,0.0000
73.0333,19.5506,-24.3633,44938.9748,3519.7963,974.1123,0.0000,0.0000,0.0000
73.0500,19.5506,-24.3450,44937.8876,3520.0695,973.7058,0.0000,0.0000,0.0000
73.0667,19.5506,-24.3267,44936.2545,3520.2851,973.2995,0.0000,0.0000,0.0000
73.0833,19.5507,-24.3083,44934.4009,3520.4973,972.8933,0.0000,0.0000,0.0000
73.1000,19.5507,-24.2900,44932.4524,3520.7048,972.4870,0.0000,0.0000,0.0000
73.1167,19.5507,-24.2717,44930.4354,3520.9065,972.0808,0.0000,0.0000,0.0000
73.1333,19.5507,-24.2533,44928.3486,3521.1011,971.6746,0.0000,0.0000,0.0000
73.1500,19.5507,-24.2350,44926.1825,3521.2874,971.2684,0.0000,0.0000,0.0000
73.1667,19.5508,-24.2167,44923.9256,3521.4640,970.8622,0.0000,0.0000,0.0000
73.1833,19.5508,-24.1983,44921.5662,3521.6300,970.4561,0.0000,0.0000,0.0000
73.2000,19.5508,-24.1800,44919.0930,3521.7840,970.0499,0.0000,0.0000,0.0000
73.2167,19.5508,-24.1617,44916.4951,3521.9251,969.6438,0.0000,0.0000,0.0000
73.2333,19.5509,-24.1433,44913.7624,3522.0522,969.2378,0.0000,0.0000,0.0000
73.2500,19.5509,-24.1250,44910.8857,3522.1646,968.8317,0.0000,0.0000,0.0000
73.2667,19.5509,-24.1067,44907.8563,3522.2612,968.4257,0.0000,0.0000,0.0000
73.2833,19.5510,-24.0883,44904.6666,3522.3415,968.0197,0.0000,0.0000,0.0000
73.3000,19.5510,-24.0700,44901.3096,3522.4047,967.6138,0.0000,0.0000,0.0000
73.3167,19.5510,-24.0517,44897.7788,3522.4503,967.2079,0.0000,0.0000,0.0000
73.3333,19.5511,-24.0333,44894.0688,3522.4776,966.8021,0.0000,0.0000,0.0000
73.3500,19.5511,-24.0150,44890.1744,3522.4863,966.3963,0.0000,0.0000,0.0000
73.3667,19.5511,-23.9967,44886.0915,3522.4759,965.9905,0.0000,0.0000,0.0000
73.3833,19.5512,-23.9783,44881.8162,3522.4460,965.5848,0.0000,0.0000,0.0000
73.4000,19.5512,-23.9600,44877.3454,3522.3964,965.1791,0.0000,0.0000,0.0000
73.4167,19.5513,-23.9417,44872.6763,3522.3269,964.7734,0.0000,0.0000,0.0000
73.4333,19.5513,-23.9233,44867.8067,3522.2371,964.3678,0.0000,0.0000,0.0000
73.4500,19.5514,-23.9050,44862.7349,3522.1270,963.9623,0.0000,0.0000,0.0000
73.4667,19.5514,-23.8867,44857.4595,3521.9965,963.5568,0.0000,0.0000,0.0000
73.4833,19.5515,-23.8683,44851.9795,3521.8454,963.1513,0.0000,0.0000,0.0000
73.5000,19.5515,-23.8500,44846.2944,3521.6737,962.7459,0.0000,0.0000,0.0000
73.5167,19.5516,-23.8317,44840.4039,3521.4814,962.3405,0.0000,0.0000,0.0000
73.5333,19.5517,-23.8133,44834.3080,3521.2686,961.9352,0.0000,0.0000,0.0000
73.5500,19.5517,-23.7950,44828.0069,3521.0352,961.5299,0.0000,0.0000,0.0000
73.5667,19.5518,-23.7767,44821.5014,3520.7813,961.1247,0.0000,0.0000,0.0000
73.5833,19.5519,-23.7583,44814.7922,3520.5071,960.7195,0.0000,0.0000,0.0000
73.6000,19.5519,-23.7400,44807.8803,3520.2125,960.3144,0.0000,0.0000,0.0000
73.6167,19.5520,-23.7217,44800.7670,3519.8979,959.9093,0.0000,0.0000,0.0000
73.6333,19.5521,-23.7033,44793.4536,3519.5632,959.5042,0.0000,0.0000,0.0000
73.6500,19.5521,-23.6850,44785.9418,3519.2088,959.0992,0.0000,0.0000,0.0000
73.6667,19.5522,-23.6667,44778.2333,3518.8346,958.6943,0.0000,0.0000,0.0000
73.6833,19.5523,-23.6483,44770.3298,3518.4411,958.2893,0.0000,0.0000,0.0000
73.7000,19.5524,-23.6300,44762.2334,3518.0282,957.8845,0.0000,0.0000,0.0000
73.7167,19.5525,-23.6117,44753.9462,3517.5964,957.4796,0.0000,0.0000,0.0000
73.7333,19.5525,-23.5933,44745.4703,3517.1457,957.0748,0.0000,0.0000,0.0000
73.7500,19.5526,-23.5750,44736.8080,3516.6764,956.6701,0.0000,0.0000,0.0000
73.7667,19.5527,-23.5567,44727.9616,3516.1888,956.2654,0.0000,0.0000,0.0000
73.7833,19.5528,-23.5383,44718.9336,3515.6831,955.8607,0.0000,0.0000,0.0000
73.8000,19.5529,-23.5200,44709.7262,3515.1595,955.4561,0.0000,0.0000,0.0000
73.8167,19.5530,-23.5017,44700.3422,3514.6183,955.0515,0.0000,0.0000,0.0000
73.8333,19.5531,-23.4833,44690.7839,3514.0597,954.6469,0.0000,0.0000,0.0000
73.8500,19.5532,-23.4650,44681.0539,3513.4841,954.2424,0.0000,0.0000,0.0000
73.8667,19.5533,-23.4467,44671.1548,3512.8916,953.8379,0.0000,0.0000,0.0000
73.8833,19.5534,-23.4283,44661.0893,3512.2825,953.4335,0.0000,0.0000,0.0000
73.9000,19.5535,-23.4100,44650.8600,3511.6571,953.0291,0.0000,0.0000,0.0000
73.9167,19.5536,-23.3917,44640.4694,3511.0157,952.6247,0.0000,0.0000,0.0000
73.9333,19.5537,-23.3733,44629.9202,3510.3585,952.2203,0.0000,0.0000,0.0000
73.9500,19.5538,-23.3550,44619.2150,3509.6857,951.8160,0.0000,0.0000,0.0000
73.9667,19.5539,-23.3367,44608.3565,3508.9977,951.4118,0.0000,0.0000,0.0000
73.9833,19.5540,-23.3183,44597.3473,3508.2947,951.0075,0.0000,0.0000,0.0000
74.0000,19.5541,-23.3000,44585.3999,3507.5753,950.6035,0.0000,0.0000,0.0000
74.0167,19.5542,-23.3000,44581.8343,3507.4697,950.6043,0.0000,0.0000,0.0000
74.0333,19.5542,-23.3000,44580.2374,3507.3538,950.6047,0.0000,0.0000,0.0000
74.0500,19.5542,-23.3000,44578.9147,3507.2318,950.6050,0.0000,0.0000,0.0000
74.0667,19.5542,-23.3000,44577.6492,3507.1071,950.6052,0.0000,0.0000,0.0000
74.0833,19.5542,-23.3000,44576.3986,3506.9824,950.6055,0.0000,0.0000,0.0000
74.1000,19.5542,-23.3000,44575.1658,3506.8596,950.6058,0.0000,0.0000,0.0000
74.1167,19.5543,-23.3000,44573.9637,3506.7404,950.6061,0.0000,0.0000,0.0000
74.1333,19.5543,-23.3000,44572.8059,3506.6262,950.6063,0.0000,0.0000,0.0000
74.1500,19.5543,-23.3000,44571.7040,3506.5181,950.6066,0.0000,0.0000,0.0000
74.1667,19.5543,-23.3000,44570.6677,3506.4170,950.6068,0.0000,0.0000,0.0000
74.1833,19.5543,-23.3000,44569.7047,3506.3236,950.6070,0.0000,0.0000,0.0000
74.2000,19.5543,-23.3000,44568.8216,3506.2384,950.6072,0.0000,0.0000,0.0000
74.2167,19.5543,-23.3000,44568.0236,3506.1620,950.6074,0.0000,0.0000,0.0000
74.2333,19.5543,-23.3000,44567.3148,3506.0947,950.6075,0.0000,0.0000,0.0000
74.2500,19.5543,-23.3000,44566.6990,3506.0369,950.6077,0.0000,0.0000,0.0000
74.2667,19.5543,-23.3000,44566.1791,3505.9888,950.6078,0.0000,0.0000,0.0000
74.2833,19.5543,-23.3000,44565.7575,3505.9506,950.6079,0.0000,0.0000,0.0000
74.3000,19.5543,-23.3000,44565.4363,3505.9226,950.6080,0.0000,0.0000,0.0000
74.3167,19.5543,-23.3000,44565.2170,3505.9049,950.6080,0.0000,0.0000,0.0000
74.3333,19.5543,-23.3000,44565.1010,3505.8976,950.6080,0.0000,0.0000,0.0000
74.3500,19.5543,-23.3000,44565.0893,3505.9008,950.6080,0.0000,0.0000,0.0000
74.3667,19.5543,-23.3000,44565.1825,3505.9145,950.6080,0.0000,0.0000,0.0000
74.3833,19.5543,-23.3000,44565.3811,3505.9388,950.6080,0.0000,0.0000,0.0000
74.4000,19.5543,-23.3000,44565.6853,3505.9737,950.6079,0.0000,0.0000,0.0000
74.4167,19.5543,-23.3000,44566.0951,3506.0192,950.6078,0.0000,0.0000,0.0000
74.4333,19.5543,-23.3000,44566.6102,3506.0752,950.6077,0.0000,0.0000,0.0000
74.4500,19.5543,-23.3000,44567.2303,3506.1418,950.6076,0.0000,0.0000,0.0000
74.4667,19.5543,-23.3000,44567.9548,3506.2187,950.6074,0.0000,0.0000,0.0000
74.4833,19.5543,-23.3000,44568.7829,3506.3060,950.6072,0.0000,0.0000,0.0000
74.5000,19.5543,-23.3000,44569.7138,3506.4036,950.6070,0.0000,0.0000,0.0000
74.5167,19.5543,-23.3000,44570.7463,3506.5114,950.6068,0.0000,0.0000,0.0000
74.5333,19.5543,-23.3000,44571.8794,3506.6291,950.6065,0.0000,0.0000,0.0000
74.5500,19.5543,-23.3000,44573.1118,3506.7568,950.6062,0.0000,0.0000,0.0000
74.5667,19.5543,-23.3000,44574.4420,3506.8942,950.6060,0.0000,0.0000,0.0000
74.5833,19.5542,-23.3000,44575.8687,3507.0412,950.6056,0.0000,0.0000,0.0000
74.6000,19.5542,-23.3000,44577.3903,3507.1977,950.6053,0.0000,0.0000,0.0000
74.6167,19.5542,-23.3000,44579.0051,3507.3634,950.6049,0.0000,0.0000,0.0000
74.6333,19.5542,-23.3000,44580.7115,3507.5382,950.6046,0.0000,0.0000,0.0000
74.6500,19.5542,-23.3000,44582.5077,3507.7220,950.6042,0.0000,0.0000,0.0000
74.6667,19.5542,-23.3000,44584.3919,3507.9145,950.6037,0.0000,0.0000,0.0000
74.6833,19.5541,-23.3000,44586.3623,3508.1156,950.6033,0.0000,0.0000,0.0000
74.7000,19.5541,-23.3000,44588.4169,3508.3250,950.6029,0.0000,0.0000,0.0000
74.7167,19.5541,-23.3000,44590.5539,3508.5427,950.6024,0.0000,0.0000,0.0000
74.7333,19.5541,-23.3000,44592.7714,3508.7683,950.6019,0.0000,0.0000,0.0000
74.7500,19.5540,-23.3000,44595.0673,3509.0016,950.6014,0.0000,0.0000,0.0000
74.7667,19.5540,-23.3000,44597.4397,3509.2426,950.6009,0.0000,0.0000,0.0000
74.7833,19.5540,-23.3000,44599.8867,3509.4909,950.6003,0.0000,0.0000,0.0000
74.8000,19.5540,-23.3000,44601.6237,3509.6893,950.5999,0.0000,0.0000,0.0000
74.8167,19.5540,-23.3000,44603.5150,3509.8911,950.5995,0.0000,0.0000,0.0000
74.8333,19.5539,-23.3000,44605.4964,3510.0967,950.5991,0.0000,0.0000,0.0000
74.8500,19.5539,-23.3000,44607.5392,3510.3061,950.5986,0.0000,0.0000,0.0000
74.8667,19.5539,-23.3000,44609.6309,3510.5195,950.5981,0.0000,0.0000,0.0000
74.8833,19.5539,-23.3000,44611.7656,3510.7366,950.5977,0.0000,0.0000,0.0000
74.9000,19.5539,-23.3000,44613.9404,3510.9576,950.5972,0.0000,0.0000,0.0000
74.9167,19.5538,-23.3000,44616.1539,3511.1823,950.5967,0.0000,0.0000,0.0000
74.9333,19.5538,-23.3000,44618.4051,3511.4107,950.5962,0.0000,0.0000,0.0000
74.9500,19.5538,-23.3000,44620.6935,3511.6428,950.5957,0.0000,0.0000,0.0000
74.9667,19.5538,-23.3000,44623.0184,3511.8785,950.5952,0.0000,0.0000,0.0000
74.9833,19.5537,-23.3000,44625.3794,3512.1178,950.5947,0.0000,0.0000,0.0000
75.0000,19.5537,-23.3000,44627.7761,3512.3606,950.5941,0.0000,0.0000,0.0000
75.0167,19.5537,-23.3000,44631.6621,3512.6972,950.5933,0.0000,0.0000,0.0000
75.0333,19.5536,-23.3000,44635.1879,3513.0398,950.5925,0.0000,0.0000,0.0000
75.0500,19.5536,-23.3000,44638.2584,3513.3630,950.5918,0.0000,0.0000,0.0000
75.0667,19.5536,-23.3000,44641.4214,3513.6836,950.5911,0.0000,0.0000,0.0000
75.0833,19.5536,-23.3000,44644.5782,3513.9996,950.5904,0.0000,0.0000,0.0000
75.1000,19.5535,-23.3000,44647.6891,3514.3094,950.5897,0.0000,0.0000,0.0000
75.1167,19.5535,-23.3000,44650.7339,3514.6118,950.5890,0.0000,0.0000,0.0000
75.1333,19.5535,-23.3000,44653.7011,3514.9059,950.5884,0.0000,0.0000,0.0000
75.1500,19.5534,-23.3000,44656.5843,3515.1914,950.5877,0.0000,0.0000,0.0000
75.1667,19.5534,-23.3000,44659.3808,3515.4680,950.5871,0.0000,0.0000,0.0000
75.1833,19.5534,-23.3000,44662.0903,3515.7359,950.5865,0.0000,0.0000,0.0000
75.2000,19.5534,-23.3000,44664.7145,3515.9953,950.5859,0.0000,0.0000,0.0000
75.2167,19.5533,-23.3000,44667.2562,3516.2466,950.5854,0.0000,0.0000,0.0000
75.2333,19.5533,-23.3000,44669.7190,3516.4902,950.5848,0.0000,0.0000,0.0000
75.2500,19.5533,-23.3000,44672.1070,3516.7264,950.5843,0.0000,0.0000,0.0000
75.2667,19.5533,-23.3000,44674.4246,3516.9557,950.5838,0.0000,0.0000,0.0000
75.2833,19.5532,-23.3000,44676.6761,3517.1786,950.5833,0.0000,0.0000,0.0000
75.3000,19.5532,-23.3000,44678.8659,3517.3955,950.5828,0.0000,0.0000,0.0000
75.3167,19.5532,-23.3000,44680.9983,3517.6068,950.5823,0.0000,0.0000,0.0000
75.3333,19.5532,-23.3000,44683.0773,3517.8129,950.5819,0.0000,0.0000,0.0000
75.3500,19.5531,-23.3000,44685.1069,3518.0143,950.5814,0.0000,0.0000,0.0000
75.3667,19.5531,-23.3000,44687.0907,3518.2112,950.5810,0.0000,0.0000,0.0000
75.3833,19.5531,-23.3000,44689.0325,3518.4041,950.5805,0.0000,0.0000,0.0000
75.4000,19.5531,-23.3000,44690.9354,3518.5932,950.5801,0.0000,0.0000,0.0000
75.4167,19.5531,-23.3000,44692.8027,3518.7788,950.5797,0.0000,0.0000,0.0000
75.4333,19.5531,-23.3000,44694.6373,3518.9613,950.5793,0.0000,0.0000,0.0000
75.4500,19.5530,-23.3000,44696.4421,3519.1410,950.5789,0.0000,0.0000,0.0000
75.4667,19.5530,-23.3000,44698.2197,3519.3180,950.5785,0.0000,0.0000,0.0000
75.4833,19.5530,-23.3000,44699.4291,3519.4532,950.5782,0.0000,0.0000,0.0000
75.5000,19.5530,-23.3000,44700.7057,3519.5867,950.5779,0.0000,0.0000,0.0000
75.5167,19.5530,-23.3000,44702.0051,3519.7189,950.5777,0.0000,0.0000,0.0000
75.5333,19.5530,-23.3000,44703.3084,3519.8499,950.5774,0.0000,0.0000,0.0000
75.5500,19.5530,-23.3000,44704.6077,3519.9799,950.5771,0.0000,0.0000,0.0000
75.5667,19.5529,-23.3000,44705.9003,3520.1089,950.5768,0.0000,0.0000,0.0000
75.5833,19.5529,-23.3000,44707.1852,3520.2371,950.5765,0.0000,0.0000,0.0000
75.6000,19.5529,-23.3000,44708.4628,3520.3646,950.5762,0.0000,0.0000,0.0000
75.6167,19.5529,-23.3000,44709.7336,3520.4915,950.5759,0.0000,0.0000,0.0000
75.6333,19.5529,-23.3000,44710.9981,3520.6178,950.5757,0.0000,0.0000,0.0000
75.6500,19.5529,-23.3000,44712.2571,3520.7435,950.5754,0.0000,0.0000,0.0000
75.6667,19.5529,-23.3000,44713.5113,3520.8689,950.5751,0.0000,0.0000,0.0000
75.6833,19.5529,-23.3000,44714.7614,3520.9938,950.5748,0.0000,0.0000,0.0000
75.7000,19.5528,-23.3000,44716.0081,3521.1185,950.5746,0.0000,0.0000,0.0000
75.7167,19.5528,-23.3000,44717.2519,3521.2430,950.5743,0.0000,0.0000,0.0000
75.7333,19.5528,-23.3000,44718.4935,3521.3672,950.5740,0.0000,0.0000,0.0000
75.7500,19.5528,-23.3000,44719.7335,3521.4914,950.5737,0.0000,0.0000,0.0000
75.7667,19.5528,-23.3000,44720.9724,3521.6155,950.5734,0.0000,0.0000,0.0000
75.7833,19.5528,-23.3000,44722.2106,3521.7395,950.5732,0.0000,0.0000,0.0000
75.8000,19.5528,-23.3000,44723.4487,3521.8636,950.5729,0.0000,0.0000,0.0000
75.8167,19.5528,-23.3000,44724.6871,3521.9877,950.5726,0.0000,0.0000,0.0000
75.8333,19.5527,-23.3000,44725.9262,3522.1120,950.5724,0.0000,0.0000,0.0000
75.8500,19.5527,-23.3000,44727.1665,3522.2363,950.5721,0.0000,0.0000,0.0000
75.8667,19.5527,-23.3000,44728.4082,3522.3609,950.5718,0.0000,0.0000,0.0000
75.8833,19.5527,-23.3000,44729.6517,3522.4857,950.5715,0.0000,0.0000,0.0000
75.9000,19.5527,-23.3000,44730.8974,3522.6107,950.5712,0.0000,0.0000,0.0000
75.9167,19.5527,-23.3000,44732.1455,3522.7359,950.5710,0.0000,0.0000,0.0000
75.9333,19.5527,-23.3000,44733.3963,3522.8615,950.5707,0.0000,0.0000,0.0000
75.9500,19.5527,-23.3000,44734.6501,3522.9874,950.5704,0.0000,0.0000,0.0000
75.9667,19.5526,-23.3000,44735.9071,3523.1136,950.5701,0.0000,0.0000,0.0000
75.9833,19.5526,-23.3000,44737.1675,3523.2401,950.5699,0.0000,0.0000,0.0000
76.0000,19.5526,-23.3000,44738.4316,3523.3671,950.5696,0.0000,0.0000,0.0000
76.0167,19.5526,-23.3000,44739.6993,3523.4944,950.5693,0.0000,0.0000,0.0000
76.0333,19.5526,-23.3000,44740.9709,3523.6221,950.5690,0.0000,0.0000,0.0000
76.0500,19.5526,-23.3000,44742.2459,3523.7502,950.5687,0.0000,0.0000,0.0000
76.0667,19.5526,-23.3000,44743.5242,3523.8785,950.5684,0.0000,0.0000,0.0000
76.0833,19.5526,-23.3000,44744.8052,3524.0071,950.5682,0.0000,0.0000,0.0000
76.1000,19.5525,-23.3000,44746.0882,3524.1359,950.5679,0.0000,0.0000,0.0000
76.1167,19.5525,-23.3000,44747.3724,3524.2647,950.5676,0.0000,0.0000,0.0000
76.1333,19.5525,-23.3000,44748.6569,3524.3934,950.5673,0.0000,0.0000,0.0000
76.1500,19.5525,-23.3000,44749.9407,3524.5220,950.5670,0.0000,0.0000,0.0000
76.1667,19.5525,-23.3000,44751.2227,3524.6504,950.5667,0.0000,0.0000,0.0000
76.1833,19.5525,-23.3000,44752.5019,3524.7784,950.5665,0.0000,0.0000,0.0000
76.2000,19.5525,-23.3000,44753.7771,3524.9059,950.5662,0.0000,0.0000,0.0000
76.2167,19.5524,-23.3000,44755.0474,3525.0329,950.5659,0.0000,0.0000,0.0000
76.2333,19.5524,-23.3000,44756.3115,3525.1591,950.5656,0.0000,0.0000,0.0000
76.2500,19.5524,-23.3000,44757.5685,3525.2846,950.5653,0.0000,0.0000,0.0000
76.2667,19.5524,-23.3000,44758.8174,3525.4091,950.5651,0.0000,0.0000,0.0000
76.2833,19.5524,-23.3000,44760.0573,3525.5327,950.5648,0.0000,0.0000,0.0000
76.3000,19.5524,-23.3000,44761.2871,3525.6552,950.5645,0.0000,0.0000,0.0000
76.3167,19.5524,-23.3000,44762.5060,3525.7766,950.5642,0.0000,0.0000,0.0000
76.3333,19.5524,-23.3000,44763.7132,3525.8967,950.5640,0.0000,0.0000,0.0000
76.3500,19.5524,-23.3000,44764.9079,3526.0156,950.5637,0.0000,0.0000,0.0000
76.3667,19.5523,-23.3000,44766.0894,3526.1330,950.5634,0.0000,0.0000,0.0000
76.3833,19.5523,-23.3000,44767.2571,3526.2490,950.5632,0.0000,0.0000,0.0000
76.4000,19.5523,-23.3000,44768.4102,3526.3635,950.5629,0.0000,0.0000,0.0000
76.4167,19.5523,-23.3000,44769.5481,3526.4764,950.5627,0.0000,0.0000,0.0000
76.4333,19.5523,-23.3000,44770.6705,3526.5877,950.5624,0.0000,0.0000,0.0000
76.4500,19.5523,-23.3000,44771.7766,3526.6974,950.5622,0.0000,0.0000,0.0000
76.4667,19.5523,-23.3000,44772.8661,3526.8054,950.5619,0.0000,0.0000,0.0000
76.4833,19.5523,-23.3000,44773.9385,3526.9116,950.5617,0.0000,0.0000,0.0000
76.5000,19.5523,-23.3000,44774.9934,3527.0160,950.5615,0.0000,0.0000,0.0000
76.5167,19.5522,-23.3000,44776.0305,3527.1187,950.5612,0.0000,0.0000,0.0000
76.5333,19.5522,-23.3000,44777.0495,3527.2194,950.5610,0.0000,0.0000,0.0000
76.5500,19.5522,-23.3000,44778.0500,3527.3183,950.5608,0.0000,0.0000,0.0000
76.5667,19.5522,-23.3000,44779.0318,3527.4153,950.5606,0.0000,0.0000,0.0000
76.5833,19.5522,-23.3000,44779.9946,3527.5104,950.5604,0.0000,0.0000,0.0000
76.6000,19.5522,-23.3000,44780.9382,3527.6036,950.5601,0.0000,0.0000,0.0000
76.6167,19.5522,-23.3000,44781.8624,3527.6948,950.5599,0.0000,0.0000,0.0000
76.6333,19.5522,-23.3000,44782.7671,3527.7840,950.5597,0.0000,0.0000,0.0000
76.6500,19.5522,-23.3000,44783.6521,3527.8713,950.5595,0.0000,0.0000,0.0000
76.6667,19.5522,-23.3000,44784.5173,3527.9565,950.5594,0.0000,0.0000,0.0000
76.6833,19.5521,-23.3000,44785.3625,3528.0397,950.5592,0.0000,0.0000,0.0000
76.7000,19.5521,-23.3000,44786.1878,3528.1210,950.5590,0.0000,0.0000,0.0000
76.7167,19.5521,-23.3000,44786.9930,3528.2002,950.5588,0.0000,0.0000,0.0000
76.7333,19.5521,-23.3000,44787.7780,3528.2774,950.5586,0.0000,0.0000,0.0000
76.7500,19.5521,-23.3000,44788.5429,3528.3525,950.5585,0.0000,0.0000,0.0000
76.7667,19.5521,-23.3000,44789.2875,3528.4257,950.5583,0.0000,0.0000,0.0000
76.7833,19.5521,-23.3000,44790.0120,3528.4968,950.5581,0.0000,0.0000,0.0000
76.8000,19.5521,-23.3000,44790.7162,3528.5659,950.5580,0.0000,0.0000,0.0000
76.8167,19.5521,-23.3000,44791.4002,3528.6329,950.5578,0.0000,0.0000,0.0000
76.8333,19.5521,-23.3000,44792.0640,3528.6980,950.5577,0.0000,0.0000,0.0000
76.8500,19.5521,-23.3000,44792.7077,3528.7610,950.5575,0.0000,0.0000,0.0000
76.8667,19.5521,-23.3000,44793.3313,3528.8220,950.5574,0.0000,0.0000,0.0000
76.8833,19.5521,-23.3000,44793.9347,3528.8810,950.5573,0.0000,0.0000,0.0000
76.9000,19.5521,-23.3000,44794.5182,3528.9380,950.5571,0.0000,0.0000,0.0000
76.9167,19.5520,-23.3000,44795.0817,3528.9930,950.5570,0.0000,0.0000,0.0000
76.9333,19.5520,-23.3000,44795.6253,3529.0460,950.5569,0.0000,0.0000,0.0000
76.9500,19.5520,-23.3000,44796.1491,3529.0970,950.5568,0.0000,0.0000,0.0000
76.9667,19.5520,-23.3000,44796.6532,3529.1461,950.5567,0.0000,0.0000,0.0000
76.9833,19.5520,-23.3000,44797.1376,3529.1932,950.5566,0.0000,0.0000,0.0000
77.0000,19.5520,-23.3000,44797.8955,3529.2575,950.5564,0.0000,0.0000,0.0000
77.0167,19.5520,-23.3000,44798.5630,3529.3217,950.5562,0.0000,0.0000,0.0000
77.0333,19.5520,-23.3000,44799.2330,3529.3890,950.5561,0.0000,0.0000,0.0000
77.0500,19.5520,-23.3000,44799.9531,3529.4628,950.5559,0.0000,0.0000,0.0000
77.0667,19.5520,-23.3000,44800.6635,3529.5406,950.5558,0.0000,0.0000,0.0000
77.0833,19.5520,-23.3000,44801.4925,3529.6286,950.5556,0.0000,0.0000,0.0000
77.1000,19.5520,-23.3000,44802.4355,3529.7279,950.5554,0.0000,0.0000,0.0000
77.1167,19.5520,-23.3000,44803.4952,3529.8390,950.5551,0.0000,0.0000,0.0000
77.1333,19.5520,-23.3000,44804.6735,3529.9620,950.5549,0.0000,0.0000,0.0000
77.1500,19.5519,-23.3000,44805.9693,3530.0968,950.5546,0.0000,0.0000,0.0000
77.1667,19.5519,-23.3000,44807.3795,3530.2429,950.5543,0.0000,0.0000,0.0000
77.1833,19.5519,-23.3000,44808.8991,3530.3998,950.5539,0.0000,0.0000,0.0000
77.2000,19.5519,-23.3000,44810.5222,3530.5668,950.5536,0.0000,0.0000,0.0000
77.2167,19.5519,-23.3000,44812.2421,3530.7432,950.5532,0.0000,0.0000,0.0000
77.2333,19.5519,-23.3000,44814.0518,3530.9283,950.5528,0.0000,0.0000,0.0000
77.2500,19.5518,-23.3000,44815.9444,3531.1214,950.5524,0.0000,0.0000,0.0000
77.2667,19.5518,-23.3000,44817.9131,3531.3219,950.5519,0.0000,0.0000,0.0000
77.2833,19.5518,-23.3000,44819.9514,3531.5291,950.5515,0.0000,0.0000,0.0000
77.3000,19.5518,-23.3000,44822.0530,3531.7424,950.5510,0.0000,0.0000,0.0000
77.3167,19.5518,-23.3000,44824.2119,3531.9611,950.5505,0.0000,0.0000,0.0000
77.3333,19.5517,-23.3000,44826.4226,3532.1848,950.5501,0.0000,0.0000,0.0000
77.3500,19.5517,-23.3000,44828.6799,3532.4130,950.5496,0.0000,0.0000,0.0000
77.3667,19.5517,-23.3000,44830.9788,3532.6451,950.5490,0.0000,0.0000,0.0000
77.3833,19.5517,-23.3000,44833.3149,3532.8808,950.5485,0.0000,0.0000,0.0000
77.4000,19.5516,-23.3000,44835.6839,3533.1196,950.5480,0.0000,0.0000,0.0000
77.4167,19.5516,-23.3000,44838.0818,3533.3611,950.5475,0.0000,0.0000,0.0000
77.4333,19.5516,-23.3000,44840.5050,3533.6051,950.5469,0.0000,0.0000,0.0000
77.4500,19.5516,-23.3000,44842.9501,3533.8510,950.5464,0.0000,0.0000,0.0000
77.4667,19.5515,-23.3000,44845.4140,3534.0987,950.5458,0.0000,0.0000,0.0000
77.4833,19.5515,-23.3000,44847.8938,3534.3479,950.5453,0.0000,0.0000,0.0000
77.5000,19.5515,-23.3000,44850.3867,3534.5983,950.5447,0.0000,0.0000,0.0000
77.5167,19.5515,-23.3000,44852.8903,3534.8497,950.5442,0.0000,0.0000,0.0000
77.5333,19.5514,-23.3000,44855.4024,3535.1018,950.5436,0.0000,0.0000,0.0000
77.5500,19.5514,-23.3000,44857.9208,3535.3544,950.5431,0.0000,0.0000,0.0000
77.5667,19.5514,-23.3000,44860.4435,3535.6075,950.5425,0.0000,0.0000,0.0000
77.5833,19.5514,-23.3000,44862.9689,3535.8607,950.5420,0.0000,0.0000,0.0000
77.6000,19.5514,-23.3000,44864.7143,3536.0574,950.5416,0.0000,0.0000,0.0000
77.6167,19.5513,-23.3000,44866.5753,3536.2534,950.5412,0.0000,0.0000,0.0000
77.6333,19.5513,-23.3000,44868.4856,3536.4488,950.5407,0.0000,0.0000,0.0000
77.6500,19.5513,-23.3000,44870.4160,3536.6440,950.5403,0.0000,0.0000,0.0000
77.6667,19.5513,-23.3000,44872.3538,3536.8388,950.5399,0.0000,0.0000,0.0000
77.6833,19.5513,-23.3000,44874.2930,3537.0333,950.5394,0.0000,0.0000,0.0000
77.7000,19.5512,-23.3000,44876.2311,3537.2275,950.5390,0.0000,0.0000,0.0000
77.7167,19.5512,-23.3000,44878.1667,3537.4213,950.5386,0.0000,0.0000,0.0000
77.7333,19.5512,-23.3000,44880.0991,3537.6147,950.5382,0.0000,0.0000,0.0000
77.7500,19.5512,-23.3000,44882.0278,3537.8077,950.5377,0.0000,0.0000,0.0000
77.7667,19.5512,-23.3000,44883.9526,3538.0003,950.5373,0.0000,0.0000,0.0000
77.7833,19.5511,-23.3000,44885.8731,3538.1925,950.5369,0.0000,0.0000,0.0000
77.8000,19.5511,-23.3000,44887.7893,3538.3842,950.5364,0.0000,0.0000,0.0000
77.8167,19.5511,-23.3000,44889.7009,3538.5755,950.5360,0.0000,0.0000,0.0000
77.8333,19.5511,-23.3000,44891.6078,3538.7662,950.5356,0.0000,0.0000,0.0000
77.8500,19.5511,-23.3000,44893.5098,3538.9565,950.5352,0.0000,0.0000,0.0000
77.8667,19.5510,-23.3000,44895.4069,3539.1463,950.5348,0.0000,0.0000,0.0000
77.8833,19.5510,-23.3000,44897.2990,3539.3355,950.5343,0.0000,0.0000,0.0000
77.9000,19.5510,-23.3000,44899.1860,3539.5243,950.5339,0.0000,0.0000,0.0000
77.9167,19.5510,-23.3000,44901.0678,3539.7125,950.5335,0.0000,0.0000,0.0000
77.9333,19.5510,-23.3000,44902.9443,3539.9002,950.5331,0.0000,0.0000,0.0000
77.9500,19.5510,-23.3000,44904.8156,3540.0873,950.5327,0.0000,0.0000,0.0000
77.9667,19.5509,-23.3000,44906.6815,3540.2739,950.5323,0.0000,0.0000,0.0000
77.9833,19.5509,-23.3000,44908.5421,3540.4600,950.5318,0.0000,0.0000,0.0000
78.0000,19.5509,-23.3000,44910.3973,3540.6455,950.5314,0.0000,0.0000,0.0000
78.0167,19.5508,-23.3100,44915.2151,3541.1498,950.7522,3.4716,0.0000,0.0000
78.0333,19.5508,-23.3200,44921.1986,3541.6243,950.9727,6.9432,0.0000,0.0000
78.0500,19.5507,-23.3300,44927.5762,3542.0753,951.1931,10.4148,0.0000,0.0000
78.0667,19.5507,-23.3400,44934.0221,3542.5065,951.4135,13.8864,0.0000,0.0000
78.0833,19.5506,-23.3500,44940.4029,3542.9201,951.6339,17.3580,0.0000,0.0000
78.1000,19.5505,-23.3600,44946.6679,3543.3179,951.8543,20.8296,0.0000,0.0000
78.1167,19.5505,-23.3700,44952.8006,3543.7011,952.0748,24.3012,0.0000,0.0000
78.1333,19.5504,-23.3800,44958.7991,3544.0705,952.2953,27.7728,0.0000,0.0000
78.1500,19.5504,-23.3900,44964.6665,3544.4270,952.5158,31.2444,0.0000,0.0000
78.1667,19.5503,-23.4000,44970.4076,3544.7712,952.7363,34.7160,0.0000,0.0000
78.1833,19.5502,-23.4100,44976.0275,3545.1037,952.9569,38.1876,0.0000,0.0000
78.2000,19.5502,-23.4200,44981.5308,3545.4247,953.1775,41.6592,0.0000,0.0000
78.2167,19.5501,-23.4300,44986.9218,3545.7349,953.3982,45.1308,0.0000,0.0000
78.2333,19.5501,-23.4400,44992.2040,3546.0344,953.6188,48.6024,0.0000,0.0000
78.2500,19.5500,-23.4500,44997.3806,3546.3236,953.8395,52.0740,0.0000,0.0000
78.2667,19.5500,-23.4600,45002.4545,3546.6027,954.0602,55.5456,0.0000,0.0000
78.2833,19.5499,-23.4700,45007.4281,3546.8719,954.2809,59.0172,0.0000,0.0000
78.3000,19.5499,-23.4800,45012.3035,3547.1314,954.5016,62.4888,0.0000,0.0000
78.3167,19.5498,-23.4900,45017.0825,3547.3814,954.7224,65.9604,0.0000,0.0000
78.3333,19.5498,-23.5000,45021.7669,3547.6221,954.9432,69.4320,0.0000,0.0000
78.3500,19.5497,-23.5100,45026.3580,3547.8535,955.1640,72.9036,0.0000,0.0000
78.3667,19.5497,-23.5200,45030.8571,3548.0758,955.3848,76.3752,0.0000,0.0000
78.3833,19.5496,-23.5300,45035.2654,3548.2891,955.6057,79.8468,0.0000,0.0000
78.4000,19.5496,-23.5400,45039.5838,3548.4934,955.8265,83.3184,0.0000,0.0000
78.4167,19.5496,-23.5500,45043.8132,3548.6889,956.0474,86.7900,0.0000,0.0000
78.4333,19.5495,-23.5600,45047.9543,3548.8756,956.2683,90.2616,0.0000,0.0000
78.4500,19.5495,-23.5700,45052.0080,3549.0536,956.4892,93.7332,0.0000,0.0000
78.4667,19.5494,-23.5800,45055.9746,3549.2229,956.7102,97.2048,0.0000,0.0000
78.4833,19.5494,-23.5900,45059.8549,3549.3835,956.9311,100.6764,0.0000,0.0000
78.5000,19.5494,-23.6000,45063.6491,3549.5356,957.1521,104.1480,0.0000,0.0000
78.5167,19.5493,-23.6100,45067.3578,3549.6792,957.3731,107.6196,0.0000,0.0000
78.5333,19.5493,-23.6200,45070.9812,3549.8142,957.5941,111.0912,0.0000,0.0000
78.5500,19.5493,-23.6300,45074.5198,3549.9408,957.8152,114.5628,0.0000,0.0000
78.5667,19.5492,-23.6400,45077.9736,3550.0588,958.0362,118.0344,0.0000,0.0000
78.5833,19.5492,-23.6500,45081.3429,3550.1685,958.2573,121.5060,0.0000,0.0000
78.6000,19.5492,-23.6600,45084.6280,3550.2697,958.4784,124.9776,0.0000,0.0000
78.6167,19.5491,-23.6700,45087.8289,3550.3624,958.6995,128.4492,0.0000,0.0000
78.6333,19.5491,-23.6800,45090.9458,3550.4468,958.9207,131.9208,0.0000,0.0000
78.6500,19.5491,-23.6900,45093.9788,3550.5228,959.1418,135.3924,0.0000,0.0000
78.6667,19.5490,-23.7000,45096.9278,3550.5903,959.3630,138.8640,0.0000,0.0000
78.6833,19.5490,-23.7100,45099.7930,3550.6495,959.5842,142.3356,0.0000,0.0000
78.7000,19.5490,-23.7200,45102.5744,3550.7002,959.8054,145.8072,0.0000,0.0000
78.7167,19.5489,-23.7300,45105.2720,3550.7426,960.0266,149.2788,0.0000,0.0000
78.7333,19.5489,-23.7400,45107.8856,3550.7765,960.2478,152.7504,0.0000,0.0000
78.7500,19.5489,-23.7500,45110.4154,3550.8020,960.4691,156.2220,0.0000,0.0000
78.7667,19.5489,-23.7600,45112.8611,3550.8191,960.6904,159.6936,0.0000,0.0000
78.7833,19.5488,-23.7700,45115.2228,3550.8278,960.9117,163.1652,0.0000,0.0000
78.8000,19.5488,-23.7800,45117.5003,3550.8280,961.1330,166.6368,0.0000,0.0000
78.8167,19.5488,-23.7900,45119.6934,3550.8198,961.3543,170.1084,0.0000,0.0000
78.8333,19.5488,-23.8000,45121.8021,3550.8031,961.5757,173.5800,0.0000,0.0000
78.8500,19.5488,-23.8100,45123.8262,3550.7779,961.7971,177.0516,0.0000,0.0000
78.8667,19.5487,-23.8200,45125.7655,3550.7442,962.0185,180.5232,0.0000,0.0000
78.8833,19.5487,-23.8300,45127.6198,3550.7020,962.2399,183.9948,0.0000,0.0000
78.9000,19.5487,-23.8400,45129.3888,3550.6512,962.4613,187.4664,0.0000,0.0000
78.9167,19.5487,-23.8500,45131.0724,3550.5918,962.6827,190.9380,0.0000,0.0000
78.9333,19.5487,-23.8600,45132.6702,3550.5238,962.9042,194.4096,0.0000,0.0000
78.9500,19.5487,-23.8700,45134.1820,3550.4471,963.1257,197.8812,0.0000,0.0000
78.9667,19.5486,-23.8800,45135.6074,3550.3618,963.3472,201.3528,0.0000,0.0000
78.9833,19.5486,-23.8900,45136.9462,3550.2678,963.5687,204.8244,0.0000,0.0000
79.0000,19.5486,-23.9000,45138.1979,3550.1650,963.7903,208.2960,0.0000,0.0000
79.0167,19.5487,-23.8817,45125.4278,3548.7554,963.3864,226.4430,0.0000,0.0000
79.0333,19.5489,-23.8633,45107.7357,3547.2383,962.9837,244.5900,0.0000,0.0000
79.0500,19.5491,-23.8450,45088.1256,3545.6196,962.5814,262.7370,0.0000,0.0000
79.0667,19.5493,-23.8267,45067.3651,3543.9091,962.1793,280.8840,0.0000,0.0000
79.0833,19.5495,-23.8083,45047.6342,3542.1853,961.7770,299.0310,0.0000,0.0000
79.1000,19.5497,-23.7900,45026.2944,3540.3885,961.3750,317.1780,0.0000,0.0000
79.1167,19.5500,-23.7717,45004.0178,3538.5242,960.9733,335.3250,0.0000,0.0000
79.1333,19.5502,-23.7533,44981.0405,3536.5993,960.5717,353.4720,0.0000,0.0000
79.1500,19.5504,-23.7350,44957.4761,3534.6201,960.1703,371.6190,0.0000,0.0000
79.1667,19.5507,-23.7167,44933.4026,3532.5931,959.7690,389.7660,0.0000,0.0000
79.1833,19.5509,-23.6983,44908.8876,3530.5248,959.3677,407.9130,0.0000,0.0000
79.2000,19.5512,-23.6800,44883.9964,3528.4215,958.9666,426.0600,0.0000,0.0000
79.2167,19.5514,-23.6617,44858.7944,3526.2899,958.5655,444.2070,0.0000,0.0000
79.2333,19.5517,-23.6433,44833.3496,3524.1368,958.1644,462.3540,0.0000,0.0000
79.2500,19.5519,-23.6250,44807.7341,3521.9698,957.7635,480.5010,0.0000,0.0000
79.2667,19.5522,-23.6067,44782.0263,3519.7969,957.3625,498.6480,0.0000,0.0000
79.2833,19.5524,-23.5883,44756.3140,3517.6273,956.9615,516.7950,0.0000,0.0000
79.3000,19.5527,-23.5700,44730.6989,3515.4721,956.5605,534.9420,0.0000,0.0000
79.3167,19.5529,-23.5517,44705.3039,3513.3444,956.1595,553.0890,0.0000,0.0000
79.3333,19.5532,-23.5333,44680.2860,3511.2617,955.7583,571.2360,0.0000,0.0000
79.3500,19.5535,-23.5150,44653.5397,3509.1643,955.3576,589.3830,0.0000,0.0000
79.3667,19.5537,-23.4967,44629.1197,3507.1988,954.9563,607.5300,0.0000,0.0000
79.3833,19.5539,-23.4783,44607.2773,3505.5123,954.5545,625.6770,0.0000,0.0000
79.4000,19.5542,-23.4600,44582.1941,3503.2183,954.1534,643.8240,0.0000,0.0000
79.4167,19.5545,-23.4417,44549.7474,3500.1745,953.7539,661.9710,0.0000,0.0000
79.4333,19.5549,-23.4233,44512.5263,3496.7028,953.3555,680.1180,0.0000,0.0000
79.4500,19.5553,-23.4050,44471.5926,3492.8902,952.9579,698.2650,0.0000,0.0000
79.4667,19.5557,-23.3867,44427.5333,3488.7821,952.5610,716.4120,0.0000,0.0000
79.4833,19.5562,-23.3683,44380.7017,3484.4069,952.1647,734.5590,0.0000,0.0000
79.5000,19.5567,-23.3500,44331.3310,3479.7845,951.7690,752.7060,0.0000,0.0000
79.5167,19.5572,-23.3317,44279.5869,3474.9293,951.3738,770.8530,0.0000,0.0000
79.5333,19.5577,-23.3133,44225.5936,3469.8526,950.9791,789.0000,0.0000,0.0000
79.5500,19.5583,-23.2950,44169.4484,3464.5633,950.5849,807.1470,0.0000,0.0000
79.5667,19.5589,-23.2767,44111.2298,3459.0687,950.1911,825.2940,0.0000,0.0000
79.5833,19.5595,-23.2583,44051.0026,3453.3748,949.7978,843.4410,0.0000,0.0000
79.6000,19.5601,-23.2400,43988.8215,3447.4867,949.4049,861.5880,0.0000,0.0000
79.6167,19.5608,-23.2217,43924.7333,3441.4091,949.0125,879.7350,0.0000,0.0000
79.6333,19.5614,-23.2033,43858.7789,3435.1457,948.6204,897.8820,0.0000,0.0000
79.6500,19.5621,-23.1850,43790.9943,3428.7000,948.2288,916.0290,0.0000,0.0000
79.6667,19.5628,-23.1667,43721.4202,3422.0763,947.8375,934.1760,0.0000,0.0000
79.6833,19.5635,-23.1483,43650.1035,3415.2795,947.4467,952.3230,0.0000,0.0000
79.7000,19.5642,-23.1300,43577.0933,3408.3145,947.0562,970.4700,0.0000,0.0000
79.7167,19.5650,-23.1117,43502.4349,3401.1857,946.6661,988.6170,0.0000,0.0000
79.7333,19.5657,-23.0933,43426.1676,3393.8970,946.2763,1006.7640,0.0000,0.0000
79.7500,19.5665,-23.0750,43348.3226,3386.4511,945.8869,1024.9110,0.0000,0.0000
79.7667,19.5673,-23.0567,43268.9247,3378.8504,945.4979,1043.0580,0.0000,0.0000
79.7833,19.5681,-23.0383,43187.9928,3371.0966,945.1091,1061.2050,0.0000,0.0000
79.8000,19.5689,-23.0200,43105.5416,3363.1910,944.7207,1079.3520,0.0000,0.0000
79.8167,19.5698,-23.0017,43021.5829,3355.1346,944.3327,1097.4990,0.0000,0.0000
79.8333,19.5706,-22.9833,42936.1263,3346.9285,943.9450,1115.6460,0.0000,0.0000
79.8500,19.5715,-22.9650,42849.1803,3338.5733,943.5576,1133.7930,0.0000,0.0000
79.8667,19.5724,-22.9467,42760.7526,3330.0699,943.1705,1151.9400,0.0000,0.0000
79.8833,19.5733,-22.9283,42670.8504,3321.4189,942.7838,1170.0870,0.0000,0.0000
79.9000,19.5742,-22.9100,42579.4808,3312.6212,942.3974,1188.2340,0.0000,0.0000
79.9167,19.5751,-22.8917,42486.6510,3303.6773,942.0113,1206.3810,0.0000,0.0000
79.9333,19.5761,-22.8733,42392.3682,3294.5880,941.6255,1224.5280,0.0000,0.0000
79.9500,19.5770,-22.8550,42296.6398,3285.3540,941.2401,1242.6750,0.0000,0.0000
79.9667,19.5780,-22.8367,42199.4734,3275.9762,940.8550,1260.8220,0.0000,0.0000
79.9833,19.5790,-22.8183,42100.8768,3266.4553,940.4702,1278.9690,0.0000,0.0000
80.0000,19.5800,-22.8000,42000.8581,3256.7922,940.0857,1297.1160,0.0000,0.0000
80.0167,19.5811,-22.7533,41887.3071,3246.0376,939.0757,1314.7896,0.0000,0.0000
80.0333,19.5823,-22.7067,41769.7208,3235.1640,938.0666,1332.4632,0.0000,0.0000
80.0500,19.5835,-22.6600,41650.2056,3224.1603,937.0579,1350.1368,0.0000,0.0000
80.0667,19.5847,-22.6133,41529.2251,3213.0237,936.0496,1367.8104,0.0000,0.0000
80.0833,19.5859,-22.5667,41406.8787,3201.7532,935.0416,1385.4840,0.0000,0.0000
80.1000,19.5872,-22.5200,41283.1846,3190.3482,934.0338,1403.1576,0.0000,0.0000
80.1167,19.5884,-22.4733,41158.1436,3178.8082,933.0264,1420.8312,0.0000,0.0000
80.1333,19.5897,-22.4267,41031.7528,3167.1328,932.0193,1438.5048,0.0000,0.0000
80.1500,19.5910,-22.3800,40904.0093,3155.3217,931.0124,1456.1784,0.0000,0.0000
80.1667,19.5923,-22.3333,40774.9108,3143.3748,930.0059,1473.8520,0.0000,0.0000
80.1833,19.5936,-22.2867,40644.4557,3131.2919,928.9997,1491.5256,0.0000,0.0000
80.2000,19.5949,-22.2400,40512.6435,3119.0729,927.9937,1509.1992,0.0000,0.0000
80.2167,19.5962,-22.1933,40379.4744,3106.7180,926.9881,1526.8728,0.0000,0.0000
80.2333,19.5976,-22.1467,40244.9498,3094.2272,925.9827,1544.5464,0.0000,0.0000
80.2500,19.5989,-22.1000,40109.0718,3081.6009,924.9777,1562.2200,0.0000,0.0000
80.2667,19.6003,-22.0533,39971.8435,3068.8394,923.9730,1579.8936,0.0000,0.0000
80.2833,19.6017,-22.0067,39833.2688,3055.9430,922.9685,1597.5672,0.0000,0.0000
80.3000,19.6031,-21.9600,39693.3523,3042.9123,921.9644,1615.2408,0.0000,0.0000
80.3167,19.6045,-21.9133,39552.0994,3029.7479,920.9606,1632.9144,0.0000,0.0000
80.3333,19.6059,-21.8667,39409.5162,3016.4503,919.9570,1650.5880,0.0000,0.0000
80.3500,19.6073,-21.8200,39265.6094,3003.0203,918.9538,1668.2616,0.0000,0.0000
80.3667,19.6088,-21.7733,39120.3864,2989.4586,917.9508,1685.9352,0.0000,0.0000
80.3833,19.6103,-21.7267,38973.8550,2975.7661,916.9481,1703.6088,0.0000,0.0000
80.4000,19.6117,-21.6800,38826.0235,2961.9435,915.9458,1721.2824,0.0000,0.0000
80.4167,19.6132,-21.6333,38676.9008,2947.9918,914.9437,1738.9560,0.0000,0.0000
80.4333,19.6147,-21.5867,38526.4962,2933.9119,913.9419,1756.6296,0.0000,0.0000
80.4500,19.6163,-21.5400,38374.8193,2919.7048,912.9403,1774.3032,0.0000,0.0000
80.4667,19.6178,-21.4933,38221.8802,2905.3716,911.9391,1791.9768,0.0000,0.0000
80.4833,19.6193,-21.4467,38067.6892,2890.9132,910.9381,1809.6504,0.0000,0.0000
80.5000,19.6209,-21.4000,37912.2571,2876.3307,909.9374,1827.3240,0.0000,0.0000
80.5167,19.6224,-21.3533,37755.5946,2861.6253,908.9370,1844.9976,0.0000,0.0000
80.5333,19.6240,-21.3067,37597.7131,2846.7981,907.9368,1862.6712,0.0000,0.0000
80.5500,19.6256,-21.2600,37438.6239,2831.8503,906.9370,1880.3448,0.0000,0.0000
80.5667,19.6272,-21.2133,37278.3386,2816.7829,905.9373,1898.0184,0.0000,0.0000
80.5833,19.6288,-21.1667,37116.8690,2801.5972,904.9380,1915.6920,0.0000,0.0000
80.6000,19.6305,-21.1200,36954.2270,2786.2944,903.9389,1933.3656,0.0000,0.0000
80.6167,19.6321,-21.0733,36790.4247,2770.8757,902.9400,1951.0392,0.0000,0.0000
80.6333,19.6337,-21.0267,36625.4744,2755.3423,901.9415,1968.7128,0.0000,0.0000
80.6500,19.6354,-20.9800,36459.3881,2739.6955,900.9431,1986.3864,0.0000,0.0000
80.6667,19.6371,-20.9333,36292.1767,2723.9363,899.9450,2004.0600,0.0000,0.0000
80.6833,19.6388,-20.8867,36123.8480,2708.0653,898.9472,2021.7336,0.0000,0.0000
80.7000,19.6405,-20.8400,35954.4078,2692.0832,897.9496,2039.4072,0.0000,0.0000
80.7167,19.6422,-20.7933,35783.8610,2675.9902,896.9523,2057.0808,0.0000,0.0000
80.7333,19.6439,-20.7467,35612.2127,2659.7871,895.9552,2074.7544,0.0000,0.0000
80.7500,19.6456,-20.7000,35439.4697,2643.4744,894.9583,2092.4280,0.0000,0.0000
80.7667,19.6473,-20.6533,35265.6399,2627.0532,893.9617,2110.1016,0.0000,0.0000
80.7833,19.6491,-20.6067,35090.7333,2610.5243,892.9653,2127.7752,0.0000,0.0000
80.8000,19.6509,-20.5600,34914.7612,2593.8889,891.9692,2145.4488,0.0000,0.0000
80.8167,19.6526,-20.5133,34737.7358,2577.1484,890.9733,2163.1224,0.0000,0.0000
80.8333,19.6544,-20.4667,34559.6704,2560.3041,889.9776,2180.7960,0.0000,0.0000
80.8500,19.6562,-20.4200,34380.5787,2543.3574,888.9822,2198.4696,0.0000,0.0000
80.8667,19.6580,-20.3733,34200.4749,2526.3098,887.9869,2216.1432,0.0000,0.0000
80.8833,19.6598,-20.3267,34019.3734,2509.1625,886.9919,2233.8168,0.0000,0.0000
80.9000,19.6616,-20.2800,33837.2886,2491.9173,885.9972,2251.4904,0.0000,0.0000
80.9167,19.6635,-20.2333,33654.2351,2474.5753,885.0026,2269.1640,0.0000,0.0000
80.9333,19.6653,-20.1867,33470.2272,2457.1382,884.0082,2286.8376,0.0000,0.0000
80.9500,19.6671,-20.1400,33285.2793,2439.6074,883.0141,2304.5112,0.0000,0.0000
80.9667,19.6690,-20.0933,33099.4057,2421.9842,882.0201,2322.1848,0.0000,0.0000
80.9833,19.6709,-20.0467,32912.6204,2404.2701,881.0264,2339.8584,0.0000,0.0000
81.0000,19.6728,-20.0000,32724.9375,2386.4666,880.0329,2357.5320,0.0000,0.0000
81.0167,19.6747,-19.9450,32529.6398,2367.8737,878.8562,2385.6204,0.0000,0.0000
81.0333,19.6767,-19.8900,32329.4288,2348.8716,877.6805,2413.7088,0.0000,0.0000
81.0500,19.6787,-19.8350,32125.3618,2329.5161,876.5058,2441.7972,0.0000,0.0000
81.0667,19.6808,-19.7800,31917.9874,2309.8465,875.3318,2469.8856,0.0000,0.0000
81.0833,19.6829,-19.7250,31707.6532,2289.8913,874.1584,2497.9740,0.0000,0.0000
81.1000,19.6851,-19.6700,31494.6054,2269.6721,872.9856,2526.0624,0.0000,0.0000
81.1167,19.6872,-19.6150,31279.0297,2249.2054,871.8134,2554.1508,0.0000,0.0000
81.1333,19.6894,-19.5600,31061.0723,2228.5048,870.6417,2582.2392,0.0000,0.0000
81.1500,19.6916,-19.5050,30840.8515,2207.5811,869.4706,2610.3276,0.0000,0.0000
81.1667,19.6938,-19.4500,30618.4652,2186.4435,868.2999,2638.4160,0.0000,0.0000
81.1833,19.6961,-19.3950,30393.9957,2165.0998,867.1296,2666.5044,0.0000,0.0000
81.2000,19.6983,-19.3400,30167.5137,2143.5566,865.9598,2694.5928,0.0000,0.0000
81.2167,19.7006,-19.2850,29939.0802,2121.8199,864.7905,2722.6812,0.0000,0.0000
81.2333,19.7029,-19.2300,29708.7488,2099.8946,863.6215,2750.7696,0.0000,0.0000
81.2500,19.7052,-19.1750,29476.5669,2077.7854,862.4530,2778.8580,0.0000,0.0000
81.2667,19.7076,-19.1200,29242.5767,2055.4964,861.2849,2806.9464,0.0000,0.0000
81.2833,19.7099,-19.0650,29006.8164,2033.0311,860.1172,2835.0348,0.0000,0.0000
81.3000,19.7123,-19.0100,28769.3204,2010.3931,858.9498,2863.1232,0.0000,0.0000
81.3167,19.7147,-18.9550,28530.1206,1987.5853,857.7829,2891.2116,0.0000,0.0000
81.3333,19.7171,-18.9000,28289.2459,1964.6105,856.6163,2919.3000,0.0000,0.0000
81.3500,19.7195,-18.8450,28046.7236,1941.4715,855.4500,2947.3884,0.0000,0.0000
81.3667,19.7220,-18.7900,27802.5789,1918.1708,854.2842,2975.4768,0.0000,0.0000
81.3833,19.7244,-18.7350,27556.8357,1894.7106,853.1187,3003.5652,0.0000,0.0000
81.4000,19.7269,-18.6800,27309.5165,1871.0931,851.9535,3031.6536,0.0000,0.0000
81.4167,19.7294,-18.6250,27060.6428,1847.3206,850.7887,3059.7420,0.0000,0.0000
81.4333,19.7319,-18.5700,26810.2353,1823.3950,849.6242,3087.8304,0.0000,0.0000
81.4500,19.7344,-18.5150,26558.3138,1799.3184,848.4600,3115.9188,0.0000,0.0000
81.4667,19.7370,-18.4600,26304.8973,1775.0925,847.2962,3144.0072,0.0000,0.0000
81.4833,19.7395,-18.4050,26050.0045,1750.7192,846.1327,3172.0956,0.0000,0.0000
81.5000,19.7421,-18.3500,25793.6534,1726.2004,844.9696,3200.1840,0.0000,0.0000
81.5167,19.7446,-18.2950,25535.8617,1701.5377,843.8067,3228.2724,0.0000,0.0000
81.5333,19.7472,-18.2400,25276.6466,1676.7330,842.6442,3256.3608,0.0000,0.0000
81.5500,19.7498,-18.1850,25016.0252,1651.7879,841.4820,3284.4492,0.0000,0.0000
81.5667,19.7525,-18.1300,24754.0140,1626.7040,840.3201,3312.5376,0.0000,0.0000
81.5833,19.7551,-18.0750,24490.6297,1601.4830,839.1585,3340.6260,0.0000,0.0000
81.6000,19.7577,-18.0200,24225.8882,1576.1266,837.9972,3368.7144,0.0000,0.0000
81.6167,19.7604,-17.9650,23959.8058,1550.6362,836.8362,3396.8028,0.0000,0.0000
81.6333,19.7631,-17.9100,23692.3981,1525.0136,835.6755,3424.8912,0.0000,0.0000
81.6500,19.7658,-17.8550,23423.6810,1499.2602,834.5151,3452.9796,0.0000,0.0000
81.6667,19.7685,-17.8000,23153.6698,1473.3776,833.3549,3481.0680,0.0000,0.0000
81.6833,19.7712,-17.7450,22882.3800,1447.3674,832.1951,3509.1564,0.0000,0.0000
81.7000,19.7739,-17.6900,22609.8269,1421.2311,831.0355,3537.2448,0.0000,0.0000
81.7167,19.7766,-17.6350,22336.0256,1394.9701,829.8762,3565.3332,0.0000,0.0000
81.7333,19.7794,-17.5800,22060.9910,1368.5861,828.7172,3593.4216,0.0000,0.0000
81.7500,19.7822,-17.5250,21784.7395,1342.0806,827.5585,3621.5100,0.0000,0.0000
81.7667,19.7849,-17.4700,21507.2890,1315.4555,826.4000,3649.5984,0.0000,0.0000
81.7833,19.7877,-17.4150,21228.6589,1288.7128,825.2417,3677.6868,0.0000,0.0000
81.8000,19.7905,-17.3600,20948.8686,1261.8545,824.0838,3705.7752,0.0000,0.0000
81.8167,19.7933,-17.3050,20667.9365,1234.8823,822.9261,3733.8636,0.0000,0.0000
81.8333,19.7961,-17.2500,20385.8799,1207.7980,821.7686,3761.9520,0.0000,0.0000
81.8500,19.7990,-17.1950,20102.7143,1180.6030,820.6114,3790.0404,0.0000,0.0000
81.8667,19.8018,-17.1400,19818.4540,1153.2988,819.4544,3818.1288,0.0000,0.0000
81.8833,19.8047,-17.0850,19533.1122,1125.8866,818.2977,3846.2172,0.0000,0.0000
81.9000,19.8075,-17.0300,19246.7013,1098.3677,817.1412,3874.3056,0.0000,0.0000
81.9167,19.8104,-16.9750,18959.2333,1070.7432,815.9849,3902.3940,0.0000,0.0000
81.9333,19.8133,-16.9200,18670.7197,1043.0143,814.8289,3930.4824,0.0000,0.0000
81.9500,19.8162,-16.8650,18381.1720,1015.1821,813.6731,3958.5708,0.0000,0.0000
81.9667,19.8191,-16.8100,18090.6014,987.2478,812.5176,3986.6592,0.0000,0.0000
81.9833,19.8220,-16.7550,17799.0192,959.2124,811.3622,4014.7476,0.0000,0.0000
82.0000,19.8249,-16.7000,17506.4368,931.0772,810.2071,4042.8360,0.0000,0.0000
82.0167,19.8276,-16.6900,17239.1839,905.2935,810.0445,4051.8306,0.0000,0.0000
82.0333,19.8302,-16.6800,16982.4106,880.1095,809.8797,4060.8252,0.0000,0.0000
82.0500,19.8327,-16.6700,16731.7943,855.4098,809.7134,4069.8198,0.0000,0.0000
82.0667,19.8351,-16.6600,16485.6772,831.1093,809.5462,4078.8144,0.0000,0.0000
82.0833,19.8376,-16.6500,16243.1997,807.1464,809.3782,4087.8090,0.0000,0.0000
82.1000,19.8400,-16.6400,16003.8122,783.4756,809.2095,4096.8036,0.0000,0.0000
82.1167,19.8423,-16.6300,15767.1233,760.0628,809.0401,4105.7982,0.0000,0.0000
82.1333,19.8447,-16.6200,15532.8389,736.8816,808.8703,4114.7928,0.0000,0.0000
82.1500,19.8470,-16.6100,15300.7309,713.9111,808.6999,4123.7874,0.0000,0.0000
82.1667,19.8493,-16.6000,15070.6186,691.1349,808.5292,4132.7820,0.0000,0.0000
82.1833,19.8516,-16.5900,14842.3572,668.5396,808.3580,4141.7766,0.0000,0.0000
82.2000,19.8538,-16.5800,14615.8289,646.1141,808.1864,4150.7712,0.0000,0.0000
82.2167,19.8561,-16.5700,14390.9371,623.8496,808.0145,4159.7658,0.0000,0.0000
82.2333,19.8583,-16.5600,14167.6023,601.7385,807.8422,4168.7604,0.0000,0.0000
82.2500,19.8605,-16.5500,13945.7582,579.7748,807.6696,4177.7550,0.0000,0.0000
82.2667,19.8627,-16.5400,13725.3496,557.9531,807.4966,4186.7496,0.0000,0.0000
82.2833,19.8649,-16.5300,13506.3299,536.2691,807.3234,4195.7442,0.0000,0.0000
82.3000,19.8671,-16.5200,13288.6601,514.7192,807.1499,4204.7388,0.0000,0.0000
82.3167,19.8693,-16.5100,13072.3068,493.3001,806.9760,4213.7334,0.0000,0.0000
82.3333,19.8714,-16.5000,12857.2416,472.0092,806.8019,4222.7280,0.0000,0.0000
82.3500,19.8736,-16.4900,12643.4400,450.8442,806.6275,4231.7226,0.0000,0.0000
82.3667,19.8757,-16.4800,12430.8807,429.8030,806.4528,4240.7172,0.0000,0.0000
82.3833,19.8778,-16.4700,12219.5453,408.8838,806.2779,4249.7118,0.0000,0.0000
82.4000,19.8799,-16.4600,12009.4173,388.0851,806.1027,4258.7064,0.0000,0.0000
82.4167,19.8820,-16.4500,11800.4819,367.4055,805.9272,4267.7010,0.0000,0.0000
82.4333,19.8841,-16.4400,11592.7304,346.8443,805.7515,4276.6956,0.0000,0.0000
82.4500,19.8861,-16.4300,11386.1621,326.4016,805.5755,4285.6902,0.0000,0.0000
82.4667,19.8882,-16.4200,11180.7818,306.0781,805.3992,4294.6848,0.0000,0.0000
82.4833,19.8902,-16.4100,10976.5968,285.8747,805.2227,4303.6794,0.0000,0.0000
82.5000,19.8923,-16.4000,10773.6125,265.7918,805.0459,4312.6740,0.0000,0.0000
82.5167,19.8943,-16.3900,10571.8312,245.8295,804.8688,4321.6686,0.0000,0.0000
82.5333,19.8963,-16.3800,10371.2509,225.9875,804.6915,4330.6632,0.0000,0.0000
82.5500,19.8983,-16.3700,10171.8656,206.2650,804.5139,4339.6578,0.0000,0.0000
82.5667,19.9003,-16.3600,9973.6663,186.6612,804.3360,4348.6524,0.0000,0.0000
82.5833,19.9022,-16.3500,9776.6414,167.1747,804.1579,4357.6470,0.0000,0.0000
82.6000,19.9042,-16.3400,9580.7780,147.8041,803.9795,4366.6416,0.0000,0.0000
82.6167,19.9061,-16.3300,9386.0618,128.5481,803.8009,4375.6362,0.0000,0.0000
82.6333,19.9081,-16.3200,9192.4782,109.4051,803.6220,4384.6308,0.0000,0.0000
82.6500,19.9100,-16.3100,9000.0122,90.3737,803.4429,4393.6254,0.0000,0.0000
82.6667,19.9119,-16.3000,8808.6490,71.4522,803.2635,4402.6200,0.0000,0.0000
82.6833,19.9138,-16.2900,8618.3737,52.6394,803.0839,4411.6146,0.0000,0.0000
82.7000,19.9157,-16.2800,8429.1716,33.9336,802.9041,4420.6092,0.0000,0.0000
82.7167,19.9176,-16.2700,8241.0284,15.3335,802.7240,4429.6038,0.0000,0.0000
82.7333,19.9195,-16.2600,8053.9299,-3.1624,802.5437,4438.5984,0.0000,0.0000
82.7500,19.9213,-16.2500,7867.8622,-21.5554,802.3631,4447.5930,0.0000,0.0000
82.7667,19.9232,-16.2400,7682.8118,-39.8469,802.1823,4456.5876,0.0000,0.0000
82.7833,19.9250,-16.2300,7498.7654,-58.0382,802.0013,4465.5822,0.0000,0.0000
82.8000,19.9268,-16.2200,7315.7099,-76.1306,801.8201,4474.5768,0.0000,0.0000
82.8167,19.9287,-16.2100,7133.6325,-94.1254,801.6387,4483.5714,0.0000,0.0000
82.8333,19.9305,-16.2000,6952.5206,-112.0238,801.4570,4492.5660,0.0000,0.0000
82.8500,19.9323,-16.1900,6772.3620,-129.8271,801.2752,4501.5606,0.0000,0.0000
82.8667,19.9341,-16.1800,6593.1444,-147.5365,801.0931,4510.5552,0.0000,0.0000
82.8833,19.9359,-16.1700,6414.8560,-165.1531,800.9108,4519.5498,0.0000,0.0000
82.9000,19.9376,-16.1600,6237.4851,-182.6781,800.7284,4528.5444,0.0000,0.0000
82.9167,19.9394,-16.1500,6061.0202,-200.1128,800.5457,4537.5390,0.0000,0.0000
82.9333,19.9411,-16.1400,5885.4499,-217.4581,800.3628,4546.5336,0.0000,0.0000
82.9500,19.9429,-16.1300,5710.7631,-234.7152,800.1797,4555.5282,0.0000,0.0000
82.9667,19.9446,-16.1200,5536.9488,-251.8853,799.9965,4564.5228,0.0000,0.0000
82.9833,19.9464,-16.1100,5363.9963,-268.9693,799.8130,4573.5174,0.0000,0.0000
83.0000,19.9481,-16.1000,5191.9014,-285.9675,799.6293,4582.5120,0.0000,0.0000
83.0167,19.9498,-16.0817,5020.4809,-302.7092,799.2607,4583.1432,0.0000,0.0000
83.0333,19.9515,-16.0633,4852.5340,-319.0209,798.8913,4583.7744,0.0000,0.0000
83.0500,19.9531,-16.0450,4688.1459,-334.9749,798.5211,4584.4056,0.0000,0.0000
83.0667,19.9547,-16.0267,4526.9665,-350.6188,798.1501,4585.0368,0.0000,0.0000
83.0833,19.9563,-16.0083,4368.6492,-365.9871,797.7786,4585.6680,0.0000,0.0000
83.1000,19.9579,-15.9900,4212.9126,-381.1057,797.4065,4586.2992,0.0000,0.0000
83.1167,19.9594,-15.9717,4059.5339,-395.9951,797.0338,4586.9304,0.0000,0.0000
83.1333,19.9609,-15.9533,3908.3342,-410.6719,796.6607,4587.5616,0.0000,0.0000
83.1500,19.9624,-15.9350,3759.1676,-425.1496,796.2871,4588.1928,0.0000,0.0000
83.1667,19.9639,-15.9167,3611.9128,-439.4395,795.9131,4588.8240,0.0000,0.0000
83.1833,19.9653,-15.8983,3466.4680,-453.5514,795.5387,4589.4552,0.0000,0.0000
83.2000,19.9668,-15.8800,3322.7462,-467.4933,795.1639,4590.0864,0.0000,0.0000
83.2167,19.9682,-15.8617,3180.6724,-481.2725,794.7887,4590.7176,0.0000,0.0000
83.2333,19.9696,-15.8433,3040.1814,-494.8952,794.4132,4591.3488,0.0000,0.0000
83.2500,19.9710,-15.8250,2901.2161,-508.3668,794.0373,4591.9800,0.0000,0.0000
83.2667,19.9724,-15.8067,2763.7257,-521.6922,793.6612,4592.6112,0.0000,0.0000
83.2833,19.9737,-15.7883,2627.6652,-534.8757,793.2847,4593.2424,0.0000,0.0000
83.3000,19.9751,-15.7700,2492.9924,-547.9215,792.9079,4593.8736,0.0000,0.0000
83.3167,19.9764,-15.7517,2359.6662,-560.8337,792.5308,4594.5048,0.0000,0.0000
83.3333,19.9777,-15.7333,2227.6464,-573.6162,792.1534,4595.1360,0.0000,0.0000
83.3500,19.9790,-15.7150,2096.8948,-586.2729,791.7757,4595.7672,0.0000,0.0000
83.3667,19.9803,-15.6967,1967.3756,-598.8072,791.3978,4596.3984,0.0000,0.0000
83.3833,19.9816,-15.6783,1839.0568,-611.2222,791.0195,4597.0296,0.0000,0.0000
83.4000,19.9829,-15.6600,1711.9096,-623.5208,790.6411,4597.6608,0.0000,0.0000
83.4167,19.9841,-15.6417,1585.9089,-635.7052,790.2624,4598.2920,0.0000,0.0000
83.4333,19.9854,-15.6233,1461.0321,-647.7777,789.8834,4598.9232,0.0000,0.0000
83.4500,19.9866,-15.6050,1337.2593,-659.7402,789.5042,4599.5544,0.0000,0.0000
83.4667,19.9879,-15.5867,1214.5725,-671.5945,789.1247,4600.1856,0.0000,0.0000
83.4833,19.9891,-15.5683,1092.9555,-683.3421,788.7450,4600.8168,0.0000,0.0000
83.5000,19.9903,-15.5500,972.3932,-694.9844,788.3651,4601.4480,0.0000,0.0000
83.5167,19.9915,-15.5317,852.8718,-706.5229,787.9849,4602.0792,0.0000,0.0000
83.5333,19.9927,-15.5133,734.3782,-717.9587,787.6045,4602.7104,0.0000,0.0000
83.5500,19.9938,-15.4950,616.9000,-729.2933,787.2239,4603.3416,0.0000,0.0000
83.5667,19.9950,-15.4767,500.4253,-740.5276,786.8431,4603.9728,0.0000,0.0000
83.5833,19.9962,-15.4583,384.9446,-751.6626,786.4620,4604.6040,0.0000,0.0000
83.6000,19.9973,-15.4400,270.4510,-762.6989,786.0807,4605.2352,0.0000,0.0000
83.6167,19.9984,-15.4217,156.9396,-773.6369,785.6992,4605.8664,0.0000,0.0000
83.6333,19.9996,-15.4033,44.4058,-784.4771,785.3175,4606.4976,0.0000,0.0000
83.6500,20.0027,-15.3850,0.0000,-794.0505,784.9806,4607.1288,0.0000,0.0000
83.6667,20.0089,-15.3667,0.0000,-801.8196,784.7115,4607.7600,0.0000,0.0000
83.6833,20.0175,-15.3483,0.0000,-808.2075,784.4961,4608.3912,0.0000,0.0000
83.7000,20.0281,-15.3300,0.0000,-813.4944,784.3251,4609.0224,0.0000,0.0000
83.7167,20.0404,-15.3117,0.0000,-817.8989,784.1909,4609.6536,0.0000,0.0000
83.7333,20.0541,-15.2933,0.0000,-821.5935,784.0877,4610.2848,0.0000,0.0000
83.7500,20.0690,-15.2750,0.0000,-824.7149,784.0104,4610.9160,0.0000,0.0000
83.7667,20.0848,-15.2567,0.0000,-827.3718,783.9552,4611.5472,0.0000,0.0000
83.7833,20.1015,-15.2383,0.0000,-829.6510,783.9188,4612.1784,0.0000,0.0000
83.8000,20.1189,-15.2200,0.0000,-831.6219,783.8986,4612.8096,0.0000,0.0000
83.8167,20.1370,-15.2017,0.0000,-833.3403,783.8924,4613.4408,0.0000,0.0000
83.8333,20.1556,-15.1833,0.0000,-834.8513,783.8984,4614.0720,0.0000,0.0000
83.8500,20.1747,-15.1650,0.0000,-836.1910,783.9151,4614.7032,0.0000,0.0000
83.8667,20.1942,-15.1467,0.0000,-837.3883,783.9414,4615.3344,0.0000,0.0000
83.8833,20.2141,-15.1283,0.0000,-838.4660,783.9761,4615.9656,0.0000,0.0000
83.9000,20.2343,-15.1100,0.0000,-839.4425,784.0184,4616.5968,0.0000,0.0000
83.9167,20.2549,-15.0917,0.0000,-840.3325,784.0675,4617.2280,0.0000,0.0000
83.9333,20.2757,-15.0733,0.0000,-841.1483,784.1229,4617.8592,0.0000,0.0000
83.9500,20.2968,-15.0550,0.0000,-841.9005,784.1838,4618.4904,0.0000,0.0000
83.9667,20.3181,-15.0367,0.0000,-842.5978,784.2498,4619.1216,0.0000,0.0000
83.9833,20.3396,-15.0183,0.0000,-843.2479,784.3205,4619.7528,0.0000,0.0000
84.0000,20.3613,-15.0000,0.0000,-843.8573,784.3956,4620.3840,0.0000,0.0000
84.0167,20.3837,-14.9450,0.0000,-844.9091,783.6718,4611.2316,0.0000,0.0000
84.0333,20.4065,-14.8900,0.0000,-845.3580,782.9576,4602.0792,0.0000,0.0000
84.0500,20.4296,-14.8350,0.0000,-845.3848,782.2494,4592.9268,0.0000,0.0000
84.0667,20.4528,-14.7800,0.0000,-845.1120,781.5447,4583.7744,0.0000,0.0000
84.0833,20.4761,-14.7250,0.0000,-844.6249,780.8417,4574.6220,0.0000,0.0000
84.1000,20.4995,-14.6700,0.0000,-843.9836,780.1393,4565.4696,0.0000,0.0000
84.1167,20.5228,-14.6150,0.0000,-843.2315,779.4366,4556.3172,0.0000,0.0000
84.1333,20.5460,-14.5600,0.0000,-842.3998,778.7327,4547.1648,0.0000,0.0000
84.1500,20.5692,-14.5050,0.0000,-841.5112,778.0275,4538.0124,0.0000,0.0000
84.1667,20.5924,-14.4500,0.0000,-840.5822,777.3204,4528.8600,0.0000,0.0000
84.1833,20.6154,-14.3950,0.0000,-839.6249,776.6113,4519.7076,0.0000,0.0000
84.2000,20.6383,-14.3400,0.0000,-838.6481,775.9001,4510.5552,0.0000,0.0000
84.2167,20.6612,-14.2850,0.0000,-837.6578,775.1866,4501.4028,0.0000,0.0000
84.2333,20.6839,-14.2300,0.0000,-836.6588,774.4708,4492.2504,0.0000,0.0000
84.2500,20.7065,-14.1750,0.0000,-835.6540,773.7527,4483.0980,0.0000,0.0000
84.2667,20.7291,-14.1200,0.0000,-834.6455,773.0323,4473.9456,0.0000,0.0000
84.2833,20.7515,-14.0650,0.0000,-833.6350,772.3096,4464.7932,0.0000,0.0000
84.3000,20.7738,-14.0100,0.0000,-832.6231,771.5845,4455.6408,0.0000,0.0000
84.3167,20.7960,-13.9550,0.0000,-831.6104,770.8571,4446.4884,0.0000,0.0000
84.3333,20.8181,-13.9000,0.0000,-830.5973,770.1274,4437.3360,0.0000,0.0000
84.3500,20.8401,-13.8450,0.0000,-829.5836,769.3954,4428.1836,0.0000,0.0000
84.3667,20.8620,-13.7900,0.0000,-828.5693,768.6612,4419.0312,0.0000,0.0000
84.3833,20.8838,-13.7350,0.0000,-827.5544,767.9247,4409.8788,0.0000,0.0000
84.4000,20.9055,-13.6800,0.0000,-826.5385,767.1860,4400.7264,0.0000,0.0000
84.4167,20.9271,-13.6250,0.0000,-825.5214,766.4450,4391.5740,0.0000,0.0000
84.4333,20.9486,-13.5700,0.0000,-824.5028,765.7018,4382.4216,0.0000,0.0000
84.4500,20.9700,-13.5150,0.0000,-823.4826,764.9564,4373.2692,0.0000,0.0000
84.4667,20.9913,-13.4600,0.0000,-822.4604,764.2087,4364.1168,0.0000,0.0000
84.4833,21.0125,-13.4050,0.0000,-821.4360,763.4588,4354.9644,0.0000,0.0000
84.5000,21.0336,-13.3500,0.0000,-820.4093,762.7067,4345.8120,0.0000,0.0000
84.5167,21.0546,-13.2950,0.0000,-819.3800,761.9524,4336.6596,0.0000,0.0000
84.5333,21.0755,-13.2400,0.0000,-818.3479,761.1958,4327.5072,0.0000,0.0000
84.5500,21.0963,-13.1850,0.0000,-817.3129,760.4370,4318.3548,0.0000,0.0000
84.5667,21.1169,-13.1300,0.0000,-816.2748,759.6760,4309.2024,0.0000,0.0000
84.5833,21.1375,-13.0750,0.0000,-815.2336,758.9127,4300.0500,0.0000,0.0000
84.6000,21.1580,-13.0200,0.0000,-814.1890,758.1471,4290.8976,0.0000,0.0000
84.6167,21.1784,-12.9650,0.0000,-813.1411,757.3793,4281.7452,0.0000,0.0000
84.6333,21.1987,-12.9100,0.0000,-812.0898,756.6092,4272.5928,0.0000,0.0000
84.6500,21.2189,-12.8550,0.0000,-811.0349,755.8368,4263.4404,0.0000,0.0000
84.6667,21.2389,-12.8000,0.0000,-809.9765,755.0621,4254.2880,0.0000,0.0000
84.6833,21.2589,-12.7450,0.0000,-808.9144,754.2851,4245.1356,0.0000,0.0000
84.7000,21.2788,-12.6900,0.0000,-807.8487,753.5058,4235.9832,0.0000,0.0000
84.7167,21.2985,-12.6350,0.0000,-806.7794,752.7242,4226.8308,0.0000,0.0000
84.7333,21.3182,-12.5800,0.0000,-805.7064,751.9402,4217.6784,0.0000,0.0000
84.7500,21.3378,-12.5250,0.0000,-804.6297,751.1539,4208.5260,0.0000,0.0000
84.7667,21.3572,-12.4700,0.0000,-803.5493,750.3652,4199.3736,0.0000,0.0000
84.7833,21.3765,-12.4150,0.0000,-802.4652,749.5741,4190.2212,0.0000,0.0000
84.8000,21.3958,-12.3600,0.0000,-801.3774,748.7806,4181.0688,0.0000,0.0000
84.8167,21.4149,-12.3050,0.0000,-800.2859,747.9848,4171.9164,0.0000,0.0000
84.8333,21.4339,-12.2500,0.0000,-799.1908,747.1865,4162.7640,0.0000,0.0000
84.8500,21.4528,-12.1950,0.0000,-798.0920,746.3858,4153.6116,0.0000,0.0000
84.8667,21.4716,-12.1400,0.0000,-796.9896,745.5827,4144.4592,0.0000,0.0000
84.8833,21.4903,-12.0850,0.0000,-795.8836,744.7772,4135.3068,0.0000,0.0000
84.9000,21.5089,-12.0300,0.0000,-794.7740,743.9692,4126.1544,0.0000,0.0000
84.9167,21.5273,-11.9750,0.0000,-793.6608,743.1588,4117.0020,0.0000,0.0000
84.9333,21.5457,-11.9200,0.0000,-792.5441,742.3459,4107.8496,0.0000,0.0000
84.9500,21.5639,-11.8650,0.0000,-791.4239,741.5306,4098.6972,0.0000,0.0000
84.9667,21.5821,-11.8100,0.0000,-790.3002,740.7127,4089.5448,0.0000,0.0000
84.9833,21.6001,-11.7550,0.0000,-789.1730,739.8924,4080.3924,0.0000,0.0000
85.0000,21.6180,-11.7000,0.0000,-788.0424,739.0696,4071.2400,0.0000,0.0000
85.0167,21.6344,-11.7183,0.0000,-784.6159,739.8394,4053.8820,0.0000,0.0000
85.0333,21.6493,-11.7367,0.0000,-781.5328,740.5782,4036.5240,0.0000,0.0000
85.0500,21.6630,-11.7550,0.0000,-778.7672,741.2889,4019.1660,0.0000,0.0000
85.0667,21.6756,-11.7733,0.0000,-776.2835,741.9738,4001.8080,0.0000,0.0000
85.0833,21.6863,-11.7917,0.0000,-774.1301,742.6191,3984.4500,0.0000,0.0000
85.1000,21.6962,-11.8100,0.0000,-772.1250,743.2446,3967.0920,0.0000,0.0000
85.1167,21.7052,-11.8283,0.0000,-770.2577,743.8513,3949.7340,0.0000,0.0000
85.1333,21.7134,-11.8467,0.0000,-768.5136,744.4403,3932.3760,0.0000,0.0000
85.1500,21.7209,-11.8650,0.0000,-766.8775,745.0125,3915.0180,0.0000,0.0000
85.1667,21.7277,-11.8833,0.0000,-765.3346,745.5689,3897.6600,0.0000,0.0000
85.1833,21.7337,-11.9017,0.0000,-763.8712,746.1101,3880.3020,0.0000,0.0000
85.2000,21.7391,-11.9200,0.0000,-762.4751,746.6368,3862.9440,0.0000,0.0000
85.2167,21.7439,-11.9383,0.0000,-761.1354,747.1494,3845.5860,0.0000,0.0000
85.2333,21.7481,-11.9567,0.0000,-759.8427,747.6484,3828.2280,0.0000,0.0000
85.2500,21.7516,-11.9750,0.0000,-758.5889,748.1343,3810.8700,0.0000,0.0000
85.2667,21.7546,-11.9933,0.0000,-757.3667,748.6074,3793.5120,0.0000,0.0000
85.2833,21.7571,-12.0117,0.0000,-756.1702,749.0679,3776.1540,0.0000,0.0000
85.3000,21.7589,-12.0300,0.0000,-754.9941,749.5161,3758.7960,0.0000,0.0000
85.3167,21.7603,-12.0483,0.0000,-753.8339,749.9522,3741.4380,0.0000,0.0000
85.3333,21.7610,-12.0667,0.0000,-752.6860,750.3765,3724.0800,0.0000,0.0000
85.3500,21.7613,-12.0850,0.0000,-751.5469,750.7890,3706.7220,0.0000,0.0000
85.3667,21.7610,-12.1033,0.0000,-750.4140,751.1898,3689.3640,0.0000,0.0000
85.3833,21.7603,-12.1217,0.0000,-749.2849,751.5792,3672.0060,0.0000,0.0000
85.4000,21.7590,-12.1400,0.0000,-748.1577,751.9573,3654.6480,0.0000,0.0000
85.4167,21.7572,-12.1583,0.0000,-747.0308,752.3240,3637.2900,0.0000,0.0000
85.4333,21.7549,-12.1767,0.0000,-745.9026,752.6794,3619.9320,0.0000,0.0000
85.4500,21.7521,-12.1950,0.0000,-744.7722,753.0238,3602.5740,0.0000,0.0000
85.4667,21.7487,-12.2133,0.0000,-743.6384,753.3570,3585.2160,0.0000,0.0000
85.4833,21.7449,-12.2317,0.0000,-742.5005,753.6792,3567.8580,0.0000,0.0000
85.5000,21.7406,-12.2500,0.0000,-741.3578,753.9903,3550.5000,0.0000,0.0000
85.5167,21.7358,-12.2683,0.0000,-740.2097,754.2906,3533.1420,0.0000,0.0000
85.5333,21.7305,-12.2867,0.0000,-739.0560,754.5799,3515.7840,0.0000,0.0000
85.5500,21.7248,-12.3050,0.0000,-737.8961,754.8583,3498.4260,0.0000,0.0000
85.5667,21.7185,-12.3233,0.0000,-736.7298,755.1259,3481.0680,0.0000,0.0000
85.5833,21.7117,-12.3417,0.0000,-735.5568,755.3826,3463.7100,0.0000,0.0000
85.6000,21.7045,-12.3600,0.0000,-734.3772,755.6286,3446.3520,0.0000,0.0000
85.6167,21.6968,-12.3783,0.0000,-733.1906,755.8638,3428.9940,0.0000,0.0000
85.6333,21.6885,-12.3967,0.0000,-731.9971,756.0883,3411.6360,0.0000,0.0000
85.6500,21.6798,-12.4150,0.0000,-730.7965,756.3021,3394.2780,0.0000,0.0000
85.6667,21.6707,-12.4333,0.0000,-729.5889,756.5052,3376.9200,0.0000,0.0000
85.6833,21.6610,-12.4517,0.0000,-728.3743,756.6976,3359.5620,0.0000,0.0000
85.7000,21.6509,-12.4700,0.0000,-727.1527,756.8795,3342.2040,0.0000,0.0000
85.7167,21.6403,-12.4883,0.0000,-725.9241,757.0508,3324.8460,0.0000,0.0000
85.7333,21.6292,-12.5067,0.0000,-724.6886,757.2114,3307.4880,0.0000,0.0000
85.7500,21.6176,-12.5250,0.0000,-723.4463,757.3616,3290.1300,0.0000,0.0000
85.7667,21.6056,-12.5433,0.0000,-722.1971,757.5013,3272.7720,0.0000,0.0000
85.7833,21.5931,-12.5617,0.0000,-720.9412,757.6304,3255.4140,0.0000,0.0000
85.8000,21.5801,-12.5800,0.0000,-719.6787,757.7492,3238.0560,0.0000,0.0000
85.8167,21.5666,-12.5983,0.0000,-718.4096,757.8575,3220.6980,0.0000,0.0000
85.8333,21.5527,-12.6167,0.0000,-717.1340,757.9554,3203.3400,0.0000,0.0000
85.8500,21.5383,-12.6350,0.0000,-715.8521,758.0429,3185.9820,0.0000,0.0000
85.8667,21.5235,-12.6533,0.0000,-714.5638,758.1202,3168.6240,0.0000,0.0000
85.8833,21.5082,-12.6717,0.0000,-713.2693,758.1871,3151.2660,0.0000,0.0000
85.9000,21.4924,-12.6900,0.0000,-711.9686,758.2437,3133.9080,0.0000,0.0000
85.9167,21.4761,-12.7083,0.0000,-710.6619,758.2902,3116.5500,0.0000,0.0000
85.9333,21.4594,-12.7267,0.0000,-709.3493,758.3264,3099.1920,0.0000,0.0000
85.9500,21.4423,-12.7450,0.0000,-708.0307,758.3524,3081.8340,0.0000,0.0000
85.9667,21.4247,-12.7633,0.0000,-706.7064,758.3683,3064.4760,0.0000,0.0000
85.9833,21.4066,-12.7817,0.0000,-705.3763,758.3741,3047.1180,0.0000,0.0000
86.0000,21.3881,-12.8000,0.0000,-704.0407,758.3698,3029.7600,0.0000,0.0000
86.0167,21.3675,-12.8267,0.0000,-702.1977,758.5053,3006.8790,0.0000,0.0000
86.0333,21.3462,-12.8533,0.0000,-700.2954,758.6244,2983.9980,0.0000,0.0000
86.0500,21.3242,-12.8800,0.0000,-698.3642,758.7270,2961.1170,0.0000,0.0000
86.0667,21.3014,-12.9067,0.0000,-696.4221,758.8132,2938.2360,0.0000,0.0000
86.0833,21.2779,-12.9333,0.0000,-694.4791,758.8831,2915.3550,0.0000,0.0000
86.1000,21.2536,-12.9600,0.0000,-692.5404,758.9368,2892.4740,0.0000,0.0000
86.1167,21.2287,-12.9867,0.0000,-690.6079,758.9746,2869.5930,0.0000,0.0000
86.1333,21.2030,-13.0133,0.0000,-688.6821,758.9966,2846.7120,0.0000,0.0000
86.1500,21.1766,-13.0400,0.0000,-686.7625,759.0030,2823.8310,0.0000,0.0000
86.1667,21.1495,-13.0667,0.0000,-684.8481,758.9940,2800.9500,0.0000,0.0000
86.1833,21.1218,-13.0933,0.0000,-682.9380,758.9697,2778.0690,0.0000,0.0000
86.2000,21.0933,-13.1200,0.0000,-681.0313,758.9302,2755.1880,0.0000,0.0000
86.2167,21.0642,-13.1467,0.0000,-679.1267,758.8758,2732.3070,0.0000,0.0000
86.2333,21.0344,-13.1733,0.0000,-677.2229,758.8065,2709.4260,0.0000,0.0000
86.2500,21.0040,-13.2000,0.0000,-675.3188,758.7224,2686.5450,0.0000,0.0000
86.2667,20.9728,-13.2267,0.0000,-673.4131,758.6237,2663.6640,0.0000,0.0000
86.2833,20.9411,-13.2533,0.0000,-671.5045,758.5105,2640.7830,0.0000,0.0000
86.3000,20.9086,-13.2800,0.0000,-669.5919,758.3828,2617.9020,0.0000,0.0000
86.3167,20.8756,-13.3067,0.0000,-667.6742,758.2407,2595.0210,0.0000,0.0000
86.3333,20.8419,-13.3333,0.0000,-665.7506,758.0843,2572.1400,0.0000,0.0000
86.3500,20.8075,-13.3600,0.0000,-663.8202,757.9137,2549.2590,0.0000,0.0000
86.3667,20.7725,-13.3867,0.0000,-661.8823,757.7288,2526.3780,0.0000,0.0000
86.3833,20.7369,-13.4133,0.0000,-659.9363,757.5298,2503.4970,0.0000,0.0000
86.4000,20.7006,-13.4400,0.0000,-657.9818,757.3167,2480.6160,0.0000,0.0000
86.4167,20.6637,-13.4667,0.0000,-656.0183,757.0896,2457.7350,0.0000,0.0000
86.4333,20.6261,-13.4933,0.0000,-654.0453,756.8483,2434.8540,0.0000,0.0000
86.4500,20.5880,-13.5200,0.0000,-652.0622,756.5931,2411.9730,0.0000,0.0000
86.4667,20.5492,-13.5467,0.0000,-650.0683,756.3240,2389.0920,0.0000,0.0000
86.4833,20.5097,-13.5733,0.0000,-648.0630,756.0408,2366.2110,0.0000,0.0000
86.5000,20.4697,-13.6000,0.0000,-646.0460,755.7438,2343.3300,0.0000,0.0000
86.5167,20.4290,-13.6267,0.0000,-644.0174,755.4328,2320.4490,0.0000,0.0000
86.5333,20.3877,-13.6533,0.0000,-641.9771,755.1080,2297.5680,0.0000,0.0000
86.5500,20.3457,-13.6800,0.0000,-639.9255,754.7692,2274.6870,0.0000,0.0000
86.5667,20.3032,-13.7067,0.0000,-637.8628,754.4166,2251.8060,0.0000,0.0000
86.5833,20.2600,-13.7333,0.0000,-635.7895,754.0502,2228.9250,0.0000,0.0000
86.6000,20.2162,-13.7600,0.0000,-633.7059,753.6700,2206.0440,0.0000,0.0000
86.6167,20.1718,-13.7867,0.0000,-631.6123,753.2760,2183.1630,0.0000,0.0000
86.6333,20.1267,-13.8133,0.0000,-629.5090,752.8683,2160.2820,0.0000,0.0000
86.6500,20.0810,-13.8400,0.0000,-627.3963,752.4468,2137.4010,0.0000,0.0000
86.6667,20.0348,-13.8667,0.0000,-625.2744,752.0118,2114.5200,0.0000,0.0000
86.6833,19.9951,-13.8933,494.4493,-619.1774,751.7224,2091.6390,0.0000,0.0000
86.7000,19.9869,-13.9200,1312.6817,-595.7335,752.1324,2068.7580,0.0000,0.0000
86.7167,19.9830,-13.9467,1700.3082,-570.4236,752.6380,2045.8770,0.0000,0.0000
86.7333,19.9801,-13.9733,1989.3166,-545.0221,753.1654,2022.9960,0.0000,0.0000
86.7500,19.9775,-14.0000,2253.7438,-519.8584,753.6983,2000.1150,0.0000,0.0000
86.7667,19.9749,-14.0267,2510.4385,-494.9621,754.2329,1977.2340,0.0000,0.0000
86.7833,19.9724,-14.0533,2763.4801,-470.3084,754.7683,1954.3530,0.0000,0.0000
86.8000,19.9699,-14.0800,3014.0386,-445.8676,755.3042,1931.4720,0.0000,0.0000
86.8167,19.9674,-14.1067,3262.5820,-421.6142,755.8406,1908.5910,0.0000,0.0000
86.8333,19.9649,-14.1333,3509.3811,-397.5271,756.3774,1885.7100,0.0000,0.0000
86.8500,19.9625,-14.1600,3754.6326,-373.5887,756.9145,1862.8290,0.0000,0.0000
86.8667,19.9600,-14.1867,3998.4938,-349.7846,757.4519,1839.9480,0.0000,0.0000
86.8833,19.9576,-14.2133,4241.0955,-326.1026,757.9897,1817.0670,0.0000,0.0000
86.9000,19.9552,-14.2400,4482.5488,-302.5321,758.5276,1794.1860,0.0000,0.0000
86.9167,19.9528,-14.2667,4722.9496,-279.0640,759.0658,1771.3050,0.0000,0.0000
86.9333,19.9504,-14.2933,4962.3811,-255.6904,759.6042,1748.4240,0.0000,0.0000
86.9500,19.9480,-14.3200,5200.9167,-232.4042,760.1429,1725.5430,0.0000,0.0000
86.9667,19.9456,-14.3467,5438.6213,-209.1993,760.6817,1702.6620,0.0000,0.0000
86.9833,19.9432,-14.3733,5675.5529,-186.0699,761.2206,1679.7810,0.0000,0.0000
87.0000,19.9409,-14.4000,5911.7715,-163.0100,761.7598,1656.9000,0.0000,0.0000
87.0167,19.9385,-14.4383,6152.7059,-139.5721,762.5566,1633.0722,0.0000,0.0000
87.0333,19.9361,-14.4767,6394.5224,-116.1610,763.3533,1609.2444,0.0000,0.0000
87.0500,19.9336,-14.5150,6636.3443,-92.7758,764.1500,1585.4166,0.0000,0.0000
87.0667,19.9312,-14.5533,6877.9601,-69.4177,764.9467,1561.5888,0.0000,0.0000
87.0833,19.9288,-14.5917,7119.3125,-46.0878,765.7435,1537.7610,0.0000,0.0000
87.1000,19.9264,-14.6300,7360.3833,-22.7866,766.5403,1513.9332,0.0000,0.0000
87.1167,19.9240,-14.6683,7601.1672,0.4857,767.3373,1490.1054,0.0000,0.0000
87.1333,19.9216,-14.7067,7841.6650,23.7293,768.1342,1466.2776,0.0000,0.0000
87.1500,19.9192,-14.7450,8081.8808,46.9448,768.9313,1442.4498,0.0000,0.0000
87.1667,19.9168,-14.7833,8321.8215,70.1330,769.7284,1418.6220,0.0000,0.0000
87.1833,19.9144,-14.8217,8561.4958,93.2947,770.5255,1394.7942,0.0000,0.0000
87.2000,19.9120,-14.8600,8800.9133,116.4310,771.3227,1370.9664,0.0000,0.0000
87.2167,19.9096,-14.8983,9040.0843,139.5430,772.1200,1347.1386,0.0000,0.0000
87.2333,19.9072,-14.9367,9279.0196,162.6317,772.9173,1323.3108,0.0000,0.0000
87.2500,19.9048,-14.9750,9517.7299,185.6981,773.7147,1299.4830,0.0000,0.0000
87.2667,19.9024,-15.0133,9756.2258,208.7434,774.5121,1275.6552,0.0000,0.0000
87.2833,19.9000,-15.0517,10003.7238,232.1290,775.3075,1251.8274,0.0000,0.0000
87.3000,19.8976,-15.0900,10237.5542,255.1411,776.1060,1227.9996,0.0000,0.0000
87.3167,19.8953,-15.1283,10474.3880,278.1166,776.9038,1204.1718,0.0000,0.0000
87.3333,19.8929,-15.1667,10711.7358,301.0687,777.7014,1180.3440,0.0000,0.0000
87.3500,19.8905,-15.2050,10949.0414,323.9999,778.4991,1156.5162,0.0000,0.0000
87.3667,19.8881,-15.2433,11186.1778,346.9104,779.2968,1132.6884,0.0000,0.0000
87.3833,19.8858,-15.2817,11423.1157,369.8000,780.0946,1108.8606,0.0000,0.0000
87.4000,19.8834,-15.3200,11659.8497,392.6691,780.8924,1085.0328,0.0000,0.0000
87.4167,19.8810,-15.3583,11896.3814,415.5180,781.6903,1061.2050,0.0000,0.0000
87.4333,19.8787,-15.3967,12132.7155,438.3471,782.4882,1037.3772,0.0000,0.0000
87.4500,19.8763,-15.4350,12368.8580,461.1573,783.2861,1013.5494,0.0000,0.0000
87.4667,19.8740,-15.4733,12604.8160,483.9493,784.0841,989.7216,0.0000,0.0000
87.4833,19.8716,-15.5117,12840.5970,506.7237,784.8821,965.8938,0.0000,0.0000
87.5000,19.8692,-15.5500,13076.2087,529.4814,785.6802,942.0660,0.0000,0.0000
87.5167,19.8669,-15.5883,13311.6586,552.2231,786.4783,918.2382,0.0000,0.0000
87.5333,19.8645,-15.6267,13546.9542,574.9496,787.2764,894.4104,0.0000,0.0000
87.5500,19.8621,-15.6650,13791.1979,598.0187,788.0725,870.5826,0.0000,0.0000
87.5667,19.8598,-15.7033,14022.0199,620.7257,788.8716,846.7548,0.0000,0.0000
87.5833,19.8574,-15.7417,14255.8915,643.4059,789.6701,822.9270,0.0000,0.0000
87.6000,19.8551,-15.7800,14490.3735,666.0740,790.4684,799.0992,0.0000,0.0000
87.6167,19.8528,-15.8183,14724.9322,688.7337,791.2667,775.2714,0.0000,0.0000
87.6333,19.8504,-15.8567,14959.4533,711.3863,792.0650,751.4436,0.0000,0.0000
87.6500,19.8481,-15.8950,15193.9143,734.0322,792.8633,727.6158,0.0000,0.0000
87.6667,19.8457,-15.9333,15428.3110,756.6715,793.6616,703.7880,0.0000,0.0000
87.6833,19.8434,-15.9717,15662.6430,779.3043,794.4600,679.9602,0.0000,0.0000
87.7000,19.8410,-16.0100,15896.9092,801.9305,795.2583,656.1324,0.0000,0.0000
87.7167,19.8387,-16.0483,16131.1086,824.5500,796.0567,632.3046,0.0000,0.0000
87.7333,19.8363,-16.0867,16365.2393,847.1625,796.8551,608.4768,0.0000,0.0000
87.7500,19.8340,-16.1250,16599.2995,869.7679,797.6535,584.6490,0.0000,0.0000
87.7667,19.8317,-16.1633,16833.2870,892.3659,798.4519,560.8212,0.0000,0.0000
87.7833,19.8293,-16.2017,17067.1996,914.9564,799.2503,536.9934,0.0000,0.0000
87.8000,19.8270,-16.2400,17301.0351,937.5390,800.0488,513.1656,0.0000,0.0000
87.8167,19.8247,-16.2783,17534.7979,960.1145,800.8473,489.3378,0.0000,0.0000
87.8333,19.8223,-16.3167,17768.5016,982.6846,801.6457,465.5100,0.0000,0.0000
87.8500,19.8200,-16.3550,18002.1674,1005.2515,802.4442,441.6822,0.0000,0.0000
87.8667,19.8176,-16.3933,18235.8179,1027.8176,803.2427,417.8544,0.0000,0.0000
87.8833,19.8153,-16.4317,18469.4726,1050.3848,804.0412,394.0266,0.0000,0.0000
87.9000,19.8130,-16.4700,18703.1454,1072.9542,804.8397,370.1988,0.0000,0.0000
87.9167,19.8106,-16.5083,18936.8437,1095.5264,805.6382,346.3710,0.0000,0.0000
87.9333,19.8083,-16.5467,19170.5689,1118.1014,806.4367,322.5432,0.0000,0.0000
87.9500,19.8060,-16.5850,19404.3175,1140.6786,807.2351,298.7154,0.0000,0.0000
87.9667,19.8036,-16.6233,19638.0825,1163.2572,808.0336,274.8876,0.0000,0.0000
87.9833,19.8013,-16.6617,19871.8544,1185.8361,808.8321,251.0598,0.0000,0.0000
88.0000,19.7989,-16.7000,20105.6222,1208.4143,809.6305,227.2320,0.0000,0.0000
88.0167,19.7966,-16.7550,20339.6827,1230.6418,810.7986,223.4448,0.0000,0.0000
88.0333,19.7943,-16.8100,20568.4227,1252.1719,811.9679,219.6576,0.0000,0.0000
88.0500,19.7921,-16.8650,20791.6709,1273.1494,813.1384,215.8704,0.0000,0.0000
88.0667,19.7899,-16.9200,21010.1190,1293.6686,814.3100,212.0832,0.0000,0.0000
88.0833,19.7878,-16.9750,21224.4423,1313.7961,815.4825,208.2960,0.0000,0.0000
88.1000,19.7856,-17.0300,21435.1787,1333.5814,816.6558,204.5088,0.0000,0.0000
88.1167,19.7836,-17.0850,21642.7471,1353.0625,817.8297,200.7216,0.0000,0.0000
88.1333,19.7815,-17.1400,21847.4773,1372.2698,819.0043,196.9344,0.0000,0.0000
88.1500,19.7795,-17.1950,22049.6344,1391.2277,820.1795,193.1472,0.0000,0.0000
88.1667,19.7775,-17.2500,22249.4352,1409.9563,821.3552,189.3600,0.0000,0.0000
88.1833,19.7755,-17.3050,22447.0597,1428.4727,822.5314,185.5728,0.0000,0.0000
88.2000,19.7735,-17.3600,22649.9447,1447.0661,823.7064,181.7856,0.0000,0.0000
88.2167,19.7716,-17.4150,22840.2653,1465.2127,824.8843,177.9984,0.0000,0.0000
88.2333,19.7697,-17.4700,23031.3695,1483.1651,826.0619,174.2112,0.0000,0.0000
88.2500,19.7678,-17.5250,23221.3107,1500.9427,827.2398,170.4240,0.0000,0.0000
88.2667,19.7659,-17.5800,23409.7101,1518.5546,828.4180,166.6368,0.0000,0.0000
88.2833,19.7640,-17.6350,23596.5297,1536.0071,829.5966,162.8496,0.0000,0.0000
88.3000,19.7622,-17.6900,23781.8030,1553.3058,830.7755,159.0624,0.0000,0.0000
88.3167,19.7603,-17.7450,23965.5764,1570.4556,831.9548,155.2752,0.0000,0.0000
88.3333,19.7585,-17.8000,24147.8966,1587.4613,833.1344,151.4880,0.0000,0.0000
88.3500,19.7567,-17.8550,24328.8082,1604.3272,834.3143,147.7008,0.0000,0.0000
88.3667,19.7549,-17.9100,24508.3532,1621.0576,835.4945,143.9136,0.0000,0.0000
88.3833,19.7531,-17.9650,24686.5712,1637.6562,836.6750,140.1264,0.0000,0.0000
88.4000,19.7514,-18.0200,24863.4989,1654.1267,837.8558,136.3392,0.0000,0.0000
88.4167,19.7496,-18.0750,25039.1711,1670.4725,839.0368,132.5520,0.0000,0.0000
88.4333,19.7479,-18.1300,25213.6201,1686.6967,840.2181,128.7648,0.0000,0.0000
88.4500,19.7461,-18.1850,25386.8764,1702.8024,841.3997,124.9776,0.0000,0.0000
88.4667,19.7443,-18.2400,25565.3136,1719.0297,842.5802,121.1904,0.0000,0.0000
88.4833,19.7427,-18.2950,25733.3310,1734.9223,843.7629,117.4032,0.0000,0.0000
88.5000,19.7410,-18.3500,25902.5284,1750.6927,844.9454,113.6160,0.0000,0.0000
88.5167,19.7393,-18.4050,26071.1606,1766.3540,846.1280,109.8288,0.0000,0.0000
88.5333,19.7376,-18.4600,26238.8645,1781.9115,847.3109,106.0416,0.0000,0.0000
88.5500,19.7359,-18.5150,26405.5794,1797.3681,848.4939,102.2544,0.0000,0.0000
88.5667,19.7343,-18.5700,26571.3083,1812.7260,849.6772,98.4672,0.0000,0.0000
88.5833,19.7326,-18.6250,26736.0667,1827.9871,850.8607,94.6800,0.0000,0.0000
88.6000,19.7310,-18.6800,26899.8706,1843.1531,852.0444,90.8928,0.0000,0.0000
88.6167,19.7294,-18.7350,27062.7352,1858.2254,853.2283,87.1056,0.0000,0.0000
88.6333,19.7278,-18.7900,27224.6745,1873.2055,854.4124,83.3184,0.0000,0.0000
88.6500,19.7261,-18.8450,27385.7016,1888.0945,855.5967,79.5312,0.0000,0.0000
88.6667,19.7245,-18.9000,27545.8290,1902.8938,856.7812,75.7440,0.0000,0.0000
88.6833,19.7229,-18.9550,27705.0687,1917.6045,857.9659,71.9568,0.0000,0.0000
88.7000,19.7214,-19.0100,27863.4324,1932.2278,859.1508,68.1696,0.0000,0.0000
88.7167,19.7198,-19.0650,28020.9315,1946.7648,860.3359,64.3824,0.0000,0.0000
88.7333,19.7182,-19.1200,28183.3035,1961.4292,861.5199,60.5952,0.0000,0.0000
88.7500,19.7166,-19.1750,28336.4631,1975.8139,862.7059,56.8080,0.0000,0.0000
88.7667,19.7151,-19.2300,28490.9058,1990.1093,863.8917,53.0208,0.0000,0.0000
88.7833,19.7135,-19.2850,28645.0566,2004.3282,865.0775,49.2336,0.0000,0.0000
88.8000,19.7120,-19.3400,28798.5928,2018.4759,866.2635,45.4464,0.0000,0.0000
88.8167,19.7105,-19.3950,28951.4634,2032.5554,867.4496,41.6592,0.0000,0.0000
88.8333,19.7090,-19.4500,29103.6713,2046.5686,868.6359,37.8720,0.0000,0.0000
88.8500,19.7074,-19.5050,29255.2269,2060.5167,869.8223,34.0848,0.0000,0.0000
88.8667,19.7059,-19.5600,29406.1385,2074.4006,871.0088,30.2976,0.0000,0.0000
88.8833,19.7044,-19.6150,29556.4111,2088.2206,872.1955,26.5104,0.0000,0.0000
88.9000,19.7029,-19.6700,29706.0475,2101.9769,873.3824,22.7232,0.0000,0.0000
88.9167,19.7014,-19.7250,29855.0488,2115.6697,874.5693,18.9360,0.0000,0.0000
88.9333,19.7000,-19.7800,30003.4153,2129.2988,875.7564,15.1488,0.0000,0.0000
88.9500,19.6985,-19.8350,30151.1468,2142.8642,876.9437,11.3616,0.0000,0.0000
88.9667,19.6970,-19.8900,30298.2430,2156.3660,878.1311,7.5744,0.0000,0.0000
88.9833,19.6956,-19.9450,30444.7041,2169.8041,879.3186,3.7872,0.0000,0.0000
89.0000,19.6940,-20.0000,30595.8209,2183.3735,880.5051,0.0000,0.0000,0.0000
89.0167,19.6929,-20.0000,30713.7837,2194.6894,880.4790,0.0000,0.0000,0.0000
89.0333,19.6917,-20.0000,30826.6386,2205.8426,880.4539,0.0000,0.0000,0.0000
89.0500,19.6906,-20.0000,30937.1351,2216.8425,880.4294,0.0000,0.0000,0.0000
89.0667,19.6895,-20.0000,31045.9954,2227.7004,880.4053,0.0000,0.0000,0.0000
89.0833,19.6885,-20.0000,31153.4512,2238.4248,880.3814,0.0000,0.0000,0.0000
89.1000,19.6874,-20.0000,31259.6008,2249.0213,880.3579,0.0000,0.0000,0.0000
89.1167,19.6864,-20.0000,31364.4980,2259.4940,880.3346,0.0000,0.0000,0.0000
89.1333,19.6853,-20.0000,31468.1771,2269.8457,880.3116,0.0000,0.0000,0.0000
89.1500,19.6843,-20.0000,31570.6620,2280.0785,880.2889,0.0000,0.0000,0.0000
89.1667,19.6833,-20.0000,31671.9705,2290.1939,880.2664,0.0000,0.0000,0.0000
89.1833,19.6823,-20.0000,31772.1164,2300.1933,880.2442,0.0000,0.0000,0.0000
89.2000,19.6813,-20.0000,31871.1111,2310.0777,880.2223,0.0000,0.0000,0.0000
89.2167,19.6803,-20.0000,31968.9638,2319.8479,880.2005,0.0000,0.0000,0.0000
89.2333,19.6793,-20.0000,32065.6829,2329.5047,880.1791,0.0000,0.0000,0.0000
89.2500,19.6784,-20.0000,32161.2757,2339.0490,880.1579,0.0000,0.0000,0.0000
89.2667,19.6774,-20.0000,32255.7493,2348.4813,880.1369,0.0000,0.0000,0.0000
89.2833,19.6765,-20.0000,32349.1104,2357.8022,880.1162,0.0000,0.0000,0.0000
89.3000,19.6756,-20.0000,32441.3655,2367.0126,880.0958,0.0000,0.0000,0.0000
89.3167,19.6747,-20.0000,32532.5212,2376.1130,880.0755,0.0000,0.0000,0.0000
89.3333,19.6738,-20.0000,32622.5843,2385.1041,880.0556,0.0000,0.0000,0.0000
89.3500,19.6729,-20.0000,32711.5617,2393.9866,880.0358,0.0000,0.0000,0.0000
89.3667,19.6720,-20.0000,32799.4605,2402.7613,880.0163,0.0000,0.0000,0.0000
89.3833,19.6711,-20.0000,32886.2883,2411.4289,879.9971,0.0000,0.0000,0.0000
89.4000,19.6703,-20.0000,32972.0579,2419.9908,879.9780,0.0000,0.0000,0.0000
89.4167,19.6694,-20.0000,33056.7824,2428.4484,879.9592,0.0000,0.0000,0.0000
89.4333,19.6686,-20.0000,33140.4692,2436.8022,879.9407,0.0000,0.0000,0.0000
89.4500,19.6678,-20.0000,33223.1187,2445.0521,879.9223,0.0000,0.0000,0.0000
89.4667,19.6670,-20.0000,33304.7261,2453.1974,879.9042,0.0000,0.0000,0.0000
89.4833,19.6661,-20.0000,33385.2858,2461.2375,879.8864,0.0000,0.0000,0.0000
89.5000,19.6654,-20.0000,33464.7935,2469.1720,879.8687,0.0000,0.0000,0.0000
89.5167,19.6646,-20.0000,33543.2482,2477.0010,879.8513,0.0000,0.0000,0.0000
89.5333,19.6638,-20.0000,33620.6524,2484.7247,879.8342,0.0000,0.0000,0.0000
89.5500,19.6630,-20.0000,33697.0119,2492.3440,879.8172,0.0000,0.0000,0.0000
89.5667,19.6623,-20.0000,33772.3352,2499.8597,879.8005,0.0000,0.0000,0.0000
89.5833,19.6615,-20.0000,33846.6332,2507.2729,879.7840,0.0000,0.0000,0.0000
89.6000,19.6608,-20.0000,33919.9180,2514.5851,879.7678,0.0000,0.0000,0.0000
89.6167,19.6601,-20.0000,33992.2031,2521.7974,879.7517,0.0000,0.0000,0.0000
89.6333,19.6594,-20.0000,34063.5026,2528.9114,879.7359,0.0000,0.0000,0.0000
89.6500,19.6587,-20.0000,34133.8310,2535.9286,879.7203,0.0000,0.0000,0.0000
89.6667,19.6580,-20.0000,34203.2032,2542.8505,879.7049,0.0000,0.0000,0.0000
89.6833,19.6573,-20.0000,34271.6340,2549.6784,879.6898,0.0000,0.0000,0.0000
89.7000,19.6566,-20.0000,34339.1384,2556.4140,879.6748,0.0000,0.0000,0.0000
89.7167,19.6559,-20.0000,34405.7310,2563.0587,879.6600,0.0000,0.0000,0.0000
89.7333,19.6553,-20.0000,34471.4268,2569.6140,879.6454,0.0000,0.0000,0.0000
89.7500,19.6546,-20.0000,34536.2401,2576.0813,879.6311,0.0000,0.0000,0.0000
89.7667,19.6540,-20.0000,34600.1854,2582.4620,879.6169,0.0000,0.0000,0.0000
89.7833,19.6534,-20.0000,34663.2770,2588.7577,879.6029,0.0000,0.0000,0.0000
89.8000,19.6527,-20.0000,34725.5355,2594.9705,879.5891,0.0000,0.0000,0.0000
89.8167,19.6521,-20.0000,34786.9866,2601.1033,879.5754,0.0000,0.0000,0.0000
89.8333,19.6515,-20.0000,34847.6557,2607.1585,879.5620,0.0000,0.0000,0.0000
89.8500,19.6509,-20.0000,34907.5638,2613.1381,879.5487,0.0000,0.0000,0.0000
89.8667,19.6503,-20.0000,34966.7270,2619.0436,879.5356,0.0000,0.0000,0.0000
89.8833,19.6497,-20.0000,35025.1575,2624.8760,879.5226,0.0000,0.0000,0.0000
89.9000,19.6492,-20.0000,35082.8643,2630.6362,879.5098,0.0000,0.0000,0.0000
89.9167,19.6486,-20.0000,35139.8552,2636.3248,879.4972,0.0000,0.0000,0.0000
89.9333,19.6480,-20.0000,35196.1374,2641.9427,879.4847,0.0000,0.0000,0.0000
89.9500,19.6475,-20.0000,35251.7178,2647.4905,879.4724,0.0000,0.0000,0.0000
89.9667,19.6469,-20.0000,35306.6036,2652.9689,879.4602,0.0000,0.0000,0.0000
89.9833,19.6464,-20.0000,35360.8022,2658.3786,879.4482,0.0000,0.0000,0.0000
90.0000,19.6459,-20.0000,35408.3927,2663.3995,879.4376,0.0000,0.0000,0.0000
90.0167,19.6455,-19.9900,35453.2514,2668.0086,879.2058,0.0000,0.0000,0.0000
90.0333,19.6450,-19.9800,35496.9292,2672.5601,878.9743,0.0000,0.0000,0.0000
90.0500,19.6446,-19.9700,35539.8560,2677.0532,878.7430,0.0000,0.0000,0.0000
90.0667,19.6442,-19.9600,35582.1560,2681.4883,878.5118,0.0000,0.0000,0.0000
90.0833,19.6438,-19.9500,35623.8701,2685.8663,878.2807,0.0000,0.0000,0.0000
90.1000,19.6433,-19.9400,35665.0158,2690.1881,878.0497,0.0000,0.0000,0.0000
90.1167,19.6429,-19.9300,35705.6041,2694.4545,877.8189,0.0000,0.0000,0.0000
90.1333,19.6425,-19.9200,35745.6437,2698.6662,877.5882,0.0000,0.0000,0.0000
90.1500,19.6421,-19.9100,35785.1429,2702.8241,877.3576,0.0000,0.0000,0.0000
90.1667,19.6418,-19.9000,35824.1094,2706.9290,877.1272,0.0000,0.0000,0.0000
90.1833,19.6414,-19.8900,35862.5508,2710.9815,876.8968,0.0000,0.0000,0.0000
90.2000,19.6410,-19.8800,35900.4744,2714.9825,876.6666,0.0000,0.0000,0.0000
90.2167,19.6406,-19.8700,35937.8874,2718.9325,876.4365,0.0000,0.0000,0.0000
90.2333,19.6403,-19.8600,35974.7971,2722.8325,876.2064,0.0000,0.0000,0.0000
90.2500,19.6399,-19.8500,36011.2103,2726.6829,875.9765,0.0000,0.0000,0.0000
90.2667,19.6395,-19.8400,36047.1338,2730.4846,875.7467,0.0000,0.0000,0.0000
90.2833,19.6392,-19.8300,36082.5745,2734.2382,875.5171,0.0000,0.0000,0.0000
90.3000,19.6388,-19.8200,36117.5389,2737.9443,875.2875,0.0000,0.0000,0.0000
90.3167,19.6385,-19.8100,36152.0335,2741.6036,875.0580,0.0000,0.0000,0.0000
90.3333,19.6381,-19.8000,36186.0648,2745.2167,874.8286,0.0000,0.0000,0.0000
90.3500,19.6378,-19.7900,36219.6389,2748.7843,874.5994,0.0000,0.0000,0.0000
90.3667,19.6375,-19.7800,36252.7622,2752.3069,874.3702,0.0000,0.0000,0.0000
90.3833,19.6371,-19.7700,36285.4407,2755.7853,874.1411,0.0000,0.0000,0.0000
90.4000,19.6368,-19.7600,36317.6803,2759.2198,873.9122,0.0000,0.0000,0.0000
90.4167,19.6365,-19.7500,36349.4871,2762.6113,873.6833,0.0000,0.0000,0.0000
90.4333,19.6362,-19.7400,36380.8668,2765.9602,873.4545,0.0000,0.0000,0.0000
90.4500,19.6359,-19.7300,36411.8251,2769.2671,873.2258,0.0000,0.0000,0.0000
90.4667,19.6356,-19.7200,36442.3676,2772.5326,872.9972,0.0000,0.0000,0.0000
90.4833,19.6353,-19.7100,36472.4999,2775.7572,872.7687,0.0000,0.0000,0.0000
90.5000,19.6350,-19.7000,36502.2275,2778.9414,872.5403,0.0000,0.0000,0.0000
90.5167,19.6347,-19.6900,36531.5556,2782.0858,872.3119,0.0000,0.0000,0.0000
90.5333,19.6344,-19.6800,36560.4895,2785.1910,872.0837,0.0000,0.0000,0.0000
90.5500,19.6341,-19.6700,36589.0345,2788.2574,871.8556,0.0000,0.0000,0.0000
90.5667,19.6338,-19.6600,36617.1956,2791.2855,871.6275,0.0000,0.0000,0.0000
90.5833,19.6336,-19.6500,36644.9779,2794.2759,871.3995,0.0000,0.0000,0.0000
90.6000,19.6333,-19.6400,36672.3863,2797.2290,871.1716,0.0000,0.0000,0.0000
90.6167,19.6330,-19.6300,36699.4256,2800.1453,870.9438,0.0000,0.0000,0.0000
90.6333,19.6327,-19.6200,36726.1007,2803.0253,870.7160,0.0000,0.0000,0.0000
90.6500,19.6325,-19.6100,36752.4162,2805.8695,870.4884,0.0000,0.0000,0.0000
90.6667,19.6322,-19.6000,36778.3767,2808.6783,870.2608,0.0000,0.0000,0.0000
90.6833,19.6320,-19.5900,36803.9869,2811.4522,870.0333,0.0000,0.0000,0.0000
90.7000,19.6317,-19.5800,36829.2511,2814.1916,869.8059,0.0000,0.0000,0.0000
90.7167,19.6315,-19.5700,36854.1738,2816.8969,869.5785,0.0000,0.0000,0.0000
90.7333,19.6312,-19.5600,36878.7594,2819.5686,869.3512,0.0000,0.0000,0.0000
90.7500,19.6310,-19.5500,36903.0120,2822.2072,869.1240,0.0000,0.0000,0.0000
90.7667,19.6307,-19.5400,36926.9359,2824.8130,868.8969,0.0000,0.0000,0.0000
90.7833,19.6305,-19.5300,36950.5352,2827.3864,868.6698,0.0000,0.0000,0.0000
90.8000,19.6303,-19.5200,36973.8139,2829.9278,868.4429,0.0000,0.0000,0.0000
90.8167,19.6300,-19.5100,36996.7761,2832.4377,868.2159,0.0000,0.0000,0.0000
90.8333,19.6298,-19.5000,37019.4256,2834.9164,867.9891,0.0000,0.0000,0.0000
90.8500,19.6296,-19.4900,37041.7663,2837.3644,867.7623,0.0000,0.0000,0.0000
90.8667,19.6294,-19.4800,37063.8021,2839.7819,867.5356,0.0000,0.0000,0.0000
90.8833,19.6291,-19.4700,37085.5366,2842.1694,867.3090,0.0000,0.0000,0.0000
90.9000,19.6289,-19.4600,37106.9735,2844.5272,867.0824,0.0000,0.0000,0.0000
90.9167,19.6287,-19.4500,37128.1165,2846.8558,866.8559,0.0000,0.0000,0.0000
90.9333,19.6285,-19.4400,37148.9690,2849.1553,866.6294,0.0000,0.0000,0.0000
90.9500,19.6283,-19.4300,37169.5347,2851.4263,866.4030,0.0000,0.0000,0.0000
90.9667,19.6281,-19.4200,37189.8168,2853.6690,866.1767,0.0000,0.0000,0.0000
90.9833,19.6279,-19.4100,37209.8189,2855.8837,865.9504,0.0000,0.0000,0.0000
91.0000,19.6277,-19.4000,37232.2634,2858.2362,865.7236,0.0000,0.0000,0.0000
91.0167,19.6274,-19.4100,37262.2422,2861.2448,865.9388,0.0000,0.0000,0.0000
91.0333,19.6271,-19.4200,37293.7040,2864.2202,866.1537,0.0000,0.0000,0.0000
91.0500,19.6268,-19.4300,37322.0579,2867.0126,866.3692,0.0000,0.0000,0.0000
91.0667,19.6265,-19.4400,37351.4590,2869.7777,866.5845,0.0000,0.0000,0.0000
91.0833,19.6262,-19.4500,37380.9958,2872.5209,866.7998,0.0000,0.0000,0.0000
91.1000,19.6259,-19.4600,37410.4264,2875.2440,867.0151,0.0000,0.0000,0.0000
91.1167,19.6256,-19.4700,37439.6902,2877.9480,867.2304,0.0000,0.0000,0.0000
91.1333,19.6253,-19.4800,37468.7758,2880.6337,867.4458,0.0000,0.0000,0.0000
91.1500,19.6250,-19.4900,37497.6852,2883.3018,867.6612,0.0000,0.0000,0.0000
91.1667,19.6247,-19.5000,37526.4243,2885.9532,867.8766,0.0000,0.0000,0.0000
91.1833,19.6244,-19.5100,37555.0002,2888.5885,868.0921,0.0000,0.0000,0.0000
91.2000,19.6242,-19.5200,37583.4199,2891.2084,868.3076,0.0000,0.0000,0.0000
91.2167,19.6239,-19.5300,37611.6907,2893.8137,868.5232,0.0000,0.0000,0.0000
91.2333,19.6236,-19.5400,37639.8197,2896.4051,868.7388,0.0000,0.0000,0.0000
91.2500,19.6233,-19.5500,37667.8138,2898.9832,868.9544,0.0000,0.0000,0.0000
91.2667,19.6230,-19.5600,37695.6793,2901.5488,869.1700,0.0000,0.0000,0.0000
91.2833,19.6228,-19.5700,37723.4228,2904.1023,869.3857,0.0000,0.0000,0.0000
91.3000,19.6225,-19.5800,37751.0500,2906.6445,869.6014,0.0000,0.0000,0.0000
91.3167,19.6222,-19.5900,37778.5667,2909.1758,869.8171,0.0000,0.0000,0.0000
91.3333,19.6219,-19.6000,37805.9781,2911.6968,870.0328,0.0000,0.0000,0.0000
91.3500,19.6217,-19.6100,37833.2892,2914.2080,870.2486,0.0000,0.0000,0.0000
91.3667,19.6214,-19.6200,37860.5047,2916.7098,870.4644,0.0000,0.0000,0.0000
91.3833,19.6211,-19.6300,37887.6289,2919.2026,870.6802,0.0000,0.0000,0.0000
91.4000,19.6209,-19.6400,37914.6659,2921.6868,870.8960,0.0000,0.0000,0.0000
91.4167,19.6206,-19.6500,37941.6195,2924.1628,871.1119,0.0000,0.0000,0.0000
91.4333,19.6203,-19.6600,37968.4931,2926.6310,871.3277,0.0000,0.0000,0.0000
91.4500,19.6200,-19.6700,37995.2900,2929.0916,871.5436,0.0000,0.0000,0.0000
91.4667,19.6198,-19.6800,38022.0132,2931.5449,871.7595,0.0000,0.0000,0.0000
91.4833,19.6195,-19.6900,38048.6655,2933.9912,871.9754,0.0000,0.0000,0.0000
91.5000,19.6192,-19.7000,38075.2493,2936.4308,872.1913,0.0000,0.0000,0.0000
91.5167,19.6190,-19.7100,38101.7671,2938.8639,872.4073,0.0000,0.0000,0.0000
91.5333,19.6187,-19.7200,38128.2210,2941.2907,872.6232,0.0000,0.0000,0.0000
91.5500,19.6185,-19.7300,38154.6128,2943.7113,872.8392,0.0000,0.0000,0.0000
91.5667,19.6182,-19.7400,38180.9445,2946.1259,873.0552,0.0000,0.0000,0.0000
91.5833,19.6179,-19.7500,38207.2175,2948.5348,873.2712,0.0000,0.0000,0.0000
91.6000,19.6177,-19.7600,38233.4333,2950.9380,873.4872,0.0000,0.0000,0.0000
91.6167,19.6174,-19.7700,38259.5933,2953.3356,873.7032,0.0000,0.0000,0.0000
91.6333,19.6171,-19.7800,38285.6987,2955.7278,873.9192,0.0000,0.0000,0.0000
91.6500,19.6169,-19.7900,38311.7503,2958.1147,874.1353,0.0000,0.0000,0.0000
91.6667,19.6166,-19.8000,38337.7493,2960.4963,874.3513,0.0000,0.0000,0.0000
91.6833,19.6164,-19.8100,38363.6964,2962.8728,874.5674,0.0000,0.0000,0.0000
91.7000,19.6161,-19.8200,38389.5923,2965.2442,874.7835,0.0000,0.0000,0.0000
91.7167,19.6158,-19.8300,38415.4376,2967.6105,874.9996,0.0000,0.0000,0.0000
91.7333,19.6156,-19.8400,38441.2330,2969.9718,875.2157,0.0000,0.0000,0.0000
91.7500,19.6153,-19.8500,38466.9787,2972.3282,875.4318,0.0000,0.0000,0.0000
91.7667,19.6151,-19.8600,38492.6752,2974.6797,875.6479,0.0000,0.0000,0.0000
91.7833,19.6148,-19.8700,38518.3229,2977.0263,875.8641,0.0000,0.0000,0.0000
91.8000,19.6146,-19.8800,38543.9218,2979.3680,876.0802,0.0000,0.0000,0.0000
91.8167,19.6143,-19.8900,38569.4723,2981.7048,876.2964,0.0000,0.0000,0.0000
91.8333,19.6141,-19.9000,38594.9744,2984.0369,876.5125,0.0000,0.0000,0.0000
91.8500,19.6138,-19.9100,38620.4281,2986.3640,876.7287,0.0000,0.0000,0.0000
91.8667,19.6135,-19.9200,38645.8337,2988.6864,876.9449,0.0000,0.0000,0.0000
91.8833,19.6133,-19.9300,38671.1909,2991.0039,877.1611,0.0000,0.0000,0.0000
91.9000,19.6130,-19.9400,38696.4997,2993.3165,877.3773,0.0000,0.0000,0.0000
91.9167,19.6128,-19.9500,38721.7601,2995.6243,877.5935,0.0000,0.0000,0.0000
91.9333,19.6125,-19.9600,38746.9720,2997.9272,877.8097,0.0000,0.0000,0.0000
91.9500,19.6123,-19.9700,38772.1351,3000.2253,878.0260,0.0000,0.0000,0.0000
91.9667,19.6120,-19.9800,38797.2493,3002.5184,878.2422,0.0000,0.0000,0.0000
91.9833,19.6118,-19.9900,38822.3145,3004.8066,878.4585,0.0000,0.0000,0.0000
92.0000,19.6115,-20.0000,38847.3303,3007.0898,878.6748,0.0000,0.0000,0.0000
92.0167,19.6114,-19.9900,38864.2052,3008.6845,878.4492,0.0000,0.0000,0.0000
92.0333,19.6112,-19.9800,38878.8212,3010.2827,878.2241,0.0000,0.0000,0.0000
92.0500,19.6111,-19.9700,38892.7737,3011.8767,877.9992,0.0000,0.0000,0.0000
92.0667,19.6109,-19.9600,38906.4933,3013.4643,877.7744,0.0000,0.0000,0.0000
92.0833,19.6108,-19.9500,38920.0934,3015.0442,877.5495,0.0000,0.0000,0.0000
92.1000,19.6107,-19.9400,38933.6002,3016.6158,877.3247,0.0000,0.0000,0.0000
92.1167,19.6105,-19.9300,38947.0158,3018.1784,877.0999,0.0000,0.0000,0.0000
92.1333,19.6104,-19.9200,38960.3352,3019.7311,876.8751,0.0000,0.0000,0.0000
92.1500,19.6103,-19.9100,38973.5516,3021.2731,876.6504,0.0000,0.0000,0.0000
92.1667,19.6101,-19.9000,38986.6575,3022.8038,876.4256,0.0000,0.0000,0.0000
92.1833,19.6100,-19.8900,38999.6456,3024.3224,876.2009,0.0000,0.0000,0.0000
92.2000,19.6099,-19.8800,39012.5088,3025.8282,875.9763,0.0000,0.0000,0.0000
92.2167,19.6097,-19.8700,39025.2402,3027.3204,875.7516,0.0000,0.0000,0.0000
92.2333,19.6096,-19.8600,39037.8334,3028.7986,875.5270,0.0000,0.0000,0.0000
92.2500,19.6095,-19.8500,39050.2827,3030.2621,875.3024,0.0000,0.0000,0.0000
92.2667,19.6094,-19.8400,39062.5823,3031.7103,875.0779,0.0000,0.0000,0.0000
92.2833,19.6093,-19.8300,39074.7274,3033.1429,874.8533,0.0000,0.0000,0.0000
92.3000,19.6091,-19.8200,39086.7132,3034.5593,874.6289,0.0000,0.0000,0.0000
92.3167,19.6090,-19.8100,39098.5357,3035.9591,874.4044,0.0000,0.0000,0.0000
92.3333,19.6089,-19.8000,39110.1910,3037.3421,874.1800,0.0000,0.0000,0.0000
92.3500,19.6088,-19.7900,39121.6759,3038.7078,873.9556,0.0000,0.0000,0.0000
92.3667,19.6087,-19.7800,39132.9873,3040.0560,873.7313,0.0000,0.0000,0.0000
92.3833,19.6086,-19.7700,39144.1226,3041.3865,873.5070,0.0000,0.0000,0.0000
92.4000,19.6084,-19.7600,39155.0797,3042.6990,873.2828,0.0000,0.0000,0.0000
92.4167,19.6083,-19.7500,39165.8564,3043.9933,873.0585,0.0000,0.0000,0.0000
92.4333,19.6082,-19.7400,39176.4512,3045.2694,872.8344,0.0000,0.0000,0.0000
92.4500,19.6081,-19.7300,39186.8627,3046.5270,872.6102,0.0000,0.0000,0.0000
92.4667,19.6080,-19.7200,39197.0898,3047.7661,872.3861,0.0000,0.0000,0.0000
92.4833,19.6079,-19.7100,39207.1316,3048.9865,872.1621,0.0000,0.0000,0.0000
92.5000,19.6078,-19.7000,39216.9877,3050.1884,871.9381,0.0000,0.0000,0.0000
92.5167,19.6077,-19.6900,39226.6574,3051.3715,871.7141,0.0000,0.0000,0.0000
92.5333,19.6076,-19.6800,39236.1407,3052.5360,871.4902,0.0000,0.0000,0.0000
92.5500,19.6075,-19.6700,39245.4376,3053.6818,871.2663,0.0000,0.0000,0.0000
92.5667,19.6075,-19.6600,39254.5482,3054.8089,871.0425,0.0000,0.0000,0.0000
92.5833,19.6074,-19.6500,39263.4728,3055.9174,870.8187,0.0000,0.0000,0.0000
92.6000,19.6073,-19.6400,39272.2120,3057.0073,870.5949,0.0000,0.0000,0.0000
92.6167,19.6072,-19.6300,39280.7663,3058.0787,870.3712,0.0000,0.0000,0.0000
92.6333,19.6071,-19.6200,39289.1365,3059.1317,870.1475,0.0000,0.0000,0.0000
92.6500,19.6070,-19.6100,39297.3234,3060.1664,869.9239,0.0000,0.0000,0.0000
92.6667,19.6069,-19.6000,39305.3281,3061.1828,869.7003,0.0000,0.0000,0.0000
92.6833,19.6069,-19.5900,39313.1516,3062.1811,869.4767,0.0000,0.0000,0.0000
92.7000,19.6068,-19.5800,39320.7950,3063.1615,869.2532,0.0000,0.0000,0.0000
92.7167,19.6067,-19.5700,39328.2596,3064.1239,869.0297,0.0000,0.0000,0.0000
92.7333,19.6066,-19.5600,39335.5466,3065.0687,868.8063,0.0000,0.0000,0.0000
92.7500,19.6066,-19.5500,39342.6576,3065.9958,868.5829,0.0000,0.0000,0.0000
92.7667,19.6065,-19.5400,39349.5938,3066.9055,868.3595,0.0000,0.0000,0.0000
92.7833,19.6064,-19.5300,39356.3568,3067.7978,868.1362,0.0000,0.0000,0.0000
92.8000,19.6064,-19.5200,39362.9482,3068.6731,867.9129,0.0000,0.0000,0.0000
92.8167,19.6063,-19.5100,39369.3694,3069.5313,867.6896,0.0000,0.0000,0.0000
92.8333,19.6062,-19.5000,39375.6222,3070.3728,867.4664,0.0000,0.0000,0.0000
92.8500,19.6062,-19.4900,39381.7081,3071.1976,867.2433,0.0000,0.0000,0.0000
92.8667,19.6061,-19.4800,39387.6289,3072.0059,867.0201,0.0000,0.0000,0.0000
92.8833,19.6061,-19.4700,39393.3862,3072.7979,866.7970,0.0000,0.0000,0.0000
92.9000,19.6060,-19.4600,39398.9818,3073.5737,866.5740,0.0000,0.0000,0.0000
92.9167,19.6060,-19.4500,39404.4174,3074.3336,866.3509,0.0000,0.0000,0.0000
92.9333,19.6059,-19.4400,39409.6947,3075.0777,866.1279,0.0000,0.0000,0.0000
92.9500,19.6059,-19.4300,39414.8155,3075.8062,865.9050,0.0000,0.0000,0.0000
92.9667,19.6058,-19.4200,39419.7816,3076.5193,865.6821,0.0000,0.0000,0.0000
92.9833,19.6058,-19.4100,39424.5947,3077.2171,865.4592,0.0000,0.0000,0.0000
93.0000,19.6057,-19.4000,39429.2566,3077.8998,865.2363,0.0000,0.0000,0.0000
93.0167,19.6057,-19.3917,39434.4438,3078.6247,865.0503,0.0000,0.0000,0.0000
93.0333,19.6056,-19.3833,39439.6670,3079.3340,864.8643,0.0000,0.0000,0.0000
93.0500,19.6056,-19.3750,39444.7935,3080.0285,864.6783,0.0000,0.0000,0.0000
93.0667,19.6055,-19.3667,39449.7872,3080.7082,864.4923,0.0000,0.0000,0.0000
93.0833,19.6055,-19.3583,39454.6377,3081.3732,864.3064,0.0000,0.0000,0.0000
93.1000,19.6054,-19.3500,39459.3417,3082.0233,864.1205,0.0000,0.0000,0.0000
93.1167,19.6054,-19.3417,39463.8972,3082.6585,863.9347,0.0000,0.0000,0.0000
93.1333,19.6053,-19.3333,39468.3028,3083.2787,863.7488,0.0000,0.0000,0.0000
93.1500,19.6053,-19.3250,39472.5572,3083.8836,863.5630,0.0000,0.0000,0.0000
93.1667,19.6052,-19.3167,39476.6589,3084.4731,863.3773,0.0000,0.0000,0.0000
93.1833,19.6052,-19.3083,39479.0090,3084.8505,863.1919,0.0000,0.0000,0.0000
93.2000,19.6052,-19.3000,39481.0705,3085.2192,863.0066,0.0000,0.0000,0.0000
93.2167,19.6052,-19.2917,39482.9516,3085.5786,862.8213,0.0000,0.0000,0.0000
93.2333,19.6052,-19.2833,39484.6996,3085.9286,862.6361,0.0000,0.0000,0.0000
93.2500,19.6051,-19.2750,39486.3351,3086.2689,862.4509,0.0000,0.0000,0.0000
93.2667,19.6051,-19.2667,39487.8668,3086.5995,862.2657,0.0000,0.0000,0.0000
93.2833,19.6051,-19.2583,39489.2981,3086.9204,862.0805,0.0000,0.0000,0.0000
93.3000,19.6051,-19.2500,39490.6304,3087.2314,861.8953,0.0000,0.0000,0.0000
93.3167,19.6051,-19.2417,39493.0277,3087.7075,861.7100,0.0000,0.0000,0.0000
93.3333,19.6051,-19.2333,39494.4588,3087.9946,861.5248,0.0000,0.0000,0.0000
93.3500,19.6050,-19.2250,39496.7171,3088.4407,861.3394,0.0000,0.0000,0.0000
93.3667,19.6050,-19.2167,39499.1014,3088.8690,861.1541,0.0000,0.0000,0.0000
93.3833,19.6050,-19.2083,39501.3992,3089.2803,860.9687,0.0000,0.0000,0.0000
93.4000,19.6050,-19.2000,39503.5522,3089.6748,860.7834,0.0000,0.0000,0.0000
93.4167,19.6049,-19.1917,39505.5446,3090.0526,860.5981,0.0000,0.0000,0.0000
93.4333,19.6049,-19.1833,39507.3721,3090.4137,860.4128,0.0000,0.0000,0.0000
93.4500,19.6049,-19.1750,39509.0342,3090.7582,860.2276,0.0000,0.0000,0.0000
93.4667,19.6049,-19.1667,39510.5313,3091.0862,860.0424,0.0000,0.0000,0.0000
93.4833,19.6049,-19.1583,39511.8646,3091.3979,859.8573,0.0000,0.0000,0.0000
93.5000,19.6049,-19.1500,39513.0352,3091.6932,859.6721,0.0000,0.0000,0.0000
93.5167,19.6049,-19.1417,39514.0446,3091.9725,859.4871,0.0000,0.0000,0.0000
93.5333,19.6049,-19.1333,39514.8945,3092.2359,859.3020,0.0000,0.0000,0.0000
93.5500,19.6048,-19.1250,39515.5863,3092.4834,859.1170,0.0000,0.0000,0.0000
93.5667,19.6048,-19.1167,39516.1218,3092.7154,858.9321,0.0000,0.0000,0.0000
93.5833,19.6048,-19.1083,39516.5026,3092.9320,858.7471,0.0000,0.0000,0.0000
93.6000,19.6048,-19.1000,39516.7305,3093.1333,858.5622,0.0000,0.0000,0.0000
93.6167,19.6048,-19.0917,39516.8071,3093.3195,858.3773,0.0000,0.0000,0.0000
93.6333,19.6048,-19.0833,39516.7341,3093.4907,858.1925,0.0000,0.0000,0.0000
93.6500,19.6048,-19.0750,39516.5132,3093.6473,858.0077,0.0000,0.0000,0.0000
93.6667,19.6048,-19.0667,39516.1460,3093.7892,857.8229,0.0000,0.0000,0.0000
93.6833,19.6048,-19.0583,39515.6342,3093.9167,857.6382,0.0000,0.0000,0.0000
93.7000,19.6049,-19.0500,39514.9795,3094.0300,857.4535,0.0000,0.0000,0.0000
93.7167,19.6049,-19.0417,39514.1833,3094.1291,857.2688,0.0000,0.0000,0.0000
93.7333,19.6049,-19.0333,39513.2472,3094.2143,857.0842,0.0000,0.0000,0.0000
93.7500,19.6049,-19.0250,39512.1728,3094.2857,856.8995,0.0000,0.0000,0.0000
93.7667,19.6049,-19.0167,39510.9616,3094.3434,856.7150,0.0000,0.0000,0.0000
93.7833,19.6049,-19.0083,39509.6151,3094.3877,856.5304,0.0000,0.0000,0.0000
93.8000,19.6049,-19.0000,39508.1345,3094.4185,856.3459,0.0000,0.0000,0.0000
93.8167,19.6049,-18.9917,39506.5215,3094.4362,856.1614,0.0000,0.0000,0.0000
93.8333,19.6050,-18.9833,39504.7772,3094.4407,855.9769,0.0000,0.0000,0.0000
93.8500,19.6050,-18.9750,39502.9032,3094.4323,855.7925,0.0000,0.0000,0.0000
93.8667,19.6050,-18.9667,39500.9005,3094.4111,855.6081,0.0000,0.0000,0.0000
93.8833,19.6050,-18.9583,39498.7705,3094.3772,855.4237,0.0000,0.0000,0.0000
93.9000,19.6050,-18.9500,39496.5144,3094.3306,855.2393,0.0000,0.0000,0.0000
93.9167,19.6051,-18.9417,39494.1334,3094.2716,855.0550,0.0000,0.0000,0.0000
93.9333,19.6051,-18.9333,39491.6286,3094.2003,854.8707,0.0000,0.0000,0.0000
93.9500,19.6051,-18.9250,39489.0010,3094.1166,854.6865,0.0000,0.0000,0.0000
93.9667,19.6051,-18.9167,39486.2519,3094.0209,854.5022,0.0000,0.0000,0.0000
93.9833,19.6052,-18.9083,39483.3821,3093.9131,854.3180,0.0000,0.0000,0.0000
94.0000,19.6052,-18.9000,39480.3927,3093.7933,854.1338,0.0000,0.0000,0.0000
94.0167,19.6052,-18.9000,39480.6626,3093.9475,854.1338,0.0000,0.0000,0.0000
94.0333,19.6052,-18.9000,39481.7395,3094.0866,854.1335,0.0000,0.0000,0.0000
94.0500,19.6052,-18.9000,39482.9581,3094.2140,854.1332,0.0000,0.0000,0.0000
94.0667,19.6052,-18.9000,39484.1406,3094.3309,854.1330,0.0000,0.0000,0.0000
94.0833,19.6051,-18.9000,39485.2425,3094.4379,854.1327,0.0000,0.0000,0.0000
94.1000,19.6051,-18.9000,39486.2564,3094.5358,854.1325,0.0000,0.0000,0.0000
94.1167,19.6051,-18.9000,39487.1852,3094.6253,854.1323,0.0000,0.0000,0.0000
94.1333,19.6051,-18.9000,39487.7652,3094.6865,854.1322,0.0000,0.0000,0.0000
94.1500,19.6051,-18.9000,39488.3402,3094.7440,854.1320,0.0000,0.0000,0.0000
94.1667,19.6051,-18.9000,39488.8936,3094.7979,854.1319,0.0000,0.0000,0.0000
94.1833,19.6051,-18.9000,39489.4192,3094.8486,854.1318,0.0000,0.0000,0.0000
94.2000,19.6051,-18.9000,39489.9158,3094.8962,854.1317,0.0000,0.0000,0.0000
94.2167,19.6051,-18.9000,39490.3845,3094.9411,854.1316,0.0000,0.0000,0.0000
94.2333,19.6051,-18.9000,39490.8273,3094.9836,854.1315,0.0000,0.0000,0.0000
94.2500,19.6051,-18.9000,39491.2467,3095.0239,854.1314,0.0000,0.0000,0.0000
94.2667,19.6051,-18.9000,39491.6455,3095.0623,854.1313,0.0000,0.0000,0.0000
94.2833,19.6051,-18.9000,39492.0262,3095.0991,854.1312,0.0000,0.0000,0.0000
94.3000,19.6051,-18.9000,39492.3913,3095.1345,854.1311,0.0000,0.0000,0.0000
94.3167,19.6051,-18.9000,39492.7434,3095.1689,854.1311,0.0000,0.0000,0.0000
94.3333,19.6051,-18.9000,39493.0849,3095.2023,854.1310,0.0000,0.0000,0.0000
94.3500,19.6051,-18.9000,39493.4179,3095.2350,854.1309,0.0000,0.0000,0.0000
94.3667,19.6051,-18.9000,39493.7445,3095.2673,854.1308,0.0000,0.0000,0.0000
94.3833,19.6051,-18.9000,39494.0667,3095.2992,854.1308,0.0000,0.0000,0.0000
94.4000,19.6051,-18.9000,39494.3865,3095.3311,854.1307,0.0000,0.0000,0.0000
94.4167,19.6051,-18.9000,39494.7056,3095.3630,854.1306,0.0000,0.0000,0.0000
94.4333,19.6050,-18.9000,39495.0256,3095.3951,854.1306,0.0000,0.0000,0.0000
94.4500,19.6050,-18.9000,39495.3480,3095.4276,854.1305,0.0000,0.0000,0.0000
94.4667,19.6050,-18.9000,39495.6744,3095.4606,854.1304,0.0000,0.0000,0.0000
94.4833,19.6050,-18.9000,39496.0060,3095.4942,854.1303,0.0000,0.0000,0.0000
94.5000,19.6050,-18.9000,39496.3441,3095.5286,854.1303,0.0000,0.0000,0.0000
94.5167,19.6050,-18.9000,39496.6900,3095.5638,854.1302,0.0000,0.0000,0.0000
94.5333,19.6050,-18.9000,39497.0446,3095.6000,854.1301,0.0000,0.0000,0.0000
94.5500,19.6050,-18.9000,39497.4089,3095.6372,854.1300,0.0000,0.0000,0.0000
94.5667,19.6050,-18.9000,39497.7840,3095.6756,854.1300,0.0000,0.0000,0.0000
94.5833,19.6050,-18.9000,39498.1706,3095.7152,854.1299,0.0000,0.0000,0.0000
94.6000,19.6050,-18.9000,39498.5695,3095.7561,854.1298,0.0000,0.0000,0.0000
94.6167,19.6050,-18.9000,39498.9815,3095.7984,854.1297,0.0000,0.0000,0.0000
94.6333,19.6050,-18.9000,39499.4072,3095.8420,854.1296,0.0000,0.0000,0.0000
94.6500,19.6050,-18.9000,39499.8471,3095.8872,854.1295,0.0000,0.0000,0.0000
94.6667,19.6050,-18.9000,39500.3019,3095.9338,854.1294,0.0000,0.0000,0.0000
94.6833,19.6050,-18.9000,39500.7720,3095.9821,854.1293,0.0000,0.0000,0.0000
94.7000,19.6050,-18.9000,39501.2578,3096.0319,854.1292,0.0000,0.0000,0.0000
94.7167,19.6050,-18.9000,39501.7597,3096.0834,854.1291,0.0000,0.0000,0.0000
94.7333,19.6050,-18.9000,39502.2780,3096.1366,854.1290,0.0000,0.0000,0.0000
94.7500,19.6050,-18.9000,39502.8130,3096.1914,854.1288,0.0000,0.0000,0.0000
94.7667,19.6050,-18.9000,39503.3651,3096.2480,854.1287,0.0000,0.0000,0.0000
94.7833,19.6050,-18.9000,39503.9343,3096.3063,854.1286,0.0000,0.0000,0.0000
94.8000,19.6050,-18.9000,39504.5208,3096.3664,854.1285,0.0000,0.0000,0.0000
94.8167,19.6049,-18.9000,39505.1249,3096.4282,854.1283,0.0000,0.0000,0.0000
94.8333,19.6049,-18.9000,39505.7465,3096.4918,854.1282,0.0000,0.0000,0.0000
94.8500,19.6049,-18.9000,39506.3858,3096.5572,854.1280,0.0000,0.0000,0.0000
94.8667,19.6049,-18.9000,39507.0428,3096.6244,854.1279,0.0000,0.0000,0.0000
94.8833,19.6049,-18.9000,39507.7175,3096.6933,854.1277,0.0000,0.0000,0.0000
94.9000,19.6049,-18.9000,39508.4100,3096.7640,854.1276,0.0000,0.0000,0.0000
94.9167,19.6049,-18.9000,39509.1201,3096.8365,854.1274,0.0000,0.0000,0.0000
94.9333,19.6049,-18.9000,39509.8478,3096.9107,854.1273,0.0000,0.0000,0.0000
94.9500,19.6049,-18.9000,39510.5931,3096.9867,854.1271,0.0000,0.0000,0.0000
94.9667,19.6049,-18.9000,39511.3558,3097.0645,854.1269,0.0000,0.0000,0.0000
94.9833,19.6049,-18.9000,39512.1359,3097.1439,854.1268,0.0000,0.0000,0.0000
95.0000,19.6049,-18.9000,39513.4383,3097.2593,854.1265,0.0000,0.0000,0.0000
95.0167,19.6049,-18.8817,39507.0816,3096.7416,853.7212,0.0000,0.0000,0.0000
95.0333,19.6050,-18.8633,39498.7510,3096.2363,853.3164,0.0000,0.0000,0.0000
95.0500,19.6051,-18.8450,39489.9108,3095.7372,852.9117,0.0000,0.0000,0.0000
95.0667,19.6052,-18.8267,39480.9570,3095.2422,852.5070,0.0000,0.0000,0.0000
95.0833,19.6053,-18.8083,39471.9932,3094.7501,852.1023,0.0000,0.0000,0.0000
95.1000,19.6054,-18.7900,39463.0421,3094.2603,851.6976,0.0000,0.0000,0.0000
95.1167,19.6055,-18.7717,39454.1046,3093.7718,851.2929,0.0000,0.0000,0.0000
95.1333,19.6055,-18.7533,39445.1761,3093.2840,850.8882,0.0000,0.0000,0.0000
95.1500,19.6056,-18.7350,39436.2509,3092.7963,850.4835,0.0000,0.0000,0.0000
95.1667,19.6057,-18.7167,39427.3238,3092.3082,850.0788,0.0000,0.0000,0.0000
95.1833,19.6058,-18.6983,39418.3902,3091.8193,849.6741,0.0000,0.0000,0.0000
95.2000,19.6059,-18.6800,39409.4460,3091.3291,849.2694,0.0000,0.0000,0.0000
95.2167,19.6060,-18.6617,39400.4877,3090.8373,848.8648,0.0000,0.0000,0.0000
95.2333,19.6061,-18.6433,39391.5121,3090.3437,848.4601,0.0000,0.0000,0.0000
95.2500,19.6062,-18.6250,39382.5165,3089.8480,848.0554,0.0000,0.0000,0.0000
95.2667,19.6063,-18.6067,39373.4981,3089.3499,847.6507,0.0000,0.0000,0.0000
95.2833,19.6064,-18.5883,39364.4548,3088.8492,847.2460,0.0000,0.0000,0.0000
95.3000,19.6064,-18.5700,39355.3841,3088.3456,846.8414,0.0000,0.0000,0.0000
95.3167,19.6065,-18.5517,39346.2841,3087.8390,846.4367,0.0000,0.0000,0.0000
95.3333,19.6066,-18.5333,39337.1527,3087.3292,846.0321,0.0000,0.0000,0.0000
95.3500,19.6067,-18.5150,39327.9880,3086.8160,845.6274,0.0000,0.0000,0.0000
95.3667,19.6068,-18.4967,39318.7882,3086.2992,845.2228,0.0000,0.0000,0.0000
95.3833,19.6069,-18.4783,39309.5516,3085.7786,844.8182,0.0000,0.0000,0.0000
95.4000,19.6070,-18.4600,39300.2764,3085.2541,844.4136,0.0000,0.0000,0.0000
95.4167,19.6071,-18.4417,39290.9611,3084.7255,844.0089,0.0000,0.0000,0.0000
95.4333,19.6072,-18.4233,39281.6042,3084.1927,843.6043,0.0000,0.0000,0.0000
95.4500,19.6073,-18.4050,39272.2042,3083.6554,843.1998,0.0000,0.0000,0.0000
95.4667,19.6074,-18.3867,39262.7597,3083.1137,842.7952,0.0000,0.0000,0.0000
95.4833,19.6075,-18.3683,39253.2694,3082.5673,842.3906,0.0000,0.0000,0.0000
95.5000,19.6076,-18.3500,39243.7320,3082.0162,841.9860,0.0000,0.0000,0.0000
95.5167,19.6077,-18.3317,39234.1464,3081.4601,841.5815,0.0000,0.0000,0.0000
95.5333,19.6078,-18.3133,39224.5113,3080.8991,841.1770,0.0000,0.0000,0.0000
95.5500,19.6079,-18.2950,39214.8257,3080.3330,840.7724,0.0000,0.0000,0.0000
95.5667,19.6079,-18.2767,39205.0886,3079.7616,840.3679,0.0000,0.0000,0.0000
95.5833,19.6080,-18.2583,39195.2989,3079.1849,839.9634,0.0000,0.0000,0.0000
95.6000,19.6081,-18.2400,39185.4558,3078.6029,839.5589,0.0000,0.0000,0.0000
95.6167,19.6082,-18.2217,39175.5584,3078.0153,839.1544,0.0000,0.0000,0.0000
95.6333,19.6083,-18.2033,39165.6059,3077.4222,838.7500,0.0000,0.0000,0.0000
95.6500,19.6084,-18.1850,39155.5974,3076.8235,838.3455,0.0000,0.0000,0.0000
95.6667,19.6085,-18.1667,39145.5323,3076.2191,837.9411,0.0000,0.0000,0.0000
95.6833,19.6086,-18.1483,39135.4098,3075.6088,837.5366,0.0000,0.0000,0.0000
95.7000,19.6087,-18.1300,39125.2293,3074.9928,837.1322,0.0000,0.0000,0.0000
95.7167,19.6089,-18.1117,39114.9902,3074.3708,836.7278,0.0000,0.0000,0.0000
95.7333,19.6090,-18.0933,39104.6920,3073.7429,836.3234,0.0000,0.0000,0.0000
95.7500,19.6091,-18.0750,39094.3340,3073.1090,835.9191,0.0000,0.0000,0.0000
95.7667,19.6092,-18.0567,39083.9158,3072.4690,835.5147,0.0000,0.0000,0.0000
95.7833,19.6093,-18.0383,39073.4370,3071.8229,835.1103,0.0000,0.0000,0.0000
95.8000,19.6094,-18.0200,39062.8970,3071.1707,834.7060,0.0000,0.0000,0.0000
95.8167,19.6095,-18.0017,39052.2956,3070.5123,834.3017,0.0000,0.0000,0.0000
95.8333,19.6096,-17.9833,39041.6323,3069.8477,833.8974,0.0000,0.0000,0.0000
95.8500,19.6097,-17.9650,39030.9068,3069.1769,833.4931,0.0000,0.0000,0.0000
95.8667,19.6098,-17.9467,39020.1187,3068.4997,833.0888,0.0000,0.0000,0.0000
95.8833,19.6099,-17.9283,39009.2678,3067.8163,832.6845,0.0000,0.0000,0.0000
95.9000,19.6100,-17.9100,38998.3539,3067.1265,832.2803,0.0000,0.0000,0.0000
95.9167,19.6101,-17.8917,38987.3766,3066.4303,831.8760,0.0000,0.0000,0.0000
95.9333,19.6102,-17.8733,38976.3357,3065.7278,831.4718,0.0000,0.0000,0.0000
95.9500,19.6103,-17.8550,38965.2310,3065.0189,831.0676,0.0000,0.0000,0.0000
95.9667,19.6105,-17.8367,38954.0624,3064.3035,830.6634,0.0000,0.0000,0.0000
95.9833,19.6106,-17.8183,38942.8297,3063.5818,830.2592,0.0000,0.0000,0.0000
96.0000,19.6107,-17.8000,38931.5327,3062.8535,829.8550,0.0000,0.0000,0.0000
96.0167,19.6107,-17.8083,38931.2138,3063.0615,830.0400,0.0000,0.0000,0.0000
96.0333,19.6107,-17.8167,38933.1699,3063.2581,830.2244,0.0000,0.0000,0.0000
96.0500,19.6106,-17.8250,38936.1102,3063.4482,830.4086,0.0000,0.0000,0.0000
96.0667,19.6106,-17.8333,38939.4688,3063.6342,830.5927,0.0000,0.0000,0.0000
96.0833,19.6106,-17.8417,38942.9978,3063.8170,830.7767,0.0000,0.0000,0.0000
96.1000,19.6105,-17.8500,38946.5891,3063.9973,830.9608,0.0000,0.0000,0.0000
96.1167,19.6105,-17.8583,38950.1961,3064.1754,831.1449,0.0000,0.0000,0.0000
96.1333,19.6105,-17.8667,38953.7995,3064.3515,831.3289,0.0000,0.0000,0.0000
96.1500,19.6104,-17.8750,38957.3918,3064.5259,831.5130,0.0000,0.0000,0.0000
96.1667,19.6104,-17.8833,38960.9709,3064.6988,831.6970,0.0000,0.0000,0.0000
96.1833,19.6104,-17.8917,38964.5373,3064.8704,831.8811,0.0000,0.0000,0.0000
96.2000,19.6103,-17.9000,38968.0921,3065.0410,832.0652,0.0000,0.0000,0.0000
96.2167,19.6103,-17.9083,38971.6372,3065.2107,832.2492,0.0000,0.0000,0.0000
96.2333,19.6102,-17.9167,38975.1745,3065.3798,832.4333,0.0000,0.0000,0.0000
96.2500,19.6102,-17.9250,38978.7059,3065.5484,832.6174,0.0000,0.0000,0.0000
96.2667,19.6102,-17.9333,38982.2334,3065.7168,832.8014,0.0000,0.0000,0.0000
96.2833,19.6101,-17.9417,38985.7587,3065.8851,832.9855,0.0000,0.0000,0.0000
96.3000,19.6101,-17.9500,38989.2838,3066.0534,833.1696,0.0000,0.0000,0.0000
96.3167,19.6101,-17.9583,38992.8101,3066.2221,833.3536,0.0000,0.0000,0.0000
96.3333,19.6100,-17.9667,38996.3393,3066.3911,833.5377,0.0000,0.0000,0.0000
96.3500,19.6100,-17.9750,38999.8727,3066.5607,833.7218,0.0000,0.0000,0.0000
96.3667,19.6100,-17.9833,39003.4118,3066.7309,833.9058,0.0000,0.0000,0.0000
96.3833,19.6099,-17.9917,39006.9576,3066.9019,834.0899,0.0000,0.0000,0.0000
96.4000,19.6099,-18.0000,39010.5114,3067.0738,834.2740,0.0000,0.0000,0.0000
96.4167,19.6099,-18.0083,39014.0740,3067.2467,834.4580,0.0000,0.0000,0.0000
96.4333,19.6098,-18.0167,39017.6465,3067.4206,834.6421,0.0000,0.0000,0.0000
96.4500,19.6098,-18.0250,39021.2296,3067.5956,834.8262,0.0000,0.0000,0.0000
96.4667,19.6098,-18.0333,39024.8239,3067.7718,835.0102,0.0000,0.0000,0.0000
96.4833,19.6097,-18.0417,39028.4301,3067.9492,835.1943,0.0000,0.0000,0.0000
96.5000,19.6097,-18.0500,39032.0487,3068.1279,835.3783,0.0000,0.0000,0.0000
96.5167,19.6096,-18.0583,39035.6800,3068.3079,835.5624,0.0000,0.0000,0.0000
96.5333,19.6096,-18.0667,39039.3244,3068.4893,835.7464,0.0000,0.0000,0.0000
96.5500,19.6096,-18.0750,39042.9822,3068.6720,835.9304,0.0000,0.0000,0.0000
96.5667,19.6095,-18.0833,39046.6534,3068.8561,836.1145,0.0000,0.0000,0.0000
96.5833,19.6095,-18.0917,39050.3382,3069.0415,836.2985,0.0000,0.0000,0.0000
96.6000,19.6095,-18.1000,39054.0365,3069.2283,836.4825,0.0000,0.0000,0.0000
96.6167,19.6094,-18.1083,39057.7482,3069.4164,836.6666,0.0000,0.0000,0.0000
96.6333,19.6094,-18.1167,39061.4732,3069.6058,836.8506,0.0000,0.0000,0.0000
96.6500,19.6093,-18.1250,39065.2111,3069.7965,837.0346,0.0000,0.0000,0.0000
96.6667,19.6093,-18.1333,39068.9619,3069.9885,837.2186,0.0000,0.0000,0.0000
96.6833,19.6093,-18.1417,39072.7249,3070.1817,837.4027,0.0000,0.0000,0.0000
96.7000,19.6092,-18.1500,39076.4997,3070.3760,837.5867,0.0000,0.0000,0.0000
96.7167,19.6092,-18.1583,39080.2859,3070.5714,837.7707,0.0000,0.0000,0.0000
96.7333,19.6092,-18.1667,39084.0828,3070.7679,837.9547,0.0000,0.0000,0.0000
96.7500,19.6091,-18.1750,39087.8897,3070.9653,838.1387,0.0000,0.0000,0.0000
96.7667,19.6091,-18.1833,39091.7058,3071.1635,838.3227,0.0000,0.0000,0.0000
96.7833,19.6090,-18.1917,39095.5303,3071.3626,838.5067,0.0000,0.0000,0.0000
96.8000,19.6090,-18.2000,39099.3624,3071.5623,838.6907,0.0000,0.0000,0.0000
96.8167,19.6090,-18.2083,39103.2008,3071.7626,838.8747,0.0000,0.0000,0.0000
96.8333,19.6089,-18.2167,39107.0446,3071.9633,839.0587,0.0000,0.0000,0.0000
96.8500,19.6089,-18.2250,39110.8925,3072.1644,839.2427,0.0000,0.0000,0.0000
96.8667,19.6089,-18.2333,39114.7431,3072.3656,839.4267,0.0000,0.0000,0.0000
96.8833,19.6088,-18.2417,39118.5950,3072.5668,839.6107,0.0000,0.0000,0.0000
96.9000,19.6088,-18.2500,39122.4465,3072.7679,839.7947,0.0000,0.0000,0.0000
96.9167,19.6087,-18.2583,39126.2958,3072.9685,839.9787,0.0000,0.0000,0.0000
96.9333,19.6087,-18.2667,39130.1408,3073.1687,840.1627,0.0000,0.0000,0.0000
96.9500,19.6087,-18.2750,39133.9793,3073.3679,840.3467,0.0000,0.0000,0.0000
96.9667,19.6086,-18.2833,39137.8086,3073.5660,840.5307,0.0000,0.0000,0.0000
96.9833,19.6086,-18.2917,39141.6256,3073.7627,840.7147,0.0000,0.0000,0.0000
97.0000,19.6085,-18.3000,39146.6850,3073.9194,840.8985,0.0000,0.0000,0.0000
97.0167,19.6087,-18.2633,39130.9207,3072.5263,840.0886,0.0000,0.0000,0.0000
97.0333,19.6089,-18.2267,39110.4270,3071.1431,839.2798,0.0000,0.0000,0.0000
97.0500,19.6091,-18.1900,39090.2476,3069.7588,838.4709,0.0000,0.0000,0.0000
97.0667,19.6093,-18.1533,39068.6738,3068.3541,837.6624,0.0000,0.0000,0.0000
97.0833,19.6095,-18.1167,39046.6948,3066.9536,836.8539,0.0000,0.0000,0.0000
97.1000,19.6098,-18.0800,39024.7972,3065.5752,836.0454,0.0000,0.0000,0.0000
97.1167,19.6100,-18.0433,39003.0462,3064.2146,835.2369,0.0000,0.0000,0.0000
97.1333,19.6102,-18.0067,38981.4487,3062.8697,834.4283,0.0000,0.0000,0.0000
97.1500,19.6104,-17.9700,38959.9944,3061.5388,833.6197,0.0000,0.0000,0.0000
97.1667,19.6106,-17.9333,38938.6690,3060.2202,832.8111,0.0000,0.0000,0.0000
97.1833,19.6108,-17.8967,38917.4570,3058.9123,832.0024,0.0000,0.0000,0.0000
97.2000,19.6110,-17.8600,38896.3426,3057.6136,831.1938,0.0000,0.0000,0.0000
97.2167,19.6112,-17.8233,38875.3103,3056.3224,830.3851,0.0000,0.0000,0.0000
97.2333,19.6115,-17.7867,38854.3447,3055.0373,829.5764,0.0000,0.0000,0.0000
97.2500,19.6117,-17.7500,38833.4311,3053.7568,828.7677,0.0000,0.0000,0.0000
97.2667,19.6119,-17.7133,38812.5552,3052.4795,827.9590,0.0000,0.0000,0.0000
97.2833,19.6121,-17.6767,38791.7034,3051.2040,827.1502,0.0000,0.0000,0.0000
97.3000,19.6123,-17.6400,38770.8625,3049.9291,826.3415,0.0000,0.0000,0.0000
97.3167,19.6125,-17.6033,38750.0200,3048.6535,825.5328,0.0000,0.0000,0.0000
97.3333,19.6127,-17.5667,38729.1643,3047.3760,824.7241,0.0000,0.0000,0.0000
97.3500,19.6129,-17.5300,38708.2841,3046.0957,823.9153,0.0000,0.0000,0.0000
97.3667,19.6131,-17.4933,38687.3687,3044.8114,823.1066,0.0000,0.0000,0.0000
97.3833,19.6133,-17.4567,38666.4083,3043.5221,822.2979,0.0000,0.0000,0.0000
97.4000,19.6135,-17.4200,38645.3934,3042.2270,821.4892,0.0000,0.0000,0.0000
97.4167,19.6138,-17.3833,38624.3152,3040.9252,820.6806,0.0000,0.0000,0.0000
97.4333,19.6140,-17.3467,38603.1653,3039.6159,819.8719,0.0000,0.0000,0.0000
97.4500,19.6142,-17.3100,38581.9359,3038.2983,819.0633,0.0000,0.0000,0.0000
97.4667,19.6144,-17.2733,38560.6198,3036.9716,818.2546,0.0000,0.0000,0.0000
97.4833,19.6146,-17.2367,38539.2101,3035.6353,817.4460,0.0000,0.0000,0.0000
97.5000,19.6148,-17.2000,38517.7004,3034.2888,816.6374,0.0000,0.0000,0.0000
97.5167,19.6150,-17.1633,38496.0849,3032.9313,815.8289,0.0000,0.0000,0.0000
97.5333,19.6153,-17.1267,38474.3580,3031.5625,815.0204,0.0000,0.0000,0.0000
97.5500,19.6155,-17.0900,38452.5146,3030.1818,814.2119,0.0000,0.0000,0.0000
97.5667,19.6157,-17.0533,38430.5501,3028.7887,813.4034,0.0000,0.0000,0.0000
97.5833,19.6159,-17.0167,38408.4601,3027.3829,812.5949,0.0000,0.0000,0.0000
97.6000,19.6161,-16.9800,38386.2406,3025.9640,811.7865,0.0000,0.0000,0.0000
97.6167,19.6164,-16.9433,38363.8880,3024.5315,810.9781,0.0000,0.0000,0.0000
97.6333,19.6166,-16.9067,38341.3989,3023.0853,810.1697,0.0000,0.0000,0.0000
97.6500,19.6168,-16.8700,38318.7704,3021.6249,809.3614,0.0000,0.0000,0.0000
97.6667,19.6170,-16.8333,38295.9998,3020.1502,808.5531,0.0000,0.0000,0.0000
97.6833,19.6173,-16.7967,38273.0845,3018.6609,807.7448,0.0000,0.0000,0.0000
97.7000,19.6175,-16.7600,38250.0225,3017.1568,806.9366,0.0000,0.0000,0.0000
97.7167,19.6177,-16.7233,38226.8119,3015.6377,806.1284,0.0000,0.0000,0.0000
97.7333,19.6180,-16.6867,38203.4509,3014.1035,805.3202,0.0000,0.0000,0.0000
97.7500,19.6182,-16.6500,38179.9380,3012.5540,804.5121,0.0000,0.0000,0.0000
97.7667,19.6184,-16.6133,38156.2722,3010.9891,803.7040,0.0000,0.0000,0.0000
97.7833,19.6187,-16.5767,38132.4523,3009.4087,802.8959,0.0000,0.0000,0.0000
97.8000,19.6189,-16.5400,38108.4775,3007.8128,802.0879,0.0000,0.0000,0.0000
97.8167,19.6192,-16.5033,38084.3471,3006.2013,801.2799,0.0000,0.0000,0.0000
97.8333,19.6194,-16.4667,38060.0608,3004.5741,800.4719,0.0000,0.0000,0.0000
97.8500,19.6196,-16.4300,38035.6181,3002.9312,799.6640,0.0000,0.0000,0.0000
97.8667,19.6199,-16.3933,38011.0189,3001.2726,798.8561,0.0000,0.0000,0.0000
97.8833,19.6201,-16.3567,37986.2632,2999.5984,798.0483,0.0000,0.0000,0.0000
97.9000,19.6204,-16.3200,37961.3512,2997.9084,797.2404,0.0000,0.0000,0.0000
97.9167,19.6206,-16.2833,37936.2830,2996.2029,796.4326,0.0000,0.0000,0.0000
97.9333,19.6209,-16.2467,37911.0590,2994.4817,795.6249,0.0000,0.0000,0.0000
97.9500,19.6211,-16.2100,37885.6798,2992.7450,794.8172,0.0000,0.0000,0.0000
97.9667,19.6214,-16.1733,37860.1459,2990.9929,794.0095,0.0000,0.0000,0.0000
97.9833,19.6217,-16.1367,37834.4580,2989.2253,793.2018,0.0000,0.0000,0.0000
98.0000,19.6219,-16.1000,37808.6168,2987.4424,792.3942,0.0000,0.0000,0.0000
98.0167,19.6231,-15.8500,37685.4804,2978.2644,786.8759,0.0000,0.0000,0.0000
98.0333,19.6246,-15.6000,37543.9583,2969.1181,781.3618,0.0000,0.0000,0.0000
98.0500,19.6260,-15.3500,37398.2813,2959.9485,775.8485,0.0000,0.0000,0.0000
98.0667,19.6275,-15.1000,37251.3988,2950.7395,770.3355,0.0000,0.0000,0.0000
98.0833,19.6290,-14.8500,37103.8729,2941.4815,764.8227,0.0000,0.0000,0.0000
98.1000,19.6304,-14.6000,36955.7536,2932.1653,759.3099,0.0000,0.0000,0.0000
98.1167,19.6319,-14.3500,36806.9772,2922.7813,753.7974,0.0000,0.0000,0.0000
98.1333,19.6334,-14.1000,36657.4551,2913.3201,748.2850,0.0000,0.0000,0.0000
98.1500,19.6349,-13.8500,36507.0952,2903.7723,742.7727,0.0000,0.0000,0.0000
98.1667,19.6364,-13.6000,36355.8085,2894.1291,737.2607,0.0000,0.0000,0.0000
98.1833,19.6380,-13.3500,36203.5123,2884.3823,731.7489,0.0000,0.0000,0.0000
98.2000,19.6395,-13.1000,36050.1311,2874.5246,726.2374,0.0000,0.0000,0.0000
98.2167,19.6410,-12.8500,35895.5968,2864.5494,720.7261,0.0000,0.0000,0.0000
98.2333,19.6426,-12.6000,35739.8492,2854.4509,715.2151,0.0000,0.0000,0.0000
98.2500,19.6442,-12.3500,35582.8350,2844.2239,709.7043,0.0000,0.0000,0.0000
98.2667,19.6458,-12.1000,35424.5079,2833.8640,704.1939,0.0000,0.0000,0.0000
98.2833,19.6474,-11.8500,35264.8279,2823.3674,698.6837,0.0000,0.0000,0.0000
98.3000,19.6490,-11.6000,35103.7610,2812.7308,693.1739,0.0000,0.0000,0.0000
98.3167,19.6506,-11.3500,34941.2787,2801.9516,687.6643,0.0000,0.0000,0.0000
98.3333,19.6522,-11.1000,34777.3574,2791.0274,682.1551,0.0000,0.0000,0.0000
98.3500,19.6539,-10.8500,34611.9780,2779.9565,676.6462,0.0000,0.0000,0.0000
98.3667,19.6555,-10.6000,34445.1253,2768.7376,671.1377,0.0000,0.0000,0.0000
98.3833,19.6572,-10.3500,34276.7876,2757.3695,665.6294,0.0000,0.0000,0.0000
98.4000,19.6589,-10.1000,34106.9568,2745.8515,660.1215,0.0000,0.0000,0.0000
98.4167,19.6606,-9.8500,33935.6277,2734.1833,654.6140,0.0000,0.0000,0.0000
98.4333,19.6624,-9.6000,33762.7980,2722.3645,649.1067,0.0000,0.0000,0.0000
98.4500,19.6641,-9.3500,33588.4680,2710.3954,643.5998,0.0000,0.0000,0.0000
98.4667,19.6659,-9.1000,33412.6407,2698.2764,638.0932,0.0000,0.0000,0.0000
98.4833,19.6676,-8.8500,33235.3212,2686.0079,632.5870,0.0000,0.0000,0.0000
98.5000,19.6694,-8.6000,33056.5170,2673.5908,627.0811,0.0000,0.0000,0.0000
98.5167,19.6712,-8.3500,32876.2374,2661.0262,621.5755,0.0000,0.0000,0.0000
98.5333,19.6731,-8.1000,32694.4935,2648.3151,616.0702,0.0000,0.0000,0.0000
98.5500,19.6749,-7.8500,32511.2984,2635.4589,610.5653,0.0000,0.0000,0.0000
98.5667,19.6767,-7.6000,32326.6664,2622.4591,605.0607,0.0000,0.0000,0.0000
98.5833,19.6786,-7.3500,32140.6133,2609.3174,599.5564,0.0000,0.0000,0.0000
98.6000,19.6805,-7.1000,31953.1563,2596.0355,594.0524,0.0000,0.0000,0.0000
98.6167,19.6824,-6.8500,31764.3134,2582.6151,588.5487,0.0000,0.0000,0.0000
98.6333,19.6843,-6.6000,31574.1040,2569.0584,583.0453,0.0000,0.0000,0.0000
98.6500,19.6862,-6.3500,31382.5482,2555.3673,577.5422,0.0000,0.0000,0.0000
98.6667,19.6881,-6.1000,31189.6667,2541.5440,572.0394,0.0000,0.0000,0.0000
98.6833,19.6900,-5.8500,30995.4810,2527.5905,566.5369,0.0000,0.0000,0.0000
98.7000,19.6920,-5.6000,30800.0134,2513.5092,561.0347,0.0000,0.0000,0.0000
98.7167,19.6940,-5.3500,30603.2863,2499.3024,555.5328,0.0000,0.0000,0.0000
98.7333,19.6959,-5.1000,30405.3227,2484.9722,550.0311,0.0000,0.0000,0.0000
98.7500,19.6979,-4.8500,30206.1460,2470.5212,544.5297,0.0000,0.0000,0.0000
98.7667,19.6999,-4.6000,30005.7796,2455.9516,539.0286,0.0000,0.0000,0.0000
98.7833,19.7020,-4.3500,29804.2472,2441.2658,533.5277,0.0000,0.0000,0.0000
98.8000,19.7040,-4.1000,29601.5728,2426.4662,528.0271,0.0000,0.0000,0.0000
98.8167,19.7060,-3.8500,29397.7803,2411.5553,522.5268,0.0000,0.0000,0.0000
98.8333,19.7081,-3.6000,29192.8934,2396.5354,517.0266,0.0000,0.0000,0.0000
98.8500,19.7101,-3.3500,28986.9362,2381.4089,511.5267,0.0000,0.0000,0.0000
98.8667,19.7122,-3.1000,28779.9325,2366.1781,506.0271,0.0000,0.0000,0.0000
98.8833,19.7143,-2.8500,28571.9058,2350.8456,500.5276,0.0000,0.0000,0.0000
98.9000,19.7164,-2.6000,28362.8799,2335.4136,495.0284,0.0000,0.0000,0.0000
98.9167,19.7185,-2.3500,28152.8780,2319.8844,489.5294,0.0000,0.0000,0.0000
98.9333,19.7206,-2.1000,27941.9234,2304.2604,484.0307,0.0000,0.0000,0.0000
98.9500,19.7227,-1.8500,27730.0389,2288.5439,478.5321,0.0000,0.0000,0.0000
98.9667,19.7248,-1.6000,27517.2472,2272.7371,473.0337,0.0000,0.0000,0.0000
98.9833,19.7270,-1.3500,27303.5707,2256.8422,467.5355,0.0000,0.0000,0.0000
99.0000,19.7291,-1.1000,27089.0316,2240.8616,462.0376,0.0000,0.0000,0.0000
99.0167,19.7294,-1.2767,27062.5405,2239.4816,465.9623,0.0000,0.0000,0.0000
99.0333,19.7292,-1.4533,27075.1641,2237.9079,469.8784,0.0000,0.0000,0.0000
99.0500,19.7290,-1.6300,27095.7012,2236.2655,473.7927,0.0000,0.0000,0.0000
99.0667,19.7288,-1.8067,27117.7004,2234.5915,477.7067,0.0000,0.0000,0.0000
99.0833,19.7286,-1.9833,27139.9318,2232.9070,481.6206,0.0000,0.0000,0.0000
99.1000,19.7284,-2.1600,27162.2752,2231.2306,485.5346,0.0000,0.0000,0.0000
99.1167,19.7282,-2.3367,27184.8479,2229.5806,489.4484,0.0000,0.0000,0.0000
99.1333,19.7279,-2.5133,27207.8150,2227.9748,493.3622,0.0000,0.0000,0.0000
99.1500,19.7277,-2.6900,27231.3458,2226.4304,497.2758,0.0000,0.0000,0.0000
99.1667,19.7274,-2.8667,27255.6015,2224.9633,501.1893,0.0000,0.0000,0.0000
99.1833,19.7272,-3.0433,27280.7323,2223.5882,505.1026,0.0000,0.0000,0.0000
99.2000,19.7269,-3.2200,27306.8753,2222.3185,509.0157,0.0000,0.0000,0.0000
99.2167,19.7267,-3.3967,27334.1548,2221.1662,512.9285,0.0000,0.0000,0.0000
99.2333,19.7264,-3.5733,27362.6829,2220.1422,516.8411,0.0000,0.0000,0.0000
99.2500,19.7261,-3.7500,27392.5603,2219.2564,520.7533,0.0000,0.0000,0.0000
99.2667,19.7258,-3.9267,27423.8780,2218.5175,524.6653,0.0000,0.0000,0.0000
99.2833,19.7254,-4.1033,27456.7179,2217.9336,528.5768,0.0000,0.0000,0.0000
99.3000,19.7251,-4.2800,27491.1545,2217.5118,532.4881,0.0000,0.0000,0.0000
99.3167,19.7247,-4.4567,27527.2552,2217.2587,536.3989,0.0000,0.0000,0.0000
99.3333,19.7243,-4.6333,27565.0814,2217.1803,540.3094,0.0000,0.0000,0.0000
99.3500,19.7240,-4.8100,27604.6887,2217.2820,544.2195,0.0000,0.0000,0.0000
99.3667,19.7235,-4.9867,27646.1273,2217.5686,548.1292,0.0000,0.0000,0.0000
99.3833,19.7231,-5.1633,27689.4421,2218.0446,552.0385,0.0000,0.0000,0.0000
99.4000,19.7227,-5.3400,27734.6732,2218.7138,555.9473,0.0000,0.0000,0.0000
99.4167,19.7222,-5.5167,27781.8557,2219.5796,559.8557,0.0000,0.0000,0.0000
99.4333,19.7217,-5.6933,27831.0201,2220.6449,563.7637,0.0000,0.0000,0.0000
99.4500,19.7212,-5.8700,27882.1926,2221.9122,567.6712,0.0000,0.0000,0.0000
99.4667,19.7206,-6.0467,27935.3952,2223.3835,571.5783,0.0000,0.0000,0.0000
99.4833,19.7201,-6.2233,27990.6458,2225.0607,575.4849,0.0000,0.0000,0.0000
99.5000,19.7195,-6.4000,28047.9585,2226.9449,579.3910,0.0000,0.0000,0.0000
99.5167,19.7189,-6.5767,28107.3440,2229.0372,583.2967,0.0000,0.0000,0.0000
99.5333,19.7183,-6.7533,28168.8092,2231.3381,587.2020,0.0000,0.0000,0.0000
99.5500,19.7177,-6.9300,28232.3584,2233.8479,591.1068,0.0000,0.0000,0.0000
99.5667,19.7170,-7.1067,28297.9924,2236.5668,595.0111,0.0000,0.0000,0.0000
99.5833,19.7163,-7.2833,28365.7094,2239.4943,598.9149,0.0000,0.0000,0.0000
99.6000,19.7156,-7.4600,28435.5053,2242.6301,602.8183,0.0000,0.0000,0.0000
99.6167,19.7149,-7.6367,28507.3731,2245.9734,606.7212,0.0000,0.0000,0.0000
99.6333,19.7142,-7.8133,28581.3040,2249.5231,610.6237,0.0000,0.0000,0.0000
99.6500,19.7134,-7.9900,28657.2869,2253.2782,614.5257,0.0000,0.0000,0.0000
99.6667,19.7126,-8.1667,28735.3089,2257.2373,618.4273,0.0000,0.0000,0.0000
99.6833,19.7118,-8.3433,28815.3553,2261.3988,622.3284,0.0000,0.0000,0.0000
99.7000,19.7110,-8.5200,28897.4099,2265.7612,626.2291,0.0000,0.0000,0.0000
99.7167,19.7102,-8.6967,28981.4550,2270.3225,630.1293,0.0000,0.0000,0.0000
99.7333,19.7093,-8.8733,29067.4717,2275.0809,634.0291,0.0000,0.0000,0.0000
99.7500,19.7084,-9.0500,29155.4396,2280.0343,637.9285,0.0000,0.0000,0.0000
99.7667,19.7075,-9.2267,29245.3376,2285.1805,641.8274,0.0000,0.0000,0.0000
99.7833,19.7066,-9.4033,29337.1433,2290.5172,645.7259,0.0000,0.0000,0.0000
99.8000,19.7057,-9.5800,29430.8338,2296.0422,649.6240,0.0000,0.0000,0.0000
99.8167,19.7047,-9.7567,29526.3850,2301.7530,653.5217,0.0000,0.0000,0.0000
99.8333,19.7038,-9.9333,29623.7726,2307.6471,657.4189,0.0000,0.0000,0.0000
99.8500,19.7028,-10.1100,29722.9714,2313.7220,661.3158,0.0000,0.0000,0.0000
99.8667,19.7018,-10.2867,29823.9557,2319.9752,665.2123,0.0000,0.0000,0.0000
99.8833,19.7007,-10.4633,29926.6994,2326.4039,669.1084,0.0000,0.0000,0.0000
99.9000,19.6997,-10.6400,30031.1763,2333.0056,673.0041,0.0000,0.0000,0.0000
99.9167,19.6986,-10.8167,30137.3595,2339.7775,676.8994,0.0000,0.0000,0.0000
99.9333,19.6975,-10.9933,30245.2221,2346.7170,680.7943,0.0000,0.0000,0.0000
99.9500,19.6965,-11.1700,30354.7370,2353.8212,684.6889,0.0000,0.0000,0.0000
99.9667,19.6953,-11.3467,30465.8770,2361.0876,688.5831,0.0000,0.0000,0.0000
99.9833,19.6942,-11.5233,30578.6146,2368.5133,692.4770,0.0000,0.0000,0.0000
100.0000,19.6931,-11.7000,30692.9225,2376.0956,696.3705,0.0000,0.0000,0.0000
100.0167,19.6929,-11.6617,30712.7886,2376.3964,695.5158,0.0000,0.0000,0.0000
100.0333,19.6929,-11.6233,30714.6722,2376.8973,694.6650,0.0000,0.0000,0.0000
100.0500,19.6929,-11.5850,30713.4912,2377.5398,693.8150,0.0000,0.0000,0.0000
100.0667,19.6929,-11.5467,30712.5426,2378.3046,692.9649,0.0000,0.0000,0.0000
100.0833,19.6929,-11.5083,30712.4970,2379.1799,692.1146,0.0000,0.0000,0.0000
100.1000,19.6929,-11.4700,30713.4246,2380.1545,691.2640,0.0000,0.0000,0.0000
100.1167,19.6928,-11.4317,30715.2541,2381.2172,690.4133,0.0000,0.0000,0.0000
100.1333,19.6928,-11.3933,30717.8803,2382.3564,689.5624,0.0000,0.0000,0.0000
100.1500,19.6928,-11.3550,30721.1904,2383.5604,688.7113,0.0000,0.0000,0.0000
100.1667,19.6927,-11.3167,30725.0719,2384.8181,687.8602,0.0000,0.0000,0.0000
100.1833,19.6927,-11.2783,30729.4158,2386.1186,687.0089,0.0000,0.0000,0.0000
100.2000,19.6927,-11.2400,30734.1181,2387.4517,686.1575,0.0000,0.0000,0.0000
100.2167,19.6926,-11.2017,30739.0806,2388.8077,685.3061,0.0000,0.0000,0.0000
100.2333,19.6926,-11.1633,30744.2112,2390.1776,684.4546,0.0000,0.0000,0.0000
100.2500,19.6925,-11.1250,30749.4239,2391.5529,683.6032,0.0000,0.0000,0.0000
100.2667,19.6925,-11.0867,30754.6393,2392.9260,682.7517,0.0000,0.0000,0.0000
100.2833,19.6924,-11.0483,30759.7839,2394.2896,681.9002,0.0000,0.0000,0.0000
100.3000,19.6924,-11.0100,30763.2267,2395.4758,681.0491,0.0000,0.0000,0.0000
100.3167,19.6923,-10.9717,30766.4467,2396.6395,680.1981,0.0000,0.0000,0.0000
100.3333,19.6923,-10.9333,30769.4232,2397.7779,679.3471,0.0000,0.0000,0.0000
100.3500,19.6923,-10.8950,30772.1257,2398.8876,678.4962,0.0000,0.0000,0.0000
100.3667,19.6923,-10.8567,30774.5200,2399.9649,677.6453,0.0000,0.0000,0.0000
100.3833,19.6922,-10.8183,30776.5723,2401.0066,676.7946,0.0000,0.0000,0.0000
100.4000,19.6922,-10.7800,30778.2509,2402.0095,675.9439,0.0000,0.0000,0.0000
100.4167,19.6922,-10.7417,30779.5265,2402.9708,675.0933,0.0000,0.0000,0.0000
100.4333,19.6922,-10.7033,30780.3725,2403.8879,674.2428,0.0000,0.0000,0.0000
100.4500,19.6922,-10.6650,30780.7648,2404.7585,673.3923,0.0000,0.0000,0.0000
100.4667,19.6922,-10.6267,30780.6821,2405.5807,672.5420,0.0000,0.0000,0.0000
100.4833,19.6922,-10.5883,30780.1052,2406.3525,671.6919,0.0000,0.0000,0.0000
100.5000,19.6922,-10.5500,30779.0175,2407.0724,670.8418,0.0000,0.0000,0.0000
100.5167,19.6922,-10.5117,30777.4044,2407.7391,669.9918,0.0000,0.0000,0.0000
100.5333,19.6922,-10.4733,30775.2532,2408.3513,669.1420,0.0000,0.0000,0.0000
100.5500,19.6923,-10.4350,30772.5532,2408.9080,668.2922,0.0000,0.0000,0.0000
100.5667,19.6923,-10.3967,30769.2956,2409.4085,667.4426,0.0000,0.0000,0.0000
100.5833,19.6923,-10.3583,30765.4729,2409.8521,666.5932,0.0000,0.0000,0.0000
100.6000,19.6924,-10.3200,30761.0793,2410.2382,665.7438,0.0000,0.0000,0.0000
100.6167,19.6924,-10.2817,30756.1103,2410.5664,664.8946,0.0000,0.0000,0.0000
100.6333,19.6925,-10.2433,30750.5629,2410.8366,664.0455,0.0000,0.0000,0.0000
100.6500,19.6926,-10.2050,30744.4350,2411.0485,663.1965,0.0000,0.0000,0.0000
100.6667,19.6926,-10.1667,30737.7258,2411.2020,662.3477,0.0000,0.0000,0.0000
100.6833,19.6927,-10.1283,30730.4354,2411.2974,661.4990,0.0000,0.0000,0.0000
100.7000,19.6928,-10.0900,30722.5648,2411.3346,660.6504,0.0000,0.0000,0.0000
100.7167,19.6929,-10.0517,30714.1159,2411.3140,659.8020,0.0000,0.0000,0.0000
100.7333,19.6929,-10.0133,30705.0914,2411.2358,658.9537,0.0000,0.0000,0.0000
100.7500,19.6930,-9.9750,30695.4946,2411.1004,658.1055,0.0000,0.0000,0.0000
100.7667,19.6931,-9.9367,30685.3296,2410.9082,657.2574,0.0000,0.0000,0.0000
100.7833,19.6933,-9.8983,30674.6010,2410.6597,656.4095,0.0000,0.0000,0.0000
100.8000,19.6934,-9.8600,30663.3137,2410.3554,655.5616,0.0000,0.0000,0.0000
100.8167,19.6935,-9.8217,30651.4733,2409.9960,654.7140,0.0000,0.0000,0.0000
100.8333,19.6936,-9.7833,30639.0860,2409.5819,653.8664,0.0000,0.0000,0.0000
100.8500,19.6937,-9.7450,30626.1579,2409.1139,653.0189,0.0000,0.0000,0.0000
100.8667,19.6939,-9.7067,30612.6957,2408.5927,652.1716,0.0000,0.0000,0.0000
100.8833,19.6940,-9.6683,30598.7065,2408.0190,651.3244,0.0000,0.0000,0.0000
100.9000,19.6942,-9.6300,30584.1975,2407.3935,650.4773,0.0000,0.0000,0.0000
100.9167,19.6943,-9.5917,30569.1760,2406.7169,649.6303,0.0000,0.0000,0.0000
100.9333,19.6945,-9.5533,30553.6498,2405.9900,648.7834,0.0000,0.0000,0.0000
100.9500,19.6946,-9.5150,30537.6266,2405.2137,647.9366,0.0000,0.0000,0.0000
100.9667,19.6948,-9.4767,30521.1143,2404.3887,647.0900,0.0000,0.0000,0.0000
100.9833,19.6950,-9.4383,30504.1210,2403.5158,646.2434,0.0000,0.0000,0.0000
101.0000,19.6951,-9.4000,30486.6548,2402.5958,645.3970,0.0000,0.0000,0.0000
101.0167,19.6950,-9.4283,30495.8647,2403.9325,646.0234,0.0000,0.0000,0.0000
101.0333,19.6949,-9.4567,30512.0703,2405.2007,646.6483,0.0000,0.0000,0.0000
101.0500,19.6947,-9.4850,30529.9010,2406.4217,647.2729,0.0000,0.0000,0.0000
101.0667,19.6945,-9.5133,30547.9015,2407.6028,647.8974,0.0000,0.0000,0.0000
101.0833,19.6943,-9.5417,30565.6906,2408.7480,648.5219,0.0000,0.0000,0.0000
101.1000,19.6942,-9.5700,30583.1837,2409.8602,649.1466,0.0000,0.0000,0.0000
101.1167,19.6940,-9.5983,30600.3786,2410.9425,649.7712,0.0000,0.0000,0.0000
101.1333,19.6938,-9.6267,30617.2969,2411.9981,650.3960,0.0000,0.0000,0.0000
101.1500,19.6937,-9.6550,30633.9668,2413.0299,651.0208,0.0000,0.0000,0.0000
101.1667,19.6935,-9.6833,30650.4182,2414.0411,651.6456,0.0000,0.0000,0.0000
101.1833,19.6933,-9.7117,30666.6809,2415.0346,652.2705,0.0000,0.0000,0.0000
101.2000,19.6932,-9.7400,30682.7840,2416.0133,652.8955,0.0000,0.0000,0.0000
101.2167,19.6930,-9.7683,30698.7554,2416.9800,653.5204,0.0000,0.0000,0.0000
101.2333,19.6929,-9.7967,30714.6220,2417.9373,654.1454,0.0000,0.0000,0.0000
101.2500,19.6927,-9.8250,30730.4088,2418.8877,654.7704,0.0000,0.0000,0.0000
101.2667,19.6925,-9.8533,30746.1397,2419.8335,655.3954,0.0000,0.0000,0.0000
101.2833,19.6924,-9.8817,30761.8372,2420.7768,656.0204,0.0000,0.0000,0.0000
101.3000,19.6922,-9.9100,30777.5222,2421.7198,656.6454,0.0000,0.0000,0.0000
101.3167,19.6921,-9.9383,30793.2142,2422.6643,657.2704,0.0000,0.0000,0.0000
101.3333,19.6919,-9.9667,30808.9316,2423.6121,657.8955,0.0000,0.0000,0.0000
101.3500,19.6918,-9.9950,30824.6911,2424.5649,658.5205,0.0000,0.0000,0.0000
101.3667,19.6916,-10.0233,30840.5085,2425.5240,659.1455,0.0000,0.0000,0.0000
101.3833,19.6914,-10.0517,30856.3983,2426.4911,659.7704,0.0000,0.0000,0.0000
101.4000,19.6913,-10.0800,30872.3737,2427.4673,660.3954,0.0000,0.0000,0.0000
101.4167,19.6911,-10.1083,30888.4471,2428.4538,661.0203,0.0000,0.0000,0.0000
101.4333,19.6910,-10.1367,30904.6296,2429.4517,661.6452,0.0000,0.0000,0.0000
101.4500,19.6908,-10.1650,30920.9316,2430.4620,662.2701,0.0000,0.0000,0.0000
101.4667,19.6906,-10.1933,30937.3624,2431.4857,662.8950,0.0000,0.0000,0.0000
101.4833,19.6905,-10.2217,30953.9305,2432.5234,663.5198,0.0000,0.0000,0.0000
101.5000,19.6903,-10.2500,30970.6436,2433.5760,664.1446,0.0000,0.0000,0.0000
101.5167,19.6901,-10.2783,30987.5086,2434.6441,664.7693,0.0000,0.0000,0.0000
101.5333,19.6900,-10.3067,31004.5317,2435.7283,665.3941,0.0000,0.0000,0.0000
101.5500,19.6898,-10.3350,31021.7184,2436.8291,666.0187,0.0000,0.0000,0.0000
101.5667,19.6896,-10.3633,31039.0736,2437.9470,666.6434,0.0000,0.0000,0.0000
101.5833,19.6894,-10.3917,31056.6016,2439.0825,667.2680,0.0000,0.0000,0.0000
101.6000,19.6893,-10.4200,31074.3062,2440.2357,667.8926,0.0000,0.0000,0.0000
101.6167,19.6891,-10.4483,31092.1904,2441.4072,668.5171,0.0000,0.0000,0.0000
101.6333,19.6889,-10.4767,31110.2572,2442.5970,669.1416,0.0000,0.0000,0.0000
101.6500,19.6887,-10.5050,31128.5087,2443.8054,669.7660,0.0000,0.0000,0.0000
101.6667,19.6885,-10.5333,31146.9469,2445.0326,670.3905,0.0000,0.0000,0.0000
101.6833,19.6883,-10.5617,31165.5731,2446.2788,671.0148,0.0000,0.0000,0.0000
101.7000,19.6882,-10.5900,31184.3886,2447.5439,671.6391,0.0000,0.0000,0.0000
101.7167,19.6880,-10.6183,31203.3940,2448.8281,672.2634,0.0000,0.0000,0.0000
101.7333,19.6878,-10.6467,31222.5899,2450.1314,672.8877,0.0000,0.0000,0.0000
101.7500,19.6876,-10.6750,31241.9764,2451.4538,673.5119,0.0000,0.0000,0.0000
101.7667,19.6874,-10.7033,31261.5534,2452.7954,674.1360,0.0000,0.0000,0.0000
101.7833,19.6872,-10.7317,31281.3205,2454.1559,674.7601,0.0000,0.0000,0.0000
101.8000,19.6870,-10.7600,31301.2772,2455.5354,675.3842,0.0000,0.0000,0.0000
101.8167,19.6868,-10.7883,31321.4227,2456.9339,676.0082,0.0000,0.0000,0.0000
101.8333,19.6866,-10.8167,31341.7561,2458.3511,676.6322,0.0000,0.0000,0.0000
101.8500,19.6864,-10.8450,31362.2760,2459.7869,677.2562,0.0000,0.0000,0.0000
101.8667,19.6862,-10.8733,31382.9814,2461.2413,677.8801,0.0000,0.0000,0.0000
101.8833,19.6860,-10.9017,31403.8706,2462.7140,678.5039,0.0000,0.0000,0.0000
101.9000,19.6858,-10.9300,31424.9421,2464.2050,679.1278,0.0000,0.0000,0.0000
101.9167,19.6855,-10.9583,31446.1942,2465.7140,679.7515,0.0000,0.0000,0.0000
101.9333,19.6853,-10.9867,31467.6251,2467.2408,680.3753,0.0000,0.0000,0.0000
101.9500,19.6851,-11.0150,31489.2328,2468.7853,680.9990,0.0000,0.0000,0.0000
101.9667,19.6849,-11.0433,31511.0154,2470.3472,681.6227,0.0000,0.0000,0.0000
101.9833,19.6847,-11.0717,31532.9707,2471.9263,682.2463,0.0000,0.0000,0.0000
102.0000,19.6844,-11.1000,31555.0966,2473.5224,682.8699,0.0000,0.0000,0.0000
102.0167,19.6847,-11.0083,31526.8221,2471.0029,680.8428,3.4716,0.0000,0.0000
102.0333,19.6851,-10.9167,31485.5808,2468.5125,678.8185,6.9432,0.0000,0.0000
102.0500,19.6856,-10.8250,31441.3089,2466.0174,676.7950,10.4148,0.0000,0.0000
102.0667,19.6860,-10.7333,31396.2406,2463.5096,674.7716,13.8864,0.0000,0.0000
102.0833,19.6865,-10.6417,31350.8671,2460.9860,672.7483,17.3580,0.0000,0.0000
102.1000,19.6869,-10.5500,31305.2778,2458.4435,670.7250,20.8296,0.0000,0.0000
102.1167,19.6874,-10.4583,31259.4658,2455.8783,668.7018,24.3012,0.0000,0.0000
102.1333,19.6879,-10.3667,31213.3988,2453.2865,666.6787,27.7728,0.0000,0.0000
102.1500,19.6883,-10.2750,31167.0370,2450.6639,664.6556,31.2444,0.0000,0.0000
102.1667,19.6888,-10.1833,31120.3389,2448.0062,662.6325,34.7160,0.0000,0.0000
102.1833,19.6893,-10.0917,31073.2633,2445.3094,660.6096,38.1876,0.0000,0.0000
102.2000,19.6897,-10.0000,31025.7704,2442.5695,658.5868,41.6592,0.0000,0.0000
102.2167,19.6902,-9.9083,30977.8225,2439.7828,656.5640,45.1308,0.0000,0.0000
102.2333,19.6907,-9.8167,30929.3845,2436.9458,654.5414,48.6024,0.0000,0.0000
102.2500,19.6912,-9.7250,30880.4238,2434.0554,652.5189,52.0740,0.0000,0.0000
102.2667,19.6917,-9.6333,30830.9106,2431.1086,650.4965,55.5456,0.0000,0.0000
102.2833,19.6922,-9.5417,30780.8178,2428.1029,648.4742,59.0172,0.0000,0.0000
102.3000,19.6927,-9.4500,30730.1210,2425.0359,646.4521,62.4888,0.0000,0.0000
102.3167,19.6932,-9.3583,30678.7984,2421.9054,644.4301,65.9604,0.0000,0.0000
102.3333,19.6937,-9.2667,30626.8308,2418.7097,642.4082,69.4320,0.0000,0.0000
102.3500,19.6943,-9.1750,30574.2013,2415.4471,640.3865,72.9036,0.0000,0.0000
102.3667,19.6948,-9.0833,30520.8951,2412.1163,638.3650,76.3752,0.0000,0.0000
102.3833,19.6953,-8.9917,30466.8999,2408.7159,636.3436,79.8468,0.0000,0.0000
102.4000,19.6959,-8.9000,30412.2052,2405.2452,634.3223,83.3184,0.0000,0.0000
102.4167,19.6964,-8.8083,30356.8023,2401.7031,632.3013,86.7900,0.0000,0.0000
102.4333,19.6970,-8.7167,30300.6845,2398.0892,630.2803,90.2616,0.0000,0.0000
102.4500,19.6976,-8.6250,30243.8466,2394.4030,628.2596,93.7332,0.0000,0.0000
102.4667,19.6981,-8.5333,30186.2851,2390.6442,626.2389,97.2048,0.0000,0.0000
102.4833,19.6987,-8.4417,30127.9977,2386.8125,624.2185,100.6764,0.0000,0.0000
102.5000,19.6993,-8.3500,30068.9835,2382.9079,622.1982,104.1480,0.0000,0.0000
102.5167,19.6999,-8.2583,30009.2430,2378.9306,620.1781,107.6196,0.0000,0.0000
102.5333,19.7005,-8.1667,29948.7777,2374.8807,618.1581,111.0912,0.0000,0.0000
102.5500,19.7011,-8.0750,29887.5900,2370.7584,616.1383,114.5628,0.0000,0.0000
102.5667,19.7017,-7.9833,29825.6834,2366.5643,614.1187,118.0344,0.0000,0.0000
102.5833,19.7024,-7.8917,29763.0623,2362.2986,612.0992,121.5060,0.0000,0.0000
102.6000,19.7030,-7.8000,29699.7318,2357.9620,610.0799,124.9776,0.0000,0.0000
102.6167,19.7036,-7.7083,29635.6977,2353.5551,608.0607,128.4492,0.0000,0.0000
102.6333,19.7043,-7.6167,29570.9664,2349.0786,606.0417,131.9208,0.0000,0.0000
102.6500,19.7049,-7.5250,29505.5449,2344.5331,604.0228,135.3924,0.0000,0.0000
102.6667,19.7056,-7.4333,29439.4410,2339.9194,602.0041,138.8640,0.0000,0.0000
102.6833,19.7063,-7.3417,29372.6626,2335.2384,599.9855,142.3356,0.0000,0.0000
102.7000,19.7069,-7.2500,29305.2181,2330.4909,597.9671,145.8072,0.0000,0.0000
102.7167,19.7076,-7.1583,29237.1164,2325.6778,595.9488,149.2788,0.0000,0.0000
102.7333,19.7083,-7.0667,29168.3666,2320.8001,593.9307,152.7504,0.0000,0.0000
102.7500,19.7090,-6.9750,29098.9782,2315.8587,591.9127,156.2220,0.0000,0.0000
102.7667,19.7097,-6.8833,29028.9610,2310.8545,589.8949,159.6936,0.0000,0.0000
102.7833,19.7104,-6.7917,28958.3248,2305.7887,587.8772,163.1652,0.0000,0.0000
102.8000,19.7111,-6.7000,28887.0798,2300.6622,585.8596,166.6368,0.0000,0.0000
102.8167,19.7118,-6.6083,28815.2363,2295.4760,583.8422,170.1084,0.0000,0.0000
102.8333,19.7126,-6.5167,28742.8048,2290.2312,581.8248,173.5800,0.0000,0.0000
102.8500,19.7133,-6.4250,28669.7959,2284.9289,579.8077,177.0516,0.0000,0.0000
102.8667,19.7140,-6.3333,28596.2201,2279.5701,577.7906,180.5232,0.0000,0.0000
102.8833,19.7148,-6.2417,28522.0884,2274.1560,575.7737,183.9948,0.0000,0.0000
102.9000,19.7155,-6.1500,28447.4115,2268.6875,573.7569,187.4664,0.0000,0.0000
102.9167,19.7163,-6.0583,28372.2004,2263.1659,571.7402,190.9380,0.0000,0.0000
102.9333,19.7170,-5.9667,28296.4660,2257.5922,569.7236,194.4096,0.0000,0.0000
102.9500,19.7178,-5.8750,28220.2192,2251.9675,567.7071,197.8812,0.0000,0.0000
102.9667,19.7186,-5.7833,28143.4712,2246.2929,565.6908,201.3528,0.0000,0.0000
102.9833,19.7193,-5.6917,28066.2330,2240.5695,563.6745,204.8244,0.0000,0.0000
103.0000,19.7201,-5.6000,27988.5165,2234.7986,561.6584,208.2960,0.0000,0.0000
103.0167,19.7208,-5.5350,27920.6741,2229.7336,560.2316,231.0192,0.0000,0.0000
103.0333,19.7215,-5.4700,27853.7207,2224.4884,558.8046,253.7424,0.0000,0.0000
103.0500,19.7221,-5.4050,27785.8577,2219.0985,557.3778,276.4656,0.0000,0.0000
103.0667,19.7228,-5.3400,27716.8507,2213.5874,555.9512,299.1888,0.0000,0.0000
103.0833,19.7235,-5.2750,27646.7880,2207.9736,554.5249,321.9120,0.0000,0.0000
103.1000,19.7242,-5.2100,27575.8150,2202.2733,553.0988,344.6352,0.0000,0.0000
103.1167,19.7250,-5.1450,27504.0824,2196.5018,551.6729,367.3584,0.0000,0.0000
103.1333,19.7257,-5.0800,27431.7407,2190.6742,550.2471,390.0816,0.0000,0.0000
103.1500,19.7264,-5.0150,27358.9450,2184.8061,548.8214,412.8048,0.0000,0.0000
103.1667,19.7271,-4.9500,27285.8632,2178.9148,547.3958,435.5280,0.0000,0.0000
103.1833,19.7279,-4.8850,27212.6882,2173.0207,545.9701,458.2512,0.0000,0.0000
103.2000,19.7286,-4.8200,27139.6601,2167.1493,544.5445,480.9744,0.0000,0.0000
103.2167,19.7293,-4.7550,27067.1152,2161.3378,543.1187,503.6976,0.0000,0.0000
103.2333,19.7300,-4.6900,26995.6376,2155.6543,541.6927,526.4208,0.0000,0.0000
103.2500,19.7307,-4.6250,26925.8665,2150.1341,540.2664,549.1440,0.0000,0.0000
103.2667,19.7315,-4.5600,26849.2712,2143.6631,538.8415,571.8672,0.0000,0.0000
103.2833,19.7323,-4.4950,26766.4658,2136.6181,537.4180,594.5904,0.0000,0.0000
103.3000,19.7332,-4.4300,26679.0520,2129.1548,535.9956,617.3136,0.0000,0.0000
103.3167,19.7341,-4.3650,26587.8452,2121.3356,534.5739,640.0368,0.0000,0.0000
103.3333,19.7351,-4.3000,26493.3026,2113.1960,533.1531,662.7600,0.0000,0.0000
103.3500,19.7360,-4.2350,26395.7080,2104.7592,531.7329,685.4832,0.0000,0.0000
103.3667,19.7370,-4.1700,26295.2548,2096.0419,530.3133,708.2064,0.0000,0.0000
103.3833,19.7381,-4.1050,26192.0842,2087.0567,528.8943,730.9296,0.0000,0.0000
103.4000,19.7391,-4.0400,26086.3048,2077.8134,527.4759,753.6528,0.0000,0.0000
103.4167,19.7402,-3.9750,25978.0030,2068.3200,526.0581,776.3760,0.0000,0.0000
103.4333,19.7413,-3.9100,25867.2498,2058.5832,524.6408,799.0992,0.0000,0.0000
103.4500,19.7425,-3.8450,25754.1046,2048.6085,523.2241,821.8224,0.0000,0.0000
103.4667,19.7436,-3.7800,25638.6181,2038.4008,521.8079,844.5456,0.0000,0.0000
103.4833,19.7448,-3.7150,25520.8342,2027.9642,520.3921,867.2688,0.0000,0.0000
103.5000,19.7460,-3.6500,25400.7915,2017.3025,518.9769,889.9920,0.0000,0.0000
103.5167,19.7472,-3.5850,25278.5242,2006.4189,517.5622,912.7152,0.0000,0.0000
103.5333,19.7485,-3.5200,25154.0630,1995.3164,516.1479,935.4384,0.0000,0.0000
103.5500,19.7497,-3.4550,25027.4359,1983.9977,514.7342,958.1616,0.0000,0.0000
103.5667,19.7510,-3.3900,24898.6683,1972.4653,513.3209,980.8848,0.0000,0.0000
103.5833,19.7523,-3.3250,24767.7839,1960.7215,511.9081,1003.6080,0.0000,0.0000
103.6000,19.7537,-3.2600,24634.8044,1948.7685,510.4957,1026.3312,0.0000,0.0000
103.6167,19.7550,-3.1950,24499.7504,1936.6082,509.0838,1049.0544,0.0000,0.0000
103.6333,19.7564,-3.1300,24362.6413,1924.2425,507.6724,1071.7776,0.0000,0.0000
103.6500,19.7578,-3.0650,24223.4954,1911.6733,506.2614,1094.5008,0.0000,0.0000
103.6667,19.7592,-3.0000,24082.3304,1898.9024,504.8509,1117.2240,0.0000,0.0000
103.6833,19.7606,-2.9350,23939.1632,1885.9312,503.4408,1139.9472,0.0000,0.0000
103.7000,19.7621,-2.8700,23794.0099,1872.7616,502.0311,1162.6704,0.0000,0.0000
103.7167,19.7635,-2.8050,23646.8864,1859.3950,500.6219,1185.3936,0.0000,0.0000
103.7333,19.7650,-2.7400,23497.8082,1845.8330,499.2131,1208.1168,0.0000,0.0000
103.7500,19.7665,-2.6750,23346.7902,1832.0771,497.8048,1230.8400,0.0000,0.0000
103.7667,19.7681,-2.6100,23193.8471,1818.1288,496.3969,1253.5632,0.0000,0.0000
103.7833,19.7696,-2.5450,23038.9936,1803.9894,494.9894,1276.2864,0.0000,0.0000
103.8000,19.7712,-2.4800,22882.2439,1789.6604,493.5823,1299.0096,0.0000,0.0000
103.8167,19.7728,-2.4150,22723.6122,1775.1433,492.1756,1321.7328,0.0000,0.0000
103.8333,19.7744,-2.3500,22563.1124,1760.4394,490.7694,1344.4560,0.0000,0.0000
103.8500,19.7760,-2.2850,22400.7586,1745.5502,489.3636,1367.1792,0.0000,0.0000
103.8667,19.7776,-2.2200,22236.5644,1730.4770,487.9581,1389.9024,0.0000,0.0000
103.8833,19.7793,-2.1550,22070.5438,1715.2211,486.5531,1412.6256,0.0000,0.0000
103.9000,19.7810,-2.0900,21902.7103,1699.7840,485.1485,1435.3488,0.0000,0.0000
103.9167,19.7827,-2.0250,21733.0778,1684.1671,483.7443,1458.0720,0.0000,0.0000
103.9333,19.7844,-1.9600,21561.6598,1668.3716,482.3404,1480.7952,0.0000,0.0000
103.9500,19.7861,-1.8950,21388.4700,1652.3990,480.9370,1503.5184,0.0000,0.0000
103.9667,19.7879,-1.8300,21213.5221,1636.2507,479.5340,1526.2416,0.0000,0.0000
103.9833,19.7896,-1.7650,21036.8296,1619.9279,478.1313,1548.9648,0.0000,0.0000
104.0000,19.7914,-1.7000,20858.4064,1603.4321,476.7290,1571.6880,0.0000,0.0000
104.0167,19.7932,-1.6350,20678.6011,1586.8094,475.3271,1592.9910,0.0000,0.0000
104.0333,19.7950,-1.5700,20497.4448,1570.0520,473.9254,1614.2940,0.0000,0.0000
104.0500,19.7969,-1.5050,20314.9116,1553.1557,472.5240,1635.5970,0.0000,0.0000
104.0667,19.7987,-1.4400,20130.9770,1536.1182,471.1230,1656.9000,0.0000,0.0000
104.0833,19.8005,-1.3750,19945.6252,1518.9381,469.7223,1678.2030,0.0000,0.0000
104.1000,19.8024,-1.3100,19758.8479,1501.6149,468.3218,1699.5060,0.0000,0.0000
104.1167,19.8043,-1.2450,19570.6420,1484.1485,466.9217,1720.8090,0.0000,0.0000
104.1333,19.8062,-1.1800,19381.0080,1466.5389,465.5220,1742.1120,0.0000,0.0000
104.1500,19.8081,-1.1150,19189.9493,1448.7867,464.1225,1763.4150,0.0000,0.0000
104.1667,19.8100,-1.0500,18997.4711,1430.8923,462.7233,1784.7180,0.0000,0.0000
104.1833,19.8120,-0.9850,18803.5800,1412.8566,461.3245,1806.0210,0.0000,0.0000
104.2000,19.8139,-0.9200,18608.2839,1394.6803,459.9260,1827.3240,0.0000,0.0000
104.2167,19.8159,-0.8550,18411.5916,1376.3644,458.5278,1848.6270,0.0000,0.0000
104.2333,19.8179,-0.7900,18213.5127,1357.9098,457.1298,1869.9300,0.0000,0.0000
104.2500,19.8199,-0.7250,18014.0574,1339.3176,455.7322,1891.2330,0.0000,0.0000
104.2667,19.8219,-0.6600,17813.2363,1320.5889,454.3349,1912.5360,0.0000,0.0000
104.2833,19.8239,-0.5950,17611.0606,1301.7247,452.9379,1933.8390,0.0000,0.0000
104.3000,19.8259,-0.5300,17407.5417,1282.7263,451.5412,1955.1420,0.0000,0.0000
104.3167,19.8280,-0.4650,17202.6913,1263.5949,450.1448,1976.4450,0.0000,0.0000
104.3333,19.8300,-0.4000,16996.5215,1244.3316,448.7487,1997.7480,0.0000,0.0000
104.3500,19.8321,-0.3350,16789.0445,1224.9377,447.3529,2019.0510,0.0000,0.0000
104.3667,19.8342,-0.2700,16580.2727,1205.4144,445.9573,2040.3540,0.0000,0.0000
104.3833,19.8363,-0.2050,16370.2186,1185.7630,444.5621,2061.6570,0.0000,0.0000
104.4000,19.8384,-0.1400,16158.8947,1165.9847,443.1671,2082.9600,0.0000,0.0000
104.4167,19.8405,-0.0750,15946.3140,1146.0809,441.7724,2104.2630,0.0000,0.0000
104.4333,19.8427,-0.0100,15732.4890,1126.0528,440.3780,2125.5660,0.0000,0.0000
104.4500,19.8448,0.0550,15517.4328,1105.9018,438.9839,2146.8690,0.0000,0.0000
104.4667,19.8470,0.1200,15301.1581,1085.6290,437.5900,2168.1720,0.0000,0.0000
104.4833,19.8492,0.1850,15083.6780,1065.2358,436.1964,2189.4750,0.0000,0.0000
104.5000,19.8513,0.2500,14865.0053,1044.7236,434.8030,2210.7780,0.0000,0.0000
104.5167,19.8535,0.3150,14645.1530,1024.0935,433.4099,2232.0810,0.0000,0.0000
104.5333,19.8558,0.3800,14424.1341,1003.3469,432.0171,2253.3840,0.0000,0.0000
104.5500,19.8580,0.4450,14201.9613,982.4851,430.6246,2274.6870,0.0000,0.0000
104.5667,19.8602,0.5100,13978.6477,961.5094,429.2322,2295.9900,0.0000,0.0000
104.5833,19.8625,0.5750,13754.2062,940.4210,427.8402,2317.2930,0.0000,0.0000
104.6000,19.8647,0.6400,13528.6495,919.2213,426.4484,2338.5960,0.0000,0.0000
104.6167,19.8670,0.7050,13301.9905,897.9116,425.0568,2359.8990,0.0000,0.0000
104.6333,19.8693,0.7700,13074.2419,876.4930,423.6655,2381.2020,0.0000,0.0000
104.6500,19.8715,0.8350,12845.4165,854.9670,422.2744,2402.5050,0.0000,0.0000
104.6667,19.8738,0.9000,12615.5269,833.3347,420.8835,2423.8080,0.0000,0.0000
104.6833,19.8762,0.9650,12384.5859,811.5974,419.4929,2445.1110,0.0000,0.0000
104.7000,19.8785,1.0300,12152.6060,789.7564,418.1025,2466.4140,0.0000,0.0000
104.7167,19.8808,1.0950,11919.5996,767.8129,416.7123,2487.7170,0.0000,0.0000
104.7333,19.8831,1.1600,11685.5794,745.7683,415.3224,2509.0200,0.0000,0.0000
104.7500,19.8855,1.2250,11450.5576,723.6236,413.9327,2530.3230,0.0000,0.0000
104.7667,19.8879,1.2900,11214.5467,701.3802,412.5432,2551.6260,0.0000,0.0000
104.7833,19.8902,1.3550,10977.5588,679.0393,411.1539,2572.9290,0.0000,0.0000
104.8000,19.8926,1.4200,10739.6062,656.6021,409.7648,2594.2320,0.0000,0.0000
104.8167,19.8950,1.4850,10500.7009,634.0699,408.3760,2615.5350,0.0000,0.0000
104.8333,19.8974,1.5500,10260.8549,611.4437,406.9873,2636.8380,0.0000,0.0000
104.8500,19.8998,1.6150,10020.0801,588.7248,405.5989,2658.1410,0.0000,0.0000
104.8667,19.9022,1.6800,9778.3884,565.9144,404.2107,2679.4440,0.0000,0.0000
104.8833,19.9046,1.7450,9535.7914,543.0137,402.8226,2700.7470,0.0000,0.0000
104.9000,19.9071,1.8100,9292.3009,520.0238,401.4348,2722.0500,0.0000,0.0000
104.9167,19.9095,1.8750,9047.9284,496.9458,400.0471,2743.3530,0.0000,0.0000
104.9333,19.9120,1.9400,8802.6855,473.7810,398.6597,2764.6560,0.0000,0.0000
104.9500,19.9144,2.0050,8556.5834,450.5305,397.2724,2785.9590,0.0000,0.0000
104.9667,19.9169,2.0700,8309.6335,427.1953,395.8854,2807.2620,0.0000,0.0000
104.9833,19.9194,2.1350,8061.8470,403.7767,394.4985,2828.5650,0.0000,0.0000
105.0000,19.9219,2.2000,7813.2352,380.2757,393.1118,2849.8680,0.0000,0.0000
105.0167,19.9242,2.2367,7578.7711,358.0221,392.3504,2862.6498,0.0000,0.0000
105.0333,19.9265,2.2733,7349.0672,335.9618,391.5880,2875.4316,0.0000,0.0000
105.0500,19.9288,2.3100,7121.6469,314.0549,390.8251,2888.2134,0.0000,0.0000
105.0667,19.9310,2.3467,6895.6983,292.2703,390.0619,2900.9952,0.0000,0.0000
105.0833,19.9333,2.3833,6670.8587,270.5854,389.2984,2913.7770,0.0000,0.0000
105.1000,19.9355,2.4200,6446.9167,248.9838,388.5348,2926.5588,0.0000,0.0000
105.1167,19.9378,2.4567,6223.7286,227.4531,387.7709,2939.3406,0.0000,0.0000
105.1333,19.9400,2.4933,6001.1893,205.9841,387.0069,2952.1224,0.0000,0.0000
105.1500,19.9422,2.5300,5779.2191,184.5695,386.2428,2964.9042,0.0000,0.0000
105.1667,19.9444,2.5667,5557.7567,163.2039,385.4786,2977.6860,0.0000,0.0000
105.1833,19.9466,2.6033,5336.7539,141.8828,384.7143,2990.4678,0.0000,0.0000
105.2000,19.9488,2.6400,5116.1730,120.6028,383.9498,3003.2496,0.0000,0.0000
105.2167,19.9510,2.6767,4895.9841,99.3611,383.1853,3016.0314,0.0000,0.0000
105.2333,19.9532,2.7133,4676.1639,78.1556,382.4207,3028.8132,0.0000,0.0000
105.2500,19.9554,2.7500,4456.6937,56.9846,381.6561,3041.5950,0.0000,0.0000
105.2667,19.9576,2.7867,4237.5592,35.8468,380.8913,3054.3768,0.0000,0.0000
105.2833,19.9598,2.8233,4018.7490,14.7411,380.1265,3067.1586,0.0000,0.0000
105.3000,19.9620,2.8600,3800.2548,-6.3332,379.3616,3079.9404,0.0000,0.0000
105.3167,19.9642,2.8967,3582.0699,-27.3767,378.5967,3092.7222,0.0000,0.0000
105.3333,19.9664,2.9333,3364.1896,-48.3899,377.8317,3105.5040,0.0000,0.0000
105.3500,19.9685,2.9700,3146.6106,-69.3729,377.0666,3118.2858,0.0000,0.0000
105.3667,19.9707,3.0067,2929.3305,-90.3261,376.3014,3131.0676,0.0000,0.0000
105.3833,19.9729,3.0433,2712.3479,-111.2495,375.5362,3143.8494,0.0000,0.0000
105.4000,19.9750,3.0800,2495.6621,-132.1431,374.7709,3156.6312,0.0000,0.0000
105.4167,19.9772,3.1167,2279.2729,-153.0071,374.0056,3169.4130,0.0000,0.0000
105.4333,19.9794,3.1533,2063.1804,-173.8413,373.2402,3182.1948,0.0000,0.0000
105.4500,19.9815,3.1900,1847.3850,-194.6457,372.4747,3194.9766,0.0000,0.0000
105.4667,19.9837,3.2267,1631.8875,-215.4203,371.7091,3207.7584,0.0000,0.0000
105.4833,19.9858,3.2633,1416.6885,-236.1649,370.9435,3220.5402,0.0000,0.0000
105.5000,19.9880,3.3000,1201.7891,-256.8794,370.1778,3233.3220,0.0000,0.0000
105.5167,19.9901,3.3367,987.1900,-277.5639,369.4121,3246.1038,0.0000,0.0000
105.5333,19.9923,3.3733,772.8922,-298.2181,368.6463,3258.8856,0.0000,0.0000
105.5500,19.9944,3.4100,558.8966,-318.8420,367.8804,3271.6674,0.0000,0.0000
105.5667,19.9965,3.4467,345.2038,-339.4355,367.1144,3284.4492,0.0000,0.0000
105.5833,19.9987,3.4833,131.8148,-359.9985,366.3484,3297.2310,0.0000,0.0000
105.6000,20.0034,3.5200,0.0000,-379.2371,365.6400,3310.0128,0.0000,0.0000
105.6167,20.0144,3.5567,0.0000,-395.3885,365.0700,3322.7946,0.0000,0.0000
105.6333,20.0305,3.5933,0.0000,-409.0709,364.6150,3335.5764,0.0000,0.0000
105.6500,20.0511,3.6300,0.0000,-420.7304,364.2576,3348.3582,0.0000,0.0000
105.6667,20.0754,3.6667,0.0000,-430.7258,363.9837,3361.1400,0.0000,0.0000
105.6833,20.1030,3.7033,0.0000,-439.3479,363.7814,3373.9218,0.0000,0.0000
105.7000,20.1333,3.7400,0.0000,-446.8339,363.6411,3386.7036,0.0000,0.0000
105.7167,20.1661,3.7767,0.0000,-453.3777,363.5547,3399.4854,0.0000,0.0000
105.7333,20.2010,3.8133,0.0000,-459.1383,363.5154,3412.2672,0.0000,0.0000
105.7500,20.2377,3.8500,0.0000,-464.2468,363.5176,3425.0490,0.0000,0.0000
105.7667,20.2762,3.8867,0.0000,-468.8111,363.5565,3437.8308,0.0000,0.0000
105.7833,20.3160,3.9233,0.0000,-472.9202,363.6281,3450.6126,0.0000,0.0000
105.8000,20.3573,3.9600,0.0000,-476.6481,363.7292,3463.3944,0.0000,0.0000
105.8167,20.3997,3.9967,0.0000,-480.0560,363.8570,3476.1762,0.0000,0.0000
105.8333,20.4432,4.0333,0.0000,-483.1946,364.0090,3488.9580,0.0000,0.0000
105.8500,20.4877,4.0700,0.0000,-486.1062,364.1831,3501.7398,0.0000,0.0000
105.8667,20.5332,4.1067,0.0000,-488.8261,364.3778,3514.5216,0.0000,0.0000
105.8833,20.5795,4.1433,0.0000,-491.3837,364.5915,3527.3034,0.0000,0.0000
105.9000,20.6266,4.1800,0.0000,-493.8034,364.8229,3540.0852,0.0000,0.0000
105.9167,20.6744,4.2167,0.0000,-496.1060,365.0710,3552.8670,0.0000,0.0000
105.9333,20.7230,4.2533,0.0000,-498.3086,365.3349,3565.6488,0.0000,0.0000
105.9500,20.7722,4.2900,0.0000,-500.4258,365.6136,3578.4306,0.0000,0.0000
105.9667,20.8221,4.3267,0.0000,-502.4697,365.9065,3591.2124,0.0000,0.0000
105.9833,20.8726,4.3633,0.0000,-504.4507,366.2130,3603.9942,0.0000,0.0000
106.0000,20.9236,4.4000,0.0000,-506.3774,366.5326,3616.7760,0.0000,0.0000
106.0167,20.9753,4.4467,0.0000,-508.1750,366.6440,3621.3522,0.0000,0.0000
106.0333,21.0275,4.4933,0.0000,-509.6408,366.7664,3625.9284,0.0000,0.0000
106.0500,21.0801,4.5400,0.0000,-510.8772,366.8977,3630.5046,0.0000,0.0000
106.0667,21.1330,4.5867,0.0000,-511.9528,367.0367,3635.0808,0.0000,0.0000
106.0833,21.1863,4.6333,0.0000,-512.9150,367.1823,3639.6570,0.0000,0.0000
106.1000,21.2398,4.6800,0.0000,-513.7970,367.3338,3644.2332,0.0000,0.0000
106.1167,21.2935,4.7267,0.0000,-514.6225,367.4908,3648.8094,0.0000,0.0000
106.1333,21.3475,4.7733,0.0000,-515.4085,367.6528,3653.3856,0.0000,0.0000
106.1500,21.4017,4.8200,0.0000,-516.1672,367.8197,3657.9618,0.0000,0.0000
106.1667,21.4561,4.8667,0.0000,-516.9075,367.9911,3662.5380,0.0000,0.0000
106.1833,21.5107,4.9133,0.0000,-517.6356,368.1670,3667.1142,0.0000,0.0000
106.2000,21.5655,4.9600,0.0000,-518.3561,368.3473,3671.6904,0.0000,0.0000
106.2167,21.6204,5.0067,0.0000,-519.0722,368.5319,3676.2666,0.0000,0.0000
106.2333,21.6756,5.0533,0.0000,-519.7860,368.7207,3680.8428,0.0000,0.0000
106.2500,21.7310,5.1000,0.0000,-520.4990,368.9138,3685.4190,0.0000,0.0000
106.2667,21.7866,5.1467,0.0000,-521.2120,369.1110,3689.9952,0.0000,0.0000
106.2833,21.8423,5.1933,0.0000,-521.9256,369.3124,3694.5714,0.0000,0.0000
106.3000,21.8982,5.2400,0.0000,-522.6401,369.5179,3699.1476,0.0000,0.0000
106.3167,21.9543,5.2867,0.0000,-523.3554,369.7275,3703.7238,0.0000,0.0000
106.3333,22.0106,5.3333,0.0000,-524.0716,369.9412,3708.3000,0.0000,0.0000
106.3500,22.0671,5.3800,0.0000,-524.7884,370.1589,3712.8762,0.0000,0.0000
106.3667,22.1238,5.4267,0.0000,-525.5056,370.3807,3717.4524,0.0000,0.0000
106.3833,22.1806,5.4733,0.0000,-526.2231,370.6064,3722.0286,0.0000,0.0000
106.4000,22.2377,5.5200,0.0000,-526.9404,370.8360,3726.6048,0.0000,0.0000
106.4167,22.2949,5.5667,0.0000,-527.6574,371.0696,3731.1810,0.0000,0.0000
106.4333,22.3522,5.6133,0.0000,-528.3739,371.3071,3735.7572,0.0000,0.0000
106.4500,22.4098,5.6600,0.0000,-529.0896,371.5484,3740.3334,0.0000,0.0000
106.4667,22.4675,5.7067,0.0000,-529.8043,371.7935,3744.9096,0.0000,0.0000
106.4833,22.5254,5.7533,0.0000,-530.5179,372.0424,3749.4858,0.0000,0.0000
106.5000,22.5834,5.8000,0.0000,-531.2301,372.2950,3754.0620,0.0000,0.0000
106.5167,22.6416,5.8467,0.0000,-531.9409,372.5513,3758.6382,0.0000,0.0000
106.5333,22.7000,5.8933,0.0000,-532.6502,372.8112,3763.2144,0.0000,0.0000
106.5500,22.7586,5.9400,0.0000,-533.3578,373.0748,3767.7906,0.0000,0.0000
106.5667,22.8173,5.9867,0.0000,-534.0636,373.3418,3772.3668,0.0000,0.0000
106.5833,22.8762,6.0333,0.0000,-534.7677,373.6124,3776.9430,0.0000,0.0000
106.6000,22.9352,6.0800,0.0000,-535.4699,373.8865,3781.5192,0.0000,0.0000
106.6167,22.9943,6.1267,0.0000,-536.1703,374.1640,3786.0954,0.0000,0.0000
106.6333,23.0537,6.1733,0.0000,-536.8688,374.4449,3790.6716,0.0000,0.0000
106.6500,23.1132,6.2200,0.0000,-537.5654,374.7291,3795.2478,0.0000,0.0000
106.6667,23.1728,6.2667,0.0000,-538.2602,375.0166,3799.8240,0.0000,0.0000
106.6833,23.2326,6.3133,0.0000,-538.9531,375.3074,3804.4002,0.0000,0.0000
106.7000,23.2925,6.3600,0.0000,-539.6442,375.6013,3808.9764,0.0000,0.0000
106.7167,23.3525,6.4067,0.0000,-540.3335,375.8985,3813.5526,0.0000,0.0000
106.7333,23.4127,6.4533,0.0000,-541.0210,376.1988,3818.1288,0.0000,0.0000
106.7500,23.4731,6.5000,0.0000,-541.7068,376.5022,3822.7050,0.0000,0.0000
106.7667,23.5336,6.5467,0.0000,-542.3910,376.8087,3827.2812,0.0000,0.0000
106.7833,23.5942,6.5933,0.0000,-543.0734,377.1182,3831.8574,0.0000,0.0000
106.8000,23.6549,6.6400,0.0000,-543.7543,377.4306,3836.4336,0.0000,0.0000
106.8167,23.7158,6.6867,0.0000,-544.4337,377.7460,3841.0098,0.0000,0.0000
106.8333,23.7768,6.7333,0.0000,-545.1115,378.0644,3845.5860,0.0000,0.0000
106.8500,23.8380,6.7800,0.0000,-545.7880,378.3856,3850.1622,0.0000,0.0000
106.8667,23.8993,6.8267,0.0000,-546.4630,378.7096,3854.7384,0.0000,0.0000
106.8833,23.9607,6.8733,0.0000,-547.1367,379.0365,3859.3146,0.0000,0.0000
106.9000,24.0222,6.9200,0.0000,-547.8092,379.3661,3863.8908,0.0000,0.0000
106.9167,24.0839,6.9667,0.0000,-548.4804,379.6985,3868.4670,0.0000,0.0000
106.9333,24.1456,7.0133,0.0000,-549.1505,380.0336,3873.0432,0.0000,0.0000
106.9500,24.2075,7.0600,0.0000,-549.8195,380.3714,3877.6194,0.0000,0.0000
106.9667,24.2695,7.1067,0.0000,-550.4874,380.7118,3882.1956,0.0000,0.0000
106.9833,24.3317,7.1533,0.0000,-551.1543,381.0549,3886.7718,0.0000,0.0000
107.0000,24.3939,7.2000,0.0000,-551.8203,381.4006,3891.3480,0.0000,0.0000
107.0167,24.4559,7.2283,0.0000,-551.9777,382.1481,3895.4508,0.0000,0.0000
107.0333,24.5178,7.2567,0.0000,-552.2599,382.8919,3899.5536,0.0000,0.0000
107.0500,24.5795,7.2850,0.0000,-552.6450,383.6327,3903.6564,0.0000,0.0000
107.0667,24.6412,7.3133,0.0000,-553.1146,384.3714,3907.7592,0.0000,0.0000
107.0833,24.7027,7.3417,0.0000,-553.6535,385.1085,3911.8620,0.0000,0.0000
107.1000,24.7642,7.3700,0.0000,-554.2491,385.8444,3915.9648,0.0000,0.0000
107.1167,24.8257,7.3983,0.0000,-554.8910,386.5796,3920.0676,0.0000,0.0000
107.1333,24.8872,7.4267,0.0000,-555.5707,387.3143,3924.1704,0.0000,0.0000
107.1500,24.9486,7.4550,0.0000,-556.2809,388.0488,3928.2732,0.0000,0.0000
107.1667,25.0101,7.4833,0.0000,-557.0160,388.7833,3932.3760,0.0000,0.0000
107.1833,25.0715,7.5117,0.0000,-557.7712,389.5179,3936.4788,0.0000,0.0000
107.2000,25.1330,7.5400,0.0000,-558.5424,390.2529,3940.5816,0.0000,0.0000
107.2167,25.1945,7.5683,0.0000,-559.3264,390.9882,3944.6844,0.0000,0.0000
107.2333,25.2560,7.5967,0.0000,-560.1206,391.7241,3948.7872,0.0000,0.0000
107.2500,25.3175,7.6250,0.0000,-560.9228,392.4604,3952.8900,0.0000,0.0000
107.2667,25.3791,7.6533,0.0000,-561.7312,393.1974,3956.9928,0.0000,0.0000
107.2833,25.4406,7.6817,0.0000,-562.5444,393.9349,3961.0956,0.0000,0.0000
107.3000,25.5023,7.7100,0.0000,-563.3611,394.6731,3965.1984,0.0000,0.0000
107.3167,25.5639,7.7383,0.0000,-564.1805,395.4119,3969.3012,0.0000,0.0000
107.3333,25.6256,7.7667,0.0000,-565.0016,396.1514,3973.4040,0.0000,0.0000
107.3500,25.6873,7.7950,0.0000,-565.8239,396.8916,3977.5068,0.0000,0.0000
107.3667,25.7490,7.8233,0.0000,-566.6469,397.6324,3981.6096,0.0000,0.0000
107.3833,25.8108,7.8517,0.0000,-567.4701,398.3739,3985.7124,0.0000,0.0000
107.4000,25.8725,7.8800,0.0000,-568.2933,399.1160,3989.8152,0.0000,0.0000
107.4167,25.9344,7.9083,0.0000,-569.1161,399.8588,3993.9180,0.0000,0.0000
107.4333,25.9962,7.9367,0.0000,-569.9383,400.6022,3998.0208,0.0000,0.0000
107.4500,26.0581,7.9650,0.0000,-570.7599,401.3463,4002.1236,0.0000,0.0000
107.4667,26.1200,7.9933,0.0000,-571.5806,402.0910,4006.2264,0.0000,0.0000
107.4833,26.1819,8.0217,0.0000,-572.4005,402.8363,4010.3292,0.0000,0.0000
107.5000,26.2439,8.0500,0.0000,-573.2194,403.5821,4014.4320,0.0000,0.0000
107.5167,26.3059,8.0783,0.0000,-574.0374,404.3286,4018.5348,0.0000,0.0000
107.5333,26.3679,8.1067,0.0000,-574.8543,405.0756,4022.6376,0.0000,0.0000
107.5500,26.4299,8.1350,0.0000,-575.6702,405.8232,4026.7404,0.0000,0.0000
107.5667,26.4920,8.1633,0.0000,-576.4852,406.5713,4030.8432,0.0000,0.0000
107.5833,26.5541,8.1917,0.0000,-577.2991,407.3199,4034.9460,0.0000,0.0000
107.6000,26.6162,8.2200,0.0000,-578.1121,408.0691,4039.0488,0.0000,0.0000
107.6167,26.6783,8.2483,0.0000,-578.9242,408.8188,4043.1516,0.0000,0.0000
107.6333,26.7404,8.2767,0.0000,-579.7353,409.5689,4047.2544,0.0000,0.0000
107.6500,26.8026,8.3050,0.0000,-580.5456,410.3196,4051.3572,0.0000,0.0000
107.6667,26.8648,8.3333,0.0000,-581.3551,411.0707,4055.4600,0.0000,0.0000
107.6833,26.9270,8.3617,0.0000,-582.1638,411.8222,4059.5628,0.0000,0.0000
107.7000,26.9893,8.3900,0.0000,-582.9717,412.5743,4063.6656,0.0000,0.0000
107.7167,27.0147,8.4183,-1471.8702,-603.7781,412.5106,4067.7684,0.0000,0.0000
107.7333,27.0205,8.4467,-2045.2986,-634.4360,412.0093,4071.8712,0.0000,0.0000
107.7500,27.0242,8.4750,-2418.4557,-665.1683,411.4636,4075.9740,0.0000,0.0000
107.7667,27.0274,8.5033,-2740.6461,-695.2807,410.9065,4080.0768,0.0000,0.0000
107.7833,27.0305,8.5317,-3045.6641,-724.6896,410.3457,4084.1796,0.0000,0.0000
107.8000,27.0334,8.5600,-3341.5605,-753.4277,409.7828,4088.2824,0.0000,0.0000
107.8167,27.0363,8.5883,-3630.5615,-781.5428,409.2185,4092.3852,0.0000,0.0000
107.8333,27.0391,8.6167,-3913.5186,-809.0788,408.6527,4096.4880,0.0000,0.0000
107.8500,27.0419,8.6450,-4190.9192,-836.0733,408.0858,4100.5908,0.0000,0.0000
107.8667,27.0446,8.6733,-4463.1263,-862.5589,407.5176,4104.6936,0.0000,0.0000
107.8833,27.0473,8.7017,-4730.4422,-888.5641,406.9484,4108.7964,0.0000,0.0000
107.9000,27.0499,8.7300,-4993.1299,-914.1138,406.3782,4112.8992,0.0000,0.0000
107.9167,27.0525,8.7583,-5251.4223,-939.2305,405.8070,4117.0020,0.0000,0.0000
107.9333,27.0551,8.7867,-5505.5284,-963.9343,405.2349,4121.1048,0.0000,0.0000
107.9500,27.0576,8.8150,-5755.6371,-988.2436,404.6619,4125.2076,0.0000,0.0000
107.9667,27.0600,8.8433,-6001.9208,-1012.1751,404.0880,4129.3104,0.0000,0.0000
107.9833,27.0624,8.8717,-6244.5370,-1035.7441,403.5133,4133.4132,0.0000,0.0000
108.0000,27.0648,8.9000,-6483.6309,-1058.9647,402.9378,4137.5160,0.0000,0.0000
108.0167,27.0672,8.9283,-6715.2312,-1081.3036,402.3607,4131.2040,0.0000,0.0000
108.0333,27.0694,8.9567,-6939.4179,-1102.9049,401.7820,4124.8920,0.0000,0.0000
108.0500,27.0716,8.9850,-7156.9298,-1123.8614,401.2017,4118.5800,0.0000,0.0000
108.0667,27.0737,9.0133,-7368.4430,-1144.2384,400.6201,4112.2680,0.0000,0.0000
108.0833,27.0757,9.0417,-7574.4908,-1164.0848,400.0373,4105.9560,0.0000,0.0000
108.1000,27.0778,9.0700,-7775.4912,-1183.4387,399.4534,4099.6440,0.0000,0.0000
108.1167,27.0797,9.0983,-7971.7799,-1202.3311,398.8685,4093.3320,0.0000,0.0000
108.1333,27.0816,9.1267,-8163.6336,-1220.7879,398.2825,4087.0200,0.0000,0.0000
108.1500,27.0835,9.1550,-8351.2859,-1238.8311,397.6957,4080.7080,0.0000,0.0000
108.1667,27.0853,9.1833,-8534.9375,-1256.4798,397.1079,4074.3960,0.0000,0.0000
108.1833,27.0871,9.2117,-8714.7642,-1273.7508,396.5193,4068.0840,0.0000,0.0000
108.2000,27.0889,9.2400,-8890.9211,-1290.6590,395.9299,4061.7720,0.0000,0.0000
108.2167,27.0906,9.2683,-9063.5469,-1307.2178,395.3397,4055.4600,0.0000,0.0000
108.2333,27.0923,9.2967,-9232.7667,-1323.4392,394.7487,4049.1480,0.0000,0.0000
108.2500,27.0940,9.3250,-9398.6939,-1339.3343,394.1570,4042.8360,0.0000,0.0000
108.2667,27.0956,9.3533,-9561.4324,-1354.9131,393.5646,4036.5240,0.0000,0.0000
108.2833,27.0972,9.3817,-9721.0774,-1370.1850,392.9715,4030.2120,0.0000,0.0000
108.3000,27.0988,9.4100,-9877.7170,-1385.1585,392.3778,4023.9000,0.0000,0.0000
108.3167,27.1003,9.4383,-10031.4333,-1399.8416,391.7834,4017.5880,0.0000,0.0000
108.3333,27.1018,9.4667,-10182.3024,-1414.2419,391.1883,4011.2760,0.0000,0.0000
108.3500,27.1033,9.4950,-10330.3960,-1428.3663,390.5927,4004.9640,0.0000,0.0000
108.3667,27.1048,9.5233,-10475.7813,-1442.2214,389.9964,3998.6520,0.0000,0.0000
108.3833,27.1062,9.5517,-10618.5217,-1455.8135,389.3996,3992.3400,0.0000,0.0000
108.4000,27.1076,9.5800,-10758.6775,-1469.1484,388.8022,3986.0280,0.0000,0.0000
108.4167,27.1090,9.6083,-10896.3056,-1482.2319,388.2042,3979.7160,0.0000,0.0000
108.4333,27.1103,9.6367,-11031.4605,-1495.0693,387.6057,3973.4040,0.0000,0.0000
108.4500,27.1116,9.6650,-11164.1939,-1507.6656,387.0066,3967.0920,0.0000,0.0000
108.4667,27.1129,9.6933,-11294.5556,-1520.0259,386.4071,3960.7800,0.0000,0.0000
108.4833,27.1142,9.7217,-11422.5932,-1532.1547,385.8070,3954.4680,0.0000,0.0000
108.5000,27.1155,9.7500,-11548.3525,-1544.0567,385.2064,3948.1560,0.0000,0.0000
108.5167,27.1167,9.7783,-11671.8774,-1555.7362,384.6053,3941.8440,0.0000,0.0000
108.5333,27.1179,9.8067,-11793.2104,-1567.1974,384.0037,3935.5320,0.0000,0.0000
108.5500,27.1191,9.8350,-11912.3924,-1578.4443,383.4016,3929.2200,0.0000,0.0000
108.5667,27.1203,9.8633,-12029.4632,-1589.4809,382.7991,3922.9080,0.0000,0.0000
108.5833,27.1214,9.8917,-12144.4611,-1600.3109,382.1961,3916.5960,0.0000,0.0000
108.6000,27.1226,9.9200,-12257.4232,-1610.9382,381.5927,3910.2840,0.0000,0.0000
108.6167,27.1237,9.9483,-12368.3855,-1621.3661,380.9888,3903.9720,0.0000,0.0000
108.6333,27.1248,9.9767,-12477.3830,-1631.5983,380.3845,3897.6600,0.0000,0.0000
108.6500,27.1258,10.0050,-12584.4498,-1641.6381,379.7797,3891.3480,0.0000,0.0000
108.6667,27.1269,10.0333,-12689.6189,-1651.4888,379.1745,3885.0360,0.0000,0.0000
108.6833,27.1279,10.0617,-12792.9225,-1661.1535,378.5690,3878.7240,0.0000,0.0000
108.7000,27.1289,10.0900,-12894.3919,-1670.6354,377.9630,3872.4120,0.0000,0.0000
108.7167,27.1299,10.1183,-12994.0576,-1679.9375,377.3566,3866.1000,0.0000,0.0000
108.7333,27.1309,10.1467,-13091.9495,-1689.0628,376.7498,3859.7880,0.0000,0.0000
108.7500,27.1319,10.1750,-13188.0964,-1698.0141,376.1426,3853.4760,0.0000,0.0000
108.7667,27.1328,10.2033,-13282.5267,-1706.7944,375.5351,3847.1640,0.0000,0.0000
108.7833,27.1338,10.2317,-13375.2682,-1715.4062,374.9271,3840.8520,0.0000,0.0000
108.8000,27.1347,10.2600,-13466.3478,-1723.8524,374.3188,3834.5400,0.0000,0.0000
108.8167,27.1356,10.2883,-13555.7918,-1732.1355,373.7102,3828.2280,0.0000,0.0000
108.8333,27.1364,10.3167,-13643.6261,-1740.2581,373.1012,3821.9160,0.0000,0.0000
108.8500,27.1373,10.3450,-13729.8760,-1748.2227,372.4918,3815.6040,0.0000,0.0000
108.8667,27.1381,10.3733,-13814.5660,-1756.0318,371.8821,3809.2920,0.0000,0.0000
108.8833,27.1390,10.4017,-13897.7204,-1763.6877,371.2720,3802.9800,0.0000,0.0000
108.9000,27.1398,10.4300,-13979.3627,-1771.1929,370.6617,3796.6680,0.0000,0.0000
108.9167,27.1406,10.4583,-14059.5161,-1778.5496,370.0509,3790.3560,0.0000,0.0000
108.9333,27.1414,10.4867,-14138.2032,-1785.7600,369.4399,3784.0440,0.0000,0.0000
108.9500,27.1422,10.5150,-14215.4463,-1792.8265,368.8285,3777.7320,0.0000,0.0000
108.9667,27.1429,10.5433,-14291.2670,-1799.7511,368.2168,3771.4200,0.0000,0.0000
108.9833,27.1437,10.5717,-14365.6866,-1806.5360,367.6049,3765.1080,0.0000,0.0000
109.0000,27.1444,10.6000,-14438.7247,-1813.1830,366.9926,3758.7960,0.0000,0.0000
109.0167,27.1446,10.5250,-14462.8364,-1815.7811,368.6616,3744.5940,0.0000,0.0000
109.0333,27.1447,10.4500,-14472.4692,-1817.9651,370.3274,3730.3920,0.0000,0.0000
109.0500,27.1448,10.3750,-14475.7627,-1819.7598,371.9918,3716.1900,0.0000,0.0000
109.0667,27.1447,10.3000,-14474.8687,-1821.2004,373.6553,3701.9880,0.0000,0.0000
109.0833,27.1447,10.2250,-14470.5094,-1822.3160,375.3180,3687.7860,0.0000,0.0000
109.1000,27.1446,10.1500,-14463.0224,-1823.1288,376.9800,3673.5840,0.0000,0.0000
109.1167,27.1445,10.0750,-14452.6140,-1823.6554,378.6413,3659.3820,0.0000,0.0000
109.1333,27.1444,10.0000,-14439.4306,-1823.9086,380.3021,3645.1800,0.0000,0.0000
109.1500,27.1442,9.9250,-14423.5823,-1823.8982,381.9623,3630.9780,0.0000,0.0000
109.1667,27.1441,9.8500,-14405.1554,-1823.6321,383.6218,3616.7760,0.0000,0.0000
109.1833,27.1438,9.7750,-14384.2192,-1823.1168,385.2809,3602.5740,0.0000,0.0000
109.2000,27.1436,9.7000,-14360.8300,-1822.3574,386.9394,3588.3720,0.0000,0.0000
109.2167,27.1434,9.6250,-14335.0350,-1821.3584,388.5973,3574.1700,0.0000,0.0000
109.2333,27.1431,9.5500,-14306.8740,-1820.1236,390.2547,3559.9680,0.0000,0.0000
109.2500,27.1428,9.4750,-14276.3817,-1818.6562,391.9116,3545.7660,0.0000,0.0000
109.2667,27.1424,9.4000,-14243.5885,-1816.9592,393.5680,3531.5640,0.0000,0.0000
109.2833,27.1421,9.3250,-14208.5217,-1815.0352,395.2239,3517.3620,0.0000,0.0000
109.3000,27.1417,9.2500,-14171.2064,-1812.8867,396.8793,3503.1600,0.0000,0.0000
109.3167,27.1413,9.1750,-14131.6658,-1810.5159,398.5342,3488.9580,0.0000,0.0000
109.3333,27.1409,9.1000,-14089.9219,-1807.9250,400.1886,3474.7560,0.0000,0.0000
109.3500,27.1405,9.0250,-14045.9958,-1805.1161,401.8426,3460.5540,0.0000,0.0000
109.3667,27.1400,8.9500,-13999.9080,-1802.0912,403.4960,3446.3520,0.0000,0.0000
109.3833,27.1395,8.8750,-13951.6784,-1798.8522,405.1490,3432.1500,0.0000,0.0000
109.4000,27.1390,8.8000,-13901.3269,-1795.4013,406.8015,3417.9480,0.0000,0.0000
109.4167,27.1385,8.7250,-13848.8733,-1791.7403,408.4535,3403.7460,0.0000,0.0000
109.4333,27.1379,8.6500,-13794.3372,-1787.8712,410.1051,3389.5440,0.0000,0.0000
109.4500,27.1374,8.5750,-13737.7386,-1783.7960,411.7562,3375.3420,0.0000,0.0000
109.4667,27.1368,8.5000,-13679.0974,-1779.5168,413.4069,3361.1400,0.0000,0.0000
109.4833,27.1362,8.4250,-13618.4336,-1775.0355,415.0571,3346.9380,0.0000,0.0000
109.5000,27.1356,8.3500,-13555.7677,-1770.3543,416.7069,3332.7360,0.0000,0.0000
109.5167,27.1349,8.2750,-13491.1201,-1765.4750,418.3562,3318.5340,0.0000,0.0000
109.5333,27.1342,8.2000,-13424.5117,-1760.4000,420.0051,3304.3320,0.0000,0.0000
109.5500,27.1336,8.1250,-13355.9633,-1755.1311,421.6536,3290.1300,0.0000,0.0000
109.5667,27.1329,8.0500,-13285.4962,-1749.6707,423.3016,3275.9280,0.0000,0.0000
109.5833,27.1321,7.9750,-13213.1276,-1744.0202,424.9492,3261.7260,0.0000,0.0000
109.6000,27.1314,7.9000,-13138.8691,-1738.1807,426.5964,3247.5240,0.0000,0.0000
109.6167,27.1306,7.8250,-13062.7281,-1732.1528,428.2432,3233.3220,0.0000,0.0000
109.6333,27.1298,7.7500,-12984.7107,-1725.9370,429.8896,3219.1200,0.0000,0.0000
109.6500,27.1290,7.6750,-12904.8248,-1719.5342,431.5355,3204.9180,0.0000,0.0000
109.6667,27.1282,7.6000,-12823.0818,-1712.9456,433.1811,3190.7160,0.0000,0.0000
109.6833,27.1274,7.5250,-12739.4970,-1706.1730,434.8262,3176.5140,0.0000,0.0000
109.7000,27.1265,7.4500,-12654.0891,-1699.2182,436.4709,3162.3120,0.0000,0.0000
109.7167,27.1257,7.3750,-12566.8800,-1692.0837,438.1153,3148.1100,0.0000,0.0000
109.7333,27.1248,7.3000,-12477.8937,-1684.7717,439.7592,3133.9080,0.0000,0.0000
109.7500,27.1239,7.2250,-12387.1553,-1677.2850,441.4027,3119.7060,0.0000,0.0000
109.7667,27.1229,7.1500,-12294.6914,-1669.6263,443.0459,3105.5040,0.0000,0.0000
109.7833,27.1220,7.0750,-12200.5286,-1661.7981,444.6887,3091.3020,0.0000,0.0000
109.8000,27.1210,7.0000,-12104.6938,-1653.8032,446.3311,3077.1000,0.0000,0.0000
109.8167,27.1201,6.9250,-12007.2139,-1645.6443,447.9731,3062.8980,0.0000,0.0000
109.8333,27.1191,6.8500,-11908.1155,-1637.3240,449.6148,3048.6960,0.0000,0.0000
109.8500,27.1181,6.7750,-11807.4249,-1628.8450,451.2562,3034.4940,0.0000,0.0000
109.8667,27.1171,6.7000,-11705.1683,-1620.2099,452.8972,3020.2920,0.0000,0.0000
109.8833,27.1160,6.6250,-11601.3712,-1611.4213,454.5378,3006.0900,0.0000,0.0000
109.9000,27.1150,6.5500,-11496.0589,-1602.4816,456.1781,2991.8880,0.0000,0.0000
109.9167,27.1139,6.4750,-11389.2561,-1593.3933,457.8181,2977.6860,0.0000,0.0000
109.9333,27.1128,6.4000,-11280.9873,-1584.1589,459.4578,2963.4840,0.0000,0.0000
109.9500,27.1117,6.3250,-11171.2765,-1574.7807,461.0971,2949.2820,0.0000,0.0000
109.9667,27.1106,6.2500,-11060.1473,-1565.2611,462.7361,2935.0800,0.0000,0.0000
109.9833,27.1095,6.1750,-10947.6229,-1555.6025,464.3748,2920.8780,0.0000,0.0000
110.0000,27.1083,6.1000,-10833.7260,-1545.8070,466.0132,2906.6760,0.0000,0.0000
110.0167,27.1074,6.0917,-10744.0753,-1537.7241,466.1782,2884.8996,0.0000,0.0000
110.0333,27.1066,6.0833,-10656.4382,-1529.1770,466.3436,2863.1232,0.0000,0.0000
110.0500,27.1057,6.0750,-10566.3885,-1520.2566,466.5085,2841.3468,0.0000,0.0000
110.0667,27.1047,6.0667,-10473.2928,-1511.0128,466.6727,2819.5704,0.0000,0.0000
110.0833,27.1038,6.0583,-10377.2691,-1501.4797,466.8362,2797.7940,0.0000,0.0000
110.1000,27.1028,6.0500,-10278.5447,-1491.6834,466.9992,2776.0176,0.0000,0.0000
110.1167,27.1018,6.0417,-10177.3334,-1481.6448,467.1616,2754.2412,0.0000,0.0000
110.1333,27.1007,6.0333,-10073.8191,-1471.3812,467.3235,2732.4648,0.0000,0.0000
110.1500,27.0997,6.0250,-9968.1588,-1460.9076,467.4849,2710.6884,0.0000,0.0000
110.1667,27.0986,6.0167,-9860.4882,-1450.2368,467.6459,2688.9120,0.0000,0.0000
110.1833,27.0976,6.0083,-9762.7924,-1440.0002,467.8091,2667.1356,0.0000,0.0000
110.2000,27.0966,6.0000,-9659.2153,-1429.5687,467.9709,2645.3592,0.0000,0.0000
110.2167,27.0955,5.9917,-9552.6218,-1418.9474,468.1321,2623.5828,0.0000,0.0000
110.2333,27.0944,5.9833,-9443.8977,-1408.1475,468.2929,2601.8064,0.0000,0.0000
110.2500,27.0933,5.9750,-9333.3722,-1397.1803,468.4532,2580.0300,0.0000,0.0000
110.2667,27.0922,5.9667,-9221.2086,-1386.0556,468.6132,2558.2536,0.0000,0.0000
110.2833,27.0911,5.9583,-9107.5139,-1374.7819,468.7728,2536.4772,0.0000,0.0000
110.3000,27.0899,5.9500,-8992.3713,-1363.3665,468.9321,2514.7008,0.0000,0.0000
110.3167,27.0888,5.9417,-8875.8509,-1351.8159,469.0911,2492.9244,0.0000,0.0000
110.3333,27.0876,5.9333,-8758.0138,-1340.1360,469.2498,2471.1480,0.0000,0.0000
110.3500,27.0864,5.9250,-8638.9146,-1328.3318,469.4083,2449.3716,0.0000,0.0000
110.3667,27.0850,5.9167,-8504.2978,-1315.6822,469.5633,2427.5952,0.0000,0.0000
110.3833,27.0837,5.9083,-8374.0346,-1302.9412,469.7192,2405.8188,0.0000,0.0000
110.4000,27.0824,5.9000,-8244.1652,-1290.1206,469.8753,2384.0424,0.0000,0.0000
110.4167,27.0811,5.8917,-8113.7699,-1277.2194,470.0312,2362.2660,0.0000,0.0000
110.4333,27.0798,5.8833,-7982.6219,-1264.2360,470.1870,2340.4896,0.0000,0.0000
110.4500,27.0785,5.8750,-7850.6600,-1251.1691,470.3425,2318.7132,0.0000,0.0000
110.4667,27.0772,5.8667,-7717.8674,-1238.0185,470.4979,2296.9368,0.0000,0.0000
110.4833,27.0758,5.8583,-7584.2419,-1224.7843,470.6532,2275.1604,0.0000,0.0000
110.5000,27.0745,5.8500,-7449.7877,-1211.4673,470.8082,2253.3840,0.0000,0.0000
110.5167,27.0731,5.8417,-7314.5123,-1198.0681,470.9630,2231.6076,0.0000,0.0000
110.5333,27.0718,5.8333,-7178.4254,-1184.5879,471.1177,2209.8312,0.0000,0.0000
110.5500,27.0704,5.8250,-7041.5378,-1171.0279,471.2722,2188.0548,0.0000,0.0000
110.5667,27.0690,5.8167,-6903.8612,-1157.3891,471.4265,2166.2784,0.0000,0.0000
110.5833,27.0677,5.8083,-6765.4082,-1143.6729,471.5806,2144.5020,0.0000,0.0000
110.6000,27.0663,5.8000,-6626.1910,-1129.8806,471.7346,2122.7256,0.0000,0.0000
110.6167,27.0649,5.7917,-6486.2226,-1116.0134,471.8884,2100.9492,0.0000,0.0000
110.6333,27.0635,5.7833,-6345.5157,-1102.0725,472.0420,2079.1728,0.0000,0.0000
110.6500,27.0620,5.7750,-6204.0828,-1088.0593,472.1955,2057.3964,0.0000,0.0000
110.6667,27.0606,5.7667,-6061.9367,-1073.9751,472.3488,2035.6200,0.0000,0.0000
110.6833,27.0592,5.7583,-5919.0896,-1059.8210,472.5020,2013.8436,0.0000,0.0000
110.7000,27.0578,5.7500,-5775.5539,-1045.5982,472.6550,1992.0672,0.0000,0.0000
110.7167,27.0563,5.7417,-5631.3415,-1031.3080,472.8079,1970.2908,0.0000,0.0000
110.7333,27.0549,5.7333,-5486.4641,-1016.9516,472.9606,1948.5144,0.0000,0.0000
110.7500,27.0534,5.7250,-5340.9334,-1002.5300,473.1132,1926.7380,0.0000,0.0000
110.7667,27.0519,5.7167,-5194.7607,-988.0445,473.2656,1904.9616,0.0000,0.0000
110.7833,27.0505,5.7083,-5047.9570,-973.4961,473.4179,1883.1852,0.0000,0.0000
110.8000,27.0490,5.7000,-4900.5331,-958.8859,473.5700,1861.4088,0.0000,0.0000
110.8167,27.0475,5.6917,-4752.4997,-944.2149,473.7221,1839.6324,0.0000,0.0000
110.8333,27.0460,5.6833,-4603.8671,-929.4842,473.8739,1817.8560,0.0000,0.0000
110.8500,27.0445,5.6750,-4454.6455,-914.6949,474.0257,1796.0796,0.0000,0.0000
110.8667,27.0430,5.6667,-4304.8449,-899.8478,474.1773,1774.3032,0.0000,0.0000
110.8833,27.0415,5.6583,-4154.4749,-884.9439,474.3288,1752.5268,0.0000,0.0000
110.9000,27.0400,5.6500,-4003.5453,-869.9843,474.4802,1730.7504,0.0000,0.0000
110.9167,27.0385,5.6417,-3852.0652,-854.9698,474.6314,1708.9740,0.0000,0.0000
110.9333,27.0370,5.6333,-3700.0439,-839.9014,474.7826,1687.1976,0.0000,0.0000
110.9500,27.0355,5.6250,-3547.4905,-824.7799,474.9336,1665.4212,0.0000,0.0000
110.9667,27.0339,5.6167,-3394.4137,-809.6062,475.0845,1643.6448,0.0000,0.0000
110.9833,27.0324,5.6083,-3240.8222,-794.3813,475.2353,1621.8684,0.0000,0.0000
111.0000,27.0309,5.6000,-3086.7248,-779.1059,475.3859,1600.0920,0.0000,0.0000
111.0167,27.0292,5.5617,-2918.8177,-762.7110,476.1990,1577.2110,0.0000,0.0000
111.0333,27.0275,5.5233,-2747.1190,-746.2374,477.0112,1554.3300,0.0000,0.0000
111.0500,27.0257,5.4850,-2573.9203,-729.6825,477.8231,1531.4490,0.0000,0.0000
111.0667,27.0240,5.4467,-2399.7783,-713.0499,478.6348,1508.5680,0.0000,0.0000
111.0833,27.0222,5.4083,-2224.8500,-696.3434,479.4464,1485.6870,0.0000,0.0000
111.1000,27.0205,5.3700,-2049.1942,-679.5658,480.2577,1462.8060,0.0000,0.0000
111.1167,27.0187,5.3317,-1872.8413,-662.7192,481.0689,1439.9250,0.0000,0.0000
111.1333,27.0170,5.2933,-1695.8106,-645.8054,481.8800,1417.0440,0.0000,0.0000
111.1500,27.0152,5.2550,-1518.1165,-628.8255,482.6909,1394.1630,0.0000,0.0000
111.1667,27.0134,5.2167,-1339.7709,-611.7807,483.5016,1371.2820,0.0000,0.0000
111.1833,27.0116,5.1783,-1160.7853,-594.6721,484.3122,1348.4010,0.0000,0.0000
111.2000,27.0098,5.1400,-981.1714,-577.5010,485.1227,1325.5200,0.0000,0.0000
111.2167,27.0080,5.1017,-800.9408,-560.2684,485.9331,1302.6390,0.0000,0.0000
111.2333,27.0062,5.0633,-620.1042,-542.9754,486.7433,1279.7580,0.0000,0.0000
111.2500,27.0044,5.0250,-438.6716,-525.6230,487.5533,1256.8770,0.0000,0.0000
111.2667,27.0026,4.9867,-256.6515,-508.2120,488.3633,1233.9960,0.0000,0.0000
111.2833,27.0007,4.9483,-74.0516,-490.7431,489.1731,1211.1150,0.0000,0.0000
111.3000,26.9955,4.9100,0.0000,-474.9193,489.9082,1188.2340,0.0000,0.0000
111.3167,26.9851,4.8717,0.0000,-461.6264,490.5261,1165.3530,0.0000,0.0000
111.3333,26.9703,4.8333,0.0000,-450.3073,491.0478,1142.4720,0.0000,0.0000
111.3500,26.9517,4.7950,0.0000,-440.5922,491.4871,1119.5910,0.0000,0.0000
111.3667,26.9300,4.7567,0.0000,-432.1852,491.8550,1096.7100,0.0000,0.0000
111.3833,26.9054,4.7183,0.0000,-424.8485,492.1609,1073.8290,0.0000,0.0000
111.4000,26.8784,4.6800,0.0000,-418.3892,492.4122,1050.9480,0.0000,0.0000
111.4167,26.8493,4.6417,0.0000,-412.6511,492.6154,1028.0670,0.0000,0.0000
111.4333,26.8181,4.6033,0.0000,-407.5068,492.7754,1005.1860,0.0000,0.0000
111.4500,26.7853,4.5650,0.0000,-402.8525,492.8967,982.3050,0.0000,0.0000
111.4667,26.7508,4.5267,0.0000,-398.6030,492.9829,959.4240,0.0000,0.0000
111.4833,26.7149,4.4883,0.0000,-394.6883,493.0368,936.5430,0.0000,0.0000
111.5000,26.6777,4.4500,0.0000,-391.0510,493.0610,913.6620,0.0000,0.0000
111.5167,26.6392,4.4117,0.0000,-387.6436,493.0576,890.7810,0.0000,0.0000
111.5333,26.5995,4.3733,0.0000,-384.4270,493.0283,867.9000,0.0000,0.0000
111.5500,26.5588,4.3350,0.0000,-381.3693,492.9747,845.0190,0.0000,0.0000
111.5667,26.5170,4.2967,0.0000,-378.4439,492.8980,822.1380,0.0000,0.0000
111.5833,26.4742,4.2583,0.0000,-375.6289,492.7993,799.2570,0.0000,0.0000
111.6000,26.4305,4.2200,0.0000,-372.9063,492.6794,776.3760,0.0000,0.0000
111.6167,26.3858,4.1817,0.0000,-370.2609,492.5393,753.4950,0.0000,0.0000
111.6333,26.3403,4.1433,0.0000,-367.6802,492.3795,730.6140,0.0000,0.0000
111.6500,26.2939,4.1050,0.0000,-365.1538,492.2007,707.7330,0.0000,0.0000
111.6667,26.2467,4.0667,0.0000,-362.6730,492.0034,684.8520,0.0000,0.0000
111.6833,26.1986,4.0283,0.0000,-360.2303,491.7881,661.9710,0.0000,0.0000
111.7000,26.1498,3.9900,0.0000,-357.8195,491.5551,639.0900,0.0000,0.0000
111.7167,26.1002,3.9517,0.0000,-355.4354,491.3048,616.2090,0.0000,0.0000
111.7333,26.0498,3.9133,0.0000,-353.0735,491.0375,593.3280,0.0000,0.0000
111.7500,25.9987,3.8750,0.0000,-350.7301,490.7536,570.4470,0.0000,0.0000
111.7667,25.9468,3.8367,0.0000,-348.4020,490.4532,547.5660,0.0000,0.0000
111.7833,25.8942,3.7983,0.0000,-346.0860,490.1366,524.6850,0.0000,0.0000
111.8000,25.8408,3.7600,0.0000,-343.7789,489.8040,501.8040,0.0000,0.0000
111.8167,25.7868,3.7217,0.0000,-341.4779,489.4556,478.9230,0.0000,0.0000
111.8333,25.7321,3.6833,0.0000,-339.1802,489.0916,456.0420,0.0000,0.0000
111.8500,25.6766,3.6450,0.0000,-336.8840,488.7120,433.1610,0.0000,0.0000
111.8667,25.6205,3.6067,0.0000,-334.5875,488.3170,410.2800,0.0000,0.0000
111.8833,25.5636,3.5683,0.0000,-332.2898,487.9067,387.3990,0.0000,0.0000
111.9000,25.5061,3.5300,0.0000,-329.9902,487.4812,364.5180,0.0000,0.0000
111.9167,25.4479,3.4917,0.0000,-327.6883,487.0407,341.6370,0.0000,0.0000
111.9333,25.3891,3.4533,0.0000,-325.3837,486.5851,318.7560,0.0000,0.0000
111.9500,25.3295,3.4150,0.0000,-323.0764,486.1147,295.8750,0.0000,0.0000
111.9667,25.2693,3.3767,0.0000,-320.7662,485.6295,272.9940,0.0000,0.0000
111.9833,25.2085,3.3383,0.0000,-318.4530,485.1296,250.1130,0.0000,0.0000
112.0000,25.1469,3.3000,0.0000,-316.1367,484.6152,227.2320,0.0000,0.0000
112.0167,25.0844,3.2267,0.0000,-313.6418,484.8547,223.4448,0.0000,0.0000
112.0333,25.0211,3.1533,0.0000,-311.8786,485.0781,219.6576,0.0000,0.0000
112.0500,24.9573,3.0800,0.0000,-310.6196,485.2895,215.8704,0.0000,0.0000
112.0667,24.8931,3.0067,0.0000,-309.7115,485.4918,212.0832,0.0000,0.0000
112.0833,24.8286,2.9333,0.0000,-309.0482,485.6872,208.2960,0.0000,0.0000
112.1000,24.7638,2.8600,0.0000,-308.5552,485.8770,204.5088,0.0000,0.0000
112.1167,24.6988,2.7867,0.0000,-308.1788,486.0622,200.7216,0.0000,0.0000
112.1333,24.6337,2.7133,0.0000,-307.8805,486.2435,196.9344,0.0000,0.0000
112.1500,24.5684,2.6400,0.0000,-307.6322,486.4214,193.1472,0.0000,0.0000
112.1667,24.5029,2.5667,0.0000,-307.4137,486.5961,189.3600,0.0000,0.0000
112.1833,24.4373,2.4933,0.0000,-307.2103,486.7677,185.5728,0.0000,0.0000
112.2000,24.3716,2.4200,0.0000,-307.0115,486.9363,181.7856,0.0000,0.0000
112.2167,24.3057,2.3467,0.0000,-306.8100,487.1020,177.9984,0.0000,0.0000
112.2333,24.2397,2.2733,0.0000,-306.6006,487.2647,174.2112,0.0000,0.0000
112.2500,24.1736,2.2000,0.0000,-306.3801,487.4243,170.4240,0.0000,0.0000
112.2667,24.1073,2.1267,0.0000,-306.1464,487.5807,166.6368,0.0000,0.0000
112.2833,24.0409,2.0533,0.0000,-305.8984,487.7339,162.8496,0.0000,0.0000
112.3000,23.9743,1.9800,0.0000,-305.6363,487.8837,159.0624,0.0000,0.0000
112.3167,23.9075,1.9067,0.0000,-305.3606,488.0302,155.2752,0.0000,0.0000
112.3333,23.8407,1.8333,0.0000,-305.0723,488.1731,151.4880,0.0000,0.0000
112.3500,23.7736,1.7600,0.0000,-304.7723,488.3125,147.7008,0.0000,0.0000
112.3667,23.7064,1.6867,0.0000,-304.4617,488.4483,143.9136,0.0000,0.0000
112.3833,23.6390,1.6133,0.0000,-304.1412,488.5804,140.1264,0.0000,0.0000
112.4000,23.5715,1.5400,0.0000,-303.8118,488.7088,136.3392,0.0000,0.0000
112.4167,23.5038,1.4667,0.0000,-303.4739,488.8334,132.5520,0.0000,0.0000
112.4333,23.4359,1.3933,0.0000,-303.1281,488.9543,128.7648,0.0000,0.0000
112.4500,23.3678,1.3200,0.0000,-302.7751,489.0713,124.9776,0.0000,0.0000
112.4667,23.2996,1.2467,0.0000,-302.4151,489.1846,121.1904,0.0000,0.0000
112.4833,23.2312,1.1733,0.0000,-302.0488,489.2939,117.4032,0.0000,0.0000
112.5000,23.1626,1.1000,0.0000,-301.6764,489.3994,113.6160,0.0000,0.0000
112.5167,23.0939,1.0267,0.0000,-301.2983,489.5011,109.8288,0.0000,0.0000
112.5333,23.0249,0.9533,0.0000,-300.9149,489.5988,106.0416,0.0000,0.0000
112.5500,22.9558,0.8800,0.0000,-300.5265,489.6926,102.2544,0.0000,0.0000
112.5667,22.8865,0.8067,0.0000,-300.1333,489.7825,98.4672,0.0000,0.0000
112.5833,22.8171,0.7333,0.0000,-299.7357,489.8685,94.6800,0.0000,0.0000
112.6000,22.7475,0.6600,0.0000,-299.3338,489.9506,90.8928,0.0000,0.0000
112.6167,22.6776,0.5867,0.0000,-298.9280,490.0287,87.1056,0.0000,0.0000
112.6333,22.6077,0.5133,0.0000,-298.5183,490.1029,83.3184,0.0000,0.0000
112.6500,22.5361,0.4400,0.0000,-298.1510,490.1430,79.5312,0.0000,0.0000
112.6667,22.4658,0.3667,0.0000,-297.7245,490.2099,75.7440,0.0000,0.0000
112.6833,22.3953,0.2933,0.0000,-297.2950,490.2728,71.9568,0.0000,0.0000
112.7000,22.3246,0.2200,0.0000,-296.8623,490.3318,68.1696,0.0000,0.0000
112.7167,22.2538,0.1467,0.0000,-296.4266,490.3868,64.3824,0.0000,0.0000
112.7333,22.1828,0.0733,0.0000,-295.9876,490.4378,60.5952,0.0000,0.0000
112.7500,22.1115,-0.0000,0.0000,-295.5455,490.4848,56.8080,0.0000,0.0000
112.7667,22.0402,-0.0733,0.0000,-295.1002,490.5279,53.0208,0.0000,0.0000
112.7833,21.9686,-0.1467,0.0000,-294.6519,490.5671,49.2336,0.0000,0.0000
112.8000,21.8968,-0.2200,0.0000,-294.2006,490.6023,45.4464,0.0000,0.0000
112.8167,21.8249,-0.2933,0.0000,-293.7466,490.6336,41.6592,0.0000,0.0000
112.8333,21.7528,-0.3667,0.0000,-293.2899,490.6609,37.8720,0.0000,0.0000
112.8500,21.6805,-0.4400,0.0000,-292.8305,490.6844,34.0848,0.0000,0.0000
112.8667,21.6081,-0.5133,0.0000,-292.3684,490.7039,30.2976,0.0000,0.0000
112.8833,21.5355,-0.5867,0.0000,-291.9038,490.7196,26.5104,0.0000,0.0000
112.9000,21.4627,-0.6600,0.0000,-291.4365,490.7313,22.7232,0.0000,0.0000
112.9167,21.3897,-0.7333,0.0000,-290.9665,490.7393,18.9360,0.0000,0.0000
112.9333,21.3165,-0.8067,0.0000,-290.4937,490.7433,15.1488,0.0000,0.0000
112.9500,21.2432,-0.8800,0.0000,-290.0181,490.7435,11.3616,0.0000,0.0000
112.9667,21.1697,-0.9533,0.0000,-289.5395,490.7398,7.5744,0.0000,0.0000
112.9833,21.0960,-1.0267,0.0000,-289.0578,490.7323,3.7872,0.0000,0.0000
113.0000,21.0207,-1.1000,0.0000,-288.6175,490.6891,0.0000,0.0000,0.0000
113.0167,20.9482,-1.1000,0.0000,-290.3392,489.0787,0.0000,0.0000,0.0000
113.0333,20.8766,-1.1000,0.0000,-291.6821,487.4921,0.0000,0.0000,0.0000
113.0500,20.8060,-1.1000,0.0000,-292.6920,485.9265,0.0000,0.0000,0.0000
113.0667,20.7363,-1.1000,0.0000,-293.4119,484.3792,0.0000,0.0000,0.0000
113.0833,20.6673,-1.1000,0.0000,-293.8813,482.8482,0.0000,0.0000,0.0000
113.1000,20.5989,-1.1000,0.0000,-294.1355,481.3316,0.0000,0.0000,0.0000
113.1167,20.5311,-1.1000,0.0000,-294.2050,479.8278,0.0000,0.0000,0.0000
113.1333,20.4638,-1.1000,0.0000,-294.1166,478.3353,0.0000,0.0000,0.0000
113.1500,20.3970,-1.1000,0.0000,-293.8933,476.8531,0.0000,0.0000,0.0000
113.1667,20.3306,-1.1000,0.0000,-293.5548,475.3801,0.0000,0.0000,0.0000
113.1833,20.2646,-1.1000,0.0000,-293.1180,473.9154,0.0000,0.0000,0.0000
113.2000,20.1989,-1.1000,0.0000,-292.5974,472.4584,0.0000,0.0000,0.0000
113.2167,20.1335,-1.1000,0.0000,-292.0056,471.0083,0.0000,0.0000,0.0000
113.2333,20.0684,-1.1000,0.0000,-291.3531,469.5646,0.0000,0.0000,0.0000
113.2500,20.0036,-1.1000,0.0000,-290.6490,468.1268,0.0000,0.0000,0.0000
113.2667,19.9828,-1.1000,1720.4882,-271.7722,467.6649,0.0000,0.0000,0.0000
113.2833,19.9791,-1.1000,2093.2967,-246.4841,467.5822,0.0000,0.0000,0.0000
113.3000,19.9763,-1.1000,2371.1718,-221.5043,467.5205,0.0000,0.0000,0.0000
113.3167,19.9738,-1.1000,2623.1894,-197.0371,467.4646,0.0000,0.0000,0.0000
113.3333,19.9713,-1.1000,2865.2406,-173.0898,467.4110,0.0000,0.0000,0.0000
113.3500,19.9690,-1.1000,3101.2021,-149.6353,467.3586,0.0000,0.0000,0.0000
113.3667,19.9667,-1.1000,3332.1877,-126.6454,467.3074,0.0000,0.0000,0.0000
113.3833,19.9644,-1.1000,3558.6433,-104.0954,467.2571,0.0000,0.0000,0.0000
113.4000,19.9622,-1.1000,3780.8311,-81.9649,467.2079,0.0000,0.0000,0.0000
113.4167,19.9600,-1.1000,3998.9481,-60.2360,467.1595,0.0000,0.0000,0.0000
113.4333,19.9579,-1.1000,4213.1584,-38.8933,467.1120,0.0000,0.0000,0.0000
113.4500,19.9558,-1.1000,4423.6049,-17.9233,467.0653,0.0000,0.0000,0.0000
113.4667,19.9537,-1.1000,4630.4144,2.6863,467.0194,0.0000,0.0000,0.0000
113.4833,19.9517,-1.1000,4833.7015,22.9466,466.9743,0.0000,0.0000,0.0000
113.5000,19.9497,-1.1000,5033.5709,42.8677,466.9300,0.0000,0.0000,0.0000
113.5167,19.9477,-1.1000,5230.1188,62.4591,466.8864,0.0000,0.0000,0.0000
113.5333,19.9458,-1.1000,5423.4346,81.7294,466.8435,0.0000,0.0000,0.0000
113.5500,19.9439,-1.1000,5613.6019,100.6868,466.8013,0.0000,0.0000,0.0000
113.5667,19.9420,-1.1000,5800.6993,119.3391,466.7598,0.0000,0.0000,0.0000
113.5833,19.9402,-1.1000,5984.8011,137.6936,466.7190,0.0000,0.0000,0.0000
113.6000,19.9383,-1.1000,6165.9780,155.7572,466.6788,0.0000,0.0000,0.0000
113.6167,19.9366,-1.1000,6344.2972,173.5366,466.6392,0.0000,0.0000,0.0000
113.6333,19.9348,-1.1000,6519.8232,191.0382,466.6003,0.0000,0.0000,0.0000
113.6500,19.9331,-1.1000,6692.6180,208.2680,466.5620,0.0000,0.0000,0.0000
113.6667,19.9314,-1.1000,6862.7410,225.2319,466.5242,0.0000,0.0000,0.0000
113.6833,19.9297,-1.1000,7030.2497,241.9357,466.4871,0.0000,0.0000,0.0000
113.7000,19.9280,-1.1000,7195.1997,258.3849,466.4505,0.0000,0.0000,0.0000
113.7167,19.9264,-1.1000,7357.6449,274.5847,466.4144,0.0000,0.0000,0.0000
113.7333,19.9248,-1.1000,7517.6373,290.5404,466.3789,0.0000,0.0000,0.0000
113.7500,19.9232,-1.1000,7675.2277,306.2570,466.3440,0.0000,0.0000,0.0000
113.7667,19.9217,-1.1000,7830.4653,321.7394,466.3096,0.0000,0.0000,0.0000
113.7833,19.9202,-1.1000,7983.3980,336.9924,466.2756,0.0000,0.0000,0.0000
113.8000,19.9187,-1.1000,8134.0723,352.0205,466.2422,0.0000,0.0000,0.0000
113.8167,19.9172,-1.1000,8282.5338,366.8283,466.2093,0.0000,0.0000,0.0000
113.8333,19.9157,-1.1000,8428.8267,381.4201,466.1768,0.0000,0.0000,0.0000
113.8500,19.9143,-1.1000,8572.9940,395.8004,466.1448,0.0000,0.0000,0.0000
113.8667,19.9128,-1.1000,8715.0779,409.9732,466.1133,0.0000,0.0000,0.0000
113.8833,19.9114,-1.1000,8855.1194,423.9426,466.0823,0.0000,0.0000,0.0000
113.9000,19.9101,-1.1000,8993.1585,437.7126,466.0516,0.0000,0.0000,0.0000
113.9167,19.9087,-1.1000,9129.2343,451.2871,466.0215,0.0000,0.0000,0.0000
113.9333,19.9074,-1.1000,9263.3850,464.6700,465.9917,0.0000,0.0000,0.0000
113.9500,19.9060,-1.1000,9395.6476,477.8647,465.9624,0.0000,0.0000,0.0000
113.9667,19.9047,-1.1000,9526.0586,490.8751,465.9334,0.0000,0.0000,0.0000
113.9833,19.9035,-1.1000,9654.6534,503.7046,465.9049,0.0000,0.0000,0.0000
114.0000,19.9022,-1.1000,9781.4715,516.3573,465.8768,0.0000,0.0000,0.0000
114.0167,19.9009,-1.1000,9906.5541,528.8374,465.8490,0.0000,0.0000,0.0000
114.0333,19.8997,-1.1000,10029.9396,541.1487,465.8217,0.0000,0.0000,0.0000
114.0500,19.8985,-1.1000,10151.6615,553.2943,465.7947,0.0000,0.0000,0.0000
114.0667,19.8973,-1.1000,10271.7486,565.2770,465.7680,0.0000,0.0000,0.0000
114.0833,19.8961,-1.1000,10390.2262,577.0992,465.7417,0.0000,0.0000,0.0000
114.1000,19.8949,-1.1000,10507.1184,588.7632,465.7158,0.0000,0.0000,0.0000
114.1167,19.8938,-1.1000,10622.4482,600.2715,465.6902,0.0000,0.0000,0.0000
114.1333,19.8926,-1.1000,10736.2390,611.6262,465.6650,0.0000,0.0000,0.0000
114.1500,19.8915,-1.1000,10848.5143,622.8298,465.6401,0.0000,0.0000,0.0000
114.1667,19.8904,-1.1000,10959.2978,633.8847,465.6155,0.0000,0.0000,0.0000
114.1833,19.8893,-1.1000,11068.6136,644.7933,465.5913,0.0000,0.0000,0.0000
114.2000,19.8882,-1.1000,11176.4856,655.5579,465.5673,0.0000,0.0000,0.0000
114.2167,19.8872,-1.1000,11282.9377,666.1810,465.5437,0.0000,0.0000,0.0000
114.2333,19.8861,-1.1000,11387.9935,676.6649,465.5204,0.0000,0.0000,0.0000
114.2500,19.8851,-1.1000,11491.6765,687.0119,465.4974,0.0000,0.0000,0.0000
114.2667,19.8841,-1.1000,11594.0097,697.2245,465.4747,0.0000,0.0000,0.0000
114.2833,19.8830,-1.1000,11695.0160,707.3048,465.4523,0.0000,0.0000,0.0000
114.3000,19.8821,-1.1000,11794.7176,717.2550,465.4302,0.0000,0.0000,0.0000
114.3167,19.8811,-1.1000,11893.1364,727.0774,465.4084,0.0000,0.0000,0.0000
114.3333,19.8801,-1.1000,11990.2941,736.7741,465.3868,0.0000,0.0000,0.0000
114.3500,19.8791,-1.1000,12086.2119,746.3472,465.3655,0.0000,0.0000,0.0000
114.3667,19.8782,-1.1000,12180.9103,755.7988,465.3445,0.0000,0.0000,0.0000
114.3833,19.8773,-1.1000,12274.4099,765.1309,465.3238,0.0000,0.0000,0.0000
114.4000,19.8763,-1.1000,12366.7305,774.3454,465.3033,0.0000,0.0000,0.0000
114.4167,19.8754,-1.1000,12457.8918,783.4444,465.2831,0.0000,0.0000,0.0000
114.4333,19.8745,-1.1000,12547.9128,792.4298,465.2631,0.0000,0.0000,0.0000
114.4500,19.8736,-1.1000,12636.8124,801.3033,465.2434,0.0000,0.0000,0.0000
114.4667,19.8728,-1.1000,12724.6090,810.0669,465.2239,0.0000,0.0000,0.0000
114.4833,19.8719,-1.1000,12811.3206,818.7224,465.2047,0.0000,0.0000,0.0000
114.5000,19.8710,-1.1000,12896.9650,827.2714,465.1857,0.0000,0.0000,0.0000
114.5167,19.8702,-1.1000,12981.5596,835.7158,465.1669,0.0000,0.0000,0.0000
114.5333,19.8693,-1.1000,13065.1212,844.0572,465.1484,0.0000,0.0000,0.0000
114.5500,19.8685,-1.1000,13147.6665,852.2973,465.1301,0.0000,0.0000,0.0000
114.5667,19.8677,-1.1000,13229.2119,860.4378,465.1120,0.0000,0.0000,0.0000
114.5833,19.8669,-1.1000,13309.7733,868.4801,465.0941,0.0000,0.0000,0.0000
114.6000,19.8661,-1.1000,13389.3665,876.4259,465.0765,0.0000,0.0000,0.0000
114.6167,19.8653,-1.1000,13468.0068,884.2766,465.0590,0.0000,0.0000,0.0000
114.6333,19.8645,-1.1000,13545.7091,892.0339,465.0418,0.0000,0.0000,0.0000
114.6500,19.8638,-1.1000,13622.4884,899.6991,465.0247,0.0000,0.0000,0.0000
114.6667,19.8630,-1.1000,13698.3589,907.2737,465.0079,0.0000,0.0000,0.0000
114.6833,19.8623,-1.1000,13773.3349,914.7591,464.9913,0.0000,0.0000,0.0000
114.7000,19.8615,-1.1000,13847.4303,922.1567,464.9749,0.0000,0.0000,0.0000
114.7167,19.8608,-1.1000,13920.6586,929.4679,464.9586,0.0000,0.0000,0.0000
114.7333,19.8601,-1.1000,13993.0332,936.6939,464.9426,0.0000,0.0000,0.0000
114.7500,19.8594,-1.1000,14064.5671,943.8360,464.9267,0.0000,0.0000,0.0000
114.7667,19.8586,-1.1000,14135.2732,950.8957,464.9110,0.0000,0.0000,0.0000
114.7833,19.8579,-1.1000,14205.1639,957.8740,464.8955,0.0000,0.0000,0.0000
114.8000,19.8573,-1.1000,14274.2516,964.7722,464.8802,0.0000,0.0000,0.0000
114.8167,19.8566,-1.1000,14342.5484,971.5915,464.8650,0.0000,0.0000,0.0000
114.8333,19.8559,-1.1000,14410.0660,978.3332,464.8500,0.0000,0.0000,0.0000
114.8500,19.8552,-1.1000,14476.8161,984.9983,464.8352,0.0000,0.0000,0.0000
114.8667,19.8546,-1.1000,14542.8100,991.5879,464.8206,0.0000,0.0000,0.0000
114.8833,19.8539,-1.1000,14608.0589,998.1033,464.8061,0.0000,0.0000,0.0000
114.9000,19.8533,-1.1000,14672.5736,1004.5454,464.7918,0.0000,0.0000,0.0000
114.9167,19.8526,-1.1000,14736.3649,1010.9154,464.7777,0.0000,0.0000,0.0000
114.9333,19.8521,-1.1000,14792.4379,1016.8335,464.7652,0.0000,0.0000,0.0000
114.9500,19.8515,-1.1000,14850.1299,1022.6771,464.7524,0.0000,0.0000,0.0000
114.9667,19.8509,-1.1000,14907.8082,1028.4554,464.7396,0.0000,0.0000,0.0000
114.9833,19.8503,-1.1000,14965.0393,1034.1721,464.7269,0.0000,0.0000,0.0000
115.0000,19.8498,-1.1000,15021.7139,1039.8287,464.7144,0.0000,0.0000,0.0000
115.0167,19.8491,-1.1367,15092.6611,1046.6822,465.5120,0.0000,0.0000,0.0000
115.0333,19.8483,-1.1733,15167.0871,1053.4624,466.3088,0.0000,0.0000,0.0000
115.0500,19.8476,-1.2100,15242.0657,1060.1837,467.1055,0.0000,0.0000,0.0000
115.0667,19.8468,-1.2467,15316.8098,1066.8507,467.9023,0.0000,0.0000,0.0000
115.0833,19.8461,-1.2833,15391.1159,1073.4659,468.6992,0.0000,0.0000,0.0000
115.1000,19.8454,-1.3200,15464.9399,1080.0311,469.4962,0.0000,0.0000,0.0000
115.1167,19.8446,-1.3567,15538.2817,1086.5480,470.2932,0.0000,0.0000,0.0000
115.1333,19.8439,-1.3933,15611.1539,1093.0184,471.0904,0.0000,0.0000,0.0000
115.1500,19.8432,-1.4300,15683.5721,1099.4440,471.8877,0.0000,0.0000,0.0000
115.1667,19.8424,-1.4667,15755.5530,1105.8264,472.6851,0.0000,0.0000,0.0000
115.1833,19.8417,-1.5033,15827.1131,1112.1673,473.4826,0.0000,0.0000,0.0000
115.2000,19.8410,-1.5400,15898.2683,1118.4684,474.2801,0.0000,0.0000,0.0000
115.2167,19.8403,-1.5767,15969.0342,1124.7310,475.0778,0.0000,0.0000,0.0000
115.2333,19.8396,-1.6133,16039.4254,1130.9567,475.8755,0.0000,0.0000,0.0000
115.2500,19.8389,-1.6500,16109.4562,1137.1469,476.6733,0.0000,0.0000,0.0000
115.2667,19.8382,-1.6867,16179.1397,1143.3029,477.4712,0.0000,0.0000,0.0000
115.2833,19.8375,-1.7233,16248.4888,1149.4258,478.2692,0.0000,0.0000,0.0000
115.3000,19.8368,-1.7600,16317.5153,1155.5169,479.0672,0.0000,0.0000,0.0000
115.3167,19.8361,-1.7967,16386.2304,1161.5773,479.8654,0.0000,0.0000,0.0000
115.3333,19.8355,-1.8333,16454.6448,1167.6080,480.6635,0.0000,0.0000,0.0000
115.3500,19.8348,-1.8700,16522.7684,1173.6100,481.4618,0.0000,0.0000,0.0000
115.3667,19.8341,-1.9067,16590.6106,1179.5841,482.2601,0.0000,0.0000,0.0000
115.3833,19.8334,-1.9433,16658.1801,1185.5313,483.0584,0.0000,0.0000,0.0000
115.4000,19.8327,-1.9800,16725.4853,1191.4524,483.8569,0.0000,0.0000,0.0000
115.4167,19.8321,-2.0167,16792.5338,1197.3480,484.6553,0.0000,0.0000,0.0000
115.4333,19.8314,-2.0533,16859.3328,1203.2189,485.4539,0.0000,0.0000,0.0000
115.4500,19.8307,-2.0900,16925.8892,1209.0658,486.2525,0.0000,0.0000,0.0000
115.4667,19.8301,-2.1267,16992.2092,1214.8893,487.0511,0.0000,0.0000,0.0000
115.4833,19.8294,-2.1633,17058.2989,1220.6899,487.8498,0.0000,0.0000,0.0000
115.5000,19.8288,-2.2000,17124.1637,1226.4683,488.6485,0.0000,0.0000,0.0000
115.5167,19.8281,-2.2367,17189.8088,1232.2248,489.4473,0.0000,0.0000,0.0000
115.5333,19.8274,-2.2733,17255.2391,1237.9600,490.2462,0.0000,0.0000,0.0000
115.5500,19.8268,-2.3100,17320.4592,1243.6743,491.0450,0.0000,0.0000,0.0000
115.5667,19.8261,-2.3467,17385.4731,1249.3682,491.8440,0.0000,0.0000,0.0000
115.5833,19.8255,-2.3833,17450.2849,1255.0419,492.6429,0.0000,0.0000,0.0000
115.6000,19.8249,-2.4200,17514.8983,1260.6960,493.4420,0.0000,0.0000,0.0000
115.6167,19.8242,-2.4567,17579.3167,1266.3306,494.2410,0.0000,0.0000,0.0000
115.6333,19.8236,-2.4933,17643.5434,1271.9461,495.0401,0.0000,0.0000,0.0000
115.6500,19.8229,-2.5300,17707.5812,1277.5429,495.8393,0.0000,0.0000,0.0000
115.6667,19.8223,-2.5667,17771.4331,1283.1211,496.6385,0.0000,0.0000,0.0000
115.6833,19.8216,-2.6033,17835.1016,1288.6810,497.4377,0.0000,0.0000,0.0000
115.7000,19.8210,-2.6400,17898.5893,1294.2230,498.2370,0.0000,0.0000,0.0000
115.7167,19.8204,-2.6767,17961.8983,1299.7471,499.0363,0.0000,0.0000,0.0000
115.7333,19.8197,-2.7133,18025.0308,1305.2536,499.8356,0.0000,0.0000,0.0000
115.7500,19.8191,-2.7500,18087.9889,1310.7427,500.6350,0.0000,0.0000,0.0000
115.7667,19.8185,-2.7867,18150.7743,1316.2146,501.4344,0.0000,0.0000,0.0000
115.7833,19.8179,-2.8233,18213.3889,1321.6695,502.2339,0.0000,0.0000,0.0000
115.8000,19.8172,-2.8600,18275.8342,1327.1074,503.0334,0.0000,0.0000,0.0000
115.8167,19.8166,-2.8967,18338.1119,1332.5286,503.8329,0.0000,0.0000,0.0000
115.8333,19.8160,-2.9333,18400.2234,1337.9332,504.6325,0.0000,0.0000,0.0000
115.8500,19.8154,-2.9700,18462.1700,1343.3214,505.4321,0.0000,0.0000,0.0000
115.8667,19.8148,-3.0067,18523.9530,1348.6932,506.2317,0.0000,0.0000,0.0000
115.8833,19.8141,-3.0433,18585.5737,1354.0488,507.0314,0.0000,0.0000,0.0000
115.9000,19.8135,-3.0800,18647.0331,1359.3883,507.8311,0.0000,0.0000,0.0000
115.9167,19.8129,-3.1167,18708.3323,1364.7117,508.6309,0.0000,0.0000,0.0000
115.9333,19.8123,-3.1533,18769.4724,1370.0193,509.4307,0.0000,0.0000,0.0000
115.9500,19.8117,-3.1900,18830.4544,1375.3110,510.2305,0.0000,0.0000,0.0000
115.9667,19.8111,-3.2267,18891.2790,1380.5871,511.0304,0.0000,0.0000,0.0000
115.9833,19.8105,-3.2633,18951.9473,1385.8475,511.8303,0.0000,0.0000,0.0000
116.0000,19.8098,-3.3000,19018.7338,1391.3458,512.6288,0.0000,0.0000,0.0000
116.0167,19.8094,-3.2817,19058.8001,1394.9643,512.2132,0.0000,0.0000,0.0000
116.0333,19.8091,-3.2633,19092.7790,1398.5930,511.7990,0.0000,0.0000,0.0000
116.0500,19.8087,-3.2450,19125.2861,1402.2131,511.3851,0.0000,0.0000,0.0000
116.0667,19.8084,-3.2267,19157.3554,1405.8203,510.9713,0.0000,0.0000,0.0000
116.0833,19.8081,-3.2083,19189.2141,1409.4133,510.5576,0.0000,0.0000,0.0000
116.1000,19.8078,-3.1900,19220.9031,1412.9904,510.1439,0.0000,0.0000,0.0000
116.1167,19.8075,-3.1717,19252.4173,1416.5499,509.7302,0.0000,0.0000,0.0000
116.1333,19.8072,-3.1533,19283.7384,1420.0894,509.3166,0.0000,0.0000,0.0000
116.1500,19.8069,-3.1350,19314.8438,1423.6065,508.9030,0.0000,0.0000,0.0000
116.1667,19.8066,-3.1167,19341.7869,1426.8479,508.4904,0.0000,0.0000,0.0000
116.1833,19.8063,-3.0983,19369.4813,1430.0588,508.0776,0.0000,0.0000,0.0000
116.2000,19.8060,-3.0800,19397.1840,1433.2415,507.6647,0.0000,0.0000,0.0000
116.2167,19.8058,-3.0617,19424.6831,1436.3955,507.2520,0.0000,0.0000,0.0000
116.2333,19.8055,-3.0433,19451.9102,1439.5194,506.8393,0.0000,0.0000,0.0000
116.2500,19.8052,-3.0250,19478.8358,1442.6120,506.4266,0.0000,0.0000,0.0000
116.2667,19.8049,-3.0067,19505.4418,1445.6718,506.0140,0.0000,0.0000,0.0000
116.2833,19.8047,-2.9883,19531.7135,1448.6975,505.6015,0.0000,0.0000,0.0000
116.3000,19.8044,-2.9700,19557.6383,1451.6878,505.1891,0.0000,0.0000,0.0000
116.3167,19.8042,-2.9517,19583.2043,1454.6417,504.7768,0.0000,0.0000,0.0000
116.3333,19.8039,-2.9333,19608.4012,1457.5582,504.3645,0.0000,0.0000,0.0000
116.3500,19.8037,-2.9150,19633.2195,1460.4364,503.9523,0.0000,0.0000,0.0000
116.3667,19.8034,-2.8967,19657.6506,1463.2754,503.5402,0.0000,0.0000,0.0000
116.3833,19.8032,-2.8783,19681.6872,1466.0745,503.1282,0.0000,0.0000,0.0000
116.4000,19.8029,-2.8600,19705.3225,1468.8332,502.7163,0.0000,0.0000,0.0000
116.4167,19.8027,-2.8417,19728.5508,1471.5508,502.3045,0.0000,0.0000,0.0000
116.4333,19.8025,-2.8233,19751.3673,1474.2270,501.8927,0.0000,0.0000,0.0000
116.4500,19.8023,-2.8050,19773.7677,1476.8612,501.4811,0.0000,0.0000,0.0000
116.4667,19.8020,-2.7867,19795.7486,1479.4533,501.0695,0.0000,0.0000,0.0000
116.4833,19.8018,-2.7683,19817.3074,1482.0030,500.6581,0.0000,0.0000,0.0000
116.5000,19.8016,-2.7500,19838.4418,1484.5100,500.2467,0.0000,0.0000,0.0000
116.5167,19.8014,-2.7317,19859.1504,1486.9743,499.8354,0.0000,0.0000,0.0000
116.5333,19.8012,-2.7133,19879.4322,1489.3958,499.4243,0.0000,0.0000,0.0000
116.5500,19.8010,-2.6950,19899.2868,1491.7745,499.0132,0.0000,0.0000,0.0000
116.5667,19.8008,-2.6767,19918.7142,1494.1103,498.6022,0.0000,0.0000,0.0000
116.5833,19.8006,-2.6583,19937.7148,1496.4034,498.1913,0.0000,0.0000,0.0000
116.6000,19.8004,-2.6400,19956.2896,1498.6539,497.7805,0.0000,0.0000,0.0000
116.6167,19.8003,-2.6217,19974.4399,1500.8619,497.3698,0.0000,0.0000,0.0000
116.6333,19.8001,-2.6033,19992.1671,1503.0275,496.9592,0.0000,0.0000,0.0000
116.6500,19.7999,-2.5850,20009.4733,1505.1510,496.5487,0.0000,0.0000,0.0000
116.6667,19.7997,-2.5667,20026.3608,1507.2327,496.1383,0.0000,0.0000,0.0000
116.6833,19.7996,-2.5483,20042.8319,1509.2727,495.7279,0.0000,0.0000,0.0000
116.7000,19.7994,-2.5300,20058.8895,1511.2714,495.3177,0.0000,0.0000,0.0000
116.7167,19.7993,-2.5117,20074.5365,1513.2290,494.9075,0.0000,0.0000,0.0000
116.7333,19.7991,-2.4933,20089.7761,1515.1460,494.4975,0.0000,0.0000,0.0000
116.7500,19.7990,-2.4750,20104.6116,1517.0226,494.0875,0.0000,0.0000,0.0000
116.7667,19.7988,-2.4567,20119.0467,1518.8593,493.6776,0.0000,0.0000,0.0000
116.7833,19.7987,-2.4383,20133.0849,1520.6563,493.2679,0.0000,0.0000,0.0000
116.8000,19.7985,-2.4200,20146.7301,1522.4141,492.8582,0.0000,0.0000,0.0000
116.8167,19.7984,-2.4017,20159.9862,1524.1330,492.4485,0.0000,0.0000,0.0000
116.8333,19.7983,-2.3833,20172.8573,1525.8135,492.0390,0.0000,0.0000,0.0000
116.8500,19.7981,-2.3650,20185.3474,1527.4561,491.6296,0.0000,0.0000,0.0000
116.8667,19.7980,-2.3467,20197.4608,1529.0610,491.2202,0.0000,0.0000,0.0000
116.8833,19.7979,-2.3283,20209.2018,1530.6288,490.8109,0.0000,0.0000,0.0000
116.9000,19.7978,-2.3100,20220.5746,1532.1599,490.4017,0.0000,0.0000,0.0000
116.9167,19.7977,-2.2917,20231.5838,1533.6547,489.9926,0.0000,0.0000,0.0000
116.9333,19.7976,-2.2733,20242.2336,1535.1137,489.5836,0.0000,0.0000,0.0000
116.9500,19.7975,-2.2550,20252.5285,1536.5373,489.1746,0.0000,0.0000,0.0000
116.9667,19.7974,-2.2367,20262.4730,1537.9260,488.7657,0.0000,0.0000,0.0000
116.9833,19.7973,-2.2183,20272.0716,1539.2802,488.3569,0.0000,0.0000,0.0000
117.0000,19.7972,-2.2000,20281.3288,1540.6003,487.9482,0.0000,0.0000,0.0000
117.0167,19.7970,-2.2100,20301.7404,1542.8594,488.1655,0.0000,0.0000,0.0000
117.0333,19.7968,-2.2200,20324.9628,1545.0740,488.3822,0.0000,0.0000,0.0000
117.0500,19.7965,-2.2300,20348.7296,1547.2546,488.5987,0.0000,0.0000,0.0000
117.0667,19.7963,-2.2400,20372.4297,1549.4046,488.8153,0.0000,0.0000,0.0000
117.0833,19.7960,-2.2500,20395.9047,1551.5259,489.0319,0.0000,0.0000,0.0000
117.1000,19.7958,-2.2600,20419.1200,1553.6199,489.2486,0.0000,0.0000,0.0000
117.1167,19.7956,-2.2700,20442.0762,1555.6879,489.4653,0.0000,0.0000,0.0000
117.1333,19.7954,-2.2800,20464.7832,1557.7314,489.6821,0.0000,0.0000,0.0000
117.1500,19.7951,-2.2900,20487.2541,1559.7518,489.8989,0.0000,0.0000,0.0000
117.1667,19.7949,-2.3000,20509.5025,1561.7504,490.1158,0.0000,0.0000,0.0000
117.1833,19.7947,-2.3100,20531.5422,1563.7287,490.3327,0.0000,0.0000,0.0000
117.2000,19.7945,-2.3200,20553.3863,1565.6880,490.5497,0.0000,0.0000,0.0000
117.2167,19.7942,-2.3300,20575.0480,1567.6295,490.7667,0.0000,0.0000,0.0000
117.2333,19.7940,-2.3400,20596.5395,1569.5545,490.9838,0.0000,0.0000,0.0000
117.2500,19.7938,-2.3500,20617.8727,1571.4641,491.2009,0.0000,0.0000,0.0000
117.2667,19.7936,-2.3600,20639.0586,1573.3594,491.4180,0.0000,0.0000,0.0000
117.2833,19.7934,-2.3700,20660.1079,1575.2415,491.6352,0.0000,0.0000,0.0000
117.3000,19.7932,-2.3800,20681.0305,1577.1113,491.8523,0.0000,0.0000,0.0000
117.3167,19.7930,-2.3900,20701.8359,1578.9697,492.0696,0.0000,0.0000,0.0000
117.3333,19.7928,-2.4000,20722.5327,1580.8176,492.2868,0.0000,0.0000,0.0000
117.3500,19.7925,-2.4100,20745.3450,1582.7521,492.5035,0.0000,0.0000,0.0000
117.3667,19.7923,-2.4200,20767.1127,1584.6802,492.7205,0.0000,0.0000,0.0000
117.3833,19.7921,-2.4300,20786.4470,1586.5037,492.9381,0.0000,0.0000,0.0000
117.4000,19.7919,-2.4400,20806.4657,1588.3147,493.1555,0.0000,0.0000,0.0000
117.4167,19.7917,-2.4500,20826.6055,1590.1158,493.3728,0.0000,0.0000,0.0000
117.4333,19.7915,-2.4600,20846.7146,1591.9079,493.5902,0.0000,0.0000,0.0000
117.4500,19.7913,-2.4700,20866.7531,1593.6914,493.8076,0.0000,0.0000,0.0000
117.4667,19.7911,-2.4800,20886.7124,1595.4666,494.0250,0.0000,0.0000,0.0000
117.4833,19.7909,-2.4900,20906.5920,1597.2338,494.2424,0.0000,0.0000,0.0000
117.5000,19.7907,-2.5000,20926.3944,1598.9934,494.4598,0.0000,0.0000,0.0000
117.5167,19.7905,-2.5100,20946.1226,1600.7456,494.6772,0.0000,0.0000,0.0000
117.5333,19.7903,-2.5200,20965.7802,1602.4910,494.8947,0.0000,0.0000,0.0000
117.5500,19.7901,-2.5300,20985.3706,1604.2297,495.1122,0.0000,0.0000,0.0000
117.5667,19.7900,-2.5400,21004.8973,1605.9622,495.3297,0.0000,0.0000,0.0000
117.5833,19.7898,-2.5500,21024.3639,1607.6889,495.5472,0.0000,0.0000,0.0000
117.6000,19.7896,-2.5600,21043.7736,1609.4100,495.7647,0.0000,0.0000,0.0000
117.6167,19.7894,-2.5700,21063.1297,1611.1258,495.9822,0.0000,0.0000,0.0000
117.6333,19.7892,-2.5800,21082.4351,1612.8367,496.1998,0.0000,0.0000,0.0000
117.6500,19.7890,-2.5900,21101.6930,1614.5429,496.4173,0.0000,0.0000,0.0000
117.6667,19.7888,-2.6000,21120.9059,1616.2448,496.6349,0.0000,0.0000,0.0000
117.6833,19.7886,-2.6100,21140.0765,1617.9425,496.8524,0.0000,0.0000,0.0000
117.7000,19.7884,-2.6200,21159.2072,1619.6363,497.0700,0.0000,0.0000,0.0000
117.7167,19.7882,-2.6300,21178.3002,1621.3264,497.2876,0.0000,0.0000,0.0000
117.7333,19.7880,-2.6400,21197.3578,1623.0131,497.5052,0.0000,0.0000,0.0000
117.7500,19.7878,-2.6500,21216.3818,1624.6965,497.7228,0.0000,0.0000,0.0000
117.7667,19.7876,-2.6600,21235.3742,1626.3768,497.9404,0.0000,0.0000,0.0000
117.7833,19.7875,-2.6700,21254.3365,1628.0542,498.1580,0.0000,0.0000,0.0000
117.8000,19.7873,-2.6800,21273.2705,1629.7288,498.3757,0.0000,0.0000,0.0000
117.8167,19.7871,-2.6900,21292.1775,1631.4007,498.5933,0.0000,0.0000,0.0000
117.8333,19.7869,-2.7000,21311.0588,1633.0701,498.8109,0.0000,0.0000,0.0000
117.8500,19.7867,-2.7100,21329.9158,1634.7372,499.0286,0.0000,0.0000,0.0000
117.8667,19.7865,-2.7200,21348.7494,1636.4019,499.2462,0.0000,0.0000,0.0000
117.8833,19.7863,-2.7300,21367.5608,1638.0645,499.4639,0.0000,0.0000,0.0000
117.9000,19.7861,-2.7400,21386.3509,1639.7249,499.6815,0.0000,0.0000,0.0000
117.9167,19.7859,-2.7500,21405.1204,1641.3834,499.8992,0.0000,0.0000,0.0000
117.9333,19.7858,-2.7600,21423.8703,1643.0398,500.1168,0.0000,0.0000,0.0000
117.9500,19.7856,-2.7700,21442.6010,1644.6944,500.3345,0.0000,0.0000,0.0000
117.9667,19.7854,-2.7800,21461.3132,1646.3472,500.5522,0.0000,0.0000,0.0000
117.9833,19.7852,-2.7900,21480.0075,1647.9982,500.7699,0.0000,0.0000,0.0000
118.0000,19.7850,-2.8000,21498.6844,1649.6475,500.9875,0.0000,0.0000,0.0000
118.0167,19.7849,-2.7900,21509.2261,1650.6077,500.7634,0.0000,0.0000,0.0000
118.0333,19.7848,-2.7800,21517.5283,1651.5739,500.5397,0.0000,0.0000,0.0000
118.0500,19.7847,-2.7700,21525.1960,1652.5393,500.3162,0.0000,0.0000,0.0000
118.0667,19.7847,-2.7600,21532.6633,1653.5016,500.0927,0.0000,0.0000,0.0000
118.0833,19.7846,-2.7500,21540.0444,1654.4596,499.8692,0.0000,0.0000,0.0000
118.1000,19.7845,-2.7400,21547.3650,1655.4126,499.6458,0.0000,0.0000,0.0000
118.1167,19.7845,-2.7300,21554.6259,1656.3597,499.4224,0.0000,0.0000,0.0000
118.1333,19.7844,-2.7200,21561.8211,1657.2998,499.1989,0.0000,0.0000,0.0000
118.1500,19.7843,-2.7100,21568.9422,1658.2323,498.9755,0.0000,0.0000,0.0000
118.1667,19.7842,-2.7000,21575.9807,1659.1560,498.7522,0.0000,0.0000,0.0000
118.1833,19.7842,-2.6900,21582.9278,1660.0703,498.5288,0.0000,0.0000,0.0000
118.2000,19.7841,-2.6800,21589.7752,1660.9741,498.3055,0.0000,0.0000,0.0000
118.2167,19.7840,-2.6700,21596.5149,1661.8669,498.0821,0.0000,0.0000,0.0000
118.2333,19.7840,-2.6600,21603.1395,1662.7479,497.8588,0.0000,0.0000,0.0000
118.2500,19.7839,-2.6500,21609.6422,1663.6163,497.6356,0.0000,0.0000,0.0000
118.2667,19.7838,-2.6400,21616.0165,1664.4716,497.4123,0.0000,0.0000,0.0000
118.2833,19.7838,-2.6300,21622.2566,1665.3132,497.1891,0.0000,0.0000,0.0000
118.3000,19.7837,-2.6200,21628.3571,1666.1405,496.9660,0.0000,0.0000,0.0000
118.3167,19.7837,-2.6100,21634.3131,1666.9532,496.7428,0.0000,0.0000,0.0000
118.3333,19.7836,-2.6000,21640.1205,1667.7509,496.5197,0.0000,0.0000,0.0000
118.3500,19.7835,-2.5900,21645.7752,1668.5330,496.2966,0.0000,0.0000,0.0000
118.3667,19.7835,-2.5800,21651.2737,1669.2994,496.0736,0.0000,0.0000,0.0000
118.3833,19.7834,-2.5700,21656.6131,1670.0497,495.8506,0.0000,0.0000,0.0000
118.4000,19.7834,-2.5600,21661.7907,1670.7836,495.6276,0.0000,0.0000,0.0000
118.4167,19.7834,-2.5500,21664.8010,1671.2590,495.4051,0.0000,0.0000,0.0000
118.4333,19.7833,-2.5400,21667.4887,1671.7247,495.1827,0.0000,0.0000,0.0000
118.4500,19.7833,-2.5300,21669.9764,1672.1803,494.9603,0.0000,0.0000,0.0000
118.4667,19.7833,-2.5200,21674.0808,1672.8591,494.7376,0.0000,0.0000,0.0000
118.4833,19.7832,-2.5100,21676.5901,1673.2903,494.5152,0.0000,0.0000,0.0000
118.5000,19.7832,-2.5000,21678.8088,1673.7117,494.2929,0.0000,0.0000,0.0000
118.5167,19.7832,-2.4900,21680.8404,1674.1226,494.0706,0.0000,0.0000,0.0000
118.5333,19.7832,-2.4800,21684.2995,1674.7437,493.8480,0.0000,0.0000,0.0000
118.5500,19.7831,-2.4700,21686.3927,1675.1296,493.6257,0.0000,0.0000,0.0000
118.5667,19.7831,-2.4600,21688.1744,1675.5054,493.4035,0.0000,0.0000,0.0000
118.5833,19.7831,-2.4500,21691.1910,1676.0813,493.1810,0.0000,0.0000,0.0000
118.6000,19.7831,-2.4400,21692.9731,1676.4318,492.9588,0.0000,0.0000,0.0000
118.6167,19.7831,-2.4300,21694.4208,1676.7723,492.7367,0.0000,0.0000,0.0000
118.6333,19.7830,-2.4200,21696.9434,1677.3027,492.5143,0.0000,0.0000,0.0000
118.6500,19.7830,-2.4100,21698.4017,1677.6177,492.2921,0.0000,0.0000,0.0000
118.6667,19.7830,-2.4000,21699.5086,1677.9226,492.0701,0.0000,0.0000,0.0000
118.6833,19.7830,-2.3900,21701.5323,1678.4073,491.8478,0.0000,0.0000,0.0000
118.7000,19.7830,-2.3800,21702.6654,1678.6866,491.6257,0.0000,0.0000,0.0000
118.7167,19.7830,-2.3700,21703.4311,1678.9561,491.4037,0.0000,0.0000,0.0000
118.7333,19.7830,-2.3600,21704.9563,1679.3952,491.1816,0.0000,0.0000,0.0000
118.7500,19.7829,-2.3500,21705.7654,1679.6390,490.9596,0.0000,0.0000,0.0000
118.7667,19.7829,-2.3400,21707.1052,1680.0461,490.7374,0.0000,0.0000,0.0000
118.7833,19.7829,-2.3300,21708.6769,1680.4341,490.5153,0.0000,0.0000,0.0000
118.8000,19.7829,-2.3200,21710.1849,1680.8041,490.2931,0.0000,0.0000,0.0000
118.8167,19.7829,-2.3100,21711.5493,1681.1565,490.0710,0.0000,0.0000,0.0000
118.8333,19.7829,-2.3000,21712.7490,1681.4917,489.8489,0.0000,0.0000,0.0000
118.8500,19.7829,-2.2900,21713.7794,1681.8097,489.6269,0.0000,0.0000,0.0000
118.8667,19.7829,-2.2800,21714.6403,1682.1107,489.4048,0.0000,0.0000,0.0000
118.8833,19.7828,-2.2700,21715.3331,1682.3949,489.1829,0.0000,0.0000,0.0000
118.9000,19.7828,-2.2600,21715.8596,1682.6625,488.9609,0.0000,0.0000,0.0000
118.9167,19.7828,-2.2500,21716.2216,1682.9138,488.7390,0.0000,0.0000,0.0000
118.9333,19.7828,-2.2400,21716.4214,1683.1488,488.5172,0.0000,0.0000,0.0000
118.9500,19.7828,-2.2300,21716.4610,1683.3679,488.2953,0.0000,0.0000,0.0000
118.9667,19.7828,-2.2200,21716.3424,1683.5712,488.0735,0.0000,0.0000,0.0000
118.9833,19.7828,-2.2100,21716.0679,1683.7590,487.8518,0.0000,0.0000,0.0000
119.0000,19.7828,-2.2000,21715.6396,1683.9315,487.6300,0.0000,0.0000,0.0000
119.0167,19.7828,-2.2183,21723.6673,1684.9565,488.0349,0.0000,0.0000,0.0000
119.0333,19.7826,-2.2367,21738.9009,1686.0612,488.4382,0.0000,0.0000,0.0000
119.0500,19.7825,-2.2550,21753.9370,1687.1534,488.8416,0.0000,0.0000,0.0000
119.0667,19.7823,-2.2733,21768.8307,1688.2335,489.2449,0.0000,0.0000,0.0000
119.0833,19.7822,-2.2917,21783.6028,1689.3022,489.6483,0.0000,0.0000,0.0000
119.1000,19.7820,-2.3100,21798.2657,1690.3605,490.0518,0.0000,0.0000,0.0000
119.1167,19.7819,-2.3283,21812.8299,1691.4094,490.4552,0.0000,0.0000,0.0000
119.1333,19.7817,-2.3467,21827.3064,1692.4499,490.8587,0.0000,0.0000,0.0000
119.1500,19.7816,-2.3650,21841.7060,1693.4832,491.2621,0.0000,0.0000,0.0000
119.1667,19.7814,-2.3833,21856.0395,1694.5103,491.6656,0.0000,0.0000,0.0000
119.1833,19.7813,-2.4017,21870.3178,1695.5323,492.0692,0.0000,0.0000,0.0000
119.2000,19.7812,-2.4200,21884.5513,1696.5503,492.4727,0.0000,0.0000,0.0000
119.2167,19.7810,-2.4383,21898.7501,1697.5652,492.8762,0.0000,0.0000,0.0000
119.2333,19.7809,-2.4567,21912.9238,1698.5780,493.2797,0.0000,0.0000,0.0000
119.2500,19.7807,-2.4750,21927.0814,1699.5895,493.6833,0.0000,0.0000,0.0000
119.2667,19.7806,-2.4933,21941.2315,1700.6007,494.0868,0.0000,0.0000,0.0000
119.2833,19.7804,-2.5117,21955.3820,1701.6122,494.4903,0.0000,0.0000,0.0000
119.3000,19.7803,-2.5300,21969.5405,1702.6249,494.8939,0.0000,0.0000,0.0000
119.3167,19.7802,-2.5483,21983.7138,1703.6393,495.2974,0.0000,0.0000,0.0000
119.3333,19.7800,-2.5667,21997.9083,1704.6561,495.7009,0.0000,0.0000,0.0000
119.3500,19.7799,-2.5850,22012.1302,1705.6759,496.1044,0.0000,0.0000,0.0000
119.3667,19.7797,-2.6033,22026.3847,1706.6992,496.5080,0.0000,0.0000,0.0000
119.3833,19.7796,-2.6217,22040.6769,1707.7265,496.9115,0.0000,0.0000,0.0000
119.4000,19.7794,-2.6400,22055.0114,1708.7583,497.3150,0.0000,0.0000,0.0000
119.4167,19.7793,-2.6583,22069.3924,1709.7948,497.7184,0.0000,0.0000,0.0000
119.4333,19.7792,-2.6767,22083.8238,1710.8366,498.1219,0.0000,0.0000,0.0000
119.4500,19.7790,-2.6950,22098.3089,1711.8839,498.5254,0.0000,0.0000,0.0000
119.4667,19.7789,-2.7133,22112.8508,1712.9370,498.9288,0.0000,0.0000,0.0000
119.4833,19.7787,-2.7317,22127.4524,1713.9962,499.3323,0.0000,0.0000,0.0000
119.5000,19.7786,-2.7500,22142.1160,1715.0618,499.7357,0.0000,0.0000,0.0000
119.5167,19.7784,-2.7683,22156.8440,1716.1338,500.1391,0.0000,0.0000,0.0000
119.5333,19.7783,-2.7867,22171.6381,1717.2126,500.5425,0.0000,0.0000,0.0000
119.5500,19.7781,-2.8050,22186.5001,1718.2983,500.9459,0.0000,0.0000,0.0000
119.5667,19.7780,-2.8233,22201.4313,1719.3910,501.3492,0.0000,0.0000,0.0000
119.5833,19.7778,-2.8417,22216.4331,1720.4907,501.7526,0.0000,0.0000,0.0000
119.6000,19.7777,-2.8600,22231.5063,1721.5977,502.1559,0.0000,0.0000,0.0000
119.6167,19.7775,-2.8783,22246.6518,1722.7120,502.5592,0.0000,0.0000,0.0000
119.6333,19.7774,-2.8967,22261.8703,1723.8336,502.9625,0.0000,0.0000,0.0000
119.6500,19.7772,-2.9150,22277.1621,1724.9625,503.3658,0.0000,0.0000,0.0000
119.6667,19.7771,-2.9333,22292.5275,1726.0989,503.7691,0.0000,0.0000,0.0000
119.6833,19.7769,-2.9517,22307.9668,1727.2427,504.1723,0.0000,0.0000,0.0000
119.7000,19.7768,-2.9700,22323.4800,1728.3938,504.5756,0.0000,0.0000,0.0000
119.7167,19.7766,-2.9883,22339.0668,1729.5524,504.9788,0.0000,0.0000,0.0000
119.7333,19.7765,-3.0067,22354.7273,1730.7183,505.3820,0.0000,0.0000,0.0000
119.7500,19.7763,-3.0250,22370.4609,1731.8915,505.7852,0.0000,0.0000,0.0000
119.7667,19.7761,-3.0433,22386.2673,1733.0720,506.1883,0.0000,0.0000,0.0000
119.7833,19.7760,-3.0617,22402.1459,1734.2598,506.5915,0.0000,0.0000,0.0000
119.8000,19.7758,-3.0800,22418.0963,1735.4547,506.9946,0.0000,0.0000,0.0000
119.8167,19.7757,-3.0983,22434.1176,1736.6566,507.3978,0.0000,0.0000,0.0000
119.8333,19.7755,-3.1167,22450.2093,1737.8656,507.8009,0.0000,0.0000,0.0000
119.8500,19.7753,-3.1350,22466.3703,1739.0816,508.2040,0.0000,0.0000,0.0000
119.8667,19.7752,-3.1533,22482.6000,1740.3043,508.6070,0.0000,0.0000,0.0000
119.8833,19.7750,-3.1717,22498.8974,1741.5338,509.0101,0.0000,0.0000,0.0000
119.9000,19.7748,-3.1900,22515.2615,1742.7700,509.4131,0.0000,0.0000,0.0000
119.9167,19.7747,-3.2083,22531.6913,1744.0127,509.8162,0.0000,0.0000,0.0000
119.9333,19.7745,-3.2267,22548.1859,1745.2618,510.2192,0.0000,0.0000,0.0000
119.9500,19.7744,-3.2450,22564.7440,1746.5173,510.6222,0.0000,0.0000,0.0000
119.9667,19.7742,-3.2633,22581.3647,1747.7790,511.0252,0.0000,0.0000,0.0000
119.9833,19.7740,-3.2817,22598.0468,1749.0468,511.4281,0.0000,0.0000,0.0000
120.0000,19.7739,-3.3000,22614.7890,1750.3206,511.8311,0.0000,0.0000,0.0000
120.0167,19.7738,-3.3000,22624.1383,1750.9686,511.8290,0.0000,0.0000,0.0000
120.0333,19.7737,-3.3000,22631.5034,1751.6293,511.8274,0.0000,0.0000,0.0000
120.0500,19.7736,-3.3000,22636.2529,1752.1469,511.8263,0.0000,0.0000,0.0000
120.0667,19.7736,-3.3000,22641.2398,1752.6659,511.8252,0.0000,0.0000,0.0000
120.0833,19.7735,-3.3000,22646.3430,1753.1866,511.8241,0.0000,0.0000,0.0000
120.1000,19.7735,-3.3000,22651.5090,1753.7093,511.8230,0.0000,0.0000,0.0000
120.1167,19.7734,-3.3000,22656.7137,1754.2339,511.8218,0.0000,0.0000,0.0000
120.1333,19.7734,-3.3000,22661.9457,1754.7604,511.8206,0.0000,0.0000,0.0000
120.1500,19.7733,-3.3000,22667.1990,1755.2885,511.8195,0.0000,0.0000,0.0000
120.1667,19.7733,-3.3000,22672.4702,1755.8181,511.8183,0.0000,0.0000,0.0000
120.1833,19.7732,-3.3000,22677.7567,1756.3491,511.8171,0.0000,0.0000,0.0000
120.2000,19.7732,-3.3000,22683.0563,1756.8812,511.8160,0.0000,0.0000,0.0000
120.2167,19.7731,-3.3000,22688.3672,1757.4143,511.8148,0.0000,0.0000,0.0000
120.2333,19.7731,-3.3000,22693.6876,1757.9483,511.8136,0.0000,0.0000,0.0000
120.2500,19.7730,-3.3000,22699.0156,1758.4828,511.8124,0.0000,0.0000,0.0000
120.2667,19.7730,-3.3000,22704.3497,1759.0179,511.8112,0.0000,0.0000,0.0000
120.2833,19.7729,-3.3000,22709.6881,1759.5532,511.8101,0.0000,0.0000,0.0000
120.3000,19.7728,-3.3000,22715.0293,1760.0887,511.8089,0.0000,0.0000,0.0000
120.3167,19.7728,-3.3000,22720.3718,1760.6243,511.8077,0.0000,0.0000,0.0000
120.3333,19.7727,-3.3000,22725.7140,1761.1597,511.8065,0.0000,0.0000,0.0000
120.3500,19.7727,-3.3000,22731.0546,1761.6948,511.8053,0.0000,0.0000,0.0000
120.3667,19.7726,-3.3000,22736.3921,1762.2295,511.8041,0.0000,0.0000,0.0000
120.3833,19.7726,-3.3000,22741.7253,1762.7637,511.8030,0.0000,0.0000,0.0000
120.4000,19.7725,-3.3000,22747.0529,1763.2972,511.8018,0.0000,0.0000,0.0000
120.4167,19.7725,-3.3000,22752.3736,1763.8300,511.8006,0.0000,0.0000,0.0000
120.4333,19.7724,-3.3000,22757.6865,1764.3619,511.7994,0.0000,0.0000,0.0000
120.4500,19.7724,-3.3000,22762.9902,1764.8928,511.7982,0.0000,0.0000,0.0000
120.4667,19.7723,-3.3000,22768.2838,1765.4226,511.7971,0.0000,0.0000,0.0000
120.4833,19.7723,-3.3000,22773.5664,1765.9512,511.7959,0.0000,0.0000,0.0000
120.5000,19.7722,-3.3000,22778.8368,1766.4785,511.7947,0.0000,0.0000,0.0000
120.5167,19.7722,-3.3000,22784.0944,1767.0045,511.7936,0.0000,0.0000,0.0000
120.5333,19.7721,-3.3000,22789.3381,1767.5290,511.7924,0.0000,0.0000,0.0000
120.5500,19.7721,-3.3000,22794.5671,1768.0520,511.7912,0.0000,0.0000,0.0000
120.5667,19.7720,-3.3000,22799.7808,1768.5734,511.7901,0.0000,0.0000,0.0000
120.5833,19.7720,-3.3000,22804.9784,1769.0931,511.7889,0.0000,0.0000,0.0000
120.6000,19.7719,-3.3000,22810.1592,1769.6111,511.7878,0.0000,0.0000,0.0000
120.6167,19.7718,-3.3000,22815.3225,1770.1273,511.7866,0.0000,0.0000,0.0000
120.6333,19.7718,-3.3000,22820.4678,1770.6416,511.7855,0.0000,0.0000,0.0000
120.6500,19.7717,-3.3000,22825.5944,1771.1540,511.7843,0.0000,0.0000,0.0000
120.6667,19.7717,-3.3000,22830.7018,1771.6645,511.7832,0.0000,0.0000,0.0000
120.6833,19.7716,-3.3000,22835.7896,1772.1730,511.7821,0.0000,0.0000,0.0000
120.7000,19.7716,-3.3000,22840.8572,1772.6794,511.7810,0.0000,0.0000,0.0000
120.7167,19.7715,-3.3000,22845.9042,1773.1837,511.7798,0.0000,0.0000,0.0000
120.7333,19.7715,-3.3000,22850.9301,1773.6858,511.7787,0.0000,0.0000,0.0000
120.7500,19.7714,-3.3000,22855.9347,1774.1858,511.7776,0.0000,0.0000,0.0000
120.7667,19.7714,-3.3000,22860.9175,1774.6836,511.7765,0.0000,0.0000,0.0000
120.7833,19.7713,-3.3000,22865.8782,1775.1791,511.7754,0.0000,0.0000,0.0000
120.8000,19.7713,-3.3000,22870.8165,1775.6724,511.7743,0.0000,0.0000,0.0000
120.8167,19.7712,-3.3000,22875.7321,1776.1634,511.7732,0.0000,0.0000,0.0000
120.8333,19.7712,-3.3000,22880.6247,1776.6520,511.7721,0.0000,0.0000,0.0000
120.8500,19.7711,-3.3000,22885.4941,1777.1383,511.7711,0.0000,0.0000,0.0000
120.8667,19.7711,-3.3000,22890.3401,1777.6223,511.7700,0.0000,0.0000,0.0000
120.8833,19.7710,-3.3000,22895.1624,1778.1038,511.7689,0.0000,0.0000,0.0000
120.9000,19.7710,-3.3000,22899.9610,1778.5830,511.7679,0.0000,0.0000,0.0000
120.9167,19.7710,-3.3000,22904.7356,1779.0597,511.7668,0.0000,0.0000,0.0000
120.9333,19.7709,-3.3000,22909.4860,1779.5340,511.7657,0.0000,0.0000,0.0000
120.9500,19.7709,-3.3000,22914.2122,1780.0059,511.7647,0.0000,0.0000,0.0000
120.9667,19.7708,-3.3000,22918.9141,1780.4753,511.7636,0.0000,0.0000,0.0000
120.9833,19.7708,-3.3000,22923.5914,1780.9423,511.7626,0.0000,0.0000,0.0000
121.0000,19.7707,-3.3000,22928.2442,1781.4068,511.7616,0.0000,0.0000,0.0000
121.0167,19.7709,-3.2450,22912.5009,1780.1058,510.5450,0.0000,0.0000,0.0000
121.0333,19.7711,-3.1900,22888.9368,1778.8684,509.3302,0.0000,0.0000,0.0000
121.0500,19.7714,-3.1350,22864.5983,1777.6257,508.1156,0.0000,0.0000,0.0000
121.0667,19.7716,-3.0800,22840.0166,1776.3746,506.9010,0.0000,0.0000,0.0000
121.0833,19.7718,-3.0250,22815.3012,1775.1134,505.6865,0.0000,0.0000,0.0000
121.1000,19.7721,-2.9700,22790.4657,1773.8405,504.4720,0.0000,0.0000,0.0000
121.1167,19.7723,-2.9150,22765.5011,1772.5543,503.2575,0.0000,0.0000,0.0000
121.1333,19.7726,-2.8600,22740.3927,1771.2533,502.0430,0.0000,0.0000,0.0000
121.1500,19.7728,-2.8050,22715.1244,1769.9358,500.8286,0.0000,0.0000,0.0000
121.1667,19.7731,-2.7500,22689.6803,1768.6001,499.6142,0.0000,0.0000,0.0000
121.1833,19.7734,-2.6950,22664.0445,1767.2446,498.3999,0.0000,0.0000,0.0000
121.2000,19.7736,-2.6400,22638.2021,1765.8680,497.1856,0.0000,0.0000,0.0000
121.2167,19.7739,-2.5850,22612.1388,1764.4688,495.9714,0.0000,0.0000,0.0000
121.2333,19.7741,-2.5300,22585.8414,1763.0457,494.7572,0.0000,0.0000,0.0000
121.2500,19.7744,-2.4750,22559.2976,1761.5975,493.5430,0.0000,0.0000,0.0000
121.2667,19.7747,-2.4200,22532.4961,1760.1231,492.3289,0.0000,0.0000,0.0000
121.2833,19.7749,-2.3650,22505.4264,1758.6215,491.1149,0.0000,0.0000,0.0000
121.3000,19.7752,-2.3100,22478.0790,1757.0918,489.9010,0.0000,0.0000,0.0000
121.3167,19.7755,-2.2550,22450.4455,1755.5331,488.6871,0.0000,0.0000,0.0000
121.3333,19.7758,-2.2000,22422.5181,1753.9447,487.4732,0.0000,0.0000,0.0000
121.3500,19.7761,-2.1450,22394.2900,1752.3260,486.2595,0.0000,0.0000,0.0000
121.3667,19.7763,-2.0900,22365.7552,1750.6763,485.0458,0.0000,0.0000,0.0000
121.3833,19.7766,-2.0350,22336.9082,1748.9952,483.8321,0.0000,0.0000,0.0000
121.4000,19.7769,-1.9800,22307.7445,1747.2822,482.6186,0.0000,0.0000,0.0000
121.4167,19.7772,-1.9250,22278.2602,1745.5369,481.4051,0.0000,0.0000,0.0000
121.4333,19.7775,-1.8700,22248.4519,1743.7590,480.1917,0.0000,0.0000,0.0000
121.4500,19.7778,-1.8150,22218.3169,1741.9484,478.9783,0.0000,0.0000,0.0000
121.4667,19.7781,-1.7600,22187.8531,1740.1046,477.7651,0.0000,0.0000,0.0000
121.4833,19.7784,-1.7050,22157.0588,1738.2278,476.5519,0.0000,0.0000,0.0000
121.5000,19.7787,-1.6500,22125.9328,1736.3176,475.3388,0.0000,0.0000,0.0000
121.5167,19.7791,-1.5950,22094.4745,1734.3741,474.1257,0.0000,0.0000,0.0000
121.5333,19.7794,-1.5400,22062.6836,1732.3973,472.9127,0.0000,0.0000,0.0000
121.5500,19.7797,-1.4850,22030.5602,1730.3871,471.6998,0.0000,0.0000,0.0000
121.5667,19.7800,-1.4300,21998.1047,1728.3437,470.4870,0.0000,0.0000,0.0000
121.5833,19.7803,-1.3750,21965.3179,1726.2671,469.2742,0.0000,0.0000,0.0000
121.6000,19.7807,-1.3200,21932.2011,1724.1574,468.0616,0.0000,0.0000,0.0000
121.6167,19.7810,-1.2650,21898.7556,1722.0149,466.8490,0.0000,0.0000,0.0000
121.6333,19.7814,-1.2100,21864.9830,1719.8397,465.6364,0.0000,0.0000,0.0000
121.6500,19.7817,-1.1550,21830.8854,1717.6319,464.4240,0.0000,0.0000,0.0000
121.6667,19.7820,-1.1000,21796.4649,1715.3918,463.2116,0.0000,0.0000,0.0000
121.6833,19.7824,-1.0450,21761.7238,1713.1197,461.9993,0.0000,0.0000,0.0000
121.7000,19.7827,-0.9900,21726.6647,1710.8158,460.7870,0.0000,0.0000,0.0000
121.7167,19.7831,-0.9350,21691.2903,1708.4804,459.5748,0.0000,0.0000,0.0000
121.7333,19.7834,-0.8800,21655.6035,1706.1137,458.3627,0.0000,0.0000,0.0000
121.7500,19.7838,-0.8250,21619.6073,1703.7162,457.1507,0.0000,0.0000,0.0000
121.7667,19.7842,-0.7700,21583.3047,1701.2880,455.9387,0.0000,0.0000,0.0000
121.7833,19.7845,-0.7150,21546.6991,1698.8296,454.7268,0.0000,0.0000,0.0000
121.8000,19.7849,-0.6600,21509.7938,1696.3413,453.5150,0.0000,0.0000,0.0000
121.8167,19.7853,-0.6050,21472.5922,1693.8233,452.3032,0.0000,0.0000,0.0000
121.8333,19.7856,-0.5500,21435.0977,1691.2761,451.0915,0.0000,0.0000,0.0000
121.8500,19.7860,-0.4950,21397.3139,1688.7001,449.8798,0.0000,0.0000,0.0000
121.8667,19.7864,-0.4400,21359.2444,1686.0955,448.6682,0.0000,0.0000,0.0000
121.8833,19.7868,-0.3850,21320.8928,1683.4628,447.4567,0.0000,0.0000,0.0000
121.9000,19.7872,-0.3300,21282.2628,1680.8023,446.2453,0.0000,0.0000,0.0000
121.9167,19.7876,-0.2750,21243.3582,1678.1143,445.0339,0.0000,0.0000,0.0000
121.9333,19.7880,-0.2200,21204.1825,1675.3994,443.8225,0.0000,0.0000,0.0000
121.9500,19.7884,-0.1650,21164.7396,1672.6578,442.6113,0.0000,0.0000,0.0000
121.9667,19.7887,-0.1100,21125.0331,1669.8898,441.4000,0.0000,0.0000,0.0000
121.9833,19.7891,-0.0550,21085.0669,1667.0960,440.1889,0.0000,0.0000,0.0000
122.0000,19.7896,0.0000,21044.8446,1664.2766,438.9778,0.0000,0.0000,0.0000
122.0167,19.7898,0.0183,21022.3151,1662.7494,438.5761,0.0000,0.0000,0.0000
122.0333,19.7900,0.0367,21001.9198,1661.1950,438.1739,0.0000,0.0000,0.0000
122.0500,19.7902,0.0550,20981.9717,1659.6194,437.7717,0.0000,0.0000,0.0000
122.0667,19.7904,0.0733,20962.0128,1658.0249,437.3694,0.0000,0.0000,0.0000
122.0833,19.7906,0.0917,20941.9230,1656.4125,436.9672,0.0000,0.0000,0.0000
122.1000,19.7908,0.1100,20921.6764,1654.7834,436.5650,0.0000,0.0000,0.0000
122.1167,19.7910,0.1283,20901.2733,1653.1387,436.1629,0.0000,0.0000,0.0000
122.1333,19.7912,0.1467,20880.7218,1651.4795,435.7608,0.0000,0.0000,0.0000
122.1500,19.7914,0.1650,20860.0321,1649.8068,435.3587,0.0000,0.0000,0.0000
122.1667,19.7916,0.1833,20839.2149,1648.1218,434.9566,0.0000,0.0000,0.0000
122.1833,19.7918,0.2017,20818.2812,1646.4256,434.5546,0.0000,0.0000,0.0000
122.2000,19.7920,0.2200,20797.2414,1644.7192,434.1526,0.0000,0.0000,0.0000
122.2167,19.7922,0.2383,20776.1057,1643.0036,433.7506,0.0000,0.0000,0.0000
122.2333,19.7925,0.2567,20754.8839,1641.2798,433.3486,0.0000,0.0000,0.0000
122.2500,19.7927,0.2750,20733.5853,1639.5487,432.9467,0.0000,0.0000,0.0000
122.2667,19.7929,0.2933,20712.2186,1637.8111,432.5447,0.0000,0.0000,0.0000
122.2833,19.7931,0.3117,20690.7921,1636.0679,432.1428,0.0000,0.0000,0.0000
122.3000,19.7933,0.3300,20669.3136,1634.3198,431.7409,0.0000,0.0000,0.0000
122.3167,19.7935,0.3483,20647.7904,1632.5675,431.3390,0.0000,0.0000,0.0000
122.3333,19.7937,0.3667,20626.2294,1630.8117,430.9371,0.0000,0.0000,0.0000
122.3500,19.7940,0.3850,20604.6369,1629.0530,430.5352,0.0000,0.0000,0.0000
122.3667,19.7942,0.4033,20583.0189,1627.2921,430.1334,0.0000,0.0000,0.0000
122.3833,19.7944,0.4217,20561.3809,1625.5293,429.7315,0.0000,0.0000,0.0000
122.4000,19.7946,0.4400,20539.7281,1623.7653,429.3296,0.0000,0.0000,0.0000
122.4167,19.7948,0.4583,20518.0653,1622.0005,428.9277,0.0000,0.0000,0.0000
122.4333,19.7950,0.4767,20496.3969,1620.2352,428.5259,0.0000,0.0000,0.0000
122.4500,19.7953,0.4950,20474.7269,1618.4700,428.1240,0.0000,0.0000,0.0000
122.4667,19.7955,0.5133,20453.0591,1616.7052,427.7221,0.0000,0.0000,0.0000
122.4833,19.7957,0.5317,20431.3969,1614.9411,427.3203,0.0000,0.0000,0.0000
122.5000,19.7959,0.5500,20409.7436,1613.1780,426.9184,0.0000,0.0000,0.0000
122.5167,19.7961,0.5683,20388.1021,1611.4162,426.5165,0.0000,0.0000,0.0000
122.5333,19.7963,0.5867,20366.4748,1609.6560,426.1146,0.0000,0.0000,0.0000
122.5500,19.7966,0.6050,20344.8644,1607.8975,425.7127,0.0000,0.0000,0.0000
122.5667,19.7968,0.6233,20323.2730,1606.1411,425.3109,0.0000,0.0000,0.0000
122.5833,19.7970,0.6417,20301.7025,1604.3868,424.9090,0.0000,0.0000,0.0000
122.6000,19.7972,0.6600,20280.1548,1602.6349,424.5071,0.0000,0.0000,0.0000
122.6167,19.7974,0.6783,20258.6313,1600.8854,424.1052,0.0000,0.0000,0.0000
122.6333,19.7976,0.6967,20237.1337,1599.1386,423.7033,0.0000,0.0000,0.0000
122.6500,19.7978,0.7150,20215.6631,1597.3946,423.3014,0.0000,0.0000,0.0000
122.6667,19.7981,0.7333,20194.2206,1595.6535,422.8994,0.0000,0.0000,0.0000
122.6833,19.7983,0.7517,20172.8073,1593.9153,422.4975,0.0000,0.0000,0.0000
122.7000,19.7985,0.7700,20151.4239,1592.1801,422.0956,0.0000,0.0000,0.0000
122.7167,19.7987,0.7883,20130.0712,1590.4481,421.6936,0.0000,0.0000,0.0000
122.7333,19.7989,0.8067,20108.7497,1588.7192,421.2917,0.0000,0.0000,0.0000
122.7500,19.7991,0.8250,20087.4600,1586.9935,420.8897,0.0000,0.0000,0.0000
122.7667,19.7993,0.8433,20066.2024,1585.2710,420.4878,0.0000,0.0000,0.0000
122.7833,19.7996,0.8617,20044.9773,1583.5518,420.0858,0.0000,0.0000,0.0000
122.8000,19.7998,0.8800,20023.7849,1581.8359,419.6838,0.0000,0.0000,0.0000
122.8167,19.8000,0.8983,20002.6252,1580.1233,419.2819,0.0000,0.0000,0.0000
122.8333,19.8002,0.9167,19981.4983,1578.4140,418.8799,0.0000,0.0000,0.0000
122.8500,19.8004,0.9350,19960.4043,1576.7079,418.4779,0.0000,0.0000,0.0000
122.8667,19.8006,0.9533,19939.3430,1575.0052,418.0759,0.0000,0.0000,0.0000
122.8833,19.8008,0.9717,19918.3143,1573.3057,417.6739,0.0000,0.0000,0.0000
122.9000,19.8010,0.9900,19897.3180,1571.6094,417.2718,0.0000,0.0000,0.0000
122.9167,19.8012,1.0083,19876.3538,1569.9164,416.8698,0.0000,0.0000,0.0000
122.9333,19.8014,1.0267,19855.4215,1568.2265,416.4678,0.0000,0.0000,0.0000
122.9500,19.8017,1.0450,19834.5207,1566.5398,416.0657,0.0000,0.0000,0.0000
122.9667,19.8019,1.0633,19813.6510,1564.8561,415.6637,0.0000,0.0000,0.0000
122.9833,19.8021,1.0817,19792.8120,1563.1756,415.2616,0.0000,0.0000,0.0000
123.0000,19.8023,1.1000,19772.0032,1561.4980,414.8596,0.0000,0.0000,0.0000
123.0167,19.8021,1.0350,19785.2000,1562.7092,416.2985,0.0000,0.0000,0.0000
123.0333,19.8019,0.9700,19808.7322,1563.8223,417.7351,0.0000,0.0000,0.0000
123.0500,19.8017,0.9050,19833.7937,1564.9384,419.1714,0.0000,0.0000,0.0000
123.0667,19.8014,0.8400,19859.2732,1566.0629,420.6076,0.0000,0.0000,0.0000
123.0833,19.8012,0.7750,19884.9353,1567.1987,422.0438,0.0000,0.0000,0.0000
123.1000,19.8009,0.7100,19910.7435,1568.3481,423.4799,0.0000,0.0000,0.0000
123.1167,19.8006,0.6450,19936.7080,1569.5135,424.9160,0.0000,0.0000,0.0000
123.1333,19.8004,0.5800,19962.8502,1570.6974,426.3520,0.0000,0.0000,0.0000
123.1500,19.8001,0.5150,19989.1945,1571.9023,427.7881,0.0000,0.0000,0.0000
123.1667,19.7998,0.4500,20015.7656,1573.1308,429.2240,0.0000,0.0000,0.0000
123.1833,19.7996,0.3850,20042.5880,1574.3852,430.6599,0.0000,0.0000,0.0000
123.2000,19.7993,0.3200,20069.6850,1575.6680,432.0957,0.0000,0.0000,0.0000
123.2167,19.7990,0.2550,20097.0789,1576.9812,433.5315,0.0000,0.0000,0.0000
123.2333,19.7988,0.1900,20124.7907,1578.3269,434.9672,0.0000,0.0000,0.0000
123.2500,19.7985,0.1250,20152.8400,1579.7071,436.4028,0.0000,0.0000,0.0000
123.2667,19.7982,0.0600,20181.2450,1581.1235,437.8384,0.0000,0.0000,0.0000
123.2833,19.7979,-0.0050,20210.0223,1582.5778,439.2739,0.0000,0.0000,0.0000
123.3000,19.7976,-0.0700,20239.1873,1584.0714,440.7092,0.0000,0.0000,0.0000
123.3167,19.7973,-0.1350,20268.7542,1585.6057,442.1445,0.0000,0.0000,0.0000
123.3333,19.7970,-0.2000,20298.7354,1587.1820,443.5797,0.0000,0.0000,0.0000
123.3500,19.7967,-0.2650,20329.1425,1588.8014,445.0148,0.0000,0.0000,0.0000
123.3667,19.7964,-0.3300,20359.9857,1590.4647,446.4498,0.0000,0.0000,0.0000
123.3833,19.7961,-0.3950,20391.2741,1592.1730,447.8848,0.0000,0.0000,0.0000
123.4000,19.7958,-0.4600,20423.0156,1593.9270,449.3196,0.0000,0.0000,0.0000
123.4167,19.7954,-0.5250,20455.2171,1595.7272,450.7543,0.0000,0.0000,0.0000
123.4333,19.7951,-0.5900,20487.8847,1597.5744,452.1889,0.0000,0.0000,0.0000
123.4500,19.7948,-0.6550,20521.0232,1599.4690,453.6234,0.0000,0.0000,0.0000
123.4667,19.7945,-0.7200,20554.6369,1601.4112,455.0578,0.0000,0.0000,0.0000
123.4833,19.7941,-0.7850,20588.7290,1603.4016,456.4921,0.0000,0.0000,0.0000
123.5000,19.7938,-0.8500,20623.3021,1605.4402,457.9262,0.0000,0.0000,0.0000
123.5167,19.7934,-0.9150,20658.3579,1607.5273,459.3603,0.0000,0.0000,0.0000
123.5333,19.7931,-0.9800,20693.8976,1609.6629,460.7943,0.0000,0.0000,0.0000
123.5500,19.7927,-1.0450,20729.9217,1611.8470,462.2281,0.0000,0.0000,0.0000
123.5667,19.7923,-1.1100,20766.4299,1614.0797,463.6619,0.0000,0.0000,0.0000
123.5833,19.7920,-1.1750,20803.4216,1616.3608,465.0955,0.0000,0.0000,0.0000
123.6000,19.7916,-1.2400,20840.8955,1618.6902,466.5291,0.0000,0.0000,0.0000
123.6167,19.7912,-1.3050,20878.8500,1621.0677,467.9625,0.0000,0.0000,0.0000
123.6333,19.7908,-1.3700,20917.2828,1623.4931,469.3958,0.0000,0.0000,0.0000
123.6500,19.7904,-1.4350,20956.1913,1625.9661,470.8290,0.0000,0.0000,0.0000
123.6667,19.7900,-1.5000,20995.5726,1628.4863,472.2621,0.0000,0.0000,0.0000
123.6833,19.7896,-1.5650,21035.4232,1631.0535,473.6952,0.0000,0.0000,0.0000
123.7000,19.7892,-1.6300,21075.7393,1633.6672,475.1281,0.0000,0.0000,0.0000
123.7167,19.7888,-1.6950,21116.5170,1636.3270,476.5609,0.0000,0.0000,0.0000
123.7333,19.7884,-1.7600,21157.7518,1639.0325,477.9936,0.0000,0.0000,0.0000
123.7500,19.7880,-1.8250,21199.4391,1641.7832,479.4262,0.0000,0.0000,0.0000
123.7667,19.7876,-1.8900,21241.5739,1644.5786,480.8587,0.0000,0.0000,0.0000
123.7833,19.7872,-1.9550,21284.1509,1647.4182,482.2911,0.0000,0.0000,0.0000
123.8000,19.7867,-2.0200,21327.1646,1650.3013,483.7234,0.0000,0.0000,0.0000
123.8167,19.7863,-2.0850,21370.6092,1653.2274,485.1556,0.0000,0.0000,0.0000
123.8333,19.7859,-2.1500,21414.4786,1656.1960,486.5877,0.0000,0.0000,0.0000
123.8500,19.7854,-2.2150,21458.7664,1659.2062,488.0197,0.0000,0.0000,0.0000
123.8667,19.7850,-2.2800,21503.4657,1662.2574,489.4517,0.0000,0.0000,0.0000
123.8833,19.7845,-2.3450,21548.5692,1665.3490,490.8835,0.0000,0.0000,0.0000
123.9000,19.7841,-2.4100,21594.0688,1668.4799,492.3153,0.0000,0.0000,0.0000
123.9167,19.7836,-2.4750,21639.9556,1671.6494,493.7470,0.0000,0.0000,0.0000
123.9333,19.7831,-2.5400,21686.2187,1674.8562,495.1785,0.0000,0.0000,0.0000
123.9500,19.7827,-2.6050,21732.8437,1678.0988,496.6100,0.0000,0.0000,0.0000
123.9667,19.7822,-2.6700,21779.8047,1681.3741,498.0415,0.0000,0.0000,0.0000
123.9833,19.7817,-2.7350,21827.0493,1684.6764,499.4728,0.0000,0.0000,0.0000
124.0000,19.7813,-2.8000,21874.6795,1688.0210,500.9041,0.0000,0.0000,0.0000
124.0167,19.7811,-2.7900,21889.9708,1688.8030,500.6789,0.0000,0.0000,0.0000
124.0333,19.7810,-2.7800,21898.2446,1689.6437,500.4553,0.0000,0.0000,0.0000
124.0500,19.7809,-2.7700,21905.2024,1690.5239,500.2319,0.0000,0.0000,0.0000
124.0667,19.7809,-2.7600,21912.1160,1691.4380,500.0085,0.0000,0.0000,0.0000
124.0833,19.7808,-2.7500,21919.2550,1692.3827,499.7851,0.0000,0.0000,0.0000
124.1000,19.7807,-2.7400,21925.5678,1693.2756,499.5619,0.0000,0.0000,0.0000
124.1167,19.7807,-2.7300,21932.2961,1694.1886,499.3386,0.0000,0.0000,0.0000
124.1333,19.7806,-2.7200,21939.2778,1695.1205,499.1152,0.0000,0.0000,0.0000
124.1500,19.7805,-2.7100,21946.4534,1696.0696,498.8918,0.0000,0.0000,0.0000
124.1667,19.7805,-2.7000,21953.7910,1697.0335,498.6684,0.0000,0.0000,0.0000
124.1833,19.7804,-2.6900,21961.2660,1698.0102,498.4449,0.0000,0.0000,0.0000
124.2000,19.7803,-2.6800,21968.8562,1698.9975,498.2214,0.0000,0.0000,0.0000
124.2167,19.7802,-2.6700,21976.5404,1699.9934,497.9978,0.0000,0.0000,0.0000
124.2333,19.7802,-2.6600,21984.2985,1700.9958,497.7743,0.0000,0.0000,0.0000
124.2500,19.7801,-2.6500,21992.1114,1702.0029,497.5507,0.0000,0.0000,0.0000
124.2667,19.7800,-2.6400,21999.9606,1703.0129,497.3272,0.0000,0.0000,0.0000
124.2833,19.7799,-2.6300,22007.8288,1704.0241,497.1036,0.0000,0.0000,0.0000
124.3000,19.7798,-2.6200,22015.6996,1705.0348,496.8800,0.0000,0.0000,0.0000
124.3167,19.7798,-2.6100,22023.5575,1706.0436,496.6565,0.0000,0.0000,0.0000
124.3333,19.7797,-2.6000,22031.3879,1707.0490,496.4329,0.0000,0.0000,0.0000
124.3500,19.7796,-2.5900,22039.1771,1708.0498,496.2094,0.0000,0.0000,0.0000
124.3667,19.7795,-2.5800,22046.9122,1709.0445,495.9858,0.0000,0.0000,0.0000
124.3833,19.7795,-2.5700,22054.5812,1710.0322,495.7623,0.0000,0.0000,0.0000
124.4000,19.7794,-2.5600,22062.1729,1711.0116,495.5388,0.0000,0.0000,0.0000
124.4167,19.7793,-2.5500,22069.6768,1711.9818,495.3153,0.0000,0.0000,0.0000
124.4333,19.7792,-2.5400,22077.0831,1712.9418,495.0918,0.0000,0.0000,0.0000
124.4500,19.7792,-2.5300,22084.3829,1713.8908,494.8684,0.0000,0.0000,0.0000
124.4667,19.7791,-2.5200,22091.5677,1714.8278,494.6450,0.0000,0.0000,0.0000
124.4833,19.7790,-2.5100,22098.6299,1715.7523,494.4216,0.0000,0.0000,0.0000
124.5000,19.7789,-2.5000,22105.5623,1716.6635,494.1982,0.0000,0.0000,0.0000
124.5167,19.7789,-2.4900,22112.3585,1717.5607,493.9749,0.0000,0.0000,0.0000
124.5333,19.7788,-2.4800,22119.0123,1718.4434,493.7516,0.0000,0.0000,0.0000
124.5500,19.7787,-2.4700,22125.5185,1719.3111,493.5283,0.0000,0.0000,0.0000
124.5667,19.7787,-2.4600,22131.8720,1720.1633,493.3051,0.0000,0.0000,0.0000
124.5833,19.7786,-2.4500,22138.0683,1720.9996,493.0819,0.0000,0.0000,0.0000
124.6000,19.7786,-2.4400,22144.1034,1721.8195,492.8587,0.0000,0.0000,0.0000
124.6167,19.7785,-2.4300,22149.9738,1722.6228,492.6356,0.0000,0.0000,0.0000
124.6333,19.7784,-2.4200,22155.6762,1723.4090,492.4125,0.0000,0.0000,0.0000
124.6500,19.7784,-2.4100,22161.2078,1724.1781,492.1895,0.0000,0.0000,0.0000
124.6667,19.7784,-2.4000,22164.4631,1724.6819,491.9669,0.0000,0.0000,0.0000
124.6833,19.7783,-2.3900,22167.4079,1725.1745,491.7445,0.0000,0.0000,0.0000
124.7000,19.7783,-2.3800,22170.1527,1725.6560,491.5220,0.0000,0.0000,0.0000
124.7167,19.7783,-2.3700,22172.7471,1726.1264,491.2996,0.0000,0.0000,0.0000
124.7333,19.7782,-2.3600,22175.2137,1726.5858,491.0773,0.0000,0.0000,0.0000
124.7500,19.7782,-2.3500,22177.5624,1727.0343,490.8549,0.0000,0.0000,0.0000
124.7667,19.7782,-2.3400,22179.7976,1727.4717,490.6326,0.0000,0.0000,0.0000
124.7833,19.7782,-2.3300,22181.9212,1727.8981,490.4103,0.0000,0.0000,0.0000
124.8000,19.7782,-2.3200,22183.9339,1728.3134,490.1880,0.0000,0.0000,0.0000
124.8167,19.7781,-2.3100,22185.8358,1728.7177,489.9658,0.0000,0.0000,0.0000
124.8333,19.7781,-2.3000,22187.6270,1729.1108,489.7436,0.0000,0.0000,0.0000
124.8500,19.7781,-2.2900,22189.3073,1729.4928,489.5214,0.0000,0.0000,0.0000
124.8667,19.7781,-2.2800,22190.8768,1729.8637,489.2992,0.0000,0.0000,0.0000
124.8833,19.7781,-2.2700,22192.3352,1730.2235,489.0771,0.0000,0.0000,0.0000
124.9000,19.7781,-2.2600,22193.6826,1730.5722,488.8549,0.0000,0.0000,0.0000
124.9167,19.7781,-2.2500,22194.9190,1730.9097,488.6328,0.0000,0.0000,0.0000
124.9333,19.7780,-2.2400,22196.0445,1731.2361,488.4108,0.0000,0.0000,0.0000
124.9500,19.7780,-2.2300,22197.0591,1731.5514,488.1887,0.0000,0.0000,0.0000
124.9667,19.7780,-2.2200,22197.9631,1731.8556,487.9667,0.0000,0.0000,0.0000
124.9833,19.7780,-2.2100,22198.7566,1732.1488,487.7447,0.0000,0.0000,0.0000
125.0000,19.7780,-2.2000,22199.4399,1732.4310,487.5227,0.0000,0.0000,0.0000
125.0167,19.7779,-2.2100,22206.3126,1733.4022,487.7430,0.0000,0.0000,0.0000
125.0333,19.7778,-2.2200,22215.8524,1734.3541,487.9627,0.0000,0.0000,0.0000
125.0500,19.7777,-2.2300,22226.5099,1735.2921,488.1822,0.0000,0.0000,0.0000
125.0667,19.7776,-2.2400,22237.6040,1736.2184,488.4015,0.0000,0.0000,0.0000
125.0833,19.7775,-2.2500,22248.8363,1737.1342,488.6209,0.0000,0.0000,0.0000
125.1000,19.7774,-2.2600,22260.0768,1738.0403,488.8402,0.0000,0.0000,0.0000
125.1167,19.7773,-2.2700,22271.2698,1738.9371,489.0595,0.0000,0.0000,0.0000
125.1333,19.7772,-2.2800,22282.3929,1739.8250,489.2789,0.0000,0.0000,0.0000
125.1500,19.7771,-2.2900,22293.4378,1740.7044,489.4983,0.0000,0.0000,0.0000
125.1667,19.7770,-2.3000,22304.4032,1741.5756,489.7177,0.0000,0.0000,0.0000
125.1833,19.7768,-2.3100,22315.2905,1742.4392,489.9371,0.0000,0.0000,0.0000
125.2000,19.7767,-2.3200,22326.1022,1743.2953,490.1565,0.0000,0.0000,0.0000
125.2167,19.7766,-2.3300,22336.8418,1744.1445,490.3759,0.0000,0.0000,0.0000
125.2333,19.7765,-2.3400,22347.5125,1744.9870,490.5954,0.0000,0.0000,0.0000
125.2500,19.7764,-2.3500,22358.1181,1745.8232,490.8149,0.0000,0.0000,0.0000
125.2667,19.7763,-2.3600,22368.6621,1746.6536,491.0343,0.0000,0.0000,0.0000
125.2833,19.7762,-2.3700,22379.1478,1747.4783,491.2538,0.0000,0.0000,0.0000
125.3000,19.7761,-2.3800,22389.5787,1748.2978,491.4734,0.0000,0.0000,0.0000
125.3167,19.7760,-2.3900,22399.9581,1749.1124,491.6929,0.0000,0.0000,0.0000
125.3333,19.7759,-2.4000,22410.2891,1749.9224,491.9124,0.0000,0.0000,0.0000
125.3500,19.7758,-2.4100,22420.5748,1750.7280,492.1319,0.0000,0.0000,0.0000
125.3667,19.7757,-2.4200,22430.8181,1751.5297,492.3515,0.0000,0.0000,0.0000
125.3833,19.7756,-2.4300,22441.0219,1752.3276,492.5711,0.0000,0.0000,0.0000
125.4000,19.7755,-2.4400,22451.1889,1753.1220,492.7906,0.0000,0.0000,0.0000
125.4167,19.7754,-2.4500,22461.3217,1753.9131,493.0102,0.0000,0.0000,0.0000
125.4333,19.7753,-2.4600,22471.4227,1754.7013,493.2298,0.0000,0.0000,0.0000
125.4500,19.7752,-2.4700,22481.4943,1755.4866,493.4494,0.0000,0.0000,0.0000
125.4667,19.7751,-2.4800,22491.5388,1756.2695,493.6690,0.0000,0.0000,0.0000
125.4833,19.7750,-2.4900,22501.5583,1757.0500,493.8886,0.0000,0.0000,0.0000
125.5000,19.7749,-2.5000,22511.5550,1757.8283,494.1082,0.0000,0.0000,0.0000
125.5167,19.7748,-2.5100,22521.5308,1758.6047,494.3278,0.0000,0.0000,0.0000
125.5333,19.7747,-2.5200,22531.4875,1759.3794,494.5474,0.0000,0.0000,0.0000
125.5500,19.7746,-2.5300,22541.4269,1760.1524,494.7670,0.0000,0.0000,0.0000
125.5667,19.7745,-2.5400,22551.3507,1760.9240,494.9866,0.0000,0.0000,0.0000
125.5833,19.7744,-2.5500,22561.2605,1761.6943,495.2063,0.0000,0.0000,0.0000
125.6000,19.7743,-2.5600,22571.1578,1762.4635,495.4259,0.0000,0.0000,0.0000
125.6167,19.7742,-2.5700,22581.0441,1763.2317,495.6455,0.0000,0.0000,0.0000
125.6333,19.7741,-2.5800,22590.9208,1763.9990,495.8651,0.0000,0.0000,0.0000
125.6500,19.7740,-2.5900,22600.7890,1764.7656,496.0848,0.0000,0.0000,0.0000
125.6667,19.7739,-2.6000,22610.6502,1765.5315,496.3044,0.0000,0.0000,0.0000
125.6833,19.7738,-2.6100,22620.5053,1766.2969,496.5241,0.0000,0.0000,0.0000
125.7000,19.7737,-2.6200,22630.3555,1767.0619,496.7437,0.0000,0.0000,0.0000
125.7167,19.7736,-2.6300,22640.2019,1767.8267,496.9633,0.0000,0.0000,0.0000
125.7333,19.7735,-2.6400,22650.0454,1768.5911,497.1830,0.0000,0.0000,0.0000
125.7500,19.7734,-2.6500,22659.8870,1769.3555,497.4026,0.0000,0.0000,0.0000
125.7667,19.7733,-2.6600,22669.7275,1770.1198,497.6223,0.0000,0.0000,0.0000
125.7833,19.7732,-2.6700,22679.5676,1770.8842,497.8419,0.0000,0.0000,0.0000
125.8000,19.7731,-2.6800,22689.4083,1771.6486,498.0615,0.0000,0.0000,0.0000
125.8167,19.7730,-2.6900,22699.2502,1772.4133,498.2812,0.0000,0.0000,0.0000
125.8333,19.7729,-2.7000,22709.0940,1773.1782,498.5008,0.0000,0.0000,0.0000
125.8500,19.7728,-2.7100,22718.9403,1773.9433,498.7204,0.0000,0.0000,0.0000
125.8667,19.7727,-2.7200,22728.7898,1774.7089,498.9401,0.0000,0.0000,0.0000
125.8833,19.7726,-2.7300,22738.6429,1775.4748,499.1597,0.0000,0.0000,0.0000
125.9000,19.7725,-2.7400,22748.5003,1776.2412,499.3794,0.0000,0.0000,0.0000
125.9167,19.7724,-2.7500,22758.3623,1777.0081,499.5990,0.0000,0.0000,0.0000
125.9333,19.7723,-2.7600,22768.2295,1777.7756,499.8186,0.0000,0.0000,0.0000
125.9500,19.7722,-2.7700,22778.1022,1778.5436,500.0383,0.0000,0.0000,0.0000
125.9667,19.7721,-2.7800,22787.9809,1779.3123,500.2579,0.0000,0.0000,0.0000
125.9833,19.7720,-2.7900,22797.8660,1780.0817,500.4775,0.0000,0.0000,0.0000
126.0000,19.7719,-2.8000,22807.7577,1780.8517,500.6972,0.0000,0.0000,0.0000
126.0167,19.7719,-2.8000,22814.4002,1781.2544,500.6957,3.7872,0.0000,0.0000
126.0333,19.7718,-2.8000,22819.5292,1781.6464,500.6945,7.5744,0.0000,0.0000
126.0500,19.7718,-2.8000,22823.9183,1782.0271,500.6936,11.3616,0.0000,0.0000
126.0667,19.7717,-2.8000,22827.9154,1782.3967,500.6927,15.1488,0.0000,0.0000
126.0833,19.7717,-2.8000,22831.6794,1782.7558,500.6918,18.9360,0.0000,0.0000
126.1000,19.7716,-2.8000,22835.2847,1783.1050,500.6910,22.7232,0.0000,0.0000
126.1167,19.7716,-2.8000,22838.7675,1783.4448,500.6903,26.5104,0.0000,0.0000
126.1333,19.7716,-2.8000,22842.1463,1783.7756,500.6895,30.2976,0.0000,0.0000
126.1500,19.7715,-2.8000,22845.4313,1784.0979,500.6888,34.0848,0.0000,0.0000
126.1667,19.7715,-2.8000,22848.6287,1784.4119,500.6881,37.8720,0.0000,0.0000
126.1833,19.7715,-2.8000,22851.7424,1784.7178,500.6874,41.6592,0.0000,0.0000
126.2000,19.7715,-2.8000,22854.7753,1785.0158,500.6867,45.4464,0.0000,0.0000
126.2167,19.7714,-2.8000,22857.7294,1785.3060,500.6861,49.2336,0.0000,0.0000
126.2333,19.7714,-2.8000,22860.6064,1785.5887,500.6854,53.0208,0.0000,0.0000
126.2500,19.7714,-2.8000,22863.4076,1785.8639,500.6848,56.8080,0.0000,0.0000
126.2667,19.7713,-2.8000,22866.1343,1786.1317,500.6842,60.5952,0.0000,0.0000
126.2833,19.7713,-2.8000,22868.7876,1786.3922,500.6836,64.3824,0.0000,0.0000
126.3000,19.7713,-2.8000,22871.3684,1786.6455,500.6830,68.1696,0.0000,0.0000
126.3167,19.7713,-2.8000,22873.8777,1786.8918,500.6825,71.9568,0.0000,0.0000
126.3333,19.7712,-2.8000,22876.3166,1787.1311,500.6819,75.7440,0.0000,0.0000
126.3500,19.7712,-2.8000,22878.6860,1787.3635,500.6814,79.5312,0.0000,0.0000
126.3667,19.7712,-2.8000,22880.9872,1787.5891,500.6809,83.3184,0.0000,0.0000
126.3833,19.7712,-2.8000,22883.2213,1787.8081,500.6804,87.1056,0.0000,0.0000
126.4000,19.7711,-2.8000,22885.3896,1788.0206,500.6799,90.8928,0.0000,0.0000
126.4167,19.7711,-2.8000,22887.4936,1788.2268,500.6795,94.6800,0.0000,0.0000
126.4333,19.7711,-2.8000,22889.5348,1788.4268,500.6790,98.4672,0.0000,0.0000
126.4500,19.7711,-2.8000,22891.5150,1788.6209,500.6786,102.2544,0.0000,0.0000
126.4667,19.7711,-2.8000,22893.4361,1788.8091,500.6781,106.0416,0.0000,0.0000
126.4833,19.7710,-2.8000,22895.3003,1788.9919,500.6777,109.8288,0.0000,0.0000
126.5000,19.7710,-2.8000,22897.1101,1789.1694,500.6773,113.6160,0.0000,0.0000
126.5167,19.7710,-2.8000,22898.8681,1789.3419,500.6769,117.4032,0.0000,0.0000
126.5333,19.7710,-2.8000,22900.5775,1789.5097,500.6766,121.1904,0.0000,0.0000
126.5500,19.7710,-2.8000,22902.2416,1789.6733,500.6762,124.9776,0.0000,0.0000
126.5667,19.7710,-2.8000,22903.8644,1789.8331,500.6758,128.7648,0.0000,0.0000
126.5833,19.7709,-2.8000,22905.4504,1789.9896,500.6755,132.5520,0.0000,0.0000
126.6000,19.7709,-2.8000,22907.0048,1790.1433,500.6751,136.3392,0.0000,0.0000
126.6167,19.7709,-2.8000,22908.5338,1790.2949,500.6748,140.1264,0.0000,0.0000
126.6333,19.7709,-2.8000,22910.0446,1790.4454,500.6745,143.9136,0.0000,0.0000
126.6500,19.7709,-2.8000,22911.5462,1790.5957,500.6741,147.7008,0.0000,0.0000
126.6667,19.7709,-2.8000,22913.0499,1790.7472,500.6738,151.4880,0.0000,0.0000
126.6833,19.7709,-2.8000,22914.5701,1790.9018,500.6735,155.2752,0.0000,0.0000
126.7000,19.7708,-2.8000,22916.1277,1791.0621,500.6731,159.0624,0.0000,0.0000
126.7167,19.7708,-2.8000,22917.7541,1791.2329,500.6728,162.8496,0.0000,0.0000
126.7333,19.7708,-2.8000,22919.5093,1791.4273,500.6724,166.6368,0.0000,0.0000
126.7500,19.7708,-2.8000,22921.6204,1791.5680,500.6719,170.4240,0.0000,0.0000
126.7667,19.7708,-2.8000,22922.5378,1791.6228,500.6717,174.2112,0.0000,0.0000
126.7833,19.7708,-2.8000,22922.9094,1791.6288,500.6716,177.9984,0.0000,0.0000
126.8000,19.7708,-2.8000,22922.8530,1791.5954,500.6716,181.7856,0.0000,0.0000
126.8167,19.7708,-2.8000,22922.4255,1791.5273,500.6717,185.5728,0.0000,0.0000
126.8333,19.7708,-2.8000,22921.6625,1791.4274,500.6719,189.3600,0.0000,0.0000
126.8500,19.7708,-2.8000,22920.5886,1791.2978,500.6721,193.1472,0.0000,0.0000
126.8667,19.7708,-2.8000,22919.2215,1791.1399,500.6724,196.9344,0.0000,0.0000
126.8833,19.7708,-2.8000,22916.7564,1790.8959,500.6730,200.7216,0.0000,0.0000
126.9000,19.7709,-2.8000,22914.0796,1790.6187,500.6736,204.5088,0.0000,0.0000
126.9167,19.7709,-2.8000,22911.1108,1790.3091,500.6742,208.2960,0.0000,0.0000
126.9333,19.7709,-2.8000,22907.8311,1789.9676,500.6750,212.0832,0.0000,0.0000
126.9500,19.7710,-2.8000,22904.2383,1789.5945,500.6758,215.8704,0.0000,0.0000
126.9667,19.7710,-2.8000,22900.3346,1789.1904,500.6766,219.6576,0.0000,0.0000
126.9833,19.7710,-2.8000,22896.1233,1788.7555,500.6776,223.4448,0.0000,0.0000
127.0000,19.7711,-2.8000,22891.6074,1788.2902,500.6786,227.2320,0.0000,0.0000
127.0167,19.7715,-2.7167,22848.0369,1784.6346,498.8397,250.7442,0.0000,0.0000
127.0333,19.7721,-2.6333,22794.0427,1780.7521,497.0031,274.2564,0.0000,0.0000
127.0500,19.7726,-2.5500,22735.8513,1776.6368,495.1675,297.7686,0.0000,0.0000
127.0667,19.7733,-2.4667,22674.9278,1772.2919,493.3325,321.2808,0.0000,0.0000
127.0833,19.7739,-2.3833,22611.6346,1767.7205,491.4980,344.7930,0.0000,0.0000
127.1000,19.7745,-2.3000,22546.0679,1762.9244,489.6641,368.3052,0.0000,0.0000
127.1167,19.7752,-2.2167,22478.2533,1757.9037,487.8306,391.8174,0.0000,0.0000
127.1333,19.7759,-2.1333,22408.1942,1752.6582,485.9976,415.3296,0.0000,0.0000
127.1500,19.7766,-2.0500,22335.8858,1747.1872,484.1651,438.8418,0.0000,0.0000
127.1667,19.7774,-1.9667,22261.3195,1741.4896,482.3331,462.3540,0.0000,0.0000
127.1833,19.7782,-1.8833,22184.4852,1735.5644,480.5016,485.8662,0.0000,0.0000
127.2000,19.7789,-1.8000,22105.3724,1729.4106,478.6707,509.3784,0.0000,0.0000
127.2167,19.7798,-1.7167,22023.9706,1723.0270,476.8402,532.8906,0.0000,0.0000
127.2333,19.7806,-1.6333,21940.2699,1716.4126,475.0102,556.4028,0.0000,0.0000
127.2500,19.7815,-1.5500,21854.2610,1709.5667,473.1808,579.9150,0.0000,0.0000
127.2667,19.7823,-1.4667,21765.9355,1702.4884,471.3519,603.4272,0.0000,0.0000
127.2833,19.7832,-1.3833,21675.2859,1695.1768,469.5234,626.9394,0.0000,0.0000
127.3000,19.7842,-1.3000,21582.3055,1687.6315,467.6955,650.4516,0.0000,0.0000
127.3167,19.7851,-1.2167,21486.9887,1679.8518,465.8682,673.9638,0.0000,0.0000
127.3333,19.7861,-1.1333,21389.3307,1671.8374,464.0413,697.4760,0.0000,0.0000
127.3500,19.7871,-1.0500,21289.3278,1663.5878,462.2150,720.9882,0.0000,0.0000
127.3667,19.7881,-0.9667,21186.9772,1655.1029,460.3891,744.5004,0.0000,0.0000
127.3833,19.7892,-0.8833,21082.2772,1646.3824,458.5638,768.0126,0.0000,0.0000
127.4000,19.7902,-0.8000,20975.2267,1637.4263,456.7391,791.5248,0.0000,0.0000
127.4167,19.7913,-0.7167,20865.8257,1628.2347,454.9148,815.0370,0.0000,0.0000
127.4333,19.7925,-0.6333,20754.0753,1618.8076,453.0911,838.5492,0.0000,0.0000
127.4500,19.7936,-0.5500,20639.9771,1609.1453,451.2678,862.0614,0.0000,0.0000
127.4667,19.7948,-0.4667,20523.5338,1599.2481,449.4451,885.5736,0.0000,0.0000
127.4833,19.7960,-0.3833,20404.7489,1589.1163,447.6230,909.0858,0.0000,0.0000
127.5000,19.7972,-0.3000,20283.6267,1578.7504,445.8013,932.5980,0.0000,0.0000
127.5167,19.7984,-0.2167,20160.1722,1568.1509,443.9802,956.1102,0.0000,0.0000
127.5333,19.7997,-0.1333,20034.3914,1557.3185,442.1596,979.6224,0.0000,0.0000
127.5500,19.8009,-0.0500,19906.2906,1546.2537,440.3394,1003.1346,0.0000,0.0000
127.5667,19.8022,0.0333,19775.8772,1534.9574,438.5198,1026.6468,0.0000,0.0000
127.5833,19.8036,0.1167,19643.1590,1523.4304,436.7008,1050.1590,0.0000,0.0000
127.6000,19.8049,0.2000,19508.1446,1511.6736,434.8822,1073.6712,0.0000,0.0000
127.6167,19.8063,0.2833,19370.8432,1499.6878,433.0641,1097.1834,0.0000,0.0000
127.6333,19.8077,0.3667,19231.2644,1487.4741,431.2466,1120.6956,0.0000,0.0000
127.6500,19.8091,0.4500,19089.4186,1475.0335,429.4295,1144.2078,0.0000,0.0000
127.6667,19.8105,0.5333,18945.3165,1462.3672,427.6129,1167.7200,0.0000,0.0000
127.6833,19.8120,0.6167,18798.9694,1449.4762,425.7969,1191.2322,0.0000,0.0000
127.7000,19.8135,0.7000,18650.3889,1436.3617,423.9813,1214.7444,0.0000,0.0000
127.7167,19.8150,0.7833,18499.5872,1423.0251,422.1662,1238.2566,0.0000,0.0000
127.7333,19.8165,0.8667,18346.5768,1409.4675,420.3516,1261.7688,0.0000,0.0000
127.7500,19.8181,0.9500,18191.3706,1395.6902,418.5376,1285.2810,0.0000,0.0000
127.7667,19.8197,1.0333,18033.9820,1381.6946,416.7239,1308.7932,0.0000,0.0000
127.7833,19.8213,1.1167,17874.4244,1367.4822,414.9108,1332.3054,0.0000,0.0000
127.8000,19.8229,1.2000,17712.7120,1353.0542,413.0982,1355.8176,0.0000,0.0000
127.8167,19.8245,1.2833,17548.8590,1338.4121,411.2860,1379.3298,0.0000,0.0000
127.8333,19.8262,1.3667,17382.8800,1323.5574,409.4743,1402.8420,0.0000,0.0000
127.8500,19.8279,1.4500,17214.7900,1308.4917,407.6630,1426.3542,0.0000,0.0000
127.8667,19.8296,1.5333,17044.6041,1293.2163,405.8523,1449.8664,0.0000,0.0000
127.8833,19.8313,1.6167,16872.3379,1277.7330,404.0419,1473.3786,0.0000,0.0000
127.9000,19.8330,1.7000,16698.0069,1262.0433,402.2321,1496.8908,0.0000,0.0000
127.9167,19.8348,1.7833,16521.6270,1246.1487,400.4227,1520.4030,0.0000,0.0000
127.9333,19.8366,1.8667,16343.2141,1230.0509,398.6137,1543.9152,0.0000,0.0000
127.9500,19.8384,1.9500,16162.7842,1213.7515,396.8052,1567.4274,0.0000,0.0000
127.9667,19.8402,2.0333,15980.3534,1197.2520,394.9972,1590.9396,0.0000,0.0000
127.9833,19.8420,2.1167,15795.9378,1180.5541,393.1896,1614.4518,0.0000,0.0000
128.0000,19.8439,2.2000,15609.5536,1163.6595,391.3824,1637.9640,0.0000,0.0000
128.0167,19.8458,2.2833,15422.2053,1146.7014,389.5754,1657.5312,0.0000,0.0000
128.0333,19.8477,2.3667,15233.9542,1129.6541,387.7686,1677.0984,0.0000,0.0000
128.0500,19.8496,2.4500,15044.6946,1112.5022,385.9621,1696.6656,0.0000,0.0000
128.0667,19.8515,2.5333,14854.3263,1095.2360,384.1558,1716.2328,0.0000,0.0000
128.0833,19.8534,2.6167,14662.7759,1077.8489,382.3498,1735.8000,0.0000,0.0000
128.1000,19.8553,2.7000,14469.9922,1060.3366,380.5440,1755.3672,0.0000,0.0000
128.1167,19.8572,2.7833,14275.9406,1042.6961,378.7385,1774.9344,0.0000,0.0000
128.1333,19.8592,2.8667,14080.5973,1024.9254,376.9333,1794.5016,0.0000,0.0000
128.1500,19.8612,2.9500,13883.9468,1007.0232,375.1284,1814.0688,0.0000,0.0000
128.1667,19.8631,3.0333,13685.9795,988.9887,373.3238,1833.6360,0.0000,0.0000
128.1833,19.8651,3.1167,13486.6904,970.8216,371.5195,1853.2032,0.0000,0.0000
128.2000,19.8671,3.2000,13286.0780,952.5218,369.7155,1872.7704,0.0000,0.0000
128.2167,19.8692,3.2833,13084.1436,934.0896,367.9118,1892.3376,0.0000,0.0000
128.2333,19.8712,3.3667,12880.8907,915.5253,366.1083,1911.9048,0.0000,0.0000
128.2500,19.8732,3.4500,12676.3248,896.8296,364.3052,1931.4720,0.0000,0.0000
128.2667,19.8753,3.5333,12470.4528,878.0033,362.5023,1951.0392,0.0000,0.0000
128.2833,19.8774,3.6167,12263.2829,859.0471,360.6997,1970.6064,0.0000,0.0000
128.3000,19.8795,3.7000,12054.8243,839.9620,358.8975,1990.1736,0.0000,0.0000
128.3167,19.8815,3.7833,11845.0872,820.7492,357.0955,2009.7408,0.0000,0.0000
128.3333,19.8837,3.8667,11634.0823,801.4097,355.2937,2029.3080,0.0000,0.0000
128.3500,19.8858,3.9500,11421.8211,781.9446,353.4923,2048.8752,0.0000,0.0000
128.3667,19.8879,4.0333,11208.3156,762.3552,351.6911,2068.4424,0.0000,0.0000
128.3833,19.8901,4.1167,10993.5780,742.6427,349.8902,2088.0096,0.0000,0.0000
128.4000,19.8922,4.2000,10777.6211,722.8084,348.0896,2107.5768,0.0000,0.0000
128.4167,19.8944,4.2833,10560.4577,702.8536,346.2893,2127.1440,0.0000,0.0000
128.4333,19.8966,4.3667,10342.1010,682.7796,344.4892,2146.7112,0.0000,0.0000
128.4500,19.8988,4.4500,10122.5643,662.5878,342.6893,2166.2784,0.0000,0.0000
128.4667,19.9010,4.5333,9901.8610,642.2795,340.8898,2185.8456,0.0000,0.0000
128.4833,19.9032,4.6167,9680.0047,621.8561,339.0905,2205.4128,0.0000,0.0000
128.5000,19.9054,4.7000,9457.0090,601.3190,337.2914,2224.9800,0.0000,0.0000
128.5167,19.9077,4.7833,9232.8874,580.6694,335.4926,2244.5472,0.0000,0.0000
128.5333,19.9099,4.8667,9007.6537,559.9089,333.6940,2264.1144,0.0000,0.0000
128.5500,19.9122,4.9500,8781.3214,539.0386,331.8957,2283.6816,0.0000,0.0000
128.5667,19.9145,5.0333,8553.9042,518.0601,330.0976,2303.2488,0.0000,0.0000
128.5833,19.9167,5.1167,8325.4156,496.9746,328.2998,2322.8160,0.0000,0.0000
128.6000,19.9190,5.2000,8095.8692,475.7836,326.5022,2342.3832,0.0000,0.0000
128.6167,19.9213,5.2833,7865.2785,454.4883,324.7048,2361.9504,0.0000,0.0000
128.6333,19.9237,5.3667,7633.6568,433.0901,322.9077,2381.5176,0.0000,0.0000
128.6500,19.9260,5.4500,7401.0175,411.5904,321.1107,2401.0848,0.0000,0.0000
128.6667,19.9283,5.5333,7167.3739,389.9905,319.3141,2420.6520,0.0000,0.0000
128.6833,19.9307,5.6167,6932.7391,368.2916,317.5176,2440.2192,0.0000,0.0000
128.7000,19.9330,5.7000,6697.1263,346.4951,315.7213,2459.7864,0.0000,0.0000
128.7167,19.9354,5.7833,6460.5483,324.6024,313.9253,2479.3536,0.0000,0.0000
128.7333,19.9378,5.8667,6223.0182,302.6146,312.1294,2498.9208,0.0000,0.0000
128.7500,19.9402,5.9500,5984.5487,280.5331,310.3338,2518.4880,0.0000,0.0000
128.7667,19.9425,6.0333,5745.1525,258.3591,308.5384,2538.0552,0.0000,0.0000
128.7833,19.9450,6.1167,5504.8422,236.0939,306.7432,2557.6224,0.0000,0.0000
128.8000,19.9474,6.2000,5263.6302,213.7387,304.9481,2577.1896,0.0000,0.0000
128.8167,19.9498,6.2833,5021.5291,191.2949,303.1533,2596.7568,0.0000,0.0000
128.8333,19.9522,6.3667,4778.5509,168.7635,301.3587,2616.3240,0.0000,0.0000
128.8500,19.9547,6.4500,4534.7079,146.1458,299.5643,2635.8912,0.0000,0.0000
128.8667,19.9571,6.5333,4290.0122,123.4431,297.7700,2655.4584,0.0000,0.0000
128.8833,19.9596,6.6167,4044.4756,100.6565,295.9760,2675.0256,0.0000,0.0000
128.9000,19.9620,6.7000,3798.1101,77.7872,294.1821,2694.5928,0.0000,0.0000
128.9167,19.9645,6.7833,3550.9273,54.8363,292.3884,2714.1600,0.0000,0.0000
128.9333,19.9670,6.8667,3302.9388,31.8051,290.5949,2733.7272,0.0000,0.0000
128.9500,19.9695,6.9500,3054.1561,8.6947,288.8015,2753.2944,0.0000,0.0000
128.9667,19.9720,7.0333,2804.5906,-14.4939,287.0084,2772.8616,0.0000,0.0000
128.9833,19.9745,7.1167,2554.2537,-37.7594,285.2154,2792.4288,0.0000,0.0000
129.0000,19.9770,7.2000,2303.1563,-61.1007,283.4225,2811.9960,0.0000,0.0000
129.0167,19.9793,7.2367,2071.9393,-82.8628,282.6605,2829.9852,0.0000,0.0000
129.0333,19.9815,7.2733,1845.0171,-104.6632,281.8975,2847.9744,0.0000,0.0000
129.0500,19.9838,7.3100,1618.8586,-126.4934,281.1343,2865.9636,0.0000,0.0000
129.0667,19.9861,7.3467,1392.6394,-148.3546,280.3711,2883.9528,0.0000,0.0000
129.0833,19.9883,7.3833,1166.1543,-170.2486,279.6080,2901.9420,0.0000,0.0000
129.1000,19.9906,7.4200,939.3472,-192.1766,278.8450,2919.9312,0.0000,0.0000
129.1167,19.9929,7.4567,712.2027,-214.1389,278.0820,2937.9204,0.0000,0.0000
129.1333,19.9952,7.4933,484.7193,-236.1352,277.3191,2955.9096,0.0000,0.0000
129.1500,19.9974,7.5300,256.9018,-258.1648,276.5563,2973.8988,0.0000,0.0000
129.1667,19.9997,7.5667,28.7586,-280.2268,275.7936,2991.8880,0.0000,0.0000
129.1833,20.0081,7.6033,0.0000,-299.4082,275.1660,3009.8772,0.0000,0.0000
129.2000,20.0229,7.6400,0.0000,-315.6328,274.6822,3027.8664,0.0000,0.0000
129.2167,20.0430,7.6767,0.0000,-329.5586,274.3145,3045.8556,0.0000,0.0000
129.2333,20.0676,7.7133,0.0000,-341.5821,274.0467,3063.8448,0.0000,0.0000
129.2500,20.0961,7.7500,0.0000,-352.0264,273.8652,3081.8340,0.0000,0.0000
129.2667,20.1280,7.7867,0.0000,-361.1563,273.7587,3099.8232,0.0000,0.0000
129.2833,20.1628,7.8233,0.0000,-369.1895,273.7178,3117.8124,0.0000,0.0000
129.3000,20.2002,7.8600,0.0000,-376.3059,273.7346,3135.8016,0.0000,0.0000
129.3167,20.2399,7.8967,0.0000,-382.6544,273.8023,3153.7908,0.0000,0.0000
129.3333,20.2817,7.9333,0.0000,-388.3585,273.9155,3171.7800,0.0000,0.0000
129.3500,20.3253,7.9700,0.0000,-393.5209,274.0693,3189.7692,0.0000,0.0000
129.3667,20.3706,8.0067,0.0000,-398.2272,274.2598,3207.7584,0.0000,0.0000
129.3833,20.4173,8.0433,0.0000,-402.5488,274.4835,3225.7476,0.0000,0.0000
129.4000,20.4654,8.0800,0.0000,-406.5452,274.7376,3243.7368,0.0000,0.0000
129.4167,20.5148,8.1167,0.0000,-410.2664,275.0196,3261.7260,0.0000,0.0000
129.4333,20.5654,8.1533,0.0000,-413.7543,275.3274,3279.7152,0.0000,0.0000
129.4500,20.6170,8.1900,0.0000,-417.0438,275.6592,3297.7044,0.0000,0.0000
129.4667,20.6696,8.2267,0.0000,-420.1645,276.0135,3315.6936,0.0000,0.0000
129.4833,20.7232,8.2633,0.0000,-423.1413,276.3888,3333.6828,0.0000,0.0000
129.5000,20.7777,8.3000,0.0000,-425.9952,276.7841,3351.6720,0.0000,0.0000
129.5167,20.8330,8.3367,0.0000,-428.7437,277.1983,3369.6612,0.0000,0.0000
129.5333,20.8892,8.3733,0.0000,-431.4019,277.6305,3387.6504,0.0000,0.0000
129.5500,20.9461,8.4100,0.0000,-433.9826,278.0800,3405.6396,0.0000,0.0000
129.5667,21.0038,8.4467,0.0000,-436.4963,278.5462,3423.6288,0.0000,0.0000
129.5833,21.0622,8.4833,0.0000,-438.9524,279.0283,3441.6180,0.0000,0.0000
129.6000,21.1213,8.5200,0.0000,-441.3586,279.5259,3459.6072,0.0000,0.0000
129.6167,21.1811,8.5567,0.0000,-443.7215,280.0385,3477.5964,0.0000,0.0000
129.6333,21.2415,8.5933,0.0000,-446.0469,280.5656,3495.5856,0.0000,0.0000
129.6500,21.3026,8.6300,0.0000,-448.3397,281.1070,3513.5748,0.0000,0.0000
129.6667,21.3643,8.6667,0.0000,-450.6041,281.6622,3531.5640,0.0000,0.0000
129.6833,21.4266,8.7033,0.0000,-452.8436,282.2310,3549.5532,0.0000,0.0000
129.7000,21.4895,8.7400,0.0000,-455.0615,282.8130,3567.5424,0.0000,0.0000
129.7167,21.5530,8.7767,0.0000,-457.2604,283.4080,3585.5316,0.0000,0.0000
129.7333,21.6170,8.8133,0.0000,-459.4427,284.0157,3603.5208,0.0000,0.0000
129.7500,21.6817,8.8500,0.0000,-461.6104,284.6360,3621.5100,0.0000,0.0000
129.7667,21.7469,8.8867,0.0000,-463.7653,285.2687,3639.4992,0.0000,0.0000
129.7833,21.8126,8.9233,0.0000,-465.9091,285.9134,3657.4884,0.0000,0.0000
129.8000,21.8789,8.9600,0.0000,-468.0430,286.5702,3675.4776,0.0000,0.0000
129.8167,21.9457,8.9967,0.0000,-470.1683,287.2388,3693.4668,0.0000,0.0000
129.8333,22.0130,9.0333,0.0000,-472.2860,287.9190,3711.4560,0.0000,0.0000
129.8500,22.0809,9.0700,0.0000,-474.3972,288.6107,3729.4452,0.0000,0.0000
129.8667,22.1492,9.1067,0.0000,-476.5027,289.3137,3747.4344,0.0000,0.0000
129.8833,22.2181,9.1433,0.0000,-478.6031,290.0280,3765.4236,0.0000,0.0000
129.9000,22.2875,9.1800,0.0000,-480.6994,290.7534,3783.4128,0.0000,0.0000
129.9167,22.3573,9.2167,0.0000,-482.7919,291.4898,3801.4020,0.0000,0.0000
129.9333,22.4277,9.2533,0.0000,-484.8813,292.2371,3819.3912,0.0000,0.0000
129.9500,22.4985,9.2900,0.0000,-486.9681,292.9951,3837.3804,0.0000,0.0000
129.9667,22.5698,9.3267,0.0000,-489.0528,293.7638,3855.3696,0.0000,0.0000
129.9833,22.6416,9.3633,0.0000,-491.1357,294.5431,3873.3588,0.0000,0.0000
130.0000,22.7139,9.4000,0.0000,-493.2173,295.3328,3891.3480,0.0000,0.0000
130.0167,22.7862,9.4200,0.0000,-494.4553,296.4929,3900.0270,0.0000,0.0000
130.0333,22.8585,9.4400,0.0000,-495.5708,297.6526,3908.7060,0.0000,0.0000
130.0500,22.9307,9.4600,0.0000,-496.6342,298.8116,3917.3850,0.0000,0.0000
130.0667,23.0029,9.4800,0.0000,-497.6868,299.9698,3926.0640,0.0000,0.0000
130.0833,23.0751,9.5000,0.0000,-498.7525,301.1272,3934.7430,0.0000,0.0000
130.1000,23.1473,9.5200,0.0000,-499.8447,302.2840,3943.4220,0.0000,0.0000
130.1167,23.2194,9.5400,0.0000,-500.9701,303.4406,3952.1010,0.0000,0.0000
130.1333,23.2915,9.5600,0.0000,-502.1317,304.5973,3960.7800,0.0000,0.0000
130.1500,23.3637,9.5800,0.0000,-503.3297,305.7542,3969.4590,0.0000,0.0000
130.1667,23.4359,9.6000,0.0000,-504.5631,306.9118,3978.1380,0.0000,0.0000
130.1833,23.5081,9.6200,0.0000,-505.8296,308.0703,3986.8170,0.0000,0.0000
130.2000,23.5804,9.6400,0.0000,-507.1270,309.2298,3995.4960,0.0000,0.0000
130.2167,23.6527,9.6600,0.0000,-508.4523,310.3907,4004.1750,0.0000,0.0000
130.2333,23.7251,9.6800,0.0000,-509.8028,311.5531,4012.8540,0.0000,0.0000
130.2500,23.7976,9.7000,0.0000,-511.1759,312.7172,4021.5330,0.0000,0.0000
130.2667,23.8702,9.7200,0.0000,-512.5690,313.8831,4030.2120,0.0000,0.0000
130.2833,23.9428,9.7400,0.0000,-513.9798,315.0510,4038.8910,0.0000,0.0000
130.3000,24.0156,9.7600,0.0000,-515.4059,316.2210,4047.5700,0.0000,0.0000
130.3167,24.0884,9.7800,0.0000,-516.8455,317.3932,4056.2490,0.0000,0.0000
130.3333,24.1613,9.8000,0.0000,-518.2967,318.5675,4064.9280,0.0000,0.0000
130.3500,24.2344,9.8200,0.0000,-519.7580,319.7442,4073.6070,0.0000,0.0000
130.3667,24.3075,9.8400,0.0000,-521.2278,320.9233,4082.2860,0.0000,0.0000
130.3833,24.3808,9.8600,0.0000,-522.7050,322.1047,4090.9650,0.0000,0.0000
130.4000,24.4542,9.8800,0.0000,-524.1883,323.2885,4099.6440,0.0000,0.0000
130.4167,24.5276,9.9000,0.0000,-525.6769,324.4748,4108.3230,0.0000,0.0000
130.4333,24.6012,9.9200,0.0000,-527.1699,325.6636,4117.0020,0.0000,0.0000
130.4500,24.6749,9.9400,0.0000,-528.6664,326.8549,4125.6810,0.0000,0.0000
130.4667,24.7488,9.9600,0.0000,-530.1660,328.0486,4134.3600,0.0000,0.0000
130.4833,24.8227,9.9800,0.0000,-531.6679,329.2448,4143.0390,0.0000,0.0000
130.5000,24.8967,10.0000,0.0000,-533.1718,330.4434,4151.7180,0.0000,0.0000
130.5167,24.9709,10.0200,0.0000,-534.6772,331.6446,4160.3970,0.0000,0.0000
130.5333,25.0451,10.0400,0.0000,-536.1837,332.8482,4169.0760,0.0000,0.0000
130.5500,25.1195,10.0600,0.0000,-537.6912,334.0542,4177.7550,0.0000,0.0000
130.5667,25.1940,10.0800,0.0000,-539.1993,335.2627,4186.4340,0.0000,0.0000
130.5833,25.2686,10.1000,0.0000,-540.7079,336.4735,4195.1130,0.0000,0.0000
130.6000,25.3433,10.1200,0.0000,-542.2168,337.6868,4203.7920,0.0000,0.0000
130.6167,25.4181,10.1400,0.0000,-543.7258,338.9024,4212.4710,0.0000,0.0000
130.6333,25.4930,10.1600,0.0000,-545.2349,340.1204,4221.1500,0.0000,0.0000
130.6500,25.5680,10.1800,0.0000,-546.7440,341.3408,4229.8290,0.0000,0.0000
130.6667,25.6431,10.2000,0.0000,-548.2530,342.5634,4238.5080,0.0000,0.0000
130.6833,25.7183,10.2200,0.0000,-549.7618,343.7884,4247.1870,0.0000,0.0000
130.7000,25.7936,10.2400,0.0000,-551.2705,345.0156,4255.8660,0.0000,0.0000
130.7167,25.8691,10.2600,0.0000,-552.7791,346.2451,4264.5450,0.0000,0.0000
130.7333,25.9446,10.2800,0.0000,-554.2874,347.4769,4273.2240,0.0000,0.0000
130.7500,26.0202,10.3000,0.0000,-555.7955,348.7108,4281.9030,0.0000,0.0000
130.7667,26.0960,10.3200,0.0000,-557.3035,349.9470,4290.5820,0.0000,0.0000
130.7833,26.1718,10.3400,0.0000,-558.8113,351.1853,4299.2610,0.0000,0.0000
130.8000,26.2477,10.3600,0.0000,-560.3190,352.4259,4307.9400,0.0000,0.0000
130.8167,26.3237,10.3800,0.0000,-561.8266,353.6685,4316.6190,0.0000,0.0000
130.8333,26.3998,10.4000,0.0000,-563.3341,354.9133,4325.2980,0.0000,0.0000
130.8500,26.4761,10.4200,0.0000,-564.8415,356.1602,4333.9770,0.0000,0.0000
130.8667,26.5524,10.4400,0.0000,-566.3489,357.4092,4342.6560,0.0000,0.0000
130.8833,26.6288,10.4600,0.0000,-567.8563,358.6603,4351.3350,0.0000,0.0000
130.9000,26.7053,10.4800,0.0000,-569.3638,359.9134,4360.0140,0.0000,0.0000
130.9167,26.7818,10.5000,0.0000,-570.8713,361.1686,4368.6930,0.0000,0.0000
130.9333,26.8585,10.5200,0.0000,-572.3789,362.4258,4377.3720,0.0000,0.0000
130.9500,26.9353,10.5400,0.0000,-573.8867,363.6850,4386.0510,0.0000,0.0000
130.9667,27.0045,10.5600,-449.5494,-579.5306,364.7767,4394.7300,0.0000,0.0000
130.9833,27.0201,10.5800,-2012.4869,-613.7446,364.6798,4403.4090,0.0000,0.0000
131.0000,27.0267,10.6000,-2667.7819,-651.6812,364.3815,4412.0880,0.0000,0.0000
131.0167,27.0312,10.6367,-3119.1907,-689.9551,363.6683,4416.1908,0.0000,0.0000
131.0333,27.0352,10.6733,-3516.7241,-727.3405,362.9431,4420.2936,0.0000,0.0000
131.0500,27.0389,10.7100,-3894.6693,-763.7958,362.2136,4424.3964,0.0000,0.0000
131.0667,27.0426,10.7467,-4261.4209,-799.3838,361.4816,4428.4992,0.0000,0.0000
131.0833,27.0462,10.7833,-4619.4570,-834.1744,360.7477,4432.6020,0.0000,0.0000
131.1000,27.0497,10.8200,-4969.8223,-868.2290,360.0120,4436.7048,0.0000,0.0000
131.1167,27.0531,10.8567,-5313.1576,-901.5994,359.2748,4440.8076,0.0000,0.0000
131.1333,27.0565,10.8933,-5649.9517,-934.3299,358.5362,4444.9104,0.0000,0.0000
131.1500,27.0598,10.9300,-5980.6118,-966.4586,357.7962,4449.0132,0.0000,0.0000
131.1667,27.0631,10.9667,-6305.4899,-998.0192,357.0549,4453.1160,0.0000,0.0000
131.1833,27.0662,11.0033,-6624.8956,-1029.0413,356.3124,4457.2188,0.0000,0.0000
131.2000,27.0694,11.0400,-6939.1045,-1059.5514,355.5688,4461.3216,0.0000,0.0000
131.2167,27.0725,11.0767,-7248.3637,-1089.5733,354.8240,4465.4244,0.0000,0.0000
131.2333,27.0755,11.1133,-7552.8967,-1119.1288,354.0782,4469.5272,0.0000,0.0000
131.2500,27.0785,11.1500,-7852.9068,-1148.2375,353.3314,4473.6300,0.0000,0.0000
131.2667,27.0815,11.1867,-8148.5796,-1176.9175,352.5836,4477.7328,0.0000,0.0000
131.2833,27.0844,11.2233,-8440.0856,-1205.1853,351.8350,4481.8356,0.0000,0.0000
131.3000,27.0873,11.2600,-8727.5819,-1233.0563,351.0854,4485.9384,0.0000,0.0000
131.3167,27.0901,11.2967,-9011.2142,-1260.5448,350.3349,4490.0412,0.0000,0.0000
131.3333,27.0929,11.3333,-9291.1173,-1287.6638,349.5837,4494.1440,0.0000,0.0000
131.3500,27.0957,11.3700,-9567.4173,-1314.4258,348.8316,4498.2468,0.0000,0.0000
131.3667,27.0984,11.4067,-9840.2317,-1340.8422,348.0788,4502.3496,0.0000,0.0000
131.3833,27.1011,11.4433,-10109.6706,-1366.9239,347.3252,4506.4524,0.0000,0.0000
131.4000,27.1038,11.4800,-10375.8377,-1392.6810,346.5709,4510.5552,0.0000,0.0000
131.4167,27.1064,11.5167,-10638.8304,-1418.1231,345.8159,4514.6580,0.0000,0.0000
131.4333,27.1090,11.5533,-10898.7407,-1443.2592,345.0602,4518.7608,0.0000,0.0000
131.4500,27.1116,11.5900,-11155.6556,-1468.0979,344.3038,4522.8636,0.0000,0.0000
131.4667,27.1141,11.6267,-11409.6575,-1492.6473,343.5468,4526.9664,0.0000,0.0000
131.4833,27.1166,11.6633,-11660.8247,-1516.9152,342.7892,4531.0692,0.0000,0.0000
131.5000,27.1191,11.7000,-11909.2315,-1540.9087,342.0309,4535.1720,0.0000,0.0000
131.5167,27.1215,11.7367,-12154.9488,-1564.6351,341.2721,4539.2748,0.0000,0.0000
131.5333,27.1240,11.7733,-12398.0443,-1588.1008,340.5127,4543.3776,0.0000,0.0000
131.5500,27.1264,11.8100,-12638.5824,-1611.3122,339.7527,4547.4804,0.0000,0.0000
131.5667,27.1288,11.8467,-12876.6248,-1634.2756,338.9921,4551.5832,0.0000,0.0000
131.5833,27.1311,11.8833,-13112.2305,-1656.9966,338.2310,4555.6860,0.0000,0.0000
131.6000,27.1335,11.9200,-13345.4563,-1679.4810,337.4694,4559.7888,0.0000,0.0000
131.6167,27.1358,11.9567,-13576.3565,-1701.7340,336.7073,4563.8916,0.0000,0.0000
131.6333,27.1380,11.9933,-13804.9831,-1723.7608,335.9446,4567.9944,0.0000,0.0000
131.6500,27.1403,12.0300,-14031.3864,-1745.5664,335.1815,4572.0972,0.0000,0.0000
131.6667,27.1426,12.0667,-14255.6145,-1767.1556,334.4179,4576.2000,0.0000,0.0000
131.6833,27.1448,12.1033,-14477.7140,-1788.5329,333.6538,4580.3028,0.0000,0.0000
131.7000,27.1470,12.1400,-14697.7296,-1809.7028,332.8893,4584.4056,0.0000,0.0000
131.7167,27.1492,12.1767,-14915.7044,-1830.6696,332.1243,4588.5084,0.0000,0.0000
131.7333,27.1513,12.2133,-15131.6802,-1851.4374,331.3588,4592.6112,0.0000,0.0000
131.7500,27.1535,12.2500,-15345.6971,-1872.0101,330.5930,4596.7140,0.0000,0.0000
131.7667,27.1556,12.2867,-15557.7941,-1892.3917,329.8267,4600.8168,0.0000,0.0000
131.7833,27.1577,12.3233,-15768.0087,-1912.5858,329.0599,4604.9196,0.0000,0.0000
131.8000,27.1598,12.3600,-15976.3774,-1932.5961,328.2928,4609.0224,0.0000,0.0000
131.8167,27.1618,12.3967,-16182.9352,-1952.4261,327.5253,4613.1252,0.0000,0.0000
131.8333,27.1639,12.4333,-16387.7164,-1972.0790,326.7573,4617.2280,0.0000,0.0000
131.8500,27.1659,12.4700,-16590.7539,-1991.5583,325.9890,4621.3308,0.0000,0.0000
131.8667,27.1679,12.5067,-16792.0799,-2010.8671,325.2203,4625.4336,0.0000,0.0000
131.8833,27.1699,12.5433,-16991.7254,-2030.0085,324.4513,4629.5364,0.0000,0.0000
131.9000,27.1719,12.5800,-17189.7206,-2048.9855,323.6818,4633.6392,0.0000,0.0000
131.9167,27.1739,12.6167,-17386.0948,-2067.8009,322.9121,4637.7420,0.0000,0.0000
131.9333,27.1758,12.6533,-17580.8764,-2086.4576,322.1419,4641.8448,0.0000,0.0000
131.9500,27.1777,12.6900,-17774.0932,-2104.9584,321.3714,4645.9476,0.0000,0.0000
131.9667,27.1797,12.7267,-17965.7720,-2123.3059,320.6006,4650.0504,0.0000,0.0000
131.9833,27.1816,12.7633,-18155.9391,-2141.5028,319.8294,4654.1532,0.0000,0.0000
132.0000,27.1834,12.8000,-18344.6198,-2159.5515,319.0579,4658.2560,0.0000,0.0000
132.0167,27.1850,12.7817,-18502.7547,-2174.8703,319.4997,4649.1036,0.0000,0.0000
132.0333,27.1865,12.7633,-18648.6611,-2189.5175,319.9387,4639.9512,0.0000,0.0000
132.0500,27.1879,12.7450,-18787.2649,-2203.5832,320.3761,4630.7988,0.0000,0.0000
132.0667,27.1892,12.7267,-18920.2519,-2217.1383,320.8123,4621.6464,0.0000,0.0000
132.0833,27.1905,12.7083,-19048.4200,-2230.2356,321.2474,4612.4940,0.0000,0.0000
132.1000,27.1917,12.6900,-19172.2611,-2242.9148,321.6816,4603.3416,0.0000,0.0000
132.1167,27.1929,12.6717,-19292.1260,-2255.2068,322.1148,4594.1892,0.0000,0.0000
132.1333,27.1941,12.6533,-19408.2830,-2267.1357,322.5473,4585.0368,0.0000,0.0000
132.1500,27.1952,12.6350,-19520.9457,-2278.7212,322.9789,4575.8844,0.0000,0.0000
132.1667,27.1963,12.6167,-19630.2880,-2289.9796,323.4099,4566.7320,0.0000,0.0000
132.1833,27.1974,12.5983,-19736.4543,-2300.9243,323.8401,4557.5796,0.0000,0.0000
132.2000,27.1984,12.5800,-19839.5666,-2311.5668,324.2696,4548.4272,0.0000,0.0000
132.2167,27.1994,12.5617,-19939.7288,-2321.9170,324.6985,4539.2748,0.0000,0.0000
132.2333,27.2004,12.5433,-20037.0310,-2331.9834,325.1268,4530.1224,0.0000,0.0000
132.2500,27.2013,12.5250,-20131.5518,-2341.7736,325.5544,4520.9700,0.0000,0.0000
132.2667,27.2022,12.5067,-20223.3604,-2351.2942,325.9815,4511.8176,0.0000,0.0000
132.2833,27.2031,12.4883,-20312.5186,-2360.5512,326.4079,4502.6652,0.0000,0.0000
132.3000,27.2040,12.4700,-20399.0819,-2369.5499,326.8338,4493.5128,0.0000,0.0000
132.3167,27.2048,12.4517,-20483.1006,-2378.2952,327.2591,4484.3604,0.0000,0.0000
132.3333,27.2056,12.4333,-20564.6208,-2386.7915,327.6839,4475.2080,0.0000,0.0000
132.3500,27.2064,12.4150,-20643.6849,-2395.0431,328.1081,4466.0556,0.0000,0.0000
132.3667,27.2072,12.3967,-20720.3323,-2403.0537,328.5318,4456.9032,0.0000,0.0000
132.3833,27.2079,12.3783,-20794.6000,-2410.8271,328.9549,4447.7508,0.0000,0.0000
132.4000,27.2087,12.3600,-20866.5228,-2418.3665,329.3775,4438.5984,0.0000,0.0000
132.4167,27.2094,12.3417,-20936.1340,-2425.6753,329.7997,4429.4460,0.0000,0.0000
132.4333,27.2100,12.3233,-21003.4651,-2432.7566,330.2213,4420.2936,0.0000,0.0000
132.4500,27.2107,12.3050,-21068.5465,-2439.6135,330.6424,4411.1412,0.0000,0.0000
132.4667,27.2113,12.2867,-21131.4075,-2446.2487,331.0630,4401.9888,0.0000,0.0000
132.4833,27.2119,12.2683,-21192.0766,-2452.6652,331.4831,4392.8364,0.0000,0.0000
132.5000,27.2125,12.2500,-21250.5799,-2458.8655,331.9028,4383.6840,0.0000,0.0000
132.5167,27.2131,12.2317,-21306.9406,-2464.8517,332.3220,4374.5316,0.0000,0.0000
132.5333,27.2136,12.2133,-21361.1797,-2470.6260,332.7407,4365.3792,0.0000,0.0000
132.5500,27.2141,12.1950,-21413.3168,-2476.1903,333.1589,4356.2268,0.0000,0.0000
132.5667,27.2146,12.1767,-21463.3719,-2481.5466,333.5767,4347.0744,0.0000,0.0000
132.5833,27.2151,12.1583,-21511.3658,-2486.6970,333.9940,4337.9220,0.0000,0.0000
132.6000,27.2156,12.1400,-21557.3204,-2491.6436,334.4109,4328.7696,0.0000,0.0000
132.6167,27.2160,12.1217,-21601.2584,-2496.3889,334.8273,4319.6172,0.0000,0.0000
132.6333,27.2164,12.1033,-21643.2036,-2500.9353,335.2433,4310.4648,0.0000,0.0000
132.6500,27.2168,12.0850,-21683.1803,-2505.2851,335.6588,4301.3124,0.0000,0.0000
132.6667,27.2172,12.0667,-21721.2132,-2509.4409,336.0739,4292.1600,0.0000,0.0000
132.6833,27.2176,12.0483,-21757.3270,-2513.4052,336.4886,4283.0076,0.0000,0.0000
132.7000,27.2179,12.0300,-21791.5467,-2517.1805,336.9029,4273.8552,0.0000,0.0000
132.7167,27.2182,12.0117,-21823.8970,-2520.7692,337.3167,4264.7028,0.0000,0.0000
132.7333,27.2185,11.9933,-21854.4025,-2524.1738,337.7302,4255.5504,0.0000,0.0000
132.7500,27.2188,11.9750,-21883.0876,-2527.3968,338.1432,4246.3980,0.0000,0.0000
132.7667,27.2191,11.9567,-21909.9764,-2530.4405,338.5559,4237.2456,0.0000,0.0000
132.7833,27.2194,11.9383,-21935.0929,-2533.3073,338.9681,4228.0932,0.0000,0.0000
132.8000,27.2196,11.9200,-21958.4606,-2535.9996,339.3800,4218.9408,0.0000,0.0000
132.8167,27.2198,11.9017,-21980.1029,-2538.5198,339.7915,4209.7884,0.0000,0.0000
132.8333,27.2200,11.8833,-22000.0430,-2540.8701,340.2026,4200.6360,0.0000,0.0000
132.8500,27.2202,11.8650,-22018.3036,-2543.0528,340.6133,4191.4836,0.0000,0.0000
132.8667,27.2203,11.8467,-22034.9074,-2545.0702,341.0236,4182.3312,0.0000,0.0000
132.8833,27.2205,11.8283,-22049.8765,-2546.9245,341.4336,4173.1788,0.0000,0.0000
132.9000,27.2206,11.8100,-22063.2329,-2548.6179,341.8433,4164.0264,0.0000,0.0000
132.9167,27.2207,11.7917,-22074.9985,-2550.1525,342.2526,4154.8740,0.0000,0.0000
132.9333,27.2209,11.7733,-22085.1947,-2551.5306,342.6615,4145.7216,0.0000,0.0000
132.9500,27.2209,11.7550,-22093.8427,-2552.7541,343.0701,4136.5692,0.0000,0.0000
132.9667,27.2210,11.7367,-22100.9635,-2553.8253,343.4783,4127.4168,0.0000,0.0000
132.9833,27.2211,11.7183,-22106.5778,-2554.7462,343.8863,4118.2644,0.0000,0.0000
133.0000,27.2211,11.7000,-22110.7059,-2555.5187,344.2939,4109.1120,0.0000,0.0000
133.0167,27.2212,11.7000,-22116.4373,-2556.1814,344.2951,4090.3338,0.0000,0.0000
133.0333,27.2212,11.7000,-22118.9150,-2556.2877,344.2957,4071.5556,0.0000,0.0000
133.0500,27.2212,11.7000,-22117.1377,-2555.9307,344.2953,4052.7774,0.0000,0.0000
133.0667,27.2211,11.7000,-22111.2629,-2555.1708,344.2940,4033.9992,0.0000,0.0000
133.0833,27.2210,11.7000,-22101.6461,-2554.0509,344.2918,4015.2210,0.0000,0.0000
133.1000,27.2209,11.7000,-22088.6205,-2552.6033,344.2890,3996.4428,0.0000,0.0000
133.1167,27.2207,11.7000,-22072.4629,-2550.8533,344.2854,3977.6646,0.0000,0.0000
133.1333,27.2205,11.7000,-22053.3983,-2548.8214,344.2811,3958.8864,0.0000,0.0000
133.1500,27.2203,11.7000,-22031.6121,-2546.5243,344.2763,3940.1082,0.0000,0.0000
133.1667,27.2201,11.7000,-22007.2587,-2543.9764,344.2709,3921.3300,0.0000,0.0000
133.1833,27.2198,11.7000,-21980.4695,-2541.1899,344.2650,3902.5518,0.0000,0.0000
133.2000,27.2195,11.7000,-21951.3572,-2538.1752,344.2585,3883.7736,0.0000,0.0000
133.2167,27.2192,11.7000,-21920.0199,-2534.9416,344.2516,3864.9954,0.0000,0.0000
133.2333,27.2189,11.7000,-21886.5441,-2531.4973,344.2441,3846.2172,0.0000,0.0000
133.2500,27.2185,11.7000,-21851.0061,-2527.8494,344.2362,3827.4390,0.0000,0.0000
133.2667,27.2181,11.7000,-21813.4745,-2524.0047,344.2279,3808.6608,0.0000,0.0000
133.2833,27.2177,11.7000,-21774.0107,-2519.9688,344.2192,3789.8826,0.0000,0.0000
133.3000,27.2173,11.7000,-21732.6705,-2515.7473,344.2100,3771.1044,0.0000,0.0000
133.3167,27.2169,11.7000,-21689.5050,-2511.3449,344.2004,3752.3262,0.0000,0.0000
133.3333,27.2164,11.7000,-21644.5606,-2506.7661,344.1905,3733.5480,0.0000,0.0000
133.3500,27.2160,11.7000,-21597.8805,-2502.0153,344.1801,3714.7698,0.0000,0.0000
133.3667,27.2155,11.7000,-21549.5044,-2497.0961,344.1694,3695.9916,0.0000,0.0000
133.3833,27.2150,11.7000,-21499.4697,-2492.0122,344.1583,3677.2134,0.0000,0.0000
133.4000,27.2145,11.7000,-21447.8110,-2486.7670,344.1468,3658.4352,0.0000,0.0000
133.4167,27.2139,11.7000,-21394.5609,-2481.3637,344.1350,3639.6570,0.0000,0.0000
133.4333,27.2134,11.7000,-21339.7505,-2475.8053,344.1228,3620.8788,0.0000,0.0000
133.4500,27.2128,11.7000,-21283.4089,-2470.0946,344.1103,3602.1006,0.0000,0.0000
133.4667,27.2123,11.7000,-21225.5640,-2464.2345,344.0975,3583.3224,0.0000,0.0000
133.4833,27.2117,11.7000,-21166.2422,-2458.2275,344.0843,3564.5442,0.0000,0.0000
133.5000,27.2111,11.7000,-21105.4691,-2452.0760,344.0709,3545.7660,0.0000,0.0000
133.5167,27.2104,11.7000,-21043.2689,-2445.7826,344.0571,3526.9878,0.0000,0.0000
133.5333,27.2098,11.7000,-20979.6652,-2439.3494,344.0430,3508.2096,0.0000,0.0000
133.5500,27.2091,11.7000,-20914.6807,-2432.7789,344.0285,3489.4314,0.0000,0.0000
133.5667,27.2085,11.7000,-20848.3372,-2426.0730,344.0138,3470.6532,0.0000,0.0000
133.5833,27.2078,11.7000,-20780.6559,-2419.2339,343.9988,3451.8750,0.0000,0.0000
133.6000,27.2071,11.7000,-20711.6575,-2412.2638,343.9835,3433.0968,0.0000,0.0000
133.6167,27.2064,11.7000,-20641.3620,-2405.1644,343.9679,3414.3186,0.0000,0.0000
133.6333,27.2057,11.7000,-20569.7888,-2397.9378,343.9520,3395.5404,0.0000,0.0000
133.6500,27.2050,11.7000,-20496.9570,-2390.5859,343.9359,3376.7622,0.0000,0.0000
133.6667,27.2042,11.7000,-20422.8851,-2383.1104,343.9195,3357.9840,0.0000,0.0000
133.6833,27.2035,11.7000,-20347.5912,-2375.5133,343.9028,3339.2058,0.0000,0.0000
133.7000,27.2027,11.7000,-20271.0931,-2367.7962,343.8858,3320.4276,0.0000,0.0000
133.7167,27.2019,11.7000,-20193.4080,-2359.9608,343.8686,3301.6494,0.0000,0.0000
133.7333,27.2011,11.7000,-20114.5530,-2352.0089,343.8511,3282.8712,0.0000,0.0000
133.7500,27.2003,11.7000,-20034.5446,-2343.9421,343.8333,3264.0930,0.0000,0.0000
133.7667,27.1995,11.7000,-19953.3993,-2335.7621,343.8153,3245.3148,0.0000,0.0000
133.7833,27.1987,11.7000,-19871.1329,-2327.4704,343.7971,3226.5366,0.0000,0.0000
133.8000,27.1979,11.7000,-19787.7613,-2319.0685,343.7786,3207.7584,0.0000,0.0000
133.8167,27.1970,11.7000,-19703.3000,-2310.5581,343.7598,3188.9802,0.0000,0.0000
133.8333,27.1962,11.7000,-19617.7639,-2301.9406,343.7409,3170.2020,0.0000,0.0000
133.8500,27.1953,11.7000,-19531.1682,-2293.2175,343.7217,3151.4238,0.0000,0.0000
133.8667,27.1944,11.7000,-19443.5274,-2284.3903,343.7022,3132.6456,0.0000,0.0000
133.8833,27.1935,11.7000,-19354.8560,-2275.4605,343.6825,3113.8674,0.0000,0.0000
133.9000,27.1927,11.7000,-19265.1681,-2266.4293,343.6626,3095.0892,0.0000,0.0000
133.9167,27.1917,11.7000,-19174.4779,-2257.2983,343.6425,3076.3110,0.0000,0.0000
133.9333,27.1908,11.7000,-19082.7989,-2248.0687,343.6222,3057.5328,0.0000,0.0000
133.9500,27.1899,11.7000,-18990.1449,-2238.7420,343.6016,3038.7546,0.0000,0.0000
133.9667,27.1890,11.7000,-18896.5290,-2229.3194,343.5809,3019.9764,0.0000,0.0000
133.9833,27.1880,11.7000,-18801.9645,-2219.8024,343.5599,3001.1982,0.0000,0.0000
134.0000,27.1871,11.7000,-18706.4643,-2210.1920,343.5387,2982.4200,0.0000,0.0000
134.0167,27.1860,11.6717,-18596.8154,-2199.2690,344.1429,2958.5922,0.0000,0.0000
134.0333,27.1848,11.6433,-18481.2076,-2188.0703,344.7457,2934.7644,0.0000,0.0000
134.0500,27.1836,11.6150,-18362.1424,-2176.6239,345.3478,2910.9366,0.0000,0.0000
134.0667,27.1823,11.5867,-18226.6144,-2164.2910,345.9463,2887.1088,0.0000,0.0000
134.0833,27.1809,11.5583,-18094.4891,-2151.7765,346.5455,2863.2810,0.0000,0.0000
134.1000,27.1796,11.5300,-17961.9222,-2139.1023,347.1445,2839.4532,0.0000,0.0000
134.1167,27.1783,11.5017,-17828.0810,-2126.2755,347.7434,2815.6254,0.0000,0.0000
134.1333,27.1769,11.4733,-17692.8037,-2113.2999,348.3418,2791.7976,0.0000,0.0000
134.1500,27.1756,11.4450,-17556.0781,-2100.1789,348.9400,2767.9698,0.0000,0.0000
134.1667,27.1742,11.4167,-17417.9246,-2086.9154,349.5379,2744.1420,0.0000,0.0000
134.1833,27.1728,11.3883,-17278.3691,-2073.5122,350.1354,2720.3142,0.0000,0.0000
134.2000,27.1714,11.3600,-17137.4373,-2059.9720,350.7326,2696.4864,0.0000,0.0000
134.2167,27.1700,11.3317,-16995.1543,-2046.2971,351.3296,2672.6586,0.0000,0.0000
134.2333,27.1685,11.3033,-16851.5446,-2032.4901,351.9262,2648.8308,0.0000,0.0000
134.2500,27.1671,11.2750,-16706.6324,-2018.5533,352.5226,2625.0030,0.0000,0.0000
134.2667,27.1656,11.2467,-16560.4410,-2004.4890,353.1187,2601.1752,0.0000,0.0000
134.2833,27.1641,11.2183,-16412.9928,-1990.2995,353.7144,2577.3474,0.0000,0.0000
134.3000,27.1626,11.1900,-16264.3087,-1975.9868,354.3100,2553.5196,0.0000,0.0000
134.3167,27.1611,11.1617,-16114.4085,-1961.5529,354.9052,2529.6918,0.0000,0.0000
134.3333,27.1596,11.1333,-15963.3105,-1946.9995,355.5002,2505.8640,0.0000,0.0000
134.3500,27.1581,11.1050,-15811.0319,-1932.3284,356.0949,2482.0362,0.0000,0.0000
134.3667,27.1566,11.0767,-15657.5891,-1917.5410,356.6894,2458.2084,0.0000,0.0000
134.3833,27.1550,11.0483,-15502.9977,-1902.6391,357.2836,2434.3806,0.0000,0.0000
134.4000,27.1535,11.0200,-15347.2726,-1887.6241,357.8775,2410.5528,0.0000,0.0000
134.4167,27.1519,10.9917,-15190.4283,-1872.4973,358.4712,2386.7250,0.0000,0.0000
134.4333,27.1503,10.9633,-15032.4792,-1857.2603,359.0647,2362.8972,0.0000,0.0000
134.4500,27.1487,10.9350,-14873.4390,-1841.9143,359.6579,2339.0694,0.0000,0.0000
134.4667,27.1471,10.9067,-14713.3215,-1826.4608,360.2509,2315.2416,0.0000,0.0000
134.4833,27.1455,10.8783,-14552.1402,-1810.9012,360.8436,2291.4138,0.0000,0.0000
134.5000,27.1439,10.8500,-14389.9086,-1795.2367,361.4362,2267.5860,0.0000,0.0000
134.5167,27.1423,10.8217,-14226.6391,-1779.4686,362.0284,2243.7582,0.0000,0.0000
134.5333,27.1406,10.7933,-14062.3428,-1763.5980,362.6205,2219.9304,0.0000,0.0000
134.5500,27.1390,10.7650,-13897.0298,-1747.6257,363.2123,2196.1026,0.0000,0.0000
134.5667,27.1373,10.7367,-13730.7102,-1731.5530,363.8039,2172.2748,0.0000,0.0000
134.5833,27.1356,10.7083,-13563.3943,-1715.3807,364.3953,2148.4470,0.0000,0.0000
134.6000,27.1340,10.6800,-13395.0934,-1699.1100,364.9865,2124.6192,0.0000,0.0000
134.6167,27.1323,10.6517,-13225.8194,-1682.7422,365.5774,2100.7914,0.0000,0.0000
134.6333,27.1306,10.6233,-13055.5851,-1666.2786,366.1682,2076.9636,0.0000,0.0000
134.6500,27.1288,10.5950,-12884.4040,-1649.7205,366.7587,2053.1358,0.0000,0.0000
134.6667,27.1271,10.5667,-12712.2896,-1633.0693,367.3490,2029.3080,0.0000,0.0000
134.6833,27.1254,10.5383,-12539.2561,-1616.3265,367.9391,2005.4802,0.0000,0.0000
134.7000,27.1237,10.5100,-12365.3175,-1599.4933,368.5290,1981.6524,0.0000,0.0000
134.7167,27.1219,10.4817,-12190.4878,-1582.5714,369.1188,1957.8246,0.0000,0.0000
134.7333,27.1201,10.4533,-12014.7811,-1565.5620,369.7083,1933.9968,0.0000,0.0000
134.7500,27.1184,10.4250,-11838.2114,-1548.4665,370.2976,1910.1690,0.0000,0.0000
134.7667,27.1166,10.3967,-11660.7924,-1531.2864,370.8868,1886.3412,0.0000,0.0000
134.7833,27.1148,10.3683,-11482.5378,-1514.0230,371.4757,1862.5134,0.0000,0.0000
134.8000,27.1130,10.3400,-11303.4585,-1496.6773,372.0645,1838.6856,0.0000,0.0000
134.8167,27.1112,10.3117,-11123.5617,-1479.2498,372.6531,1814.8578,0.0000,0.0000
134.8333,27.1094,10.2833,-10942.8514,-1461.7410,373.2415,1791.0300,0.0000,0.0000
134.8500,27.1076,10.2550,-10761.3304,-1444.1510,373.8297,1767.2022,0.0000,0.0000
134.8667,27.1058,10.2267,-10579.0028,-1426.4803,374.4178,1743.3744,0.0000,0.0000
134.8833,27.1040,10.1983,-10395.8743,-1408.7295,375.0057,1719.5466,0.0000,0.0000
134.9000,27.1021,10.1700,-10211.9529,-1390.8995,375.5934,1695.7188,0.0000,0.0000
134.9167,27.1003,10.1417,-10027.2489,-1372.9914,376.1809,1671.8910,0.0000,0.0000
134.9333,27.0984,10.1133,-9841.7742,-1355.0065,376.7682,1648.0632,0.0000,0.0000
134.9500,27.0966,10.0850,-9655.5419,-1336.9460,377.3554,1624.2354,0.0000,0.0000
134.9667,27.0947,10.0567,-9468.5662,-1318.8115,377.9424,1600.4076,0.0000,0.0000
134.9833,27.0928,10.0283,-9280.8616,-1300.6044,378.5293,1576.5798,0.0000,0.0000
135.0000,27.0909,10.0000,-9092.4428,-1282.3262,379.1160,1552.7520,0.0000,0.0000
135.0167,27.0888,9.9167,-8880.3873,-1262.2123,380.9175,1530.8178,0.0000,0.0000
135.0333,27.0866,9.8333,-8663.0831,-1242.1244,382.7178,1508.8836,0.0000,0.0000
135.0500,27.0844,9.7500,-8444.5062,-1222.0282,384.5179,1486.9494,0.0000,0.0000
135.0667,27.0823,9.6667,-8225.4687,-1201.9100,386.3178,1465.0152,0.0000,0.0000
135.0833,27.0801,9.5833,-8006.0998,-1181.7623,388.1177,1443.0810,0.0000,0.0000
135.1000,27.0779,9.5000,-7786.3887,-1161.5800,389.9175,1421.1468,0.0000,0.0000
135.1167,27.0757,9.4167,-7566.3010,-1141.3587,391.7172,1399.2126,0.0000,0.0000
135.1333,27.0735,9.3333,-7345.8028,-1121.0952,393.5168,1377.2784,0.0000,0.0000
135.1500,27.0712,9.2500,-7124.8648,-1100.7867,395.3163,1355.3442,0.0000,0.0000
135.1667,27.0690,9.1667,-6903.4617,-1080.4308,397.1157,1333.4100,0.0000,0.0000
135.1833,27.0668,9.0833,-6681.5722,-1060.0255,398.9150,1311.4758,0.0000,0.0000
135.2000,27.0646,9.0000,-6459.1785,-1039.5690,400.7142,1289.5416,0.0000,0.0000
135.2167,27.0624,8.9167,-6236.2653,-1019.0600,402.5133,1267.6074,0.0000,0.0000
135.2333,27.0601,8.8333,-6012.8202,-998.4973,404.3122,1245.6732,0.0000,0.0000
135.2500,27.0579,8.7500,-5788.8327,-977.8798,406.1111,1223.7390,0.0000,0.0000
135.2667,27.0556,8.6667,-5564.2945,-957.2070,407.9098,1201.8048,0.0000,0.0000
135.2833,27.0534,8.5833,-5339.1988,-936.4780,409.7084,1179.8706,0.0000,0.0000
135.3000,27.0511,8.5000,-5113.5408,-915.6925,411.5069,1157.9364,0.0000,0.0000
135.3167,27.0489,8.4167,-4887.3166,-894.8502,413.3052,1136.0022,0.0000,0.0000
135.3333,27.0466,8.3333,-4660.5240,-873.9508,415.1034,1114.0680,0.0000,0.0000
135.3500,27.0443,8.2500,-4433.1618,-852.9943,416.9015,1092.1338,0.0000,0.0000
135.3667,27.0421,8.1667,-4205.2298,-831.9807,418.6995,1070.1996,0.0000,0.0000
135.3833,27.0398,8.0833,-3976.7288,-810.9100,420.4973,1048.2654,0.0000,0.0000
135.4000,27.0375,8.0000,-3747.6605,-789.7826,422.2950,1026.3312,0.0000,0.0000
135.4167,27.0352,7.9167,-3518.0273,-768.5987,424.0926,1004.3970,0.0000,0.0000
135.4333,27.0329,7.8333,-3287.8324,-747.3585,425.8901,982.4628,0.0000,0.0000
135.4500,27.0306,7.7500,-3057.0795,-726.0626,427.6874,960.5286,0.0000,0.0000
135.4667,27.0283,7.6667,-2825.7732,-704.7113,429.4846,938.5944,0.0000,0.0000
135.4833,27.0259,7.5833,-2593.9182,-683.3052,431.2817,916.6602,0.0000,0.0000
135.5000,27.0236,7.5000,-2361.5201,-661.8448,433.0787,894.7260,0.0000,0.0000
135.5167,27.0213,7.4167,-2128.5848,-640.3308,434.8755,872.7918,0.0000,0.0000
135.5333,27.0190,7.3333,-1895.1185,-618.7638,436.6723,850.8576,0.0000,0.0000
135.5500,27.0166,7.2500,-1661.1278,-597.1444,438.4689,828.9234,0.0000,0.0000
135.5667,27.0143,7.1667,-1426.6199,-575.4734,440.2654,806.9892,0.0000,0.0000
135.5833,27.0119,7.0833,-1191.6020,-553.7516,442.0618,785.0550,0.0000,0.0000
135.6000,27.0096,7.0000,-956.0818,-531.9796,443.8581,763.1208,0.0000,0.0000
135.6167,27.0072,6.9167,-720.0670,-510.1584,445.6543,741.1866,0.0000,0.0000
135.6333,27.0048,6.8333,-483.5658,-488.2886,447.4503,719.2524,0.0000,0.0000
135.6500,27.0025,6.7500,-246.5865,-466.3712,449.2463,697.3182,0.0000,0.0000
135.6667,27.0001,6.6667,-9.1376,-444.4070,451.0421,675.3840,0.0000,0.0000
135.6833,26.9908,6.5833,0.0000,-425.7563,452.6841,653.4498,0.0000,0.0000
135.7000,26.9748,6.5000,0.0000,-410.1542,454.1779,631.5156,0.0000,0.0000
135.7167,26.9534,6.4167,0.0000,-396.8799,455.5526,609.5814,0.0000,0.0000
135.7333,26.9274,6.3333,0.0000,-385.5151,456.8247,587.6472,0.0000,0.0000
135.7500,26.8974,6.2500,0.0000,-375.7215,458.0075,565.7130,0.0000,0.0000
135.7667,26.8639,6.1667,0.0000,-367.2241,459.1125,543.7788,0.0000,0.0000
135.7833,26.8273,6.0833,0.0000,-359.7984,460.1486,521.8446,0.0000,0.0000
135.8000,26.7879,6.0000,0.0000,-353.2608,461.1238,499.9104,0.0000,0.0000
135.8167,26.7461,5.9167,0.0000,-347.4605,462.0445,477.9762,0.0000,0.0000
135.8333,26.7020,5.8333,0.0000,-342.2735,462.9159,456.0420,0.0000,0.0000
135.8500,26.6560,5.7500,0.0000,-337.5975,463.7427,434.1078,0.0000,0.0000
135.8667,26.6081,5.6667,0.0000,-333.3482,464.5286,412.1736,0.0000,0.0000
135.8833,26.5585,5.5833,0.0000,-329.4558,465.2769,390.2394,0.0000,0.0000
135.9000,26.5073,5.5000,0.0000,-325.8623,465.9903,368.3052,0.0000,0.0000
135.9167,26.4547,5.4167,0.0000,-322.5197,466.6710,346.3710,0.0000,0.0000
135.9333,26.4006,5.3333,0.0000,-319.3879,467.3211,324.4368,0.0000,0.0000
135.9500,26.3453,5.2500,0.0000,-316.4337,467.9421,302.5026,0.0000,0.0000
135.9667,26.2887,5.1667,0.0000,-313.6290,468.5356,280.5684,0.0000,0.0000
135.9833,26.2310,5.0833,0.0000,-310.9506,469.1028,258.6342,0.0000,0.0000
136.0000,26.1720,5.0000,0.0000,-308.3788,469.6448,236.7000,0.0000,0.0000
136.0167,26.1136,4.9900,0.0000,-308.6545,468.5709,232.7550,0.0000,0.0000
136.0333,26.0557,4.9800,0.0000,-308.9648,467.5082,228.8100,0.0000,0.0000
136.0500,25.9983,4.9700,0.0000,-309.2183,466.4560,224.8650,0.0000,0.0000
136.0667,25.9413,4.9600,0.0000,-309.3695,465.4136,220.9200,0.0000,0.0000
136.0833,25.8847,4.9500,0.0000,-309.3981,464.3797,216.9750,0.0000,0.0000
136.1000,25.8284,4.9400,0.0000,-309.2988,463.3534,213.0300,0.0000,0.0000
136.1167,25.7725,4.9300,0.0000,-309.0744,462.3336,209.0850,0.0000,0.0000
136.1333,25.7167,4.9200,0.0000,-308.7322,461.3192,205.1400,0.0000,0.0000
136.1500,25.6612,4.9100,0.0000,-308.2818,460.3094,201.1950,0.0000,0.0000
136.1667,25.6058,4.9000,0.0000,-307.7335,459.3033,197.2500,0.0000,0.0000
136.1833,25.5506,4.8900,0.0000,-307.0979,458.3001,193.3050,0.0000,0.0000
136.2000,25.4955,4.8800,0.0000,-306.3851,457.2994,189.3600,0.0000,0.0000
136.2167,25.4405,4.8700,0.0000,-305.6047,456.3004,185.4150,0.0000,0.0000
136.2333,25.3855,4.8600,0.0000,-304.7655,455.3027,181.4700,0.0000,0.0000
136.2500,25.3295,4.8500,0.0000,-303.8802,454.2817,177.5250,0.0000,0.0000
136.2667,25.2746,4.8400,0.0000,-302.9448,453.2856,173.5800,0.0000,0.0000
136.2833,25.2197,4.8300,0.0000,-301.9733,452.2897,169.6350,0.0000,0.0000
136.3000,25.1648,4.8200,0.0000,-300.9721,451.2938,165.6900,0.0000,0.0000
136.3167,25.1099,4.8100,0.0000,-299.9468,450.2977,161.7450,0.0000,0.0000
136.3333,25.0549,4.8000,0.0000,-298.9021,449.3011,157.8000,0.0000,0.0000
136.3500,25.0000,4.7900,0.0000,-297.8419,448.3041,153.8550,0.0000,0.0000
136.3667,24.9450,4.7800,0.0000,-296.7696,447.3064,149.9100,0.0000,0.0000
136.3833,24.8900,4.7700,0.0000,-295.6881,446.3081,145.9650,0.0000,0.0000
136.4000,24.8350,4.7600,0.0000,-294.5998,445.3090,142.0200,0.0000,0.0000
136.4167,24.7799,4.7500,0.0000,-293.5066,444.3092,138.0750,0.0000,0.0000
136.4333,24.7248,4.7400,0.0000,-292.4104,443.3086,134.1300,0.0000,0.0000
136.4500,24.6696,4.7300,0.0000,-291.3124,442.3073,130.1850,0.0000,0.0000
136.4667,24.6145,4.7200,0.0000,-290.2141,441.3051,126.2400,0.0000,0.0000
136.4833,24.5593,4.7100,0.0000,-289.1162,440.3022,122.2950,0.0000,0.0000
136.5000,24.5040,4.7000,0.0000,-288.0197,439.2986,118.3500,0.0000,0.0000
136.5167,24.4487,4.6900,0.0000,-286.9253,438.2942,114.4050,0.0000,0.0000
136.5333,24.3934,4.6800,0.0000,-285.8335,437.2891,110.4600,0.0000,0.0000
136.5500,24.3381,4.6700,0.0000,-284.7447,436.2833,106.5150,0.0000,0.0000
136.5667,24.2827,4.6600,0.0000,-283.6594,435.2769,102.5700,0.0000,0.0000
136.5833,24.2273,4.6500,0.0000,-282.5778,434.2699,98.6250,0.0000,0.0000
136.6000,24.1719,4.6400,0.0000,-281.5001,433.2623,94.6800,0.0000,0.0000
136.6167,24.1164,4.6300,0.0000,-280.4264,432.2542,90.7350,0.0000,0.0000
136.6333,24.0610,4.6200,0.0000,-279.3570,431.2456,86.7900,0.0000,0.0000
136.6500,24.0055,4.6100,0.0000,-278.2917,430.2365,82.8450,0.0000,0.0000
136.6667,23.9500,4.6000,0.0000,-277.2307,429.2270,78.9000,0.0000,0.0000
136.6833,23.8945,4.5900,0.0000,-276.1740,428.2172,74.9550,0.0000,0.0000
136.7000,23.8389,4.5800,0.0000,-275.1214,427.2070,71.0100,0.0000,0.0000
136.7167,23.7834,4.5700,0.0000,-274.0730,426.1964,67.0650,0.0000,0.0000
136.7333,23.7278,4.5600,0.0000,-273.0286,425.1857,63.1200,0.0000,0.0000
136.7500,23.6722,4.5500,0.0000,-271.9883,424.1746,59.1750,0.0000,0.0000
136.7667,23.6166,4.5400,0.0000,-270.9518,423.1634,55.2300,0.0000,0.0000
136.7833,23.5610,4.5300,0.0000,-269.9192,422.1520,51.2850,0.0000,0.0000
136.8000,23.5054,4.5200,0.0000,-268.8901,421.1405,47.3400,0.0000,0.0000
136.8167,23.4498,4.5100,0.0000,-267.8647,420.1288,43.3950,0.0000,0.0000
136.8333,23.3942,4.5000,0.0000,-266.8426,419.1171,39.4500,0.0000,0.0000
136.8500,23.3386,4.4900,0.0000,-265.8238,418.1053,35.5050,0.0000,0.0000
136.8667,23.2830,4.4800,0.0000,-264.8082,417.0935,31.5600,0.0000,0.0000
136.8833,23.2274,4.4700,0.0000,-263.7957,416.0816,27.6150,0.0000,0.0000
136.9000,23.1718,4.4600,0.0000,-262.7860,415.0698,23.6700,0.0000,0.0000
136.9167,23.1161,4.4500,0.0000,-261.7792,414.0580,19.7250,0.0000,0.0000
136.9333,23.0605,4.4400,0.0000,-260.7749,413.0463,15.7800,0.0000,0.0000
136.9500,23.0049,4.4300,0.0000,-259.7733,412.0347,11.8350,0.0000,0.0000
136.9667,22.9493,4.4200,0.0000,-258.7740,411.0231,7.8900,0.0000,0.0000
136.9833,22.8937,4.4100,0.0000,-257.7770,410.0117,3.9450,0.0000,0.0000
137.0000,22.8381,4.4000,0.0000,-256.7821,409.0004,0.0000,0.0000,0.0000
137.0167,22.7820,4.3550,0.0000,-254.9577,408.7527,0.0000,0.0000,0.0000
137.0333,22.7254,4.3100,0.0000,-253.4606,408.4949,0.0000,0.0000,0.0000
137.0500,22.6684,4.2650,0.0000,-252.2175,408.2291,0.0000,0.0000,0.0000
137.0667,22.6111,4.2200,0.0000,-251.1739,407.9570,0.0000,0.0000,0.0000
137.0833,22.5536,4.1750,0.0000,-250.2883,407.6800,0.0000,0.0000,0.0000
137.1000,22.4960,4.1300,0.0000,-249.5285,407.3991,0.0000,0.0000,0.0000
137.1167,22.4381,4.0850,0.0000,-248.8693,407.1151,0.0000,0.0000,0.0000
137.1333,22.3802,4.0400,0.0000,-248.2903,406.8287,0.0000,0.0000,0.0000
137.1500,22.3222,3.9950,0.0000,-247.7756,406.5405,0.0000,0.0000,0.0000
137.1667,22.2642,3.9500,0.0000,-247.3120,406.2509,0.0000,0.0000,0.0000
137.1833,22.2061,3.9050,0.0000,-246.8886,405.9602,0.0000,0.0000,0.0000
137.2000,22.1479,3.8600,0.0000,-246.4969,405.6686,0.0000,0.0000,0.0000
137.2167,22.0898,3.8150,0.0000,-246.1296,405.3765,0.0000,0.0000,0.0000
137.2333,22.0316,3.7700,0.0000,-245.7809,405.0839,0.0000,0.0000,0.0000
137.2500,21.9734,3.7250,0.0000,-245.4465,404.7910,0.0000,0.0000,0.0000
137.2667,21.9152,3.6800,0.0000,-245.1227,404.4978,0.0000,0.0000,0.0000
137.2833,21.8569,3.6350,0.0000,-244.8067,404.2044,0.0000,0.0000,0.0000
137.3000,21.7987,3.5900,0.0000,-244.4963,403.9109,0.0000,0.0000,0.0000
137.3167,21.7405,3.5450,0.0000,-244.1899,403.6173,0.0000,0.0000,0.0000
137.3333,21.6822,3.5000,0.0000,-243.8861,403.3237,0.0000,0.0000,0.0000
137.3500,21.6240,3.4550,0.0000,-243.5838,403.0299,0.0000,0.0000,0.0000
137.3667,21.5657,3.4100,0.0000,-243.2823,402.7361,0.0000,0.0000,0.0000
137.3833,21.5075,3.3650,0.0000,-242.9808,402.4422,0.0000,0.0000,0.0000
137.4000,21.4492,3.3200,0.0000,-242.6790,402.1482,0.0000,0.0000,0.0000
137.4167,21.3910,3.2750,0.0000,-242.3762,401.8542,0.0000,0.0000,0.0000
137.4333,21.3327,3.2300,0.0000,-242.0723,401.5601,0.0000,0.0000,0.0000
137.4500,21.2745,3.1850,0.0000,-241.7670,401.2660,0.0000,0.0000,0.0000
137.4667,21.2162,3.1400,0.0000,-241.4600,400.9717,0.0000,0.0000,0.0000
137.4833,21.1579,3.0950,0.0000,-241.1512,400.6773,0.0000,0.0000,0.0000
137.5000,21.0996,3.0500,0.0000,-240.8404,400.3827,0.0000,0.0000,0.0000
137.5167,21.0414,3.0050,0.0000,-240.5275,400.0880,0.0000,0.0000,0.0000
137.5333,20.9831,2.9600,0.0000,-240.2124,399.7932,0.0000,0.0000,0.0000
137.5500,20.9248,2.9150,0.0000,-239.8949,399.4982,0.0000,0.0000,0.0000
137.5667,20.8665,2.8700,0.0000,-239.5749,399.2030,0.0000,0.0000,0.0000
137.5833,20.8081,2.8250,0.0000,-239.2523,398.9075,0.0000,0.0000,0.0000
137.6000,20.7498,2.7800,0.0000,-238.9270,398.6118,0.0000,0.0000,0.0000
137.6167,20.6915,2.7350,0.0000,-238.5987,398.3159,0.0000,0.0000,0.0000
137.6333,20.6331,2.6900,0.0000,-238.2674,398.0196,0.0000,0.0000,0.0000
137.6500,20.5748,2.6450,0.0000,-237.9327,397.7231,0.0000,0.0000,0.0000
137.6667,20.5164,2.6000,0.0000,-237.5945,397.4262,0.0000,0.0000,0.0000
137.6833,20.4580,2.5550,0.0000,-237.2524,397.1290,0.0000,0.0000,0.0000
137.7000,20.3995,2.5100,0.0000,-236.9060,396.8314,0.0000,0.0000,0.0000
137.7167,20.3411,2.4650,0.0000,-236.5550,396.5333,0.0000,0.0000,0.0000
137.7333,20.2827,2.4200,0.0000,-236.1986,396.2348,0.0000,0.0000,0.0000
137.7500,20.2242,2.3750,0.0000,-235.8364,395.9357,0.0000,0.0000,0.0000
137.7667,20.1657,2.3300,0.0000,-235.4673,395.6362,0.0000,0.0000,0.0000
137.7833,20.1071,2.2850,0.0000,-235.0902,395.3359,0.0000,0.0000,0.0000
137.8000,20.0486,2.2400,0.0000,-234.7036,395.0350,0.0000,0.0000,0.0000
137.8167,19.9963,2.1950,374.3037,-231.8508,394.8728,0.0000,0.0000,0.0000
137.8333,19.9851,2.1500,1486.2309,-213.1125,395.6244,0.0000,0.0000,0.0000
137.8500,19.9809,2.1050,1911.1605,-192.1945,396.5283,0.0000,0.0000,0.0000
137.8667,19.9782,2.0600,2178.6014,-171.1358,397.4672,0.0000,0.0000,0.0000
137.8833,19.9759,2.0150,2407.5616,-150.3536,398.4146,0.0000,0.0000,0.0000
137.9000,19.9737,1.9700,2625.0064,-129.9137,399.3646,0.0000,0.0000,0.0000
137.9167,19.9716,1.9250,2837.2078,-109.8100,400.3157,0.0000,0.0000,0.0000
137.9333,19.9695,1.8800,3045.7495,-90.0249,401.2677,0.0000,0.0000,0.0000
137.9500,19.9675,1.8350,3251.1291,-70.5414,402.2203,0.0000,0.0000,0.0000
137.9667,19.9655,1.7900,3453.5751,-51.3446,403.1736,0.0000,0.0000,0.0000
137.9833,19.9635,1.7450,3653.2380,-32.4220,404.1275,0.0000,0.0000,0.0000
138.0000,19.9615,1.7000,3850.2368,-13.7625,405.0820,0.0000,0.0000,0.0000
138.0167,19.9598,1.7083,4021.5754,2.8170,404.8592,0.0000,0.0000,0.0000
138.0333,19.9581,1.7167,4185.2498,19.1697,404.6380,0.0000,0.0000,0.0000
138.0500,19.9565,1.7250,4345.3406,35.2861,404.4176,0.0000,0.0000,0.0000
138.0667,19.9550,1.7333,4502.8080,51.1686,404.1979,0.0000,0.0000,0.0000
138.0833,19.9534,1.7417,4657.9064,66.8214,403.9786,0.0000,0.0000,0.0000
138.1000,19.9519,1.7500,4810.7265,82.2487,403.7598,0.0000,0.0000,0.0000
138.1167,19.9504,1.7583,4961.3173,97.4542,403.5416,0.0000,0.0000,0.0000
138.1333,19.9489,1.7667,5109.7152,112.4410,403.3238,0.0000,0.0000,0.0000
138.1500,19.9474,1.7750,5255.9513,127.2122,403.1065,0.0000,0.0000,0.0000
138.1667,19.9460,1.7833,5400.0538,141.7705,402.8897,0.0000,0.0000,0.0000
138.1833,19.9446,1.7917,5542.0493,156.1185,402.6734,0.0000,0.0000,0.0000
138.2000,19.9432,1.8000,5681.9630,170.2586,402.4575,0.0000,0.0000,0.0000
138.2167,19.9418,1.8083,5819.8195,184.1934,402.2420,0.0000,0.0000,0.0000
138.2333,19.9404,1.8167,5955.6431,197.9252,402.0271,0.0000,0.0000,0.0000
138.2500,19.9391,1.8250,6089.4577,211.4564,401.8125,0.0000,0.0000,0.0000
138.2667,19.9378,1.8333,6221.2875,224.7895,401.5984,0.0000,0.0000,0.0000
138.2833,19.9365,1.8417,6351.1562,237.9268,401.3848,0.0000,0.0000,0.0000
138.3000,19.9352,1.8500,6479.0881,250.8708,401.1715,0.0000,0.0000,0.0000
138.3167,19.9339,1.8583,6605.1072,263.6239,400.9587,0.0000,0.0000,0.0000
138.3333,19.9327,1.8667,6729.2381,276.1885,400.7463,0.0000,0.0000,0.0000
138.3500,19.9315,1.8750,6851.5050,288.5671,400.5344,0.0000,0.0000,0.0000
138.3667,19.9303,1.8833,6971.9327,300.7621,400.3228,0.0000,0.0000,0.0000
138.3833,19.9291,1.8917,7090.5459,312.7761,400.1116,0.0000,0.0000,0.0000
138.4000,19.9279,1.9000,7207.3693,324.6115,399.9009,0.0000,0.0000,0.0000
138.4167,19.9268,1.9083,7322.4279,336.2709,399.6905,0.0000,0.0000,0.0000
138.4333,19.9256,1.9167,7435.7467,347.7567,399.4805,0.0000,0.0000,0.0000
138.4500,19.9245,1.9250,7547.3505,359.0714,399.2709,0.0000,0.0000,0.0000
138.4667,19.9234,1.9333,7657.2644,370.2176,399.0617,0.0000,0.0000,0.0000
138.4833,19.9223,1.9417,7765.5132,381.1977,398.8528,0.0000,0.0000,0.0000
138.5000,19.9213,1.9500,7872.1219,392.0142,398.6443,0.0000,0.0000,0.0000
138.5167,19.9202,1.9583,7977.1152,402.6696,398.4362,0.0000,0.0000,0.0000
138.5333,19.9192,1.9667,8080.5178,413.1664,398.2284,0.0000,0.0000,0.0000
138.5500,19.9182,1.9750,8182.3542,423.5070,398.0209,0.0000,0.0000,0.0000
138.5667,19.9172,1.9833,8282.6488,433.6939,397.8138,0.0000,0.0000,0.0000
138.5833,19.9162,1.9917,8381.4258,443.7295,397.6071,0.0000,0.0000,0.0000
138.6000,19.9152,2.0000,8478.7092,453.6161,397.4006,0.0000,0.0000,0.0000
138.6167,19.9143,2.0083,8574.5228,463.3562,397.1945,0.0000,0.0000,0.0000
138.6333,19.9133,2.0167,8668.8901,472.9521,396.9887,0.0000,0.0000,0.0000
138.6500,19.9124,2.0250,8761.8344,482.4062,396.7833,0.0000,0.0000,0.0000
138.6667,19.9115,2.0333,8853.3787,491.7207,396.5781,0.0000,0.0000,0.0000
138.6833,19.9106,2.0417,8943.5459,500.8979,396.3733,0.0000,0.0000,0.0000
138.7000,19.9097,2.0500,9032.3583,509.9400,396.1687,0.0000,0.0000,0.0000
138.7167,19.9088,2.0583,9119.8381,518.8493,395.9644,0.0000,0.0000,0.0000
138.7333,19.9079,2.0667,9206.0073,527.6280,395.7605,0.0000,0.0000,0.0000
138.7500,19.9071,2.0750,9290.8873,536.2781,395.5568,0.0000,0.0000,0.0000
138.7667,19.9063,2.0833,9374.4994,544.8019,395.3534,0.0000,0.0000,0.0000
138.7833,19.9054,2.0917,9456.8644,553.2013,395.1503,0.0000,0.0000,0.0000
138.8000,19.9046,2.1000,9538.0029,561.4785,394.9474,0.0000,0.0000,0.0000
138.8167,19.9038,2.1083,9617.9353,569.6355,394.7448,0.0000,0.0000,0.0000
138.8333,19.9030,2.1167,9696.6812,577.6741,394.5425,0.0000,0.0000,0.0000
138.8500,19.9023,2.1250,9774.2604,585.5965,394.3405,0.0000,0.0000,0.0000
138.8667,19.9015,2.1333,9850.6919,593.4045,394.1386,0.0000,0.0000,0.0000
138.8833,19.9007,2.1417,9925.9947,601.1000,393.9371,0.0000,0.0000,0.0000
138.9000,19.9000,2.1500,10000.1873,608.6848,393.7358,0.0000,0.0000,0.0000
138.9167,19.8993,2.1583,10073.2879,616.1607,393.5347,0.0000,0.0000,0.0000
138.9333,19.8985,2.1667,10145.3143,623.5296,393.3339,0.0000,0.0000,0.0000
138.9500,19.8978,2.1750,10216.2839,630.7931,393.1333,0.0000,0.0000,0.0000
138.9667,19.8971,2.1833,10286.2140,637.9530,392.9329,0.0000,0.0000,0.0000
138.9833,19.8964,2.1917,10355.1214,645.0109,392.7328,0.0000,0.0000,0.0000
139.0000,19.8958,2.2000,10423.0225,651.9685,392.5329,0.0000,0.0000,0.0000
139.0167,19.8951,2.2100,10489.2127,658.7704,392.2964,0.0000,0.0000,0.0000
139.0333,19.8945,2.2200,10554.2674,665.4759,392.0601,0.0000,0.0000,0.0000
139.0500,19.8938,2.2300,10618.3281,672.0861,391.8241,0.0000,0.0000,0.0000
139.0667,19.8932,2.2400,10681.4397,678.6025,391.5883,0.0000,0.0000,0.0000
139.0833,19.8926,2.2500,10743.6253,685.0269,391.3526,0.0000,0.0000,0.0000
139.1000,19.8920,2.2600,10804.9038,691.3609,391.1172,0.0000,0.0000,0.0000
139.1167,19.8913,2.2700,10865.2924,697.6063,390.8820,0.0000,0.0000,0.0000
139.1333,19.8908,2.2800,10924.8085,703.7648,390.6470,0.0000,0.0000,0.0000
139.1500,19.8902,2.2900,10983.4688,709.8381,390.4121,0.0000,0.0000,0.0000
139.1667,19.8896,2.3000,11041.2897,715.8278,390.1775,0.0000,0.0000,0.0000
139.1833,19.8891,2.3100,11091.6858,721.3560,389.9445,0.0000,0.0000,0.0000
139.2000,19.8886,2.3200,11143.3413,726.8021,389.7112,0.0000,0.0000,0.0000
139.2167,19.8881,2.3300,11194.8230,732.1747,389.4780,0.0000,0.0000,0.0000
139.2333,19.8875,2.3400,11245.7542,737.4775,389.2449,0.0000,0.0000,0.0000
139.2500,19.8870,2.3500,11296.0434,742.7125,389.0119,0.0000,0.0000,0.0000
139.2667,19.8865,2.3600,11345.6759,747.8811,388.7790,0.0000,0.0000,0.0000
139.2833,19.8861,2.3700,11394.6568,752.9846,388.5464,0.0000,0.0000,0.0000
139.3000,19.8856,2.3800,11442.9961,758.0242,388.3138,0.0000,0.0000,0.0000
139.3167,19.8851,2.3900,11490.7048,763.0011,388.0814,0.0000,0.0000,0.0000
139.3333,19.8846,2.4000,11537.7938,767.9163,387.8491,0.0000,0.0000,0.0000
139.3500,19.8842,2.4100,11584.2734,772.7709,387.6170,0.0000,0.0000,0.0000
139.3667,19.8837,2.4200,11630.1540,777.5659,387.3850,0.0000,0.0000,0.0000
139.3833,19.8832,2.4300,11675.4452,782.3023,387.1531,0.0000,0.0000,0.0000
139.4000,19.8828,2.4400,11720.1565,786.9809,386.9214,0.0000,0.0000,0.0000
139.4167,19.8824,2.4500,11764.2973,791.6027,386.6898,0.0000,0.0000,0.0000
139.4333,19.8819,2.4600,11807.8764,796.1686,386.4583,0.0000,0.0000,0.0000
139.4500,19.8815,2.4700,11850.9024,800.6794,386.2269,0.0000,0.0000,0.0000
139.4667,19.8811,2.4800,11893.3838,805.1361,385.9957,0.0000,0.0000,0.0000
139.4833,19.8806,2.4900,11935.3289,809.5392,385.7645,0.0000,0.0000,0.0000
139.5000,19.8802,2.5000,11976.7456,813.8898,385.5335,0.0000,0.0000,0.0000
139.5167,19.8798,2.5100,12017.6416,818.1885,385.3026,0.0000,0.0000,0.0000
139.5333,19.8794,2.5200,12058.0246,822.4362,385.0719,0.0000,0.0000,0.0000
139.5500,19.8790,2.5300,12097.9019,826.6334,384.8412,0.0000,0.0000,0.0000
139.5667,19.8786,2.5400,12137.2807,830.7810,384.6106,0.0000,0.0000,0.0000
139.5833,19.8782,2.5500,12176.1681,834.8796,384.3802,0.0000,0.0000,0.0000
139.6000,19.8779,2.5600,12214.5709,838.9300,384.1498,0.0000,0.0000,0.0000
139.6167,19.8775,2.5700,12252.4958,842.9327,383.9196,0.0000,0.0000,0.0000
139.6333,19.8771,2.5800,12289.9494,846.8884,383.6895,0.0000,0.0000,0.0000
139.6500,19.8767,2.5900,12326.9379,850.7979,383.4594,0.0000,0.0000,0.0000
139.6667,19.8764,2.6000,12363.4676,854.6616,383.2295,0.0000,0.0000,0.0000
139.6833,19.8760,2.6100,12399.5447,858.4802,382.9997,0.0000,0.0000,0.0000
139.7000,19.8756,2.6200,12435.1751,862.2542,382.7700,0.0000,0.0000,0.0000
139.7167,19.8753,2.6300,12470.3645,865.9844,382.5403,0.0000,0.0000,0.0000
139.7333,19.8749,2.6400,12505.1188,869.6711,382.3108,0.0000,0.0000,0.0000
139.7500,19.8746,2.6500,12539.4435,873.3151,382.0814,0.0000,0.0000,0.0000
139.7667,19.8743,2.6600,12573.3440,876.9167,381.8520,0.0000,0.0000,0.0000
139.7833,19.8739,2.6700,12606.8257,880.4766,381.6228,0.0000,0.0000,0.0000
139.8000,19.8736,2.6800,12639.8938,883.9953,381.3936,0.0000,0.0000,0.0000
139.8167,19.8733,2.6900,12672.5535,887.4732,381.1645,0.0000,0.0000,0.0000
139.8333,19.8730,2.7000,12704.8097,890.9109,380.9356,0.0000,0.0000,0.0000
139.8500,19.8726,2.7100,12736.6674,894.3089,380.7067,0.0000,0.0000,0.0000
139.8667,19.8723,2.7200,12768.1315,897.6677,380.4779,0.0000,0.0000,0.0000
139.8833,19.8720,2.7300,12799.2067,900.9876,380.2492,0.0000,0.0000,0.0000
139.9000,19.8717,2.7400,12829.8975,904.2693,380.0205,0.0000,0.0000,0.0000
139.9167,19.8714,2.7500,12860.2087,907.5130,379.7920,0.0000,0.0000,0.0000
139.9333,19.8711,2.7600,12890.1445,910.7194,379.5635,0.0000,0.0000,0.0000
139.9500,19.8708,2.7700,12919.7096,913.8887,379.3351,0.0000,0.0000,0.0000
139.9667,19.8705,2.7800,12948.9080,917.0215,379.1068,0.0000,0.0000,0.0000
139.9833,19.8702,2.7900,12977.7442,920.1182,378.8786,0.0000,0.0000,0.0000
140.0000,19.8699,2.8000,13010.0122,923.4011,378.6496,0.0000,0.0000,0.0000
140.0167,19.8694,2.7533,13060.0200,928.3765,379.6737,0.0000,0.0000,0.0000
140.0333,19.8688,2.7067,13116.7650,933.2910,380.6963,0.0000,0.0000,0.0000
140.0500,19.8682,2.6600,13175.1256,938.1672,381.7185,0.0000,0.0000,0.0000
140.0667,19.8677,2.6133,13233.7134,943.0119,382.7407,0.0000,0.0000,0.0000
140.0833,19.8671,2.5667,13292.1584,947.8278,383.7629,0.0000,0.0000,0.0000
140.1000,19.8665,2.5200,13350.3693,952.6167,384.7852,0.0000,0.0000,0.0000
140.1167,19.8659,2.4733,13408.3318,957.3802,385.8075,0.0000,0.0000,0.0000
140.1333,19.8653,2.4267,13471.6822,962.3184,386.8286,0.0000,0.0000,0.0000
140.1500,19.8647,2.3800,13526.6267,967.0463,387.8516,0.0000,0.0000,0.0000
140.1667,19.8642,2.3333,13583.2105,971.7456,388.8742,0.0000,0.0000,0.0000
140.1833,19.8635,2.2867,13645.6409,976.6182,389.8956,0.0000,0.0000,0.0000
140.2000,19.8630,2.2400,13699.9778,981.2890,390.9187,0.0000,0.0000,0.0000
140.2167,19.8624,2.1933,13756.0142,985.9359,391.9414,0.0000,0.0000,0.0000
140.2333,19.8618,2.1467,13817.8877,990.7577,392.9629,0.0000,0.0000,0.0000
140.2500,19.8613,2.1000,13871.7961,995.3855,393.9861,0.0000,0.0000,0.0000
140.2667,19.8607,2.0533,13932.8477,1000.1836,395.0077,0.0000,0.0000,0.0000
140.2833,19.8601,2.0067,13986.4266,1004.7902,396.0310,0.0000,0.0000,0.0000
140.3000,19.8595,1.9600,14047.2217,1009.5678,397.0527,0.0000,0.0000,0.0000
140.3167,19.8590,1.9133,14100.6249,1014.1576,398.0760,0.0000,0.0000,0.0000
140.3333,19.8584,1.8667,14161.2464,1018.9197,399.0977,0.0000,0.0000,0.0000
140.3500,19.8579,1.8200,14214.5224,1023.4970,400.1211,0.0000,0.0000,0.0000
140.3667,19.8572,1.7733,14275.0178,1028.2477,401.1429,0.0000,0.0000,0.0000
140.3833,19.8567,1.7267,14328.2035,1032.8162,402.1662,0.0000,0.0000,0.0000
140.4000,19.8561,1.6800,14388.6122,1037.5592,403.1880,0.0000,0.0000,0.0000
140.4167,19.8556,1.6333,14441.7389,1042.1221,404.2114,0.0000,0.0000,0.0000
140.4333,19.8550,1.5867,14502.0947,1046.8605,405.2332,0.0000,0.0000,0.0000
140.4500,19.8544,1.5400,14555.1892,1051.4206,406.2566,0.0000,0.0000,0.0000
140.4667,19.8538,1.4933,14615.5205,1056.1571,407.2784,0.0000,0.0000,0.0000
140.4833,19.8533,1.4467,14668.6053,1060.7166,408.3018,0.0000,0.0000,0.0000
140.5000,19.8527,1.4000,14728.9360,1065.4535,409.3236,0.0000,0.0000,0.0000
140.5167,19.8522,1.3533,14782.0297,1070.0142,410.3470,0.0000,0.0000,0.0000
140.5333,19.8516,1.3067,14842.3795,1074.7532,411.3687,0.0000,0.0000,0.0000
140.5500,19.8510,1.2600,14895.4976,1079.3169,412.3921,0.0000,0.0000,0.0000
140.5667,19.8504,1.2133,14955.8826,1084.0595,413.4139,0.0000,0.0000,0.0000
140.5833,19.8499,1.1667,15009.0373,1088.6272,414.4373,0.0000,0.0000,0.0000
140.6000,19.8493,1.1200,15069.4703,1093.3747,415.4591,0.0000,0.0000,0.0000
140.6167,19.8488,1.0733,15122.6714,1097.9474,416.4824,0.0000,0.0000,0.0000
140.6333,19.8482,1.0267,15183.1624,1102.7006,417.5042,0.0000,0.0000,0.0000
140.6500,19.8476,0.9800,15236.4173,1107.2791,418.5276,0.0000,0.0000,0.0000
140.6667,19.8470,0.9333,15296.9736,1112.0387,419.5493,0.0000,0.0000,0.0000
140.6833,19.8465,0.8867,15350.2878,1116.6236,420.5726,0.0000,0.0000,0.0000
140.7000,19.8459,0.8400,15410.9148,1121.3900,421.5944,0.0000,0.0000,0.0000
140.7167,19.8454,0.7933,15464.2919,1125.9816,422.6177,0.0000,0.0000,0.0000
140.7333,19.8448,0.7467,15524.9928,1130.7551,423.6394,0.0000,0.0000,0.0000
140.7500,19.8442,0.7000,15578.4350,1135.3536,424.6627,0.0000,0.0000,0.0000
140.7667,19.8436,0.6533,15639.2117,1140.1344,425.6844,0.0000,0.0000,0.0000
140.7833,19.8431,0.6067,15692.7198,1144.7398,426.7077,0.0000,0.0000,0.0000
140.8000,19.8425,0.5600,15753.5726,1149.5280,427.7294,0.0000,0.0000,0.0000
140.8167,19.8419,0.5133,15807.1462,1154.1403,428.7527,0.0000,0.0000,0.0000
140.8333,19.8413,0.4667,15868.0743,1158.9356,429.7744,0.0000,0.0000,0.0000
140.8500,19.8408,0.4200,15921.7123,1163.5546,430.7976,0.0000,0.0000,0.0000
140.8667,19.8402,0.3733,15982.7137,1168.3570,431.8193,0.0000,0.0000,0.0000
140.8833,19.8396,0.3267,16036.4142,1172.9825,432.8425,0.0000,0.0000,0.0000
140.9000,19.8390,0.2800,16097.4862,1177.7916,433.8642,0.0000,0.0000,0.0000
140.9167,19.8385,0.2333,16151.2464,1182.4234,434.8874,0.0000,0.0000,0.0000
140.9333,19.8379,0.1867,16212.3856,1187.2388,435.9090,0.0000,0.0000,0.0000
140.9500,19.8373,0.1400,16266.2023,1191.8765,436.9323,0.0000,0.0000,0.0000
140.9667,19.8367,0.0933,16327.4048,1196.6979,437.9539,0.0000,0.0000,0.0000
140.9833,19.8362,0.0467,16381.2743,1201.3411,438.9771,0.0000,0.0000,0.0000
141.0000,19.8356,0.0000,16442.5356,1206.1681,439.9987,0.0000,0.0000,0.0000
141.0167,19.8353,0.0183,16470.0700,1208.5822,439.5859,0.0000,0.0000,0.0000
141.0333,19.8351,0.0367,16492.3413,1211.0151,439.1743,0.0000,0.0000,0.0000
141.0500,19.8349,0.0550,16513.1588,1213.4512,438.7630,0.0000,0.0000,0.0000
141.0667,19.8347,0.0733,16533.5582,1215.8859,438.3518,0.0000,0.0000,0.0000
141.0833,19.8345,0.0917,16553.8155,1218.3172,437.9406,0.0000,0.0000,0.0000
141.1000,19.8343,0.1100,16573.9978,1220.7435,437.5295,0.0000,0.0000,0.0000
141.1167,19.8341,0.1283,16594.1133,1223.1634,437.1183,0.0000,0.0000,0.0000
141.1333,19.8339,0.1467,16614.1536,1225.5754,436.7072,0.0000,0.0000,0.0000
141.1500,19.8337,0.1650,16634.1051,1227.9779,436.2961,0.0000,0.0000,0.0000
141.1667,19.8335,0.1833,16653.9527,1230.3693,435.8850,0.0000,0.0000,0.0000
141.1833,19.8333,0.2017,16673.6809,1232.7482,435.4740,0.0000,0.0000,0.0000
141.2000,19.8331,0.2200,16693.2746,1235.1130,435.0629,0.0000,0.0000,0.0000
141.2167,19.8329,0.2383,16712.7190,1237.4621,434.6520,0.0000,0.0000,0.0000
141.2333,19.8327,0.2567,16731.9998,1239.7943,434.2410,0.0000,0.0000,0.0000
141.2500,19.8325,0.2750,16751.1034,1242.1081,433.8301,0.0000,0.0000,0.0000
141.2667,19.8323,0.2933,16770.0170,1244.4024,433.4192,0.0000,0.0000,0.0000
141.2833,19.8321,0.3117,16788.7284,1246.6759,433.0084,0.0000,0.0000,0.0000
141.3000,19.8319,0.3300,16807.2261,1248.9275,432.5976,0.0000,0.0000,0.0000
141.3167,19.8317,0.3483,16825.4995,1251.1561,432.1869,0.0000,0.0000,0.0000
141.3333,19.8316,0.3667,16843.5386,1253.3609,431.7762,0.0000,0.0000,0.0000
141.3500,19.8314,0.3850,16861.3340,1255.5409,431.3656,0.0000,0.0000,0.0000
141.3667,19.8312,0.4033,16878.8772,1257.6952,430.9550,0.0000,0.0000,0.0000
141.3833,19.8310,0.4217,16896.1601,1259.8231,430.5445,0.0000,0.0000,0.0000
141.4000,19.8309,0.4400,16913.1756,1261.9239,430.1341,0.0000,0.0000,0.0000
141.4167,19.8307,0.4583,16929.9169,1263.9969,429.7237,0.0000,0.0000,0.0000
141.4333,19.8305,0.4767,16946.3779,1266.0416,429.3133,0.0000,0.0000,0.0000
141.4500,19.8304,0.4950,16962.5531,1268.0574,428.9031,0.0000,0.0000,0.0000
141.4667,19.8302,0.5133,16978.4375,1270.0439,428.4929,0.0000,0.0000,0.0000
141.4833,19.8301,0.5317,16994.0265,1272.0006,428.0827,0.0000,0.0000,0.0000
141.5000,19.8299,0.5500,17009.3162,1273.9271,427.6727,0.0000,0.0000,0.0000
141.5167,19.8298,0.5683,17024.3031,1275.8231,427.2627,0.0000,0.0000,0.0000
141.5333,19.8296,0.5867,17038.9841,1277.6883,426.8527,0.0000,0.0000,0.0000
141.5500,19.8295,0.6050,17053.3565,1279.5225,426.4429,0.0000,0.0000,0.0000
141.5667,19.8293,0.6233,17067.4180,1281.3254,426.0331,0.0000,0.0000,0.0000
141.5833,19.8292,0.6417,17081.1668,1283.0969,425.6234,0.0000,0.0000,0.0000
141.6000,19.8291,0.6600,17094.6014,1284.8369,425.2137,0.0000,0.0000,0.0000
141.6167,19.8289,0.6783,17107.7205,1286.5452,424.8041,0.0000,0.0000,0.0000
141.6333,19.8288,0.6967,17120.5233,1288.2217,424.3946,0.0000,0.0000,0.0000
141.6500,19.8287,0.7150,17133.0092,1289.8665,423.9852,0.0000,0.0000,0.0000
141.6667,19.8285,0.7333,17145.1779,1291.4795,423.5758,0.0000,0.0000,0.0000
141.6833,19.8284,0.7517,17157.0295,1293.0607,423.1665,0.0000,0.0000,0.0000
141.7000,19.8283,0.7700,17168.5641,1294.6101,422.7572,0.0000,0.0000,0.0000
141.7167,19.8282,0.7883,17179.7822,1296.1278,422.3481,0.0000,0.0000,0.0000
141.7333,19.8281,0.8067,17190.6845,1297.6139,421.9390,0.0000,0.0000,0.0000
141.7500,19.8280,0.8250,17201.2719,1299.0685,421.5300,0.0000,0.0000,0.0000
141.7667,19.8279,0.8433,17211.5455,1300.4917,421.1210,0.0000,0.0000,0.0000
141.7833,19.8278,0.8617,17221.5065,1301.8836,420.7121,0.0000,0.0000,0.0000
141.8000,19.8277,0.8800,17231.1563,1303.2444,420.3033,0.0000,0.0000,0.0000
141.8167,19.8276,0.8983,17240.4966,1304.5742,419.8946,0.0000,0.0000,0.0000
141.8333,19.8275,0.9167,17249.5291,1305.8733,419.4859,0.0000,0.0000,0.0000
141.8500,19.8274,0.9350,17258.2555,1307.1417,419.0773,0.0000,0.0000,0.0000
141.8667,19.8273,0.9533,17266.6780,1308.3798,418.6687,0.0000,0.0000,0.0000
141.8833,19.8273,0.9717,17274.7986,1309.5877,418.2603,0.0000,0.0000,0.0000
141.9000,19.8272,0.9900,17282.6196,1310.7657,417.8518,0.0000,0.0000,0.0000
141.9167,19.8271,1.0083,17290.1431,1311.9139,417.4435,0.0000,0.0000,0.0000
141.9333,19.8270,1.0267,17297.3716,1313.0327,417.0352,0.0000,0.0000,0.0000
141.9500,19.8270,1.0450,17304.3076,1314.1223,416.6270,0.0000,0.0000,0.0000
141.9667,19.8269,1.0633,17310.9537,1315.1829,416.2189,0.0000,0.0000,0.0000
141.9833,19.8268,1.0817,17317.3123,1316.2148,415.8108,0.0000,0.0000,0.0000
142.0000,19.8268,1.1000,17324.6938,1317.3268,415.4025,0.0000,0.0000,0.0000
142.0167,19.8268,1.1550,17315.4389,1317.0417,414.1845,0.0000,0.0000,0.0000
142.0333,19.8270,1.2100,17301.9037,1316.8524,412.9675,0.0000,0.0000,0.0000
142.0500,19.8271,1.2650,17287.7308,1316.6321,411.7506,0.0000,0.0000,0.0000
142.0667,19.8273,1.3200,17273.1591,1316.3790,410.5338,0.0000,0.0000,0.0000
142.0833,19.8274,1.3750,17258.2343,1316.0919,409.3171,0.0000,0.0000,0.0000
142.1000,19.8276,1.4300,17242.9570,1315.7695,408.1004,0.0000,0.0000,0.0000
142.1167,19.8277,1.4850,17227.3174,1315.4104,406.8839,0.0000,0.0000,0.0000
142.1333,19.8279,1.5400,17211.3037,1315.0134,405.6674,0.0000,0.0000,0.0000
142.1500,19.8281,1.5950,17194.9041,1314.5774,404.4510,0.0000,0.0000,0.0000
142.1667,19.8282,1.6500,17178.1074,1314.1012,403.2347,0.0000,0.0000,0.0000
142.1833,19.8284,1.7050,17160.9036,1313.5839,402.0185,0.0000,0.0000,0.0000
142.2000,19.8286,1.7600,17143.2839,1313.0247,400.8024,0.0000,0.0000,0.0000
142.2167,19.8287,1.8150,17125.2405,1312.4227,399.5864,0.0000,0.0000,0.0000
142.2333,19.8289,1.8700,17106.7667,1311.7774,398.3704,0.0000,0.0000,0.0000
142.2500,19.8291,1.9250,17087.8569,1311.0882,397.1546,0.0000,0.0000,0.0000
142.2667,19.8293,1.9800,17068.5064,1310.3546,395.9389,0.0000,0.0000,0.0000
142.2833,19.8295,2.0350,17048.7115,1309.5764,394.7232,0.0000,0.0000,0.0000
142.3000,19.8297,2.0900,17028.4690,1308.7533,393.5077,0.0000,0.0000,0.0000
142.3167,19.8299,2.1450,17007.7767,1307.8850,392.2923,0.0000,0.0000,0.0000
142.3333,19.8301,2.2000,16986.6323,1306.9713,391.0769,0.0000,0.0000,0.0000
142.3500,19.8303,2.2550,16965.0345,1306.0122,389.8617,0.0000,0.0000,0.0000
142.3667,19.8306,2.3100,16942.9825,1305.0075,388.6465,0.0000,0.0000,0.0000
142.3833,19.8308,2.3650,16920.4760,1303.9572,387.4315,0.0000,0.0000,0.0000
142.4000,19.8310,2.4200,16897.5155,1302.8615,386.2166,0.0000,0.0000,0.0000
142.4167,19.8313,2.4750,16874.1022,1301.7204,385.0017,0.0000,0.0000,0.0000
142.4333,19.8315,2.5300,16850.2381,1300.5342,383.7870,0.0000,0.0000,0.0000
142.4500,19.8317,2.5850,16825.9253,1299.3031,382.5724,0.0000,0.0000,0.0000
142.4667,19.8320,2.6400,16801.1670,1298.0274,381.3578,0.0000,0.0000,0.0000
142.4833,19.8322,2.6950,16775.9664,1296.7075,380.1434,0.0000,0.0000,0.0000
142.5000,19.8325,2.7500,16750.3274,1295.3438,378.9291,0.0000,0.0000,0.0000
142.5167,19.8328,2.8050,16724.2541,1293.9368,377.7148,0.0000,0.0000,0.0000
142.5333,19.8330,2.8600,16697.7510,1292.4867,376.5007,0.0000,0.0000,0.0000
142.5500,19.8333,2.9150,16670.8227,1290.9943,375.2866,0.0000,0.0000,0.0000
142.5667,19.8336,2.9700,16643.4741,1289.4598,374.0727,0.0000,0.0000,0.0000
142.5833,19.8338,3.0250,16615.7112,1287.8841,372.8588,0.0000,0.0000,0.0000
142.6000,19.8341,3.0800,16587.5410,1286.2677,371.6450,0.0000,0.0000,0.0000
142.6167,19.8344,3.1350,16558.9715,1284.6115,370.4313,0.0000,0.0000,0.0000
142.6333,19.8347,3.1900,16530.0108,1282.9165,369.2177,0.0000,0.0000,0.0000
142.6500,19.8350,3.2450,16500.6669,1281.1833,368.0042,0.0000,0.0000,0.0000
142.6667,19.8353,3.3000,16470.9472,1279.4126,366.7908,0.0000,0.0000,0.0000
142.6833,19.8356,3.3550,16440.8581,1277.6052,365.5774,0.0000,0.0000,0.0000
142.7000,19.8359,3.4100,16410.4058,1275.7615,364.3642,0.0000,0.0000,0.0000
142.7167,19.8362,3.4650,16379.5957,1273.8821,363.1510,0.0000,0.0000,0.0000
142.7333,19.8365,3.5200,16348.4330,1271.9676,361.9378,0.0000,0.0000,0.0000
142.7500,19.8368,3.5750,16316.9225,1270.0184,360.7248,0.0000,0.0000,0.0000
142.7667,19.8371,3.6300,16285.0689,1268.0349,359.5118,0.0000,0.0000,0.0000
142.7833,19.8375,3.6850,16252.8770,1266.0177,358.2990,0.0000,0.0000,0.0000
142.8000,19.8378,3.7400,16220.3514,1263.9672,357.0862,0.0000,0.0000,0.0000
142.8167,19.8381,3.7950,16187.4968,1261.8839,355.8734,0.0000,0.0000,0.0000
142.8333,19.8385,3.8500,16154.3179,1259.7682,354.6607,0.0000,0.0000,0.0000
142.8500,19.8388,3.9050,16120.8195,1257.6207,353.4481,0.0000,0.0000,0.0000
142.8667,19.8391,3.9600,16087.0065,1255.4418,352.2356,0.0000,0.0000,0.0000
142.8833,19.8395,4.0150,16052.8843,1253.2321,351.0232,0.0000,0.0000,0.0000
142.9000,19.8398,4.0700,16018.4587,1250.9921,349.8108,0.0000,0.0000,0.0000
142.9167,19.8402,4.1250,15983.7354,1248.7225,348.5985,0.0000,0.0000,0.0000
142.9333,19.8405,4.1800,15948.7200,1246.4238,347.3862,0.0000,0.0000,0.0000
142.9500,19.8409,4.2350,15913.4179,1244.0965,346.1740,0.0000,0.0000,0.0000
142.9667,19.8412,4.2900,15877.8341,1241.7412,344.9619,0.0000,0.0000,0.0000
142.9833,19.8416,4.3450,15841.9735,1239.3583,343.7498,0.0000,0.0000,0.0000
143.0000,19.8419,4.4000,15805.8406,1236.9483,342.5378,0.0000,0.0000,0.0000
143.0167,19.8418,4.3367,15820.1026,1238.6142,343.9395,0.0000,0.0000,0.0000
143.0333,19.8415,4.2733,15847.1557,1240.1787,345.3384,0.0000,0.0000,0.0000
143.0500,19.8412,4.2100,15875.9925,1241.7171,346.7369,0.0000,0.0000,0.0000
143.0667,19.8409,4.1467,15905.1046,1243.2378,348.1353,0.0000,0.0000,0.0000
143.0833,19.8407,4.0833,15934.1752,1244.7449,349.5337,0.0000,0.0000,0.0000
143.1000,19.8404,4.0200,15963.1585,1246.2419,350.9322,0.0000,0.0000,0.0000
143.1167,19.8401,3.9567,15992.0720,1247.7326,352.3306,0.0000,0.0000,0.0000
143.1333,19.8398,3.8933,16020.9489,1249.2206,353.7291,0.0000,0.0000,0.0000
143.1500,19.8395,3.8300,16049.8264,1250.7100,355.1276,0.0000,0.0000,0.0000
143.1667,19.8392,3.7667,16078.7423,1252.2043,356.5260,0.0000,0.0000,0.0000
143.1833,19.8389,3.7033,16107.7338,1253.7075,357.9245,0.0000,0.0000,0.0000
143.2000,19.8386,3.6400,16136.8381,1255.2231,359.3229,0.0000,0.0000,0.0000
143.2167,19.8383,3.5767,16166.0906,1256.7548,360.7213,0.0000,0.0000,0.0000
143.2333,19.8380,3.5133,16195.5227,1258.3055,362.1196,0.0000,0.0000,0.0000
143.2500,19.8377,3.4500,16225.1614,1259.8777,363.5180,0.0000,0.0000,0.0000
143.2667,19.8374,3.3867,16255.0299,1261.4737,364.9162,0.0000,0.0000,0.0000
143.2833,19.8371,3.3233,16285.1489,1263.0955,366.3144,0.0000,0.0000,0.0000
143.3000,19.8368,3.2600,16315.5369,1264.7448,367.7125,0.0000,0.0000,0.0000
143.3167,19.8365,3.1967,16346.2115,1266.4234,369.1106,0.0000,0.0000,0.0000
143.3333,19.8362,3.1333,16377.1892,1268.1330,370.5086,0.0000,0.0000,0.0000
143.3500,19.8359,3.0700,16408.4856,1269.8749,371.9066,0.0000,0.0000,0.0000
143.3667,19.8356,3.0067,16440.1153,1271.6508,373.3044,0.0000,0.0000,0.0000
143.3833,19.8353,2.9433,16472.0919,1273.4619,374.7022,0.0000,0.0000,0.0000
143.4000,19.8350,2.8800,16504.4280,1275.3093,376.0999,0.0000,0.0000,0.0000
143.4167,19.8346,2.8167,16537.1348,1277.1944,377.4975,0.0000,0.0000,0.0000
143.4333,19.8343,2.7533,16570.2227,1279.1179,378.8951,0.0000,0.0000,0.0000
143.4500,19.8340,2.6900,16603.7008,1281.0808,380.2925,0.0000,0.0000,0.0000
143.4667,19.8336,2.6267,16637.5769,1283.0839,381.6899,0.0000,0.0000,0.0000
143.4833,19.8333,2.5633,16671.8581,1285.1278,383.0872,0.0000,0.0000,0.0000
143.5000,19.8329,2.5000,16706.5501,1287.2130,384.4844,0.0000,0.0000,0.0000
143.5167,19.8326,2.4367,16741.6579,1289.3401,385.8814,0.0000,0.0000,0.0000
143.5333,19.8322,2.3733,16777.1854,1291.5094,387.2784,0.0000,0.0000,0.0000
143.5500,19.8319,2.3100,16813.1357,1293.7212,388.6753,0.0000,0.0000,0.0000
143.5667,19.8315,2.2467,16849.5110,1295.9756,390.0722,0.0000,0.0000,0.0000
143.5833,19.8311,2.1833,16886.3130,1298.2728,391.4689,0.0000,0.0000,0.0000
143.6000,19.8308,2.1200,16923.5460,1300.6134,392.8655,0.0000,0.0000,0.0000
143.6167,19.8304,2.0567,16961.2165,1302.9980,394.2620,0.0000,0.0000,0.0000
143.6333,19.8300,1.9933,16999.3296,1305.4272,395.6584,0.0000,0.0000,0.0000
143.6500,19.8296,1.9300,17037.8878,1307.9010,397.0548,0.0000,0.0000,0.0000
143.6667,19.8292,1.8667,17076.8899,1310.4193,398.4510,0.0000,0.0000,0.0000
143.6833,19.8288,1.8033,17116.3327,1312.9816,399.8471,0.0000,0.0000,0.0000
143.7000,19.8284,1.7400,17156.2111,1315.5875,401.2432,0.0000,0.0000,0.0000
143.7167,19.8280,1.6767,17196.5193,1318.2362,402.6391,0.0000,0.0000,0.0000
143.7333,19.8276,1.6133,17237.2512,1320.9272,404.0349,0.0000,0.0000,0.0000
143.7500,19.8272,1.5500,17278.4007,1323.6598,405.4307,0.0000,0.0000,0.0000
143.7667,19.8268,1.4867,17319.9616,1326.4335,406.8263,0.0000,0.0000,0.0000
143.7833,19.8264,1.4233,17361.9279,1329.2476,408.2219,0.0000,0.0000,0.0000
143.8000,19.8260,1.3600,17404.2937,1332.1016,409.6174,0.0000,0.0000,0.0000
143.8167,19.8255,1.2967,17447.0530,1334.9948,411.0128,0.0000,0.0000,0.0000
143.8333,19.8251,1.2333,17490.1999,1337.9267,412.4081,0.0000,0.0000,0.0000
143.8500,19.8247,1.1700,17533.7285,1340.8966,413.8033,0.0000,0.0000,0.0000
143.8667,19.8242,1.1067,17577.6328,1343.9040,415.1985,0.0000,0.0000,0.0000
143.8833,19.8238,1.0433,17621.9068,1346.9483,416.5935,0.0000,0.0000,0.0000
143.9000,19.8233,0.9800,17666.5446,1350.0288,417.9885,0.0000,0.0000,0.0000
143.9167,19.8229,0.9167,17711.5401,1353.1450,419.3834,0.0000,0.0000,0.0000
143.9333,19.8224,0.8533,17756.8871,1356.2962,420.7782,0.0000,0.0000,0.0000
143.9500,19.8220,0.7900,17802.5796,1359.4818,422.1730,0.0000,0.0000,0.0000
143.9667,19.8215,0.7267,17848.6114,1362.7013,423.5676,0.0000,0.0000,0.0000
143.9833,19.8211,0.6633,17894.9763,1365.9539,424.9622,0.0000,0.0000,0.0000
144.0000,19.8206,0.6000,17941.6739,1369.2398,426.3567,0.0000,0.0000,0.0000
144.0167,19.8203,0.5800,17969.8862,1371.0684,426.7941,0.0000,0.0000,0.0000
144.0333,19.8201,0.5600,17994.1933,1372.9441,427.2324,0.0000,0.0000,0.0000
144.0500,19.8198,0.5400,18017.8618,1374.8540,427.6708,0.0000,0.0000,0.0000
144.0667,19.8196,0.5200,18041.6160,1376.7942,428.1092,0.0000,0.0000,0.0000
144.0833,19.8194,0.5000,18063.4734,1378.6874,428.5480,0.0000,0.0000,0.0000
144.1000,19.8191,0.4800,18086.5114,1380.5995,428.9865,0.0000,0.0000,0.0000
144.1167,19.8189,0.4600,18110.0285,1382.5321,429.4249,0.0000,0.0000,0.0000
144.1333,19.8187,0.4400,18133.8251,1384.4849,429.8633,0.0000,0.0000,0.0000
144.1500,19.8184,0.4200,18157.8383,1386.4569,430.3016,0.0000,0.0000,0.0000
144.1667,19.8182,0.4000,18182.0431,1388.4471,430.7399,0.0000,0.0000,0.0000
144.1833,19.8179,0.3800,18206.4254,1390.4545,431.1781,0.0000,0.0000,0.0000
144.2000,19.8177,0.3600,18230.9741,1392.4781,431.6163,0.0000,0.0000,0.0000
144.2167,19.8174,0.3400,18255.6797,1394.5171,432.0545,0.0000,0.0000,0.0000
144.2333,19.8172,0.3200,18280.5335,1396.5705,432.4926,0.0000,0.0000,0.0000
144.2500,19.8169,0.3000,18305.5271,1398.6376,432.9307,0.0000,0.0000,0.0000
144.2667,19.8167,0.2800,18330.6526,1400.7176,433.3688,0.0000,0.0000,0.0000
144.2833,19.8164,0.2600,18355.9025,1402.8097,433.8068,0.0000,0.0000,0.0000
144.3000,19.8162,0.2400,18381.2697,1404.9133,434.2449,0.0000,0.0000,0.0000
144.3167,19.8159,0.2200,18406.7472,1407.0277,434.6829,0.0000,0.0000,0.0000
144.3333,19.8157,0.2000,18432.3284,1409.1522,435.1208,0.0000,0.0000,0.0000
144.3500,19.8154,0.1800,18458.0070,1411.2862,435.5588,0.0000,0.0000,0.0000
144.3667,19.8152,0.1600,18483.7770,1413.4291,435.9967,0.0000,0.0000,0.0000
144.3833,19.8149,0.1400,18509.6325,1415.5803,436.4346,0.0000,0.0000,0.0000
144.4000,19.8146,0.1200,18535.5680,1417.7393,436.8725,0.0000,0.0000,0.0000
144.4167,19.8144,0.1000,18561.5781,1419.9055,437.3104,0.0000,0.0000,0.0000
144.4333,19.8141,0.0800,18587.6576,1422.0785,437.7482,0.0000,0.0000,0.0000
144.4500,19.8139,0.0600,18613.8017,1424.2578,438.1861,0.0000,0.0000,0.0000
144.4667,19.8136,0.0400,18640.0056,1426.4428,438.6239,0.0000,0.0000,0.0000
144.4833,19.8133,0.0200,18666.2650,1428.6333,439.0617,0.0000,0.0000,0.0000
144.5000,19.8131,-0.0000,18692.5754,1430.8286,439.4996,0.0000,0.0000,0.0000
144.5167,19.8128,-0.0200,18718.9327,1433.0285,439.9374,0.0000,0.0000,0.0000
144.5333,19.8125,-0.0400,18745.3330,1435.2326,440.3751,0.0000,0.0000,0.0000
144.5500,19.8123,-0.0600,18771.7726,1437.4404,440.8129,0.0000,0.0000,0.0000
144.5667,19.8120,-0.0800,18798.2478,1439.6516,441.2507,0.0000,0.0000,0.0000
144.5833,19.8118,-0.1000,18824.7553,1441.8659,441.6885,0.0000,0.0000,0.0000
144.6000,19.8115,-0.1200,18851.2917,1444.0830,442.1262,0.0000,0.0000,0.0000
144.6167,19.8112,-0.1400,18877.8540,1446.3026,442.5640,0.0000,0.0000,0.0000
144.6333,19.8110,-0.1600,18904.4391,1448.5243,443.0017,0.0000,0.0000,0.0000
144.6500,19.8107,-0.1800,18931.0443,1450.7479,443.4395,0.0000,0.0000,0.0000
144.6667,19.8104,-0.2000,18957.6668,1452.9731,443.8772,0.0000,0.0000,0.0000
144.6833,19.8102,-0.2200,18984.3040,1455.1997,444.3150,0.0000,0.0000,0.0000
144.7000,19.8099,-0.2400,19010.9535,1457.4275,444.7527,0.0000,0.0000,0.0000
144.7167,19.8096,-0.2600,19037.6131,1459.6561,445.1904,0.0000,0.0000,0.0000
144.7333,19.8094,-0.2800,19064.2804,1461.8854,445.6281,0.0000,0.0000,0.0000
144.7500,19.8091,-0.3000,19090.9533,1464.1152,446.0659,0.0000,0.0000,0.0000
144.7667,19.8088,-0.3200,19117.6299,1466.3453,446.5036,0.0000,0.0000,0.0000
144.7833,19.8086,-0.3400,19144.3082,1468.5755,446.9413,0.0000,0.0000,0.0000
144.8000,19.8083,-0.3600,19170.9865,1470.8056,447.3791,0.0000,0.0000,0.0000
144.8167,19.8080,-0.3800,19197.6631,1473.0354,447.8168,0.0000,0.0000,0.0000
144.8333,19.8078,-0.4000,19224.3363,1475.2649,448.2545,0.0000,0.0000,0.0000
144.8500,19.8075,-0.4200,19251.0045,1477.4938,448.6923,0.0000,0.0000,0.0000
144.8667,19.8072,-0.4400,19277.6664,1479.7220,449.1300,0.0000,0.0000,0.0000
144.8833,19.8070,-0.4600,19304.3206,1481.9493,449.5677,0.0000,0.0000,0.0000
144.9000,19.8067,-0.4800,19330.9657,1484.1757,450.0055,0.0000,0.0000,0.0000
144.9167,19.8064,-0.5000,19357.6005,1486.4010,450.4432,0.0000,0.0000,0.0000
144.9333,19.8062,-0.5200,19384.2239,1488.6252,450.8809,0.0000,0.0000,0.0000
144.9500,19.8059,-0.5400,19410.8347,1490.8480,451.3187,0.0000,0.0000,0.0000
144.9667,19.8056,-0.5600,19437.4320,1493.0694,451.7564,0.0000,0.0000,0.0000
144.9833,19.8054,-0.5800,19464.0148,1495.2893,452.1942,0.0000,0.0000,0.0000
145.0000,19.8051,-0.6000,19490.5821,1497.5076,452.6319,0.0000,0.0000,0.0000
145.0167,19.8049,-0.6083,19512.3847,1499.3215,452.8119,0.0000,0.0000,0.0000
145.0333,19.8047,-0.6167,19532.8670,1501.1377,452.9922,0.0000,0.0000,0.0000
145.0500,19.8045,-0.6250,19552.9688,1502.9525,453.1726,0.0000,0.0000,0.0000
145.0667,19.8043,-0.6333,19572.9446,1504.7647,453.3531,0.0000,0.0000,0.0000
145.0833,19.8041,-0.6417,19592.8613,1506.5735,453.5335,0.0000,0.0000,0.0000
145.1000,19.8039,-0.6500,19612.7333,1508.3784,453.7139,0.0000,0.0000,0.0000
145.1167,19.8037,-0.6583,19632.5608,1510.1788,453.8944,0.0000,0.0000,0.0000
145.1333,19.8035,-0.6667,19652.3399,1511.9742,454.0749,0.0000,0.0000,0.0000
145.1500,19.8033,-0.6750,19672.0653,1513.7641,454.2553,0.0000,0.0000,0.0000
145.1667,19.8031,-0.6833,19691.7317,1515.5477,454.4358,0.0000,0.0000,0.0000
145.1833,19.8029,-0.6917,19711.3337,1517.3247,454.6163,0.0000,0.0000,0.0000
145.2000,19.8027,-0.7000,19730.8661,1519.0945,454.7969,0.0000,0.0000,0.0000
145.2167,19.8025,-0.7083,19750.3240,1520.8567,454.9774,0.0000,0.0000,0.0000
145.2333,19.8023,-0.7167,19769.7029,1522.6107,455.1579,0.0000,0.0000,0.0000
145.2500,19.8021,-0.7250,19788.9986,1524.3562,455.3385,0.0000,0.0000,0.0000
145.2667,19.8019,-0.7333,19808.2070,1526.0928,455.5191,0.0000,0.0000,0.0000
145.2833,19.8017,-0.7417,19827.3247,1527.8201,455.6997,0.0000,0.0000,0.0000
145.3000,19.8015,-0.7500,19846.3483,1529.5379,455.8803,0.0000,0.0000,0.0000
145.3167,19.8013,-0.7583,19865.2750,1531.2459,456.0610,0.0000,0.0000,0.0000
145.3333,19.8012,-0.7667,19884.1020,1532.9437,456.2417,0.0000,0.0000,0.0000
145.3500,19.8010,-0.7750,19902.8271,1534.6313,456.4224,0.0000,0.0000,0.0000
145.3667,19.8008,-0.7833,19921.4481,1536.3083,456.6031,0.0000,0.0000,0.0000
145.3833,19.8006,-0.7917,19939.9632,1537.9746,456.7838,0.0000,0.0000,0.0000
145.4000,19.8004,-0.8000,19958.3709,1539.6301,456.9646,0.0000,0.0000,0.0000
145.4167,19.8002,-0.8083,19976.6698,1541.2747,457.1454,0.0000,0.0000,0.0000
145.4333,19.8001,-0.8167,19994.8588,1542.9082,457.3262,0.0000,0.0000,0.0000
145.4500,19.7999,-0.8250,20012.9370,1544.5305,457.5071,0.0000,0.0000,0.0000
145.4667,19.7997,-0.8333,20030.9036,1546.1416,457.6879,0.0000,0.0000,0.0000
145.4833,19.7995,-0.8417,20048.7582,1547.7415,457.8688,0.0000,0.0000,0.0000
145.5000,19.7993,-0.8500,20066.5004,1549.3301,458.0497,0.0000,0.0000,0.0000
145.5167,19.7992,-0.8583,20084.1299,1550.9074,458.2307,0.0000,0.0000,0.0000
145.5333,19.7990,-0.8667,20101.6467,1552.4734,458.4117,0.0000,0.0000,0.0000
145.5500,19.7988,-0.8750,20119.0509,1554.0281,458.5926,0.0000,0.0000,0.0000
145.5667,19.7986,-0.8833,20136.3426,1555.5715,458.7737,0.0000,0.0000,0.0000
145.5833,19.7985,-0.8917,20153.5222,1557.1038,458.9547,0.0000,0.0000,0.0000
145.6000,19.7983,-0.9000,20170.5900,1558.6248,459.1358,0.0000,0.0000,0.0000
145.6167,19.7981,-0.9083,20187.5467,1560.1347,459.3169,0.0000,0.0000,0.0000
145.6333,19.7980,-0.9167,20204.3928,1561.6336,459.4980,0.0000,0.0000,0.0000
145.6500,19.7978,-0.9250,20221.1290,1563.1215,459.6791,0.0000,0.0000,0.0000
145.6667,19.7977,-0.9333,20232.9967,1564.3355,459.8613,0.0000,0.0000,0.0000
145.6833,19.7975,-0.9417,20245.9503,1565.5378,460.0433,0.0000,0.0000,0.0000
145.7000,19.7974,-0.9500,20259.3423,1566.7313,460.2252,0.0000,0.0000,0.0000
145.7167,19.7973,-0.9583,20272.8897,1567.9173,460.4070,0.0000,0.0000,0.0000
145.7333,19.7971,-0.9667,20286.4696,1569.0966,460.5889,0.0000,0.0000,0.0000
145.7500,19.7970,-0.9750,20300.0286,1570.2694,460.7707,0.0000,0.0000,0.0000
145.7667,19.7969,-0.9833,20313.5439,1571.4360,460.9526,0.0000,0.0000,0.0000
145.7833,19.7967,-0.9917,20327.0060,1572.5965,461.1345,0.0000,0.0000,0.0000
145.8000,19.7966,-1.0000,20340.4115,1573.7510,461.3163,0.0000,0.0000,0.0000
145.8167,19.7965,-1.0083,20353.7592,1574.8996,461.4982,0.0000,0.0000,0.0000
145.8333,19.7963,-1.0167,20367.0493,1576.0424,461.6801,0.0000,0.0000,0.0000
145.8500,19.7962,-1.0250,20380.2822,1577.1796,461.8620,0.0000,0.0000,0.0000
145.8667,19.7961,-1.0333,20393.4589,1578.3111,462.0440,0.0000,0.0000,0.0000
145.8833,19.7959,-1.0417,20406.5801,1579.4372,462.2259,0.0000,0.0000,0.0000
145.9000,19.7958,-1.0500,20419.6467,1580.5579,462.4079,0.0000,0.0000,0.0000
145.9167,19.7957,-1.0583,20432.6596,1581.6732,462.5898,0.0000,0.0000,0.0000
145.9333,19.7955,-1.0667,20445.6199,1582.7834,462.7718,0.0000,0.0000,0.0000
145.9500,19.7954,-1.0750,20458.5282,1583.8884,462.9538,0.0000,0.0000,0.0000
145.9667,19.7953,-1.0833,20471.3857,1584.9884,463.1358,0.0000,0.0000,0.0000
145.9833,19.7952,-1.0917,20484.1930,1586.0834,463.3178,0.0000,0.0000,0.0000
146.0000,19.7950,-1.1000,20496.9512,1587.1735,463.4998,0.0000,0.0000,0.0000
146.0167,19.7948,-1.1283,20522.6487,1589.1759,464.1226,0.0000,0.0000,0.0000
146.0333,19.7945,-1.1567,20548.6958,1591.1714,464.7454,0.0000,0.0000,0.0000
146.0500,19.7943,-1.1850,20574.7958,1593.1606,465.3681,0.0000,0.0000,0.0000
146.0667,19.7940,-1.2133,20600.8683,1595.1439,465.9908,0.0000,0.0000,0.0000
146.0833,19.7937,-1.2417,20626.8940,1597.1217,466.6135,0.0000,0.0000,0.0000
146.1000,19.7935,-1.2700,20652.8715,1599.0947,467.2362,0.0000,0.0000,0.0000
146.1167,19.7932,-1.2983,20678.8049,1601.0635,467.8590,0.0000,0.0000,0.0000
146.1333,19.7930,-1.3267,20704.7000,1603.0286,468.4817,0.0000,0.0000,0.0000
146.1500,19.7927,-1.3550,20730.5631,1604.9909,469.1045,0.0000,0.0000,0.0000
146.1667,19.7924,-1.3833,20756.4008,1606.9508,469.7273,0.0000,0.0000,0.0000
146.1833,19.7922,-1.4117,20782.2195,1608.9091,470.3500,0.0000,0.0000,0.0000
146.2000,19.7919,-1.4400,20808.0255,1610.8664,470.9728,0.0000,0.0000,0.0000
146.2167,19.7917,-1.4683,20833.8247,1612.8233,471.5956,0.0000,0.0000,0.0000
146.2333,19.7914,-1.4967,20859.6229,1614.7803,472.2184,0.0000,0.0000,0.0000
146.2500,19.7911,-1.5250,20885.4254,1616.7380,472.8411,0.0000,0.0000,0.0000
146.2667,19.7909,-1.5533,20911.2372,1618.6968,473.4639,0.0000,0.0000,0.0000
146.2833,19.7906,-1.5817,20937.0632,1620.6572,474.0867,0.0000,0.0000,0.0000
146.3000,19.7904,-1.6100,20962.9076,1622.6196,474.7094,0.0000,0.0000,0.0000
146.3167,19.7901,-1.6383,20988.7747,1624.5845,475.3322,0.0000,0.0000,0.0000
146.3333,19.7899,-1.6667,21014.6681,1626.5522,475.9550,0.0000,0.0000,0.0000
146.3500,19.7896,-1.6950,21040.5914,1628.5231,476.5777,0.0000,0.0000,0.0000
146.3667,19.7893,-1.7233,21066.5477,1630.4973,477.2005,0.0000,0.0000,0.0000
146.3833,19.7891,-1.7517,21092.5401,1632.4754,477.8232,0.0000,0.0000,0.0000
146.4000,19.7888,-1.7800,21118.5712,1634.4574,478.4459,0.0000,0.0000,0.0000
146.4167,19.7886,-1.8083,21144.6434,1636.4436,479.0686,0.0000,0.0000,0.0000
146.4333,19.7883,-1.8367,21170.7589,1638.4343,479.6913,0.0000,0.0000,0.0000
146.4500,19.7880,-1.8650,21196.9198,1640.4295,480.3140,0.0000,0.0000,0.0000
146.4667,19.7878,-1.8933,21223.1279,1642.4296,480.9367,0.0000,0.0000,0.0000
146.4833,19.7875,-1.9217,21249.3847,1644.4347,481.5594,0.0000,0.0000,0.0000
146.5000,19.7872,-1.9500,21275.6916,1646.4448,482.1820,0.0000,0.0000,0.0000
146.5167,19.7870,-1.9783,21302.0499,1648.4601,482.8047,0.0000,0.0000,0.0000
146.5333,19.7867,-2.0067,21328.4608,1650.4808,483.4273,0.0000,0.0000,0.0000
146.5500,19.7865,-2.0350,21354.9250,1652.5068,484.0500,0.0000,0.0000,0.0000
146.5667,19.7862,-2.0633,21381.4435,1654.5383,484.6726,0.0000,0.0000,0.0000
146.5833,19.7859,-2.0917,21408.0168,1656.5753,485.2952,0.0000,0.0000,0.0000
146.6000,19.7857,-2.1200,21434.6456,1658.6180,485.9178,0.0000,0.0000,0.0000
146.6167,19.7854,-2.1483,21461.3302,1660.6662,486.5404,0.0000,0.0000,0.0000
146.6333,19.7851,-2.1767,21488.0710,1662.7200,487.1629,0.0000,0.0000,0.0000
146.6500,19.7849,-2.2050,21514.8682,1664.7796,487.7855,0.0000,0.0000,0.0000
146.6667,19.7846,-2.2333,21541.7219,1666.8447,488.4080,0.0000,0.0000,0.0000
146.6833,19.7843,-2.2617,21568.6321,1668.9156,489.0305,0.0000,0.0000,0.0000
146.7000,19.7840,-2.2900,21595.5989,1670.9921,489.6531,0.0000,0.0000,0.0000
146.7167,19.7838,-2.3183,21622.6221,1673.0743,490.2756,0.0000,0.0000,0.0000
146.7333,19.7835,-2.3467,21649.7015,1675.1621,490.8981,0.0000,0.0000,0.0000
146.7500,19.7832,-2.3750,21676.8370,1677.2555,491.5205,0.0000,0.0000,0.0000
146.7667,19.7830,-2.4033,21704.0281,1679.3545,492.1430,0.0000,0.0000,0.0000
146.7833,19.7827,-2.4317,21731.2746,1681.4590,492.7655,0.0000,0.0000,0.0000
146.8000,19.7824,-2.4600,21758.5760,1683.5690,493.3879,0.0000,0.0000,0.0000
146.8167,19.7821,-2.4883,21785.9319,1685.6845,494.0103,0.0000,0.0000,0.0000
146.8333,19.7819,-2.5167,21813.3419,1687.8053,494.6328,0.0000,0.0000,0.0000
146.8500,19.7816,-2.5450,21840.8054,1689.9315,495.2552,0.0000,0.0000,0.0000
146.8667,19.7813,-2.5733,21868.3218,1692.0629,495.8776,0.0000,0.0000,0.0000
146.8833,19.7810,-2.6017,21895.8907,1694.1996,496.4999,0.0000,0.0000,0.0000
146.9000,19.7808,-2.6300,21923.5112,1696.3415,497.1223,0.0000,0.0000,0.0000
146.9167,19.7805,-2.6583,21951.1830,1698.4884,497.7447,0.0000,0.0000,0.0000
146.9333,19.7802,-2.6867,21978.9051,1700.6404,498.3670,0.0000,0.0000,0.0000
146.9500,19.7799,-2.7150,22006.6771,1702.7974,498.9894,0.0000,0.0000,0.0000
146.9667,19.7797,-2.7433,22034.4983,1704.9592,499.6117,0.0000,0.0000,0.0000
146.9833,19.7794,-2.7717,22062.3678,1707.1259,500.2340,0.0000,0.0000,0.0000
147.0000,19.7791,-2.8000,22090.2850,1709.2973,500.8563,0.0000,0.0000,0.0000
147.0167,19.7790,-2.7900,22102.6349,1710.1480,500.6317,0.0000,0.0000,0.0000
147.0333,19.7789,-2.7800,22110.7423,1711.0165,500.4081,0.0000,0.0000,0.0000
147.0500,19.7788,-2.7700,22117.7026,1711.8911,500.1848,0.0000,0.0000,0.0000
147.0667,19.7788,-2.7600,22124.3580,1712.7680,499.9615,0.0000,0.0000,0.0000
147.0833,19.7787,-2.7500,22130.9323,1713.6456,499.7382,0.0000,0.0000,0.0000
147.1000,19.7786,-2.7400,22137.4785,1714.5223,499.5149,0.0000,0.0000,0.0000
147.1167,19.7786,-2.7300,22144.0021,1715.3970,499.2916,0.0000,0.0000,0.0000
147.1333,19.7785,-2.7200,22150.4950,1716.2683,499.0684,0.0000,0.0000,0.0000
147.1500,19.7784,-2.7100,22156.9451,1717.1348,498.8451,0.0000,0.0000,0.0000
147.1667,19.7784,-2.7000,22163.3395,1717.9951,498.6219,0.0000,0.0000,0.0000
147.1833,19.7783,-2.6900,22169.6652,1718.8480,498.3986,0.0000,0.0000,0.0000
147.2000,19.7782,-2.6800,22175.9097,1719.6922,498.1754,0.0000,0.0000,0.0000
147.2167,19.7782,-2.6700,22182.0608,1720.5266,497.9522,0.0000,0.0000,0.0000
147.2333,19.7781,-2.6600,22188.1073,1721.3500,497.7291,0.0000,0.0000,0.0000
147.2500,19.7781,-2.6500,22194.0386,1722.1615,497.5059,0.0000,0.0000,0.0000
147.2667,19.7780,-2.6400,22199.8449,1722.9600,497.2828,0.0000,0.0000,0.0000
147.2833,19.7779,-2.6300,22205.5170,1723.7446,497.0598,0.0000,0.0000,0.0000
147.3000,19.7779,-2.6200,22211.0465,1724.5147,496.8367,0.0000,0.0000,0.0000
147.3167,19.7778,-2.6100,22216.4260,1725.2694,496.6137,0.0000,0.0000,0.0000
147.3333,19.7778,-2.6000,22219.5860,1725.7627,496.3912,0.0000,0.0000,0.0000
147.3500,19.7778,-2.5900,22222.4358,1726.2457,496.1687,0.0000,0.0000,0.0000
147.3667,19.7777,-2.5800,22225.0887,1726.7182,495.9463,0.0000,0.0000,0.0000
147.3833,19.7777,-2.5700,22227.5944,1727.1799,495.7239,0.0000,0.0000,0.0000
147.4000,19.7777,-2.5600,22229.9743,1727.6308,495.5016,0.0000,0.0000,0.0000
147.4167,19.7777,-2.5500,22232.2368,1728.0707,495.2792,0.0000,0.0000,0.0000
147.4333,19.7777,-2.5400,22234.3847,1728.4993,495.0569,0.0000,0.0000,0.0000
147.4500,19.7776,-2.5300,22236.4185,1728.9165,494.8347,0.0000,0.0000,0.0000
147.4667,19.7776,-2.5200,22238.3372,1729.3221,494.6124,0.0000,0.0000,0.0000
147.4833,19.7776,-2.5100,22240.1398,1729.7160,494.3902,0.0000,0.0000,0.0000
147.5000,19.7776,-2.5000,22241.8247,1730.0980,494.1680,0.0000,0.0000,0.0000
147.5167,19.7776,-2.4900,22243.3907,1730.4680,493.9458,0.0000,0.0000,0.0000
147.5333,19.7776,-2.4800,22244.8365,1730.8258,493.7237,0.0000,0.0000,0.0000
147.5500,19.7775,-2.4700,22246.1609,1731.1714,493.5016,0.0000,0.0000,0.0000
147.5667,19.7775,-2.4600,22247.3629,1731.5046,493.2795,0.0000,0.0000,0.0000
147.5833,19.7775,-2.4500,22248.4415,1731.8254,493.0574,0.0000,0.0000,0.0000
147.6000,19.7775,-2.4400,22249.3958,1732.1337,492.8354,0.0000,0.0000,0.0000
147.6167,19.7775,-2.4300,22250.2253,1732.4294,492.6134,0.0000,0.0000,0.0000
147.6333,19.7775,-2.4200,22250.9292,1732.7125,492.3914,0.0000,0.0000,0.0000
147.6500,19.7775,-2.4100,22251.5072,1732.9830,492.1694,0.0000,0.0000,0.0000
147.6667,19.7775,-2.4000,22251.9589,1733.2407,491.9475,0.0000,0.0000,0.0000
147.6833,19.7775,-2.3900,22252.2840,1733.4857,491.7256,0.0000,0.0000,0.0000
147.7000,19.7775,-2.3800,22253.3170,1733.8889,491.5036,0.0000,0.0000,0.0000
147.7167,19.7775,-2.3700,22253.8420,1734.1039,491.2816,0.0000,0.0000,0.0000
147.7333,19.7775,-2.3600,22253.9681,1734.3069,491.0598,0.0000,0.0000,0.0000
147.7500,19.7775,-2.3500,22253.8472,1734.4974,490.8380,0.0000,0.0000,0.0000
147.7667,19.7775,-2.3400,22253.5466,1734.6754,490.6162,0.0000,0.0000,0.0000
147.7833,19.7775,-2.3300,22253.0964,1734.8409,490.3945,0.0000,0.0000,0.0000
147.8000,19.7775,-2.3200,22253.0062,1735.1419,490.1727,0.0000,0.0000,0.0000
147.8167,19.7775,-2.3100,22252.8041,1735.2775,489.9509,0.0000,0.0000,0.0000
147.8333,19.7775,-2.3000,22252.1695,1735.4015,489.7292,0.0000,0.0000,0.0000
147.8500,19.7775,-2.2900,22251.2754,1735.5135,489.5076,0.0000,0.0000,0.0000
147.8667,19.7775,-2.2800,22250.1982,1735.6134,489.2860,0.0000,0.0000,0.0000
147.8833,19.7775,-2.2700,22249.1917,1735.8306,489.0644,0.0000,0.0000,0.0000
147.9000,19.7775,-2.2600,22248.3956,1735.9012,488.8428,0.0000,0.0000,0.0000
147.9167,19.7775,-2.2500,22247.1408,1735.9609,488.6212,0.0000,0.0000,0.0000
147.9333,19.7775,-2.2400,22245.6174,1736.0090,488.3998,0.0000,0.0000,0.0000
147.9500,19.7776,-2.2300,22243.9099,1736.0456,488.1783,0.0000,0.0000,0.0000
147.9667,19.7776,-2.2200,22242.0049,1736.1821,487.9569,0.0000,0.0000,0.0000
147.9833,19.7776,-2.2100,22240.6338,1736.1903,487.7354,0.0000,0.0000,0.0000
148.0000,19.7776,-2.2000,22238.7815,1736.1881,487.5140,0.0000,0.0000,0.0000
148.0167,19.7776,-2.2000,22239.7989,1736.5244,487.5138,0.0000,0.0000,0.0000
148.0333,19.7776,-2.2000,22242.0174,1736.8453,487.5133,0.0000,0.0000,0.0000
148.0500,19.7776,-2.2000,22244.7048,1737.1535,487.5127,0.0000,0.0000,0.0000
148.0667,19.7775,-2.2000,22247.5408,1737.4506,487.5120,0.0000,0.0000,0.0000
148.0833,19.7775,-2.2000,22250.3863,1737.7373,487.5114,0.0000,0.0000,0.0000
148.1000,19.7775,-2.2000,22253.1819,1738.0141,487.5108,0.0000,0.0000,0.0000
148.1167,19.7774,-2.2000,22255.9037,1738.2816,487.5102,0.0000,0.0000,0.0000
148.1333,19.7774,-2.2000,22258.5432,1738.5401,487.5096,0.0000,0.0000,0.0000
148.1500,19.7774,-2.2000,22261.0991,1738.7901,487.5090,0.0000,0.0000,0.0000
148.1667,19.7774,-2.2000,22263.5729,1739.0319,487.5085,0.0000,0.0000,0.0000
148.1833,19.7773,-2.2000,22265.9678,1739.2661,487.5080,0.0000,0.0000,0.0000
148.2000,19.7773,-2.2000,22268.2875,1739.4930,487.5074,0.0000,0.0000,0.0000
148.2167,19.7773,-2.2000,22270.5358,1739.7130,487.5069,0.0000,0.0000,0.0000
148.2333,19.7773,-2.2000,22272.7167,1739.9266,487.5065,0.0000,0.0000,0.0000
148.2500,19.7773,-2.2000,22274.8343,1740.1341,487.5060,0.0000,0.0000,0.0000
148.2667,19.7772,-2.2000,22276.8922,1740.3359,487.5055,0.0000,0.0000,0.0000
148.2833,19.7772,-2.2000,22278.8944,1740.5324,487.5051,0.0000,0.0000,0.0000
148.3000,19.7772,-2.2000,22280.8444,1740.7240,487.5047,0.0000,0.0000,0.0000
148.3167,19.7772,-2.2000,22282.7458,1740.9109,487.5042,0.0000,0.0000,0.0000
148.3333,19.7772,-2.2000,22284.6019,1741.0936,487.5038,0.0000,0.0000,0.0000
148.3500,19.7771,-2.2000,22286.4158,1741.2723,487.5034,0.0000,0.0000,0.0000
148.3667,19.7771,-2.2000,22288.1908,1741.4472,487.5030,0.0000,0.0000,0.0000
148.3833,19.7771,-2.2000,22289.9297,1741.6188,487.5026,0.0000,0.0000,0.0000
148.4000,19.7771,-2.2000,22291.6354,1741.7873,487.5023,0.0000,0.0000,0.0000
148.4167,19.7771,-2.2000,22293.3104,1741.9529,487.5019,0.0000,0.0000,0.0000
148.4333,19.7771,-2.2000,22294.9574,1742.1159,487.5015,0.0000,0.0000,0.0000
148.4500,19.7770,-2.2000,22296.5786,1742.2764,487.5012,0.0000,0.0000,0.0000
148.4667,19.7770,-2.2000,22298.1763,1742.4348,487.5008,0.0000,0.0000,0.0000
148.4833,19.7770,-2.2000,22299.7527,1742.5912,487.5005,0.0000,0.0000,0.0000
148.5000,19.7770,-2.2000,22301.3098,1742.7458,487.5001,0.0000,0.0000,0.0000
148.5167,19.7770,-2.2000,22302.8495,1742.8988,487.4998,0.0000,0.0000,0.0000
148.5333,19.7770,-2.2000,22304.3735,1743.0504,487.4994,0.0000,0.0000,0.0000
148.5500,19.7769,-2.2000,22305.8835,1743.2007,487.4991,0.0000,0.0000,0.0000
148.5667,19.7769,-2.2000,22307.3811,1743.3498,487.4988,0.0000,0.0000,0.0000
148.5833,19.7769,-2.2000,22308.8677,1743.4980,487.4984,0.0000,0.0000,0.0000
148.6000,19.7769,-2.2000,22310.3447,1743.6453,487.4981,0.0000,0.0000,0.0000
148.6167,19.7769,-2.2000,22311.8134,1743.7918,487.4978,0.0000,0.0000,0.0000
148.6333,19.7769,-2.2000,22313.2748,1743.9378,487.4975,0.0000,0.0000,0.0000
148.6500,19.7769,-2.2000,22314.7302,1744.0832,487.4971,0.0000,0.0000,0.0000
148.6667,19.7768,-2.2000,22316.1805,1744.2281,487.4968,0.0000,0.0000,0.0000
148.6833,19.7768,-2.2000,22317.6266,1744.3727,487.4965,0.0000,0.0000,0.0000
148.7000,19.7768,-2.2000,22319.0693,1744.5171,487.4962,0.0000,0.0000,0.0000
148.7167,19.7768,-2.2000,22320.5094,1744.6612,487.4959,0.0000,0.0000,0.0000
148.7333,19.7768,-2.2000,22321.9477,1744.8052,487.4955,0.0000,0.0000,0.0000
148.7500,19.7768,-2.2000,22323.3846,1744.9491,487.4952,0.0000,0.0000,0.0000
148.7667,19.7768,-2.2000,22324.8208,1745.0930,487.4949,0.0000,0.0000,0.0000
148.7833,19.7767,-2.2000,22326.2566,1745.2368,487.4946,0.0000,0.0000,0.0000
148.8000,19.7767,-2.2000,22327.6926,1745.3807,487.4943,0.0000,0.0000,0.0000
148.8167,19.7767,-2.2000,22329.1290,1745.5247,487.4939,0.0000,0.0000,0.0000
148.8333,19.7767,-2.2000,22330.5662,1745.6688,487.4936,0.0000,0.0000,0.0000
148.8500,19.7767,-2.2000,22332.0043,1745.8130,487.4933,0.0000,0.0000,0.0000
148.8667,19.7767,-2.2000,22333.4434,1745.9573,487.4930,0.0000,0.0000,0.0000
148.8833,19.7767,-2.2000,22334.8837,1746.1017,487.4927,0.0000,0.0000,0.0000
148.9000,19.7766,-2.2000,22336.3252,1746.2462,487.4923,0.0000,0.0000,0.0000
148.9167,19.7766,-2.2000,22337.7677,1746.3908,487.4920,0.0000,0.0000,0.0000
148.9333,19.7766,-2.2000,22339.2113,1746.5356,487.4917,0.0000,0.0000,0.0000
148.9500,19.7766,-2.2000,22340.6556,1746.6804,487.4914,0.0000,0.0000,0.0000
148.9667,19.7766,-2.2000,22342.1005,1746.8252,487.4911,0.0000,0.0000,0.0000
148.9833,19.7766,-2.2000,22343.5455,1746.9700,487.4907,0.0000,0.0000,0.0000
149.0000,19.7766,-2.2000,22344.9902,1747.1147,487.4904,0.0000,0.0000,0.0000
149.0167,19.7765,-2.2000,22346.4340,1747.2593,487.4901,0.0000,0.0000,0.0000
149.0333,19.7765,-2.2000,22347.8761,1747.4037,487.4898,0.0000,0.0000,0.0000
149.0500,19.7765,-2.2000,22349.3156,1747.5477,487.4895,0.0000,0.0000,0.0000
149.0667,19.7765,-2.2000,22350.7512,1747.6912,487.4891,0.0000,0.0000,0.0000
149.0833,19.7765,-2.2000,22352.1815,1747.8341,487.4888,0.0000,0.0000,0.0000
149.1000,19.7765,-2.2000,22353.6045,1747.9761,487.4885,0.0000,0.0000,0.0000
149.1167,19.7764,-2.2000,22355.0178,1748.1169,487.4882,0.0000,0.0000,0.0000
149.1333,19.7764,-2.2000,22356.4184,1748.2561,487.4879,0.0000,0.0000,0.0000
149.1500,19.7764,-2.2000,22357.8019,1748.3932,487.4876,0.0000,0.0000,0.0000
149.1667,19.7764,-2.2000,22359.1619,1748.5272,487.4873,0.0000,0.0000,0.0000
149.1833,19.7764,-2.2000,22360.4869,1748.6560,487.4870,0.0000,0.0000,0.0000
149.2000,19.7764,-2.2000,22361.7440,1748.7745,487.4867,0.0000,0.0000,0.0000
149.2167,19.7764,-2.2000,22362.9351,1748.8969,487.4864,0.0000,0.0000,0.0000
149.2333,19.7764,-2.2000,22364.1658,1749.0225,487.4862,0.0000,0.0000,0.0000
149.2500,19.7763,-2.2000,22365.4248,1749.1505,487.4859,0.0000,0.0000,0.0000
149.2667,19.7763,-2.2000,22366.7069,1749.2805,487.4856,0.0000,0.0000,0.0000
149.2833,19.7763,-2.2000,22368.0086,1749.4124,487.4853,0.0000,0.0000,0.0000
149.3000,19.7763,-2.2000,22369.3274,1749.5457,487.4850,0.0000,0.0000,0.0000
149.3167,19.7763,-2.2000,22370.6614,1749.6805,487.4847,0.0000,0.0000,0.0000
149.3333,19.7763,-2.2000,22372.0091,1749.8166,487.4844,0.0000,0.0000,0.0000
149.3500,19.7763,-2.2000,22373.3692,1749.9537,487.4841,0.0000,0.0000,0.0000
149.3667,19.7763,-2.2000,22374.7405,1750.0920,487.4838,0.0000,0.0000,0.0000
149.3833,19.7762,-2.2000,22376.1220,1750.2312,487.4835,0.0000,0.0000,0.0000
149.4000,19.7762,-2.2000,22377.5129,1750.3712,487.4832,0.0000,0.0000,0.0000
149.4167,19.7762,-2.2000,22378.9123,1750.5121,487.4829,0.0000,0.0000,0.0000
149.4333,19.7762,-2.2000,22380.3195,1750.6537,487.4826,0.0000,0.0000,0.0000
149.4500,19.7762,-2.2000,22381.7339,1750.7960,487.4823,0.0000,0.0000,0.0000
149.4667,19.7762,-2.2000,22383.1548,1750.9389,487.4820,0.0000,0.0000,0.0000
149.4833,19.7762,-2.2000,22384.5816,1751.0823,487.4816,0.0000,0.0000,0.0000
149.5000,19.7761,-2.2000,22386.0138,1751.2262,487.4813,0.0000,0.0000,0.0000
149.5167,19.7761,-2.2000,22387.4509,1751.3706,487.4810,0.0000,0.0000,0.0000
149.5333,19.7761,-2.2000,22388.8925,1751.5154,487.4807,0.0000,0.0000,0.0000
149.5500,19.7761,-2.2000,22390.3380,1751.6606,487.4804,0.0000,0.0000,0.0000
149.5667,19.7761,-2.2000,22391.7870,1751.8060,487.4800,0.0000,0.0000,0.0000
149.5833,19.7761,-2.2000,22393.2393,1751.9518,487.4797,0.0000,0.0000,0.0000
149.6000,19.7761,-2.2000,22394.6943,1752.0978,487.4794,0.0000,0.0000,0.0000
149.6167,19.7760,-2.2000,22396.1518,1752.2441,487.4791,0.0000,0.0000,0.0000
149.6333,19.7760,-2.2000,22397.6114,1752.3905,487.4788,0.0000,0.0000,0.0000
149.6500,19.7760,-2.2000,22399.0729,1752.5371,487.4784,0.0000,0.0000,0.0000
149.6667,19.7760,-2.2000,22400.5358,1752.6839,487.4781,0.0000,0.0000,0.0000
149.6833,19.7760,-2.2000,22402.0000,1752.8307,487.4778,0.0000,0.0000,0.0000
149.7000,19.7760,-2.2000,22403.4651,1752.9776,487.4775,0.0000,0.0000,0.0000
149.7167,19.7760,-2.2000,22404.9310,1753.1246,487.4771,0.0000,0.0000,0.0000
149.7333,19.7759,-2.2000,22406.3974,1753.2716,487.4768,0.0000,0.0000,0.0000
149.7500,19.7759,-2.2000,22407.8640,1753.4186,487.4765,0.0000,0.0000,0.0000
149.7667,19.7759,-2.2000,22409.3307,1753.5656,487.4762,0.0000,0.0000,0.0000
149.7833,19.7759,-2.2000,22410.7973,1753.7125,487.4758,0.0000,0.0000,0.0000
149.8000,19.7759,-2.2000,22412.2635,1753.8594,487.4755,0.0000,0.0000,0.0000
149.8167,19.7759,-2.2000,22413.7292,1754.0063,487.4752,0.0000,0.0000,0.0000
149.8333,19.7758,-2.2000,22415.1942,1754.1531,487.4749,0.0000,0.0000,0.0000
149.8500,19.7758,-2.2000,22416.6583,1754.2997,487.4745,0.0000,0.0000,0.0000
149.8667,19.7758,-2.2000,22418.1215,1754.4463,487.4742,0.0000,0.0000,0.0000
149.8833,19.7758,-2.2000,22419.5835,1754.5927,487.4739,0.0000,0.0000,0.0000
149.9000,19.7758,-2.2000,22421.0442,1754.7390,487.4736,0.0000,0.0000,0.0000
149.9167,19.7758,-2.2000,22422.5036,1754.8852,487.4732,0.0000,0.0000,0.0000
149.9333,19.7758,-2.2000,22423.9613,1755.0312,487.4729,0.0000,0.0000,0.0000
149.9500,19.7757,-2.2000,22425.4175,1755.1770,487.4726,0.0000,0.0000,0.0000
149.9667,19.7757,-2.2000,22426.8719,1755.3226,487.4723,0.0000,0.0000,0.0000
149.9833,19.7757,-2.2000,22428.3244,1755.4681,487.4719,0.0000,0.0000,0.0000
150.0000,19.7757,-2.2000,22429.7750,1755.6133,487.4716,0.0000,0.0000,0.0000
150.0167,19.7757,-2.1817,22425.3688,1755.1030,487.0659,3.7872,0.0000,0.0000
150.0333,19.7758,-2.1633,22416.3858,1754.6301,486.6612,7.5744,0.0000,0.0000
150.0500,19.7759,-2.1450,22407.4523,1754.1430,486.2565,11.3616,0.0000,0.0000
150.0667,19.7760,-2.1267,22398.4404,1753.6431,485.8519,15.1488,0.0000,0.0000
150.0833,19.7761,-2.1083,22389.3194,1753.1310,485.4472,18.9360,0.0000,0.0000
150.1000,19.7762,-2.0900,22380.0832,1752.6072,485.0426,22.7232,0.0000,0.0000
150.1167,19.7763,-2.0717,22370.7309,1752.0717,484.6380,26.5104,0.0000,0.0000
150.1333,19.7764,-2.0533,22361.2623,1751.5246,484.2334,30.2976,0.0000,0.0000
150.1500,19.7765,-2.0350,22351.6766,1750.9657,483.8289,34.0848,0.0000,0.0000
150.1667,19.7766,-2.0167,22341.9728,1750.3949,483.4243,37.8720,0.0000,0.0000
150.1833,19.7767,-1.9983,22332.1494,1749.8120,483.0198,41.6592,0.0000,0.0000
150.2000,19.7768,-1.9800,22322.2052,1749.2170,482.6154,45.4464,0.0000,0.0000
150.2167,19.7769,-1.9617,22312.1391,1748.6098,482.2109,49.2336,0.0000,0.0000
150.2333,19.7770,-1.9433,22301.9501,1747.9902,481.8065,53.0208,0.0000,0.0000
150.2500,19.7771,-1.9250,22291.6378,1747.3582,481.4021,56.8080,0.0000,0.0000
150.2667,19.7772,-1.9067,22281.2023,1746.7139,480.9978,60.5952,0.0000,0.0000
150.2833,19.7773,-1.8883,22270.6442,1746.0573,480.5934,64.3824,0.0000,0.0000
150.3000,19.7774,-1.8700,22259.9649,1745.3886,480.1891,68.1696,0.0000,0.0000
150.3167,19.7775,-1.8517,22249.1666,1744.7082,479.7848,71.9568,0.0000,0.0000
150.3333,19.7776,-1.8333,22238.2526,1744.0162,479.3806,75.7440,0.0000,0.0000
150.3500,19.7777,-1.8150,22227.2275,1743.3134,478.9764,79.5312,0.0000,0.0000
150.3667,19.7778,-1.7967,22216.0976,1742.6003,478.5722,83.3184,0.0000,0.0000
150.3833,19.7780,-1.7783,22204.8716,1741.8780,478.1680,87.1056,0.0000,0.0000
150.4000,19.7781,-1.7600,22193.5620,1741.1479,477.7638,90.8928,0.0000,0.0000
150.4167,19.7782,-1.7417,22182.1882,1740.4123,477.3597,94.6800,0.0000,0.0000
150.4333,19.7783,-1.7233,22170.7849,1739.6756,476.9555,98.4672,0.0000,0.0000
150.4500,19.7784,-1.7050,22159.4484,1738.9439,476.5513,102.2544,0.0000,0.0000
150.4667,19.7785,-1.6867,22147.5801,1738.1344,476.1473,106.0416,0.0000,0.0000
150.4833,19.7786,-1.6683,22135.1152,1737.2703,475.7434,109.8288,0.0000,0.0000
150.5000,19.7788,-1.6500,22122.1924,1736.3636,475.3396,113.6160,0.0000,0.0000
150.5167,19.7789,-1.6317,22108.8690,1735.4187,474.9359,117.4032,0.0000,0.0000
150.5333,19.7790,-1.6133,22095.1764,1734.4379,474.5322,121.1904,0.0000,0.0000
150.5500,19.7792,-1.5950,22081.1330,1733.4226,474.1287,124.9776,0.0000,0.0000
150.5667,19.7793,-1.5767,22066.7510,1732.3738,473.7252,128.7648,0.0000,0.0000
150.5833,19.7795,-1.5583,22052.0387,1731.2923,473.3218,132.5520,0.0000,0.0000
150.6000,19.7796,-1.5400,22037.0019,1730.1784,472.9184,136.3392,0.0000,0.0000
150.6167,19.7798,-1.5217,22021.6454,1729.0327,472.5152,140.1264,0.0000,0.0000
150.6333,19.7799,-1.5033,22005.9725,1727.8554,472.1120,143.9136,0.0000,0.0000
150.6500,19.7801,-1.4850,21989.9864,1726.6469,471.7088,147.7008,0.0000,0.0000
150.6667,19.7803,-1.4667,21973.6892,1725.4072,471.3058,151.4880,0.0000,0.0000
150.6833,19.7804,-1.4483,21957.0833,1724.1367,470.9028,155.2752,0.0000,0.0000
150.7000,19.7806,-1.4300,21940.1702,1722.8355,470.4999,159.0624,0.0000,0.0000
150.7167,19.7808,-1.4117,21922.9518,1721.5037,470.0970,162.8496,0.0000,0.0000
150.7333,19.7809,-1.3933,21905.4295,1720.1416,469.6942,166.6368,0.0000,0.0000
150.7500,19.7811,-1.3750,21887.6048,1718.7492,469.2915,170.4240,0.0000,0.0000
150.7667,19.7813,-1.3567,21869.4788,1717.3266,468.8888,174.2112,0.0000,0.0000
150.7833,19.7815,-1.3383,21851.0530,1715.8741,468.4862,177.9984,0.0000,0.0000
150.8000,19.7817,-1.3200,21832.3285,1714.3917,468.0837,181.7856,0.0000,0.0000
150.8167,19.7819,-1.3017,21813.3065,1712.8795,467.6813,185.5728,0.0000,0.0000
150.8333,19.7821,-1.2833,21793.9883,1711.3376,467.2789,189.3600,0.0000,0.0000
150.8500,19.7823,-1.2650,21774.3750,1709.7663,466.8766,193.1472,0.0000,0.0000
150.8667,19.7825,-1.2467,21754.4677,1708.1655,466.4743,196.9344,0.0000,0.0000
150.8833,19.7827,-1.2283,21734.2677,1706.5354,466.0721,200.7216,0.0000,0.0000
150.9000,19.7829,-1.2100,21713.7762,1704.8762,465.6700,204.5088,0.0000,0.0000
150.9167,19.7831,-1.1917,21692.9942,1703.1879,465.2679,208.2960,0.0000,0.0000
150.9333,19.7833,-1.1733,21671.9230,1701.4707,464.8659,212.0832,0.0000,0.0000
150.9500,19.7835,-1.1550,21650.5637,1699.7246,464.4640,215.8704,0.0000,0.0000
150.9667,19.7837,-1.1367,21628.9176,1697.9499,464.0621,219.6576,0.0000,0.0000
150.9833,19.7839,-1.1183,21606.9858,1696.1466,463.6603,223.4448,0.0000,0.0000
151.0000,19.7842,-1.1000,21584.7696,1694.3148,463.2585,227.2320,0.0000,0.0000
151.0167,19.7844,-1.0717,21556.1259,1691.8111,462.6364,251.8488,0.0000,0.0000
151.0333,19.7848,-1.0433,21523.6816,1689.0306,462.0151,276.4656,0.0000,0.0000
151.0500,19.7851,-1.0150,21488.3496,1685.9971,461.3944,301.0824,0.0000,0.0000
151.0667,19.7855,-0.9867,21450.5028,1682.7268,460.7743,325.6992,0.0000,0.0000
151.0833,19.7859,-0.9583,21410.3244,1679.2303,460.1547,350.3160,0.0000,0.0000
151.1000,19.7863,-0.9300,21367.9194,1675.5152,459.5356,374.9328,0.0000,0.0000
151.1167,19.7868,-0.9017,21323.3550,1671.5865,458.9170,399.5496,0.0000,0.0000
151.1333,19.7873,-0.8733,21271.7191,1667.2418,458.3000,424.1664,0.0000,0.0000
151.1500,19.7877,-0.8450,21225.0919,1662.9028,457.6818,448.7832,0.0000,0.0000
151.1667,19.7883,-0.8167,21174.9440,1658.3616,457.0645,473.4000,0.0000,0.0000
151.1833,19.7888,-0.7883,21122.3509,1653.6175,456.4476,498.0168,0.0000,0.0000
151.2000,19.7893,-0.7600,21067.6245,1648.6719,455.8313,522.6336,0.0000,0.0000
151.2167,19.7899,-0.7317,21010.8637,1643.5264,455.2154,547.2504,0.0000,0.0000
151.2333,19.7905,-0.7033,20945.6548,1637.8971,454.6013,571.8672,0.0000,0.0000
151.2500,19.7912,-0.6750,20881.0553,1632.0654,453.9872,596.4840,0.0000,0.0000
151.2667,19.7918,-0.6467,20815.0743,1626.0353,453.3733,621.1008,0.0000,0.0000
151.2833,19.7925,-0.6183,20747.2472,1619.8062,452.7598,645.7176,0.0000,0.0000
151.3000,19.7932,-0.5900,20677.4581,1613.3769,452.1468,670.3344,0.0000,0.0000
151.3167,19.7939,-0.5617,20605.6732,1606.7466,451.5342,694.9512,0.0000,0.0000
151.3333,19.7947,-0.5333,20531.8798,1599.9146,450.9221,719.5680,0.0000,0.0000
151.3500,19.7954,-0.5050,20456.0712,1592.8804,450.3104,744.1848,0.0000,0.0000
151.3667,19.7962,-0.4767,20378.2437,1585.6437,449.6992,768.8016,0.0000,0.0000
151.3833,19.7970,-0.4483,20298.3947,1578.2044,449.0884,793.4184,0.0000,0.0000
151.4000,19.7978,-0.4200,20216.5227,1570.5623,448.4781,818.0352,0.0000,0.0000
151.4167,19.7987,-0.3917,20132.6271,1562.7174,447.8682,842.6520,0.0000,0.0000
151.4333,19.7995,-0.3633,20046.7078,1554.6696,447.2587,867.2688,0.0000,0.0000
151.4500,19.8004,-0.3350,19958.7651,1546.4191,446.6498,891.8856,0.0000,0.0000
151.4667,19.8013,-0.3067,19868.8003,1537.9660,446.0412,916.5024,0.0000,0.0000
151.4833,19.8022,-0.2783,19776.8149,1529.3104,445.4331,941.1192,0.0000,0.0000
151.5000,19.8032,-0.2500,19682.8108,1520.4525,444.8255,965.7360,0.0000,0.0000
151.5167,19.8041,-0.2217,19586.7908,1511.3927,444.2183,990.3528,0.0000,0.0000
151.5333,19.8051,-0.1933,19488.7577,1502.1313,443.6115,1014.9696,0.0000,0.0000
151.5500,19.8061,-0.1650,19388.7151,1492.6685,443.0052,1039.5864,0.0000,0.0000
151.5667,19.8071,-0.1367,19286.6668,1483.0049,442.3994,1064.2032,0.0000,0.0000
151.5833,19.8082,-0.1083,19182.6173,1473.1409,441.7939,1088.8200,0.0000,0.0000
151.6000,19.8092,-0.0800,19076.5715,1463.0769,441.1890,1113.4368,0.0000,0.0000
151.6167,19.8103,-0.0517,18968.5344,1452.8136,440.5844,1138.0536,0.0000,0.0000
151.6333,19.8114,-0.0233,18858.5142,1442.3517,439.9803,1162.6704,0.0000,0.0000
151.6500,19.8125,0.0050,18746.5228,1431.6927,439.3767,1187.2872,0.0000,0.0000
151.6667,19.8137,0.0333,18632.5752,1420.8381,438.7735,1211.9040,0.0000,0.0000
151.6833,19.8148,0.0617,18516.6872,1409.7896,438.1707,1236.5208,0.0000,0.0000
151.7000,19.8160,0.0900,18398.8741,1398.5486,437.5683,1261.1376,0.0000,0.0000
151.7167,19.8172,0.1183,18279.1490,1387.1165,436.9664,1285.7544,0.0000,0.0000
151.7333,19.8184,0.1467,18157.5233,1375.4942,436.3648,1310.3712,0.0000,0.0000
151.7500,19.8197,0.1750,18034.0062,1363.6826,435.7637,1334.9880,0.0000,0.0000
151.7667,19.8209,0.2033,17908.6057,1351.6826,435.1631,1359.6048,0.0000,0.0000
151.7833,19.8222,0.2317,17781.3288,1339.4947,434.5628,1384.2216,0.0000,0.0000
151.8000,19.8235,0.2600,17652.1819,1327.1196,433.9629,1408.8384,0.0000,0.0000
151.8167,19.8248,0.2883,17521.1711,1314.5579,433.3635,1433.4552,0.0000,0.0000
151.8333,19.8261,0.3167,17388.3027,1301.8103,432.7645,1458.0720,0.0000,0.0000
151.8500,19.8275,0.3450,17253.5833,1288.8773,432.1659,1482.6888,0.0000,0.0000
151.8667,19.8288,0.3733,17117.0196,1275.7598,431.5677,1507.3056,0.0000,0.0000
151.8833,19.8302,0.4017,16978.6187,1262.4583,430.9699,1531.9224,0.0000,0.0000
151.9000,19.8316,0.4300,16838.3882,1248.9737,430.3725,1556.5392,0.0000,0.0000
151.9167,19.8330,0.4583,16696.3363,1235.3069,429.7755,1581.1560,0.0000,0.0000
151.9333,19.8345,0.4867,16552.4713,1221.4586,429.1789,1605.7728,0.0000,0.0000
151.9500,19.8359,0.5150,16406.8021,1207.4297,428.5827,1630.3896,0.0000,0.0000
151.9667,19.8374,0.5433,16259.3380,1193.2213,427.9869,1655.0064,0.0000,0.0000
151.9833,19.8389,0.5717,16110.0887,1178.8343,427.3915,1679.6232,0.0000,0.0000
152.0000,19.8404,0.6000,15959.0641,1164.2697,426.7965,1704.2400,0.0000,0.0000
152.0167,19.8421,0.6633,15791.5966,1148.3938,425.4288,1727.1210,0.0000,0.0000
152.0333,19.8438,0.7267,15619.4471,1132.4021,424.0621,1750.0020,0.0000,0.0000
152.0500,19.8455,0.7900,15445.1854,1116.2757,422.6959,1772.8830,0.0000,0.0000
152.0667,19.8473,0.8533,15269.3489,1100.0076,421.3300,1795.7640,0.0000,0.0000
152.0833,19.8491,0.9167,15092.0314,1083.5938,419.9645,1818.6450,0.0000,0.0000
152.1000,19.8509,0.9800,14913.2336,1067.0316,418.5992,1841.5260,0.0000,0.0000
152.1167,19.8527,1.0433,14732.9401,1050.3190,417.2344,1864.4070,0.0000,0.0000
152.1333,19.8545,1.1067,14551.1346,1033.4543,415.8698,1887.2880,0.0000,0.0000
152.1500,19.8563,1.1700,14367.8036,1016.4363,414.5056,1910.1690,0.0000,0.0000
152.1667,19.8582,1.2333,14182.9362,999.2640,413.1417,1933.0500,0.0000,0.0000
152.1833,19.8600,1.2967,13996.5241,981.9366,411.7782,1955.9310,0.0000,0.0000
152.2000,19.8619,1.3600,13808.5616,964.4536,410.4150,1978.8120,0.0000,0.0000
152.2167,19.8638,1.4233,13619.0448,946.8148,409.0522,2001.6930,0.0000,0.0000
152.2333,19.8657,1.4867,13427.9719,929.0199,407.6897,2024.5740,0.0000,0.0000
152.2500,19.8676,1.5500,13235.3430,911.0691,406.3275,2047.4550,0.0000,0.0000
152.2667,19.8696,1.6133,13041.1595,892.9625,404.9657,2070.3360,0.0000,0.0000
152.2833,19.8715,1.6767,12845.4245,874.7006,403.6043,2093.2170,0.0000,0.0000
152.3000,19.8735,1.7400,12648.1421,856.2837,402.2431,2116.0980,0.0000,0.0000
152.3167,19.8755,1.8033,12449.3180,837.7124,400.8824,2138.9790,0.0000,0.0000
152.3333,19.8775,1.8667,12248.9587,818.9875,399.5219,2161.8600,0.0000,0.0000
152.3500,19.8795,1.9300,12047.0716,800.1098,398.1618,2184.7410,0.0000,0.0000
152.3667,19.8816,1.9933,11843.6654,781.0800,396.8021,2207.6220,0.0000,0.0000
152.3833,19.8836,2.0567,11638.7491,761.8992,395.4427,2230.5030,0.0000,0.0000
152.4000,19.8857,2.1200,11432.3328,742.5684,394.0836,2253.3840,0.0000,0.0000
152.4167,19.8878,2.1833,11224.4271,723.0887,392.7248,2276.2650,0.0000,0.0000
152.4333,19.8898,2.2467,11015.0433,703.4612,391.3664,2299.1460,0.0000,0.0000
152.4500,19.8920,2.3100,10804.1930,683.6871,390.0083,2322.0270,0.0000,0.0000
152.4667,19.8941,2.3733,10591.8886,663.7677,388.6505,2344.9080,0.0000,0.0000
152.4833,19.8962,2.4367,10378.1426,643.7042,387.2930,2367.7890,0.0000,0.0000
152.5000,19.8984,2.5000,10162.9682,623.4980,385.9359,2390.6700,0.0000,0.0000
152.5167,19.9005,2.5633,9946.3787,603.1504,384.5790,2413.5510,0.0000,0.0000
152.5333,19.9027,2.6267,9728.3879,582.6627,383.2225,2436.4320,0.0000,0.0000
152.5500,19.9049,2.6900,9509.0098,562.0365,381.8663,2459.3130,0.0000,0.0000
152.5667,19.9071,2.7533,9288.2584,541.2731,380.5104,2482.1940,0.0000,0.0000
152.5833,19.9093,2.8167,9066.1484,520.3741,379.1548,2505.0750,0.0000,0.0000
152.6000,19.9116,2.8800,8842.6943,499.3407,377.7995,2527.9560,0.0000,0.0000
152.6167,19.9138,2.9433,8617.9106,478.1746,376.4444,2550.8370,0.0000,0.0000
152.6333,19.9161,3.0067,8391.8123,456.8773,375.0897,2573.7180,0.0000,0.0000
152.6500,19.9184,3.0700,8164.4141,435.4501,373.7353,2596.5990,0.0000,0.0000
152.6667,19.9206,3.1333,7935.7312,413.8946,372.3811,2619.4800,0.0000,0.0000
152.6833,19.9229,3.1967,7705.7788,392.2124,371.0273,2642.3610,0.0000,0.0000
152.7000,19.9253,3.2600,7474.5721,370.4051,369.6737,2665.2420,0.0000,0.0000
152.7167,19.9276,3.3233,7242.1266,348.4740,368.3204,2688.1230,0.0000,0.0000
152.7333,19.9299,3.3867,7008.4578,326.4208,366.9673,2711.0040,0.0000,0.0000
152.7500,19.9323,3.4500,6773.5812,304.2471,365.6145,2733.8850,0.0000,0.0000
152.7667,19.9346,3.5133,6537.5121,281.9544,364.2620,2756.7660,0.0000,0.0000
152.7833,19.9370,3.5767,6300.2661,259.5442,362.9098,2779.6470,0.0000,0.0000
152.8000,19.9394,3.6400,6061.8586,237.0181,361.5578,2802.5280,0.0000,0.0000
152.8167,19.9418,3.7033,5822.3047,214.3776,360.2060,2825.4090,0.0000,0.0000
152.8333,19.9442,3.7667,5581.6198,191.6243,358.8545,2848.2900,0.0000,0.0000
152.8500,19.9466,3.8300,5339.8190,168.7596,357.5033,2871.1710,0.0000,0.0000
152.8667,19.9490,3.8933,5096.9174,145.7851,356.1523,2894.0520,0.0000,0.0000
152.8833,19.9515,3.9567,4852.9299,122.7022,354.8015,2916.9330,0.0000,0.0000
152.9000,19.9539,4.0200,4607.8713,99.5124,353.4510,2939.8140,0.0000,0.0000
152.9167,19.9564,4.0833,4361.7564,76.2173,352.1007,2962.6950,0.0000,0.0000
152.9333,19.9589,4.1467,4114.5998,52.8182,350.7507,2985.5760,0.0000,0.0000
152.9500,19.9613,4.2100,3866.4159,29.3166,349.4009,3008.4570,0.0000,0.0000
152.9667,19.9638,4.2733,3617.2191,5.7140,348.0513,3031.3380,0.0000,0.0000
152.9833,19.9663,4.3367,3367.0235,-17.9883,346.7019,3054.2190,0.0000,0.0000
153.0000,19.9688,4.4000,3115.8434,-41.7888,345.3527,3077.1000,0.0000,0.0000
153.0167,19.9712,4.4383,2876.4199,-64.5769,344.5555,3094.1424,0.0000,0.0000
153.0333,19.9736,4.4767,2640.4561,-87.2689,343.7575,3111.1848,0.0000,0.0000
153.0500,19.9759,4.5150,2405.8323,-109.8910,342.9592,3128.2272,0.0000,0.0000
153.0667,19.9783,4.5533,2171.8946,-132.4646,342.1608,3145.2696,0.0000,0.0000
153.0833,19.9806,4.5917,1938.3716,-155.0050,341.3623,3162.3120,0.0000,0.0000
153.1000,19.9829,4.6300,1705.1138,-177.5237,340.5637,3179.3544,0.0000,0.0000
153.1167,19.9853,4.6683,1472.0230,-200.0288,339.7651,3196.3968,0.0000,0.0000
153.1333,19.9876,4.7067,1239.0296,-222.5263,338.9665,3213.4392,0.0000,0.0000
153.1500,19.9899,4.7450,1006.0825,-245.0208,338.1678,3230.4816,0.0000,0.0000
153.1667,19.9923,4.7833,773.1433,-267.5158,337.3692,3247.5240,0.0000,0.0000
153.1833,19.9946,4.8217,540.1834,-290.0137,336.5705,3264.5664,0.0000,0.0000
153.2000,19.9969,4.8600,307.1815,-312.5165,335.7719,3281.6088,0.0000,0.0000
153.2167,19.9993,4.8983,74.1217,-335.0257,334.9733,3298.6512,0.0000,0.0000
153.2333,20.0065,4.9367,0.0000,-355.1518,334.2832,3315.6936,0.0000,0.0000
153.2500,20.0204,4.9750,0.0000,-372.1128,333.7414,3332.7360,0.0000,0.0000
153.2667,20.0398,5.0133,0.0000,-386.5864,333.3206,3349.7784,0.0000,0.0000
153.2833,20.0638,5.0517,0.0000,-399.0121,333.0034,3366.8208,0.0000,0.0000
153.3000,20.0918,5.0900,0.0000,-409.7458,332.7753,3383.8632,0.0000,0.0000
153.3167,20.1234,5.1283,0.0000,-419.0774,332.6242,3400.9056,0.0000,0.0000
153.3333,20.1579,5.1667,0.0000,-427.2448,332.5401,3417.9480,0.0000,0.0000
153.3500,20.1951,5.2050,0.0000,-434.4430,332.5147,3434.9904,0.0000,0.0000
153.3667,20.2346,5.2433,0.0000,-440.8332,332.5410,3452.0328,0.0000,0.0000
153.3833,20.2762,5.2817,0.0000,-446.5483,332.6131,3469.0752,0.0000,0.0000
153.4000,20.3196,5.3200,0.0000,-451.6984,332.7260,3486.1176,0.0000,0.0000
153.4167,20.3647,5.3583,0.0000,-456.3746,332.8758,3503.1600,0.0000,0.0000
153.4333,20.4113,5.3967,0.0000,-460.6530,333.0587,3520.2024,0.0000,0.0000
153.4500,20.4592,5.4350,0.0000,-464.5965,333.2720,3537.2448,0.0000,0.0000
153.4667,20.5084,5.4733,0.0000,-468.2577,333.5130,3554.2872,0.0000,0.0000
153.4833,20.5588,5.5117,0.0000,-471.6805,333.7795,3571.3296,0.0000,0.0000
153.5000,20.6102,5.5500,0.0000,-474.9016,334.0699,3588.3720,0.0000,0.0000
153.5167,20.6626,5.5883,0.0000,-477.9517,334.3825,3605.4144,0.0000,0.0000
153.5333,20.7160,5.6267,0.0000,-480.8564,334.7159,3622.4568,0.0000,0.0000
153.5500,20.7702,5.6650,0.0000,-483.6374,335.0690,3639.4992,0.0000,0.0000
153.5667,20.8253,5.7033,0.0000,-486.3128,335.4408,3656.5416,0.0000,0.0000
153.5833,20.8812,5.7417,0.0000,-488.8980,335.8304,3673.5840,0.0000,0.0000
153.6000,20.9379,5.7800,0.0000,-491.4057,336.2371,3690.6264,0.0000,0.0000
153.6167,20.9953,5.8183,0.0000,-493.8470,336.6600,3707.6688,0.0000,0.0000
153.6333,21.0534,5.8567,0.0000,-496.2311,337.0988,3724.7112,0.0000,0.0000
153.6500,21.1122,5.8950,0.0000,-498.5657,337.5528,3741.7536,0.0000,0.0000
153.6667,21.1717,5.9333,0.0000,-500.8576,338.0216,3758.7960,0.0000,0.0000
153.6833,21.2318,5.9717,0.0000,-503.1125,338.5047,3775.8384,0.0000,0.0000
153.7000,21.2925,6.0100,0.0000,-505.3351,339.0019,3792.8808,0.0000,0.0000
153.7167,21.3539,6.0483,0.0000,-507.5297,339.5126,3809.9232,0.0000,0.0000
153.7333,21.4159,6.0867,0.0000,-509.6997,340.0367,3826.9656,0.0000,0.0000
153.7500,21.4784,6.1250,0.0000,-511.8483,340.5739,3844.0080,0.0000,0.0000
153.7667,21.5415,6.1633,0.0000,-513.9781,341.1239,3861.0504,0.0000,0.0000
153.7833,21.6052,6.2017,0.0000,-516.0913,341.6864,3878.0928,0.0000,0.0000
153.8000,21.6695,6.2400,0.0000,-518.1900,342.2613,3895.1352,0.0000,0.0000
153.8167,21.7343,6.2783,0.0000,-520.2759,342.8483,3912.1776,0.0000,0.0000
153.8333,21.7996,6.3167,0.0000,-522.3505,343.4473,3929.2200,0.0000,0.0000
153.8500,21.8655,6.3550,0.0000,-524.4151,344.0581,3946.2624,0.0000,0.0000
153.8667,21.9319,6.3933,0.0000,-526.4709,344.6804,3963.3048,0.0000,0.0000
153.8833,21.9988,6.4317,0.0000,-528.5189,345.3143,3980.3472,0.0000,0.0000
153.9000,22.0662,6.4700,0.0000,-530.5601,345.9594,3997.3896,0.0000,0.0000
153.9167,22.1341,6.5083,0.0000,-532.5951,346.6158,4014.4320,0.0000,0.0000
153.9333,22.2025,6.5467,0.0000,-534.6248,347.2831,4031.4744,0.0000,0.0000
153.9500,22.2714,6.5850,0.0000,-536.6498,347.9614,4048.5168,0.0000,0.0000
153.9667,22.3408,6.6233,0.0000,-538.6707,348.6504,4065.5592,0.0000,0.0000
153.9833,22.4107,6.6617,0.0000,-540.6880,349.3502,4082.6016,0.0000,0.0000
154.0000,22.4811,6.7000,0.0000,-542.7021,350.0605,4099.6440,0.0000,0.0000
154.0167,22.5511,6.7000,0.0000,-543.3469,351.6137,4108.7964,0.0000,0.0000
154.0333,22.6208,6.7000,0.0000,-544.0644,353.1603,4117.9488,0.0000,0.0000
154.0500,22.6903,6.7000,0.0000,-544.8818,354.7009,4127.1012,0.0000,0.0000
154.0667,22.7595,6.7000,0.0000,-545.8075,356.2366,4136.2536,0.0000,0.0000
154.0833,22.8285,6.7000,0.0000,-546.8401,357.7683,4145.4060,0.0000,0.0000
154.1000,22.8974,6.7000,0.0000,-547.9730,359.2967,4154.5584,0.0000,0.0000
154.1167,22.9662,6.7000,0.0000,-549.1975,360.8226,4163.7108,0.0000,0.0000
154.1333,23.0350,6.7000,0.0000,-550.5040,362.3468,4172.8632,0.0000,0.0000
154.1500,23.1036,6.7000,0.0000,-551.8829,363.8698,4182.0156,0.0000,0.0000
154.1667,23.1722,6.7000,0.0000,-553.3252,365.3922,4191.1680,0.0000,0.0000
154.1833,23.2409,6.7000,0.0000,-554.8225,366.9143,4200.3204,0.0000,0.0000
154.2000,23.3095,6.7000,0.0000,-556.3672,368.4367,4209.4728,0.0000,0.0000
154.2167,23.3781,6.7000,0.0000,-557.9527,369.9595,4218.6252,0.0000,0.0000
154.2333,23.4468,6.7000,0.0000,-559.5730,371.4831,4227.7776,0.0000,0.0000
154.2500,23.5156,6.7000,0.0000,-561.2227,373.0077,4236.9300,0.0000,0.0000
154.2667,23.5843,6.7000,0.0000,-562.8974,374.5335,4246.0824,0.0000,0.0000
154.2833,23.6532,6.7000,0.0000,-564.5929,376.0607,4255.2348,0.0000,0.0000
154.3000,23.7221,6.7000,0.0000,-566.3059,377.5893,4264.3872,0.0000,0.0000
154.3167,23.7911,6.7000,0.0000,-568.0333,379.1196,4273.5396,0.0000,0.0000
154.3333,23.8601,6.7000,0.0000,-569.7725,380.6515,4282.6920,0.0000,0.0000
154.3500,23.9293,6.7000,0.0000,-571.5210,382.1852,4291.8444,0.0000,0.0000
154.3667,23.9985,6.7000,0.0000,-573.2768,383.7207,4300.9968,0.0000,0.0000
154.3833,24.0678,6.7000,0.0000,-575.0382,385.2579,4310.1492,0.0000,0.0000
154.4000,24.1372,6.7000,0.0000,-576.8041,386.7970,4319.3016,0.0000,0.0000
154.4167,24.2067,6.7000,0.0000,-578.5733,388.3380,4328.4540,0.0000,0.0000
154.4333,24.2762,6.7000,0.0000,-580.3450,389.8808,4337.6064,0.0000,0.0000
154.4500,24.3458,6.7000,0.0000,-582.1184,391.4255,4346.7588,0.0000,0.0000
154.4667,24.4156,6.7000,0.0000,-583.8931,392.9720,4355.9112,0.0000,0.0000
154.4833,24.4854,6.7000,0.0000,-585.6685,394.5203,4365.0636,0.0000,0.0000
154.5000,24.5553,6.7000,0.0000,-587.4442,396.0705,4374.2160,0.0000,0.0000
154.5167,24.6252,6.7000,0.0000,-589.2197,397.6225,4383.3684,0.0000,0.0000
154.5333,24.6953,6.7000,0.0000,-590.9949,399.1763,4392.5208,0.0000,0.0000
154.5500,24.7654,6.7000,0.0000,-592.7695,400.7319,4401.6732,0.0000,0.0000
154.5667,24.8356,6.7000,0.0000,-594.5433,402.2892,4410.8256,0.0000,0.0000
154.5833,24.9059,6.7000,0.0000,-596.3161,403.8482,4419.9780,0.0000,0.0000
154.6000,24.9762,6.7000,0.0000,-598.0879,405.4090,4429.1304,0.0000,0.0000
154.6167,25.0467,6.7000,0.0000,-599.8585,406.9714,4438.2828,0.0000,0.0000
154.6333,25.1172,6.7000,0.0000,-601.6280,408.5355,4447.4352,0.0000,0.0000
154.6500,25.1878,6.7000,0.0000,-603.3962,410.1013,4456.5876,0.0000,0.0000
154.6667,25.2584,6.7000,0.0000,-605.1628,411.6686,4465.7400,0.0000,0.0000
154.6833,25.3292,6.7000,0.0000,-606.9274,413.2376,4474.8924,0.0000,0.0000
154.7000,25.4000,6.7000,0.0000,-608.6895,414.8081,4484.0448,0.0000,0.0000
154.7167,25.4708,6.7000,0.0000,-610.4487,416.3801,4493.1972,0.0000,0.0000
154.7333,25.5418,6.7000,0.0000,-612.2049,417.9536,4502.3496,0.0000,0.0000
154.7500,25.6128,6.7000,0.0000,-613.9582,419.5285,4511.5020,0.0000,0.0000
154.7667,25.6838,6.7000,0.0000,-615.7088,421.1049,4520.6544,0.0000,0.0000
154.7833,25.7550,6.7000,0.0000,-617.4570,422.6826,4529.8068,0.0000,0.0000
154.8000,25.8261,6.7000,0.0000,-619.2030,424.2617,4538.9592,0.0000,0.0000
154.8167,25.8974,6.7000,0.0000,-620.9472,425.8421,4548.1116,0.0000,0.0000
154.8333,25.9687,6.7000,0.0000,-622.6899,427.4238,4557.2640,0.0000,0.0000
154.8500,26.0401,6.7000,0.0000,-624.4314,429.0068,4566.4164,0.0000,0.0000
154.8667,26.1115,6.7000,0.0000,-626.1719,430.5911,4575.5688,0.0000,0.0000
154.8833,26.1829,6.7000,0.0000,-627.9117,432.1766,4584.7212,0.0000,0.0000
154.9000,26.2545,6.7000,0.0000,-629.6508,433.7634,4593.8736,0.0000,0.0000
154.9167,26.3261,6.7000,0.0000,-631.3896,435.3514,4603.0260,0.0000,0.0000
154.9333,26.3977,6.7000,0.0000,-633.1281,436.9406,4612.1784,0.0000,0.0000
154.9500,26.4694,6.7000,0.0000,-634.8665,438.5309,4621.3308,0.0000,0.0000
154.9667,26.5412,6.7000,0.0000,-636.6048,440.1225,4630.4832,0.0000,0.0000
154.9833,26.6130,6.7000,0.0000,-638.3433,441.7153,4639.6356,0.0000,0.0000
155.0000,26.6848,6.7000,0.0000,-640.0816,443.3092,4648.7880,0.0000,0.0000
155.0167,26.7566,6.7000,0.0000,-641.4345,444.9012,4649.4192,0.0000,0.0000
155.0333,26.8282,6.7000,0.0000,-642.5529,446.4895,4650.0504,0.0000,0.0000
155.0500,26.8996,6.7000,0.0000,-643.5296,448.0729,4650.6816,0.0000,0.0000
155.0667,26.9707,6.7000,0.0000,-644.4230,449.6507,4651.3128,0.0000,0.0000
155.0833,27.0115,6.7000,-1148.7639,-661.7960,450.5555,4651.9440,0.0000,0.0000
155.1000,27.0214,6.7000,-2138.9580,-695.2125,450.7752,4652.5752,0.0000,0.0000
155.1167,27.0263,6.7000,-2634.8321,-730.0319,450.8852,4653.2064,0.0000,0.0000
155.1333,27.0301,6.7000,-3012.4139,-764.2953,450.9689,4653.8376,0.0000,0.0000
155.1500,27.0336,6.7000,-3355.8646,-797.6693,451.0451,4654.4688,0.0000,0.0000
155.1667,27.0368,6.7000,-3684.5854,-830.1519,451.1180,4655.1000,0.0000,0.0000
155.1833,27.0400,6.7000,-4003.4802,-861.7989,451.1888,4655.7312,0.0000,0.0000
155.2000,27.0431,6.7000,-4314.1250,-892.6676,451.2577,4656.3624,0.0000,0.0000
155.2167,27.0462,6.7000,-4617.2743,-922.8090,451.3249,4656.9936,0.0000,0.0000
155.2333,27.0491,6.7000,-4913.4392,-952.2666,451.3906,4657.6248,0.0000,0.0000
155.2500,27.0520,6.7000,-5203.0297,-981.0786,451.4548,4658.2560,0.0000,0.0000
155.2667,27.0549,6.7000,-5486.3972,-1009.2780,451.5177,4658.8872,0.0000,0.0000
155.2833,27.0576,6.7000,-5763.8510,-1036.8948,451.5792,4659.5184,0.0000,0.0000
155.3000,27.0604,6.7000,-6035.6686,-1063.9556,451.6395,4660.1496,0.0000,0.0000
155.3167,27.0630,6.7000,-6302.1011,-1090.4847,451.6986,4660.7808,0.0000,0.0000
155.3333,27.0656,6.7000,-6563.3769,-1116.5044,451.7566,4661.4120,0.0000,0.0000
155.3500,27.0682,6.7000,-6819.7044,-1142.0348,451.8135,4662.0432,0.0000,0.0000
155.3667,27.0707,6.7000,-7071.2744,-1167.0945,451.8693,4662.6744,0.0000,0.0000
155.3833,27.0732,6.7000,-7318.2619,-1191.7007,451.9240,4663.3056,0.0000,0.0000
155.4000,27.0756,6.7000,-7560.8282,-1215.8688,451.9779,4663.9368,0.0000,0.0000
155.4167,27.0780,6.7000,-7799.1222,-1239.6136,452.0307,4664.5680,0.0000,0.0000
155.4333,27.0803,6.7000,-8033.2823,-1262.9486,452.0827,4665.1992,0.0000,0.0000
155.4500,27.0826,6.7000,-8263.4374,-1285.8863,452.1337,4665.8304,0.0000,0.0000
155.4667,27.0849,6.7000,-8489.7079,-1308.4385,452.1839,4666.4616,0.0000,0.0000
155.4833,27.0871,6.7000,-8712.2070,-1330.6164,452.2333,4667.0928,0.0000,0.0000
155.5000,27.0893,6.7000,-8931.0411,-1352.4304,452.2818,4667.7240,0.0000,0.0000
155.5167,27.0915,6.7000,-9146.3106,-1373.8904,452.3296,4668.3552,0.0000,0.0000
155.5333,27.0936,6.7000,-9358.1107,-1395.0057,452.3765,4668.9864,0.0000,0.0000
155.5500,27.0957,6.7000,-9566.5306,-1415.7852,452.4228,4669.6176,0.0000,0.0000
155.5667,27.0977,6.7000,-9771.6541,-1436.2369,452.4683,4670.2488,0.0000,0.0000
155.5833,27.0997,6.7000,-9973.5600,-1456.3687,452.5131,4670.8800,0.0000,0.0000
155.6000,27.1017,6.7000,-10172.3230,-1476.1880,452.5571,4671.5112,0.0000,0.0000
155.6167,27.1037,6.7000,-10368.0153,-1495.7017,452.6006,4672.1424,0.0000,0.0000
155.6333,27.1056,6.7000,-10560.7064,-1514.9170,452.6433,4672.7736,0.0000,0.0000
155.6500,27.1075,6.7000,-10750.4641,-1533.8404,452.6854,4673.4048,0.0000,0.0000
155.6667,27.1094,6.7000,-10937.3538,-1552.4786,452.7268,4674.0360,0.0000,0.0000
155.6833,27.1112,6.7000,-11121.4394,-1570.8377,452.7677,4674.6672,0.0000,0.0000
155.7000,27.1130,6.7000,-11302.7824,-1588.9239,452.8079,4675.2984,0.0000,0.0000
155.7167,27.1148,6.7000,-11481.4426,-1606.7432,452.8475,4675.9296,0.0000,0.0000
155.7333,27.1166,6.7000,-11657.4778,-1624.3013,452.8866,4676.5608,0.0000,0.0000
155.7500,27.1183,6.7000,-11830.9436,-1641.6036,452.9251,4677.1920,0.0000,0.0000
155.7667,27.1200,6.7000,-12001.8941,-1658.6556,452.9630,4677.8232,0.0000,0.0000
155.7833,27.1217,6.7000,-12170.3813,-1675.4624,453.0004,4678.4544,0.0000,0.0000
155.8000,27.1234,6.7000,-12336.4556,-1692.0290,453.0372,4679.0856,0.0000,0.0000
155.8167,27.1250,6.7000,-12500.1628,-1708.3599,453.0735,4679.7168,0.0000,0.0000
155.8333,27.1266,6.7000,-12661.5435,-1724.4588,453.1093,4680.3480,0.0000,0.0000
155.8500,27.1282,6.7000,-12820.6334,-1740.3294,453.1446,4680.9792,0.0000,0.0000
155.8667,27.1298,6.7000,-12977.4663,-1755.9748,453.1794,4681.6104,0.0000,0.0000
155.8833,27.1313,6.7000,-13132.0754,-1771.3984,453.2137,4682.2416,0.0000,0.0000
155.9000,27.1328,6.7000,-13284.4952,-1786.6037,453.2475,4682.8728,0.0000,0.0000
155.9167,27.1343,6.7000,-13434.7614,-1801.5943,453.2808,4683.5040,0.0000,0.0000
155.9333,27.1358,6.7000,-13582.9111,-1816.3740,453.3137,4684.1352,0.0000,0.0000
155.9500,27.1373,6.7000,-13728.9820,-1830.9466,453.3461,4684.7664,0.0000,0.0000
155.9667,27.1387,6.7000,-13873.0123,-1845.3159,453.3780,4685.3976,0.0000,0.0000
155.9833,27.1402,6.7000,-14015.0403,-1859.4857,453.4095,4686.0288,0.0000,0.0000
156.0000,27.1416,6.7000,-14155.1037,-1873.4599,453.4406,4686.6600,0.0000,0.0000
156.0167,27.1430,6.7183,-14296.9643,-1887.3089,453.0654,4677.3498,0.0000,0.0000
156.0333,27.1443,6.7367,-14434.5225,-1900.5464,452.6892,4668.0396,0.0000,0.0000
156.0500,27.1457,6.7550,-14567.1046,-1913.2667,452.3120,4658.7294,0.0000,0.0000
156.0667,27.1470,6.7733,-14695.0287,-1925.5311,451.9337,4649.4192,0.0000,0.0000
156.0833,27.1482,6.7917,-14818.7064,-1937.3831,451.5544,4640.1090,0.0000,0.0000
156.1000,27.1494,6.8100,-14938.4894,-1948.8562,451.1743,4630.7988,0.0000,0.0000
156.1167,27.1505,6.8283,-15054.6621,-1959.9765,450.7934,4621.4886,0.0000,0.0000
156.1333,27.1517,6.8467,-15167.4562,-1970.7656,450.4118,4612.1784,0.0000,0.0000
156.1500,27.1528,6.8650,-15277.0637,-1981.2415,450.0294,4602.8682,0.0000,0.0000
156.1667,27.1538,6.8833,-15383.6471,-1991.4195,449.6464,4593.5580,0.0000,0.0000
156.1833,27.1549,6.9017,-15487.3461,-2001.3130,449.2627,4584.2478,0.0000,0.0000
156.2000,27.1559,6.9200,-15588.2821,-2010.9334,448.8784,4574.9376,0.0000,0.0000
156.2167,27.1569,6.9383,-15686.5620,-2020.2911,448.4935,4565.6274,0.0000,0.0000
156.2333,27.1578,6.9567,-15782.2807,-2029.3951,448.1081,4556.3172,0.0000,0.0000
156.2500,27.1588,6.9750,-15875.5233,-2038.2537,447.7221,4547.0070,0.0000,0.0000
156.2667,27.1597,6.9933,-15966.3665,-2046.8743,447.3356,4537.6968,0.0000,0.0000
156.2833,27.1605,7.0117,-16054.8798,-2055.2636,446.9485,4528.3866,0.0000,0.0000
156.3000,27.1614,7.0300,-16141.1270,-2063.4278,446.5610,4519.0764,0.0000,0.0000
156.3167,27.1623,7.0483,-16225.1663,-2071.3727,446.1730,4509.7662,0.0000,0.0000
156.3333,27.1631,7.0667,-16307.0519,-2079.1034,445.7845,4500.4560,0.0000,0.0000
156.3500,27.1639,7.0850,-16386.8338,-2086.6250,445.3955,4491.1458,0.0000,0.0000
156.3667,27.1646,7.1033,-16464.5588,-2093.9418,445.0060,4481.8356,0.0000,0.0000
156.3833,27.1654,7.1217,-16540.2707,-2101.0583,444.6162,4472.5254,0.0000,0.0000
156.4000,27.1661,7.1400,-16614.0106,-2107.9785,444.2258,4463.2152,0.0000,0.0000
156.4167,27.1669,7.1583,-16685.8175,-2114.7063,443.8351,4453.9050,0.0000,0.0000
156.4333,27.1676,7.1767,-16755.7282,-2121.2452,443.4439,4444.5948,0.0000,0.0000
156.4500,27.1682,7.1950,-16823.7778,-2127.5986,443.0524,4435.2846,0.0000,0.0000
156.4667,27.1689,7.2133,-16889.9997,-2133.7700,442.6604,4425.9744,0.0000,0.0000
156.4833,27.1695,7.2317,-16954.4259,-2139.7625,442.2680,4416.6642,0.0000,0.0000
156.5000,27.1702,7.2500,-17017.0871,-2145.5790,441.8752,4407.3540,0.0000,0.0000
156.5167,27.1708,7.2683,-17078.0128,-2151.2225,441.4820,4398.0438,0.0000,0.0000
156.5333,27.1714,7.2867,-17137.2314,-2156.6959,441.0885,4388.7336,0.0000,0.0000
156.5500,27.1719,7.3050,-17194.7703,-2162.0018,440.6946,4379.4234,0.0000,0.0000
156.5667,27.1725,7.3233,-17250.6561,-2167.1429,440.3003,4370.1132,0.0000,0.0000
156.5833,27.1730,7.3417,-17304.9145,-2172.1217,439.9057,4360.8030,0.0000,0.0000
156.6000,27.1736,7.3600,-17357.5703,-2176.9408,439.5107,4351.4928,0.0000,0.0000
156.6167,27.1741,7.3783,-17408.6478,-2181.6024,439.1153,4342.1826,0.0000,0.0000
156.6333,27.1746,7.3967,-17458.1706,-2186.1089,438.7196,4332.8724,0.0000,0.0000
156.6500,27.1751,7.4150,-17506.1616,-2190.4627,438.3236,4323.5622,0.0000,0.0000
156.6667,27.1755,7.4333,-17552.6432,-2194.6659,437.9272,4314.2520,0.0000,0.0000
156.6833,27.1760,7.4517,-17597.6371,-2198.7207,437.5306,4304.9418,0.0000,0.0000
156.7000,27.1764,7.4700,-17641.1647,-2202.6293,437.1335,4295.6316,0.0000,0.0000
156.7167,27.1768,7.4883,-17683.2468,-2206.3936,436.7362,4286.3214,0.0000,0.0000
156.7333,27.1772,7.5067,-17723.9038,-2210.0158,436.3385,4277.0112,0.0000,0.0000
156.7500,27.1776,7.5250,-17763.1555,-2213.4978,435.9406,4267.7010,0.0000,0.0000
156.7667,27.1780,7.5433,-17801.0216,-2216.8415,435.5423,4258.3908,0.0000,0.0000
156.7833,27.1783,7.5617,-17833.9924,-2219.8976,435.1429,4249.0806,0.0000,0.0000
156.8000,27.1787,7.5800,-17866.9844,-2222.7942,434.7436,4239.7704,0.0000,0.0000
156.8167,27.1790,7.5983,-17898.9482,-2225.5469,434.3440,4230.4602,0.0000,0.0000
156.8333,27.1793,7.6167,-17929.6488,-2228.1640,433.9441,4221.1500,0.0000,0.0000
156.8500,27.1796,7.6350,-17959.0592,-2230.6510,433.5440,4211.8398,0.0000,0.0000
156.8667,27.1799,7.6533,-17987.2010,-2233.0117,433.1435,4202.5296,0.0000,0.0000
156.8833,27.1801,7.6717,-18014.1038,-2235.2495,432.7428,4193.2194,0.0000,0.0000
156.9000,27.1804,7.6900,-18039.7965,-2237.3672,432.3419,4183.9092,0.0000,0.0000
156.9167,27.1806,7.7083,-18064.3051,-2239.3674,431.9406,4174.5990,0.0000,0.0000
156.9333,27.1809,7.7267,-18087.6534,-2241.2522,431.5391,4165.2888,0.0000,0.0000
156.9500,27.1811,7.7450,-18109.8630,-2243.0238,431.1374,4155.9786,0.0000,0.0000
156.9667,27.1813,7.7633,-18130.9540,-2244.6842,430.7354,4146.6684,0.0000,0.0000
156.9833,27.1815,7.7817,-18150.9451,-2246.2351,430.3331,4137.3582,0.0000,0.0000
157.0000,27.1817,7.8000,-18169.8540,-2247.6783,429.9307,4128.0480,0.0000,0.0000
157.0167,27.1817,7.7900,-18173.3345,-2247.6318,430.1532,4110.6900,0.0000,0.0000
157.0333,27.1817,7.7800,-18169.4843,-2247.1696,430.3742,4093.3320,0.0000,0.0000
157.0500,27.1816,7.7700,-18160.9556,-2246.3438,430.5941,4075.9740,0.0000,0.0000
157.0667,27.1815,7.7600,-18148.7918,-2245.1957,430.8133,4058.6160,0.0000,0.0000
157.0833,27.1813,7.7500,-18133.5125,-2243.7565,431.0317,4041.2580,0.0000,0.0000
157.1000,27.1812,7.7400,-18115.4371,-2242.0502,431.2495,4023.9000,0.0000,0.0000
157.1167,27.1809,7.7300,-18094.7899,-2240.0955,431.4668,4006.5420,0.0000,0.0000
157.1333,27.1807,7.7200,-18071.7415,-2237.9071,431.6835,3989.1840,0.0000,0.0000
157.1500,27.1805,7.7100,-18046.4271,-2235.4973,431.8997,3971.8260,0.0000,0.0000
157.1667,27.1802,7.7000,-18018.9571,-2232.8761,432.1154,3954.4680,0.0000,0.0000
157.1833,27.1799,7.6900,-17989.4233,-2230.0518,432.3307,3937.1100,0.0000,0.0000
157.2000,27.1796,7.6800,-17957.9035,-2227.0317,432.5455,3919.7520,0.0000,0.0000
157.2167,27.1792,7.6700,-17924.4643,-2223.8220,432.7599,3902.3940,0.0000,0.0000
157.2333,27.1789,7.6600,-17889.1636,-2220.4282,432.9739,3885.0360,0.0000,0.0000
157.2500,27.1785,7.6500,-17852.0524,-2216.8550,433.1875,3867.6780,0.0000,0.0000
157.2667,27.1781,7.6400,-17813.1757,-2213.1068,433.4007,3850.3200,0.0000,0.0000
157.2833,27.1777,7.6300,-17772.5742,-2209.1874,433.6135,3832.9620,0.0000,0.0000
157.3000,27.1773,7.6200,-17730.2842,-2205.1003,433.8260,3815.6040,0.0000,0.0000
157.3167,27.1769,7.6100,-17686.3392,-2200.8487,434.0380,3798.2460,0.0000,0.0000
157.3333,27.1764,7.6000,-17640.7698,-2196.4356,434.2497,3780.8880,0.0000,0.0000
157.3500,27.1759,7.5900,-17593.6043,-2191.8637,434.4611,3763.5300,0.0000,0.0000
157.3667,27.1754,7.5800,-17544.8693,-2187.1357,434.6721,3746.1720,0.0000,0.0000
157.3833,27.1749,7.5700,-17494.5897,-2182.2538,434.8828,3728.8140,0.0000,0.0000
157.4000,27.1744,7.5600,-17442.7890,-2177.2205,435.0931,3711.4560,0.0000,0.0000
157.4167,27.1739,7.5500,-17389.4896,-2172.0380,435.3031,3694.0980,0.0000,0.0000
157.4333,27.1733,7.5400,-17334.7130,-2166.7082,435.5128,3676.7400,0.0000,0.0000
157.4500,27.1728,7.5300,-17278.4798,-2161.2334,435.7221,3659.3820,0.0000,0.0000
157.4667,27.1722,7.5200,-17220.8099,-2155.6154,435.9312,3642.0240,0.0000,0.0000
157.4833,27.1716,7.5100,-17161.7227,-2149.8562,436.1399,3624.6660,0.0000,0.0000
157.5000,27.1710,7.5000,-17101.2369,-2143.9576,436.3483,3607.3080,0.0000,0.0000
157.5167,27.1704,7.4900,-17039.3710,-2137.9214,436.5564,3589.9500,0.0000,0.0000
157.5333,27.1698,7.4800,-16976.1428,-2131.7494,436.7642,3572.5920,0.0000,0.0000
157.5500,27.1691,7.4700,-16911.5699,-2125.4434,436.9717,3555.2340,0.0000,0.0000
157.5667,27.1685,7.4600,-16845.6697,-2119.0052,437.1789,3537.8760,0.0000,0.0000
157.5833,27.1678,7.4500,-16778.4592,-2112.4363,437.3858,3520.5180,0.0000,0.0000
157.6000,27.1671,7.4400,-16709.9552,-2105.7384,437.5924,3503.1600,0.0000,0.0000
157.6167,27.1664,7.4300,-16640.1742,-2098.9133,437.7988,3485.8020,0.0000,0.0000
157.6333,27.1657,7.4200,-16569.1325,-2091.9625,438.0048,3468.4440,0.0000,0.0000
157.6500,27.1650,7.4100,-16496.8463,-2084.8877,438.2106,3451.0860,0.0000,0.0000
157.6667,27.1642,7.4000,-16423.3316,-2077.6904,438.4162,3433.7280,0.0000,0.0000
157.6833,27.1635,7.3900,-16348.6042,-2070.3722,438.6214,3416.3700,0.0000,0.0000
157.7000,27.1627,7.3800,-16272.6797,-2062.9347,438.8264,3399.0120,0.0000,0.0000
157.7167,27.1620,7.3700,-16195.5735,-2055.3794,439.0311,3381.6540,0.0000,0.0000
157.7333,27.1612,7.3600,-16117.3010,-2047.7079,439.2356,3364.2960,0.0000,0.0000
157.7500,27.1604,7.3500,-16037.8773,-2039.9216,439.4398,3346.9380,0.0000,0.0000
157.7667,27.1596,7.3400,-15957.3175,-2032.0221,439.6437,3329.5800,0.0000,0.0000
157.7833,27.1588,7.3300,-15875.6364,-2024.0108,439.8474,3312.2220,0.0000,0.0000
157.8000,27.1579,7.3200,-15792.8486,-2015.8893,440.0509,3294.8640,0.0000,0.0000
157.8167,27.1571,7.3100,-15708.9689,-2007.6589,440.2541,3277.5060,0.0000,0.0000
157.8333,27.1562,7.3000,-15624.0115,-1999.3211,440.4571,3260.1480,0.0000,0.0000
157.8500,27.1554,7.2900,-15537.9909,-1990.8773,440.6598,3242.7900,0.0000,0.0000
157.8667,27.1545,7.2800,-15450.9211,-1982.3290,440.8623,3225.4320,0.0000,0.0000
157.8833,27.1536,7.2700,-15362.8161,-1973.6775,441.0646,3208.0740,0.0000,0.0000
157.9000,27.1527,7.2600,-15273.6897,-1964.9242,441.2667,3190.7160,0.0000,0.0000
157.9167,27.1518,7.2500,-15183.5557,-1956.0706,441.4685,3173.3580,0.0000,0.0000
157.9333,27.1509,7.2400,-15092.4277,-1947.1178,441.6701,3156.0000,0.0000,0.0000
157.9500,27.1500,7.2300,-15000.3190,-1938.0673,441.8715,3138.6420,0.0000,0.0000
157.9667,27.1491,7.2200,-14907.2429,-1928.9205,442.0727,3121.2840,0.0000,0.0000
157.9833,27.1481,7.2100,-14813.2125,-1919.6785,442.2736,3103.9260,0.0000,0.0000
158.0000,27.1472,7.2000,-14718.2409,-1910.3428,442.4744,3086.5680,0.0000,0.0000
158.0167,27.1462,7.1817,-14616.9975,-1900.3475,442.8586,3063.6870,0.0000,0.0000
158.0333,27.1451,7.1633,-14511.7923,-1890.0471,443.2419,3040.8060,0.0000,0.0000
158.0500,27.1440,7.1450,-14403.5661,-1879.4818,443.6246,3017.9250,0.0000,0.0000
158.0667,27.1429,7.1267,-14292.7960,-1868.6811,444.0067,2995.0440,0.0000,0.0000
158.0833,27.1418,7.1083,-14179.7745,-1857.6667,444.3883,2972.1630,0.0000,0.0000
158.1000,27.1405,7.0900,-14051.3338,-1845.7993,444.7665,2949.2820,0.0000,0.0000
158.1167,27.1393,7.0717,-13926.2763,-1833.7712,445.1454,2926.4010,0.0000,0.0000
158.1333,27.1380,7.0533,-13800.8954,-1821.5993,445.5243,2903.5200,0.0000,0.0000
158.1500,27.1367,7.0350,-13674.3669,-1809.2876,445.9029,2880.6390,0.0000,0.0000
158.1667,27.1355,7.0167,-13546.5169,-1796.8382,446.2812,2857.7580,0.0000,0.0000
158.1833,27.1342,6.9983,-13417.3217,-1784.2534,446.6592,2834.8770,0.0000,0.0000
158.2000,27.1329,6.9800,-13286.7935,-1771.5354,447.0370,2811.9960,0.0000,0.0000
158.2167,27.1315,6.9617,-13154.9538,-1758.6866,447.4144,2789.1150,0.0000,0.0000
158.2333,27.1302,6.9433,-13021.8260,-1745.7095,447.7915,2766.2340,0.0000,0.0000
158.2500,27.1289,6.9250,-12887.4337,-1732.6064,448.1684,2743.3530,0.0000,0.0000
158.2667,27.1275,6.9067,-12751.7999,-1719.3797,448.5450,2720.4720,0.0000,0.0000
158.2833,27.1261,6.8883,-12614.9471,-1706.0315,448.9213,2697.5910,0.0000,0.0000
158.3000,27.1248,6.8700,-12476.8969,-1692.5640,449.2974,2674.7100,0.0000,0.0000
158.3167,27.1234,6.8517,-12337.6701,-1678.9792,449.6732,2651.8290,0.0000,0.0000
158.3333,27.1220,6.8333,-12197.2869,-1665.2792,450.0487,2628.9480,0.0000,0.0000
158.3500,27.1206,6.8150,-12055.7667,-1651.4658,450.4240,2606.0670,0.0000,0.0000
158.3667,27.1191,6.7967,-11913.1286,-1637.5410,450.7990,2583.1860,0.0000,0.0000
158.3833,27.1177,6.7783,-11769.3909,-1623.5067,451.1738,2560.3050,0.0000,0.0000
158.4000,27.1162,6.7600,-11624.5716,-1609.3645,451.5483,2537.4240,0.0000,0.0000
158.4167,27.1148,6.7417,-11478.6883,-1595.1162,451.9227,2514.5430,0.0000,0.0000
158.4333,27.1133,6.7233,-11331.7580,-1580.7635,452.2967,2491.6620,0.0000,0.0000
158.4500,27.1118,6.7050,-11183.7976,-1566.3082,452.6706,2468.7810,0.0000,0.0000
158.4667,27.1103,6.6867,-11034.8236,-1551.7518,453.0442,2445.9000,0.0000,0.0000
158.4833,27.1088,6.6683,-10884.8522,-1537.0959,453.4176,2423.0190,0.0000,0.0000
158.5000,27.1073,6.6500,-10733.8992,-1522.3422,453.7908,2400.1380,0.0000,0.0000
158.5167,27.1058,6.6317,-10581.9804,-1507.4922,454.1638,2377.2570,0.0000,0.0000
158.5333,27.1043,6.6133,-10429.1113,-1492.5474,454.5366,2354.3760,0.0000,0.0000
158.5500,27.1028,6.5950,-10275.3069,-1477.5094,454.9091,2331.4950,0.0000,0.0000
158.5667,27.1012,6.5767,-10120.5825,-1462.3797,455.2815,2308.6140,0.0000,0.0000
158.5833,27.0996,6.5583,-9964.9527,-1447.1597,455.6536,2285.7330,0.0000,0.0000
158.6000,27.0981,6.5400,-9808.4321,-1431.8509,456.0256,2262.8520,0.0000,0.0000
158.6167,27.0965,6.5217,-9651.0353,-1416.4548,456.3974,2239.9710,0.0000,0.0000
158.6333,27.0949,6.5033,-9492.7764,-1400.9727,456.7689,2217.0900,0.0000,0.0000
158.6500,27.0933,6.4850,-9333.6696,-1385.4061,457.1403,2194.2090,0.0000,0.0000
158.6667,27.0917,6.4667,-9173.7287,-1369.7563,457.5115,2171.3280,0.0000,0.0000
158.6833,27.0901,6.4483,-9012.9674,-1354.0248,457.8825,2148.4470,0.0000,0.0000
158.7000,27.0885,6.4300,-8851.3993,-1338.2128,458.2534,2125.5660,0.0000,0.0000
158.7167,27.0869,6.4117,-8689.0379,-1322.3218,458.6240,2102.6850,0.0000,0.0000
158.7333,27.0853,6.3933,-8525.8964,-1306.3530,458.9945,2079.8040,0.0000,0.0000
158.7500,27.0836,6.3750,-8361.9879,-1290.3077,459.3648,2056.9230,0.0000,0.0000
158.7667,27.0820,6.3567,-8197.3253,-1274.1873,459.7350,2034.0420,0.0000,0.0000
158.7833,27.0803,6.3383,-8031.9214,-1257.9931,460.1050,2011.1610,0.0000,0.0000
158.8000,27.0787,6.3200,-7865.7889,-1241.7262,460.4748,1988.2800,0.0000,0.0000
158.8167,27.0770,6.3017,-7698.9403,-1225.3879,460.8444,1965.3990,0.0000,0.0000
158.8333,27.0753,6.2833,-7531.3879,-1208.9795,461.2140,1942.5180,0.0000,0.0000
158.8500,27.0736,6.2650,-7363.1440,-1192.5022,461.5833,1919.6370,0.0000,0.0000
158.8667,27.0719,6.2467,-7194.2205,-1175.9571,461.9525,1896.7560,0.0000,0.0000
158.8833,27.0702,6.2283,-7024.6296,-1159.3456,462.3216,1873.8750,0.0000,0.0000
158.9000,27.0685,6.2100,-6854.3829,-1142.6687,462.6905,1850.9940,0.0000,0.0000
158.9167,27.0668,6.1917,-6683.4921,-1125.9276,463.0592,1828.1130,0.0000,0.0000
158.9333,27.0651,6.1733,-6511.9689,-1109.1235,463.4279,1805.2320,0.0000,0.0000
158.9500,27.0634,6.1550,-6339.8245,-1092.2576,463.7964,1782.3510,0.0000,0.0000
158.9667,27.0617,6.1367,-6167.0703,-1075.3309,464.1647,1759.4700,0.0000,0.0000
158.9833,27.0599,6.1183,-5993.7174,-1058.3445,464.5329,1736.5890,0.0000,0.0000
159.0000,27.0582,6.1000,-5819.7769,-1041.2996,464.9010,1713.7080,0.0000,0.0000
159.0167,27.0564,6.0717,-5640.4146,-1023.7864,465.4897,1689.4068,0.0000,0.0000
159.0333,27.0546,6.0433,-5458.9750,-1006.1658,466.0780,1665.1056,0.0000,0.0000
159.0500,27.0528,6.0150,-5276.2936,-988.4461,466.6660,1640.8044,0.0000,0.0000
159.0667,27.0509,5.9867,-5092.6218,-970.6349,467.2537,1616.5032,0.0000,0.0000
159.0833,27.0491,5.9583,-4908.0636,-952.7382,467.8413,1592.2020,0.0000,0.0000
159.1000,27.0472,5.9300,-4722.6791,-934.7605,468.4287,1567.9008,0.0000,0.0000
159.1167,27.0454,5.9017,-4536.5106,-916.7056,469.0159,1543.5996,0.0000,0.0000
159.1333,27.0435,5.8733,-4349.5913,-898.5766,469.6029,1519.2984,0.0000,0.0000
159.1500,27.0416,5.8450,-4161.9487,-880.3759,470.1898,1494.9972,0.0000,0.0000
159.1667,27.0397,5.8167,-3973.6060,-862.1058,470.7765,1470.6960,0.0000,0.0000
159.1833,27.0378,5.7883,-3784.5835,-843.7682,471.3631,1446.3948,0.0000,0.0000
159.2000,27.0359,5.7600,-3594.8991,-825.3648,471.9495,1422.0936,0.0000,0.0000
159.2167,27.0340,5.7317,-3404.5691,-806.8973,472.5358,1397.7924,0.0000,0.0000
159.2333,27.0321,5.7033,-3213.6086,-788.3671,473.1219,1373.4912,0.0000,0.0000
159.2500,27.0302,5.6750,-3022.0313,-769.7754,473.7079,1349.1900,0.0000,0.0000
159.2667,27.0283,5.6467,-2829.8503,-751.1238,474.2938,1324.8888,0.0000,0.0000
159.2833,27.0264,5.6183,-2637.0780,-732.4132,474.8795,1300.5876,0.0000,0.0000
159.3000,27.0244,5.5900,-2443.7260,-713.6449,475.4651,1276.2864,0.0000,0.0000
159.3167,27.0225,5.5617,-2249.8060,-694.8201,476.0506,1251.9852,0.0000,0.0000
159.3333,27.0206,5.5333,-2055.3288,-675.9397,476.6360,1227.6840,0.0000,0.0000
159.3500,27.0186,5.5050,-1860.3051,-657.0050,477.2212,1203.3828,0.0000,0.0000
159.3667,27.0166,5.4767,-1664.7457,-638.0169,477.8063,1179.0816,0.0000,0.0000
159.3833,27.0147,5.4483,-1468.6607,-618.9764,478.3913,1154.7804,0.0000,0.0000
159.4000,27.0127,5.4200,-1272.0603,-599.8847,478.9762,1130.4792,0.0000,0.0000
159.4167,27.0107,5.3917,-1074.9546,-580.7426,479.5610,1106.1780,0.0000,0.0000
159.4333,27.0088,5.3633,-877.3536,-561.5512,480.1456,1081.8768,0.0000,0.0000
159.4500,27.0068,5.3350,-679.2672,-542.3114,480.7302,1057.5756,0.0000,0.0000
159.4667,27.0048,5.3067,-480.7052,-523.0243,481.3147,1033.2744,0.0000,0.0000
159.4833,27.0028,5.2783,-281.6773,-503.6909,481.8990,1008.9732,0.0000,0.0000
159.5000,27.0008,5.2500,-82.1933,-484.3120,482.4833,984.6720,0.0000,0.0000
159.5167,26.9952,5.2217,0.0000,-466.7232,482.9867,960.3708,0.0000,0.0000
159.5333,26.9838,5.1933,0.0000,-451.9069,483.3624,936.0696,0.0000,0.0000
159.5500,26.9677,5.1650,0.0000,-439.2565,483.6331,911.7684,0.0000,0.0000
159.5667,26.9475,5.1367,0.0000,-428.3674,483.8139,887.4672,0.0000,0.0000
159.5833,26.9238,5.1083,0.0000,-418.9159,483.9170,863.1660,0.0000,0.0000
159.6000,26.8971,5.0800,0.0000,-410.6414,483.9527,838.8648,0.0000,0.0000
159.6167,26.8677,5.0517,0.0000,-403.3331,483.9291,814.5636,0.0000,0.0000
159.6333,26.8359,5.0233,0.0000,-396.8198,483.8533,790.2624,0.0000,0.0000
159.6500,26.8021,4.9950,0.0000,-390.9621,483.7310,765.9612,0.0000,0.0000
159.6667,26.7663,4.9667,0.0000,-385.6462,483.5668,741.6600,0.0000,0.0000
159.6833,26.7289,4.9383,0.0000,-380.7789,483.3648,717.3588,0.0000,0.0000
159.7000,26.6899,4.9100,0.0000,-376.2839,483.1282,693.0576,0.0000,0.0000
159.7167,26.6495,4.8817,0.0000,-372.0984,482.8598,668.7564,0.0000,0.0000
159.7333,26.6077,4.8533,0.0000,-368.1706,482.5620,644.4552,0.0000,0.0000
159.7500,26.5647,4.8250,0.0000,-364.4581,482.2367,620.1540,0.0000,0.0000
159.7667,26.5205,4.7967,0.0000,-360.9254,481.8856,595.8528,0.0000,0.0000
159.7833,26.4753,4.7683,0.0000,-357.5434,481.5101,571.5516,0.0000,0.0000
159.8000,26.4290,4.7400,0.0000,-354.2878,481.1114,547.2504,0.0000,0.0000
159.8167,26.3817,4.7117,0.0000,-351.1384,480.6907,522.9492,0.0000,0.0000
159.8333,26.3334,4.6833,0.0000,-348.0784,480.2487,498.6480,0.0000,0.0000
159.8500,26.2842,4.6550,0.0000,-345.0937,479.7862,474.3468,0.0000,0.0000
159.8667,26.2342,4.6267,0.0000,-342.1724,479.3040,450.0456,0.0000,0.0000
159.8833,26.1832,4.5983,0.0000,-339.3048,478.8026,425.7444,0.0000,0.0000
159.9000,26.1315,4.5700,0.0000,-336.4825,478.2826,401.4432,0.0000,0.0000
159.9167,26.0789,4.5417,0.0000,-333.6983,477.7444,377.1420,0.0000,0.0000
159.9333,26.0255,4.5133,0.0000,-330.9465,477.1883,352.8408,0.0000,0.0000
159.9500,25.9713,4.4850,0.0000,-328.2220,476.6149,328.5396,0.0000,0.0000
159.9667,25.9163,4.4567,0.0000,-325.5204,476.0243,304.2384,0.0000,0.0000
159.9833,25.8606,4.4283,0.0000,-322.8381,475.4169,279.9372,0.0000,0.0000
160.0000,25.8041,4.4000,0.0000,-320.1720,474.7930,255.6360,0.0000,0.0000
160.0167,25.7469,4.3550,0.0000,-317.8923,474.5223,251.3754,0.0000,0.0000
160.0333,25.6892,4.3100,0.0000,-316.2579,474.2406,247.1148,0.0000,0.0000
160.0500,25.6312,4.2650,0.0000,-315.0513,473.9514,242.8542,0.0000,0.0000
160.0667,25.5729,4.2200,0.0000,-314.1293,473.6571,238.5936,0.0000,0.0000
160.0833,25.5145,4.1750,0.0000,-313.3956,473.3592,234.3330,0.0000,0.0000
160.1000,25.4560,4.1300,0.0000,-312.7838,473.0587,230.0724,0.0000,0.0000
160.1167,25.3973,4.0850,0.0000,-312.2481,472.7564,225.8118,0.0000,0.0000
160.1333,25.3386,4.0400,0.0000,-311.7563,472.4525,221.5512,0.0000,0.0000
160.1500,25.2799,3.9950,0.0000,-311.2862,472.1473,217.2906,0.0000,0.0000
160.1667,25.2211,3.9500,0.0000,-310.8223,471.8409,213.0300,0.0000,0.0000
160.1833,25.1622,3.9050,0.0000,-310.3540,471.5331,208.7694,0.0000,0.0000
160.2000,25.1032,3.8600,0.0000,-309.8744,471.2239,204.5088,0.0000,0.0000
160.2167,25.0442,3.8150,0.0000,-309.3790,470.9133,200.2482,0.0000,0.0000
160.2333,24.9852,3.7700,0.0000,-308.8652,470.6010,195.9876,0.0000,0.0000
160.2500,24.9260,3.7250,0.0000,-308.3319,470.2869,191.7270,0.0000,0.0000
160.2667,24.8668,3.6800,0.0000,-307.7786,469.9710,187.4664,0.0000,0.0000
160.2833,24.8074,3.6350,0.0000,-307.2058,469.6529,183.2058,0.0000,0.0000
160.3000,24.7480,3.5900,0.0000,-306.6141,469.3327,178.9452,0.0000,0.0000
160.3167,24.6884,3.5450,0.0000,-306.0047,469.0101,174.6846,0.0000,0.0000
160.3333,24.6288,3.5000,0.0000,-305.3787,468.6851,170.4240,0.0000,0.0000
160.3500,24.5690,3.4550,0.0000,-304.7374,468.3576,166.1634,0.0000,0.0000
160.3667,24.5091,3.4100,0.0000,-304.0822,468.0275,161.9028,0.0000,0.0000
160.3833,24.4491,3.3650,0.0000,-303.4143,467.6946,157.6422,0.0000,0.0000
160.4000,24.3890,3.3200,0.0000,-302.7351,467.3589,153.3816,0.0000,0.0000
160.4167,24.3287,3.2750,0.0000,-302.0457,467.0204,149.1210,0.0000,0.0000
160.4333,24.2684,3.2300,0.0000,-301.3473,466.6791,144.8604,0.0000,0.0000
160.4500,24.2078,3.1850,0.0000,-300.6408,466.3347,140.5998,0.0000,0.0000
160.4667,24.1472,3.1400,0.0000,-299.9273,465.9874,136.3392,0.0000,0.0000
160.4833,24.0864,3.0950,0.0000,-299.2075,465.6372,132.0786,0.0000,0.0000
160.5000,24.0255,3.0500,0.0000,-298.4824,465.2839,127.8180,0.0000,0.0000
160.5167,23.9644,3.0050,0.0000,-297.7525,464.9276,123.5574,0.0000,0.0000
160.5333,23.9032,2.9600,0.0000,-297.0185,464.5682,119.2968,0.0000,0.0000
160.5500,23.8419,2.9150,0.0000,-296.2810,464.2058,115.0362,0.0000,0.0000
160.5667,23.7804,2.8700,0.0000,-295.5405,463.8404,110.7756,0.0000,0.0000
160.5833,23.7188,2.8250,0.0000,-294.7974,463.4719,106.5150,0.0000,0.0000
160.6000,23.6570,2.7800,0.0000,-294.0521,463.1005,102.2544,0.0000,0.0000
160.6167,23.5951,2.7350,0.0000,-293.3050,462.7259,97.9938,0.0000,0.0000
160.6333,23.5331,2.6900,0.0000,-292.5563,462.3484,93.7332,0.0000,0.0000
160.6500,23.4710,2.6450,0.0000,-291.8063,461.9679,89.4726,0.0000,0.0000
160.6667,23.4087,2.6000,0.0000,-291.0553,461.5844,85.2120,0.0000,0.0000
160.6833,23.3463,2.5550,0.0000,-290.3033,461.1980,80.9514,0.0000,0.0000
160.7000,23.2837,2.5100,0.0000,-289.5507,460.8086,76.6908,0.0000,0.0000
160.7167,23.2210,2.4650,0.0000,-288.7974,460.4163,72.4302,0.0000,0.0000
160.7333,23.1582,2.4200,0.0000,-288.0437,460.0211,68.1696,0.0000,0.0000
160.7500,23.0953,2.3750,0.0000,-287.2896,459.6230,63.9090,0.0000,0.0000
160.7667,23.0322,2.3300,0.0000,-286.5352,459.2220,59.6484,0.0000,0.0000
160.7833,22.9690,2.2850,0.0000,-285.7806,458.8182,55.3878,0.0000,0.0000
160.8000,22.9056,2.2400,0.0000,-285.0257,458.4116,51.1272,0.0000,0.0000
160.8167,22.8422,2.1950,0.0000,-284.2707,458.0022,46.8666,0.0000,0.0000
160.8333,22.7786,2.1500,0.0000,-283.5155,457.5899,42.6060,0.0000,0.0000
160.8500,22.7149,2.1050,0.0000,-282.7602,457.1750,38.3454,0.0000,0.0000
160.8667,22.6511,2.0600,0.0000,-282.0048,456.7573,34.0848,0.0000,0.0000
160.8833,22.5871,2.0150,0.0000,-281.2492,456.3369,29.8242,0.0000,0.0000
160.9000,22.5230,1.9700,0.0000,-280.4935,455.9138,25.5636,0.0000,0.0000
160.9167,22.4588,1.9250,0.0000,-279.7376,455.4880,21.3030,0.0000,0.0000
160.9333,22.3945,1.8800,0.0000,-278.9815,455.0596,17.0424,0.0000,0.0000
160.9500,22.3301,1.8350,0.0000,-278.2251,454.6285,12.7818,0.0000,0.0000
160.9667,22.2655,1.7900,0.0000,-277.4685,454.1948,8.5212,0.0000,0.0000
160.9833,22.2009,1.7450,0.0000,-276.7116,453.7585,4.2606,0.0000,0.0000
161.0000,22.1361,1.7000,0.0000,-275.9539,453.3196,0.0000,0.0000,0.0000
161.0167,22.0716,1.6717,0.0000,-275.8324,452.5166,0.0000,0.0000,0.0000
161.0333,22.0073,1.6433,0.0000,-275.7092,451.7190,0.0000,0.0000,0.0000
161.0500,21.9432,1.6150,0.0000,-275.5647,450.9266,0.0000,0.0000,0.0000
161.0667,21.8794,1.5867,0.0000,-275.3896,450.1393,0.0000,0.0000,0.0000
161.0833,21.8158,1.5583,0.0000,-275.1806,449.3566,0.0000,0.0000,0.0000
161.1000,21.7523,1.5300,0.0000,-274.9371,448.5782,0.0000,0.0000,0.0000
161.1167,21.6891,1.5017,0.0000,-274.6604,447.8038,0.0000,0.0000,0.0000
161.1333,21.6260,1.4733,0.0000,-274.3526,447.0332,0.0000,0.0000,0.0000
161.1500,21.5631,1.4450,0.0000,-274.0160,446.2661,0.0000,0.0000,0.0000
161.1667,21.5003,1.4167,0.0000,-273.6532,445.5023,0.0000,0.0000,0.0000
161.1833,21.4377,1.3883,0.0000,-273.2668,444.7415,0.0000,0.0000,0.0000
161.2000,21.3752,1.3600,0.0000,-272.8592,443.9835,0.0000,0.0000,0.0000
161.2167,21.3128,1.3317,0.0000,-272.4325,443.2282,0.0000,0.0000,0.0000
161.2333,21.2506,1.3033,0.0000,-271.9890,442.4754,0.0000,0.0000,0.0000
161.2500,21.1884,1.2750,0.0000,-271.5305,441.7250,0.0000,0.0000,0.0000
161.2667,21.1263,1.2467,0.0000,-271.0587,440.9768,0.0000,0.0000,0.0000
161.2833,21.0644,1.2183,0.0000,-270.5754,440.2307,0.0000,0.0000,0.0000
161.3000,21.0025,1.1900,0.0000,-270.0818,439.4867,0.0000,0.0000,0.0000
161.3167,20.9407,1.1617,0.0000,-269.5793,438.7446,0.0000,0.0000,0.0000
161.3333,20.8790,1.1333,0.0000,-269.0691,438.0044,0.0000,0.0000,0.0000
161.3500,20.8174,1.1050,0.0000,-268.5522,437.2660,0.0000,0.0000,0.0000
161.3667,20.7558,1.0767,0.0000,-268.0294,436.5293,0.0000,0.0000,0.0000
161.3833,20.6944,1.0483,0.0000,-267.5016,435.7943,0.0000,0.0000,0.0000
161.4000,20.6330,1.0200,0.0000,-266.9694,435.0609,0.0000,0.0000,0.0000
161.4167,20.5717,0.9917,0.0000,-266.4336,434.3291,0.0000,0.0000,0.0000
161.4333,20.5104,0.9633,0.0000,-265.8946,433.5989,0.0000,0.0000,0.0000
161.4500,20.4492,0.9350,0.0000,-265.3529,432.8702,0.0000,0.0000,0.0000
161.4667,20.3881,0.9067,0.0000,-264.8088,432.1429,0.0000,0.0000,0.0000
161.4833,20.3270,0.8783,0.0000,-264.2628,431.4172,0.0000,0.0000,0.0000
161.5000,20.2661,0.8500,0.0000,-263.7150,430.6928,0.0000,0.0000,0.0000
161.5167,20.2051,0.8217,0.0000,-263.1657,429.9699,0.0000,0.0000,0.0000
161.5333,20.1443,0.7933,0.0000,-262.6152,429.2483,0.0000,0.0000,0.0000
161.5500,20.0835,0.7650,0.0000,-262.0634,428.5281,0.0000,0.0000,0.0000
161.5667,20.0227,0.7367,0.0000,-261.5106,427.8093,0.0000,0.0000,0.0000
161.5833,19.9897,0.7083,1031.0429,-249.6111,427.7048,0.0000,0.0000,0.0000
161.6000,19.9822,0.6800,1776.2457,-227.6354,428.1680,0.0000,0.0000,0.0000
161.6167,19.9787,0.6517,2129.4826,-204.6610,428.7182,0.0000,0.0000,0.0000
161.6333,19.9761,0.6233,2390.8070,-181.8748,429.2887,0.0000,0.0000,0.0000
161.6500,19.9737,0.5950,2627.7482,-159.5005,429.8646,0.0000,0.0000,0.0000
161.6667,19.9714,0.5667,2855.7364,-137.5587,430.4426,0.0000,0.0000,0.0000
161.6833,19.9692,0.5383,3078.4735,-116.0311,431.0217,0.0000,0.0000,0.0000
161.7000,19.9670,0.5100,3296.9859,-94.8955,431.6017,0.0000,0.0000,0.0000
161.7167,19.9649,0.4817,3511.6662,-74.1317,432.1826,0.0000,0.0000,0.0000
161.7333,19.9628,0.4533,3722.7396,-53.7223,432.7642,0.0000,0.0000,0.0000
161.7500,19.9607,0.4250,3930.3757,-33.6518,433.3467,0.0000,0.0000,0.0000
161.7667,19.9587,0.3967,4134.7173,-13.9070,433.9298,0.0000,0.0000,0.0000
161.7833,19.9566,0.3683,4335.8901,5.5243,434.5137,0.0000,0.0000,0.0000
161.8000,19.9547,0.3400,4534.0071,24.6530,435.0983,0.0000,0.0000,0.0000
161.8167,19.9527,0.3117,4729.1711,43.4890,435.6835,0.0000,0.0000,0.0000
161.8333,19.9508,0.2833,4921.4765,62.0416,436.2693,0.0000,0.0000,0.0000
161.8500,19.9489,0.2550,5111.0106,80.3192,436.8558,0.0000,0.0000,0.0000
161.8667,19.9470,0.2267,5297.8550,98.3300,437.4428,0.0000,0.0000,0.0000
161.8833,19.9452,0.1983,5482.0858,116.0812,438.0305,0.0000,0.0000,0.0000
161.9000,19.9434,0.1700,5663.7749,133.5800,438.6187,0.0000,0.0000,0.0000
161.9167,19.9416,0.1417,5842.9903,150.8331,439.2074,0.0000,0.0000,0.0000
161.9333,19.9398,0.1133,6019.7964,167.8468,439.7967,0.0000,0.0000,0.0000
161.9500,19.9381,0.0850,6194.2547,184.6272,440.3865,0.0000,0.0000,0.0000
161.9667,19.9363,0.0567,6366.4238,201.1800,440.9768,0.0000,0.0000,0.0000
161.9833,19.9346,0.0283,6536.3600,217.5109,441.5676,0.0000,0.0000,0.0000
162.0000,19.9330,0.0000,6704.1221,233.6258,442.1589,0.0000,0.0000,0.0000
162.0167,19.9313,-0.0183,6865.4469,249.1893,442.5298,0.0000,0.0000,0.0000
162.0333,19.9298,-0.0367,7023.7469,264.5523,442.9013,0.0000,0.0000,0.0000
162.0500,19.9282,-0.0550,7179.8251,279.7170,443.2734,0.0000,0.0000,0.0000
162.0667,19.9267,-0.0733,7333.8978,294.6872,443.6459,0.0000,0.0000,0.0000
162.0833,19.9251,-0.0917,7486.0464,309.4672,444.0188,0.0000,0.0000,0.0000
162.1000,19.9236,-0.1100,7636.3193,324.0607,444.3921,0.0000,0.0000,0.0000
162.1167,19.9222,-0.1283,7784.7556,338.4714,444.7659,0.0000,0.0000,0.0000
162.1333,19.9207,-0.1467,7931.3908,352.7028,445.1400,0.0000,0.0000,0.0000
162.1500,19.9192,-0.1650,8076.2588,366.7581,445.5146,0.0000,0.0000,0.0000
162.1667,19.9178,-0.1833,8219.3922,380.6406,445.8895,0.0000,0.0000,0.0000
162.1833,19.9164,-0.2017,8360.8228,394.3535,446.2648,0.0000,0.0000,0.0000
162.2000,19.9150,-0.2200,8500.5814,407.8999,446.6405,0.0000,0.0000,0.0000
162.2167,19.9136,-0.2383,8638.6984,421.2826,447.0165,0.0000,0.0000,0.0000
162.2333,19.9122,-0.2567,8775.2034,434.5048,447.3929,0.0000,0.0000,0.0000
162.2500,19.9109,-0.2750,8910.1256,447.5693,447.7697,0.0000,0.0000,0.0000
162.2667,19.9096,-0.2933,9043.4933,460.4789,448.1468,0.0000,0.0000,0.0000
162.2833,19.9082,-0.3117,9175.3345,473.2364,448.5242,0.0000,0.0000,0.0000
162.3000,19.9069,-0.3300,9305.6764,485.8445,448.9019,0.0000,0.0000,0.0000
162.3167,19.9057,-0.3483,9434.5457,498.3059,449.2800,0.0000,0.0000,0.0000
162.3333,19.9044,-0.3667,9561.9688,510.6232,449.6584,0.0000,0.0000,0.0000
162.3500,19.9031,-0.3850,9687.9711,522.7990,450.0372,0.0000,0.0000,0.0000
162.3667,19.9019,-0.4033,9812.5779,534.8357,450.4162,0.0000,0.0000,0.0000
162.3833,19.9006,-0.4217,9935.8138,546.7357,450.7955,0.0000,0.0000,0.0000
162.4000,19.8994,-0.4400,10057.7028,558.5016,451.1752,0.0000,0.0000,0.0000
162.4167,19.8982,-0.4583,10178.2686,570.1356,451.5551,0.0000,0.0000,0.0000
162.4333,19.8970,-0.4767,10297.5343,581.6401,451.9353,0.0000,0.0000,0.0000
162.4500,19.8958,-0.4950,10415.5224,593.0172,452.3158,0.0000,0.0000,0.0000
162.4667,19.8947,-0.5133,10532.2552,604.2693,452.6966,0.0000,0.0000,0.0000
162.4833,19.8935,-0.5317,10647.7544,615.3984,453.0777,0.0000,0.0000,0.0000
162.5000,19.8924,-0.5500,10762.0412,626.4067,453.4590,0.0000,0.0000,0.0000
162.5167,19.8912,-0.5683,10875.1363,637.2963,453.8406,0.0000,0.0000,0.0000
162.5333,19.8901,-0.5867,10987.0603,648.0691,454.2224,0.0000,0.0000,0.0000
162.5500,19.8890,-0.6050,11097.8329,658.7271,454.6045,0.0000,0.0000,0.0000
162.5667,19.8879,-0.6233,11207.4738,669.2724,454.9869,0.0000,0.0000,0.0000
162.5833,19.8868,-0.6417,11316.0020,679.7068,455.3695,0.0000,0.0000,0.0000
162.6000,19.8858,-0.6600,11423.4362,690.0321,455.7523,0.0000,0.0000,0.0000
162.6167,19.8847,-0.6783,11529.7948,700.2502,456.1354,0.0000,0.0000,0.0000
162.6333,19.8836,-0.6967,11635.0957,710.3629,456.5187,0.0000,0.0000,0.0000
162.6500,19.8826,-0.7150,11739.3564,720.3719,456.9023,0.0000,0.0000,0.0000
162.6667,19.8816,-0.7333,11842.5941,730.2790,457.2861,0.0000,0.0000,0.0000
162.6833,19.8806,-0.7517,11944.8257,740.0857,457.6701,0.0000,0.0000,0.0000
162.7000,19.8795,-0.7700,12046.0675,749.7938,458.0543,0.0000,0.0000,0.0000
162.7167,19.8785,-0.7883,12146.3358,759.4048,458.4387,0.0000,0.0000,0.0000
162.7333,19.8775,-0.8067,12245.6463,768.9204,458.8234,0.0000,0.0000,0.0000
162.7500,19.8766,-0.8250,12344.0143,778.3420,459.2082,0.0000,0.0000,0.0000
162.7667,19.8756,-0.8433,12441.4552,787.6711,459.5933,0.0000,0.0000,0.0000
162.7833,19.8746,-0.8617,12537.9836,796.9093,459.9785,0.0000,0.0000,0.0000
162.8000,19.8737,-0.8800,12633.6141,806.0580,460.3640,0.0000,0.0000,0.0000
162.8167,19.8727,-0.8983,12728.3609,815.1185,460.7497,0.0000,0.0000,0.0000
162.8333,19.8718,-0.9167,12822.2378,824.0923,461.1355,0.0000,0.0000,0.0000
162.8500,19.8708,-0.9350,12915.2586,832.9808,461.5215,0.0000,0.0000,0.0000
162.8667,19.8699,-0.9533,13007.4364,841.7852,461.9078,0.0000,0.0000,0.0000
162.8833,19.8690,-0.9717,13098.7844,850.5068,462.2942,0.0000,0.0000,0.0000
162.9000,19.8681,-0.9900,13189.3153,859.1470,462.6808,0.0000,0.0000,0.0000
162.9167,19.8672,-1.0083,13279.0417,867.7069,463.0676,0.0000,0.0000,0.0000
162.9333,19.8663,-1.0267,13367.9758,876.1879,463.4545,0.0000,0.0000,0.0000
162.9500,19.8654,-1.0450,13456.1296,884.5910,463.8416,0.0000,0.0000,0.0000
162.9667,19.8646,-1.0633,13543.5149,892.9175,464.2289,0.0000,0.0000,0.0000
162.9833,19.8637,-1.0817,13630.1433,901.1684,464.6164,0.0000,0.0000,0.0000
163.0000,19.8628,-1.1000,13716.0260,909.3451,465.0040,0.0000,0.0000,0.0000
163.0167,19.8620,-1.1183,13801.1740,917.4484,465.3918,0.0000,0.0000,0.0000
163.0333,19.8611,-1.1367,13885.5977,925.4795,465.7797,0.0000,0.0000,0.0000
163.0500,19.8603,-1.1550,13969.3071,933.4393,466.1678,0.0000,0.0000,0.0000
163.0667,19.8595,-1.1733,14052.3112,941.3287,466.5561,0.0000,0.0000,0.0000
163.0833,19.8587,-1.1917,14134.6187,949.1486,466.9445,0.0000,0.0000,0.0000
163.1000,19.8578,-1.2100,14216.2377,956.8997,467.3331,0.0000,0.0000,0.0000
163.1167,19.8570,-1.2283,14297.1759,964.5829,467.7218,0.0000,0.0000,0.0000
163.1333,19.8562,-1.2467,14377.4407,972.1988,468.1107,0.0000,0.0000,0.0000
163.1500,19.8554,-1.2650,14457.0395,979.7482,468.4997,0.0000,0.0000,0.0000
163.1667,19.8546,-1.2833,14535.9792,987.2318,468.8889,0.0000,0.0000,0.0000
163.1833,19.8539,-1.3017,14614.2670,994.6502,469.2782,0.0000,0.0000,0.0000
163.2000,19.8531,-1.3200,14691.9097,1002.0043,469.6676,0.0000,0.0000,0.0000
163.2167,19.8523,-1.3383,14768.9143,1009.2946,470.0572,0.0000,0.0000,0.0000
163.2333,19.8515,-1.3567,14845.2877,1016.5218,470.4470,0.0000,0.0000,0.0000
163.2500,19.8508,-1.3750,14921.0369,1023.6868,470.8368,0.0000,0.0000,0.0000
163.2667,19.8501,-1.3933,14988.3155,1030.4010,471.2286,0.0000,0.0000,0.0000
163.2833,19.8494,-1.4117,15057.8230,1037.0460,471.6198,0.0000,0.0000,0.0000
163.3000,19.8487,-1.4300,15127.5390,1043.6331,472.0111,0.0000,0.0000,0.0000
163.3167,19.8480,-1.4483,15196.9235,1050.1658,472.4023,0.0000,0.0000,0.0000
163.3333,19.8473,-1.4667,15265.8364,1056.6458,472.7937,0.0000,0.0000,0.0000
163.3500,19.8467,-1.4850,15334.2455,1063.0741,473.1852,0.0000,0.0000,0.0000
163.3667,19.8460,-1.5033,15402.1473,1069.4514,473.5768,0.0000,0.0000,0.0000
163.3833,19.8453,-1.5217,15469.5458,1075.7785,473.9686,0.0000,0.0000,0.0000
163.4000,19.8446,-1.5400,15536.4469,1082.0560,474.3604,0.0000,0.0000,0.0000
163.4167,19.8440,-1.5583,15602.8568,1088.2845,474.7523,0.0000,0.0000,0.0000
163.4333,19.8433,-1.5767,15668.7815,1094.4646,475.1444,0.0000,0.0000,0.0000
163.4500,19.8427,-1.5950,15734.2272,1100.5970,475.5366,0.0000,0.0000,0.0000
163.4667,19.8420,-1.6133,15799.1997,1106.6822,475.9288,0.0000,0.0000,0.0000
163.4833,19.8414,-1.6317,15863.7049,1112.7208,476.3212,0.0000,0.0000,0.0000
163.5000,19.8407,-1.6500,15927.7484,1118.7133,476.7137,0.0000,0.0000,0.0000
163.5167,19.8401,-1.6683,15991.3360,1124.6604,477.1062,0.0000,0.0000,0.0000
163.5333,19.8395,-1.6867,16054.4730,1130.5626,477.4989,0.0000,0.0000,0.0000
163.5500,19.8388,-1.7050,16117.1651,1136.4204,477.8917,0.0000,0.0000,0.0000
163.5667,19.8382,-1.7233,16179.4175,1142.2344,478.2845,0.0000,0.0000,0.0000
163.5833,19.8376,-1.7417,16241.2355,1148.0051,478.6775,0.0000,0.0000,0.0000
163.6000,19.8370,-1.7600,16302.6244,1153.7330,479.0706,0.0000,0.0000,0.0000
163.6167,19.8364,-1.7783,16363.5892,1159.4186,479.4637,0.0000,0.0000,0.0000
163.6333,19.8358,-1.7967,16424.1351,1165.0624,479.8569,0.0000,0.0000,0.0000
163.6500,19.8352,-1.8150,16484.2670,1170.6649,480.2503,0.0000,0.0000,0.0000
163.6667,19.8346,-1.8333,16543.9897,1176.2266,480.6437,0.0000,0.0000,0.0000
163.6833,19.8340,-1.8517,16603.3083,1181.7481,481.0372,0.0000,0.0000,0.0000
163.7000,19.8334,-1.8700,16662.2274,1187.2297,481.4308,0.0000,0.0000,0.0000
163.7167,19.8328,-1.8883,16720.7517,1192.6719,481.8245,0.0000,0.0000,0.0000
163.7333,19.8322,-1.9067,16778.8858,1198.0752,482.2183,0.0000,0.0000,0.0000
163.7500,19.8316,-1.9250,16836.6344,1203.4401,482.6122,0.0000,0.0000,0.0000
163.7667,19.8311,-1.9433,16894.0020,1208.7669,483.0061,0.0000,0.0000,0.0000
163.7833,19.8305,-1.9617,16950.9929,1214.0562,483.4002,0.0000,0.0000,0.0000
163.8000,19.8299,-1.9800,17007.6116,1219.3084,483.7943,0.0000,0.0000,0.0000
163.8167,19.8294,-1.9983,17063.8623,1224.5239,484.1885,0.0000,0.0000,0.0000
163.8333,19.8288,-2.0167,17119.7494,1229.7031,484.5828,0.0000,0.0000,0.0000
163.8500,19.8282,-2.0350,17175.2769,1234.8464,484.9771,0.0000,0.0000,0.0000
163.8667,19.8277,-2.0533,17230.4491,1239.9544,485.3715,0.0000,0.0000,0.0000
163.8833,19.8271,-2.0717,17285.2701,1245.0272,485.7661,0.0000,0.0000,0.0000
163.9000,19.8266,-2.0900,17339.7437,1250.0655,486.1607,0.0000,0.0000,0.0000
163.9167,19.8261,-2.1083,17393.8740,1255.0695,486.5553,0.0000,0.0000,0.0000
163.9333,19.8255,-2.1267,17447.6649,1260.0396,486.9501,0.0000,0.0000,0.0000
163.9500,19.8250,-2.1450,17501.1201,1264.9763,487.3449,0.0000,0.0000,0.0000
163.9667,19.8245,-2.1633,17554.2436,1269.8799,487.7398,0.0000,0.0000,0.0000
163.9833,19.8239,-2.1817,17607.0391,1274.7507,488.1347,0.0000,0.0000,0.0000
164.0000,19.8233,-2.2000,17665.3588,1279.8590,488.5285,0.0000,0.0000,0.0000
164.0167,19.8228,-2.2183,17715.3216,1284.6772,488.9241,0.0000,0.0000,0.0000
164.0333,19.8223,-2.2367,17766.5794,1289.4574,489.3194,0.0000,0.0000,0.0000
164.0500,19.8218,-2.2550,17817.9726,1294.2059,489.7147,0.0000,0.0000,0.0000
164.0667,19.8213,-2.2733,17869.1888,1298.9245,490.1100,0.0000,0.0000,0.0000
164.0833,19.8208,-2.2917,17920.1450,1303.6138,490.5053,0.0000,0.0000,0.0000
164.1000,19.8203,-2.3100,17970.8196,1308.2740,490.9008,0.0000,0.0000,0.0000
164.1167,19.8198,-2.3283,18021.2079,1312.9054,491.2963,0.0000,0.0000,0.0000
164.1333,19.8193,-2.3467,18071.3106,1317.5081,491.6918,0.0000,0.0000,0.0000
164.1500,19.8188,-2.3650,18121.1298,1322.0825,492.0875,0.0000,0.0000,0.0000
164.1667,19.8183,-2.3833,18170.6687,1326.6290,492.4831,0.0000,0.0000,0.0000
164.1833,19.8178,-2.4017,18219.9310,1331.1479,492.8789,0.0000,0.0000,0.0000
164.2000,19.8173,-2.4200,18268.9209,1335.6397,493.2747,0.0000,0.0000,0.0000
164.2167,19.8168,-2.4383,18317.6426,1340.1048,493.6706,0.0000,0.0000,0.0000
164.2333,19.8163,-2.4567,18366.1006,1344.5436,494.0665,0.0000,0.0000,0.0000
164.2500,19.8159,-2.4750,18414.2993,1348.9567,494.4625,0.0000,0.0000,0.0000
164.2667,19.8154,-2.4933,18462.2432,1353.3444,494.8585,0.0000,0.0000,0.0000
164.2833,19.8149,-2.5117,18509.9366,1357.7071,495.2546,0.0000,0.0000,0.0000
164.3000,19.8144,-2.5300,18557.3838,1362.0454,495.6508,0.0000,0.0000,0.0000
164.3167,19.8140,-2.5483,18604.5890,1366.3596,496.0470,0.0000,0.0000,0.0000
164.3333,19.8135,-2.5667,18651.5561,1370.6501,496.4432,0.0000,0.0000,0.0000
164.3500,19.8130,-2.5850,18698.2892,1374.9173,496.8395,0.0000,0.0000,0.0000
164.3667,19.8126,-2.6033,18744.7919,1379.1616,497.2359,0.0000,0.0000,0.0000
164.3833,19.8121,-2.6217,18791.0680,1383.3833,497.6323,0.0000,0.0000,0.0000
164.4000,19.8116,-2.6400,18837.1208,1387.5828,498.0288,0.0000,0.0000,0.0000
164.4167,19.8112,-2.6583,18882.9538,1391.7604,498.4253,0.0000,0.0000,0.0000
164.4333,19.8107,-2.6767,18928.5703,1395.9164,498.8218,0.0000,0.0000,0.0000
164.4500,19.8103,-2.6950,18973.9733,1400.0512,499.2184,0.0000,0.0000,0.0000
164.4667,19.8098,-2.7133,19019.1660,1404.1650,499.6151,0.0000,0.0000,0.0000
164.4833,19.8094,-2.7317,19064.1512,1408.2581,500.0118,0.0000,0.0000,0.0000
164.5000,19.8089,-2.7500,19108.9318,1412.3309,500.4085,0.0000,0.0000,0.0000
164.5167,19.8085,-2.7683,19153.5106,1416.3835,500.8053,0.0000,0.0000,0.0000
164.5333,19.8080,-2.7867,19197.8901,1420.4163,501.2021,0.0000,0.0000,0.0000
164.5500,19.8076,-2.8050,19242.0729,1424.4295,501.5990,0.0000,0.0000,0.0000
164.5667,19.8071,-2.8233,19286.0614,1428.4233,501.9959,0.0000,0.0000,0.0000
164.5833,19.8067,-2.8417,19329.8582,1432.3980,502.3929,0.0000,0.0000,0.0000
164.6000,19.8063,-2.8600,19373.4654,1436.3538,502.7899,0.0000,0.0000,0.0000
164.6167,19.8058,-2.8783,19416.8854,1440.2909,503.1869,0.0000,0.0000,0.0000
164.6333,19.8054,-2.8967,19460.1202,1444.2095,503.5840,0.0000,0.0000,0.0000
164.6500,19.8050,-2.9150,19503.1721,1448.1099,503.9812,0.0000,0.0000,0.0000
164.6667,19.8045,-2.9333,19546.0431,1451.9923,504.3783,0.0000,0.0000,0.0000
164.6833,19.8041,-2.9517,19588.7351,1455.8568,504.7755,0.0000,0.0000,0.0000
164.7000,19.8037,-2.9700,19631.2501,1459.7036,505.1728,0.0000,0.0000,0.0000
164.7167,19.8033,-2.9883,19673.5900,1463.5330,505.5701,0.0000,0.0000,0.0000
164.7333,19.8028,-3.0067,19715.7566,1467.3451,505.9674,0.0000,0.0000,0.0000
164.7500,19.8024,-3.0250,19757.7517,1471.1401,506.3647,0.0000,0.0000,0.0000
164.7667,19.8020,-3.0433,19799.5771,1474.9181,506.7621,0.0000,0.0000,0.0000
164.7833,19.8016,-3.0617,19841.2344,1478.6794,507.1596,0.0000,0.0000,0.0000
164.8000,19.8012,-3.0800,19882.7254,1482.4240,507.5570,0.0000,0.0000,0.0000
164.8167,19.8008,-3.0983,19924.0515,1486.1523,507.9545,0.0000,0.0000,0.0000
164.8333,19.8003,-3.1167,19965.2145,1489.8642,508.3521,0.0000,0.0000,0.0000
164.8500,19.7999,-3.1350,20006.2158,1493.5600,508.7497,0.0000,0.0000,0.0000
164.8667,19.7995,-3.1533,20047.0570,1497.2398,509.1473,0.0000,0.0000,0.0000
164.8833,19.7991,-3.1717,20087.7395,1500.9037,509.5449,0.0000,0.0000,0.0000
164.9000,19.7987,-3.1900,20128.2649,1504.5520,509.9426,0.0000,0.0000,0.0000
164.9167,19.7983,-3.2083,20168.6345,1508.1847,510.3403,0.0000,0.0000,0.0000
164.9333,19.7979,-3.2267,20208.8497,1511.8020,510.7381,0.0000,0.0000,0.0000
164.9500,19.7975,-3.2450,20248.9119,1515.4040,511.1359,0.0000,0.0000,0.0000
164.9667,19.7971,-3.2633,20288.8224,1518.9909,511.5337,0.0000,0.0000,0.0000
164.9833,19.7967,-3.2817,20328.5826,1522.5628,511.9316,0.0000,0.0000,0.0000
165.0000,19.7963,-3.3000,20368.1938,1526.1198,512.3295,0.0000,0.0000,0.0000
165.0167,19.7960,-3.3000,20400.2220,1529.0328,512.3224,0.0000,0.0000,0.0000
165.0333,19.7957,-3.3000,20430.0696,1531.9385,512.3157,0.0000,0.0000,0.0000
165.0500,19.7954,-3.3000,20459.2070,1534.8305,512.3093,0.0000,0.0000,0.0000
165.0667,19.7951,-3.3000,20488.0326,1537.7068,512.3029,0.0000,0.0000,0.0000
165.0833,19.7948,-3.3000,20516.6520,1540.5666,512.2965,0.0000,0.0000,0.0000
165.1000,19.7945,-3.3000,20545.0904,1543.4092,512.2902,0.0000,0.0000,0.0000
165.1167,19.7943,-3.3000,20573.3502,1546.2340,512.2839,0.0000,0.0000,0.0000
165.1333,19.7940,-3.3000,20601.4274,1549.0403,512.2777,0.0000,0.0000,0.0000
165.1500,19.7937,-3.3000,20629.3163,1551.8274,512.2715,0.0000,0.0000,0.0000
165.1667,19.7934,-3.3000,20657.0106,1554.5949,512.2654,0.0000,0.0000,0.0000
165.1833,19.7932,-3.3000,20684.5040,1557.3419,512.2593,0.0000,0.0000,0.0000
165.2000,19.7929,-3.3000,20711.7905,1560.0679,512.2532,0.0000,0.0000,0.0000
165.2167,19.7926,-3.3000,20738.8645,1562.7724,512.2472,0.0000,0.0000,0.0000
165.2333,19.7923,-3.3000,20765.7208,1565.4549,512.2413,0.0000,0.0000,0.0000
165.2500,19.7921,-3.3000,20792.3545,1568.1149,512.2354,0.0000,0.0000,0.0000
165.2667,19.7918,-3.3000,20818.7614,1570.7519,512.2295,0.0000,0.0000,0.0000
165.2833,19.7916,-3.3000,20844.9375,1573.3657,512.2237,0.0000,0.0000,0.0000
165.3000,19.7913,-3.3000,20870.8795,1575.9558,512.2179,0.0000,0.0000,0.0000
165.3167,19.7910,-3.3000,20896.5842,1578.5221,512.2122,0.0000,0.0000,0.0000
165.3333,19.7908,-3.3000,20922.0490,1581.0641,512.2066,0.0000,0.0000,0.0000
165.3500,19.7905,-3.3000,20947.2719,1583.5819,512.2010,0.0000,0.0000,0.0000
165.3667,19.7903,-3.3000,20972.2508,1586.0751,512.1955,0.0000,0.0000,0.0000
165.3833,19.7900,-3.3000,20996.9844,1588.5437,512.1900,0.0000,0.0000,0.0000
165.4000,19.7898,-3.3000,21021.4714,1590.9875,512.1845,0.0000,0.0000,0.0000
165.4167,19.7895,-3.3000,21045.7109,1593.4065,512.1792,0.0000,0.0000,0.0000
165.4333,19.7893,-3.3000,21069.7025,1595.8006,512.1738,0.0000,0.0000,0.0000
165.4500,19.7891,-3.3000,21093.4458,1598.1698,512.1686,0.0000,0.0000,0.0000
165.4667,19.7888,-3.3000,21116.9407,1600.5141,512.1634,0.0000,0.0000,0.0000
165.4833,19.7886,-3.3000,21140.1875,1602.8336,512.1582,0.0000,0.0000,0.0000
165.5000,19.7884,-3.3000,21163.1866,1605.1282,512.1531,0.0000,0.0000,0.0000
165.5167,19.7881,-3.3000,21185.9385,1607.3981,512.1481,0.0000,0.0000,0.0000
165.5333,19.7879,-3.3000,21208.4441,1609.6433,512.1431,0.0000,0.0000,0.0000
165.5500,19.7877,-3.3000,21230.7043,1611.8640,512.1381,0.0000,0.0000,0.0000
165.5667,19.7875,-3.3000,21252.7202,1614.0603,512.1332,0.0000,0.0000,0.0000
165.5833,19.7873,-3.3000,21274.4931,1616.2322,512.1284,0.0000,0.0000,0.0000
165.6000,19.7870,-3.3000,21296.0244,1618.3800,512.1236,0.0000,0.0000,0.0000
165.6167,19.7868,-3.3000,21317.3157,1620.5038,512.1189,0.0000,0.0000,0.0000
165.6333,19.7866,-3.3000,21338.3685,1622.6038,512.1142,0.0000,0.0000,0.0000
165.6500,19.7864,-3.3000,21359.1846,1624.6801,512.1096,0.0000,0.0000,0.0000
165.6667,19.7862,-3.3000,21379.7657,1626.7330,512.1051,0.0000,0.0000,0.0000
165.6833,19.7860,-3.3000,21400.1139,1628.7626,512.1006,0.0000,0.0000,0.0000
165.7000,19.7858,-3.3000,21420.2310,1630.7691,512.0961,0.0000,0.0000,0.0000
165.7167,19.7856,-3.3000,21440.1192,1632.7527,512.0917,0.0000,0.0000,0.0000
165.7333,19.7854,-3.3000,21459.7804,1634.7137,512.0873,0.0000,0.0000,0.0000
165.7500,19.7852,-3.3000,21479.2169,1636.6523,512.0830,0.0000,0.0000,0.0000
165.7667,19.7850,-3.3000,21498.4308,1638.5686,512.0787,0.0000,0.0000,0.0000
165.7833,19.7848,-3.3000,21517.4244,1640.4629,512.0745,0.0000,0.0000,0.0000
165.8000,19.7846,-3.3000,21536.1999,1642.3355,512.0704,0.0000,0.0000,0.0000
165.8167,19.7845,-3.3000,21554.7596,1644.1866,512.0662,0.0000,0.0000,0.0000
165.8333,19.7843,-3.3000,21573.1058,1646.0164,512.0622,0.0000,0.0000,0.0000
165.8500,19.7841,-3.3000,21591.2409,1647.8250,512.0582,0.0000,0.0000,0.0000
165.8667,19.7839,-3.3000,21609.1671,1649.6129,512.0542,0.0000,0.0000,0.0000
165.8833,19.7837,-3.3000,21626.8869,1651.3802,512.0502,0.0000,0.0000,0.0000
165.9000,19.7836,-3.3000,21644.4025,1653.1271,512.0464,0.0000,0.0000,0.0000
165.9167,19.7834,-3.3000,21661.7164,1654.8539,512.0425,0.0000,0.0000,0.0000
165.9333,19.7832,-3.3000,21678.8308,1656.5608,512.0387,0.0000,0.0000,0.0000
165.9500,19.7830,-3.3000,21695.7482,1658.2480,512.0350,0.0000,0.0000,0.0000
165.9667,19.7829,-3.3000,21712.4709,1659.9158,512.0313,0.0000,0.0000,0.0000
165.9833,19.7827,-3.3000,21729.0012,1661.5645,512.0276,0.0000,0.0000,0.0000
166.0000,19.7825,-3.3000,21745.3414,1663.1942,512.0240,0.0000,0.0000,0.0000
166.0167,19.7823,-3.3100,21765.5520,1665.1487,512.2413,0.0000,0.0000,0.0000
166.0333,19.7821,-3.3200,21786.6880,1667.0809,512.4584,0.0000,0.0000,0.0000
166.0500,19.7819,-3.3300,21807.9495,1668.9944,512.6756,0.0000,0.0000,0.0000
166.0667,19.7817,-3.3400,21829.1217,1670.8905,512.8927,0.0000,0.0000,0.0000
166.0833,19.7815,-3.3500,21850.1498,1672.7701,513.1098,0.0000,0.0000,0.0000
166.1000,19.7813,-3.3600,21871.0229,1674.6337,513.3270,0.0000,0.0000,0.0000
166.1167,19.7811,-3.3700,21891.7426,1676.4820,513.5443,0.0000,0.0000,0.0000
166.1333,19.7809,-3.3800,21912.3140,1678.3157,513.7615,0.0000,0.0000,0.0000
166.1500,19.7807,-3.3900,21932.7430,1680.1353,513.9788,0.0000,0.0000,0.0000
166.1667,19.7805,-3.4000,21953.0360,1681.9416,514.1961,0.0000,0.0000,0.0000
166.1833,19.7803,-3.4100,21973.1992,1683.7352,514.4135,0.0000,0.0000,0.0000
166.2000,19.7801,-3.4200,21993.2389,1685.5166,514.6309,0.0000,0.0000,0.0000
166.2167,19.7799,-3.4300,22013.1608,1687.2865,514.8483,0.0000,0.0000,0.0000
166.2333,19.7797,-3.4400,22032.9706,1689.0453,515.0657,0.0000,0.0000,0.0000
166.2500,19.7795,-3.4500,22052.6739,1690.7937,515.2831,0.0000,0.0000,0.0000
166.2667,19.7793,-3.4600,22072.2756,1692.5322,515.5006,0.0000,0.0000,0.0000
166.2833,19.7791,-3.4700,22091.7808,1694.2612,515.7181,0.0000,0.0000,0.0000
166.3000,19.7789,-3.4800,22111.1940,1695.9811,515.9356,0.0000,0.0000,0.0000
166.3167,19.7787,-3.4900,22130.5196,1697.6925,516.1532,0.0000,0.0000,0.0000
166.3333,19.7785,-3.5000,22149.7618,1699.3957,516.3707,0.0000,0.0000,0.0000
166.3500,19.7783,-3.5100,22168.9243,1701.0910,516.5883,0.0000,0.0000,0.0000
166.3667,19.7781,-3.5200,22188.0108,1702.7789,516.8059,0.0000,0.0000,0.0000
166.3833,19.7779,-3.5300,22207.0247,1704.4596,517.0235,0.0000,0.0000,0.0000
166.4000,19.7777,-3.5400,22225.9693,1706.1336,517.2411,0.0000,0.0000,0.0000
166.4167,19.7776,-3.5500,22244.8475,1707.8010,517.4587,0.0000,0.0000,0.0000
166.4333,19.7774,-3.5600,22263.6621,1709.4621,517.6764,0.0000,0.0000,0.0000
166.4500,19.7772,-3.5700,22282.4159,1711.1173,517.8941,0.0000,0.0000,0.0000
166.4667,19.7770,-3.5800,22301.1111,1712.7667,518.1117,0.0000,0.0000,0.0000
166.4833,19.7768,-3.5900,22319.7502,1714.4106,518.3294,0.0000,0.0000,0.0000
166.5000,19.7766,-3.6000,22338.3353,1716.0491,518.5471,0.0000,0.0000,0.0000
166.5167,19.7764,-3.6100,22356.8683,1717.6825,518.7648,0.0000,0.0000,0.0000
166.5333,19.7762,-3.6200,22375.3511,1719.3110,518.9826,0.0000,0.0000,0.0000
166.5500,19.7761,-3.6300,22393.7855,1720.9347,519.2003,0.0000,0.0000,0.0000
166.5667,19.7759,-3.6400,22412.1730,1722.5537,519.4180,0.0000,0.0000,0.0000
166.5833,19.7757,-3.6500,22430.5151,1724.1683,519.6358,0.0000,0.0000,0.0000
166.6000,19.7755,-3.6600,22448.8133,1725.7785,519.8536,0.0000,0.0000,0.0000
166.6167,19.7753,-3.6700,22467.0688,1727.3845,520.0713,0.0000,0.0000,0.0000
166.6333,19.7751,-3.6800,22485.2828,1728.9864,520.2891,0.0000,0.0000,0.0000
166.6500,19.7750,-3.6900,22503.4564,1730.5842,520.5069,0.0000,0.0000,0.0000
166.6667,19.7748,-3.7000,22521.5907,1732.1782,520.7247,0.0000,0.0000,0.0000
166.6833,19.7746,-3.7100,22539.6864,1733.7684,520.9425,0.0000,0.0000,0.0000
166.7000,19.7744,-3.7200,22557.7446,1735.3548,521.1603,0.0000,0.0000,0.0000
166.7167,19.7742,-3.7300,22575.7660,1736.9376,521.3782,0.0000,0.0000,0.0000
166.7333,19.7741,-3.7400,22593.7514,1738.5168,521.5960,0.0000,0.0000,0.0000
166.7500,19.7739,-3.7500,22611.7014,1740.0924,521.8138,0.0000,0.0000,0.0000
166.7667,19.7737,-3.7600,22629.6166,1741.6647,522.0317,0.0000,0.0000,0.0000
166.7833,19.7735,-3.7700,22647.4976,1743.2335,522.2495,0.0000,0.0000,0.0000
166.8000,19.7733,-3.7800,22665.3450,1744.7989,522.4674,0.0000,0.0000,0.0000
166.8167,19.7732,-3.7900,22683.1591,1746.3611,522.6853,0.0000,0.0000,0.0000
166.8333,19.7730,-3.8000,22700.9405,1747.9200,522.9031,0.0000,0.0000,0.0000
166.8500,19.7728,-3.8100,22718.6895,1749.4756,523.1210,0.0000,0.0000,0.0000
166.8667,19.7726,-3.8200,22736.4064,1751.0281,523.3389,0.0000,0.0000,0.0000
166.8833,19.7725,-3.8300,22754.0917,1752.5774,523.5568,0.0000,0.0000,0.0000
166.9000,19.7723,-3.8400,22771.7455,1754.1235,523.7747,0.0000,0.0000,0.0000
166.9167,19.7721,-3.8500,22789.3682,1755.6666,523.9926,0.0000,0.0000,0.0000
166.9333,19.7719,-3.8600,22806.9599,1757.2065,524.2106,0.0000,0.0000,0.0000
166.9500,19.7718,-3.8700,22824.5210,1758.7434,524.4285,0.0000,0.0000,0.0000
166.9667,19.7716,-3.8800,22842.0516,1760.2773,524.6464,0.0000,0.0000,0.0000
166.9833,19.7714,-3.8900,22859.5518,1761.8081,524.8644,0.0000,0.0000,0.0000
167.0000,19.7712,-3.9000,22877.0218,1763.3359,525.0823,0.0000,0.0000,0.0000
167.0167,19.7711,-3.9000,22890.4009,1764.5167,525.0794,0.0000,0.0000,0.0000
167.0333,19.7710,-3.9000,22902.6379,1765.6983,525.0766,0.0000,0.0000,0.0000
167.0500,19.7709,-3.9000,22914.5357,1766.8774,525.0740,0.0000,0.0000,0.0000
167.0667,19.7707,-3.9000,22926.3119,1768.0528,525.0714,0.0000,0.0000,0.0000
167.0833,19.7706,-3.9000,22938.0238,1769.2239,525.0688,0.0000,0.0000,0.0000
167.1000,19.7705,-3.9000,22949.6844,1770.3904,525.0662,0.0000,0.0000,0.0000
167.1167,19.7704,-3.9000,22961.2945,1771.5519,525.0636,0.0000,0.0000,0.0000
167.1333,19.7703,-3.9000,22972.8510,1772.7079,525.0611,0.0000,0.0000,0.0000
167.1500,19.7702,-3.9000,22984.3501,1773.8579,525.0585,0.0000,0.0000,0.0000
167.1667,19.7700,-3.9000,22995.7876,1775.0016,525.0560,0.0000,0.0000,0.0000
167.1833,19.7699,-3.9000,23007.1594,1776.1386,525.0535,0.0000,0.0000,0.0000
167.2000,19.7698,-3.9000,23018.4614,1777.2683,525.0509,0.0000,0.0000,0.0000
167.2167,19.7697,-3.9000,23026.2177,1778.1391,525.0492,0.0000,0.0000,0.0000
167.2333,19.7697,-3.9000,23034.4445,1779.0023,525.0474,0.0000,0.0000,0.0000
167.2500,19.7696,-3.9000,23042.8480,1779.8593,525.0455,0.0000,0.0000,0.0000
167.2667,19.7695,-3.9000,23051.2993,1780.7106,525.0437,0.0000,0.0000,0.0000
167.2833,19.7694,-3.9000,23059.7418,1781.5564,525.0418,0.0000,0.0000,0.0000
167.3000,19.7693,-3.9000,23068.1502,1782.3967,525.0399,0.0000,0.0000,0.0000
167.3167,19.7692,-3.9000,23076.5127,1783.2315,525.0381,0.0000,0.0000,0.0000
167.3333,19.7692,-3.9000,23084.8237,1784.0606,525.0362,0.0000,0.0000,0.0000
167.3500,19.7691,-3.9000,23093.0804,1784.8841,525.0344,0.0000,0.0000,0.0000
167.3667,19.7690,-3.9000,23101.2808,1785.7018,525.0326,0.0000,0.0000,0.0000
167.3833,19.7689,-3.9000,23109.4237,1786.5137,525.0308,0.0000,0.0000,0.0000
167.4000,19.7688,-3.9000,23117.5080,1787.3196,525.0290,0.0000,0.0000,0.0000
167.4167,19.7687,-3.9000,23125.5330,1788.1195,525.0272,0.0000,0.0000,0.0000
167.4333,19.7687,-3.9000,23133.4977,1788.9133,525.0254,0.0000,0.0000,0.0000
167.4500,19.7686,-3.9000,23141.4016,1789.7009,525.0237,0.0000,0.0000,0.0000
167.4667,19.7685,-3.9000,23149.2440,1790.4824,525.0219,0.0000,0.0000,0.0000
167.4833,19.7684,-3.9000,23157.0243,1791.2575,525.0202,0.0000,0.0000,0.0000
167.5000,19.7684,-3.9000,23164.7420,1792.0264,525.0185,0.0000,0.0000,0.0000
167.5167,19.7683,-3.9000,23172.3966,1792.7889,525.0168,0.0000,0.0000,0.0000
167.5333,19.7682,-3.9000,23179.9877,1793.5450,525.0151,0.0000,0.0000,0.0000
167.5500,19.7681,-3.9000,23187.5150,1794.2947,525.0134,0.0000,0.0000,0.0000
167.5667,19.7681,-3.9000,23194.9783,1795.0379,525.0118,0.0000,0.0000,0.0000
167.5833,19.7680,-3.9000,23202.3771,1795.7747,525.0101,0.0000,0.0000,0.0000
167.6000,19.7679,-3.9000,23209.7113,1796.5050,525.0085,0.0000,0.0000,0.0000
167.6167,19.7678,-3.9000,23216.9808,1797.2287,525.0069,0.0000,0.0000,0.0000
167.6333,19.7678,-3.9000,23224.1854,1797.9460,525.0053,0.0000,0.0000,0.0000
167.6500,19.7677,-3.9000,23231.3250,1798.6567,525.0037,0.0000,0.0000,0.0000
167.6667,19.7676,-3.9000,23238.3995,1799.3609,525.0022,0.0000,0.0000,0.0000
167.6833,19.7675,-3.9000,23245.4091,1800.0586,525.0006,0.0000,0.0000,0.0000
167.7000,19.7675,-3.9000,23252.3536,1800.7498,524.9991,0.0000,0.0000,0.0000
167.7167,19.7674,-3.9000,23259.2331,1801.4345,524.9975,0.0000,0.0000,0.0000
167.7333,19.7673,-3.9000,23266.0477,1802.1127,524.9960,0.0000,0.0000,0.0000
167.7500,19.7673,-3.9000,23272.7975,1802.7844,524.9945,0.0000,0.0000,0.0000
167.7667,19.7672,-3.9000,23279.4827,1803.4496,524.9930,0.0000,0.0000,0.0000
167.7833,19.7671,-3.9000,23286.1033,1804.1083,524.9916,0.0000,0.0000,0.0000
167.8000,19.7671,-3.9000,23292.6596,1804.7607,524.9901,0.0000,0.0000,0.0000
167.8167,19.7670,-3.9000,23299.1518,1805.4066,524.9887,0.0000,0.0000,0.0000
167.8333,19.7669,-3.9000,23305.5800,1806.0461,524.9873,0.0000,0.0000,0.0000
167.8500,19.7669,-3.9000,23311.9446,1806.6793,524.9858,0.0000,0.0000,0.0000
167.8667,19.7668,-3.9000,23318.2457,1807.3061,524.9844,0.0000,0.0000,0.0000
167.8833,19.7668,-3.9000,23324.4836,1807.9266,524.9831,0.0000,0.0000,0.0000
167.9000,19.7667,-3.9000,23330.6587,1808.5408,524.9817,0.0000,0.0000,0.0000
167.9167,19.7666,-3.9000,23336.7712,1809.1488,524.9803,0.0000,0.0000,0.0000
167.9333,19.7666,-3.9000,23342.8214,1809.7505,524.9790,0.0000,0.0000,0.0000
167.9500,19.7665,-3.9000,23348.8096,1810.3461,524.9777,0.0000,0.0000,0.0000
167.9667,19.7665,-3.9000,23354.7363,1810.9355,524.9764,0.0000,0.0000,0.0000
167.9833,19.7664,-3.9000,23360.6016,1811.5188,524.9751,0.0000,0.0000,0.0000
