Time (hrs),Zone Temp (C),Outside Temp (C),HVAC Power (W),Fabric Loss (W),Air Exchange Loss (W),Solar Gains (W),Internal Gains (W),Window State (0-1)
0.0000,15.0253,5.1020,0.0000,50.2160,3.6690,0.0000,0.0000,0.0000
0.0167,15.0227,5.0895,0.0000,49.7340,3.6739,0.0000,0.0000,0.0000
0.0333,15.0201,5.0770,0.0000,49.2610,3.6788,0.0000,0.0000,0.0000
0.0500,15.0175,5.0645,0.0000,48.7968,3.6838,0.0000,0.0000,0.0000
0.0667,15.0149,5.0520,0.0000,48.3410,3.6887,0.0000,0.0000,0.0000
0.0833,15.0123,5.0395,0.0000,47.8936,3.6937,0.0000,0.0000,0.0000
0.1000,15.0098,5.0270,0.0000,47.4543,3.6987,0.0000,0.0000,0.0000
0.1167,15.0073,5.0145,0.0000,47.0229,3.7037,0.0000,0.0000,0.0000
0.1333,15.0048,5.0020,0.0000,46.5994,3.7087,0.0000,0.0000,0.0000
0.1500,15.0023,4.9895,0.0000,46.1835,3.7138,0.0000,0.0000,0.0000
0.1667,14.9999,4.9770,0.0000,45.7750,3.7188,0.0000,0.0000,0.0000
0.1833,14.9975,4.9645,0.1804,45.3772,3.7238,0.0000,0.0000,0.0000
0.2000,14.9953,4.9520,4.1194,45.0577,3.7290,0.0000,0.0000,0.0000
0.2167,14.9933,4.9395,9.1735,44.8352,3.7343,0.0000,0.0000,0.0000
0.2333,14.9917,4.9270,15.1359,44.7242,3.7397,0.0000,0.0000,0.0000
0.2500,14.9906,4.9145,21.7870,44.7582,3.7454,0.0000,0.0000,0.0000
0.2667,14.9899,4.9020,28.4153,44.8838,3.7512,0.0000,0.0000,0.0000
0.2833,14.9894,4.8895,35.2581,45.1027,3.7572,0.0000,0.0000,0.0000
0.3000,14.9891,4.8770,42.1601,45.4144,3.7632,0.0000,0.0000,0.0000
0.3167,14.9891,4.8645,48.9724,45.8164,3.7693,0.0000,0.0000,0.0000
0.3333,14.9893,4.8520,55.5558,46.3042,3.7756,0.0000,0.0000,0.0000
0.3500,14.9897,4.8395,61.7835,46.8717,3.7820,0.0000,0.0000,0.0000
0.3667,14.9903,4.8270,67.5432,47.5114,3.7884,0.0000,0.0000,0.0000
0.3833,14.9911,4.8145,72.7388,48.2144,3.7950,0.0000,0.0000,0.0000
0.4000,14.9920,4.8020,77.2918,48.9708,3.8016,0.0000,0.0000,0.0000
0.4167,14.9931,4.7895,81.1424,49.7703,3.8083,0.0000,0.0000,0.0000
0.4333,14.9942,4.7770,84.2494,50.6018,3.8150,0.0000,0.0000,0.0000
0.4500,14.9954,4.7645,86.5906,51.4542,3.8218,0.0000,0.0000,0.0000
0.4667,14.9966,4.7520,88.1621,52.3163,3.8285,0.0000,0.0000,0.0000
0.4833,14.9978,4.7395,88.9775,53.1776,3.8353,0.0000,0.0000,0.0000
0.5000,14.9990,4.7270,89.0668,54.0276,3.8421,0.0000,0.0000,0.0000
0.5167,15.0001,4.7145,88.4744,54.8571,3.8489,0.0000,0.0000,0.0000
0.5333,14.9979,4.7020,0.0000,54.4227,3.8544,0.0000,0.0000,0.0000
0.5500,14.9959,4.6895,3.3147,54.0428,3.8596,0.0000,0.0000,0.0000
0.5667,14.9940,4.6770,7.8773,53.7340,3.8650,0.0000,0.0000,0.0000
0.5833,14.9923,4.6645,13.3889,53.5084,3.8705,0.0000,0.0000,0.0000
0.6000,14.9909,4.6520,19.6861,53.3756,3.8760,0.0000,0.0000,0.0000
0.6167,14.9897,4.6395,26.5960,53.3427,3.8817,0.0000,0.0000,0.0000
0.6333,14.9888,4.6270,33.9410,53.4142,3.8875,0.0000,0.0000,0.0000
0.6500,14.9882,4.6145,41.5429,53.5921,3.8935,0.0000,0.0000,0.0000
0.6667,14.9879,4.6020,49.2269,53.8761,3.8996,0.0000,0.0000,0.0000
0.6833,14.9878,4.5895,56.8253,54.2632,3.9058,0.0000,0.0000,0.0000
0.7000,14.9880,4.5770,64.1811,54.7487,3.9122,0.0000,0.0000,0.0000
0.7167,14.9885,4.5645,71.1507,55.3256,3.9186,0.0000,0.0000,0.0000
0.7333,14.9892,4.5520,77.6068,55.9855,3.9252,0.0000,0.0000,0.0000
0.7500,14.9900,4.5395,83.4399,56.7184,3.9319,0.0000,0.0000,0.0000
0.7667,14.9911,4.5270,88.5605,57.5132,3.9386,0.0000,0.0000,0.0000
0.7833,14.9922,4.5145,92.8995,58.3580,3.9455,0.0000,0.0000,0.0000
0.8000,14.9935,4.5020,96.4090,59.2405,3.9523,0.0000,0.0000,0.0000
0.8167,14.9948,4.4895,99.0622,60.1479,3.9593,0.0000,0.0000,0.0000
0.8333,14.9962,4.4770,100.8530,61.0676,3.9662,0.0000,0.0000,0.0000
0.8500,14.9975,4.4645,101.7949,61.9875,3.9731,0.0000,0.0000,0.0000
0.8667,14.9989,4.4520,101.9198,62.8959,3.9801,0.0000,0.0000,0.0000
0.8833,15.0001,4.4395,101.2763,63.7820,3.9870,0.0000,0.0000,0.0000
0.9000,14.9976,4.4270,0.0000,63.2066,3.9925,0.0000,0.0000,0.0000
0.9167,14.9952,4.4145,3.8831,62.6971,3.9977,0.0000,0.0000,0.0000
0.9333,14.9930,4.4020,9.1587,62.2719,4.0030,0.0000,0.0000,0.0000
0.9500,14.9911,4.3895,15.5204,61.9450,4.0084,0.0000,0.0000,0.0000
0.9667,14.9895,4.3770,22.7784,61.7273,4.0139,0.0000,0.0000,0.0000
0.9833,14.9881,4.3645,30.7323,61.6270,4.0196,0.0000,0.0000,0.0000
1.0000,14.9871,4.3520,39.1769,61.6491,4.0255,0.0000,0.0000,0.0000
1.0167,14.9865,4.3470,47.9062,61.7290,4.0427,0.0000,0.0000,0.0000
1.0333,14.9861,4.3420,56.7153,61.9334,4.0601,0.0000,0.0000,0.0000
1.0500,14.9861,4.3370,65.4101,62.2589,4.0778,0.0000,0.0000,0.0000
1.0667,14.9863,4.3320,73.8092,62.6994,4.0957,0.0000,0.0000,0.0000
1.0833,14.9869,4.3270,81.7472,63.2466,4.1139,0.0000,0.0000,0.0000
1.1000,14.9877,4.3220,89.0776,63.8905,4.1323,0.0000,0.0000,0.0000
1.1167,14.9887,4.3170,95.6752,64.6191,4.1508,0.0000,0.0000,0.0000
1.1333,14.9899,4.3120,101.4376,65.4194,4.1696,0.0000,0.0000,0.0000
1.1500,14.9913,4.3070,106.2867,66.2773,4.1885,0.0000,0.0000,0.0000
1.1667,14.9927,4.3020,110.1688,67.1782,4.2076,0.0000,0.0000,0.0000
1.1833,14.9943,4.2970,113.0547,68.1072,4.2268,0.0000,0.0000,0.0000
1.2000,14.9959,4.2920,114.9392,69.0496,4.2462,0.0000,0.0000,0.0000
1.2167,14.9974,4.2870,115.8398,69.9910,4.2656,0.0000,0.0000,0.0000
1.2333,14.9990,4.2820,115.7953,70.9179,4.2851,0.0000,0.0000,0.0000
1.2500,15.0005,4.2770,114.8635,71.8178,4.3047,0.0000,0.0000,0.0000
1.2667,14.9976,4.2720,0.0000,71.0451,4.3226,0.0000,0.0000,0.0000
1.2833,14.9949,4.2670,3.8547,70.3416,4.3403,0.0000,0.0000,0.0000
1.3000,14.9924,4.2620,9.6069,69.7332,4.3582,0.0000,0.0000,0.0000
1.3167,14.9903,4.2570,16.5886,69.2358,4.3763,0.0000,0.0000,0.0000
1.3333,14.9884,4.2520,24.5872,68.8619,4.3947,0.0000,0.0000,0.0000
1.3500,14.9869,4.2470,33.3783,68.6209,4.4133,0.0000,0.0000,0.0000
1.3667,14.9858,4.2420,42.7314,68.5185,4.4322,0.0000,0.0000,0.0000
1.3833,14.9850,4.2370,52.4153,68.5574,4.4513,0.0000,0.0000,0.0000
1.4000,14.9846,4.2320,62.2034,68.7368,4.4707,0.0000,0.0000,0.0000
1.4167,14.9845,4.2270,71.8786,69.0528,4.4903,0.0000,0.0000,0.0000
1.4333,14.9848,4.2220,81.2373,69.4990,4.5102,0.0000,0.0000,0.0000
1.4500,14.9854,4.2170,90.0939,70.0661,4.5304,0.0000,0.0000,0.0000
1.4667,14.9862,4.2120,98.2835,70.7428,4.5507,0.0000,0.0000,0.0000
1.4833,14.9874,4.2070,105.6649,71.5159,4.5713,0.0000,0.0000,0.0000
1.5000,14.9887,4.2020,112.1222,72.3706,4.5921,0.0000,0.0000,0.0000
1.5167,14.9902,4.1970,117.5664,73.2913,4.6131,0.0000,0.0000,0.0000
1.5333,14.9918,4.1920,121.9359,74.2614,4.6342,0.0000,0.0000,0.0000
1.5500,14.9936,4.1870,125.1964,75.2643,4.6554,0.0000,0.0000,0.0000
1.5667,14.9953,4.1820,127.3404,76.2833,4.6768,0.0000,0.0000,0.0000
1.5833,14.9971,4.1770,128.3856,77.3023,4.6982,0.0000,0.0000,0.0000
1.6000,14.9988,4.1720,128.3737,78.3060,4.7197,0.0000,0.0000,0.0000
1.6167,15.0005,4.1670,127.3679,79.2801,4.7413,0.0000,0.0000,0.0000
1.6333,14.9973,4.1620,0.0000,78.3834,4.7608,0.0000,0.0000,0.0000
1.6500,14.9943,4.1570,4.3319,77.5657,4.7801,0.0000,0.0000,0.0000
1.6667,14.9916,4.1520,10.6999,76.8549,4.7997,0.0000,0.0000,0.0000
1.6833,14.9892,4.1470,18.4176,76.2684,4.8195,0.0000,0.0000,0.0000
1.7000,14.9872,4.1420,27.2497,75.8203,4.8395,0.0000,0.0000,0.0000
1.7167,14.9856,4.1370,36.9479,75.5206,4.8598,0.0000,0.0000,0.0000
1.7333,14.9843,4.1320,47.2575,75.3756,4.8804,0.0000,0.0000,0.0000
1.7500,14.9835,4.1270,57.9235,75.3881,4.9012,0.0000,0.0000,0.0000
1.7667,14.9830,4.1220,68.6958,75.5570,4.9224,0.0000,0.0000,0.0000
1.7833,14.9830,4.1170,79.3352,75.8780,4.9438,0.0000,0.0000,0.0000
1.8000,14.9833,4.1120,89.6177,76.3436,4.9655,0.0000,0.0000,0.0000
1.8167,14.9839,4.1070,99.3392,76.9434,4.9874,0.0000,0.0000,0.0000
1.8333,14.9849,4.1020,108.3186,77.6648,5.0096,0.0000,0.0000,0.0000
1.8500,14.9862,4.0970,116.4010,78.4928,5.0320,0.0000,0.0000,0.0000
1.8667,14.9876,4.0920,123.4597,79.4112,5.0546,0.0000,0.0000,0.0000
1.8833,14.9893,4.0870,129.3976,80.4022,5.0774,0.0000,0.0000,0.0000
1.9000,14.9911,4.0820,134.1478,81.4476,5.1004,0.0000,0.0000,0.0000
1.9167,14.9930,4.0770,137.6735,82.5287,5.1234,0.0000,0.0000,0.0000
1.9333,14.9950,4.0720,139.9674,83.6271,5.1466,0.0000,0.0000,0.0000
1.9500,14.9969,4.0670,141.0503,84.7248,5.1699,0.0000,0.0000,0.0000
1.9667,14.9988,4.0620,140.9690,85.8048,5.1932,0.0000,0.0000,0.0000
1.9833,15.0006,4.0570,139.7941,86.8514,5.2166,0.0000,0.0000,0.0000
2.0000,14.9971,4.0520,0.0000,85.8280,5.2375,0.0000,0.0000,0.0000
2.0167,14.9939,4.0362,4.5644,84.9861,5.2504,0.0000,0.0000,0.0000
2.0333,14.9909,4.0203,11.4850,84.2609,5.2636,0.0000,0.0000,0.0000
2.0500,14.9883,4.0045,19.8951,83.6718,5.2769,0.0000,0.0000,0.0000
2.0667,14.9861,3.9887,29.5383,83.2344,5.2905,0.0000,0.0000,0.0000
2.0833,14.9842,3.9728,40.1442,82.9601,5.3043,0.0000,0.0000,0.0000
2.1000,14.9828,3.9570,51.4346,82.8561,5.3184,0.0000,0.0000,0.0000
2.1167,14.9819,3.9412,63.1307,82.9254,5.3327,0.0000,0.0000,0.0000
2.1333,14.9814,3.9253,74.9588,83.1673,5.3473,0.0000,0.0000,0.0000
2.1500,14.9813,3.9095,86.6568,83.5771,5.3621,0.0000,0.0000,0.0000
2.1667,14.9816,3.8937,97.9790,84.1466,5.3772,0.0000,0.0000,0.0000
2.1833,14.9823,3.8778,108.7011,84.8647,5.3925,0.0000,0.0000,0.0000
2.2000,14.9833,3.8620,118.6237,85.7174,5.4081,0.0000,0.0000,0.0000
2.2167,14.9847,3.8462,127.5760,86.6886,5.4238,0.0000,0.0000,0.0000
2.2333,14.9863,3.8303,135.4177,87.7603,5.4397,0.0000,0.0000,0.0000
2.2500,14.9881,3.8145,142.0410,88.9130,5.4557,0.0000,0.0000,0.0000
2.2667,14.9901,3.7987,147.3708,90.1268,5.4719,0.0000,0.0000,0.0000
2.2833,14.9921,3.7828,151.3652,91.3811,5.4881,0.0000,0.0000,0.0000
2.3000,14.9943,3.7670,154.0143,92.6554,5.5044,0.0000,0.0000,0.0000
2.3167,14.9964,3.7512,155.3391,93.9302,5.5207,0.0000,0.0000,0.0000
2.3333,14.9985,3.7353,155.3891,95.1865,5.5370,0.0000,0.0000,0.0000
2.3500,15.0004,3.7195,154.2400,96.4069,5.5533,0.0000,0.0000,0.0000
2.3667,14.9966,3.7037,0.0000,95.3252,5.5668,0.0000,0.0000,0.0000
2.3833,14.9930,3.6878,5.4291,94.3436,5.5800,0.0000,0.0000,0.0000
2.4000,14.9898,3.6720,13.2103,93.4948,5.5934,0.0000,0.0000,0.0000
2.4167,14.9869,3.6562,22.6222,92.8001,5.6071,0.0000,0.0000,0.0000
2.4333,14.9844,3.6403,33.3786,92.2765,5.6210,0.0000,0.0000,0.0000
2.4500,14.9824,3.6245,45.1782,91.9363,5.6352,0.0000,0.0000,0.0000
2.4667,14.9809,3.6087,57.7120,91.7871,5.6497,0.0000,0.0000,0.0000
2.4833,14.9799,3.5928,70.6704,91.8319,5.6645,0.0000,0.0000,0.0000
2.5000,14.9794,3.5770,83.7508,92.0694,5.6796,0.0000,0.0000,0.0000
2.5167,14.9793,3.5612,96.6635,92.4941,5.6949,0.0000,0.0000,0.0000
2.5333,14.9797,3.5453,109.1375,93.0964,5.7105,0.0000,0.0000,0.0000
2.5500,14.9805,3.5295,120.9262,93.8637,5.7264,0.0000,0.0000,0.0000
2.5667,14.9817,3.5137,131.8108,94.7800,5.7426,0.0000,0.0000,0.0000
2.5833,14.9832,3.4978,141.6047,95.8272,5.7589,0.0000,0.0000,0.0000
2.6000,14.9850,3.4820,150.1551,96.9848,5.7754,0.0000,0.0000,0.0000
2.6167,14.9870,3.4662,157.3454,98.2312,5.7921,0.0000,0.0000,0.0000
2.6333,14.9892,3.4503,163.0955,99.5438,5.8089,0.0000,0.0000,0.0000
2.6500,14.9915,3.4345,167.3620,100.8997,5.8258,0.0000,0.0000,0.0000
2.6667,14.9939,3.4187,170.1368,102.2762,5.8428,0.0000,0.0000,0.0000
2.6833,14.9962,3.4028,171.4458,103.6512,5.8597,0.0000,0.0000,0.0000
2.7000,14.9985,3.3870,171.3468,105.0039,5.8767,0.0000,0.0000,0.0000
2.7167,15.0007,3.3712,169.9257,106.3149,5.8937,0.0000,0.0000,0.0000
2.7333,14.9965,3.3553,0.0000,105.0717,5.9074,0.0000,0.0000,0.0000
2.7500,14.9926,3.3395,5.5742,103.9345,5.9209,0.0000,0.0000,0.0000
2.7667,14.9889,3.3237,14.0046,102.9435,5.9346,0.0000,0.0000,0.0000
2.7833,14.9858,3.3078,24.2407,102.1224,5.9486,0.0000,0.0000,0.0000
2.8000,14.9830,3.2920,35.9686,101.4903,5.9628,0.0000,0.0000,0.0000
2.8167,14.9808,3.2762,48.8575,101.0608,5.9773,0.0000,0.0000,0.0000
2.8333,14.9792,3.2603,62.5676,100.8427,5.9922,0.0000,0.0000,0.0000
2.8500,14.9780,3.2445,76.7588,100.8395,6.0074,0.0000,0.0000,0.0000
2.8667,14.9774,3.2287,91.0976,101.0498,6.0229,0.0000,0.0000,0.0000
2.8833,14.9773,3.2128,105.2649,101.4676,6.0388,0.0000,0.0000,0.0000
2.9000,14.9777,3.1970,118.9620,102.0827,6.0549,0.0000,0.0000,0.0000
2.9167,14.9786,3.1812,131.9165,102.8809,6.0714,0.0000,0.0000,0.0000
2.9333,14.9799,3.1653,143.8869,103.8449,6.0881,0.0000,0.0000,0.0000
2.9500,14.9815,3.1495,154.6662,104.9545,6.1050,0.0000,0.0000,0.0000
2.9667,14.9835,3.1337,164.0853,106.1873,6.1222,0.0000,0.0000,0.0000
2.9833,14.9857,3.1178,172.0144,107.5193,6.1395,0.0000,0.0000,0.0000
3.0000,14.9881,3.1020,178.3637,108.9255,6.1570,0.0000,0.0000,0.0000
3.0167,14.9907,3.1095,183.0840,110.1746,6.1192,0.0000,0.0000,0.0000
3.0333,14.9933,3.1170,186.1489,111.4512,6.0817,0.0000,0.0000,0.0000
3.0500,14.9959,3.1245,187.5809,112.7303,6.0443,0.0000,0.0000,0.0000
3.0667,14.9984,3.1320,187.4377,113.9885,6.0071,0.0000,0.0000,0.0000
3.0833,15.0009,3.1395,185.8096,115.2038,5.9700,0.0000,0.0000,0.0000
3.1000,14.9964,3.1470,0.0000,113.6112,5.9296,0.0000,0.0000,0.0000
3.1167,14.9921,3.1545,5.8285,112.1355,5.8891,0.0000,0.0000,0.0000
3.1333,14.9882,3.1620,14.8354,110.8219,5.8490,0.0000,0.0000,0.0000
3.1500,14.9848,3.1695,25.7704,109.6959,5.8093,0.0000,0.0000,0.0000
3.1667,14.9819,3.1770,38.2917,108.7775,5.7701,0.0000,0.0000,0.0000
3.1833,14.9796,3.1845,52.0396,108.0813,5.7315,0.0000,0.0000,0.0000
3.2000,14.9778,3.1920,66.6460,107.6162,5.6933,0.0000,0.0000,0.0000
3.2167,14.9766,3.1995,81.7425,107.3856,5.6557,0.0000,0.0000,0.0000
3.2333,14.9760,3.2070,96.9692,107.3875,5.6186,0.0000,0.0000,0.0000
3.2500,14.9759,3.2145,111.9822,107.6148,5.5820,0.0000,0.0000,0.0000
3.2667,14.9764,3.2220,126.4602,108.0560,5.5458,0.0000,0.0000,0.0000
3.2833,14.9774,3.2295,140.1110,108.6954,5.5102,0.0000,0.0000,0.0000
3.3000,14.9789,3.2370,152.6762,109.5137,5.4749,0.0000,0.0000,0.0000
3.3167,14.9807,3.2445,163.9351,110.4886,5.4401,0.0000,0.0000,0.0000
3.3333,14.9828,3.2520,173.7083,111.5957,5.4057,0.0000,0.0000,0.0000
3.3500,14.9860,3.2595,181.8588,113.1873,5.3721,0.0000,0.0000,0.0000
3.3667,14.9893,3.2670,187.1514,114.8510,5.3387,0.0000,0.0000,0.0000
3.3833,14.9927,3.2745,190.2749,116.5431,5.3055,0.0000,0.0000,0.0000
3.4000,14.9960,3.2820,191.2944,118.2222,5.2726,0.0000,0.0000,0.0000
3.4167,14.9992,3.2895,190.3321,119.8500,5.2397,0.0000,0.0000,0.0000
3.4333,15.0023,3.2970,187.5594,121.3922,5.2070,0.0000,0.0000,0.0000
3.4500,14.9961,3.3045,0.0000,119.2301,5.1698,0.0000,0.0000,0.0000
3.4667,14.9904,3.3120,6.2346,117.2419,5.1329,0.0000,0.0000,0.0000
3.4833,14.9853,3.3195,17.7649,115.5258,5.0966,0.0000,0.0000,0.0000
3.5000,14.9809,3.3270,31.6909,114.1214,5.0609,0.0000,0.0000,0.0000
3.5167,14.9782,3.3345,47.4534,113.2845,5.0265,0.0000,0.0000,0.0000
3.5333,14.9762,3.3420,63.1964,112.6997,4.9924,0.0000,0.0000,0.0000
3.5500,14.9747,3.3495,79.5606,112.3719,4.9589,0.0000,0.0000,0.0000
3.5667,14.9739,3.3570,96.1509,112.3001,4.9259,0.0000,0.0000,0.0000
3.5833,14.9738,3.3645,112.5878,112.4779,4.8935,0.0000,0.0000,0.0000
3.6000,14.9742,3.3720,128.5154,112.8936,4.8616,0.0000,0.0000,0.0000
3.6167,14.9751,3.3795,143.6076,113.5307,4.8302,0.0000,0.0000,0.0000
3.6333,14.9766,3.3870,157.5746,114.3690,4.7993,0.0000,0.0000,0.0000
3.6500,14.9785,3.3945,170.1666,115.3846,4.7689,0.0000,0.0000,0.0000
3.6667,14.9808,3.4020,181.1782,116.5511,4.7389,0.0000,0.0000,0.0000
3.6833,14.9833,3.4095,190.4501,117.8399,4.7093,0.0000,0.0000,0.0000
3.7000,14.9861,3.4170,197.8702,119.2214,4.6801,0.0000,0.0000,0.0000
3.7167,14.9891,3.4245,203.3743,120.6652,4.6511,0.0000,0.0000,0.0000
3.7333,14.9922,3.4320,206.9442,122.1411,4.6225,0.0000,0.0000,0.0000
3.7500,14.9952,3.4395,208.6063,123.6199,4.5941,0.0000,0.0000,0.0000
3.7667,14.9982,3.4470,208.4284,125.0736,4.5659,0.0000,0.0000,0.0000
3.7833,15.0011,3.4545,206.5160,126.4764,4.5380,0.0000,0.0000,0.0000
3.8000,14.9962,3.4620,0.0000,124.7166,4.5072,0.0000,0.0000,0.0000
3.8167,14.9915,3.4695,6.1479,123.0832,4.4761,0.0000,0.0000,0.0000
3.8333,14.9874,3.4770,15.8347,121.6270,4.4454,0.0000,0.0000,0.0000
3.8500,14.9837,3.4845,27.6102,120.3759,4.4152,0.0000,0.0000,0.0000
3.8667,14.9805,3.4920,41.1054,119.3520,4.3856,0.0000,0.0000,0.0000
3.8833,14.9780,3.4995,55.9319,118.5713,4.3565,0.0000,0.0000,0.0000
3.9000,14.9761,3.5070,71.6921,118.0436,4.3280,0.0000,0.0000,0.0000
3.9167,14.9748,3.5145,87.9881,117.7724,4.3000,0.0000,0.0000,0.0000
3.9333,14.9741,3.5220,104.4311,117.7558,4.2727,0.0000,0.0000,0.0000
3.9500,14.9740,3.5295,120.6494,117.9861,4.2459,0.0000,0.0000,0.0000
3.9667,14.9745,3.5370,136.2959,118.4505,4.2196,0.0000,0.0000,0.0000
3.9833,14.9756,3.5445,151.0545,119.1320,4.1939,0.0000,0.0000,0.0000
4.0000,14.9771,3.5520,164.6459,120.0094,4.1687,0.0000,0.0000,0.0000
4.0167,14.9791,3.5762,176.8313,120.9103,4.1703,0.0000,0.0000,0.0000
4.0333,14.9814,3.6003,187.4090,121.9577,4.1722,0.0000,0.0000,0.0000
4.0500,14.9840,3.6245,196.2285,123.1226,4.1743,0.0000,0.0000,0.0000
4.0667,14.9869,3.6487,203.1864,124.3751,4.1766,0.0000,0.0000,0.0000
4.0833,14.9899,3.6728,208.2270,125.6847,4.1790,0.0000,0.0000,0.0000
4.1000,14.9929,3.6970,211.3402,127.0212,4.1815,0.0000,0.0000,0.0000
4.1167,14.9959,3.7212,212.5598,128.3554,4.1842,0.0000,0.0000,0.0000
4.1333,14.9989,3.7453,211.9604,129.6597,4.1868,0.0000,0.0000,0.0000
4.1500,15.0017,3.7695,209.6533,130.9085,4.1895,0.0000,0.0000,0.0000
4.1667,14.9967,3.7937,0.0000,128.9297,4.1892,0.0000,0.0000,0.0000
4.1833,14.9919,3.8178,5.3215,127.0685,4.1883,0.0000,0.0000,0.0000
4.2000,14.9875,3.8420,14.9733,125.3881,4.1877,0.0000,0.0000,0.0000
4.2167,14.9837,3.8662,26.8073,123.9182,4.1874,0.0000,0.0000,0.0000
4.2333,14.9804,3.8903,40.4454,122.6820,4.1874,0.0000,0.0000,0.0000
4.2500,14.9777,3.9145,55.4889,121.6967,4.1877,0.0000,0.0000,0.0000
4.2667,14.9757,3.9387,71.5287,120.9729,4.1884,0.0000,0.0000,0.0000
4.2833,14.9743,3.9628,88.1546,120.5150,4.1894,0.0000,0.0000,0.0000
4.3000,14.9736,3.9870,104.9653,120.3211,4.1909,0.0000,0.0000,0.0000
4.3167,14.9734,4.0112,121.5760,120.3839,4.1926,0.0000,0.0000,0.0000
4.3333,14.9739,4.0353,137.6271,120.6906,4.1948,0.0000,0.0000,0.0000
4.3500,14.9750,4.0595,152.7902,121.2237,4.1972,0.0000,0.0000,0.0000
4.3667,14.9765,4.0837,166.7743,121.9617,4.2000,0.0000,0.0000,0.0000
4.3833,14.9785,4.1078,179.3301,122.8797,4.2030,0.0000,0.0000,0.0000
4.4000,14.9808,4.1320,190.2534,123.9500,4.2062,0.0000,0.0000,0.0000
4.4167,14.9835,4.1562,199.3877,125.1428,4.2096,0.0000,0.0000,0.0000
4.4333,14.9864,4.1803,206.6244,126.4275,4.2132,0.0000,0.0000,0.0000
4.4500,14.9894,4.2045,211.9038,127.7726,4.2170,0.0000,0.0000,0.0000
4.4667,14.9925,4.2287,215.2127,129.1473,4.2208,0.0000,0.0000,0.0000
4.4833,14.9956,4.2528,216.5833,130.5212,4.2246,0.0000,0.0000,0.0000
4.5000,14.9987,4.2770,216.0892,131.8659,4.2285,0.0000,0.0000,0.0000
4.5167,15.0016,4.3012,213.8422,133.1551,4.2323,0.0000,0.0000,0.0000
4.5333,14.9964,4.3253,0.0000,131.1333,4.2330,0.0000,0.0000,0.0000
4.5500,14.9916,4.3495,5.6934,129.2361,4.2332,0.0000,0.0000,0.0000
4.5667,14.9872,4.3737,15.5964,127.5253,4.2336,0.0000,0.0000,0.0000
4.5833,14.9833,4.3978,27.7066,126.0309,4.2343,0.0000,0.0000,0.0000
4.6000,14.9800,4.4220,41.6382,124.7765,4.2353,0.0000,0.0000,0.0000
4.6167,14.9773,4.4462,56.9851,123.7793,4.2366,0.0000,0.0000,0.0000
4.6333,14.9752,4.4703,73.3307,123.0500,4.2382,0.0000,0.0000,0.0000
4.6500,14.9738,4.4945,90.2582,122.5928,4.2402,0.0000,0.0000,0.0000
4.6667,14.9731,4.5187,107.3595,122.4057,4.2425,0.0000,0.0000,0.0000
4.6833,14.9730,4.5428,124.2443,122.4807,4.2452,0.0000,0.0000,0.0000
4.7000,14.9735,4.5670,140.5477,122.8047,4.2482,0.0000,0.0000,0.0000
4.7167,14.9746,4.5912,155.9372,123.3596,4.2515,0.0000,0.0000,0.0000
4.7333,14.9762,4.6153,170.1180,124.1233,4.2550,0.0000,0.0000,0.0000
4.7500,14.9782,4.6395,182.8384,125.0699,4.2588,0.0000,0.0000,0.0000
4.7667,14.9806,4.6637,193.8925,126.1712,4.2629,0.0000,0.0000,0.0000
4.7833,14.9833,4.6878,203.1227,127.3968,4.2670,0.0000,0.0000,0.0000
4.8000,14.9863,4.7120,210.4206,128.7150,4.2714,0.0000,0.0000,0.0000
4.8167,14.9893,4.7362,215.7270,130.0938,4.2758,0.0000,0.0000,0.0000
4.8333,14.9925,4.7603,219.0305,131.5016,4.2803,0.0000,0.0000,0.0000
4.8500,14.9957,4.7845,220.3650,132.9076,4.2848,0.0000,0.0000,0.0000
4.8667,14.9988,4.8087,219.8072,134.2826,4.2893,0.0000,0.0000,0.0000
4.8833,15.0017,4.8328,217.4717,135.5998,4.2937,0.0000,0.0000,0.0000
4.9000,14.9965,4.8570,0.0000,133.5313,4.2947,0.0000,0.0000,0.0000
4.9167,14.9915,4.8812,5.6643,131.5885,4.2953,0.0000,0.0000,0.0000
4.9333,14.9870,4.9053,15.7049,129.8360,4.2960,0.0000,0.0000,0.0000
4.9500,14.9830,4.9295,27.9975,128.3046,4.2971,0.0000,0.0000,0.0000
4.9667,14.9796,4.9537,42.1499,127.0185,4.2984,0.0000,0.0000,0.0000
4.9833,14.9769,4.9778,57.7487,125.9956,4.3001,0.0000,0.0000,0.0000
5.0000,14.9748,5.0020,74.3704,125.2467,4.3020,0.0000,0.0000,0.0000
5.0167,14.9734,5.0003,91.5905,125.0051,4.3057,0.0000,0.0000,0.0000
5.0333,14.9726,4.9987,109.0077,125.0366,4.3097,0.0000,0.0000,0.0000
5.0500,14.9725,4.9970,126.2287,125.3335,4.3141,0.0000,0.0000,0.0000
5.0667,14.9729,4.9953,142.8855,125.8827,4.3187,0.0000,0.0000,0.0000
5.0833,14.9740,4.9937,158.6419,126.6663,4.3237,0.0000,0.0000,0.0000
5.1000,14.9756,4.9920,173.1999,127.6620,4.3288,0.0000,0.0000,0.0000
5.1167,14.9776,4.9903,186.3041,128.8439,4.3343,0.0000,0.0000,0.0000
5.1333,14.9800,4.9887,197.7452,130.1836,4.3399,0.0000,0.0000,0.0000
5.1500,14.9827,4.9870,207.3623,131.6505,4.3457,0.0000,0.0000,0.0000
5.1667,14.9856,4.9853,215.0437,133.2125,4.3516,0.0000,0.0000,0.0000
5.1833,14.9887,4.9837,220.7274,134.8375,4.3576,0.0000,0.0000,0.0000
5.2000,14.9919,4.9820,224.3992,136.4934,4.3637,0.0000,0.0000,0.0000
5.2167,14.9951,4.9803,226.0910,138.1490,4.3697,0.0000,0.0000,0.0000
5.2333,14.9982,4.9787,225.8772,139.7749,4.3758,0.0000,0.0000,0.0000
5.2500,15.0011,4.9770,223.8712,141.3438,4.3817,0.0000,0.0000,0.0000
5.2667,14.9957,4.9753,0.0000,139.4059,4.3840,0.0000,0.0000,0.0000
5.2833,14.9905,4.9737,6.9204,137.6119,4.3859,0.0000,0.0000,0.0000
5.3000,14.9859,4.9720,17.7274,136.0190,4.3881,0.0000,0.0000,0.0000
5.3167,14.9818,4.9703,30.8602,134.6590,4.3905,0.0000,0.0000,0.0000
5.3333,14.9783,4.9687,45.9091,133.5569,4.3933,0.0000,0.0000,0.0000
5.3500,14.9754,4.9670,62.4431,132.7310,4.3963,0.0000,0.0000,0.0000
5.3667,14.9733,4.9653,80.0205,132.1924,4.3997,0.0000,0.0000,0.0000
5.3833,14.9718,4.9637,98.1999,131.9452,4.4035,0.0000,0.0000,0.0000
5.4000,14.9711,4.9620,116.5496,131.9870,4.4076,0.0000,0.0000,0.0000
5.4167,14.9710,4.9603,134.6567,132.3092,4.4120,0.0000,0.0000,0.0000
5.4333,14.9716,4.9587,152.1361,132.8973,4.4168,0.0000,0.0000,0.0000
5.4500,14.9727,4.9570,168.6366,133.7318,4.4219,0.0000,0.0000,0.0000
5.4667,14.9744,4.9553,183.8479,134.7888,4.4272,0.0000,0.0000,0.0000
5.4833,14.9766,4.9537,197.5049,136.0406,4.4328,0.0000,0.0000,0.0000
5.5000,14.9791,4.9520,209.3914,137.4566,4.4386,0.0000,0.0000,0.0000
5.5167,14.9820,4.9503,219.3424,139.0044,4.4446,0.0000,0.0000,0.0000
5.5333,14.9851,4.9487,227.2451,140.6499,4.4507,0.0000,0.0000,0.0000
5.5500,14.9884,4.9470,233.0384,142.3590,4.4568,0.0000,0.0000,0.0000
5.5667,14.9918,4.9453,236.7121,144.0978,4.4631,0.0000,0.0000,0.0000
5.5833,14.9951,4.9437,238.3037,145.8333,4.4693,0.0000,0.0000,0.0000
5.6000,14.9984,4.9420,237.8957,147.5345,4.4755,0.0000,0.0000,0.0000
5.6167,15.0015,4.9403,235.6109,149.1728,4.4817,0.0000,0.0000,0.0000
5.6333,14.9957,4.9387,0.0000,147.1018,4.4839,0.0000,0.0000,0.0000
5.6500,14.9903,4.9370,6.8405,145.1767,4.4857,0.0000,0.0000,0.0000
5.6667,14.9854,4.9353,18.0882,143.4628,4.4878,0.0000,0.0000,0.0000
5.6833,14.9810,4.9337,31.8041,141.9943,4.4901,0.0000,0.0000,0.0000
5.7000,14.9773,4.9320,47.5578,140.7979,4.4928,0.0000,0.0000,0.0000
5.7167,14.9743,4.9303,64.8959,139.8933,4.4958,0.0000,0.0000,0.0000
5.7333,14.9720,4.9287,83.3536,139.2924,4.4992,0.0000,0.0000,0.0000
5.7500,14.9704,4.9270,102.4655,139.0000,4.5030,0.0000,0.0000,0.0000
5.7667,14.9696,4.9253,121.7764,139.0138,4.5071,0.0000,0.0000,0.0000
5.7833,14.9695,4.9237,140.8506,139.3249,4.5116,0.0000,0.0000,0.0000
5.8000,14.9700,4.9220,159.2807,139.9182,4.5164,0.0000,0.0000,0.0000
5.8167,14.9712,4.9203,176.6956,140.7733,4.5216,0.0000,0.0000,0.0000
5.8333,14.9730,4.9187,192.7664,141.8650,4.5271,0.0000,0.0000,0.0000
5.8500,14.9752,4.9170,207.2119,143.1641,4.5328,0.0000,0.0000,0.0000
5.8667,14.9779,4.9153,219.8021,144.6384,4.5388,0.0000,0.0000,0.0000
5.8833,14.9810,4.9137,230.3611,146.2535,4.5449,0.0000,0.0000,0.0000
5.9000,14.9842,4.9120,238.7675,147.9737,4.5512,0.0000,0.0000,0.0000
5.9167,14.9877,4.9103,244.9550,149.7625,4.5575,0.0000,0.0000,0.0000
5.9333,14.9912,4.9087,248.9102,151.5842,4.5639,0.0000,0.0000,0.0000
5.9500,14.9947,4.9070,250.6708,153.4038,4.5704,0.0000,0.0000,0.0000
5.9667,14.9982,4.9053,250.3215,155.1885,4.5768,0.0000,0.0000,0.0000
5.9833,15.0014,4.9037,247.9900,156.9078,4.5831,0.0000,0.0000,0.0000
6.0000,14.9954,4.9020,0.0000,154.7037,4.5852,0.0000,0.0000,0.0000
6.0167,14.9897,4.9087,7.3810,152.5835,4.5845,0.0000,0.0000,0.0000
6.0333,14.9845,4.9153,19.2547,150.6887,4.5841,0.0000,0.0000,0.0000
6.0500,14.9800,4.9220,33.7062,149.0550,4.5840,0.0000,0.0000,0.0000
6.0667,14.9761,4.9287,50.2808,147.7106,4.5843,0.0000,0.0000,0.0000
6.0833,14.9729,4.9353,68.5005,146.6755,4.5849,0.0000,0.0000,0.0000
6.1000,14.9706,4.9420,87.8758,145.9622,4.5859,0.0000,0.0000,0.0000
6.1167,14.9690,4.9487,107.9170,145.5753,4.5873,0.0000,0.0000,0.0000
6.1333,14.9681,4.9553,128.1457,145.5120,4.5891,0.0000,0.0000,0.0000
6.1500,14.9680,4.9620,148.1046,145.7624,4.5913,0.0000,0.0000,0.0000
6.1667,14.9687,4.9687,167.3667,146.3104,4.5938,0.0000,0.0000,0.0000
6.1833,14.9699,4.9753,185.5433,147.1341,4.5967,0.0000,0.0000,0.0000
6.2000,14.9718,4.9820,202.2906,148.2065,4.5999,0.0000,0.0000,0.0000
6.2167,14.9742,4.9887,217.3153,149.4967,4.6034,0.0000,0.0000,0.0000
6.2333,14.9771,4.9953,230.3779,150.9704,4.6071,0.0000,0.0000,0.0000
6.2500,14.9803,5.0020,241.2961,152.5912,4.6110,0.0000,0.0000,0.0000
6.2667,14.9837,5.0087,249.9449,154.3211,4.6150,0.0000,0.0000,0.0000
6.2833,14.9873,5.0153,256.2572,156.1217,4.6191,0.0000,0.0000,0.0000
6.3000,14.9911,5.0220,260.2217,157.9552,4.6233,0.0000,0.0000,0.0000
6.3167,14.9948,5.0287,261.8802,159.7848,4.6275,0.0000,0.0000,0.0000
6.3333,14.9984,5.0353,261.3244,161.5758,4.6316,0.0000,0.0000,0.0000
6.3500,15.0018,5.0420,258.6904,163.2962,4.6357,0.0000,0.0000,0.0000
6.3667,14.9955,5.0487,0.0000,160.9056,4.6352,0.0000,0.0000,0.0000
6.3833,14.9896,5.0553,7.1574,158.6731,4.6344,0.0000,0.0000,0.0000
6.4000,14.9842,5.0620,19.3339,156.6740,4.6338,0.0000,0.0000,0.0000
6.4167,14.9794,5.0687,34.2085,154.9457,4.6336,0.0000,0.0000,0.0000
6.4333,14.9754,5.0753,51.3105,153.5180,4.6337,0.0000,0.0000,0.0000
6.4500,14.9721,5.0820,70.1445,152.4123,4.6342,0.0000,0.0000,0.0000
6.4667,14.9696,5.0887,90.2023,151.6419,4.6352,0.0000,0.0000,0.0000
6.4833,14.9679,5.0953,110.9756,151.2119,4.6365,0.0000,0.0000,0.0000
6.5000,14.9670,5.1020,131.9667,151.1196,4.6382,0.0000,0.0000,0.0000
6.5167,14.9668,5.1087,152.6999,151.3553,4.6404,0.0000,0.0000,0.0000
6.5333,14.9674,5.1153,172.7302,151.9023,4.6429,0.0000,0.0000,0.0000
6.5500,14.9687,5.1220,191.6520,152.7379,4.6458,0.0000,0.0000,0.0000
6.5667,14.9707,5.1287,209.1064,153.8344,4.6491,0.0000,0.0000,0.0000
6.5833,14.9731,5.1353,224.7862,155.1594,4.6526,0.0000,0.0000,0.0000
6.6000,14.9761,5.1420,238.4403,156.6775,4.6563,0.0000,0.0000,0.0000
6.6167,14.9794,5.1487,249.8766,158.3507,4.6603,0.0000,0.0000,0.0000
6.6333,14.9829,5.1553,258.9628,160.1395,4.6644,0.0000,0.0000,0.0000
6.6500,14.9867,5.1620,265.6263,162.0039,4.6686,0.0000,0.0000,0.0000
6.6667,14.9905,5.1687,269.8527,163.9043,4.6729,0.0000,0.0000,0.0000
6.6833,14.9944,5.1753,271.6830,165.8023,4.6771,0.0000,0.0000,0.0000
6.7000,14.9981,5.1820,271.2098,167.6616,4.6814,0.0000,0.0000,0.0000
6.7167,15.0017,5.1887,268.5724,169.4487,4.6855,0.0000,0.0000,0.0000
6.7333,14.9952,5.1953,0.0000,166.9485,4.6848,0.0000,0.0000,0.0000
6.7500,14.9891,5.2020,7.6750,164.6172,4.6838,0.0000,0.0000,0.0000
6.7667,14.9835,5.2087,20.3784,162.5305,4.6831,0.0000,0.0000,0.0000
6.7833,14.9786,5.2153,35.8673,160.7272,4.6828,0.0000,0.0000,0.0000
6.8000,14.9744,5.2220,53.6525,159.2379,4.6828,0.0000,0.0000,0.0000
6.8167,14.9710,5.2287,73.2195,158.0848,4.6832,0.0000,0.0000,0.0000
6.8333,14.9684,5.2353,94.0410,157.2813,4.6840,0.0000,0.0000,0.0000
6.8500,14.9666,5.2420,115.5898,156.8326,4.6853,0.0000,0.0000,0.0000
6.8667,14.9657,5.2487,137.3505,156.7358,4.6870,0.0000,0.0000,0.0000
6.8833,14.9656,5.2553,158.8301,156.9801,4.6891,0.0000,0.0000,0.0000
6.9000,14.9663,5.2620,179.5684,157.5482,4.6917,0.0000,0.0000,0.0000
6.9167,14.9676,5.2687,199.1461,158.4162,4.6946,0.0000,0.0000,0.0000
6.9333,14.9697,5.2753,217.1924,159.5550,4.6979,0.0000,0.0000,0.0000
6.9500,14.9722,5.2820,233.3904,160.9309,4.7014,0.0000,0.0000,0.0000
6.9667,14.9753,5.2887,247.4817,162.5067,4.7053,0.0000,0.0000,0.0000
6.9833,14.9787,5.2953,259.2685,164.2428,4.7093,0.0000,0.0000,0.0000
7.0000,15.2332,5.3020,5000.0000,273.6277,4.8470,0.0000,0.0000,0.0000
7.0167,15.4820,5.3037,5000.0000,381.1770,4.9719,0.0000,0.0000,0.0000
7.0333,15.7251,5.3053,5000.0000,485.4534,5.0943,0.0000,0.0000,0.0000
7.0500,15.9629,5.3070,5000.0000,584.5517,5.2142,0.0000,0.0000,0.0000
7.0667,16.1959,5.3087,5000.0000,672.2518,5.3321,0.0000,0.0000,0.0000
7.0833,16.4242,5.3103,5000.0000,759.2631,5.4480,0.0000,0.0000,0.0000
7.1000,16.6477,5.3120,5000.0000,849.6307,5.5616,0.0000,0.0000,0.0000
7.1167,16.8661,5.3137,5000.0000,941.8144,5.6730,0.0000,0.0000,0.0000
7.1333,17.0796,5.3153,5000.0000,1035.0049,5.7820,0.0000,0.0000,0.0000
7.1500,17.2880,5.3170,5000.0000,1128.6476,5.8887,0.0000,0.0000,0.0000
7.1667,17.4913,5.3187,5000.0000,1222.3239,5.9930,0.0000,0.0000,0.0000
7.1833,17.6896,5.3203,5000.0000,1315.7022,6.0949,0.0000,0.0000,0.0000
7.2000,17.8829,5.3220,5000.0000,1408.5125,6.1944,0.0000,0.0000,0.0000
7.2167,18.0712,5.3237,5000.0000,1500.5321,6.2914,0.0000,0.0000,0.0000
7.2333,18.2505,5.3253,4920.5447,1589.4410,6.3837,0.0000,0.0000,0.0000
7.2500,18.4292,5.3270,5000.0000,1679.3851,6.4759,0.0000,0.0000,0.0000
7.2667,18.6031,5.3287,5000.0000,1768.0686,6.5658,0.0000,0.0000,0.0000
7.2833,18.7722,5.3303,5000.0000,1855.3824,6.6532,0.0000,0.0000,0.0000
7.3000,18.9368,5.3320,5000.0000,1941.2359,6.7384,0.0000,0.0000,0.0000
7.3167,19.0939,5.3337,5000.0000,2024.0193,6.8188,0.0000,0.0000,0.0000
7.3333,19.2466,5.3353,5000.0000,2105.2642,6.8977,0.0000,0.0000,0.0000
7.3500,19.3848,5.3370,4797.1561,2179.0994,6.9683,0.0000,0.0000,0.0000
7.3667,19.5295,5.3387,5000.0000,2257.2766,7.0429,0.0000,0.0000,0.0000
7.3833,19.6702,5.3403,5000.0000,2333.8035,7.1153,0.0000,0.0000,0.0000
7.4000,19.8069,5.3420,5000.0000,2408.6606,7.1857,0.0000,0.0000,0.0000
7.4167,19.9373,5.3437,4952.7723,2480.4324,7.2526,0.0000,0.0000,0.0000
7.4333,20.0664,5.3453,5000.0000,2551.9537,7.3188,0.0000,0.0000,0.0000
7.4500,20.1919,5.3470,5000.0000,2621.7819,7.3831,0.0000,0.0000,0.0000
7.4667,20.3137,5.3487,5000.0000,2689.9199,7.4454,0.0000,0.0000,0.0000
7.4833,20.4247,5.3503,4857.7824,2752.0369,7.5015,0.0000,0.0000,0.0000
7.5000,20.5398,5.3520,5000.0000,2816.9441,7.5600,0.0000,0.0000,0.0000
7.5167,20.6468,5.3537,4907.8162,2877.3449,7.6139,0.0000,0.0000,0.0000
7.5333,20.7554,5.3553,5000.0000,2939.0281,7.6689,0.0000,0.0000,0.0000
7.5500,20.8526,5.3570,4838.9134,2994.0623,7.7172,0.0000,0.0000,0.0000
7.5667,20.9465,5.3587,4830.1497,3047.3459,7.7635,0.0000,0.0000,0.0000
7.5833,21.0345,5.3603,4768.3264,3097.2392,7.8064,0.0000,0.0000,0.0000
7.6000,20.8756,5.3620,0.0000,2996.2526,7.7010,0.0000,0.0000,0.0000
7.6167,20.7320,5.3637,199.0588,2906.0157,7.6036,0.0000,0.0000,0.0000
7.6333,20.6085,5.3653,503.4989,2829.0792,7.5188,0.0000,0.0000,0.0000
7.6500,20.5074,5.3670,861.8191,2766.3173,7.4476,0.0000,0.0000,0.0000
7.6667,20.4298,5.3687,1258.5504,2718.1418,7.3908,0.0000,0.0000,0.0000
7.6833,20.3761,5.3703,1678.3085,2684.5387,7.3484,0.0000,0.0000,0.0000
7.7000,20.3481,5.3720,2106.2544,2666.3224,7.3217,0.0000,0.0000,0.0000
7.7167,20.3426,5.3737,2525.5006,2661.8811,7.3081,0.0000,0.0000,0.0000
7.7333,20.3522,5.3753,2925.3921,2666.3062,7.3019,0.0000,0.0000,0.0000
7.7500,20.3826,5.3770,3304.5288,2682.6524,7.3100,0.0000,0.0000,0.0000
7.7667,20.4316,5.3787,3644.5739,2709.8800,7.3292,0.0000,0.0000,0.0000
7.7833,20.4943,5.3803,3936.5309,2745.1495,7.3561,0.0000,0.0000,0.0000
7.8000,20.5675,5.3820,4177.3249,2786.7125,7.3893,0.0000,0.0000,0.0000
7.8167,20.6481,5.3837,4363.6726,2832.7636,7.4270,0.0000,0.0000,0.0000
7.8333,20.7330,5.3853,4494.2400,2881.4932,7.4674,0.0000,0.0000,0.0000
7.8500,20.8193,5.3870,4569.5232,2931.1388,7.5087,0.0000,0.0000,0.0000
7.8667,20.9041,5.3887,4591.6831,2980.0345,7.5493,0.0000,0.0000,0.0000
7.8833,20.9851,5.3903,4564.3405,3026.6565,7.5876,0.0000,0.0000,0.0000
7.9000,21.0599,5.3920,4492.3431,3069.6626,7.6224,0.0000,0.0000,0.0000
7.9167,20.9024,5.3937,0.0000,2970.8991,7.5191,0.0000,0.0000,0.0000
7.9333,20.7578,5.3953,156.2202,2881.3575,7.4224,0.0000,0.0000,0.0000
7.9500,20.6326,5.3970,446.1172,2804.5487,7.3377,0.0000,0.0000,0.0000
7.9667,20.5291,5.3987,791.7068,2741.4369,7.2661,0.0000,0.0000,0.0000
7.9833,20.4486,5.4003,1177.7920,2692.5233,7.2084,0.0000,0.0000,0.0000
8.0000,20.4048,5.4020,1589.1720,2665.7117,7.1731,0.0000,200.0000,0.0000
8.0167,20.3817,5.4053,1990.0014,2651.1018,7.1797,0.6891,200.0000,0.0000
8.0333,20.3789,5.4087,2384.1776,2648.7597,7.1986,1.3781,200.0000,0.0000
8.0500,20.3936,5.4120,2759.5380,2656.4086,7.2274,2.0672,200.0000,0.0000
8.0667,20.4246,5.4153,3108.7486,2673.6861,7.2664,2.7563,200.0000,0.0000
8.0833,20.4730,5.4187,3422.8964,2701.0610,7.3166,3.4453,200.0000,0.0000
8.1000,20.5337,5.4220,3690.6979,2735.7061,7.3739,4.1344,200.0000,0.0000
8.1167,20.6039,5.4253,3909.7383,2775.9669,7.4371,4.8235,200.0000,0.0000
8.1333,20.6806,5.4287,4077.2217,2820.1436,7.5045,5.5125,200.0000,0.0000
8.1500,20.7609,5.4320,4192.1710,2866.5407,7.5744,6.2016,200.0000,0.0000
8.1667,20.8421,5.4353,4255.3091,2913.5154,7.6452,6.8906,200.0000,0.0000
8.1833,20.9215,5.4387,4268.8970,2959.5240,7.7154,7.5797,200.0000,0.0000
8.2000,20.9969,5.4420,4236.5365,3003.1626,7.7834,8.2688,200.0000,0.0000
8.2167,21.0664,5.4453,4162.9476,3043.2037,7.8481,8.9578,200.0000,0.0000
8.2333,20.9203,5.4487,0.0000,2952.1020,7.7830,9.6469,200.0000,0.0000
8.2500,20.7855,5.4520,127.4653,2868.9181,7.7234,10.3360,200.0000,0.0000
8.2667,20.6683,5.4553,391.0551,2797.3236,7.6747,11.0250,200.0000,0.0000
8.2833,20.5711,5.4587,707.1874,2738.2651,7.6381,11.7141,200.0000,0.0000
8.3000,20.4950,5.4620,1061.8353,2692.2574,7.6144,12.4032,200.0000,0.0000
8.3167,20.4407,5.4653,1440.9334,2659.4139,7.6038,13.0922,200.0000,0.0000
8.3333,20.4101,5.4687,1830.8085,2640.7258,7.6082,13.7813,200.0000,0.0000
8.3500,20.4015,5.4720,2215.2910,2635.1135,7.6257,14.4704,200.0000,0.0000
8.3667,20.4067,5.4753,2583.0310,2637.6468,7.6502,15.1594,200.0000,0.0000
8.3833,20.4302,5.4787,2933.7657,2650.7426,7.6873,15.8485,200.0000,0.0000
8.4000,20.4684,5.4820,3252.0984,2672.4257,7.7331,16.5375,200.0000,0.0000
8.4167,20.5225,5.4853,3532.8348,2703.3551,7.7896,17.2266,200.0000,0.0000
8.4333,20.5869,5.4887,3765.2856,2740.3791,7.8521,17.9157,200.0000,0.0000
8.4500,20.6588,5.4920,3948.7674,2781.8683,7.9196,18.6047,200.0000,0.0000
8.4667,20.7354,5.4953,4081.6023,2826.1775,7.9902,19.2938,200.0000,0.0000
8.4833,20.8139,5.4987,4163.8111,2871.6931,8.0624,19.9829,200.0000,0.0000
8.5000,20.8917,5.5020,4196.9737,2916.8793,8.1346,20.6719,200.0000,0.0000
8.5167,20.9666,5.5053,4184.0514,2960.3195,8.2053,21.3610,200.0000,0.0000
8.5333,21.0365,5.5087,4129.1815,3000.7537,8.2731,22.0501,200.0000,0.0000
8.5500,20.8926,5.5120,0.0000,2911.5295,8.2084,22.7391,200.0000,0.0000
8.5667,20.7620,5.5153,171.8641,2831.4674,8.1507,23.4282,200.0000,0.0000
8.5833,20.6495,5.5187,445.2101,2763.1048,8.1044,24.1173,200.0000,0.0000
8.6000,20.5571,5.5220,767.9618,2707.2914,8.0706,24.8063,200.0000,0.0000
8.6167,20.4859,5.5253,1126.1519,2664.4555,8.0501,25.4954,200.0000,0.0000
8.6333,20.4363,5.5287,1505.8623,2634.6351,8.0430,26.1845,200.0000,0.0000
8.6500,20.4099,5.5320,1893.6437,2618.5819,8.0508,26.8735,200.0000,0.0000
8.6667,20.4043,5.5353,2274.0620,2614.8284,8.0713,27.5626,200.0000,0.0000
8.6833,20.4123,5.5387,2637.1459,2619.0560,8.0993,28.2516,200.0000,0.0000
8.7000,20.4390,5.5420,2981.8196,2634.1037,8.1405,28.9407,200.0000,0.0000
8.7167,20.4798,5.5453,3291.7483,2657.4312,8.1903,29.6298,200.0000,0.0000
8.7333,20.5362,5.5487,3562.9692,2689.7680,8.2508,30.3188,200.0000,0.0000
8.7500,20.6022,5.5520,3784.9240,2727.8338,8.3173,31.0079,200.0000,0.0000
8.7667,20.6752,5.5553,3957.5137,2769.9992,8.3884,31.6970,200.0000,0.0000
8.7833,20.7523,5.5587,4079.4290,2814.6290,8.4625,32.3860,200.0000,0.0000
8.8000,20.8307,5.5620,4151.0304,2860.1291,8.5378,33.0751,200.0000,0.0000
8.8167,20.9079,5.5653,4174.1999,2904.9912,8.6127,33.7642,200.0000,0.0000
8.8333,20.9818,5.5687,4152.1569,2947.8344,8.6858,34.4532,200.0000,0.0000
8.8500,21.0502,5.5720,4089.2487,2987.4401,8.7557,35.1423,200.0000,0.0000
8.8667,20.9070,5.5753,0.0000,2898.7970,8.6896,35.8314,200.0000,0.0000
8.8833,20.7758,5.5787,148.8794,2818.5730,8.6301,36.5204,200.0000,0.0000
8.9000,20.6624,5.5820,414.5005,2749.8079,8.5821,37.2095,200.0000,0.0000
8.9167,20.5687,5.5853,730.4825,2693.3900,8.5468,37.8985,200.0000,0.0000
8.9333,20.4959,5.5887,1082.9923,2649.7866,8.5249,38.5876,200.0000,0.0000
8.9500,20.4446,5.5920,1458.2017,2619.0748,8.5169,39.2767,200.0000,0.0000
8.9667,20.4165,5.5953,1842.7070,2602.1058,8.5243,39.9657,200.0000,0.0000
8.9833,20.4095,5.5987,2220.8916,2597.6038,8.5451,40.6548,200.0000,0.0000
9.0000,20.4372,5.6020,2582.2262,2613.3485,8.5876,41.3439,600.0000,0.0000
9.0167,20.4791,5.6145,2892.1671,2637.2392,8.5923,43.3709,600.0000,0.0000
9.0333,20.5365,5.6270,3162.8253,2670.1217,8.6076,45.3979,600.0000,0.0000
9.0500,20.6035,5.6395,3383.5967,2708.6615,8.6288,47.4249,600.0000,0.0000
9.0667,20.6772,5.6520,3554.5317,2751.2233,8.6544,49.4519,600.0000,0.0000
9.0833,20.7550,5.6645,3674.4055,2796.1670,8.6826,51.4789,600.0000,0.0000
9.1000,20.8340,5.6770,3743.6682,2841.8954,8.7115,53.5059,600.0000,0.0000
9.1167,20.9117,5.6895,3764.2926,2886.8992,8.7397,55.5329,600.0000,0.0000
9.1333,20.9858,5.7020,3739.5885,2929.7982,8.7655,57.5599,600.0000,0.0000
9.1500,21.0544,5.7145,3673.9894,2969.3769,8.7877,59.5869,600.0000,0.0000
9.1667,20.9325,5.7270,0.0000,2893.7143,8.6869,61.6139,600.0000,0.0000
9.1833,20.8201,5.7395,107.9388,2824.5790,8.5916,63.6409,600.0000,0.0000
9.2000,20.7225,5.7520,328.3185,2765.0095,8.5062,65.6679,600.0000,0.0000
9.2167,20.6414,5.7645,592.4558,2715.8199,8.4319,67.6949,600.0000,0.0000
9.2333,20.5781,5.7770,888.6370,2677.4639,8.3691,69.7219,600.0000,0.0000
9.2500,20.5358,5.7895,1205.1192,2651.7606,8.3206,71.7489,600.0000,0.0000
9.2667,20.5101,5.8020,1525.9548,2635.9583,8.2820,73.7759,600.0000,0.0000
9.2833,20.5028,5.8145,1845.5189,2631.0636,8.2557,75.8029,600.0000,0.0000
9.3000,20.5070,5.8270,2151.2073,2632.9396,8.2357,77.8299,600.0000,0.0000
9.3167,20.5263,5.8395,2442.8513,2643.5548,8.2263,79.8569,600.0000,0.0000
9.3333,20.5579,5.8520,2707.7128,2661.3101,8.2244,81.8839,600.0000,0.0000
9.3500,20.5999,5.8645,2941.3989,2685.1385,8.2292,83.9109,600.0000,0.0000
9.3667,20.6536,5.8770,3139.5222,2715.8106,8.2421,85.9379,600.0000,0.0000
9.3833,20.7136,5.8895,3293.6519,2750.2140,8.2585,87.9649,600.0000,0.0000
9.4000,20.7777,5.9020,3405.4143,2786.9712,8.2775,89.9919,600.0000,0.0000
9.4167,20.8434,5.9145,3474.7950,2824.7337,8.2975,92.0189,600.0000,0.0000
9.4333,20.9086,5.9270,3503.0867,2862.2201,8.3172,94.0459,600.0000,0.0000
9.4500,20.9713,5.9395,3492.7409,2898.2502,8.3353,96.0729,600.0000,0.0000
9.4667,21.0299,5.9520,3447.1975,2931.7760,8.3508,98.0999,600.0000,0.0000
9.4833,20.9100,5.9645,0.0000,2857.6228,8.2539,100.1269,600.0000,0.0000
9.5000,20.8013,5.9770,143.9918,2791.0035,8.1635,102.1539,600.0000,0.0000
9.5167,20.7076,5.9895,371.9606,2734.0344,8.0830,104.1809,600.0000,0.0000
9.5333,20.6307,6.0020,641.0412,2687.4501,8.0133,106.2079,600.0000,0.0000
9.5500,20.5714,6.0145,939.5862,2651.6325,7.9548,108.2349,600.0000,0.0000
9.5667,20.5328,6.0270,1255.9912,2628.1874,7.9100,110.2619,600.0000,0.0000
9.5833,20.5107,6.0395,1574.9069,2614.4871,7.8748,112.2889,600.0000,0.0000
9.6000,20.5058,6.0520,1890.6474,2611.0650,7.8506,114.3159,600.0000,0.0000
9.6167,20.5123,6.0645,2192.0360,2614.2715,7.8327,116.3429,600.0000,0.0000
9.6333,20.5342,6.0770,2478.2291,2626.4010,7.8255,118.3699,600.0000,0.0000
9.6500,20.5680,6.0895,2735.7234,2645.4091,7.8252,120.3969,600.0000,0.0000
9.6667,20.6117,6.1020,2961.1533,2670.2144,7.8311,122.4240,600.0000,0.0000
9.6833,20.6668,6.1145,3150.4359,2701.6281,7.8448,124.4510,600.0000,0.0000
9.7000,20.7277,6.1270,3295.3028,2736.4682,7.8615,126.4780,600.0000,0.0000
9.7167,20.7920,6.1395,3397.8142,2773.3671,7.8804,128.5050,600.0000,0.0000
9.7333,20.8576,6.1520,3458.2377,2810.9940,7.9000,130.5320,600.0000,0.0000
9.7500,20.9222,6.1645,3478.1157,2848.0918,7.9191,132.5590,600.0000,0.0000
9.7667,20.9841,6.1770,3460.1124,2883.5115,7.9365,134.5860,600.0000,0.0000
9.7833,21.0414,6.1895,3407.8396,2916.2401,7.9510,136.6130,600.0000,0.0000
9.8000,20.9223,6.2020,0.0000,2842.6638,7.8572,138.6400,600.0000,0.0000
9.8167,20.8134,6.2145,124.2615,2775.9843,7.7691,140.6670,600.0000,0.0000
9.8333,20.7191,6.2270,345.1968,2718.7341,7.6904,142.6940,600.0000,0.0000
9.8500,20.6413,6.2395,607.9526,2671.6779,7.6220,144.7210,600.0000,0.0000
9.8667,20.5809,6.2520,901.0196,2635.2291,7.5645,146.7480,600.0000,0.0000
9.8833,20.5410,6.2645,1212.8942,2611.0736,7.5202,148.7750,600.0000,0.0000
9.9000,20.5175,6.2770,1528.1541,2596.5700,7.4852,150.8020,600.0000,0.0000
9.9167,20.5114,6.2895,1841.2244,2592.4775,7.4612,152.8290,600.0000,0.0000
9.9333,20.5167,6.3020,2140.3850,2594.9697,7.4432,154.8560,600.0000,0.0000
9.9500,20.5370,6.3145,2425.1357,2606.1413,7.4353,156.8830,600.0000,0.0000
9.9667,20.5693,6.3270,2682.5428,2624.2027,7.4343,158.9100,600.0000,0.0000
9.9833,20.6115,6.3395,2908.7807,2648.0985,7.4394,160.9370,600.0000,0.0000
10.0000,20.6651,6.3520,3099.6731,2678.6060,7.4520,162.9640,600.0000,0.0000
10.0167,20.7247,6.3637,3246.9869,2712.6439,7.4357,164.1443,600.0000,0.0000
10.0333,20.7880,6.3753,3352.5355,2748.8545,7.4217,165.3247,600.0000,0.0000
10.0500,20.8527,6.3870,3416.4421,2785.9203,7.4087,166.5050,600.0000,0.0000
10.0667,20.9167,6.3987,3440.1027,2822.5927,7.3954,167.6854,600.0000,0.0000
10.0833,20.9782,6.4103,3426.0384,2857.7265,7.3807,168.8658,600.0000,0.0000
10.1000,21.0353,6.4220,3377.7248,2890.3079,7.3636,170.0461,600.0000,0.0000
10.1167,20.9176,6.4337,0.0000,2817.7458,7.2436,171.2265,600.0000,0.0000
10.1333,20.8103,6.4453,131.8711,2752.2564,7.1298,172.4068,600.0000,0.0000
10.1500,20.7177,6.4570,352.9529,2696.1328,7.0255,173.5872,600.0000,0.0000
10.1667,20.6414,6.4687,614.9209,2650.1146,6.9316,174.7675,600.0000,0.0000
10.1833,20.5824,6.4803,906.3677,2614.5953,6.8485,175.9479,600.0000,0.0000
10.2000,20.5437,6.4920,1215.9082,2591.1961,6.7783,177.1282,600.0000,0.0000
10.2167,20.5212,6.5037,1528.3752,2577.3290,6.7171,178.3086,600.0000,0.0000
10.2333,20.5158,6.5153,1838.2204,2573.6331,6.6665,179.4890,600.0000,0.0000
10.2500,20.5215,6.5270,2134.1465,2576.4328,6.6216,180.6693,600.0000,0.0000
10.2667,20.5424,6.5387,2415.4971,2587.8846,6.5867,181.8497,600.0000,0.0000
10.2833,20.5748,6.5503,2669.2529,2606.1062,6.5585,183.0300,600.0000,0.0000
10.3000,20.6172,6.5620,2891.8579,2630.0483,6.5361,184.2104,600.0000,0.0000
10.3167,20.6707,6.5737,3079.2379,2660.4922,6.5212,185.3907,600.0000,0.0000
10.3333,20.7301,6.5853,3223.2575,2694.3538,6.5092,186.5711,600.0000,0.0000
10.3500,20.7930,6.5970,3325.8203,2730.2977,6.4994,187.7514,600.0000,0.0000
10.3667,20.8572,6.6087,3387.1150,2767.0223,6.4907,188.9318,600.0000,0.0000
10.3833,20.9206,6.6203,3408.5860,2803.2961,6.4817,190.1121,600.0000,0.0000
10.4000,20.9814,6.6320,3392.7860,2837.9912,6.4716,191.2925,600.0000,0.0000
10.4167,21.0378,6.6437,3343.2058,2870.1111,6.4594,192.4729,600.0000,0.0000
10.4333,20.9212,6.6553,0.0000,2798.3384,6.3514,193.6532,600.0000,0.0000
10.4500,20.8146,6.6670,126.1320,2733.4170,6.2486,194.8336,600.0000,0.0000
10.4667,20.7226,6.6787,343.8778,2677.7209,6.1548,196.0139,600.0000,0.0000
10.4833,20.6466,6.6903,602.3855,2631.9922,6.0707,197.1943,600.0000,0.0000
10.5000,20.5878,6.7020,890.3663,2596.6299,5.9967,198.3746,600.0000,0.0000
10.5167,20.5491,6.7137,1196.5435,2573.2616,5.9351,199.5550,600.0000,0.0000
10.5333,20.5263,6.7253,1505.8426,2559.3194,5.8816,200.7353,600.0000,0.0000
10.5500,20.5207,6.7370,1812.7828,2555.4925,5.8384,201.9157,600.0000,0.0000
10.5667,20.5261,6.7487,2106.0144,2558.0944,5.8003,203.0961,600.0000,0.0000
10.5833,20.5464,6.7603,2384.9702,2569.2152,5.7720,204.2764,600.0000,0.0000
10.6000,20.5782,6.7720,2636.8647,2587.0510,5.7499,205.4568,600.0000,0.0000
10.6167,20.6199,6.7837,2858.0536,2610.5675,5.7335,206.6371,600.0000,0.0000
10.6333,20.6727,6.7953,3044.4683,2640.5317,5.7246,207.8175,600.0000,0.0000
10.6500,20.7313,6.8070,3188.0397,2673.9072,5.7184,208.9978,600.0000,0.0000
10.6667,20.7935,6.8187,3290.5965,2709.3744,5.7145,210.1782,600.0000,0.0000
10.6833,20.8571,6.8303,3352.2896,2745.6462,5.7118,211.3586,600.0000,0.0000
10.7000,20.9199,6.8420,3374.5165,2781.5037,5.7091,212.5389,600.0000,0.0000
10.7167,20.9801,6.8537,3359.7760,2815.8295,5.7055,213.7192,600.0000,0.0000
10.7333,21.0361,6.8653,3311.5000,2847.6354,5.7000,214.8996,600.0000,0.0000
10.7500,20.9206,6.8770,0.0000,2776.7267,5.6036,216.0800,600.0000,0.0000
10.7667,20.8153,6.8887,127.0117,2712.6456,5.5119,217.2603,600.0000,0.0000
10.7833,20.7243,6.9003,343.1921,2657.6901,5.4288,218.4407,600.0000,0.0000
10.8000,20.6492,6.9120,599.6198,2612.5910,5.3549,219.6210,600.0000,0.0000
10.8167,20.5912,6.9237,885.1137,2577.7405,5.2907,220.8014,600.0000,0.0000
10.8333,20.5530,6.9353,1188.5078,2554.7388,5.2384,221.9817,600.0000,0.0000
10.8500,20.5306,6.9470,1494.8972,2541.0528,5.1938,223.1621,600.0000,0.0000
10.8667,20.5252,6.9587,1798.8470,2537.3408,5.1591,224.3424,600.0000,0.0000
10.8833,20.5307,6.9703,2089.1872,2539.9811,5.1289,225.5228,600.0000,0.0000
10.9000,20.5509,6.9820,2365.3185,2551.0581,5.1086,226.7032,600.0000,0.0000
10.9167,20.5826,6.9937,2614.5286,2568.7647,5.0943,227.8835,600.0000,0.0000
10.9333,20.6240,7.0053,2833.2608,2592.0770,5.0856,229.0639,600.0000,0.0000
10.9500,20.6764,7.0170,3017.4986,2621.7559,5.0843,230.2442,600.0000,0.0000
10.9667,20.7346,7.0287,3159.2526,2654.7939,5.0856,231.4246,600.0000,0.0000
10.9833,20.7962,7.0403,3260.3578,2689.8859,5.0893,232.6049,600.0000,0.0000
11.0000,20.8592,7.0520,3320.9781,2725.7593,5.0941,233.7853,600.0000,0.0000
11.0167,20.9214,7.0587,3342.5114,2761.2448,5.1504,236.4668,600.0000,0.0000
11.0333,20.9810,7.0653,3327.4525,2795.1949,5.2061,239.1483,600.0000,0.0000
11.0500,21.0364,7.0720,3279.2136,2826.6350,5.2603,241.8298,600.0000,0.0000
11.0667,20.9221,7.0787,0.0000,2756.5389,5.2265,244.5114,600.0000,0.0000
11.0833,20.8176,7.0853,124.7088,2693.1487,5.1971,247.1929,600.0000,0.0000
11.1000,20.7274,7.0920,338.5435,2638.7643,5.1760,249.8744,600.0000,0.0000
11.1167,20.6530,7.0987,592.3217,2594.1127,5.1639,252.5559,600.0000,0.0000
11.1333,20.5953,7.1053,874.9722,2559.5855,5.1614,255.2375,600.0000,0.0000
11.1500,20.5574,7.1120,1175.4353,2536.7762,5.1706,257.9190,600.0000,0.0000
11.1667,20.5351,7.1187,1478.9320,2523.1753,5.1876,260.6005,600.0000,0.0000
11.1833,20.5297,7.1253,1780.0825,2519.4616,5.2144,263.2820,600.0000,0.0000
11.2000,20.5350,7.1320,2067.7755,2522.0283,5.2460,265.9636,600.0000,0.0000
11.2167,20.5550,7.1387,2341.4409,2532.9120,5.2875,268.6451,600.0000,0.0000
11.2333,20.5863,7.1453,2588.5176,2550.3558,5.3352,271.3266,600.0000,0.0000
11.2500,20.6272,7.1520,2805.4450,2573.3483,5.3886,274.0081,600.0000,0.0000
11.2667,20.6790,7.1587,2988.2334,2602.6365,5.4496,276.6896,600.0000,0.0000
11.2833,20.7366,7.1653,3128.9633,2635.2544,5.5136,279.3712,600.0000,0.0000
11.3000,20.7976,7.1720,3229.4345,2669.9117,5.5801,282.0527,600.0000,0.0000
11.3167,20.8600,7.1787,3289.7979,2705.3498,5.6482,284.7342,600.0000,0.0000
11.3333,20.9217,7.1853,3311.4278,2740.3771,5.7166,287.4157,600.0000,0.0000
11.3500,20.9808,7.1920,3296.7791,2773.9011,5.7845,290.0972,600.0000,0.0000
11.3667,21.0357,7.1987,3249.2230,2804.9559,5.8508,292.7788,600.0000,0.0000
11.3833,20.9224,7.2053,0.0000,2735.6032,5.8275,295.4603,600.0000,0.0000
11.4000,20.8190,7.2120,124.1567,2672.8974,5.8088,298.1418,600.0000,0.0000
11.4167,20.7296,7.2187,336.1683,2619.0989,5.7982,300.8233,600.0000,0.0000
11.4333,20.6560,7.2253,587.7224,2574.9264,5.7965,303.5049,600.0000,0.0000
11.4500,20.5989,7.2320,867.8494,2540.7667,5.8042,306.1864,600.0000,0.0000
11.4667,20.5614,7.2387,1165.5917,2518.1965,5.8235,308.8679,600.0000,0.0000
11.4833,20.5394,7.2453,1466.3122,2504.7327,5.8507,311.5494,600.0000,0.0000
11.5000,20.5340,7.2520,1764.6782,2501.0495,5.8877,314.2310,600.0000,0.0000
11.5167,20.5393,7.2587,2049.6999,2503.5768,5.9300,316.9125,600.0000,0.0000
11.5333,20.5591,7.2653,2320.8014,2514.3253,5.9818,319.5940,600.0000,0.0000
11.5500,20.5902,7.2720,2565.5202,2531.5602,6.0400,322.2755,600.0000,0.0000
11.5667,20.6308,7.2787,2780.3424,2554.2808,6.1041,324.9570,600.0000,0.0000
11.5833,20.6822,7.2853,2961.3173,2583.2243,6.1756,327.6386,600.0000,0.0000
11.6000,20.7392,7.2920,3100.5963,2615.4580,6.2503,330.3201,600.0000,0.0000
11.6167,20.7998,7.2987,3199.9692,2649.7058,6.3276,333.0016,600.0000,0.0000
11.6333,20.8616,7.3053,3259.5891,2684.7226,6.4064,335.6831,600.0000,0.0000
11.6500,20.9227,7.3120,3280.8213,2719.3299,6.4856,338.3646,600.0000,0.0000
11.6667,20.9813,7.3187,3266.1024,2752.4471,6.5640,341.0462,600.0000,0.0000
11.6833,21.0357,7.3253,3218.7763,2783.1192,6.6408,343.7277,600.0000,0.0000
11.7000,20.9235,7.3320,0.0000,2714.5250,6.6232,346.4092,600.0000,0.0000
11.7167,20.8210,7.3387,122.4373,2652.4812,6.6103,349.0907,600.0000,0.0000
11.7333,20.7325,7.3453,332.2891,2599.2359,6.6055,351.7722,600.0000,0.0000
11.7500,20.6594,7.3520,581.3455,2555.5019,6.6098,354.4538,600.0000,0.0000
11.7667,20.6028,7.3587,858.7420,2521.6638,6.6236,357.1353,600.0000,0.0000
11.7833,20.5656,7.3653,1153.6243,2499.2865,6.6492,359.8168,600.0000,0.0000
11.8000,20.5438,7.3720,1451.4861,2485.9123,6.6833,362.4983,600.0000,0.0000
11.8167,20.5384,7.3787,1747.0456,2482.2229,6.7275,365.1799,600.0000,0.0000
11.8333,20.5436,7.3853,2029.3959,2484.6746,6.7774,367.8614,600.0000,0.0000
11.8500,20.5632,7.3920,2297.9758,2495.2428,6.8370,370.5429,600.0000,0.0000
11.8667,20.5940,7.3987,2540.4520,2512.2274,6.9034,373.2244,600.0000,0.0000
11.8833,20.6341,7.4053,2753.3265,2534.6398,6.9759,375.9060,600.0000,0.0000
11.9000,20.6851,7.4120,2932.6802,2563.2058,7.0560,378.5875,600.0000,0.0000
11.9167,20.7416,7.4187,3070.7342,2595.0300,7.1397,381.2690,600.0000,0.0000
11.9333,20.8015,7.4253,3169.2533,2628.8504,7.2261,383.9505,600.0000,0.0000
11.9500,20.8628,7.4320,3228.3841,2663.4359,7.3139,386.6320,600.0000,0.0000
11.9667,20.9233,7.4387,3249.4746,2697.6209,7.4021,389.3136,600.0000,0.0000
11.9833,20.9814,7.4453,3234.9345,2730.3367,7.4894,391.9951,600.0000,0.0000
12.0000,21.0353,7.4520,3188.0741,2760.6383,7.5748,394.6766,600.0000,0.0000
12.0167,20.9242,7.4520,0.0000,2692.9156,7.4950,390.7938,600.0000,0.0000
12.0333,20.8227,7.4520,121.2897,2631.6853,7.4208,386.9110,600.0000,0.0000
12.0500,20.7350,7.4520,329.1163,2579.1649,7.3554,383.0282,600.0000,0.0000
12.0667,20.6627,7.4520,575.7770,2536.0570,7.2997,379.1454,600.0000,0.0000
12.0833,20.6066,7.4520,850.5159,2502.7411,7.2541,375.2626,600.0000,0.0000
12.1000,20.5698,7.4520,1142.5860,2480.7584,7.2208,371.3798,600.0000,0.0000
12.1167,20.5481,7.4520,1437.6203,2467.6852,7.1963,367.4970,600.0000,0.0000
12.1333,20.5428,7.4520,1730.3899,2464.1733,7.1821,363.6141,600.0000,0.0000
12.1500,20.5479,7.4520,2010.0841,2466.7426,7.1737,359.7313,600.0000,0.0000
12.1667,20.5673,7.4520,2276.1518,2477.3740,7.1747,355.8485,600.0000,0.0000
12.1833,20.5977,7.4520,2516.3876,2494.3568,7.1821,351.9657,600.0000,0.0000
12.2000,20.6375,7.4520,2727.3217,2516.7145,7.1953,348.0829,600.0000,0.0000
12.2167,20.6879,7.4520,2905.0717,2545.1757,7.2155,344.2001,600.0000,0.0000
12.2333,20.7439,7.4520,3041.9354,2576.8673,7.2387,340.3173,600.0000,0.0000
12.2500,20.8032,7.4520,3139.6579,2610.5424,7.2639,336.4345,600.0000,0.0000
12.2667,20.8638,7.4520,3198.3825,2644.9843,7.2899,332.5517,600.0000,0.0000
12.2833,20.9238,7.4520,3219.4432,2679.0409,7.3155,328.6689,600.0000,0.0000
12.3000,20.9813,7.4520,3205.2255,2711.6554,7.3396,324.7861,600.0000,0.0000
12.3167,21.0347,7.4520,3159.0068,2741.8935,7.3612,320.9033,600.0000,0.0000
12.3333,20.9245,7.4520,0.0000,2675.0907,7.2836,317.0205,600.0000,0.0000
12.3500,20.8239,7.4520,120.7949,2614.6982,7.2113,313.1376,600.0000,0.0000
12.3667,20.7370,7.4520,327.0216,2562.9049,7.1476,309.2548,600.0000,0.0000
12.3833,20.6653,7.4520,571.7493,2520.4108,7.0934,305.3720,600.0000,0.0000
12.4000,20.6097,7.4520,844.3144,2487.5953,7.0490,301.4892,600.0000,0.0000
12.4167,20.5731,7.4520,1134.0617,2465.9781,7.0165,297.6064,600.0000,0.0000
12.4333,20.5517,7.4520,1426.7457,2453.1730,6.9927,293.7236,600.0000,0.0000
12.4500,20.5464,7.4520,1717.1804,2449.7975,6.9788,289.8408,600.0000,0.0000
12.4667,20.5515,7.4520,1994.6473,2452.4400,6.9705,285.9580,600.0000,0.0000
12.4833,20.5708,7.4520,2258.5964,2463.0908,6.9714,282.0752,600.0000,0.0000
12.5000,20.6009,7.4520,2496.9207,2480.0262,6.9786,278.1924,600.0000,0.0000
12.5167,20.6404,7.4520,2706.1820,2502.2799,6.9914,274.3096,600.0000,0.0000
12.5333,20.6904,7.4520,2882.5296,2530.5816,7.0110,270.4268,600.0000,0.0000
12.5500,20.7459,7.4520,3018.3248,2562.0788,7.0335,266.5440,600.0000,0.0000
12.5667,20.8047,7.4520,3115.2984,2595.5371,7.0580,262.6611,600.0000,0.0000
12.5833,20.8649,7.4520,3173.5926,2629.7521,7.0833,258.7783,600.0000,0.0000
12.6000,20.9243,7.4520,3194.5304,2663.5829,7.1081,254.8955,600.0000,0.0000
12.6167,20.9813,7.4520,3180.4778,2695.9833,7.1315,251.0127,600.0000,0.0000
12.6333,21.0343,7.4520,3134.6856,2726.0282,7.1525,247.1299,600.0000,0.0000
12.6500,20.9250,7.4520,0.0000,2659.9216,7.0769,243.2471,600.0000,0.0000
12.6667,20.8251,7.4520,120.0774,2600.1622,7.0065,239.3643,600.0000,0.0000
12.6833,20.7388,7.4520,324.8477,2548.9178,6.9444,235.4815,600.0000,0.0000
12.7000,20.6676,7.4520,567.8435,2506.8839,6.8915,231.5987,600.0000,0.0000
12.7167,20.6124,7.4520,838.4810,2474.4384,6.8482,227.7159,600.0000,0.0000
12.7333,20.5761,7.4520,1126.1834,2453.0842,6.8166,223.8330,600.0000,0.0000
12.7500,20.5548,7.4520,1416.8075,2440.4630,6.7933,219.9502,600.0000,0.0000
12.7667,20.5496,7.4520,1705.2051,2437.1716,6.7798,216.0675,600.0000,0.0000
12.7833,20.5547,7.4520,1980.7307,2439.8458,6.7716,212.1846,600.0000,0.0000
12.8000,20.5737,7.4520,2242.8391,2450.4751,6.7724,208.3018,600.0000,0.0000
12.8167,20.6037,7.4520,2479.5128,2467.3346,6.7794,204.4190,600.0000,0.0000
12.8333,20.6428,7.4520,2687.3353,2489.4666,6.7918,200.5362,600.0000,0.0000
12.8500,20.6925,7.4520,2862.4826,2517.5997,6.8110,196.6534,600.0000,0.0000
12.8667,20.7476,7.4520,2997.3699,2548.9011,6.8329,192.7706,600.0000,0.0000
12.8833,20.8060,7.4520,3093.7137,2582.1472,6.8568,188.8878,600.0000,0.0000
12.9000,20.8657,7.4520,3151.6539,2616.1439,6.8815,185.0050,600.0000,0.0000
12.9167,20.9248,7.4520,3172.5029,2649.7599,6.9057,181.1222,600.0000,0.0000
12.9333,20.9814,7.4520,3158.6087,2681.9580,6.9286,177.2394,600.0000,0.0000
12.9500,21.0340,7.4520,3113.1984,2711.8206,6.9491,173.3566,600.0000,0.0000
12.9667,20.9253,7.4520,0.0000,2646.3178,6.8753,169.4737,600.0000,0.0000
12.9833,20.8262,7.4520,119.4478,2587.1084,6.8067,165.5909,600.0000,0.0000
13.0000,20.7405,7.4520,322.9131,2536.3402,6.7461,161.7081,600.0000,0.0000
13.0167,20.6697,7.4553,564.3541,2494.6590,6.7115,161.6020,600.0000,0.0000
13.0333,20.6149,7.4587,833.2556,2462.4743,6.6863,161.4958,600.0000,0.0000
13.0500,20.5789,7.4620,1119.1095,2441.2792,6.6724,161.3897,600.0000,0.0000
13.0667,20.5577,7.4653,1407.8642,2428.7382,6.6666,161.2835,600.0000,0.0000
13.0833,20.5525,7.4687,1694.4034,2425.4446,6.6703,161.1774,600.0000,0.0000
13.1000,20.5575,7.4720,1968.1517,2428.0631,6.6793,161.0712,600.0000,0.0000
13.1167,20.5765,7.4753,2228.5648,2438.5651,6.6972,160.9650,600.0000,0.0000
13.1333,20.6063,7.4787,2463.6977,2455.2433,6.7213,160.8589,600.0000,0.0000
13.1500,20.6452,7.4820,2670.1566,2477.1477,6.7507,160.7527,600.0000,0.0000
13.1667,20.6945,7.4853,2844.1404,2504.9992,6.7869,160.6466,600.0000,0.0000
13.1833,20.7493,7.4887,2978.1098,2535.9894,6.8260,160.5404,600.0000,0.0000
13.2000,20.8074,7.4920,3073.7700,2568.9039,6.8671,160.4343,600.0000,0.0000
13.2167,20.8667,7.4953,3131.2594,2602.5577,6.9091,160.3281,600.0000,0.0000
13.2333,20.9254,7.4987,3151.8811,2635.8281,6.9508,160.2220,600.0000,0.0000
13.2500,20.9816,7.5020,3137.9683,2667.6857,6.9912,160.1158,600.0000,0.0000
13.2667,21.0339,7.5053,3092.7274,2697.2198,7.0293,160.0096,600.0000,0.0000
13.2833,20.9261,7.5087,0.0000,2632.1425,6.9730,159.9035,600.0000,0.0000
13.3000,20.8276,7.5120,118.3044,2573.2924,6.9215,159.7973,600.0000,0.0000
13.3167,20.7424,7.5153,320.2779,2522.8078,6.8780,159.6912,600.0000,0.0000
13.3333,20.6721,7.5187,559.9802,2481.3759,6.8433,159.5850,600.0000,0.0000
13.3500,20.6177,7.5220,826.9696,2449.3708,6.8179,159.4789,600.0000,0.0000
13.3667,20.5818,7.5253,1110.8099,2428.2771,6.8040,159.3727,600.0000,0.0000
13.3833,20.5608,7.5287,1397.5427,2415.7717,6.7982,159.2666,600.0000,0.0000
13.4000,20.5556,7.5320,1682.0874,2412.4568,6.8021,159.1604,600.0000,0.0000
13.4167,20.5606,7.5353,1953.9325,2415.0080,6.8112,159.0542,600.0000,0.0000
13.4333,20.5794,7.5387,2212.5415,2425.3679,6.8294,158.9481,600.0000,0.0000
13.4500,20.6090,7.5420,2446.0557,2441.8578,6.8536,158.8419,600.0000,0.0000
13.4667,20.6476,7.5453,2651.0969,2463.5352,6.8834,158.7358,600.0000,0.0000
13.4833,20.6966,7.5487,2823.8878,2491.1121,6.9199,158.6296,600.0000,0.0000
13.5000,20.7510,7.5520,2956.9382,2521.8065,6.9593,158.5235,600.0000,0.0000
13.5167,20.8087,7.5553,3051.9387,2554.4135,7.0008,158.4173,600.0000,0.0000
13.5333,20.8676,7.5587,3109.0242,2587.7575,7.0432,158.3111,600.0000,0.0000
13.5500,20.9259,7.5620,3129.4874,2620.7246,7.0853,158.2050,600.0000,0.0000
13.5667,20.9818,7.5653,3115.6442,2652.2935,7.1260,158.0988,600.0000,0.0000
13.5833,21.0338,7.5687,3070.6783,2681.5607,7.1645,157.9927,600.0000,0.0000
13.6000,20.9267,7.5720,0.0000,2617.0322,7.1079,157.8865,600.0000,0.0000
13.6167,20.8289,7.5753,117.3252,2558.6710,7.0561,157.7804,600.0000,0.0000
13.6333,20.7443,7.5787,317.7880,2508.5999,7.0124,157.6742,600.0000,0.0000
13.6500,20.6746,7.5820,555.7137,2467.5011,6.9775,157.5681,600.0000,0.0000
13.6667,20.6205,7.5853,820.7372,2435.7463,6.9520,157.4619,600.0000,0.0000
13.6833,20.5849,7.5887,1102.4986,2414.8097,6.9380,157.3557,600.0000,0.0000
13.7000,20.5640,7.5920,1387.1389,2402.3875,6.9323,157.2496,600.0000,0.0000
13.7167,20.5588,7.5953,1669.6141,2399.0825,6.9362,157.1434,600.0000,0.0000
13.7333,20.5638,7.5987,1939.4841,2401.5933,6.9456,157.0373,600.0000,0.0000
13.7500,20.5825,7.6020,2196.2180,2411.8410,6.9639,156.9311,600.0000,0.0000
13.7667,20.6118,7.6053,2428.0448,2428.1674,6.9884,156.8250,600.0000,0.0000
13.7833,20.6502,7.6087,2631.6065,2449.6383,7.0185,156.7188,600.0000,0.0000
13.8000,20.6988,7.6120,2803.1509,2476.9585,7.0553,156.6127,600.0000,0.0000
13.8167,20.7528,7.6153,2935.2402,2507.3713,7.0951,156.5065,600.0000,0.0000
13.8333,20.8101,7.6187,3029.5504,2539.6823,7.1370,156.4003,600.0000,0.0000
13.8500,20.8686,7.6220,3086.2139,2572.7258,7.1797,156.2942,600.0000,0.0000
13.8667,20.9265,7.6253,3106.5129,2605.3974,7.2222,156.1880,600.0000,0.0000
13.8833,20.9820,7.6287,3092.7456,2636.6844,7.2633,156.0819,600.0000,0.0000
13.9000,21.0336,7.6320,3048.0726,2665.6907,7.3021,155.9757,600.0000,0.0000
13.9167,20.9273,7.6353,0.0000,2601.7338,7.2451,155.8696,600.0000,0.0000
13.9333,20.8302,7.6387,116.3565,2543.8828,7.1930,155.7634,600.0000,0.0000
13.9500,20.7463,7.6420,315.2977,2494.2443,7.1490,155.6573,600.0000,0.0000
13.9667,20.6770,7.6453,551.4328,2453.4957,7.1139,155.5511,600.0000,0.0000
13.9833,20.6234,7.6487,814.4747,2422.0066,7.0883,155.4450,600.0000,0.0000
14.0000,20.5880,7.6520,1094.1402,2401.2402,7.0742,155.3388,600.0000,0.0000
14.0167,20.5673,7.6570,1376.6712,2388.9007,7.0539,154.6370,600.0000,0.0000
14.0333,20.5621,7.6620,1657.0589,2385.6030,7.0434,153.9351,600.0000,0.0000
14.0500,20.5671,7.6670,1924.9350,2388.0720,7.0383,153.2333,600.0000,0.0000
14.0667,20.5856,7.6720,2179.7742,2398.2114,7.0422,152.5314,600.0000,0.0000
14.0833,20.6147,7.6770,2409.8929,2414.3789,7.0523,151.8296,600.0000,0.0000
14.1000,20.6528,7.6820,2611.9537,2435.6485,7.0678,151.1277,600.0000,0.0000
14.1167,20.7010,7.6870,2782.2306,2462.7192,7.0900,150.4259,600.0000,0.0000
14.1333,20.7546,7.6920,2913.3381,2492.8582,7.1152,149.7240,600.0000,0.0000
14.1500,20.8115,7.6970,3006.9384,2524.8813,7.1423,149.0222,600.0000,0.0000
14.1667,20.8696,7.7020,3063.1618,2557.6329,7.1702,148.3203,600.0000,0.0000
14.1833,20.9271,7.7070,3083.2800,2590.0181,7.1977,147.6185,600.0000,0.0000
14.2000,20.9822,7.7120,3069.5742,2621.0326,7.2238,146.9166,600.0000,0.0000
14.2167,21.0334,7.7170,3025.1815,2649.7880,7.2475,146.2148,600.0000,0.0000
14.2333,20.9279,7.7220,0.0000,2586.4188,7.1763,145.5130,600.0000,0.0000
14.2500,20.8316,7.7270,115.3334,2529.0927,7.1102,144.8111,600.0000,0.0000
14.2667,20.7483,7.7320,312.7184,2479.9010,7.0522,144.1093,600.0000,0.0000
14.2833,20.6795,7.7370,547.0259,2439.5162,7.0031,143.4074,600.0000,0.0000
14.3000,20.6263,7.7420,808.0481,2408.3057,6.9635,142.7056,600.0000,0.0000
14.3167,20.5912,7.7470,1085.5798,2387.7203,6.9352,142.0037,600.0000,0.0000
14.3333,20.5706,7.7520,1365.9647,2375.4982,6.9153,141.3019,600.0000,0.0000
14.3500,20.5654,7.7570,1644.2342,2372.2338,6.9049,140.6000,600.0000,0.0000
14.3667,20.5703,7.7620,1910.0911,2374.6839,6.8998,139.8982,600.0000,0.0000
14.3833,20.5887,7.7670,2163.0169,2384.7365,6.9036,139.1963,600.0000,0.0000
14.4000,20.6176,7.7720,2391.4211,2400.7636,6.9134,138.4945,600.0000,0.0000
14.4167,20.6553,7.7770,2591.9854,2421.8478,6.9287,137.7926,600.0000,0.0000
14.4333,20.7032,7.7820,2761.0097,2448.6830,6.9505,137.0908,600.0000,0.0000
14.4500,20.7565,7.7870,2891.1626,2478.5603,6.9751,136.3889,600.0000,0.0000
14.4667,20.8129,7.7920,2984.0906,2510.3065,7.0017,135.6871,600.0000,0.0000
14.4833,20.8706,7.7970,3039.9207,2542.7762,7.0291,134.9853,600.0000,0.0000
14.5000,20.9276,7.8020,3059.9132,2574.8842,7.0561,134.2834,600.0000,0.0000
14.5167,20.9823,7.8070,3046.3305,2605.6352,7.0817,133.5816,600.0000,0.0000
14.5333,21.0331,7.8120,3002.2851,2634.1484,7.1050,132.8797,600.0000,0.0000
14.5500,20.9284,7.8170,0.0000,2571.3688,7.0350,132.1779,600.0000,0.0000
14.5667,20.8328,7.8220,114.4885,2514.5734,6.9700,131.4760,600.0000,0.0000
14.5833,20.7502,7.8270,310.3870,2465.8351,6.9130,130.7742,600.0000,0.0000
14.6000,20.6819,7.8320,542.9339,2425.8214,6.8647,130.0723,600.0000,0.0000
14.6167,20.6291,7.8370,801.9989,2394.8977,6.8257,129.3705,600.0000,0.0000
14.6333,20.5942,7.8420,1077.4543,2374.5023,6.7980,128.6686,600.0000,0.0000
14.6500,20.5738,7.8470,1355.7455,2362.3949,6.7783,127.9668,600.0000,0.0000
14.6667,20.5687,7.8520,1631.9407,2359.1639,6.7680,127.2649,600.0000,0.0000
14.6833,20.5735,7.8570,1895.8175,2361.5967,6.7630,126.5631,600.0000,0.0000
14.7000,20.5918,7.8620,2146.8617,2371.5664,6.7667,125.8613,600.0000,0.0000
14.7167,20.6204,7.8670,2373.5698,2387.4581,6.7763,125.1594,600.0000,0.0000
14.7333,20.6579,7.8720,2572.6462,2408.3630,6.7912,124.4576,600.0000,0.0000
14.7500,20.7055,7.8770,2740.4171,2434.9692,6.8126,123.7557,600.0000,0.0000
14.7667,20.7583,7.8820,2869.6043,2464.5916,6.8368,123.0539,600.0000,0.0000
14.7833,20.8143,7.8870,2961.8408,2496.0672,6.8629,122.3520,600.0000,0.0000
14.8000,20.8715,7.8920,3017.2515,2528.2606,6.8898,121.6502,600.0000,0.0000
14.8167,20.9281,7.8970,3037.0866,2560.0963,6.9163,120.9483,600.0000,0.0000
14.8333,20.9824,7.9020,3023.5910,2590.5874,6.9414,120.2465,600.0000,0.0000
14.8500,21.0329,7.9070,2979.8542,2618.8608,6.9642,119.5446,600.0000,0.0000
14.8667,20.9290,7.9120,0.0000,2556.6544,6.8955,118.8428,600.0000,0.0000
14.8833,20.8341,7.9170,113.5811,2500.3727,6.8316,118.1410,600.0000,0.0000
14.9000,20.7521,7.9220,308.0022,2452.0723,6.7755,117.4391,600.0000,0.0000
14.9167,20.6843,7.9270,538.8075,2412.4161,6.7281,116.7373,600.0000,0.0000
14.9333,20.6318,7.9320,795.9431,2381.7672,6.6897,116.0354,600.0000,0.0000
14.9500,20.5972,7.9370,1069.3568,2361.5525,6.6624,115.3336,600.0000,0.0000
14.9667,20.5769,7.9420,1345.5929,2349.5524,6.6430,114.6317,600.0000,0.0000
14.9833,20.5719,7.9470,1619.7561,2346.3504,6.6329,113.9299,600.0000,0.0000
15.0000,20.5767,7.9520,1881.6944,2348.7628,6.6279,113.2280,600.0000,0.0000
15.0167,20.5947,7.9428,2130.8992,2358.7759,6.6162,111.4524,600.0000,0.0000
15.0333,20.6232,7.9337,2355.9633,2374.6608,6.6103,109.6768,600.0000,0.0000
15.0500,20.6604,7.9245,2553.6138,2395.5168,6.6096,107.9013,600.0000,0.0000
15.0667,20.7075,7.9153,2720.2044,2422.0268,6.6152,106.1257,600.0000,0.0000
15.0833,20.7599,7.9062,2848.5130,2451.5289,6.6235,104.3501,600.0000,0.0000
15.1000,20.8155,7.8970,2940.1581,2482.8704,6.6335,102.5745,600.0000,0.0000
15.1167,20.8723,7.8878,2995.2629,2514.9261,6.6443,100.7989,600.0000,0.0000
15.1333,20.9285,7.8787,3015.0671,2546.6302,6.6547,99.0233,600.0000,0.0000
15.1500,20.9824,7.8695,3001.7977,2577.0046,6.6636,97.2477,600.0000,0.0000
15.1667,21.0324,7.8603,2958.5197,2605.1840,6.6704,95.4721,600.0000,0.0000
15.1833,20.9293,7.8512,0.0000,2543.6567,6.5890,93.6965,600.0000,0.0000
15.2000,20.8350,7.8420,113.1826,2488.0092,6.5125,91.9209,600.0000,0.0000
15.2167,20.7535,7.8328,306.4143,2440.2746,6.4437,90.1453,600.0000,0.0000
15.2333,20.6862,7.8237,535.7877,2401.1113,6.3835,88.3698,600.0000,0.0000
15.2500,20.6341,7.8145,791.3186,2370.8807,6.3321,86.5942,600.0000,0.0000
15.2667,20.5997,7.8053,1063.0237,2350.9964,6.2915,84.8186,600.0000,0.0000
15.2833,20.5795,7.7962,1337.5376,2339.2604,6.2586,83.0430,600.0000,0.0000
15.3000,20.5745,7.7870,1609.9985,2336.2431,6.2346,81.2674,600.0000,0.0000
15.3167,20.5793,7.7778,1870.3189,2338.7965,6.2154,79.4918,600.0000,0.0000
15.3333,20.5972,7.7687,2117.9948,2348.7737,6.2045,77.7162,600.0000,0.0000
15.3500,20.6255,7.7595,2341.6892,2364.5762,6.1993,75.9406,600.0000,0.0000
15.3667,20.6624,7.7503,2538.1459,2385.3111,6.1989,74.1650,600.0000,0.0000
15.3833,20.7093,7.7412,2703.7398,2411.6592,6.2047,72.3894,600.0000,0.0000
15.4000,20.7614,7.7320,2831.2930,2440.9766,6.2131,70.6138,600.0000,0.0000
15.4167,20.8166,7.7228,2922.4116,2472.1197,6.2232,68.8383,600.0000,0.0000
15.4333,20.8730,7.7137,2977.2162,2503.9721,6.2340,67.0627,600.0000,0.0000
15.4500,20.9289,7.7045,2996.9375,2535.4758,6.2446,65.2871,600.0000,0.0000
15.4667,20.9824,7.6953,2983.7874,2565.6603,6.2539,63.5115,600.0000,0.0000
15.4833,21.0322,7.6862,2940.8109,2593.6664,6.2611,61.7359,600.0000,0.0000
15.5000,20.9296,7.6770,0.0000,2532.6185,6.1842,59.9603,600.0000,0.0000
15.5167,20.8359,7.6678,112.6246,2477.4055,6.1118,58.1847,600.0000,0.0000
15.5333,20.7549,7.6587,304.7626,2430.0450,6.0468,56.4091,600.0000,0.0000
15.5500,20.6880,7.6495,532.8352,2391.1916,5.9900,54.6335,600.0000,0.0000
15.5667,20.6362,7.6403,786.9170,2361.2051,5.9417,52.8579,600.0000,0.0000
15.5833,20.6020,7.6312,1057.0829,2341.4883,5.9038,51.0823,600.0000,0.0000
15.6000,20.5819,7.6220,1330.0442,2329.8616,5.8731,49.3068,600.0000,0.0000
15.6167,20.5769,7.6128,1600.9668,2326.8859,5.8511,47.5312,600.0000,0.0000
15.6333,20.5816,7.6037,1859.8192,2329.4418,5.8335,45.7556,600.0000,0.0000
15.6500,20.5995,7.5945,2106.1006,2339.3757,5.8241,43.9800,600.0000,0.0000
15.6667,20.6276,7.5853,2328.5388,2355.0946,5.8201,42.2044,600.0000,0.0000
15.6833,20.6643,7.5762,2523.8951,2375.7117,5.8209,40.4288,600.0000,0.0000
15.7000,20.7080,7.5670,2688.5642,2400.2694,5.8255,38.6532,600.0000,0.0000
15.7167,20.7601,7.5578,2820.0998,2429.5994,5.8357,36.8776,600.0000,0.0000
15.7333,20.8154,7.5487,2911.9541,2460.7741,5.8470,35.1020,600.0000,0.0000
15.7500,20.8719,7.5395,2967.4171,2492.6759,5.8591,33.3264,600.0000,0.0000
15.7667,20.9279,7.5303,2987.7052,2524.2453,5.8709,31.5508,600.0000,0.0000
15.7833,20.9816,7.5212,2975.0201,2554.5094,5.8817,29.7753,600.0000,0.0000
15.8000,21.0315,7.5120,2932.4009,2582.6067,5.8906,27.9997,600.0000,0.0000
15.8167,20.9295,7.5028,0.0000,2522.0101,5.8181,26.2241,600.0000,0.0000
15.8333,20.8364,7.4937,112.7813,2467.2273,5.7498,24.4485,600.0000,0.0000
15.8500,20.7559,7.4845,304.0725,2420.2449,5.6886,22.6729,600.0000,0.0000
15.8667,20.6894,7.4753,531.0626,2381.7127,5.6354,20.8973,600.0000,0.0000
15.8833,20.6379,7.4662,783.8805,2351.9877,5.5904,19.1217,600.0000,0.0000
15.9000,20.6040,7.4570,1052.6561,2332.4591,5.5556,17.3461,600.0000,0.0000
15.9167,20.5841,7.4478,1324.1806,2320.9655,5.5276,15.5705,600.0000,0.0000
15.9333,20.5791,7.4387,1593.6439,2318.0517,5.5081,13.7949,600.0000,0.0000
15.9500,20.5839,7.4295,1851.0917,2320.6319,5.4927,12.0193,600.0000,0.0000
15.9667,20.6017,7.4203,2096.0131,2330.5516,5.4856,10.2438,600.0000,0.0000
15.9833,20.6297,7.4112,2317.1806,2346.2153,5.4836,8.4682,600.0000,0.0000
16.0000,20.6663,7.4020,2511.3900,2366.7419,5.4864,6.6926,600.0000,0.0000
16.0167,20.7097,7.3995,2675.0596,2391.1126,5.5629,6.5810,600.0000,0.0000
16.0333,20.7616,7.3970,2805.7609,2420.2167,5.6459,6.4695,600.0000,0.0000
16.0500,20.8166,7.3945,2896.9821,2451.1441,5.7311,6.3579,600.0000,0.0000
16.0667,20.8728,7.3920,2952.0023,2482.7852,5.8182,6.2464,600.0000,0.0000
16.0833,20.9285,7.3895,2972.0352,2514.0881,5.9062,6.1349,600.0000,0.0000
16.1000,20.9819,7.3870,2959.2746,2544.0866,5.9942,6.0233,600.0000,0.0000
16.1167,21.0316,7.3845,2916.7464,2571.9256,6.0813,5.9118,600.0000,0.0000
16.1333,20.9301,7.3820,0.0000,2511.6462,6.0870,5.8002,600.0000,0.0000
16.1500,20.8374,7.3795,111.8397,2457.1269,6.0971,5.6887,600.0000,0.0000
16.1667,20.7573,7.3770,302.0318,2410.3504,6.1146,5.5771,600.0000,0.0000
16.1833,20.6912,7.3745,527.7603,2371.9641,6.1404,5.4656,600.0000,0.0000
16.2000,20.6399,7.3720,779.2065,2342.3240,6.1750,5.3541,600.0000,0.0000
16.2167,20.6061,7.3695,1046.5519,2322.8150,6.2204,5.2425,600.0000,0.0000
16.2333,20.5863,7.3670,1316.6516,2311.2872,6.2736,5.1310,600.0000,0.0000
16.2500,20.5813,7.3645,1584.7214,2308.2941,6.3361,5.0194,600.0000,0.0000
16.2667,20.5860,7.3620,1840.8446,2310.7581,6.4039,4.9079,600.0000,0.0000
16.2833,20.6037,7.3595,2084.5196,2320.5012,6.4807,4.7963,600.0000,0.0000
16.3000,20.6316,7.3570,2304.5851,2335.9522,6.5640,4.6848,600.0000,0.0000
16.3167,20.6679,7.3545,2497.8423,2356.2360,6.6531,4.5733,600.0000,0.0000
16.3333,20.7111,7.3520,2660.7240,2380.4068,6.7472,4.4617,600.0000,0.0000
16.3500,20.7627,7.3495,2790.8103,2409.2852,6.8478,4.3502,600.0000,0.0000
16.3667,20.8174,7.3470,2881.6203,2439.9819,6.9509,4.2386,600.0000,0.0000
16.3833,20.8734,7.3445,2936.4119,2471.3937,7.0558,4.1271,600.0000,0.0000
16.4000,20.9288,7.3420,2956.3898,2502.4743,7.1614,4.0155,600.0000,0.0000
16.4167,20.9819,7.3395,2943.7341,2532.2634,7.2668,3.9040,600.0000,0.0000
16.4333,21.0313,7.3370,2901.4535,2559.9104,7.3710,3.7925,600.0000,0.0000
16.4500,20.9304,7.3345,0.0000,2500.0140,7.3846,3.6809,600.0000,0.0000
16.4667,20.8383,7.3320,111.3076,2445.8404,7.4029,3.5694,600.0000,0.0000
16.4833,20.7586,7.3295,300.5002,2399.3582,7.4287,3.4578,600.0000,0.0000
16.5000,20.6928,7.3270,525.0395,2361.2106,7.4632,3.3463,600.0000,0.0000
16.5167,20.6418,7.3245,775.1595,2331.7518,7.5070,3.2347,600.0000,0.0000
16.5333,20.6082,7.3220,1041.0941,2312.3588,7.5622,3.1232,600.0000,0.0000
16.5500,20.5885,7.3195,1309.7682,2300.8950,7.6260,3.0117,600.0000,0.0000
16.5667,20.5836,7.3170,1576.4225,2297.9132,7.6998,2.9001,600.0000,0.0000
16.5833,20.5882,7.3145,1831.1934,2300.3530,7.7796,2.7886,600.0000,0.0000
16.6000,20.6058,7.3120,2073.5811,2310.0226,7.8689,2.6770,600.0000,0.0000
16.6167,20.6335,7.3095,2292.4821,2325.3637,7.9652,2.5655,600.0000,0.0000
16.6333,20.6697,7.3070,2484.7142,2345.5068,8.0680,2.4539,600.0000,0.0000
16.6500,20.7127,7.3045,2646.7286,2369.5125,8.1761,2.3424,600.0000,0.0000
16.6667,20.7640,7.3020,2776.1175,2398.1954,8.2911,2.2309,600.0000,0.0000
16.6833,20.8184,7.2995,2866.4332,2428.6857,8.4088,2.1193,600.0000,0.0000
16.7000,20.8741,7.2970,2920.9164,2459.8870,8.5284,2.0078,600.0000,0.0000
16.7167,20.9292,7.2945,2940.7651,2490.7601,8.6487,1.8962,600.0000,0.0000
16.7333,20.9821,7.2920,2928.1483,2520.3505,8.7684,1.7847,600.0000,0.0000
16.7500,21.0312,7.2895,2886.0591,2547.8131,8.8866,1.6731,600.0000,0.0000
16.7667,20.9309,7.2870,0.0000,2488.3095,8.9013,1.5616,600.0000,0.0000
16.7833,20.8392,7.2845,110.6327,2434.4862,8.9212,1.4501,600.0000,0.0000
16.8000,20.7599,7.2820,298.7965,2388.3008,8.9495,1.3385,600.0000,0.0000
16.8167,20.6944,7.2795,522.1286,2350.3934,8.9872,1.2270,600.0000,0.0000
16.8333,20.6437,7.2770,770.9157,2321.1166,9.0352,1.1154,600.0000,0.0000
16.8500,20.6103,7.2745,1035.4432,2301.8398,9.0958,1.0039,600.0000,0.0000
16.8667,20.5906,7.2720,1302.7035,2290.4404,9.1662,0.8923,600.0000,0.0000
16.8833,20.5857,7.2695,1567.9626,2287.4701,9.2478,0.7808,600.0000,0.0000
16.9000,20.5904,7.2670,1821.4033,2289.8865,9.3363,0.6693,600.0000,0.0000
16.9167,20.6079,7.2645,2062.5309,2299.4839,9.4352,0.5577,600.0000,0.0000
16.9333,20.6354,7.2620,2280.3030,2314.7170,9.5421,0.4462,600.0000,0.0000
16.9500,20.6714,7.2595,2471.5495,2334.7222,9.6561,0.3346,600.0000,0.0000
16.9667,20.7142,7.2570,2632.7387,2358.5663,9.7761,0.2231,600.0000,0.0000
16.9833,20.7652,7.2545,2761.4738,2387.0586,9.9036,0.1115,600.0000,0.0000
17.0000,20.7967,7.2520,2851.3392,2404.3988,10.0165,0.0000,200.0000,0.0000
17.0167,20.8317,7.2478,2941.8050,2423.7646,10.0675,0.0000,200.0000,0.0000
17.0333,20.8690,7.2437,3007.7358,2444.4116,10.1205,0.0000,200.0000,0.0000
17.0500,20.9073,7.2395,3049.0661,2465.6266,10.1743,0.0000,200.0000,0.0000
17.0667,20.9453,7.2353,3066.4459,2486.7311,10.2281,0.0000,200.0000,0.0000
17.0833,20.9821,7.2312,3061.1670,2507.0979,10.2811,0.0000,200.0000,0.0000
17.1000,21.0167,7.2270,3035.0772,2526.1657,10.3325,0.0000,200.0000,0.0000
17.1167,20.8968,7.2228,0.0000,2455.6218,10.2631,0.0000,200.0000,0.0000
17.1333,20.7890,7.2187,165.0681,2392.8506,10.2023,0.0000,200.0000,0.0000
17.1500,20.6964,7.2145,399.4796,2339.4328,10.1533,0.0000,200.0000,0.0000
17.1667,20.6207,7.2103,674.2137,2296.0492,10.1175,0.0000,200.0000,0.0000
17.1833,20.5627,7.2062,977.5698,2263.0418,10.0955,0.0000,200.0000,0.0000
17.2000,20.5254,7.2020,1297.9056,2241.8547,10.0900,0.0000,200.0000,0.0000
17.2167,20.5046,7.1978,1619.9802,2230.0316,10.0972,0.0000,200.0000,0.0000
17.2333,20.5008,7.1937,1938.0073,2227.8044,10.1179,0.0000,200.0000,0.0000
17.2500,20.5084,7.1895,2241.3142,2231.9482,10.1473,0.0000,200.0000,0.0000
17.2667,20.5318,7.1853,2528.7224,2244.9345,10.1899,0.0000,200.0000,0.0000
17.2833,20.5670,7.1812,2786.2007,2264.5036,10.2418,0.0000,200.0000,0.0000
17.3000,20.6151,7.1770,3010.7862,2291.2882,10.3044,0.0000,200.0000,0.0000
17.3167,20.6712,7.1728,3193.6166,2322.5942,10.3734,0.0000,200.0000,0.0000
17.3333,20.7330,7.1687,3334.7668,2357.1101,10.4472,0.0000,200.0000,0.0000
17.3500,20.7980,7.1645,3433.2294,2393.5205,10.5239,0.0000,200.0000,0.0000
17.3667,20.8640,7.1603,3489.3958,2430.5440,10.6016,0.0000,200.0000,0.0000
17.3833,20.9290,7.1562,3504.9309,2466.9699,10.6787,0.0000,200.0000,0.0000
17.4000,20.9909,7.1520,3482.6183,2501.6909,10.7536,0.0000,200.0000,0.0000
17.4167,21.0481,7.1478,3426.1828,2533.7316,10.8249,0.0000,200.0000,0.0000
17.4333,20.9278,7.1437,0.0000,2462.7704,10.7522,0.0000,200.0000,0.0000
17.4500,20.8171,7.1395,115.4851,2398.1651,10.6867,0.0000,200.0000,0.0000
17.4667,20.7209,7.1353,335.9911,2342.6086,10.6329,0.0000,200.0000,0.0000
17.4833,20.6412,7.1312,599.5733,2296.8677,10.5923,0.0000,200.0000,0.0000
17.5000,20.5789,7.1270,894.6529,2261.3684,10.5658,0.0000,200.0000,0.0000
17.5167,20.5374,7.1228,1209.6117,2237.7929,10.5563,0.0000,200.0000,0.0000
17.5333,20.5124,7.1187,1528.6920,2223.5803,10.5600,0.0000,200.0000,0.0000
17.5500,20.5054,7.1145,1846.2870,2219.5527,10.5787,0.0000,200.0000,0.0000
17.5667,20.5098,7.1103,2150.0404,2221.9412,10.6063,0.0000,200.0000,0.0000
17.5833,20.5294,7.1062,2439.6735,2232.7562,10.6469,0.0000,200.0000,0.0000
17.6000,20.5612,7.1020,2702.3955,2250.3445,10.6974,0.0000,200.0000,0.0000
17.6167,20.6032,7.0978,2933.9487,2273.7014,10.7566,0.0000,200.0000,0.0000
17.6333,20.6569,7.0937,3129.9815,2303.6091,10.8259,0.0000,200.0000,0.0000
17.6500,20.7169,7.0895,3282.0872,2337.0743,10.9004,0.0000,200.0000,0.0000
17.6667,20.7809,7.0853,3391.9207,2372.7888,10.9785,0.0000,200.0000,0.0000
17.6833,20.8464,7.0812,3459.4874,2409.4678,11.0581,0.0000,200.0000,0.0000
17.7000,20.9114,7.0770,3486.0965,2445.8864,11.1376,0.0000,200.0000,0.0000
17.7167,20.9740,7.0728,3474.2149,2480.9135,11.2152,0.0000,200.0000,0.0000
17.7333,21.0323,7.0687,3427.2968,2513.5415,11.2895,0.0000,200.0000,0.0000
17.7500,20.9130,7.0645,0.0000,2443.3358,11.2149,0.0000,200.0000,0.0000
17.7667,20.8044,7.0603,139.1751,2380.1376,11.1487,0.0000,200.0000,0.0000
17.7833,20.7107,7.0562,365.0725,2326.0666,11.0947,0.0000,200.0000,0.0000
17.8000,20.6334,7.0520,632.4058,2281.8396,11.0545,0.0000,200.0000,0.0000
17.8167,20.5737,7.0478,929.6136,2247.8369,11.0289,0.0000,200.0000,0.0000
17.8333,20.5345,7.0437,1245.1427,2225.6107,11.0208,0.0000,200.0000,0.0000
17.8500,20.5118,7.0395,1563.5935,2212.6711,11.0263,0.0000,200.0000,0.0000
17.8667,20.5064,7.0353,1879.3070,2209.5477,11.0465,0.0000,200.0000,0.0000
17.8833,20.5124,7.0312,2180.8369,2212.7653,11.0761,0.0000,200.0000,0.0000
17.9000,20.5337,7.0270,2467.4624,2224.5406,11.1193,0.0000,200.0000,0.0000
17.9167,20.5670,7.0228,2725.8638,2242.9408,11.1725,0.0000,200.0000,0.0000
17.9333,20.6102,7.0187,2952.4480,2266.9504,11.2345,0.0000,200.0000,0.0000
17.9500,20.6649,7.0145,3143.0548,2297.3776,11.3067,0.0000,200.0000,0.0000
17.9667,20.7256,7.0103,3289.3668,2331.1794,11.3841,0.0000,200.0000,0.0000
17.9833,20.7899,7.0062,3393.3284,2367.0507,11.4647,0.0000,200.0000,0.0000
18.0000,20.8452,7.0020,3455.1308,2397.8271,11.5380,0.0000,0.0000,0.0000
18.0167,20.9009,7.0037,3492.6817,2428.7746,11.5574,0.0000,0.0000,0.0000
18.0333,20.9552,7.0053,3496.4802,2458.9442,11.5755,0.0000,0.0000,0.0000
18.0500,21.0065,7.0070,3469.1084,2487.4318,11.5909,0.0000,0.0000,0.0000
18.0667,20.8783,7.0087,0.0000,2412.2934,11.4526,0.0000,0.0000,0.0000
18.0833,20.7638,7.0103,194.7993,2346.0058,11.3265,0.0000,0.0000,0.0000
18.1000,20.6660,7.0120,450.9020,2289.8330,11.2149,0.0000,0.0000,0.0000
18.1167,20.5863,7.0137,749.2059,2244.4520,11.1192,0.0000,0.0000,0.0000
18.1333,20.5257,7.0153,1077.1378,2210.1827,11.0400,0.0000,0.0000,0.0000
18.1500,20.4873,7.0170,1422.2196,2188.4643,10.9800,0.0000,0.0000,0.0000
18.1667,20.4665,7.0187,1768.3088,2176.7148,10.9348,0.0000,0.0000,0.0000
18.1833,20.4636,7.0203,2109.1393,2174.9602,10.9047,0.0000,0.0000,0.0000
18.2000,20.4728,7.0220,2433.8810,2179.9703,10.8846,0.0000,0.0000,0.0000
18.2167,20.4993,7.0237,2740.9427,2194.5518,10.8793,0.0000,0.0000,0.0000
18.2333,20.5383,7.0253,3014.8363,2216.0799,10.8843,0.0000,0.0000,0.0000
18.2500,20.5911,7.0270,3252.8509,2245.2647,10.9009,0.0000,0.0000,0.0000
18.2667,20.6522,7.0287,3445.4858,2279.1756,10.9241,0.0000,0.0000,0.0000
18.2833,20.7191,7.0303,3593.0502,2316.4098,10.9521,0.0000,0.0000,0.0000
18.3000,20.7894,7.0320,3694.6030,2355.5616,10.9826,0.0000,0.0000,0.0000
18.3167,20.8605,7.0337,3750.7004,2395.2634,11.0136,0.0000,0.0000,0.0000
18.3333,20.9303,7.0353,3763.2566,2434.2245,11.0433,0.0000,0.0000,0.0000
18.3500,20.9965,7.0370,3735.3751,2471.2664,11.0700,0.0000,0.0000,0.0000
18.3667,21.0576,7.0387,3671.1552,2505.3533,11.0923,0.0000,0.0000,0.0000
18.3833,20.9285,7.0403,0.0000,2429.4519,10.9582,0.0000,0.0000,0.0000
18.4000,20.8091,7.0420,114.3569,2360.1036,10.8323,0.0000,0.0000,0.0000
18.4167,20.7053,7.0437,348.2547,2300.3880,10.7196,0.0000,0.0000,0.0000
18.4333,20.6189,7.0453,628.9186,2251.1282,10.6216,0.0000,0.0000,0.0000
18.4500,20.5512,7.0470,943.9527,2212.7831,10.5392,0.0000,0.0000,0.0000
18.4667,20.5028,7.0487,1280.8973,2185.4731,10.4727,0.0000,0.0000,0.0000
18.4833,20.4755,7.0503,1627.6136,2170.0393,10.4236,0.0000,0.0000,0.0000
18.5000,20.4676,7.0520,1969.6904,2165.5489,10.3903,0.0000,0.0000,0.0000
18.5167,20.4721,7.0537,2296.9418,2167.9304,10.3666,0.0000,0.0000,0.0000
18.5333,20.4929,7.0553,2609.1520,2179.3081,10.3563,0.0000,0.0000,0.0000
18.5500,20.5268,7.0570,2892.6567,2197.9605,10.3564,0.0000,0.0000,0.0000
18.5667,20.5748,7.0587,3142.7381,2224.4852,10.3681,0.0000,0.0000,0.0000
18.5833,20.6321,7.0603,3349.8336,2256.2079,10.3868,0.0000,0.0000,0.0000
18.6000,20.6962,7.0620,3513.2676,2291.7577,10.4108,0.0000,0.0000,0.0000
18.6167,20.7645,7.0637,3631.4941,2329.7453,10.4380,0.0000,0.0000,0.0000
18.6333,20.8346,7.0653,3704.4877,2368.8034,10.4665,0.0000,0.0000,0.0000
18.6500,20.9042,7.0670,3733.6219,2407.6254,10.4945,0.0000,0.0000,0.0000
18.6667,20.9712,7.0687,3721.5127,2445.0021,10.5201,0.0000,0.0000,0.0000
18.6833,21.0337,7.0703,3671.8373,2479.8540,10.5421,0.0000,0.0000,0.0000
18.7000,20.9059,7.0720,0.0000,2404.9585,10.4140,0.0000,0.0000,0.0000
18.7167,20.7896,7.0737,150.5868,2337.6156,10.2952,0.0000,0.0000,0.0000
18.7333,20.6893,7.0753,393.0547,2280.0415,10.1893,0.0000,0.0000,0.0000
18.7500,20.6066,7.0770,679.8643,2232.9848,10.0977,0.0000,0.0000,0.0000
18.7667,20.5426,7.0787,998.6261,2196.8371,10.0210,0.0000,0.0000,0.0000
18.7833,20.5008,7.0803,1336.9597,2173.2326,9.9621,0.0000,0.0000,0.0000
18.8000,20.4765,7.0820,1678.3708,2159.5200,9.9166,0.0000,0.0000,0.0000
18.8167,20.4708,7.0837,2016.7870,2156.2325,9.8858,0.0000,0.0000,0.0000
18.8333,20.4773,7.0853,2339.9767,2159.6976,9.8640,0.0000,0.0000,0.0000
18.8500,20.5003,7.0870,2647.1410,2172.3052,9.8554,0.0000,0.0000,0.0000
18.8667,20.5360,7.0887,2923.9641,2191.9711,9.8565,0.0000,0.0000,0.0000
18.8833,20.5856,7.0903,3166.6226,2219.3343,9.8683,0.0000,0.0000,0.0000
18.9000,20.6440,7.0920,3365.6654,2251.6408,9.8867,0.0000,0.0000,0.0000
18.9167,20.7087,7.0937,3520.8402,2287.5210,9.9097,0.0000,0.0000,0.0000
18.9333,20.7773,7.0953,3630.8712,2325.5934,9.9355,0.0000,0.0000,0.0000
18.9500,20.8472,7.0970,3695.9793,2364.5052,9.9622,0.0000,0.0000,0.0000
18.9667,20.9162,7.0987,3717.7549,2402.9702,9.9881,0.0000,0.0000,0.0000
18.9833,20.9823,7.1003,3698.9974,2439.8051,10.0115,0.0000,0.0000,0.0000
19.0000,20.8566,7.1020,0.0000,2366.4829,9.8897,0.0000,0.0000,0.0000
19.0167,20.7346,7.1037,0.0000,2296.2325,9.7719,0.0000,0.0000,0.0000
19.0333,20.6162,7.1053,0.0000,2228.8488,9.6574,0.0000,0.0000,0.0000
19.0500,20.5012,7.1070,0.0000,2164.1565,9.5459,0.0000,0.0000,0.0000
19.0667,20.3895,7.1087,0.0000,2102.0017,9.4374,0.0000,0.0000,0.0000
19.0833,20.2809,7.1103,0.0000,2042.2467,9.3318,0.0000,0.0000,0.0000
19.1000,20.1754,7.1120,0.0000,1984.7666,9.2289,0.0000,0.0000,0.0000
19.1167,20.0729,7.1137,0.0000,1929.4469,9.1287,0.0000,0.0000,0.0000
19.1333,19.9731,7.1153,0.0000,1876.1819,9.0309,0.0000,0.0000,0.0000
19.1500,19.8761,7.1170,0.0000,1824.8735,8.9356,0.0000,0.0000,0.0000
19.1667,19.7817,7.1187,0.0000,1775.4300,8.8427,0.0000,0.0000,0.0000
19.1833,19.6899,7.1203,0.0000,1727.7660,8.7519,0.0000,0.0000,0.0000
19.2000,19.6005,7.1220,0.0000,1681.8010,8.6634,0.0000,0.0000,0.0000
19.2167,19.5134,7.1237,0.0000,1637.4596,8.5769,0.0000,0.0000,0.0000
19.2333,19.4286,7.1253,0.0000,1594.6704,8.4925,0.0000,0.0000,0.0000
19.2500,19.3460,7.1270,0.0000,1553.3664,8.4099,0.0000,0.0000,0.0000
19.2667,19.2654,7.1287,0.0000,1513.4841,8.3293,0.0000,0.0000,0.0000
19.2833,19.1870,7.1303,0.0000,1474.9636,8.2505,0.0000,0.0000,0.0000
19.3000,19.1105,7.1320,0.0000,1437.7480,8.1734,0.0000,0.0000,0.0000
19.3167,19.0359,7.1337,0.0000,1401.7835,8.0979,0.0000,0.0000,0.0000
19.3333,18.9632,7.1353,0.0000,1367.0190,8.0241,0.0000,0.0000,0.0000
19.3500,18.8922,7.1370,0.0000,1333.4061,7.9519,0.0000,0.0000,0.0000
19.3667,18.8230,7.1387,0.0000,1300.8987,7.8812,0.0000,0.0000,0.0000
19.3833,18.7554,7.1403,0.0000,1269.4531,7.8119,0.0000,0.0000,0.0000
19.4000,18.6895,7.1420,0.0000,1239.0277,7.7440,0.0000,0.0000,0.0000
19.4167,18.6251,7.1437,0.0000,1209.5830,7.6776,0.0000,0.0000,0.0000
19.4333,18.5622,7.1453,0.0000,1181.0813,7.6124,0.0000,0.0000,0.0000
19.4500,18.5008,7.1470,0.0000,1153.4867,7.5485,0.0000,0.0000,0.0000
19.4667,18.4408,7.1487,0.0000,1126.7651,7.4859,0.0000,0.0000,0.0000
19.4833,18.3822,7.1503,0.0000,1100.8840,7.4244,0.0000,0.0000,0.0000
19.5000,18.3249,7.1520,0.0000,1075.8123,7.3641,0.0000,0.0000,0.0000
19.5167,18.2689,7.1537,0.0000,1051.5206,7.3049,0.0000,0.0000,0.0000
19.5333,18.2141,7.1553,0.0000,1027.9806,7.2469,0.0000,0.0000,0.0000
19.5500,18.1606,7.1570,0.0000,1005.1656,7.1898,0.0000,0.0000,0.0000
19.5667,18.1082,7.1587,0.0000,983.0499,7.1338,0.0000,0.0000,0.0000
19.5833,18.0569,7.1603,0.0000,961.6092,7.0788,0.0000,0.0000,0.0000
19.6000,18.0068,7.1620,0.0000,940.8201,7.0247,0.0000,0.0000,0.0000
19.6167,17.9577,7.1637,0.0000,920.6607,6.9716,0.0000,0.0000,0.0000
19.6333,17.9097,7.1653,0.0000,901.1098,6.9193,0.0000,0.0000,0.0000
19.6500,17.8627,7.1670,0.0000,882.1474,6.8680,0.0000,0.0000,0.0000
19.6667,17.8196,7.1687,0.0000,864.9107,6.8196,0.0000,0.0000,0.0000
19.6833,17.7773,7.1703,0.0000,848.1593,6.7718,0.0000,0.0000,0.0000
19.7000,17.7358,7.1720,0.0000,831.8788,6.7247,0.0000,0.0000,0.0000
19.7167,17.6951,7.1737,0.0000,816.0559,6.6782,0.0000,0.0000,0.0000
19.7333,17.6551,7.1753,0.0000,800.6779,6.6325,0.0000,0.0000,0.0000
19.7500,17.6159,7.1770,0.0000,785.7331,6.5874,0.0000,0.0000,0.0000
19.7667,17.5775,7.1787,0.0000,771.2105,6.5429,0.0000,0.0000,0.0000
19.7833,17.5397,7.1803,0.0000,757.1004,6.4991,0.0000,0.0000,0.0000
19.8000,17.5026,7.1820,0.0000,743.3939,6.4558,0.0000,0.0000,0.0000
19.8167,17.4662,7.1837,0.0000,730.0834,6.4132,0.0000,0.0000,0.0000
19.8333,17.4304,7.1853,0.0000,717.1632,6.3711,0.0000,0.0000,0.0000
19.8500,17.3952,7.1870,0.0000,704.6296,6.3296,0.0000,0.0000,0.0000
19.8667,17.3606,7.1887,0.0000,692.4822,6.2886,0.0000,0.0000,0.0000
19.8833,17.3267,7.1903,0.0000,680.7263,6.2481,0.0000,0.0000,0.0000
19.9000,17.2932,7.1920,0.0000,669.3788,6.2081,0.0000,0.0000,0.0000
19.9167,17.2604,7.1937,0.0000,658.4896,6.1686,0.0000,0.0000,0.0000
19.9333,17.2280,7.1953,0.0000,647.9385,6.1296,0.0000,0.0000,0.0000
19.9500,17.1962,7.1970,0.0000,636.7557,6.0911,0.0000,0.0000,0.0000
19.9667,17.1650,7.1987,0.0000,625.4062,6.0530,0.0000,0.0000,0.0000
19.9833,17.1343,7.2003,0.0000,614.0379,6.0155,0.0000,0.0000,0.0000
20.0000,17.1042,7.2020,0.0000,602.7180,5.9784,0.0000,0.0000,0.0000
20.0167,17.0746,7.2020,0.0000,591.5005,5.9621,0.0000,0.0000,0.0000
20.0333,17.0456,7.2020,0.0000,580.3965,5.9462,0.0000,0.0000,0.0000
20.0500,17.0171,7.2020,0.0000,569.4241,5.9306,0.0000,0.0000,0.0000
20.0667,16.9892,7.2020,0.0000,558.5963,5.9153,0.0000,0.0000,0.0000
20.0833,16.9618,7.2020,0.0000,547.9227,5.9004,0.0000,0.0000,0.0000
20.1000,16.9349,7.2020,0.0000,537.4102,5.8858,0.0000,0.0000,0.0000
20.1167,16.9086,7.2020,0.0000,527.0637,5.8715,0.0000,0.0000,0.0000
20.1333,16.8827,7.2020,0.0000,516.8869,5.8575,0.0000,0.0000,0.0000
20.1500,16.8573,7.2020,0.0000,506.8823,5.8439,0.0000,0.0000,0.0000
20.1667,16.8325,7.2020,0.0000,497.0512,5.8305,0.0000,0.0000,0.0000
20.1833,16.8081,7.2020,0.0000,487.3944,5.8174,0.0000,0.0000,0.0000
20.2000,16.7841,7.2020,0.0000,477.9122,5.8047,0.0000,0.0000,0.0000
20.2167,16.7607,7.2020,0.0000,468.6041,5.7922,0.0000,0.0000,0.0000
20.2333,16.7376,7.2020,0.0000,459.4695,5.7800,0.0000,0.0000,0.0000
20.2500,16.7151,7.2020,0.0000,450.5072,5.7680,0.0000,0.0000,0.0000
20.2667,16.6929,7.2020,0.0000,441.7158,5.7564,0.0000,0.0000,0.0000
20.2833,16.6712,7.2020,0.0000,433.0937,5.7450,0.0000,0.0000,0.0000
20.3000,16.6499,7.2020,0.0000,424.6391,5.7339,0.0000,0.0000,0.0000
20.3167,16.6291,7.2020,0.0000,416.3501,5.7230,0.0000,0.0000,0.0000
20.3333,16.6086,7.2020,0.0000,408.2245,5.7123,0.0000,0.0000,0.0000
20.3500,16.5885,7.2020,0.0000,400.2602,5.7020,0.0000,0.0000,0.0000
20.3667,16.5688,7.2020,0.0000,392.4547,5.6918,0.0000,0.0000,0.0000
20.3833,16.5495,7.2020,0.0000,384.8057,5.6819,0.0000,0.0000,0.0000
20.4000,16.5305,7.2020,0.0000,377.3108,5.6722,0.0000,0.0000,0.0000
20.4167,16.5119,7.2020,0.0000,369.9674,5.6628,0.0000,0.0000,0.0000
20.4333,16.4937,7.2020,0.0000,362.7732,5.6535,0.0000,0.0000,0.0000
20.4500,16.4758,7.2020,0.0000,355.7254,5.6445,0.0000,0.0000,0.0000
20.4667,16.4583,7.2020,0.0000,348.8216,5.6357,0.0000,0.0000,0.0000
20.4833,16.4411,7.2020,0.0000,342.0592,5.6271,0.0000,0.0000,0.0000
20.5000,16.4242,7.2020,0.0000,335.4357,5.6187,0.0000,0.0000,0.0000
20.5167,16.4077,7.2020,0.0000,328.9484,5.6105,0.0000,0.0000,0.0000
20.5333,16.3914,7.2020,0.0000,322.5949,5.6025,0.0000,0.0000,0.0000
20.5500,16.3755,7.2020,0.0000,316.3725,5.5947,0.0000,0.0000,0.0000
20.5667,16.3599,7.2020,0.0000,310.2789,5.5871,0.0000,0.0000,0.0000
20.5833,16.3446,7.2020,0.0000,304.3114,5.5796,0.0000,0.0000,0.0000
20.6000,16.3295,7.2020,0.0000,298.4677,5.5724,0.0000,0.0000,0.0000
20.6167,16.3148,7.2020,0.0000,292.7452,5.5653,0.0000,0.0000,0.0000
20.6333,16.3003,7.2020,0.0000,287.1416,5.5584,0.0000,0.0000,0.0000
20.6500,16.2861,7.2020,0.0000,281.6545,5.5516,0.0000,0.0000,0.0000
20.6667,16.2721,7.2020,0.0000,276.2815,5.5450,0.0000,0.0000,0.0000
20.6833,16.2585,7.2020,0.0000,271.0204,5.5386,0.0000,0.0000,0.0000
20.7000,16.2450,7.2020,0.0000,265.8688,5.5323,0.0000,0.0000,0.0000
20.7167,16.2318,7.2020,0.0000,260.8245,5.5262,0.0000,0.0000,0.0000
20.7333,16.2219,7.2020,0.0000,257.0116,5.5223,0.0000,0.0000,0.0000
20.7500,16.2120,7.2020,0.0000,253.2602,5.5183,0.0000,0.0000,0.0000
20.7667,16.2024,7.2020,0.0000,249.5694,5.5144,0.0000,0.0000,0.0000
20.7833,16.1928,7.2020,0.0000,245.9381,5.5106,0.0000,0.0000,0.0000
20.8000,16.1834,7.2020,0.0000,242.3653,5.5068,0.0000,0.0000,0.0000
20.8167,16.1741,7.2020,0.0000,238.8500,5.5032,0.0000,0.0000,0.0000
20.8333,16.1649,7.2020,0.0000,235.3914,5.4996,0.0000,0.0000,0.0000
20.8500,16.1559,7.2020,0.0000,231.9884,5.4961,0.0000,0.0000,0.0000
20.8667,16.1470,7.2020,0.0000,228.6402,5.4927,0.0000,0.0000,0.0000
20.8833,16.1383,7.2020,0.0000,225.3458,5.4893,0.0000,0.0000,0.0000
20.9000,16.1296,7.2020,0.0000,222.1044,5.4861,0.0000,0.0000,0.0000
20.9167,16.1211,7.2020,0.0000,218.9151,5.4829,0.0000,0.0000,0.0000
20.9333,16.1127,7.2020,0.0000,215.7770,5.4798,0.0000,0.0000,0.0000
20.9500,16.1044,7.2020,0.0000,212.6893,5.4767,0.0000,0.0000,0.0000
20.9667,16.0962,7.2020,0.0000,209.6512,5.4737,0.0000,0.0000,0.0000
20.9833,16.0882,7.2020,0.0000,206.6619,5.4708,0.0000,0.0000,0.0000
21.0000,16.0802,7.2020,0.0000,203.7205,5.4680,0.0000,0.0000,0.0000
21.0167,16.0724,7.2020,0.0000,200.8265,5.4531,0.0000,0.0000,0.0000
21.0333,16.0646,7.2020,0.0000,197.9790,5.4383,0.0000,0.0000,0.0000
21.0500,16.0570,7.2020,0.0000,195.1773,5.4236,0.0000,0.0000,0.0000
21.0667,16.0495,7.2020,0.0000,192.4207,5.4090,0.0000,0.0000,0.0000
21.0833,16.0421,7.2020,0.0000,189.7084,5.3945,0.0000,0.0000,0.0000
21.1000,16.0348,7.2020,0.0000,187.0396,5.3801,0.0000,0.0000,0.0000
21.1167,16.0276,7.2020,0.0000,184.4138,5.3658,0.0000,0.0000,0.0000
21.1333,16.0205,7.2020,0.0000,181.8300,5.3515,0.0000,0.0000,0.0000
21.1500,16.0134,7.2020,0.0000,179.2877,5.3373,0.0000,0.0000,0.0000
21.1667,16.0065,7.2020,0.0000,176.7862,5.3233,0.0000,0.0000,0.0000
21.1833,15.9997,7.2020,0.0000,174.3247,5.3092,0.0000,0.0000,0.0000
21.2000,15.9930,7.2020,0.0000,171.9027,5.2953,0.0000,0.0000,0.0000
21.2167,15.9863,7.2020,0.0000,169.5194,5.2815,0.0000,0.0000,0.0000
21.2333,15.9798,7.2020,0.0000,167.1742,5.2677,0.0000,0.0000,0.0000
21.2500,15.9733,7.2020,0.0000,164.8666,5.2540,0.0000,0.0000,0.0000
21.2667,15.9669,7.2020,0.0000,162.5958,5.2404,0.0000,0.0000,0.0000
21.2833,15.9606,7.2020,0.0000,160.3613,5.2268,0.0000,0.0000,0.0000
21.3000,15.9544,7.2020,0.0000,158.1625,5.2133,0.0000,0.0000,0.0000
21.3167,15.9483,7.2020,0.0000,155.9988,5.1999,0.0000,0.0000,0.0000
21.3333,15.9423,7.2020,0.0000,153.8695,5.1866,0.0000,0.0000,0.0000
21.3500,15.9363,7.2020,0.0000,151.7742,5.1733,0.0000,0.0000,0.0000
21.3667,15.9304,7.2020,0.0000,149.7123,5.1601,0.0000,0.0000,0.0000
21.3833,15.9246,7.2020,0.0000,147.6832,5.1469,0.0000,0.0000,0.0000
21.4000,15.9189,7.2020,0.0000,145.6863,5.1339,0.0000,0.0000,0.0000
21.4167,15.9132,7.2020,0.0000,143.7212,5.1209,0.0000,0.0000,0.0000
21.4333,15.9076,7.2020,0.0000,141.7873,5.1079,0.0000,0.0000,0.0000
21.4500,15.9021,7.2020,0.0000,139.8842,5.0950,0.0000,0.0000,0.0000
21.4667,15.8967,7.2020,0.0000,138.0112,5.0822,0.0000,0.0000,0.0000
21.4833,15.8913,7.2020,0.0000,136.1680,5.0694,0.0000,0.0000,0.0000
21.5000,15.8860,7.2020,0.0000,134.3539,5.0567,0.0000,0.0000,0.0000
21.5167,15.8808,7.2020,0.0000,132.5686,5.0441,0.0000,0.0000,0.0000
21.5333,15.8756,7.2020,0.0000,130.8116,5.0315,0.0000,0.0000,0.0000
21.5500,15.8705,7.2020,0.0000,129.0823,5.0190,0.0000,0.0000,0.0000
21.5667,15.8655,7.2020,0.0000,127.3805,5.0065,0.0000,0.0000,0.0000
21.5833,15.8605,7.2020,0.0000,125.7055,4.9941,0.0000,0.0000,0.0000
21.6000,15.8556,7.2020,0.0000,124.0569,4.9818,0.0000,0.0000,0.0000
21.6167,15.8508,7.2020,0.0000,122.4344,4.9695,0.0000,0.0000,0.0000
21.6333,15.8460,7.2020,0.0000,120.8375,4.9572,0.0000,0.0000,0.0000
21.6500,15.8413,7.2020,0.0000,119.2658,4.9450,0.0000,0.0000,0.0000
21.6667,15.8366,7.2020,0.0000,117.7188,4.9329,0.0000,0.0000,0.0000
21.6833,15.8320,7.2020,0.0000,116.1962,4.9208,0.0000,0.0000,0.0000
21.7000,15.8275,7.2020,0.0000,114.6976,4.9087,0.0000,0.0000,0.0000
21.7167,15.8230,7.2020,0.0000,113.2225,4.8967,0.0000,0.0000,0.0000
21.7333,15.8186,7.2020,0.0000,111.7707,4.8848,0.0000,0.0000,0.0000
21.7500,15.8142,7.2020,0.0000,110.3416,4.8729,0.0000,0.0000,0.0000
21.7667,15.8099,7.2020,0.0000,108.9350,4.8610,0.0000,0.0000,0.0000
21.7833,15.8056,7.2020,0.0000,107.5505,4.8492,0.0000,0.0000,0.0000
21.8000,15.8014,7.2020,0.0000,106.1877,4.8375,0.0000,0.0000,0.0000
21.8167,15.7972,7.2020,0.0000,104.8462,4.8258,0.0000,0.0000,0.0000
21.8333,15.7931,7.2020,0.0000,103.5258,4.8141,0.0000,0.0000,0.0000
21.8500,15.7890,7.2020,0.0000,102.2261,4.8025,0.0000,0.0000,0.0000
21.8667,15.7850,7.2020,0.0000,100.9467,4.7909,0.0000,0.0000,0.0000
21.8833,15.7810,7.2020,0.0000,99.6873,4.7794,0.0000,0.0000,0.0000
21.9000,15.7771,7.2020,0.0000,98.4476,4.7679,0.0000,0.0000,0.0000
21.9167,15.7732,7.2020,0.0000,97.2273,4.7564,0.0000,0.0000,0.0000
21.9333,15.7694,7.2020,0.0000,96.0260,4.7450,0.0000,0.0000,0.0000
21.9500,15.7656,7.2020,0.0000,94.8435,4.7337,0.0000,0.0000,0.0000
21.9667,15.7619,7.2020,0.0000,93.6795,4.7223,0.0000,0.0000,0.0000
21.9833,15.7582,7.2020,0.0000,92.5336,4.7110,0.0000,0.0000,0.0000
22.0000,15.7545,7.2020,0.0000,91.4056,4.6998,0.0000,0.0000,0.0000
22.0167,15.7509,7.2003,0.0000,90.3097,4.7033,0.0000,0.0000,0.0000
22.0333,15.7474,7.1987,0.0000,89.2306,4.7067,0.0000,0.0000,0.0000
22.0500,15.7438,7.1970,0.0000,88.1681,4.7102,0.0000,0.0000,0.0000
22.0667,15.7403,7.1953,0.0000,87.1219,4.7138,0.0000,0.0000,0.0000
22.0833,15.7369,7.1937,0.0000,86.0917,4.7173,0.0000,0.0000,0.0000
22.1000,15.7335,7.1920,0.0000,85.0773,4.7209,0.0000,0.0000,0.0000
22.1167,15.7301,7.1903,0.0000,84.0784,4.7245,0.0000,0.0000,0.0000
22.1333,15.7268,7.1887,0.0000,83.0949,4.7281,0.0000,0.0000,0.0000
22.1500,15.7235,7.1870,0.0000,82.1264,4.7317,0.0000,0.0000,0.0000
22.1667,15.7202,7.1853,0.0000,81.1726,4.7354,0.0000,0.0000,0.0000
22.1833,15.7170,7.1837,0.0000,80.2335,4.7391,0.0000,0.0000,0.0000
22.2000,15.7138,7.1820,0.0000,79.3087,4.7428,0.0000,0.0000,0.0000
22.2167,15.7106,7.1803,0.0000,78.3980,4.7465,0.0000,0.0000,0.0000
22.2333,15.7075,7.1787,0.0000,77.5012,4.7502,0.0000,0.0000,0.0000
22.2500,15.7044,7.1770,0.0000,76.6180,4.7540,0.0000,0.0000,0.0000
22.2667,15.7013,7.1753,0.0000,75.7484,4.7578,0.0000,0.0000,0.0000
22.2833,15.6983,7.1737,0.0000,74.8919,4.7616,0.0000,0.0000,0.0000
22.3000,15.6953,7.1720,0.0000,74.0485,4.7654,0.0000,0.0000,0.0000
22.3167,15.6924,7.1703,0.0000,73.2179,4.7692,0.0000,0.0000,0.0000
22.3333,15.6894,7.1687,0.0000,72.3999,4.7731,0.0000,0.0000,0.0000
22.3500,15.6865,7.1670,0.0000,71.5944,4.7770,0.0000,0.0000,0.0000
22.3667,15.6837,7.1653,0.0000,70.8010,4.7809,0.0000,0.0000,0.0000
22.3833,15.6808,7.1637,0.0000,70.0198,4.7848,0.0000,0.0000,0.0000
22.4000,15.6780,7.1620,0.0000,69.2503,4.7887,0.0000,0.0000,0.0000
22.4167,15.6752,7.1603,0.0000,68.4925,4.7926,0.0000,0.0000,0.0000
22.4333,15.6725,7.1587,0.0000,67.7462,4.7966,0.0000,0.0000,0.0000
22.4500,15.6697,7.1570,0.0000,67.0112,4.8006,0.0000,0.0000,0.0000
22.4667,15.6670,7.1553,0.0000,66.2873,4.8046,0.0000,0.0000,0.0000
22.4833,15.6644,7.1537,0.0000,65.5744,4.8086,0.0000,0.0000,0.0000
22.5000,15.6617,7.1520,0.0000,64.8722,4.8126,0.0000,0.0000,0.0000
22.5167,15.6591,7.1503,0.0000,64.1806,4.8167,0.0000,0.0000,0.0000
22.5333,15.6565,7.1487,0.0000,63.4995,4.8207,0.0000,0.0000,0.0000
22.5500,15.6539,7.1470,0.0000,62.8286,4.8248,0.0000,0.0000,0.0000
22.5667,15.6514,7.1453,0.0000,62.1679,4.8289,0.0000,0.0000,0.0000
22.5833,15.6488,7.1437,0.0000,61.5171,4.8330,0.0000,0.0000,0.0000
22.6000,15.6463,7.1420,0.0000,60.8761,4.8372,0.0000,0.0000,0.0000
22.6167,15.6439,7.1403,0.0000,60.2448,4.8413,0.0000,0.0000,0.0000
22.6333,15.6414,7.1387,0.0000,59.6230,4.8455,0.0000,0.0000,0.0000
22.6500,15.6390,7.1370,0.0000,59.0105,4.8496,0.0000,0.0000,0.0000
22.6667,15.6366,7.1353,0.0000,58.4072,4.8538,0.0000,0.0000,0.0000
22.6833,15.6342,7.1337,0.0000,57.8130,4.8580,0.0000,0.0000,0.0000
22.7000,15.6319,7.1320,0.0000,57.2277,4.8622,0.0000,0.0000,0.0000
22.7167,15.6295,7.1303,0.0000,56.6512,4.8665,0.0000,0.0000,0.0000
22.7333,15.6272,7.1287,0.0000,56.0833,4.8707,0.0000,0.0000,0.0000
22.7500,15.6249,7.1270,0.0000,55.5240,4.8750,0.0000,0.0000,0.0000
22.7667,15.6226,7.1253,0.0000,54.9730,4.8792,0.0000,0.0000,0.0000
22.7833,15.6204,7.1237,0.0000,54.4303,4.8835,0.0000,0.0000,0.0000
22.8000,15.6181,7.1220,0.0000,53.8957,4.8878,0.0000,0.0000,0.0000
22.8167,15.6159,7.1203,0.0000,53.3691,4.8921,0.0000,0.0000,0.0000
22.8333,15.6137,7.1187,0.0000,52.8504,4.8964,0.0000,0.0000,0.0000
22.8500,15.6116,7.1170,0.0000,52.3394,4.9008,0.0000,0.0000,0.0000
22.8667,15.6094,7.1153,0.0000,51.8361,4.9051,0.0000,0.0000,0.0000
22.8833,15.6073,7.1137,0.0000,51.3402,4.9095,0.0000,0.0000,0.0000
22.9000,15.6051,7.1120,0.0000,50.8518,4.9138,0.0000,0.0000,0.0000
22.9167,15.6030,7.1103,0.0000,50.3707,4.9182,0.0000,0.0000,0.0000
22.9333,15.6010,7.1087,0.0000,49.8967,4.9226,0.0000,0.0000,0.0000
22.9500,15.5989,7.1070,0.0000,49.4298,4.9270,0.0000,0.0000,0.0000
22.9667,15.5968,7.1053,0.0000,48.9699,4.9314,0.0000,0.0000,0.0000
22.9833,15.5948,7.1037,0.0000,48.5168,4.9359,0.0000,0.0000,0.0000
23.0000,15.5928,7.1020,0.0000,48.0704,4.9403,0.0000,0.0000,0.0000
23.0167,15.5908,7.0962,0.0000,47.6676,4.9459,0.0000,0.0000,0.0000
23.0333,15.5888,7.0903,0.0000,47.2707,4.9515,0.0000,0.0000,0.0000
23.0500,15.5868,7.0845,0.0000,46.8797,4.9571,0.0000,0.0000,0.0000
23.0667,15.5849,7.0787,0.0000,46.4944,4.9627,0.0000,0.0000,0.0000
23.0833,15.5829,7.0728,0.0000,46.1148,4.9684,0.0000,0.0000,0.0000
23.1000,15.5810,7.0670,0.0000,45.7408,4.9740,0.0000,0.0000,0.0000
23.1167,15.5791,7.0612,0.0000,45.3723,4.9797,0.0000,0.0000,0.0000
23.1333,15.5772,7.0553,0.0000,45.0092,4.9853,0.0000,0.0000,0.0000
23.1500,15.5753,7.0495,0.0000,44.6514,4.9910,0.0000,0.0000,0.0000
23.1667,15.5734,7.0437,0.0000,44.2990,4.9967,0.0000,0.0000,0.0000
23.1833,15.5716,7.0378,0.0000,43.9516,5.0024,0.0000,0.0000,0.0000
23.2000,15.5697,7.0320,0.0000,43.6094,5.0081,0.0000,0.0000,0.0000
23.2167,15.5679,7.0262,0.0000,43.2722,5.0139,0.0000,0.0000,0.0000
23.2333,15.5661,7.0203,0.0000,42.9400,5.0196,0.0000,0.0000,0.0000
23.2500,15.5643,7.0145,0.0000,42.6126,5.0254,0.0000,0.0000,0.0000
23.2667,15.5625,7.0087,0.0000,42.2901,5.0311,0.0000,0.0000,0.0000
23.2833,15.5607,7.0028,0.0000,41.9722,5.0369,0.0000,0.0000,0.0000
23.3000,15.5589,6.9970,0.0000,41.6590,5.0427,0.0000,0.0000,0.0000
23.3167,15.5571,6.9912,0.0000,41.3504,5.0485,0.0000,0.0000,0.0000
23.3333,15.5554,6.9853,0.0000,41.0463,5.0543,0.0000,0.0000,0.0000
23.3500,15.5536,6.9795,0.0000,40.7467,5.0601,0.0000,0.0000,0.0000
23.3667,15.5519,6.9737,0.0000,40.4514,5.0659,0.0000,0.0000,0.0000
23.3833,15.5502,6.9678,0.0000,40.1604,5.0718,0.0000,0.0000,0.0000
23.4000,15.5485,6.9620,0.0000,39.8737,5.0776,0.0000,0.0000,0.0000
23.4167,15.5468,6.9562,0.0000,39.5912,5.0835,0.0000,0.0000,0.0000
23.4333,15.5451,6.9503,0.0000,39.3128,5.0893,0.0000,0.0000,0.0000
23.4500,15.5434,6.9445,0.0000,39.0384,5.0952,0.0000,0.0000,0.0000
23.4667,15.5418,6.9387,0.0000,38.7681,5.1011,0.0000,0.0000,0.0000
23.4833,15.5401,6.9328,0.0000,38.5017,5.1070,0.0000,0.0000,0.0000
23.5000,15.5384,6.9270,0.0000,38.2391,5.1129,0.0000,0.0000,0.0000
23.5167,15.5368,6.9212,0.0000,37.9804,5.1188,0.0000,0.0000,0.0000
23.5333,15.5352,6.9153,0.0000,37.7254,5.1248,0.0000,0.0000,0.0000
23.5500,15.5336,6.9095,0.0000,37.4742,5.1307,0.0000,0.0000,0.0000
23.5667,15.5320,6.9037,0.0000,37.2266,5.1366,0.0000,0.0000,0.0000
23.5833,15.5303,6.8978,0.0000,36.9825,5.1426,0.0000,0.0000,0.0000
23.6000,15.5288,6.8920,0.0000,36.7421,5.1486,0.0000,0.0000,0.0000
23.6167,15.5272,6.8862,0.0000,36.5051,5.1545,0.0000,0.0000,0.0000
23.6333,15.5256,6.8803,0.0000,36.2715,5.1605,0.0000,0.0000,0.0000
23.6500,15.5240,6.8745,0.0000,36.0413,5.1665,0.0000,0.0000,0.0000
23.6667,15.5225,6.8687,0.0000,35.8145,5.1725,0.0000,0.0000,0.0000
23.6833,15.5209,6.8628,0.0000,35.5909,5.1785,0.0000,0.0000,0.0000
23.7000,15.5194,6.8570,0.0000,35.3706,5.1846,0.0000,0.0000,0.0000
23.7167,15.5178,6.8512,0.0000,35.1534,5.1906,0.0000,0.0000,0.0000
23.7333,15.5163,6.8453,0.0000,34.9394,5.1966,0.0000,0.0000,0.0000
23.7500,15.5148,6.8395,0.0000,34.7285,5.2027,0.0000,0.0000,0.0000
23.7667,15.5133,6.8337,0.0000,34.5206,5.2087,0.0000,0.0000,0.0000
23.7833,15.5118,6.8278,0.0000,34.3157,5.2148,0.0000,0.0000,0.0000
23.8000,15.5103,6.8220,0.0000,34.1138,5.2209,0.0000,0.0000,0.0000
23.8167,15.5088,6.8162,0.0000,33.9147,5.2270,0.0000,0.0000,0.0000
23.8333,15.5073,6.8103,0.0000,33.7186,5.2331,0.0000,0.0000,0.0000
23.8500,15.5059,6.8045,0.0000,33.5252,5.2392,0.0000,0.0000,0.0000
23.8667,15.5044,6.7987,0.0000,33.3346,5.2453,0.0000,0.0000,0.0000
23.8833,15.5029,6.7928,0.0000,33.1468,5.2514,0.0000,0.0000,0.0000
23.9000,15.5015,6.7870,0.0000,32.9616,5.2575,0.0000,0.0000,0.0000
23.9167,15.5000,6.7812,0.0000,32.7791,5.2637,0.0000,0.0000,0.0000
23.9333,15.4986,6.7753,0.0000,32.5993,5.2698,0.0000,0.0000,0.0000
23.9500,15.4972,6.7695,0.0000,32.4219,5.2760,0.0000,0.0000,0.0000
23.9667,15.4957,6.7637,0.0000,32.2472,5.2821,0.0000,0.0000,0.0000
23.9833,15.4943,6.7578,0.0000,32.0749,5.2883,0.0000,0.0000,0.0000
24.0000,15.4929,6.7520,0.0000,31.9051,5.2945,0.0000,0.0000,0.0000
24.0167,15.4915,6.7545,0.0000,31.6639,5.2998,0.0000,0.0000,0.0000
24.0333,15.4901,6.7570,0.0000,31.4263,5.3052,0.0000,0.0000,0.0000
24.0500,15.4887,6.7595,0.0000,31.1921,5.3106,0.0000,0.0000,0.0000
24.0667,15.4873,6.7620,0.0000,30.9614,5.3160,0.0000,0.0000,0.0000
24.0833,15.4860,6.7645,0.0000,30.7341,5.3214,0.0000,0.0000,0.0000
24.1000,15.4846,6.7670,0.0000,30.5102,5.3268,0.0000,0.0000,0.0000
24.1167,15.4832,6.7695,0.0000,30.2895,5.3322,0.0000,0.0000,0.0000
24.1333,15.4819,6.7720,0.0000,30.0721,5.3377,0.0000,0.0000,0.0000
24.1500,15.4806,6.7745,0.0000,29.8578,5.3431,0.0000,0.0000,0.0000
24.1667,15.4792,6.7770,0.0000,29.6467,5.3485,0.0000,0.0000,0.0000
24.1833,15.4779,6.7795,0.0000,29.4387,5.3539,0.0000,0.0000,0.0000
24.2000,15.4766,6.7820,0.0000,29.2337,5.3593,0.0000,0.0000,0.0000
24.2167,15.4753,6.7845,0.0000,29.0317,5.3647,0.0000,0.0000,0.0000
24.2333,15.4740,6.7870,0.0000,28.8327,5.3702,0.0000,0.0000,0.0000
24.2500,15.4727,6.7895,0.0000,28.6365,5.3756,0.0000,0.0000,0.0000
24.2667,15.4714,6.7920,0.0000,28.4433,5.3810,0.0000,0.0000,0.0000
24.2833,15.4701,6.7945,0.0000,28.2528,5.3865,0.0000,0.0000,0.0000
24.3000,15.4688,6.7970,0.0000,28.0651,5.3919,0.0000,0.0000,0.0000
24.3167,15.4676,6.7995,0.0000,27.8801,5.3973,0.0000,0.0000,0.0000
24.3333,15.4663,6.8020,0.0000,27.6978,5.4028,0.0000,0.0000,0.0000
24.3500,15.4651,6.8045,0.0000,27.5182,5.4082,0.0000,0.0000,0.0000
24.3667,15.4638,6.8070,0.0000,27.3412,5.4137,0.0000,0.0000,0.0000
24.3833,15.4626,6.8095,0.0000,27.1667,5.4191,0.0000,0.0000,0.0000
24.4000,15.4614,6.8120,0.0000,26.9948,5.4246,0.0000,0.0000,0.0000
24.4167,15.4601,6.8145,0.0000,26.8253,5.4300,0.0000,0.0000,0.0000
24.4333,15.4589,6.8170,0.0000,26.6583,5.4355,0.0000,0.0000,0.0000
24.4500,15.4577,6.8195,0.0000,26.4937,5.4409,0.0000,0.0000,0.0000
24.4667,15.4565,6.8220,0.0000,26.3315,5.4464,0.0000,0.0000,0.0000
24.4833,15.4553,6.8245,0.0000,26.1716,5.4518,0.0000,0.0000,0.0000
24.5000,15.4541,6.8270,0.0000,26.0140,5.4573,0.0000,0.0000,0.0000
24.5167,15.4529,6.8295,0.0000,25.8587,5.4628,0.0000,0.0000,0.0000
24.5333,15.4517,6.8320,0.0000,25.7057,5.4682,0.0000,0.0000,0.0000
24.5500,15.4505,6.8345,0.0000,25.5548,5.4737,0.0000,0.0000,0.0000
24.5667,15.4494,6.8370,0.0000,25.4061,5.4792,0.0000,0.0000,0.0000
24.5833,15.4482,6.8395,0.0000,25.2595,5.4846,0.0000,0.0000,0.0000
24.6000,15.4470,6.8420,0.0000,25.1150,5.4901,0.0000,0.0000,0.0000
24.6167,15.4459,6.8445,0.0000,24.9726,5.4956,0.0000,0.0000,0.0000
24.6333,15.4447,6.8470,0.0000,24.8323,5.5010,0.0000,0.0000,0.0000
24.6500,15.4436,6.8495,0.0000,24.6939,5.5065,0.0000,0.0000,0.0000
24.6667,15.4424,6.8520,0.0000,24.5576,5.5120,0.0000,0.0000,0.0000
24.6833,15.4413,6.8545,0.0000,24.4231,5.5174,0.0000,0.0000,0.0000
24.7000,15.4402,6.8570,0.0000,24.2906,5.5229,0.0000,0.0000,0.0000
24.7167,15.4390,6.8595,0.0000,24.1600,5.5284,0.0000,0.0000,0.0000
24.7333,15.4379,6.8620,0.0000,24.0312,5.5339,0.0000,0.0000,0.0000
24.7500,15.4368,6.8645,0.0000,23.9043,5.5393,0.0000,0.0000,0.0000
24.7667,15.4357,6.8670,0.0000,23.7792,5.5448,0.0000,0.0000,0.0000
24.7833,15.4346,6.8695,0.0000,23.6559,5.5503,0.0000,0.0000,0.0000
24.8000,15.4334,6.8720,0.0000,23.5343,5.5558,0.0000,0.0000,0.0000
24.8167,15.4323,6.8745,0.0000,23.4144,5.5613,0.0000,0.0000,0.0000
24.8333,15.4312,6.8770,0.0000,23.2962,5.5667,0.0000,0.0000,0.0000
24.8500,15.4302,6.8795,0.0000,23.1797,5.5722,0.0000,0.0000,0.0000
24.8667,15.4291,6.8820,0.0000,23.0649,5.5777,0.0000,0.0000,0.0000
24.8833,15.4280,6.8845,0.0000,22.9517,5.5832,0.0000,0.0000,0.0000
24.9000,15.4269,6.8870,0.0000,22.8400,5.5887,0.0000,0.0000,0.0000
24.9167,15.4258,6.8895,0.0000,22.7300,5.5941,0.0000,0.0000,0.0000
24.9333,15.4247,6.8920,0.0000,22.6215,5.5996,0.0000,0.0000,0.0000
24.9500,15.4237,6.8945,0.0000,22.5145,5.6051,0.0000,0.0000,0.0000
24.9667,15.4226,6.8970,0.0000,22.4091,5.6106,0.0000,0.0000,0.0000
24.9833,15.4216,6.8995,0.0000,22.3051,5.6161,0.0000,0.0000,0.0000
25.0000,15.4205,6.9020,0.0000,22.2026,5.6215,0.0000,0.0000,0.0000
25.0167,15.4194,6.9078,0.0000,22.0720,5.6218,0.0000,0.0000,0.0000
25.0333,15.4184,6.9137,0.0000,21.9435,5.6220,0.0000,0.0000,0.0000
25.0500,15.4174,6.9195,0.0000,21.8168,5.6223,0.0000,0.0000,0.0000
25.0667,15.4163,6.9253,0.0000,21.6921,5.6225,0.0000,0.0000,0.0000
25.0833,15.4153,6.9312,0.0000,21.5692,5.6228,0.0000,0.0000,0.0000
25.1000,15.4142,6.9370,0.0000,21.4482,5.6230,0.0000,0.0000,0.0000
25.1167,15.4132,6.9428,0.0000,21.3290,5.6232,0.0000,0.0000,0.0000
25.1333,15.4122,6.9487,0.0000,21.2116,5.6235,0.0000,0.0000,0.0000
25.1500,15.4112,6.9545,0.0000,21.0960,5.6237,0.0000,0.0000,0.0000
25.1667,15.4102,6.9603,0.0000,20.9821,5.6239,0.0000,0.0000,0.0000
25.1833,15.4092,6.9662,0.0000,20.8699,5.6241,0.0000,0.0000,0.0000
25.2000,15.4082,6.9720,0.0000,20.7593,5.6243,0.0000,0.0000,0.0000
25.2167,15.4072,6.9778,0.0000,20.6505,5.6246,0.0000,0.0000,0.0000
25.2333,15.4062,6.9837,0.0000,20.5432,5.6248,0.0000,0.0000,0.0000
25.2500,15.4052,6.9895,0.0000,20.4376,5.6250,0.0000,0.0000,0.0000
25.2667,15.4042,6.9953,0.0000,20.3335,5.6252,0.0000,0.0000,0.0000
25.2833,15.4032,7.0012,0.0000,20.2310,5.6254,0.0000,0.0000,0.0000
25.3000,15.4022,7.0070,0.0000,20.1300,5.6256,0.0000,0.0000,0.0000
25.3167,15.4013,7.0128,0.0000,20.0305,5.6258,0.0000,0.0000,0.0000
25.3333,15.4003,7.0187,0.0000,19.9326,5.6260,0.0000,0.0000,0.0000
25.3500,15.3993,7.0245,0.0000,19.8360,5.6262,0.0000,0.0000,0.0000
25.3667,15.3983,7.0303,0.0000,19.7410,5.6264,0.0000,0.0000,0.0000
25.3833,15.3974,7.0362,0.0000,19.6473,5.6265,0.0000,0.0000,0.0000
25.4000,15.3964,7.0420,0.0000,19.5550,5.6267,0.0000,0.0000,0.0000
25.4167,15.3955,7.0478,0.0000,19.4641,5.6269,0.0000,0.0000,0.0000
25.4333,15.3945,7.0537,0.0000,19.3746,5.6271,0.0000,0.0000,0.0000
25.4500,15.3936,7.0595,0.0000,19.2864,5.6272,0.0000,0.0000,0.0000
25.4667,15.3926,7.0653,0.0000,19.1995,5.6274,0.0000,0.0000,0.0000
25.4833,15.3917,7.0712,0.0000,19.1139,5.6276,0.0000,0.0000,0.0000
25.5000,15.3908,7.0770,0.0000,19.0296,5.6277,0.0000,0.0000,0.0000
25.5167,15.3898,7.0828,0.0000,18.9465,5.6279,0.0000,0.0000,0.0000
25.5333,15.3889,7.0887,0.0000,18.8647,5.6280,0.0000,0.0000,0.0000
25.5500,15.3880,7.0945,0.0000,18.7841,5.6282,0.0000,0.0000,0.0000
25.5667,15.3870,7.1003,0.0000,18.7046,5.6283,0.0000,0.0000,0.0000
25.5833,15.3861,7.1062,0.0000,18.6264,5.6285,0.0000,0.0000,0.0000
25.6000,15.3852,7.1120,0.0000,18.5493,5.6286,0.0000,0.0000,0.0000
25.6167,15.3843,7.1178,0.0000,18.4734,5.6287,0.0000,0.0000,0.0000
25.6333,15.3834,7.1237,0.0000,18.3986,5.6289,0.0000,0.0000,0.0000
25.6500,15.3825,7.1295,0.0000,18.3249,5.6290,0.0000,0.0000,0.0000
25.6667,15.3815,7.1353,0.0000,18.2523,5.6291,0.0000,0.0000,0.0000
25.6833,15.3806,7.1412,0.0000,18.1808,5.6292,0.0000,0.0000,0.0000
25.7000,15.3797,7.1470,0.0000,18.1103,5.6293,0.0000,0.0000,0.0000
25.7167,15.3788,7.1528,0.0000,18.0409,5.6294,0.0000,0.0000,0.0000
25.7333,15.3779,7.1587,0.0000,17.9725,5.6295,0.0000,0.0000,0.0000
25.7500,15.3770,7.1645,0.0000,17.9051,5.6296,0.0000,0.0000,0.0000
25.7667,15.3762,7.1703,0.0000,17.8387,5.6297,0.0000,0.0000,0.0000
25.7833,15.3753,7.1762,0.0000,17.7733,5.6298,0.0000,0.0000,0.0000
25.8000,15.3744,7.1820,0.0000,17.7089,5.6299,0.0000,0.0000,0.0000
25.8167,15.3735,7.1878,0.0000,17.6454,5.6300,0.0000,0.0000,0.0000
25.8333,15.3726,7.1937,0.0000,17.5828,5.6301,0.0000,0.0000,0.0000
25.8500,15.3717,7.1995,0.0000,17.5212,5.6301,0.0000,0.0000,0.0000
25.8667,15.3708,7.2053,0.0000,17.4605,5.6302,0.0000,0.0000,0.0000
25.8833,15.3700,7.2112,0.0000,17.4007,5.6303,0.0000,0.0000,0.0000
25.9000,15.3691,7.2170,0.0000,17.3418,5.6303,0.0000,0.0000,0.0000
25.9167,15.3682,7.2228,0.0000,17.2837,5.6304,0.0000,0.0000,0.0000
25.9333,15.3674,7.2287,0.0000,17.2265,5.6304,0.0000,0.0000,0.0000
25.9500,15.3665,7.2345,0.0000,17.1701,5.6305,0.0000,0.0000,0.0000
25.9667,15.3656,7.2403,0.0000,17.1146,5.6305,0.0000,0.0000,0.0000
25.9833,15.3648,7.2462,0.0000,17.0599,5.6306,0.0000,0.0000,0.0000
26.0000,15.3639,7.2520,0.0000,17.0060,5.6306,0.0000,0.0000,0.0000
26.0167,15.3630,7.2587,0.0000,16.9453,5.6411,0.0000,0.0000,0.0000
26.0333,15.3622,7.2653,0.0000,16.8854,5.6517,0.0000,0.0000,0.0000
26.0500,15.3613,7.2720,0.0000,16.8262,5.6622,0.0000,0.0000,0.0000
26.0667,15.3605,7.2787,0.0000,16.7677,5.6727,0.0000,0.0000,0.0000
26.0833,15.3596,7.2853,0.0000,16.7099,5.6832,0.0000,0.0000,0.0000
26.1000,15.3588,7.2920,0.0000,16.6528,5.6937,0.0000,0.0000,0.0000
26.1167,15.3579,7.2987,0.0000,16.5963,5.7042,0.0000,0.0000,0.0000
26.1333,15.3571,7.3053,0.0000,16.5406,5.7146,0.0000,0.0000,0.0000
26.1500,15.3562,7.3120,0.0000,16.4855,5.7251,0.0000,0.0000,0.0000
26.1667,15.3554,7.3187,0.0000,16.4311,5.7355,0.0000,0.0000,0.0000
26.1833,15.3545,7.3253,0.0000,16.3772,5.7459,0.0000,0.0000,0.0000
26.2000,15.3537,7.3320,0.0000,16.3241,5.7563,0.0000,0.0000,0.0000
26.2167,15.3529,7.3387,0.0000,16.2715,5.7667,0.0000,0.0000,0.0000
26.2333,15.3520,7.3453,0.0000,16.2196,5.7771,0.0000,0.0000,0.0000
26.2500,15.3512,7.3520,0.0000,16.1683,5.7874,0.0000,0.0000,0.0000
26.2667,15.3504,7.3587,0.0000,16.1175,5.7978,0.0000,0.0000,0.0000
26.2833,15.3495,7.3653,0.0000,16.0674,5.8081,0.0000,0.0000,0.0000
26.3000,15.3487,7.3720,0.0000,16.0178,5.8184,0.0000,0.0000,0.0000
26.3167,15.3479,7.3787,0.0000,15.9688,5.8287,0.0000,0.0000,0.0000
26.3333,15.3470,7.3853,0.0000,15.9203,5.8390,0.0000,0.0000,0.0000
26.3500,15.3462,7.3920,0.0000,15.8725,5.8493,0.0000,0.0000,0.0000
26.3667,15.3454,7.3987,0.0000,15.8251,5.8596,0.0000,0.0000,0.0000
26.3833,15.3446,7.4053,0.0000,15.7783,5.8698,0.0000,0.0000,0.0000
26.4000,15.3438,7.4120,0.0000,15.7320,5.8800,0.0000,0.0000,0.0000
26.4167,15.3429,7.4187,0.0000,15.6862,5.8903,0.0000,0.0000,0.0000
26.4333,15.3421,7.4253,0.0000,15.6410,5.9005,0.0000,0.0000,0.0000
26.4500,15.3413,7.4320,0.0000,15.5962,5.9106,0.0000,0.0000,0.0000
26.4667,15.3405,7.4387,0.0000,15.5519,5.9208,0.0000,0.0000,0.0000
26.4833,15.3397,7.4453,0.0000,15.5082,5.9310,0.0000,0.0000,0.0000
26.5000,15.3388,7.4520,0.0000,15.4649,5.9411,0.0000,0.0000,0.0000
26.5167,15.3380,7.4587,0.0000,15.4220,5.9512,0.0000,0.0000,0.0000
26.5333,15.3372,7.4653,0.0000,15.3797,5.9613,0.0000,0.0000,0.0000
26.5500,15.3364,7.4720,0.0000,15.3378,5.9714,0.0000,0.0000,0.0000
26.5667,15.3356,7.4787,0.0000,15.2964,5.9815,0.0000,0.0000,0.0000
26.5833,15.3348,7.4853,0.0000,15.2554,5.9915,0.0000,0.0000,0.0000
26.6000,15.3340,7.4920,0.0000,15.2148,6.0016,0.0000,0.0000,0.0000
26.6167,15.3332,7.4987,0.0000,15.1747,6.0116,0.0000,0.0000,0.0000
26.6333,15.3324,7.5053,0.0000,15.1350,6.0216,0.0000,0.0000,0.0000
26.6500,15.3316,7.5120,0.0000,15.0957,6.0316,0.0000,0.0000,0.0000
26.6667,15.3308,7.5187,0.0000,15.0568,6.0416,0.0000,0.0000,0.0000
26.6833,15.3300,7.5253,0.0000,15.0184,6.0515,0.0000,0.0000,0.0000
26.7000,15.3292,7.5320,0.0000,14.9803,6.0615,0.0000,0.0000,0.0000
26.7167,15.3284,7.5387,0.0000,14.9427,6.0714,0.0000,0.0000,0.0000
26.7333,15.3276,7.5453,0.0000,14.9054,6.0813,0.0000,0.0000,0.0000
26.7500,15.3268,7.5520,0.0000,14.8685,6.0912,0.0000,0.0000,0.0000
26.7667,15.3260,7.5587,0.0000,14.8320,6.1011,0.0000,0.0000,0.0000
26.7833,15.3252,7.5653,0.0000,14.7958,6.1109,0.0000,0.0000,0.0000
26.8000,15.3244,7.5720,0.0000,14.7601,6.1208,0.0000,0.0000,0.0000
26.8167,15.3236,7.5787,0.0000,14.7246,6.1306,0.0000,0.0000,0.0000
26.8333,15.3228,7.5853,0.0000,14.6896,6.1404,0.0000,0.0000,0.0000
26.8500,15.3220,7.5920,0.0000,14.6549,6.1502,0.0000,0.0000,0.0000
26.8667,15.3212,7.5987,0.0000,14.6205,6.1600,0.0000,0.0000,0.0000
26.8833,15.3204,7.6053,0.0000,14.5865,6.1697,0.0000,0.0000,0.0000
26.9000,15.3196,7.6120,0.0000,14.5528,6.1795,0.0000,0.0000,0.0000
26.9167,15.3189,7.6187,0.0000,14.5194,6.1892,0.0000,0.0000,0.0000
26.9333,15.3181,7.6253,0.0000,14.4864,6.1989,0.0000,0.0000,0.0000
26.9500,15.3173,7.6320,0.0000,14.4536,6.2086,0.0000,0.0000,0.0000
26.9667,15.3165,7.6387,0.0000,14.4212,6.2182,0.0000,0.0000,0.0000
26.9833,15.3157,7.6453,0.0000,14.3891,6.2279,0.0000,0.0000,0.0000
27.0000,15.3149,7.6520,0.0000,14.3573,6.2375,0.0000,0.0000,0.0000
27.0167,15.3141,7.6603,0.0000,14.3111,6.2472,0.0000,0.0000,0.0000
27.0333,15.3134,7.6687,0.0000,14.2653,6.2568,0.0000,0.0000,0.0000
27.0500,15.3126,7.6770,0.0000,14.2201,6.2665,0.0000,0.0000,0.0000
27.0667,15.3118,7.6853,0.0000,14.1754,6.2761,0.0000,0.0000,0.0000
27.0833,15.3110,7.6937,0.0000,14.1312,6.2857,0.0000,0.0000,0.0000
27.1000,15.3103,7.7020,0.0000,14.0875,6.2952,0.0000,0.0000,0.0000
27.1167,15.3095,7.7103,0.0000,14.0443,6.3048,0.0000,0.0000,0.0000
27.1333,15.3087,7.7187,0.0000,14.0016,6.3143,0.0000,0.0000,0.0000
27.1500,15.3079,7.7270,0.0000,13.9593,6.3238,0.0000,0.0000,0.0000
27.1667,15.3072,7.7353,0.0000,13.9175,6.3332,0.0000,0.0000,0.0000
27.1833,15.3064,7.7437,0.0000,13.8762,6.3426,0.0000,0.0000,0.0000
27.2000,15.3056,7.7520,0.0000,13.8353,6.3520,0.0000,0.0000,0.0000
27.2167,15.3049,7.7603,0.0000,13.7949,6.3614,0.0000,0.0000,0.0000
27.2333,15.3041,7.7687,0.0000,13.7549,6.3708,0.0000,0.0000,0.0000
27.2500,15.3033,7.7770,0.0000,13.7153,6.3801,0.0000,0.0000,0.0000
27.2667,15.3026,7.7853,0.0000,13.6762,6.3894,0.0000,0.0000,0.0000
27.2833,15.3018,7.7937,0.0000,13.6375,6.3986,0.0000,0.0000,0.0000
27.3000,15.3011,7.8020,0.0000,13.5992,6.4079,0.0000,0.0000,0.0000
27.3167,15.3003,7.8103,0.0000,13.5612,6.4171,0.0000,0.0000,0.0000
27.3333,15.2995,7.8187,0.0000,13.5237,6.4263,0.0000,0.0000,0.0000
27.3500,15.2988,7.8270,0.0000,13.4866,6.4354,0.0000,0.0000,0.0000
27.3667,15.2980,7.8353,0.0000,13.4499,6.4446,0.0000,0.0000,0.0000
27.3833,15.2973,7.8437,0.0000,13.4135,6.4537,0.0000,0.0000,0.0000
27.4000,15.2965,7.8520,0.0000,13.3775,6.4627,0.0000,0.0000,0.0000
27.4167,15.2958,7.8603,0.0000,13.3419,6.4718,0.0000,0.0000,0.0000
27.4333,15.2950,7.8687,0.0000,13.3067,6.4808,0.0000,0.0000,0.0000
27.4500,15.2942,7.8770,0.0000,13.2718,6.4898,0.0000,0.0000,0.0000
27.4667,15.2935,7.8853,0.0000,13.2372,6.4987,0.0000,0.0000,0.0000
27.4833,15.2927,7.8937,0.0000,13.2031,6.5077,0.0000,0.0000,0.0000
27.5000,15.2920,7.9020,0.0000,13.1692,6.5166,0.0000,0.0000,0.0000
27.5167,15.2913,7.9103,0.0000,13.1357,6.5255,0.0000,0.0000,0.0000
27.5333,15.2905,7.9187,0.0000,13.1025,6.5343,0.0000,0.0000,0.0000
27.5500,15.2898,7.9270,0.0000,13.0696,6.5431,0.0000,0.0000,0.0000
27.5667,15.2890,7.9353,0.0000,13.0371,6.5519,0.0000,0.0000,0.0000
27.5833,15.2883,7.9437,0.0000,13.0048,6.5607,0.0000,0.0000,0.0000
27.6000,15.2875,7.9520,0.0000,12.9729,6.5694,0.0000,0.0000,0.0000
27.6167,15.2868,7.9603,0.0000,12.9413,6.5781,0.0000,0.0000,0.0000
27.6333,15.2860,7.9687,0.0000,12.9100,6.5868,0.0000,0.0000,0.0000
27.6500,15.2853,7.9770,0.0000,12.8790,6.5954,0.0000,0.0000,0.0000
27.6667,15.2846,7.9853,0.0000,12.8482,6.6041,0.0000,0.0000,0.0000
27.6833,15.2838,7.9937,0.0000,12.8178,6.6126,0.0000,0.0000,0.0000
27.7000,15.2831,8.0020,0.0000,12.7876,6.6212,0.0000,0.0000,0.0000
27.7167,15.2823,8.0103,0.0000,12.7578,6.6297,0.0000,0.0000,0.0000
27.7333,15.2816,8.0187,0.0000,12.7281,6.6382,0.0000,0.0000,0.0000
27.7500,15.2809,8.0270,0.0000,12.6988,6.6467,0.0000,0.0000,0.0000
27.7667,15.2801,8.0353,0.0000,12.6697,6.6552,0.0000,0.0000,0.0000
27.7833,15.2794,8.0437,0.0000,12.6409,6.6636,0.0000,0.0000,0.0000
27.8000,15.2787,8.0520,0.0000,12.6124,6.6719,0.0000,0.0000,0.0000
27.8167,15.2779,8.0603,0.0000,12.5841,6.6803,0.0000,0.0000,0.0000
27.8333,15.2772,8.0687,0.0000,12.5560,6.6886,0.0000,0.0000,0.0000
27.8500,15.2765,8.0770,0.0000,12.5282,6.6969,0.0000,0.0000,0.0000
27.8667,15.2757,8.0853,0.0000,12.5007,6.7052,0.0000,0.0000,0.0000
27.8833,15.2750,8.0937,0.0000,12.4733,6.7134,0.0000,0.0000,0.0000
27.9000,15.2743,8.1020,0.0000,12.4463,6.7216,0.0000,0.0000,0.0000
27.9167,15.2736,8.1103,0.0000,12.4194,6.7298,0.0000,0.0000,0.0000
27.9333,15.2728,8.1187,0.0000,12.3928,6.7379,0.0000,0.0000,0.0000
27.9500,15.2721,8.1270,0.0000,12.3664,6.7460,0.0000,0.0000,0.0000
27.9667,15.2714,8.1353,0.0000,12.3402,6.7541,0.0000,0.0000,0.0000
27.9833,15.2707,8.1437,0.0000,12.3142,6.7622,0.0000,0.0000,0.0000
28.0000,15.2699,8.1520,0.0000,12.2884,6.7702,0.0000,0.0000,0.0000
28.0167,15.2692,8.1553,0.0000,12.3072,6.7746,0.0000,0.0000,0.0000
28.0333,15.2685,8.1587,0.0000,12.3256,6.7791,0.0000,0.0000,0.0000
28.0500,15.2677,8.1620,0.0000,12.3435,6.7835,0.0000,0.0000,0.0000
28.0667,15.2670,8.1653,0.0000,12.3609,6.7880,0.0000,0.0000,0.0000
28.0833,15.2663,8.1687,0.0000,12.3780,6.7924,0.0000,0.0000,0.0000
28.1000,15.2656,8.1720,0.0000,12.3946,6.7968,0.0000,0.0000,0.0000
28.1167,15.2648,8.1753,0.0000,12.4108,6.8012,0.0000,0.0000,0.0000
28.1333,15.2641,8.1787,0.0000,12.4266,6.8056,0.0000,0.0000,0.0000
28.1500,15.2634,8.1820,0.0000,12.4420,6.8100,0.0000,0.0000,0.0000
28.1667,15.2626,8.1853,0.0000,12.4570,6.8144,0.0000,0.0000,0.0000
28.1833,15.2619,8.1887,0.0000,12.4717,6.8187,0.0000,0.0000,0.0000
28.2000,15.2612,8.1920,0.0000,12.4859,6.8231,0.0000,0.0000,0.0000
28.2167,15.2604,8.1953,0.0000,12.4998,6.8275,0.0000,0.0000,0.0000
28.2333,15.2597,8.1987,0.0000,12.5133,6.8318,0.0000,0.0000,0.0000
28.2500,15.2590,8.2020,0.0000,12.5265,6.8362,0.0000,0.0000,0.0000
28.2667,15.2582,8.2053,0.0000,12.5393,6.8405,0.0000,0.0000,0.0000
28.2833,15.2575,8.2087,0.0000,12.5517,6.8448,0.0000,0.0000,0.0000
28.3000,15.2567,8.2120,0.0000,12.5639,6.8492,0.0000,0.0000,0.0000
28.3167,15.2560,8.2153,0.0000,12.5756,6.8535,0.0000,0.0000,0.0000
28.3333,15.2553,8.2187,0.0000,12.5871,6.8578,0.0000,0.0000,0.0000
28.3500,15.2545,8.2220,0.0000,12.5982,6.8621,0.0000,0.0000,0.0000
28.3667,15.2538,8.2253,0.0000,12.6090,6.8664,0.0000,0.0000,0.0000
28.3833,15.2530,8.2287,0.0000,12.6195,6.8707,0.0000,0.0000,0.0000
28.4000,15.2523,8.2320,0.0000,12.6297,6.8749,0.0000,0.0000,0.0000
28.4167,15.2516,8.2353,0.0000,12.6395,6.8792,0.0000,0.0000,0.0000
28.4333,15.2508,8.2387,0.0000,12.6491,6.8835,0.0000,0.0000,0.0000
28.4500,15.2501,8.2420,0.0000,12.6583,6.8877,0.0000,0.0000,0.0000
28.4667,15.2493,8.2453,0.0000,12.6673,6.8920,0.0000,0.0000,0.0000
28.4833,15.2486,8.2487,0.0000,12.6760,6.8962,0.0000,0.0000,0.0000
28.5000,15.2478,8.2520,0.0000,12.6844,6.9005,0.0000,0.0000,0.0000
28.5167,15.2471,8.2553,0.0000,12.6925,6.9047,0.0000,0.0000,0.0000
28.5333,15.2463,8.2587,0.0000,12.7004,6.9089,0.0000,0.0000,0.0000
28.5500,15.2456,8.2620,0.0000,12.7080,6.9131,0.0000,0.0000,0.0000
28.5667,15.2449,8.2653,0.0000,12.7153,6.9173,0.0000,0.0000,0.0000
28.5833,15.2441,8.2687,0.0000,12.7223,6.9215,0.0000,0.0000,0.0000
28.6000,15.2434,8.2720,0.0000,12.7291,6.9257,0.0000,0.0000,0.0000
28.6167,15.2426,8.2753,0.0000,12.7357,6.9299,0.0000,0.0000,0.0000
28.6333,15.2419,8.2787,0.0000,12.7420,6.9340,0.0000,0.0000,0.0000
28.6500,15.2411,8.2820,0.0000,12.7480,6.9382,0.0000,0.0000,0.0000
28.6667,15.2404,8.2853,0.0000,12.7538,6.9424,0.0000,0.0000,0.0000
28.6833,15.2396,8.2887,0.0000,12.7594,6.9465,0.0000,0.0000,0.0000
28.7000,15.2389,8.2920,0.0000,12.7647,6.9507,0.0000,0.0000,0.0000
28.7167,15.2381,8.2953,0.0000,12.7698,6.9548,0.0000,0.0000,0.0000
28.7333,15.2374,8.2987,0.0000,12.7747,6.9589,0.0000,0.0000,0.0000
28.7500,15.2366,8.3020,0.0000,12.7793,6.9630,0.0000,0.0000,0.0000
28.7667,15.2359,8.3053,0.0000,12.7837,6.9672,0.0000,0.0000,0.0000
28.7833,15.2351,8.3087,0.0000,12.7879,6.9713,0.0000,0.0000,0.0000
28.8000,15.2344,8.3120,0.0000,12.7919,6.9754,0.0000,0.0000,0.0000
28.8167,15.2336,8.3153,0.0000,12.7957,6.9795,0.0000,0.0000,0.0000
28.8333,15.2329,8.3187,0.0000,12.7992,6.9835,0.0000,0.0000,0.0000
28.8500,15.2321,8.3220,0.0000,12.8026,6.9876,0.0000,0.0000,0.0000
28.8667,15.2313,8.3253,0.0000,12.8057,6.9917,0.0000,0.0000,0.0000
28.8833,15.2306,8.3287,0.0000,12.8087,6.9957,0.0000,0.0000,0.0000
28.9000,15.2298,8.3320,0.0000,12.8114,6.9998,0.0000,0.0000,0.0000
28.9167,15.2291,8.3353,0.0000,12.8140,7.0038,0.0000,0.0000,0.0000
28.9333,15.2283,8.3387,0.0000,12.8164,7.0079,0.0000,0.0000,0.0000
28.9500,15.2276,8.3420,0.0000,12.8186,7.0119,0.0000,0.0000,0.0000
28.9667,15.2268,8.3453,0.0000,12.8206,7.0159,0.0000,0.0000,0.0000
28.9833,15.2261,8.3487,0.0000,12.8224,7.0200,0.0000,0.0000,0.0000
29.0000,15.2253,8.3520,0.0000,12.8240,7.0240,0.0000,0.0000,0.0000
29.0167,15.2246,8.3578,0.0000,12.8035,7.0177,0.0000,0.0000,0.0000
29.0333,15.2238,8.3637,0.0000,12.7833,7.0114,0.0000,0.0000,0.0000
29.0500,15.2231,8.3695,0.0000,12.7635,7.0051,0.0000,0.0000,0.0000
29.0667,15.2223,8.3753,0.0000,12.7440,6.9988,0.0000,0.0000,0.0000
29.0833,15.2216,8.3812,0.0000,12.7248,6.9925,0.0000,0.0000,0.0000
29.1000,15.2208,8.3870,0.0000,12.7059,6.9862,0.0000,0.0000,0.0000
29.1167,15.2201,8.3928,0.0000,12.6874,6.9799,0.0000,0.0000,0.0000
29.1333,15.2193,8.3987,0.0000,12.6692,6.9736,0.0000,0.0000,0.0000
29.1500,15.2186,8.4045,0.0000,12.6512,6.9673,0.0000,0.0000,0.0000
29.1667,15.2178,8.4103,0.0000,12.6336,6.9610,0.0000,0.0000,0.0000
29.1833,15.2171,8.4162,0.0000,12.6162,6.9547,0.0000,0.0000,0.0000
29.2000,15.2163,8.4220,0.0000,12.5992,6.9484,0.0000,0.0000,0.0000
29.2167,15.2156,8.4278,0.0000,12.5824,6.9421,0.0000,0.0000,0.0000
29.2333,15.2148,8.4337,0.0000,12.5659,6.9358,0.0000,0.0000,0.0000
29.2500,15.2141,8.4395,0.0000,12.5497,6.9295,0.0000,0.0000,0.0000
29.2667,15.2134,8.4453,0.0000,12.5337,6.9232,0.0000,0.0000,0.0000
29.2833,15.2126,8.4512,0.0000,12.5180,6.9169,0.0000,0.0000,0.0000
29.3000,15.2119,8.4570,0.0000,12.5025,6.9106,0.0000,0.0000,0.0000
29.3167,15.2111,8.4628,0.0000,12.4873,6.9043,0.0000,0.0000,0.0000
29.3333,15.2104,8.4687,0.0000,12.4723,6.8980,0.0000,0.0000,0.0000
29.3500,15.2097,8.4745,0.0000,12.4576,6.8917,0.0000,0.0000,0.0000
29.3667,15.2089,8.4803,0.0000,12.4431,6.8854,0.0000,0.0000,0.0000
29.3833,15.2082,8.4862,0.0000,12.4288,6.8791,0.0000,0.0000,0.0000
29.4000,15.2075,8.4920,0.0000,12.4148,6.8729,0.0000,0.0000,0.0000
29.4167,15.2067,8.4978,0.0000,12.4010,6.8666,0.0000,0.0000,0.0000
29.4333,15.2060,8.5037,0.0000,12.3874,6.8603,0.0000,0.0000,0.0000
29.4500,15.2053,8.5095,0.0000,12.3740,6.8540,0.0000,0.0000,0.0000
29.4667,15.2045,8.5153,0.0000,12.3608,6.8477,0.0000,0.0000,0.0000
29.4833,15.2038,8.5212,0.0000,12.3479,6.8414,0.0000,0.0000,0.0000
29.5000,15.2031,8.5270,0.0000,12.3351,6.8351,0.0000,0.0000,0.0000
29.5167,15.2024,8.5328,0.0000,12.3226,6.8288,0.0000,0.0000,0.0000
29.5333,15.2016,8.5387,0.0000,12.3102,6.8225,0.0000,0.0000,0.0000
29.5500,15.2009,8.5445,0.0000,12.2980,6.8162,0.0000,0.0000,0.0000
29.5667,15.2002,8.5503,0.0000,12.2860,6.8099,0.0000,0.0000,0.0000
29.5833,15.1995,8.5562,0.0000,12.2742,6.8036,0.0000,0.0000,0.0000
29.6000,15.1987,8.5620,0.0000,12.2626,6.7973,0.0000,0.0000,0.0000
29.6167,15.1980,8.5678,0.0000,12.2512,6.7910,0.0000,0.0000,0.0000
29.6333,15.1973,8.5737,0.0000,12.2399,6.7847,0.0000,0.0000,0.0000
29.6500,15.1966,8.5795,0.0000,12.2288,6.7784,0.0000,0.0000,0.0000
29.6667,15.1958,8.5853,0.0000,12.2179,6.7721,0.0000,0.0000,0.0000
29.6833,15.1951,8.5912,0.0000,12.2071,6.7658,0.0000,0.0000,0.0000
29.7000,15.1944,8.5970,0.0000,12.1965,6.7595,0.0000,0.0000,0.0000
29.7167,15.1937,8.6028,0.0000,12.1861,6.7532,0.0000,0.0000,0.0000
29.7333,15.1930,8.6087,0.0000,12.1758,6.7469,0.0000,0.0000,0.0000
29.7500,15.1922,8.6145,0.0000,12.1657,6.7406,0.0000,0.0000,0.0000
29.7667,15.1915,8.6203,0.0000,12.1557,6.7343,0.0000,0.0000,0.0000
29.7833,15.1908,8.6262,0.0000,12.1459,6.7280,0.0000,0.0000,0.0000
29.8000,15.1901,8.6320,0.0000,12.1362,6.7217,0.0000,0.0000,0.0000
29.8167,15.1894,8.6378,0.0000,12.1267,6.7154,0.0000,0.0000,0.0000
29.8333,15.1886,8.6437,0.0000,12.1172,6.7091,0.0000,0.0000,0.0000
29.8500,15.1879,8.6495,0.0000,12.1080,6.7028,0.0000,0.0000,0.0000
29.8667,15.1872,8.6553,0.0000,12.0988,6.6966,0.0000,0.0000,0.0000
29.8833,15.1865,8.6612,0.0000,12.0898,6.6903,0.0000,0.0000,0.0000
29.9000,15.1858,8.6670,0.0000,12.0810,6.6840,0.0000,0.0000,0.0000
29.9167,15.1851,8.6728,0.0000,12.0722,6.6777,0.0000,0.0000,0.0000
29.9333,15.1844,8.6787,0.0000,12.0636,6.6714,0.0000,0.0000,0.0000
29.9500,15.1836,8.6845,0.0000,12.0551,6.6651,0.0000,0.0000,0.0000
29.9667,15.1829,8.6903,0.0000,12.0467,6.6588,0.0000,0.0000,0.0000
29.9833,15.1822,8.6962,0.0000,12.0385,6.6525,0.0000,0.0000,0.0000
30.0000,15.1815,8.7020,0.0000,12.0303,6.6462,0.0000,0.0000,0.0000
30.0167,15.1808,8.7053,0.0000,12.0447,6.6219,0.0000,0.0000,0.0000
30.0333,15.1801,8.7087,0.0000,12.0592,6.5977,0.0000,0.0000,0.0000
30.0500,15.1794,8.7120,0.0000,12.0736,6.5735,0.0000,0.0000,0.0000
30.0667,15.1787,8.7153,0.0000,12.0882,6.5494,0.0000,0.0000,0.0000
30.0833,15.1780,8.7187,0.0000,12.1027,6.5253,0.0000,0.0000,0.0000
30.1000,15.1773,8.7220,0.0000,12.1173,6.5012,0.0000,0.0000,0.0000
30.1167,15.1766,8.7253,0.0000,12.1319,6.4772,0.0000,0.0000,0.0000
30.1333,15.1758,8.7287,0.0000,12.1465,6.4533,0.0000,0.0000,0.0000
30.1500,15.1751,8.7320,0.0000,12.1612,6.4293,0.0000,0.0000,0.0000
30.1667,15.1744,8.7353,0.0000,12.1758,6.4054,0.0000,0.0000,0.0000
30.1833,15.1737,8.7387,0.0000,12.1906,6.3816,0.0000,0.0000,0.0000
30.2000,15.1730,8.7420,0.0000,12.2053,6.3578,0.0000,0.0000,0.0000
30.2167,15.1723,8.7453,0.0000,12.2201,6.3340,0.0000,0.0000,0.0000
30.2333,15.1716,8.7487,0.0000,12.2348,6.3103,0.0000,0.0000,0.0000
30.2500,15.1709,8.7520,0.0000,12.2497,6.2866,0.0000,0.0000,0.0000
30.2667,15.1702,8.7553,0.0000,12.2645,6.2629,0.0000,0.0000,0.0000
30.2833,15.1695,8.7587,0.0000,12.2793,6.2393,0.0000,0.0000,0.0000
30.3000,15.1688,8.7620,0.0000,12.2942,6.2158,0.0000,0.0000,0.0000
30.3167,15.1681,8.7653,0.0000,12.3090,6.1922,0.0000,0.0000,0.0000
30.3333,15.1674,8.7687,0.0000,12.3239,6.1687,0.0000,0.0000,0.0000
30.3500,15.1667,8.7720,0.0000,12.3388,6.1453,0.0000,0.0000,0.0000
30.3667,15.1660,8.7753,0.0000,12.3538,6.1219,0.0000,0.0000,0.0000
30.3833,15.1653,8.7787,0.0000,12.3687,6.0985,0.0000,0.0000,0.0000
30.4000,15.1646,8.7820,0.0000,12.3836,6.0752,0.0000,0.0000,0.0000
30.4167,15.1639,8.7853,0.0000,12.3986,6.0519,0.0000,0.0000,0.0000
30.4333,15.1632,8.7887,0.0000,12.4135,6.0287,0.0000,0.0000,0.0000
30.4500,15.1625,8.7920,0.0000,12.4285,6.0055,0.0000,0.0000,0.0000
30.4667,15.1618,8.7953,0.0000,12.4435,5.9823,0.0000,0.0000,0.0000
30.4833,15.1611,8.7987,0.0000,12.4584,5.9592,0.0000,0.0000,0.0000
30.5000,15.1604,8.8020,0.0000,12.4734,5.9361,0.0000,0.0000,0.0000
30.5167,15.1597,8.8053,0.0000,12.4884,5.9130,0.0000,0.0000,0.0000
30.5333,15.1590,8.8087,0.0000,12.5034,5.8900,0.0000,0.0000,0.0000
30.5500,15.1583,8.8120,0.0000,12.5184,5.8670,0.0000,0.0000,0.0000
30.5667,15.1576,8.8153,0.0000,12.5333,5.8441,0.0000,0.0000,0.0000
30.5833,15.1569,8.8187,0.0000,12.5483,5.8212,0.0000,0.0000,0.0000
30.6000,15.1562,8.8220,0.0000,12.5633,5.7984,0.0000,0.0000,0.0000
30.6167,15.1555,8.8253,0.0000,12.5783,5.7756,0.0000,0.0000,0.0000
30.6333,15.1548,8.8287,0.0000,12.5933,5.7528,0.0000,0.0000,0.0000
30.6500,15.1541,8.8320,0.0000,12.6083,5.7301,0.0000,0.0000,0.0000
30.6667,15.1534,8.8353,0.0000,12.6232,5.7074,0.0000,0.0000,0.0000
30.6833,15.1527,8.8387,0.0000,12.6382,5.6848,0.0000,0.0000,0.0000
30.7000,15.1520,8.8420,0.0000,12.6531,5.6622,0.0000,0.0000,0.0000
30.7167,15.1513,8.8453,0.0000,12.6681,5.6396,0.0000,0.0000,0.0000
30.7333,15.1506,8.8487,0.0000,12.6830,5.6171,0.0000,0.0000,0.0000
30.7500,15.1499,8.8520,0.0000,12.6980,5.5946,0.0000,0.0000,0.0000
30.7667,15.1492,8.8553,0.0000,12.7129,5.5721,0.0000,0.0000,0.0000
30.7833,15.1485,8.8587,0.0000,12.7278,5.5497,0.0000,0.0000,0.0000
30.8000,15.1478,8.8620,0.0000,12.7427,5.5274,0.0000,0.0000,0.0000
30.8167,15.1471,8.8653,0.0000,12.7576,5.5050,0.0000,0.0000,0.0000
30.8333,15.1464,8.8687,0.0000,12.7725,5.4828,0.0000,0.0000,0.0000
30.8500,15.1457,8.8720,0.0000,12.7874,5.4605,0.0000,0.0000,0.0000
30.8667,15.1450,8.8753,0.0000,12.8022,5.4383,0.0000,0.0000,0.0000
30.8833,15.1443,8.8787,0.0000,12.8171,5.4162,0.0000,0.0000,0.0000
30.9000,15.1436,8.8820,0.0000,12.8319,5.3940,0.0000,0.0000,0.0000
30.9167,15.1430,8.8853,0.0000,12.8467,5.3719,0.0000,0.0000,0.0000
30.9333,15.1423,8.8887,0.0000,12.8615,5.3499,0.0000,0.0000,0.0000
30.9500,15.1416,8.8920,0.0000,12.8763,5.3279,0.0000,0.0000,0.0000
30.9667,15.1409,8.8953,0.0000,12.8910,5.3059,0.0000,0.0000,0.0000
30.9833,15.1402,8.8987,0.0000,12.9058,5.2840,0.0000,0.0000,0.0000
31.0000,15.4024,8.9020,5000.0000,129.9711,5.4856,0.0000,0.0000,0.0000
31.0167,15.6584,8.8945,5000.0000,246.3147,5.7040,0.0000,0.0000,0.0000
31.0333,15.9082,8.8870,5000.0000,360.6748,5.9170,0.0000,0.0000,0.0000
31.0500,16.1520,8.8795,5000.0000,472.1122,6.1247,0.0000,0.0000,0.0000
31.0667,16.3900,8.8720,5000.0000,579.6649,6.3273,0.0000,0.0000,0.0000
31.0833,16.6224,8.8645,5000.0000,681.9364,6.5249,0.0000,0.0000,0.0000
31.1000,16.8499,8.8570,5000.0000,774.0164,6.7181,0.0000,0.0000,0.0000
31.1167,17.0726,8.8495,5000.0000,861.1221,6.9071,0.0000,0.0000,0.0000
31.1333,17.2905,8.8420,5000.0000,951.5862,7.0919,0.0000,0.0000,0.0000
31.1500,17.5034,8.8345,5000.0000,1043.5968,7.2722,0.0000,0.0000,0.0000
31.1667,17.7113,8.8270,5000.0000,1136.3415,7.4481,0.0000,0.0000,0.0000
31.1833,17.9142,8.8195,5000.0000,1229.2903,7.6196,0.0000,0.0000,0.0000
31.2000,18.1087,8.8120,4937.3237,1320.4619,7.7838,0.0000,0.0000,0.0000
31.2167,18.3017,8.8045,5000.0000,1412.7492,7.9466,0.0000,0.0000,0.0000
31.2333,18.4897,8.7970,5000.0000,1504.3054,8.1050,0.0000,0.0000,0.0000
31.2500,18.6729,8.7895,5000.0000,1594.9300,8.2591,0.0000,0.0000,0.0000
31.2667,18.8512,8.7820,5000.0000,1684.4574,8.4089,0.0000,0.0000,0.0000
31.2833,19.0247,8.7745,5000.0000,1772.7503,8.5546,0.0000,0.0000,0.0000
31.3000,19.1936,8.7670,5000.0000,1859.6944,8.6961,0.0000,0.0000,0.0000
31.3167,19.3415,8.7595,4741.8094,1936.4545,8.8196,0.0000,0.0000,0.0000
31.3333,19.4987,8.7520,5000.0000,2019.0823,8.9510,0.0000,0.0000,0.0000
31.3500,19.6516,8.7445,5000.0000,2100.1857,9.0786,0.0000,0.0000,0.0000
31.3667,19.8004,8.7370,5000.0000,2179.7171,9.2026,0.0000,0.0000,0.0000
31.3833,19.9375,8.7295,4854.7826,2253.4319,9.3165,0.0000,0.0000,0.0000
31.4000,20.0783,8.7220,5000.0000,2329.8174,9.4334,0.0000,0.0000,0.0000
31.4167,20.2151,8.7145,5000.0000,2404.5412,9.5469,0.0000,0.0000,0.0000
31.4333,20.3434,8.7070,4911.0562,2474.9492,9.6530,0.0000,0.0000,0.0000
31.4500,20.4727,8.6995,5000.0000,2546.3840,9.7599,0.0000,0.0000,0.0000
31.4667,20.5968,8.6920,4969.7706,2615.2209,9.8621,0.0000,0.0000,0.0000
31.4833,20.7188,8.6845,5000.0000,2683.3078,9.9626,0.0000,0.0000,0.0000
31.5000,20.8318,8.6770,4892.4165,2746.4345,10.0553,0.0000,0.0000,0.0000
31.5167,20.9409,8.6695,4880.3424,2807.5977,10.1445,0.0000,0.0000,0.0000
31.5333,21.0431,8.6620,4806.6752,2864.9193,10.2278,0.0000,0.0000,0.0000
31.5500,20.8959,8.6545,0.0000,2772.8528,10.0995,0.0000,0.0000,0.0000
31.5667,20.7618,8.6470,166.6254,2689.9980,9.9824,0.0000,0.0000,0.0000
31.5833,20.6462,8.6395,443.5612,2619.0864,9.8810,0.0000,0.0000,0.0000
31.6000,20.5510,8.6320,771.4612,2560.9534,9.7972,0.0000,0.0000,0.0000
31.6167,20.4775,8.6245,1136.0495,2516.0132,9.7318,0.0000,0.0000,0.0000
31.6333,20.4261,8.6170,1523.0822,2484.2909,9.6852,0.0000,0.0000,0.0000
31.6500,20.3985,8.6095,1918.7785,2466.6409,9.6588,0.0000,0.0000,0.0000
31.6667,20.3923,8.6020,2307.2520,2461.8006,9.6503,0.0000,0.0000,0.0000
31.6833,20.4000,8.5945,2678.1054,2465.0417,9.6533,0.0000,0.0000,0.0000
31.7000,20.4268,8.5870,3030.3634,2478.9141,9.6725,0.0000,0.0000,0.0000
31.7167,20.4682,8.5795,3347.4578,2501.2171,9.7039,0.0000,0.0000,0.0000
31.7333,20.5255,8.5720,3625.1304,2532.6119,9.7487,0.0000,0.0000,0.0000
31.7500,20.5928,8.5645,3852.5446,2569.8904,9.8018,0.0000,0.0000,0.0000
31.7667,20.6673,8.5570,4029.4992,2611.4121,9.8608,0.0000,0.0000,0.0000
31.7833,20.7461,8.5495,4154.5913,2655.5273,9.9232,0.0000,0.0000,0.0000
31.8000,20.8264,8.5420,4228.1334,2700.6240,9.9869,0.0000,0.0000,0.0000
31.8167,20.9056,8.5345,4252.0039,2745.1736,10.0495,0.0000,0.0000,0.0000
31.8333,20.9813,8.5270,4229.4601,2787.7727,10.1092,0.0000,0.0000,0.0000
31.8500,21.0516,8.5195,4164.9239,2827.1794,10.1643,0.0000,0.0000,0.0000
31.8667,20.9062,8.5120,0.0000,2737.8449,10.0393,0.0000,0.0000,0.0000
31.8833,20.7730,8.5045,150.1026,2656.9669,9.9245,0.0000,0.0000,0.0000
31.9000,20.6578,8.4970,419.4375,2587.5966,9.8250,0.0000,0.0000,0.0000
31.9167,20.5626,8.4895,739.9840,2530.6107,9.7422,0.0000,0.0000,0.0000
31.9333,20.4886,8.4820,1097.7022,2486.4665,9.6773,0.0000,0.0000,0.0000
31.9500,20.4364,8.4745,1478.5475,2455.2328,9.6305,0.0000,0.0000,0.0000
31.9667,20.4078,8.4670,1868.8985,2437.7949,9.6035,0.0000,0.0000,0.0000
31.9833,20.4006,8.4595,2252.8712,2432.9610,9.5942,0.0000,0.0000,0.0000
32.0000,20.4187,8.4520,2619.7376,2442.5172,9.6055,0.0000,200.0000,0.0000
32.0167,20.4524,8.4620,2950.2999,2460.7682,9.6790,1.2624,200.0000,0.0000
32.0333,20.5025,8.4720,3245.2272,2488.4022,9.7667,2.5248,200.0000,0.0000
32.0500,20.5639,8.4820,3493.6303,2522.5790,9.8642,3.7872,200.0000,0.0000
32.0667,20.6339,8.4920,3693.8461,2561.7189,9.9695,5.0496,200.0000,0.0000
32.0833,20.7095,8.5020,3843.5770,2604.2076,10.0803,6.3120,200.0000,0.0000
32.1000,20.7880,8.5120,3942.2706,2648.4433,10.1942,7.5744,200.0000,0.0000
32.1167,20.8667,8.5220,3990.9946,2692.8823,10.3090,8.8367,200.0000,0.0000
32.1333,20.9432,8.5320,3992.2710,2736.0823,10.4226,10.0991,200.0000,0.0000
32.1500,21.0153,8.5420,3949.8789,2776.7413,10.5330,11.3615,200.0000,0.0000
32.1667,20.8827,8.5520,0.0000,2695.6960,10.4660,12.6239,200.0000,0.0000
32.1833,20.7638,8.5620,187.7280,2623.7855,10.4097,13.8863,200.0000,0.0000
32.2000,20.6620,8.5720,448.2890,2562.6448,10.3673,15.1487,200.0000,0.0000
32.2167,20.5789,8.5820,752.9249,2512.9997,10.3407,16.4111,200.0000,0.0000
32.2333,20.5156,8.5920,1088.6660,2475.1960,10.3310,17.6735,200.0000,0.0000
32.2500,20.4751,8.6020,1442.6366,2450.8450,10.3412,18.9359,200.0000,0.0000
32.2667,20.4528,8.6120,1798.0952,2437.1180,10.3672,20.1983,200.0000,0.0000
32.2833,20.4492,8.6220,2148.6297,2434.3007,10.4097,21.4607,200.0000,0.0000
32.3000,20.4581,8.6320,2482.7605,2438.6818,10.4634,22.7231,200.0000,0.0000
32.3167,20.4846,8.6420,2799.0482,2452.9884,10.5335,23.9854,200.0000,0.0000
32.3333,20.5240,8.6520,3081.8108,2474.7021,10.6154,25.2478,200.0000,0.0000
32.3500,20.5776,8.6620,3328.0122,2504.5038,10.7109,26.5102,200.0000,0.0000
32.3667,20.6399,8.6720,3527.8964,2539.3585,10.8148,27.7726,200.0000,0.0000
32.3833,20.7083,8.6820,3681.6713,2577.7784,10.9249,29.0350,200.0000,0.0000
32.4000,20.7802,8.6920,3788.3070,2618.2752,11.0389,30.2974,200.0000,0.0000
32.4167,20.8531,8.7020,3848.3115,2659.4020,11.1545,31.5598,200.0000,0.0000
32.4333,20.9246,8.7120,3863.5897,2699.7949,11.2695,32.8222,200.0000,0.0000
32.4500,20.9927,8.7220,3837.2700,2738.2091,11.3820,34.0846,200.0000,0.0000
32.4667,21.0556,8.7320,3773.5066,2773.5514,11.4901,35.3470,200.0000,0.0000
32.4833,20.9231,8.7420,0.0000,2692.7515,11.4123,36.6094,200.0000,0.0000
32.5000,20.8010,8.7520,123.0061,2619.1136,11.3432,37.8718,200.0000,0.0000
32.5167,20.6951,8.7620,364.4582,2555.7443,11.2885,39.1342,200.0000,0.0000
32.5333,20.6072,8.7720,653.3487,2503.4891,11.2504,40.3965,200.0000,0.0000
32.5500,20.5386,8.7820,976.9263,2462.8097,11.2303,41.6589,200.0000,0.0000
32.5667,20.4898,8.7920,1322.4064,2433.8103,11.2288,42.9213,200.0000,0.0000
32.5833,20.4625,8.8020,1677.3619,2417.3609,11.2481,44.1837,200.0000,0.0000
32.6000,20.4550,8.8120,2027.1503,2412.4732,11.2866,45.4461,200.0000,0.0000
32.6167,20.4602,8.8220,2361.6033,2414.8206,11.3373,46.7085,200.0000,0.0000
32.6333,20.4821,8.8320,2680.3605,2426.5969,11.4049,47.9709,200.0000,0.0000
32.6500,20.5173,8.8420,2969.2407,2445.9928,11.4859,49.2333,200.0000,0.0000
32.6667,20.5669,8.8520,3223.6580,2473.6039,11.5818,50.4957,200.0000,0.0000
32.6833,20.6259,8.8620,3433.8567,2506.6109,11.6875,51.7581,200.0000,0.0000
32.7000,20.6917,8.8720,3599.2761,2543.5612,11.8007,53.0205,200.0000,0.0000
32.7167,20.7618,8.8820,3718.4198,2582.9882,11.9188,54.2829,200.0000,0.0000
32.7333,20.8335,8.8920,3791.3404,2623.4540,12.0392,55.5452,200.0000,0.0000
32.7500,20.9046,8.9020,3819.5121,2663.5899,12.1597,56.8076,200.0000,0.0000
32.7667,20.9729,8.9120,3805.6686,2702.1339,12.2780,58.0700,200.0000,0.0000
32.7833,21.0366,8.9220,3753.6149,2737.9640,12.3921,59.3324,200.0000,0.0000
32.8000,20.9058,8.9320,0.0000,2658.5961,12.3044,60.5948,200.0000,0.0000
32.8167,20.7869,8.9420,150.6682,2587.1333,12.2276,61.8572,200.0000,0.0000
32.8333,20.6842,8.9520,397.5191,2525.9707,12.1668,63.1196,200.0000,0.0000
32.8500,20.5996,8.9620,689.6725,2475.8903,12.1242,64.3820,200.0000,0.0000
32.8667,20.5343,8.9720,1014.4538,2437.2984,12.1011,65.6444,200.0000,0.0000
32.8833,20.4915,8.9820,1359.2106,2411.9367,12.1015,66.9068,200.0000,0.0000
32.9000,20.4667,8.9920,1707.1044,2396.9784,12.1206,68.1692,200.0000,0.0000
32.9167,20.4608,9.0020,2051.9487,2393.0831,12.1598,69.4316,200.0000,0.0000
32.9333,20.4674,9.0120,2381.2634,2396.2750,12.2122,70.6940,200.0000,0.0000
32.9500,20.4908,9.0220,2694.2592,2408.9443,12.2830,71.9563,200.0000,0.0000
32.9667,20.5272,9.0320,2976.3667,2429.0079,12.3681,73.2187,200.0000,0.0000
32.9833,20.5777,9.0420,3223.6901,2457.0916,12.4690,74.4811,200.0000,0.0000
33.0000,20.6576,9.0520,3426.6191,2502.2391,12.6027,75.7435,600.0000,0.0000
33.0167,20.7417,9.0653,3552.0576,2549.7843,12.7438,79.1839,600.0000,0.0000
33.0333,20.8270,9.0787,3622.9265,2598.0862,12.8872,82.6242,600.0000,0.0000
33.0500,20.9107,9.0920,3641.4412,2645.5606,13.0297,86.0645,600.0000,0.0000
33.0667,20.9905,9.1053,3611.2513,2690.7558,13.1686,89.5048,600.0000,0.0000
33.0833,21.0641,9.1187,3537.2104,2732.3915,13.3014,92.9452,600.0000,0.0000
33.1000,20.9541,9.1320,0.0000,2665.2008,13.2274,96.3855,600.0000,0.0000
33.1167,20.8514,9.1453,73.3612,2603.0187,13.1603,99.8258,600.0000,0.0000
33.1333,20.7616,9.1587,265.3308,2549.0883,13.1069,103.2661,600.0000,0.0000
33.1500,20.6865,9.1720,498.1521,2504.1857,13.0693,106.7065,600.0000,0.0000
33.1667,20.6272,9.1853,761.3252,2468.7668,13.0491,110.1468,600.0000,0.0000
33.1833,20.5870,9.1987,1044.2683,2444.5878,13.0502,113.5871,600.0000,0.0000
33.2000,20.5617,9.2120,1332.3297,2429.1563,13.0682,117.0274,600.0000,0.0000
33.2167,20.5535,9.2253,1620.5135,2423.7199,13.1058,120.4678,600.0000,0.0000
33.2333,20.5558,9.2387,1896.6046,2424.2950,13.1554,123.9081,600.0000,0.0000
33.2500,20.5714,9.2520,2160.8869,2432.3417,13.2208,127.3484,600.0000,0.0000
33.2667,20.5982,9.2653,2402.4534,2446.8093,13.2995,130.7887,600.0000,0.0000
33.2833,20.6347,9.2787,2616.6845,2466.7743,13.3899,134.2291,600.0000,0.0000
33.3000,20.6819,9.2920,2799.4403,2492.8718,13.4936,137.6694,600.0000,0.0000
33.3167,20.7352,9.3053,2943.0455,2522.4387,13.6049,141.1097,600.0000,0.0000
33.3333,20.7924,9.3187,3048.6588,2554.2620,13.7214,144.5500,600.0000,0.0000
33.3500,20.8514,9.3320,3116.0712,2587.1486,13.8407,147.9904,600.0000,0.0000
33.3667,20.9102,9.3453,3146.2679,2619.9591,13.9604,151.4307,600.0000,0.0000
33.3833,20.9671,9.3587,3141.3006,2651.6388,14.0784,154.8710,600.0000,0.0000
33.4000,21.0205,9.3720,3104.1368,2681.2451,14.1925,158.3114,600.0000,0.0000
33.4167,20.9131,9.3853,0.0000,2616.0099,14.1090,161.7517,600.0000,0.0000
33.4333,20.8161,9.3987,139.1039,2557.6283,14.0371,165.1920,600.0000,0.0000
33.4500,20.7328,9.4120,346.3934,2507.7419,13.9810,168.6323,600.0000,0.0000
33.4667,20.6645,9.4253,590.0799,2466.9912,13.9427,172.0727,600.0000,0.0000
33.4833,20.6121,9.4387,859.6921,2435.7064,13.9236,175.5130,600.0000,0.0000
33.5000,20.5782,9.4520,1144.8082,2415.2809,13.9272,178.9533,600.0000,0.0000
33.5167,20.5591,9.4653,1431.7385,2403.4148,13.9489,182.3936,600.0000,0.0000
33.5333,20.5554,9.4787,1715.3344,2400.5290,13.9899,185.8340,600.0000,0.0000
33.5500,20.5618,9.4920,1985.8706,2403.4610,14.0437,189.2743,600.0000,0.0000
33.5667,20.5823,9.5053,2242.4103,2414.2603,14.1156,192.7146,600.0000,0.0000
33.5833,20.6133,9.5187,2472.5662,2431.0774,14.2012,196.1549,600.0000,0.0000
33.6000,20.6532,9.5320,2673.5459,2452.9547,14.2986,199.5953,600.0000,0.0000
33.6167,20.7033,9.5453,2841.7296,2480.6035,14.4096,203.0356,600.0000,0.0000
33.6333,20.7585,9.5587,2969.6747,2511.2124,14.5278,206.4759,600.0000,0.0000
33.6500,20.8168,9.5720,3059.3396,2543.5743,14.6505,209.9163,600.0000,0.0000
33.6667,20.8760,9.5853,3111.0274,2576.5158,14.7750,213.3566,600.0000,0.0000
33.6833,20.9343,9.5987,3126.1869,2608.9304,14.8990,216.7969,600.0000,0.0000
33.7000,20.9900,9.6120,3107.2745,2639.8080,15.0200,220.2372,600.0000,0.0000
33.7167,21.0415,9.6253,3057.5955,2668.2601,15.1361,223.6775,600.0000,0.0000
33.7333,20.9348,9.6387,0.0000,2603.4193,15.0407,227.1179,600.0000,0.0000
33.7500,20.8366,9.6520,104.3993,2544.3710,14.9556,230.5582,600.0000,0.0000
33.7667,20.7516,9.6653,300.5677,2493.5096,14.8870,233.9985,600.0000,0.0000
33.7833,20.6811,9.6787,534.7009,2451.5329,14.8371,237.4389,600.0000,0.0000
33.8000,20.6262,9.6920,796.4951,2418.8290,14.8076,240.8792,600.0000,0.0000
33.8167,20.5898,9.7053,1075.6297,2396.9457,14.8026,244.3195,600.0000,0.0000
33.8333,20.5680,9.7187,1358.1759,2383.5359,14.8172,247.7598,600.0000,0.0000
33.8500,20.5621,9.7320,1639.1474,2379.4271,14.8534,251.2002,600.0000,0.0000
33.8667,20.5664,9.7453,1907.7591,2381.1114,14.9033,254.6405,600.0000,0.0000
33.8833,20.5841,9.7587,2163.6898,2390.2993,14.9720,258.0808,600.0000,0.0000
33.9000,20.6126,9.7720,2395.4901,2405.5798,15.0558,261.5211,600.0000,0.0000
33.9167,20.6501,9.7853,2599.5136,2426.0320,15.1525,264.9615,600.0000,0.0000
33.9333,20.6979,9.7987,2771.9441,2452.3129,15.2642,268.4018,600.0000,0.0000
33.9500,20.7513,9.8120,2905.3473,2481.7438,15.3840,271.8421,600.0000,0.0000
33.9667,20.8080,9.8253,3001.2532,2513.1392,15.5092,275.2825,600.0000,0.0000
33.9833,20.8661,9.8387,3059.7058,2545.3396,15.6369,278.7228,600.0000,0.0000
34.0000,20.9237,9.8520,3081.9002,2577.2448,15.7645,282.1631,600.0000,0.0000
34.0167,20.9791,9.8595,3070.0511,2607.8948,15.9578,284.9159,600.0000,0.0000
34.0333,21.0307,9.8670,3027.2521,2636.3397,16.1469,287.6687,600.0000,0.0000
34.0500,20.9254,9.8745,0.0000,2572.6774,16.1078,290.4215,600.0000,0.0000
34.0667,20.8296,9.8820,119.3039,2515.1863,16.0802,293.1743,600.0000,0.0000
34.0833,20.7468,9.8895,317.4243,2465.8520,16.0700,295.9270,600.0000,0.0000
34.1000,20.6786,9.8970,552.1146,2425.3327,16.0797,298.6799,600.0000,0.0000
34.1167,20.6258,9.9045,813.1718,2393.9831,16.1114,301.4326,600.0000,0.0000
34.1333,20.5913,9.9120,1090.4064,2373.2505,16.1695,304.1854,600.0000,0.0000
34.1500,20.5711,9.9195,1370.2427,2360.8572,16.2489,306.9382,600.0000,0.0000
34.1667,20.5663,9.9270,1647.7029,2357.4313,16.3517,309.6910,600.0000,0.0000
34.1833,20.5715,9.9345,1912.6866,2359.6921,16.4698,312.4438,600.0000,0.0000
34.2000,20.5903,9.9420,2164.5870,2369.4674,16.6093,315.1966,600.0000,0.0000
34.2167,20.6194,9.9495,2391.7073,2385.1767,16.7658,317.9494,600.0000,0.0000
34.2333,20.6574,9.9570,2590.8646,2405.9007,16.9369,320.7022,600.0000,0.0000
34.2500,20.7055,9.9645,2758.3988,2432.3071,17.1252,323.4550,600.0000,0.0000
34.2667,20.7588,9.9720,2886.9965,2461.7114,17.3230,326.2077,600.0000,0.0000
34.2833,20.8153,9.9795,2978.3620,2492.9419,17.5272,328.9606,600.0000,0.0000
34.3000,20.8730,9.9870,3032.6596,2524.8563,17.7347,331.7133,600.0000,0.0000
34.3167,20.9300,9.9945,3051.1827,2556.3738,17.9424,334.4661,600.0000,0.0000
34.3333,20.9846,10.0020,3036.2222,2586.5036,18.1475,337.2189,600.0000,0.0000
34.3500,21.0352,10.0095,2990.9138,2614.3708,18.3475,339.9717,600.0000,0.0000
34.3667,20.9310,10.0170,0.0000,2551.4341,18.2884,342.7245,600.0000,0.0000
34.3833,20.8357,10.0245,110.3372,2494.3588,18.2419,345.4773,600.0000,0.0000
34.4000,20.7532,10.0320,304.2738,2445.2837,18.2152,348.2301,600.0000,0.0000
34.4167,20.6850,10.0395,534.8471,2404.8747,18.2111,350.9829,600.0000,0.0000
34.4333,20.6322,10.0470,791.9765,2373.4973,18.2319,353.7357,600.0000,0.0000
34.4500,20.5972,10.0545,1065.5789,2352.6219,18.2827,356.4884,600.0000,0.0000
34.4667,20.5767,10.0620,1342.1330,2339.9824,18.3577,359.2412,600.0000,0.0000
34.4833,20.5714,10.0695,1616.7384,2336.2979,18.4594,361.9940,600.0000,0.0000
34.5000,20.5761,10.0770,1879.1303,2338.2379,18.5784,364.7468,600.0000,0.0000
34.5167,20.5940,10.0845,2128.8489,2347.5312,18.7213,367.4996,600.0000,0.0000
34.5333,20.6223,10.0920,2354.5079,2362.7174,18.8834,370.2524,600.0000,0.0000
34.5500,20.6595,10.0995,2552.7512,2382.8947,19.0620,373.0052,600.0000,0.0000
34.5667,20.7067,10.1070,2719.9017,2408.7110,19.2599,375.7580,600.0000,0.0000
34.5833,20.7591,10.1145,2848.7051,2437.5397,19.4685,378.5108,600.0000,0.0000
34.6000,20.8148,10.1220,2940.7518,2468.2256,19.6844,381.2636,600.0000,0.0000
34.6167,20.8718,10.1295,2996.1442,2499.6408,19.9040,384.0163,600.0000,0.0000
34.6333,20.9282,10.1370,3016.1062,2530.7163,20.1238,386.7691,600.0000,0.0000
34.6500,20.9822,10.1445,3002.8539,2560.4708,20.3407,389.5220,600.0000,0.0000
34.6667,21.0325,10.1520,2959.4467,2588.0355,20.5517,392.2747,600.0000,0.0000
34.6833,20.9296,10.1595,0.0000,2525.9809,20.4722,395.0275,600.0000,0.0000
34.7000,20.8355,10.1670,112.7134,2469.8074,20.4073,397.7803,600.0000,0.0000
34.7167,20.7542,10.1745,305.4448,2421.5422,20.3647,400.5331,600.0000,0.0000
34.7333,20.6871,10.1820,534.1960,2381.8368,20.3478,403.2859,600.0000,0.0000
34.7500,20.6352,10.1895,788.9934,2351.0462,20.3587,406.0387,600.0000,0.0000
34.7667,20.6010,10.1970,1059.8673,2330.6057,20.4033,408.7915,600.0000,0.0000
34.7833,20.5809,10.2045,1333.4872,2318.2868,20.4751,411.5443,600.0000,0.0000
34.8000,20.5760,10.2120,1604.9947,2314.7624,20.5764,414.2970,600.0000,0.0000
34.8167,20.5808,10.2195,1864.3635,2316.7815,20.6970,417.0499,600.0000,0.0000
34.8333,20.5988,10.2270,2111.0726,2326.0766,20.8444,419.8027,600.0000,0.0000
34.8500,20.6271,10.2345,2333.7727,2341.1698,21.0130,422.5554,600.0000,0.0000
34.8667,20.6640,10.2420,2529.2385,2361.1690,21.2000,425.3082,600.0000,0.0000
34.8833,20.7109,10.2495,2693.8572,2386.7165,21.4081,428.0610,600.0000,0.0000
34.9000,20.7629,10.2570,2820.4592,2415.2122,21.6281,430.8138,600.0000,0.0000
34.9167,20.8181,10.2645,2910.6605,2445.5160,21.8559,433.5666,600.0000,0.0000
34.9333,20.8745,10.2720,2964.5888,2476.5147,22.0875,436.3194,600.0000,0.0000
34.9500,20.9303,10.2795,2983.4798,2507.1544,22.3192,439.0722,600.0000,0.0000
34.9667,20.9837,10.2870,2969.5482,2536.4682,22.5474,441.8250,600.0000,0.0000
34.9833,21.0334,10.2945,2925.8403,2563.6009,22.7689,444.5777,600.0000,0.0000
35.0000,20.9316,10.3020,0.0000,2502.3490,22.6681,447.3306,600.0000,0.0000
35.0167,20.8385,10.2978,109.4370,2446.9574,22.4920,445.8858,600.0000,0.0000
35.0333,20.7580,10.2937,299.4590,2399.3639,22.3424,444.4411,600.0000,0.0000
35.0500,20.6914,10.2895,525.2227,2360.2134,22.2227,442.9964,600.0000,0.0000
35.0667,20.6398,10.2853,776.8725,2329.8592,22.1348,441.5517,600.0000,0.0000
35.0833,20.6058,10.2812,1044.5517,2309.7255,22.0844,440.1070,600.0000,0.0000
35.1000,20.5858,10.2770,1315.0551,2297.6116,22.0639,438.6623,600.0000,0.0000
35.1167,20.5808,10.2728,1583.5864,2294.1963,22.0755,437.2176,600.0000,0.0000
35.1333,20.5854,10.2687,1840.1538,2296.2594,22.1077,435.7729,600.0000,0.0000
35.1500,20.6031,10.2645,2084.2826,2305.5049,22.1680,434.3282,600.0000,0.0000
35.1667,20.6309,10.2603,2304.8057,2320.4853,22.2502,432.8835,600.0000,0.0000
35.1833,20.6673,10.2562,2498.4748,2340.3225,22.3509,431.4387,600.0000,0.0000
35.2000,20.7106,10.2520,2661.7022,2364.0683,22.4666,429.9940,600.0000,0.0000
35.2167,20.7623,10.2478,2792.0503,2392.5121,22.6004,428.5493,600.0000,0.0000
35.2333,20.8171,10.2437,2883.0100,2422.7915,22.7413,427.1046,600.0000,0.0000
35.2500,20.8733,10.2395,2937.8352,2453.7999,22.8850,425.6599,600.0000,0.0000
35.2667,20.9288,10.2353,2957.7248,2484.4882,23.0277,424.2152,600.0000,0.0000
35.2833,20.9822,10.2312,2944.8575,2513.8927,23.1656,422.7705,600.0000,0.0000
35.3000,21.0318,10.2270,2902.2442,2541.1600,23.2957,421.3258,600.0000,0.0000
35.3167,20.9310,10.2228,0.0000,2480.9608,23.1013,419.8811,600.0000,0.0000
35.3333,20.8390,10.2187,110.3385,2426.4776,22.9255,418.4364,600.0000,0.0000
35.3500,20.7595,10.2145,298.9250,2379.6855,22.7763,416.9917,600.0000,0.0000
35.3667,20.6938,10.2103,522.7774,2341.2220,22.6571,415.5470,600.0000,0.0000
35.3833,20.6429,10.2062,772.1420,2311.4361,22.5696,414.1023,600.0000,0.0000
35.4000,20.6094,10.2020,1037.2660,2291.7230,22.5197,412.6575,600.0000,0.0000
35.4167,20.5898,10.1978,1305.1014,2279.9216,22.4997,411.2128,600.0000,0.0000
35.4333,20.5849,10.1937,1570.8955,2276.6673,22.5118,409.7681,600.0000,0.0000
35.4500,20.5896,10.1895,1824.8200,2278.8185,22.5446,408.3234,600.0000,0.0000
35.4667,20.6072,10.1853,2066.3716,2288.0892,22.6055,406.8787,600.0000,0.0000
35.4833,20.6348,10.1812,2284.4544,2303.0132,22.6882,405.4340,600.0000,0.0000
35.5000,20.6710,10.1770,2475.8998,2322.7227,22.7895,403.9893,600.0000,0.0000
35.5167,20.7139,10.1728,2637.1679,2346.2807,22.9057,402.5446,600.0000,0.0000
35.5333,20.7652,10.1687,2765.8578,2374.4731,23.0401,401.0999,600.0000,0.0000
35.5500,20.8195,10.1645,2855.5311,2404.4650,23.1815,399.6552,600.0000,0.0000
35.5667,20.8751,10.1603,2909.4272,2435.1636,23.3257,398.2104,600.0000,0.0000
35.5833,20.9301,10.1562,2928.7448,2465.5332,23.4687,396.7657,600.0000,0.0000
35.6000,20.9829,10.1520,2915.6510,2494.6228,23.6071,395.3210,600.0000,0.0000
35.6167,21.0320,10.1478,2873.1361,2521.5904,23.7375,393.8763,600.0000,0.0000
35.6333,20.9322,10.1437,0.0000,2462.1501,23.5429,392.4316,600.0000,0.0000
35.6500,20.8411,10.1395,108.4262,2408.3248,23.3669,390.9869,600.0000,0.0000
35.6667,20.7622,10.1353,294.9579,2362.0871,23.2176,389.5422,600.0000,0.0000
35.6833,20.6971,10.1312,516.4748,2324.0703,23.0981,388.0975,600.0000,0.0000
35.7000,20.6466,10.1270,763.3206,2294.6225,23.0105,386.6528,600.0000,0.0000
35.7167,20.6134,10.1228,1025.8372,2275.1268,22.9606,385.2081,600.0000,0.0000
35.7333,20.5938,10.1187,1291.0905,2263.4489,22.9406,383.7634,600.0000,0.0000
35.7500,20.5889,10.1145,1554.3763,2260.2221,22.9527,382.3186,600.0000,0.0000
35.7667,20.5935,10.1103,1805.9240,2262.3389,22.9856,380.8739,600.0000,0.0000
35.7833,20.6108,10.1062,2045.2529,2271.4921,23.0466,379.4292,600.0000,0.0000
35.8000,20.6382,10.1020,2261.3973,2286.2372,23.1296,377.9845,600.0000,0.0000
35.8167,20.6739,10.0978,2451.1910,2305.7176,23.2311,376.5398,600.0000,0.0000
35.8333,20.7164,10.0937,2611.1195,2329.0079,23.3477,375.0951,600.0000,0.0000
35.8500,20.7671,10.0895,2738.7967,2356.8861,23.4824,373.6504,600.0000,0.0000
35.8667,20.8209,10.0853,2827.8406,2386.5502,23.6242,372.2057,600.0000,0.0000
35.8833,20.8760,10.0812,2881.4476,2416.9200,23.7688,370.7610,600.0000,0.0000
35.9000,20.9305,10.0770,2900.7972,2446.9712,23.9124,369.3163,600.0000,0.0000
35.9167,20.9828,10.0728,2888.0289,2475.7635,24.0512,367.8716,600.0000,0.0000
35.9333,21.0314,10.0687,2846.0988,2502.4636,24.1821,366.4268,600.0000,0.0000
35.9500,20.9326,10.0645,0.0000,2443.7452,23.9874,364.9821,600.0000,0.0000
35.9667,20.8423,10.0603,107.8734,2390.5838,23.8113,363.5374,600.0000,0.0000
35.9833,20.7642,10.0562,292.7802,2344.9201,23.6619,362.0927,600.0000,0.0000
36.0000,20.6997,10.0520,512.3269,2307.3810,23.5425,360.6480,600.0000,0.0000
36.0167,20.6498,10.0503,756.9478,2278.2937,23.4009,358.5386,600.0000,0.0000
36.0333,20.6168,10.0487,1017.0699,2259.0446,23.2972,356.4292,600.0000,0.0000
36.0500,20.5975,10.0470,1279.8821,2247.5269,23.2237,354.3199,600.0000,0.0000
36.0667,20.5927,10.0453,1540.7213,2244.3546,23.1823,352.2105,600.0000,0.0000
36.0833,20.5973,10.0437,1789.9215,2246.4674,23.1614,350.1011,600.0000,0.0000
36.1000,20.6145,10.0420,2026.9967,2255.5515,23.1684,347.9917,600.0000,0.0000
36.1167,20.6416,10.0403,2241.0687,2270.1651,23.1969,345.8823,600.0000,0.0000
36.1333,20.6770,10.0387,2429.0117,2289.4608,23.2434,343.7730,600.0000,0.0000
36.1500,20.7192,10.0370,2587.3455,2312.5232,23.3043,341.6636,600.0000,0.0000
36.1667,20.7694,10.0353,2713.7079,2340.1252,23.3827,339.5542,600.0000,0.0000
36.1833,20.8228,10.0337,2801.7749,2369.4917,23.4675,337.4448,600.0000,0.0000
36.2000,20.8774,10.0320,2854.7191,2399.5542,23.5546,335.3354,600.0000,0.0000
36.2167,20.9314,10.0303,2873.7118,2429.2999,23.6401,333.2261,600.0000,0.0000
36.2333,20.9832,10.0287,2860.8766,2457.7984,23.7205,331.1167,600.0000,0.0000
36.2500,21.0314,10.0270,2819.1456,2484.2258,23.7928,329.0073,600.0000,0.0000
36.2667,20.9335,10.0253,0.0000,2426.2102,23.5490,326.8979,600.0000,0.0000
36.2833,20.8441,10.0237,106.3380,2373.6686,23.3241,324.7885,600.0000,0.0000
36.3000,20.7667,10.0220,289.3256,2328.5315,23.1257,322.6791,600.0000,0.0000
36.3167,20.7028,10.0203,506.6522,2291.4208,22.9569,320.5698,600.0000,0.0000
36.3333,20.6533,10.0187,748.8455,2262.6795,22.8193,318.4604,600.0000,0.0000
36.3500,20.6206,10.0170,1006.4299,2243.6581,22.7182,316.3510,600.0000,0.0000
36.3667,20.6014,10.0153,1266.7110,2232.2770,22.6462,314.2416,600.0000,0.0000
36.3833,20.5966,10.0137,1525.0723,2229.1442,22.6051,312.1322,600.0000,0.0000
36.4000,20.6011,10.0120,1771.9177,2231.2362,22.5838,310.0229,600.0000,0.0000
36.4167,20.6181,10.0103,2006.7769,2240.2221,22.5893,307.9135,600.0000,0.0000
36.4333,20.6449,10.0087,2218.8906,2254.6767,22.6154,305.8041,600.0000,0.0000
36.4500,20.6800,10.0070,2405.1457,2273.7631,22.6590,303.6947,600.0000,0.0000
36.4667,20.7217,10.0053,2562.0897,2296.5769,22.7164,301.5854,600.0000,0.0000
36.4833,20.7714,10.0037,2687.3776,2323.8838,22.7907,299.4760,600.0000,0.0000
36.5000,20.8243,10.0020,2774.7425,2352.9396,22.8711,297.3666,600.0000,0.0000
36.5167,20.8783,10.0003,2827.3186,2382.6881,22.9538,295.2572,600.0000,0.0000
36.5333,20.9318,9.9987,2846.2614,2412.1276,23.0349,293.1478,600.0000,0.0000
36.5500,20.9832,9.9970,2833.6694,2440.3380,23.1111,291.0384,600.0000,0.0000
36.5667,21.0309,9.9953,2792.4434,2466.5043,23.1795,288.9291,600.0000,0.0000
36.5833,20.9340,9.9937,0.0000,2409.1838,22.9438,286.8197,600.0000,0.0000
36.6000,20.8454,9.9920,105.6110,2357.2765,22.7262,284.7103,600.0000,0.0000
36.6167,20.7688,9.9903,286.9492,2312.6862,22.5342,282.6009,600.0000,0.0000
36.6333,20.7055,9.9887,502.2965,2276.0289,22.3706,280.4915,600.0000,0.0000
36.6500,20.6564,9.9870,742.2705,2247.6447,22.2370,278.3822,600.0000,0.0000
36.6667,20.6241,9.9853,997.4850,2228.8679,22.1386,276.2728,600.0000,0.0000
36.6833,20.6051,9.9837,1255.3659,2217.6450,22.0682,274.1634,600.0000,0.0000
36.7000,20.6003,9.9820,1511.3389,2214.5710,22.0275,272.0540,600.0000,0.0000
36.7167,20.6048,9.9803,1755.9015,2216.6636,22.0059,269.9446,600.0000,0.0000
36.7333,20.6216,9.9787,1988.5841,2225.5806,22.0100,267.8352,600.0000,0.0000
36.7500,20.6482,9.9770,2198.7237,2239.9055,22.0341,265.7259,600.0000,0.0000
36.7667,20.6830,9.9753,2383.2387,2258.8108,22.0749,263.6165,600.0000,0.0000
36.7833,20.7243,9.9737,2538.7088,2281.4021,22.1290,261.5071,600.0000,0.0000
36.8000,20.7736,9.9720,2662.8107,2308.4386,22.1993,259.3977,600.0000,0.0000
36.8167,20.8260,9.9703,2749.3347,2337.2043,22.2756,257.2883,600.0000,0.0000
36.8333,20.8795,9.9687,2801.3870,2366.6546,22.3539,255.1790,600.0000,0.0000
36.8500,20.9325,9.9670,2820.1128,2395.7986,22.4308,253.0696,600.0000,0.0000
36.8667,20.9834,9.9653,2807.5920,2423.7265,22.5030,250.9602,600.0000,0.0000
36.8833,21.0307,9.9637,2766.6995,2449.6321,22.5676,248.8508,600.0000,0.0000
36.9000,20.9347,9.9620,0.0000,2392.9685,22.3397,246.7414,600.0000,0.0000
36.9167,20.8469,9.9603,104.5258,2341.6495,22.1291,244.6320,600.0000,0.0000
36.9333,20.7710,9.9587,284.1753,2297.5620,21.9432,242.5227,600.0000,0.0000
36.9500,20.7082,9.9570,497.5395,2261.3167,21.7847,240.4133,600.0000,0.0000
36.9667,20.6596,9.9553,735.3226,2233.2517,21.6550,238.3039,600.0000,0.0000
36.9833,20.6275,9.9537,988.2244,2214.6879,21.5592,236.1945,600.0000,0.0000
37.0000,20.6086,9.9520,1243.7819,2203.5958,21.4902,234.0851,600.0000,0.0000
37.0167,20.6039,9.9537,1497.4627,2200.5246,21.5253,234.3594,600.0000,0.0000
37.0333,20.6083,9.9553,1739.8428,2202.5580,21.5789,234.6337,600.0000,0.0000
37.0500,20.6250,9.9570,1970.4612,2211.3336,21.6576,234.9079,600.0000,0.0000
37.0667,20.6513,9.9587,2178.7576,2225.4545,21.7560,235.1822,600.0000,0.0000
37.0833,20.6857,9.9603,2361.6698,2244.1032,21.8712,235.4564,600.0000,0.0000
37.1000,20.7267,9.9620,2515.8050,2266.3955,22.0001,235.7307,600.0000,0.0000
37.1167,20.7755,9.9637,2638.8578,2293.0813,22.1456,236.0050,600.0000,0.0000
37.1333,20.8274,9.9653,2724.6713,2321.4760,22.2978,236.2792,600.0000,0.0000
37.1500,20.8805,9.9670,2776.3195,2350.5465,22.4529,236.5535,600.0000,0.0000
37.1667,20.9330,9.9687,2794.9341,2379.3125,22.6074,236.8278,600.0000,0.0000
37.1833,20.9835,9.9703,2782.5737,2406.8739,22.7580,237.1020,600.0000,0.0000
37.2000,21.0304,9.9720,2742.0852,2432.4329,22.9018,237.3763,600.0000,0.0000
37.2167,20.9352,9.9737,0.0000,2376.3027,22.7507,237.6506,600.0000,0.0000
37.2333,20.8482,9.9753,103.6950,2325.4558,22.6158,237.9248,600.0000,0.0000
37.2500,20.7729,9.9770,281.7737,2281.7576,22.5047,238.1991,600.0000,0.0000
37.2667,20.7108,9.9787,493.2670,2245.8137,22.4202,238.4733,600.0000,0.0000
37.2833,20.6626,9.9803,728.9619,2217.9593,22.3645,238.7476,600.0000,0.0000
37.3000,20.6308,9.9820,979.6400,2199.5058,22.3428,239.0219,600.0000,0.0000
37.3167,20.6121,9.9837,1232.9485,2188.4418,22.3484,239.2961,600.0000,0.0000
37.3333,20.6074,9.9853,1484.3939,2185.3628,22.3835,239.5704,600.0000,0.0000
37.3500,20.6118,9.9870,1724.6347,2187.3380,22.4376,239.8446,600.0000,0.0000
37.3667,20.6283,9.9887,1953.2121,2195.9774,22.5176,240.1189,600.0000,0.0000
37.3833,20.6544,9.9903,2159.6536,2209.9100,22.6180,240.3932,600.0000,0.0000
37.4000,20.6885,9.9920,2340.9246,2228.3261,22.7357,240.6674,600.0000,0.0000
37.4167,20.7291,9.9937,2493.6619,2250.3502,22.8676,240.9417,600.0000,0.0000
37.4333,20.7776,9.9953,2615.5796,2276.7218,23.0166,241.2160,600.0000,0.0000
37.4500,20.8290,9.9970,2700.5728,2304.7866,23.1726,241.4902,600.0000,0.0000
37.4667,20.8817,9.9987,2751.6899,2333.5215,23.3315,241.7645,600.0000,0.0000
37.4833,20.9338,10.0003,2770.0532,2361.9565,23.4898,242.0387,600.0000,0.0000
37.5000,20.9838,10.0020,2757.7045,2389.2003,23.6440,242.3130,600.0000,0.0000
37.5167,21.0273,10.0037,2717.4669,2412.8796,23.7848,242.5873,600.0000,0.0000
37.5333,20.9331,10.0053,0.0000,2357.4018,23.6278,242.8615,600.0000,0.0000
37.5500,20.8472,10.0070,107.0236,2307.2690,23.4879,243.1358,600.0000,0.0000
37.5667,20.7730,10.0087,284.6029,2264.2291,23.3727,243.4100,600.0000,0.0000
37.5833,20.7118,10.0103,495.0392,2228.8734,23.2851,243.6843,600.0000,0.0000
37.6000,20.6644,10.0120,729.1974,2201.5265,23.2272,243.9586,600.0000,0.0000
37.6167,20.6333,10.0137,977.9452,2183.4662,23.2044,244.2328,600.0000,0.0000
37.6333,20.6151,10.0153,1229.0920,2172.7114,23.2098,244.5071,600.0000,0.0000
37.6500,20.6108,10.0170,1478.1710,2169.8054,23.2453,244.7814,600.0000,0.0000
37.6667,20.6154,10.0187,1716.0756,2171.8922,23.3005,245.0556,600.0000,0.0000
37.6833,20.6321,10.0203,1942.2725,2180.5984,23.3825,245.3299,600.0000,0.0000
37.7000,20.6582,10.0220,2146.2793,2194.5219,23.4855,245.6041,600.0000,0.0000
37.7167,20.6923,10.0237,2325.2019,2212.8587,23.6063,245.8784,600.0000,0.0000
37.7333,20.7327,10.0253,2475.7366,2234.7407,23.7415,246.1527,600.0000,0.0000
37.7500,20.7809,10.0270,2595.6486,2260.9025,23.8944,246.4269,600.0000,0.0000
37.7667,20.8320,10.0287,2678.9006,2288.7109,24.0542,246.7012,600.0000,0.0000
37.7833,20.8843,10.0303,2728.5610,2317.1539,24.2170,246.9754,600.0000,0.0000
37.8000,20.9359,10.0320,2745.7723,2345.2729,24.3790,247.2497,600.0000,0.0000
37.8167,20.9854,10.0337,2732.5853,2372.1878,24.5367,247.5240,600.0000,0.0000
37.8333,21.0285,10.0353,2691.8223,2395.5570,24.6805,247.7982,600.0000,0.0000
37.8500,20.9352,10.0370,0.0000,2340.6617,24.5173,248.0725,600.0000,0.0000
37.8667,20.8499,10.0387,103.7407,2290.9832,24.3716,248.3468,600.0000,0.0000
37.8833,20.7762,10.0403,279.0629,2248.3026,24.2512,248.6210,600.0000,0.0000
37.9000,20.7153,10.0420,487.0785,2213.2100,24.1593,248.8953,600.0000,0.0000
37.9167,20.6682,10.0437,718.7408,2186.0311,24.0979,249.1696,600.0000,0.0000
37.9333,20.6371,10.0453,965.0012,2168.0431,24.0728,249.4438,600.0000,0.0000
37.9500,20.6189,10.0470,1213.7536,2157.2812,24.0766,249.7181,600.0000,0.0000
37.9667,20.6145,10.0487,1460.5793,2154.3136,24.1117,249.9923,600.0000,0.0000
37.9833,20.6189,10.0503,1696.3724,2156.2874,24.1670,250.2666,600.0000,0.0000
38.0000,20.6353,10.0520,1920.6468,2164.7879,24.2499,250.5409,600.0000,0.0000
38.0167,20.6610,10.0512,2123.0718,2178.4942,24.3069,247.8246,600.0000,0.0000
38.0333,20.6947,10.0503,2300.7153,2196.5881,24.3819,245.1084,600.0000,0.0000
38.0500,20.7346,10.0495,2450.2870,2218.2109,24.4714,242.3922,600.0000,0.0000
38.0667,20.7823,10.0487,2569.5550,2244.0878,24.5786,239.6759,600.0000,0.0000
38.0833,20.8329,10.0478,2652.5289,2271.6167,24.6924,236.9597,600.0000,0.0000
38.1000,20.8846,10.0470,2702.2234,2299.7959,24.8087,234.2435,600.0000,0.0000
38.1167,20.9357,10.0462,2719.7543,2327.6762,24.9238,231.5273,600.0000,0.0000
38.1333,20.9848,10.0453,2707.1396,2354.3858,25.0340,228.8111,600.0000,0.0000
38.1500,21.0276,10.0445,2667.1637,2377.6012,25.1298,226.0948,600.0000,0.0000
38.1667,20.9351,10.0437,0.0000,2323.4307,24.9158,223.3786,600.0000,0.0000
38.1833,20.8507,10.0428,103.8320,2274.4465,24.7204,220.6624,600.0000,0.0000
38.2000,20.7777,10.0420,277.8102,2232.3868,24.5512,217.9462,600.0000,0.0000
38.2167,20.7175,10.0412,484.1270,2197.8341,24.4113,215.2299,600.0000,0.0000
38.2333,20.6738,10.0403,713.8201,2172.7820,24.3092,212.5137,600.0000,0.0000
38.2500,20.6428,10.0395,953.2321,2154.9645,24.2362,209.7975,600.0000,0.0000
38.2667,20.6245,10.0387,1198.4972,2144.2684,24.1923,207.0813,600.0000,0.0000
38.2833,20.6199,10.0378,1442.0789,2141.2838,24.1795,204.3650,600.0000,0.0000
38.3000,20.6239,10.0370,1674.8484,2143.1760,24.1867,201.6488,600.0000,0.0000
38.3167,20.6398,10.0362,1896.4013,2151.4910,24.2210,198.9326,600.0000,0.0000
38.3333,20.6649,10.0353,2096.6486,2164.9198,24.2763,196.2164,600.0000,0.0000
38.3500,20.6978,10.0345,2272.5890,2182.6844,24.3495,193.5001,600.0000,0.0000
38.3667,20.7371,10.0337,2420.9467,2203.9429,24.4370,190.7839,600.0000,0.0000
38.3833,20.7839,10.0328,2539.4891,2229.4112,24.5419,188.0677,600.0000,0.0000
38.4000,20.8337,10.0320,2622.2928,2256.5309,24.6535,185.3515,600.0000,0.0000
38.4167,20.8847,10.0312,2672.2840,2284.3164,24.7678,182.6353,600.0000,0.0000
38.4333,20.9351,10.0303,2690.5327,2311.8322,24.8809,179.9190,600.0000,0.0000
38.4500,20.9836,10.0295,2679.0016,2338.2186,24.9893,177.2028,600.0000,0.0000
38.4667,21.0258,10.0287,2640.4133,2361.1788,25.0836,174.4866,600.0000,0.0000
38.4833,20.9342,10.0278,0.0000,2307.6656,24.8722,171.7703,600.0000,0.0000
38.5000,20.8507,10.0270,105.3255,2259.3436,24.6793,169.0541,600.0000,0.0000
38.5167,20.7785,10.0262,278.4552,2217.8812,24.5125,166.3379,600.0000,0.0000
38.5333,20.7190,10.0253,483.5179,2183.8524,24.3746,163.6217,600.0000,0.0000
38.5500,20.6758,10.0245,711.6253,2159.2171,24.2741,160.9055,600.0000,0.0000
38.5667,20.6453,10.0237,949.2581,2141.7417,24.2024,158.1892,600.0000,0.0000
38.5833,20.6274,10.0228,1192.5733,2131.3123,24.1594,155.4730,600.0000,0.0000
38.6000,20.6229,10.0220,1434.1051,2128.4763,24.1470,152.7568,600.0000,0.0000
38.6167,20.6271,10.0212,1664.8788,2130.4642,24.1545,150.0406,600.0000,0.0000
38.6333,20.6430,10.0203,1884.4523,2138.8381,24.1887,147.3243,600.0000,0.0000
38.6500,20.6680,10.0195,2082.7670,2152.2643,24.2437,144.6081,600.0000,0.0000
38.6667,20.7008,10.0187,2256.9057,2169.9711,24.3163,141.8919,600.0000,0.0000
38.6833,20.7398,10.0178,2403.6351,2191.1241,24.4030,139.1757,600.0000,0.0000
38.7000,20.7834,10.0170,2520.7570,2214.8509,24.5002,136.4594,600.0000,0.0000
38.7167,20.8332,10.0162,2607.0943,2241.9658,24.6114,133.7432,600.0000,0.0000
38.7333,20.8841,10.0153,2657.4348,2269.7555,24.7253,131.0270,600.0000,0.0000
38.7500,20.9346,10.0145,2676.0224,2297.2858,24.8380,128.3108,600.0000,0.0000
38.7667,20.9830,10.0137,2664.8106,2323.6973,24.9461,125.5945,600.0000,0.0000
38.7833,21.0253,10.0128,2626.5140,2346.6910,25.0402,122.8783,600.0000,0.0000
38.8000,20.9344,10.0120,0.0000,2293.7399,24.8311,120.1621,600.0000,0.0000
38.8167,20.8516,10.0112,104.9237,2245.9370,24.6404,117.4459,600.0000,0.0000
38.8333,20.7800,10.0103,276.7983,2204.9262,24.4754,114.7296,600.0000,0.0000
38.8500,20.7210,10.0095,480.3366,2171.2765,24.3391,112.0134,600.0000,0.0000
38.8667,20.6783,10.0087,706.7209,2146.9264,24.2397,109.2972,600.0000,0.0000
38.8833,20.6480,10.0078,942.5420,2129.6677,24.1688,106.5810,600.0000,0.0000
38.9000,20.6302,10.0070,1183.9857,2119.3877,24.1263,103.8647,600.0000,0.0000
38.9167,20.6258,10.0062,1423.6460,2116.6173,24.1141,101.1485,600.0000,0.0000
38.9333,20.6299,10.0053,1652.6282,2118.6256,24.1215,98.4323,600.0000,0.0000
38.9500,20.6457,10.0045,1870.4875,2126.9711,24.1553,95.7161,600.0000,0.0000
38.9667,20.6706,10.0037,2067.2370,2140.3207,24.2097,92.9998,600.0000,0.0000
38.9833,20.7032,10.0028,2239.9896,2157.9100,24.2815,90.2836,600.0000,0.0000
39.0000,20.7419,10.0020,2385.5388,2178.9121,24.3673,87.5674,600.0000,0.0000
39.0167,20.7852,10.0012,2501.7049,2202.4578,24.4518,86.1908,600.0000,0.0000
39.0333,20.8345,10.0003,2587.3204,2229.3570,24.5501,84.8141,600.0000,0.0000
39.0500,20.8851,9.9995,2637.2134,2256.9195,24.6508,83.4375,600.0000,0.0000
39.0667,20.9352,9.9987,2655.5965,2284.2201,24.7503,82.0608,600.0000,0.0000
39.0833,20.9833,9.9978,2644.4090,2310.4079,24.8452,80.6842,600.0000,0.0000
39.1000,21.0252,9.9970,2606.3455,2333.2042,24.9261,79.3075,600.0000,0.0000
39.1167,20.9350,9.9962,0.0000,2280.7468,24.7080,77.9309,600.0000,0.0000
39.1333,20.8528,9.9953,103.9656,2233.3801,24.5082,76.5543,600.0000,0.0000
39.1500,20.7818,9.9945,274.4878,2192.7376,24.3339,75.1776,600.0000,0.0000
39.1667,20.7232,9.9937,476.4461,2159.3847,24.1880,73.8010,600.0000,0.0000
39.1833,20.6807,9.9928,701.0905,2135.2445,24.0785,72.4243,600.0000,0.0000
39.2000,20.6507,9.9920,935.1110,2118.1291,23.9972,71.0477,600.0000,0.0000
39.2167,20.6330,9.9912,1174.7228,2107.9277,23.9438,69.6711,600.0000,0.0000
39.2333,20.6286,9.9903,1412.5746,2105.1708,23.9203,68.2944,600.0000,0.0000
39.2500,20.6327,9.9895,1639.8314,2107.1482,23.9160,66.9178,600.0000,0.0000
39.2667,20.6484,9.9887,1856.0546,2115.4012,23.9376,65.5411,600.0000,0.0000
39.2833,20.6731,9.9878,2051.3352,2128.6138,23.9795,64.1645,600.0000,0.0000
39.3000,20.7054,9.9870,2222.8019,2146.0283,24.0383,62.7878,600.0000,0.0000
39.3167,20.7438,9.9862,2367.2698,2166.8255,24.1109,61.4112,600.0000,0.0000
39.3333,20.7868,9.9853,2482.5734,2190.1486,24.1934,60.0346,600.0000,0.0000
39.3500,20.8358,9.9845,2567.5529,2216.7990,24.2895,58.6579,600.0000,0.0000
39.3667,20.8860,9.9837,2617.0733,2244.1107,24.3880,57.2813,600.0000,0.0000
39.3833,20.9357,9.9828,2635.3145,2271.1660,24.4853,55.9046,600.0000,0.0000
39.4000,20.9834,9.9820,2624.2005,2297.1209,24.5781,54.5280,600.0000,0.0000
39.4167,21.0251,9.9812,2586.4055,2319.7164,24.6571,53.1513,600.0000,0.0000
39.4333,20.9356,9.9803,0.0000,2267.7455,24.4431,51.7747,600.0000,0.0000
39.4500,20.8540,9.9795,103.1092,2220.8144,24.2470,50.3981,600.0000,0.0000
39.4667,20.7835,9.9787,272.2969,2180.5436,24.0759,49.0214,600.0000,0.0000
39.4833,20.7254,9.9778,472.6853,2147.4939,23.9325,47.6448,600.0000,0.0000
39.5000,20.6832,9.9770,695.5929,2123.5721,23.8249,46.2681,600.0000,0.0000
39.5167,20.6534,9.9762,927.8113,2106.6108,23.7449,44.8915,600.0000,0.0000
39.5333,20.6359,9.9753,1165.5850,2096.5006,23.6922,43.5149,600.0000,0.0000
39.5500,20.6315,9.9745,1401.6188,2093.7682,23.6689,42.1382,600.0000,0.0000
39.5667,20.6356,9.9737,1627.1410,2095.7278,23.6644,40.7616,600.0000,0.0000
39.5833,20.6511,9.9728,1841.7180,2103.9069,23.6853,39.3849,600.0000,0.0000
39.6000,20.6756,9.9720,2035.5187,2117.0019,23.7261,38.0083,600.0000,0.0000
39.6167,20.7076,9.9712,2205.6903,2134.2623,23.7835,36.6316,600.0000,0.0000
39.6333,20.7457,9.9703,2349.0706,2154.8762,23.8543,35.2550,600.0000,0.0000
39.6500,20.7884,9.9695,2463.5092,2177.9947,23.9350,33.8784,600.0000,0.0000
39.6667,20.8370,9.9687,2547.8537,2204.4123,24.0288,32.5017,600.0000,0.0000
39.6833,20.8868,9.9678,2597.0069,2231.4867,24.1251,31.1251,600.0000,0.0000
39.7000,20.9362,9.9670,2615.1156,2258.3084,24.2203,29.7484,600.0000,0.0000
39.7167,20.9835,9.9662,2604.0883,2284.0408,24.3109,28.3718,600.0000,0.0000
39.7333,21.0249,9.9653,2566.5783,2306.4442,24.3881,26.9951,600.0000,0.0000
39.7500,20.9361,9.9645,0.0000,2254.9615,24.1781,25.6185,600.0000,0.0000
39.7667,20.8551,9.9637,102.3076,2208.4687,23.9856,24.2419,600.0000,0.0000
39.7833,20.7852,9.9628,270.1953,2168.5724,23.8176,22.8652,600.0000,0.0000
39.8000,20.7275,9.9620,469.0510,2135.8295,23.6768,21.4886,600.0000,0.0000
39.8167,20.6856,9.9612,690.2602,2112.1301,23.5710,20.1119,600.0000,0.0000
39.8333,20.6560,9.9603,920.7147,2095.3276,23.4923,18.7353,600.0000,0.0000
39.8500,20.6386,9.9595,1156.6881,2085.3144,23.4404,17.3587,600.0000,0.0000
39.8667,20.6342,9.9587,1390.9399,2082.6114,23.4172,15.9820,600.0000,0.0000
39.8833,20.6383,9.9578,1614.7617,2084.5585,23.4125,14.6054,600.0000,0.0000
39.9000,20.6537,9.9570,1827.7241,2092.6717,23.4328,13.2287,600.0000,0.0000
39.9167,20.6780,9.9562,2020.0724,2105.6576,23.4724,11.8521,600.0000,0.0000
39.9333,20.7098,9.9553,2188.9720,2122.7727,23.5284,10.4754,600.0000,0.0000
39.9500,20.7476,9.9545,2331.2839,2143.2124,23.5975,9.0988,600.0000,0.0000
39.9667,20.7900,9.9537,2444.8723,2166.1353,23.6763,7.7222,600.0000,0.0000
39.9833,20.8382,9.9528,2528.5925,2192.3298,23.7681,6.3455,600.0000,0.0000
40.0000,20.8877,9.9520,2577.3845,2219.1764,23.8622,4.9689,600.0000,0.0000
40.0167,20.9366,9.9520,2595.3626,2245.7594,24.0027,4.8861,600.0000,0.0000
40.0333,20.9837,9.9520,2584.4232,2271.2584,24.1393,4.8032,600.0000,0.0000
40.0500,21.0247,9.9520,2547.1996,2293.4541,24.2630,4.7204,600.0000,0.0000
40.0667,20.9365,9.9520,0.0000,2242.4219,24.1032,4.6376,600.0000,0.0000
40.0833,20.8562,9.9520,101.5525,2196.3283,23.9601,4.5548,600.0000,0.0000
40.1000,20.7867,9.9520,268.1911,2156.7667,23.8405,4.4720,600.0000,0.0000
40.1167,20.7295,9.9520,465.5735,2124.2904,23.7473,4.3892,600.0000,0.0000
40.1333,20.6880,9.9520,685.1504,2100.7751,23.6885,4.3064,600.0000,0.0000
40.1500,20.6586,9.9520,913.9103,2084.0929,23.6564,4.2235,600.0000,0.0000
40.1667,20.6413,9.9520,1148.1544,2074.1380,23.6509,4.1407,600.0000,0.0000
40.1833,20.6369,9.9520,1380.6955,2071.4327,23.6740,4.0579,600.0000,0.0000
40.2000,20.6409,9.9520,1602.8857,2073.3350,23.7156,3.9751,600.0000,0.0000
40.2167,20.6562,9.9520,1814.3004,2081.3414,23.7824,3.8923,600.0000,0.0000
40.2333,20.6803,9.9520,2005.2581,2094.1774,23.8689,3.8095,600.0000,0.0000
40.2500,20.7119,9.9520,2172.9417,2111.1059,23.9722,3.7267,600.0000,0.0000
40.2667,20.7495,9.9520,2314.2336,2131.3295,24.0891,3.6438,600.0000,0.0000
40.2833,20.7915,9.9520,2427.0122,2154.0141,24.2162,3.5610,600.0000,0.0000
40.3000,20.8394,9.9520,2510.1398,2179.9393,24.3568,3.4782,600.0000,0.0000
40.3167,20.8884,9.9520,2558.5915,2206.5106,24.5003,3.3954,600.0000,0.0000
40.3333,20.9371,9.9520,2576.4502,2232.8343,24.6430,3.3126,600.0000,0.0000
40.3500,20.9808,9.9520,2565.5945,2256.5048,24.7752,3.2298,600.0000,0.0000
40.3667,21.0219,9.9520,2533.3438,2278.6592,24.9016,3.1470,600.0000,0.0000
40.3833,20.9344,9.9520,0.0000,2228.1098,24.7385,3.0641,600.0000,0.0000
40.4000,20.8550,9.9520,104.8989,2182.5702,24.5928,2.9813,600.0000,0.0000
40.4167,20.7864,9.9520,271.3980,2143.5281,24.4712,2.8985,600.0000,0.0000
40.4333,20.7299,9.9520,468.1737,2111.5246,24.3767,2.8157,600.0000,0.0000
40.4500,20.6890,9.9520,686.7331,2088.3999,24.3172,2.7329,600.0000,0.0000
40.4667,20.6602,9.9520,914.1998,2072.0517,24.2849,2.6501,600.0000,0.0000
40.4833,20.6434,9.9520,1146.8839,2062.3698,24.2797,2.5673,600.0000,0.0000
40.5000,20.6393,9.9520,1377.6627,2059.8265,24.3034,2.4844,600.0000,0.0000
40.5167,20.6436,9.9520,1598.0962,2061.8451,24.3461,2.4016,600.0000,0.0000
40.5333,20.6591,9.9520,1807.6870,2069.9432,24.4144,2.3188,600.0000,0.0000
40.5500,20.6833,9.9520,1996.7226,2082.8116,24.5028,2.2360,600.0000,0.0000
40.5667,20.7149,9.9520,2162.5158,2099.7168,24.6082,2.1532,600.0000,0.0000
40.5833,20.7524,9.9520,2302.0001,2119.8659,24.7273,2.0704,600.0000,0.0000
40.6000,20.7942,9.9520,2413.0988,2142.4306,24.8567,1.9876,600.0000,0.0000
40.6167,20.8419,9.9520,2494.7121,2168.1865,24.9998,1.9047,600.0000,0.0000
40.6333,20.8907,9.9520,2541.8679,2194.5559,25.1457,1.8219,600.0000,0.0000
40.6500,20.9390,9.9520,2558.6607,2220.6536,25.2908,1.7391,600.0000,0.0000
40.6667,20.9824,9.9520,2546.9822,2244.0979,25.4249,1.6563,600.0000,0.0000
40.6833,21.0231,9.9520,2514.1206,2266.0178,25.5530,1.5735,600.0000,0.0000
40.7000,20.9363,9.9520,0.0000,2215.8874,25.3864,1.4907,600.0000,0.0000
40.7167,20.8572,9.9520,101.9579,2170.6591,25.2373,1.4078,600.0000,0.0000
40.7333,20.7890,9.9520,266.6492,2131.8565,25.1128,1.3250,600.0000,0.0000
40.7500,20.7327,9.9520,461.5259,2100.0206,25.0156,1.2422,600.0000,0.0000
40.7667,20.6920,9.9520,678.1617,2076.9876,24.9543,1.1594,600.0000,0.0000
40.7833,20.6632,9.9520,903.7533,2060.6696,24.9205,1.0766,600.0000,0.0000
40.8000,20.6463,9.9520,1134.6475,2050.9608,24.9143,0.9938,600.0000,0.0000
40.8167,20.6421,9.9520,1363.7671,2048.3567,24.9378,0.9110,600.0000,0.0000
40.8333,20.6462,9.9520,1582.6551,2050.2781,24.9804,0.8281,600.0000,0.0000
40.8500,20.6614,9.9520,1790.8580,2058.2086,25.0493,0.7453,600.0000,0.0000
40.8667,20.6853,9.9520,1978.7881,2070.8781,25.1385,0.6625,600.0000,0.0000
40.8833,20.7165,9.9520,2143.7179,2087.5611,25.2451,0.5797,600.0000,0.0000
40.9000,20.7536,9.9520,2282.5865,2107.4728,25.3657,0.4969,600.0000,0.0000
40.9167,20.7951,9.9520,2393.3160,2129.7930,25.4968,0.4141,600.0000,0.0000
40.9333,20.8424,9.9520,2474.7973,2155.2886,25.6420,0.3313,600.0000,0.0000
40.9500,20.8908,9.9520,2522.0843,2181.4080,25.7901,0.2484,600.0000,0.0000
40.9667,20.9387,9.9520,2539.2193,2207.2729,25.9373,0.1656,600.0000,0.0000
40.9833,20.9818,9.9520,2528.0658,2230.5209,26.0735,0.0828,600.0000,0.0000
41.0000,21.0030,9.9520,2495.8483,2241.4055,26.1580,0.0000,200.0000,0.0000
41.0167,20.8969,9.9512,0.0000,2180.6588,25.9550,0.0000,200.0000,0.0000
41.0333,20.8023,9.9503,165.0243,2127.0732,25.7785,0.0000,200.0000,0.0000
41.0500,20.7214,9.9495,378.2412,2081.6179,25.6339,0.0000,200.0000,0.0000
41.0667,20.6556,9.9487,626.2994,2044.8610,25.5246,0.0000,200.0000,0.0000
41.0833,20.6056,9.9478,898.7738,2017.0793,25.4528,0.0000,200.0000,0.0000
41.1000,20.5740,9.9470,1185.3166,1999.4570,25.4243,0.0000,200.0000,0.0000
41.1167,20.5570,9.9462,1472.5660,1989.9090,25.4309,0.0000,200.0000,0.0000
41.1333,20.5548,9.9453,1755.3067,1988.4714,25.4727,0.0000,200.0000,0.0000
41.1500,20.5627,9.9445,2024.6479,1992.5181,25.5387,0.0000,200.0000,0.0000
41.1667,20.5849,9.9437,2279.2096,2004.3141,25.6395,0.0000,200.0000,0.0000
41.1833,20.6175,9.9428,2506.0502,2021.7365,25.7656,0.0000,200.0000,0.0000
41.2000,20.6587,9.9420,2702.9833,2043.8717,25.9129,0.0000,200.0000,0.0000
41.2167,20.7100,9.9412,2866.5379,2071.4718,26.0849,0.0000,200.0000,0.0000
41.2333,20.7661,9.9403,2989.3013,2101.7743,26.2692,0.0000,200.0000,0.0000
41.2500,20.8250,9.9395,3073.4968,2133.6287,26.4607,0.0000,200.0000,0.0000
41.2667,20.8846,9.9387,3119.5919,2165.9168,26.6545,0.0000,200.0000,0.0000
41.2833,20.9431,9.9378,3129.1931,2197.5843,26.8460,0.0000,200.0000,0.0000
41.3000,20.9986,9.9370,3104.9048,2227.6695,27.0309,0.0000,200.0000,0.0000
41.3167,21.0498,9.9362,3050.1675,2255.3278,27.2057,0.0000,200.0000,0.0000
41.3333,20.9429,9.9353,0.0000,2193.9254,26.9929,0.0000,200.0000,0.0000
41.3500,20.8438,9.9345,91.3502,2137.6317,26.7984,0.0000,200.0000,0.0000
41.3667,20.7575,9.9337,284.1557,2089.0298,26.6346,0.0000,200.0000,0.0000
41.3833,20.6856,9.9328,515.9684,2048.8168,26.5055,0.0000,200.0000,0.0000
41.4000,20.6291,9.9320,776.5317,2017.3937,26.4141,0.0000,200.0000,0.0000
41.4167,20.5912,9.9312,1055.5204,1996.2931,26.3681,0.0000,200.0000,0.0000
41.4333,20.5679,9.9303,1338.7814,1983.2774,26.3581,0.0000,200.0000,0.0000
41.4500,20.5609,9.9295,1621.3610,1979.2367,26.3884,0.0000,200.0000,0.0000
41.4667,20.5641,9.9287,1891.8367,1980.7558,26.4440,0.0000,200.0000,0.0000
41.4833,20.5806,9.9278,2150.1721,1989.4380,26.5330,0.0000,200.0000,0.0000
41.5000,20.6081,9.9270,2385.2643,2004.0328,26.6493,0.0000,200.0000,0.0000
41.5167,20.6448,9.9262,2592.9870,2023.6827,26.7892,0.0000,200.0000,0.0000
41.5333,20.6921,9.9253,2769.3664,2049.0444,26.9557,0.0000,200.0000,0.0000
41.5500,20.7451,9.9245,2906.8678,2077.5719,27.1372,0.0000,200.0000,0.0000
41.5667,20.8018,9.9237,3006.8036,2108.1364,27.3283,0.0000,200.0000,0.0000
41.5833,20.8601,9.9228,3069.0734,2139.6253,27.5240,0.0000,200.0000,0.0000
41.6000,20.9180,9.9220,3094.7481,2170.9751,27.7194,0.0000,200.0000,0.0000
41.6167,20.9739,9.9212,3085.9428,2201.2000,27.9102,0.0000,200.0000,0.0000
41.6333,21.0262,9.9203,3045.6667,2229.4188,28.0922,0.0000,200.0000,0.0000
41.6500,20.9206,9.9195,0.0000,2168.9523,27.8743,0.0000,200.0000,0.0000
41.6667,20.8246,9.9187,127.0718,2114.5600,27.6800,0.0000,200.0000,0.0000
41.6833,20.7416,9.9178,328.3706,2067.9976,27.5182,0.0000,200.0000,0.0000
41.7000,20.6733,9.9170,566.2923,2029.8906,27.3929,0.0000,200.0000,0.0000
41.7167,20.6206,9.9162,830.5829,2000.5741,27.3068,0.0000,200.0000,0.0000
41.7333,20.5861,9.9153,1110.9924,1981.3939,27.2669,0.0000,200.0000,0.0000
41.7500,20.5661,9.9145,1393.8761,1970.2099,27.2640,0.0000,200.0000,0.0000
41.7667,20.5615,9.9137,1674.1913,1967.4847,27.3004,0.0000,200.0000,0.0000
41.7833,20.5670,9.9128,1941.8620,1970.2249,27.3626,0.0000,200.0000,0.0000
41.8000,20.5862,9.9120,2196.1866,1980.3406,27.4603,0.0000,200.0000,0.0000
41.8167,20.6160,9.9112,2425.2430,1996.1676,27.5854,0.0000,200.0000,0.0000
41.8333,20.6546,9.9103,2625.8974,2016.8299,27.7337,0.0000,200.0000,0.0000
41.8500,20.7035,9.9095,2794.4562,2043.0240,27.9088,0.0000,200.0000,0.0000
41.8667,20.7576,9.9087,2923.5053,2072.1243,28.0980,0.0000,200.0000,0.0000
41.8833,20.8149,9.9078,3014.7961,2103.0029,28.2960,0.0000,200.0000,0.0000
41.9000,20.8734,9.9070,3068.5093,2134.5559,28.4975,0.0000,200.0000,0.0000
41.9167,20.9312,9.9062,3085.9718,2165.7350,28.6976,0.0000,200.0000,0.0000
41.9333,20.9865,9.9053,3069.5233,2195.5764,28.8919,0.0000,200.0000,0.0000
41.9500,21.0378,9.9045,3022.3621,2223.2257,29.0763,0.0000,200.0000,0.0000
41.9667,20.9324,9.9037,0.0000,2162.9436,28.8509,0.0000,200.0000,0.0000
41.9833,20.8357,9.9028,108.1555,2108.1861,28.6474,0.0000,200.0000,0.0000
42.0000,20.7415,9.9020,303.5042,2055.4392,28.4497,0.0000,0.0000,0.0000
42.0167,20.6628,9.9045,552.8105,2011.6993,28.2428,0.0000,0.0000,0.0000
42.0333,20.6008,9.9070,833.8068,1977.4310,28.0796,0.0000,0.0000,0.0000
42.0500,20.5589,9.9095,1135.3079,1954.3130,27.9692,0.0000,0.0000,0.0000
42.0667,20.5329,9.9120,1441.8769,1939.9131,27.9005,0.0000,0.0000,0.0000
42.0833,20.5247,9.9145,1748.1752,1935.2728,27.8786,0.0000,0.0000,0.0000
42.1000,20.5276,9.9170,2041.5104,1936.6338,27.8859,0.0000,0.0000,0.0000
42.1167,20.5449,9.9195,2322.0037,1945.6634,27.9309,0.0000,0.0000,0.0000
42.1333,20.5740,9.9220,2577.8384,1961.1046,28.0072,0.0000,0.0000,0.0000
42.1500,20.6133,9.9245,2804.3036,1982.0440,28.1103,0.0000,0.0000,0.0000
42.1667,20.6641,9.9270,2997.0271,2009.1889,28.2436,0.0000,0.0000,0.0000
42.1833,20.7212,9.9295,3147.8218,2039.8184,28.3936,0.0000,0.0000,0.0000
42.2000,20.7824,9.9320,3257.9987,2072.7192,28.5545,0.0000,0.0000,0.0000
42.2167,20.8454,9.9345,3327.3796,2106.6920,28.7204,0.0000,0.0000,0.0000
42.2333,20.9083,9.9370,3357.0610,2140.5865,28.8857,0.0000,0.0000,0.0000
42.2500,20.9689,9.9395,3349.2779,2173.3330,29.0454,0.0000,0.0000,0.0000
42.2667,21.0258,9.9420,3307.2428,2203.9717,29.1951,0.0000,0.0000,0.0000
42.2833,20.9111,9.9445,0.0000,2138.6166,28.8927,0.0000,0.0000,0.0000
42.3000,20.8071,9.9470,142.2615,2079.9874,28.6182,0.0000,0.0000,0.0000
42.3167,20.7173,9.9495,362.0523,2029.8780,28.3813,0.0000,0.0000,0.0000
42.3333,20.6435,9.9520,621.3924,1988.9439,28.1862,0.0000,0.0000,0.0000
42.3500,20.5865,9.9545,909.1397,1957.5284,28.0356,0.0000,0.0000,0.0000
42.3667,20.5494,9.9570,1214.1620,1937.0516,27.9372,0.0000,0.0000,0.0000
42.3833,20.5280,9.9595,1521.6809,1925.2096,27.8805,0.0000,0.0000,0.0000
42.4000,20.5233,9.9620,1826.2028,1922.4363,27.8676,0.0000,0.0000,0.0000
42.4167,20.5295,9.9645,2116.9175,1925.5601,27.8836,0.0000,0.0000,0.0000
42.4333,20.5507,9.9670,2392.9864,1936.6994,27.9392,0.0000,0.0000,0.0000
42.4500,20.5834,9.9695,2641.3522,1953.9961,28.0250,0.0000,0.0000,0.0000
42.4667,20.6256,9.9720,2858.7143,1976.5056,28.1363,0.0000,0.0000,0.0000
42.4833,20.6789,9.9745,3041.0842,2004.9966,28.2768,0.0000,0.0000,0.0000
42.5000,20.7379,9.9770,3180.4091,2036.6187,28.4325,0.0000,0.0000,0.0000
42.5167,20.8004,9.9795,3278.6412,2070.1531,28.5973,0.0000,0.0000,0.0000
42.5333,20.8640,9.9820,3336.0075,2104.4060,28.7653,0.0000,0.0000,0.0000
42.5500,20.9268,9.9845,3353.9799,2138.2423,28.9312,0.0000,0.0000,0.0000
42.5667,20.9868,9.9870,3335.1291,2170.6174,29.0899,0.0000,0.0000,0.0000
42.5833,21.0426,9.9895,3282.9565,2200.6048,29.2372,0.0000,0.0000,0.0000
42.6000,20.9281,9.9920,0.0000,2135.3493,28.9340,0.0000,0.0000,0.0000
42.6167,20.8228,9.9945,115.1100,2076.0441,28.6550,0.0000,0.0000,0.0000
42.6333,20.7314,9.9970,326.6865,2025.0563,28.4128,0.0000,0.0000,0.0000
42.6500,20.6557,9.9995,579.1706,1983.0866,28.2118,0.0000,0.0000,0.0000
42.6667,20.5966,10.0020,861.5247,1950.5223,28.0548,0.0000,0.0000,0.0000
42.6833,20.5573,10.0045,1162.6674,1928.9020,27.9503,0.0000,0.0000,0.0000
42.7000,20.5337,10.0070,1467.5900,1915.8788,27.8874,0.0000,0.0000,0.0000
42.7167,20.5273,10.0095,1770.9144,1912.1898,27.8699,0.0000,0.0000,0.0000
42.7333,20.5318,10.0120,2060.9533,1914.3969,27.8814,0.0000,0.0000,0.0000
42.7500,20.5509,10.0145,2337.3580,1924.3724,27.9315,0.0000,0.0000,0.0000
42.7667,20.5815,10.0170,2587.7859,1940.5785,28.0123,0.0000,0.0000,0.0000
42.7833,20.6220,10.0195,2808.2455,1962.0951,28.1193,0.0000,0.0000,0.0000
42.8000,20.6736,10.0220,2994.5803,1989.6536,28.2560,0.0000,0.0000,0.0000
42.8167,20.7313,10.0245,3138.7226,2020.4946,28.4087,0.0000,0.0000,0.0000
42.8333,20.7927,10.0270,3242.2864,2053.4131,28.5713,0.0000,0.0000,0.0000
42.8500,20.8556,10.0295,3305.2916,2087.2231,28.7381,0.0000,0.0000,0.0000
42.8667,20.9180,10.0320,3329.0098,2120.7918,28.9036,0.0000,0.0000,0.0000
42.8833,20.9780,10.0345,3315.8244,2153.0711,29.0627,0.0000,0.0000,0.0000
42.9000,21.0339,10.0370,3269.0675,2183.1257,29.2111,0.0000,0.0000,0.0000
42.9167,20.9203,10.0395,0.0000,2118.5222,28.9089,0.0000,0.0000,0.0000
42.9333,20.8165,10.0420,127.5747,2060.1835,28.6327,0.0000,0.0000,0.0000
42.9500,20.7267,10.0445,341.4257,2010.1697,28.3936,0.0000,0.0000,0.0000
42.9667,20.6525,10.0470,595.1747,1969.1529,28.1959,0.0000,0.0000,0.0000
42.9833,20.5950,10.0495,877.8265,1937.4960,28.0423,0.0000,0.0000,0.0000
43.0000,20.4939,10.0520,0.0000,1882.6029,27.7729,0.0000,0.0000,0.0000
43.0167,20.3957,10.0545,0.0000,1829.7995,27.4822,0.0000,0.0000,0.0000
43.0333,20.3001,10.0570,0.0000,1778.9755,27.1990,0.0000,0.0000,0.0000
43.0500,20.2072,10.0595,0.0000,1730.0311,26.9232,0.0000,0.0000,0.0000
43.0667,20.1168,10.0620,0.0000,1682.8747,26.6545,0.0000,0.0000,0.0000
43.0833,20.0287,10.0645,0.0000,1637.4218,26.3926,0.0000,0.0000,0.0000
43.1000,19.9431,10.0670,0.0000,1593.5936,26.1373,0.0000,0.0000,0.0000
43.1167,19.8596,10.0695,0.0000,1551.3169,25.8883,0.0000,0.0000,0.0000
43.1333,19.7784,10.0720,0.0000,1510.5225,25.6455,0.0000,0.0000,0.0000
43.1500,19.6992,10.0745,0.0000,1471.1460,25.4086,0.0000,0.0000,0.0000
43.1667,19.6220,10.0770,0.0000,1433.1261,25.1774,0.0000,0.0000,0.0000
43.1833,19.5469,10.0795,0.0000,1396.4055,24.9516,0.0000,0.0000,0.0000
43.2000,19.4736,10.0820,0.0000,1360.9297,24.7312,0.0000,0.0000,0.0000
43.2167,19.4021,10.0845,0.0000,1326.6473,24.5160,0.0000,0.0000,0.0000
43.2333,19.3324,10.0870,0.0000,1293.5095,24.3057,0.0000,0.0000,0.0000
43.2500,19.2644,10.0895,0.0000,1261.4702,24.1002,0.0000,0.0000,0.0000
43.2667,19.1980,10.0920,0.0000,1230.4855,23.8994,0.0000,0.0000,0.0000
43.2833,19.1333,10.0945,0.0000,1200.5138,23.7031,0.0000,0.0000,0.0000
43.3000,19.0700,10.0970,0.0000,1171.5157,23.5111,0.0000,0.0000,0.0000
43.3167,19.0083,10.0995,0.0000,1143.4534,23.3233,0.0000,0.0000,0.0000
43.3333,18.9480,10.1020,0.0000,1116.2914,23.1396,0.0000,0.0000,0.0000
43.3500,18.8892,10.1045,0.0000,1089.9956,22.9598,0.0000,0.0000,0.0000
43.3667,18.8317,10.1070,0.0000,1064.5337,22.7838,0.0000,0.0000,0.0000
43.3833,18.7755,10.1095,0.0000,1039.8749,22.6116,0.0000,0.0000,0.0000
43.4000,18.7205,10.1120,0.0000,1015.9900,22.4429,0.0000,0.0000,0.0000
43.4167,18.6668,10.1145,0.0000,992.8511,22.2777,0.0000,0.0000,0.0000
43.4333,18.6143,10.1170,0.0000,970.4316,22.1158,0.0000,0.0000,0.0000
43.4500,18.5630,10.1195,0.0000,948.7064,21.9572,0.0000,0.0000,0.0000
43.4667,18.5128,10.1220,0.0000,927.6515,21.8018,0.0000,0.0000,0.0000
43.4833,18.4636,10.1245,0.0000,907.2442,21.6494,0.0000,0.0000,0.0000
43.5000,18.4156,10.1270,0.0000,887.4627,21.5000,0.0000,0.0000,0.0000
43.5167,18.3685,10.1295,0.0000,868.2868,21.3535,0.0000,0.0000,0.0000
43.5333,18.3254,10.1320,0.0000,850.8649,21.2173,0.0000,0.0000,0.0000
43.5500,18.2831,10.1345,0.0000,833.9426,21.0835,0.0000,0.0000,0.0000
43.5667,18.2416,10.1370,0.0000,817.5058,20.9520,0.0000,0.0000,0.0000
43.5833,18.2009,10.1395,0.0000,801.5409,20.8228,0.0000,0.0000,0.0000
43.6000,18.1610,10.1420,0.0000,786.0358,20.6958,0.0000,0.0000,0.0000
43.6167,18.1218,10.1445,0.0000,770.9791,20.5709,0.0000,0.0000,0.0000
43.6333,18.0834,10.1470,0.0000,756.3610,20.4480,0.0000,0.0000,0.0000
43.6500,18.0457,10.1495,0.0000,742.1729,20.3272,0.0000,0.0000,0.0000
43.6667,18.0086,10.1520,0.0000,728.4081,20.2083,0.0000,0.0000,0.0000
43.6833,17.9723,10.1545,0.0000,715.0624,20.0913,0.0000,0.0000,0.0000
43.7000,17.9366,10.1570,0.0000,702.1355,19.9761,0.0000,0.0000,0.0000
43.7167,17.9015,10.1595,0.0000,689.6334,19.8627,0.0000,0.0000,0.0000
43.7333,17.8670,10.1620,0.0000,677.5759,19.7511,0.0000,0.0000,0.0000
43.7500,17.8331,10.1645,0.0000,666.0272,19.6410,0.0000,0.0000,0.0000
43.7667,17.7997,10.1670,0.0000,654.6786,19.5326,0.0000,0.0000,0.0000
43.7833,17.7669,10.1695,0.0000,642.7100,19.4258,0.0000,0.0000,0.0000
43.8000,17.7348,10.1720,0.0000,630.6149,19.3208,0.0000,0.0000,0.0000
43.8167,17.7032,10.1745,0.0000,618.5255,19.2174,0.0000,0.0000,0.0000
43.8333,17.6723,10.1770,0.0000,606.5060,19.1157,0.0000,0.0000,0.0000
43.8500,17.6419,10.1795,0.0000,594.5947,19.0157,0.0000,0.0000,0.0000
43.8667,17.6122,10.1820,0.0000,582.8170,18.9174,0.0000,0.0000,0.0000
43.8833,17.5830,10.1845,0.0000,571.1907,18.8206,0.0000,0.0000,0.0000
43.9000,17.5544,10.1870,0.0000,559.7284,18.7255,0.0000,0.0000,0.0000
43.9167,17.5263,10.1895,0.0000,548.4391,18.6319,0.0000,0.0000,0.0000
43.9333,17.4988,10.1920,0.0000,537.3294,18.5398,0.0000,0.0000,0.0000
43.9500,17.4718,10.1945,0.0000,526.4040,18.4493,0.0000,0.0000,0.0000
43.9667,17.4454,10.1970,0.0000,515.6662,18.3602,0.0000,0.0000,0.0000
43.9833,17.4195,10.1995,0.0000,505.1178,18.2727,0.0000,0.0000,0.0000
44.0000,17.3942,10.2020,0.0000,494.7600,18.1865,0.0000,0.0000,0.0000
44.0167,17.3693,10.2037,0.0000,484.6005,18.1027,0.0000,0.0000,0.0000
44.0333,17.3449,10.2053,0.0000,474.6315,18.0203,0.0000,0.0000,0.0000
44.0500,17.3210,10.2070,0.0000,464.8523,17.9392,0.0000,0.0000,0.0000
44.0667,17.2976,10.2087,0.0000,455.2617,17.8594,0.0000,0.0000,0.0000
44.0833,17.2747,10.2103,0.0000,445.8583,17.7810,0.0000,0.0000,0.0000
44.1000,17.2522,10.2120,0.0000,436.6402,17.7038,0.0000,0.0000,0.0000
44.1167,17.2302,10.2137,0.0000,427.6054,17.6278,0.0000,0.0000,0.0000
44.1333,17.2086,10.2153,0.0000,418.7518,17.5531,0.0000,0.0000,0.0000
44.1500,17.1874,10.2170,0.0000,410.0770,17.4796,0.0000,0.0000,0.0000
44.1667,17.1667,10.2187,0.0000,401.5785,17.4073,0.0000,0.0000,0.0000
44.1833,17.1464,10.2203,0.0000,393.2536,17.3361,0.0000,0.0000,0.0000
44.2000,17.1265,10.2220,0.0000,385.0999,17.2660,0.0000,0.0000,0.0000
44.2167,17.1070,10.2237,0.0000,377.1144,17.1971,0.0000,0.0000,0.0000
44.2333,17.0879,10.2253,0.0000,369.2944,17.1292,0.0000,0.0000,0.0000
44.2500,17.0691,10.2270,0.0000,361.6371,17.0623,0.0000,0.0000,0.0000
44.2667,17.0508,10.2287,0.0000,354.1397,16.9965,0.0000,0.0000,0.0000
44.2833,17.0328,10.2303,0.0000,346.7993,16.9317,0.0000,0.0000,0.0000
44.3000,17.0151,10.2320,0.0000,339.6129,16.8679,0.0000,0.0000,0.0000
44.3167,16.9979,10.2337,0.0000,332.5778,16.8051,0.0000,0.0000,0.0000
44.3333,16.9809,10.2353,0.0000,325.6911,16.7432,0.0000,0.0000,0.0000
44.3500,16.9643,10.2370,0.0000,318.9499,16.6822,0.0000,0.0000,0.0000
44.3667,16.9480,10.2387,0.0000,312.3514,16.6221,0.0000,0.0000,0.0000
44.3833,16.9321,10.2403,0.0000,305.8927,16.5629,0.0000,0.0000,0.0000
44.4000,16.9164,10.2420,0.0000,299.5712,16.5046,0.0000,0.0000,0.0000
44.4167,16.9011,10.2437,0.0000,293.3841,16.4471,0.0000,0.0000,0.0000
44.4333,16.8861,10.2453,0.0000,287.3286,16.3905,0.0000,0.0000,0.0000
44.4500,16.8714,10.2470,0.0000,281.4021,16.3347,0.0000,0.0000,0.0000
44.4667,16.8569,10.2487,0.0000,275.6018,16.2796,0.0000,0.0000,0.0000
44.4833,16.8428,10.2503,0.0000,269.9253,16.2254,0.0000,0.0000,0.0000
44.5000,16.8289,10.2520,0.0000,264.3698,16.1719,0.0000,0.0000,0.0000
44.5167,16.8153,10.2537,0.0000,258.9330,16.1191,0.0000,0.0000,0.0000
44.5333,16.8019,10.2553,0.0000,253.6122,16.0671,0.0000,0.0000,0.0000
44.5500,16.7889,10.2570,0.0000,248.4051,16.0157,0.0000,0.0000,0.0000
44.5667,16.7790,10.2587,0.0000,244.4677,15.9723,0.0000,0.0000,0.0000
44.5833,16.7692,10.2603,0.0000,240.5955,15.9293,0.0000,0.0000,0.0000
44.6000,16.7596,10.2620,0.0000,236.7874,15.8867,0.0000,0.0000,0.0000
44.6167,16.7502,10.2637,0.0000,233.0424,15.8445,0.0000,0.0000,0.0000
44.6333,16.7409,10.2653,0.0000,229.3593,15.8027,0.0000,0.0000,0.0000
44.6500,16.7317,10.2670,0.0000,225.7371,15.7612,0.0000,0.0000,0.0000
44.6667,16.7226,10.2687,0.0000,222.1748,15.7202,0.0000,0.0000,0.0000
44.6833,16.7137,10.2703,0.0000,218.6714,15.6796,0.0000,0.0000,0.0000
44.7000,16.7050,10.2720,0.0000,215.2258,15.6393,0.0000,0.0000,0.0000
44.7167,16.6963,10.2737,0.0000,211.8371,15.5994,0.0000,0.0000,0.0000
44.7333,16.6878,10.2753,0.0000,208.5043,15.5599,0.0000,0.0000,0.0000
44.7500,16.6794,10.2770,0.0000,205.2266,15.5207,0.0000,0.0000,0.0000
44.7667,16.6712,10.2787,0.0000,202.0029,15.4819,0.0000,0.0000,0.0000
44.7833,16.6630,10.2803,0.0000,198.8323,15.4434,0.0000,0.0000,0.0000
44.8000,16.6550,10.2820,0.0000,195.7140,15.4052,0.0000,0.0000,0.0000
44.8167,16.6471,10.2837,0.0000,192.6471,15.3674,0.0000,0.0000,0.0000
44.8333,16.6393,10.2853,0.0000,189.6307,15.3299,0.0000,0.0000,0.0000
44.8500,16.6316,10.2870,0.0000,186.6639,15.2928,0.0000,0.0000,0.0000
44.8667,16.6241,10.2887,0.0000,183.7460,15.2559,0.0000,0.0000,0.0000
44.8833,16.6166,10.2903,0.0000,180.8760,15.2194,0.0000,0.0000,0.0000
44.9000,16.6093,10.2920,0.0000,178.0532,15.1831,0.0000,0.0000,0.0000
44.9167,16.6021,10.2937,0.0000,175.2768,15.1472,0.0000,0.0000,0.0000
44.9333,16.5949,10.2953,0.0000,172.5460,15.1116,0.0000,0.0000,0.0000
44.9500,16.5879,10.2970,0.0000,169.8601,15.0762,0.0000,0.0000,0.0000
44.9667,16.5810,10.2987,0.0000,167.2182,15.0412,0.0000,0.0000,0.0000
44.9833,16.5742,10.3003,0.0000,164.6196,15.0064,0.0000,0.0000,0.0000
45.0000,16.5674,10.3020,0.0000,162.0637,14.9719,0.0000,0.0000,0.0000
45.0167,16.5608,10.3028,0.0000,159.5565,14.9674,0.0000,0.0000,0.0000
45.0333,16.5543,10.3037,0.0000,157.0899,14.9631,0.0000,0.0000,0.0000
45.0500,16.5478,10.3045,0.0000,154.6631,14.9591,0.0000,0.0000,0.0000
45.0667,16.5415,10.3053,0.0000,152.2756,14.9552,0.0000,0.0000,0.0000
45.0833,16.5352,10.3062,0.0000,149.9267,14.9515,0.0000,0.0000,0.0000
45.1000,16.5290,10.3070,0.0000,147.6157,14.9479,0.0000,0.0000,0.0000
45.1167,16.5229,10.3078,0.0000,145.3419,14.9446,0.0000,0.0000,0.0000
45.1333,16.5169,10.3087,0.0000,143.1048,14.9414,0.0000,0.0000,0.0000
45.1500,16.5110,10.3095,0.0000,140.9037,14.9384,0.0000,0.0000,0.0000
45.1667,16.5052,10.3103,0.0000,138.7381,14.9356,0.0000,0.0000,0.0000
45.1833,16.4994,10.3112,0.0000,136.6073,14.9330,0.0000,0.0000,0.0000
45.2000,16.4937,10.3120,0.0000,134.5107,14.9305,0.0000,0.0000,0.0000
45.2167,16.4881,10.3128,0.0000,132.4478,14.9281,0.0000,0.0000,0.0000
45.2333,16.4826,10.3137,0.0000,130.4180,14.9260,0.0000,0.0000,0.0000
45.2500,16.4772,10.3145,0.0000,128.4207,14.9240,0.0000,0.0000,0.0000
45.2667,16.4718,10.3153,0.0000,126.4555,14.9222,0.0000,0.0000,0.0000
45.2833,16.4665,10.3162,0.0000,124.5217,14.9205,0.0000,0.0000,0.0000
45.3000,16.4613,10.3170,0.0000,122.6189,14.9189,0.0000,0.0000,0.0000
45.3167,16.4561,10.3178,0.0000,120.7465,14.9176,0.0000,0.0000,0.0000
45.3333,16.4510,10.3187,0.0000,118.9040,14.9163,0.0000,0.0000,0.0000
45.3500,16.4460,10.3195,0.0000,117.0909,14.9152,0.0000,0.0000,0.0000
45.3667,16.4411,10.3203,0.0000,115.3068,14.9143,0.0000,0.0000,0.0000
45.3833,16.4362,10.3212,0.0000,113.5510,14.9135,0.0000,0.0000,0.0000
45.4000,16.4314,10.3220,0.0000,111.8233,14.9128,0.0000,0.0000,0.0000
45.4167,16.4266,10.3228,0.0000,110.1230,14.9123,0.0000,0.0000,0.0000
45.4333,16.4219,10.3237,0.0000,108.4498,14.9119,0.0000,0.0000,0.0000
45.4500,16.4173,10.3245,0.0000,106.8032,14.9116,0.0000,0.0000,0.0000
45.4667,16.4127,10.3253,0.0000,105.1827,14.9115,0.0000,0.0000,0.0000
45.4833,16.4082,10.3262,0.0000,103.5880,14.9115,0.0000,0.0000,0.0000
45.5000,16.4038,10.3270,0.0000,102.0185,14.9116,0.0000,0.0000,0.0000
45.5167,16.3994,10.3278,0.0000,100.4739,14.9118,0.0000,0.0000,0.0000
45.5333,16.3951,10.3287,0.0000,98.9537,14.9122,0.0000,0.0000,0.0000
45.5500,16.3908,10.3295,0.0000,97.4576,14.9127,0.0000,0.0000,0.0000
45.5667,16.3866,10.3303,0.0000,95.9851,14.9133,0.0000,0.0000,0.0000
45.5833,16.3824,10.3312,0.0000,94.5359,14.9140,0.0000,0.0000,0.0000
45.6000,16.3783,10.3320,0.0000,93.1096,14.9148,0.0000,0.0000,0.0000
45.6167,16.3743,10.3328,0.0000,91.7057,14.9158,0.0000,0.0000,0.0000
45.6333,16.3703,10.3337,0.0000,90.3240,14.9168,0.0000,0.0000,0.0000
45.6500,16.3663,10.3345,0.0000,88.9640,14.9180,0.0000,0.0000,0.0000
45.6667,16.3625,10.3353,0.0000,87.6254,14.9193,0.0000,0.0000,0.0000
45.6833,16.3586,10.3362,0.0000,86.3079,14.9207,0.0000,0.0000,0.0000
45.7000,16.3548,10.3370,0.0000,85.0111,14.9221,0.0000,0.0000,0.0000
45.7167,16.3511,10.3378,0.0000,83.7346,14.9237,0.0000,0.0000,0.0000
45.7333,16.3474,10.3387,0.0000,82.4782,14.9254,0.0000,0.0000,0.0000
45.7500,16.3437,10.3395,0.0000,81.2414,14.9272,0.0000,0.0000,0.0000
45.7667,16.3401,10.3403,0.0000,80.0241,14.9291,0.0000,0.0000,0.0000
45.7833,16.3365,10.3412,0.0000,78.8257,14.9311,0.0000,0.0000,0.0000
45.8000,16.3330,10.3420,0.0000,77.6462,14.9332,0.0000,0.0000,0.0000
45.8167,16.3295,10.3428,0.0000,76.4850,14.9353,0.0000,0.0000,0.0000
45.8333,16.3261,10.3437,0.0000,75.3420,14.9376,0.0000,0.0000,0.0000
45.8500,16.3227,10.3445,0.0000,74.2168,14.9400,0.0000,0.0000,0.0000
45.8667,16.3194,10.3453,0.0000,73.1092,14.9424,0.0000,0.0000,0.0000
45.8833,16.3161,10.3462,0.0000,72.0188,14.9450,0.0000,0.0000,0.0000
45.9000,16.3128,10.3470,0.0000,70.9454,14.9476,0.0000,0.0000,0.0000
45.9167,16.3096,10.3478,0.0000,69.8887,14.9503,0.0000,0.0000,0.0000
45.9333,16.3064,10.3487,0.0000,68.8484,14.9531,0.0000,0.0000,0.0000
45.9500,16.3033,10.3495,0.0000,67.8243,14.9559,0.0000,0.0000,0.0000
45.9667,16.3002,10.3503,0.0000,66.8161,14.9589,0.0000,0.0000,0.0000
45.9833,16.2971,10.3512,0.0000,65.8235,14.9619,0.0000,0.0000,0.0000
46.0000,16.2940,10.3520,0.0000,64.8463,14.9650,0.0000,0.0000,0.0000
46.0167,16.2911,10.3553,0.0000,63.8619,14.9824,0.0000,0.0000,0.0000
46.0333,16.2881,10.3587,0.0000,62.8925,14.9998,0.0000,0.0000,0.0000
46.0500,16.2852,10.3620,0.0000,61.9379,15.0173,0.0000,0.0000,0.0000
46.0667,16.2823,10.3653,0.0000,60.9978,15.0348,0.0000,0.0000,0.0000
46.0833,16.2794,10.3687,0.0000,60.0721,15.0523,0.0000,0.0000,0.0000
46.1000,16.2766,10.3720,0.0000,59.1604,15.0699,0.0000,0.0000,0.0000
46.1167,16.2738,10.3753,0.0000,58.2625,15.0875,0.0000,0.0000,0.0000
46.1333,16.2711,10.3787,0.0000,57.3783,15.1051,0.0000,0.0000,0.0000
46.1500,16.2683,10.3820,0.0000,56.5075,15.1228,0.0000,0.0000,0.0000
46.1667,16.2657,10.3853,0.0000,55.6499,15.1405,0.0000,0.0000,0.0000
46.1833,16.2630,10.3887,0.0000,54.8053,15.1582,0.0000,0.0000,0.0000
46.2000,16.2604,10.3920,0.0000,53.9734,15.1759,0.0000,0.0000,0.0000
46.2167,16.2578,10.3953,0.0000,53.1541,15.1937,0.0000,0.0000,0.0000
46.2333,16.2552,10.3987,0.0000,52.3472,15.2115,0.0000,0.0000,0.0000
46.2500,16.2527,10.4020,0.0000,51.5524,15.2293,0.0000,0.0000,0.0000
46.2667,16.2502,10.4053,0.0000,50.7696,15.2472,0.0000,0.0000,0.0000
46.2833,16.2477,10.4087,0.0000,49.9986,15.2651,0.0000,0.0000,0.0000
46.3000,16.2452,10.4120,0.0000,49.2392,15.2830,0.0000,0.0000,0.0000
46.3167,16.2428,10.4153,0.0000,48.4912,15.3009,0.0000,0.0000,0.0000
46.3333,16.2404,10.4187,0.0000,47.7544,15.3189,0.0000,0.0000,0.0000
46.3500,16.2380,10.4220,0.0000,47.0286,15.3368,0.0000,0.0000,0.0000
46.3667,16.2357,10.4253,0.0000,46.3138,15.3548,0.0000,0.0000,0.0000
46.3833,16.2334,10.4287,0.0000,45.6096,15.3729,0.0000,0.0000,0.0000
46.4000,16.2311,10.4320,0.0000,44.9160,15.3909,0.0000,0.0000,0.0000
46.4167,16.2288,10.4353,0.0000,44.2327,15.4090,0.0000,0.0000,0.0000
46.4333,16.2266,10.4387,0.0000,43.5596,15.4270,0.0000,0.0000,0.0000
46.4500,16.2244,10.4420,0.0000,42.8966,15.4451,0.0000,0.0000,0.0000
46.4667,16.2222,10.4453,0.0000,42.2434,15.4633,0.0000,0.0000,0.0000
46.4833,16.2200,10.4487,0.0000,41.6000,15.4814,0.0000,0.0000,0.0000
46.5000,16.2178,10.4520,0.0000,40.9661,15.4995,0.0000,0.0000,0.0000
46.5167,16.2157,10.4553,0.0000,40.3417,15.5177,0.0000,0.0000,0.0000
46.5333,16.2136,10.4587,0.0000,39.7265,15.5359,0.0000,0.0000,0.0000
46.5500,16.2115,10.4620,0.0000,39.1204,15.5541,0.0000,0.0000,0.0000
46.5667,16.2095,10.4653,0.0000,38.5233,15.5723,0.0000,0.0000,0.0000
46.5833,16.2075,10.4687,0.0000,37.9351,15.5905,0.0000,0.0000,0.0000
46.6000,16.2054,10.4720,0.0000,37.3555,15.6087,0.0000,0.0000,0.0000
46.6167,16.2035,10.4753,0.0000,36.7845,15.6270,0.0000,0.0000,0.0000
46.6333,16.2015,10.4787,0.0000,36.2219,15.6452,0.0000,0.0000,0.0000
46.6500,16.1995,10.4820,0.0000,35.6676,15.6635,0.0000,0.0000,0.0000
46.6667,16.1976,10.4853,0.0000,35.1215,15.6818,0.0000,0.0000,0.0000
46.6833,16.1957,10.4887,0.0000,34.5834,15.7001,0.0000,0.0000,0.0000
46.7000,16.1938,10.4920,0.0000,34.0532,15.7184,0.0000,0.0000,0.0000
46.7167,16.1919,10.4953,0.0000,33.5309,15.7367,0.0000,0.0000,0.0000
46.7333,16.1901,10.4987,0.0000,33.0161,15.7550,0.0000,0.0000,0.0000
46.7500,16.1882,10.5020,0.0000,32.5089,15.7733,0.0000,0.0000,0.0000
46.7667,16.1864,10.5053,0.0000,32.0092,15.7916,0.0000,0.0000,0.0000
46.7833,16.1846,10.5087,0.0000,31.5167,15.8100,0.0000,0.0000,0.0000
46.8000,16.1828,10.5120,0.0000,31.0314,15.8283,0.0000,0.0000,0.0000
46.8167,16.1811,10.5153,0.0000,30.5533,15.8467,0.0000,0.0000,0.0000
46.8333,16.1793,10.5187,0.0000,30.0821,15.8650,0.0000,0.0000,0.0000
46.8500,16.1776,10.5220,0.0000,29.6177,15.8834,0.0000,0.0000,0.0000
46.8667,16.1759,10.5253,0.0000,29.1601,15.9017,0.0000,0.0000,0.0000
46.8833,16.1742,10.5287,0.0000,28.7092,15.9201,0.0000,0.0000,0.0000
46.9000,16.1725,10.5320,0.0000,28.2648,15.9385,0.0000,0.0000,0.0000
46.9167,16.1708,10.5353,0.0000,27.8268,15.9568,0.0000,0.0000,0.0000
46.9333,16.1692,10.5387,0.0000,27.3952,15.9752,0.0000,0.0000,0.0000
46.9500,16.1676,10.5420,0.0000,26.9699,15.9936,0.0000,0.0000,0.0000
46.9667,16.1659,10.5453,0.0000,26.5506,16.0120,0.0000,0.0000,0.0000
46.9833,16.1643,10.5487,0.0000,26.1375,16.0303,0.0000,0.0000,0.0000
47.0000,16.1628,10.5520,0.0000,25.7303,16.0487,0.0000,0.0000,0.0000
47.0167,16.1612,10.5503,0.0000,25.3741,16.0122,0.0000,0.0000,0.0000
47.0333,16.1596,10.5487,0.0000,25.0239,15.9757,0.0000,0.0000,0.0000
47.0500,16.1581,10.5470,0.0000,24.6795,15.9393,0.0000,0.0000,0.0000
47.0667,16.1566,10.5453,0.0000,24.3408,15.9029,0.0000,0.0000,0.0000
47.0833,16.1550,10.5437,0.0000,24.0078,15.8666,0.0000,0.0000,0.0000
47.1000,16.1535,10.5420,0.0000,23.6803,15.8303,0.0000,0.0000,0.0000
47.1167,16.1520,10.5403,0.0000,23.3584,15.7942,0.0000,0.0000,0.0000
47.1333,16.1506,10.5387,0.0000,23.0418,15.7580,0.0000,0.0000,0.0000
47.1500,16.1491,10.5370,0.0000,22.7305,15.7219,0.0000,0.0000,0.0000
47.1667,16.1477,10.5353,0.0000,22.4245,15.6859,0.0000,0.0000,0.0000
47.1833,16.1462,10.5337,0.0000,22.1236,15.6499,0.0000,0.0000,0.0000
47.2000,16.1448,10.5320,0.0000,21.8278,15.6140,0.0000,0.0000,0.0000
47.2167,16.1434,10.5303,0.0000,21.5369,15.5781,0.0000,0.0000,0.0000
47.2333,16.1420,10.5287,0.0000,21.2510,15.5423,0.0000,0.0000,0.0000
47.2500,16.1406,10.5270,0.0000,20.9698,15.5065,0.0000,0.0000,0.0000
47.2667,16.1392,10.5253,0.0000,20.6935,15.4708,0.0000,0.0000,0.0000
47.2833,16.1379,10.5237,0.0000,20.4218,15.4351,0.0000,0.0000,0.0000
47.3000,16.1365,10.5220,0.0000,20.1547,15.3995,0.0000,0.0000,0.0000
47.3167,16.1352,10.5203,0.0000,19.8922,15.3639,0.0000,0.0000,0.0000
47.3333,16.1339,10.5187,0.0000,19.6341,15.3284,0.0000,0.0000,0.0000
47.3500,16.1325,10.5170,0.0000,19.3804,15.2929,0.0000,0.0000,0.0000
47.3667,16.1312,10.5153,0.0000,19.1311,15.2574,0.0000,0.0000,0.0000
47.3833,16.1299,10.5137,0.0000,18.8860,15.2220,0.0000,0.0000,0.0000
47.4000,16.1286,10.5120,0.0000,18.6451,15.1867,0.0000,0.0000,0.0000
47.4167,16.1274,10.5103,0.0000,18.4083,15.1513,0.0000,0.0000,0.0000
47.4333,16.1261,10.5087,0.0000,18.1756,15.1161,0.0000,0.0000,0.0000
47.4500,16.1248,10.5070,0.0000,17.9469,15.0808,0.0000,0.0000,0.0000
47.4667,16.1236,10.5053,0.0000,17.7222,15.0456,0.0000,0.0000,0.0000
47.4833,16.1224,10.5037,0.0000,17.5013,15.0105,0.0000,0.0000,0.0000
47.5000,16.1211,10.5020,0.0000,17.2842,14.9754,0.0000,0.0000,0.0000
47.5167,16.1199,10.5003,0.0000,17.0709,14.9403,0.0000,0.0000,0.0000
47.5333,16.1187,10.4987,0.0000,16.8613,14.9053,0.0000,0.0000,0.0000
47.5500,16.1175,10.4970,0.0000,16.6553,14.8703,0.0000,0.0000,0.0000
47.5667,16.1163,10.4953,0.0000,16.4529,14.8353,0.0000,0.0000,0.0000
47.5833,16.1151,10.4937,0.0000,16.2540,14.8004,0.0000,0.0000,0.0000
47.6000,16.1140,10.4920,0.0000,16.0587,14.7655,0.0000,0.0000,0.0000
47.6167,16.1128,10.4903,0.0000,15.8667,14.7307,0.0000,0.0000,0.0000
47.6333,16.1117,10.4887,0.0000,15.6781,14.6959,0.0000,0.0000,0.0000
47.6500,16.1105,10.4870,0.0000,15.4929,14.6611,0.0000,0.0000,0.0000
47.6667,16.1094,10.4853,0.0000,15.3108,14.6264,0.0000,0.0000,0.0000
47.6833,16.1082,10.4837,0.0000,15.1320,14.5917,0.0000,0.0000,0.0000
47.7000,16.1071,10.4820,0.0000,14.9564,14.5570,0.0000,0.0000,0.0000
47.7167,16.1060,10.4803,0.0000,14.7839,14.5224,0.0000,0.0000,0.0000
47.7333,16.1049,10.4787,0.0000,14.6145,14.4878,0.0000,0.0000,0.0000
47.7500,16.1038,10.4770,0.0000,14.4480,14.4532,0.0000,0.0000,0.0000
47.7667,16.1027,10.4753,0.0000,14.2846,14.4187,0.0000,0.0000,0.0000
47.7833,16.1016,10.4737,0.0000,14.1241,14.3842,0.0000,0.0000,0.0000
47.8000,16.1006,10.4720,0.0000,13.9664,14.3497,0.0000,0.0000,0.0000
47.8167,16.0995,10.4703,0.0000,13.8116,14.3153,0.0000,0.0000,0.0000
47.8333,16.0984,10.4687,0.0000,13.6596,14.2809,0.0000,0.0000,0.0000
47.8500,16.0974,10.4670,0.0000,13.5103,14.2465,0.0000,0.0000,0.0000
47.8667,16.0963,10.4653,0.0000,13.3638,14.2122,0.0000,0.0000,0.0000
47.8833,16.0953,10.4637,0.0000,13.2199,14.1779,0.0000,0.0000,0.0000
47.9000,16.0942,10.4620,0.0000,13.0787,14.1436,0.0000,0.0000,0.0000
47.9167,16.0932,10.4603,0.0000,12.9400,14.1093,0.0000,0.0000,0.0000
47.9333,16.0922,10.4587,0.0000,12.8038,14.0751,0.0000,0.0000,0.0000
47.9500,16.0912,10.4570,0.0000,12.6702,14.0409,0.0000,0.0000,0.0000
47.9667,16.0902,10.4553,0.0000,12.5391,14.0067,0.0000,0.0000,0.0000
47.9833,16.0892,10.4537,0.0000,12.4103,13.9726,0.0000,0.0000,0.0000
48.0000,16.0882,10.4520,0.0000,12.2840,13.9385,0.0000,0.0000,0.0000
48.0167,16.0872,10.4570,0.0000,12.1003,13.9498,0.0000,0.0000,0.0000
48.0333,16.0862,10.4620,0.0000,11.9190,13.9611,0.0000,0.0000,0.0000
48.0500,16.0852,10.4670,0.0000,11.7403,13.9724,0.0000,0.0000,0.0000
48.0667,16.0842,10.4720,0.0000,11.5641,13.9837,0.0000,0.0000,0.0000
48.0833,16.0833,10.4770,0.0000,11.3903,13.9949,0.0000,0.0000,0.0000
48.1000,16.0823,10.4820,0.0000,11.2189,14.0061,0.0000,0.0000,0.0000
48.1167,16.0814,10.4870,0.0000,11.0499,14.0172,0.0000,0.0000,0.0000
48.1333,16.0804,10.4920,0.0000,10.8831,14.0284,0.0000,0.0000,0.0000
48.1500,16.0795,10.4970,0.0000,10.7187,14.0395,0.0000,0.0000,0.0000
48.1667,16.0785,10.5020,0.0000,10.5565,14.0505,0.0000,0.0000,0.0000
48.1833,16.0776,10.5070,0.0000,10.3965,14.0616,0.0000,0.0000,0.0000
48.2000,16.0767,10.5120,0.0000,10.2387,14.0726,0.0000,0.0000,0.0000
48.2167,16.0758,10.5170,0.0000,10.0831,14.0836,0.0000,0.0000,0.0000
48.2333,16.0749,10.5220,0.0000,9.9296,14.0945,0.0000,0.0000,0.0000
48.2500,16.0739,10.5270,0.0000,9.7782,14.1055,0.0000,0.0000,0.0000
48.2667,16.0730,10.5320,0.0000,9.6288,14.1163,0.0000,0.0000,0.0000
48.2833,16.0721,10.5370,0.0000,9.4814,14.1272,0.0000,0.0000,0.0000
48.3000,16.0713,10.5420,0.0000,9.3361,14.1380,0.0000,0.0000,0.0000
48.3167,16.0704,10.5470,0.0000,9.1927,14.1488,0.0000,0.0000,0.0000
48.3333,16.0695,10.5520,0.0000,9.0512,14.1596,0.0000,0.0000,0.0000
48.3500,16.0686,10.5570,0.0000,8.9117,14.1703,0.0000,0.0000,0.0000
48.3667,16.0677,10.5620,0.0000,8.7740,14.1810,0.0000,0.0000,0.0000
48.3833,16.0669,10.5670,0.0000,8.6382,14.1917,0.0000,0.0000,0.0000
48.4000,16.0660,10.5720,0.0000,8.5042,14.2023,0.0000,0.0000,0.0000
48.4167,16.0651,10.5770,0.0000,8.3719,14.2129,0.0000,0.0000,0.0000
48.4333,16.0643,10.5820,0.0000,8.2415,14.2235,0.0000,0.0000,0.0000
48.4500,16.0634,10.5870,0.0000,8.1128,14.2341,0.0000,0.0000,0.0000
48.4667,16.0626,10.5920,0.0000,7.9858,14.2446,0.0000,0.0000,0.0000
48.4833,16.0618,10.5970,0.0000,7.8605,14.2550,0.0000,0.0000,0.0000
48.5000,16.0609,10.6020,0.0000,7.7368,14.2655,0.0000,0.0000,0.0000
48.5167,16.0601,10.6070,0.0000,7.6148,14.2759,0.0000,0.0000,0.0000
48.5333,16.0593,10.6120,0.0000,7.4945,14.2863,0.0000,0.0000,0.0000
48.5500,16.0584,10.6170,0.0000,7.3757,14.2966,0.0000,0.0000,0.0000
48.5667,16.0576,10.6220,0.0000,7.2584,14.3069,0.0000,0.0000,0.0000
48.5833,16.0568,10.6270,0.0000,7.1427,14.3172,0.0000,0.0000,0.0000
48.6000,16.0560,10.6320,0.0000,7.0286,14.3275,0.0000,0.0000,0.0000
48.6167,16.0552,10.6370,0.0000,6.9159,14.3377,0.0000,0.0000,0.0000
48.6333,16.0544,10.6420,0.0000,6.8047,14.3478,0.0000,0.0000,0.0000
48.6500,16.0536,10.6470,0.0000,6.6950,14.3580,0.0000,0.0000,0.0000
48.6667,16.0528,10.6520,0.0000,6.5867,14.3681,0.0000,0.0000,0.0000
48.6833,16.0520,10.6570,0.0000,6.4798,14.3782,0.0000,0.0000,0.0000
48.7000,16.0512,10.6620,0.0000,6.3743,14.3882,0.0000,0.0000,0.0000
48.7167,16.0504,10.6670,0.0000,6.2701,14.3982,0.0000,0.0000,0.0000
48.7333,16.0496,10.6720,0.0000,6.1673,14.4082,0.0000,0.0000,0.0000
48.7500,16.0488,10.6770,0.0000,6.0659,14.4181,0.0000,0.0000,0.0000
48.7667,16.0481,10.6820,0.0000,5.9657,14.4280,0.0000,0.0000,0.0000
48.7833,16.0473,10.6870,0.0000,5.8669,14.4379,0.0000,0.0000,0.0000
48.8000,16.0465,10.6920,0.0000,5.7693,14.4477,0.0000,0.0000,0.0000
48.8167,16.0458,10.6970,0.0000,5.6729,14.4575,0.0000,0.0000,0.0000
48.8333,16.0450,10.7020,0.0000,5.5778,14.4672,0.0000,0.0000,0.0000
48.8500,16.0442,10.7070,0.0000,5.4840,14.4770,0.0000,0.0000,0.0000
48.8667,16.0435,10.7120,0.0000,5.3913,14.4866,0.0000,0.0000,0.0000
48.8833,16.0427,10.7170,0.0000,5.2998,14.4963,0.0000,0.0000,0.0000
48.9000,16.0420,10.7220,0.0000,5.2094,14.5059,0.0000,0.0000,0.0000
48.9167,16.0412,10.7270,0.0000,5.1202,14.5155,0.0000,0.0000,0.0000
48.9333,16.0405,10.7320,0.0000,5.0322,14.5250,0.0000,0.0000,0.0000
48.9500,16.0398,10.7370,0.0000,4.9452,14.5345,0.0000,0.0000,0.0000
48.9667,16.0390,10.7420,0.0000,4.8594,14.5440,0.0000,0.0000,0.0000
48.9833,16.0383,10.7470,0.0000,4.7746,14.5534,0.0000,0.0000,0.0000
49.0000,16.0376,10.7520,0.0000,4.6909,14.5628,0.0000,0.0000,0.0000
49.0167,16.0368,10.7562,0.0000,4.6160,14.5455,0.0000,0.0000,0.0000
49.0333,16.0361,10.7603,0.0000,4.5425,14.5281,0.0000,0.0000,0.0000
49.0500,16.0354,10.7645,0.0000,4.4703,14.5108,0.0000,0.0000,0.0000
49.0667,16.0347,10.7687,0.0000,4.3994,14.4935,0.0000,0.0000,0.0000
49.0833,16.0339,10.7728,0.0000,4.3297,14.4762,0.0000,0.0000,0.0000
49.1000,16.0332,10.7770,0.0000,4.2613,14.4589,0.0000,0.0000,0.0000
49.1167,16.0325,10.7812,0.0000,4.1941,14.4417,0.0000,0.0000,0.0000
49.1333,16.0318,10.7853,0.0000,4.1282,14.4244,0.0000,0.0000,0.0000
49.1500,16.0311,10.7895,0.0000,4.0634,14.4072,0.0000,0.0000,0.0000
49.1667,16.0304,10.7937,0.0000,3.9998,14.3900,0.0000,0.0000,0.0000
49.1833,16.0297,10.7978,0.0000,3.9374,14.3728,0.0000,0.0000,0.0000
49.2000,16.0290,10.8020,0.0000,3.8760,14.3556,0.0000,0.0000,0.0000
49.2167,16.0283,10.8062,0.0000,3.8159,14.3385,0.0000,0.0000,0.0000
49.2333,16.0276,10.8103,0.0000,3.7568,14.3213,0.0000,0.0000,0.0000
49.2500,16.0270,10.8145,0.0000,3.6988,14.3042,0.0000,0.0000,0.0000
49.2667,16.0263,10.8187,0.0000,3.6418,14.2871,0.0000,0.0000,0.0000
49.2833,16.0256,10.8228,0.0000,3.5859,14.2700,0.0000,0.0000,0.0000
49.3000,16.0249,10.8270,0.0000,3.5311,14.2529,0.0000,0.0000,0.0000
49.3167,16.0243,10.8312,0.0000,3.4772,14.2358,0.0000,0.0000,0.0000
49.3333,16.0236,10.8353,0.0000,3.4244,14.2187,0.0000,0.0000,0.0000
49.3500,16.0229,10.8395,0.0000,3.3725,14.2017,0.0000,0.0000,0.0000
49.3667,16.0222,10.8437,0.0000,3.3216,14.1847,0.0000,0.0000,0.0000
49.3833,16.0216,10.8478,0.0000,3.2717,14.1676,0.0000,0.0000,0.0000
49.4000,16.0209,10.8520,0.0000,3.2227,14.1506,0.0000,0.0000,0.0000
49.4167,16.0203,10.8562,0.0000,3.1746,14.1337,0.0000,0.0000,0.0000
49.4333,16.0196,10.8603,0.0000,3.1275,14.1167,0.0000,0.0000,0.0000
49.4500,16.0190,10.8645,0.0000,3.0812,14.0997,0.0000,0.0000,0.0000
49.4667,16.0183,10.8687,0.0000,3.0358,14.0828,0.0000,0.0000,0.0000
49.4833,16.0177,10.8728,0.0000,2.9913,14.0659,0.0000,0.0000,0.0000
49.5000,16.0170,10.8770,0.0000,2.9477,14.0489,0.0000,0.0000,0.0000
49.5167,16.0164,10.8812,0.0000,2.9048,14.0320,0.0000,0.0000,0.0000
49.5333,16.0157,10.8853,0.0000,2.8629,14.0151,0.0000,0.0000,0.0000
49.5500,16.0151,10.8895,0.0000,2.8217,13.9983,0.0000,0.0000,0.0000
49.5667,16.0144,10.8937,0.0000,2.7813,13.9814,0.0000,0.0000,0.0000
49.5833,16.0138,10.8978,0.0000,2.7417,13.9645,0.0000,0.0000,0.0000
49.6000,16.0132,10.9020,0.0000,2.7029,13.9477,0.0000,0.0000,0.0000
49.6167,16.0125,10.9062,0.0000,2.6649,13.9309,0.0000,0.0000,0.0000
49.6333,16.0119,10.9103,0.0000,2.6276,13.9141,0.0000,0.0000,0.0000
49.6500,16.0113,10.9145,0.0000,2.5910,13.8973,0.0000,0.0000,0.0000
49.6667,16.0107,10.9187,0.0000,2.5552,13.8805,0.0000,0.0000,0.0000
49.6833,16.0100,10.9228,0.0000,2.5201,13.8637,0.0000,0.0000,0.0000
49.7000,16.0094,10.9270,0.0000,2.4857,13.8469,0.0000,0.0000,0.0000
49.7167,16.0088,10.9312,0.0000,2.4520,13.8302,0.0000,0.0000,0.0000
49.7333,16.0082,10.9353,0.0000,2.4190,13.8135,0.0000,0.0000,0.0000
49.7500,16.0076,10.9395,0.0000,2.3867,13.7967,0.0000,0.0000,0.0000
49.7667,16.0070,10.9437,0.0000,2.3550,13.7800,0.0000,0.0000,0.0000
49.7833,16.0063,10.9478,0.0000,2.3240,13.7633,0.0000,0.0000,0.0000
49.8000,16.0057,10.9520,0.0000,2.2936,13.7466,0.0000,0.0000,0.0000
49.8167,16.0051,10.9562,0.0000,2.2639,13.7300,0.0000,0.0000,0.0000
49.8333,16.0045,10.9603,0.0000,2.2348,13.7133,0.0000,0.0000,0.0000
49.8500,16.0039,10.9645,0.0000,2.2062,13.6966,0.0000,0.0000,0.0000
49.8667,16.0033,10.9687,0.0000,2.1783,13.6800,0.0000,0.0000,0.0000
49.8833,16.0027,10.9728,0.0000,2.1510,13.6634,0.0000,0.0000,0.0000
49.9000,16.0021,10.9770,0.0000,2.1243,13.6467,0.0000,0.0000,0.0000
49.9167,16.0015,10.9812,0.0000,2.0981,13.6301,0.0000,0.0000,0.0000
49.9333,16.0009,10.9853,0.0000,2.0725,13.6135,0.0000,0.0000,0.0000
49.9500,16.0003,10.9895,0.0000,2.0475,13.5970,0.0000,0.0000,0.0000
49.9667,15.9997,10.9937,0.0000,2.0230,13.5804,0.0000,0.0000,0.0000
49.9833,15.9991,10.9978,0.0000,1.9990,13.5638,0.0000,0.0000,0.0000
50.0000,15.9985,11.0020,0.0000,1.9756,13.5473,0.0000,0.0000,0.0000
50.0167,15.9980,10.9970,0.0000,2.0344,13.5002,0.0000,0.0000,0.0000
50.0333,15.9974,10.9920,0.0000,2.0929,13.4531,0.0000,0.0000,0.0000
50.0500,15.9968,10.9870,0.0000,2.1511,13.4060,0.0000,0.0000,0.0000
50.0667,15.9962,10.9820,0.0000,2.2090,13.3588,0.0000,0.0000,0.0000
50.0833,15.9956,10.9770,0.0000,2.2666,13.3115,0.0000,0.0000,0.0000
50.1000,15.9950,10.9720,0.0000,2.3239,13.2642,0.0000,0.0000,0.0000
50.1167,15.9944,10.9670,0.0000,2.3810,13.2169,0.0000,0.0000,0.0000
50.1333,15.9938,10.9620,0.0000,2.4379,13.1695,0.0000,0.0000,0.0000
50.1500,15.9932,10.9570,0.0000,2.4945,13.1221,0.0000,0.0000,0.0000
50.1667,15.9926,10.9520,0.0000,2.5508,13.0747,0.0000,0.0000,0.0000
50.1833,15.9920,10.9470,0.0000,2.6069,13.0272,0.0000,0.0000,0.0000
50.2000,15.9914,10.9420,0.0000,2.6628,12.9796,0.0000,0.0000,0.0000
50.2167,15.9908,10.9370,0.0000,2.7184,12.9320,0.0000,0.0000,0.0000
50.2333,15.9902,10.9320,0.0000,2.7738,12.8844,0.0000,0.0000,0.0000
50.2500,15.9896,10.9270,0.0000,2.8290,12.8367,0.0000,0.0000,0.0000
50.2667,15.9890,10.9220,0.0000,2.8840,12.7890,0.0000,0.0000,0.0000
50.2833,15.9884,10.9170,0.0000,2.9387,12.7413,0.0000,0.0000,0.0000
50.3000,15.9879,10.9120,0.0000,2.9933,12.6935,0.0000,0.0000,0.0000
50.3167,15.9873,10.9070,0.0000,3.0476,12.6457,0.0000,0.0000,0.0000
50.3333,15.9867,10.9020,0.0000,3.1017,12.5978,0.0000,0.0000,0.0000
50.3500,15.9861,10.8970,0.0000,3.1557,12.5499,0.0000,0.0000,0.0000
50.3667,15.9855,10.8920,0.0000,3.2094,12.5019,0.0000,0.0000,0.0000
50.3833,15.9849,10.8870,0.0000,3.2630,12.4540,0.0000,0.0000,0.0000
50.4000,15.9843,10.8820,0.0000,3.3164,12.4059,0.0000,0.0000,0.0000
50.4167,15.9837,10.8770,0.0000,3.3696,12.3579,0.0000,0.0000,0.0000
50.4333,15.9831,10.8720,0.0000,3.4226,12.3098,0.0000,0.0000,0.0000
50.4500,15.9825,10.8670,0.0000,3.4755,12.2617,0.0000,0.0000,0.0000
50.4667,15.9819,10.8620,0.0000,3.5281,12.2135,0.0000,0.0000,0.0000
50.4833,15.9813,10.8570,0.0000,3.5807,12.1653,0.0000,0.0000,0.0000
50.5000,15.9807,10.8520,0.0000,3.6330,12.1170,0.0000,0.0000,0.0000
50.5167,15.9801,10.8470,0.0000,3.6852,12.0688,0.0000,0.0000,0.0000
50.5333,15.9795,10.8420,0.0000,3.7372,12.0205,0.0000,0.0000,0.0000
50.5500,15.9789,10.8370,0.0000,3.7891,11.9721,0.0000,0.0000,0.0000
50.5667,15.9783,10.8320,0.0000,3.8409,11.9237,0.0000,0.0000,0.0000
50.5833,15.9777,10.8270,0.0000,3.8924,11.8753,0.0000,0.0000,0.0000
50.6000,15.9771,10.8220,0.0000,3.9439,11.8269,0.0000,0.0000,0.0000
50.6167,15.9765,10.8170,0.0000,3.9952,11.7784,0.0000,0.0000,0.0000
50.6333,15.9759,10.8120,0.0000,4.0464,11.7299,0.0000,0.0000,0.0000
50.6500,15.9753,10.8070,0.0000,4.0974,11.6813,0.0000,0.0000,0.0000
50.6667,15.9747,10.8020,0.0000,4.1483,11.6328,0.0000,0.0000,0.0000
50.6833,15.9741,10.7970,0.0000,4.1990,11.5842,0.0000,0.0000,0.0000
50.7000,15.9735,10.7920,0.0000,4.2497,11.5355,0.0000,0.0000,0.0000
50.7167,15.9729,10.7870,0.0000,4.3002,11.4869,0.0000,0.0000,0.0000
50.7333,15.9723,10.7820,0.0000,4.3506,11.4382,0.0000,0.0000,0.0000
50.7500,15.9717,10.7770,0.0000,4.4008,11.3894,0.0000,0.0000,0.0000
50.7667,15.9711,10.7720,0.0000,4.4510,11.3407,0.0000,0.0000,0.0000
50.7833,15.9705,10.7670,0.0000,4.5010,11.2919,0.0000,0.0000,0.0000
50.8000,15.9699,10.7620,0.0000,4.5509,11.2431,0.0000,0.0000,0.0000
50.8167,15.9693,10.7570,0.0000,4.6007,11.1942,0.0000,0.0000,0.0000
50.8333,15.9687,10.7520,0.0000,4.6504,11.1453,0.0000,0.0000,0.0000
50.8500,15.9681,10.7470,0.0000,4.7000,11.0964,0.0000,0.0000,0.0000
50.8667,15.9675,10.7420,0.0000,4.7495,11.0475,0.0000,0.0000,0.0000
50.8833,15.9669,10.7370,0.0000,4.7989,10.9986,0.0000,0.0000,0.0000
50.9000,15.9663,10.7320,0.0000,4.8482,10.9496,0.0000,0.0000,0.0000
50.9167,15.9657,10.7270,0.0000,4.8974,10.9006,0.0000,0.0000,0.0000
50.9333,15.9651,10.7220,0.0000,4.9465,10.8515,0.0000,0.0000,0.0000
50.9500,15.9645,10.7170,0.0000,4.9955,10.8025,0.0000,0.0000,0.0000
50.9667,15.9639,10.7120,0.0000,5.0444,10.7534,0.0000,0.0000,0.0000
50.9833,15.9633,10.7070,0.0000,5.0932,10.7043,0.0000,0.0000,0.0000
51.0000,15.9627,10.7020,0.0000,5.1419,10.6552,0.0000,0.0000,0.0000
51.0167,15.9621,10.6962,0.0000,5.1968,10.6750,0.0000,0.0000,0.0000
51.0333,15.9615,10.6903,0.0000,5.2504,10.6949,0.0000,0.0000,0.0000
51.0500,15.9608,10.6845,0.0000,5.3028,10.7148,0.0000,0.0000,0.0000
51.0667,15.9602,10.6787,0.0000,5.3539,10.7347,0.0000,0.0000,0.0000
51.0833,15.9596,10.6728,0.0000,5.4039,10.7546,0.0000,0.0000,0.0000
51.1000,15.9590,10.6670,0.0000,5.4526,10.7745,0.0000,0.0000,0.0000
51.1167,15.9584,10.6612,0.0000,5.5001,10.7945,0.0000,0.0000,0.0000
51.1333,15.9578,10.6553,0.0000,5.5465,10.8145,0.0000,0.0000,0.0000
51.1500,15.9571,10.6495,0.0000,5.5918,10.8344,0.0000,0.0000,0.0000
51.1667,15.9565,10.6437,0.0000,5.6359,10.8544,0.0000,0.0000,0.0000
51.1833,15.9559,10.6378,0.0000,5.6790,10.8744,0.0000,0.0000,0.0000
51.2000,15.9552,10.6320,0.0000,5.7209,10.8945,0.0000,0.0000,0.0000
51.2167,15.9546,10.6262,0.0000,5.7618,10.9145,0.0000,0.0000,0.0000
51.2333,15.9540,10.6203,0.0000,5.8016,10.9346,0.0000,0.0000,0.0000
51.2500,15.9533,10.6145,0.0000,5.8405,10.9546,0.0000,0.0000,0.0000
51.2667,15.9527,10.6087,0.0000,5.8783,10.9747,0.0000,0.0000,0.0000
51.2833,15.9521,10.6028,0.0000,5.9151,10.9948,0.0000,0.0000,0.0000
51.3000,15.9514,10.5970,0.0000,5.9509,11.0149,0.0000,0.0000,0.0000
51.3167,15.9508,10.5912,0.0000,5.9858,11.0351,0.0000,0.0000,0.0000
51.3333,15.9501,10.5853,0.0000,6.0197,11.0552,0.0000,0.0000,0.0000
51.3500,15.9495,10.5795,0.0000,6.0527,11.0754,0.0000,0.0000,0.0000
51.3667,15.9488,10.5737,0.0000,6.0848,11.0956,0.0000,0.0000,0.0000
51.3833,15.9482,10.5678,0.0000,6.1160,11.1158,0.0000,0.0000,0.0000
51.4000,15.9475,10.5620,0.0000,6.1462,11.1360,0.0000,0.0000,0.0000
51.4167,15.9468,10.5562,0.0000,6.1756,11.1562,0.0000,0.0000,0.0000
51.4333,15.9462,10.5503,0.0000,6.2042,11.1765,0.0000,0.0000,0.0000
51.4500,15.9455,10.5445,0.0000,6.2319,11.1967,0.0000,0.0000,0.0000
51.4667,15.9448,10.5387,0.0000,6.2588,11.2170,0.0000,0.0000,0.0000
51.4833,15.9442,10.5328,0.0000,6.2849,11.2373,0.0000,0.0000,0.0000
51.5000,15.9435,10.5270,0.0000,6.3101,11.2576,0.0000,0.0000,0.0000
51.5167,15.9428,10.5212,0.0000,6.3346,11.2779,0.0000,0.0000,0.0000
51.5333,15.9422,10.5153,0.0000,6.3583,11.2983,0.0000,0.0000,0.0000
51.5500,15.9415,10.5095,0.0000,6.3812,11.3187,0.0000,0.0000,0.0000
51.5667,15.9408,10.5037,0.0000,6.4034,11.3390,0.0000,0.0000,0.0000
51.5833,15.9401,10.4978,0.0000,6.4248,11.3594,0.0000,0.0000,0.0000
51.6000,15.9395,10.4920,0.0000,6.4455,11.3798,0.0000,0.0000,0.0000
51.6167,15.9388,10.4862,0.0000,6.4655,11.4003,0.0000,0.0000,0.0000
51.6333,15.9381,10.4803,0.0000,6.4848,11.4207,0.0000,0.0000,0.0000
51.6500,15.9374,10.4745,0.0000,6.5033,11.4412,0.0000,0.0000,0.0000
51.6667,15.9367,10.4687,0.0000,6.5212,11.4617,0.0000,0.0000,0.0000
51.6833,15.9361,10.4628,0.0000,6.5385,11.4822,0.0000,0.0000,0.0000
51.7000,15.9354,10.4570,0.0000,6.5550,11.5027,0.0000,0.0000,0.0000
51.7167,15.9347,10.4512,0.0000,6.5709,11.5232,0.0000,0.0000,0.0000
51.7333,15.9340,10.4453,0.0000,6.5862,11.5438,0.0000,0.0000,0.0000
51.7500,15.9333,10.4395,0.0000,6.6009,11.5643,0.0000,0.0000,0.0000
51.7667,15.9326,10.4337,0.0000,6.6149,11.5849,0.0000,0.0000,0.0000
51.7833,15.9319,10.4278,0.0000,6.6283,11.6055,0.0000,0.0000,0.0000
51.8000,15.9312,10.4220,0.0000,6.6411,11.6261,0.0000,0.0000,0.0000
51.8167,15.9305,10.4162,0.0000,6.6533,11.6468,0.0000,0.0000,0.0000
51.8333,15.9298,10.4103,0.0000,6.6650,11.6674,0.0000,0.0000,0.0000
51.8500,15.9291,10.4045,0.0000,6.6760,11.6881,0.0000,0.0000,0.0000
51.8667,15.9284,10.3987,0.0000,6.6865,11.7088,0.0000,0.0000,0.0000
51.8833,15.9277,10.3928,0.0000,6.6965,11.7295,0.0000,0.0000,0.0000
51.9000,15.9270,10.3870,0.0000,6.7059,11.7502,0.0000,0.0000,0.0000
51.9167,15.9263,10.3812,0.0000,6.7148,11.7710,0.0000,0.0000,0.0000
51.9333,15.9256,10.3753,0.0000,6.7231,11.7917,0.0000,0.0000,0.0000
51.9500,15.9249,10.3695,0.0000,6.7310,11.8125,0.0000,0.0000,0.0000
51.9667,15.9242,10.3637,0.0000,6.7383,11.8333,0.0000,0.0000,0.0000
51.9833,15.9235,10.3578,0.0000,6.7451,11.8541,0.0000,0.0000,0.0000
52.0000,15.9228,10.3520,0.0000,6.7514,11.8750,0.0000,0.0000,0.0000
52.0167,15.9221,10.3445,0.0000,6.7729,11.8391,0.0000,0.0000,0.0000
52.0333,15.9214,10.3370,0.0000,6.7946,11.8031,0.0000,0.0000,0.0000
52.0500,15.9207,10.3295,0.0000,6.8164,11.7671,0.0000,0.0000,0.0000
52.0667,15.9200,10.3220,0.0000,6.8385,11.7310,0.0000,0.0000,0.0000
52.0833,15.9193,10.3145,0.0000,6.8607,11.6949,0.0000,0.0000,0.0000
52.1000,15.9186,10.3070,0.0000,6.8830,11.6586,0.0000,0.0000,0.0000
52.1167,15.9179,10.2995,0.0000,6.9055,11.6223,0.0000,0.0000,0.0000
52.1333,15.9172,10.2920,0.0000,6.9282,11.5860,0.0000,0.0000,0.0000
52.1500,15.9164,10.2845,0.0000,6.9511,11.5495,0.0000,0.0000,0.0000
52.1667,15.9157,10.2770,0.0000,6.9741,11.5130,0.0000,0.0000,0.0000
52.1833,15.9150,10.2695,0.0000,6.9973,11.4764,0.0000,0.0000,0.0000
52.2000,15.9143,10.2620,0.0000,7.0206,11.4398,0.0000,0.0000,0.0000
52.2167,15.9136,10.2545,0.0000,7.0441,11.4030,0.0000,0.0000,0.0000
52.2333,15.9129,10.2470,0.0000,7.0677,11.3663,0.0000,0.0000,0.0000
52.2500,15.9122,10.2395,0.0000,7.0915,11.3294,0.0000,0.0000,0.0000
52.2667,15.9115,10.2320,0.0000,7.1155,11.2925,0.0000,0.0000,0.0000
52.2833,15.9108,10.2245,0.0000,7.1395,11.2555,0.0000,0.0000,0.0000
52.3000,15.9101,10.2170,0.0000,7.1638,11.2184,0.0000,0.0000,0.0000
52.3167,15.9094,10.2095,0.0000,7.1882,11.1813,0.0000,0.0000,0.0000
52.3333,15.9087,10.2020,0.0000,7.2127,11.1441,0.0000,0.0000,0.0000
52.3500,15.9080,10.1945,0.0000,7.2374,11.1069,0.0000,0.0000,0.0000
52.3667,15.9073,10.1870,0.0000,7.2622,11.0695,0.0000,0.0000,0.0000
52.3833,15.9067,10.1795,0.0000,7.2872,11.0321,0.0000,0.0000,0.0000
52.4000,15.9060,10.1720,0.0000,7.3123,10.9947,0.0000,0.0000,0.0000
52.4167,15.9053,10.1645,0.0000,7.3375,10.9572,0.0000,0.0000,0.0000
52.4333,15.9046,10.1570,0.0000,7.3629,10.9196,0.0000,0.0000,0.0000
52.4500,15.9039,10.1495,0.0000,7.3885,10.8819,0.0000,0.0000,0.0000
52.4667,15.9032,10.1420,0.0000,7.4141,10.8442,0.0000,0.0000,0.0000
52.4833,15.9025,10.1345,0.0000,7.4399,10.8064,0.0000,0.0000,0.0000
52.5000,15.9018,10.1270,0.0000,7.4659,10.7686,0.0000,0.0000,0.0000
52.5167,15.9011,10.1195,0.0000,7.4919,10.7307,0.0000,0.0000,0.0000
52.5333,15.9004,10.1120,0.0000,7.5181,10.6927,0.0000,0.0000,0.0000
52.5500,15.8997,10.1045,0.0000,7.5445,10.6547,0.0000,0.0000,0.0000
52.5667,15.8990,10.0970,0.0000,7.5710,10.6166,0.0000,0.0000,0.0000
52.5833,15.8983,10.0895,0.0000,7.5976,10.5785,0.0000,0.0000,0.0000
52.6000,15.8976,10.0820,0.0000,7.6243,10.5403,0.0000,0.0000,0.0000
52.6167,15.8969,10.0745,0.0000,7.6512,10.5020,0.0000,0.0000,0.0000
52.6333,15.8963,10.0670,0.0000,7.6782,10.4637,0.0000,0.0000,0.0000
52.6500,15.8956,10.0595,0.0000,7.7053,10.4253,0.0000,0.0000,0.0000
52.6667,15.8949,10.0520,0.0000,7.7325,10.3868,0.0000,0.0000,0.0000
52.6833,15.8942,10.0445,0.0000,7.7599,10.3483,0.0000,0.0000,0.0000
52.7000,15.8935,10.0370,0.0000,7.7874,10.3097,0.0000,0.0000,0.0000
52.7167,15.8928,10.0295,0.0000,7.8150,10.2711,0.0000,0.0000,0.0000
52.7333,15.8921,10.0220,0.0000,7.8428,10.2324,0.0000,0.0000,0.0000
52.7500,15.8914,10.0145,0.0000,7.8707,10.1937,0.0000,0.0000,0.0000
52.7667,15.8908,10.0070,0.0000,7.8987,10.1548,0.0000,0.0000,0.0000
52.7833,15.8901,9.9995,0.0000,7.9268,10.1160,0.0000,0.0000,0.0000
52.8000,15.8894,9.9920,0.0000,7.9550,10.0771,0.0000,0.0000,0.0000
52.8167,15.8887,9.9845,0.0000,7.9834,10.0381,0.0000,0.0000,0.0000
52.8333,15.8880,9.9770,0.0000,8.0119,9.9991,0.0000,0.0000,0.0000
52.8500,15.8873,9.9695,0.0000,8.0405,9.9600,0.0000,0.0000,0.0000
52.8667,15.8866,9.9620,0.0000,8.0692,9.9208,0.0000,0.0000,0.0000
52.8833,15.8860,9.9545,0.0000,8.0981,9.8816,0.0000,0.0000,0.0000
52.9000,15.8853,9.9470,0.0000,8.1270,9.8424,0.0000,0.0000,0.0000
52.9167,15.8846,9.9395,0.0000,8.1561,9.8030,0.0000,0.0000,0.0000
52.9333,15.8839,9.9320,0.0000,8.1853,9.7637,0.0000,0.0000,0.0000
52.9500,15.8832,9.9245,0.0000,8.2147,9.7243,0.0000,0.0000,0.0000
52.9667,15.8825,9.9170,0.0000,8.2441,9.6848,0.0000,0.0000,0.0000
52.9833,15.8819,9.9095,0.0000,8.2736,9.6453,0.0000,0.0000,0.0000
53.0000,15.8812,9.9020,0.0000,8.3033,9.6057,0.0000,0.0000,0.0000
53.0167,15.8805,9.8987,0.0000,8.2959,9.5823,0.0000,0.0000,0.0000
53.0333,15.8798,9.8953,0.0000,8.2890,9.5589,0.0000,0.0000,0.0000
53.0500,15.8791,9.8920,0.0000,8.2825,9.5355,0.0000,0.0000,0.0000
53.0667,15.8785,9.8887,0.0000,8.2765,9.5121,0.0000,0.0000,0.0000
53.0833,15.8778,9.8853,0.0000,8.2708,9.4887,0.0000,0.0000,0.0000
53.1000,15.8771,9.8820,0.0000,8.2656,9.4653,0.0000,0.0000,0.0000
53.1167,15.8764,9.8787,0.0000,8.2608,9.4419,0.0000,0.0000,0.0000
53.1333,15.8758,9.8753,0.0000,8.2564,9.4185,0.0000,0.0000,0.0000
53.1500,15.8751,9.8720,0.0000,8.2524,9.3951,0.0000,0.0000,0.0000
53.1667,15.8744,9.8687,0.0000,8.2488,9.3716,0.0000,0.0000,0.0000
53.1833,15.8738,9.8653,0.0000,8.2456,9.3482,0.0000,0.0000,0.0000
53.2000,15.8731,9.8620,0.0000,8.2428,9.3248,0.0000,0.0000,0.0000
53.2167,15.8724,9.8587,0.0000,8.2403,9.3014,0.0000,0.0000,0.0000
53.2333,15.8718,9.8553,0.0000,8.2382,9.2779,0.0000,0.0000,0.0000
53.2500,15.8711,9.8520,0.0000,8.2365,9.2545,0.0000,0.0000,0.0000
53.2667,15.8704,9.8487,0.0000,8.2351,9.2310,0.0000,0.0000,0.0000
53.2833,15.8698,9.8453,0.0000,8.2341,9.2076,0.0000,0.0000,0.0000
53.3000,15.8691,9.8420,0.0000,8.2335,9.1841,0.0000,0.0000,0.0000
53.3167,15.8684,9.8387,0.0000,8.2331,9.1607,0.0000,0.0000,0.0000
53.3333,15.8678,9.8353,0.0000,8.2332,9.1372,0.0000,0.0000,0.0000
53.3500,15.8671,9.8320,0.0000,8.2335,9.1138,0.0000,0.0000,0.0000
53.3667,15.8665,9.8287,0.0000,8.2342,9.0903,0.0000,0.0000,0.0000
53.3833,15.8658,9.8253,0.0000,8.2352,9.0668,0.0000,0.0000,0.0000
53.4000,15.8652,9.8220,0.0000,8.2366,9.0434,0.0000,0.0000,0.0000
53.4167,15.8645,9.8187,0.0000,8.2382,9.0199,0.0000,0.0000,0.0000
53.4333,15.8638,9.8153,0.0000,8.2402,8.9964,0.0000,0.0000,0.0000
53.4500,15.8632,9.8120,0.0000,8.2424,8.9729,0.0000,0.0000,0.0000
53.4667,15.8625,9.8087,0.0000,8.2450,8.9494,0.0000,0.0000,0.0000
53.4833,15.8619,9.8053,0.0000,8.2479,8.9259,0.0000,0.0000,0.0000
53.5000,15.8612,9.8020,0.0000,8.2510,8.9024,0.0000,0.0000,0.0000
53.5167,15.8606,9.7987,0.0000,8.2544,8.8790,0.0000,0.0000,0.0000
53.5333,15.8599,9.7953,0.0000,8.2582,8.8555,0.0000,0.0000,0.0000
53.5500,15.8593,9.7920,0.0000,8.2622,8.8319,0.0000,0.0000,0.0000
53.5667,15.8586,9.7887,0.0000,8.2665,8.8084,0.0000,0.0000,0.0000
53.5833,15.8580,9.7853,0.0000,8.2710,8.7849,0.0000,0.0000,0.0000
53.6000,15.8573,9.7820,0.0000,8.2759,8.7614,0.0000,0.0000,0.0000
53.6167,15.8567,9.7787,0.0000,8.2810,8.7379,0.0000,0.0000,0.0000
53.6333,15.8560,9.7753,0.0000,8.2863,8.7144,0.0000,0.0000,0.0000
53.6500,15.8554,9.7720,0.0000,8.2919,8.6909,0.0000,0.0000,0.0000
53.6667,15.8547,9.7687,0.0000,8.2978,8.6673,0.0000,0.0000,0.0000
53.6833,15.8541,9.7653,0.0000,8.3039,8.6438,0.0000,0.0000,0.0000
53.7000,15.8535,9.7620,0.0000,8.3103,8.6203,0.0000,0.0000,0.0000
53.7167,15.8528,9.7587,0.0000,8.3169,8.5968,0.0000,0.0000,0.0000
53.7333,15.8522,9.7553,0.0000,8.3238,8.5732,0.0000,0.0000,0.0000
53.7500,15.8515,9.7520,0.0000,8.3309,8.5497,0.0000,0.0000,0.0000
53.7667,15.8509,9.7487,0.0000,8.3382,8.5261,0.0000,0.0000,0.0000
53.7833,15.8502,9.7453,0.0000,8.3458,8.5026,0.0000,0.0000,0.0000
53.8000,15.8496,9.7420,0.0000,8.3536,8.4791,0.0000,0.0000,0.0000
53.8167,15.8490,9.7387,0.0000,8.3616,8.4555,0.0000,0.0000,0.0000
53.8333,15.8483,9.7353,0.0000,8.3698,8.4320,0.0000,0.0000,0.0000
53.8500,15.8477,9.7320,0.0000,8.3783,8.4084,0.0000,0.0000,0.0000
53.8667,15.8471,9.7287,0.0000,8.3870,8.3849,0.0000,0.0000,0.0000
53.8833,15.8464,9.7253,0.0000,8.3958,8.3613,0.0000,0.0000,0.0000
53.9000,15.8458,9.7220,0.0000,8.4049,8.3377,0.0000,0.0000,0.0000
53.9167,15.8451,9.7187,0.0000,8.4143,8.3142,0.0000,0.0000,0.0000
53.9333,15.8445,9.7153,0.0000,8.4238,8.2906,0.0000,0.0000,0.0000
53.9500,15.8439,9.7120,0.0000,8.4335,8.2671,0.0000,0.0000,0.0000
53.9667,15.8432,9.7087,0.0000,8.4434,8.2435,0.0000,0.0000,0.0000
53.9833,15.8426,9.7053,0.0000,8.4535,8.2199,0.0000,0.0000,0.0000
54.0000,15.8420,9.7020,0.0000,8.4638,8.1963,0.0000,0.0000,0.0000
54.0167,15.8413,9.6987,0.0000,8.4740,8.1937,0.0000,0.0000,0.0000
54.0333,15.8407,9.6953,0.0000,8.4840,8.1911,0.0000,0.0000,0.0000
54.0500,15.8401,9.6920,0.0000,8.4939,8.1884,0.0000,0.0000,0.0000
54.0667,15.8394,9.6887,0.0000,8.5037,8.1857,0.0000,0.0000,0.0000
54.0833,15.8388,9.6853,0.0000,8.5133,8.1831,0.0000,0.0000,0.0000
54.1000,15.8382,9.6820,0.0000,8.5228,8.1804,0.0000,0.0000,0.0000
54.1167,15.8375,9.6787,0.0000,8.5322,8.1777,0.0000,0.0000,0.0000
54.1333,15.8369,9.6753,0.0000,8.5415,8.1751,0.0000,0.0000,0.0000
54.1500,15.8363,9.6720,0.0000,8.5506,8.1724,0.0000,0.0000,0.0000
54.1667,15.8356,9.6687,0.0000,8.5597,8.1697,0.0000,0.0000,0.0000
54.1833,15.8350,9.6653,0.0000,8.5686,8.1670,0.0000,0.0000,0.0000
54.2000,15.8343,9.6620,0.0000,8.5774,8.1643,0.0000,0.0000,0.0000
54.2167,15.8337,9.6587,0.0000,8.5861,8.1616,0.0000,0.0000,0.0000
54.2333,15.8331,9.6553,0.0000,8.5947,8.1589,0.0000,0.0000,0.0000
54.2500,15.8324,9.6520,0.0000,8.6032,8.1562,0.0000,0.0000,0.0000
54.2667,15.8318,9.6487,0.0000,8.6116,8.1535,0.0000,0.0000,0.0000
54.2833,15.8312,9.6453,0.0000,8.6200,8.1507,0.0000,0.0000,0.0000
54.3000,15.8305,9.6420,0.0000,8.6282,8.1480,0.0000,0.0000,0.0000
54.3167,15.8299,9.6387,0.0000,8.6363,8.1453,0.0000,0.0000,0.0000
54.3333,15.8292,9.6353,0.0000,8.6443,8.1426,0.0000,0.0000,0.0000
54.3500,15.8286,9.6320,0.0000,8.6523,8.1398,0.0000,0.0000,0.0000
54.3667,15.8280,9.6287,0.0000,8.6602,8.1371,0.0000,0.0000,0.0000
54.3833,15.8273,9.6253,0.0000,8.6679,8.1343,0.0000,0.0000,0.0000
54.4000,15.8267,9.6220,0.0000,8.6756,8.1316,0.0000,0.0000,0.0000
54.4167,15.8261,9.6187,0.0000,8.6833,8.1288,0.0000,0.0000,0.0000
54.4333,15.8254,9.6153,0.0000,8.6908,8.1261,0.0000,0.0000,0.0000
54.4500,15.8248,9.6120,0.0000,8.6983,8.1233,0.0000,0.0000,0.0000
54.4667,15.8241,9.6087,0.0000,8.7057,8.1205,0.0000,0.0000,0.0000
54.4833,15.8235,9.6053,0.0000,8.7130,8.1177,0.0000,0.0000,0.0000
54.5000,15.8229,9.6020,0.0000,8.7202,8.1150,0.0000,0.0000,0.0000
54.5167,15.8222,9.5987,0.0000,8.7274,8.1122,0.0000,0.0000,0.0000
54.5333,15.8216,9.5953,0.0000,8.7345,8.1094,0.0000,0.0000,0.0000
54.5500,15.8209,9.5920,0.0000,8.7416,8.1066,0.0000,0.0000,0.0000
54.5667,15.8203,9.5887,0.0000,8.7486,8.1038,0.0000,0.0000,0.0000
54.5833,15.8196,9.5853,0.0000,8.7555,8.1010,0.0000,0.0000,0.0000
54.6000,15.8190,9.5820,0.0000,8.7624,8.0982,0.0000,0.0000,0.0000
54.6167,15.8184,9.5787,0.0000,8.7692,8.0954,0.0000,0.0000,0.0000
54.6333,15.8177,9.5753,0.0000,8.7759,8.0926,0.0000,0.0000,0.0000
54.6500,15.8171,9.5720,0.0000,8.7826,8.0898,0.0000,0.0000,0.0000
54.6667,15.8164,9.5687,0.0000,8.7893,8.0869,0.0000,0.0000,0.0000
54.6833,15.8158,9.5653,0.0000,8.7958,8.0841,0.0000,0.0000,0.0000
54.7000,15.8152,9.5620,0.0000,8.8024,8.0813,0.0000,0.0000,0.0000
54.7167,15.8145,9.5587,0.0000,8.8089,8.0784,0.0000,0.0000,0.0000
54.7333,15.8139,9.5553,0.0000,8.8153,8.0756,0.0000,0.0000,0.0000
54.7500,15.8132,9.5520,0.0000,8.8217,8.0727,0.0000,0.0000,0.0000
54.7667,15.8126,9.5487,0.0000,8.8280,8.0699,0.0000,0.0000,0.0000
54.7833,15.8119,9.5453,0.0000,8.8343,8.0670,0.0000,0.0000,0.0000
54.8000,15.8113,9.5420,0.0000,8.8406,8.0642,0.0000,0.0000,0.0000
54.8167,15.8107,9.5387,0.0000,8.8468,8.0613,0.0000,0.0000,0.0000
54.8333,15.8100,9.5353,0.0000,8.8530,8.0585,0.0000,0.0000,0.0000
54.8500,15.8094,9.5320,0.0000,8.8591,8.0556,0.0000,0.0000,0.0000
54.8667,15.8087,9.5287,0.0000,8.8652,8.0527,0.0000,0.0000,0.0000
54.8833,15.8081,9.5253,0.0000,8.8712,8.0498,0.0000,0.0000,0.0000
54.9000,15.8074,9.5220,0.0000,8.8772,8.0469,0.0000,0.0000,0.0000
54.9167,15.8068,9.5187,0.0000,8.8832,8.0441,0.0000,0.0000,0.0000
54.9333,15.8062,9.5153,0.0000,8.8891,8.0412,0.0000,0.0000,0.0000
54.9500,15.8055,9.5120,0.0000,8.8950,8.0383,0.0000,0.0000,0.0000
54.9667,15.8049,9.5087,0.0000,8.9009,8.0354,0.0000,0.0000,0.0000
54.9833,15.8042,9.5053,0.0000,8.9068,8.0325,0.0000,0.0000,0.0000
55.0000,16.0667,9.5020,5000.0000,123.4266,8.3655,0.0000,0.0000,0.0000
55.0167,16.3230,9.5045,5000.0000,237.3672,8.7042,0.0000,0.0000,0.0000
55.0333,16.5732,9.5070,5000.0000,349.4623,9.0364,0.0000,0.0000,0.0000
55.0500,16.8175,9.5095,5000.0000,458.6447,9.3621,0.0000,0.0000,0.0000
55.0667,17.0562,9.5120,5000.0000,563.7684,9.6816,0.0000,0.0000,0.0000
55.0833,17.2894,9.5145,5000.0000,662.9242,9.9953,0.0000,0.0000,0.0000
55.1000,17.5180,9.5170,5000.0000,750.1696,10.3039,0.0000,0.0000,0.0000
55.1167,17.7418,9.5195,5000.0000,838.4061,10.6075,0.0000,0.0000,0.0000
55.1333,17.9607,9.5220,5000.0000,929.2934,10.9056,0.0000,0.0000,0.0000
55.1500,18.1673,9.5245,4862.9543,1018.3316,11.1890,0.0000,0.0000,0.0000
55.1667,18.3764,9.5270,5000.0000,1111.2346,11.4763,0.0000,0.0000,0.0000
55.1833,18.5804,9.5295,5000.0000,1204.3173,11.7581,0.0000,0.0000,0.0000
55.2000,18.7793,9.5320,5000.0000,1297.2053,12.0342,0.0000,0.0000,0.0000
55.2167,18.9733,9.5345,5000.0000,1389.6021,12.3047,0.0000,0.0000,0.0000
55.2333,19.1623,9.5370,5000.0000,1481.2675,12.5695,0.0000,0.0000,0.0000
55.2500,19.3341,9.5395,4763.8483,1565.6773,12.8125,0.0000,0.0000,0.0000
55.2667,19.5137,9.5420,5000.0000,1655.4157,13.0667,0.0000,0.0000,0.0000
55.2833,19.6885,9.5445,5000.0000,1743.9285,13.3154,0.0000,0.0000,0.0000
55.3000,19.8586,9.5470,5000.0000,1831.1011,13.5586,0.0000,0.0000,0.0000
55.3167,20.0084,9.5495,4752.3651,1908.3994,13.7756,0.0000,0.0000,0.0000
55.3333,20.1668,9.5520,5000.0000,1991.2559,14.0048,0.0000,0.0000,0.0000
55.3500,20.3180,9.5545,4944.1361,2071.0087,14.2253,0.0000,0.0000,0.0000
55.3667,20.4680,9.5570,5000.0000,2150.8144,14.4447,0.0000,0.0000,0.0000
55.3833,20.6119,9.5595,4962.1241,2227.9180,14.6566,0.0000,0.0000,0.0000
55.4000,20.7537,9.5620,5000.0000,2304.5070,14.8665,0.0000,0.0000,0.0000
55.4167,20.8825,9.5645,4824.2235,2374.2679,15.0596,0.0000,0.0000,0.0000
55.4333,21.0047,9.5670,4765.9067,2440.7231,15.2444,0.0000,0.0000,0.0000
55.4500,20.8788,9.5695,0.0000,2364.6045,15.0968,0.0000,0.0000,0.0000
55.4667,20.7667,9.5720,193.9075,2297.5050,14.9671,0.0000,0.0000,0.0000
55.4833,20.6710,9.5745,445.9575,2240.5504,14.8590,0.0000,0.0000,0.0000
55.5000,20.5932,9.5770,739.0916,2194.3549,14.7747,0.0000,0.0000,0.0000
55.5167,20.5343,9.5795,1060.9326,2159.1906,14.7156,0.0000,0.0000,0.0000
55.5333,20.4971,9.5820,1399.2130,2136.5240,14.6856,0.0000,0.0000,0.0000
55.5500,20.4773,9.5845,1738.1508,2123.6927,14.6790,0.0000,0.0000,0.0000
55.5667,20.4749,9.5870,2071.5657,2120.9879,14.6958,0.0000,0.0000,0.0000
55.5833,20.4844,9.5895,2389.0645,2124.9209,14.7288,0.0000,0.0000,0.0000
55.6000,20.5109,9.5920,2688.9721,2137.9499,14.7851,0.0000,0.0000,0.0000
55.6167,20.5496,9.5945,2955.9035,2157.7946,14.8581,0.0000,0.0000,0.0000
55.6333,20.6019,9.5970,3187.3590,2185.0588,14.9497,0.0000,0.0000,0.0000
55.6500,20.6623,9.5995,3373.9972,2216.9514,15.0528,0.0000,0.0000,0.0000
55.6667,20.7284,9.6020,3516.2057,2252.0926,15.1638,0.0000,0.0000,0.0000
55.6833,20.7976,9.6045,3613.1123,2289.1029,15.2795,0.0000,0.0000,0.0000
55.7000,20.8676,9.6070,3665.3150,2326.6423,15.3965,0.0000,0.0000,0.0000
55.7167,20.9362,9.6095,3674.7450,2363.4480,15.5118,0.0000,0.0000,0.0000
55.7333,21.0013,9.6120,3644.4991,2398.3688,15.6227,0.0000,0.0000,0.0000
55.7500,20.8774,9.6145,0.0000,2325.1353,15.4731,0.0000,0.0000,0.0000
55.7667,20.7674,9.6170,196.1190,2260.6968,15.3419,0.0000,0.0000,0.0000
55.7833,20.6735,9.6195,445.7247,2206.0784,15.2326,0.0000,0.0000,0.0000
55.8000,20.5972,9.6220,735.5914,2161.9058,15.1474,0.0000,0.0000,0.0000
55.8167,20.5395,9.6245,1053.5374,2128.4632,15.0877,0.0000,0.0000,0.0000
55.8333,20.5032,9.6270,1387.4903,2107.1425,15.0574,0.0000,0.0000,0.0000
55.8500,20.4839,9.6295,1721.9462,2095.4136,15.0508,0.0000,0.0000,0.0000
55.8667,20.4818,9.6320,2050.8074,2093.3852,15.0679,0.0000,0.0000,0.0000
55.8833,20.4913,9.6345,2363.9417,2097.8460,15.1013,0.0000,0.0000,0.0000
55.9000,20.5177,9.6370,2659.6354,2111.3803,15.1584,0.0000,0.0000,0.0000
55.9167,20.5561,9.6395,2922.6588,2131.5609,15.2324,0.0000,0.0000,0.0000
55.9333,20.6077,9.6420,3150.6353,2159.0273,15.3252,0.0000,0.0000,0.0000
55.9500,20.6674,9.6445,3334.3656,2190.9913,15.4295,0.0000,0.0000,0.0000
55.9667,20.7326,9.6470,3474.2696,2226.1004,15.5419,0.0000,0.0000,0.0000
55.9833,20.8009,9.6495,3569.5098,2263.0021,15.6589,0.0000,0.0000,0.0000
56.0000,20.8802,9.6520,3620.6958,2306.2179,15.7917,0.0000,200.0000,0.0000
56.0167,20.9568,9.6462,3613.3150,2348.1152,15.9104,1.8344,200.0000,0.0000
56.0333,21.0287,9.6403,3562.5441,2387.3755,16.0224,3.6689,200.0000,0.0000
56.0500,20.9157,9.6345,0.0000,2320.8160,15.8730,5.5033,200.0000,0.0000
56.0667,20.8130,9.6287,134.8920,2260.9386,15.7381,7.3378,200.0000,0.0000
56.0833,20.7243,9.6228,349.8443,2209.6610,15.6231,9.1722,200.0000,0.0000
56.1000,20.6514,9.6170,603.8886,2167.6482,15.5302,11.0067,200.0000,0.0000
56.1167,20.5950,9.6112,886.0474,2135.2501,15.4609,12.8411,200.0000,0.0000
56.1333,20.5582,9.6053,1185.3565,2113.9484,15.4191,14.6756,200.0000,0.0000
56.1500,20.5370,9.5995,1487.2457,2101.3681,15.3993,16.5100,200.0000,0.0000
56.1667,20.5307,9.5937,1786.3262,2097.1292,15.4007,18.3445,200.0000,0.0000
56.1833,20.5367,9.5878,2074.1456,2099.8760,15.4195,20.1789,200.0000,0.0000
56.2000,20.5575,9.5820,2346.0646,2110.5762,15.4592,22.0134,200.0000,0.0000
56.2167,20.5896,9.5762,2590.7652,2127.4969,15.5148,23.8478,200.0000,0.0000
56.2333,20.6311,9.5703,2804.9667,2149.6776,15.5839,25.6823,200.0000,0.0000
56.2500,20.6836,9.5645,2984.7403,2177.8454,15.6685,27.5167,200.0000,0.0000
56.2667,20.7416,9.5587,3122.1618,2209.1632,15.7610,29.3512,200.0000,0.0000
56.2833,20.8030,9.5528,3219.1466,2242.4002,15.8583,31.1856,200.0000,0.0000
56.3000,20.8656,9.5470,3275.9154,2276.3537,15.9573,33.0200,200.0000,0.0000
56.3167,20.9274,9.5412,3293.9126,2309.8828,16.0552,34.8545,200.0000,0.0000
56.3333,20.9866,9.5353,3275.6631,2341.9397,16.1493,36.6889,200.0000,0.0000
56.3500,21.0414,9.5295,3224.6062,2371.5972,16.2375,38.5234,200.0000,0.0000
56.3667,20.9291,9.5237,0.0000,2305.8258,16.0888,40.3578,200.0000,0.0000
56.3833,20.8261,9.5178,113.3683,2246.0530,15.9531,42.1923,200.0000,0.0000
56.4000,20.7367,9.5120,320.8288,2194.6358,15.8367,44.0267,200.0000,0.0000
56.4167,20.6626,9.5062,568.2208,2152.2743,15.7421,45.8612,200.0000,0.0000
56.4333,20.6049,9.5003,844.7115,2119.3548,15.6706,47.6956,200.0000,0.0000
56.4500,20.5666,9.4945,1139.4387,2097.4364,15.6267,49.5301,200.0000,0.0000
56.4667,20.5438,9.4887,1437.7334,2084.1402,15.6046,51.3645,200.0000,0.0000
56.4833,20.5376,9.4828,1734.3261,2080.2708,15.6062,53.1990,200.0000,0.0000
56.5000,20.5422,9.4770,2017.8702,2082.3031,15.6229,55.0334,200.0000,0.0000
56.5167,20.5610,9.4712,2287.9909,2092.0287,15.6600,56.8679,200.0000,0.0000
56.5333,20.5911,9.4653,2532.5604,2107.9761,15.7130,58.7023,200.0000,0.0000
56.5500,20.6309,9.4595,2747.7434,2129.2153,15.7797,60.5368,200.0000,0.0000
56.5667,20.6815,9.4537,2929.5005,2156.4428,15.8619,62.3712,200.0000,0.0000
56.5833,20.7380,9.4478,3069.9572,2186.9175,15.9524,64.2056,200.0000,0.0000
56.6000,20.7980,9.4420,3170.7290,2219.4318,16.0481,66.0401,200.0000,0.0000
56.6167,20.8595,9.4362,3231.8599,2252.8005,16.1458,67.8745,200.0000,0.0000
56.6333,20.9205,9.4303,3254.6143,2285.8948,16.2428,69.7090,200.0000,0.0000
56.6500,20.9791,9.4245,3241.3391,2317.6733,16.3365,71.5434,200.0000,0.0000
56.6667,21.0337,9.4187,3195.3038,2347.2094,16.4244,73.3779,200.0000,0.0000
56.6833,20.9226,9.4128,0.0000,2282.4342,16.2772,75.2123,200.0000,0.0000
56.7000,20.8213,9.4070,123.7813,2223.8972,16.1435,77.0468,200.0000,0.0000
56.7167,20.7336,9.4012,332.4055,2173.6721,16.0293,78.8812,200.0000,0.0000
56.7333,20.6612,9.3953,579.9358,2132.4320,15.9368,80.7157,200.0000,0.0000
56.7500,20.6051,9.3895,855.6215,2100.5408,15.8674,82.5501,200.0000,0.0000
56.7667,20.5681,9.3837,1148.7034,2079.4827,15.8253,84.3846,200.0000,0.0000
56.7833,20.5464,9.3778,1444.7756,2066.9368,15.8048,86.2190,200.0000,0.0000
56.8000,20.5411,9.3720,1738.5792,2063.5558,15.8076,88.0535,200.0000,0.0000
56.8167,20.5463,9.3662,2019.2625,2065.9922,15.8253,89.8879,200.0000,0.0000
56.8333,20.5658,9.3603,2286.2477,2076.1299,15.8634,91.7223,200.0000,0.0000
56.8500,20.5965,9.3545,2527.2415,2092.3689,15.9173,93.5568,200.0000,0.0000
56.8667,20.6365,9.3487,2738.7408,2113.7823,15.9847,95.3912,200.0000,0.0000
56.8833,20.6873,9.3428,2916.8203,2141.0763,16.0673,97.2257,200.0000,0.0000
56.9000,20.7437,9.3370,3053.6975,2171.5065,16.1580,99.0601,200.0000,0.0000
56.9167,20.8035,9.3312,3151.1103,2203.8763,16.2536,100.8946,200.0000,0.0000
56.9333,20.8646,9.3253,3209.1878,2237.0139,16.3511,102.7290,200.0000,0.0000
56.9500,20.9251,9.3195,3229.2632,2269.8054,16.4476,104.5635,200.0000,0.0000
56.9667,20.9831,9.3137,3213.7352,2301.2253,16.5407,106.3979,200.0000,0.0000
56.9833,21.0370,9.3078,3165.9078,2330.3634,16.6279,108.2324,200.0000,0.0000
57.0000,20.9473,9.3020,0.0000,2277.8699,16.5107,110.0668,600.0000,0.0000
57.0167,20.8647,9.2945,84.2542,2229.9250,16.5521,110.3512,600.0000,0.0000
57.0333,20.7929,9.2870,248.0881,2188.5454,16.6076,110.6355,600.0000,0.0000
57.0500,20.7333,9.2795,444.1450,2154.3224,16.6797,110.9198,600.0000,0.0000
57.0667,20.6896,9.2720,663.7922,2129.2715,16.7743,111.2042,600.0000,0.0000
57.0833,20.6582,9.2645,893.6739,2111.1668,16.8865,111.4885,600.0000,0.0000
57.1000,20.6391,9.2570,1130.1250,2099.9232,17.0168,111.7729,600.0000,0.0000
57.1167,20.6335,9.2495,1365.8109,2096.3528,17.1677,112.0572,600.0000,0.0000
57.1333,20.6364,9.2420,1591.3279,2097.4949,17.3318,112.3416,600.0000,0.0000
57.1500,20.6505,9.2345,1806.5867,2104.6399,17.5138,112.6259,600.0000,0.0000
57.1667,20.6736,9.2270,2002.2347,2116.7792,17.7107,112.9103,600.0000,0.0000
57.1833,20.7045,9.2195,2174.9256,2133.1759,17.9208,113.1946,600.0000,0.0000
57.2000,20.7416,9.2120,2321.3726,2153.0285,18.1421,113.4790,600.0000,0.0000
57.2167,20.7834,9.2045,2439.2940,2175.4956,18.3723,113.7633,600.0000,0.0000
57.2333,20.8314,9.1970,2527.4039,2201.3362,18.6142,114.0476,600.0000,0.0000
57.2500,20.8808,9.1895,2580.5357,2227.9604,18.8600,114.3320,600.0000,0.0000
57.2667,20.9300,9.1820,2602.6405,2254.4560,19.1072,114.6163,600.0000,0.0000
57.2833,20.9774,9.1745,2595.5002,2279.9807,19.3533,114.9007,600.0000,0.0000
57.3000,21.0189,9.1670,2561.6554,2302.2954,19.5915,115.1850,600.0000,0.0000
57.3167,20.9306,9.1595,0.0000,2250.8747,19.6142,115.4694,600.0000,0.0000
57.3333,20.8505,9.1520,111.0916,2204.6891,19.6490,115.7537,600.0000,0.0000
57.3500,20.7815,9.1445,280.8433,2165.1350,19.7010,116.0381,600.0000,0.0000
57.3667,20.7248,9.1370,480.9165,2132.7499,19.7727,116.3224,600.0000,0.0000
57.3833,20.6839,9.1295,702.7110,2109.3875,19.8707,116.6067,600.0000,0.0000
57.4000,20.6552,9.1220,933.2524,2092.9078,19.9892,116.8911,600.0000,0.0000
57.4167,20.6387,9.1145,1168.7863,2083.1906,20.1287,117.1754,600.0000,0.0000
57.4333,20.6349,9.1070,1402.1240,2080.7006,20.2908,117.4598,600.0000,0.0000
57.4500,20.6396,9.0995,1624.9127,2082.8304,20.4682,117.7441,600.0000,0.0000
57.4667,20.6556,9.0920,1836.5569,2091.1164,20.6667,118.0285,600.0000,0.0000
57.4833,20.6805,9.0845,2027.1095,2104.2189,20.8820,118.3128,600.0000,0.0000
57.5000,20.7127,9.0770,2193.9884,2121.3897,21.1119,118.5972,600.0000,0.0000
57.5167,20.7509,9.0695,2334.1292,2141.8214,21.3539,118.8815,600.0000,0.0000
57.5333,20.7934,9.0620,2445.4700,2164.6717,21.6056,119.1658,600.0000,0.0000
57.5500,20.8417,9.0545,2526.9362,2190.7172,21.8698,119.4502,600.0000,0.0000
57.5667,20.8912,9.0470,2573.5219,2217.3505,22.1378,119.7345,600.0000,0.0000
57.5833,20.9400,9.0395,2589.4184,2243.6752,22.4065,120.0189,600.0000,0.0000
57.6000,20.9839,9.0320,2576.5727,2267.2933,22.6676,120.3032,600.0000,0.0000
57.6167,21.0249,9.0245,2542.3810,2289.3393,22.9251,120.5876,600.0000,0.0000
57.6333,20.9371,9.0170,0.0000,2238.3207,22.9355,120.8719,600.0000,0.0000
57.6500,20.8569,9.0095,100.7119,2192.2141,22.9591,121.1563,600.0000,0.0000
57.6667,20.7877,9.0020,266.6738,2152.6177,23.0022,121.4406,600.0000,0.0000
57.6833,20.7306,8.9945,463.3121,2120.0830,23.0678,121.7249,600.0000,0.0000
57.7000,20.6891,8.9870,682.1064,2096.4943,23.1634,122.0093,600.0000,0.0000
57.7167,20.6598,8.9795,910.0833,2079.7157,23.2824,122.2936,600.0000,0.0000
57.7333,20.6425,8.9720,1143.5586,2069.6420,23.4254,122.5780,600.0000,0.0000
57.7500,20.6381,8.9645,1375.3669,2066.8438,23.5945,122.8623,600.0000,0.0000
57.7667,20.6421,8.9570,1596.8697,2068.6366,23.7809,123.1467,600.0000,0.0000
57.7833,20.6573,8.9495,1807.6556,2076.4613,23.9910,123.4310,600.0000,0.0000
57.8000,20.6813,8.9420,1998.0890,2089.1012,24.2202,123.7154,600.0000,0.0000
57.8167,20.7127,8.9345,2165.3445,2105.8220,24.4659,123.9997,600.0000,0.0000
57.8333,20.7501,8.9270,2306.3095,2125.8293,24.7255,124.2840,600.0000,0.0000
57.8500,20.7919,8.9195,2418.8650,2148.2922,24.9961,124.5684,600.0000,0.0000
57.8667,20.8397,8.9120,2501.8718,2173.9742,25.2808,124.8527,600.0000,0.0000
57.8833,20.8886,8.9045,2550.3174,2200.3049,25.5698,125.1371,600.0000,0.0000
57.9000,20.9370,8.8970,2568.2651,2226.3937,25.8598,125.4214,600.0000,0.0000
57.9167,20.9807,8.8895,2557.5831,2249.8567,26.1410,125.7058,600.0000,0.0000
57.9333,21.0216,8.8820,2525.5658,2271.8129,26.4182,125.9901,600.0000,0.0000
57.9500,20.9344,8.8745,0.0000,2221.3471,26.4160,126.2745,600.0000,0.0000
57.9667,20.8552,8.8670,104.9245,2175.8820,26.4294,126.5588,600.0000,0.0000
57.9833,20.7868,8.8595,271.0205,2136.8919,26.4651,126.8432,600.0000,0.0000
58.0000,20.7305,8.8520,467.2903,2104.9151,26.5263,127.1275,600.0000,0.0000
58.0167,20.6898,8.8387,685.2669,2081.8505,26.4257,127.4377,600.0000,0.0000
58.0333,20.6611,8.8253,912.1045,2065.5398,26.3521,127.7480,600.0000,0.0000
58.0500,20.6444,8.8120,1144.1209,2055.8721,26.3053,128.0582,600.0000,0.0000
58.0667,20.6404,8.7987,1374.2130,2053.3492,26.2867,128.3684,600.0000,0.0000
58.0833,20.6447,8.7853,1593.9802,2055.3705,26.2865,128.6786,600.0000,0.0000
58.1000,20.6602,8.7720,1802.9188,2063.4147,26.3111,128.9889,600.0000,0.0000
58.1167,20.6843,8.7587,1991.3295,2076.2107,26.3547,129.2991,600.0000,0.0000
58.1333,20.7159,8.7453,2156.5423,2093.0269,26.4143,129.6094,600.0000,0.0000
58.1500,20.7533,8.7320,2295.5006,2113.0732,26.4866,129.9196,600.0000,0.0000
58.1667,20.7950,8.7187,2406.1357,2135.5238,26.5682,130.2298,600.0000,0.0000
58.1833,20.8426,8.7053,2487.3529,2161.1413,26.6623,130.5400,600.0000,0.0000
58.2000,20.8913,8.6920,2534.1926,2187.3678,26.7583,130.8503,600.0000,0.0000
58.2167,20.9395,8.6787,2550.7425,2213.3215,26.8529,131.1605,600.0000,0.0000
58.2333,20.9828,8.6653,2538.8921,2236.6401,26.9364,131.4707,600.0000,0.0000
58.2500,21.0234,8.6520,2505.9148,2258.4380,27.0136,131.7810,600.0000,0.0000
58.2667,20.9369,8.6387,0.0000,2208.5094,26.8130,132.0912,600.0000,0.0000
58.2833,20.8581,8.6253,101.0278,2163.4460,26.6297,132.4014,600.0000,0.0000
58.3000,20.7900,8.6120,264.9566,2124.7755,26.4703,132.7117,600.0000,0.0000
58.3167,20.7339,8.5987,458.9884,2093.0371,26.3371,133.0219,600.0000,0.0000
58.3333,20.6933,8.5853,674.7281,2070.0695,26.2378,133.3321,600.0000,0.0000
58.3500,20.6646,8.5720,899.4148,2053.7840,26.1645,133.6424,600.0000,0.0000
58.3667,20.6477,8.5587,1129.4101,2044.0758,26.1170,133.9526,600.0000,0.0000
58.3833,20.6435,8.5453,1357.6600,2041.4762,26.0970,134.2628,600.0000,0.0000
58.4000,20.6476,8.5320,1575.7232,2043.3794,26.0946,134.5731,600.0000,0.0000
58.4167,20.6627,8.5187,1783.1561,2051.2246,26.1160,134.8833,600.0000,0.0000
58.4333,20.6865,8.5053,1970.4147,2063.7877,26.1558,135.1935,600.0000,0.0000
58.4500,20.7175,8.4920,2134.7667,2080.3470,26.2111,135.5038,600.0000,0.0000
58.4667,20.7545,8.4787,2273.1580,2100.1220,26.2787,135.8140,600.0000,0.0000
58.4833,20.7958,8.4653,2383.5132,2122.2966,26.3553,136.1242,600.0000,0.0000
58.5000,20.8429,8.4520,2464.7230,2147.6239,26.4441,136.4344,600.0000,0.0000
58.5167,20.8912,8.4387,2511.8539,2173.5756,26.5348,136.7447,600.0000,0.0000
58.5333,20.9389,8.4253,2528.9290,2199.2778,26.6241,137.0549,600.0000,0.0000
58.5500,20.9819,8.4120,2517.8018,2222.3888,26.7028,137.3651,600.0000,0.0000
58.5667,21.0222,8.3987,2485.6716,2244.0104,26.7756,137.6754,600.0000,0.0000
58.5833,20.9365,8.3853,0.0000,2194.6245,26.5806,137.9856,600.0000,0.0000
58.6000,20.8584,8.3720,101.6618,2150.0910,26.4024,138.2958,600.0000,0.0000
58.6167,20.7911,8.3587,264.6248,2111.8902,26.2472,138.6061,600.0000,0.0000
58.6333,20.7355,8.3453,457.3613,2080.5540,26.1174,138.9163,600.0000,0.0000
58.6500,20.6954,8.3320,671.5442,2057.8963,26.0202,139.2265,600.0000,0.0000
58.6667,20.6670,8.3187,894.5311,2041.8532,25.9481,139.5368,600.0000,0.0000
58.6833,20.6504,8.3053,1122.7070,2032.3198,25.9008,139.8470,600.0000,0.0000
58.7000,20.6463,8.2920,1349.0799,2029.8043,25.8799,140.1572,600.0000,0.0000
58.7167,20.6504,8.2787,1565.3257,2031.7445,25.8759,140.4675,600.0000,0.0000
58.7333,20.6655,8.2653,1770.9785,2039.5800,25.8950,140.7777,600.0000,0.0000
58.7500,20.6892,8.2520,1956.5369,2052.0807,25.9318,141.0879,600.0000,0.0000
58.7667,20.7201,8.2387,2119.3275,2068.5312,25.9834,141.3982,600.0000,0.0000
58.7833,20.7569,8.2253,2256.3298,2088.1580,26.0468,141.7084,600.0000,0.0000
58.8000,20.7979,8.2120,2365.4948,2110.1528,26.1190,142.0186,600.0000,0.0000
58.8167,20.8417,8.1987,2445.7316,2133.6953,26.1965,142.3289,600.0000,0.0000
58.8333,20.8899,8.1853,2496.8675,2159.5936,26.2828,142.6391,600.0000,0.0000
58.8500,20.9377,8.1720,2514.7258,2185.2676,26.3679,142.9493,600.0000,0.0000
58.8667,20.9807,8.1587,2504.3365,2208.3751,26.4427,143.2595,600.0000,0.0000
58.8833,21.0211,8.1453,2472.8836,2230.0151,26.5117,143.5698,600.0000,0.0000
58.9000,20.9361,8.1320,0.0000,2181.1540,26.3222,143.8800,600.0000,0.0000
58.9167,20.8588,8.1187,102.2958,2137.1336,26.1490,144.1902,600.0000,0.0000
58.9333,20.7921,8.1053,264.3245,2099.3880,25.9979,144.5005,600.0000,0.0000
58.9500,20.7371,8.0920,455.8052,2068.4420,25.8713,144.8107,600.0000,0.0000
58.9667,20.6974,8.0787,668.4766,2046.0848,25.7762,145.1209,600.0000,0.0000
58.9833,20.6693,8.0653,889.8119,2030.2770,25.7051,145.4312,600.0000,0.0000
59.0000,20.6530,8.0520,1116.2188,2020.9134,25.6580,145.7414,600.0000,0.0000
59.0167,20.6491,8.0470,1340.7654,2018.4043,25.6968,146.2153,600.0000,0.0000
59.0333,20.6532,8.0420,1555.2418,2020.3052,25.7520,146.6893,600.0000,0.0000
59.0500,20.6683,8.0370,1759.1594,2028.0558,25.8298,147.1632,600.0000,0.0000
59.0667,20.6919,8.0320,1943.0569,2040.4202,25.9251,147.6371,600.0000,0.0000
59.0833,20.7227,8.0270,2104.3188,2056.6891,26.0353,148.1111,600.0000,0.0000
59.1000,20.7592,8.0220,2239.9576,2076.0959,26.1575,148.5850,600.0000,0.0000
59.1167,20.7999,8.0170,2347.9498,2097.8396,26.2888,149.0589,600.0000,0.0000
59.1333,20.8435,8.0120,2427.2228,2121.1076,26.4261,149.5329,600.0000,0.0000
59.1500,20.8913,8.0070,2477.6146,2146.7015,26.5726,150.0068,600.0000,0.0000
59.1667,20.9387,8.0020,2494.9872,2172.0643,26.7185,150.4807,600.0000,0.0000
59.1833,20.9814,7.9970,2484.3435,2194.8768,26.8549,150.9547,600.0000,0.0000
59.2000,21.0215,7.9920,2452.8187,2216.2285,26.9862,151.4286,600.0000,0.0000
59.2167,20.9371,7.9870,0.0000,2167.7774,26.8592,151.9025,600.0000,0.0000
59.2333,20.8604,7.9820,100.6403,2124.0925,26.7477,152.3765,600.0000,0.0000
59.2500,20.7941,7.9770,261.1349,2086.6127,26.6576,152.8504,600.0000,0.0000
59.2667,20.7396,7.9720,450.8966,2055.8598,26.5915,153.3244,600.0000,0.0000
59.2833,20.7001,7.9670,661.7327,2033.6106,26.5566,153.7983,600.0000,0.0000
59.3000,20.6722,7.9620,881.2085,2017.8449,26.5459,154.2722,600.0000,0.0000
59.3167,20.6559,7.9570,1105.7644,2008.4601,26.5593,154.7462,600.0000,0.0000
59.3333,20.6519,7.9520,1328.5208,2005.9471,26.5985,155.2201,600.0000,0.0000
59.3500,20.6560,7.9470,1541.3033,2007.8022,26.6546,155.6940,600.0000,0.0000
59.3667,20.6709,7.9420,1743.6429,2015.4442,26.7336,156.1680,600.0000,0.0000
59.3833,20.6943,7.9370,1926.1752,2027.6593,26.8305,156.6419,600.0000,0.0000
59.4000,20.7247,7.9320,2086.2814,2043.7458,26.9426,157.1158,600.0000,0.0000
59.4167,20.7609,7.9270,2220.9909,2062.9451,27.0669,157.5898,600.0000,0.0000
59.4333,20.8013,7.9220,2328.2894,2084.4643,27.2005,158.0637,600.0000,0.0000
59.4500,20.8445,7.9170,2407.1056,2107.4990,27.3402,158.5376,600.0000,0.0000
59.4667,20.8919,7.9120,2457.2723,2132.8429,27.4893,159.0116,600.0000,0.0000
59.4833,20.9389,7.9070,2474.6789,2157.9642,27.6378,159.4855,600.0000,0.0000
59.5000,20.9813,7.9020,2464.2810,2180.5651,27.7767,159.9594,600.0000,0.0000
59.5167,21.0211,7.8970,2433.1533,2201.7242,27.9103,160.4334,600.0000,0.0000
59.5333,20.9374,7.8920,0.0000,2153.7689,27.7810,160.9073,600.0000,0.0000
59.5500,20.8613,7.8870,100.1924,2110.5391,27.6673,161.3812,600.0000,0.0000
59.5667,20.7956,7.8820,259.4875,2073.4521,27.5756,161.8552,600.0000,0.0000
59.5833,20.7415,7.8770,447.7974,2043.0250,27.5082,162.3291,600.0000,0.0000
59.6000,20.7023,7.8720,656.9957,2021.0157,27.4727,162.8030,600.0000,0.0000
59.6167,20.6747,7.8670,874.7507,2005.4257,27.4618,163.2770,600.0000,0.0000
59.6333,20.6586,7.8620,1097.5297,1996.1534,27.4754,163.7509,600.0000,0.0000
59.6500,20.6547,7.8570,1318.5091,1993.6806,27.5153,164.2248,600.0000,0.0000
59.6667,20.6587,7.8520,1529.5896,1995.5329,27.5724,164.6988,600.0000,0.0000
59.6833,20.6736,7.8470,1730.2999,2003.1195,27.6528,165.1727,600.0000,0.0000
59.7000,20.6967,7.8420,1911.3426,2015.2337,27.7514,165.6466,600.0000,0.0000
59.7167,20.7270,7.8370,2070.1267,2031.1806,27.8655,166.1206,600.0000,0.0000
59.7333,20.7629,7.8320,2203.7068,2050.2090,27.9920,166.5945,600.0000,0.0000
59.7500,20.8030,7.8270,2310.0860,2071.5335,28.1280,167.0685,600.0000,0.0000
59.7667,20.8458,7.8220,2388.2030,2094.3576,28.2702,167.5424,600.0000,0.0000
59.7833,20.8929,7.8170,2437.8934,2119.4679,28.4219,168.0163,600.0000,0.0000
59.8000,20.9366,7.8120,2455.0798,2142.7979,28.5666,168.4903,600.0000,0.0000
59.8167,20.9789,7.8070,2449.3865,2165.3549,28.7086,168.9642,600.0000,0.0000
59.8333,21.0187,7.8020,2419.7049,2186.5133,28.8453,169.4381,600.0000,0.0000
59.8500,20.9358,7.7970,0.0000,2139.0792,28.7137,169.9121,600.0000,0.0000
59.8667,20.8605,7.7920,102.7371,2096.4139,28.5984,170.3860,600.0000,0.0000
59.8833,20.7956,7.7870,261.6540,2059.8476,28.5055,170.8599,600.0000,0.0000
59.9000,20.7423,7.7820,449.1621,2029.8868,28.4375,171.3339,600.0000,0.0000
59.9167,20.7037,7.7770,657.1947,2008.2566,28.4019,171.8078,600.0000,0.0000
59.9333,20.6766,7.7720,873.5499,1992.9851,28.3913,172.2817,600.0000,0.0000
59.9500,20.6609,7.7670,1094.7079,1983.9677,28.4058,172.7557,600.0000,0.0000
59.9667,20.6572,7.7620,1313.9088,1981.6417,28.4468,173.2296,600.0000,0.0000
59.9833,20.6614,7.7570,1523.2328,1983.5946,28.5053,173.7035,600.0000,0.0000
60.0000,20.6764,7.7520,1722.1513,1991.2529,28.5876,174.1775,600.0000,0.0000
60.0167,20.6996,7.7620,1901.3583,2003.2443,28.5501,177.1072,600.0000,0.0000
60.0333,20.7298,7.7720,2058.3491,2019.0142,28.5279,180.0369,600.0000,0.0000
60.0500,20.7657,7.7820,2190.2172,2037.8173,28.5179,182.9667,600.0000,0.0000
60.0667,20.8056,7.7920,2294.9995,2058.8744,28.5167,185.8964,600.0000,0.0000
60.0833,20.8483,7.8020,2371.6622,2081.3956,28.5211,188.8261,600.0000,0.0000
60.1000,20.8951,7.8120,2420.0622,2106.1614,28.5344,191.7558,600.0000,0.0000
60.1167,20.9386,7.8220,2436.1615,2129.1400,28.5399,194.6856,600.0000,0.0000
60.1333,20.9806,7.8320,2429.5500,2151.3310,28.5421,197.6153,600.0000,0.0000
60.1500,21.0201,7.8420,2399.1383,2172.1156,28.5385,200.5450,600.0000,0.0000
60.1667,20.9379,7.8520,0.0000,2125.0118,28.2714,203.4747,600.0000,0.0000
60.1833,20.8633,7.8620,99.2810,2082.5568,28.0214,206.4045,600.0000,0.0000
60.2000,20.7989,7.8720,255.9726,2046.1192,27.7943,209.3342,600.0000,0.0000
60.2167,20.7458,7.8820,441.0949,2016.2041,27.5925,212.2639,600.0000,0.0000
60.2333,20.7074,7.8920,646.6582,1994.5310,27.4229,215.1936,600.0000,0.0000
60.2500,20.6804,7.9020,860.5558,1979.1425,27.2781,218.1234,600.0000,0.0000
60.2667,20.6647,7.9120,1079.3073,1969.9379,27.1577,221.0531,600.0000,0.0000
60.2833,20.6610,7.9220,1296.2086,1967.3866,27.0632,223.9828,600.0000,0.0000
60.3000,20.6651,7.9320,1503.3518,1969.0666,26.9854,226.9126,600.0000,0.0000
60.3167,20.6797,7.9420,1700.2440,1976.3561,26.9303,229.8423,600.0000,0.0000
60.3333,20.7026,7.9520,1877.7033,1988.0731,26.8924,232.7720,600.0000,0.0000
60.3500,20.7325,7.9620,2033.2220,2003.5357,26.8691,235.7017,600.0000,0.0000
60.3667,20.7679,7.9720,2163.9129,2022.0071,26.8572,238.6314,600.0000,0.0000
60.3833,20.8073,7.9820,2267.8220,2042.7174,26.8538,241.5612,600.0000,0.0000
60.4000,20.8495,7.9920,2343.9154,2064.8857,26.8557,244.4909,600.0000,0.0000
60.4167,20.8929,8.0020,2392.0409,2087.7420,26.8600,247.4206,600.0000,0.0000
60.4333,20.9362,8.0120,2412.8666,2110.5479,26.8637,250.3504,600.0000,0.0000
60.4500,20.9782,8.0220,2407.7997,2132.6160,26.8643,253.2801,600.0000,0.0000
60.4667,21.0177,8.0320,2378.8903,2153.3262,26.8596,256.2098,600.0000,0.0000
60.4833,20.9366,8.0420,0.0000,2106.8726,26.6053,259.1395,600.0000,0.0000
60.5000,20.8631,8.0520,101.4140,2065.0942,26.3675,262.0693,600.0000,0.0000
60.5167,20.7997,8.0620,257.1067,2029.2679,26.1514,264.9990,600.0000,0.0000
60.5333,20.7476,8.0720,440.6929,1999.8860,25.9593,267.9287,600.0000,0.0000
60.5500,20.7099,8.0820,644.2730,1978.6313,25.7976,270.8584,600.0000,0.0000
60.5667,20.6836,8.0920,855.9173,1963.5770,25.6593,273.7882,600.0000,0.0000
60.5833,20.6683,8.1020,1072.1713,1954.6199,25.5441,276.7179,600.0000,0.0000
60.6000,20.6649,8.1120,1286.4204,1952.1926,25.4531,279.6476,600.0000,0.0000
60.6167,20.6691,8.1220,1490.9698,1953.9339,25.3779,282.5774,600.0000,0.0000
60.6333,20.6839,8.1320,1685.2697,1961.2243,25.3241,285.5071,600.0000,0.0000
60.6500,20.7067,8.1420,1860.1628,1972.8678,25.2866,288.4368,600.0000,0.0000
60.6667,20.7364,8.1520,2013.2602,1988.1894,25.2627,291.3665,600.0000,0.0000
60.6833,20.7715,8.1620,2141.7321,2006.4605,25.2496,294.2963,600.0000,0.0000
60.7000,20.8107,8.1720,2243.6712,2026.9204,25.2443,297.2260,600.0000,0.0000
60.7167,20.8525,8.1820,2318.0800,2048.7983,25.2440,300.1557,600.0000,0.0000
60.7333,20.8954,8.1920,2364.8314,2071.3346,25.2458,303.0854,600.0000,0.0000
60.7500,20.9383,8.2020,2384.6078,2093.8017,25.2470,306.0152,600.0000,0.0000
60.7667,20.9797,8.2120,2378.8204,2115.5225,25.2452,308.9449,600.0000,0.0000
60.7833,21.0187,8.2220,2349.5138,2135.8870,25.2384,311.8746,600.0000,0.0000
60.8000,20.9386,8.2320,0.0000,2090.0510,24.9964,314.8044,600.0000,0.0000
60.8167,20.8658,8.2420,98.2565,2048.7674,24.7698,317.7341,600.0000,0.0000
60.8333,20.8031,8.2520,251.5151,2013.3374,24.5637,320.6638,600.0000,0.0000
60.8500,20.7514,8.2620,432.4389,1984.2507,24.3801,323.5935,600.0000,0.0000
60.8667,20.7141,8.2720,633.2291,1963.1781,24.2252,326.5232,600.0000,0.0000
60.8833,20.6879,8.2820,842.0839,1948.2158,24.0923,329.4530,600.0000,0.0000
60.9000,20.6726,8.2920,1055.5995,1939.2649,23.9812,332.3827,600.0000,0.0000
60.9167,20.6691,8.3020,1267.2359,1936.7810,23.8930,335.3124,600.0000,0.0000
60.9333,20.6732,8.3120,1469.3241,1938.4093,23.8196,338.2421,600.0000,0.0000
60.9500,20.6876,8.3220,1661.3559,1945.4877,23.7664,341.1719,600.0000,0.0000
60.9667,20.7101,8.3320,1834.3318,1956.8664,23.7285,344.1016,600.0000,0.0000
60.9833,20.7393,8.3420,1985.8395,1971.8814,23.7035,347.0313,600.0000,0.0000
61.0000,20.7739,8.3520,2113.0687,1989.8153,23.6887,349.9611,600.0000,0.0000
61.0167,20.8125,8.3545,2214.1204,2009.9802,23.7723,353.4626,600.0000,0.0000
61.0333,20.8537,8.3570,2288.0062,2031.5497,23.8610,356.9641,600.0000,0.0000
61.0500,20.8961,8.3595,2334.5893,2053.7757,23.9520,360.4656,600.0000,0.0000
61.0667,20.9384,8.3620,2354.5331,2075.9411,24.0429,363.9672,600.0000,0.0000
61.0833,20.9793,8.3645,2349.2213,2097.3785,24.1314,367.4687,600.0000,0.0000
61.1000,21.0179,8.3670,2320.6642,2117.4862,24.2154,370.9702,600.0000,0.0000
61.1167,20.9387,8.3695,0.0000,2072.3469,24.0735,374.4718,600.0000,0.0000
61.1333,20.8669,8.3720,98.0601,2031.7144,23.9455,377.9733,600.0000,0.0000
61.1500,20.8049,8.3745,249.7483,1996.8510,23.8363,381.4748,600.0000,0.0000
61.1667,20.7540,8.3770,428.7295,1968.2395,23.7481,384.9763,600.0000,0.0000
61.1833,20.7172,8.3795,627.2996,1947.5272,23.6870,388.4779,600.0000,0.0000
61.2000,20.6913,8.3820,833.8063,1932.8367,23.6469,391.9794,600.0000,0.0000
61.2167,20.6763,8.3845,1044.8840,1924.0704,23.6277,395.4809,600.0000,0.0000
61.2333,20.6729,8.3870,1254.0733,1921.6796,23.6306,398.9825,600.0000,0.0000
61.2500,20.6769,8.3895,1453.8197,1923.3408,23.6481,402.4840,600.0000,0.0000
61.2667,20.6912,8.3920,1643.6094,1930.3691,23.6853,405.9855,600.0000,0.0000
61.2833,20.7135,8.3945,1814.5349,1941.6337,23.7379,409.4870,600.0000,0.0000
61.3000,20.7424,8.3970,1964.2282,1956.4797,23.8033,412.9886,600.0000,0.0000
61.3167,20.7766,8.3995,2089.9164,1974.1998,23.8792,416.4901,600.0000,0.0000
61.3333,20.8148,8.4020,2189.7268,1994.0548,23.9628,419.9916,600.0000,0.0000
61.3500,20.8555,8.4045,2262.6744,2015.2960,24.0514,423.4931,600.0000,0.0000
61.3667,20.8974,8.4070,2308.6249,2037.1849,24.1424,426.9947,600.0000,0.0000
61.3833,20.9393,8.4095,2328.2346,2059.0140,24.2333,430.4962,600.0000,0.0000
61.4000,20.9797,8.4120,2322.8725,2080.1247,24.3217,433.9977,600.0000,0.0000
61.4167,21.0179,8.4145,2294.5273,2099.9235,24.4056,437.4993,600.0000,0.0000
61.4333,20.9396,8.4170,0.0000,2055.3586,24.2637,441.0008,600.0000,0.0000
61.4500,20.8685,8.4195,96.6714,2015.2296,24.1355,444.5023,600.0000,0.0000
61.4667,20.8073,8.4220,246.5771,1980.7888,24.0262,448.0038,600.0000,0.0000
61.4833,20.7569,8.4245,423.4892,1952.5134,23.9379,451.5054,600.0000,0.0000
61.5000,20.7204,8.4270,619.7906,1932.0331,23.8767,455.0069,600.0000,0.0000
61.5167,20.6948,8.4295,823.9561,1917.4935,23.8364,458.5085,600.0000,0.0000
61.5333,20.6800,8.4320,1032.6585,1908.7989,23.8170,462.0100,600.0000,0.0000
61.5500,20.6765,8.4345,1239.5088,1906.4055,23.8199,465.5115,600.0000,0.0000
61.5667,20.6805,8.4370,1437.0258,1908.0104,23.8372,469.0130,600.0000,0.0000
61.5833,20.6947,8.4395,1624.7062,1914.9019,23.8744,472.5146,600.0000,0.0000
61.6000,20.7166,8.4420,1793.7468,1925.9752,23.9268,476.0161,600.0000,0.0000
61.6167,20.7452,8.4445,1941.7971,1940.5843,23.9922,479.5176,600.0000,0.0000
61.6333,20.7791,8.4470,2066.1115,1958.0313,24.0680,483.0191,600.0000,0.0000
61.6500,20.8168,8.4495,2164.8348,1977.5872,24.1516,486.5207,600.0000,0.0000
61.6667,20.8571,8.4520,2236.9902,1998.5129,24.2401,490.0222,600.0000,0.0000
61.6833,20.8986,8.4545,2282.4420,2020.0801,24.3311,493.5237,600.0000,0.0000
61.7000,20.9399,8.4570,2301.8369,2041.5902,24.4220,497.0252,600.0000,0.0000
61.7167,20.9800,8.4595,2296.5270,2062.3933,24.5104,500.5268,600.0000,0.0000
61.7333,21.0177,8.4620,2268.4776,2081.9035,24.5942,504.0283,600.0000,0.0000
61.7500,20.9403,8.4645,0.0000,2037.9342,24.4523,507.5298,600.0000,0.0000
61.7667,20.8701,8.4670,95.4901,1998.3345,24.3241,511.0313,600.0000,0.0000
61.7833,20.8095,8.4695,243.6384,1964.3409,24.2147,514.5329,600.0000,0.0000
61.8000,20.7597,8.4720,418.4871,1936.4251,24.1263,518.0344,600.0000,0.0000
61.8167,20.7237,8.4745,612.5072,1916.1971,24.0650,521.5359,600.0000,0.0000
61.8333,20.6984,8.4770,814.3058,1901.8267,24.0247,525.0374,600.0000,0.0000
61.8500,20.6837,8.4795,1020.5937,1893.2202,24.0053,528.5390,600.0000,0.0000
61.8667,20.6803,8.4820,1225.0547,1890.8351,24.0080,532.0405,600.0000,0.0000
61.8833,20.6842,8.4845,1420.2905,1892.3932,24.0253,535.5421,600.0000,0.0000
61.9000,20.6982,8.4870,1605.8042,1899.1580,24.0624,539.0436,600.0000,0.0000
61.9167,20.7199,8.4895,1772.8936,1910.0477,24.1147,542.5451,600.0000,0.0000
61.9333,20.7482,8.4920,1919.2320,1924.4254,24.1801,546.0466,600.0000,0.0000
61.9500,20.7816,8.4945,2042.1036,1941.6027,24.2558,549.5482,600.0000,0.0000
61.9667,20.8189,8.4970,2139.6728,1960.8609,24.3393,553.0497,600.0000,0.0000
61.9833,20.8588,8.4995,2210.9726,1981.4708,24.4278,556.5512,600.0000,0.0000
62.0000,20.8998,8.5020,2255.8675,2002.7141,24.5187,560.0527,600.0000,0.0000
62.0167,20.9407,8.4928,2274.9962,2024.0365,24.5219,555.5609,600.0000,0.0000
62.0333,20.9803,8.4837,2269.6982,2044.6865,24.5219,551.0691,600.0000,0.0000
62.0500,21.0176,8.4745,2241.9193,2064.0823,24.5168,546.5773,600.0000,0.0000
62.0667,20.9411,8.4653,0.0000,2020.9197,24.2891,542.0855,600.0000,0.0000
62.0833,20.8717,8.4562,94.2375,1982.0706,24.0762,537.5937,600.0000,0.0000
62.1000,20.8118,8.4470,240.6242,1948.7564,23.8828,533.1019,600.0000,0.0000
62.1167,20.7625,8.4378,413.4261,1921.4423,23.7106,528.6101,600.0000,0.0000
62.1333,20.7269,8.4287,605.2070,1901.7091,23.5654,524.1182,600.0000,0.0000
62.1500,20.7018,8.4195,804.7045,1887.7610,23.4409,519.6264,600.0000,0.0000
62.1667,20.6873,8.4103,1008.6719,1879.5060,23.3367,515.1346,600.0000,0.0000
62.1833,20.6839,8.4012,1210.8671,1877.3649,23.2539,510.6428,600.0000,0.0000
62.2000,20.6877,8.3920,1403.9576,1879.1240,23.1848,506.1510,600.0000,0.0000
62.2167,20.7015,8.3828,1587.4627,1886.0674,23.1342,501.6591,600.0000,0.0000
62.2333,20.7229,8.3737,1752.8005,1897.0881,23.0977,497.1673,600.0000,0.0000
62.2500,20.7508,8.3645,1897.6574,1911.5595,23.0729,492.6755,600.0000,0.0000
62.2667,20.7838,8.3553,2019.3465,1928.8034,23.0573,488.1837,600.0000,0.0000
62.2833,20.8206,8.3462,2116.0504,1948.1117,23.0481,483.6919,600.0000,0.0000
62.3000,20.8600,8.3370,2186.8098,1968.7656,23.0430,479.2001,600.0000,0.0000
62.3167,20.9005,8.3278,2231.4876,1990.0568,23.0393,474.7083,600.0000,0.0000
62.3333,20.9409,8.3187,2250.7114,2011.3057,23.0349,470.2164,600.0000,0.0000
62.3500,20.9800,8.3095,2245.7986,2031.8796,23.0274,465.7246,600.0000,0.0000
62.3667,21.0168,8.3003,2218.6664,2051.2080,23.0152,461.2328,600.0000,0.0000
62.3833,20.9411,8.2912,0.0000,2008.7435,22.7990,456.7410,600.0000,0.0000
62.4000,20.8724,8.2820,94.2415,1970.5454,22.5965,452.2492,600.0000,0.0000
62.4167,20.8131,8.2728,239.5281,1937.8065,22.4118,447.7574,600.0000,0.0000
62.4333,20.7643,8.2637,410.9595,1910.9891,22.2467,443.2656,600.0000,0.0000
62.4500,20.7290,8.2545,601.1689,1891.6473,22.1064,438.7738,600.0000,0.0000
62.4667,20.7043,8.2453,799.0023,1878.0193,21.9851,434.2819,600.0000,0.0000
62.4833,20.6899,8.2362,1001.2407,1870.0155,21.8824,429.7901,600.0000,0.0000
62.5000,20.6865,8.2270,1201.7005,1868.0177,21.7993,425.2983,600.0000,0.0000
62.5167,20.6904,8.2178,1393.1308,1869.8751,21.7288,420.8065,600.0000,0.0000
62.5333,20.7041,8.2087,1575.0454,1876.8917,21.6753,416.3147,600.0000,0.0000
62.5500,20.7253,8.1995,1738.9285,1887.9367,21.6346,411.8228,600.0000,0.0000
62.5667,20.7529,8.1903,1882.5005,1902.3902,21.6046,407.3310,600.0000,0.0000
62.5833,20.7857,8.1812,2003.1011,1919.5818,21.5830,402.8392,600.0000,0.0000
62.6000,20.8222,8.1720,2098.9321,1938.8109,21.5673,398.3474,600.0000,0.0000
62.6167,20.8612,8.1628,2169.0457,1959.3669,21.5552,393.8556,600.0000,0.0000
62.6333,20.9014,8.1537,2213.3085,1980.5489,21.5445,389.3638,600.0000,0.0000
62.6500,20.9414,8.1445,2232.3451,2001.6849,21.5330,384.8719,600.0000,0.0000
62.6667,20.9802,8.1353,2227.4634,2022.1490,21.5187,380.3801,600.0000,0.0000
62.6833,21.0167,8.1262,2200.5656,2041.3769,21.5000,375.8883,600.0000,0.0000
62.7000,20.9415,8.1170,0.0000,1999.4110,21.2948,371.3965,600.0000,0.0000
62.7167,20.8733,8.1078,93.5475,1961.6636,21.1020,366.9047,600.0000,0.0000
62.7333,20.8145,8.0987,237.7540,1929.3178,20.9257,362.4129,600.0000,0.0000
62.7500,20.7660,8.0895,407.9234,1902.8337,20.7674,357.9211,600.0000,0.0000
62.7667,20.7310,8.0803,596.7459,1883.7473,20.6317,353.4293,600.0000,0.0000
62.7833,20.7064,8.0712,793.1494,1870.3203,20.5134,348.9374,600.0000,0.0000
62.8000,20.6921,8.0620,993.9402,1862.4649,20.4122,344.4456,600.0000,0.0000
62.8167,20.6888,8.0528,1192.9804,1860.5436,20.3289,339.9538,600.0000,0.0000
62.8333,20.6926,8.0437,1383.0629,1862.4431,20.2571,335.4620,600.0000,0.0000
62.8500,20.7061,8.0345,1563.7090,1869.4736,20.2008,330.9702,600.0000,0.0000
62.8667,20.7272,8.0253,1726.4727,1880.4970,20.1562,326.4784,600.0000,0.0000
62.8833,20.7546,8.0162,1869.0842,1894.8995,20.1214,321.9865,600.0000,0.0000
62.9000,20.7871,8.0070,1988.9009,1912.0170,20.0942,317.4947,600.0000,0.0000
62.9167,20.8234,7.9978,2084.1358,1931.1553,20.0724,313.0029,600.0000,0.0000
62.9333,20.8621,7.9887,2153.8453,1951.6099,20.0539,308.5111,600.0000,0.0000
62.9500,20.9019,7.9795,2197.8951,1972.6864,20.0366,304.0193,600.0000,0.0000
62.9667,20.9417,7.9703,2216.9031,1993.7183,20.0185,299.5275,600.0000,0.0000
62.9833,20.9802,7.9612,2212.1655,2014.0851,19.9980,295.0356,600.0000,0.0000
63.0000,21.0164,7.9520,2185.5692,2033.2274,19.9734,290.5438,600.0000,0.0000
63.0167,20.9417,7.9303,0.0000,1991.7808,19.8102,286.0549,600.0000,0.0000
63.0333,20.8740,7.9087,93.2472,1954.5178,19.6582,281.5659,600.0000,0.0000
63.0500,20.8155,7.8870,236.6393,1922.6079,19.5210,277.0770,600.0000,0.0000
63.0667,20.7673,7.8653,405.8401,1896.5090,19.4000,272.5881,600.0000,0.0000
63.0833,20.7325,7.8437,593.5896,1877.7428,19.2994,268.0991,600.0000,0.0000
63.1000,20.7080,7.8220,788.8859,1864.5898,19.2145,263.6102,600.0000,0.0000
63.1167,20.6938,7.8003,988.5572,1856.9639,19.1451,259.1212,600.0000,0.0000
63.1333,20.6905,7.7787,1186.5050,1855.2133,19.0919,254.6323,600.0000,0.0000
63.1500,20.6942,7.7570,1375.5586,1857.2544,19.0490,250.1433,600.0000,0.0000
63.1667,20.7077,7.7353,1555.2465,1864.4006,19.0201,245.6544,600.0000,0.0000
63.1833,20.7286,7.7137,1717.1845,1875.5100,19.0019,241.1654,600.0000,0.0000
63.2000,20.7558,7.6920,1859.1101,1889.9740,18.9925,236.6765,600.0000,0.0000
63.2167,20.7881,7.6703,1978.3956,1907.1338,18.9899,232.1876,600.0000,0.0000
63.2333,20.8241,7.6487,2073.2628,1926.3006,18.9922,227.6986,600.0000,0.0000
63.2500,20.8626,7.6270,2142.7721,1946.7756,18.9974,223.2097,600.0000,0.0000
63.2667,20.9021,7.6053,2186.7875,1967.8694,19.0036,218.7207,600.0000,0.0000
63.2833,20.9416,7.5837,2205.9208,1988.9206,19.0090,214.2318,600.0000,0.0000
63.3000,20.9799,7.5620,2201.4581,2009.3134,19.0120,209.7428,600.0000,0.0000
63.3167,21.0159,7.5403,2175.2725,2028.4921,19.0111,205.2539,600.0000,0.0000
63.3333,20.9415,7.5187,0.0000,1987.3222,18.8537,200.7649,600.0000,0.0000
63.3500,20.8740,7.4970,93.5948,1950.3299,18.7066,196.2760,600.0000,0.0000
63.3667,20.8158,7.4753,236.6526,1918.6651,18.5732,191.7870,600.0000,0.0000
63.3833,20.7679,7.4537,405.3942,1892.7830,18.4546,187.2981,600.0000,0.0000
63.4000,20.7332,7.4320,592.5863,1874.1924,18.3550,182.8092,600.0000,0.0000
63.4167,20.7089,7.4103,787.2722,1861.1878,18.2698,178.3202,600.0000,0.0000
63.4333,20.6948,7.3887,986.2895,1853.6833,18.1988,173.8313,600.0000,0.0000
63.4500,20.6915,7.3670,1183.5634,1852.0062,18.1427,169.3423,600.0000,0.0000
63.4667,20.6953,7.3453,1371.9664,1854.1026,18.0961,164.8534,600.0000,0.0000
63.4833,20.7087,7.3237,1551.0189,1861.2982,18.0624,160.3644,600.0000,0.0000
63.5000,20.7296,7.3020,1712.3539,1872.4366,18.0385,155.8755,600.0000,0.0000
63.5167,20.7567,7.2803,1853.7311,1886.9118,18.0226,151.3865,600.0000,0.0000
63.5333,20.7889,7.2587,1972.5353,1904.0679,18.0130,146.8976,600.0000,0.0000
63.5500,20.8248,7.2370,2066.9985,1923.2192,18.0078,142.4087,600.0000,0.0000
63.5667,20.8632,7.2153,2136.1879,1943.6700,18.0053,137.9197,600.0000,0.0000
63.5833,20.9026,7.1937,2179.9715,1964.7339,18.0036,133.4308,600.0000,0.0000
63.6000,20.9420,7.1720,2198.9620,1985.7528,18.0012,128.9418,600.0000,0.0000
63.6167,20.9801,7.1503,2194.4443,2006.1134,17.9966,124.4529,600.0000,0.0000
63.6333,21.0159,7.1287,2168.2873,2025.2630,17.9885,119.9639,600.0000,0.0000
63.6500,20.9418,7.1070,0.0000,1984.3116,17.8367,115.4750,600.0000,0.0000
63.6667,20.8745,7.0853,93.1775,1947.5139,17.6944,110.9860,600.0000,0.0000
63.6833,20.8164,7.0637,235.7899,1916.0194,17.5646,106.4971,600.0000,0.0000
63.7000,20.7686,7.0420,404.0303,1890.2826,17.4486,102.0081,600.0000,0.0000
63.7167,20.7340,7.0203,590.6874,1871.8050,17.3499,97.5192,600.0000,0.0000
63.7333,20.7097,6.9987,784.8334,1858.8913,17.2645,93.0303,600.0000,0.0000
63.7500,20.6956,6.9770,983.3164,1851.4566,17.1920,88.5413,600.0000,0.0000
63.7667,20.6923,6.9553,1180.0779,1849.8186,17.1333,84.0524,600.0000,0.0000
63.7833,20.6961,6.9337,1367.9993,1851.9408,17.0832,79.5634,600.0000,0.0000
63.8000,20.7094,6.9120,1546.6074,1859.1541,17.0450,75.0745,600.0000,0.0000
63.8167,20.7302,6.8903,1707.5666,1870.2973,17.0157,70.5855,600.0000,0.0000
63.8333,20.7573,6.8687,1848.6348,1884.7669,16.9938,66.0966,600.0000,0.0000
63.8500,20.7894,6.8470,1967.2018,1901.9098,16.9776,61.6076,600.0000,0.0000
63.8667,20.8252,6.8253,2061.5020,1921.0429,16.9655,57.1187,600.0000,0.0000
63.8833,20.8634,6.8037,2130.6028,1941.4730,16.9558,52.6298,600.0000,0.0000
63.9000,20.9027,6.7820,2174.3701,1962.5164,16.9468,48.1408,600.0000,0.0000
63.9167,20.9419,6.7603,2193.4130,1983.5170,16.9372,43.6519,600.0000,0.0000
63.9333,20.9800,6.7387,2189.0104,2003.8638,16.9255,39.1629,600.0000,0.0000
63.9500,21.0157,6.7170,2163.0245,2023.0056,16.9106,34.6740,600.0000,0.0000
63.9667,20.9417,6.6953,0.0000,1982.2373,16.7645,30.1850,600.0000,0.0000
63.9833,20.8746,6.6737,93.2411,1945.6141,16.6271,25.6961,600.0000,0.0000
64.0000,20.8167,6.6520,235.6208,1914.2774,16.5011,21.2071,600.0000,0.0000
64.0167,20.7690,6.6320,403.5655,1888.6495,16.3954,20.8537,600.0000,0.0000
64.0333,20.7345,6.6120,589.8784,1870.2438,16.3056,20.5002,600.0000,0.0000
64.0500,20.7102,6.5920,783.6554,1857.3753,16.2279,20.1468,600.0000,0.0000
64.0667,20.6962,6.5720,981.7495,1849.9609,16.1620,19.7933,600.0000,0.0000
64.0833,20.6929,6.5520,1178.1143,1848.3171,16.1088,19.4399,600.0000,0.0000
64.1000,20.6967,6.5320,1365.6522,1850.4161,16.0634,19.0864,600.0000,0.0000
64.1167,20.7100,6.5120,1543.8861,1857.5827,16.0290,18.7330,600.0000,0.0000
64.1333,20.7308,6.4920,1704.4894,1868.6625,16.0028,18.3795,600.0000,0.0000
64.1500,20.7578,6.4720,1845.2289,1883.0535,15.9834,18.0261,600.0000,0.0000
64.1667,20.7899,6.4520,1963.5002,1900.1043,15.9693,17.6726,600.0000,0.0000
64.1833,20.8256,6.4320,2057.5412,1919.1338,15.9590,17.3192,600.0000,0.0000
64.2000,20.8638,6.4120,2126.4216,1939.4506,15.9509,16.9657,600.0000,0.0000
64.2167,20.9030,6.3920,2170.0083,1960.3729,15.9437,16.6123,600.0000,0.0000
64.2333,20.9422,6.3720,2188.9096,1981.2463,15.9358,16.2588,600.0000,0.0000
64.2500,20.9802,6.3520,2184.4029,2001.4617,15.9262,15.9054,600.0000,0.0000
64.2667,21.0159,6.3320,2158.3476,2020.4692,15.9136,15.5519,600.0000,0.0000
64.2833,20.9421,6.3120,0.0000,1979.7336,15.7806,15.1984,600.0000,0.0000
64.3000,20.8751,6.2920,92.6921,1943.1196,15.6554,14.8450,600.0000,0.0000
64.3167,20.8173,6.2720,234.6191,1911.7711,15.5408,14.4915,600.0000,0.0000
64.3333,20.7697,6.2520,402.0569,1886.1405,15.4377,14.1381,600.0000,0.0000
64.3500,20.7353,6.2320,587.8275,1867.7230,15.3493,13.7846,600.0000,0.0000
64.3667,20.7111,6.2120,781.0531,1854.8310,15.2719,13.4312,600.0000,0.0000
64.3833,20.6970,6.1920,978.5951,1847.3807,15.2056,13.0777,600.0000,0.0000
64.4000,20.6938,6.1720,1174.4222,1845.6998,15.1508,12.7243,600.0000,0.0000
64.4167,20.6975,6.1520,1361.4481,1847.7513,15.1032,12.3708,600.0000,0.0000
64.4333,20.7108,6.1320,1539.2007,1854.8447,15.0658,12.0174,600.0000,0.0000
64.4500,20.7315,6.1120,1699.3787,1865.8421,15.0358,11.6639,600.0000,0.0000
64.4667,20.7585,6.0920,1839.7492,1880.1435,15.0121,11.3105,600.0000,0.0000
64.4833,20.7904,6.0720,1957.7125,1897.0996,14.9933,10.9570,600.0000,0.0000
64.5000,20.8261,6.0520,2051.5094,1916.0311,14.9780,10.6036,600.0000,0.0000
64.5167,20.8641,6.0320,2120.2107,1936.2490,14.9647,10.2501,600.0000,0.0000
64.5333,20.9033,6.0120,2163.6820,1957.0735,14.9522,9.8967,600.0000,0.0000
64.5500,20.9424,5.9920,2182.5290,1977.8523,14.9392,9.5432,600.0000,0.0000
64.5667,20.9802,5.9720,2178.0249,1997.9780,14.9245,9.1898,600.0000,0.0000
64.5833,21.0159,5.9520,2152.0235,2016.9024,14.9072,8.8363,600.0000,0.0000
64.6000,20.9423,5.9320,0.0000,1976.3145,14.7795,8.4829,600.0000,0.0000
64.6167,20.8755,5.9120,92.3506,1939.8313,14.6590,8.1294,600.0000,0.0000
64.6333,20.8179,5.8920,233.8157,1908.5929,14.5481,7.7759,600.0000,0.0000
64.6500,20.7704,5.8720,400.7152,1883.0499,14.4479,7.4225,600.0000,0.0000
64.6667,20.7361,5.8520,585.8939,1864.6930,14.3612,7.0690,600.0000,0.0000
64.6833,20.7120,5.8320,778.5074,1851.8400,14.2846,6.7156,600.0000,0.0000
64.7000,20.6980,5.8120,975.4272,1844.4079,14.2181,6.3621,600.0000,0.0000
64.7167,20.6947,5.7920,1170.6400,1842.7254,14.1622,6.0087,600.0000,0.0000
64.7333,20.6985,5.7720,1357.0800,1844.7611,14.1129,5.6552,600.0000,0.0000
64.7500,20.7117,5.7520,1534.2769,1851.8167,14.0729,5.3018,600.0000,0.0000
64.7667,20.7324,5.7320,1693.9562,1862.7621,14.0398,4.9483,600.0000,0.0000
64.7833,20.7592,5.7120,1833.8899,1876.9994,14.0124,4.5949,600.0000,0.0000
64.8000,20.7911,5.6920,1951.4855,1893.8821,13.9895,4.2414,600.0000,0.0000
64.8167,20.8266,5.6720,2044.9887,1912.7336,13.9699,3.8880,600.0000,0.0000
64.8333,20.8646,5.6520,2113.4724,1932.8677,13.9521,3.5345,600.0000,0.0000
64.8500,20.9036,5.6320,2156.8021,1953.6070,13.9350,3.1811,600.0000,0.0000
64.8667,20.9426,5.6120,2175.5812,1974.3021,13.9175,2.8276,600.0000,0.0000
64.8833,20.9803,5.5920,2171.0787,1994.3476,13.8985,2.4742,600.0000,0.0000
64.9000,21.0158,5.5720,2145.1427,2013.1976,13.8770,2.1207,600.0000,0.0000
64.9167,20.9425,5.5520,0.0000,1972.7828,13.7549,1.7673,600.0000,0.0000
64.9333,20.8759,5.5320,92.0070,1936.4535,13.6392,1.4138,600.0000,0.0000
64.9500,20.8185,5.5120,233.0000,1905.3462,13.5324,1.0604,600.0000,0.0000
64.9667,20.7712,5.4920,399.3502,1879.9100,13.4354,0.7069,600.0000,0.0000
64.9833,20.7370,5.4720,583.9259,1861.6295,13.3508,0.3535,600.0000,0.0000
65.0000,20.6937,5.4520,775.9172,1838.5801,13.2581,0.0000,200.0000,0.0000
65.0167,20.6624,5.4387,1003.0600,1821.9932,13.2225,0.0000,200.0000,0.0000
65.0333,20.6432,5.4253,1236.9089,1811.8583,13.1978,0.0000,200.0000,0.0000
65.0500,20.6374,5.4120,1470.2077,1808.8616,13.1853,0.0000,200.0000,0.0000
65.0667,20.6401,5.3987,1693.5266,1810.3136,13.1801,0.0000,200.0000,0.0000
65.0833,20.6537,5.3853,1906.8236,1817.5378,13.1850,0.0000,200.0000,0.0000
65.1000,20.6764,5.3720,2100.9220,1829.4999,13.1979,0.0000,200.0000,0.0000
65.1167,20.7068,5.3587,2272.4050,1845.5147,13.2176,0.0000,200.0000,0.0000
65.1333,20.7434,5.3453,2417.9773,1864.8344,13.2428,0.0000,200.0000,0.0000
65.1500,20.7847,5.3320,2535.3374,1886.6697,13.2721,0.0000,200.0000,0.0000
65.1667,20.8322,5.3187,2623.1705,1911.7830,13.3072,0.0000,200.0000,0.0000
65.1833,20.8812,5.3053,2676.3231,1937.6875,13.3431,0.0000,200.0000,0.0000
65.2000,20.9299,5.2920,2698.6661,1963.5152,13.3789,0.0000,200.0000,0.0000
65.2167,20.9770,5.2787,2691.9370,1988.4609,13.4130,0.0000,200.0000,0.0000
65.2333,21.0183,5.2653,2658.6337,2010.3451,13.4416,0.0000,200.0000,0.0000
65.2500,20.9246,5.2520,0.0000,1958.8314,13.3509,0.0000,200.0000,0.0000
65.2667,20.8397,5.2387,120.6663,1912.6740,13.2678,0.0000,200.0000,0.0000
65.2833,20.7664,5.2253,301.7937,1873.2350,13.1951,0.0000,200.0000,0.0000
65.3000,20.7062,5.2120,515.1988,1841.0572,13.1341,0.0000,200.0000,0.0000
65.3167,20.6626,5.1987,751.7616,1817.9830,13.0883,0.0000,200.0000,0.0000
65.3333,20.6321,5.1853,997.6827,1801.8811,13.0536,0.0000,200.0000,0.0000
65.3500,20.6145,5.1720,1248.9622,1792.6330,13.0303,0.0000,200.0000,0.0000
65.3667,20.6104,5.1587,1497.9395,1790.5905,13.0192,0.0000,200.0000,0.0000
65.3833,20.6154,5.1453,1735.6877,1793.2438,13.0155,0.0000,200.0000,0.0000
65.4000,20.6325,5.1320,1961.5581,1802.2941,13.0229,0.0000,200.0000,0.0000
65.4167,20.6590,5.1187,2164.9328,1816.2593,13.0383,0.0000,200.0000,0.0000
65.4333,20.6934,5.1053,2343.0340,1834.3895,13.0606,0.0000,200.0000,0.0000
65.4500,20.7342,5.0920,2492.5701,1855.8718,13.0883,0.0000,200.0000,0.0000
65.4667,20.7827,5.0787,2611.3196,1881.4548,13.1231,0.0000,200.0000,0.0000
65.4833,20.8341,5.0653,2693.2259,1908.6048,13.1600,0.0000,200.0000,0.0000
65.5000,20.8865,5.0520,2741.4018,1936.3632,13.1977,0.0000,200.0000,0.0000
65.5167,20.9384,5.0387,2757.0173,1963.8178,13.2348,0.0000,200.0000,0.0000
65.5333,20.9880,5.0253,2742.1556,1990.1283,13.2699,0.0000,200.0000,0.0000
65.5500,21.0312,5.0120,2699.6765,2013.0229,13.2990,0.0000,200.0000,0.0000
65.5667,20.9374,4.9987,0.0000,1961.4107,13.2098,0.0000,200.0000,0.0000
65.5833,20.8513,4.9853,100.2249,1914.5987,13.1269,0.0000,200.0000,0.0000
65.6000,20.7766,4.9720,275.5680,1874.3776,13.0541,0.0000,200.0000,0.0000
65.6167,20.7147,4.9587,484.3176,1841.3240,12.9926,0.0000,200.0000,0.0000
65.6333,20.6665,4.9453,717.4091,1815.7636,12.9429,0.0000,200.0000,0.0000
65.6500,20.6345,4.9320,965.7404,1798.9211,12.9076,0.0000,200.0000,0.0000
65.6667,20.6155,4.9187,1217.0118,1788.9517,12.8831,0.0000,200.0000,0.0000
65.6833,20.6104,4.9053,1466.7805,1786.3800,12.8709,0.0000,200.0000,0.0000
65.7000,20.6144,4.8920,1705.5572,1788.5313,12.8659,0.0000,200.0000,0.0000
65.7167,20.6304,4.8787,1932.9737,1796.9782,12.8716,0.0000,200.0000,0.0000
65.7333,20.6559,4.8653,2138.7650,1810.4110,12.8854,0.0000,200.0000,0.0000
65.7500,20.6895,4.8520,2319.7356,1828.0895,12.9059,0.0000,200.0000,0.0000
65.7667,20.7296,4.8387,2472.4767,1849.2084,12.9320,0.0000,200.0000,0.0000
65.7833,20.7775,4.8253,2594.6487,1874.5026,12.9651,0.0000,200.0000,0.0000
65.8000,20.8286,4.8120,2680.1299,1901.4674,13.0004,0.0000,200.0000,0.0000
65.8167,20.8810,4.7987,2731.8659,1929.1428,13.0368,0.0000,200.0000,0.0000
65.8333,20.9329,4.7853,2750.9169,1956.6125,13.0726,0.0000,200.0000,0.0000
65.8500,20.9828,4.7720,2739.2697,1983.0295,13.1067,0.0000,200.0000,0.0000
65.8667,21.0264,4.7587,2699.7016,2006.1003,13.1349,0.0000,200.0000,0.0000
65.8833,20.9328,4.7453,0.0000,1954.7660,13.0476,0.0000,200.0000,0.0000
65.9000,20.8475,4.7320,107.4656,1908.4154,12.9667,0.0000,200.0000,0.0000
65.9167,20.7735,4.7187,284.3741,1868.6725,12.8957,0.0000,200.0000,0.0000
65.9333,20.7124,4.7053,494.1659,1836.0989,12.8357,0.0000,200.0000,0.0000
65.9500,20.6650,4.6920,727.7866,1811.0067,12.7874,0.0000,200.0000,0.0000
65.9667,20.6338,4.6787,976.1585,1794.5810,12.7530,0.0000,200.0000,0.0000
65.9833,20.6155,4.6653,1227.0988,1785.0001,12.7291,0.0000,200.0000,0.0000
66.0000,20.6000,4.6520,1476.1507,1776.9197,12.7078,0.0000,0.0000,0.0000
66.0167,20.5978,4.6487,1731.6811,1775.7776,12.7806,0.0000,0.0000,0.0000
66.0333,20.6048,4.6453,1975.1566,1779.4093,12.8610,0.0000,0.0000,0.0000
66.0500,20.6247,4.6420,2205.3589,1789.8209,12.9532,0.0000,0.0000,0.0000
66.0667,20.6540,4.6387,2410.6349,1805.1500,13.0536,0.0000,0.0000,0.0000
66.0833,20.6912,4.6353,2588.9290,1824.6081,13.1612,0.0000,0.0000,0.0000
66.1000,20.7345,4.6320,2737.0683,1847.3468,13.2747,0.0000,0.0000,0.0000
66.1167,20.7856,4.6287,2852.9880,1874.1664,13.3958,0.0000,0.0000,0.0000
66.1333,20.8393,4.6253,2930.5580,1902.4046,13.5195,0.0000,0.0000,0.0000
66.1500,20.8937,4.6220,2973.3189,1931.0775,13.6446,0.0000,0.0000,0.0000
66.1667,20.9471,4.6187,2982.6922,1959.2544,13.7695,0.0000,0.0000,0.0000
66.1833,20.9979,4.6153,2961.0185,1986.0831,13.8927,0.0000,0.0000,0.0000
66.2000,21.0448,4.6120,2911.4125,2010.8129,14.0131,0.0000,0.0000,0.0000
66.2167,20.9407,4.6087,0.0000,1953.6465,13.9990,0.0000,0.0000,0.0000
66.2333,20.8444,4.6053,94.8010,1901.3785,13.9910,0.0000,0.0000,0.0000
66.2500,20.7605,4.6020,284.4517,1856.3180,13.9936,0.0000,0.0000,0.0000
66.2667,20.6907,4.5987,512.0227,1819.1166,14.0084,0.0000,0.0000,0.0000
66.2833,20.6358,4.5953,767.5205,1790.1483,14.0366,0.0000,0.0000,0.0000
66.3000,20.5990,4.5920,1040.8757,1770.8224,14.0811,0.0000,0.0000,0.0000
66.3167,20.5765,4.5887,1318.2923,1759.0724,14.1385,0.0000,0.0000,0.0000
66.3333,20.5698,4.5853,1594.9095,1755.6390,14.2106,0.0000,0.0000,0.0000
66.3500,20.5732,4.5820,1859.6476,1757.4244,14.2917,0.0000,0.0000,0.0000
66.3667,20.5896,4.5787,2112.3987,1766.0387,14.3855,0.0000,0.0000,0.0000
66.3833,20.6167,4.5753,2342.2073,1780.2117,14.4896,0.0000,0.0000,0.0000
66.4000,20.6529,4.5720,2545.0968,1799.1442,14.6027,0.0000,0.0000,0.0000
66.4167,20.6965,4.5687,2717.1771,1821.9627,14.7233,0.0000,0.0000,0.0000
66.4333,20.7489,4.5653,2855.7373,1849.4713,14.8532,0.0000,0.0000,0.0000
66.4500,20.8050,4.5620,2953.9484,1878.9421,14.9869,0.0000,0.0000,0.0000
66.4667,20.8627,4.5587,3014.8836,1909.3183,15.1230,0.0000,0.0000,0.0000
66.4833,20.9201,4.5553,3039.5972,1939.5856,15.2594,0.0000,0.0000,0.0000
66.5000,20.9754,4.5520,3030.1804,1968.8011,15.3945,0.0000,0.0000,0.0000
66.5167,21.0271,4.5487,2989.6134,1996.1190,15.5269,0.0000,0.0000,0.0000
66.5333,20.9237,4.5453,0.0000,1939.4584,15.5083,0.0000,0.0000,0.0000
66.5500,20.8294,4.5420,122.0799,1888.4194,15.4976,0.0000,0.0000,0.0000
66.5667,20.7479,4.5387,318.6816,1844.7137,15.4989,0.0000,0.0000,0.0000
66.5833,20.6805,4.5353,551.5003,1808.9413,15.5137,0.0000,0.0000,0.0000
66.6000,20.6284,4.5320,810.5155,1781.4290,15.5431,0.0000,0.0000,0.0000
66.6167,20.5941,4.5287,1085.6855,1763.4529,15.5903,0.0000,0.0000,0.0000
66.6333,20.5740,4.5253,1363.5617,1753.0117,15.6515,0.0000,0.0000,0.0000
66.6500,20.5692,4.5220,1639.2016,1750.5344,15.7280,0.0000,0.0000,0.0000
66.6667,20.5743,4.5187,1902.5180,1753.2233,15.8145,0.0000,0.0000,0.0000
66.6833,20.5928,4.5153,2152.8980,1762.9198,15.9151,0.0000,0.0000,0.0000
66.7000,20.6217,4.5120,2378.7333,1778.0460,16.0266,0.0000,0.0000,0.0000
66.7167,20.6594,4.5087,2576.7906,1797.7866,16.1476,0.0000,0.0000,0.0000
66.7333,20.7073,4.5053,2743.3827,1822.8281,16.2798,0.0000,0.0000,0.0000
66.7500,20.7604,4.5020,2871.1807,1850.6833,16.4179,0.0000,0.0000,0.0000
66.7667,20.8167,4.4987,2961.8281,1880.2877,16.5600,0.0000,0.0000,0.0000
66.7833,20.8743,4.4953,3015.4498,1910.5950,16.7041,0.0000,0.0000,0.0000
66.8000,20.9312,4.4920,3033.3063,1940.6068,16.8482,0.0000,0.0000,0.0000
66.8167,20.9858,4.4887,3017.6646,1969.4011,16.9906,0.0000,0.0000,0.0000
66.8333,21.0365,4.4853,2971.6471,1996.1568,17.1295,0.0000,0.0000,0.0000
66.8500,20.9330,4.4820,0.0000,1939.4618,17.1049,0.0000,0.0000,0.0000
66.8667,20.8379,4.4787,107.2647,1887.9831,17.0883,0.0000,0.0000,0.0000
66.8833,20.7553,4.4753,299.6624,1843.7424,17.0843,0.0000,0.0000,0.0000
66.9000,20.6867,4.4720,529.0941,1807.3646,17.0950,0.0000,0.0000,0.0000
66.9167,20.6333,4.4687,785.5805,1779.2003,17.1215,0.0000,0.0000,0.0000
66.9333,20.5977,4.4653,1059.0916,1760.5908,17.1673,0.0000,0.0000,0.0000
66.9500,20.5764,4.4620,1336.0278,1749.5088,17.2283,0.0000,0.0000,0.0000
66.9667,20.5706,4.4587,1611.5027,1746.5444,17.3063,0.0000,0.0000,0.0000
66.9833,20.5747,4.4553,1874.9237,1748.7544,17.3952,0.0000,0.0000,0.0000
67.0000,20.4838,4.4520,0.0000,1701.4521,17.3794,0.0000,0.0000,0.0000
67.0167,20.3953,4.4512,0.0000,1655.8960,17.3042,0.0000,0.0000,0.0000
67.0333,20.3091,4.4503,0.0000,1612.0121,17.2314,0.0000,0.0000,0.0000
67.0500,20.2252,4.4495,0.0000,1569.7148,17.1609,0.0000,0.0000,0.0000
67.0667,20.1434,4.4487,0.0000,1528.9270,17.0925,0.0000,0.0000,0.0000
67.0833,20.0637,4.4478,0.0000,1489.5779,17.0264,0.0000,0.0000,0.0000
67.1000,19.9860,4.4470,0.0000,1451.6022,16.9623,0.0000,0.0000,0.0000
67.1167,19.9103,4.4462,0.0000,1414.9391,16.9002,0.0000,0.0000,0.0000
67.1333,19.8364,4.4453,0.0000,1379.5317,16.8400,0.0000,0.0000,0.0000
67.1500,19.7643,4.4445,0.0000,1345.3266,16.7817,0.0000,0.0000,0.0000
67.1667,19.6940,4.4437,0.0000,1312.2738,16.7252,0.0000,0.0000,0.0000
67.1833,19.6254,4.4428,0.0000,1280.3258,16.6704,0.0000,0.0000,0.0000
67.2000,19.5584,4.4420,0.0000,1249.4378,16.6173,0.0000,0.0000,0.0000
67.2167,19.4931,4.4412,0.0000,1219.5677,16.5658,0.0000,0.0000,0.0000
67.2333,19.4292,4.4403,0.0000,1190.6754,16.5159,0.0000,0.0000,0.0000
67.2500,19.3668,4.4395,0.0000,1162.7228,16.4675,0.0000,0.0000,0.0000
67.2667,19.3059,4.4387,0.0000,1135.6741,16.4205,0.0000,0.0000,0.0000
67.2833,19.2463,4.4378,0.0000,1109.4950,16.3750,0.0000,0.0000,0.0000
67.3000,19.1881,4.4370,0.0000,1084.1531,16.3309,0.0000,0.0000,0.0000
67.3167,19.1312,4.4362,0.0000,1059.6178,16.2881,0.0000,0.0000,0.0000
67.3333,19.0756,4.4353,0.0000,1035.8597,16.2466,0.0000,0.0000,0.0000
67.3500,19.0211,4.4345,0.0000,1012.8513,16.2063,0.0000,0.0000,0.0000
67.3667,18.9679,4.4337,0.0000,990.5663,16.1673,0.0000,0.0000,0.0000
67.3833,18.9158,4.4328,0.0000,968.9799,16.1294,0.0000,0.0000,0.0000
67.4000,18.8648,4.4320,0.0000,948.0684,16.0927,0.0000,0.0000,0.0000
67.4167,18.8148,4.4312,0.0000,927.8098,16.0570,0.0000,0.0000,0.0000
67.4333,18.7660,4.4303,0.0000,908.1833,16.0224,0.0000,0.0000,0.0000
67.4500,18.7181,4.4295,0.0000,889.1693,15.9889,0.0000,0.0000,0.0000
67.4667,18.6712,4.4287,0.0000,870.7496,15.9563,0.0000,0.0000,0.0000
67.4833,18.6281,4.4278,0.0000,854.0304,15.9282,0.0000,0.0000,0.0000
67.5000,18.5859,4.4270,0.0000,837.8059,15.9007,0.0000,0.0000,0.0000
67.5167,18.5445,4.4262,0.0000,822.0649,15.8741,0.0000,0.0000,0.0000
67.5333,18.5038,4.4253,0.0000,806.7979,15.8482,0.0000,0.0000,0.0000
67.5500,18.4638,4.4245,0.0000,791.9976,15.8230,0.0000,0.0000,0.0000
67.5667,18.4245,4.4237,0.0000,777.6601,15.7986,0.0000,0.0000,0.0000
67.5833,18.3860,4.4228,0.0000,763.7855,15.7749,0.0000,0.0000,0.0000
67.6000,18.3481,4.4220,0.0000,750.3828,15.7518,0.0000,0.0000,0.0000
67.6167,18.3108,4.4212,0.0000,737.4787,15.7294,0.0000,0.0000,0.0000
67.6333,18.2742,4.4203,0.0000,725.1688,15.7076,0.0000,0.0000,0.0000
67.6500,18.2381,4.4195,0.0000,712.8046,15.6864,0.0000,0.0000,0.0000
67.6667,18.2027,4.4187,0.0000,699.8425,15.6659,0.0000,0.0000,0.0000
67.6833,18.1680,4.4178,0.0000,686.7726,15.6460,0.0000,0.0000,0.0000
67.7000,18.1339,4.4170,0.0000,673.7204,15.6268,0.0000,0.0000,0.0000
67.7167,18.1004,4.4162,0.0000,660.7501,15.6083,0.0000,0.0000,0.0000
67.7333,18.0676,4.4153,0.0000,647.9013,15.5904,0.0000,0.0000,0.0000
67.7500,18.0354,4.4145,0.0000,635.2004,15.5732,0.0000,0.0000,0.0000
67.7667,18.0038,4.4137,0.0000,622.6659,15.5566,0.0000,0.0000,0.0000
67.7833,17.9729,4.4128,0.0000,610.3110,15.5407,0.0000,0.0000,0.0000
67.8000,17.9425,4.4120,0.0000,598.1454,15.5253,0.0000,0.0000,0.0000
67.8167,17.9127,4.4112,0.0000,586.1758,15.5106,0.0000,0.0000,0.0000
67.8333,17.8836,4.4103,0.0000,574.4071,15.4966,0.0000,0.0000,0.0000
67.8500,17.8549,4.4095,0.0000,562.8426,15.4831,0.0000,0.0000,0.0000
67.8667,17.8269,4.4087,0.0000,551.4844,15.4702,0.0000,0.0000,0.0000
67.8833,17.7994,4.4078,0.0000,540.3335,15.4578,0.0000,0.0000,0.0000
67.9000,17.7724,4.4070,0.0000,529.3902,15.4461,0.0000,0.0000,0.0000
67.9167,17.7460,4.4062,0.0000,518.6541,15.4349,0.0000,0.0000,0.0000
67.9333,17.7201,4.4053,0.0000,508.1243,15.4242,0.0000,0.0000,0.0000
67.9500,17.6947,4.4045,0.0000,497.7994,15.4141,0.0000,0.0000,0.0000
67.9667,17.6698,4.4037,0.0000,487.6777,15.4045,0.0000,0.0000,0.0000
67.9833,17.6454,4.4028,0.0000,477.7572,15.3955,0.0000,0.0000,0.0000
68.0000,17.6215,4.4020,0.0000,468.0357,15.3869,0.0000,0.0000,0.0000
68.0167,17.5981,4.3928,0.0000,458.5859,15.2922,0.0000,0.0000,0.0000
68.0333,17.5751,4.3837,0.0000,449.3301,15.1982,0.0000,0.0000,0.0000
68.0500,17.5526,4.3745,0.0000,440.2656,15.1051,0.0000,0.0000,0.0000
68.0667,17.5305,4.3653,0.0000,431.3895,15.0127,0.0000,0.0000,0.0000
68.0833,17.5088,4.3562,0.0000,422.6989,14.9211,0.0000,0.0000,0.0000
68.1000,17.4876,4.3470,0.0000,414.1906,14.8302,0.0000,0.0000,0.0000
68.1167,17.4668,4.3378,0.0000,405.8616,14.7401,0.0000,0.0000,0.0000
68.1333,17.4464,4.3287,0.0000,397.7088,14.6506,0.0000,0.0000,0.0000
68.1500,17.4264,4.3195,0.0000,389.7290,14.5618,0.0000,0.0000,0.0000
68.1667,17.4068,4.3103,0.0000,381.9190,14.4738,0.0000,0.0000,0.0000
68.1833,17.3876,4.3012,0.0000,374.2757,14.3863,0.0000,0.0000,0.0000
68.2000,17.3687,4.2920,0.0000,366.7959,14.2995,0.0000,0.0000,0.0000
68.2167,17.3502,4.2828,0.0000,359.4765,14.2134,0.0000,0.0000,0.0000
68.2333,17.3321,4.2737,0.0000,352.3143,14.1278,0.0000,0.0000,0.0000
68.2500,17.3143,4.2645,0.0000,345.3062,14.0429,0.0000,0.0000,0.0000
68.2667,17.2969,4.2553,0.0000,338.4492,13.9585,0.0000,0.0000,0.0000
68.2833,17.2798,4.2462,0.0000,331.7401,13.8747,0.0000,0.0000,0.0000
68.3000,17.2630,4.2370,0.0000,325.1760,13.7915,0.0000,0.0000,0.0000
68.3167,17.2466,4.2278,0.0000,318.7538,13.7088,0.0000,0.0000,0.0000
68.3333,17.2304,4.2187,0.0000,312.4707,13.6266,0.0000,0.0000,0.0000
68.3500,17.2146,4.2095,0.0000,306.3237,13.5450,0.0000,0.0000,0.0000
68.3667,17.1991,4.2003,0.0000,300.3100,13.4638,0.0000,0.0000,0.0000
68.3833,17.1839,4.1912,0.0000,294.4267,13.3832,0.0000,0.0000,0.0000
68.4000,17.1689,4.1820,0.0000,288.6711,13.3030,0.0000,0.0000,0.0000
68.4167,17.1543,4.1728,0.0000,283.0405,13.2234,0.0000,0.0000,0.0000
68.4333,17.1399,4.1637,0.0000,277.5321,13.1442,0.0000,0.0000,0.0000
68.4500,17.1258,4.1545,0.0000,272.1434,13.0654,0.0000,0.0000,0.0000
68.4667,17.1119,4.1453,0.0000,266.8718,12.9871,0.0000,0.0000,0.0000
68.4833,17.0983,4.1362,0.0000,261.7147,12.9093,0.0000,0.0000,0.0000
68.5000,17.0850,4.1270,0.0000,256.6697,12.8318,0.0000,0.0000,0.0000
68.5167,17.0719,4.1178,0.0000,251.7343,12.7548,0.0000,0.0000,0.0000
68.5333,17.0620,4.1087,0.0000,248.0257,12.6812,0.0000,0.0000,0.0000
68.5500,17.0523,4.0995,0.0000,244.3797,12.6078,0.0000,0.0000,0.0000
68.5667,17.0426,4.0903,0.0000,240.7953,12.5347,0.0000,0.0000,0.0000
68.5833,17.0331,4.0812,0.0000,237.2715,12.4618,0.0000,0.0000,0.0000
68.6000,17.0238,4.0720,0.0000,233.8071,12.3892,0.0000,0.0000,0.0000
68.6167,17.0146,4.0628,0.0000,230.4010,12.3169,0.0000,0.0000,0.0000
68.6333,17.0055,4.0537,0.0000,227.0524,12.2448,0.0000,0.0000,0.0000
68.6500,16.9965,4.0445,0.0000,223.7602,12.1729,0.0000,0.0000,0.0000
68.6667,16.9877,4.0353,0.0000,220.5235,12.1013,0.0000,0.0000,0.0000
68.6833,16.9790,4.0262,0.0000,217.3412,12.0300,0.0000,0.0000,0.0000
68.7000,16.9704,4.0170,0.0000,214.2125,11.9589,0.0000,0.0000,0.0000
68.7167,16.9619,4.0078,0.0000,211.1364,11.8880,0.0000,0.0000,0.0000
68.7333,16.9535,3.9987,0.0000,208.1121,11.8174,0.0000,0.0000,0.0000
68.7500,16.9453,3.9895,0.0000,205.1386,11.7470,0.0000,0.0000,0.0000
68.7667,16.9372,3.9803,0.0000,202.2150,11.6769,0.0000,0.0000,0.0000
68.7833,16.9292,3.9712,0.0000,199.3407,11.6069,0.0000,0.0000,0.0000
68.8000,16.9213,3.9620,0.0000,196.5145,11.5372,0.0000,0.0000,0.0000
68.8167,16.9135,3.9528,0.0000,193.7359,11.4678,0.0000,0.0000,0.0000
68.8333,16.9058,3.9437,0.0000,191.0039,11.3985,0.0000,0.0000,0.0000
68.8500,16.8982,3.9345,0.0000,188.3177,11.3295,0.0000,0.0000,0.0000
68.8667,16.8907,3.9253,0.0000,185.6766,11.2607,0.0000,0.0000,0.0000
68.8833,16.8833,3.9162,0.0000,183.0798,11.1921,0.0000,0.0000,0.0000
68.9000,16.8760,3.9070,0.0000,180.5266,11.1238,0.0000,0.0000,0.0000
68.9167,16.8689,3.8978,0.0000,178.0161,11.0556,0.0000,0.0000,0.0000
68.9333,16.8618,3.8887,0.0000,175.5477,10.9877,0.0000,0.0000,0.0000
68.9500,16.8548,3.8795,0.0000,173.1207,10.9199,0.0000,0.0000,0.0000
68.9667,16.8479,3.8703,0.0000,170.7343,10.8524,0.0000,0.0000,0.0000
68.9833,16.8411,3.8612,0.0000,168.3878,10.7851,0.0000,0.0000,0.0000
69.0000,16.8344,3.8520,0.0000,166.0807,10.7180,0.0000,0.0000,0.0000
69.0167,16.8277,3.8428,0.0000,163.8114,10.6934,0.0000,0.0000,0.0000
69.0333,16.8212,3.8337,0.0000,161.5794,10.6690,0.0000,0.0000,0.0000
69.0500,16.8147,3.8245,0.0000,159.3841,10.6446,0.0000,0.0000,0.0000
69.0667,16.8083,3.8153,0.0000,157.2247,10.6202,0.0000,0.0000,0.0000
69.0833,16.8020,3.8062,0.0000,155.1008,10.5960,0.0000,0.0000,0.0000
69.1000,16.7958,3.7970,0.0000,153.0117,10.5719,0.0000,0.0000,0.0000
69.1167,16.7897,3.7878,0.0000,150.9568,10.5478,0.0000,0.0000,0.0000
69.1333,16.7836,3.7787,0.0000,148.9356,10.5238,0.0000,0.0000,0.0000
69.1500,16.7777,3.7695,0.0000,146.9475,10.4999,0.0000,0.0000,0.0000
69.1667,16.7717,3.7603,0.0000,144.9918,10.4760,0.0000,0.0000,0.0000
69.1833,16.7659,3.7512,0.0000,143.0682,10.4522,0.0000,0.0000,0.0000
69.2000,16.7601,3.7420,0.0000,141.1760,10.4285,0.0000,0.0000,0.0000
69.2167,16.7545,3.7328,0.0000,139.3147,10.4049,0.0000,0.0000,0.0000
69.2333,16.7488,3.7237,0.0000,137.4838,10.3814,0.0000,0.0000,0.0000
69.2500,16.7433,3.7145,0.0000,135.6828,10.3579,0.0000,0.0000,0.0000
69.2667,16.7378,3.7053,0.0000,133.9112,10.3344,0.0000,0.0000,0.0000
69.2833,16.7324,3.6962,0.0000,132.1684,10.3111,0.0000,0.0000,0.0000
69.3000,16.7271,3.6870,0.0000,130.4540,10.2878,0.0000,0.0000,0.0000
69.3167,16.7218,3.6778,0.0000,128.7676,10.2646,0.0000,0.0000,0.0000
69.3333,16.7165,3.6687,0.0000,127.1087,10.2414,0.0000,0.0000,0.0000
69.3500,16.7114,3.6595,0.0000,125.4767,10.2183,0.0000,0.0000,0.0000
69.3667,16.7063,3.6503,0.0000,123.8713,10.1953,0.0000,0.0000,0.0000
69.3833,16.7013,3.6412,0.0000,122.2920,10.1723,0.0000,0.0000,0.0000
69.4000,16.6963,3.6320,0.0000,120.7384,10.1494,0.0000,0.0000,0.0000
69.4167,16.6914,3.6228,0.0000,119.2100,10.1265,0.0000,0.0000,0.0000
69.4333,16.6865,3.6137,0.0000,117.7064,10.1037,0.0000,0.0000,0.0000
69.4500,16.6817,3.6045,0.0000,116.2273,10.0809,0.0000,0.0000,0.0000
69.4667,16.6770,3.5953,0.0000,114.7722,10.0582,0.0000,0.0000,0.0000
69.4833,16.6723,3.5862,0.0000,113.3406,10.0356,0.0000,0.0000,0.0000
69.5000,16.6677,3.5770,0.0000,111.9323,10.0130,0.0000,0.0000,0.0000
69.5167,16.6631,3.5678,0.0000,110.5468,9.9905,0.0000,0.0000,0.0000
69.5333,16.6585,3.5587,0.0000,109.1838,9.9680,0.0000,0.0000,0.0000
69.5500,16.6541,3.5495,0.0000,107.8429,9.9455,0.0000,0.0000,0.0000
69.5667,16.6496,3.5403,0.0000,106.5237,9.9232,0.0000,0.0000,0.0000
69.5833,16.6453,3.5312,0.0000,105.2258,9.9008,0.0000,0.0000,0.0000
69.6000,16.6409,3.5220,0.0000,103.9490,9.8785,0.0000,0.0000,0.0000
69.6167,16.6367,3.5128,0.0000,102.6928,9.8563,0.0000,0.0000,0.0000
69.6333,16.6324,3.5037,0.0000,101.4570,9.8341,0.0000,0.0000,0.0000
69.6500,16.6283,3.4945,0.0000,100.2411,9.8120,0.0000,0.0000,0.0000
69.6667,16.6241,3.4853,0.0000,99.0449,9.7899,0.0000,0.0000,0.0000
69.6833,16.6200,3.4762,0.0000,97.8680,9.7678,0.0000,0.0000,0.0000
69.7000,16.6160,3.4670,0.0000,96.7102,9.7458,0.0000,0.0000,0.0000
69.7167,16.6120,3.4578,0.0000,95.5710,9.7239,0.0000,0.0000,0.0000
69.7333,16.6080,3.4487,0.0000,94.4503,9.7019,0.0000,0.0000,0.0000
69.7500,16.6041,3.4395,0.0000,93.3477,9.6801,0.0000,0.0000,0.0000
69.7667,16.6002,3.4303,0.0000,92.2628,9.6582,0.0000,0.0000,0.0000
69.7833,16.5964,3.4212,0.0000,91.1955,9.6364,0.0000,0.0000,0.0000
69.8000,16.5926,3.4120,0.0000,90.1455,9.6147,0.0000,0.0000,0.0000
69.8167,16.5889,3.4028,0.0000,89.1123,9.5930,0.0000,0.0000,0.0000
69.8333,16.5852,3.3937,0.0000,88.0959,9.5713,0.0000,0.0000,0.0000
69.8500,16.5815,3.3845,0.0000,87.0959,9.5497,0.0000,0.0000,0.0000
69.8667,16.5778,3.3753,0.0000,86.1120,9.5281,0.0000,0.0000,0.0000
69.8833,16.5743,3.3662,0.0000,85.1439,9.5065,0.0000,0.0000,0.0000
69.9000,16.5707,3.3570,0.0000,84.1915,9.4850,0.0000,0.0000,0.0000
69.9167,16.5672,3.3478,0.0000,83.2545,9.4635,0.0000,0.0000,0.0000
69.9333,16.5637,3.3387,0.0000,82.3325,9.4421,0.0000,0.0000,0.0000
69.9500,16.5602,3.3295,0.0000,81.4255,9.4207,0.0000,0.0000,0.0000
69.9667,16.5568,3.3203,0.0000,80.5331,9.3993,0.0000,0.0000,0.0000
69.9833,16.5534,3.3112,0.0000,79.6550,9.3780,0.0000,0.0000,0.0000
70.0000,16.5501,3.3020,0.0000,78.7912,9.3567,0.0000,0.0000,0.0000
70.0167,16.5468,3.2953,0.0000,77.9187,9.3622,0.0000,0.0000,0.0000
70.0333,16.5435,3.2887,0.0000,77.0598,9.3677,0.0000,0.0000,0.0000
70.0500,16.5402,3.2820,0.0000,76.2144,9.3733,0.0000,0.0000,0.0000
70.0667,16.5370,3.2753,0.0000,75.3822,9.3789,0.0000,0.0000,0.0000
70.0833,16.5338,3.2687,0.0000,74.5630,9.3845,0.0000,0.0000,0.0000
70.1000,16.5307,3.2620,0.0000,73.7566,9.3901,0.0000,0.0000,0.0000
70.1167,16.5275,3.2553,0.0000,72.9627,9.3957,0.0000,0.0000,0.0000
70.1333,16.5244,3.2487,0.0000,72.1813,9.4014,0.0000,0.0000,0.0000
70.1500,16.5213,3.2420,0.0000,71.4120,9.4071,0.0000,0.0000,0.0000
70.1667,16.5183,3.2353,0.0000,70.6548,9.4128,0.0000,0.0000,0.0000
70.1833,16.5153,3.2287,0.0000,69.9093,9.4186,0.0000,0.0000,0.0000
70.2000,16.5123,3.2220,0.0000,69.1754,9.4243,0.0000,0.0000,0.0000
70.2167,16.5093,3.2153,0.0000,68.4530,9.4301,0.0000,0.0000,0.0000
70.2333,16.5064,3.2087,0.0000,67.7418,9.4359,0.0000,0.0000,0.0000
70.2500,16.5035,3.2020,0.0000,67.0417,9.4418,0.0000,0.0000,0.0000
70.2667,16.5006,3.1953,0.0000,66.3525,9.4476,0.0000,0.0000,0.0000
70.2833,16.4978,3.1887,0.0000,65.6740,9.4535,0.0000,0.0000,0.0000
70.3000,16.4949,3.1820,0.0000,65.0061,9.4594,0.0000,0.0000,0.0000
70.3167,16.4921,3.1753,0.0000,64.3485,9.4653,0.0000,0.0000,0.0000
70.3333,16.4894,3.1687,0.0000,63.7011,9.4712,0.0000,0.0000,0.0000
70.3500,16.4866,3.1620,0.0000,63.0638,9.4772,0.0000,0.0000,0.0000
70.3667,16.4839,3.1553,0.0000,62.4364,9.4832,0.0000,0.0000,0.0000
70.3833,16.4812,3.1487,0.0000,61.8188,9.4891,0.0000,0.0000,0.0000
70.4000,16.4785,3.1420,0.0000,61.2107,9.4952,0.0000,0.0000,0.0000
70.4167,16.4758,3.1353,0.0000,60.6121,9.5012,0.0000,0.0000,0.0000
70.4333,16.4732,3.1287,0.0000,60.0227,9.5072,0.0000,0.0000,0.0000
70.4500,16.4705,3.1220,0.0000,59.4425,9.5133,0.0000,0.0000,0.0000
70.4667,16.4679,3.1153,0.0000,58.8713,9.5194,0.0000,0.0000,0.0000
70.4833,16.4654,3.1087,0.0000,58.3090,9.5255,0.0000,0.0000,0.0000
70.5000,16.4628,3.1020,0.0000,57.7553,9.5316,0.0000,0.0000,0.0000
70.5167,16.4603,3.0953,0.0000,57.2103,9.5378,0.0000,0.0000,0.0000
70.5333,16.4577,3.0887,0.0000,56.6737,9.5439,0.0000,0.0000,0.0000
70.5500,16.4553,3.0820,0.0000,56.1454,9.5501,0.0000,0.0000,0.0000
70.5667,16.4528,3.0753,0.0000,55.6253,9.5563,0.0000,0.0000,0.0000
70.5833,16.4503,3.0687,0.0000,55.1132,9.5625,0.0000,0.0000,0.0000
70.6000,16.4479,3.0620,0.0000,54.6091,9.5687,0.0000,0.0000,0.0000
70.6167,16.4455,3.0553,0.0000,54.1127,9.5750,0.0000,0.0000,0.0000
70.6333,16.4431,3.0487,0.0000,53.6241,9.5812,0.0000,0.0000,0.0000
70.6500,16.4407,3.0420,0.0000,53.1430,9.5875,0.0000,0.0000,0.0000
70.6667,16.4383,3.0353,0.0000,52.6693,9.5938,0.0000,0.0000,0.0000
70.6833,16.4360,3.0287,0.0000,52.2030,9.6001,0.0000,0.0000,0.0000
70.7000,16.4336,3.0220,0.0000,51.7439,9.6064,0.0000,0.0000,0.0000
70.7167,16.4313,3.0153,0.0000,51.2919,9.6128,0.0000,0.0000,0.0000
70.7333,16.4290,3.0087,0.0000,50.8469,9.6191,0.0000,0.0000,0.0000
70.7500,16.4267,3.0020,0.0000,50.4088,9.6255,0.0000,0.0000,0.0000
70.7667,16.4245,2.9953,0.0000,49.9774,9.6319,0.0000,0.0000,0.0000
70.7833,16.4222,2.9887,0.0000,49.5527,9.6383,0.0000,0.0000,0.0000
70.8000,16.4200,2.9820,0.0000,49.1346,9.6447,0.0000,0.0000,0.0000
70.8167,16.4178,2.9753,0.0000,48.7230,9.6511,0.0000,0.0000,0.0000
70.8333,16.4156,2.9687,0.0000,48.3177,9.6575,0.0000,0.0000,0.0000
70.8500,16.4134,2.9620,0.0000,47.9186,9.6640,0.0000,0.0000,0.0000
70.8667,16.4112,2.9553,0.0000,47.5258,9.6705,0.0000,0.0000,0.0000
70.8833,16.4090,2.9487,0.0000,47.1390,9.6769,0.0000,0.0000,0.0000
70.9000,16.4069,2.9420,0.0000,46.7582,9.6834,0.0000,0.0000,0.0000
70.9167,16.4048,2.9353,0.0000,46.3833,9.6899,0.0000,0.0000,0.0000
70.9333,16.4026,2.9287,0.0000,46.0141,9.6965,0.0000,0.0000,0.0000
70.9500,16.4005,2.9220,0.0000,45.6507,9.7030,0.0000,0.0000,0.0000
70.9667,16.3984,2.9153,0.0000,45.2929,9.7095,0.0000,0.0000,0.0000
70.9833,16.3964,2.9087,0.0000,44.9406,9.7161,0.0000,0.0000,0.0000
71.0000,16.3935,2.9020,0.0000,44.4380,9.7220,0.0000,0.0000,0.0000
71.0167,16.3909,2.9187,0.0000,43.7747,9.7585,0.0000,0.0000,0.0000
71.0333,16.3882,2.9353,0.0000,43.1243,9.7949,0.0000,0.0000,0.0000
71.0500,16.3856,2.9520,0.0000,42.4863,9.8314,0.0000,0.0000,0.0000
71.0667,16.3831,2.9687,0.0000,41.8606,9.8679,0.0000,0.0000,0.0000
71.0833,16.3806,2.9853,0.0000,41.2470,9.9044,0.0000,0.0000,0.0000
71.1000,16.3781,3.0020,0.0000,40.6452,9.9410,0.0000,0.0000,0.0000
71.1167,16.3756,3.0187,0.0000,40.0549,9.9775,0.0000,0.0000,0.0000
71.1333,16.3731,3.0353,0.0000,39.4759,10.0140,0.0000,0.0000,0.0000
71.1500,16.3707,3.0520,0.0000,38.9080,10.0505,0.0000,0.0000,0.0000
71.1667,16.3683,3.0687,0.0000,38.3510,10.0870,0.0000,0.0000,0.0000
71.1833,16.3659,3.0853,0.0000,37.8046,10.1235,0.0000,0.0000,0.0000
71.2000,16.3636,3.1020,0.0000,37.2686,10.1599,0.0000,0.0000,0.0000
71.2167,16.3613,3.1187,0.0000,36.7428,10.1964,0.0000,0.0000,0.0000
71.2333,16.3590,3.1353,0.0000,36.2270,10.2329,0.0000,0.0000,0.0000
71.2500,16.3567,3.1520,0.0000,35.7211,10.2693,0.0000,0.0000,0.0000
71.2667,16.3545,3.1687,0.0000,35.2247,10.3057,0.0000,0.0000,0.0000
71.2833,16.3522,3.1853,0.0000,34.7378,10.3421,0.0000,0.0000,0.0000
71.3000,16.3505,3.2020,0.0000,34.3348,10.3790,0.0000,0.0000,0.0000
71.3167,16.3488,3.2187,0.0000,33.9377,10.4158,0.0000,0.0000,0.0000
71.3333,16.3472,3.2353,0.0000,33.5463,10.4525,0.0000,0.0000,0.0000
71.3500,16.3455,3.2520,0.0000,33.1605,10.4893,0.0000,0.0000,0.0000
71.3667,16.3439,3.2687,0.0000,32.7802,10.5260,0.0000,0.0000,0.0000
71.3833,16.3422,3.2853,0.0000,32.4054,10.5627,0.0000,0.0000,0.0000
71.4000,16.3406,3.3020,0.0000,32.0359,10.5993,0.0000,0.0000,0.0000
71.4167,16.3390,3.3187,0.0000,31.6717,10.6359,0.0000,0.0000,0.0000
71.4333,16.3374,3.3353,0.0000,31.3127,10.6725,0.0000,0.0000,0.0000
71.4500,16.3358,3.3520,0.0000,30.9588,10.7091,0.0000,0.0000,0.0000
71.4667,16.3342,3.3687,0.0000,30.6100,10.7456,0.0000,0.0000,0.0000
71.4833,16.3327,3.3853,0.0000,30.2661,10.7820,0.0000,0.0000,0.0000
71.5000,16.3311,3.4020,0.0000,29.9270,10.8185,0.0000,0.0000,0.0000
71.5167,16.3296,3.4187,0.0000,29.5928,10.8549,0.0000,0.0000,0.0000
71.5333,16.3281,3.4353,0.0000,29.2633,10.8912,0.0000,0.0000,0.0000
71.5500,16.3266,3.4520,0.0000,28.9385,10.9276,0.0000,0.0000,0.0000
71.5667,16.3251,3.4687,0.0000,28.6183,10.9638,0.0000,0.0000,0.0000
71.5833,16.3236,3.4853,0.0000,28.3025,11.0001,0.0000,0.0000,0.0000
71.6000,16.3221,3.5020,0.0000,27.9913,11.0362,0.0000,0.0000,0.0000
71.6167,16.3206,3.5187,0.0000,27.6843,11.0724,0.0000,0.0000,0.0000
71.6333,16.3191,3.5353,0.0000,27.3817,11.1085,0.0000,0.0000,0.0000
71.6500,16.3177,3.5520,0.0000,27.0834,11.1445,0.0000,0.0000,0.0000
71.6667,16.3162,3.5687,0.0000,26.7892,11.1805,0.0000,0.0000,0.0000
71.6833,16.3148,3.5853,0.0000,26.4992,11.2164,0.0000,0.0000,0.0000
71.7000,16.3134,3.6020,0.0000,26.2132,11.2523,0.0000,0.0000,0.0000
71.7167,16.3120,3.6187,0.0000,25.9312,11.2882,0.0000,0.0000,0.0000
71.7333,16.3106,3.6353,0.0000,25.6531,11.3240,0.0000,0.0000,0.0000
71.7500,16.3092,3.6520,0.0000,25.3789,11.3597,0.0000,0.0000,0.0000
71.7667,16.3078,3.6687,0.0000,25.1085,11.3954,0.0000,0.0000,0.0000
71.7833,16.3064,3.6853,0.0000,24.8419,11.4310,0.0000,0.0000,0.0000
71.8000,16.3050,3.7020,0.0000,24.5790,11.4665,0.0000,0.0000,0.0000
71.8167,16.3037,3.7187,0.0000,24.3197,11.5020,0.0000,0.0000,0.0000
71.8333,16.3023,3.7353,0.0000,24.0640,11.5375,0.0000,0.0000,0.0000
71.8500,16.3010,3.7520,0.0000,23.8118,11.5729,0.0000,0.0000,0.0000
71.8667,16.2996,3.7687,0.0000,23.5631,11.6082,0.0000,0.0000,0.0000
71.8833,16.2983,3.7853,0.0000,23.3179,11.6435,0.0000,0.0000,0.0000
71.9000,16.2970,3.8020,0.0000,23.0760,11.6786,0.0000,0.0000,0.0000
71.9167,16.2957,3.8187,0.0000,22.8375,11.7138,0.0000,0.0000,0.0000
71.9333,16.2944,3.8353,0.0000,22.6022,11.7488,0.0000,0.0000,0.0000
71.9500,16.2931,3.8520,0.0000,22.3702,11.7838,0.0000,0.0000,0.0000
71.9667,16.2918,3.8687,0.0000,22.1413,11.8188,0.0000,0.0000,0.0000
71.9833,16.2905,3.8853,0.0000,21.9156,11.8537,0.0000,0.0000,0.0000
72.0000,16.2892,3.9020,0.0000,21.6929,11.8885,0.0000,0.0000,0.0000
72.0167,16.2879,3.8903,0.0000,21.7247,11.8957,0.0000,0.0000,0.0000
72.0333,16.2866,3.8787,0.0000,21.7558,11.9029,0.0000,0.0000,0.0000
72.0500,16.2854,3.8670,0.0000,21.7864,11.9101,0.0000,0.0000,0.0000
72.0667,16.2841,3.8553,0.0000,21.8165,11.9174,0.0000,0.0000,0.0000
72.0833,16.2828,3.8437,0.0000,21.8460,11.9246,0.0000,0.0000,0.0000
72.1000,16.2815,3.8320,0.0000,21.8750,11.9318,0.0000,0.0000,0.0000
72.1167,16.2802,3.8203,0.0000,21.9035,11.9390,0.0000,0.0000,0.0000
72.1333,16.2789,3.8087,0.0000,21.9315,11.9462,0.0000,0.0000,0.0000
72.1500,16.2776,3.7970,0.0000,21.9590,11.9534,0.0000,0.0000,0.0000
72.1667,16.2764,3.7853,0.0000,21.9860,11.9605,0.0000,0.0000,0.0000
72.1833,16.2751,3.7737,0.0000,22.0126,11.9677,0.0000,0.0000,0.0000
72.2000,16.2738,3.7620,0.0000,22.0387,11.9749,0.0000,0.0000,0.0000
72.2167,16.2725,3.7503,0.0000,22.0644,11.9821,0.0000,0.0000,0.0000
72.2333,16.2712,3.7387,0.0000,22.0897,11.9892,0.0000,0.0000,0.0000
72.2500,16.2699,3.7270,0.0000,22.1145,11.9964,0.0000,0.0000,0.0000
72.2667,16.2686,3.7153,0.0000,22.1390,12.0036,0.0000,0.0000,0.0000
72.2833,16.2673,3.7037,0.0000,22.1630,12.0107,0.0000,0.0000,0.0000
72.3000,16.2660,3.6920,0.0000,22.1867,12.0178,0.0000,0.0000,0.0000
72.3167,16.2647,3.6803,0.0000,22.2099,12.0250,0.0000,0.0000,0.0000
72.3333,16.2634,3.6687,0.0000,22.2329,12.0321,0.0000,0.0000,0.0000
72.3500,16.2621,3.6570,0.0000,22.2554,12.0392,0.0000,0.0000,0.0000
72.3667,16.2608,3.6453,0.0000,22.2776,12.0464,0.0000,0.0000,0.0000
72.3833,16.2595,3.6337,0.0000,22.2994,12.0535,0.0000,0.0000,0.0000
72.4000,16.2582,3.6220,0.0000,22.3209,12.0606,0.0000,0.0000,0.0000
72.4167,16.2569,3.6103,0.0000,22.3421,12.0677,0.0000,0.0000,0.0000
72.4333,16.2555,3.5987,0.0000,22.3629,12.0748,0.0000,0.0000,0.0000
72.4500,16.2542,3.5870,0.0000,22.3834,12.0819,0.0000,0.0000,0.0000
72.4667,16.2529,3.5753,0.0000,22.4036,12.0890,0.0000,0.0000,0.0000
72.4833,16.2516,3.5637,0.0000,22.4235,12.0961,0.0000,0.0000,0.0000
72.5000,16.2503,3.5520,0.0000,22.4431,12.1032,0.0000,0.0000,0.0000
72.5167,16.2490,3.5403,0.0000,22.4624,12.1103,0.0000,0.0000,0.0000
72.5333,16.2477,3.5287,0.0000,22.4814,12.1173,0.0000,0.0000,0.0000
72.5500,16.2463,3.5170,0.0000,22.5002,12.1244,0.0000,0.0000,0.0000
72.5667,16.2450,3.5053,0.0000,22.5186,12.1315,0.0000,0.0000,0.0000
72.5833,16.2437,3.4937,0.0000,22.5368,12.1385,0.0000,0.0000,0.0000
72.6000,16.2424,3.4820,0.0000,22.5547,12.1456,0.0000,0.0000,0.0000
72.6167,16.2411,3.4703,0.0000,22.5724,12.1526,0.0000,0.0000,0.0000
72.6333,16.2397,3.4587,0.0000,22.5898,12.1597,0.0000,0.0000,0.0000
72.6500,16.2384,3.4470,0.0000,22.6070,12.1667,0.0000,0.0000,0.0000
72.6667,16.2371,3.4353,0.0000,22.6239,12.1737,0.0000,0.0000,0.0000
72.6833,16.2358,3.4237,0.0000,22.6405,12.1808,0.0000,0.0000,0.0000
72.7000,16.2345,3.4120,0.0000,22.6570,12.1878,0.0000,0.0000,0.0000
72.7167,16.2331,3.4003,0.0000,22.6731,12.1948,0.0000,0.0000,0.0000
72.7333,16.2318,3.3887,0.0000,22.6891,12.2018,0.0000,0.0000,0.0000
72.7500,16.2305,3.3770,0.0000,22.7049,12.2088,0.0000,0.0000,0.0000
72.7667,16.2291,3.3653,0.0000,22.7204,12.2159,0.0000,0.0000,0.0000
72.7833,16.2278,3.3537,0.0000,22.7357,12.2229,0.0000,0.0000,0.0000
72.8000,16.2265,3.3420,0.0000,22.7508,12.2298,0.0000,0.0000,0.0000
72.8167,16.2252,3.3303,0.0000,22.7656,12.2368,0.0000,0.0000,0.0000
72.8333,16.2238,3.3187,0.0000,22.7803,12.2438,0.0000,0.0000,0.0000
72.8500,16.2225,3.3070,0.0000,22.7948,12.2508,0.0000,0.0000,0.0000
72.8667,16.2212,3.2953,0.0000,22.8091,12.2578,0.0000,0.0000,0.0000
72.8833,16.2198,3.2837,0.0000,22.8232,12.2648,0.0000,0.0000,0.0000
72.9000,16.2185,3.2720,0.0000,22.8370,12.2717,0.0000,0.0000,0.0000
72.9167,16.2172,3.2603,0.0000,22.8507,12.2787,0.0000,0.0000,0.0000
72.9333,16.2158,3.2487,0.0000,22.8643,12.2857,0.0000,0.0000,0.0000
72.9500,16.2145,3.2370,0.0000,22.8776,12.2926,0.0000,0.0000,0.0000
72.9667,16.2131,3.2253,0.0000,22.8907,12.2996,0.0000,0.0000,0.0000
72.9833,16.2118,3.2137,0.0000,22.9037,12.3065,0.0000,0.0000,0.0000
73.0000,16.2105,3.2020,0.0000,22.9165,12.3134,0.0000,0.0000,0.0000
73.0167,16.2091,3.2028,0.0000,22.8187,12.3039,0.0000,0.0000,0.0000
73.0333,16.2078,3.2037,0.0000,22.7228,12.2943,0.0000,0.0000,0.0000
73.0500,16.2065,3.2045,0.0000,22.6288,12.2847,0.0000,0.0000,0.0000
73.0667,16.2051,3.2053,0.0000,22.5365,12.2752,0.0000,0.0000,0.0000
73.0833,16.2038,3.2062,0.0000,22.4460,12.2656,0.0000,0.0000,0.0000
73.1000,16.2025,3.2070,0.0000,22.3573,12.2561,0.0000,0.0000,0.0000
73.1167,16.2012,3.2078,0.0000,22.2703,12.2466,0.0000,0.0000,0.0000
73.1333,16.1999,3.2087,0.0000,22.1849,12.2371,0.0000,0.0000,0.0000
73.1500,16.1986,3.2095,0.0000,22.1013,12.2275,0.0000,0.0000,0.0000
73.1667,16.1973,3.2103,0.0000,22.0192,12.2180,0.0000,0.0000,0.0000
73.1833,16.1960,3.2112,0.0000,21.9388,12.2085,0.0000,0.0000,0.0000
73.2000,16.1947,3.2120,0.0000,21.8599,12.1990,0.0000,0.0000,0.0000
73.2167,16.1934,3.2128,0.0000,21.7826,12.1896,0.0000,0.0000,0.0000
73.2333,16.1921,3.2137,0.0000,21.7068,12.1801,0.0000,0.0000,0.0000
73.2500,16.1908,3.2145,0.0000,21.6324,12.1706,0.0000,0.0000,0.0000
73.2667,16.1895,3.2153,0.0000,21.5596,12.1611,0.0000,0.0000,0.0000
73.2833,16.1883,3.2162,0.0000,21.4882,12.1517,0.0000,0.0000,0.0000
73.3000,16.1870,3.2170,0.0000,21.4182,12.1422,0.0000,0.0000,0.0000
73.3167,16.1857,3.2178,0.0000,21.3497,12.1328,0.0000,0.0000,0.0000
73.3333,16.1844,3.2187,0.0000,21.2824,12.1233,0.0000,0.0000,0.0000
73.3500,16.1832,3.2195,0.0000,21.2166,12.1139,0.0000,0.0000,0.0000
73.3667,16.1819,3.2203,0.0000,21.1521,12.1045,0.0000,0.0000,0.0000
73.3833,16.1806,3.2212,0.0000,21.0888,12.0951,0.0000,0.0000,0.0000
73.4000,16.1794,3.2220,0.0000,21.0269,12.0856,0.0000,0.0000,0.0000
73.4167,16.1781,3.2228,0.0000,20.9662,12.0762,0.0000,0.0000,0.0000
73.4333,16.1769,3.2237,0.0000,20.9068,12.0668,0.0000,0.0000,0.0000
73.4500,16.1756,3.2245,0.0000,20.8486,12.0574,0.0000,0.0000,0.0000
73.4667,16.1744,3.2253,0.0000,20.7916,12.0480,0.0000,0.0000,0.0000
73.4833,16.1731,3.2262,0.0000,20.7358,12.0387,0.0000,0.0000,0.0000
73.5000,16.1719,3.2270,0.0000,20.6811,12.0293,0.0000,0.0000,0.0000
73.5167,16.1706,3.2278,0.0000,20.6276,12.0199,0.0000,0.0000,0.0000
73.5333,16.1694,3.2287,0.0000,20.5752,12.0106,0.0000,0.0000,0.0000
73.5500,16.1682,3.2295,0.0000,20.5239,12.0012,0.0000,0.0000,0.0000
73.5667,16.1669,3.2303,0.0000,20.4737,11.9918,0.0000,0.0000,0.0000
73.5833,16.1657,3.2312,0.0000,20.4245,11.9825,0.0000,0.0000,0.0000
73.6000,16.1645,3.2320,0.0000,20.3765,11.9731,0.0000,0.0000,0.0000
73.6167,16.1632,3.2328,0.0000,20.3294,11.9638,0.0000,0.0000,0.0000
73.6333,16.1620,3.2337,0.0000,20.2834,11.9545,0.0000,0.0000,0.0000
73.6500,16.1608,3.2345,0.0000,20.2383,11.9452,0.0000,0.0000,0.0000
73.6667,16.1596,3.2353,0.0000,20.1943,11.9358,0.0000,0.0000,0.0000
73.6833,16.1583,3.2362,0.0000,20.1512,11.9265,0.0000,0.0000,0.0000
73.7000,16.1571,3.2370,0.0000,20.1091,11.9172,0.0000,0.0000,0.0000
73.7167,16.1559,3.2378,0.0000,20.0679,11.9079,0.0000,0.0000,0.0000
73.7333,16.1547,3.2387,0.0000,20.0277,11.8986,0.0000,0.0000,0.0000
73.7500,16.1535,3.2395,0.0000,19.9883,11.8893,0.0000,0.0000,0.0000
73.7667,16.1523,3.2403,0.0000,19.9499,11.8800,0.0000,0.0000,0.0000
73.7833,16.1511,3.2412,0.0000,19.9123,11.8708,0.0000,0.0000,0.0000
73.8000,16.1499,3.2420,0.0000,19.8756,11.8615,0.0000,0.0000,0.0000
73.8167,16.1487,3.2428,0.0000,19.8397,11.8522,0.0000,0.0000,0.0000
73.8333,16.1475,3.2437,0.0000,19.8047,11.8429,0.0000,0.0000,0.0000
73.8500,16.1463,3.2445,0.0000,19.7705,11.8337,0.0000,0.0000,0.0000
73.8667,16.1451,3.2453,0.0000,19.7371,11.8244,0.0000,0.0000,0.0000
73.8833,16.1439,3.2462,0.0000,19.7045,11.8152,0.0000,0.0000,0.0000
73.9000,16.1427,3.2470,0.0000,19.6727,11.8059,0.0000,0.0000,0.0000
73.9167,16.1415,3.2478,0.0000,19.6416,11.7967,0.0000,0.0000,0.0000
73.9333,16.1403,3.2487,0.0000,19.6113,11.7875,0.0000,0.0000,0.0000
73.9500,16.1391,3.2495,0.0000,19.5818,11.7782,0.0000,0.0000,0.0000
73.9667,16.1379,3.2503,0.0000,19.5530,11.7690,0.0000,0.0000,0.0000
73.9833,16.1367,3.2512,0.0000,19.5249,11.7598,0.0000,0.0000,0.0000
74.0000,16.1355,3.2520,0.0000,19.4975,11.7506,0.0000,0.0000,0.0000
74.0167,16.1343,3.2562,0.0000,19.4415,11.7353,0.0000,0.0000,0.0000
74.0333,16.1331,3.2603,0.0000,19.3866,11.7200,0.0000,0.0000,0.0000
74.0500,16.1320,3.2645,0.0000,19.3331,11.7048,0.0000,0.0000,0.0000
74.0667,16.1308,3.2687,0.0000,19.2807,11.6896,0.0000,0.0000,0.0000
74.0833,16.1296,3.2728,0.0000,19.2296,11.6743,0.0000,0.0000,0.0000
74.1000,16.1284,3.2770,0.0000,19.1796,11.6591,0.0000,0.0000,0.0000
74.1167,16.1273,3.2812,0.0000,19.1308,11.6440,0.0000,0.0000,0.0000
74.1333,16.1261,3.2853,0.0000,19.0831,11.6288,0.0000,0.0000,0.0000
74.1500,16.1249,3.2895,0.0000,19.0366,11.6136,0.0000,0.0000,0.0000
74.1667,16.1238,3.2937,0.0000,18.9911,11.5985,0.0000,0.0000,0.0000
74.1833,16.1226,3.2978,0.0000,18.9468,11.5833,0.0000,0.0000,0.0000
74.2000,16.1214,3.3020,0.0000,18.9035,11.5682,0.0000,0.0000,0.0000
74.2167,16.1203,3.3062,0.0000,18.8613,11.5531,0.0000,0.0000,0.0000
74.2333,16.1191,3.3103,0.0000,18.8201,11.5380,0.0000,0.0000,0.0000
74.2500,16.1180,3.3145,0.0000,18.7799,11.5229,0.0000,0.0000,0.0000
74.2667,16.1168,3.3187,0.0000,18.7407,11.5078,0.0000,0.0000,0.0000
74.2833,16.1157,3.3228,0.0000,18.7025,11.4928,0.0000,0.0000,0.0000
74.3000,16.1145,3.3270,0.0000,18.6653,11.4777,0.0000,0.0000,0.0000
74.3167,16.1134,3.3312,0.0000,18.6290,11.4627,0.0000,0.0000,0.0000
74.3333,16.1122,3.3353,0.0000,18.5936,11.4477,0.0000,0.0000,0.0000
74.3500,16.1111,3.3395,0.0000,18.5592,11.4327,0.0000,0.0000,0.0000
74.3667,16.1100,3.3437,0.0000,18.5257,11.4177,0.0000,0.0000,0.0000
74.3833,16.1088,3.3478,0.0000,18.4930,11.4027,0.0000,0.0000,0.0000
74.4000,16.1077,3.3520,0.0000,18.4613,11.3877,0.0000,0.0000,0.0000
74.4167,16.1066,3.3562,0.0000,18.4304,11.3728,0.0000,0.0000,0.0000
74.4333,16.1054,3.3603,0.0000,18.4003,11.3578,0.0000,0.0000,0.0000
74.4500,16.1043,3.3645,0.0000,18.3711,11.3429,0.0000,0.0000,0.0000
74.4667,16.1032,3.3687,0.0000,18.3427,11.3280,0.0000,0.0000,0.0000
74.4833,16.1020,3.3728,0.0000,18.3151,11.3131,0.0000,0.0000,0.0000
74.5000,16.1009,3.3770,0.0000,18.2883,11.2982,0.0000,0.0000,0.0000
74.5167,16.0998,3.3812,0.0000,18.2623,11.2833,0.0000,0.0000,0.0000
74.5333,16.0987,3.3853,0.0000,18.2371,11.2684,0.0000,0.0000,0.0000
74.5500,16.0976,3.3895,0.0000,18.2126,11.2535,0.0000,0.0000,0.0000
74.5667,16.0964,3.3937,0.0000,18.1888,11.2387,0.0000,0.0000,0.0000
74.5833,16.0953,3.3978,0.0000,18.1658,11.2239,0.0000,0.0000,0.0000
74.6000,16.0942,3.4020,0.0000,18.1435,11.2090,0.0000,0.0000,0.0000
74.6167,16.0931,3.4062,0.0000,18.1219,11.1942,0.0000,0.0000,0.0000
74.6333,16.0920,3.4103,0.0000,18.1010,11.1794,0.0000,0.0000,0.0000
74.6500,16.0909,3.4145,0.0000,18.0808,11.1647,0.0000,0.0000,0.0000
74.6667,16.0897,3.4187,0.0000,18.0612,11.1499,0.0000,0.0000,0.0000
74.6833,16.0886,3.4228,0.0000,18.0423,11.1351,0.0000,0.0000,0.0000
74.7000,16.0875,3.4270,0.0000,18.0241,11.1204,0.0000,0.0000,0.0000
74.7167,16.0864,3.4312,0.0000,18.0065,11.1056,0.0000,0.0000,0.0000
74.7333,16.0853,3.4353,0.0000,17.9895,11.0909,0.0000,0.0000,0.0000
74.7500,16.0842,3.4395,0.0000,17.9732,11.0762,0.0000,0.0000,0.0000
74.7667,16.0831,3.4437,0.0000,17.9574,11.0615,0.0000,0.0000,0.0000
74.7833,16.0820,3.4478,0.0000,17.9423,11.0468,0.0000,0.0000,0.0000
74.8000,16.0809,3.4520,0.0000,17.9277,11.0321,0.0000,0.0000,0.0000
74.8167,16.0798,3.4562,0.0000,17.9137,11.0175,0.0000,0.0000,0.0000
74.8333,16.0787,3.4603,0.0000,17.9003,11.0028,0.0000,0.0000,0.0000
74.8500,16.0776,3.4645,0.0000,17.8874,10.9882,0.0000,0.0000,0.0000
74.8667,16.0765,3.4687,0.0000,17.8751,10.9735,0.0000,0.0000,0.0000
74.8833,16.0754,3.4728,0.0000,17.8634,10.9589,0.0000,0.0000,0.0000
74.9000,16.0743,3.4770,0.0000,17.8522,10.9443,0.0000,0.0000,0.0000
74.9167,16.0732,3.4812,0.0000,17.8414,10.9297,0.0000,0.0000,0.0000
74.9333,16.0721,3.4853,0.0000,17.8312,10.9151,0.0000,0.0000,0.0000
74.9500,16.0710,3.4895,0.0000,17.8216,10.9006,0.0000,0.0000,0.0000
74.9667,16.0699,3.4937,0.0000,17.8124,10.8860,0.0000,0.0000,0.0000
74.9833,16.0689,3.4978,0.0000,17.8037,10.8715,0.0000,0.0000,0.0000
75.0000,16.0678,3.5020,0.0000,17.7954,10.8569,0.0000,0.0000,0.0000
75.0167,16.0667,3.5012,0.0000,17.8314,10.8756,0.0000,0.0000,0.0000
75.0333,16.0656,3.5003,0.0000,17.8666,10.8943,0.0000,0.0000,0.0000
75.0500,16.0645,3.4995,0.0000,17.9010,10.9130,0.0000,0.0000,0.0000
75.0667,16.0634,3.4987,0.0000,17.9346,10.9318,0.0000,0.0000,0.0000
75.0833,16.0623,3.4978,0.0000,17.9674,10.9505,0.0000,0.0000,0.0000
75.1000,16.0612,3.4970,0.0000,17.9996,10.9692,0.0000,0.0000,0.0000
75.1167,16.0601,3.4962,0.0000,18.0310,10.9880,0.0000,0.0000,0.0000
75.1333,16.0590,3.4953,0.0000,18.0617,11.0067,0.0000,0.0000,0.0000
75.1500,16.0579,3.4945,0.0000,18.0916,11.0255,0.0000,0.0000,0.0000
75.1667,16.0568,3.4937,0.0000,18.1209,11.0443,0.0000,0.0000,0.0000
75.1833,16.0556,3.4928,0.0000,18.1496,11.0630,0.0000,0.0000,0.0000
75.2000,16.0545,3.4920,0.0000,18.1775,11.0818,0.0000,0.0000,0.0000
75.2167,16.0534,3.4912,0.0000,18.2048,11.1006,0.0000,0.0000,0.0000
75.2333,16.0523,3.4903,0.0000,18.2315,11.1194,0.0000,0.0000,0.0000
75.2500,16.0512,3.4895,0.0000,18.2575,11.1382,0.0000,0.0000,0.0000
75.2667,16.0501,3.4887,0.0000,18.2829,11.1570,0.0000,0.0000,0.0000
75.2833,16.0489,3.4878,0.0000,18.3077,11.1759,0.0000,0.0000,0.0000
75.3000,16.0478,3.4870,0.0000,18.3319,11.1947,0.0000,0.0000,0.0000
75.3167,16.0467,3.4862,0.0000,18.3555,11.2135,0.0000,0.0000,0.0000
75.3333,16.0456,3.4853,0.0000,18.3785,11.2324,0.0000,0.0000,0.0000
75.3500,16.0444,3.4845,0.0000,18.4009,11.2512,0.0000,0.0000,0.0000
75.3667,16.0433,3.4837,0.0000,18.4228,11.2701,0.0000,0.0000,0.0000
75.3833,16.0422,3.4828,0.0000,18.4441,11.2890,0.0000,0.0000,0.0000
75.4000,16.0410,3.4820,0.0000,18.4649,11.3079,0.0000,0.0000,0.0000
75.4167,16.0399,3.4812,0.0000,18.4852,11.3268,0.0000,0.0000,0.0000
75.4333,16.0388,3.4803,0.0000,18.5049,11.3457,0.0000,0.0000,0.0000
75.4500,16.0376,3.4795,0.0000,18.5241,11.3646,0.0000,0.0000,0.0000
75.4667,16.0365,3.4787,0.0000,18.5428,11.3835,0.0000,0.0000,0.0000
75.4833,16.0354,3.4778,0.0000,18.5609,11.4024,0.0000,0.0000,0.0000
75.5000,16.0342,3.4770,0.0000,18.5786,11.4213,0.0000,0.0000,0.0000
75.5167,16.0331,3.4762,0.0000,18.5958,11.4403,0.0000,0.0000,0.0000
75.5333,16.0319,3.4753,0.0000,18.6126,11.4592,0.0000,0.0000,0.0000
75.5500,16.0308,3.4745,0.0000,18.6288,11.4782,0.0000,0.0000,0.0000
75.5667,16.0296,3.4737,0.0000,18.6446,11.4971,0.0000,0.0000,0.0000
75.5833,16.0285,3.4728,0.0000,18.6599,11.5161,0.0000,0.0000,0.0000
75.6000,16.0274,3.4720,0.0000,18.6748,11.5351,0.0000,0.0000,0.0000
75.6167,16.0262,3.4712,0.0000,18.6892,11.5540,0.0000,0.0000,0.0000
75.6333,16.0250,3.4703,0.0000,18.7032,11.5730,0.0000,0.0000,0.0000
75.6500,16.0239,3.4695,0.0000,18.7168,11.5920,0.0000,0.0000,0.0000
75.6667,16.0227,3.4687,0.0000,18.7299,11.6110,0.0000,0.0000,0.0000
75.6833,16.0216,3.4678,0.0000,18.7427,11.6301,0.0000,0.0000,0.0000
75.7000,16.0204,3.4670,0.0000,18.7550,11.6491,0.0000,0.0000,0.0000
75.7167,16.0193,3.4662,0.0000,18.7669,11.6681,0.0000,0.0000,0.0000
75.7333,16.0181,3.4653,0.0000,18.7784,11.6872,0.0000,0.0000,0.0000
75.7500,16.0170,3.4645,0.0000,18.7895,11.7062,0.0000,0.0000,0.0000
75.7667,16.0158,3.4637,0.0000,18.8003,11.7253,0.0000,0.0000,0.0000
75.7833,16.0146,3.4628,0.0000,18.8106,11.7443,0.0000,0.0000,0.0000
75.8000,16.0135,3.4620,0.0000,18.8206,11.7634,0.0000,0.0000,0.0000
75.8167,16.0123,3.4612,0.0000,18.8302,11.7825,0.0000,0.0000,0.0000
75.8333,16.0111,3.4603,0.0000,18.8395,11.8016,0.0000,0.0000,0.0000
75.8500,16.0100,3.4595,0.0000,18.8484,11.8207,0.0000,0.0000,0.0000
75.8667,16.0088,3.4587,0.0000,18.8569,11.8398,0.0000,0.0000,0.0000
75.8833,16.0076,3.4578,0.0000,18.8651,11.8589,0.0000,0.0000,0.0000
75.9000,16.0065,3.4570,0.0000,18.8730,11.8780,0.0000,0.0000,0.0000
75.9167,16.0053,3.4562,0.0000,18.8805,11.8971,0.0000,0.0000,0.0000
75.9333,16.0041,3.4553,0.0000,18.8877,11.9162,0.0000,0.0000,0.0000
75.9500,16.0030,3.4545,0.0000,18.8945,11.9354,0.0000,0.0000,0.0000
75.9667,16.0018,3.4537,0.0000,18.9011,11.9545,0.0000,0.0000,0.0000
75.9833,16.0006,3.4528,0.0000,18.9073,11.9737,0.0000,0.0000,0.0000
76.0000,15.9994,3.4520,0.0000,18.9132,11.9928,0.0000,0.0000,0.0000
76.0167,15.9983,3.4578,0.0000,18.8603,11.9777,0.0000,0.0000,0.0000
76.0333,15.9971,3.4637,0.0000,18.8087,11.9626,0.0000,0.0000,0.0000
76.0500,15.9959,3.4695,0.0000,18.7583,11.9475,0.0000,0.0000,0.0000
76.0667,15.9948,3.4753,0.0000,18.7091,11.9324,0.0000,0.0000,0.0000
76.0833,15.9936,3.4812,0.0000,18.6610,11.9173,0.0000,0.0000,0.0000
76.1000,15.9924,3.4870,0.0000,18.6141,11.9023,0.0000,0.0000,0.0000
76.1167,15.9913,3.4928,0.0000,18.5683,11.8872,0.0000,0.0000,0.0000
76.1333,15.9901,3.4987,0.0000,18.5235,11.8722,0.0000,0.0000,0.0000
76.1500,15.9890,3.5045,0.0000,18.4799,11.8571,0.0000,0.0000,0.0000
76.1667,15.9878,3.5103,0.0000,18.4373,11.8421,0.0000,0.0000,0.0000
76.1833,15.9867,3.5162,0.0000,18.3958,11.8271,0.0000,0.0000,0.0000
76.2000,15.9855,3.5220,0.0000,18.3552,11.8121,0.0000,0.0000,0.0000
76.2167,15.9844,3.5278,0.0000,18.3157,11.7972,0.0000,0.0000,0.0000
76.2333,15.9832,3.5337,0.0000,18.2772,11.7822,0.0000,0.0000,0.0000
76.2500,15.9821,3.5395,0.0000,18.2396,11.7673,0.0000,0.0000,0.0000
76.2667,15.9809,3.5453,0.0000,18.2030,11.7523,0.0000,0.0000,0.0000
76.2833,15.9798,3.5512,0.0000,18.1673,11.7374,0.0000,0.0000,0.0000
76.3000,15.9787,3.5570,0.0000,18.1325,11.7225,0.0000,0.0000,0.0000
76.3167,15.9775,3.5628,0.0000,18.0986,11.7076,0.0000,0.0000,0.0000
76.3333,15.9764,3.5687,0.0000,18.0656,11.6927,0.0000,0.0000,0.0000
76.3500,15.9753,3.5745,0.0000,18.0334,11.6778,0.0000,0.0000,0.0000
76.3667,15.9741,3.5803,0.0000,18.0022,11.6630,0.0000,0.0000,0.0000
76.3833,15.9730,3.5862,0.0000,17.9717,11.6481,0.0000,0.0000,0.0000
76.4000,15.9719,3.5920,0.0000,17.9421,11.6333,0.0000,0.0000,0.0000
76.4167,15.9708,3.5978,0.0000,17.9132,11.6185,0.0000,0.0000,0.0000
76.4333,15.9697,3.6037,0.0000,17.8852,11.6037,0.0000,0.0000,0.0000
76.4500,15.9685,3.6095,0.0000,17.8580,11.5889,0.0000,0.0000,0.0000
76.4667,15.9674,3.6153,0.0000,17.8315,11.5741,0.0000,0.0000,0.0000
76.4833,15.9663,3.6212,0.0000,17.8057,11.5593,0.0000,0.0000,0.0000
76.5000,15.9652,3.6270,0.0000,17.7807,11.5445,0.0000,0.0000,0.0000
76.5167,15.9641,3.6328,0.0000,17.7564,11.5298,0.0000,0.0000,0.0000
76.5333,15.9630,3.6387,0.0000,17.7329,11.5151,0.0000,0.0000,0.0000
76.5500,15.9618,3.6445,0.0000,17.7100,11.5003,0.0000,0.0000,0.0000
76.5667,15.9607,3.6503,0.0000,17.6878,11.4856,0.0000,0.0000,0.0000
76.5833,15.9596,3.6562,0.0000,17.6663,11.4709,0.0000,0.0000,0.0000
76.6000,15.9585,3.6620,0.0000,17.6455,11.4562,0.0000,0.0000,0.0000
76.6167,15.9574,3.6678,0.0000,17.6253,11.4415,0.0000,0.0000,0.0000
76.6333,15.9563,3.6737,0.0000,17.6058,11.4269,0.0000,0.0000,0.0000
76.6500,15.9552,3.6795,0.0000,17.5868,11.4122,0.0000,0.0000,0.0000
76.6667,15.9541,3.6853,0.0000,17.5685,11.3976,0.0000,0.0000,0.0000
76.6833,15.9530,3.6912,0.0000,17.5508,11.3830,0.0000,0.0000,0.0000
76.7000,15.9519,3.6970,0.0000,17.5337,11.3683,0.0000,0.0000,0.0000
76.7167,15.9508,3.7028,0.0000,17.5172,11.3537,0.0000,0.0000,0.0000
76.7333,15.9497,3.7087,0.0000,17.5013,11.3391,0.0000,0.0000,0.0000
76.7500,15.9486,3.7145,0.0000,17.4859,11.3246,0.0000,0.0000,0.0000
76.7667,15.9475,3.7203,0.0000,17.4711,11.3100,0.0000,0.0000,0.0000
76.7833,15.9464,3.7262,0.0000,17.4568,11.2954,0.0000,0.0000,0.0000
76.8000,15.9453,3.7320,0.0000,17.4431,11.2809,0.0000,0.0000,0.0000
76.8167,15.9442,3.7378,0.0000,17.4299,11.2663,0.0000,0.0000,0.0000
76.8333,15.9432,3.7437,0.0000,17.4172,11.2518,0.0000,0.0000,0.0000
76.8500,15.9421,3.7495,0.0000,17.4050,11.2373,0.0000,0.0000,0.0000
76.8667,15.9410,3.7553,0.0000,17.3933,11.2228,0.0000,0.0000,0.0000
76.8833,15.9399,3.7612,0.0000,17.3821,11.2083,0.0000,0.0000,0.0000
76.9000,15.9388,3.7670,0.0000,17.3714,11.1938,0.0000,0.0000,0.0000
76.9167,15.9377,3.7728,0.0000,17.3612,11.1794,0.0000,0.0000,0.0000
76.9333,15.9366,3.7787,0.0000,17.3514,11.1649,0.0000,0.0000,0.0000
76.9500,15.9355,3.7845,0.0000,17.3421,11.1505,0.0000,0.0000,0.0000
76.9667,15.9345,3.7903,0.0000,17.3332,11.1360,0.0000,0.0000,0.0000
76.9833,15.9334,3.7962,0.0000,17.3248,11.1216,0.0000,0.0000,0.0000
77.0000,15.9323,3.8020,0.0000,17.3168,11.1072,0.0000,0.0000,0.0000
77.0167,15.9312,3.8037,0.0000,17.3461,11.0939,0.0000,0.0000,0.0000
77.0333,15.9301,3.8053,0.0000,17.3752,11.0807,0.0000,0.0000,0.0000
77.0500,15.9291,3.8070,0.0000,17.4040,11.0675,0.0000,0.0000,0.0000
77.0667,15.9280,3.8087,0.0000,17.4327,11.0542,0.0000,0.0000,0.0000
77.0833,15.9269,3.8103,0.0000,17.4611,11.0410,0.0000,0.0000,0.0000
77.1000,15.9258,3.8120,0.0000,17.4894,11.0278,0.0000,0.0000,0.0000
77.1167,15.9247,3.8137,0.0000,17.5174,11.0145,0.0000,0.0000,0.0000
77.1333,15.9236,3.8153,0.0000,17.5453,11.0013,0.0000,0.0000,0.0000
77.1500,15.9225,3.8170,0.0000,17.5730,10.9881,0.0000,0.0000,0.0000
77.1667,15.9215,3.8187,0.0000,17.6004,10.9749,0.0000,0.0000,0.0000
77.1833,15.9204,3.8203,0.0000,17.6277,10.9618,0.0000,0.0000,0.0000
77.2000,15.9193,3.8220,0.0000,17.6549,10.9486,0.0000,0.0000,0.0000
77.2167,15.9182,3.8237,0.0000,17.6818,10.9354,0.0000,0.0000,0.0000
77.2333,15.9171,3.8253,0.0000,17.7086,10.9223,0.0000,0.0000,0.0000
77.2500,15.9160,3.8270,0.0000,17.7352,10.9091,0.0000,0.0000,0.0000
77.2667,15.9149,3.8287,0.0000,17.7616,10.8959,0.0000,0.0000,0.0000
77.2833,15.9138,3.8303,0.0000,17.7879,10.8828,0.0000,0.0000,0.0000
77.3000,15.9127,3.8320,0.0000,17.8140,10.8697,0.0000,0.0000,0.0000
77.3167,15.9116,3.8337,0.0000,17.8399,10.8565,0.0000,0.0000,0.0000
77.3333,15.9106,3.8353,0.0000,17.8657,10.8434,0.0000,0.0000,0.0000
77.3500,15.9095,3.8370,0.0000,17.8913,10.8303,0.0000,0.0000,0.0000
77.3667,15.9084,3.8387,0.0000,17.9168,10.8172,0.0000,0.0000,0.0000
77.3833,15.9073,3.8403,0.0000,17.9421,10.8041,0.0000,0.0000,0.0000
77.4000,15.9062,3.8420,0.0000,17.9672,10.7910,0.0000,0.0000,0.0000
77.4167,15.9051,3.8437,0.0000,17.9923,10.7779,0.0000,0.0000,0.0000
77.4333,15.9040,3.8453,0.0000,18.0171,10.7649,0.0000,0.0000,0.0000
77.4500,15.9029,3.8470,0.0000,18.0419,10.7518,0.0000,0.0000,0.0000
77.4667,15.9018,3.8487,0.0000,18.0665,10.7387,0.0000,0.0000,0.0000
77.4833,15.9007,3.8503,0.0000,18.0909,10.7257,0.0000,0.0000,0.0000
77.5000,15.8996,3.8520,0.0000,18.1152,10.7127,0.0000,0.0000,0.0000
77.5167,15.8985,3.8537,0.0000,18.1394,10.6996,0.0000,0.0000,0.0000
77.5333,15.8974,3.8553,0.0000,18.1634,10.6866,0.0000,0.0000,0.0000
77.5500,15.8963,3.8570,0.0000,18.1873,10.6736,0.0000,0.0000,0.0000
77.5667,15.8952,3.8587,0.0000,18.2111,10.6605,0.0000,0.0000,0.0000
77.5833,15.8941,3.8603,0.0000,18.2348,10.6475,0.0000,0.0000,0.0000
77.6000,15.8930,3.8620,0.0000,18.2583,10.6345,0.0000,0.0000,0.0000
77.6167,15.8919,3.8637,0.0000,18.2817,10.6216,0.0000,0.0000,0.0000
77.6333,15.8908,3.8653,0.0000,18.3050,10.6086,0.0000,0.0000,0.0000
77.6500,15.8897,3.8670,0.0000,18.3281,10.5956,0.0000,0.0000,0.0000
77.6667,15.8886,3.8687,0.0000,18.3511,10.5826,0.0000,0.0000,0.0000
77.6833,15.8875,3.8703,0.0000,18.3740,10.5697,0.0000,0.0000,0.0000
77.7000,15.8864,3.8720,0.0000,18.3968,10.5567,0.0000,0.0000,0.0000
77.7167,15.8853,3.8737,0.0000,18.4195,10.5438,0.0000,0.0000,0.0000
77.7333,15.8842,3.8753,0.0000,18.4421,10.5308,0.0000,0.0000,0.0000
77.7500,15.8831,3.8770,0.0000,18.4645,10.5179,0.0000,0.0000,0.0000
77.7667,15.8820,3.8787,0.0000,18.4869,10.5050,0.0000,0.0000,0.0000
77.7833,15.8809,3.8803,0.0000,18.5091,10.4920,0.0000,0.0000,0.0000
77.8000,15.8798,3.8820,0.0000,18.5312,10.4791,0.0000,0.0000,0.0000
77.8167,15.8787,3.8837,0.0000,18.5532,10.4662,0.0000,0.0000,0.0000
77.8333,15.8776,3.8853,0.0000,18.5751,10.4533,0.0000,0.0000,0.0000
77.8500,15.8765,3.8870,0.0000,18.5969,10.4405,0.0000,0.0000,0.0000
77.8667,15.8754,3.8887,0.0000,18.6186,10.4276,0.0000,0.0000,0.0000
77.8833,15.8743,3.8903,0.0000,18.6402,10.4147,0.0000,0.0000,0.0000
77.9000,15.8732,3.8920,0.0000,18.6617,10.4018,0.0000,0.0000,0.0000
77.9167,15.8721,3.8937,0.0000,18.6830,10.3890,0.0000,0.0000,0.0000
77.9333,15.8710,3.8953,0.0000,18.7043,10.3761,0.0000,0.0000,0.0000
77.9500,15.8699,3.8970,0.0000,18.7255,10.3633,0.0000,0.0000,0.0000
77.9667,15.8688,3.8987,0.0000,18.7466,10.3505,0.0000,0.0000,0.0000
77.9833,15.8676,3.9003,0.0000,18.7676,10.3376,0.0000,0.0000,0.0000
78.0000,15.8665,3.9020,0.0000,18.7885,10.3248,0.0000,0.0000,0.0000
78.0167,15.8654,3.9012,0.0000,18.8313,10.3183,0.0000,0.0000,0.0000
78.0333,15.8643,3.9003,0.0000,18.8735,10.3117,0.0000,0.0000,0.0000
78.0500,15.8632,3.8995,0.0000,18.9152,10.3051,0.0000,0.0000,0.0000
78.0667,15.8621,3.8987,0.0000,18.9563,10.2985,0.0000,0.0000,0.0000
78.0833,15.8610,3.8978,0.0000,18.9969,10.2920,0.0000,0.0000,0.0000
78.1000,15.8599,3.8970,0.0000,19.0370,10.2854,0.0000,0.0000,0.0000
78.1167,15.8588,3.8962,0.0000,19.0765,10.2788,0.0000,0.0000,0.0000
78.1333,15.8576,3.8953,0.0000,19.1155,10.2723,0.0000,0.0000,0.0000
78.1500,15.8565,3.8945,0.0000,19.1541,10.2657,0.0000,0.0000,0.0000
78.1667,15.8554,3.8937,0.0000,19.1921,10.2591,0.0000,0.0000,0.0000
78.1833,15.8543,3.8928,0.0000,19.2296,10.2526,0.0000,0.0000,0.0000
78.2000,15.8532,3.8920,0.0000,19.2667,10.2460,0.0000,0.0000,0.0000
78.2167,15.8520,3.8912,0.0000,19.3033,10.2394,0.0000,0.0000,0.0000
78.2333,15.8509,3.8903,0.0000,19.3394,10.2329,0.0000,0.0000,0.0000
78.2500,15.8498,3.8895,0.0000,19.3750,10.2263,0.0000,0.0000,0.0000
78.2667,15.8486,3.8887,0.0000,19.4102,10.2197,0.0000,0.0000,0.0000
78.2833,15.8475,3.8878,0.0000,19.4450,10.2132,0.0000,0.0000,0.0000
78.3000,15.8464,3.8870,0.0000,19.4793,10.2066,0.0000,0.0000,0.0000
78.3167,15.8453,3.8862,0.0000,19.5132,10.2001,0.0000,0.0000,0.0000
78.3333,15.8441,3.8853,0.0000,19.5467,10.1935,0.0000,0.0000,0.0000
78.3500,15.8430,3.8845,0.0000,19.5798,10.1869,0.0000,0.0000,0.0000
78.3667,15.8419,3.8837,0.0000,19.6124,10.1804,0.0000,0.0000,0.0000
78.3833,15.8407,3.8828,0.0000,19.6447,10.1738,0.0000,0.0000,0.0000
78.4000,15.8396,3.8820,0.0000,19.6765,10.1673,0.0000,0.0000,0.0000
78.4167,15.8385,3.8812,0.0000,19.7080,10.1607,0.0000,0.0000,0.0000
78.4333,15.8373,3.8803,0.0000,19.7391,10.1541,0.0000,0.0000,0.0000
78.4500,15.8362,3.8795,0.0000,19.7698,10.1476,0.0000,0.0000,0.0000
78.4667,15.8350,3.8787,0.0000,19.8001,10.1410,0.0000,0.0000,0.0000
78.4833,15.8339,3.8778,0.0000,19.8301,10.1345,0.0000,0.0000,0.0000
78.5000,15.8328,3.8770,0.0000,19.8597,10.1279,0.0000,0.0000,0.0000
78.5167,15.8316,3.8762,0.0000,19.8889,10.1214,0.0000,0.0000,0.0000
78.5333,15.8305,3.8753,0.0000,19.9178,10.1148,0.0000,0.0000,0.0000
78.5500,15.8293,3.8745,0.0000,19.9464,10.1083,0.0000,0.0000,0.0000
78.5667,15.8282,3.8737,0.0000,19.9746,10.1017,0.0000,0.0000,0.0000
78.5833,15.8271,3.8728,0.0000,20.0025,10.0952,0.0000,0.0000,0.0000
78.6000,15.8259,3.8720,0.0000,20.0300,10.0886,0.0000,0.0000,0.0000
78.6167,15.8248,3.8712,0.0000,20.0573,10.0821,0.0000,0.0000,0.0000
78.6333,15.8236,3.8703,0.0000,20.0842,10.0755,0.0000,0.0000,0.0000
78.6500,15.8225,3.8695,0.0000,20.1108,10.0690,0.0000,0.0000,0.0000
78.6667,15.8213,3.8687,0.0000,20.1371,10.0624,0.0000,0.0000,0.0000
78.6833,15.8202,3.8678,0.0000,20.1631,10.0559,0.0000,0.0000,0.0000
78.7000,15.8190,3.8670,0.0000,20.1888,10.0493,0.0000,0.0000,0.0000
78.7167,15.8179,3.8662,0.0000,20.2142,10.0428,0.0000,0.0000,0.0000
78.7333,15.8167,3.8653,0.0000,20.2393,10.0362,0.0000,0.0000,0.0000
78.7500,15.8156,3.8645,0.0000,20.2641,10.0297,0.0000,0.0000,0.0000
78.7667,15.8144,3.8637,0.0000,20.2886,10.0232,0.0000,0.0000,0.0000
78.7833,15.8133,3.8628,0.0000,20.3129,10.0166,0.0000,0.0000,0.0000
78.8000,15.8121,3.8620,0.0000,20.3369,10.0101,0.0000,0.0000,0.0000
78.8167,15.8109,3.8612,0.0000,20.3606,10.0036,0.0000,0.0000,0.0000
78.8333,15.8098,3.8603,0.0000,20.3840,9.9970,0.0000,0.0000,0.0000
78.8500,15.8086,3.8595,0.0000,20.4072,9.9905,0.0000,0.0000,0.0000
78.8667,15.8075,3.8587,0.0000,20.4302,9.9840,0.0000,0.0000,0.0000
78.8833,15.8063,3.8578,0.0000,20.4529,9.9774,0.0000,0.0000,0.0000
78.9000,15.8052,3.8570,0.0000,20.4753,9.9709,0.0000,0.0000,0.0000
78.9167,15.8040,3.8562,0.0000,20.4975,9.9644,0.0000,0.0000,0.0000
78.9333,15.8028,3.8553,0.0000,20.5194,9.9578,0.0000,0.0000,0.0000
78.9500,15.8017,3.8545,0.0000,20.5411,9.9513,0.0000,0.0000,0.0000
78.9667,15.8005,3.8537,0.0000,20.5626,9.9448,0.0000,0.0000,0.0000
78.9833,15.7994,3.8528,0.0000,20.5838,9.9382,0.0000,0.0000,0.0000
79.0000,16.0607,3.8520,5000.0000,141.6961,10.1559,0.0000,0.0000,0.0000
79.0167,16.3156,3.8503,5000.0000,261.8539,10.3722,0.0000,0.0000,0.0000
79.0333,16.5641,3.8487,5000.0000,380.0794,10.5834,0.0000,0.0000,0.0000
79.0500,16.8064,3.8470,5000.0000,495.6350,10.7894,0.0000,0.0000,0.0000
79.0667,17.0426,3.8453,5000.0000,607.8696,10.9905,0.0000,0.0000,0.0000
79.0833,17.2729,3.8437,5000.0000,716.0862,11.1867,0.0000,0.0000,0.0000
79.1000,17.4977,3.8420,5000.0000,819.2963,11.3784,0.0000,0.0000,0.0000
79.1167,17.7173,3.8403,5000.0000,915.1254,11.5658,0.0000,0.0000,0.0000
79.1333,17.9323,3.8387,5000.0000,1000.3427,11.7494,0.0000,0.0000,0.0000
79.1500,18.1377,3.8370,4908.3113,1086.6315,11.9249,0.0000,0.0000,0.0000
79.1667,18.3432,3.8353,5000.0000,1176.5293,12.1007,0.0000,0.0000,0.0000
79.1833,18.5438,3.8337,5000.0000,1267.0751,12.2724,0.0000,0.0000,0.0000
79.2000,18.7395,3.8320,5000.0000,1357.7274,12.4401,0.0000,0.0000,0.0000
79.2167,18.9303,3.8303,5000.0000,1448.1037,12.6037,0.0000,0.0000,0.0000
79.2333,19.1162,3.8287,5000.0000,1537.9132,12.7632,0.0000,0.0000,0.0000
79.2500,19.2898,3.8270,4854.6344,1623.0619,12.9120,0.0000,0.0000,0.0000
79.2667,19.4664,3.8253,5000.0000,1711.1474,13.0636,0.0000,0.0000,0.0000
79.2833,19.6383,3.8237,5000.0000,1798.1014,13.2113,0.0000,0.0000,0.0000
79.3000,19.8056,3.8220,5000.0000,1883.7984,13.3551,0.0000,0.0000,0.0000
79.3167,19.9593,3.8203,4881.9444,1963.3370,13.4868,0.0000,0.0000,0.0000
79.3333,20.1149,3.8187,5000.0000,2044.8082,13.6206,0.0000,0.0000,0.0000
79.3500,20.2663,3.8170,5000.0000,2124.8210,13.7508,0.0000,0.0000,0.0000
79.3667,20.4064,3.8153,4861.5080,2199.3730,13.8712,0.0000,0.0000,0.0000
79.3833,20.5497,3.8137,5000.0000,2276.4126,13.9945,0.0000,0.0000,0.0000
79.4000,20.6813,3.8120,4848.2373,2347.4583,14.1076,0.0000,0.0000,0.0000
79.4167,20.8122,3.8103,4907.9285,2418.7133,14.2201,0.0000,0.0000,0.0000
79.4333,20.9385,3.8087,4889.6755,2487.8474,14.3287,0.0000,0.0000,0.0000
79.4500,21.0566,3.8070,4800.2665,2552.7450,14.4302,0.0000,0.0000,0.0000
79.4667,20.9250,3.8053,0.0000,2473.6857,14.3121,0.0000,0.0000,0.0000
79.4833,20.8035,3.8037,119.9810,2401.6516,14.2024,0.0000,0.0000,0.0000
79.5000,20.6980,3.8020,359.3165,2339.6474,14.1069,0.0000,0.0000,0.0000
79.5167,20.6104,3.8003,646.0136,2288.4595,14.0272,0.0000,0.0000,0.0000
79.5333,20.5419,3.7987,967.4119,2248.5103,13.9644,0.0000,0.0000,0.0000
79.5500,20.4930,3.7970,1310.7990,2219.8842,13.9188,0.0000,0.0000,0.0000
79.5667,20.4657,3.7953,1663.8017,2203.4565,13.8923,0.0000,0.0000,0.0000
79.5833,20.4580,3.7937,2011.8000,2198.3608,13.8831,0.0000,0.0000,0.0000
79.6000,20.4630,3.7920,2344.5811,2200.2621,13.8843,0.0000,0.0000,0.0000
79.6167,20.4846,3.7903,2661.8239,2211.1536,13.9005,0.0000,0.0000,0.0000
79.6333,20.5195,3.7887,2949.4449,2229.4535,13.9284,0.0000,0.0000,0.0000
79.6500,20.5689,3.7870,3202.7786,2255.7181,13.9692,0.0000,0.0000,0.0000
79.6667,20.6277,3.7853,3412.0682,2287.2750,14.0179,0.0000,0.0000,0.0000
79.6833,20.6933,3.7837,3576.6997,2322.7279,14.0727,0.0000,0.0000,0.0000
79.7000,20.7631,3.7820,3695.1433,2360.6628,14.1313,0.0000,0.0000,0.0000
79.7167,20.8347,3.7803,3767.4202,2399.6887,14.1913,0.0000,0.0000,0.0000
79.7333,20.9057,3.7787,3794.9771,2438.4772,14.2509,0.0000,0.0000,0.0000
79.7500,20.9740,3.7770,3780.5255,2475.7993,14.3081,0.0000,0.0000,0.0000
79.7667,21.0376,3.7753,3727.8555,2510.5585,14.3612,0.0000,0.0000,0.0000
79.7833,20.9081,3.7737,0.0000,2434.4221,14.2454,0.0000,0.0000,0.0000
79.8000,20.7900,3.7720,147.0456,2365.8198,14.1391,0.0000,0.0000,0.0000
79.8167,20.6879,3.7703,391.1983,2307.0981,14.0470,0.0000,0.0000,0.0000
79.8333,20.6036,3.7687,680.5839,2259.0088,13.9706,0.0000,0.0000,0.0000
79.8500,20.5384,3.7670,1002.6579,2221.9435,13.9109,0.0000,0.0000,0.0000
79.8667,20.4955,3.7653,1344.8734,2197.5870,13.8711,0.0000,0.0000,0.0000
79.8833,20.4704,3.7637,1690.4570,2183.2220,13.8464,0.0000,0.0000,0.0000
79.9000,20.4643,3.7620,2033.2698,2179.5128,13.8384,0.0000,0.0000,0.0000
79.9167,20.4706,3.7603,2360.7386,2182.6214,13.8407,0.0000,0.0000,0.0000
79.9333,20.4935,3.7587,2672.1465,2194.8425,13.8581,0.0000,0.0000,0.0000
79.9500,20.5294,3.7570,2953.1029,2214.2143,13.8866,0.0000,0.0000,0.0000
79.9667,20.5794,3.7553,3199.5923,2241.3575,13.9277,0.0000,0.0000,0.0000
79.9833,20.6383,3.7537,3402.0251,2273.5370,13.9765,0.0000,0.0000,0.0000
80.0000,20.7140,3.7520,3560.0765,2315.1576,14.0398,0.0000,200.0000,0.0000
80.0167,20.7925,3.7587,3655.9714,2358.3505,14.1521,2.1758,200.0000,0.0000
80.0333,20.8711,3.7653,3701.9955,2401.7153,14.2651,4.3516,200.0000,0.0000
80.0500,20.9474,3.7720,3700.7152,2443.8682,14.3765,6.5274,200.0000,0.0000
80.0667,21.0193,3.7787,3655.9513,2483.5562,14.4845,8.7032,200.0000,0.0000
80.0833,20.9013,3.7853,0.0000,2414.5738,14.4250,10.8790,200.0000,0.0000
80.1000,20.7950,3.7920,157.8670,2353.0638,14.3748,13.0548,200.0000,0.0000
80.1167,20.7036,3.7987,387.1721,2300.6481,14.3374,15.2306,200.0000,0.0000
80.1333,20.6287,3.8053,656.4157,2257.9857,14.3143,17.4064,200.0000,0.0000
80.1500,20.5713,3.8120,954.1004,2225.4089,14.3066,19.5822,200.0000,0.0000
80.1667,20.5342,3.8187,1268.7725,2204.3482,14.3172,21.7580,200.0000,0.0000
80.1833,20.5133,3.8253,1585.3816,2192.3913,14.3418,23.9338,200.0000,0.0000
80.2000,20.5093,3.8320,1898.2437,2189.8510,14.3817,26.1096,200.0000,0.0000
80.2167,20.5165,3.8387,2196.6949,2193.5054,14.4313,28.2854,200.0000,0.0000
80.2333,20.5392,3.8453,2479.6517,2205.6831,14.4957,30.4612,200.0000,0.0000
80.2500,20.5736,3.8520,2733.4009,2224.2862,14.5706,32.6370,200.0000,0.0000
80.2667,20.6207,3.8587,2954.8977,2249.9176,14.6577,34.8128,200.0000,0.0000
80.2833,20.6757,3.8653,3135.4003,2279.9885,14.7521,36.9886,200.0000,0.0000
80.3000,20.7364,3.8720,3274.9167,2313.2278,14.8521,39.1644,200.0000,0.0000
80.3167,20.8004,3.8787,3372.4130,2348.3583,14.9555,41.3401,200.0000,0.0000
80.3333,20.8654,3.8853,3428.2358,2384.1337,15.0602,43.5159,200.0000,0.0000
80.3500,20.9294,3.8920,3443.9911,2419.3741,15.1645,45.6917,200.0000,0.0000
80.3667,20.9904,3.8987,3422.3920,2452.9982,15.2664,47.8675,200.0000,0.0000
80.3833,21.0469,3.9053,3367.0853,2484.0517,15.3644,50.0433,200.0000,0.0000
80.4000,20.9289,3.9120,0.0000,2415.1829,15.2996,52.2191,200.0000,0.0000
80.4167,20.8202,3.9187,113.7674,2352.4877,15.2425,54.3949,200.0000,0.0000
80.4333,20.7259,3.9253,330.2924,2298.5623,15.1985,56.5707,200.0000,0.0000
80.4500,20.6476,3.9320,589.1183,2254.1470,15.1691,58.7465,200.0000,0.0000
80.4667,20.5864,3.9387,878.8846,2219.6519,15.1556,60.9223,200.0000,0.0000
80.4833,20.5457,3.9453,1188.1871,2196.7067,15.1614,63.0981,200.0000,0.0000
80.5000,20.5211,3.9520,1501.5487,2182.8286,15.1821,65.2739,200.0000,0.0000
80.5167,20.5142,3.9587,1813.4587,2178.8188,15.2197,67.4497,200.0000,0.0000
80.5333,20.5186,3.9653,2111.7737,2181.0227,15.2677,69.6255,200.0000,0.0000
80.5500,20.5379,3.9720,2396.2143,2191.3864,15.3304,71.8013,200.0000,0.0000
80.5667,20.5691,3.9787,2654.2041,2208.3189,15.4045,73.9771,200.0000,0.0000
80.5833,20.6104,3.9853,2881.5512,2230.8501,15.4887,76.1529,200.0000,0.0000
80.6000,20.6633,3.9920,3073.9707,2259.7420,15.5846,78.3287,200.0000,0.0000
80.6167,20.7223,3.9987,3223.1875,2292.0969,15.6866,80.5045,200.0000,0.0000
80.6333,20.7851,4.0053,3330.8220,2326.6473,15.7928,82.6803,200.0000,0.0000
80.6500,20.8496,4.0120,3396.8738,2362.1472,15.9009,84.8561,200.0000,0.0000
80.6667,20.9136,4.0187,3422.6268,2397.4069,16.0089,87.0319,200.0000,0.0000
80.6833,20.9751,4.0253,3410.5053,2431.3270,16.1150,89.2077,200.0000,0.0000
80.7000,21.0325,4.0320,3363.9071,2462.9265,16.2173,91.3835,200.0000,0.0000
80.7167,20.9155,4.0387,0.0000,2394.9016,16.1477,93.5593,200.0000,0.0000
80.7333,20.8089,4.0453,135.1582,2333.6183,16.0875,95.7351,200.0000,0.0000
80.7500,20.7169,4.0520,356.3680,2281.1571,16.0412,97.9109,200.0000,0.0000
80.7667,20.6409,4.0587,618.3546,2238.2132,16.0104,100.0867,200.0000,0.0000
80.7833,20.5821,4.0653,909.7852,2205.1565,15.9965,102.2625,200.0000,0.0000
80.8000,20.5435,4.0720,1219.3255,2183.4958,16.0026,104.4383,200.0000,0.0000
80.8167,20.5210,4.0787,1531.8376,2170.8195,16.0245,106.6141,200.0000,0.0000
80.8333,20.5156,4.0853,1841.7687,2167.6569,16.0636,108.7899,200.0000,0.0000
80.8500,20.5213,4.0920,2137.8094,2170.6320,16.1136,110.9657,200.0000,0.0000
80.8667,20.5422,4.0987,2419.2807,2181.8829,16.1793,113.1415,200.0000,0.0000
80.8833,20.5747,4.1053,2673.1409,2199.5604,16.2570,115.3173,200.0000,0.0000
80.9000,20.6171,4.1120,2895.8027,2222.6861,16.3449,117.4931,200.0000,0.0000
80.9167,20.6708,4.1187,3083.1584,2252.0468,16.4449,119.6689,200.0000,0.0000
80.9333,20.7303,4.1253,3227.0220,2284.7017,16.5511,121.8447,200.0000,0.0000
80.9500,20.7934,4.1320,3329.2735,2319.3873,16.6613,124.0204,200.0000,0.0000
80.9667,20.8579,4.1387,3390.0807,2354.8658,16.7733,126.1962,200.0000,0.0000
80.9833,20.9216,4.1453,3410.8779,2389.9604,16.8850,128.3720,200.0000,0.0000
81.0000,21.0032,4.1520,3394.2186,2435.3091,17.0156,130.5478,600.0000,0.0000
81.0167,20.9081,4.1795,0.0000,2379.7700,16.9157,134.9897,600.0000,0.0000
81.0333,20.8234,4.2070,147.0056,2330.7252,16.8260,139.4315,600.0000,0.0000
81.0500,20.7511,4.2345,337.6146,2289.0722,16.7488,143.8733,600.0000,0.0000
81.0667,20.6922,4.2620,559.3620,2255.3322,16.6855,148.3151,600.0000,0.0000
81.0833,20.6504,4.2895,802.9080,2231.3456,16.6400,152.7570,600.0000,0.0000
81.1000,20.6218,4.3170,1054.4963,2214.8579,16.6079,157.1988,600.0000,0.0000
81.1167,20.6064,4.3445,1309.9481,2205.6961,16.5893,161.6406,600.0000,0.0000
81.1333,20.6041,4.3720,1561.5787,2203.9518,16.5846,166.0824,600.0000,0.0000
81.1500,20.6109,4.3995,1801.3349,2207.1812,16.5890,170.5243,600.0000,0.0000
81.1667,20.6304,4.4270,2028.0629,2217.3822,16.6071,174.9661,600.0000,0.0000
81.1833,20.6591,4.4545,2230.3360,2232.6902,16.6348,179.4079,600.0000,0.0000
81.2000,20.6956,4.4820,2406.1094,2252.2736,16.6707,183.8497,600.0000,0.0000
81.2167,20.7382,4.5095,2552.2701,2275.2417,16.7131,188.2916,600.0000,0.0000
81.2333,20.7883,4.5370,2666.7949,2302.3882,16.7637,192.7334,600.0000,0.0000
81.2500,20.8410,4.5645,2743.6764,2330.9730,16.8169,197.1752,600.0000,0.0000
81.2667,20.8944,4.5920,2786.3940,2359.9767,16.8710,201.6170,600.0000,0.0000
81.2833,20.9468,4.6195,2796.3440,2388.4396,16.9242,206.0589,600.0000,0.0000
81.3000,20.9967,4.6470,2775.8205,2415.4873,16.9748,210.5007,600.0000,0.0000
81.3167,21.0399,4.6745,2727.8724,2438.7787,17.0180,214.9425,600.0000,0.0000
81.3333,20.9447,4.7020,0.0000,2383.0632,16.9143,219.3843,600.0000,0.0000
81.3500,20.8568,4.7295,88.5440,2332.1501,16.8177,223.8262,600.0000,0.0000
81.3667,20.7805,4.7570,262.2985,2288.2220,16.7331,228.2680,600.0000,0.0000
81.3833,20.7171,4.7845,470.3254,2251.9057,16.6621,232.7098,600.0000,0.0000
81.4000,20.6675,4.8120,703.4569,2223.5598,16.6057,237.1516,600.0000,0.0000
81.4167,20.6345,4.8395,952.4855,2204.5426,16.5669,241.5935,600.0000,0.0000
81.4333,20.6144,4.8670,1204.8947,2192.8454,16.5418,246.0353,600.0000,0.0000
81.4500,20.6088,4.8945,1456.2435,2189.1888,16.5321,250.4771,600.0000,0.0000
81.4667,20.6122,4.9220,1696.6577,2190.5546,16.5318,254.9189,600.0000,0.0000
81.4833,20.6276,4.9495,1925.9529,2198.4522,16.5446,259.3608,600.0000,0.0000
81.5000,20.6526,4.9770,2134.0322,2211.6607,16.5677,263.8026,600.0000,0.0000
81.5167,20.6858,5.0045,2317.4533,2229.3912,16.5998,268.2444,600.0000,0.0000
81.5333,20.7257,5.0320,2472.7422,2250.7869,16.6390,272.6862,600.0000,0.0000
81.5500,20.7735,5.0595,2597.4985,2276.5816,16.6871,277.1281,600.0000,0.0000
81.5667,20.8245,5.0870,2685.5648,2304.1652,16.7387,281.5699,600.0000,0.0000
81.5833,20.8769,5.1145,2739.8137,2332.5239,16.7918,286.0117,600.0000,0.0000
81.6000,20.9290,5.1420,2761.2555,2360.6917,16.8446,290.4535,600.0000,0.0000
81.6167,20.9791,5.1695,2751.8307,2387.7775,16.8954,294.8954,600.0000,0.0000
81.6333,21.0229,5.1970,2714.2756,2411.3923,16.9393,299.3372,600.0000,0.0000
81.6500,20.9291,5.2245,0.0000,2356.6251,16.8331,303.7790,600.0000,0.0000
81.6667,20.8439,5.2520,113.4516,2307.3283,16.7356,308.2208,600.0000,0.0000
81.6833,20.7704,5.2795,292.3298,2265.0782,16.6507,312.6627,600.0000,0.0000
81.7000,20.7099,5.3070,503.6077,2230.4465,16.5797,317.1045,600.0000,0.0000
81.7167,20.6662,5.3345,738.1670,2205.3970,16.5271,321.5463,600.0000,0.0000
81.7333,20.6354,5.3620,982.2034,2187.6616,16.4884,325.9881,600.0000,0.0000
81.7500,20.6175,5.3895,1231.7502,2177.1148,16.4637,330.4300,600.0000,0.0000
81.7667,20.6132,5.4170,1479.1686,2174.2297,16.4541,334.8718,600.0000,0.0000
81.7833,20.6179,5.4445,1715.4569,2176.2568,16.4540,339.3136,600.0000,0.0000
81.8000,20.6347,5.4720,1940.0518,2184.8579,16.4674,343.7554,600.0000,0.0000
81.8167,20.6608,5.4995,2142.4923,2198.5941,16.4911,348.1973,600.0000,0.0000
81.8333,20.6947,5.5270,2319.9385,2216.6739,16.5235,352.6391,600.0000,0.0000
81.8500,20.7350,5.5545,2469.1118,2238.2427,16.5630,357.0809,600.0000,0.0000
81.8667,20.7830,5.5820,2587.7969,2264.0410,16.6113,361.5228,600.0000,0.0000
81.8833,20.8339,5.6095,2669.9901,2291.4584,16.6627,365.9646,600.0000,0.0000
81.9000,20.8859,5.6370,2718.7567,2319.4969,16.7155,370.4064,600.0000,0.0000
81.9167,20.9373,5.6645,2735.2416,2347.2105,16.7677,374.8482,600.0000,0.0000
81.9333,20.9865,5.6920,2721.4936,2373.7304,16.8176,379.2900,600.0000,0.0000
81.9500,21.0294,5.7195,2680.3286,2396.7333,16.8603,383.7319,600.0000,0.0000
81.9667,20.9363,5.7470,0.0000,2342.4316,16.7508,388.1737,600.0000,0.0000
81.9833,20.8513,5.7745,101.8505,2293.2393,16.6497,392.6155,600.0000,0.0000
82.0000,20.7777,5.8020,276.1604,2250.9506,16.5612,397.0573,600.0000,0.0000
82.0167,20.7169,5.8237,483.1714,2216.2082,16.4269,400.3825,600.0000,0.0000
82.0333,20.6697,5.8453,713.8722,2189.2834,16.3083,403.7077,600.0000,0.0000
82.0500,20.6386,5.8670,959.2425,2171.4335,16.2082,407.0328,600.0000,0.0000
82.0667,20.6203,5.8887,1207.1890,2160.7255,16.1226,410.3580,600.0000,0.0000
82.0833,20.6157,5.9103,1453.3077,2157.6988,16.0525,413.6832,600.0000,0.0000
82.1000,20.6200,5.9320,1688.4513,2159.5581,15.9922,417.0083,600.0000,0.0000
82.1167,20.6362,5.9537,1912.1607,2167.9006,15.9454,420.3335,600.0000,0.0000
82.1333,20.6618,5.9753,2114.1661,2181.3670,15.9089,423.6587,600.0000,0.0000
82.1500,20.6953,5.9970,2291.4947,2199.1757,15.8812,426.9838,600.0000,0.0000
82.1667,20.7351,6.0187,2440.8458,2220.4813,15.8603,430.3090,600.0000,0.0000
82.1833,20.7826,6.0403,2559.9750,2246.0129,15.8480,433.6342,600.0000,0.0000
82.2000,20.8331,6.0620,2642.8917,2273.1915,15.8387,436.9594,600.0000,0.0000
82.2167,20.8847,6.0837,2692.5818,2301.0261,15.8305,440.2845,600.0000,0.0000
82.2333,20.9358,6.1053,2710.1438,2328.5763,15.8216,443.6097,600.0000,0.0000
82.2500,20.9848,6.1270,2697.5793,2354.9773,15.8104,446.9349,600.0000,0.0000
82.2667,21.0276,6.1487,2657.6576,2377.9154,15.7921,450.2600,600.0000,0.0000
82.2833,20.9355,6.1703,0.0000,2324.3595,15.6287,453.5852,600.0000,0.0000
82.3000,20.8515,6.1920,103.1753,2275.9146,15.4744,456.9104,600.0000,0.0000
82.3167,20.7788,6.2137,276.3037,2234.3001,15.3328,460.2355,600.0000,0.0000
82.3333,20.7189,6.2353,481.6565,2200.0907,15.2054,463.5607,600.0000,0.0000
82.3500,20.6753,6.2570,710.3130,2175.2486,15.0961,466.8858,600.0000,0.0000
82.3667,20.6444,6.2787,948.6691,2157.5424,15.0005,470.2110,600.0000,0.0000
82.3833,20.6262,6.3003,1192.8725,2146.8612,14.9187,473.5362,600.0000,0.0000
82.4000,20.6215,6.3220,1435.4126,2143.7717,14.8515,476.8613,600.0000,0.0000
82.4167,20.6256,6.3437,1667.1828,2145.4920,14.7935,480.1865,600.0000,0.0000
82.4333,20.6414,6.3653,1887.7785,2153.5653,14.7483,483.5117,600.0000,0.0000
82.4500,20.6664,6.3870,2087.1430,2166.6901,14.7127,486.8368,600.0000,0.0000
82.4667,20.6992,6.4087,2262.2755,2184.0995,14.6853,490.1620,600.0000,0.0000
82.4833,20.7383,6.4303,2409.9040,2204.9633,14.6644,493.4872,600.0000,0.0000
82.5000,20.7821,6.4520,2527.7964,2228.4123,14.6484,496.8124,600.0000,0.0000
82.5167,20.8321,6.4737,2614.7478,2255.2598,14.6389,500.1375,600.0000,0.0000
82.5333,20.8833,6.4953,2665.5008,2282.8011,14.6305,503.4627,600.0000,0.0000
82.5500,20.9341,6.5170,2684.2971,2310.1016,14.6214,506.7879,600.0000,0.0000
82.5667,20.9829,6.5387,2673.0842,2336.3006,14.6102,510.1130,600.0000,0.0000
82.5833,21.0255,6.5603,2634.5786,2359.0962,14.5924,513.4382,600.0000,0.0000
82.6000,20.9344,6.5820,0.0000,2306.2181,14.4376,516.7634,600.0000,0.0000
82.6167,20.8515,6.6037,104.9056,2258.4627,14.2915,520.0885,600.0000,0.0000
82.6333,20.7798,6.6253,276.9590,2217.4659,14.1575,523.4137,600.0000,0.0000
82.6500,20.7207,6.6470,480.7342,2183.7909,14.0368,526.7389,600.0000,0.0000
82.6667,20.6779,6.6687,707.4000,2159.3643,13.9333,530.0640,600.0000,0.0000
82.6833,20.6476,6.6903,943.5217,2141.9866,13.8427,533.3892,600.0000,0.0000
82.7000,20.6298,6.7120,1185.2744,2131.5451,13.7650,536.7144,600.0000,0.0000
82.7167,20.6253,6.7337,1425.2338,2128.5726,13.7011,540.0395,600.0000,0.0000
82.7333,20.6295,6.7553,1654.4872,2130.3466,13.6458,543.3647,600.0000,0.0000
82.7500,20.6454,6.7770,1872.5819,2138.4110,13.6025,546.6898,600.0000,0.0000
82.7667,20.6703,6.7987,2069.4947,2151.4529,13.5684,550.0150,600.0000,0.0000
82.7833,20.7030,6.8203,2242.3305,2168.7127,13.5419,553.3402,600.0000,0.0000
82.8000,20.7418,6.8420,2387.8700,2189.3689,13.5216,556.6653,600.0000,0.0000
82.8167,20.7853,6.8637,2503.9238,2212.5619,13.5057,559.9905,600.0000,0.0000
82.8333,20.8348,6.8853,2589.3192,2239.0955,13.4961,563.3157,600.0000,0.0000
82.8500,20.8856,6.9070,2638.8634,2266.2954,13.4873,566.6409,600.0000,0.0000
82.8667,20.9358,6.9287,2656.7821,2293.2388,13.4780,569.9660,600.0000,0.0000
82.8833,20.9841,6.9503,2645.0210,2319.0767,13.4666,573.2912,600.0000,0.0000
82.9000,21.0262,6.9720,2606.2848,2341.5398,13.4489,576.6164,600.0000,0.0000
82.9167,20.9362,6.9937,0.0000,2289.2834,13.3025,579.9415,600.0000,0.0000
82.9333,20.8540,7.0153,102.1529,2242.0359,13.1641,583.2667,600.0000,0.0000
82.9500,20.7830,7.0370,271.9210,2201.4492,13.0371,586.5919,600.0000,0.0000
82.9667,20.7244,7.0587,473.1698,2168.0837,12.9227,589.9170,600.0000,0.0000
82.9833,20.6818,7.0803,697.1657,2143.8526,12.8244,593.2422,600.0000,0.0000
83.0000,20.6517,7.1020,930.6017,2126.5797,12.7382,596.5674,600.0000,0.0000
83.0167,20.6339,7.1145,1169.7004,2116.2411,12.7444,598.1890,600.0000,0.0000
83.0333,20.6294,7.1270,1407.1240,2113.3055,12.7635,599.8107,600.0000,0.0000
83.0500,20.6334,7.1395,1633.9946,2115.0602,12.7905,601.4324,600.0000,0.0000
83.0667,20.6490,7.1520,1849.8983,2123.0094,12.8290,603.0541,600.0000,0.0000
83.0833,20.6735,7.1645,2044.9704,2135.8821,12.8762,604.6758,600.0000,0.0000
83.1000,20.7057,7.1770,2216.2975,2152.9300,12.9309,606.2975,600.0000,0.0000
83.1167,20.7440,7.1895,2360.6826,2173.3431,12.9918,607.9192,600.0000,0.0000
83.1333,20.7869,7.2020,2475.9469,2196.2737,13.0574,609.5408,600.0000,0.0000
83.1500,20.8359,7.2145,2560.9167,2222.5138,13.1293,611.1625,600.0000,0.0000
83.1667,20.8860,7.2270,2610.4485,2249.4265,13.2025,612.7842,600.0000,0.0000
83.1833,20.9357,7.2395,2628.7022,2276.1005,13.2754,614.4059,600.0000,0.0000
83.2000,20.9834,7.2520,2617.5893,2301.6971,13.3466,616.0276,600.0000,0.0000
83.2167,21.0251,7.2645,2579.7740,2323.9738,13.4119,617.6493,600.0000,0.0000
83.2333,20.9359,7.2770,0.0000,2272.4418,13.3472,619.2709,600.0000,0.0000
83.2500,20.8546,7.2895,102.4905,2225.8899,13.2896,620.8926,600.0000,0.0000
83.2667,20.7844,7.3020,271.0003,2185.9230,13.2426,622.5143,600.0000,0.0000
83.2833,20.7264,7.3145,470.6372,2153.0943,13.2076,624.1360,600.0000,0.0000
83.3000,20.6844,7.3270,692.7528,2129.2900,13.1885,625.7577,600.0000,0.0000
83.3167,20.6546,7.3395,924.1775,2112.3635,13.1814,627.3793,600.0000,0.0000
83.3333,20.6371,7.3520,1161.1674,2102.2069,13.1864,629.0010,600.0000,0.0000
83.3500,20.6327,7.3645,1396.4452,2099.3516,13.2048,630.6227,600.0000,0.0000
83.3667,20.6367,7.3770,1621.2483,2101.1317,13.2314,632.2444,600.0000,0.0000
83.3833,20.6522,7.3895,1835.1472,2109.0476,13.2699,633.8661,600.0000,0.0000
83.4000,20.6766,7.4020,2028.3398,2121.8267,13.3175,635.4878,600.0000,0.0000
83.4167,20.7086,7.4145,2197.9655,2138.7289,13.3730,637.1094,600.0000,0.0000
83.4333,20.7466,7.4270,2340.8621,2158.9527,13.4348,638.7312,600.0000,0.0000
83.4500,20.7891,7.4395,2454.8765,2181.6596,13.5014,640.3528,600.0000,0.0000
83.4667,20.8377,7.4520,2538.8522,2207.6344,13.5745,641.9745,600.0000,0.0000
83.4833,20.8874,7.4645,2587.6943,2234.2668,13.6490,643.5962,600.0000,0.0000
83.5000,20.9367,7.4770,2605.5354,2260.6560,13.7232,645.2179,600.0000,0.0000
83.5167,20.9840,7.4895,2594.2761,2285.9724,13.7956,646.8396,600.0000,0.0000
83.5333,21.0253,7.5020,2556.5625,2307.9988,13.8618,648.4612,600.0000,0.0000
83.5500,20.9369,7.5145,0.0000,2257.0227,13.7930,650.0829,600.0000,0.0000
83.5667,20.8563,7.5270,100.9686,2210.9509,13.7316,651.7046,600.0000,0.0000
83.5833,20.7866,7.5395,267.8093,2171.3854,13.6812,653.3263,600.0000,0.0000
83.6000,20.7291,7.5520,465.5402,2138.8751,13.6433,654.9480,600.0000,0.0000
83.6167,20.6874,7.5645,685.5915,2115.2904,13.6218,656.5697,600.0000,0.0000
83.6333,20.6578,7.5770,914.9043,2098.5072,13.6127,658.1913,600.0000,0.0000
83.6500,20.6404,7.5895,1149.7705,2088.4201,13.6164,659.8130,600.0000,0.0000
83.6667,20.6360,7.6020,1382.9750,2085.5648,13.6338,661.4347,600.0000,0.0000
83.6833,20.6399,7.6145,1605.8085,2087.2955,13.6599,663.0564,600.0000,0.0000
83.7000,20.6552,7.6270,1817.8570,2095.0890,13.6982,664.6781,600.0000,0.0000
83.7167,20.6794,7.6395,2009.4199,2107.6964,13.7461,666.2997,600.0000,0.0000
83.7333,20.7110,7.6520,2177.6429,2124.3858,13.8020,667.9215,600.0000,0.0000
83.7500,20.7487,7.6645,2319.3860,2144.3651,13.8646,669.5431,600.0000,0.0000
83.7667,20.7908,7.6770,2432.5093,2166.8049,13.9321,671.1648,600.0000,0.0000
83.7833,20.8389,7.6895,2515.8607,2192.4807,14.0064,672.7865,600.0000,0.0000
83.8000,20.8882,7.7020,2564.3856,2218.8116,14.0821,674.4082,600.0000,0.0000
83.8167,20.9371,7.7145,2582.1732,2244.9061,14.1576,676.0299,600.0000,0.0000
83.8333,20.9840,7.7270,2571.1034,2269.9433,14.2311,677.6516,600.0000,0.0000
83.8500,21.0249,7.7395,2533.7951,2291.7291,14.2983,679.2732,600.0000,0.0000
83.8667,20.9374,7.7520,0.0000,2241.3078,14.2253,680.8949,600.0000,0.0000
83.8833,20.8575,7.7645,100.2354,2195.7385,14.1600,682.5166,600.0000,0.0000
83.9000,20.7884,7.7770,265.6115,2156.6017,14.1062,684.1383,600.0000,0.0000
83.9167,20.7315,7.7895,461.5919,2124.4410,14.0652,685.7600,600.0000,0.0000
83.9333,20.6901,7.8020,679.6841,2101.1072,14.0414,687.3816,600.0000,0.0000
83.9500,20.6609,7.8145,906.9483,2084.4993,14.0305,689.0033,600.0000,0.0000
83.9667,20.6436,7.8270,1139.7085,2074.5135,14.0327,690.6250,600.0000,0.0000
83.9833,20.6392,7.8395,1370.8143,2071.6816,14.0492,692.2467,600.0000,0.0000
84.0000,20.6444,7.8520,1591.6395,2073.9197,14.0761,693.8684,600.0000,0.0000
84.0167,20.6594,7.8653,1799.8971,2081.5494,14.1169,693.0137,600.0000,0.0000
84.0333,20.6832,7.8787,1989.1974,2093.9374,14.1677,692.1590,600.0000,0.0000
84.0500,20.7144,7.8920,2155.4634,2110.3614,14.2268,691.3044,600.0000,0.0000
84.0667,20.7516,7.9053,2295.5882,2130.0395,14.2928,690.4497,600.0000,0.0000
84.0833,20.7932,7.9187,2407.4525,2152.1534,14.3640,689.5950,600.0000,0.0000
84.1000,20.8407,7.9320,2489.9130,2177.4679,14.4422,688.7403,600.0000,0.0000
84.1167,20.8894,7.9453,2537.9732,2203.4376,14.5218,687.8856,600.0000,0.0000
84.1333,20.9376,7.9587,2555.6662,2229.1829,14.6012,687.0309,600.0000,0.0000
84.1500,20.9811,7.9720,2544.8449,2252.3366,14.6753,686.1763,600.0000,0.0000
84.1667,21.0218,7.9853,2512.7664,2274.0131,14.7466,685.3216,600.0000,0.0000
84.1833,20.9351,7.9987,0.0000,2224.2477,14.6720,684.4669,600.0000,0.0000
84.2000,20.8563,8.0120,103.7806,2179.4022,14.6056,683.6122,600.0000,0.0000
84.2167,20.7882,8.0253,268.8408,2140.9415,14.5512,682.7575,600.0000,0.0000
84.2333,20.7322,8.0387,463.9721,2109.3960,14.5103,681.9028,600.0000,0.0000
84.2500,20.6916,8.0520,680.7537,2086.5716,14.4869,681.0482,600.0000,0.0000
84.2667,20.6629,8.0653,906.4052,2070.4034,14.4771,680.1935,600.0000,0.0000
84.2833,20.6462,8.0787,1137.2652,2060.7834,14.4809,679.3388,600.0000,0.0000
84.3000,20.6422,8.0920,1366.2613,2058.1740,14.4995,678.4841,600.0000,0.0000
84.3167,20.6464,8.1053,1584.9966,2060.0475,14.5274,677.6294,600.0000,0.0000
84.3333,20.6617,8.1187,1792.9810,2067.9003,14.5686,676.7747,600.0000,0.0000
84.3500,20.6858,8.1320,1980.5770,2080.4452,14.6200,675.9201,600.0000,0.0000
84.3667,20.7171,8.1453,2145.0997,2096.9638,14.6801,675.0654,600.0000,0.0000
84.3833,20.7543,8.1587,2283.4955,2116.6788,14.7473,674.2107,600.0000,0.0000
84.4000,20.7959,8.1720,2393.6942,2138.7776,14.8198,673.3560,600.0000,0.0000
84.4167,20.8433,8.1853,2474.5956,2164.0268,14.8995,672.5013,600.0000,0.0000
84.4333,20.8917,8.1987,2521.2528,2189.8899,14.9807,671.6467,600.0000,0.0000
84.4500,20.9397,8.2120,2537.7268,2215.4952,15.0616,670.7920,600.0000,0.0000
84.4667,20.9829,8.2253,2525.8932,2238.4941,15.1368,669.9373,600.0000,0.0000
84.4833,21.0234,8.2387,2492.9942,2259.9989,15.2091,669.0826,600.0000,0.0000
84.5000,20.9373,8.2520,0.0000,2210.7454,15.1294,668.2279,600.0000,0.0000
84.5167,20.8590,8.2653,100.2455,2166.2815,15.0582,667.3732,600.0000,0.0000
84.5333,20.7913,8.2787,263.2067,2128.1169,14.9994,666.5186,600.0000,0.0000
84.5500,20.7354,8.2920,456.1515,2096.7826,14.9545,665.6639,600.0000,0.0000
84.5667,20.6949,8.3053,670.7351,2074.0795,14.9280,664.8092,600.0000,0.0000
84.5833,20.6663,8.3187,894.2577,2057.9609,14.9155,663.9545,600.0000,0.0000
84.6000,20.6495,8.3320,1123.1008,2048.3244,14.9173,663.0998,600.0000,0.0000
84.6167,20.6453,8.3453,1350.2423,2045.6561,14.9344,662.2451,600.0000,0.0000
84.6333,20.6493,8.3587,1567.2563,2047.4292,14.9613,661.3905,600.0000,0.0000
84.6500,20.6643,8.3720,1773.7077,2055.1045,15.0019,660.5358,600.0000,0.0000
84.6667,20.6879,8.3853,1960.1067,2067.4365,15.0532,659.6811,600.0000,0.0000
84.6833,20.7189,8.3987,2123.7155,2083.7160,15.1135,658.8264,600.0000,0.0000
84.7000,20.7556,8.4120,2261.4852,2103.1754,15.1813,657.9717,600.0000,0.0000
84.7167,20.7967,8.4253,2371.3416,2125.0112,15.2546,657.1171,600.0000,0.0000
84.7333,20.8437,8.4387,2452.1727,2149.9815,15.3354,656.2624,600.0000,0.0000
84.7500,20.8917,8.4520,2499.0592,2175.5780,15.4178,655.4077,600.0000,0.0000
84.7667,20.9393,8.4653,2516.0003,2200.9373,15.4999,654.5530,600.0000,0.0000
84.7833,20.9821,8.4787,2504.8377,2223.7312,15.5762,653.6983,600.0000,0.0000
84.8000,21.0223,8.4920,2472.7403,2245.0600,15.6494,652.8437,600.0000,0.0000
84.8167,20.9370,8.5053,0.0000,2196.3343,15.5646,651.9890,600.0000,0.0000
84.8333,20.8594,8.5187,100.7671,2152.3832,15.4888,651.1343,600.0000,0.0000
84.8500,20.7924,8.5320,262.7396,2114.6723,15.4258,650.2796,600.0000,0.0000
84.8667,20.7371,8.5453,454.3733,2083.7255,15.3774,649.4249,600.0000,0.0000
84.8833,20.6970,8.5587,667.3909,2061.3197,15.3480,648.5703,600.0000,0.0000
84.9000,20.6688,8.5720,889.2097,2045.4325,15.3333,647.7156,600.0000,0.0000
84.9167,20.6522,8.5853,1116.2347,2035.9611,15.3333,646.8609,600.0000,0.0000
84.9333,20.6481,8.5987,1341.5054,2033.3706,15.3492,646.0062,600.0000,0.0000
84.9500,20.6521,8.6120,1556.7098,2035.1753,15.3754,645.1515,600.0000,0.0000
84.9667,20.6671,8.6253,1761.3919,2042.8354,15.4158,644.2969,600.0000,0.0000
84.9833,20.6907,8.6387,1946.1072,2055.1005,15.4672,643.4422,600.0000,0.0000
85.0000,20.7214,8.6520,2108.1741,2071.2679,15.5281,642.5875,600.0000,0.0000
85.0167,20.7580,8.6528,2244.5768,2090.6998,15.5162,638.6699,600.0000,0.0000
85.0333,20.7988,8.6537,2353.2701,2112.4859,15.5095,634.7523,600.0000,0.0000
85.0500,20.8424,8.6545,2433.1614,2135.8164,15.5062,630.8347,600.0000,0.0000
85.0667,20.8904,8.6553,2484.0730,2161.5044,15.5081,626.9171,600.0000,0.0000
85.0833,20.9380,8.6562,2501.8418,2186.9862,15.5091,622.9995,600.0000,0.0000
85.1000,20.9808,8.6570,2491.4719,2209.9299,15.5036,619.0819,600.0000,0.0000
85.1167,21.0211,8.6578,2460.1156,2231.4355,15.4946,615.1642,600.0000,0.0000
85.1333,20.9365,8.6587,0.0000,2183.3781,15.3283,611.2467,600.0000,0.0000
85.1500,20.8596,8.6595,101.6020,2140.0925,15.1723,607.3290,600.0000,0.0000
85.1667,20.7932,8.6603,262.7496,2102.9955,15.0303,603.4114,600.0000,0.0000
85.1833,20.7385,8.6612,453.2466,2072.6039,14.9035,599.4938,600.0000,0.0000
85.2000,20.6989,8.6620,664.8805,2050.6666,14.7960,595.5762,600.0000,0.0000
85.2167,20.6709,8.6628,885.1810,2035.1893,14.7033,591.6586,600.0000,0.0000
85.2333,20.6546,8.6637,1110.5760,2026.0690,14.6253,587.7410,600.0000,0.0000
85.2500,20.6506,8.6645,1334.1641,2023.7308,14.5626,583.8234,600.0000,0.0000
85.2667,20.6547,8.6653,1547.7434,2025.7488,14.5098,579.9058,600.0000,0.0000
85.2833,20.6697,8.6662,1750.8371,2033.6041,14.4703,575.9882,600.0000,0.0000
85.3000,20.6931,8.6670,1934.0439,2046.0183,14.4410,572.0706,600.0000,0.0000
85.3167,20.7237,8.6678,2094.7382,2062.2949,14.4201,568.1530,600.0000,0.0000
85.3333,20.7600,8.6687,2229.9371,2081.6798,14.4059,564.2354,600.0000,0.0000
85.3500,20.8006,8.6695,2337.6176,2103.3841,14.3966,560.3177,600.0000,0.0000
85.3667,20.8439,8.6703,2416.7035,2126.6068,14.3902,556.4002,600.0000,0.0000
85.3833,20.8915,8.6712,2467.0260,2152.1611,14.3888,552.4825,600.0000,0.0000
85.4000,20.9388,8.6720,2484.4595,2177.4999,14.3864,548.5649,600.0000,0.0000
85.4167,20.9813,8.6728,2473.9794,2200.3087,14.3780,544.6474,600.0000,0.0000
85.4333,21.0212,8.6737,2442.6885,2221.6842,14.3663,540.7297,600.0000,0.0000
85.4500,20.9372,8.6745,0.0000,2174.0830,14.2094,536.8121,600.0000,0.0000
85.4667,20.8607,8.6753,100.5231,2131.1957,14.0620,532.8945,600.0000,0.0000
85.4833,20.7947,8.6762,260.5100,2094.4382,13.9276,528.9769,600.0000,0.0000
85.5000,20.7403,8.6770,449.6906,2064.3256,13.8072,525.0593,600.0000,0.0000
85.5167,20.7009,8.6778,659.9081,2042.5930,13.7047,521.1417,600.0000,0.0000
85.5333,20.6731,8.6787,878.7681,2027.2664,13.6159,517.2241,600.0000,0.0000
85.5500,20.6568,8.6795,1102.7243,2018.2450,13.5406,513.3065,600.0000,0.0000
85.5667,20.6528,8.6803,1324.9184,2015.9461,13.4795,509.3889,600.0000,0.0000
85.5833,20.6569,8.6812,1537.1792,2017.9698,13.4275,505.4713,600.0000,0.0000
85.6000,20.6717,8.6820,1739.0437,2025.7929,13.3878,501.5537,600.0000,0.0000
85.6167,20.6949,8.6828,1921.1859,2038.1416,13.3575,497.6361,600.0000,0.0000
85.6333,20.7253,8.6837,2080.9806,2054.3254,13.3350,493.7184,600.0000,0.0000
85.6500,20.7613,8.6845,2215.4595,2073.5965,13.3187,489.8009,600.0000,0.0000
85.6667,20.8016,8.6853,2322.6074,2095.1726,13.3068,485.8832,600.0000,0.0000
85.6833,20.8447,8.6862,2401.3499,2118.2591,13.2977,481.9656,600.0000,0.0000
85.7000,20.8920,8.6870,2451.5148,2143.6658,13.2931,478.0480,600.0000,0.0000
85.7167,20.9389,8.6878,2468.9992,2168.8623,13.2876,474.1304,600.0000,0.0000
85.7333,20.9812,8.6887,2458.7412,2191.5480,13.2766,470.2128,600.0000,0.0000
85.7500,21.0208,8.6895,2427.7952,2212.8141,13.2626,466.2952,600.0000,0.0000
85.7667,20.9373,8.6903,0.0000,2165.6084,13.1149,462.3776,600.0000,0.0000
85.7833,20.8613,8.6912,100.3128,2123.0881,12.9759,458.4600,600.0000,0.0000
85.8000,20.7957,8.6920,259.4604,2086.6515,12.8489,454.5424,600.0000,0.0000
85.8167,20.7417,8.6928,447.6152,2056.8107,12.7349,450.6248,600.0000,0.0000
85.8333,20.7025,8.6937,656.6692,2035.2852,12.6374,446.7072,600.0000,0.0000
85.8500,20.6749,8.6945,874.3035,2020.1191,12.5525,442.7896,600.0000,0.0000
85.8667,20.6587,8.6953,1096.9916,2011.2127,12.4800,438.8719,600.0000,0.0000
85.8833,20.6548,8.6962,1317.9160,2008.9690,12.4207,434.9544,600.0000,0.0000
85.9000,20.6588,8.6970,1528.9614,2011.0172,12.3697,431.0368,600.0000,0.0000
85.9167,20.6736,8.6978,1729.6622,2018.8353,12.3300,427.1191,600.0000,0.0000
85.9333,20.6967,8.6987,1910.7409,2031.1463,12.2990,423.2016,600.0000,0.0000
85.9500,20.7269,8.6995,2069.5939,2047.2645,12.2751,419.2839,600.0000,0.0000
85.9667,20.7627,8.7003,2203.2713,2066.4476,12.2569,415.3663,600.0000,0.0000
85.9833,20.8028,8.7012,2309.7708,2087.9184,12.2428,411.4487,600.0000,0.0000
86.0000,20.8456,8.7020,2388.0259,2110.8878,12.2312,407.5311,600.0000,0.0000
86.0167,20.8927,8.6937,2437.8667,2136.2426,12.2554,403.5054,600.0000,0.0000
86.0333,20.9364,8.6853,2455.2242,2159.8118,12.2756,399.4796,600.0000,0.0000
86.0500,20.9786,8.6770,2449.7135,2182.6209,12.2943,395.4538,600.0000,0.0000
86.0667,21.0184,8.6687,2420.2271,2204.0474,12.3102,391.4280,600.0000,0.0000
86.0833,20.9354,8.6603,0.0000,2157.3008,12.2021,387.4022,600.0000,0.0000
86.1000,20.8601,8.6520,103.3705,2115.3018,12.1019,383.3765,600.0000,0.0000
86.1167,20.7951,8.6437,262.6726,2079.3630,12.0125,379.3507,600.0000,0.0000
86.1333,20.7416,8.6353,450.6423,2049.9881,11.9349,375.3249,600.0000,0.0000
86.1500,20.7029,8.6270,659.2095,2028.8684,11.8725,371.2991,600.0000,0.0000
86.1667,20.6757,8.6187,876.1505,2014.0696,11.8216,367.2733,600.0000,0.0000
86.1833,20.6599,8.6103,1097.9434,2005.4887,11.7821,363.2476,600.0000,0.0000
86.2000,20.6562,8.6020,1317.8157,2003.4814,11.7547,359.2218,600.0000,0.0000
86.2167,20.6604,8.5937,1527.8063,2005.7352,11.7351,355.1960,600.0000,0.0000
86.2333,20.6753,8.5853,1727.3928,2013.7551,11.7261,351.1702,600.0000,0.0000
86.2500,20.6985,8.5770,1907.2676,2026.2265,11.7251,347.1445,600.0000,0.0000
86.2667,20.7288,8.5687,2064.9257,2042.4660,11.7309,343.1187,600.0000,0.0000
86.2833,20.7646,8.5603,2197.4546,2061.7341,11.7420,339.0929,600.0000,0.0000
86.3000,20.8046,8.5520,2302.8857,2083.2573,11.7569,335.0671,600.0000,0.0000
86.3167,20.8472,8.5437,2380.1808,2106.2509,11.7743,331.0414,600.0000,0.0000
86.3333,20.8941,8.5353,2429.1934,2131.5213,11.7957,327.0156,600.0000,0.0000
86.3500,20.9376,8.5270,2445.8822,2154.9959,11.8133,322.9898,600.0000,0.0000
86.3667,20.9796,8.5187,2439.8397,2177.6994,11.8295,318.9640,600.0000,0.0000
86.3833,21.0192,8.5103,2409.9757,2199.0144,11.8430,314.9382,600.0000,0.0000
86.4000,20.9364,8.5020,0.0000,2152.5031,11.7388,310.9125,600.0000,0.0000
86.4167,20.8613,8.4937,101.7022,2110.6787,11.6421,306.8867,600.0000,0.0000
86.4333,20.7964,8.4853,260.0895,2074.8770,11.5556,302.8609,600.0000,0.0000
86.4500,20.7430,8.4770,447.1253,2045.6024,11.4803,298.8352,600.0000,0.0000
86.4667,20.7043,8.4687,654.7713,2024.5439,11.4194,294.8094,600.0000,0.0000
86.4833,20.6771,8.4603,870.8344,2009.7761,11.3695,290.7836,600.0000,0.0000
86.5000,20.6612,8.4520,1091.8112,2001.1987,11.3304,286.7578,600.0000,0.0000
86.5167,20.6574,8.4437,1310.9493,1999.1754,11.3028,282.7320,600.0000,0.0000
86.5333,20.6615,8.4353,1520.2651,2001.3964,11.2825,278.7063,600.0000,0.0000
86.5500,20.6763,8.4270,1719.2639,2009.3549,11.2724,274.6805,600.0000,0.0000
86.5667,20.6993,8.4187,1898.7057,2021.7518,11.2699,270.6547,600.0000,0.0000
86.5833,20.7294,8.4103,2056.0562,2037.9075,11.2737,266.6289,600.0000,0.0000
86.6000,20.7650,8.4020,2188.4030,2057.0866,11.2827,262.6032,600.0000,0.0000
86.6167,20.8048,8.3937,2293.7736,2078.5199,11.2953,258.5774,600.0000,0.0000
86.6333,20.8473,8.3853,2371.1227,2101.4262,11.3103,254.5516,600.0000,0.0000
86.6500,20.8910,8.3770,2420.2941,2125.0340,11.3262,250.5258,600.0000,0.0000
86.6667,20.9346,8.3687,2441.9583,2148.6030,11.3418,246.5001,600.0000,0.0000
86.6833,20.9769,8.3603,2437.5315,2171.4426,11.3559,242.4743,600.0000,0.0000
86.7000,21.0168,8.3520,2409.0785,2192.9296,11.3676,238.4485,600.0000,0.0000
86.7167,20.9343,8.3437,0.0000,2146.6877,11.2674,234.4227,600.0000,0.0000
86.7333,20.8597,8.3353,105.0677,2105.2124,11.1744,230.3969,600.0000,0.0000
86.7500,20.7953,8.3270,263.9299,2069.7536,11.0911,226.3712,600.0000,0.0000
86.7667,20.7424,8.3187,451.1344,2040.8075,11.0185,222.3454,600.0000,0.0000
86.7833,20.7041,8.3103,658.6635,2020.0370,10.9596,218.3196,600.0000,0.0000
86.8000,20.6773,8.3020,874.3986,2005.5339,10.9110,214.2938,600.0000,0.0000
86.8167,20.6618,8.2937,1094.8314,1997.1937,10.8728,210.2681,600.0000,0.0000
86.8333,20.6583,8.2853,1313.2419,1995.3302,10.8454,206.2423,600.0000,0.0000
86.8500,20.6626,8.2770,1521.7999,1997.6891,10.8248,202.2165,600.0000,0.0000
86.8667,20.6776,8.2687,1719.9450,2005.7967,10.8140,198.1907,600.0000,0.0000
86.8833,20.7008,8.2603,1898.3775,2018.3098,10.8103,194.1650,600.0000,0.0000
86.9000,20.7310,8.2520,2054.6683,2034.5490,10.8127,190.1392,600.0000,0.0000
86.9167,20.7667,8.2437,2185.9396,2053.7801,10.8199,186.1134,600.0000,0.0000
86.9333,20.8065,8.2353,2290.2516,2075.2354,10.8305,182.0876,600.0000,0.0000
86.9500,20.8489,8.2270,2366.5888,2098.1363,10.8432,178.0619,600.0000,0.0000
86.9667,20.8925,8.2187,2414.8210,2121.7142,10.8569,174.0361,600.0000,0.0000
86.9833,20.9361,8.2103,2435.6408,2145.2321,10.8702,170.0103,600.0000,0.0000
87.0000,20.9782,8.2020,2430.4822,2168.0033,10.8822,165.9845,600.0000,0.0000
87.0167,21.0178,8.1953,2401.4233,2189.3882,10.9041,163.4319,600.0000,0.0000
87.0333,20.9356,8.1887,0.0000,2143.2953,10.8198,160.8793,600.0000,0.0000
87.0500,20.8610,8.1820,103.0020,2101.8973,10.7421,158.3268,600.0000,0.0000
87.0667,20.7967,8.1753,260.9471,2066.4797,10.6736,155.7742,600.0000,0.0000
87.0833,20.7438,8.1687,447.2635,2037.5412,10.6150,153.2216,600.0000,0.0000
87.1000,20.7055,8.1620,653.9591,2016.7482,10.5695,150.6690,600.0000,0.0000
87.1167,20.6786,8.1553,868.9310,2002.1967,10.5338,148.1164,600.0000,0.0000
87.1333,20.6630,8.1487,1088.6888,1993.7854,10.5078,145.5638,600.0000,0.0000
87.1500,20.6593,8.1420,1306.5252,1991.8488,10.4923,143.0112,600.0000,0.0000
87.1667,20.6635,8.1353,1514.5669,1994.1207,10.4833,140.4586,600.0000,0.0000
87.1833,20.6783,8.1287,1712.2882,2002.1052,10.4837,137.9060,600.0000,0.0000
87.2000,20.7014,8.1220,1890.4585,2014.4867,10.4910,135.3535,600.0000,0.0000
87.2167,20.7313,8.1153,2046.6062,2030.5895,10.5041,132.8009,600.0000,0.0000
87.2333,20.7668,8.1087,2177.8480,2049.6828,10.5220,130.2483,600.0000,0.0000
87.2500,20.8065,8.1020,2282.2354,2071.0023,10.5433,127.6957,600.0000,0.0000
87.2667,20.8487,8.0953,2358.7419,2093.7722,10.5667,125.1431,600.0000,0.0000
87.2833,20.8922,8.0887,2407.2243,2117.2266,10.5911,122.5905,600.0000,0.0000
87.3000,20.9356,8.0820,2428.3607,2140.6307,10.6153,120.0379,600.0000,0.0000
87.3167,20.9777,8.0753,2423.5700,2163.2994,10.6383,117.4853,600.0000,0.0000
87.3333,21.0173,8.0687,2394.9146,2184.6148,10.6590,114.9328,600.0000,0.0000
87.3500,20.9353,8.0620,0.0000,2138.6870,10.5770,112.3802,600.0000,0.0000
87.3667,20.8610,8.0553,103.5260,2097.4621,10.5012,109.8276,600.0000,0.0000
87.3833,20.7969,8.0487,261.2275,2062.2022,10.4343,107.2750,600.0000,0.0000
87.4000,20.7442,8.0420,447.1692,2033.4024,10.3772,104.7224,600.0000,0.0000
87.4167,20.7061,8.0353,653.3815,2012.7195,10.3327,102.1698,600.0000,0.0000
87.4333,20.6793,8.0287,867.8047,1998.2572,10.2976,99.6172,600.0000,0.0000
87.4500,20.6638,8.0220,1086.9548,1989.9137,10.2720,97.0646,600.0000,0.0000
87.4667,20.6603,8.0153,1304.1465,1988.0127,10.2565,94.5120,600.0000,0.0000
87.4833,20.6645,8.0087,1511.5580,1990.3045,10.2473,91.9595,600.0000,0.0000
87.5000,20.6793,8.0020,1708.6501,1998.2955,10.2471,89.4069,600.0000,0.0000
87.5167,20.7024,7.9953,1886.1985,2010.6651,10.2537,86.8543,600.0000,0.0000
87.5333,20.7323,7.9887,2041.7604,2026.7397,10.2660,84.3017,600.0000,0.0000
87.5500,20.7677,7.9820,2172.4664,2045.7905,10.2828,81.7491,600.0000,0.0000
87.5667,20.8073,7.9753,2276.3795,2067.0556,10.3029,79.1965,600.0000,0.0000
87.5833,20.8494,7.9687,2352.4820,2089.7617,10.3251,76.6439,600.0000,0.0000
87.6000,20.8928,7.9620,2400.6367,2113.1457,10.3482,74.0913,600.0000,0.0000
87.6167,20.9361,7.9553,2421.5255,2136.4753,10.3712,71.5387,600.0000,0.0000
87.6333,20.9780,7.9487,2416.5678,2159.0683,10.3929,68.9862,600.0000,0.0000
87.6500,21.0175,7.9420,2387.8249,2180.3090,10.4124,66.4336,600.0000,0.0000
87.6667,20.9358,7.9353,0.0000,2134.5499,10.3325,63.8810,600.0000,0.0000
87.6833,20.8616,7.9287,102.7894,2093.4637,10.2586,61.3284,600.0000,0.0000
87.7000,20.7977,7.9220,259.9179,2058.3179,10.1933,58.7758,600.0000,0.0000
87.7167,20.7451,7.9153,445.2338,2029.6071,10.1374,56.2232,600.0000,0.0000
87.7333,20.7071,7.9087,650.7914,2008.9841,10.0938,53.6706,600.0000,0.0000
87.7500,20.6804,7.9020,864.5614,1994.5593,10.0592,51.1180,600.0000,0.0000
87.7667,20.6649,7.8953,1083.0720,1986.2320,10.0339,48.5654,600.0000,0.0000
87.7833,20.6613,7.8887,1299.6554,1984.3286,10.0183,46.0129,600.0000,0.0000
87.8000,20.6654,7.8820,1506.4952,1986.6041,10.0089,43.4603,600.0000,0.0000
87.8167,20.6802,7.8753,1703.0622,1994.5579,10.0082,40.9077,600.0000,0.0000
87.8333,20.7031,7.8687,1880.1704,2006.8777,10.0141,38.3551,600.0000,0.0000
87.8500,20.7329,7.8620,2035.3708,2022.8924,10.0254,35.8025,600.0000,0.0000
87.8667,20.7683,7.8553,2165.7986,2041.8761,10.0411,33.2499,600.0000,0.0000
87.8833,20.8077,7.8487,2269.5183,2063.0698,10.0601,30.6973,600.0000,0.0000
87.9000,20.8497,7.8420,2345.5116,2085.7029,10.0811,28.1447,600.0000,0.0000
87.9167,20.8930,7.8353,2393.6381,2109.0150,10.1030,25.5921,600.0000,0.0000
87.9333,20.9361,7.8287,2414.5742,2132.2763,10.1247,23.0396,600.0000,0.0000
87.9500,20.9779,7.8220,2409.7325,2154.8065,10.1452,20.4870,600.0000,0.0000
87.9667,21.0173,7.8153,2381.1657,2175.9921,10.1637,17.9344,600.0000,0.0000
87.9833,20.9358,7.8087,0.0000,2130.4081,10.0858,15.3818,600.0000,0.0000
88.0000,20.8619,7.8020,102.7464,2089.4861,10.0138,12.8292,600.0000,0.0000
88.0167,20.7981,7.7945,259.5049,2054.4821,9.9648,12.6154,600.0000,0.0000
88.0333,20.7457,7.7870,444.3628,2025.8834,9.9249,12.4016,600.0000,0.0000
88.0500,20.7078,7.7795,649.3962,2005.3387,9.8969,12.1877,600.0000,0.0000
88.0667,20.6812,7.7720,862.6104,1990.9659,9.8775,11.9739,600.0000,0.0000
88.0833,20.6657,7.7645,1080.5419,1982.6653,9.8671,11.7601,600.0000,0.0000
88.1000,20.6622,7.7570,1296.5413,1980.7656,9.8663,11.5463,600.0000,0.0000
88.1167,20.6663,7.7495,1502.8199,1983.0268,9.8713,11.3325,600.0000,0.0000
88.1333,20.6811,7.7420,1698.8461,1990.9383,9.8850,11.1186,600.0000,0.0000
88.1500,20.7040,7.7345,1875.4526,2003.1977,9.9051,10.9048,600.0000,0.0000
88.1667,20.7337,7.7270,2030.2015,2019.1361,9.9306,10.6910,600.0000,0.0000
88.1833,20.7689,7.7195,2160.2362,2038.0301,9.9605,10.4772,600.0000,0.0000
88.2000,20.8083,7.7120,2263.6272,2059.1229,9.9936,10.2634,600.0000,0.0000
88.2167,20.8502,7.7045,2339.3595,2081.6467,10.0288,10.0495,600.0000,0.0000
88.2333,20.8934,7.6970,2387.2939,2104.8434,10.0650,9.8357,600.0000,0.0000
88.2500,20.9364,7.6895,2408.1059,2127.9857,10.1011,9.6219,600.0000,0.0000
88.2667,20.9781,7.6820,2403.2051,2150.3958,10.1361,9.4081,600.0000,0.0000
88.2833,21.0174,7.6745,2374.6395,2171.4620,10.1692,9.1943,600.0000,0.0000
88.3000,20.9361,7.6670,0.0000,2125.9831,10.1069,8.9804,600.0000,0.0000
88.3167,20.8624,7.6595,102.2571,2085.1431,10.0502,8.7666,600.0000,0.0000
88.3333,20.7988,7.6520,258.5092,2050.1999,10.0016,8.5528,600.0000,0.0000
88.3500,20.7465,7.6445,442.7875,2021.6450,9.9620,8.3390,600.0000,0.0000
88.3667,20.7087,7.6370,647.1909,2001.1232,9.9341,8.1252,600.0000,0.0000
88.3833,20.6821,7.6295,859.7580,1986.7546,9.9149,7.9113,600.0000,0.0000
88.4000,20.6667,7.6220,1077.0353,1978.4395,9.9046,7.6975,600.0000,0.0000
88.4167,20.6632,7.6145,1292.3919,1976.5145,9.9036,7.4837,600.0000,0.0000
88.4333,20.6673,7.6070,1498.0575,1978.7369,9.9086,7.2699,600.0000,0.0000
88.4500,20.6820,7.5995,1693.5041,1986.5817,9.9221,7.0561,600.0000,0.0000
88.4667,20.7048,7.5920,1869.5927,1998.7613,9.9419,6.8422,600.0000,0.0000
88.4833,20.7345,7.5845,2023.8887,2014.6089,9.9672,6.6284,600.0000,0.0000
88.5000,20.7696,7.5770,2153.5425,2033.4036,9.9968,6.4146,600.0000,0.0000
88.5167,20.8088,7.5695,2256.6291,2054.3913,10.0296,6.2008,600.0000,0.0000
88.5333,20.8506,7.5620,2332.1352,2076.8068,10.0645,5.9870,600.0000,0.0000
88.5500,20.8937,7.5545,2379.9212,2099.8946,10.1003,5.7731,600.0000,0.0000
88.5667,20.9366,7.5470,2400.6597,2122.9300,10.1361,5.5593,600.0000,0.0000
88.5833,20.9782,7.5395,2395.7558,2145.2373,10.1708,5.3455,600.0000,0.0000
88.6000,21.0173,7.5320,2367.2511,2166.2071,10.2035,5.1317,600.0000,0.0000
88.6167,20.9363,7.5245,0.0000,2120.8936,10.1417,4.9179,600.0000,0.0000
88.6333,20.8629,7.5170,101.8566,2080.1986,10.0855,4.7040,600.0000,0.0000
88.6500,20.7995,7.5095,257.5768,2045.3765,10.0373,4.4902,600.0000,0.0000
88.6667,20.7474,7.5020,441.2355,2016.9168,9.9980,4.2764,600.0000,0.0000
88.6833,20.7097,7.4945,644.9574,1996.4594,9.9703,4.0626,600.0000,0.0000
88.7000,20.6832,7.4870,856.8196,1982.1305,9.9512,3.8488,600.0000,0.0000
88.7167,20.6678,7.4795,1073.3799,1973.8311,9.9409,3.6349,600.0000,0.0000
88.7333,20.6643,7.4720,1288.0286,1971.9006,9.9399,3.4211,600.0000,0.0000
88.7500,20.6684,7.4645,1493.0185,1974.1010,9.9447,3.2073,600.0000,0.0000
88.7667,20.6831,7.4570,1687.8241,1981.8977,9.9581,2.9935,600.0000,0.0000
88.7833,20.7058,7.4495,1863.3369,1994.0125,9.9777,2.7797,600.0000,0.0000
88.8000,20.7354,7.4420,2017.1282,2009.7815,10.0027,2.5658,600.0000,0.0000
88.8167,20.7704,7.4345,2146.3569,2028.4866,10.0320,2.3520,600.0000,0.0000
88.8333,20.8095,7.4270,2249.1034,2049.3768,10.0645,2.1382,600.0000,0.0000
88.8500,20.8511,7.4195,2324.3570,2071.6900,10.0990,1.9244,600.0000,0.0000
88.8667,20.8941,7.4120,2371.9779,2094.6736,10.1345,1.7106,600.0000,0.0000
88.8833,20.9368,7.4045,2392.6362,2117.6059,10.1699,1.4967,600.0000,0.0000
88.9000,20.9783,7.3970,2387.7321,2139.8138,10.2043,1.2829,600.0000,0.0000
88.9167,21.0173,7.3895,2359.3006,2160.6902,10.2367,1.0691,600.0000,0.0000
88.9333,20.9366,7.3820,0.0000,2115.5630,10.1755,0.8553,600.0000,0.0000
88.9500,20.8634,7.3745,101.4509,2075.0324,10.1197,0.6415,600.0000,0.0000
88.9667,20.8002,7.3670,256.6189,2040.3486,10.0719,0.4276,600.0000,0.0000
88.9833,20.7483,7.3595,439.6338,2011.9995,10.0328,0.2138,600.0000,0.0000
89.0000,20.6876,7.3520,642.6477,1979.1795,9.9871,0.0000,200.0000,0.0000
89.0167,20.6443,7.3503,890.7360,1955.8520,9.9601,0.0000,200.0000,0.0000
89.0333,20.6145,7.3487,1147.4495,1939.8661,9.9433,0.0000,200.0000,0.0000
89.0500,20.5981,7.3470,1408.5518,1931.0654,9.9369,0.0000,200.0000,0.0000
89.0667,20.5953,7.3453,1666.1689,1929.5678,9.9413,0.0000,200.0000,0.0000
89.0833,20.6017,7.3437,1911.7922,1932.9691,9.9527,0.0000,200.0000,0.0000
89.1000,20.6210,7.3420,2144.3692,1943.2421,9.9746,0.0000,200.0000,0.0000
89.1167,20.6499,7.3403,2352.3921,1958.5804,10.0039,0.0000,200.0000,0.0000
89.1333,20.6868,7.3387,2533.5498,1978.1815,10.0395,0.0000,200.0000,0.0000
89.1500,20.7300,7.3370,2684.5874,2001.1811,10.0801,0.0000,200.0000,0.0000
89.1667,20.7811,7.3353,2803.3635,2028.3851,10.1272,0.0000,200.0000,0.0000
89.1833,20.8348,7.3337,2883.6839,2057.0898,10.1763,0.0000,200.0000,0.0000
89.2000,20.8895,7.3320,2929.0135,2086.2893,10.2261,0.0000,200.0000,0.0000
89.2167,20.9432,7.3303,2940.7193,2115.0312,10.2753,0.0000,200.0000,0.0000
89.2333,20.9944,7.3287,2921.0981,2142.4426,10.3226,0.0000,200.0000,0.0000
89.2500,21.0418,7.3270,2873.2312,2167.7527,10.3669,0.0000,200.0000,0.0000
89.2667,20.9401,7.3253,0.0000,2110.9761,10.2936,0.0000,200.0000,0.0000
89.2833,20.8463,7.3237,95.8221,2059.1646,10.2262,0.0000,200.0000,0.0000
89.3000,20.7647,7.3220,281.8791,2014.5379,10.1684,0.0000,200.0000,0.0000
89.3167,20.6968,7.3203,504.7007,1977.7355,10.1214,0.0000,200.0000,0.0000
89.3333,20.6436,7.3187,754.5141,1949.1216,10.0861,0.0000,200.0000,0.0000
89.3500,20.6081,7.3170,1021.4864,1930.0764,10.0648,0.0000,200.0000,0.0000
89.3667,20.5865,7.3153,1292.2030,1918.5530,10.0543,0.0000,200.0000,0.0000
89.3833,20.5803,7.3137,1561.9099,1915.2449,10.0561,0.0000,200.0000,0.0000
89.4000,20.5838,7.3120,1819.9512,1917.1105,10.0653,0.0000,200.0000,0.0000
89.4167,20.6001,7.3103,2066.1501,1925.7710,10.0849,0.0000,200.0000,0.0000
89.4333,20.6268,7.3087,2289.7233,1939.9226,10.1127,0.0000,200.0000,0.0000
89.4500,20.6624,7.3070,2486.9129,1958.7657,10.1475,0.0000,200.0000,0.0000
89.4667,20.7050,7.3053,2653.9629,1981.4285,10.1880,0.0000,200.0000,0.0000
89.4833,20.7563,7.3037,2788.2686,2008.7038,10.2357,0.0000,200.0000,0.0000
89.5000,20.8111,7.3020,2883.1962,2037.8807,10.2860,0.0000,200.0000,0.0000
89.5167,20.8673,7.3003,2941.7946,2067.9115,10.3376,0.0000,200.0000,0.0000
89.5333,20.9233,7.2987,2965.1258,2097.7934,10.3889,0.0000,200.0000,0.0000
89.5500,20.9771,7.2970,2955.2572,2126.5965,10.4387,0.0000,200.0000,0.0000
89.5667,21.0274,7.2953,2915.1171,2153.4883,10.4857,0.0000,200.0000,0.0000
89.5833,20.9265,7.2937,0.0000,2097.2147,10.4124,0.0000,200.0000,0.0000
89.6000,20.8345,7.2920,117.5673,2046.4865,10.3457,0.0000,200.0000,0.0000
89.6167,20.7549,7.2903,308.8749,2003.0322,10.2890,0.0000,200.0000,0.0000
89.6333,20.6892,7.2887,535.5132,1967.4481,10.2433,0.0000,200.0000,0.0000
89.6500,20.6383,7.2870,787.7052,1940.0589,10.2094,0.0000,200.0000,0.0000
89.6667,20.6048,7.2853,1055.6579,1922.1348,10.1896,0.0000,200.0000,0.0000
89.6833,20.5852,7.2837,1326.2595,1911.6847,10.1806,0.0000,200.0000,0.0000
89.7000,20.5805,7.2820,1594.6990,1909.1503,10.1836,0.0000,200.0000,0.0000
89.7167,20.5854,7.2803,1851.1368,1911.7365,10.1939,0.0000,200.0000,0.0000
89.7333,20.6034,7.2787,2094.9902,1921.2462,10.2150,0.0000,200.0000,0.0000
89.7500,20.6315,7.2770,2314.9704,1936.1310,10.2442,0.0000,200.0000,0.0000
89.7667,20.6682,7.2753,2507.9229,1955.5796,10.2803,0.0000,200.0000,0.0000
89.7833,20.7118,7.2737,2670.2612,1978.7119,10.3219,0.0000,200.0000,0.0000
89.8000,20.7638,7.2720,2799.5509,2006.3387,10.3706,0.0000,200.0000,0.0000
89.8167,20.8190,7.2703,2889.2531,2035.7148,10.4217,0.0000,200.0000,0.0000
89.8333,20.8754,7.2687,2942.6565,2065.7965,10.4738,0.0000,200.0000,0.0000
89.8500,20.9312,7.2670,2960.9801,2095.5892,10.5255,0.0000,200.0000,0.0000
89.8667,20.9848,7.2653,2946.4300,2124.1750,10.5755,0.0000,200.0000,0.0000
89.8833,21.0345,7.2637,2902.0523,2150.7369,10.6225,0.0000,200.0000,0.0000
89.9000,20.9337,7.2620,0.0000,2094.5452,10.5485,0.0000,200.0000,0.0000
89.9167,20.8413,7.2603,106.0142,2043.5719,10.4809,0.0000,200.0000,0.0000
89.9333,20.7610,7.2587,293.7320,1999.7820,10.4231,0.0000,200.0000,0.0000
89.9500,20.6945,7.2570,517.3344,1963.7902,10.3764,0.0000,200.0000,0.0000
89.9667,20.6427,7.2553,767.0946,1935.9393,10.3415,0.0000,200.0000,0.0000
89.9833,20.6084,7.2537,1033.2472,1917.5482,10.3208,0.0000,200.0000,0.0000
90.0000,20.5782,7.2520,1302.5909,1901.4825,10.3032,0.0000,0.0000,0.0000
90.0167,20.5625,7.2412,1585.7935,1893.2100,10.2885,0.0000,0.0000,0.0000
90.0333,20.5610,7.2303,1864.0052,1892.5036,10.2852,0.0000,0.0000,0.0000
90.0500,20.5695,7.2195,2128.8532,1897.0312,10.2896,0.0000,0.0000,0.0000
90.0667,20.5922,7.2087,2378.7671,1909.1212,10.3059,0.0000,0.0000,0.0000
90.0833,20.6250,7.1978,2600.7288,1926.5647,10.3301,0.0000,0.0000,0.0000
90.1000,20.6663,7.1870,2792.8636,1948.4862,10.3611,0.0000,0.0000,0.0000
90.1167,20.7174,7.1762,2951.8167,1975.6472,10.4001,0.0000,0.0000,0.0000
90.1333,20.7732,7.1653,3070.2914,2005.3558,10.4426,0.0000,0.0000,0.0000
90.1500,20.8316,7.1545,3150.6012,2036.5074,10.4871,0.0000,0.0000,0.0000
90.1667,20.8905,7.1437,3193.2825,2068.0277,10.5321,0.0000,0.0000,0.0000
90.1833,20.9482,7.1328,3199.9927,2098.9026,10.5759,0.0000,0.0000,0.0000
90.2000,21.0030,7.1220,3173.3689,2128.2072,10.6174,0.0000,0.0000,0.0000
90.2167,20.8930,7.1112,0.0000,2067.3206,10.5274,0.0000,0.0000,0.0000
90.2333,20.7950,7.1003,171.1576,2013.6745,10.4468,0.0000,0.0000,0.0000
90.2500,20.7111,7.0895,392.1850,1968.2287,10.3777,0.0000,0.0000,0.0000
90.2667,20.6427,7.0787,649.4666,1931.5449,10.3210,0.0000,0.0000,0.0000
90.2833,20.5908,7.0678,932.2159,1903.8938,10.2775,0.0000,0.0000,0.0000
90.3000,20.5578,7.0570,1229.7105,1886.4506,10.2492,0.0000,0.0000,0.0000
90.3167,20.5400,7.0462,1528.0620,1877.1302,10.2328,0.0000,0.0000,0.0000
90.3333,20.5375,7.0353,1821.8560,1875.9285,10.2287,0.0000,0.0000,0.0000
90.3500,20.5456,7.0245,2101.7788,1880.2527,10.2325,0.0000,0.0000,0.0000
90.3667,20.5685,7.0137,2366.4204,1892.4420,10.2485,0.0000,0.0000,0.0000
90.3833,20.6022,7.0028,2602.3735,1910.3249,10.2728,0.0000,0.0000,0.0000
90.4000,20.6450,6.9920,2807.2965,1932.9923,10.3043,0.0000,0.0000,0.0000
90.4167,20.6982,6.9812,2977.5519,1961.2341,10.3442,0.0000,0.0000,0.0000
90.4333,20.7565,6.9703,3105.4095,1992.2541,10.3879,0.0000,0.0000,0.0000
90.4500,20.8178,6.9595,3193.1428,2024.8931,10.4338,0.0000,0.0000,0.0000
90.4667,20.8798,6.9487,3241.2131,2058.0194,10.4804,0.0000,0.0000,0.0000
90.4833,20.9407,6.9378,3251.2715,2090.5612,10.5259,0.0000,0.0000,0.0000
90.5000,20.9986,6.9270,3226.0130,2121.5369,10.5690,0.0000,0.0000,0.0000
90.5167,21.0519,6.9162,3169.0095,2150.0808,10.6085,0.0000,0.0000,0.0000
90.5333,20.9409,6.9053,0.0000,2088.3457,10.5188,0.0000,0.0000,0.0000
90.5500,20.8378,6.8945,94.6226,2031.7756,10.4352,0.0000,0.0000,0.0000
90.5667,20.7480,6.8837,294.9590,1982.9849,10.3621,0.0000,0.0000,0.0000
90.5833,20.6730,6.8728,536.0211,1942.6719,10.3009,0.0000,0.0000,0.0000
90.6000,20.6141,6.8620,807.1702,1911.2354,10.2523,0.0000,0.0000,0.0000
90.6167,20.5743,6.8512,1097.6790,1890.2078,10.2190,0.0000,0.0000,0.0000
90.6333,20.5499,6.8403,1392.7901,1877.3418,10.1974,0.0000,0.0000,0.0000
90.6500,20.5424,6.8295,1687.3496,1873.4976,10.1893,0.0000,0.0000,0.0000
90.6667,20.5456,6.8187,1969.3589,1875.2739,10.1890,0.0000,0.0000,0.0000
90.6833,20.5626,6.8078,2238.8140,1884.3455,10.1999,0.0000,0.0000,0.0000
90.7000,20.5911,6.7970,2484.1999,1899.4168,10.2195,0.0000,0.0000,0.0000
90.7167,20.6292,6.7862,2701.1327,1919.6331,10.2466,0.0000,0.0000,0.0000
90.7333,20.6784,6.7753,2885.4356,1945.6904,10.2826,0.0000,0.0000,0.0000
90.7500,20.7336,6.7645,3029.2278,1975.0048,10.3230,0.0000,0.0000,0.0000
90.7667,20.7927,6.7537,3133.8310,2006.4368,10.3664,0.0000,0.0000,0.0000
90.7833,20.8535,6.7428,3199.1093,2038.8589,10.4110,0.0000,0.0000,0.0000
90.8000,20.9141,6.7320,3226.1542,2071.1878,10.4554,0.0000,0.0000,0.0000
90.8167,20.9725,6.7212,3217.1523,2102.4154,10.4981,0.0000,0.0000,0.0000
90.8333,21.0272,6.7103,3175.2307,2131.6364,10.5378,0.0000,0.0000,0.0000
90.8500,20.9171,6.6995,0.0000,2070.6201,10.4500,0.0000,0.0000,0.0000
90.8667,20.8169,6.6887,132.6983,2015.7842,10.3697,0.0000,0.0000,0.0000
90.8833,20.7303,6.6778,342.7308,1968.9004,10.3001,0.0000,0.0000,0.0000
90.9000,20.6589,6.6670,591.1118,1930.5953,10.2423,0.0000,0.0000,0.0000
90.9167,20.6037,6.6562,867.1651,1901.2017,10.1971,0.0000,0.0000,0.0000
90.9333,20.5675,6.6453,1160.2023,1882.0663,10.1668,0.0000,0.0000,0.0000
90.9500,20.5464,6.6345,1455.9510,1871.0338,10.1480,0.0000,0.0000,0.0000
90.9667,20.5415,6.6237,1749.1434,1868.5287,10.1416,0.0000,0.0000,0.0000
90.9833,20.5471,6.6128,2029.1659,1871.5701,10.1430,0.0000,0.0000,0.0000
91.0000,20.4502,6.6020,0.0000,1820.6555,10.0666,0.0000,0.0000,0.0000
91.0167,20.3560,6.5920,0.0000,1771.6829,9.9795,0.0000,0.0000,0.0000
91.0333,20.2642,6.5820,0.0000,1724.5523,9.8947,0.0000,0.0000,0.0000
91.0500,20.1749,6.5720,0.0000,1679.1689,9.8119,0.0000,0.0000,0.0000
91.0667,20.0879,6.5620,0.0000,1635.4474,9.7313,0.0000,0.0000,0.0000
91.0833,20.0031,6.5520,0.0000,1593.3098,9.6526,0.0000,0.0000,0.0000
91.1000,19.9204,6.5420,0.0000,1552.6844,9.5758,0.0000,0.0000,0.0000
91.1167,19.8399,6.5320,0.0000,1513.5044,9.5009,0.0000,0.0000,0.0000
91.1333,19.7613,6.5220,0.0000,1475.7081,9.4277,0.0000,0.0000,0.0000
91.1500,19.6847,6.5120,0.0000,1439.2373,9.3563,0.0000,0.0000,0.0000
91.1667,19.6099,6.5020,0.0000,1404.0379,9.2865,0.0000,0.0000,0.0000
91.1833,19.5369,6.4920,0.0000,1370.0591,9.2183,0.0000,0.0000,0.0000
91.2000,19.4657,6.4820,0.0000,1337.2532,9.1516,0.0000,0.0000,0.0000
91.2167,19.3962,6.4720,0.0000,1305.5757,9.0863,0.0000,0.0000,0.0000
91.2333,19.3283,6.4620,0.0000,1274.9850,9.0225,0.0000,0.0000,0.0000
91.2500,19.2619,6.4520,0.0000,1245.4423,8.9601,0.0000,0.0000,0.0000
91.2667,19.1971,6.4420,0.0000,1216.9115,8.8990,0.0000,0.0000,0.0000
91.2833,19.1337,6.4320,0.0000,1189.3598,8.8391,0.0000,0.0000,0.0000
91.3000,19.0717,6.4220,0.0000,1162.7573,8.7805,0.0000,0.0000,0.0000
91.3167,19.0111,6.4120,0.0000,1137.0779,8.7231,0.0000,0.0000,0.0000
91.3333,18.9518,6.4020,0.0000,1112.2995,8.6668,0.0000,0.0000,0.0000
91.3500,18.8938,6.3920,0.0000,1088.4060,8.6116,0.0000,0.0000,0.0000
91.3667,18.8370,6.3820,0.0000,1065.3897,8.5575,0.0000,0.0000,0.0000
91.3833,18.7813,6.3720,0.0000,1043.2575,8.5044,0.0000,0.0000,0.0000
91.4000,18.7268,6.3620,0.0000,1022.0494,8.4523,0.0000,0.0000,0.0000
91.4167,18.6734,6.3520,0.0000,1001.9406,8.4011,0.0000,0.0000,0.0000
91.4333,18.6210,6.3420,0.0000,981.5747,8.3508,0.0000,0.0000,0.0000
91.4500,18.5698,6.3320,0.0000,960.4142,8.3015,0.0000,0.0000,0.0000
91.4667,18.5197,6.3220,0.0000,939.1882,8.2532,0.0000,0.0000,0.0000
91.4833,18.4707,6.3120,0.0000,918.0903,8.2058,0.0000,0.0000,0.0000
91.5000,18.4228,6.3020,0.0000,897.2205,8.1593,0.0000,0.0000,0.0000
91.5167,18.3760,6.2920,0.0000,876.6393,8.1138,0.0000,0.0000,0.0000
91.5333,18.3332,6.2820,0.0000,857.6719,8.0714,0.0000,0.0000,0.0000
91.5500,18.2912,6.2720,0.0000,839.0148,8.0295,0.0000,0.0000,0.0000
91.5667,18.2502,6.2620,0.0000,820.6829,7.9884,0.0000,0.0000,0.0000
91.5833,18.2101,6.2520,0.0000,802.6865,7.9481,0.0000,0.0000,0.0000
91.6000,18.1709,6.2420,0.0000,785.0323,7.9085,0.0000,0.0000,0.0000
91.6167,18.1325,6.2320,0.0000,767.7245,7.8695,0.0000,0.0000,0.0000
91.6333,18.0950,6.2220,0.0000,750.7649,7.8313,0.0000,0.0000,0.0000
91.6500,18.0583,6.2120,0.0000,734.1540,7.7938,0.0000,0.0000,0.0000
91.6667,18.0224,6.2020,0.0000,717.8909,7.7569,0.0000,0.0000,0.0000
91.6833,17.9873,6.1920,0.0000,701.9736,7.7206,0.0000,0.0000,0.0000
91.7000,17.9529,6.1820,0.0000,686.3993,7.6850,0.0000,0.0000,0.0000
91.7167,17.9194,6.1720,0.0000,671.1645,7.6500,0.0000,0.0000,0.0000
91.7333,17.8865,6.1620,0.0000,656.2652,7.6156,0.0000,0.0000,0.0000
91.7500,17.8544,6.1520,0.0000,641.6969,7.5818,0.0000,0.0000,0.0000
91.7667,17.8230,6.1420,0.0000,627.4549,7.5485,0.0000,0.0000,0.0000
91.7833,17.7922,6.1320,0.0000,613.5339,7.5158,0.0000,0.0000,0.0000
91.8000,17.7622,6.1220,0.0000,599.9286,7.4837,0.0000,0.0000,0.0000
91.8167,17.7328,6.1120,0.0000,586.6336,7.4520,0.0000,0.0000,0.0000
91.8333,17.7040,6.1020,0.0000,573.6432,7.4209,0.0000,0.0000,0.0000
91.8500,17.6759,6.0920,0.0000,560.9518,7.3903,0.0000,0.0000,0.0000
91.8667,17.6484,6.0820,0.0000,548.5534,7.3602,0.0000,0.0000,0.0000
91.8833,17.6215,6.0720,0.0000,536.4423,7.3305,0.0000,0.0000,0.0000
91.9000,17.5952,6.0620,0.0000,524.6127,7.3013,0.0000,0.0000,0.0000
91.9167,17.5695,6.0520,0.0000,513.0587,7.2726,0.0000,0.0000,0.0000
91.9333,17.5443,6.0420,0.0000,501.7745,7.2443,0.0000,0.0000,0.0000
91.9500,17.5196,6.0320,0.0000,490.7543,7.2164,0.0000,0.0000,0.0000
91.9667,17.4955,6.0220,0.0000,479.9925,7.1890,0.0000,0.0000,0.0000
91.9833,17.4720,6.0120,0.0000,469.4832,7.1619,0.0000,0.0000,0.0000
92.0000,17.4489,6.0020,0.0000,459.2210,7.1353,0.0000,0.0000,0.0000
92.0167,17.4263,5.9895,0.0000,449.2221,7.1112,0.0000,0.0000,0.0000
92.0333,17.4042,5.9770,0.0000,439.4588,7.0875,0.0000,0.0000,0.0000
92.0500,17.3826,5.9645,0.0000,429.9254,7.0642,0.0000,0.0000,0.0000
92.0667,17.3614,5.9520,0.0000,420.6169,7.0412,0.0000,0.0000,0.0000
92.0833,17.3407,5.9395,0.0000,411.5280,7.0185,0.0000,0.0000,0.0000
92.1000,17.3205,5.9270,0.0000,402.6536,6.9962,0.0000,0.0000,0.0000
92.1167,17.3006,5.9145,0.0000,393.9886,6.9742,0.0000,0.0000,0.0000
92.1333,17.2812,5.9020,0.0000,385.5283,6.9525,0.0000,0.0000,0.0000
92.1500,17.2622,5.8895,0.0000,377.2677,6.9311,0.0000,0.0000,0.0000
92.1667,17.2436,5.8770,0.0000,369.2022,6.9100,0.0000,0.0000,0.0000
92.1833,17.2254,5.8645,0.0000,361.3271,6.8892,0.0000,0.0000,0.0000
92.2000,17.2075,5.8520,0.0000,353.6378,6.8686,0.0000,0.0000,0.0000
92.2167,17.1901,5.8395,0.0000,346.1300,6.8484,0.0000,0.0000,0.0000
92.2333,17.1730,5.8270,0.0000,338.7994,6.8284,0.0000,0.0000,0.0000
92.2500,17.1562,5.8145,0.0000,331.6416,6.8087,0.0000,0.0000,0.0000
92.2667,17.1398,5.8020,0.0000,324.6525,6.7892,0.0000,0.0000,0.0000
92.2833,17.1238,5.7895,0.0000,317.8281,6.7700,0.0000,0.0000,0.0000
92.3000,17.1080,5.7770,0.0000,311.1645,6.7510,0.0000,0.0000,0.0000
92.3167,17.0926,5.7645,0.0000,304.6576,6.7323,0.0000,0.0000,0.0000
92.3333,17.0775,5.7520,0.0000,298.3038,6.7137,0.0000,0.0000,0.0000
92.3500,17.0628,5.7395,0.0000,292.0994,6.6954,0.0000,0.0000,0.0000
92.3667,17.0483,5.7270,0.0000,286.0408,6.6774,0.0000,0.0000,0.0000
92.3833,17.0341,5.7145,0.0000,280.1243,6.6595,0.0000,0.0000,0.0000
92.4000,17.0202,5.7020,0.0000,274.3467,6.6418,0.0000,0.0000,0.0000
92.4167,17.0066,5.6895,0.0000,268.7045,6.6244,0.0000,0.0000,0.0000
92.4333,16.9932,5.6770,0.0000,263.1945,6.6071,0.0000,0.0000,0.0000
92.4500,16.9801,5.6645,0.0000,257.8134,6.5900,0.0000,0.0000,0.0000
92.4667,16.9702,5.6520,0.0000,253.7804,6.5752,0.0000,0.0000,0.0000
92.4833,16.9605,5.6395,0.0000,249.8205,6.5603,0.0000,0.0000,0.0000
92.5000,16.9509,5.6270,0.0000,245.9324,6.5454,0.0000,0.0000,0.0000
92.5167,16.9415,5.6145,0.0000,242.1145,6.5307,0.0000,0.0000,0.0000
92.5333,16.9322,5.6020,0.0000,238.3657,6.5160,0.0000,0.0000,0.0000
92.5500,16.9230,5.5895,0.0000,234.6845,6.5015,0.0000,0.0000,0.0000
92.5667,16.9140,5.5770,0.0000,231.0696,6.4870,0.0000,0.0000,0.0000
92.5833,16.9051,5.5645,0.0000,227.5199,6.4727,0.0000,0.0000,0.0000
92.6000,16.8963,5.5520,0.0000,224.0341,6.4584,0.0000,0.0000,0.0000
92.6167,16.8877,5.5395,0.0000,220.6110,6.4443,0.0000,0.0000,0.0000
92.6333,16.8792,5.5270,0.0000,217.2494,6.4302,0.0000,0.0000,0.0000
92.6500,16.8708,5.5145,0.0000,213.9481,6.4162,0.0000,0.0000,0.0000
92.6667,16.8626,5.5020,0.0000,210.7061,6.4023,0.0000,0.0000,0.0000
92.6833,16.8545,5.4895,0.0000,207.5222,6.3885,0.0000,0.0000,0.0000
92.7000,16.8465,5.4770,0.0000,204.3954,6.3748,0.0000,0.0000,0.0000
92.7167,16.8386,5.4645,0.0000,201.3246,6.3612,0.0000,0.0000,0.0000
92.7333,16.8308,5.4520,0.0000,198.3087,6.3476,0.0000,0.0000,0.0000
92.7500,16.8231,5.4395,0.0000,195.3468,6.3342,0.0000,0.0000,0.0000
92.7667,16.8156,5.4270,0.0000,192.4377,6.3208,0.0000,0.0000,0.0000
92.7833,16.8081,5.4145,0.0000,189.5806,6.3075,0.0000,0.0000,0.0000
92.8000,16.8008,5.4020,0.0000,186.7745,6.2943,0.0000,0.0000,0.0000
92.8167,16.7936,5.3895,0.0000,184.0185,6.2811,0.0000,0.0000,0.0000
92.8333,16.7864,5.3770,0.0000,181.3115,6.2680,0.0000,0.0000,0.0000
92.8500,16.7794,5.3645,0.0000,178.6528,6.2550,0.0000,0.0000,0.0000
92.8667,16.7725,5.3520,0.0000,176.0413,6.2421,0.0000,0.0000,0.0000
92.8833,16.7657,5.3395,0.0000,173.4763,6.2292,0.0000,0.0000,0.0000
92.9000,16.7589,5.3270,0.0000,170.9570,6.2164,0.0000,0.0000,0.0000
92.9167,16.7523,5.3145,0.0000,168.4823,6.2037,0.0000,0.0000,0.0000
92.9333,16.7458,5.3020,0.0000,166.0516,6.1910,0.0000,0.0000,0.0000
92.9500,16.7393,5.2895,0.0000,163.6640,6.1784,0.0000,0.0000,0.0000
92.9667,16.7329,5.2770,0.0000,161.3187,6.1659,0.0000,0.0000,0.0000
92.9833,16.7267,5.2645,0.0000,159.0150,6.1534,0.0000,0.0000,0.0000
93.0000,16.7205,5.2520,0.0000,156.7521,6.1410,0.0000,0.0000,0.0000
93.0167,16.7144,5.2445,0.0000,154.4847,6.1478,0.0000,0.0000,0.0000
93.0333,16.7084,5.2370,0.0000,152.2570,6.1547,0.0000,0.0000,0.0000
93.0500,16.7024,5.2295,0.0000,150.0684,6.1615,0.0000,0.0000,0.0000
93.0667,16.6966,5.2220,0.0000,147.9181,6.1685,0.0000,0.0000,0.0000
93.0833,16.6908,5.2145,0.0000,145.8055,6.1755,0.0000,0.0000,0.0000
93.1000,16.6851,5.2070,0.0000,143.7298,6.1825,0.0000,0.0000,0.0000
93.1167,16.6795,5.1995,0.0000,141.6903,6.1896,0.0000,0.0000,0.0000
93.1333,16.6739,5.1920,0.0000,139.6865,6.1968,0.0000,0.0000,0.0000
93.1500,16.6685,5.1845,0.0000,137.7176,6.2040,0.0000,0.0000,0.0000
93.1667,16.6631,5.1770,0.0000,135.7831,6.2113,0.0000,0.0000,0.0000
93.1833,16.6577,5.1695,0.0000,133.8822,6.2186,0.0000,0.0000,0.0000
93.2000,16.6525,5.1620,0.0000,132.0145,6.2259,0.0000,0.0000,0.0000
93.2167,16.6473,5.1545,0.0000,130.1792,6.2333,0.0000,0.0000,0.0000
93.2333,16.6422,5.1470,0.0000,128.3758,6.2407,0.0000,0.0000,0.0000
93.2500,16.6372,5.1395,0.0000,126.6038,6.2482,0.0000,0.0000,0.0000
93.2667,16.6322,5.1320,0.0000,124.8625,6.2557,0.0000,0.0000,0.0000
93.2833,16.6273,5.1245,0.0000,123.1514,6.2633,0.0000,0.0000,0.0000
93.3000,16.6224,5.1170,0.0000,121.4700,6.2709,0.0000,0.0000,0.0000
93.3167,16.6176,5.1095,0.0000,119.8177,6.2786,0.0000,0.0000,0.0000
93.3333,16.6129,5.1020,0.0000,118.1941,6.2863,0.0000,0.0000,0.0000
93.3500,16.6082,5.0945,0.0000,116.5985,6.2940,0.0000,0.0000,0.0000
93.3667,16.6036,5.0870,0.0000,115.0305,6.3018,0.0000,0.0000,0.0000
93.3833,16.5990,5.0795,0.0000,113.4896,6.3097,0.0000,0.0000,0.0000
93.4000,16.5946,5.0720,0.0000,111.9753,6.3175,0.0000,0.0000,0.0000
93.4167,16.5901,5.0645,0.0000,110.4871,6.3254,0.0000,0.0000,0.0000
93.4333,16.5857,5.0570,0.0000,109.0246,6.3334,0.0000,0.0000,0.0000
93.4500,16.5814,5.0495,0.0000,107.5872,6.3414,0.0000,0.0000,0.0000
93.4667,16.5771,5.0420,0.0000,106.1747,6.3494,0.0000,0.0000,0.0000
93.4833,16.5729,5.0345,0.0000,104.7864,6.3574,0.0000,0.0000,0.0000
93.5000,16.5687,5.0270,0.0000,103.4220,6.3655,0.0000,0.0000,0.0000
93.5167,16.5646,5.0195,0.0000,102.0811,6.3737,0.0000,0.0000,0.0000
93.5333,16.5605,5.0120,0.0000,100.7632,6.3819,0.0000,0.0000,0.0000
93.5500,16.5565,5.0045,0.0000,99.4679,6.3901,0.0000,0.0000,0.0000
93.5667,16.5525,4.9970,0.0000,98.1949,6.3983,0.0000,0.0000,0.0000
93.5833,16.5486,4.9895,0.0000,96.9437,6.4066,0.0000,0.0000,0.0000
93.6000,16.5447,4.9820,0.0000,95.7139,6.4149,0.0000,0.0000,0.0000
93.6167,16.5409,4.9745,0.0000,94.5052,6.4232,0.0000,0.0000,0.0000
93.6333,16.5371,4.9670,0.0000,93.3171,6.4316,0.0000,0.0000,0.0000
93.6500,16.5334,4.9595,0.0000,92.1494,6.4400,0.0000,0.0000,0.0000
93.6667,16.5297,4.9520,0.0000,91.0017,6.4485,0.0000,0.0000,0.0000
93.6833,16.5260,4.9445,0.0000,89.8735,6.4570,0.0000,0.0000,0.0000
93.7000,16.5224,4.9370,0.0000,88.7647,6.4655,0.0000,0.0000,0.0000
93.7167,16.5188,4.9295,0.0000,87.6747,6.4740,0.0000,0.0000,0.0000
93.7333,16.5153,4.9220,0.0000,86.6034,6.4826,0.0000,0.0000,0.0000
93.7500,16.5118,4.9145,0.0000,85.5503,6.4912,0.0000,0.0000,0.0000
93.7667,16.5083,4.9070,0.0000,84.5151,6.4999,0.0000,0.0000,0.0000
93.7833,16.5049,4.8995,0.0000,83.4976,6.5085,0.0000,0.0000,0.0000
93.8000,16.5015,4.8920,0.0000,82.4974,6.5172,0.0000,0.0000,0.0000
93.8167,16.4982,4.8845,0.0000,81.5142,6.5260,0.0000,0.0000,0.0000
93.8333,16.4949,4.8770,0.0000,80.5477,6.5347,0.0000,0.0000,0.0000
93.8500,16.4916,4.8695,0.0000,79.5977,6.5435,0.0000,0.0000,0.0000
93.8667,16.4883,4.8620,0.0000,78.6637,6.5523,0.0000,0.0000,0.0000
93.8833,16.4851,4.8545,0.0000,77.7457,6.5612,0.0000,0.0000,0.0000
93.9000,16.4820,4.8470,0.0000,76.8432,6.5700,0.0000,0.0000,0.0000
93.9167,16.4788,4.8395,0.0000,75.9560,6.5789,0.0000,0.0000,0.0000
93.9333,16.4757,4.8320,0.0000,75.0838,6.5879,0.0000,0.0000,0.0000
93.9500,16.4727,4.8245,0.0000,74.2265,6.5968,0.0000,0.0000,0.0000
93.9667,16.4696,4.8170,0.0000,73.3836,6.6058,0.0000,0.0000,0.0000
93.9833,16.4666,4.8095,0.0000,72.5550,6.6148,0.0000,0.0000,0.0000
94.0000,16.4636,4.8020,0.0000,71.7404,6.6239,0.0000,0.0000,0.0000
94.0167,16.4607,4.7953,0.0000,70.9323,6.6270,0.0000,0.0000,0.0000
94.0333,16.4578,4.7887,0.0000,70.1380,6.6302,0.0000,0.0000,0.0000
94.0500,16.4549,4.7820,0.0000,69.3572,6.6334,0.0000,0.0000,0.0000
94.0667,16.4520,4.7753,0.0000,68.5898,6.6367,0.0000,0.0000,0.0000
94.0833,16.4492,4.7687,0.0000,67.8353,6.6399,0.0000,0.0000,0.0000
94.1000,16.4464,4.7620,0.0000,67.0937,6.6432,0.0000,0.0000,0.0000
94.1167,16.4436,4.7553,0.0000,66.3647,6.6464,0.0000,0.0000,0.0000
94.1333,16.4409,4.7487,0.0000,65.6481,6.6497,0.0000,0.0000,0.0000
94.1500,16.4381,4.7420,0.0000,64.9437,6.6531,0.0000,0.0000,0.0000
94.1667,16.4355,4.7353,0.0000,64.2512,6.6564,0.0000,0.0000,0.0000
94.1833,16.4328,4.7287,0.0000,63.5705,6.6597,0.0000,0.0000,0.0000
94.2000,16.4301,4.7220,0.0000,62.9014,6.6631,0.0000,0.0000,0.0000
94.2167,16.4275,4.7153,0.0000,62.2436,6.6665,0.0000,0.0000,0.0000
94.2333,16.4249,4.7087,0.0000,61.5969,6.6699,0.0000,0.0000,0.0000
94.2500,16.4224,4.7020,0.0000,60.9613,6.6733,0.0000,0.0000,0.0000
94.2667,16.4198,4.6953,0.0000,60.3364,6.6767,0.0000,0.0000,0.0000
94.2833,16.4173,4.6887,0.0000,59.7221,6.6802,0.0000,0.0000,0.0000
94.3000,16.4148,4.6820,0.0000,59.1182,6.6836,0.0000,0.0000,0.0000
94.3167,16.4123,4.6753,0.0000,58.5245,6.6871,0.0000,0.0000,0.0000
94.3333,16.4098,4.6687,0.0000,57.9409,6.6906,0.0000,0.0000,0.0000
94.3500,16.4074,4.6620,0.0000,57.3672,6.6941,0.0000,0.0000,0.0000
94.3667,16.4050,4.6553,0.0000,56.8032,6.6976,0.0000,0.0000,0.0000
94.3833,16.4026,4.6487,0.0000,56.2487,6.7012,0.0000,0.0000,0.0000
94.4000,16.4002,4.6420,0.0000,55.7036,6.7047,0.0000,0.0000,0.0000
94.4167,16.3979,4.6353,0.0000,55.1677,6.7083,0.0000,0.0000,0.0000
94.4333,16.3956,4.6287,0.0000,54.6409,6.7118,0.0000,0.0000,0.0000
94.4500,16.3932,4.6220,0.0000,54.1230,6.7154,0.0000,0.0000,0.0000
94.4667,16.3909,4.6153,0.0000,53.6139,6.7190,0.0000,0.0000,0.0000
94.4833,16.3887,4.6087,0.0000,53.1133,6.7226,0.0000,0.0000,0.0000
94.5000,16.3864,4.6020,0.0000,52.6212,6.7262,0.0000,0.0000,0.0000
94.5167,16.3842,4.5953,0.0000,52.1375,6.7299,0.0000,0.0000,0.0000
94.5333,16.3820,4.5887,0.0000,51.6618,6.7335,0.0000,0.0000,0.0000
94.5500,16.3798,4.5820,0.0000,51.1943,6.7372,0.0000,0.0000,0.0000
94.5667,16.3776,4.5753,0.0000,50.7346,6.7408,0.0000,0.0000,0.0000
94.5833,16.3754,4.5687,0.0000,50.2827,6.7445,0.0000,0.0000,0.0000
94.6000,16.3733,4.5620,0.0000,49.8384,6.7482,0.0000,0.0000,0.0000
94.6167,16.3711,4.5553,0.0000,49.4016,6.7519,0.0000,0.0000,0.0000
94.6333,16.3690,4.5487,0.0000,48.9722,6.7556,0.0000,0.0000,0.0000
94.6500,16.3669,4.5420,0.0000,48.5500,6.7594,0.0000,0.0000,0.0000
94.6667,16.3648,4.5353,0.0000,48.1349,6.7631,0.0000,0.0000,0.0000
94.6833,16.3627,4.5287,0.0000,47.7268,6.7668,0.0000,0.0000,0.0000
94.7000,16.3607,4.5220,0.0000,47.3257,6.7706,0.0000,0.0000,0.0000
94.7167,16.3586,4.5153,0.0000,46.9312,6.7744,0.0000,0.0000,0.0000
94.7333,16.3566,4.5087,0.0000,46.5435,6.7781,0.0000,0.0000,0.0000
94.7500,16.3546,4.5020,0.0000,46.1622,6.7819,0.0000,0.0000,0.0000
94.7667,16.3526,4.4953,0.0000,45.7874,6.7857,0.0000,0.0000,0.0000
94.7833,16.3506,4.4887,0.0000,45.4189,6.7895,0.0000,0.0000,0.0000
94.8000,16.3487,4.4820,0.0000,45.0566,6.7933,0.0000,0.0000,0.0000
94.8167,16.3467,4.4753,0.0000,44.7005,6.7971,0.0000,0.0000,0.0000
94.8333,16.3448,4.4687,0.0000,44.3503,6.8010,0.0000,0.0000,0.0000
94.8500,16.3428,4.4620,0.0000,44.0060,6.8048,0.0000,0.0000,0.0000
94.8667,16.3409,4.4553,0.0000,43.6675,6.8087,0.0000,0.0000,0.0000
94.8833,16.3390,4.4487,0.0000,43.3347,6.8125,0.0000,0.0000,0.0000
94.9000,16.3371,4.4420,0.0000,43.0075,6.8164,0.0000,0.0000,0.0000
94.9167,16.3352,4.4353,0.0000,42.6858,6.8203,0.0000,0.0000,0.0000
94.9333,16.3334,4.4287,0.0000,42.3696,6.8241,0.0000,0.0000,0.0000
94.9500,16.3315,4.4220,0.0000,42.0587,6.8280,0.0000,0.0000,0.0000
94.9667,16.3296,4.4153,0.0000,41.7530,6.8319,0.0000,0.0000,0.0000
94.9833,16.3278,4.4087,0.0000,41.4524,6.8358,0.0000,0.0000,0.0000
95.0000,16.3260,4.4020,0.0000,41.1569,6.8398,0.0000,0.0000,0.0000
95.0167,16.3242,4.4170,0.0000,40.6748,6.8456,0.0000,0.0000,0.0000
95.0333,16.3224,4.4320,0.0000,40.2009,6.8514,0.0000,0.0000,0.0000
95.0500,16.3206,4.4470,0.0000,39.7351,6.8573,0.0000,0.0000,0.0000
95.0667,16.3189,4.4620,0.0000,39.2772,6.8631,0.0000,0.0000,0.0000
95.0833,16.3171,4.4770,0.0000,38.8272,6.8690,0.0000,0.0000,0.0000
95.1000,16.3154,4.4920,0.0000,38.3847,6.8748,0.0000,0.0000,0.0000
95.1167,16.3137,4.5070,0.0000,37.9498,6.8806,0.0000,0.0000,0.0000
95.1333,16.3120,4.5220,0.0000,37.5223,6.8864,0.0000,0.0000,0.0000
95.1500,16.3103,4.5370,0.0000,37.1020,6.8923,0.0000,0.0000,0.0000
95.1667,16.3087,4.5520,0.0000,36.6889,6.8981,0.0000,0.0000,0.0000
95.1833,16.3070,4.5670,0.0000,36.2828,6.9039,0.0000,0.0000,0.0000
95.2000,16.3054,4.5820,0.0000,35.8835,6.9097,0.0000,0.0000,0.0000
95.2167,16.3038,4.5970,0.0000,35.4910,6.9155,0.0000,0.0000,0.0000
95.2333,16.3022,4.6120,0.0000,35.1052,6.9213,0.0000,0.0000,0.0000
95.2500,16.3006,4.6270,0.0000,34.7258,6.9270,0.0000,0.0000,0.0000
95.2667,16.2991,4.6420,0.0000,34.3529,6.9328,0.0000,0.0000,0.0000
95.2833,16.2975,4.6570,0.0000,33.9863,6.9386,0.0000,0.0000,0.0000
95.3000,16.2960,4.6720,0.0000,33.6258,6.9443,0.0000,0.0000,0.0000
95.3167,16.2944,4.6870,0.0000,33.2715,6.9501,0.0000,0.0000,0.0000
95.3333,16.2929,4.7020,0.0000,32.9231,6.9558,0.0000,0.0000,0.0000
95.3500,16.2914,4.7170,0.0000,32.5806,6.9615,0.0000,0.0000,0.0000
95.3667,16.2899,4.7320,0.0000,32.2439,6.9672,0.0000,0.0000,0.0000
95.3833,16.2884,4.7470,0.0000,31.9128,6.9729,0.0000,0.0000,0.0000
95.4000,16.2870,4.7620,0.0000,31.5873,6.9786,0.0000,0.0000,0.0000
95.4167,16.2855,4.7770,0.0000,31.2673,6.9843,0.0000,0.0000,0.0000
95.4333,16.2841,4.7920,0.0000,30.9527,6.9900,0.0000,0.0000,0.0000
95.4500,16.2826,4.8070,0.0000,30.6434,6.9957,0.0000,0.0000,0.0000
95.4667,16.2812,4.8220,0.0000,30.3392,7.0013,0.0000,0.0000,0.0000
95.4833,16.2798,4.8370,0.0000,30.0402,7.0069,0.0000,0.0000,0.0000
95.5000,16.2784,4.8520,0.0000,29.7462,7.0126,0.0000,0.0000,0.0000
95.5167,16.2770,4.8670,0.0000,29.4571,7.0182,0.0000,0.0000,0.0000
95.5333,16.2757,4.8820,0.0000,29.1729,7.0238,0.0000,0.0000,0.0000
95.5500,16.2743,4.8970,0.0000,28.8935,7.0293,0.0000,0.0000,0.0000
95.5667,16.2729,4.9120,0.0000,28.6187,7.0349,0.0000,0.0000,0.0000
95.5833,16.2716,4.9270,0.0000,28.3485,7.0405,0.0000,0.0000,0.0000
95.6000,16.2703,4.9420,0.0000,28.0829,7.0460,0.0000,0.0000,0.0000
95.6167,16.2689,4.9570,0.0000,27.8217,7.0515,0.0000,0.0000,0.0000
95.6333,16.2676,4.9720,0.0000,27.5649,7.0570,0.0000,0.0000,0.0000
95.6500,16.2663,4.9870,0.0000,27.3124,7.0625,0.0000,0.0000,0.0000
95.6667,16.2650,5.0020,0.0000,27.0642,7.0680,0.0000,0.0000,0.0000
95.6833,16.2637,5.0170,0.0000,26.8200,7.0735,0.0000,0.0000,0.0000
95.7000,16.2624,5.0320,0.0000,26.5800,7.0789,0.0000,0.0000,0.0000
95.7167,16.2612,5.0470,0.0000,26.3440,7.0843,0.0000,0.0000,0.0000
95.7333,16.2599,5.0620,0.0000,26.1119,7.0897,0.0000,0.0000,0.0000
95.7500,16.2587,5.0770,0.0000,25.8837,7.0951,0.0000,0.0000,0.0000
95.7667,16.2574,5.0920,0.0000,25.6593,7.1005,0.0000,0.0000,0.0000
95.7833,16.2562,5.1070,0.0000,25.4387,7.1059,0.0000,0.0000,0.0000
95.8000,16.2549,5.1220,0.0000,25.2218,7.1112,0.0000,0.0000,0.0000
95.8167,16.2537,5.1370,0.0000,25.0085,7.1165,0.0000,0.0000,0.0000
95.8333,16.2525,5.1520,0.0000,24.7987,7.1218,0.0000,0.0000,0.0000
95.8500,16.2513,5.1670,0.0000,24.5924,7.1271,0.0000,0.0000,0.0000
95.8667,16.2501,5.1820,0.0000,24.3896,7.1324,0.0000,0.0000,0.0000
95.8833,16.2489,5.1970,0.0000,24.1902,7.1376,0.0000,0.0000,0.0000
95.9000,16.2477,5.2120,0.0000,23.9941,7.1428,0.0000,0.0000,0.0000
95.9167,16.2465,5.2270,0.0000,23.8012,7.1480,0.0000,0.0000,0.0000
95.9333,16.2454,5.2420,0.0000,23.6116,7.1532,0.0000,0.0000,0.0000
95.9500,16.2442,5.2570,0.0000,23.4252,7.1584,0.0000,0.0000,0.0000
95.9667,16.2431,5.2720,0.0000,23.2418,7.1635,0.0000,0.0000,0.0000
95.9833,16.2419,5.2870,0.0000,23.0615,7.1686,0.0000,0.0000,0.0000
96.0000,16.2408,5.3020,0.0000,22.8842,7.1737,0.0000,0.0000,0.0000
96.0167,16.2396,5.3120,0.0000,22.7545,7.1567,0.0000,0.0000,0.0000
96.0333,16.2385,5.3220,0.0000,22.6273,7.1396,0.0000,0.0000,0.0000
96.0500,16.2374,5.3320,0.0000,22.5025,7.1227,0.0000,0.0000,0.0000
96.0667,16.2362,5.3420,0.0000,22.3801,7.1057,0.0000,0.0000,0.0000
96.0833,16.2351,5.3520,0.0000,22.2602,7.0888,0.0000,0.0000,0.0000
96.1000,16.2340,5.3620,0.0000,22.1426,7.0718,0.0000,0.0000,0.0000
96.1167,16.2329,5.3720,0.0000,22.0272,7.0550,0.0000,0.0000,0.0000
96.1333,16.2318,5.3820,0.0000,21.9142,7.0381,0.0000,0.0000,0.0000
96.1500,16.2307,5.3920,0.0000,21.8033,7.0213,0.0000,0.0000,0.0000
96.1667,16.2296,5.4020,0.0000,21.6947,7.0045,0.0000,0.0000,0.0000
96.1833,16.2285,5.4120,0.0000,21.5882,6.9877,0.0000,0.0000,0.0000
96.2000,16.2275,5.4220,0.0000,21.4838,6.9709,0.0000,0.0000,0.0000
96.2167,16.2264,5.4320,0.0000,21.3815,6.9542,0.0000,0.0000,0.0000
96.2333,16.2253,5.4420,0.0000,21.2813,6.9375,0.0000,0.0000,0.0000
96.2500,16.2242,5.4520,0.0000,21.1830,6.9208,0.0000,0.0000,0.0000
96.2667,16.2232,5.4620,0.0000,21.0868,6.9042,0.0000,0.0000,0.0000
96.2833,16.2221,5.4720,0.0000,20.9924,6.8876,0.0000,0.0000,0.0000
96.3000,16.2211,5.4820,0.0000,20.9000,6.8710,0.0000,0.0000,0.0000
96.3167,16.2200,5.4920,0.0000,20.8095,6.8544,0.0000,0.0000,0.0000
96.3333,16.2190,5.5020,0.0000,20.7208,6.8379,0.0000,0.0000,0.0000
96.3500,16.2179,5.5120,0.0000,20.6339,6.8213,0.0000,0.0000,0.0000
96.3667,16.2169,5.5220,0.0000,20.5488,6.8049,0.0000,0.0000,0.0000
96.3833,16.2158,5.5320,0.0000,20.4654,6.7884,0.0000,0.0000,0.0000
96.4000,16.2148,5.5420,0.0000,20.3838,6.7719,0.0000,0.0000,0.0000
96.4167,16.2138,5.5520,0.0000,20.3038,6.7555,0.0000,0.0000,0.0000
96.4333,16.2127,5.5620,0.0000,20.2255,6.7391,0.0000,0.0000,0.0000
96.4500,16.2117,5.5720,0.0000,20.1489,6.7228,0.0000,0.0000,0.0000
96.4667,16.2107,5.5820,0.0000,20.0738,6.7064,0.0000,0.0000,0.0000
96.4833,16.2097,5.5920,0.0000,20.0004,6.6901,0.0000,0.0000,0.0000
96.5000,16.2087,5.6020,0.0000,19.9284,6.6738,0.0000,0.0000,0.0000
96.5167,16.2077,5.6120,0.0000,19.8580,6.6576,0.0000,0.0000,0.0000
96.5333,16.2067,5.6220,0.0000,19.7891,6.6413,0.0000,0.0000,0.0000
96.5500,16.2057,5.6320,0.0000,19.7217,6.6251,0.0000,0.0000,0.0000
96.5667,16.2047,5.6420,0.0000,19.6557,6.6089,0.0000,0.0000,0.0000
96.5833,16.2037,5.6520,0.0000,19.5912,6.5928,0.0000,0.0000,0.0000
96.6000,16.2027,5.6620,0.0000,19.5280,6.5766,0.0000,0.0000,0.0000
96.6167,16.2017,5.6720,0.0000,19.4662,6.5605,0.0000,0.0000,0.0000
96.6333,16.2007,5.6820,0.0000,19.4058,6.5444,0.0000,0.0000,0.0000
96.6500,16.1997,5.6920,0.0000,19.3467,6.5283,0.0000,0.0000,0.0000
96.6667,16.1987,5.7020,0.0000,19.2889,6.5123,0.0000,0.0000,0.0000
96.6833,16.1978,5.7120,0.0000,19.2323,6.4963,0.0000,0.0000,0.0000
96.7000,16.1968,5.7220,0.0000,19.1771,6.4803,0.0000,0.0000,0.0000
96.7167,16.1958,5.7320,0.0000,19.1230,6.4643,0.0000,0.0000,0.0000
96.7333,16.1948,5.7420,0.0000,19.0702,6.4484,0.0000,0.0000,0.0000
96.7500,16.1939,5.7520,0.0000,19.0186,6.4325,0.0000,0.0000,0.0000
96.7667,16.1929,5.7620,0.0000,18.9681,6.4166,0.0000,0.0000,0.0000
96.7833,16.1919,5.7720,0.0000,18.9188,6.4007,0.0000,0.0000,0.0000
96.8000,16.1910,5.7820,0.0000,18.8706,6.3849,0.0000,0.0000,0.0000
96.8167,16.1900,5.7920,0.0000,18.8235,6.3690,0.0000,0.0000,0.0000
96.8333,16.1891,5.8020,0.0000,18.7776,6.3532,0.0000,0.0000,0.0000
96.8500,16.1881,5.8120,0.0000,18.7326,6.3375,0.0000,0.0000,0.0000
96.8667,16.1872,5.8220,0.0000,18.6888,6.3217,0.0000,0.0000,0.0000
96.8833,16.1862,5.8320,0.0000,18.6460,6.3060,0.0000,0.0000,0.0000
96.9000,16.1853,5.8420,0.0000,18.6042,6.2903,0.0000,0.0000,0.0000
96.9167,16.1843,5.8520,0.0000,18.5634,6.2746,0.0000,0.0000,0.0000
96.9333,16.1834,5.8620,0.0000,18.5235,6.2590,0.0000,0.0000,0.0000
96.9500,16.1824,5.8720,0.0000,18.4847,6.2433,0.0000,0.0000,0.0000
96.9667,16.1815,5.8820,0.0000,18.4467,6.2277,0.0000,0.0000,0.0000
96.9833,16.1806,5.8920,0.0000,18.4098,6.2121,0.0000,0.0000,0.0000
97.0000,16.1796,5.9020,0.0000,18.3737,6.1966,0.0000,0.0000,0.0000
97.0167,16.1787,5.8970,0.0000,18.4711,6.1791,0.0000,0.0000,0.0000
97.0333,16.1777,5.8920,0.0000,18.5672,6.1615,0.0000,0.0000,0.0000
97.0500,16.1768,5.8870,0.0000,18.6618,6.1440,0.0000,0.0000,0.0000
97.0667,16.1759,5.8820,0.0000,18.7550,6.1265,0.0000,0.0000,0.0000
97.0833,16.1749,5.8770,0.0000,18.8469,6.1091,0.0000,0.0000,0.0000
97.1000,16.1740,5.8720,0.0000,18.9375,6.0916,0.0000,0.0000,0.0000
97.1167,16.1730,5.8670,0.0000,19.0268,6.0741,0.0000,0.0000,0.0000
97.1333,16.1720,5.8620,0.0000,19.1148,6.0567,0.0000,0.0000,0.0000
97.1500,16.1711,5.8570,0.0000,19.2016,6.0393,0.0000,0.0000,0.0000
97.1667,16.1701,5.8520,0.0000,19.2872,6.0219,0.0000,0.0000,0.0000
97.1833,16.1692,5.8470,0.0000,19.3716,6.0045,0.0000,0.0000,0.0000
97.2000,16.1682,5.8420,0.0000,19.4548,5.9871,0.0000,0.0000,0.0000
97.2167,16.1672,5.8370,0.0000,19.5368,5.9698,0.0000,0.0000,0.0000
97.2333,16.1662,5.8320,0.0000,19.6177,5.9524,0.0000,0.0000,0.0000
97.2500,16.1653,5.8270,0.0000,19.6975,5.9351,0.0000,0.0000,0.0000
97.2667,16.1643,5.8220,0.0000,19.7763,5.9178,0.0000,0.0000,0.0000
97.2833,16.1633,5.8170,0.0000,19.8539,5.9005,0.0000,0.0000,0.0000
97.3000,16.1623,5.8120,0.0000,19.9305,5.8832,0.0000,0.0000,0.0000
97.3167,16.1613,5.8070,0.0000,20.0061,5.8659,0.0000,0.0000,0.0000
97.3333,16.1604,5.8020,0.0000,20.0807,5.8487,0.0000,0.0000,0.0000
97.3500,16.1594,5.7970,0.0000,20.1543,5.8315,0.0000,0.0000,0.0000
97.3667,16.1584,5.7920,0.0000,20.2269,5.8143,0.0000,0.0000,0.0000
97.3833,16.1574,5.7870,0.0000,20.2985,5.7971,0.0000,0.0000,0.0000
97.4000,16.1564,5.7820,0.0000,20.3692,5.7799,0.0000,0.0000,0.0000
97.4167,16.1554,5.7770,0.0000,20.4390,5.7628,0.0000,0.0000,0.0000
97.4333,16.1544,5.7720,0.0000,20.5079,5.7456,0.0000,0.0000,0.0000
97.4500,16.1534,5.7670,0.0000,20.5759,5.7285,0.0000,0.0000,0.0000
97.4667,16.1524,5.7620,0.0000,20.6430,5.7115,0.0000,0.0000,0.0000
97.4833,16.1514,5.7570,0.0000,20.7093,5.6944,0.0000,0.0000,0.0000
97.5000,16.1504,5.7520,0.0000,20.7747,5.6773,0.0000,0.0000,0.0000
97.5167,16.1494,5.7470,0.0000,20.8393,5.6603,0.0000,0.0000,0.0000
97.5333,16.1484,5.7420,0.0000,20.9030,5.6433,0.0000,0.0000,0.0000
97.5500,16.1474,5.7370,0.0000,20.9660,5.6263,0.0000,0.0000,0.0000
97.5667,16.1463,5.7320,0.0000,21.0282,5.6094,0.0000,0.0000,0.0000
97.5833,16.1453,5.7270,0.0000,21.0896,5.5924,0.0000,0.0000,0.0000
97.6000,16.1443,5.7220,0.0000,21.1502,5.5755,0.0000,0.0000,0.0000
97.6167,16.1433,5.7170,0.0000,21.2101,5.5586,0.0000,0.0000,0.0000
97.6333,16.1423,5.7120,0.0000,21.2693,5.5418,0.0000,0.0000,0.0000
97.6500,16.1413,5.7070,0.0000,21.3277,5.5249,0.0000,0.0000,0.0000
97.6667,16.1402,5.7020,0.0000,21.3855,5.5081,0.0000,0.0000,0.0000
97.6833,16.1392,5.6970,0.0000,21.4425,5.4913,0.0000,0.0000,0.0000
97.7000,16.1382,5.6920,0.0000,21.4988,5.4745,0.0000,0.0000,0.0000
97.7167,16.1372,5.6870,0.0000,21.5545,5.4578,0.0000,0.0000,0.0000
97.7333,16.1361,5.6820,0.0000,21.6095,5.4411,0.0000,0.0000,0.0000
97.7500,16.1351,5.6770,0.0000,21.6638,5.4244,0.0000,0.0000,0.0000
97.7667,16.1341,5.6720,0.0000,21.7175,5.4077,0.0000,0.0000,0.0000
97.7833,16.1330,5.6670,0.0000,21.7706,5.3911,0.0000,0.0000,0.0000
97.8000,16.1320,5.6620,0.0000,21.8231,5.3745,0.0000,0.0000,0.0000
97.8167,16.1310,5.6570,0.0000,21.8749,5.3579,0.0000,0.0000,0.0000
97.8333,16.1299,5.6520,0.0000,21.9261,5.3413,0.0000,0.0000,0.0000
97.8500,16.1289,5.6470,0.0000,21.9768,5.3248,0.0000,0.0000,0.0000
97.8667,16.1278,5.6420,0.0000,22.0268,5.3083,0.0000,0.0000,0.0000
97.8833,16.1268,5.6370,0.0000,22.0763,5.2918,0.0000,0.0000,0.0000
97.9000,16.1258,5.6320,0.0000,22.1253,5.2754,0.0000,0.0000,0.0000
97.9167,16.1247,5.6270,0.0000,22.1736,5.2590,0.0000,0.0000,0.0000
97.9333,16.1237,5.6220,0.0000,22.2214,5.2426,0.0000,0.0000,0.0000
97.9500,16.1226,5.6170,0.0000,22.2687,5.2262,0.0000,0.0000,0.0000
97.9667,16.1216,5.6120,0.0000,22.3155,5.2099,0.0000,0.0000,0.0000
97.9833,16.1205,5.6070,0.0000,22.3617,5.1936,0.0000,0.0000,0.0000
98.0000,16.1195,5.6020,0.0000,22.4074,5.1774,0.0000,0.0000,0.0000
98.0167,16.1184,5.6003,0.0000,22.4228,5.1821,0.0000,0.0000,0.0000
98.0333,16.1174,5.5987,0.0000,22.4378,5.1869,0.0000,0.0000,0.0000
98.0500,16.1163,5.5970,0.0000,22.4525,5.1916,0.0000,0.0000,0.0000
98.0667,16.1153,5.5953,0.0000,22.4669,5.1963,0.0000,0.0000,0.0000
98.0833,16.1142,5.5937,0.0000,22.4810,5.2011,0.0000,0.0000,0.0000
98.1000,16.1132,5.5920,0.0000,22.4947,5.2058,0.0000,0.0000,0.0000
98.1167,16.1121,5.5903,0.0000,22.5081,5.2106,0.0000,0.0000,0.0000
98.1333,16.1111,5.5887,0.0000,22.5212,5.2153,0.0000,0.0000,0.0000
98.1500,16.1100,5.5870,0.0000,22.5340,5.2201,0.0000,0.0000,0.0000
98.1667,16.1090,5.5853,0.0000,22.5465,5.2248,0.0000,0.0000,0.0000
98.1833,16.1079,5.5837,0.0000,22.5587,5.2296,0.0000,0.0000,0.0000
98.2000,16.1068,5.5820,0.0000,22.5706,5.2343,0.0000,0.0000,0.0000
98.2167,16.1058,5.5803,0.0000,22.5822,5.2391,0.0000,0.0000,0.0000
98.2333,16.1047,5.5787,0.0000,22.5936,5.2439,0.0000,0.0000,0.0000
98.2500,16.1037,5.5770,0.0000,22.6046,5.2486,0.0000,0.0000,0.0000
98.2667,16.1026,5.5753,0.0000,22.6154,5.2534,0.0000,0.0000,0.0000
98.2833,16.1015,5.5737,0.0000,22.6260,5.2582,0.0000,0.0000,0.0000
98.3000,16.1005,5.5720,0.0000,22.6362,5.2629,0.0000,0.0000,0.0000
98.3167,16.0994,5.5703,0.0000,22.6462,5.2677,0.0000,0.0000,0.0000
98.3333,16.0984,5.5687,0.0000,22.6559,5.2725,0.0000,0.0000,0.0000
98.3500,16.0973,5.5670,0.0000,22.6654,5.2773,0.0000,0.0000,0.0000
98.3667,16.0962,5.5653,0.0000,22.6747,5.2821,0.0000,0.0000,0.0000
98.3833,16.0952,5.5637,0.0000,22.6836,5.2868,0.0000,0.0000,0.0000
98.4000,16.0941,5.5620,0.0000,22.6924,5.2916,0.0000,0.0000,0.0000
98.4167,16.0930,5.5603,0.0000,22.7009,5.2964,0.0000,0.0000,0.0000
98.4333,16.0920,5.5587,0.0000,22.7092,5.3012,0.0000,0.0000,0.0000
98.4500,16.0909,5.5570,0.0000,22.7172,5.3060,0.0000,0.0000,0.0000
98.4667,16.0898,5.5553,0.0000,22.7250,5.3108,0.0000,0.0000,0.0000
98.4833,16.0888,5.5537,0.0000,22.7326,5.3156,0.0000,0.0000,0.0000
98.5000,16.0877,5.5520,0.0000,22.7400,5.3204,0.0000,0.0000,0.0000
98.5167,16.0866,5.5503,0.0000,22.7471,5.3252,0.0000,0.0000,0.0000
98.5333,16.0856,5.5487,0.0000,22.7541,5.3300,0.0000,0.0000,0.0000
98.5500,16.0845,5.5470,0.0000,22.7608,5.3348,0.0000,0.0000,0.0000
98.5667,16.0834,5.5453,0.0000,22.7673,5.3397,0.0000,0.0000,0.0000
98.5833,16.0824,5.5437,0.0000,22.7736,5.3445,0.0000,0.0000,0.0000
98.6000,16.0813,5.5420,0.0000,22.7797,5.3493,0.0000,0.0000,0.0000
98.6167,16.0802,5.5403,0.0000,22.7856,5.3541,0.0000,0.0000,0.0000
98.6333,16.0792,5.5387,0.0000,22.7914,5.3589,0.0000,0.0000,0.0000
98.6500,16.0781,5.5370,0.0000,22.7969,5.3638,0.0000,0.0000,0.0000
98.6667,16.0770,5.5353,0.0000,22.8022,5.3686,0.0000,0.0000,0.0000
98.6833,16.0759,5.5337,0.0000,22.8074,5.3734,0.0000,0.0000,0.0000
98.7000,16.0749,5.5320,0.0000,22.8123,5.3783,0.0000,0.0000,0.0000
98.7167,16.0738,5.5303,0.0000,22.8171,5.3831,0.0000,0.0000,0.0000
98.7333,16.0727,5.5287,0.0000,22.8217,5.3879,0.0000,0.0000,0.0000
98.7500,16.0716,5.5270,0.0000,22.8262,5.3928,0.0000,0.0000,0.0000
98.7667,16.0706,5.5253,0.0000,22.8304,5.3976,0.0000,0.0000,0.0000
98.7833,16.0695,5.5237,0.0000,22.8345,5.4025,0.0000,0.0000,0.0000
98.8000,16.0684,5.5220,0.0000,22.8385,5.4073,0.0000,0.0000,0.0000
98.8167,16.0674,5.5203,0.0000,22.8422,5.4122,0.0000,0.0000,0.0000
98.8333,16.0663,5.5187,0.0000,22.8458,5.4170,0.0000,0.0000,0.0000
98.8500,16.0652,5.5170,0.0000,22.8493,5.4219,0.0000,0.0000,0.0000
98.8667,16.0641,5.5153,0.0000,22.8525,5.4268,0.0000,0.0000,0.0000
98.8833,16.0631,5.5137,0.0000,22.8557,5.4316,0.0000,0.0000,0.0000
98.9000,16.0620,5.5120,0.0000,22.8586,5.4365,0.0000,0.0000,0.0000
98.9167,16.0609,5.5103,0.0000,22.8615,5.4413,0.0000,0.0000,0.0000
98.9333,16.0598,5.5087,0.0000,22.8641,5.4462,0.0000,0.0000,0.0000
98.9500,16.0587,5.5070,0.0000,22.8667,5.4511,0.0000,0.0000,0.0000
98.9667,16.0577,5.5053,0.0000,22.8691,5.4560,0.0000,0.0000,0.0000
98.9833,16.0566,5.5037,0.0000,22.8713,5.4608,0.0000,0.0000,0.0000
99.0000,16.0555,5.5020,0.0000,22.8734,5.4657,0.0000,0.0000,0.0000
99.0167,16.0544,5.5078,0.0000,22.8087,5.4945,0.0000,0.0000,0.0000
99.0333,16.0534,5.5137,0.0000,22.7446,5.5234,0.0000,0.0000,0.0000
99.0500,16.0523,5.5195,0.0000,22.6811,5.5524,0.0000,0.0000,0.0000
99.0667,16.0512,5.5253,0.0000,22.6182,5.5814,0.0000,0.0000,0.0000
99.0833,16.0501,5.5312,0.0000,22.5558,5.6105,0.0000,0.0000,0.0000
99.1000,16.0491,5.5370,0.0000,22.4941,5.6397,0.0000,0.0000,0.0000
99.1167,16.0480,5.5428,0.0000,22.4329,5.6689,0.0000,0.0000,0.0000
99.1333,16.0469,5.5487,0.0000,22.3723,5.6983,0.0000,0.0000,0.0000
99.1500,16.0459,5.5545,0.0000,22.3121,5.7277,0.0000,0.0000,0.0000
99.1667,16.0448,5.5603,0.0000,22.2526,5.7571,0.0000,0.0000,0.0000
99.1833,16.0437,5.5662,0.0000,22.1935,5.7867,0.0000,0.0000,0.0000
99.2000,16.0427,5.5720,0.0000,22.1349,5.8163,0.0000,0.0000,0.0000
99.2167,16.0416,5.5778,0.0000,22.0768,5.8459,0.0000,0.0000,0.0000
99.2333,16.0406,5.5837,0.0000,22.0192,5.8757,0.0000,0.0000,0.0000
99.2500,16.0395,5.5895,0.0000,21.9621,5.9054,0.0000,0.0000,0.0000
99.2667,16.0384,5.5953,0.0000,21.9054,5.9353,0.0000,0.0000,0.0000
99.2833,16.0374,5.6012,0.0000,21.8492,5.9652,0.0000,0.0000,0.0000
99.3000,16.0363,5.6070,0.0000,21.7934,5.9952,0.0000,0.0000,0.0000
99.3167,16.0353,5.6128,0.0000,21.7381,6.0252,0.0000,0.0000,0.0000
99.3333,16.0342,5.6187,0.0000,21.6831,6.0552,0.0000,0.0000,0.0000
99.3500,16.0332,5.6245,0.0000,21.6286,6.0854,0.0000,0.0000,0.0000
99.3667,16.0321,5.6303,0.0000,21.5745,6.1155,0.0000,0.0000,0.0000
99.3833,16.0311,5.6362,0.0000,21.5208,6.1457,0.0000,0.0000,0.0000
99.4000,16.0300,5.6420,0.0000,21.4675,6.1760,0.0000,0.0000,0.0000
99.4167,16.0290,5.6478,0.0000,21.4145,6.2063,0.0000,0.0000,0.0000
99.4333,16.0279,5.6537,0.0000,21.3619,6.2367,0.0000,0.0000,0.0000
99.4500,16.0269,5.6595,0.0000,21.3097,6.2671,0.0000,0.0000,0.0000
99.4667,16.0258,5.6653,0.0000,21.2579,6.2976,0.0000,0.0000,0.0000
99.4833,16.0248,5.6712,0.0000,21.2063,6.3281,0.0000,0.0000,0.0000
99.5000,16.0237,5.6770,0.0000,21.1552,6.3586,0.0000,0.0000,0.0000
99.5167,16.0227,5.6828,0.0000,21.1043,6.3892,0.0000,0.0000,0.0000
99.5333,16.0216,5.6887,0.0000,21.0538,6.4198,0.0000,0.0000,0.0000
99.5500,16.0206,5.6945,0.0000,21.0036,6.4505,0.0000,0.0000,0.0000
99.5667,16.0195,5.7003,0.0000,20.9538,6.4812,0.0000,0.0000,0.0000
99.5833,16.0185,5.7062,0.0000,20.9042,6.5119,0.0000,0.0000,0.0000
99.6000,16.0174,5.7120,0.0000,20.8549,6.5427,0.0000,0.0000,0.0000
99.6167,16.0164,5.7178,0.0000,20.8060,6.5735,0.0000,0.0000,0.0000
99.6333,16.0154,5.7237,0.0000,20.7573,6.6043,0.0000,0.0000,0.0000
99.6500,16.0143,5.7295,0.0000,20.7089,6.6352,0.0000,0.0000,0.0000
99.6667,16.0133,5.7353,0.0000,20.6608,6.6661,0.0000,0.0000,0.0000
99.6833,16.0122,5.7412,0.0000,20.6129,6.6971,0.0000,0.0000,0.0000
99.7000,16.0112,5.7470,0.0000,20.5654,6.7280,0.0000,0.0000,0.0000
99.7167,16.0102,5.7528,0.0000,20.5181,6.7590,0.0000,0.0000,0.0000
99.7333,16.0091,5.7587,0.0000,20.4710,6.7901,0.0000,0.0000,0.0000
99.7500,16.0081,5.7645,0.0000,20.4242,6.8211,0.0000,0.0000,0.0000
99.7667,16.0071,5.7703,0.0000,20.3776,6.8522,0.0000,0.0000,0.0000
99.7833,16.0060,5.7762,0.0000,20.3313,6.8833,0.0000,0.0000,0.0000
99.8000,16.0050,5.7820,0.0000,20.2852,6.9145,0.0000,0.0000,0.0000
99.8167,16.0040,5.7878,0.0000,20.2394,6.9456,0.0000,0.0000,0.0000
99.8333,16.0029,5.7937,0.0000,20.1937,6.9768,0.0000,0.0000,0.0000
99.8500,16.0019,5.7995,0.0000,20.1483,7.0080,0.0000,0.0000,0.0000
99.8667,16.0009,5.8053,0.0000,20.1031,7.0393,0.0000,0.0000,0.0000
99.8833,15.9998,5.8112,0.0000,20.0582,7.0705,0.0000,0.0000,0.0000
99.9000,15.9988,5.8170,0.0000,20.0134,7.1018,0.0000,0.0000,0.0000
99.9167,15.9978,5.8228,0.0000,19.9689,7.1331,0.0000,0.0000,0.0000
99.9333,15.9967,5.8287,0.0000,19.9245,7.1644,0.0000,0.0000,0.0000
99.9500,15.9957,5.8345,0.0000,19.8803,7.1958,0.0000,0.0000,0.0000
99.9667,15.9947,5.8403,0.0000,19.8364,7.2271,0.0000,0.0000,0.0000
99.9833,15.9936,5.8462,0.0000,19.7926,7.2585,0.0000,0.0000,0.0000
100.0000,15.9926,5.8520,0.0000,19.7490,7.2899,0.0000,0.0000,0.0000
100.0167,15.9916,5.8412,0.0000,19.8535,7.2894,0.0000,0.0000,0.0000
100.0333,15.9906,5.8303,0.0000,19.9561,7.2889,0.0000,0.0000,0.0000
100.0500,15.9895,5.8195,0.0000,20.0568,7.2884,0.0000,0.0000,0.0000
100.0667,15.9885,5.8087,0.0000,20.1557,7.2879,0.0000,0.0000,0.0000
100.0833,15.9874,5.7978,0.0000,20.2529,7.2874,0.0000,0.0000,0.0000
100.1000,15.9864,5.7870,0.0000,20.3483,7.2868,0.0000,0.0000,0.0000
100.1167,15.9853,5.7762,0.0000,20.4420,7.2863,0.0000,0.0000,0.0000
100.1333,15.9843,5.7653,0.0000,20.5340,7.2857,0.0000,0.0000,0.0000
100.1500,15.9832,5.7545,0.0000,20.6243,7.2851,0.0000,0.0000,0.0000
100.1667,15.9821,5.7437,0.0000,20.7131,7.2845,0.0000,0.0000,0.0000
100.1833,15.9811,5.7328,0.0000,20.8002,7.2839,0.0000,0.0000,0.0000
100.2000,15.9800,5.7220,0.0000,20.8859,7.2833,0.0000,0.0000,0.0000
100.2167,15.9789,5.7112,0.0000,20.9699,7.2826,0.0000,0.0000,0.0000
100.2333,15.9778,5.7003,0.0000,21.0525,7.2820,0.0000,0.0000,0.0000
100.2500,15.9768,5.6895,0.0000,21.1337,7.2813,0.0000,0.0000,0.0000
100.2667,15.9757,5.6787,0.0000,21.2134,7.2807,0.0000,0.0000,0.0000
100.2833,15.9746,5.6678,0.0000,21.2917,7.2800,0.0000,0.0000,0.0000
100.3000,15.9735,5.6570,0.0000,21.3686,7.2793,0.0000,0.0000,0.0000
100.3167,15.9724,5.6462,0.0000,21.4441,7.2786,0.0000,0.0000,0.0000
100.3333,15.9713,5.6353,0.0000,21.5183,7.2778,0.0000,0.0000,0.0000
100.3500,15.9702,5.6245,0.0000,21.5912,7.2771,0.0000,0.0000,0.0000
100.3667,15.9691,5.6137,0.0000,21.6628,7.2764,0.0000,0.0000,0.0000
100.3833,15.9680,5.6028,0.0000,21.7332,7.2756,0.0000,0.0000,0.0000
100.4000,15.9669,5.5920,0.0000,21.8023,7.2748,0.0000,0.0000,0.0000
100.4167,15.9658,5.5812,0.0000,21.8702,7.2740,0.0000,0.0000,0.0000
100.4333,15.9647,5.5703,0.0000,21.9369,7.2733,0.0000,0.0000,0.0000
100.4500,15.9636,5.5595,0.0000,22.0025,7.2724,0.0000,0.0000,0.0000
100.4667,15.9625,5.5487,0.0000,22.0669,7.2716,0.0000,0.0000,0.0000
100.4833,15.9613,5.5378,0.0000,22.1302,7.2708,0.0000,0.0000,0.0000
100.5000,15.9602,5.5270,0.0000,22.1924,7.2700,0.0000,0.0000,0.0000
100.5167,15.9591,5.5162,0.0000,22.2535,7.2691,0.0000,0.0000,0.0000
100.5333,15.9580,5.5053,0.0000,22.3135,7.2682,0.0000,0.0000,0.0000
100.5500,15.9568,5.4945,0.0000,22.3725,7.2674,0.0000,0.0000,0.0000
100.5667,15.9557,5.4837,0.0000,22.4304,7.2665,0.0000,0.0000,0.0000
100.5833,15.9546,5.4728,0.0000,22.4874,7.2656,0.0000,0.0000,0.0000
100.6000,15.9534,5.4620,0.0000,22.5433,7.2647,0.0000,0.0000,0.0000
100.6167,15.9523,5.4512,0.0000,22.5983,7.2638,0.0000,0.0000,0.0000
100.6333,15.9512,5.4403,0.0000,22.6524,7.2628,0.0000,0.0000,0.0000
100.6500,15.9500,5.4295,0.0000,22.7055,7.2619,0.0000,0.0000,0.0000
100.6667,15.9489,5.4187,0.0000,22.7576,7.2609,0.0000,0.0000,0.0000
100.6833,15.9478,5.4078,0.0000,22.8089,7.2600,0.0000,0.0000,0.0000
100.7000,15.9466,5.3970,0.0000,22.8593,7.2590,0.0000,0.0000,0.0000
100.7167,15.9455,5.3862,0.0000,22.9089,7.2580,0.0000,0.0000,0.0000
100.7333,15.9443,5.3753,0.0000,22.9575,7.2570,0.0000,0.0000,0.0000
100.7500,15.9432,5.3645,0.0000,23.0054,7.2560,0.0000,0.0000,0.0000
100.7667,15.9420,5.3537,0.0000,23.0524,7.2550,0.0000,0.0000,0.0000
100.7833,15.9409,5.3428,0.0000,23.0986,7.2540,0.0000,0.0000,0.0000
100.8000,15.9397,5.3320,0.0000,23.1440,7.2529,0.0000,0.0000,0.0000
100.8167,15.9385,5.3212,0.0000,23.1887,7.2519,0.0000,0.0000,0.0000
100.8333,15.9374,5.3103,0.0000,23.2325,7.2508,0.0000,0.0000,0.0000
100.8500,15.9362,5.2995,0.0000,23.2757,7.2497,0.0000,0.0000,0.0000
100.8667,15.9351,5.2887,0.0000,23.3180,7.2487,0.0000,0.0000,0.0000
100.8833,15.9339,5.2778,0.0000,23.3597,7.2476,0.0000,0.0000,0.0000
100.9000,15.9327,5.2670,0.0000,23.4007,7.2465,0.0000,0.0000,0.0000
100.9167,15.9316,5.2562,0.0000,23.4409,7.2454,0.0000,0.0000,0.0000
100.9333,15.9304,5.2453,0.0000,23.4805,7.2442,0.0000,0.0000,0.0000
100.9500,15.9292,5.2345,0.0000,23.5194,7.2431,0.0000,0.0000,0.0000
100.9667,15.9281,5.2237,0.0000,23.5576,7.2420,0.0000,0.0000,0.0000
100.9833,15.9269,5.2128,0.0000,23.5952,7.2408,0.0000,0.0000,0.0000
101.0000,15.9257,5.2020,0.0000,23.6322,7.2396,0.0000,0.0000,0.0000
101.0167,15.9245,5.2020,0.0000,23.5728,7.2342,0.0000,0.0000,0.0000
101.0333,15.9234,5.2020,0.0000,23.5147,7.2288,0.0000,0.0000,0.0000
101.0500,15.9222,5.2020,0.0000,23.4576,7.2234,0.0000,0.0000,0.0000
101.0667,15.9210,5.2020,0.0000,23.4017,7.2180,0.0000,0.0000,0.0000
101.0833,15.9199,5.2020,0.0000,23.3470,7.2126,0.0000,0.0000,0.0000
101.1000,15.9187,5.2020,0.0000,23.2932,7.2072,0.0000,0.0000,0.0000
101.1167,15.9176,5.2020,0.0000,23.2406,7.2018,0.0000,0.0000,0.0000
101.1333,15.9164,5.2020,0.0000,23.1890,7.1964,0.0000,0.0000,0.0000
101.1500,15.9152,5.2020,0.0000,23.1383,7.1910,0.0000,0.0000,0.0000
101.1667,15.9141,5.2020,0.0000,23.0887,7.1856,0.0000,0.0000,0.0000
101.1833,15.9129,5.2020,0.0000,23.0401,7.1802,0.0000,0.0000,0.0000
101.2000,15.9118,5.2020,0.0000,22.9924,7.1748,0.0000,0.0000,0.0000
101.2167,15.9107,5.2020,0.0000,22.9457,7.1695,0.0000,0.0000,0.0000
101.2333,15.9095,5.2020,0.0000,22.8999,7.1641,0.0000,0.0000,0.0000
101.2500,15.9084,5.2020,0.0000,22.8549,7.1587,0.0000,0.0000,0.0000
101.2667,15.9072,5.2020,0.0000,22.8109,7.1534,0.0000,0.0000,0.0000
101.2833,15.9061,5.2020,0.0000,22.7677,7.1480,0.0000,0.0000,0.0000
101.3000,15.9050,5.2020,0.0000,22.7254,7.1426,0.0000,0.0000,0.0000
101.3167,15.9038,5.2020,0.0000,22.6839,7.1373,0.0000,0.0000,0.0000
101.3333,15.9027,5.2020,0.0000,22.6433,7.1319,0.0000,0.0000,0.0000
101.3500,15.9016,5.2020,0.0000,22.6034,7.1266,0.0000,0.0000,0.0000
101.3667,15.9004,5.2020,0.0000,22.5643,7.1212,0.0000,0.0000,0.0000
101.3833,15.8993,5.2020,0.0000,22.5260,7.1159,0.0000,0.0000,0.0000
101.4000,15.8982,5.2020,0.0000,22.4885,7.1105,0.0000,0.0000,0.0000
101.4167,15.8971,5.2020,0.0000,22.4517,7.1052,0.0000,0.0000,0.0000
101.4333,15.8959,5.2020,0.0000,22.4156,7.0999,0.0000,0.0000,0.0000
101.4500,15.8948,5.2020,0.0000,22.3802,7.0945,0.0000,0.0000,0.0000
101.4667,15.8937,5.2020,0.0000,22.3456,7.0892,0.0000,0.0000,0.0000
101.4833,15.8926,5.2020,0.0000,22.3116,7.0839,0.0000,0.0000,0.0000
101.5000,15.8915,5.2020,0.0000,22.2784,7.0786,0.0000,0.0000,0.0000
101.5167,15.8903,5.2020,0.0000,22.2457,7.0732,0.0000,0.0000,0.0000
101.5333,15.8892,5.2020,0.0000,22.2138,7.0679,0.0000,0.0000,0.0000
101.5500,15.8881,5.2020,0.0000,22.1824,7.0626,0.0000,0.0000,0.0000
101.5667,15.8870,5.2020,0.0000,22.1518,7.0573,0.0000,0.0000,0.0000
101.5833,15.8859,5.2020,0.0000,22.1217,7.0520,0.0000,0.0000,0.0000
101.6000,15.8848,5.2020,0.0000,22.0922,7.0467,0.0000,0.0000,0.0000
101.6167,15.8837,5.2020,0.0000,22.0633,7.0414,0.0000,0.0000,0.0000
101.6333,15.8826,5.2020,0.0000,22.0350,7.0361,0.0000,0.0000,0.0000
101.6500,15.8815,5.2020,0.0000,22.0073,7.0308,0.0000,0.0000,0.0000
101.6667,15.8804,5.2020,0.0000,21.9802,7.0255,0.0000,0.0000,0.0000
101.6833,15.8793,5.2020,0.0000,21.9536,7.0202,0.0000,0.0000,0.0000
101.7000,15.8782,5.2020,0.0000,21.9275,7.0149,0.0000,0.0000,0.0000
101.7167,15.8771,5.2020,0.0000,21.9020,7.0096,0.0000,0.0000,0.0000
101.7333,15.8760,5.2020,0.0000,21.8770,7.0044,0.0000,0.0000,0.0000
101.7500,15.8749,5.2020,0.0000,21.8525,6.9991,0.0000,0.0000,0.0000
101.7667,15.8738,5.2020,0.0000,21.8285,6.9938,0.0000,0.0000,0.0000
101.7833,15.8727,5.2020,0.0000,21.8050,6.9885,0.0000,0.0000,0.0000
101.8000,15.8716,5.2020,0.0000,21.7820,6.9833,0.0000,0.0000,0.0000
101.8167,15.8705,5.2020,0.0000,21.7595,6.9780,0.0000,0.0000,0.0000
101.8333,15.8694,5.2020,0.0000,21.7374,6.9727,0.0000,0.0000,0.0000
101.8500,15.8683,5.2020,0.0000,21.7158,6.9675,0.0000,0.0000,0.0000
101.8667,15.8672,5.2020,0.0000,21.6947,6.9622,0.0000,0.0000,0.0000
101.8833,15.8661,5.2020,0.0000,21.6740,6.9569,0.0000,0.0000,0.0000
101.9000,15.8650,5.2020,0.0000,21.6538,6.9517,0.0000,0.0000,0.0000
101.9167,15.8640,5.2020,0.0000,21.6339,6.9464,0.0000,0.0000,0.0000
101.9333,15.8629,5.2020,0.0000,21.6145,6.9412,0.0000,0.0000,0.0000
101.9500,15.8618,5.2020,0.0000,21.5956,6.9359,0.0000,0.0000,0.0000
101.9667,15.8607,5.2020,0.0000,21.5770,6.9307,0.0000,0.0000,0.0000
101.9833,15.8596,5.2020,0.0000,21.5588,6.9255,0.0000,0.0000,0.0000
102.0000,15.8585,5.2020,0.0000,21.5410,6.9202,0.0000,0.0000,0.0000
102.0167,15.8575,5.2062,0.0000,21.4865,6.9304,0.0000,0.0000,0.0000
102.0333,15.8564,5.2103,0.0000,21.4328,6.9405,0.0000,0.0000,0.0000
102.0500,15.8553,5.2145,0.0000,21.3798,6.9507,0.0000,0.0000,0.0000
102.0667,15.8542,5.2187,0.0000,21.3276,6.9609,0.0000,0.0000,0.0000
102.0833,15.8531,5.2228,0.0000,21.2761,6.9710,0.0000,0.0000,0.0000
102.1000,15.8521,5.2270,0.0000,21.2253,6.9812,0.0000,0.0000,0.0000
102.1167,15.8510,5.2312,0.0000,21.1752,6.9913,0.0000,0.0000,0.0000
102.1333,15.8499,5.2353,0.0000,21.1258,7.0015,0.0000,0.0000,0.0000
102.1500,15.8489,5.2395,0.0000,21.0771,7.0116,0.0000,0.0000,0.0000
102.1667,15.8478,5.2437,0.0000,21.0290,7.0218,0.0000,0.0000,0.0000
102.1833,15.8467,5.2478,0.0000,20.9816,7.0320,0.0000,0.0000,0.0000
102.2000,15.8457,5.2520,0.0000,20.9349,7.0421,0.0000,0.0000,0.0000
102.2167,15.8446,5.2562,0.0000,20.8887,7.0523,0.0000,0.0000,0.0000
102.2333,15.8435,5.2603,0.0000,20.8432,7.0624,0.0000,0.0000,0.0000
102.2500,15.8425,5.2645,0.0000,20.7983,7.0726,0.0000,0.0000,0.0000
102.2667,15.8414,5.2687,0.0000,20.7540,7.0827,0.0000,0.0000,0.0000
102.2833,15.8404,5.2728,0.0000,20.7103,7.0929,0.0000,0.0000,0.0000
102.3000,15.8393,5.2770,0.0000,20.6671,7.1030,0.0000,0.0000,0.0000
102.3167,15.8383,5.2812,0.0000,20.6245,7.1132,0.0000,0.0000,0.0000
102.3333,15.8372,5.2853,0.0000,20.5825,7.1233,0.0000,0.0000,0.0000
102.3500,15.8362,5.2895,0.0000,20.5410,7.1334,0.0000,0.0000,0.0000
102.3667,15.8351,5.2937,0.0000,20.5000,7.1436,0.0000,0.0000,0.0000
102.3833,15.8340,5.2978,0.0000,20.4596,7.1537,0.0000,0.0000,0.0000
102.4000,15.8330,5.3020,0.0000,20.4197,7.1639,0.0000,0.0000,0.0000
102.4167,15.8320,5.3062,0.0000,20.3803,7.1740,0.0000,0.0000,0.0000
102.4333,15.8309,5.3103,0.0000,20.3414,7.1842,0.0000,0.0000,0.0000
102.4500,15.8299,5.3145,0.0000,20.3029,7.1943,0.0000,0.0000,0.0000
102.4667,15.8288,5.3187,0.0000,20.2650,7.2044,0.0000,0.0000,0.0000
102.4833,15.8278,5.3228,0.0000,20.2275,7.2146,0.0000,0.0000,0.0000
102.5000,15.8267,5.3270,0.0000,20.1905,7.2247,0.0000,0.0000,0.0000
102.5167,15.8257,5.3312,0.0000,20.1540,7.2348,0.0000,0.0000,0.0000
102.5333,15.8246,5.3353,0.0000,20.1179,7.2449,0.0000,0.0000,0.0000
102.5500,15.8236,5.3395,0.0000,20.0823,7.2551,0.0000,0.0000,0.0000
102.5667,15.8226,5.3437,0.0000,20.0470,7.2652,0.0000,0.0000,0.0000
102.5833,15.8215,5.3478,0.0000,20.0122,7.2753,0.0000,0.0000,0.0000
102.6000,15.8205,5.3520,0.0000,19.9779,7.2854,0.0000,0.0000,0.0000
102.6167,15.8195,5.3562,0.0000,19.9439,7.2955,0.0000,0.0000,0.0000
102.6333,15.8184,5.3603,0.0000,19.9103,7.3056,0.0000,0.0000,0.0000
102.6500,15.8174,5.3645,0.0000,19.8772,7.3158,0.0000,0.0000,0.0000
102.6667,15.8164,5.3687,0.0000,19.8444,7.3259,0.0000,0.0000,0.0000
102.6833,15.8153,5.3728,0.0000,19.8120,7.3360,0.0000,0.0000,0.0000
102.7000,15.8143,5.3770,0.0000,19.7800,7.3461,0.0000,0.0000,0.0000
102.7167,15.8133,5.3812,0.0000,19.7483,7.3562,0.0000,0.0000,0.0000
102.7333,15.8122,5.3853,0.0000,19.7171,7.3663,0.0000,0.0000,0.0000
102.7500,15.8112,5.3895,0.0000,19.6861,7.3764,0.0000,0.0000,0.0000
102.7667,15.8102,5.3937,0.0000,19.6556,7.3864,0.0000,0.0000,0.0000
102.7833,15.8091,5.3978,0.0000,19.6253,7.3965,0.0000,0.0000,0.0000
102.8000,15.8081,5.4020,0.0000,19.5955,7.4066,0.0000,0.0000,0.0000
102.8167,15.8071,5.4062,0.0000,19.5659,7.4167,0.0000,0.0000,0.0000
102.8333,15.8061,5.4103,0.0000,19.5367,7.4268,0.0000,0.0000,0.0000
102.8500,15.8050,5.4145,0.0000,19.5078,7.4369,0.0000,0.0000,0.0000
102.8667,15.8040,5.4187,0.0000,19.4792,7.4469,0.0000,0.0000,0.0000
102.8833,15.8030,5.4228,0.0000,19.4509,7.4570,0.0000,0.0000,0.0000
102.9000,15.8020,5.4270,0.0000,19.4229,7.4671,0.0000,0.0000,0.0000
102.9167,15.8009,5.4312,0.0000,19.3953,7.4771,0.0000,0.0000,0.0000
102.9333,15.7999,5.4353,0.0000,19.3679,7.4872,0.0000,0.0000,0.0000
102.9500,15.7989,5.4395,0.0000,19.3408,7.4972,0.0000,0.0000,0.0000
102.9667,15.7979,5.4437,0.0000,19.3140,7.5073,0.0000,0.0000,0.0000
102.9833,15.7969,5.4478,0.0000,19.2875,7.5173,0.0000,0.0000,0.0000
103.0000,16.0581,5.4520,5000.0000,147.3593,7.7240,0.0000,0.0000,0.0000
103.0167,16.3125,5.4537,5000.0000,273.6980,7.9183,0.0000,0.0000,0.0000
103.0333,16.5602,5.4553,5000.0000,397.5969,8.1082,0.0000,0.0000,0.0000
103.0500,16.8013,5.4570,5000.0000,518.5343,8.2937,0.0000,0.0000,0.0000
103.0667,17.0361,5.4587,5000.0000,636.0712,8.4749,0.0000,0.0000,0.0000
103.0833,17.2648,5.4603,5000.0000,749.7892,8.6520,0.0000,0.0000,0.0000
103.1000,17.4876,5.4620,5000.0000,859.2142,8.8252,0.0000,0.0000,0.0000
103.1167,17.7047,5.4637,5000.0000,963.6648,8.9945,0.0000,0.0000,0.0000
103.1333,17.9165,5.4653,5000.0000,1061.7216,9.1602,0.0000,0.0000,0.0000
103.1500,18.1202,5.4670,4933.5531,1146.9201,9.3201,0.0000,0.0000,0.0000
103.1667,18.3227,5.4687,5000.0000,1233.4856,9.4796,0.0000,0.0000,0.0000
103.1833,18.5205,5.4703,5000.0000,1321.6106,9.6359,0.0000,0.0000,0.0000
103.2000,18.7135,5.4720,5000.0000,1410.2319,9.7889,0.0000,0.0000,0.0000
103.2167,18.9017,5.4737,5000.0000,1498.7935,9.9386,0.0000,0.0000,0.0000
103.2333,19.0852,5.4753,5000.0000,1586.9245,10.0850,0.0000,0.0000,0.0000
103.2500,19.2594,5.4770,4913.7562,1672.0601,10.2246,0.0000,0.0000,0.0000
103.2667,19.4336,5.4787,5000.0000,1758.6052,10.3646,0.0000,0.0000,0.0000
103.2833,19.6032,5.4803,5000.0000,1844.0711,10.5012,0.0000,0.0000,0.0000
103.3000,19.7682,5.4820,5000.0000,1928.3223,10.6347,0.0000,0.0000,0.0000
103.3167,19.9243,5.4837,4969.7819,2008.9020,10.7611,0.0000,0.0000,0.0000
103.3333,20.0777,5.4853,5000.0000,2088.9719,10.8861,0.0000,0.0000,0.0000
103.3500,20.2270,5.4870,5000.0000,2167.6123,11.0080,0.0000,0.0000,0.0000
103.3667,20.3709,5.4887,4974.8406,2244.0502,11.1260,0.0000,0.0000,0.0000
103.3833,20.5121,5.4903,5000.0000,2319.6962,11.2421,0.0000,0.0000,0.0000
103.4000,20.6484,5.4920,4982.5223,2393.2732,11.3547,0.0000,0.0000,0.0000
103.4167,20.7819,5.4937,5000.0000,2465.7861,11.4652,0.0000,0.0000,0.0000
103.4333,20.9036,5.4953,4843.5379,2532.0722,11.5665,0.0000,0.0000,0.0000
103.4500,21.0185,5.4970,4779.7182,2594.9359,11.6627,0.0000,0.0000,0.0000
103.4667,20.8849,5.4987,0.0000,2514.2837,11.5615,0.0000,0.0000,0.0000
103.4833,20.7648,5.5003,184.1410,2442.6267,11.4703,0.0000,0.0000,0.0000
103.5000,20.6618,5.5020,445.3435,2381.6338,11.3928,0.0000,0.0000,0.0000
103.5167,20.5776,5.5037,751.3213,2331.9863,11.3302,0.0000,0.0000,0.0000
103.5333,20.5132,5.5053,1089.0162,2293.9997,11.2835,0.0000,0.0000,0.0000
103.5500,20.4719,5.5070,1445.4416,2269.2996,11.2553,0.0000,0.0000,0.0000
103.5667,20.4490,5.5087,1803.6400,2255.0368,11.2413,0.0000,0.0000,0.0000
103.5833,20.4450,5.5103,2157.1442,2251.6876,11.2425,0.0000,0.0000,0.0000
103.6000,20.4536,5.5120,2494.1767,2255.4037,11.2532,0.0000,0.0000,0.0000
103.6167,20.4800,5.5137,2813.3663,2268.6825,11.2788,0.0000,0.0000,0.0000
103.6333,20.5195,5.5153,3098.9711,2289.2808,11.3145,0.0000,0.0000,0.0000
103.6500,20.5734,5.5170,3347.7619,2317.8368,11.3622,0.0000,0.0000,0.0000
103.6667,20.6362,5.5187,3549.8417,2351.4439,11.4167,0.0000,0.0000,0.0000
103.6833,20.7052,5.5203,3705.3347,2388.6519,11.4763,0.0000,0.0000,0.0000
103.7000,20.7779,5.5220,3813.1434,2428.0038,11.5390,0.0000,0.0000,0.0000
103.7167,20.8517,5.5237,3873.7330,2468.0784,11.6025,0.0000,0.0000,0.0000
103.7333,20.9241,5.5253,3888.9906,2507.5295,11.6652,0.0000,0.0000,0.0000
103.7500,20.9932,5.5270,3862.0514,2545.1242,11.7252,0.0000,0.0000,0.0000
103.7667,21.0569,5.5287,3797.0998,2579.7746,11.7811,0.0000,0.0000,0.0000
103.7833,20.9240,5.5303,0.0000,2500.9679,11.6794,0.0000,0.0000,0.0000
103.8000,20.8013,5.5320,121.5762,2429.1139,11.5854,0.0000,0.0000,0.0000
103.8167,20.6947,5.5337,363.4764,2367.2695,11.5044,0.0000,0.0000,0.0000
103.8333,20.6061,5.5353,653.2734,2316.2505,11.4378,0.0000,0.0000,0.0000
103.8500,20.5368,5.5370,978.1863,2276.5002,11.3867,0.0000,0.0000,0.0000
103.8667,20.4874,5.5387,1325.3774,2248.1167,11.3514,0.0000,0.0000,0.0000
103.8833,20.4597,5.5403,1682.3479,2231.9639,11.3338,0.0000,0.0000,0.0000
103.9000,20.4519,5.5420,2034.3132,2227.1171,11.3320,0.0000,0.0000,0.0000
103.9167,20.4569,5.5437,2370.9215,2229.3184,11.3399,0.0000,0.0000,0.0000
103.9333,20.4786,5.5453,2691.8622,2240.6713,11.3618,0.0000,0.0000,0.0000
103.9500,20.5138,5.5470,2982.9305,2259.4819,11.3943,0.0000,0.0000,0.0000
103.9667,20.5637,5.5487,3239.3883,2286.3407,11.4390,0.0000,0.0000,0.0000
103.9833,20.6230,5.5503,3451.3774,2318.5271,11.4912,0.0000,0.0000,0.0000
104.0000,20.6995,5.5520,3618.2628,2360.4294,11.5572,0.0000,200.0000,0.0000
104.0167,20.7792,5.5637,3722.0507,2404.1189,11.6414,1.6009,200.0000,0.0000
104.0333,20.8593,5.5753,3774.8506,2448.1700,11.7263,3.2018,200.0000,0.0000
104.0500,20.9374,5.5870,3779.1041,2491.1551,11.8098,4.8028,200.0000,0.0000
104.0667,21.0112,5.5987,3738.5550,2531.7758,11.8901,6.4037,200.0000,0.0000
104.0833,20.8910,5.6103,0.0000,2460.9810,11.8129,8.0046,200.0000,0.0000
104.1000,20.7833,5.6220,174.4341,2398.2492,11.7451,9.6055,200.0000,0.0000
104.1167,20.6910,5.6337,412.1524,2344.9345,11.6896,11.2065,200.0000,0.0000
104.1333,20.6157,5.6453,689.8446,2301.6788,11.6478,12.8074,200.0000,0.0000
104.1500,20.5583,5.6570,995.7398,2268.7912,11.6204,14.4083,200.0000,0.0000
104.1667,20.5216,5.6687,1318.1408,2247.6749,11.6101,16.0092,200.0000,0.0000
104.1833,20.5016,5.6803,1641.8364,2235.8732,11.6129,17.6102,200.0000,0.0000
104.2000,20.4984,5.6920,1960.9748,2233.5828,11.6297,19.2111,200.0000,0.0000
104.2167,20.5066,5.7037,2265.1566,2237.6140,11.6555,20.8120,200.0000,0.0000
104.2333,20.5308,5.7153,2553.0216,2250.4312,11.6951,22.4129,200.0000,0.0000
104.2500,20.5669,5.7270,2810.2221,2269.7656,11.7444,24.0139,200.0000,0.0000
104.2667,20.6159,5.7387,3034.0200,2296.2424,11.8048,25.6148,200.0000,0.0000
104.2833,20.6728,5.7503,3215.4969,2327.1783,11.8718,27.2157,200.0000,0.0000
104.3000,20.7354,5.7620,3354.8445,2361.2669,11.9437,28.8166,200.0000,0.0000
104.3167,20.8011,5.7737,3451.1197,2397.1979,12.0185,30.4176,200.0000,0.0000
104.3333,20.8677,5.7853,3504.7858,2433.6954,12.0943,32.0185,200.0000,0.0000
104.3500,20.9330,5.7970,3517.5843,2469.5541,12.1694,33.6194,200.0000,0.0000
104.3667,20.9953,5.8087,3492.3779,2503.6721,12.2420,35.2203,200.0000,0.0000
104.3833,21.0527,5.8203,3432.9704,2535.0799,12.3108,36.8213,200.0000,0.0000
104.4000,20.9323,5.8320,0.0000,2464.3014,12.2294,38.4222,200.0000,0.0000
104.4167,20.8210,5.8437,108.3655,2399.6504,12.1550,40.0231,200.0000,0.0000
104.4333,20.7242,5.8553,327.0535,2343.9478,12.0926,41.6240,200.0000,0.0000
104.4500,20.6438,5.8670,589.2781,2297.9570,12.0438,43.2249,200.0000,0.0000
104.4667,20.5808,5.8787,883.4655,2262.1032,12.0096,44.8259,200.0000,0.0000
104.4833,20.5386,5.8903,1197.9844,2238.0918,11.9932,46.4268,200.0000,0.0000
104.5000,20.5130,5.9020,1516.9758,2223.3536,11.9905,48.0277,200.0000,0.0000
104.5167,20.5055,5.9137,1834.8436,2218.8260,12.0034,49.6286,200.0000,0.0000
104.5333,20.5096,5.9253,2138.9677,2220.6563,12.0257,51.2296,200.0000,0.0000
104.5500,20.5287,5.9370,2429.1910,2230.7292,12.0614,52.8305,200.0000,0.0000
104.5667,20.5600,5.9487,2692.8602,2247.5426,12.1075,54.4314,200.0000,0.0000
104.5833,20.6017,5.9603,2925.5173,2270.1107,12.1627,56.0323,200.0000,0.0000
104.6000,20.6552,5.9720,3122.7461,2299.1919,12.2286,57.6333,200.0000,0.0000
104.6167,20.7151,5.9837,3276.0963,2331.8582,12.3000,59.2342,200.0000,0.0000
104.6333,20.7790,5.9953,3387.1356,2366.8166,12.3751,60.8351,200.0000,0.0000
104.6500,20.8447,6.0070,3455.8112,2402.7941,12.4520,62.4360,200.0000,0.0000
104.6667,20.9099,6.0187,3483.3827,2438.5738,12.5287,64.0370,200.0000,0.0000
104.6833,20.9726,6.0303,3472.2772,2473.0290,12.6036,65.6379,200.0000,0.0000
104.7000,21.0313,6.0420,3425.9194,2505.1532,12.6750,67.2388,200.0000,0.0000
104.7167,20.9123,6.0537,0.0000,2435.5775,12.5906,68.8397,200.0000,0.0000
104.7333,20.8041,6.0653,140.2941,2372.9840,12.5149,70.4407,200.0000,0.0000
104.7500,20.7107,6.0770,366.0254,2319.4234,12.4520,72.0416,200.0000,0.0000
104.7667,20.6337,6.0887,633.0298,2275.5921,12.4033,73.6425,200.0000,0.0000
104.7833,20.5742,6.1003,929.7710,2241.8554,12.3698,75.2434,200.0000,0.0000
104.8000,20.5353,6.1120,1244.7195,2219.7397,12.3545,76.8443,200.0000,0.0000
104.8167,20.5127,6.1237,1562.5178,2206.7799,12.3533,78.4453,200.0000,0.0000
104.8333,20.5074,6.1353,1877.5064,2203.5098,12.3675,80.0462,200.0000,0.0000
104.8500,20.5135,6.1470,2178.3065,2206.4884,12.3915,81.6471,200.0000,0.0000
104.8667,20.5349,6.1587,2464.1648,2217.8867,12.4297,83.2480,200.0000,0.0000
104.8833,20.5683,6.1703,2721.7304,2235.8180,12.4784,84.8490,200.0000,0.0000
104.9000,20.6116,6.1820,2947.4471,2259.2831,12.5362,86.4499,200.0000,0.0000
104.9167,20.6664,6.1937,3137.1620,2289.0778,12.6047,88.0508,200.0000,0.0000
104.9333,20.7271,6.2053,3282.5562,2322.2075,12.6786,89.6517,200.0000,0.0000
104.9500,20.7914,6.2170,3385.5857,2357.3847,12.7560,91.2527,200.0000,0.0000
104.9667,20.8570,6.2287,3446.4488,2393.3480,12.8348,92.8536,200.0000,0.0000
104.9833,20.9218,6.2403,3466.6300,2428.8985,12.9131,94.4545,200.0000,0.0000
105.0000,21.0044,6.2520,3448.7501,2474.6817,13.0078,96.0554,600.0000,0.0000
105.0167,20.9075,6.2720,0.0000,2417.8482,12.9169,99.4802,600.0000,0.0000
105.0333,20.8212,6.2920,147.9456,2367.6133,12.8350,102.9050,600.0000,0.0000
105.0500,20.7473,6.3120,341.6126,2324.9286,12.7644,106.3297,600.0000,0.0000
105.0667,20.6872,6.3320,567.0869,2290.3243,12.7062,109.7545,600.0000,0.0000
105.0833,20.6445,6.3520,814.8566,2265.6921,12.6640,113.1793,600.0000,0.0000
105.1000,20.6153,6.3720,1070.8952,2248.7144,12.6338,116.6040,600.0000,0.0000
105.1167,20.5994,6.3920,1330.9534,2239.2145,12.6157,120.0288,600.0000,0.0000
105.1333,20.5970,6.4120,1587.1995,2237.3363,12.6100,123.4536,600.0000,0.0000
105.1500,20.6038,6.4320,1831.3780,2240.5348,12.6124,126.8783,600.0000,0.0000
105.1667,20.6235,6.4520,2062.3438,2250.8002,12.6270,130.3031,600.0000,0.0000
105.1833,20.6527,6.4720,2268.4972,2266.2827,12.6502,133.7279,600.0000,0.0000
105.2000,20.6897,6.4920,2447.7133,2286.1355,12.6806,137.1526,600.0000,0.0000
105.2167,20.7330,6.5120,2596.8113,2309.4513,12.7169,140.5774,600.0000,0.0000
105.2333,20.7840,6.5320,2713.7196,2337.0290,12.7605,144.0021,600.0000,0.0000
105.2500,20.8376,6.5520,2792.3148,2366.0865,12.8064,147.4269,600.0000,0.0000
105.2667,20.8920,6.5720,2836.1238,2395.5841,12.8532,150.8517,600.0000,0.0000
105.2833,20.9454,6.5920,2846.5573,2424.5422,12.8990,154.2764,600.0000,0.0000
105.3000,20.9962,6.6120,2825.9420,2452.0676,12.9427,157.7012,600.0000,0.0000
105.3167,21.0431,6.6320,2777.3740,2477.3761,12.9827,161.1260,600.0000,0.0000
105.3333,20.9462,6.6520,0.0000,2420.4224,12.8894,164.5507,600.0000,0.0000
105.3500,20.8565,6.6720,86.1540,2368.2705,12.8024,167.9755,600.0000,0.0000
105.3667,20.7785,6.6920,261.9326,2323.2318,12.7262,171.4003,600.0000,0.0000
105.3833,20.7137,6.7120,472.8141,2285.9487,12.6621,174.8250,600.0000,0.0000
105.4000,20.6629,6.7320,709.4731,2256.7897,12.6109,178.2498,600.0000,0.0000
105.4167,20.6289,6.7520,962.5370,2237.1632,12.5753,181.6746,600.0000,0.0000
105.4333,20.6082,6.7720,1219.2241,2225.0022,12.5519,185.0993,600.0000,0.0000
105.4500,20.6021,6.7920,1475.0271,2221.1130,12.5423,188.5241,600.0000,0.0000
105.4667,20.6054,6.8120,1719.7663,2222.3479,12.5409,191.9489,600.0000,0.0000
105.4833,20.6207,6.8320,1953.3239,2230.1822,12.5511,195.3736,600.0000,0.0000
105.5000,20.6459,6.8520,2165.5168,2243.4455,12.5705,198.7984,600.0000,0.0000
105.5167,20.6795,6.8720,2352.7408,2261.3370,12.5977,202.2231,600.0000,0.0000
105.5333,20.7199,6.8920,2511.4342,2282.9859,12.6313,205.6479,600.0000,0.0000
105.5500,20.7684,6.9120,2639.1271,2309.1283,12.6728,209.0727,600.0000,0.0000
105.5667,20.8203,6.9320,2729.5410,2337.1214,12.7174,212.4974,600.0000,0.0000
105.5833,20.8735,6.9520,2785.5574,2365.9317,12.7633,215.9222,600.0000,0.0000
105.6000,20.9265,6.9720,2808.1772,2394.5741,12.8091,219.3470,600.0000,0.0000
105.6167,20.9775,6.9920,2799.3509,2422.1385,12.8531,222.7717,600.0000,0.0000
105.6333,21.0252,7.0120,2761.8415,2447.8135,12.8940,226.1965,600.0000,0.0000
105.6500,20.9297,7.0320,0.0000,2391.9118,12.7998,229.6213,600.0000,0.0000
105.6667,20.8428,7.0520,112.5109,2341.5169,12.7135,233.0460,600.0000,0.0000
105.6833,20.7678,7.0720,293.6699,2298.2958,12.6381,236.4708,600.0000,0.0000
105.7000,20.7061,7.0920,507.9417,2262.8325,12.5752,239.8956,600.0000,0.0000
105.7167,20.6584,7.1120,746.0563,2235.4432,12.5254,243.3203,600.0000,0.0000
105.7333,20.6271,7.1320,998.7510,2217.3859,12.4913,246.7451,600.0000,0.0000
105.7500,20.6091,7.1520,1253.6986,2206.6794,12.4694,250.1699,600.0000,0.0000
105.7667,20.6049,7.1720,1506.3503,2203.8030,12.4607,253.5946,600.0000,0.0000
105.7833,20.6098,7.1920,1747.5948,2205.9460,12.4605,257.0194,600.0000,0.0000
105.8000,20.6271,7.2120,1976.8153,2214.8036,12.4722,260.4442,600.0000,0.0000
105.8167,20.6539,7.2320,2183.2703,2228.9015,12.4929,263.8689,600.0000,0.0000
105.8333,20.6887,7.2520,2364.1206,2247.4294,12.5212,267.2937,600.0000,0.0000
105.8500,20.7300,7.2720,2516.0341,2269.5129,12.5558,270.7185,600.0000,0.0000
105.8667,20.7791,7.2920,2636.7655,2295.9050,12.5981,274.1432,600.0000,0.0000
105.8833,20.8311,7.3120,2720.1902,2323.9391,12.6431,277.5680,600.0000,0.0000
105.9000,20.8843,7.3320,2769.4654,2352.5948,12.6893,280.9927,600.0000,0.0000
105.9167,20.9368,7.3520,2785.7776,2380.9050,12.7349,284.4175,600.0000,0.0000
105.9333,20.9870,7.3720,2771.2347,2407.9819,12.7784,287.8423,600.0000,0.0000
105.9500,21.0308,7.3920,2728.7262,2431.4582,12.8156,291.2670,600.0000,0.0000
105.9667,20.9362,7.4120,0.0000,2376.0977,12.7202,294.6918,600.0000,0.0000
105.9833,20.8496,7.4320,102.1289,2325.9139,12.6319,298.1166,600.0000,0.0000
106.0000,20.7747,7.4520,278.9457,2282.7616,12.5547,301.5413,600.0000,0.0000
106.0167,20.7127,7.4670,489.0801,2247.2903,12.4505,302.5040,600.0000,0.0000
106.0333,20.6647,7.4820,723.3751,2219.7824,12.3600,303.4666,600.0000,0.0000
106.0500,20.6329,7.4970,972.6613,2201.5261,12.2855,304.4293,600.0000,0.0000
106.0667,20.6142,7.5120,1224.6314,2190.5429,12.2236,305.3919,600.0000,0.0000
106.0833,20.6095,7.5270,1474.8139,2187.4142,12.1751,306.3546,600.0000,0.0000
106.1000,20.6137,7.5420,1713.8646,2189.2617,12.1352,307.3172,600.0000,0.0000
106.1167,20.6302,7.5570,1941.3428,2197.6808,12.1070,308.2799,600.0000,0.0000
106.1333,20.6561,7.5720,2146.8444,2211.3210,12.0877,309.2425,600.0000,0.0000
106.1500,20.6900,7.5870,2327.3113,2229.3888,12.0760,310.2052,600.0000,0.0000
106.1667,20.7304,7.6020,2479.3797,2251.0253,12.0703,311.1678,600.0000,0.0000
106.1833,20.7786,7.6170,2600.7591,2276.9670,12.0721,312.1305,600.0000,0.0000
106.2000,20.8299,7.6320,2685.3573,2304.5972,12.0764,313.0931,600.0000,0.0000
106.2167,20.8823,7.6470,2736.1940,2332.9079,12.0818,314.0558,600.0000,0.0000
106.2333,20.9342,7.6620,2754.3767,2360.9414,12.0865,315.0184,600.0000,0.0000
106.2500,20.9841,7.6770,2741.9309,2387.8170,12.0891,315.9811,600.0000,0.0000
106.2667,21.0275,7.6920,2701.6640,2411.1818,12.0856,316.9437,600.0000,0.0000
106.2833,20.9339,7.7070,0.0000,2356.6646,11.9554,317.9064,600.0000,0.0000
106.3000,20.8486,7.7220,105.6838,2307.3855,11.8330,318.8690,600.0000,0.0000
106.3167,20.7748,7.7370,281.8966,2265.0736,11.7218,319.8317,600.0000,0.0000
106.3333,20.7139,7.7520,490.8199,2230.3094,11.6228,320.7943,600.0000,0.0000
106.3500,20.6667,7.7670,723.3849,2203.4115,11.5368,321.7570,600.0000,0.0000
106.3667,20.6357,7.7820,970.5192,2185.6308,11.4660,322.7196,600.0000,0.0000
106.3833,20.6176,7.7970,1220.0936,2175.0273,11.4071,323.6823,600.0000,0.0000
106.4000,20.6132,7.8120,1467.6678,2172.1178,11.3608,324.6449,600.0000,0.0000
106.4167,20.6177,7.8270,1704.1493,2174.1164,11.3225,325.6076,600.0000,0.0000
106.4333,20.6343,7.8420,1929.0194,2182.6456,11.2955,326.5702,600.0000,0.0000
106.4500,20.6602,7.8570,2131.8710,2196.3119,11.2768,327.5329,600.0000,0.0000
106.4667,20.6941,7.8720,2309.7951,2214.3284,11.2653,328.4955,600.0000,0.0000
106.4833,20.7343,7.8870,2459.4930,2235.8445,11.2594,329.4582,600.0000,0.0000
106.5000,20.7822,7.9020,2578.7288,2261.5942,11.2606,330.4208,600.0000,0.0000
106.5167,20.8331,7.9170,2661.4855,2288.9809,11.2641,331.3835,600.0000,0.0000
106.5333,20.8850,7.9320,2710.8015,2317.0089,11.2685,332.3461,600.0000,0.0000
106.5500,20.9364,7.9470,2727.8045,2344.7330,11.2723,333.3088,600.0000,0.0000
106.5667,20.9857,7.9620,2714.5281,2371.2846,11.2741,334.2714,600.0000,0.0000
106.5833,21.0287,7.9770,2673.7766,2394.3431,11.2699,335.2341,600.0000,0.0000
106.6000,20.9360,7.9920,0.0000,2340.4570,11.1462,336.1967,600.0000,0.0000
106.6167,20.8514,8.0070,102.3425,2291.6767,11.0296,337.1594,600.0000,0.0000
106.6333,20.7781,8.0220,276.1872,2249.7635,10.9235,338.1220,600.0000,0.0000
106.6500,20.7176,8.0370,482.5590,2215.2967,10.8291,339.0847,600.0000,0.0000
106.6667,20.6707,8.0520,712.4839,2188.5965,10.7470,340.0473,600.0000,0.0000
106.6833,20.6398,8.0670,956.9790,2170.9115,10.6792,341.0100,600.0000,0.0000
106.7000,20.6216,8.0820,1204.0076,2160.3206,10.6226,341.9726,600.0000,0.0000
106.7167,20.6171,8.0970,1449.1802,2157.3618,10.5781,342.9353,600.0000,0.0000
106.7333,20.6214,8.1120,1683.4100,2159.2575,10.5411,343.8979,600.0000,0.0000
106.7500,20.6377,8.1270,1906.2262,2167.5911,10.5147,344.8606,600.0000,0.0000
106.7667,20.6632,8.1420,2107.3811,2181.0127,10.4963,345.8232,600.0000,0.0000
106.7833,20.6966,8.1570,2283.9301,2198.7463,10.4846,346.7859,600.0000,0.0000
106.8000,20.7363,8.1720,2432.5890,2219.9524,10.4783,347.7485,600.0000,0.0000
106.8167,20.7836,8.1870,2551.1258,2245.3546,10.4787,348.7112,600.0000,0.0000
106.8333,20.8339,8.2020,2633.5728,2272.3909,10.4813,349.6738,600.0000,0.0000
106.8500,20.8854,8.2170,2682.9116,2300.0771,10.4848,350.6365,600.0000,0.0000
106.8667,20.9363,8.2320,2700.2410,2327.4782,10.4877,351.5991,600.0000,0.0000
106.8833,20.9851,8.2470,2687.5590,2353.7348,10.4888,352.5618,600.0000,0.0000
106.9000,21.0277,8.2620,2647.6288,2376.5496,10.4842,353.5244,600.0000,0.0000
106.9167,20.9360,8.2770,0.0000,2323.3156,10.3667,354.4871,600.0000,0.0000
106.9333,20.8523,8.2920,102.3968,2275.1525,10.2560,355.4497,600.0000,0.0000
106.9500,20.7798,8.3070,274.7928,2233.7776,10.1553,356.4124,600.0000,0.0000
106.9667,20.7200,8.3220,479.3338,2199.7627,10.0656,357.3750,600.0000,0.0000
106.9833,20.6766,8.3370,707.1340,2175.0625,9.9901,358.3377,600.0000,0.0000
107.0000,20.6458,8.3520,944.6329,2157.4553,9.9251,359.3003,600.0000,0.0000
107.0167,20.6275,8.3528,1187.9945,2146.9545,9.9385,360.0560,600.0000,0.0000
107.0333,20.6228,8.3537,1429.7478,2144.0135,9.9633,360.8118,600.0000,0.0000
107.0500,20.6268,8.3545,1660.7935,2145.8530,9.9952,361.5675,600.0000,0.0000
107.0667,20.6424,8.3553,1880.7445,2153.9915,10.0371,362.3232,600.0000,0.0000
107.0833,20.6673,8.3562,2079.6080,2167.1527,10.0869,363.0789,600.0000,0.0000
107.1000,20.6999,8.3570,2254.3705,2184.5764,10.1433,363.8347,600.0000,0.0000
107.1167,20.7388,8.3578,2401.7661,2205.4390,10.2053,364.5904,600.0000,0.0000
107.1333,20.7824,8.3587,2519.5646,2228.8783,10.2714,365.3461,600.0000,0.0000
107.1500,20.8322,8.3595,2606.5586,2255.7004,10.3433,366.1019,600.0000,0.0000
107.1667,20.8832,8.3603,2657.5074,2283.2209,10.4163,366.8576,600.0000,0.0000
107.1833,20.9337,8.3612,2676.6256,2310.5107,10.4892,367.6133,600.0000,0.0000
107.2000,20.9823,8.3620,2665.8468,2336.7142,10.5608,368.3690,600.0000,0.0000
107.2167,21.0247,8.3628,2627.8713,2359.5432,10.6270,369.1248,600.0000,0.0000
107.2333,20.9339,8.3637,0.0000,2307.0397,10.5787,369.8805,600.0000,0.0000
107.2500,20.8511,8.3645,105.8062,2259.6651,10.5366,370.6362,600.0000,0.0000
107.2667,20.7796,8.3653,277.9048,2219.0256,10.5040,371.3920,600.0000,0.0000
107.2833,20.7206,8.3662,481.6506,2185.6804,10.4820,372.1477,600.0000,0.0000
107.3000,20.6779,8.3670,708.2293,2161.5464,10.4741,372.9034,600.0000,0.0000
107.3167,20.6477,8.3678,944.2337,2144.4329,10.4769,373.6591,600.0000,0.0000
107.3333,20.6299,8.3687,1185.8442,2134.2270,10.4904,374.4149,600.0000,0.0000
107.3500,20.6255,8.3695,1425.6500,2131.4575,10.5157,375.1706,600.0000,0.0000
107.3667,20.6297,8.3703,1654.7640,2133.4163,10.5485,375.9263,600.0000,0.0000
107.3833,20.6456,8.3712,1872.7278,2141.6432,10.5917,376.6821,600.0000,0.0000
107.4000,20.6705,8.3720,2069.5274,2154.8269,10.6431,377.4378,600.0000,0.0000
107.4167,20.7031,8.3728,2242.2791,2172.2119,10.7015,378.1935,600.0000,0.0000
107.4333,20.7419,8.3737,2387.7702,2192.9805,10.7655,378.9492,600.0000,0.0000
107.4500,20.7853,8.3745,2503.8162,2216.2773,10.8339,379.7050,600.0000,0.0000
107.4667,20.8348,8.3753,2589.2476,2242.9039,10.9081,380.4607,600.0000,0.0000
107.4833,20.8855,8.3762,2638.8803,2270.1955,10.9836,381.2164,600.0000,0.0000
107.5000,20.9357,8.3770,2656.9359,2297.2326,11.0588,381.9722,600.0000,0.0000
107.5167,20.9838,8.3778,2645.3590,2323.1691,11.1326,382.7279,600.0000,0.0000
107.5333,21.0259,8.3787,2606.8522,2345.7432,11.2009,383.4836,600.0000,0.0000
107.5500,20.9357,8.3795,0.0000,2293.7156,11.1495,384.2393,600.0000,0.0000
107.5667,20.8534,8.3803,102.8666,2246.7053,11.1048,384.9951,600.0000,0.0000
107.5833,20.7823,8.3812,273.0627,2206.3506,11.0698,385.7508,600.0000,0.0000
107.6000,20.7236,8.3820,474.7908,2173.2106,11.0460,386.5065,600.0000,0.0000
107.6167,20.6810,8.3828,699.3091,2149.1956,11.0368,387.2623,600.0000,0.0000
107.6333,20.6508,8.3837,933.2930,2132.1319,11.0387,388.0180,600.0000,0.0000
107.6500,20.6330,8.3845,1172.9616,2121.9110,11.0518,388.7737,600.0000,0.0000
107.6667,20.6285,8.3853,1410.9544,2119.0844,11.0773,389.5294,600.0000,0.0000
107.6833,20.6325,8.3862,1638.3748,2120.9445,11.1105,390.2851,600.0000,0.0000
107.7000,20.6481,8.3870,1854.8077,2128.9956,11.1547,391.0409,600.0000,0.0000
107.7167,20.6727,8.3878,2050.3682,2141.9667,11.2073,391.7966,600.0000,0.0000
107.7333,20.7050,8.3887,2222.1357,2159.1108,11.2672,392.5524,600.0000,0.0000
107.7500,20.7434,8.3895,2366.9052,2179.6195,11.3330,393.3081,600.0000,0.0000
107.7667,20.7863,8.3903,2482.4922,2202.6460,11.4034,394.0638,600.0000,0.0000
107.7833,20.8354,8.3912,2567.7195,2228.9826,11.4798,394.8195,600.0000,0.0000
107.8000,20.8856,8.3920,2617.4315,2255.9929,11.5576,395.5752,600.0000,0.0000
107.8167,20.9354,8.3928,2635.7957,2282.7658,11.6352,396.3310,600.0000,0.0000
107.8333,20.9833,8.3937,2624.7275,2308.4620,11.7112,397.0867,600.0000,0.0000
107.8500,21.0251,8.3945,2586.8962,2330.8384,11.7815,397.8425,600.0000,0.0000
107.8667,20.9356,8.3953,0.0000,2279.3240,11.7273,398.5982,600.0000,0.0000
107.8833,20.8541,8.3962,103.0270,2232.8019,11.6799,399.3539,600.0000,0.0000
107.9000,20.7836,8.3970,272.1413,2192.8738,11.6428,400.1096,600.0000,0.0000
107.9167,20.7254,8.3978,472.4870,2160.0921,11.6172,400.8653,600.0000,0.0000
107.9333,20.6832,8.3987,695.3896,2136.3454,11.6069,401.6211,600.0000,0.0000
107.9500,20.6534,8.3995,927.6378,2119.4830,11.6081,402.3768,600.0000,0.0000
107.9667,20.6358,8.4003,1165.4759,2109.3964,11.6211,403.1326,600.0000,0.0000
107.9833,20.6313,8.4012,1401.6029,2106.6235,11.6469,403.8883,600.0000,0.0000
108.0000,20.6354,8.4020,1627.2239,2108.4908,11.6807,404.6440,600.0000,0.0000
108.0167,20.6509,8.4037,1841.9093,2116.4987,11.6729,402.8245,600.0000,0.0000
108.0333,20.6754,8.4053,2035.8230,2129.3848,11.6738,401.0051,600.0000,0.0000
108.0500,20.7075,8.4070,2206.0905,2146.4078,11.6819,399.1856,600.0000,0.0000
108.0667,20.7456,8.4087,2349.5373,2166.7654,11.6958,397.3661,600.0000,0.0000
108.0833,20.7883,8.4103,2464.0018,2189.6177,11.7140,395.5467,600.0000,0.0000
108.1000,20.8370,8.4120,2548.3224,2215.7522,11.7380,393.7272,600.0000,0.0000
108.1167,20.8869,8.4137,2597.3857,2242.5531,11.7629,391.9077,600.0000,0.0000
108.1333,20.9364,8.4153,2615.3380,2269.1174,11.7872,390.0883,600.0000,0.0000
108.1500,20.9839,8.4170,2604.0867,2294.6135,11.8095,388.2688,600.0000,0.0000
108.1667,21.0253,8.4187,2566.2874,2316.8166,11.8257,386.4494,600.0000,0.0000
108.1833,20.9365,8.4203,0.0000,2265.8548,11.7179,384.6299,600.0000,0.0000
108.2000,20.8556,8.4220,101.5238,2219.8167,11.6176,382.8104,600.0000,0.0000
108.2167,20.7856,8.4237,269.0970,2180.3034,11.5280,380.9910,600.0000,0.0000
108.2333,20.7279,8.4253,467.6961,2147.8644,11.4503,379.1715,600.0000,0.0000
108.2500,20.6860,8.4270,688.7186,2124.3700,11.3879,377.3520,600.0000,0.0000
108.2667,20.6563,8.4287,919.0515,2107.6943,11.3371,375.5326,600.0000,0.0000
108.2833,20.6388,8.4303,1154.9725,2097.7315,11.2979,373.7131,600.0000,0.0000
108.3000,20.6343,8.4320,1389.2368,2095.0069,11.2711,371.8936,600.0000,0.0000
108.3167,20.6383,8.4337,1613.0915,2096.8827,11.2522,370.0742,600.0000,0.0000
108.3333,20.6536,8.4353,1826.1239,2104.8528,11.2441,368.2547,600.0000,0.0000
108.3500,20.6779,8.4370,2018.5986,2117.6511,11.2442,366.4352,600.0000,0.0000
108.3667,20.7096,8.4387,2187.6440,2134.5453,11.2514,364.6158,600.0000,0.0000
108.3833,20.7474,8.4403,2330.1055,2154.7425,11.2641,362.7963,600.0000,0.0000
108.4000,20.7898,8.4420,2443.8326,2177.4122,11.2809,360.9769,600.0000,0.0000
108.4167,20.8381,8.4437,2527.6667,2203.3380,11.3033,359.1574,600.0000,0.0000
108.4333,20.8875,8.4453,2576.5317,2229.9267,11.3266,357.3379,600.0000,0.0000
108.4500,20.9366,8.4470,2594.5322,2256.2844,11.3493,355.5185,600.0000,0.0000
108.4667,20.9837,8.4487,2583.5547,2281.5874,11.3701,353.6990,600.0000,0.0000
108.4833,21.0248,8.4503,2546.2287,2303.6285,11.3851,351.8795,600.0000,0.0000
108.5000,20.9368,8.4520,0.0000,2253.1945,11.2811,350.0601,600.0000,0.0000
108.5167,20.8565,8.4537,101.1893,2207.6436,11.1842,348.2406,600.0000,0.0000
108.5333,20.7871,8.4553,267.5980,2168.5539,11.0977,346.4212,600.0000,0.0000
108.5500,20.7298,8.4570,464.7778,2136.4701,11.0225,344.6017,600.0000,0.0000
108.5667,20.6882,8.4587,684.1923,2113.2425,10.9621,342.7822,600.0000,0.0000
108.5833,20.6588,8.4603,912.8319,2096.7690,10.9128,340.9628,600.0000,0.0000
108.6000,20.6414,8.4620,1147.0011,2086.9452,10.8746,339.1433,600.0000,0.0000
108.6167,20.6370,8.4637,1379.5110,2084.2813,10.8484,337.3238,600.0000,0.0000
108.6333,20.6410,8.4653,1601.6855,2086.1749,10.8296,335.5044,600.0000,0.0000
108.6500,20.6563,8.4670,1813.1083,2094.1170,10.8213,333.6849,600.0000,0.0000
108.6667,20.6803,8.4687,2004.1098,2106.8415,10.8209,331.8654,600.0000,0.0000
108.6833,20.7119,8.4703,2171.8480,2123.6233,10.8271,330.0460,600.0000,0.0000
108.7000,20.7494,8.4720,2313.1934,2143.6763,10.8388,328.2265,600.0000,0.0000
108.7167,20.7914,8.4737,2426.0134,2166.1777,10.8543,326.4070,600.0000,0.0000
108.7333,20.8394,8.4753,2509.1597,2191.9063,10.8753,324.5876,600.0000,0.0000
108.7500,20.8885,8.4770,2557.5950,2218.2897,10.8970,322.7681,600.0000,0.0000
108.7667,20.9371,8.4787,2575.3955,2244.4422,10.9183,320.9486,600.0000,0.0000
108.7833,20.9810,8.4803,2564.4356,2267.9719,10.9349,319.1292,600.0000,0.0000
108.8000,21.0221,8.4820,2532.0404,2290.0088,10.9491,317.3097,600.0000,0.0000
108.8167,20.9347,8.4837,0.0000,2240.0990,10.8488,315.4903,600.0000,0.0000
108.8333,20.8553,8.4853,104.4095,2195.1346,10.7555,313.6708,600.0000,0.0000
108.8500,20.7867,8.4870,270.6579,2156.5928,10.6721,311.8513,600.0000,0.0000
108.8667,20.7302,8.4887,467.2247,2125.0071,10.5998,310.0319,600.0000,0.0000
108.8833,20.6893,8.4903,685.6302,2102.1920,10.5416,308.2124,600.0000,0.0000
108.9000,20.6604,8.4920,912.9969,2086.0735,10.4940,306.3929,600.0000,0.0000
108.9167,20.6435,8.4937,1145.6390,2076.5433,10.4571,304.5735,600.0000,0.0000
108.9333,20.6394,8.4953,1376.4312,2074.0575,10.4316,302.7540,600.0000,0.0000
108.9500,20.6436,8.4970,1596.8966,2076.0843,10.4132,300.9345,600.0000,0.0000
108.9667,20.6590,8.4987,1806.5500,2084.1409,10.4049,299.1151,600.0000,0.0000
108.9833,20.6832,8.5003,1995.6958,2096.9221,10.4042,297.2956,600.0000,0.0000
109.0000,20.7147,8.5020,2161.6157,2113.7060,10.4098,295.4762,600.0000,0.0000
109.0167,20.7522,8.5028,2301.2299,2133.7116,10.4279,295.5883,600.0000,0.0000
109.0333,20.7941,8.5037,2412.4494,2156.1153,10.4497,295.7004,600.0000,0.0000
109.0500,20.8418,8.5045,2494.1618,2181.6935,10.4767,295.8124,600.0000,0.0000
109.0667,20.8906,8.5053,2541.3814,2207.8905,10.5045,295.9246,600.0000,0.0000
109.0833,20.9389,8.5062,2558.1931,2233.8293,10.5317,296.0367,600.0000,0.0000
109.1000,20.9824,8.5070,2546.4825,2257.1418,10.5545,296.1488,600.0000,0.0000
109.1167,21.0232,8.5078,2513.5425,2278.9505,10.5751,296.2609,600.0000,0.0000
109.1333,20.9364,8.5087,0.0000,2229.4286,10.4853,296.3730,600.0000,0.0000
109.1500,20.8574,8.5095,101.6921,2184.7496,10.4020,296.4851,600.0000,0.0000
109.1667,20.7892,8.5103,266.2425,2146.4228,10.3283,296.5972,600.0000,0.0000
109.1833,20.7329,8.5112,461.0193,2114.9819,10.2651,296.7093,600.0000,0.0000
109.2000,20.6920,8.5120,677.6058,2092.2389,10.2155,296.8214,600.0000,0.0000
109.2167,20.6632,8.5128,903.1949,2076.1318,10.1761,296.9335,600.0000,0.0000
109.2333,20.6462,8.5137,1134.1348,2066.5565,10.1470,297.0456,600.0000,0.0000
109.2500,20.6420,8.5145,1363.3429,2063.9978,10.1289,297.1577,600.0000,0.0000
109.2667,20.6461,8.5153,1582.3300,2065.9142,10.1178,297.2698,600.0000,0.0000
109.2833,20.6612,8.5162,1790.6508,2073.7829,10.1163,297.3819,600.0000,0.0000
109.3000,20.6851,8.5170,1978.7241,2086.3442,10.1222,297.4940,600.0000,0.0000
109.3167,20.7163,8.5178,2143.7957,2102.8836,10.1344,297.6061,600.0000,0.0000
109.3333,20.7534,8.5187,2282.7914,2122.6276,10.1515,297.7182,600.0000,0.0000
109.3500,20.7949,8.5195,2393.6202,2144.7664,10.1723,297.8303,600.0000,0.0000
109.3667,20.8423,8.5203,2475.1621,2170.0652,10.1982,297.9424,600.0000,0.0000
109.3833,20.8907,8.5212,2522.4550,2195.9945,10.2248,298.0545,600.0000,0.0000
109.4000,20.9388,8.5220,2539.5363,2221.6832,10.2510,298.1666,600.0000,0.0000
109.4167,20.9820,8.5228,2528.2657,2244.7831,10.2728,298.2787,600.0000,0.0000
109.4333,21.0225,8.5237,2495.8775,2266.4034,10.2925,298.3908,600.0000,0.0000
109.4500,20.9364,8.5245,0.0000,2217.3074,10.2051,298.5029,600.0000,0.0000
109.4667,20.8580,8.5253,101.7607,2173.0333,10.1242,298.6150,600.0000,0.0000
109.4833,20.7903,8.5262,265.3157,2135.0593,10.0525,298.7271,600.0000,0.0000
109.5000,20.7345,8.5270,458.8285,2103.9133,9.9910,298.8392,600.0000,0.0000
109.5167,20.6941,8.5278,673.9431,2081.3891,9.9427,298.9513,600.0000,0.0000
109.5333,20.6655,8.5287,897.9538,2065.4432,9.9042,299.0634,600.0000,0.0000
109.5500,20.6487,8.5295,1127.2315,2055.9715,9.8758,299.1755,600.0000,0.0000
109.5667,20.6446,8.5303,1354.7477,2053.4498,9.8580,299.2876,600.0000,0.0000
109.5833,20.6487,8.5312,1572.1033,2055.3630,9.8469,299.3997,600.0000,0.0000
109.6000,20.6638,8.5320,1778.8407,2063.1788,9.8453,299.5118,600.0000,0.0000
109.6167,20.6875,8.5328,1965.4274,2075.6433,9.8508,299.6239,600.0000,0.0000
109.6333,20.7186,8.5337,2129.1502,2092.0480,9.8623,299.7360,600.0000,0.0000
109.6500,20.7555,8.5345,2266.9622,2111.6255,9.8787,299.8481,600.0000,0.0000
109.6667,20.7967,8.5353,2376.7929,2133.5729,9.8986,299.9602,600.0000,0.0000
109.6833,20.8437,8.5362,2457.5357,2158.6483,9.9234,300.0723,600.0000,0.0000
109.7000,20.8919,8.5370,2504.2666,2184.3440,9.9489,300.1844,600.0000,0.0000
109.7167,20.9396,8.5378,2521.0021,2209.7967,9.9740,300.2965,600.0000,0.0000
109.7333,20.9824,8.5387,2509.5937,2232.6797,9.9949,300.4086,600.0000,0.0000
109.7500,21.0227,8.5395,2477.2287,2254.0920,10.0136,300.5208,600.0000,0.0000
109.7667,20.9372,8.5403,0.0000,2205.4263,9.9287,300.6329,600.0000,0.0000
109.7833,20.8594,8.5412,100.4430,2161.5211,9.8500,300.7449,600.0000,0.0000
109.8000,20.7922,8.5420,262.6176,2123.8540,9.7802,300.8570,600.0000,0.0000
109.8167,20.7367,8.5428,454.5607,2092.9495,9.7202,300.9692,600.0000,0.0000
109.8333,20.6965,8.5437,667.9803,2070.5896,9.6731,301.0813,600.0000,0.0000
109.8500,20.6681,8.5445,890.2603,2054.7479,9.6355,301.1934,600.0000,0.0000
109.8667,20.6514,8.5453,1117.8011,2045.3224,9.6076,301.3055,600.0000,0.0000
109.8833,20.6473,8.5462,1343.6245,2042.7941,9.5901,301.4176,600.0000,0.0000
109.9000,20.6513,8.5470,1559.3729,2044.6619,9.5790,301.5297,600.0000,0.0000
109.9167,20.6663,8.5478,1764.6026,2052.3728,9.5771,301.6418,600.0000,0.0000
109.9333,20.6898,8.5487,1949.8654,2064.6938,9.5821,301.7539,600.0000,0.0000
109.9500,20.7206,8.5495,2112.4515,2080.9232,9.5929,301.8660,600.0000,0.0000
109.9667,20.7572,8.5503,2249.3318,2100.3009,9.6084,301.9781,600.0000,0.0000
109.9833,20.7981,8.5512,2358.4463,2122.0313,9.6274,302.0902,600.0000,0.0000
110.0000,20.8418,8.5520,2438.6915,2145.3059,9.6486,302.2023,600.0000,0.0000
110.0167,20.8899,8.5445,2489.8818,2171.0147,9.6939,300.3922,600.0000,0.0000
110.0333,20.9376,8.5370,2507.8442,2196.5217,9.7388,298.5821,600.0000,0.0000
110.0500,20.9806,8.5295,2497.5906,2219.4966,9.7796,296.7720,600.0000,0.0000
110.0667,21.0209,8.5220,2466.2886,2241.0342,9.8185,294.9619,600.0000,0.0000
110.0833,20.9361,8.5145,0.0000,2192.9306,9.7561,293.1518,600.0000,0.0000
110.1000,20.8590,8.5070,102.2061,2149.6116,9.6995,291.3417,600.0000,0.0000
110.1167,20.7925,8.4995,263.8716,2112.4873,9.6516,289.5316,600.0000,0.0000
110.1333,20.7376,8.4920,454.9577,2082.0739,9.6131,287.7215,600.0000,0.0000
110.1500,20.6979,8.4845,667.2314,2060.1250,9.5872,285.9114,600.0000,0.0000
110.1667,20.6699,8.4770,888.1916,2044.6392,9.5705,284.1013,600.0000,0.0000
110.1833,20.6535,8.4695,1114.2559,2035.5129,9.5632,282.2912,600.0000,0.0000
110.2000,20.6496,8.4620,1338.5043,2033.1891,9.5661,280.4811,600.0000,0.0000
110.2167,20.6537,8.4545,1552.7161,2035.2219,9.5753,278.6710,600.0000,0.0000
110.2333,20.6687,8.4470,1756.4112,2043.0751,9.5936,276.8609,600.0000,0.0000
110.2500,20.6922,8.4395,1940.1587,2055.4904,9.6187,275.0508,600.0000,0.0000
110.2667,20.7229,8.4320,2101.3262,2071.7709,9.6496,273.2406,600.0000,0.0000
110.2833,20.7593,8.4245,2236.9219,2091.1623,9.6852,271.4306,600.0000,0.0000
110.3000,20.8000,8.4170,2344.9163,2112.8755,9.7243,269.6204,600.0000,0.0000
110.3167,20.8435,8.4095,2424.2298,2136.1087,9.7657,267.8104,600.0000,0.0000
110.3333,20.8912,8.4020,2474.6931,2161.6701,9.8108,266.0002,600.0000,0.0000
110.3500,20.9386,8.3945,2492.1669,2187.0163,9.8554,264.1902,600.0000,0.0000
110.3667,20.9813,8.3870,2481.6415,2209.8355,9.8960,262.3800,600.0000,0.0000
110.3833,21.0213,8.3795,2450.2421,2231.2187,9.9347,260.5700,600.0000,0.0000
110.4000,20.9370,8.3720,0.0000,2183.5102,9.8726,258.7598,600.0000,0.0000
110.4167,20.8603,8.3645,100.8160,2140.5228,9.8163,256.9498,600.0000,0.0000
110.4333,20.7941,8.3570,261.3183,2103.6743,9.7686,255.1396,600.0000,0.0000
110.4500,20.7395,8.3495,451.1223,2073.4801,9.7303,253.3296,600.0000,0.0000
110.4667,20.6999,8.3420,662.0461,2051.6841,9.7044,251.5194,600.0000,0.0000
110.4833,20.6720,8.3345,881.6532,2036.3013,9.6878,249.7094,600.0000,0.0000
110.5000,20.6556,8.3270,1106.3866,2027.2307,9.6805,247.8992,600.0000,0.0000
110.5167,20.6516,8.3195,1329.3638,2024.9160,9.6834,246.0891,600.0000,0.0000
110.5333,20.6557,8.3120,1542.3792,2026.9274,9.6925,244.2790,600.0000,0.0000
110.5500,20.6705,8.3045,1744.9717,2034.7171,9.7107,242.4689,600.0000,0.0000
110.5667,20.6938,8.2970,1927.7876,2047.0396,9.7356,240.6588,600.0000,0.0000
110.5833,20.7243,8.2895,2088.1849,2063.2040,9.7664,238.8487,600.0000,0.0000
110.6000,20.7604,8.2820,2223.1821,2082.4621,9.8019,237.0386,600.0000,0.0000
110.6167,20.8009,8.2745,2330.7541,2104.0307,9.8408,235.2285,600.0000,0.0000
110.6333,20.8440,8.2670,2409.8202,2127.1142,9.8820,233.4184,600.0000,0.0000
110.6500,20.8915,8.2595,2460.2052,2152.5164,9.9269,231.6083,600.0000,0.0000
110.6667,20.9386,8.2520,2477.7883,2177.7109,9.9713,229.7982,600.0000,0.0000
110.6833,20.9810,8.2445,2467.5231,2200.3998,10.0118,227.9881,600.0000,0.0000
110.7000,21.0209,8.2370,2436.4893,2221.6674,10.0503,226.1780,600.0000,0.0000
110.7167,20.9370,8.2295,0.0000,2174.3256,9.9886,224.3679,600.0000,0.0000
110.7333,20.8608,8.2220,100.7318,2131.6813,9.9326,222.5578,600.0000,0.0000
110.7500,20.7950,8.2145,260.4709,2095.1329,9.8852,220.7477,600.0000,0.0000
110.7667,20.7407,8.2070,449.3275,2065.1921,9.8471,218.9376,600.0000,0.0000
110.7833,20.7014,8.1995,659.1648,2043.5881,9.8214,217.1275,600.0000,0.0000
110.8000,20.6737,8.1920,877.6194,2028.3525,9.8049,215.3174,600.0000,0.0000
110.8167,20.6574,8.1845,1101.1516,2019.3850,9.7977,213.5073,600.0000,0.0000
110.8333,20.6535,8.1770,1322.9182,2017.1172,9.8006,211.6972,600.0000,0.0000
110.8500,20.6575,8.1695,1534.7714,2019.1454,9.8098,209.8871,600.0000,0.0000
110.8667,20.6723,8.1620,1736.2452,2026.9209,9.8279,208.0770,600.0000,0.0000
110.8833,20.6955,8.1545,1918.0274,2039.1969,9.8528,206.2669,600.0000,0.0000
110.9000,20.7258,8.1470,2077.5004,2055.2872,9.8835,204.4568,600.0000,0.0000
110.9167,20.7618,8.1395,2211.7008,2074.4484,9.9189,202.6467,600.0000,0.0000
110.9333,20.8020,8.1320,2318.6172,2095.9026,9.9577,200.8366,600.0000,0.0000
110.9500,20.8450,8.1245,2397.1769,2118.8596,9.9987,199.0265,600.0000,0.0000
110.9667,20.8923,8.1170,2447.2080,2144.1194,10.0435,197.2164,600.0000,0.0000
110.9833,20.9361,8.1095,2464.6136,2167.6030,10.0852,195.4063,600.0000,0.0000
111.0000,20.9786,8.1020,2459.0457,2190.3278,10.1259,193.5962,600.0000,0.0000
111.0167,21.0186,8.0878,2429.3893,2211.7326,10.1393,190.7011,600.0000,0.0000
111.0333,20.9353,8.0737,0.0000,2164.8328,10.0528,187.8059,600.0000,0.0000
111.0500,20.8597,8.0595,103.5844,2122.6913,9.9726,184.9108,600.0000,0.0000
111.0667,20.7944,8.0453,263.3941,2086.6236,9.9010,182.0157,600.0000,0.0000
111.0833,20.7407,8.0312,451.9791,2057.1325,9.8390,179.1205,600.0000,0.0000
111.1000,20.7019,8.0170,661.2416,2035.9181,9.7893,176.2254,600.0000,0.0000
111.1167,20.6746,8.0028,878.9141,2021.0339,9.7486,173.3302,600.0000,0.0000
111.1333,20.6587,7.9887,1101.4618,2012.3761,9.7172,170.4351,600.0000,0.0000
111.1500,20.6550,7.9745,1322.0869,2010.3277,9.6956,167.5400,600.0000,0.0000
111.1667,20.6592,7.9603,1532.7967,2012.5448,9.6799,164.6448,600.0000,0.0000
111.1833,20.6742,7.9462,1733.0682,2020.5075,9.6731,161.7497,600.0000,0.0000
111.2000,20.6975,7.9320,1913.5603,2032.9296,9.6726,158.8546,600.0000,0.0000
111.2167,20.7278,7.9178,2071.7539,2049.1269,9.6775,155.9594,600.0000,0.0000
111.2333,20.7638,7.9037,2204.7241,2068.3595,9.6867,153.0643,600.0000,0.0000
111.2500,20.8039,7.8895,2310.4926,2089.8533,9.6990,150.1692,600.0000,0.0000
111.2667,20.8467,7.8753,2388.0159,2112.8224,9.7133,147.2740,600.0000,0.0000
111.2833,20.8938,7.8612,2437.1454,2138.0673,9.7309,144.3789,600.0000,0.0000
111.3000,20.9375,7.8470,2453.8219,2161.5240,9.7452,141.4838,600.0000,0.0000
111.3167,20.9797,7.8328,2447.6754,2184.2103,9.7585,138.5886,600.0000,0.0000
111.3333,21.0194,7.8187,2417.6108,2205.5074,9.7697,135.6935,600.0000,0.0000
111.3500,20.9364,7.8045,0.0000,2158.8997,9.6864,132.7984,600.0000,0.0000
111.3667,20.8610,7.7903,101.7283,2116.9795,9.6088,129.9032,600.0000,0.0000
111.3833,20.7960,7.7762,260.4846,2081.0874,9.5395,127.0081,600.0000,0.0000
111.4000,20.7424,7.7620,447.9865,2051.7273,9.4792,124.1129,600.0000,0.0000
111.4167,20.7036,7.7478,656.1739,2030.5959,9.4306,121.2178,600.0000,0.0000
111.4333,20.6762,7.7337,872.8165,2015.7582,9.3905,118.3227,600.0000,0.0000
111.4500,20.6603,7.7195,1094.4013,2007.1135,9.3592,115.4275,600.0000,0.0000
111.4667,20.6565,7.7053,1314.1545,2005.0524,9.3373,112.5324,600.0000,0.0000
111.4833,20.6606,7.6912,1524.0610,2007.2364,9.3209,109.6373,600.0000,0.0000
111.5000,20.6754,7.6770,1723.6285,2015.1334,9.3130,106.7421,600.0000,0.0000
111.5167,20.6985,7.6628,1903.5932,2027.4729,9.3110,103.8470,600.0000,0.0000
111.5333,20.7286,7.6487,2061.4046,2043.5757,9.3142,100.9519,600.0000,0.0000
111.5500,20.7643,7.6345,2194.1382,2062.7067,9.3216,98.0567,600.0000,0.0000
111.5667,20.8042,7.6203,2299.8124,2084.0965,9.3318,95.1616,600.0000,0.0000
111.5833,20.8468,7.6062,2377.3761,2106.9636,9.3440,92.2665,600.0000,0.0000
111.6000,20.8907,7.5920,2426.6697,2130.5363,9.3570,89.3713,600.0000,0.0000
111.6167,20.9345,7.5778,2448.3639,2154.0731,9.3697,86.4762,600.0000,0.0000
111.6333,20.9769,7.5637,2443.8777,2176.8827,9.3813,83.5810,600.0000,0.0000
111.6500,21.0169,7.5495,2415.2811,2198.3407,9.3909,80.6859,600.0000,0.0000
111.6667,20.9343,7.5353,0.0000,2152.0431,9.3108,77.7908,600.0000,0.0000
111.6833,20.8595,7.5212,105.1335,2110.5108,9.2361,74.8956,600.0000,0.0000
111.7000,20.7949,7.5070,264.2993,2074.9959,9.1692,72.0005,600.0000,0.0000
111.7167,20.7418,7.4928,451.8829,2045.9937,9.1110,69.1054,600.0000,0.0000
111.7333,20.7035,7.4787,659.8493,2025.1730,9.0639,66.2102,600.0000,0.0000
111.7500,20.6766,7.4645,876.0504,2010.6178,9.0249,63.3151,600.0000,0.0000
111.7667,20.6611,7.4503,1096.9701,2002.2235,8.9942,60.4200,600.0000,0.0000
111.7833,20.6575,7.4362,1315.8714,2000.3287,8.9723,57.5248,600.0000,0.0000
111.8000,20.6618,7.4220,1524.8996,2002.6539,8.9557,54.6297,600.0000,0.0000
111.8167,20.6769,7.4078,1723.4958,2010.7004,8.9471,51.7346,600.0000,0.0000
111.8333,20.7001,7.3937,1902.3393,2023.1528,8.9442,48.8394,600.0000,0.0000
111.8500,20.7304,7.3795,2058.9886,2039.3328,8.9463,45.9443,600.0000,0.0000
111.8667,20.7661,7.3653,2190.5562,2058.5066,8.9522,43.0491,600.0000,0.0000
111.8833,20.8060,7.3512,2295.0948,2079.9072,8.9609,40.1540,600.0000,0.0000
111.9000,20.8486,7.3370,2371.5842,2102.7560,8.9713,37.2589,600.0000,0.0000
111.9167,20.8923,7.3228,2419.8916,2126.2846,8.9826,34.3637,600.0000,0.0000
111.9333,20.9360,7.3087,2440.7101,2149.7558,8.9936,31.4686,600.0000,0.0000
111.9500,20.9782,7.2945,2435.4759,2172.4825,9.0035,28.5735,600.0000,0.0000
111.9667,21.0180,7.2803,2406.2719,2193.8448,9.0115,25.6783,600.0000,0.0000
111.9833,20.9356,7.2662,0.0000,2147.7557,8.9344,22.7832,600.0000,0.0000
112.0000,20.8609,7.2520,102.9678,2106.3591,8.8622,19.8881,600.0000,0.0000
112.0167,20.7965,7.2412,261.1215,2070.9023,8.8156,19.5566,600.0000,0.0000
112.0333,20.7434,7.2303,447.7105,2041.9147,8.7770,19.2251,600.0000,0.0000
112.0500,20.7051,7.2195,654.7291,2021.0689,8.7490,18.8937,600.0000,0.0000
112.0667,20.6781,7.2087,870.0506,2006.4553,8.7287,18.5622,600.0000,0.0000
112.0833,20.6624,7.1978,1090.1781,1997.9732,8.7161,18.2307,600.0000,0.0000
112.1000,20.6588,7.1870,1308.3900,1995.9843,8.7121,17.8993,600.0000,0.0000
112.1167,20.6629,7.1762,1516.7917,1998.1968,8.7131,17.5678,600.0000,0.0000
112.1333,20.6778,7.1653,1714.8591,2006.0857,8.7219,17.2363,600.0000,0.0000
112.1500,20.7008,7.1545,1893.3451,2018.3678,8.7363,16.9049,600.0000,0.0000
112.1667,20.7309,7.1437,2049.7658,2034.3687,8.7554,16.5734,600.0000,0.0000
112.1833,20.7664,7.1328,2181.2290,2053.3588,8.7784,16.2419,600.0000,0.0000
112.2000,20.8062,7.1220,2285.7791,2074.5746,8.8043,15.9104,600.0000,0.0000
112.2167,20.8485,7.1112,2362.3847,2097.2412,8.8320,15.5790,600.0000,0.0000
112.2333,20.8921,7.1003,2410.8998,2120.5933,8.8605,15.2475,600.0000,0.0000
112.2500,20.9356,7.0895,2432.0021,2143.8962,8.8890,14.9160,600.0000,0.0000
112.2667,20.9778,7.0787,2427.1119,2166.4649,8.9165,14.5846,600.0000,0.0000
112.2833,21.0175,7.0678,2398.2949,2187.6812,8.9423,14.2531,600.0000,0.0000
112.3000,20.9354,7.0570,0.0000,2141.7288,8.8845,13.9216,600.0000,0.0000
112.3167,20.8610,7.0462,103.3255,2100.4663,8.8314,13.5902,600.0000,0.0000
112.3333,20.7969,7.0353,261.0818,2065.1586,8.7855,13.2587,600.0000,0.0000
112.3500,20.7441,7.0245,447.1202,2036.2991,8.7474,12.9272,600.0000,0.0000
112.3667,20.7059,7.0137,653.4637,2015.5504,8.7198,12.5958,600.0000,0.0000
112.3833,20.6791,7.0028,868.0386,2001.0089,8.6996,12.2643,600.0000,0.0000
112.4000,20.6636,6.9920,1087.3571,1992.5730,8.6872,11.9328,600.0000,0.0000
112.4167,20.6600,6.9812,1304.7250,1990.5994,8.6831,11.6014,600.0000,0.0000
112.4333,20.6642,6.9703,1512.3054,1992.8080,8.6840,11.2699,600.0000,0.0000
112.4500,20.6791,6.9595,1709.5612,2000.6678,8.6926,10.9384,600.0000,0.0000
112.4667,20.7021,6.9487,1887.2593,2012.8989,8.7066,10.6070,600.0000,0.0000
112.4833,20.7321,6.9378,2042.9460,2028.8294,8.7254,10.2755,600.0000,0.0000
112.5000,20.7676,6.9270,2173.7452,2047.7322,8.7479,9.9440,600.0000,0.0000
112.5167,20.8072,6.9162,2277.7140,2068.8473,8.7733,9.6126,600.0000,0.0000
112.5333,20.8494,6.9053,2353.8306,2091.4028,8.8004,9.2811,600.0000,0.0000
112.5500,20.8929,6.8945,2401.9552,2114.6369,8.8284,8.9496,600.0000,0.0000
112.5667,20.9362,6.8837,2422.7682,2137.8184,8.8563,8.6182,600.0000,0.0000
112.5833,20.9782,6.8728,2417.6896,2160.2655,8.8832,8.2867,600.0000,0.0000
112.6000,21.0177,6.8620,2388.7824,2181.3632,8.9085,7.9552,600.0000,0.0000
112.6167,20.9360,6.8512,0.0000,2135.6243,8.8516,7.6238,600.0000,0.0000
112.6333,20.8619,6.8403,102.3945,2094.5374,8.7991,7.2923,600.0000,0.0000
112.6500,20.7979,6.8295,259.3758,2059.3724,8.7538,6.9608,600.0000,0.0000
112.6667,20.7453,6.8187,444.5573,2030.6216,8.7162,6.6294,600.0000,0.0000
112.6833,20.7073,6.8078,649.9951,2009.9425,8.6889,6.2979,600.0000,0.0000
112.7000,20.6805,6.7970,863.6590,1995.4397,8.6688,5.9664,600.0000,0.0000
112.7167,20.6650,6.7862,1082.0772,1987.0128,8.6565,5.6349,600.0000,0.0000
112.7333,20.6614,6.7753,1298.5806,1985.0249,8.6523,5.3035,600.0000,0.0000
112.7500,20.6656,6.7645,1505.3446,1987.1994,8.6530,4.9720,600.0000,0.0000
112.7667,20.6803,6.7537,1701.8438,1994.9920,8.6613,4.6405,600.0000,0.0000
112.7833,20.7032,6.7428,1878.8943,2007.1371,8.6749,4.3091,600.0000,0.0000
112.8000,20.7330,6.7320,2034.0376,2022.9667,8.6932,3.9776,600.0000,0.0000
112.8167,20.7684,6.7212,2164.4047,2041.7575,8.7153,3.6461,600.0000,0.0000
112.8333,20.8078,6.7103,2268.0563,2062.7535,8.7401,3.3147,600.0000,0.0000
112.8500,20.8498,6.6995,2343.9702,2085.1866,8.7667,2.9832,600.0000,0.0000
112.8667,20.8931,6.6887,2392.0032,2108.2989,8.7942,2.6517,600.0000,0.0000
112.8833,20.9363,6.6778,2412.8295,2131.3624,8.8215,2.3203,600.0000,0.0000
112.9000,20.9781,6.6670,2407.8601,2153.6987,8.8480,1.9888,600.0000,0.0000
112.9167,21.0175,6.6562,2379.1469,2174.6954,8.8727,1.6573,600.0000,0.0000
112.9333,20.9361,6.6453,0.0000,2129.1943,8.8166,1.3259,600.0000,0.0000
112.9500,20.8623,6.6345,102.1709,2088.3255,8.7649,0.9944,600.0000,0.0000
112.9667,20.7987,6.6237,258.5585,2053.3483,8.7201,0.6629,600.0000,0.0000
112.9833,20.7463,6.6128,443.0213,2024.7525,8.6830,0.3315,600.0000,0.0000
113.0000,20.6853,6.6020,647.6481,1991.7485,8.6402,0.0000,200.0000,0.0000
113.0167,20.6418,6.6028,897.4520,1968.2408,8.6366,0.0000,200.0000,0.0000
113.0333,20.6119,6.6037,1155.8961,1952.1146,8.6414,0.0000,200.0000,0.0000
113.0500,20.5954,6.6045,1418.7120,1943.2107,8.6553,0.0000,200.0000,0.0000
113.0667,20.5926,6.6053,1677.9747,1941.6544,8.6787,0.0000,200.0000,0.0000
113.0833,20.5991,6.6062,1925.1488,1945.0209,8.7078,0.0000,200.0000,0.0000
113.1000,20.6187,6.6070,2159.1587,1955.2838,8.7466,0.0000,200.0000,0.0000
113.1167,20.6478,6.6078,2368.3971,1970.6356,8.7917,0.0000,200.0000,0.0000
113.1333,20.6850,6.6087,2550.5584,1990.2698,8.8425,0.0000,200.0000,0.0000
113.1500,20.7286,6.6095,2702.3707,2013.3174,8.8978,0.0000,200.0000,0.0000
113.1667,20.7800,6.6103,2821.6836,2040.5855,8.9592,0.0000,200.0000,0.0000
113.1833,20.8342,6.6112,2902.2619,2069.3594,9.0223,0.0000,200.0000,0.0000
113.2000,20.8892,6.6120,2947.6035,2098.6276,9.0863,0.0000,200.0000,0.0000
113.2167,20.9433,6.6128,2959.0904,2127.4322,9.1498,0.0000,200.0000,0.0000
113.2333,20.9948,6.6137,2939.0408,2154.8953,9.2119,0.0000,200.0000,0.0000
113.2500,21.0425,6.6145,2890.5622,2180.2419,9.2715,0.0000,200.0000,0.0000
113.2667,20.9403,6.6153,0.0000,2123.0969,9.2270,0.0000,200.0000,0.0000
113.2833,20.8459,6.6162,95.5552,2070.9253,9.1873,0.0000,200.0000,0.0000
113.3000,20.7637,6.6170,282.4424,2025.9725,9.1560,0.0000,200.0000,0.0000
113.3167,20.6954,6.6178,506.3473,1988.8797,9.1342,0.0000,200.0000,0.0000
113.3333,20.6419,6.6187,757.4428,1960.0118,9.1226,0.0000,200.0000,0.0000
113.3500,20.6060,6.6195,1025.8393,1940.7612,9.1237,0.0000,200.0000,0.0000
113.3667,20.5843,6.6203,1298.0369,1929.0647,9.1342,0.0000,200.0000,0.0000
113.3833,20.5780,6.6212,1569.2555,1925.6419,9.1558,0.0000,200.0000,0.0000
113.4000,20.5815,6.6220,1828.7530,1927.4148,9.1838,0.0000,200.0000,0.0000
113.4167,20.5979,6.6228,2076.3640,1935.9896,9.2215,0.0000,200.0000,0.0000
113.4333,20.6247,6.6237,2301.2581,1950.0820,9.2666,0.0000,200.0000,0.0000
113.4500,20.6604,6.6245,2499.6353,1968.8902,9.3181,0.0000,200.0000,0.0000
113.4667,20.7033,6.6253,2667.7116,1991.5398,9.3750,0.0000,200.0000,0.0000
113.4833,20.7548,6.6262,2802.8607,2018.8225,9.4387,0.0000,200.0000,0.0000
113.5000,20.8099,6.6270,2898.4061,2048.0223,9.5048,0.0000,200.0000,0.0000
113.5167,20.8665,6.6278,2957.4060,2078.0871,9.5723,0.0000,200.0000,0.0000
113.5333,20.9227,6.6287,2980.9234,2108.0091,9.6397,0.0000,200.0000,0.0000
113.5500,20.9769,6.6295,2971.0331,2136.8535,9.7060,0.0000,200.0000,0.0000
113.5667,21.0276,6.6303,2930.6772,2163.7831,9.7699,0.0000,200.0000,0.0000
113.5833,20.9262,6.6312,0.0000,2107.2110,9.7236,0.0000,200.0000,0.0000
113.6000,20.8337,6.6320,118.1552,2056.2119,9.6832,0.0000,200.0000,0.0000
113.6167,20.7537,6.6328,310.4007,2012.5180,9.6516,0.0000,200.0000,0.0000
113.6333,20.6877,6.6337,538.1483,1976.7257,9.6302,0.0000,200.0000,0.0000
113.6500,20.6365,6.6345,791.5726,1949.1585,9.6194,0.0000,200.0000,0.0000
113.6667,20.6029,6.6353,1060.8316,1931.0933,9.6216,0.0000,200.0000,0.0000
113.6833,20.5832,6.6362,1332.7487,1920.5269,9.6337,0.0000,200.0000,0.0000
113.7000,20.5785,6.6370,1602.4876,1917.9155,9.6569,0.0000,200.0000,0.0000
113.7167,20.5834,6.6378,1860.1624,1920.4410,9.6868,0.0000,200.0000,0.0000
113.7333,20.6015,6.6387,2105.1853,1929.8986,9.7270,0.0000,200.0000,0.0000
113.7500,20.6298,6.6395,2326.2059,1944.7494,9.7747,0.0000,200.0000,0.0000
113.7667,20.6667,6.6403,2520.0551,1964.1799,9.8290,0.0000,200.0000,0.0000
113.7833,20.7105,6.6412,2683.1276,1987.3080,9.8887,0.0000,200.0000,0.0000
113.8000,20.7628,6.6420,2812.9762,2014.9437,9.9552,0.0000,200.0000,0.0000
113.8167,20.8183,6.6428,2903.0271,2044.3368,10.0241,0.0000,200.0000,0.0000
113.8333,20.8750,6.6437,2956.5863,2074.4401,10.0941,0.0000,200.0000,0.0000
113.8500,20.9311,6.6445,2974.8799,2104.2551,10.1640,0.0000,200.0000,0.0000
113.8667,20.9849,6.6453,2960.1260,2132.8599,10.2323,0.0000,200.0000,0.0000
113.8833,21.0349,6.6462,2915.3873,2159.4343,10.2981,0.0000,200.0000,0.0000
113.9000,20.9337,6.6470,0.0000,2102.9907,10.2494,0.0000,200.0000,0.0000
113.9167,20.8408,6.6478,106.0763,2051.7764,10.2063,0.0000,200.0000,0.0000
113.9333,20.7602,6.6487,294.4834,2007.7685,10.1724,0.0000,200.0000,0.0000
113.9500,20.6934,6.6495,518.9500,1971.5819,10.1488,0.0000,200.0000,0.0000
113.9667,20.6414,6.6503,769.7084,1943.5589,10.1364,0.0000,200.0000,0.0000
113.9833,20.6068,6.6512,1036.9509,1925.0258,10.1374,0.0000,200.0000,0.0000
114.0000,20.5765,6.6520,1307.4149,1908.8474,10.1415,0.0000,0.0000,0.0000
114.0167,20.5608,6.6545,1591.7485,1900.3853,10.1110,0.0000,0.0000,0.0000
114.0333,20.5593,6.6570,1871.0561,1899.5199,10.0916,0.0000,0.0000,0.0000
114.0500,20.5678,6.6595,2136.9343,1903.9019,10.0795,0.0000,0.0000,0.0000
114.0667,20.5906,6.6620,2387.8005,1915.8552,10.0790,0.0000,0.0000,0.0000
114.0833,20.6236,6.6645,2610.5688,1933.1767,10.0859,0.0000,0.0000,0.0000
114.1000,20.6651,6.6670,2803.3604,1954.9893,10.0992,0.0000,0.0000,0.0000
114.1167,20.7165,6.6695,2962.8054,1982.0537,10.1204,0.0000,0.0000,0.0000
114.1333,20.7725,6.6720,3081.5710,2011.6747,10.1448,0.0000,0.0000,0.0000
114.1500,20.8312,6.6745,3161.9839,2042.7444,10.1711,0.0000,0.0000,0.0000
114.1667,20.8905,6.6770,3204.5842,2074.1852,10.1978,0.0000,0.0000,0.0000
114.1833,20.9484,6.6795,3211.0387,2104.9797,10.2234,0.0000,0.0000,0.0000
114.2000,21.0034,6.6820,3183.9988,2134.1994,10.2467,0.0000,0.0000,0.0000
114.2167,20.8932,6.6845,0.0000,2073.0673,10.1452,0.0000,0.0000,0.0000
114.2333,20.7949,6.6870,170.8284,2019.1723,10.0526,0.0000,0.0000,0.0000
114.2500,20.7107,6.6895,392.1921,1973.4886,9.9709,0.0000,0.0000,0.0000
114.2667,20.6421,6.6920,649.9328,1936.5772,9.9012,0.0000,0.0000,0.0000
114.2833,20.5900,6.6945,933.2359,1908.7077,9.8440,0.0000,0.0000,0.0000
114.3000,20.5569,6.6970,1231.3493,1891.0599,9.8015,0.0000,0.0000,0.0000
114.3167,20.5390,6.6995,1530.3416,1881.5417,9.7701,0.0000,0.0000,0.0000
114.3333,20.5366,6.7020,1824.7838,1880.1650,9.7503,0.0000,0.0000,0.0000
114.3500,20.5446,6.7045,2105.3225,1884.3186,9.7380,0.0000,0.0000,0.0000
114.3667,20.5676,6.7070,2370.5500,1896.3288,9.7374,0.0000,0.0000,0.0000
114.3833,20.6014,6.7095,2607.0285,1914.0398,9.7446,0.0000,0.0000,0.0000
114.4000,20.6442,6.7120,2812.3981,1936.5430,9.7585,0.0000,0.0000,0.0000
114.4167,20.6976,6.7145,2983.0067,1964.6262,9.7805,0.0000,0.0000,0.0000
114.4333,20.7561,6.7170,3111.0991,1995.4957,9.8060,0.0000,0.0000,0.0000
114.4500,20.8175,6.7195,3198.9498,2027.9914,9.8336,0.0000,0.0000,0.0000
114.4667,20.8797,6.7220,3247.0178,2060.9804,9.8617,0.0000,0.0000,0.0000
114.4833,20.9408,6.7245,3256.9559,2093.3894,9.8889,0.0000,0.0000,0.0000
114.5000,20.9988,6.7270,3231.4646,2124.2345,9.9138,0.0000,0.0000,0.0000
114.5167,21.0523,6.7295,3174.1246,2152.6482,9.9353,0.0000,0.0000,0.0000
114.5333,20.9412,6.7320,0.0000,2090.7849,9.8355,0.0000,0.0000,0.0000
114.5500,20.8381,6.7345,94.0821,2034.0747,9.7415,0.0000,0.0000,0.0000
114.5667,20.7481,6.7370,294.3975,1985.1413,9.6574,0.0000,0.0000,0.0000
114.5833,20.6730,6.7395,535.4953,1944.6808,9.5846,0.0000,0.0000,0.0000
114.6000,20.6140,6.7420,806.7276,1913.0906,9.5237,0.0000,0.0000,0.0000
114.6167,20.5742,6.7445,1097.3562,1891.9045,9.4772,0.0000,0.0000,0.0000
114.6333,20.5497,6.7470,1392.6053,1878.8725,9.4416,0.0000,0.0000,0.0000
114.6500,20.5422,6.7495,1687.3156,1874.8671,9.4187,0.0000,0.0000,0.0000
114.6667,20.5454,6.7520,1969.4665,1876.4766,9.4031,0.0000,0.0000,0.0000
114.6833,20.5624,6.7545,2239.0578,1885.3615,9.3979,0.0000,0.0000,0.0000
114.7000,20.5909,6.7570,2484.5661,1900.2422,9.4009,0.0000,0.0000,0.0000
114.7167,20.6291,6.7595,2701.5943,1920.2657,9.4109,0.0000,0.0000,0.0000
114.7333,20.6783,6.7620,2885.9580,1946.1249,9.4293,0.0000,0.0000,0.0000
114.7500,20.7336,6.7645,3029.7642,1975.2428,9.4516,0.0000,0.0000,0.0000
114.7667,20.7927,6.7670,3134.3322,2006.4812,9.4768,0.0000,0.0000,0.0000
114.7833,20.8536,6.7695,3199.5234,2038.7132,9.5031,0.0000,0.0000,0.0000
114.8000,20.9143,6.7720,3226.4282,2070.8561,9.5292,0.0000,0.0000,0.0000
114.8167,20.9728,6.7745,3217.2343,2101.9019,9.5536,0.0000,0.0000,0.0000
114.8333,21.0275,6.7770,3175.0714,2130.9450,9.5753,0.0000,0.0000,0.0000
114.8500,20.9175,6.7795,0.0000,2069.9133,9.4789,0.0000,0.0000,0.0000
114.8667,20.8174,6.7820,132.0033,2015.0383,9.3894,0.0000,0.0000,0.0000
114.8833,20.7308,6.7845,341.6879,1968.0977,9.3099,0.0000,0.0000,0.0000
114.9000,20.6595,6.7870,589.7119,1929.7153,9.2415,0.0000,0.0000,0.0000
114.9167,20.6042,6.7895,865.4073,1900.2224,9.1847,0.0000,0.0000,0.0000
114.9333,20.5680,6.7920,1158.0922,1880.9647,9.1419,0.0000,0.0000,0.0000
114.9500,20.5470,6.7945,1453.4997,1869.7886,9.1096,0.0000,0.0000,0.0000
114.9667,20.5420,6.7970,1746.3651,1867.1293,9.0889,0.0000,0.0000,0.0000
114.9833,20.5476,6.7995,2026.0719,1870.0019,9.0752,0.0000,0.0000,0.0000
115.0000,20.4509,6.8020,0.0000,1819.1110,8.9903,0.0000,0.0000,0.0000
115.0167,20.3568,6.8120,0.0000,1770.1040,8.9321,0.0000,0.0000,0.0000
115.0333,20.2652,6.8220,0.0000,1722.9412,8.8756,0.0000,0.0000,0.0000
115.0500,20.1760,6.8320,0.0000,1677.5281,8.8206,0.0000,0.0000,0.0000
115.0667,20.0891,6.8420,0.0000,1633.7797,8.7673,0.0000,0.0000,0.0000
115.0833,20.0044,6.8520,0.0000,1591.6181,8.7154,0.0000,0.0000,0.0000
115.1000,19.9219,6.8620,0.0000,1550.9720,8.6649,0.0000,0.0000,0.0000
115.1167,19.8415,6.8720,0.0000,1511.7751,8.6159,0.0000,0.0000,0.0000
115.1333,19.7631,6.8820,0.0000,1473.9658,8.5681,0.0000,0.0000,0.0000
115.1500,19.6866,6.8920,0.0000,1437.4868,8.5216,0.0000,0.0000,0.0000
115.1667,19.6120,6.9020,0.0000,1402.2843,8.4764,0.0000,0.0000,0.0000
115.1833,19.5391,6.9120,0.0000,1368.3083,8.4323,0.0000,0.0000,0.0000
115.2000,19.4680,6.9220,0.0000,1335.5120,8.3894,0.0000,0.0000,0.0000
115.2167,19.3986,6.9320,0.0000,1303.8518,8.3475,0.0000,0.0000,0.0000
115.2333,19.3308,6.9420,0.0000,1273.2876,8.3067,0.0000,0.0000,0.0000
115.2500,19.2646,6.9520,0.0000,1243.7822,8.2669,0.0000,0.0000,0.0000
115.2667,19.1999,6.9620,0.0000,1215.3019,8.2281,0.0000,0.0000,0.0000
115.2833,19.1366,6.9720,0.0000,1187.8170,8.1902,0.0000,0.0000,0.0000
115.3000,19.0748,6.9820,0.0000,1161.3021,8.1533,0.0000,0.0000,0.0000
115.3167,19.0143,6.9920,0.0000,1135.7375,8.1172,0.0000,0.0000,0.0000
115.3333,18.9551,7.0020,0.0000,1111.1119,8.0819,0.0000,0.0000,0.0000
115.3500,18.8971,7.0120,0.0000,1087.4281,8.0474,0.0000,0.0000,0.0000
115.3667,18.8404,7.0220,0.0000,1064.7180,8.0137,0.0000,0.0000,0.0000
115.3833,18.7848,7.0320,0.0000,1043.1148,7.9807,0.0000,0.0000,0.0000
115.4000,18.7303,7.0420,0.0000,1021.7477,7.9484,0.0000,0.0000,0.0000
115.4167,18.6770,7.0520,0.0000,999.3481,7.9169,0.0000,0.0000,0.0000
115.4333,18.6249,7.0620,0.0000,976.8374,7.8862,0.0000,0.0000,0.0000
115.4500,18.5740,7.0720,0.0000,954.4501,7.8561,0.0000,0.0000,0.0000
115.4667,18.5243,7.0820,0.0000,932.3016,7.8269,0.0000,0.0000,0.0000
115.4833,18.4757,7.0920,0.0000,910.4603,7.7984,0.0000,0.0000,0.0000
115.5000,18.4283,7.1020,0.0000,888.9700,7.7706,0.0000,0.0000,0.0000
115.5167,18.3849,7.1120,0.0000,869.1873,7.7458,0.0000,0.0000,0.0000
115.5333,18.3425,7.1220,0.0000,849.7552,7.7214,0.0000,0.0000,0.0000
115.5500,18.3010,7.1320,0.0000,830.6846,7.6976,0.0000,0.0000,0.0000
115.5667,18.2605,7.1420,0.0000,811.9824,7.6744,0.0000,0.0000,0.0000
115.5833,18.2208,7.1520,0.0000,793.6528,7.6517,0.0000,0.0000,0.0000
115.6000,18.1820,7.1620,0.0000,775.6976,7.6297,0.0000,0.0000,0.0000
115.6167,18.1442,7.1720,0.0000,758.1170,7.6081,0.0000,0.0000,0.0000
115.6333,18.1071,7.1820,0.0000,740.9098,7.5871,0.0000,0.0000,0.0000
115.6500,18.0709,7.1920,0.0000,724.0736,7.5667,0.0000,0.0000,0.0000
115.6667,18.0355,7.2020,0.0000,707.6053,7.5467,0.0000,0.0000,0.0000
115.6833,18.0010,7.2120,0.0000,691.5009,7.5273,0.0000,0.0000,0.0000
115.7000,17.9672,7.2220,0.0000,675.7558,7.5083,0.0000,0.0000,0.0000
115.7167,17.9341,7.2320,0.0000,660.3652,7.4898,0.0000,0.0000,0.0000
115.7333,17.9018,7.2420,0.0000,645.3237,7.4718,0.0000,0.0000,0.0000
115.7500,17.8702,7.2520,0.0000,630.6256,7.4542,0.0000,0.0000,0.0000
115.7667,17.8394,7.2620,0.0000,616.2651,7.4371,0.0000,0.0000,0.0000
115.7833,17.8092,7.2720,0.0000,602.2361,7.4204,0.0000,0.0000,0.0000
115.8000,17.7797,7.2820,0.0000,588.5324,7.4042,0.0000,0.0000,0.0000
115.8167,17.7509,7.2920,0.0000,575.1478,7.3883,0.0000,0.0000,0.0000
115.8333,17.7227,7.3020,0.0000,562.0760,7.3729,0.0000,0.0000,0.0000
115.8500,17.6952,7.3120,0.0000,549.3107,7.3579,0.0000,0.0000,0.0000
115.8667,17.6683,7.3220,0.0000,536.8454,7.3432,0.0000,0.0000,0.0000
115.8833,17.6420,7.3320,0.0000,524.6738,7.3289,0.0000,0.0000,0.0000
115.9000,17.6162,7.3420,0.0000,512.7897,7.3150,0.0000,0.0000,0.0000
115.9167,17.5911,7.3520,0.0000,501.1867,7.3015,0.0000,0.0000,0.0000
115.9333,17.5665,7.3620,0.0000,489.8586,7.2883,0.0000,0.0000,0.0000
115.9500,17.5424,7.3720,0.0000,478.7993,7.2754,0.0000,0.0000,0.0000
115.9667,17.5189,7.3820,0.0000,468.0026,7.2629,0.0000,0.0000,0.0000
115.9833,17.4959,7.3920,0.0000,457.4627,7.2507,0.0000,0.0000,0.0000
116.0000,17.4734,7.4020,0.0000,447.1736,7.2388,0.0000,0.0000,0.0000
116.0167,17.4514,7.3995,0.0000,437.2384,7.2654,0.0000,0.0000,0.0000
116.0333,17.4299,7.3970,0.0000,427.5390,7.2923,0.0000,0.0000,0.0000
116.0500,17.4089,7.3945,0.0000,418.0698,7.3195,0.0000,0.0000,0.0000
116.0667,17.3883,7.3920,0.0000,408.8254,7.3470,0.0000,0.0000,0.0000
116.0833,17.3681,7.3895,0.0000,399.8006,7.3748,0.0000,0.0000,0.0000
116.1000,17.3484,7.3870,0.0000,390.9900,7.4028,0.0000,0.0000,0.0000
116.1167,17.3291,7.3845,0.0000,382.3886,7.4311,0.0000,0.0000,0.0000
116.1333,17.3103,7.3820,0.0000,373.9914,7.4596,0.0000,0.0000,0.0000
116.1500,17.2918,7.3795,0.0000,365.7935,7.4885,0.0000,0.0000,0.0000
116.1667,17.2737,7.3770,0.0000,357.7900,7.5175,0.0000,0.0000,0.0000
116.1833,17.2560,7.3745,0.0000,349.9763,7.5469,0.0000,0.0000,0.0000
116.2000,17.2387,7.3720,0.0000,342.3478,7.5764,0.0000,0.0000,0.0000
116.2167,17.2218,7.3695,0.0000,334.9000,7.6062,0.0000,0.0000,0.0000
116.2333,17.2052,7.3670,0.0000,327.6284,7.6363,0.0000,0.0000,0.0000
116.2500,17.1890,7.3645,0.0000,320.5289,7.6666,0.0000,0.0000,0.0000
116.2667,17.1731,7.3620,0.0000,313.5972,7.6971,0.0000,0.0000,0.0000
116.2833,17.1575,7.3595,0.0000,306.8292,7.7279,0.0000,0.0000,0.0000
116.3000,17.1423,7.3570,0.0000,300.2209,7.7589,0.0000,0.0000,0.0000
116.3167,17.1273,7.3545,0.0000,293.7685,7.7901,0.0000,0.0000,0.0000
116.3333,17.1127,7.3520,0.0000,287.4681,7.8215,0.0000,0.0000,0.0000
116.3500,17.0984,7.3495,0.0000,281.3160,7.8532,0.0000,0.0000,0.0000
116.3667,17.0844,7.3470,0.0000,275.3086,7.8850,0.0000,0.0000,0.0000
116.3833,17.0707,7.3445,0.0000,269.4423,7.9171,0.0000,0.0000,0.0000
116.4000,17.0573,7.3420,0.0000,263.7137,7.9494,0.0000,0.0000,0.0000
116.4167,17.0441,7.3395,0.0000,258.1195,7.9819,0.0000,0.0000,0.0000
116.4333,17.0341,7.3370,0.0000,253.9051,8.0171,0.0000,0.0000,0.0000
116.4500,17.0244,7.3345,0.0000,249.7670,8.0524,0.0000,0.0000,0.0000
116.4667,17.0147,7.3320,0.0000,245.7038,8.0879,0.0000,0.0000,0.0000
116.4833,17.0052,7.3295,0.0000,241.7139,8.1234,0.0000,0.0000,0.0000
116.5000,16.9959,7.3270,0.0000,237.7958,8.1591,0.0000,0.0000,0.0000
116.5167,16.9867,7.3245,0.0000,233.9483,8.1950,0.0000,0.0000,0.0000
116.5333,16.9776,7.3220,0.0000,230.1700,8.2309,0.0000,0.0000,0.0000
116.5500,16.9687,7.3195,0.0000,226.4595,8.2670,0.0000,0.0000,0.0000
116.5667,16.9599,7.3170,0.0000,222.8156,8.3032,0.0000,0.0000,0.0000
116.5833,16.9513,7.3145,0.0000,219.2369,8.3396,0.0000,0.0000,0.0000
116.6000,16.9428,7.3120,0.0000,215.7223,8.3760,0.0000,0.0000,0.0000
116.6167,16.9344,7.3095,0.0000,212.2706,8.4126,0.0000,0.0000,0.0000
116.6333,16.9261,7.3070,0.0000,208.8805,8.4493,0.0000,0.0000,0.0000
116.6500,16.9180,7.3045,0.0000,205.5508,8.4862,0.0000,0.0000,0.0000
116.6667,16.9100,7.3020,0.0000,202.2805,8.5231,0.0000,0.0000,0.0000
116.6833,16.9021,7.2995,0.0000,199.0685,8.5602,0.0000,0.0000,0.0000
116.7000,16.8943,7.2970,0.0000,195.9135,8.5974,0.0000,0.0000,0.0000
116.7167,16.8867,7.2945,0.0000,192.8146,8.6347,0.0000,0.0000,0.0000
116.7333,16.8791,7.2920,0.0000,189.7708,8.6721,0.0000,0.0000,0.0000
116.7500,16.8717,7.2895,0.0000,186.7809,8.7097,0.0000,0.0000,0.0000
116.7667,16.8644,7.2870,0.0000,183.8439,8.7473,0.0000,0.0000,0.0000
116.7833,16.8572,7.2845,0.0000,180.9589,8.7851,0.0000,0.0000,0.0000
116.8000,16.8501,7.2820,0.0000,178.1249,8.8230,0.0000,0.0000,0.0000
116.8167,16.8431,7.2795,0.0000,175.3410,8.8610,0.0000,0.0000,0.0000
116.8333,16.8362,7.2770,0.0000,172.6062,8.8992,0.0000,0.0000,0.0000
116.8500,16.8294,7.2745,0.0000,169.9195,8.9374,0.0000,0.0000,0.0000
116.8667,16.8227,7.2720,0.0000,167.2802,8.9757,0.0000,0.0000,0.0000
116.8833,16.8161,7.2695,0.0000,164.6872,9.0142,0.0000,0.0000,0.0000
116.9000,16.8096,7.2670,0.0000,162.1399,9.0528,0.0000,0.0000,0.0000
116.9167,16.8032,7.2645,0.0000,159.6372,9.0914,0.0000,0.0000,0.0000
116.9333,16.7969,7.2620,0.0000,157.1784,9.1302,0.0000,0.0000,0.0000
116.9500,16.7906,7.2595,0.0000,154.7626,9.1691,0.0000,0.0000,0.0000
116.9667,16.7845,7.2570,0.0000,152.3891,9.2081,0.0000,0.0000,0.0000
116.9833,16.7784,7.2545,0.0000,150.0571,9.2472,0.0000,0.0000,0.0000
117.0000,16.7725,7.2520,0.0000,147.7658,9.2865,0.0000,0.0000,0.0000
117.0167,16.7666,7.2428,0.0000,145.5740,9.2884,0.0000,0.0000,0.0000
117.0333,16.7608,7.2337,0.0000,143.4210,9.2904,0.0000,0.0000,0.0000
117.0500,16.7551,7.2245,0.0000,141.3062,9.2924,0.0000,0.0000,0.0000
117.0667,16.7494,7.2153,0.0000,139.2287,9.2946,0.0000,0.0000,0.0000
117.0833,16.7439,7.2062,0.0000,137.1880,9.2968,0.0000,0.0000,0.0000
117.1000,16.7384,7.1970,0.0000,135.1833,9.2991,0.0000,0.0000,0.0000
117.1167,16.7330,7.1878,0.0000,133.2140,9.3015,0.0000,0.0000,0.0000
117.1333,16.7276,7.1787,0.0000,131.2794,9.3039,0.0000,0.0000,0.0000
117.1500,16.7224,7.1695,0.0000,129.3789,9.3064,0.0000,0.0000,0.0000
117.1667,16.7172,7.1603,0.0000,127.5118,9.3090,0.0000,0.0000,0.0000
117.1833,16.7120,7.1512,0.0000,125.6776,9.3116,0.0000,0.0000,0.0000
117.2000,16.7070,7.1420,0.0000,123.8757,9.3144,0.0000,0.0000,0.0000
117.2167,16.7020,7.1328,0.0000,122.1054,9.3171,0.0000,0.0000,0.0000
117.2333,16.6970,7.1237,0.0000,120.3662,9.3200,0.0000,0.0000,0.0000
117.2500,16.6922,7.1145,0.0000,118.6576,9.3229,0.0000,0.0000,0.0000
117.2667,16.6874,7.1053,0.0000,116.9789,9.3258,0.0000,0.0000,0.0000
117.2833,16.6826,7.0962,0.0000,115.3296,9.3289,0.0000,0.0000,0.0000
117.3000,16.6780,7.0870,0.0000,113.7092,9.3320,0.0000,0.0000,0.0000
117.3167,16.6734,7.0778,0.0000,112.1172,9.3351,0.0000,0.0000,0.0000
117.3333,16.6688,7.0687,0.0000,110.5530,9.3383,0.0000,0.0000,0.0000
117.3500,16.6643,7.0595,0.0000,109.0161,9.3416,0.0000,0.0000,0.0000
117.3667,16.6599,7.0503,0.0000,107.5061,9.3449,0.0000,0.0000,0.0000
117.3833,16.6555,7.0412,0.0000,106.0224,9.3482,0.0000,0.0000,0.0000
117.4000,16.6512,7.0320,0.0000,104.5647,9.3517,0.0000,0.0000,0.0000
117.4167,16.6469,7.0228,0.0000,103.1323,9.3551,0.0000,0.0000,0.0000
117.4333,16.6427,7.0137,0.0000,101.7249,9.3586,0.0000,0.0000,0.0000
117.4500,16.6385,7.0045,0.0000,100.3420,9.3622,0.0000,0.0000,0.0000
117.4667,16.6344,6.9953,0.0000,98.9831,9.3658,0.0000,0.0000,0.0000
117.4833,16.6303,6.9862,0.0000,97.6479,9.3695,0.0000,0.0000,0.0000
117.5000,16.6263,6.9770,0.0000,96.3359,9.3732,0.0000,0.0000,0.0000
117.5167,16.6223,6.9678,0.0000,95.0467,9.3770,0.0000,0.0000,0.0000
117.5333,16.6184,6.9587,0.0000,93.7798,9.3808,0.0000,0.0000,0.0000
117.5500,16.6145,6.9495,0.0000,92.5349,9.3847,0.0000,0.0000,0.0000
117.5667,16.6107,6.9403,0.0000,91.3116,9.3886,0.0000,0.0000,0.0000
117.5833,16.6069,6.9312,0.0000,90.1095,9.3925,0.0000,0.0000,0.0000
117.6000,16.6032,6.9220,0.0000,88.9282,9.3965,0.0000,0.0000,0.0000
117.6167,16.5995,6.9128,0.0000,87.7674,9.4005,0.0000,0.0000,0.0000
117.6333,16.5958,6.9037,0.0000,86.6266,9.4046,0.0000,0.0000,0.0000
117.6500,16.5922,6.8945,0.0000,85.5055,9.4087,0.0000,0.0000,0.0000
117.6667,16.5887,6.8853,0.0000,84.4038,9.4129,0.0000,0.0000,0.0000
117.6833,16.5852,6.8762,0.0000,83.3212,9.4170,0.0000,0.0000,0.0000
117.7000,16.5817,6.8670,0.0000,82.2572,9.4213,0.0000,0.0000,0.0000
117.7167,16.5782,6.8578,0.0000,81.2115,9.4255,0.0000,0.0000,0.0000
117.7333,16.5748,6.8487,0.0000,80.1839,9.4298,0.0000,0.0000,0.0000
117.7500,16.5715,6.8395,0.0000,79.1740,9.4342,0.0000,0.0000,0.0000
117.7667,16.5681,6.8303,0.0000,78.1814,9.4385,0.0000,0.0000,0.0000
117.7833,16.5648,6.8212,0.0000,77.2059,9.4429,0.0000,0.0000,0.0000
117.8000,16.5616,6.8120,0.0000,76.2472,9.4474,0.0000,0.0000,0.0000
117.8167,16.5584,6.8028,0.0000,75.3050,9.4519,0.0000,0.0000,0.0000
117.8333,16.5552,6.7937,0.0000,74.3790,9.4564,0.0000,0.0000,0.0000
117.8500,16.5520,6.7845,0.0000,73.4688,9.4609,0.0000,0.0000,0.0000
117.8667,16.5489,6.7753,0.0000,72.5743,9.4655,0.0000,0.0000,0.0000
117.8833,16.5458,6.7662,0.0000,71.6951,9.4701,0.0000,0.0000,0.0000
117.9000,16.5428,6.7570,0.0000,70.8310,9.4747,0.0000,0.0000,0.0000
117.9167,16.5397,6.7478,0.0000,69.9817,9.4794,0.0000,0.0000,0.0000
117.9333,16.5368,6.7387,0.0000,69.1469,9.4841,0.0000,0.0000,0.0000
117.9500,16.5338,6.7295,0.0000,68.3264,9.4888,0.0000,0.0000,0.0000
117.9667,16.5309,6.7203,0.0000,67.5200,9.4935,0.0000,0.0000,0.0000
117.9833,16.5280,6.7112,0.0000,66.7273,9.4983,0.0000,0.0000,0.0000
118.0000,16.5251,6.7020,0.0000,65.9482,9.5031,0.0000,0.0000,0.0000
118.0167,16.5223,6.7162,0.0000,64.9757,9.5351,0.0000,0.0000,0.0000
118.0333,16.5195,6.7303,0.0000,64.0194,9.5670,0.0000,0.0000,0.0000
118.0500,16.5167,6.7445,0.0000,63.0791,9.5988,0.0000,0.0000,0.0000
118.0667,16.5140,6.7587,0.0000,62.1546,9.6306,0.0000,0.0000,0.0000
118.0833,16.5113,6.7728,0.0000,61.2454,9.6624,0.0000,0.0000,0.0000
118.1000,16.5086,6.7870,0.0000,60.3514,9.6940,0.0000,0.0000,0.0000
118.1167,16.5060,6.8012,0.0000,59.4723,9.7256,0.0000,0.0000,0.0000
118.1333,16.5034,6.8153,0.0000,58.6078,9.7571,0.0000,0.0000,0.0000
118.1500,16.5008,6.8295,0.0000,57.7576,9.7886,0.0000,0.0000,0.0000
118.1667,16.4983,6.8437,0.0000,56.9215,9.8200,0.0000,0.0000,0.0000
118.1833,16.4958,6.8578,0.0000,56.0993,9.8513,0.0000,0.0000,0.0000
118.2000,16.4933,6.8720,0.0000,55.2907,9.8825,0.0000,0.0000,0.0000
118.2167,16.4909,6.8862,0.0000,54.4954,9.9137,0.0000,0.0000,0.0000
118.2333,16.4885,6.9003,0.0000,53.7133,9.9448,0.0000,0.0000,0.0000
118.2500,16.4861,6.9145,0.0000,52.9440,9.9759,0.0000,0.0000,0.0000
118.2667,16.4837,6.9287,0.0000,52.1875,10.0068,0.0000,0.0000,0.0000
118.2833,16.4814,6.9428,0.0000,51.4433,10.0377,0.0000,0.0000,0.0000
118.3000,16.4791,6.9570,0.0000,50.7114,10.0685,0.0000,0.0000,0.0000
118.3167,16.4768,6.9712,0.0000,49.9915,10.0993,0.0000,0.0000,0.0000
118.3333,16.4745,6.9853,0.0000,49.2834,10.1299,0.0000,0.0000,0.0000
118.3500,16.4723,6.9995,0.0000,48.5869,10.1605,0.0000,0.0000,0.0000
118.3667,16.4701,7.0137,0.0000,47.9018,10.1910,0.0000,0.0000,0.0000
118.3833,16.4679,7.0278,0.0000,47.2279,10.2214,0.0000,0.0000,0.0000
118.4000,16.4657,7.0420,0.0000,46.5650,10.2518,0.0000,0.0000,0.0000
118.4167,16.4636,7.0562,0.0000,45.9129,10.2820,0.0000,0.0000,0.0000
118.4333,16.4615,7.0703,0.0000,45.2714,10.3122,0.0000,0.0000,0.0000
118.4500,16.4594,7.0845,0.0000,44.6403,10.3423,0.0000,0.0000,0.0000
118.4667,16.4573,7.0987,0.0000,44.0195,10.3724,0.0000,0.0000,0.0000
118.4833,16.4553,7.1128,0.0000,43.4088,10.4023,0.0000,0.0000,0.0000
118.5000,16.4533,7.1270,0.0000,42.8079,10.4322,0.0000,0.0000,0.0000
118.5167,16.4513,7.1412,0.0000,42.2168,10.4620,0.0000,0.0000,0.0000
118.5333,16.4493,7.1553,0.0000,41.6353,10.4916,0.0000,0.0000,0.0000
118.5500,16.4473,7.1695,0.0000,41.0631,10.5213,0.0000,0.0000,0.0000
118.5667,16.4454,7.1837,0.0000,40.5002,10.5508,0.0000,0.0000,0.0000
118.5833,16.4434,7.1978,0.0000,39.9463,10.5802,0.0000,0.0000,0.0000
118.6000,16.4415,7.2120,0.0000,39.4014,10.6096,0.0000,0.0000,0.0000
118.6167,16.4397,7.2262,0.0000,38.8653,10.6388,0.0000,0.0000,0.0000
118.6333,16.4378,7.2403,0.0000,38.3377,10.6680,0.0000,0.0000,0.0000
118.6500,16.4360,7.2545,0.0000,37.8186,10.6971,0.0000,0.0000,0.0000
118.6667,16.4341,7.2687,0.0000,37.3078,10.7261,0.0000,0.0000,0.0000
118.6833,16.4323,7.2828,0.0000,36.8052,10.7550,0.0000,0.0000,0.0000
118.7000,16.4305,7.2970,0.0000,36.3107,10.7838,0.0000,0.0000,0.0000
118.7167,16.4288,7.3112,0.0000,35.8240,10.8125,0.0000,0.0000,0.0000
118.7333,16.4270,7.3253,0.0000,35.3451,10.8412,0.0000,0.0000,0.0000
118.7500,16.4253,7.3395,0.0000,34.8739,10.8697,0.0000,0.0000,0.0000
118.7667,16.4235,7.3537,0.0000,34.4101,10.8982,0.0000,0.0000,0.0000
118.7833,16.4218,7.3678,0.0000,33.9537,10.9265,0.0000,0.0000,0.0000
118.8000,16.4202,7.3820,0.0000,33.5046,10.9548,0.0000,0.0000,0.0000
118.8167,16.4185,7.3962,0.0000,33.0625,10.9829,0.0000,0.0000,0.0000
118.8333,16.4168,7.4103,0.0000,32.6275,11.0110,0.0000,0.0000,0.0000
118.8500,16.4152,7.4245,0.0000,32.1994,11.0390,0.0000,0.0000,0.0000
118.8667,16.4135,7.4387,0.0000,31.7780,11.0669,0.0000,0.0000,0.0000
118.8833,16.4119,7.4528,0.0000,31.3633,11.0947,0.0000,0.0000,0.0000
118.9000,16.4103,7.4670,0.0000,30.9551,11.1224,0.0000,0.0000,0.0000
118.9167,16.4087,7.4812,0.0000,30.5533,11.1499,0.0000,0.0000,0.0000
118.9333,16.4072,7.4953,0.0000,30.1579,11.1774,0.0000,0.0000,0.0000
118.9500,16.4056,7.5095,0.0000,29.7687,11.2048,0.0000,0.0000,0.0000
118.9667,16.4041,7.5237,0.0000,29.3855,11.2321,0.0000,0.0000,0.0000
118.9833,16.4025,7.5378,0.0000,29.0084,11.2593,0.0000,0.0000,0.0000
119.0000,16.4010,7.5520,0.0000,28.6372,11.2864,0.0000,0.0000,0.0000
119.0167,16.3995,7.5545,0.0000,28.3750,11.3066,0.0000,0.0000,0.0000
119.0333,16.3980,7.5570,0.0000,28.1168,11.3268,0.0000,0.0000,0.0000
119.0500,16.3965,7.5595,0.0000,27.8625,11.3470,0.0000,0.0000,0.0000
119.0667,16.3950,7.5620,0.0000,27.6121,11.3672,0.0000,0.0000,0.0000
119.0833,16.3936,7.5645,0.0000,27.3655,11.3874,0.0000,0.0000,0.0000
119.1000,16.3921,7.5670,0.0000,27.1226,11.4076,0.0000,0.0000,0.0000
119.1167,16.3907,7.5695,0.0000,26.8834,11.4277,0.0000,0.0000,0.0000
119.1333,16.3892,7.5720,0.0000,26.6478,11.4479,0.0000,0.0000,0.0000
119.1500,16.3878,7.5745,0.0000,26.4157,11.4681,0.0000,0.0000,0.0000
119.1667,16.3863,7.5770,0.0000,26.1871,11.4883,0.0000,0.0000,0.0000
119.1833,16.3849,7.5795,0.0000,25.9620,11.5086,0.0000,0.0000,0.0000
119.2000,16.3835,7.5820,0.0000,25.7403,11.5288,0.0000,0.0000,0.0000
119.2167,16.3821,7.5845,0.0000,25.5219,11.5490,0.0000,0.0000,0.0000
119.2333,16.3807,7.5870,0.0000,25.3067,11.5692,0.0000,0.0000,0.0000
119.2500,16.3793,7.5895,0.0000,25.0948,11.5894,0.0000,0.0000,0.0000
119.2667,16.3779,7.5920,0.0000,24.8860,11.6096,0.0000,0.0000,0.0000
119.2833,16.3765,7.5945,0.0000,24.6804,11.6298,0.0000,0.0000,0.0000
119.3000,16.3751,7.5970,0.0000,24.4778,11.6500,0.0000,0.0000,0.0000
119.3167,16.3738,7.5995,0.0000,24.2782,11.6702,0.0000,0.0000,0.0000
119.3333,16.3724,7.6020,0.0000,24.0816,11.6904,0.0000,0.0000,0.0000
119.3500,16.3711,7.6045,0.0000,23.8878,11.7106,0.0000,0.0000,0.0000
119.3667,16.3697,7.6070,0.0000,23.6970,11.7308,0.0000,0.0000,0.0000
119.3833,16.3684,7.6095,0.0000,23.5090,11.7510,0.0000,0.0000,0.0000
119.4000,16.3670,7.6120,0.0000,23.3237,11.7712,0.0000,0.0000,0.0000
119.4167,16.3657,7.6145,0.0000,23.1412,11.7915,0.0000,0.0000,0.0000
119.4333,16.3644,7.6170,0.0000,22.9613,11.8117,0.0000,0.0000,0.0000
119.4500,16.3631,7.6195,0.0000,22.7841,11.8319,0.0000,0.0000,0.0000
119.4667,16.3618,7.6220,0.0000,22.6094,11.8521,0.0000,0.0000,0.0000
119.4833,16.3605,7.6245,0.0000,22.4374,11.8723,0.0000,0.0000,0.0000
119.5000,16.3592,7.6270,0.0000,22.2678,11.8925,0.0000,0.0000,0.0000
119.5167,16.3579,7.6295,0.0000,22.1006,11.9127,0.0000,0.0000,0.0000
119.5333,16.3566,7.6320,0.0000,21.9359,11.9329,0.0000,0.0000,0.0000
119.5500,16.3553,7.6345,0.0000,21.7736,11.9531,0.0000,0.0000,0.0000
119.5667,16.3540,7.6370,0.0000,21.6136,11.9733,0.0000,0.0000,0.0000
119.5833,16.3527,7.6395,0.0000,21.4560,11.9935,0.0000,0.0000,0.0000
119.6000,16.3515,7.6420,0.0000,21.3005,12.0137,0.0000,0.0000,0.0000
119.6167,16.3502,7.6445,0.0000,21.1474,12.0339,0.0000,0.0000,0.0000
119.6333,16.3490,7.6470,0.0000,20.9963,12.0541,0.0000,0.0000,0.0000
119.6500,16.3477,7.6495,0.0000,20.8475,12.0742,0.0000,0.0000,0.0000
119.6667,16.3465,7.6520,0.0000,20.7008,12.0944,0.0000,0.0000,0.0000
119.6833,16.3452,7.6545,0.0000,20.5561,12.1146,0.0000,0.0000,0.0000
119.7000,16.3440,7.6570,0.0000,20.4135,12.1348,0.0000,0.0000,0.0000
119.7167,16.3428,7.6595,0.0000,20.2729,12.1550,0.0000,0.0000,0.0000
119.7333,16.3415,7.6620,0.0000,20.1343,12.1752,0.0000,0.0000,0.0000
119.7500,16.3403,7.6645,0.0000,19.9976,12.1953,0.0000,0.0000,0.0000
119.7667,16.3391,7.6670,0.0000,19.8628,12.2155,0.0000,0.0000,0.0000
119.7833,16.3379,7.6695,0.0000,19.7300,12.2357,0.0000,0.0000,0.0000
119.8000,16.3367,7.6720,0.0000,19.5989,12.2558,0.0000,0.0000,0.0000
119.8167,16.3354,7.6745,0.0000,19.4697,12.2760,0.0000,0.0000,0.0000
119.8333,16.3342,7.6770,0.0000,19.3423,12.2962,0.0000,0.0000,0.0000
119.8500,16.3330,7.6795,0.0000,19.2166,12.3163,0.0000,0.0000,0.0000
119.8667,16.3318,7.6820,0.0000,19.0926,12.3365,0.0000,0.0000,0.0000
119.8833,16.3307,7.6845,0.0000,18.9704,12.3566,0.0000,0.0000,0.0000
119.9000,16.3295,7.6870,0.0000,18.8498,12.3768,0.0000,0.0000,0.0000
119.9167,16.3283,7.6895,0.0000,18.7308,12.3969,0.0000,0.0000,0.0000
119.9333,16.3271,7.6920,0.0000,18.6135,12.4171,0.0000,0.0000,0.0000
119.9500,16.3259,7.6945,0.0000,18.4977,12.4372,0.0000,0.0000,0.0000
119.9667,16.3248,7.6970,0.0000,18.3835,12.4573,0.0000,0.0000,0.0000
119.9833,16.3236,7.6995,0.0000,18.2709,12.4774,0.0000,0.0000,0.0000
